{
"type": "FeatureCollection",
"name": "geo_14_通所介護",
"crs": { "type": "name", "properties": { "name": "urn:ogc:def:crs:OGC:1.3:CRS84" } },
"features": [
{ "type": "Feature", "properties": { "内容": "やまゆりホ－ム【通所介護】神奈川県横浜市鶴見区獅子ケ谷二丁目１５番１８号", "url": "https://www.kaigokensaku.mhlw.go.jp/14/index.php?action_kouhyou_detail_004_kani=true&JigyosyoCd=1470100056-00&ServiceCd=150&Type=search", "url2": "http://www.y-kakuseikai.or.jp/yamayuri_top/" }, "geometry": { "type": "Point", "coordinates": [ 139.648675700000013, 35.5204273 ] } },
{ "type": "Feature", "properties": { "内容": "横浜市潮田地域ケアプラザ【通所介護】神奈川県横浜市鶴見区本町通4-171-23潮田交流プラザ内", "url": "https://www.kaigokensaku.mhlw.go.jp/14/index.php?action_kouhyou_detail_004_kani=true&JigyosyoCd=1470100064-00&ServiceCd=150&Type=search", "url2": "https://www.yokohamashakyo.jp/ushioda/" }, "geometry": { "type": "Point", "coordinates": [ 139.6850703, 35.5003575 ] } },
{ "type": "Feature", "properties": { "内容": "横浜市矢向地域ケアプラザ【通所介護】神奈川県横浜市鶴見区矢向4-32-11", "url": "https://www.kaigokensaku.mhlw.go.jp/14/index.php?action_kouhyou_detail_004_kani=true&JigyosyoCd=1470100072-00&ServiceCd=150&Type=search", "url2": "http://www.hama-wel.or.jp/office/yakou/" }, "geometry": { "type": "Point", "coordinates": [ 139.6825083, 35.5363024 ] } },
{ "type": "Feature", "properties": { "内容": "デイサービスセンター　ミザール【通所介護】神奈川県横浜市鶴見区向井町４－８８－２１", "url": "https://www.kaigokensaku.mhlw.go.jp/14/index.php?action_kouhyou_detail_004_kani=true&JigyosyoCd=1470100247-00&ServiceCd=150&Type=search", "url2": "http://www.miza-ru.co.jp" }, "geometry": { "type": "Point", "coordinates": [ 139.691664, 35.5049735 ] } },
{ "type": "Feature", "properties": { "内容": "横浜市東寺尾地域ケアプラザ【通所介護】神奈川県横浜市鶴見区東寺尾１－１２－３", "url": "https://www.kaigokensaku.mhlw.go.jp/14/index.php?action_kouhyou_detail_004_kani=true&JigyosyoCd=1470100510-00&ServiceCd=150&Type=search", "url2": "http://www.higashiterao-cp.wakatake.net" }, "geometry": { "type": "Point", "coordinates": [ 139.647145799999947, 35.5024848 ] } },
{ "type": "Feature", "properties": { "内容": "横浜市駒岡地域ケアプラザ【通所介護】神奈川県横浜市鶴見区駒岡4-28-5", "url": "https://www.kaigokensaku.mhlw.go.jp/14/index.php?action_kouhyou_detail_004_kani=true&JigyosyoCd=1470100593-00&ServiceCd=150&Type=search", "url2": "http://www.y-kakuseikai.or.jp/kococp/" }, "geometry": { "type": "Point", "coordinates": [ 139.654047100000071, 35.532101 ] } },
{ "type": "Feature", "properties": { "内容": "アズハイム横浜東寺尾デイサービスセンター【通所介護】神奈川県横浜市鶴見区東寺尾２－２３－１９", "url": "https://www.kaigokensaku.mhlw.go.jp/14/index.php?action_kouhyou_detail_004_kani=true&JigyosyoCd=1470101252-00&ServiceCd=150&Type=search", "url2": "http://as-heim.com/higashiterao/" }, "geometry": { "type": "Point", "coordinates": [ 139.657133700000031, 35.5051348 ] } },
{ "type": "Feature", "properties": { "内容": "銀河の詩デイサービスセンター【通所介護】神奈川県横浜市鶴見区鶴見中央3-10-40", "url": "https://www.kaigokensaku.mhlw.go.jp/14/index.php?action_kouhyou_detail_004_kani=true&JigyosyoCd=1470101294-00&ServiceCd=150&Type=search", "url2": "https://www.shuhokai.or.jp/office/tsurumi-ku/ds-ginga.php" }, "geometry": { "type": "Point", "coordinates": [ 139.686000400000012, 35.5111949 ] } },
{ "type": "Feature", "properties": { "内容": "横浜市鶴見市場地域ケアプラザ　　通所介護事業所【通所介護】神奈川県横浜市鶴見区市場下町11-5", "url": "https://www.kaigokensaku.mhlw.go.jp/14/index.php?action_kouhyou_detail_004_kani=true&JigyosyoCd=1470101377-00&ServiceCd=150&Type=search", "url2": "https://www.taiju.or.jp/facilities/yuduru.html" }, "geometry": { "type": "Point", "coordinates": [ 139.68219220000006, 35.518218900000015 ] } },
{ "type": "Feature", "properties": { "内容": "ミュージック　ケア　ステーション　シャンテール【通所介護】神奈川県横浜市鶴見区本町通３－１６２－２サザンコート1階", "url": "https://www.kaigokensaku.mhlw.go.jp/14/index.php?action_kouhyou_detail_004_kani=true&JigyosyoCd=1470101393-00&ServiceCd=150&Type=search", "url2": "https://chantere.jp/service/day-service/" }, "geometry": { "type": "Point", "coordinates": [ 139.683717600000023, 35.5018129 ] } },
{ "type": "Feature", "properties": { "内容": "横浜市鶴見中央地域ケアプラザ【通所介護】神奈川県横浜市鶴見区鶴見中央１－２３－２６", "url": "https://www.kaigokensaku.mhlw.go.jp/14/index.php?action_kouhyou_detail_004_kani=true&JigyosyoCd=1470101583-00&ServiceCd=150&Type=search", "url2": "https://www.yokohamaymca.org/facility/tsurumi-care/" }, "geometry": { "type": "Point", "coordinates": [ 139.679676, 35.5091425 ] } },
{ "type": "Feature", "properties": { "内容": "デイサービス　ゆうゆ【通所介護】神奈川県横浜市鶴見区市場下町５－２０", "url": "https://www.kaigokensaku.mhlw.go.jp/14/index.php?action_kouhyou_detail_004_kani=true&JigyosyoCd=1470102607-00&ServiceCd=150&Type=search", "url2": "http://www.yuuyunoyu.com" }, "geometry": { "type": "Point", "coordinates": [ 139.682436700000039, 35.5149972 ] } },
{ "type": "Feature", "properties": { "内容": "デイサービスセンターケアサポートつるみ【通所介護】神奈川県横浜市鶴見区駒岡2-14-20", "url": "https://www.kaigokensaku.mhlw.go.jp/14/index.php?action_kouhyou_detail_004_kani=true&JigyosyoCd=1470102623-00&ServiceCd=150&Type=search", "url2": "https://www.care-support.biz/facilities/tsurumi/" }, "geometry": { "type": "Point", "coordinates": [ 139.648158566934171, 35.530244477792415 ] } },
{ "type": "Feature", "properties": { "内容": "ジョイリハアスリエ鶴見寺尾【通所介護】神奈川県横浜市鶴見区東寺尾1-26-4メイローズ東寺尾1階メイローズ東寺尾1Ｆ", "url": "https://www.kaigokensaku.mhlw.go.jp/14/index.php?action_kouhyou_detail_004_kani=true&JigyosyoCd=1470102789-00&ServiceCd=150&Type=search", "url2": "http://joyreha.co.jp" }, "geometry": { "type": "Point", "coordinates": [ 139.650178800000049, 35.5043764 ] } },
{ "type": "Feature", "properties": { "内容": "トータルリハーブ鶴見デイサービス【通所介護】神奈川県横浜市鶴見区下末吉４-20-12サンユービル2　1F", "url": "https://www.kaigokensaku.mhlw.go.jp/14/index.php?action_kouhyou_detail_004_kani=true&JigyosyoCd=1470103472-00&ServiceCd=150&Type=search", "url2": "http://www.totalrehab.jp/" }, "geometry": { "type": "Point", "coordinates": [ 139.671338500000047, 35.5231832 ] } },
{ "type": "Feature", "properties": { "内容": "デイホームゆりの木鶴見【通所介護】神奈川県横浜市鶴見区生麦4-7-23ライオンズマンション生麦第5　101号室", "url": "https://www.kaigokensaku.mhlw.go.jp/14/index.php?action_kouhyou_detail_004_kani=true&JigyosyoCd=1470103720-00&ServiceCd=150&Type=search", "url2": "http://www.elderly.jp/" }, "geometry": { "type": "Point", "coordinates": [ 139.670963300000039, 35.4974425 ] } },
{ "type": "Feature", "properties": { "内容": "デイサービス　ゆいま～る【通所介護】神奈川県横浜市鶴見区平安町2-28-1ヨコハマアイランドガーデン162", "url": "https://www.kaigokensaku.mhlw.go.jp/14/index.php?action_kouhyou_detail_004_kani=true&JigyosyoCd=1470103761-00&ServiceCd=150&Type=search", "url2": "https://www.kyoumaru.co.jp" }, "geometry": { "type": "Point", "coordinates": [ 139.694408, 35.507428399999981 ] } },
{ "type": "Feature", "properties": { "内容": "ツクイ横浜矢向【通所介護】神奈川県横浜市鶴見区矢向5-9-23健ナビメディカルモール1F", "url": "https://www.kaigokensaku.mhlw.go.jp/14/index.php?action_kouhyou_detail_004_kani=true&JigyosyoCd=1470103852-00&ServiceCd=150&Type=search", "url2": null }, "geometry": { "type": "Point", "coordinates": [ 139.684184499999986, 35.5387526 ] } },
{ "type": "Feature", "properties": { "内容": "レッツ俱楽部矢向駅前【通所介護】神奈川県横浜市鶴見区矢向６－６－３ルミエール矢向1階", "url": "https://www.kaigokensaku.mhlw.go.jp/14/index.php?action_kouhyou_detail_004_kani=true&JigyosyoCd=1470104074-00&ServiceCd=150&Type=search", "url2": "https://www.lets-club.jp/shop/yakoekimae/index.html" }, "geometry": { "type": "Point", "coordinates": [ 139.6795892, 35.5392507 ] } },
{ "type": "Feature", "properties": { "内容": "デイサービス夢楽鶴見【通所介護】神奈川県横浜市鶴見区本町通1-27-1", "url": "https://www.kaigokensaku.mhlw.go.jp/14/index.php?action_kouhyou_detail_004_kani=true&JigyosyoCd=1470104082-00&ServiceCd=150&Type=search", "url2": null }, "geometry": { "type": "Point", "coordinates": [ 139.6803156, 35.5027227 ] } },
{ "type": "Feature", "properties": { "内容": "デイサービスリファイン三ツ池公園【通所介護】神奈川県横浜市鶴見区梶山1-7-2齊藤マンション103", "url": "https://www.kaigokensaku.mhlw.go.jp/14/index.php?action_kouhyou_detail_004_kani=true&JigyosyoCd=1470104280-00&ServiceCd=150&Type=search", "url2": "https://kenshi-kai.jp/facility/day-refine.html" }, "geometry": { "type": "Point", "coordinates": [ 139.6627243, 35.5271823 ] } },
{ "type": "Feature", "properties": { "内容": "デイサービス　四季の味覚の郷【通所介護】神奈川県横浜市鶴見区市場東中町８－２５", "url": "https://www.kaigokensaku.mhlw.go.jp/14/index.php?action_kouhyou_detail_004_kani=true&JigyosyoCd=1470100817-00&ServiceCd=150&Type=search", "url2": null }, "geometry": { "type": "Point", "coordinates": [ 139.685419700000011, 35.5192771 ] } },
{ "type": "Feature", "properties": { "内容": "福寿の里デイサービス【通所介護】神奈川県横浜市鶴見区尻手２－４－２１", "url": "https://www.kaigokensaku.mhlw.go.jp/14/index.php?action_kouhyou_detail_004_kani=true&JigyosyoCd=1470100825-00&ServiceCd=150&Type=search", "url2": null }, "geometry": { "type": "Point", "coordinates": [ 139.684705600000029, 35.5270537 ] } },
{ "type": "Feature", "properties": { "内容": "ケアパートナー三ツ池【通所介護】神奈川県横浜市鶴見区梶山２丁目９番３８号", "url": "https://www.kaigokensaku.mhlw.go.jp/14/index.php?action_kouhyou_detail_004_kani=true&JigyosyoCd=1470103258-00&ServiceCd=150&Type=search", "url2": "https://www.care-partner.com/" }, "geometry": { "type": "Point", "coordinates": [ 139.6585414, 35.5250129 ] } },
{ "type": "Feature", "properties": { "内容": "いまなびひろば鶴見【通所介護】神奈川県横浜市鶴見区下末吉4-18-14", "url": "https://www.kaigokensaku.mhlw.go.jp/14/index.php?action_kouhyou_detail_004_kani=true&JigyosyoCd=1470104215-00&ServiceCd=150&Type=search", "url2": null }, "geometry": { "type": "Point", "coordinates": [ 139.6711975, 35.5222771 ] } },
{ "type": "Feature", "properties": { "内容": "SOMPOケア　ハッピーデイズ矢向【通所介護】神奈川県横浜市鶴見区矢向1-20-62ダイアパレス矢向第一101", "url": "https://www.kaigokensaku.mhlw.go.jp/14/index.php?action_kouhyou_detail_004_kani=true&JigyosyoCd=1470103639-00&ServiceCd=150&Type=search", "url2": "https://www.sompocare.com" }, "geometry": { "type": "Point", "coordinates": [ 139.672592967459082, 35.530440784031271 ] } },
{ "type": "Feature", "properties": { "内容": "RISE鶴見中央【通所介護】神奈川県横浜市鶴見区鶴見中央３丁目３−１８ブルージュ鶴見中央1階", "url": "https://www.kaigokensaku.mhlw.go.jp/14/index.php?action_kouhyou_detail_004_kani=true&JigyosyoCd=1470104140-00&ServiceCd=150&Type=search", "url2": "https://www.big-advance.site/c/157/2440" }, "geometry": { "type": "Point", "coordinates": [ 139.6823995, 35.5100443 ] } },
{ "type": "Feature", "properties": { "内容": "笑い門　江ケ崎【通所介護】神奈川県横浜市鶴見区江ケ崎町12-33", "url": "https://www.kaigokensaku.mhlw.go.jp/14/index.php?action_kouhyou_detail_004_kani=true&JigyosyoCd=1470103894-00&ServiceCd=150&Type=search", "url2": "https://waraimon.com/" }, "geometry": { "type": "Point", "coordinates": [ 139.6734516, 35.5345147 ] } },
{ "type": "Feature", "properties": { "内容": "寿デイサービスセンター鶴見【通所介護】神奈川県横浜市鶴見区矢向6-10-5ビーエイブル1階", "url": "https://www.kaigokensaku.mhlw.go.jp/14/index.php?action_kouhyou_detail_004_kani=true&JigyosyoCd=1470101898-00&ServiceCd=150&Type=search", "url2": "https://www.sms-kotobuki.co.jp/" }, "geometry": { "type": "Point", "coordinates": [ 139.679352805255604, 35.53859462327673 ] } },
{ "type": "Feature", "properties": { "内容": "若竹苑【通所介護】神奈川県横浜市神奈川区羽沢町550-1", "url": "https://www.kaigokensaku.mhlw.go.jp/14/index.php?action_kouhyou_detail_004_kani=true&JigyosyoCd=1470200013-00&ServiceCd=150&Type=search", "url2": "https://wakatake.net/category/facility/wakatakeen/" }, "geometry": { "type": "Point", "coordinates": [ 139.5767558, 35.4826639 ] } },
{ "type": "Feature", "properties": { "内容": "横浜市菅田地域ケアプラザ【通所介護】神奈川県横浜市神奈川区菅田町1718-1", "url": "https://www.kaigokensaku.mhlw.go.jp/14/index.php?action_kouhyou_detail_004_kani=true&JigyosyoCd=1470200054-00&ServiceCd=150&Type=search", "url2": "http://www.sugeta-careplaza.jp/" }, "geometry": { "type": "Point", "coordinates": [ 139.585472259477228, 35.50147987388862 ] } },
{ "type": "Feature", "properties": { "内容": "コムネットジャパン株式会社　万葉のさと　大口【通所介護】神奈川県横浜市神奈川区神之木町１９－１５ビバリーライフ横浜", "url": "https://www.kaigokensaku.mhlw.go.jp/14/index.php?action_kouhyou_detail_004_kani=true&JigyosyoCd=1470201086-00&ServiceCd=150&Type=search", "url2": "http://www.manyo-sato.com/oguchi/" }, "geometry": { "type": "Point", "coordinates": [ 139.648062399999958, 35.4954189 ] } },
{ "type": "Feature", "properties": { "内容": "デイサービスとまとの家【通所介護】神奈川県横浜市神奈川区六角橋１－３１－１コミタス白楽", "url": "https://www.kaigokensaku.mhlw.go.jp/14/index.php?action_kouhyou_detail_004_kani=true&JigyosyoCd=1470201417-00&ServiceCd=150&Type=search", "url2": "https://www.cstomato.com" }, "geometry": { "type": "Point", "coordinates": [ 139.622573004707306, 35.490579828157792 ] } },
{ "type": "Feature", "properties": { "内容": "平成デイサービスセンター神奈川【通所介護】神奈川県横浜市神奈川区菅田町19", "url": "https://www.kaigokensaku.mhlw.go.jp/14/index.php?action_kouhyou_detail_004_kani=true&JigyosyoCd=1470202233-00&ServiceCd=150&Type=search", "url2": "https://www.kanagawa.tokuyou.jp" }, "geometry": { "type": "Point", "coordinates": [ 139.573258686553913, 35.493300617496473 ] } },
{ "type": "Feature", "properties": { "内容": "inLEAF【通所介護】神奈川県横浜市神奈川区大口仲町15－1", "url": "https://www.kaigokensaku.mhlw.go.jp/14/index.php?action_kouhyou_detail_004_kani=true&JigyosyoCd=1470202829-00&ServiceCd=150&Type=search", "url2": "https://inleaf-day.com" }, "geometry": { "type": "Point", "coordinates": [ 139.64313124842721, 35.48942747053826 ] } },
{ "type": "Feature", "properties": { "内容": "オハナ妙蓮寺【通所介護】神奈川県横浜市神奈川区西大口453-6ロイヤルヒルサイド１階", "url": "https://www.kaigokensaku.mhlw.go.jp/14/index.php?action_kouhyou_detail_004_kani=true&JigyosyoCd=1470203041-00&ServiceCd=150&Type=search", "url2": "http://www.tokyu-ohana.jp/" }, "geometry": { "type": "Point", "coordinates": [ 139.635967199999982, 35.4937378 ] } },
{ "type": "Feature", "properties": { "内容": "デイサービスココファン妙蓮寺【通所介護】神奈川県横浜市神奈川区松見町4-944-12", "url": "https://www.kaigokensaku.mhlw.go.jp/14/index.php?action_kouhyou_detail_004_kani=true&JigyosyoCd=1470203074-00&ServiceCd=150&Type=search", "url2": "http://ｗｗｗ.cocofump.co.jp/" }, "geometry": { "type": "Point", "coordinates": [ 139.637827, 35.5028416 ] } },
{ "type": "Feature", "properties": { "内容": "デイサービスセンター福寿よこはま神奈川【通所介護】神奈川県横浜市神奈川区菅田町315", "url": "https://www.kaigokensaku.mhlw.go.jp/14/index.php?action_kouhyou_detail_004_kani=true&JigyosyoCd=1470203199-00&ServiceCd=150&Type=search", "url2": "https://jala.co.jp" }, "geometry": { "type": "Point", "coordinates": [ 139.5723184, 35.502227 ] } },
{ "type": "Feature", "properties": { "内容": "デイサービス夢楽新子安【通所介護】神奈川県横浜市神奈川区新子安2-1-5-1F", "url": "https://www.kaigokensaku.mhlw.go.jp/14/index.php?action_kouhyou_detail_004_kani=true&JigyosyoCd=1470203520-00&ServiceCd=150&Type=search", "url2": null }, "geometry": { "type": "Point", "coordinates": [ 139.6515661, 35.490074 ] } },
{ "type": "Feature", "properties": { "内容": "ニチイケアセンター反町【通所介護】神奈川県横浜市神奈川区桐畑18-4", "url": "https://www.kaigokensaku.mhlw.go.jp/14/index.php?action_kouhyou_detail_004_kani=true&JigyosyoCd=1470200187-00&ServiceCd=150&Type=search", "url2": "https://www.nichiigakkan.co.jp" }, "geometry": { "type": "Point", "coordinates": [ 139.6263616, 35.4729654 ] } },
{ "type": "Feature", "properties": { "内容": "横浜市片倉三枚地域ケアプラザ【通所介護】神奈川県横浜市神奈川区三枚町199-4", "url": "https://www.kaigokensaku.mhlw.go.jp/14/index.php?action_kouhyou_detail_004_kani=true&JigyosyoCd=1470200427-00&ServiceCd=150&Type=search", "url2": "https://wakatake.net/category/facility/carekatakura/" }, "geometry": { "type": "Point", "coordinates": [ 139.603400299999947, 35.4936768 ] } },
{ "type": "Feature", "properties": { "内容": "ハートテック　六角橋【通所介護】神奈川県横浜市神奈川区栗田谷48-21コミタス栗田谷１F", "url": "https://www.kaigokensaku.mhlw.go.jp/14/index.php?action_kouhyou_detail_004_kani=true&JigyosyoCd=1470200864-00&ServiceCd=150&Type=search", "url2": "https://hearttec6kaku.com/" }, "geometry": { "type": "Point", "coordinates": [ 139.615806361278771, 35.481397084283003 ] } },
{ "type": "Feature", "properties": { "内容": "デイサービスセンター　体アップⅢ【通所介護】神奈川県横浜市神奈川区松見町3-542", "url": "https://www.kaigokensaku.mhlw.go.jp/14/index.php?action_kouhyou_detail_004_kani=true&JigyosyoCd=1470202712-00&ServiceCd=150&Type=search", "url2": "https://www.purposeoflife.jp" }, "geometry": { "type": "Point", "coordinates": [ 139.637570416532895, 35.501447356502403 ] } },
{ "type": "Feature", "properties": { "内容": "デイサービスセンターけやき荘【通所介護】神奈川県横浜市神奈川区菅田町1番地1", "url": "https://www.kaigokensaku.mhlw.go.jp/14/index.php?action_kouhyou_detail_004_kani=true&JigyosyoCd=1470203413-00&ServiceCd=150&Type=search", "url2": "https://keyakisou.jp" }, "geometry": { "type": "Point", "coordinates": [ 139.574231700000013, 35.4940329 ] } },
{ "type": "Feature", "properties": { "内容": "デイサービス　ラポール西寺尾【通所介護】神奈川県横浜市神奈川区西寺尾３－２２－５", "url": "https://www.kaigokensaku.mhlw.go.jp/14/index.php?action_kouhyou_detail_004_kani=true&JigyosyoCd=1470200906-00&ServiceCd=150&Type=search", "url2": "https://www.rapport.or.jp" }, "geometry": { "type": "Point", "coordinates": [ 139.65164102943038, 35.497637287839993 ] } },
{ "type": "Feature", "properties": { "内容": "コムネットジャパン株式会社　万葉のさと　西寺尾【通所介護】神奈川県横浜市神奈川区西寺尾３－２１－５", "url": "https://www.kaigokensaku.mhlw.go.jp/14/index.php?action_kouhyou_detail_004_kani=true&JigyosyoCd=1470201292-00&ServiceCd=150&Type=search", "url2": "https://www.manyo-sato.com" }, "geometry": { "type": "Point", "coordinates": [ 139.652289800000062, 35.4980771 ] } },
{ "type": "Feature", "properties": { "内容": "横浜市沢渡三ツ沢地域ケアプラザ【通所介護】神奈川県横浜市神奈川区沢渡56-1", "url": "https://www.kaigokensaku.mhlw.go.jp/14/index.php?action_kouhyou_detail_004_kani=true&JigyosyoCd=1470201383-00&ServiceCd=150&Type=search", "url2": "https://wakatake.net/" }, "geometry": { "type": "Point", "coordinates": [ 139.613582400000041, 35.4726377 ] } },
{ "type": "Feature", "properties": { "内容": "ＳＯＭＰＯケア　ハッピーデイズ片倉町【通所介護】神奈川県横浜市神奈川区片倉1-30-35", "url": "https://www.kaigokensaku.mhlw.go.jp/14/index.php?action_kouhyou_detail_004_kani=true&JigyosyoCd=1470202985-00&ServiceCd=150&Type=search", "url2": "https://www.sompocare.com" }, "geometry": { "type": "Point", "coordinates": [ 139.607294300000035, 35.489569 ] } },
{ "type": "Feature", "properties": { "内容": "レコードブック大口【通所介護】神奈川県横浜市神奈川区大口通21番ポートマンション大口一番館", "url": "https://www.kaigokensaku.mhlw.go.jp/14/index.php?action_kouhyou_detail_004_kani=true&JigyosyoCd=1470203496-00&ServiceCd=150&Type=search", "url2": "https://www.kokorobiz.jp/services/24/" }, "geometry": { "type": "Point", "coordinates": [ 139.6462077, 35.4871143 ] } },
{ "type": "Feature", "properties": { "内容": "横浜市新子安地域ケアプラザ【通所介護】神奈川県横浜市神奈川区新子安１－２－４オルトヨコハマビジネスセンター１F", "url": "https://www.kaigokensaku.mhlw.go.jp/14/index.php?action_kouhyou_detail_004_kani=true&JigyosyoCd=1470200500-00&ServiceCd=150&Type=search", "url2": "https://www.hama-wel.or.jp/branch/shinkoyasu/" }, "geometry": { "type": "Point", "coordinates": [ 139.653656299999966, 35.487167 ] } },
{ "type": "Feature", "properties": { "内容": "横浜市藤棚地域ケアプラザ【通所介護】神奈川県横浜市西区藤棚町２－１９８", "url": "https://www.kaigokensaku.mhlw.go.jp/14/index.php?action_kouhyou_detail_004_kani=true&JigyosyoCd=1470300094-00&ServiceCd=150&Type=search", "url2": "http://www.hama-wel.or.jp/branch/fujidana/" }, "geometry": { "type": "Point", "coordinates": [ 139.61358580000001, 35.4489572 ] } },
{ "type": "Feature", "properties": { "内容": "横浜市野毛山荘【通所介護】神奈川県横浜市西区老松町26-1", "url": "https://www.kaigokensaku.mhlw.go.jp/14/index.php?action_kouhyou_detail_004_kani=true&JigyosyoCd=1470300136-00&ServiceCd=150&Type=search", "url2": "https://www.yokohamashakyo.jp/nogeyamasou/" }, "geometry": { "type": "Point", "coordinates": [ 139.624340299999972, 35.4463686 ] } },
{ "type": "Feature", "properties": { "内容": "横浜市宮崎地域ケアプラザ【通所介護】神奈川県横浜市西区宮崎町2番地", "url": "https://www.kaigokensaku.mhlw.go.jp/14/index.php?action_kouhyou_detail_004_kani=true&JigyosyoCd=1470300151-00&ServiceCd=150&Type=search", "url2": "http://www.hamano.or.jp/institution/miyazaki.html" }, "geometry": { "type": "Point", "coordinates": [ 139.628178700000035, 35.4515569 ] } },
{ "type": "Feature", "properties": { "内容": "横浜市戸部本町地域ケアプラザ【通所介護】神奈川県横浜市西区戸部本町50-33", "url": "https://www.kaigokensaku.mhlw.go.jp/14/index.php?action_kouhyou_detail_004_kani=true&JigyosyoCd=1470300409-00&ServiceCd=150&Type=search", "url2": "http://www.hama-wel.or.jp/office/tobehoncho/" }, "geometry": { "type": "Point", "coordinates": [ 139.618135, 35.4573451 ] } },
{ "type": "Feature", "properties": { "内容": "デイサービスセンターなごやか西横浜第二【通所介護】神奈川県横浜市西区久保町3-1板橋興産ビル101", "url": "https://www.kaigokensaku.mhlw.go.jp/14/index.php?action_kouhyou_detail_004_kani=true&JigyosyoCd=1470301514-00&ServiceCd=150&Type=search", "url2": "http://www.nagoyaka-link.co.jp/club/nishiyokohama2/" }, "geometry": { "type": "Point", "coordinates": [ 139.607382208546483, 35.451124842326983 ] } },
{ "type": "Feature", "properties": { "内容": "デイサービスセンター　なごやか西横浜【通所介護】神奈川県横浜市西区南浅間町16-9コーポ南浅間・1階", "url": "https://www.kaigokensaku.mhlw.go.jp/14/index.php?action_kouhyou_detail_004_kani=true&JigyosyoCd=1470301522-00&ServiceCd=150&Type=search", "url2": "http://www.nagoyaka-link.co.jp/club/nishiyokohama/" }, "geometry": { "type": "Point", "coordinates": [ 139.608016870065143, 35.457852424791056 ] } },
{ "type": "Feature", "properties": { "内容": "さわやかデイサービスかもめ【通所介護】神奈川県横浜市西区岡野2-6-7ISAビル1階", "url": "https://www.kaigokensaku.mhlw.go.jp/14/index.php?action_kouhyou_detail_004_kani=true&JigyosyoCd=1470300805-00&ServiceCd=150&Type=search", "url2": "https://www.welcia-partners.co.jp/" }, "geometry": { "type": "Point", "coordinates": [ 139.611810699999978, 35.4596364 ] } },
{ "type": "Feature", "properties": { "内容": "横浜市新山下地域ケアプラザ【通所介護】神奈川県横浜市中区新山下3-15-5", "url": "https://www.kaigokensaku.mhlw.go.jp/14/index.php?action_kouhyou_detail_004_kani=true&JigyosyoCd=1470400043-00&ServiceCd=150&Type=search", "url2": "https://yoko-fukushi.or.jp/facility/shinyamashita_care/" }, "geometry": { "type": "Point", "coordinates": [ 139.661885433729623, 35.435669277581951 ] } },
{ "type": "Feature", "properties": { "内容": "セントケア本牧【通所介護】神奈川県横浜市中区本牧原３４－１２", "url": "https://www.kaigokensaku.mhlw.go.jp/14/index.php?action_kouhyou_detail_004_kani=true&JigyosyoCd=1470401389-00&ServiceCd=150&Type=search", "url2": "http://www.saintc-k.com/" }, "geometry": { "type": "Point", "coordinates": [ 139.668615300000056, 35.4228189 ] } },
{ "type": "Feature", "properties": { "内容": "ツクイ横浜根岸【通所介護】神奈川県横浜市中区根岸町2－85－5ハートビートベース横濱根岸", "url": "https://www.kaigokensaku.mhlw.go.jp/14/index.php?action_kouhyou_detail_004_kani=true&JigyosyoCd=1470402841-00&ServiceCd=150&Type=search", "url2": "http://www.tsukui.net/home-care/2114/" }, "geometry": { "type": "Point", "coordinates": [ 139.64375842513121, 35.418337915092629 ] } },
{ "type": "Feature", "properties": { "内容": "横浜市麦田地域ケアプラザ【通所介護】神奈川県横浜市中区麦田町１－２６－２", "url": "https://www.kaigokensaku.mhlw.go.jp/14/index.php?action_kouhyou_detail_004_kani=true&JigyosyoCd=1470400357-00&ServiceCd=150&Type=search", "url2": "https://www.yokohamashakyo.jp/mugita/" }, "geometry": { "type": "Point", "coordinates": [ 139.645581, 35.4339174 ] } },
{ "type": "Feature", "properties": { "内容": "横浜市簑沢地域ケアプラザ【通所介護】神奈川県横浜市中区簑沢１３－２０４", "url": "https://www.kaigokensaku.mhlw.go.jp/14/index.php?action_kouhyou_detail_004_kani=true&JigyosyoCd=1470400605-00&ServiceCd=150&Type=search", "url2": "http://www.ysjk.jp/minosawa/" }, "geometry": { "type": "Point", "coordinates": [ 139.634642799999938, 35.4230996 ] } },
{ "type": "Feature", "properties": { "内容": "横浜市本牧和田地域ケアプラザ【通所介護】神奈川県横浜市中区本牧和田35-13", "url": "https://www.kaigokensaku.mhlw.go.jp/14/index.php?action_kouhyou_detail_004_kani=true&JigyosyoCd=1470402924-00&ServiceCd=150&Type=search", "url2": "https://yoko-fukushi.or.jp/facility/honmokuwada_care/" }, "geometry": { "type": "Point", "coordinates": [ 139.656082, 35.4218919 ] } },
{ "type": "Feature", "properties": { "内容": "デイサービス夢楽日ノ出町【通所介護】神奈川県横浜市中区末吉町1-3-1", "url": "https://www.kaigokensaku.mhlw.go.jp/14/index.php?action_kouhyou_detail_004_kani=true&JigyosyoCd=1470403039-00&ServiceCd=150&Type=search", "url2": "https://yumeraku.net/hinodecyou/" }, "geometry": { "type": "Point", "coordinates": [ 139.628021806883993, 35.443430295461994 ] } },
{ "type": "Feature", "properties": { "内容": "横浜市本牧原地域ケアプラザ【通所介護】神奈川県横浜市中区本牧原６－１", "url": "https://www.kaigokensaku.mhlw.go.jp/14/index.php?action_kouhyou_detail_004_kani=true&JigyosyoCd=1470400415-00&ServiceCd=150&Type=search", "url2": "https://www.hama-wel.or.jp" }, "geometry": { "type": "Point", "coordinates": [ 139.668234799999937, 35.425749 ] } },
{ "type": "Feature", "properties": { "内容": "ルネサンス元氣ジム伊勢佐木長者町【通所介護】神奈川県横浜市中区長者町4-9-8ストーク伊勢佐木一番館1階", "url": "https://www.kaigokensaku.mhlw.go.jp/14/index.php?action_kouhyou_detail_004_kani=true&JigyosyoCd=1470402692-00&ServiceCd=150&Type=search", "url2": "https://kaigo.s-re.jp/kg/" }, "geometry": { "type": "Point", "coordinates": [ 139.633769199999961, 35.4409157 ] } },
{ "type": "Feature", "properties": { "内容": "横浜市不老町地域ケアプラザ【通所介護】神奈川県横浜市中区不老町3-15-2", "url": "https://www.kaigokensaku.mhlw.go.jp/14/index.php?action_kouhyou_detail_004_kani=true&JigyosyoCd=1470400050-00&ServiceCd=150&Type=search", "url2": "http://www.yoko-fukushi.or.jp/furouchou_care/index.html" }, "geometry": { "type": "Point", "coordinates": [ 139.635373100000038, 35.4399499 ] } },
{ "type": "Feature", "properties": { "内容": "大石デイサービス寿【通所介護】神奈川県横浜市中区寿町3-11-3栄和荘1階", "url": "https://www.kaigokensaku.mhlw.go.jp/14/index.php?action_kouhyou_detail_004_kani=true&JigyosyoCd=1470403302-00&ServiceCd=150&Type=search", "url2": null }, "geometry": { "type": "Point", "coordinates": [ 139.6382132, 35.4389673 ] } },
{ "type": "Feature", "properties": { "内容": "リハビリデイサロンMIRAI【通所介護】神奈川県横浜市南区別所1-2-21ホワイトウイングス上大岡2F", "url": "https://www.kaigokensaku.mhlw.go.jp/14/index.php?action_kouhyou_detail_004_kani=true&JigyosyoCd=1470503531-00&ServiceCd=150&Type=search", "url2": "https://daysalon-mirai.co.jp" }, "geometry": { "type": "Point", "coordinates": [ 139.5878492, 35.4134178 ] } },
{ "type": "Feature", "properties": { "内容": "横浜市大岡地域ケアプラザ【通所介護】神奈川県横浜市南区大岡1-14-1", "url": "https://www.kaigokensaku.mhlw.go.jp/14/index.php?action_kouhyou_detail_004_kani=true&JigyosyoCd=1470500065-00&ServiceCd=150&Type=search", "url2": "https://www.ysjk.jp/oooka/" }, "geometry": { "type": "Point", "coordinates": [ 139.605023299999971, 35.4237965 ] } },
{ "type": "Feature", "properties": { "内容": "横浜市永田地域ケアプラザ【通所介護】神奈川県横浜市南区永田南2-16-31", "url": "https://www.kaigokensaku.mhlw.go.jp/14/index.php?action_kouhyou_detail_004_kani=true&JigyosyoCd=1470500131-00&ServiceCd=150&Type=search", "url2": "https://yoko-fukushi.or.jp/facility/nagata_care/" }, "geometry": { "type": "Point", "coordinates": [ 139.592083199999934, 35.4300484 ] } },
{ "type": "Feature", "properties": { "内容": "特別養護老人ホーム　白朋苑【通所介護】神奈川県横浜市南区大岡5-13-15", "url": "https://www.kaigokensaku.mhlw.go.jp/14/index.php?action_kouhyou_detail_004_kani=true&JigyosyoCd=1470500198-00&ServiceCd=150&Type=search", "url2": "https://www.hakuhouen.or.jp/" }, "geometry": { "type": "Point", "coordinates": [ 139.59834909999995, 35.4125284 ] } },
{ "type": "Feature", "properties": { "内容": "特別養護老人ホーム　南太田ホーム【通所介護】神奈川県横浜市南区南太田2-11-4", "url": "https://www.kaigokensaku.mhlw.go.jp/14/index.php?action_kouhyou_detail_004_kani=true&JigyosyoCd=1470500222-00&ServiceCd=150&Type=search", "url2": "https://yoko-fukushi.or.jp/facility/minamiohta/" }, "geometry": { "type": "Point", "coordinates": [ 139.6067203, 35.437403 ] } },
{ "type": "Feature", "properties": { "内容": "横浜市六ツ川地域ケアプラザ【通所介護】神奈川県横浜市南区六ツ川2-3-211", "url": "https://www.kaigokensaku.mhlw.go.jp/14/index.php?action_kouhyou_detail_004_kani=true&JigyosyoCd=1470500248-00&ServiceCd=150&Type=search", "url2": "https://www.mutukawa.net/tsusho.html" }, "geometry": { "type": "Point", "coordinates": [ 139.5832868, 35.420691 ] } },
{ "type": "Feature", "properties": { "内容": "桜樹の森デイサービスセンター【通所介護】神奈川県横浜市南区永田南1-2-37", "url": "https://www.kaigokensaku.mhlw.go.jp/14/index.php?action_kouhyou_detail_004_kani=true&JigyosyoCd=1470500529-00&ServiceCd=150&Type=search", "url2": "https://shuhokai.or.jp/" }, "geometry": { "type": "Point", "coordinates": [ 139.597116877909883, 35.428894320287846 ] } },
{ "type": "Feature", "properties": { "内容": "香樹の里デイサービスセンター【通所介護】神奈川県横浜市南区六ツ川4-1234-45", "url": "https://www.kaigokensaku.mhlw.go.jp/14/index.php?action_kouhyou_detail_004_kani=true&JigyosyoCd=1470500917-00&ServiceCd=150&Type=search", "url2": "http://www.kusunoki.or.jp" }, "geometry": { "type": "Point", "coordinates": [ 139.576284500000042, 35.4229295 ] } },
{ "type": "Feature", "properties": { "内容": "横浜市浦舟地域ケアプラザ【通所介護】神奈川県横浜市南区浦舟町３－４６", "url": "https://www.kaigokensaku.mhlw.go.jp/14/index.php?action_kouhyou_detail_004_kani=true&JigyosyoCd=1470500933-00&ServiceCd=150&Type=search", "url2": "https://www.hama-wel.or.jp/office/urafunecare/" }, "geometry": { "type": "Point", "coordinates": [ 139.625907200000029, 35.4341535 ] } },
{ "type": "Feature", "properties": { "内容": "デイサービスすまいる高砂店【通所介護】神奈川県横浜市南区高砂町１－１６－２鈴木ビル2階", "url": "https://www.kaigokensaku.mhlw.go.jp/14/index.php?action_kouhyou_detail_004_kani=true&JigyosyoCd=1470501683-00&ServiceCd=150&Type=search", "url2": "https://jyu-cen.com/portfolio/takasago/" }, "geometry": { "type": "Point", "coordinates": [ 139.620968599999969, 35.4333508 ] } },
{ "type": "Feature", "properties": { "内容": "ルネサンス元氣ジム上大岡【通所介護】神奈川県横浜市南区大岡4-6-24高木ビル１F", "url": "https://www.kaigokensaku.mhlw.go.jp/14/index.php?action_kouhyou_detail_004_kani=true&JigyosyoCd=1470502491-00&ServiceCd=150&Type=search", "url2": "https://kaigo.s-re.jp/kg/" }, "geometry": { "type": "Point", "coordinates": [ 139.605374498564146, 35.413217311526864 ] } },
{ "type": "Feature", "properties": { "内容": "横浜市清水ケ丘地域ケアプラザ【通所介護】神奈川県横浜市南区清水ケ丘49番地", "url": "https://www.kaigokensaku.mhlw.go.jp/14/index.php?action_kouhyou_detail_004_kani=true&JigyosyoCd=1470502889-00&ServiceCd=150&Type=search", "url2": "https://www.hama-wel.or.jp/branch/shimizugaoka/" }, "geometry": { "type": "Point", "coordinates": [ 139.609494899999959, 35.4391111 ] } },
{ "type": "Feature", "properties": { "内容": "デイサービス春【通所介護】神奈川県横浜市南区宿町2－44－5蒔田パークハイツ207", "url": "https://www.kaigokensaku.mhlw.go.jp/14/index.php?action_kouhyou_detail_004_kani=true&JigyosyoCd=1470503093-00&ServiceCd=150&Type=search", "url2": null }, "geometry": { "type": "Point", "coordinates": [ 139.610815099999968, 35.4318704 ] } },
{ "type": "Feature", "properties": { "内容": "たすけあいゆい　デイサービスさくら【通所介護】神奈川県横浜市南区睦町1丁目31-1", "url": "https://www.kaigokensaku.mhlw.go.jp/14/index.php?action_kouhyou_detail_004_kani=true&JigyosyoCd=1470500743-00&ServiceCd=150&Type=search", "url2": "http://www.yui-yui.net/" }, "geometry": { "type": "Point", "coordinates": [ 139.61759076137696, 35.43032771649689 ] } },
{ "type": "Feature", "properties": { "内容": "横浜市中村地域ケアプラザ【通所介護】神奈川県横浜市南区中村町2-120-3", "url": "https://www.kaigokensaku.mhlw.go.jp/14/index.php?action_kouhyou_detail_004_kani=true&JigyosyoCd=1470501410-00&ServiceCd=150&Type=search", "url2": "https://shuhokai.or.jp/office/minami-ku/ds-nakamura.php" }, "geometry": { "type": "Point", "coordinates": [ 139.632412400000021, 35.4345756 ] } },
{ "type": "Feature", "properties": { "内容": "ニチイケアセンター東戸塚【通所介護】神奈川県横浜市南区六ッ川４－１１７１", "url": "https://www.kaigokensaku.mhlw.go.jp/14/index.php?action_kouhyou_detail_004_kani=true&JigyosyoCd=1470501790-00&ServiceCd=150&Type=search", "url2": "https://www.nichiigakkan.co.jp" }, "geometry": { "type": "Point", "coordinates": [ 139.5702099, 35.4257485 ] } },
{ "type": "Feature", "properties": { "内容": "セントケアRe-has永田台【通所介護】神奈川県横浜市南区永田台1-24", "url": "https://www.kaigokensaku.mhlw.go.jp/14/index.php?action_kouhyou_detail_004_kani=true&JigyosyoCd=1470502665-00&ServiceCd=150&Type=search", "url2": "https://www.saintc-k.com/" }, "geometry": { "type": "Point", "coordinates": [ 139.586547699999983, 35.4360726 ] } },
{ "type": "Feature", "properties": { "内容": "さわやか苑【通所介護】神奈川県横浜市保土ケ谷区上菅田町1723-1", "url": "https://www.kaigokensaku.mhlw.go.jp/14/index.php?action_kouhyou_detail_004_kani=true&JigyosyoCd=1470600022-00&ServiceCd=150&Type=search", "url2": "http://seikoukai-fukushi.or.jp" }, "geometry": { "type": "Point", "coordinates": [ 139.551229700000022, 35.4951034 ] } },
{ "type": "Feature", "properties": { "内容": "横浜市岩崎地域ケアプラザ【通所介護】神奈川県横浜市保土ケ谷区岩崎町37番5号", "url": "https://www.kaigokensaku.mhlw.go.jp/14/index.php?action_kouhyou_detail_004_kani=true&JigyosyoCd=1470600063-00&ServiceCd=150&Type=search", "url2": "https://nadeshiko.or.jp/" }, "geometry": { "type": "Point", "coordinates": [ 139.58185320000004, 35.447996 ] } },
{ "type": "Feature", "properties": { "内容": "横浜市今井地域ケアプラザ【通所介護】神奈川県横浜市保土ケ谷区今井町412-8", "url": "https://www.kaigokensaku.mhlw.go.jp/14/index.php?action_kouhyou_detail_004_kani=true&JigyosyoCd=1470600071-00&ServiceCd=150&Type=search", "url2": "https://seikoukai-group.or.jp/" }, "geometry": { "type": "Point", "coordinates": [ 139.559813100000042, 35.4520532 ] } },
{ "type": "Feature", "properties": { "内容": "社会福祉法人　育生会　よつば苑【通所介護】神奈川県横浜市保土ケ谷区狩場町200-9", "url": "https://www.kaigokensaku.mhlw.go.jp/14/index.php?action_kouhyou_detail_004_kani=true&JigyosyoCd=1470600097-00&ServiceCd=150&Type=search", "url2": "http://www.fuku-ikuseikai.com/yotsubaen.html" }, "geometry": { "type": "Point", "coordinates": [ 139.57650650000005, 35.4406634 ] } },
{ "type": "Feature", "properties": { "内容": "横浜市星川地域ケアプラザ【通所介護】神奈川県横浜市保土ケ谷区川辺町5-11", "url": "https://www.kaigokensaku.mhlw.go.jp/14/index.php?action_kouhyou_detail_004_kani=true&JigyosyoCd=1470600501-00&ServiceCd=150&Type=search", "url2": "http://www.hama-wel.or.jp/office/hoshikawa/" }, "geometry": { "type": "Point", "coordinates": [ 139.595346, 35.4594087 ] } },
{ "type": "Feature", "properties": { "内容": "セントケア保土ヶ谷デイサービスセンター【通所介護】神奈川県横浜市保土ヶ谷区上星川　2-49-25", "url": "https://www.kaigokensaku.mhlw.go.jp/14/index.php?action_kouhyou_detail_004_kani=true&JigyosyoCd=1470601129-00&ServiceCd=150&Type=search", "url2": "https://www.saintc-k.com/office/786.html" }, "geometry": { "type": "Point", "coordinates": [ 139.578241899999966, 35.4747899 ] } },
{ "type": "Feature", "properties": { "内容": "ミュージック　ケア　ステーション　シャンテール西谷【通所介護】神奈川県横浜市保土ケ谷区西谷3丁目17番28号不動生鮮館1F", "url": "https://www.kaigokensaku.mhlw.go.jp/14/index.php?action_kouhyou_detail_004_kani=true&JigyosyoCd=1470601145-00&ServiceCd=150&Type=search", "url2": "https://chantere.jp/" }, "geometry": { "type": "Point", "coordinates": [ 139.566852988975029, 35.47712918735531 ] } },
{ "type": "Feature", "properties": { "内容": "デイサービスセンター　かわしまホーム【通所介護】神奈川県横浜市保土ケ谷区川島町１５１５－３", "url": "https://www.kaigokensaku.mhlw.go.jp/14/index.php?action_kouhyou_detail_004_kani=true&JigyosyoCd=1470601152-00&ServiceCd=150&Type=search", "url2": "http://www.fukushi-kousaikai.or.jp/dayservice.htm" }, "geometry": { "type": "Point", "coordinates": [ 139.564026499999954, 35.4662266 ] } },
{ "type": "Feature", "properties": { "内容": "マリンマスターズスタジオ【通所介護】神奈川県横浜市保土ヶ谷区釜台町２－６１F", "url": "https://www.kaigokensaku.mhlw.go.jp/14/index.php?action_kouhyou_detail_004_kani=true&JigyosyoCd=1470601533-00&ServiceCd=150&Type=search", "url2": null }, "geometry": { "type": "Point", "coordinates": [ 139.584144299999906, 35.4658189 ] } },
{ "type": "Feature", "properties": { "内容": "京町たいそう教室【通所介護】神奈川県横浜市保土ヶ谷区新桜ヶ丘2-24-12", "url": "https://www.kaigokensaku.mhlw.go.jp/14/index.php?action_kouhyou_detail_004_kani=true&JigyosyoCd=1470601616-00&ServiceCd=150&Type=search", "url2": null }, "geometry": { "type": "Point", "coordinates": [ 139.565573800000038, 35.4521505 ] } },
{ "type": "Feature", "properties": { "内容": "鍼灸マッサージ　～憩～　三ツ沢【通所介護】神奈川県横浜市保土ヶ谷区岡沢町90-2ワコーレ三ツ沢公園Ⅱ　1F", "url": "https://www.kaigokensaku.mhlw.go.jp/14/index.php?action_kouhyou_detail_004_kani=true&JigyosyoCd=1470602002-00&ServiceCd=150&Type=search", "url2": null }, "geometry": { "type": "Point", "coordinates": [ 139.601375500000017, 35.4755651 ] } },
{ "type": "Feature", "properties": { "内容": "デイサービスセンターなごやか保土ヶ谷【通所介護】神奈川県横浜市保土ヶ谷区上菅田町853第一大幸ビル101号", "url": "https://www.kaigokensaku.mhlw.go.jp/14/index.php?action_kouhyou_detail_004_kani=true&JigyosyoCd=1470602275-00&ServiceCd=150&Type=search", "url2": "http://www.nagoyaka-link.co.jp/club/hodogaya/" }, "geometry": { "type": "Point", "coordinates": [ 139.566871, 35.4870809 ] } },
{ "type": "Feature", "properties": { "内容": "ジョイリハアスリエ天王町【通所介護】神奈川県横浜市保土ヶ谷区天王町1-22-12ANEMOS天王町1F", "url": "https://www.kaigokensaku.mhlw.go.jp/14/index.php?action_kouhyou_detail_004_kani=true&JigyosyoCd=1470602549-00&ServiceCd=150&Type=search", "url2": "https://joyreha.co.jp" }, "geometry": { "type": "Point", "coordinates": [ 139.6028283, 35.4577101 ] } },
{ "type": "Feature", "properties": { "内容": "ミュージック　ケア　ステーション　シャンテール常盤台【通所介護】神奈川県横浜市保土ヶ谷区常盤台79-9インターナショナルレジデンス1階", "url": "https://www.kaigokensaku.mhlw.go.jp/14/index.php?action_kouhyou_detail_004_kani=true&JigyosyoCd=1470602747-00&ServiceCd=150&Type=search", "url2": "https://shimura-group.jp/recruit_care_service/" }, "geometry": { "type": "Point", "coordinates": [ 139.586703199999988, 35.4713421 ] } },
{ "type": "Feature", "properties": { "内容": "デイサービス　すまいる【通所介護】神奈川県横浜市保土ケ谷区川辺町６－２星川プラザマンション１０２", "url": "https://www.kaigokensaku.mhlw.go.jp/14/index.php?action_kouhyou_detail_004_kani=true&JigyosyoCd=1470600998-00&ServiceCd=150&Type=search", "url2": "http://jyu-cen.com" }, "geometry": { "type": "Point", "coordinates": [ 139.5942933, 35.4601058 ] } },
{ "type": "Feature", "properties": { "内容": "横浜市常盤台地域ケアプラザ【通所介護】神奈川県横浜市保土ヶ谷区常盤台５３－２", "url": "https://www.kaigokensaku.mhlw.go.jp/14/index.php?action_kouhyou_detail_004_kani=true&JigyosyoCd=1470601400-00&ServiceCd=150&Type=search", "url2": "http://tokiwacp.stars.ne.jp/" }, "geometry": { "type": "Point", "coordinates": [ 139.585755100000029, 35.4730403 ] } },
{ "type": "Feature", "properties": { "内容": "ヒューマンライフケア星川【通所介護】神奈川県横浜市保土ヶ谷区星川一丁目7-23横浜クオーレ星川1階", "url": "https://www.kaigokensaku.mhlw.go.jp/14/index.php?action_kouhyou_detail_004_kani=true&JigyosyoCd=1470601665-00&ServiceCd=150&Type=search", "url2": "http://kaigo.human-lifecare.jp/facilities/ds026_Hoshikawa/summary.html" }, "geometry": { "type": "Point", "coordinates": [ 139.594885, 35.4566562 ] } },
{ "type": "Feature", "properties": { "内容": "横浜市仏向地域ケアプラザ【通所介護】神奈川県横浜市保土ヶ谷区仏向町1262-3", "url": "https://www.kaigokensaku.mhlw.go.jp/14/index.php?action_kouhyou_detail_004_kani=true&JigyosyoCd=1470601061-00&ServiceCd=150&Type=search", "url2": "https://seikoukai-group.or.jp/bukkoucare/" }, "geometry": { "type": "Point", "coordinates": [ 139.5753535, 35.4559643 ] } },
{ "type": "Feature", "properties": { "内容": "在宅ケアサービス　ソラスト保土ヶ谷【通所介護】神奈川県横浜市保土ヶ谷区岩井町123-2保土ヶ谷駅前ハイツ2号棟102", "url": "https://www.kaigokensaku.mhlw.go.jp/14/index.php?action_kouhyou_detail_004_kani=true&JigyosyoCd=1470601558-00&ServiceCd=150&Type=search", "url2": "http://solasto-kaigo.com/care/area/solastohodogaya.html" }, "geometry": { "type": "Point", "coordinates": [ 139.600157, 35.4454215 ] } },
{ "type": "Feature", "properties": { "内容": "花の湯デイサービスセンター【通所介護】神奈川県横浜市保土ケ谷区保土ケ谷町１－２３", "url": "https://www.kaigokensaku.mhlw.go.jp/14/index.php?action_kouhyou_detail_004_kani=true&JigyosyoCd=1470601236-00&ServiceCd=150&Type=search", "url2": "http://www.kirigaya-eng.co.jp/hananoyu/" }, "geometry": { "type": "Point", "coordinates": [ 139.595467209817599, 35.444200163867599 ] } },
{ "type": "Feature", "properties": { "内容": "レコードブック西谷【通所介護】神奈川県横浜市保土ヶ谷区西谷町4丁目1番7号", "url": "https://www.kaigokensaku.mhlw.go.jp/14/index.php?action_kouhyou_detail_004_kani=true&JigyosyoCd=1470602499-00&ServiceCd=150&Type=search", "url2": "http://www.kokorobiz.jp/contents/?cat=6" }, "geometry": { "type": "Point", "coordinates": [ 139.564985, 35.477836 ] } },
{ "type": "Feature", "properties": { "内容": "横浜市新杉田地域ケアプラザ【通所介護】神奈川県横浜市磯子区新杉田町8-73階", "url": "https://www.kaigokensaku.mhlw.go.jp/14/index.php?action_kouhyou_detail_004_kani=true&JigyosyoCd=1470700046-00&ServiceCd=150&Type=search", "url2": "https://www.denkikanagawa.or.jp/" }, "geometry": { "type": "Point", "coordinates": [ 139.620552500000031, 35.3855713 ] } },
{ "type": "Feature", "properties": { "内容": "横浜市洋光台地域ケアプラザ【通所介護】神奈川県横浜市磯子区洋光台6-7-1", "url": "https://www.kaigokensaku.mhlw.go.jp/14/index.php?action_kouhyou_detail_004_kani=true&JigyosyoCd=1470700053-00&ServiceCd=150&Type=search", "url2": "https://www.y-chojukai.or.jp" }, "geometry": { "type": "Point", "coordinates": [ 139.596182900000031, 35.3731776 ] } },
{ "type": "Feature", "properties": { "内容": "デイサービスセンター　峰の郷【通所介護】神奈川県横浜市磯子区峰町654-1", "url": "https://www.kaigokensaku.mhlw.go.jp/14/index.php?action_kouhyou_detail_004_kani=true&JigyosyoCd=1470700301-00&ServiceCd=150&Type=search", "url2": "https://www.houenkai.com/page7" }, "geometry": { "type": "Point", "coordinates": [ 139.5940776, 35.3647369 ] } },
{ "type": "Feature", "properties": { "内容": "磯風の謡　デイサービスセンター【通所介護】神奈川県横浜市磯子区森5-5-53", "url": "https://www.kaigokensaku.mhlw.go.jp/14/index.php?action_kouhyou_detail_004_kani=true&JigyosyoCd=1470700806-00&ServiceCd=150&Type=search", "url2": "https://shuhokai.or.jp/office/isogo-ku/ds-isokaze.php" }, "geometry": { "type": "Point", "coordinates": [ 139.609220199999982, 35.3927479 ] } },
{ "type": "Feature", "properties": { "内容": "ルネサンス元氣ジム上中里【通所介護】神奈川県横浜市磯子区上中里820-1", "url": "https://www.kaigokensaku.mhlw.go.jp/14/index.php?action_kouhyou_detail_004_kani=true&JigyosyoCd=1470701846-00&ServiceCd=150&Type=search", "url2": "https://kaigo.s-re.jp/genki/kaminakazato.html" }, "geometry": { "type": "Point", "coordinates": [ 139.614159100000052, 35.3678816 ] } },
{ "type": "Feature", "properties": { "内容": "横浜市磯子地域ケアプラザ【通所介護】神奈川県横浜市磯子区磯子３－１－２２", "url": "https://www.kaigokensaku.mhlw.go.jp/14/index.php?action_kouhyou_detail_004_kani=true&JigyosyoCd=1470700194-00&ServiceCd=150&Type=search", "url2": "https://www.hama-wel.or.jp/" }, "geometry": { "type": "Point", "coordinates": [ 139.620727, 35.4052217 ] } },
{ "type": "Feature", "properties": { "内容": "横浜市滝頭地域ケアプラザ【通所介護】神奈川県横浜市磯子区滝頭2-30-1", "url": "https://www.kaigokensaku.mhlw.go.jp/14/index.php?action_kouhyou_detail_004_kani=true&JigyosyoCd=1470700608-00&ServiceCd=150&Type=search", "url2": "https://careplaza.chikubukai.jp/service" }, "geometry": { "type": "Point", "coordinates": [ 139.622518500000069, 35.4202056 ] } },
{ "type": "Feature", "properties": { "内容": "銀らんの丘デイサービスセンター【通所介護】神奈川県横浜市磯子区広地町11-41", "url": "https://www.kaigokensaku.mhlw.go.jp/14/index.php?action_kouhyou_detail_004_kani=true&JigyosyoCd=1470701044-00&ServiceCd=150&Type=search", "url2": "https://shuhokai.or.jp/office/isogo-ku/ds-ginran.php" }, "geometry": { "type": "Point", "coordinates": [ 139.620588099999964, 35.4186724 ] } },
{ "type": "Feature", "properties": { "内容": "横浜市屏風ヶ浦地域ケアプラザ【通所介護】神奈川県横浜市磯子区森4-1-17", "url": "https://www.kaigokensaku.mhlw.go.jp/14/index.php?action_kouhyou_detail_004_kani=true&JigyosyoCd=1470701051-00&ServiceCd=150&Type=search", "url2": "https://www.shinkoufukushikai.com/care/176/" }, "geometry": { "type": "Point", "coordinates": [ 139.609095199999956, 35.3956559 ] } },
{ "type": "Feature", "properties": { "内容": "デイサービスセンター　さくらんぼ杉田【通所介護】神奈川県横浜市磯子区杉田５－７－７ライフコート杉田101", "url": "https://www.kaigokensaku.mhlw.go.jp/14/index.php?action_kouhyou_detail_004_kani=true&JigyosyoCd=1470701762-00&ServiceCd=150&Type=search", "url2": "http://www.care-sakuranbo.jp/facilities/sakurambo-sugita/" }, "geometry": { "type": "Point", "coordinates": [ 139.6218831, 35.3800998 ] } },
{ "type": "Feature", "properties": { "内容": "SOMPOケア　横浜滝頭　デイサービス【通所介護】神奈川県横浜市磯子区滝頭2-20-14安室マンション１F", "url": "https://www.kaigokensaku.mhlw.go.jp/14/index.php?action_kouhyou_detail_004_kani=true&JigyosyoCd=1470702018-00&ServiceCd=150&Type=search", "url2": "https://www.sompocare.com/service/zaitaku/dayservice/Z000221" }, "geometry": { "type": "Point", "coordinates": [ 139.620406099999968, 35.420305200000016 ] } },
{ "type": "Feature", "properties": { "内容": "デイサービス機能訓練とお風呂のリニュー岡村天神前【通所介護】神奈川県横浜市磯子区岡村2-11-4ハイツキハチ１F", "url": "https://www.kaigokensaku.mhlw.go.jp/14/index.php?action_kouhyou_detail_004_kani=true&JigyosyoCd=1470702166-00&ServiceCd=150&Type=search", "url2": "https://www.renew-plan.com/" }, "geometry": { "type": "Point", "coordinates": [ 139.613272037203274, 35.417747224004337 ] } },
{ "type": "Feature", "properties": { "内容": "スマイル洋光台【通所介護】神奈川県横浜市磯子区田中2-4-5", "url": "https://www.kaigokensaku.mhlw.go.jp/14/index.php?action_kouhyou_detail_004_kani=true&JigyosyoCd=1470702265-00&ServiceCd=150&Type=search", "url2": null }, "geometry": { "type": "Point", "coordinates": [ 139.602417, 35.3846549 ] } },
{ "type": "Feature", "properties": { "内容": "レッツ倶楽部磯子【通所介護】神奈川県横浜市磯子区滝頭3-4-9コーポイデア１階", "url": "https://www.kaigokensaku.mhlw.go.jp/14/index.php?action_kouhyou_detail_004_kani=true&JigyosyoCd=1470702299-00&ServiceCd=150&Type=search", "url2": "https://www.lets-club.jp/shop/isogo/" }, "geometry": { "type": "Point", "coordinates": [ 139.6245093, 35.4186837 ] } },
{ "type": "Feature", "properties": { "内容": "ツクイ横浜栗木【通所介護】神奈川県横浜市磯子区栗木3-9-26", "url": "https://www.kaigokensaku.mhlw.go.jp/14/index.php?action_kouhyou_detail_004_kani=true&JigyosyoCd=1470702125-00&ServiceCd=150&Type=search", "url2": "https://www.tsukui.net/home-care/2339/" }, "geometry": { "type": "Point", "coordinates": [ 139.6076426, 35.3768357 ] } },
{ "type": "Feature", "properties": { "内容": "かがやきデイサービス磯子【通所介護】神奈川県横浜市磯子区上中里町659-5", "url": "https://www.kaigokensaku.mhlw.go.jp/14/index.php?action_kouhyou_detail_004_kani=true&JigyosyoCd=1470701580-00&ServiceCd=150&Type=search", "url2": "http://www.ymmd-scc.jp/location/isogo/" }, "geometry": { "type": "Point", "coordinates": [ 139.611787473680124, 35.371081269472889 ] } },
{ "type": "Feature", "properties": { "内容": "縁カナーデ並木【通所介護】神奈川県横浜市金沢区並木1-17３階　区画番号１－４－３", "url": "https://www.kaigokensaku.mhlw.go.jp/14/index.php?action_kouhyou_detail_004_kani=true&JigyosyoCd=1470802941-00&ServiceCd=150&Type=search", "url2": "https://enkanade.com/" }, "geometry": { "type": "Point", "coordinates": [ 139.6382556, 35.3695288 ] } },
{ "type": "Feature", "properties": { "内容": "横浜市泥亀地域ケアプラザ【通所介護】神奈川県横浜市金沢区泥亀１－２１－５いきいきセンター金沢内", "url": "https://www.kaigokensaku.mhlw.go.jp/14/index.php?action_kouhyou_detail_004_kani=true&JigyosyoCd=1470800069-00&ServiceCd=150&Type=search", "url2": "http://www.hama-wel.or.jp/office/deiki/" }, "geometry": { "type": "Point", "coordinates": [ 139.621777899999984, 35.3392056 ] } },
{ "type": "Feature", "properties": { "内容": "横浜市釜利谷地域ケアプラザ【通所介護】神奈川県横浜市金沢区釜利谷南二丁目８番１号", "url": "https://www.kaigokensaku.mhlw.go.jp/14/index.php?action_kouhyou_detail_004_kani=true&JigyosyoCd=1470800358-00&ServiceCd=150&Type=search", "url2": "https://www.suminasu.or.jp/kamariya/" }, "geometry": { "type": "Point", "coordinates": [ 139.606809800000065, 35.3374494 ] } },
{ "type": "Feature", "properties": { "内容": "横浜市能見台地域ケアプラザ【通所介護】神奈川県横浜市金沢区能見台東2-1", "url": "https://www.kaigokensaku.mhlw.go.jp/14/index.php?action_kouhyou_detail_004_kani=true&JigyosyoCd=1470800382-00&ServiceCd=150&Type=search", "url2": "http://park15.wakwak.com/~noukendai/index.html" }, "geometry": { "type": "Point", "coordinates": [ 139.626535800000056, 35.3594249 ] } },
{ "type": "Feature", "properties": { "内容": "横浜市西金沢地域ケアプラザ【通所介護】神奈川県横浜市金沢区釜利谷南3-22-3", "url": "https://www.kaigokensaku.mhlw.go.jp/14/index.php?action_kouhyou_detail_004_kani=true&JigyosyoCd=1470800598-00&ServiceCd=150&Type=search", "url2": "https://www.subaru-fukushi.or.jp/facility/nishikanazawa_n/" }, "geometry": { "type": "Point", "coordinates": [ 139.59584689999997, 35.3386125 ] } },
{ "type": "Feature", "properties": { "内容": "クロスハート金沢・横浜【通所介護】神奈川県横浜市金沢区東朝比奈2-54-2", "url": "https://www.kaigokensaku.mhlw.go.jp/14/index.php?action_kouhyou_detail_004_kani=true&JigyosyoCd=1470800879-00&ServiceCd=150&Type=search", "url2": "http://www.shinkoufukushikai.com/kaigo/daycare/110/" }, "geometry": { "type": "Point", "coordinates": [ 139.595110799999929, 35.3249585 ] } },
{ "type": "Feature", "properties": { "内容": "リハビリデイセンター悠　六浦【通所介護】神奈川県横浜市金沢区大道2-5-20エヴァークレスト　1F", "url": "https://www.kaigokensaku.mhlw.go.jp/14/index.php?action_kouhyou_detail_004_kani=true&JigyosyoCd=1470801414-00&ServiceCd=150&Type=search", "url2": "http://www.maekawa-care.co.jp/" }, "geometry": { "type": "Point", "coordinates": [ 139.609992799999986, 35.327334 ] } },
{ "type": "Feature", "properties": { "内容": "ルネサンス　元氣ジム金沢文庫【通所介護】神奈川県横浜市金沢区釜利谷東7-2-22", "url": "https://www.kaigokensaku.mhlw.go.jp/14/index.php?action_kouhyou_detail_004_kani=true&JigyosyoCd=1470802115-00&ServiceCd=150&Type=search", "url2": "http://kaigo.s-re.jp/genki/kanazawabunko.html" }, "geometry": { "type": "Point", "coordinates": [ 139.610632679762233, 35.339566903847896 ] } },
{ "type": "Feature", "properties": { "内容": "デイサポートセンターケアサポートかなざわ【通所介護】神奈川県横浜市金沢区大道1-12-31", "url": "https://www.kaigokensaku.mhlw.go.jp/14/index.php?action_kouhyou_detail_004_kani=true&JigyosyoCd=1470802503-00&ServiceCd=150&Type=search", "url2": "http://www.care-support.biz" }, "geometry": { "type": "Point", "coordinates": [ 139.608078200000023, 35.3288204 ] } },
{ "type": "Feature", "properties": { "内容": "散歩道金沢【通所介護】神奈川県横浜市金沢区寺前1-8-6ライオンズマンション金沢文庫第2-102", "url": "https://www.kaigokensaku.mhlw.go.jp/14/index.php?action_kouhyou_detail_004_kani=true&JigyosyoCd=1470802685-00&ServiceCd=150&Type=search", "url2": "http://www.morinokai.yokohama/blog/dayservice/" }, "geometry": { "type": "Point", "coordinates": [ 139.62608524907381, 35.339447368230189 ] } },
{ "type": "Feature", "properties": { "内容": "ツクイ横浜能見台【通所介護】神奈川県横浜市金沢区能見台通34-7", "url": "https://www.kaigokensaku.mhlw.go.jp/14/index.php?action_kouhyou_detail_004_kani=true&JigyosyoCd=1470802727-00&ServiceCd=150&Type=search", "url2": "https://www.tsukui.net/home-care/2155/" }, "geometry": { "type": "Point", "coordinates": [ 139.62247960000002, 35.3612307 ] } },
{ "type": "Feature", "properties": { "内容": "シーサイドかなざわデイサービスセンター【通所介護】神奈川県横浜市金沢区柴町343－5", "url": "https://www.kaigokensaku.mhlw.go.jp/14/index.php?action_kouhyou_detail_004_kani=true&JigyosyoCd=1470802834-00&ServiceCd=150&Type=search", "url2": "https://www.subaru-fukushi.or.jp/facility/seaside-kanazawa/" }, "geometry": { "type": "Point", "coordinates": [ 139.6374949, 35.3439492 ] } },
{ "type": "Feature", "properties": { "内容": "横浜市並木地域ケアプラザ【通所介護】神奈川県横浜市金沢区富岡東2-5-31", "url": "https://www.kaigokensaku.mhlw.go.jp/14/index.php?action_kouhyou_detail_004_kani=true&JigyosyoCd=1470800044-00&ServiceCd=150&Type=search", "url2": "https://www.yokohamashakyo.jp/namiki/index.html" }, "geometry": { "type": "Point", "coordinates": [ 139.6390735, 35.3758896 ] } },
{ "type": "Feature", "properties": { "内容": "横浜市六浦地域ケアプラザ【通所介護】神奈川県横浜市金沢区六浦5－20－2", "url": "https://www.kaigokensaku.mhlw.go.jp/14/index.php?action_kouhyou_detail_004_kani=true&JigyosyoCd=1470800051-00&ServiceCd=150&Type=search", "url2": "https://mutuura-careplaza.jp/" }, "geometry": { "type": "Point", "coordinates": [ 139.6121121, 35.3256759 ] } },
{ "type": "Feature", "properties": { "内容": "ニチイケアセンター富岡東【通所介護】神奈川県横浜市金沢区富岡東４－２－１", "url": "https://www.kaigokensaku.mhlw.go.jp/14/index.php?action_kouhyou_detail_004_kani=true&JigyosyoCd=1470800937-00&ServiceCd=150&Type=search", "url2": "http://www.nichii-kaigo.jp/base/base-result/05L37/" }, "geometry": { "type": "Point", "coordinates": [ 139.635548800000038, 35.3720233 ] } },
{ "type": "Feature", "properties": { "内容": "横浜市富岡東地域ケアプラザ【通所介護】神奈川県横浜市金沢区富岡東4-13-3", "url": "https://www.kaigokensaku.mhlw.go.jp/14/index.php?action_kouhyou_detail_004_kani=true&JigyosyoCd=1470801067-00&ServiceCd=150&Type=search", "url2": "https://wakatake.net/" }, "geometry": { "type": "Point", "coordinates": [ 139.636251600000037, 35.3671463 ] } },
{ "type": "Feature", "properties": { "内容": "快晴リハビリデイサービス【通所介護】神奈川県横浜市金沢区並木１丁目17-4-41階", "url": "https://www.kaigokensaku.mhlw.go.jp/14/index.php?action_kouhyou_detail_004_kani=true&JigyosyoCd=1470801927-00&ServiceCd=150&Type=search", "url2": "https://www.kaisei-reha.com" }, "geometry": { "type": "Point", "coordinates": [ 139.638489518910205, 35.369328013064525 ] } },
{ "type": "Feature", "properties": { "内容": "シンシア横浜【通所介護】神奈川県横浜市金沢区富岡東5丁目7-43", "url": "https://www.kaigokensaku.mhlw.go.jp/14/index.php?action_kouhyou_detail_004_kani=true&JigyosyoCd=1470802552-00&ServiceCd=150&Type=search", "url2": "https://www.sincere-gri.com/041_yokohamads/index.html" }, "geometry": { "type": "Point", "coordinates": [ 139.632134, 35.3713207 ] } },
{ "type": "Feature", "properties": { "内容": "リハビリデイサービス　あうるスクエア【通所介護】神奈川県横浜市金沢区六浦1-17-21NYコート金沢1F", "url": "https://www.kaigokensaku.mhlw.go.jp/14/index.php?action_kouhyou_detail_004_kani=true&JigyosyoCd=1470802628-00&ServiceCd=150&Type=search", "url2": "https://owl-square.com" }, "geometry": { "type": "Point", "coordinates": [ 139.620041, 35.3242956 ] } },
{ "type": "Feature", "properties": { "内容": "横浜市富岡地域ケアプラザ【通所介護】神奈川県横浜市金沢区富岡西7-16-1", "url": "https://www.kaigokensaku.mhlw.go.jp/14/index.php?action_kouhyou_detail_004_kani=true&JigyosyoCd=1470800283-00&ServiceCd=150&Type=search", "url2": "http://shafuku-doujinkai.or.jp/facility/care‐plaza/tomioka/" }, "geometry": { "type": "Point", "coordinates": [ 139.623661, 35.3659322 ] } },
{ "type": "Feature", "properties": { "内容": "横浜市柳町地域ケアプラザ【通所介護】神奈川県横浜市金沢区柳町１－４", "url": "https://www.kaigokensaku.mhlw.go.jp/14/index.php?action_kouhyou_detail_004_kani=true&JigyosyoCd=1470801588-00&ServiceCd=150&Type=search", "url2": "http://www.suminasu.or.jp/yanagicho/" }, "geometry": { "type": "Point", "coordinates": [ 139.621136299999989, 35.3262291 ] } },
{ "type": "Feature", "properties": { "内容": "けいすいデイサービスにじいろ【通所介護】神奈川県横浜市金沢区柴町33-10", "url": "https://www.kaigokensaku.mhlw.go.jp/14/index.php?action_kouhyou_detail_004_kani=true&JigyosyoCd=1470801604-00&ServiceCd=150&Type=search", "url2": "https://www.keisuikai.or.jp/houmon/service/service04/" }, "geometry": { "type": "Point", "coordinates": [ 139.617250499999955, 35.3437269 ] } },
{ "type": "Feature", "properties": { "内容": "リハリゾートクラブコスモス【通所介護】神奈川県横浜市金沢区釜利谷東6-21-8", "url": "https://www.kaigokensaku.mhlw.go.jp/14/index.php?action_kouhyou_detail_004_kani=true&JigyosyoCd=1470802891-00&ServiceCd=150&Type=search", "url2": null }, "geometry": { "type": "Point", "coordinates": [ 139.5929456, 35.3510747 ] } },
{ "type": "Feature", "properties": { "内容": "楓の風リハビリデイサービス【通所介護】神奈川県横浜市金沢区富岡東4-8-45ベイヒルズ富岡1階", "url": "https://www.kaigokensaku.mhlw.go.jp/14/index.php?action_kouhyou_detail_004_kani=true&JigyosyoCd=1470802925-00&ServiceCd=150&Type=search", "url2": "https://kaedenokaze.com/service/facility?sid=104" }, "geometry": { "type": "Point", "coordinates": [ 139.633951700000011, 35.3687598 ] } },
{ "type": "Feature", "properties": { "内容": "デイサービス　もこりた　横浜金沢【通所介護】神奈川県横浜市金沢区泥亀1-17-15", "url": "https://www.kaigokensaku.mhlw.go.jp/14/index.php?action_kouhyou_detail_004_kani=true&JigyosyoCd=1470802933-00&ServiceCd=150&Type=search", "url2": "http://www.mokorita.co.jp/publics/index/39" }, "geometry": { "type": "Point", "coordinates": [ 139.62361150000001, 35.3402655 ] } },
{ "type": "Feature", "properties": { "内容": "スマイル金沢文庫【通所介護】神奈川県横浜市金沢区谷津町403", "url": "https://www.kaigokensaku.mhlw.go.jp/14/index.php?action_kouhyou_detail_004_kani=true&JigyosyoCd=1470801943-00&ServiceCd=150&Type=search", "url2": "https://smile-kaigo.net/publics/index/113/" }, "geometry": { "type": "Point", "coordinates": [ 139.621280699999943, 35.3445187 ] } },
{ "type": "Feature", "properties": { "内容": "デイサービス　もこりた　横浜富岡【通所介護】神奈川県横浜市金沢区富岡東1丁目52－7", "url": "https://www.kaigokensaku.mhlw.go.jp/14/index.php?action_kouhyou_detail_004_kani=true&JigyosyoCd=1470802966-00&ServiceCd=150&Type=search", "url2": "http://www.mokorita.co.jp/publics/index/51/" }, "geometry": { "type": "Point", "coordinates": [ 139.6254573, 35.37433 ] } },
{ "type": "Feature", "properties": { "内容": "横浜能見台ケアセンターそよ風【通所介護】神奈川県横浜市金沢区能見台2-1-4", "url": "https://www.kaigokensaku.mhlw.go.jp/14/index.php?action_kouhyou_detail_004_kani=true&JigyosyoCd=1470803006-00&ServiceCd=150&Type=search", "url2": "https://www.sykz.co.jp/" }, "geometry": { "type": "Point", "coordinates": [ 139.6101492, 35.3585592 ] } },
{ "type": "Feature", "properties": { "内容": "ブルーミングケア横浜小机【通所介護】神奈川県横浜市港北区小机町1171", "url": "https://www.kaigokensaku.mhlw.go.jp/14/index.php?action_kouhyou_detail_004_kani=true&JigyosyoCd=1470904374-00&ServiceCd=150&Type=search", "url2": "https://www.kamimutsukawa.com/bloomingcare/#" }, "geometry": { "type": "Point", "coordinates": [ 139.595469228836066, 35.504323590522745 ] } },
{ "type": "Feature", "properties": { "内容": "社会福祉法人　横浜共生会　新吉田地域ケアプラザ【通所介護】神奈川県横浜市港北区新吉田町６００１－６", "url": "https://www.kaigokensaku.mhlw.go.jp/14/index.php?action_kouhyou_detail_004_kani=true&JigyosyoCd=1470900018-00&ServiceCd=150&Type=search", "url2": "http://www.y-kyousei.or.jp/sinyoshida/" }, "geometry": { "type": "Point", "coordinates": [ 139.602824199999986, 35.5406103 ] } },
{ "type": "Feature", "properties": { "内容": "横浜市篠原地域ケアプラザ【通所介護】神奈川県横浜市港北区篠原東2-15-27", "url": "https://www.kaigokensaku.mhlw.go.jp/14/index.php?action_kouhyou_detail_004_kani=true&JigyosyoCd=1470900075-00&ServiceCd=150&Type=search", "url2": "https://www.yokohamashakyo.jp/shinohara/index.html" }, "geometry": { "type": "Point", "coordinates": [ 139.625456100000065, 35.4990457 ] } },
{ "type": "Feature", "properties": { "内容": "横浜市高田地域ケアプラザ【通所介護】神奈川県横浜市港北区高田西２－１４－６", "url": "https://www.kaigokensaku.mhlw.go.jp/14/index.php?action_kouhyou_detail_004_kani=true&JigyosyoCd=1470900208-00&ServiceCd=150&Type=search", "url2": "http://www.ryokuhokai.or.jp/takada/index.html" }, "geometry": { "type": "Point", "coordinates": [ 139.618394299999977, 35.5506589 ] } },
{ "type": "Feature", "properties": { "内容": "福祉クラブ生協　Dayひよし【通所介護】神奈川県横浜市港北区日吉5-24-33Dayひよし", "url": "https://www.kaigokensaku.mhlw.go.jp/14/index.php?action_kouhyou_detail_004_kani=true&JigyosyoCd=1470900992-00&ServiceCd=150&Type=search", "url2": "https://www.fukushi-club.net/service/fukushi-kaigo/daycare/" }, "geometry": { "type": "Point", "coordinates": [ 139.655814300000031, 35.548624 ] } },
{ "type": "Feature", "properties": { "内容": "横浜市城郷小机地域ケアプラザ【通所介護】神奈川県横浜市港北区小机町2484-4横浜市城郷小机地域ケアプラザ", "url": "https://www.kaigokensaku.mhlw.go.jp/14/index.php?action_kouhyou_detail_004_kani=true&JigyosyoCd=1470901164-00&ServiceCd=150&Type=search", "url2": "https://shuhokai.or.jp/office/kohoku-ku/ds-kozukue.php" }, "geometry": { "type": "Point", "coordinates": [ 139.599014500000067, 35.5086917 ] } },
{ "type": "Feature", "properties": { "内容": "横浜市日吉本町地域ケアプラザ【通所介護】神奈川県横浜市港北区日吉本町4-10-A", "url": "https://www.kaigokensaku.mhlw.go.jp/14/index.php?action_kouhyou_detail_004_kani=true&JigyosyoCd=1470901727-00&ServiceCd=150&Type=search", "url2": "http://www.ryokuhokai.or.jp/~hiyosi/index.html" }, "geometry": { "type": "Point", "coordinates": [ 139.636746043980338, 35.545752631482564 ] } },
{ "type": "Feature", "properties": { "内容": "デイサービス　ゆうゆう倶楽部【通所介護】神奈川県横浜市港北区富士塚１－４－３０", "url": "https://www.kaigokensaku.mhlw.go.jp/14/index.php?action_kouhyou_detail_004_kani=true&JigyosyoCd=1470901792-00&ServiceCd=150&Type=search", "url2": "http://www.day-yuyu.jp" }, "geometry": { "type": "Point", "coordinates": [ 139.630991699999981, 35.5005929 ] } },
{ "type": "Feature", "properties": { "内容": "デイサービスセンター　遊・新横浜【通所介護】神奈川県横浜市港北区北新横浜2-3-1介護付き有料老人ホーム　すこや家・北新横浜3階", "url": "https://www.kaigokensaku.mhlw.go.jp/14/index.php?action_kouhyou_detail_004_kani=true&JigyosyoCd=1470902212-00&ServiceCd=150&Type=search", "url2": null }, "geometry": { "type": "Point", "coordinates": [ 139.615204, 35.5165494 ] } },
{ "type": "Feature", "properties": { "内容": "ヒューマンライフケア新横浜【通所介護】神奈川県横浜市港北区鳥山町456-1ヒールドビル1F", "url": "https://www.kaigokensaku.mhlw.go.jp/14/index.php?action_kouhyou_detail_004_kani=true&JigyosyoCd=1470902220-00&ServiceCd=150&Type=search", "url2": "http://kaigo.human-lifecare.jp/facilities/ds022_ShinYokohama/summary.html" }, "geometry": { "type": "Point", "coordinates": [ 139.6053667, 35.4986373 ] } },
{ "type": "Feature", "properties": { "内容": "デイサービスサニタ　高田【通所介護】神奈川県横浜市港北区新吉田東3-28-17", "url": "https://www.kaigokensaku.mhlw.go.jp/14/index.php?action_kouhyou_detail_004_kani=true&JigyosyoCd=1470902345-00&ServiceCd=150&Type=search", "url2": "https://sanitapharmacy.co.jp/works/dayservice-kouhokutakata" }, "geometry": { "type": "Point", "coordinates": [ 139.6161438, 35.5476559 ] } },
{ "type": "Feature", "properties": { "内容": "デイサービス　マルタ【通所介護】神奈川県横浜市港北区鳥山町466", "url": "https://www.kaigokensaku.mhlw.go.jp/14/index.php?action_kouhyou_detail_004_kani=true&JigyosyoCd=1470902394-00&ServiceCd=150&Type=search", "url2": "https://daymaruta.com" }, "geometry": { "type": "Point", "coordinates": [ 139.606113899999968, 35.4991456 ] } },
{ "type": "Feature", "properties": { "内容": "鍼灸マッサージ　～憩～　日吉【通所介護】神奈川県横浜市港北区日吉7-15-2アークＫ　Ｂ館", "url": "https://www.kaigokensaku.mhlw.go.jp/14/index.php?action_kouhyou_detail_004_kani=true&JigyosyoCd=1470902881-00&ServiceCd=150&Type=search", "url2": "http://www.h-t-caresupport.com" }, "geometry": { "type": "Point", "coordinates": [ 139.65133529325405, 35.544032829722205 ] } },
{ "type": "Feature", "properties": { "内容": "かがやきデイサービス日吉【通所介護】神奈川県横浜市港北区日吉7-16-26", "url": "https://www.kaigokensaku.mhlw.go.jp/14/index.php?action_kouhyou_detail_004_kani=true&JigyosyoCd=1470903046-00&ServiceCd=150&Type=search", "url2": "http://www.ymmd.co.jp" }, "geometry": { "type": "Point", "coordinates": [ 139.650588800000037, 35.5430548 ] } },
{ "type": "Feature", "properties": { "内容": "デイサービスセンター福寿よこはま港北【通所介護】神奈川県横浜市港北区大倉山4-7-15", "url": "https://www.kaigokensaku.mhlw.go.jp/14/index.php?action_kouhyou_detail_004_kani=true&JigyosyoCd=1470903350-00&ServiceCd=150&Type=search", "url2": "https://fuku-kaigo.jala.co.jp/jrh/yokohama-kouhoku/" }, "geometry": { "type": "Point", "coordinates": [ 139.624239, 35.5198242 ] } },
{ "type": "Feature", "properties": { "内容": "オハナ白楽【通所介護】神奈川県横浜市港北区篠原西町１４－２５ＤＲホームズ白楽１階", "url": "https://www.kaigokensaku.mhlw.go.jp/14/index.php?action_kouhyou_detail_004_kani=true&JigyosyoCd=1470903400-00&ServiceCd=150&Type=search", "url2": "http://www.tokyu-ohana.jp/" }, "geometry": { "type": "Point", "coordinates": [ 139.620664900000094, 35.4926186 ] } },
{ "type": "Feature", "properties": { "内容": "ツクイ横浜新吉田【通所介護】神奈川県横浜市港北区新吉田東5-71-10", "url": "https://www.kaigokensaku.mhlw.go.jp/14/index.php?action_kouhyou_detail_004_kani=true&JigyosyoCd=1470903988-00&ServiceCd=150&Type=search", "url2": "https://www.tsukui.net/" }, "geometry": { "type": "Point", "coordinates": [ 139.6160403, 35.5386725 ] } },
{ "type": "Feature", "properties": { "内容": "ツクイ横浜綱島【通所介護】神奈川県横浜市港北区樽町４ー１６ー３７", "url": "https://www.kaigokensaku.mhlw.go.jp/14/index.php?action_kouhyou_detail_004_kani=true&JigyosyoCd=1470904002-00&ServiceCd=150&Type=search", "url2": "https://www.tsukui.net/home-care/2006/" }, "geometry": { "type": "Point", "coordinates": [ 139.6433525, 35.530098800000019 ] } },
{ "type": "Feature", "properties": { "内容": "医療法人社団やまびこ新横浜整形外科リウマチ科デイサービス【通所介護】神奈川県横浜市港北区新横浜3-1-2エルエープライル新横浜", "url": "https://www.kaigokensaku.mhlw.go.jp/14/index.php?action_kouhyou_detail_004_kani=true&JigyosyoCd=1470904119-00&ServiceCd=150&Type=search", "url2": "https://dayservice.yamabiko-group.or.jp/index.html" }, "geometry": { "type": "Point", "coordinates": [ 139.621705100000014, 35.511563 ] } },
{ "type": "Feature", "properties": { "内容": "横浜市下田地域ケアプラザ【通所介護】神奈川県横浜市港北区下田町4-1-1", "url": "https://www.kaigokensaku.mhlw.go.jp/14/index.php?action_kouhyou_detail_004_kani=true&JigyosyoCd=1470900471-00&ServiceCd=150&Type=search", "url2": "https://www.y-kyousei.or.jp/shimoda-cp/" }, "geometry": { "type": "Point", "coordinates": [ 139.631528900000035, 35.5572328 ] } },
{ "type": "Feature", "properties": { "内容": "エム・アップ　デイサービス　新羽中央【通所介護】神奈川県横浜市港北区新羽町1726", "url": "https://www.kaigokensaku.mhlw.go.jp/14/index.php?action_kouhyou_detail_004_kani=true&JigyosyoCd=1470901578-00&ServiceCd=150&Type=search", "url2": "http://www.m-app.co.jp/nippa/" }, "geometry": { "type": "Point", "coordinates": [ 139.610095900000033, 35.5287342 ] } },
{ "type": "Feature", "properties": { "内容": "サニタ一日デイサービス【通所介護】神奈川県横浜市港北区高田東1-42-2", "url": "https://www.kaigokensaku.mhlw.go.jp/14/index.php?action_kouhyou_detail_004_kani=true&JigyosyoCd=1470903715-00&ServiceCd=150&Type=search", "url2": "http://www.sanitapharmacy.co.jp" }, "geometry": { "type": "Point", "coordinates": [ 139.623954899999944, 35.5486094 ] } },
{ "type": "Feature", "properties": { "内容": "横浜市大豆戸地域ケアプラザ【通所介護】神奈川県横浜市港北区大豆戸町３１６－１", "url": "https://www.kaigokensaku.mhlw.go.jp/14/index.php?action_kouhyou_detail_004_kani=true&JigyosyoCd=1470900489-00&ServiceCd=150&Type=search", "url2": "https://www.hama-wel.or.jp/branch/mamedo/" }, "geometry": { "type": "Point", "coordinates": [ 139.627844399999958, 35.5147442 ] } },
{ "type": "Feature", "properties": { "内容": "ニチイケアセンター樽町【通所介護】神奈川県横浜市港北区樽町4-9-30", "url": "https://www.kaigokensaku.mhlw.go.jp/14/index.php?action_kouhyou_detail_004_kani=true&JigyosyoCd=1470901917-00&ServiceCd=150&Type=search", "url2": "https://www.nichii-kaigo.jp/base/base-result/05Q17/" }, "geometry": { "type": "Point", "coordinates": [ 139.640779, 35.5280152 ] } },
{ "type": "Feature", "properties": { "内容": "ミモザ白寿庵大倉山【通所介護】神奈川県横浜市港北区大曽根台30-12", "url": "https://www.kaigokensaku.mhlw.go.jp/14/index.php?action_kouhyou_detail_004_kani=true&JigyosyoCd=1470902030-00&ServiceCd=150&Type=search", "url2": "https://mimoza-care.com/facility/day-service/post-1348/" }, "geometry": { "type": "Point", "coordinates": [ 139.626196899999968, 35.5308065 ] } },
{ "type": "Feature", "properties": { "内容": "デイサービスココファン日吉【通所介護】神奈川県横浜市港北区日吉本町4-10-50", "url": "https://www.kaigokensaku.mhlw.go.jp/14/index.php?action_kouhyou_detail_004_kani=true&JigyosyoCd=1470902097-00&ServiceCd=150&Type=search", "url2": "https://www.cocofump.co.jp/services/dayservice.html" }, "geometry": { "type": "Point", "coordinates": [ 139.63504839999996, 35.5454433 ] } },
{ "type": "Feature", "properties": { "内容": "百笑つなしま【通所介護】神奈川県横浜市港北区樽町3-6-38りりあタウン1号館", "url": "https://www.kaigokensaku.mhlw.go.jp/14/index.php?action_kouhyou_detail_004_kani=true&JigyosyoCd=1470904309-00&ServiceCd=150&Type=search", "url2": null }, "geometry": { "type": "Point", "coordinates": [ 139.6431768, 35.530197 ] } },
{ "type": "Feature", "properties": { "内容": "寿デイサービスセンター綱島【通所介護】神奈川県横浜市港北区綱島西2-16-1ラ　フォンス　101号", "url": "https://www.kaigokensaku.mhlw.go.jp/14/index.php?action_kouhyou_detail_004_kani=true&JigyosyoCd=1470903020-00&ServiceCd=150&Type=search", "url2": "http://www.sms-kotobuki.co.jp/office/tsunashimaday.html" }, "geometry": { "type": "Point", "coordinates": [ 139.630208987171955, 35.536588551094731 ] } },
{ "type": "Feature", "properties": { "内容": "アクティブライフリフライズ【通所介護】神奈川県横浜市港北区新吉田東8丁目23-1-1F", "url": "https://www.kaigokensaku.mhlw.go.jp/14/index.php?action_kouhyou_detail_004_kani=true&JigyosyoCd=1470903228-00&ServiceCd=150&Type=search", "url2": "https://www.yamamoto-kinen.or.jp/refrise/" }, "geometry": { "type": "Point", "coordinates": [ 139.612605520237707, 35.535990306014291 ] } },
{ "type": "Feature", "properties": { "内容": "汲沢地域ケアプラザ【通所介護】神奈川県横浜市戸塚区汲沢町986番地", "url": "https://www.kaigokensaku.mhlw.go.jp/14/index.php?action_kouhyou_detail_004_kani=true&JigyosyoCd=1471000024-00&ServiceCd=150&Type=search", "url2": "https://www.hakuhoukai.jp" }, "geometry": { "type": "Point", "coordinates": [ 139.515803099999971, 35.3919328 ] } },
{ "type": "Feature", "properties": { "内容": "高齢者介護総合センター　聖母の園【通所介護】神奈川県横浜市戸塚区原宿4丁目35番3号", "url": "https://www.kaigokensaku.mhlw.go.jp/14/index.php?action_kouhyou_detail_004_kani=true&JigyosyoCd=1471000040-00&ServiceCd=150&Type=search", "url2": "https://www.seibonosono.jp" }, "geometry": { "type": "Point", "coordinates": [ 139.501996, 35.3757352 ] } },
{ "type": "Feature", "properties": { "内容": "横浜市東戸塚地域ケアプラザ【通所介護】神奈川県横浜市戸塚区川上町4-4", "url": "https://www.kaigokensaku.mhlw.go.jp/14/index.php?action_kouhyou_detail_004_kani=true&JigyosyoCd=1471000099-00&ServiceCd=150&Type=search", "url2": "https://www.yokohamashakyo.jp/higashitotsuka/index.html" }, "geometry": { "type": "Point", "coordinates": [ 139.555266399999908, 35.4286866 ] } },
{ "type": "Feature", "properties": { "内容": "横浜市上倉田地域ケアプラザ【通所介護】神奈川県横浜市戸塚区上倉田町259-11９号棟　１階", "url": "https://www.kaigokensaku.mhlw.go.jp/14/index.php?action_kouhyou_detail_004_kani=true&JigyosyoCd=1471000107-00&ServiceCd=150&Type=search", "url2": "https://www.hirakukaicp.or.jp/kamikurata/" }, "geometry": { "type": "Point", "coordinates": [ 139.534168499999964, 35.3966213 ] } },
{ "type": "Feature", "properties": { "内容": "横浜市平戸地域ケアプラザ【通所介護】神奈川県横浜市戸塚区平戸2-33-57", "url": "https://www.kaigokensaku.mhlw.go.jp/14/index.php?action_kouhyou_detail_004_kani=true&JigyosyoCd=1471000115-00&ServiceCd=150&Type=search", "url2": "http://www.hiruda.or.jp/hirado-home/" }, "geometry": { "type": "Point", "coordinates": [ 139.573148839950591, 35.430702050719425 ] } },
{ "type": "Feature", "properties": { "内容": "横浜市原宿地域ケアプラザ【通所介護】神奈川県横浜市戸塚区原宿4-36-1", "url": "https://www.kaigokensaku.mhlw.go.jp/14/index.php?action_kouhyou_detail_004_kani=true&JigyosyoCd=1471000123-00&ServiceCd=150&Type=search", "url2": "http://www.harajyuku-cp.jp" }, "geometry": { "type": "Point", "coordinates": [ 139.50264288539978, 35.374722207292656 ] } },
{ "type": "Feature", "properties": { "内容": "名瀬地域ケアプラザ　デイサービス【通所介護】神奈川県横浜市戸塚区名瀬町791-14", "url": "https://www.kaigokensaku.mhlw.go.jp/14/index.php?action_kouhyou_detail_004_kani=true&JigyosyoCd=1471002061-00&ServiceCd=150&Type=search", "url2": "https://apollon.or.jp/" }, "geometry": { "type": "Point", "coordinates": [ 139.54431169999998, 35.433588599999986 ] } },
{ "type": "Feature", "properties": { "内容": "らいおんハートリハビリ温泉デイサービス舞岡【通所介護】神奈川県横浜市戸塚区舞岡108メゾンアイザワⅢ", "url": "https://www.kaigokensaku.mhlw.go.jp/14/index.php?action_kouhyou_detail_004_kani=true&JigyosyoCd=1471002921-00&ServiceCd=150&Type=search", "url2": "https://lion-heart.co/shops/day_service_maioka/" }, "geometry": { "type": "Point", "coordinates": [ 139.542720599999939, 35.4107001 ] } },
{ "type": "Feature", "properties": { "内容": "かがやきデイサービス東戸塚【通所介護】神奈川県横浜市戸塚区品濃町５６４－２", "url": "https://www.kaigokensaku.mhlw.go.jp/14/index.php?action_kouhyou_detail_004_kani=true&JigyosyoCd=1471002996-00&ServiceCd=150&Type=search", "url2": "https://www.ymmdnr.jp/map/higashitotsuka.html" }, "geometry": { "type": "Point", "coordinates": [ 139.5614048, 35.4349747 ] } },
{ "type": "Feature", "properties": { "内容": "ケアステーションあさひ戸塚【通所介護】神奈川県横浜市戸塚区上矢部町2128-4", "url": "https://www.kaigokensaku.mhlw.go.jp/14/index.php?action_kouhyou_detail_004_kani=true&JigyosyoCd=1471003192-00&ServiceCd=150&Type=search", "url2": null }, "geometry": { "type": "Point", "coordinates": [ 139.524949600000014, 35.4062753 ] } },
{ "type": "Feature", "properties": { "内容": "リハビリデイこすずめ原宿【通所介護】神奈川県横浜市戸塚区原宿2-6-8", "url": "https://www.kaigokensaku.mhlw.go.jp/14/index.php?action_kouhyou_detail_004_kani=true&JigyosyoCd=1471003358-00&ServiceCd=150&Type=search", "url2": "https://kosuzumenosato.com/facility/reha_harajyuku.html" }, "geometry": { "type": "Point", "coordinates": [ 139.5062206, 35.3771267 ] } },
{ "type": "Feature", "properties": { "内容": "レッツ倶楽部戸塚【通所介護】神奈川県横浜市戸塚区下倉田町131", "url": "https://www.kaigokensaku.mhlw.go.jp/14/index.php?action_kouhyou_detail_004_kani=true&JigyosyoCd=1471003564-00&ServiceCd=150&Type=search", "url2": "https://www.lets-club.jp/shop/totsuka/" }, "geometry": { "type": "Point", "coordinates": [ 139.536871900000051, 35.3856906 ] } },
{ "type": "Feature", "properties": { "内容": "ツクイ横浜東俣野【通所介護】神奈川県横浜市戸塚区東俣野町992-3", "url": "https://www.kaigokensaku.mhlw.go.jp/14/index.php?action_kouhyou_detail_004_kani=true&JigyosyoCd=1471003697-00&ServiceCd=150&Type=search", "url2": "https://www.tsukui.net/home-care/2508/" }, "geometry": { "type": "Point", "coordinates": [ 139.497096699999986, 35.3644416 ] } },
{ "type": "Feature", "properties": { "内容": "ツクイ横浜戸塚川上【通所介護】神奈川県横浜市戸塚区川上町611-4", "url": "https://www.kaigokensaku.mhlw.go.jp/14/index.php?action_kouhyou_detail_004_kani=true&JigyosyoCd=1471003705-00&ServiceCd=150&Type=search", "url2": "https://www.tsukui.net/home-care/2633/" }, "geometry": { "type": "Point", "coordinates": [ 139.5481309, 35.4329227 ] } },
{ "type": "Feature", "properties": { "内容": "楓の風リハビリテーション颯　戸塚【通所介護】神奈川県横浜市戸塚区平戸町678-1ルボール東戸塚1階", "url": "https://www.kaigokensaku.mhlw.go.jp/14/index.php?action_kouhyou_detail_004_kani=true&JigyosyoCd=1471003770-00&ServiceCd=150&Type=search", "url2": "https://rehabiliday.com/" }, "geometry": { "type": "Point", "coordinates": [ 139.560105399999969, 35.425419 ] } },
{ "type": "Feature", "properties": { "内容": "労協横浜戸塚地域福祉事業所　であいの家【通所介護】神奈川県横浜市戸塚区戸塚町２５９９", "url": "https://www.kaigokensaku.mhlw.go.jp/14/index.php?action_kouhyou_detail_004_kani=true&JigyosyoCd=1471000248-00&ServiceCd=150&Type=search", "url2": "https://jwcc.coop" }, "geometry": { "type": "Point", "coordinates": [ 139.526395518385357, 35.385777663047691 ] } },
{ "type": "Feature", "properties": { "内容": "横浜市下倉田地域ケアプラザ【通所介護】神奈川県横浜市戸塚区下倉田町１９５１－８", "url": "https://www.kaigokensaku.mhlw.go.jp/14/index.php?action_kouhyou_detail_004_kani=true&JigyosyoCd=1471001014-00&ServiceCd=150&Type=search", "url2": "http://www.hirakukaicp.or.jp" }, "geometry": { "type": "Point", "coordinates": [ 139.545923300000027, 35.3781989 ] } },
{ "type": "Feature", "properties": { "内容": "ミモザ横濱紅葉苑【通所介護】神奈川県横浜市戸塚区原宿2-1-13", "url": "https://www.kaigokensaku.mhlw.go.jp/14/index.php?action_kouhyou_detail_004_kani=true&JigyosyoCd=1471001782-00&ServiceCd=150&Type=search", "url2": "http://www.mimoza-care.com" }, "geometry": { "type": "Point", "coordinates": [ 139.505872363432303, 35.377076565588091 ] } },
{ "type": "Feature", "properties": { "内容": "戸塚共立結の杜デイサービス下倉田【通所介護】神奈川県横浜市戸塚区下倉田町1157-1", "url": "https://www.kaigokensaku.mhlw.go.jp/14/index.php?action_kouhyou_detail_004_kani=true&JigyosyoCd=1471003127-00&ServiceCd=150&Type=search", "url2": null }, "geometry": { "type": "Point", "coordinates": [ 139.54230474047543, 35.384925130974217 ] } },
{ "type": "Feature", "properties": { "内容": "デイサービス・メイプル（紅葉）【通所介護】神奈川県横浜市戸塚区戸塚町3576新沢池ビル１階", "url": "https://www.kaigokensaku.mhlw.go.jp/14/index.php?action_kouhyou_detail_004_kani=true&JigyosyoCd=1471004083-00&ServiceCd=150&Type=search", "url2": "https://maple-yokohama.com" }, "geometry": { "type": "Point", "coordinates": [ 139.525665434952913, 35.396482522844281 ] } },
{ "type": "Feature", "properties": { "内容": "横浜市南戸塚地域ケアプラザ【通所介護】神奈川県横浜市戸塚区戸塚町２６２６－１３", "url": "https://www.kaigokensaku.mhlw.go.jp/14/index.php?action_kouhyou_detail_004_kani=true&JigyosyoCd=1471000743-00&ServiceCd=150&Type=search", "url2": "http://www.apollon.or.jp/minamitotsuka-cp" }, "geometry": { "type": "Point", "coordinates": [ 139.528110500000025, 35.3831509 ] } },
{ "type": "Feature", "properties": { "内容": "横浜市舞岡柏尾地域ケアプラザ【通所介護】神奈川県横浜市戸塚区舞岡町３７０５－１０", "url": "https://www.kaigokensaku.mhlw.go.jp/14/index.php?action_kouhyou_detail_004_kani=true&JigyosyoCd=1471000370-00&ServiceCd=150&Type=search", "url2": "http://www.hama-wel.or.jp/office/maioka/" }, "geometry": { "type": "Point", "coordinates": [ 139.546937, 35.4113585 ] } },
{ "type": "Feature", "properties": { "内容": "デイサービスセンター　クラシックレジデンス東戸塚【通所介護】神奈川県横浜市戸塚区上品濃1-18", "url": "https://www.kaigokensaku.mhlw.go.jp/14/index.php?action_kouhyou_detail_004_kani=true&JigyosyoCd=1471002137-00&ServiceCd=150&Type=search", "url2": "https://camellia-kai.com/wRHqFSeT/2VjLE--l" }, "geometry": { "type": "Point", "coordinates": [ 139.553444200000058, 35.4339414 ] } },
{ "type": "Feature", "properties": { "内容": "ルネサンス元氣ジム東戸塚【通所介護】神奈川県横浜市戸塚区平戸町1020-1レジデンスイシハン1階", "url": "https://www.kaigokensaku.mhlw.go.jp/14/index.php?action_kouhyou_detail_004_kani=true&JigyosyoCd=1471003507-00&ServiceCd=150&Type=search", "url2": "http://www.s-re.jp/" }, "geometry": { "type": "Point", "coordinates": [ 139.5658158, 35.4229599 ] } },
{ "type": "Feature", "properties": { "内容": "横浜市戸塚柏桜荘【通所介護】神奈川県横浜市戸塚区戸塚町２３０４－５老人福祉センター横浜市戸塚柏桜荘", "url": "https://www.kaigokensaku.mhlw.go.jp/14/index.php?action_kouhyou_detail_004_kani=true&JigyosyoCd=1471000198-00&ServiceCd=150&Type=search", "url2": "https://www.apollon.or.jp/hakuousou" }, "geometry": { "type": "Point", "coordinates": [ 139.523955200000046, 35.385606 ] } },
{ "type": "Feature", "properties": { "内容": "かがやきデイサービス踊場【通所介護】神奈川県横浜市戸塚区矢部町2048-1", "url": "https://www.kaigokensaku.mhlw.go.jp/14/index.php?action_kouhyou_detail_004_kani=true&JigyosyoCd=1471003390-00&ServiceCd=150&Type=search", "url2": "http://www.ymmd-scc.jp/location/odoriba" }, "geometry": { "type": "Point", "coordinates": [ 139.521345340602153, 35.408919498039381 ] } },
{ "type": "Feature", "properties": { "内容": "プチハウス【通所介護】神奈川県横浜市港南区下永谷6-8-4", "url": "https://www.kaigokensaku.mhlw.go.jp/14/index.php?action_kouhyou_detail_004_kani=true&JigyosyoCd=1471002780-00&ServiceCd=150&Type=search", "url2": null }, "geometry": { "type": "Point", "coordinates": [ 139.559678044504579, 35.414882574569447 ] } },
{ "type": "Feature", "properties": { "内容": "特別養護老人ホーム芙蓉苑【通所介護】神奈川県横浜市港南区下永谷4-21-10", "url": "https://www.kaigokensaku.mhlw.go.jp/14/index.php?action_kouhyou_detail_004_kani=true&JigyosyoCd=1473100020-00&ServiceCd=150&Type=search", "url2": "https://shafuku-doujinkai.or.jp/facility/nursing-home/fuyouen" }, "geometry": { "type": "Point", "coordinates": [ 139.557355899999948, 35.4013573 ] } },
{ "type": "Feature", "properties": { "内容": "横浜市下永谷地域ケアプラザ【通所介護】神奈川県横浜市港南区下永谷3－33－5", "url": "https://www.kaigokensaku.mhlw.go.jp/14/index.php?action_kouhyou_detail_004_kani=true&JigyosyoCd=1473100053-00&ServiceCd=150&Type=search", "url2": "https://shafuku-doujinkai.or.jp/facility/care-plaza/shimonagaya" }, "geometry": { "type": "Point", "coordinates": [ 139.563766399999963, 35.4058567 ] } },
{ "type": "Feature", "properties": { "内容": "デイサービスプラチナ倶楽部【通所介護】神奈川県横浜市港南区港南台６－９－１１", "url": "https://www.kaigokensaku.mhlw.go.jp/14/index.php?action_kouhyou_detail_004_kani=true&JigyosyoCd=1473100152-00&ServiceCd=150&Type=search", "url2": "https://puratina-club.com/" }, "geometry": { "type": "Point", "coordinates": [ 139.5894141, 35.3686057 ] } },
{ "type": "Feature", "properties": { "内容": "横浜市日下地域ケアプラザ【通所介護】神奈川県横浜市港南区笹下3-11-1", "url": "https://www.kaigokensaku.mhlw.go.jp/14/index.php?action_kouhyou_detail_004_kani=true&JigyosyoCd=1473100327-00&ServiceCd=150&Type=search", "url2": "https://le-pli.jp/facility/hishita-careplaza/" }, "geometry": { "type": "Point", "coordinates": [ 139.600232399999982, 35.3922005 ] } },
{ "type": "Feature", "properties": { "内容": "横浜市港南中央地域ケアプラザ【通所介護】神奈川県横浜市港南区港南4-2-7", "url": "https://www.kaigokensaku.mhlw.go.jp/14/index.php?action_kouhyou_detail_004_kani=true&JigyosyoCd=1473100343-00&ServiceCd=150&Type=search", "url2": "https://www.hama-wel.or.jp/branch/kounann/" }, "geometry": { "type": "Point", "coordinates": [ 139.593483099999958, 35.4010992 ] } },
{ "type": "Feature", "properties": { "内容": "ツクイ横浜港南台デイサービスセンター【通所介護】神奈川県横浜市港南区港南台7-50-2", "url": "https://www.kaigokensaku.mhlw.go.jp/14/index.php?action_kouhyou_detail_004_kani=true&JigyosyoCd=1473102968-00&ServiceCd=150&Type=search", "url2": "https://www.tsukui.net/home-care/2146/" }, "geometry": { "type": "Point", "coordinates": [ 139.5913768, 35.3733213 ] } },
{ "type": "Feature", "properties": { "内容": "レッツ倶楽部上永谷【通所介護】神奈川県横浜市港南区上永谷２－８－１０", "url": "https://www.kaigokensaku.mhlw.go.jp/14/index.php?action_kouhyou_detail_004_kani=true&JigyosyoCd=1473103057-00&ServiceCd=150&Type=search", "url2": "https://www.lets-club.jp/shop/kaminagaya/" }, "geometry": { "type": "Point", "coordinates": [ 139.5749894, 35.4023446 ] } },
{ "type": "Feature", "properties": { "内容": "レッツ俱楽部港南台【通所介護】神奈川県横浜市港南区港南台3-17-12ルミナスシティ港南台１F", "url": "https://www.kaigokensaku.mhlw.go.jp/14/index.php?action_kouhyou_detail_004_kani=true&JigyosyoCd=1473103081-00&ServiceCd=150&Type=search", "url2": "https://www.lets-club.jp/shop/konandai/" }, "geometry": { "type": "Point", "coordinates": [ 139.576892554598032, 35.378900459150586 ] } },
{ "type": "Feature", "properties": { "内容": "デイサービス　もこりた　横浜港南【通所介護】神奈川県横浜市港南区日野5丁目１-25ライオンズマンション上大岡１階B", "url": "https://www.kaigokensaku.mhlw.go.jp/14/index.php?action_kouhyou_detail_004_kani=true&JigyosyoCd=1473103347-00&ServiceCd=150&Type=search", "url2": "http://www.mokorita.co.jp/publics/index/53/" }, "geometry": { "type": "Point", "coordinates": [ 139.586250299999989, 35.3961195 ] } },
{ "type": "Feature", "properties": { "内容": "すずかけの郷　介護サービスセンター【通所介護】神奈川県横浜市港南区野庭町１６８８", "url": "https://www.kaigokensaku.mhlw.go.jp/14/index.php?action_kouhyou_detail_004_kani=true&JigyosyoCd=1473100012-00&ServiceCd=150&Type=search", "url2": "https://www.subaru-fukushi.or.jp/" }, "geometry": { "type": "Point", "coordinates": [ 139.565474600000016, 35.3866174 ] } },
{ "type": "Feature", "properties": { "内容": "横浜市東永谷地域ケアプラザ【通所介護】神奈川県横浜市港南区東永谷1-1-12", "url": "https://www.kaigokensaku.mhlw.go.jp/14/index.php?action_kouhyou_detail_004_kani=true&JigyosyoCd=1473100046-00&ServiceCd=150&Type=search", "url2": "https://www.yokohamashakyo.jp/higashinagaya/" }, "geometry": { "type": "Point", "coordinates": [ 139.582448099999965, 35.4062151 ] } },
{ "type": "Feature", "properties": { "内容": "木下の介護　上大岡【通所介護】神奈川県横浜市港南区日野6-11-3", "url": "https://www.kaigokensaku.mhlw.go.jp/14/index.php?action_kouhyou_detail_004_kani=true&JigyosyoCd=1473101564-00&ServiceCd=150&Type=search", "url2": "https://www.kinoshita-kaigo.co.jp/facility/day_service/day-service_kamiooka.html" }, "geometry": { "type": "Point", "coordinates": [ 139.577056199999987, 35.389709 ] } },
{ "type": "Feature", "properties": { "内容": "ハートネット・フィジオスタジオ　愛フィット港南【通所介護】神奈川県横浜市港南区日野2-22-22吉原ビル2F", "url": "https://www.kaigokensaku.mhlw.go.jp/14/index.php?action_kouhyou_detail_004_kani=true&JigyosyoCd=1473101895-00&ServiceCd=150&Type=search", "url2": "https://www.heart-net.co.jp/aifit/" }, "geometry": { "type": "Point", "coordinates": [ 139.581812, 35.3968523 ] } },
{ "type": "Feature", "properties": { "内容": "瑞穂の大地デイサービスセンター【通所介護】神奈川県横浜市港南区日野5-4-18貴奈美マンション1F", "url": "https://www.kaigokensaku.mhlw.go.jp/14/index.php?action_kouhyou_detail_004_kani=true&JigyosyoCd=1473102695-00&ServiceCd=150&Type=search", "url2": "http://shuhokai.or.jp/office/konan-ku/ds-mizuho.php" }, "geometry": { "type": "Point", "coordinates": [ 139.585656604893558, 35.396600101525472 ] } },
{ "type": "Feature", "properties": { "内容": "ツクイ横浜日野中央【通所介護】神奈川県横浜市港南区日野中央2-29-6", "url": "https://www.kaigokensaku.mhlw.go.jp/14/index.php?action_kouhyou_detail_004_kani=true&JigyosyoCd=1473102919-00&ServiceCd=150&Type=search", "url2": "https://www.tsukui.net/home-care/2458" }, "geometry": { "type": "Point", "coordinates": [ 139.5842078, 35.384358 ] } },
{ "type": "Feature", "properties": { "内容": "ツクイ横浜港南中央【通所介護】神奈川県横浜市港南区日野5-34-7", "url": "https://www.kaigokensaku.mhlw.go.jp/14/index.php?action_kouhyou_detail_004_kani=true&JigyosyoCd=1473102927-00&ServiceCd=150&Type=search", "url2": "https://www.tsukui.net/home-care/2152" }, "geometry": { "type": "Point", "coordinates": [ 139.580798, 35.391445 ] } },
{ "type": "Feature", "properties": { "内容": "上永谷デイサービスセンターすずかけの郷【通所介護】神奈川県横浜市港南区上永谷1-4-23", "url": "https://www.kaigokensaku.mhlw.go.jp/14/index.php?action_kouhyou_detail_004_kani=true&JigyosyoCd=1473101473-00&ServiceCd=150&Type=search", "url2": "https://www.subaru-fukushi.or.jp" }, "geometry": { "type": "Point", "coordinates": [ 139.580817700000011, 35.4039098 ] } },
{ "type": "Feature", "properties": { "内容": "ルネサンス元氣ジム港南台【通所介護】神奈川県横浜市港南区港南台5-20-31", "url": "https://www.kaigokensaku.mhlw.go.jp/14/index.php?action_kouhyou_detail_004_kani=true&JigyosyoCd=1473101887-00&ServiceCd=150&Type=search", "url2": "https://kaigo.s-re.jp/kg/" }, "geometry": { "type": "Point", "coordinates": [ 139.5823259, 35.3688085 ] } },
{ "type": "Feature", "properties": { "内容": "かがやきデイサービス芹が谷【通所介護】神奈川県横浜市港南区芹が谷5-57-10", "url": "https://www.kaigokensaku.mhlw.go.jp/14/index.php?action_kouhyou_detail_004_kani=true&JigyosyoCd=1473102414-00&ServiceCd=150&Type=search", "url2": "https://www.ymmd.co.jp/facility/detail/scc060/" }, "geometry": { "type": "Point", "coordinates": [ 139.5659465, 35.4177606 ] } },
{ "type": "Feature", "properties": { "内容": "パナソニックエイジフリーケアセンター港南台デイサービス【通所介護】神奈川県横浜市港南区港南台1-7-10マルアイビル１Ｆ", "url": "https://www.kaigokensaku.mhlw.go.jp/14/index.php?action_kouhyou_detail_004_kani=true&JigyosyoCd=1473101440-00&ServiceCd=150&Type=search", "url2": "https://sumai.panasonic.jp/agefree/map/detail.php?id=24" }, "geometry": { "type": "Point", "coordinates": [ 139.5779235, 35.383064911120996 ] } },
{ "type": "Feature", "properties": { "内容": "デイサービスフローレンスケア港南台【通所介護】神奈川県横浜市港南区港南台６－５－１３", "url": "https://www.kaigokensaku.mhlw.go.jp/14/index.php?action_kouhyou_detail_004_kani=true&JigyosyoCd=1473101051-00&ServiceCd=150&Type=search", "url2": "https://www.good-care.jp/" }, "geometry": { "type": "Point", "coordinates": [ 139.586500500000056, 35.3723747 ] } },
{ "type": "Feature", "properties": { "内容": "万騎が原地域ケアプラザ【通所介護】神奈川県横浜市旭区万騎が原4", "url": "https://www.kaigokensaku.mhlw.go.jp/14/index.php?action_kouhyou_detail_004_kani=true&JigyosyoCd=1473200044-00&ServiceCd=150&Type=search", "url2": "http://makigahara-cp.jp/" }, "geometry": { "type": "Point", "coordinates": [ 139.536692899999906, 35.4558359 ] } },
{ "type": "Feature", "properties": { "内容": "横浜市上白根地域ケアプラザ【通所介護】神奈川県横浜市旭区上白根町112", "url": "https://www.kaigokensaku.mhlw.go.jp/14/index.php?action_kouhyou_detail_004_kani=true&JigyosyoCd=1473200069-00&ServiceCd=150&Type=search", "url2": "https://www.yokohamashakyo.jp/kamishirane/" }, "geometry": { "type": "Point", "coordinates": [ 139.536948113105836, 35.488523005327139 ] } },
{ "type": "Feature", "properties": { "内容": "横浜市左近山地域ケアプラザ【通所介護】神奈川県横浜市旭区左近山1186-2", "url": "https://www.kaigokensaku.mhlw.go.jp/14/index.php?action_kouhyou_detail_004_kani=true&JigyosyoCd=1473200077-00&ServiceCd=150&Type=search", "url2": "http://www.fukushi-kousaikai.or.jp/careplaza" }, "geometry": { "type": "Point", "coordinates": [ 139.555277299999943, 35.455874800000011 ] } },
{ "type": "Feature", "properties": { "内容": "横浜市川井地域ケアプラザ【通所介護】神奈川県横浜市旭区川井本町57-8", "url": "https://www.kaigokensaku.mhlw.go.jp/14/index.php?action_kouhyou_detail_004_kani=true&JigyosyoCd=1473200085-00&ServiceCd=150&Type=search", "url2": "https://shuhokai.or.jp/office/asahi-ku/ds-kawai.php" }, "geometry": { "type": "Point", "coordinates": [ 139.5104414, 35.4938751 ] } },
{ "type": "Feature", "properties": { "内容": "介護支援センター　あけぼの会【通所介護】神奈川県横浜市旭区上川井町１２４１－１", "url": "https://www.kaigokensaku.mhlw.go.jp/14/index.php?action_kouhyou_detail_004_kani=true&JigyosyoCd=1473200143-00&ServiceCd=150&Type=search", "url2": "http://www.toureikai.jp" }, "geometry": { "type": "Point", "coordinates": [ 139.504669599999943, 35.4913251 ] } },
{ "type": "Feature", "properties": { "内容": "横浜市ひかりが丘地域ケアプラザ　通所介護【通所介護】神奈川県横浜市旭区上白根町807-2", "url": "https://www.kaigokensaku.mhlw.go.jp/14/index.php?action_kouhyou_detail_004_kani=true&JigyosyoCd=1473200598-00&ServiceCd=150&Type=search", "url2": "http://www.adventist-welfare.jp/hikarigaoka/" }, "geometry": { "type": "Point", "coordinates": [ 139.5342978, 35.498366900000015 ] } },
{ "type": "Feature", "properties": { "内容": "平成デイサービスセンター南本宿【通所介護】神奈川県横浜市旭区南本宿町109-1", "url": "https://www.kaigokensaku.mhlw.go.jp/14/index.php?action_kouhyou_detail_004_kani=true&JigyosyoCd=1473201976-00&ServiceCd=150&Type=search", "url2": "https://honjuku.tokuyou.jp/" }, "geometry": { "type": "Point", "coordinates": [ 139.542839500000014, 35.4565941 ] } },
{ "type": "Feature", "properties": { "内容": "横浜市今宿西地域ケアプラザ【通所介護】神奈川県横浜市旭区今宿西町410-1", "url": "https://www.kaigokensaku.mhlw.go.jp/14/index.php?action_kouhyou_detail_004_kani=true&JigyosyoCd=1473202065-00&ServiceCd=150&Type=search", "url2": "https://seikoukai-group.or.jp/imanishicare/service.html#dag" }, "geometry": { "type": "Point", "coordinates": [ 139.5278793, 35.4843103 ] } },
{ "type": "Feature", "properties": { "内容": "横浜市若葉台地域ケアプラザ【通所介護】神奈川県横浜市旭区若葉台四丁目16番地1号横浜市地域ケアプラザ", "url": "https://www.kaigokensaku.mhlw.go.jp/14/index.php?action_kouhyou_detail_004_kani=true&JigyosyoCd=1473202578-00&ServiceCd=150&Type=search", "url2": "http://www.wakabacp.server-shared.com/" }, "geometry": { "type": "Point", "coordinates": [ 139.49707520000004, 35.5062831 ] } },
{ "type": "Feature", "properties": { "内容": "レコードブック三ツ境【通所介護】神奈川県横浜市旭区笹野台1-32-10G・Cアネックスビル１F", "url": "https://www.kaigokensaku.mhlw.go.jp/14/index.php?action_kouhyou_detail_004_kani=true&JigyosyoCd=1473202917-00&ServiceCd=150&Type=search", "url2": "http://www.kokorobiz.jp/" }, "geometry": { "type": "Point", "coordinates": [ 139.506164600000034, 35.4678067 ] } },
{ "type": "Feature", "properties": { "内容": "デイサービスとわ今宿【通所介護】神奈川県横浜市旭区今宿西町1942", "url": "https://www.kaigokensaku.mhlw.go.jp/14/index.php?action_kouhyou_detail_004_kani=true&JigyosyoCd=1473202933-00&ServiceCd=150&Type=search", "url2": "https://www.dayservice-towa.com/annnai/imajyuku.html" }, "geometry": { "type": "Point", "coordinates": [ 139.530428327816708, 35.482500085142043 ] } },
{ "type": "Feature", "properties": { "内容": "フレンドシップあさひスポーツデイ【通所介護】神奈川県横浜市旭区鶴ヶ峰本町1-34-10内田ビル2階", "url": "https://www.kaigokensaku.mhlw.go.jp/14/index.php?action_kouhyou_detail_004_kani=true&JigyosyoCd=1473203154-00&ServiceCd=150&Type=search", "url2": "https://fs-asahi.com/" }, "geometry": { "type": "Point", "coordinates": [ 139.543889300000046, 35.4758196 ] } },
{ "type": "Feature", "properties": { "内容": "ルネサンス元氣ジム三ツ境【通所介護】神奈川県横浜市旭区笹野台1-20-13穴水ビル１階", "url": "https://www.kaigokensaku.mhlw.go.jp/14/index.php?action_kouhyou_detail_004_kani=true&JigyosyoCd=1473203428-00&ServiceCd=150&Type=search", "url2": "https://www.s-re.jp/" }, "geometry": { "type": "Point", "coordinates": [ 139.505331542327923, 35.470170826543054 ] } },
{ "type": "Feature", "properties": { "内容": "ツクイ横浜旭川井宿【通所介護】神奈川県横浜市旭区川井宿町5-2", "url": "https://www.kaigokensaku.mhlw.go.jp/14/index.php?action_kouhyou_detail_004_kani=true&JigyosyoCd=1473203527-00&ServiceCd=150&Type=search", "url2": "https://www.tsukui.net/" }, "geometry": { "type": "Point", "coordinates": [ 139.516393479762257, 35.489355549707994 ] } },
{ "type": "Feature", "properties": { "内容": "レコードブック二俣川【通所介護】神奈川県横浜市旭区本村町44-1シャンテール1階", "url": "https://www.kaigokensaku.mhlw.go.jp/14/index.php?action_kouhyou_detail_004_kani=true&JigyosyoCd=1473203667-00&ServiceCd=150&Type=search", "url2": "https://www.kokorobiz.jp/" }, "geometry": { "type": "Point", "coordinates": [ 139.537723199999988, 35.468181 ] } },
{ "type": "Feature", "properties": { "内容": "倉成介護支援センター【通所介護】神奈川県横浜市旭区桐が作1605-5", "url": "https://www.kaigokensaku.mhlw.go.jp/14/index.php?action_kouhyou_detail_004_kani=true&JigyosyoCd=1473200382-00&ServiceCd=150&Type=search", "url2": null }, "geometry": { "type": "Point", "coordinates": [ 139.5504972, 35.4533195 ] } },
{ "type": "Feature", "properties": { "内容": "横浜市鶴ケ峰地域ケアプラザ【通所介護】神奈川県横浜市旭区鶴ケ峰１－３８－３", "url": "https://www.kaigokensaku.mhlw.go.jp/14/index.php?action_kouhyou_detail_004_kani=true&JigyosyoCd=1473200432-00&ServiceCd=150&Type=search", "url2": "https://www.hama-wel.or.jp/branch/tsurugamine/" }, "geometry": { "type": "Point", "coordinates": [ 139.550649900000053, 35.4723645 ] } },
{ "type": "Feature", "properties": { "内容": "横浜市南希望が丘地域ケアプラザ【通所介護】神奈川県横浜市旭区南希望が丘７２－３", "url": "https://www.kaigokensaku.mhlw.go.jp/14/index.php?action_kouhyou_detail_004_kani=true&JigyosyoCd=1473201646-00&ServiceCd=150&Type=search", "url2": "http://www.seikoukai.or.jp/" }, "geometry": { "type": "Point", "coordinates": [ 139.515050299999984, 35.452578 ] } },
{ "type": "Feature", "properties": { "内容": "かがやきデイサービス希望が丘【通所介護】神奈川県横浜市旭区東希望が丘104-16", "url": "https://www.kaigokensaku.mhlw.go.jp/14/index.php?action_kouhyou_detail_004_kani=true&JigyosyoCd=1473202891-00&ServiceCd=150&Type=search", "url2": "https://www.ymmd.co.jp/scc/" }, "geometry": { "type": "Point", "coordinates": [ 139.513280900000041, 35.4611103 ] } },
{ "type": "Feature", "properties": { "内容": "デイサービス都岡の樹【通所介護】神奈川県横浜市旭区都岡町51番地の5", "url": "https://www.kaigokensaku.mhlw.go.jp/14/index.php?action_kouhyou_detail_004_kani=true&JigyosyoCd=1473203337-00&ServiceCd=150&Type=search", "url2": "https://tsuokanoki.jp" }, "geometry": { "type": "Point", "coordinates": [ 139.524448099999972, 35.491324 ] } },
{ "type": "Feature", "properties": { "内容": "レコードブック南万騎が原【通所介護】神奈川県横浜市旭区柏町36-15柏ハーモニビル1階", "url": "https://www.kaigokensaku.mhlw.go.jp/14/index.php?action_kouhyou_detail_004_kani=true&JigyosyoCd=1473203360-00&ServiceCd=150&Type=search", "url2": "https://www.kokorobiz.jp/" }, "geometry": { "type": "Point", "coordinates": [ 139.525421700000038, 35.451142 ] } },
{ "type": "Feature", "properties": { "内容": "レコードブック川井【通所介護】神奈川県横浜市旭区川井本町109-2", "url": "https://www.kaigokensaku.mhlw.go.jp/14/index.php?action_kouhyou_detail_004_kani=true&JigyosyoCd=1473203766-00&ServiceCd=150&Type=search", "url2": "https://www.kokorobiz.jp" }, "geometry": { "type": "Point", "coordinates": [ 139.5078181, 35.4940305 ] } },
{ "type": "Feature", "properties": { "内容": "プラチナライフ横浜善部町【通所介護】神奈川県横浜市旭区善部町72‐1", "url": "https://www.kaigokensaku.mhlw.go.jp/14/index.php?action_kouhyou_detail_004_kani=true&JigyosyoCd=1473203907-00&ServiceCd=150&Type=search", "url2": "https://www.welfuture.co.jp" }, "geometry": { "type": "Point", "coordinates": [ 139.509801700000054, 35.4502633 ] } },
{ "type": "Feature", "properties": { "内容": "横浜市今宿地域ケアプラザ【通所介護】神奈川県横浜市旭区今宿町2647-2", "url": "https://www.kaigokensaku.mhlw.go.jp/14/index.php?action_kouhyou_detail_004_kani=true&JigyosyoCd=1473200465-00&ServiceCd=150&Type=search", "url2": "https://www.imajuku-cp.jp/" }, "geometry": { "type": "Point", "coordinates": [ 139.516286199999968, 35.4699842 ] } },
{ "type": "Feature", "properties": { "内容": "メディカルフィットネスIRODORI【通所介護】神奈川県横浜市緑区鴨居３－４０－７ヴィラ・プレザンス1階", "url": "https://www.kaigokensaku.mhlw.go.jp/14/index.php?action_kouhyou_detail_004_kani=true&JigyosyoCd=1473303061-00&ServiceCd=150&Type=search", "url2": null }, "geometry": { "type": "Point", "coordinates": [ 139.572298, 35.5036027 ] } },
{ "type": "Feature", "properties": { "内容": "横浜市十日市場地域ケアプラザ【通所介護】神奈川県横浜市緑区十日市場町８２５－１", "url": "https://www.kaigokensaku.mhlw.go.jp/14/index.php?action_kouhyou_detail_004_kani=true&JigyosyoCd=1473300034-00&ServiceCd=150&Type=search", "url2": "https://kyosaikai.jp/service/tokaichiba-care/" }, "geometry": { "type": "Point", "coordinates": [ 139.517782300000022, 35.5242355 ] } },
{ "type": "Feature", "properties": { "内容": "横浜市長津田地域ケアプラザ【通所介護】神奈川県横浜市緑区長津田2-11-2", "url": "https://www.kaigokensaku.mhlw.go.jp/14/index.php?action_kouhyou_detail_004_kani=true&JigyosyoCd=1473300042-00&ServiceCd=150&Type=search", "url2": "https://www.yokohamashakyo.jp/nagatsuta/" }, "geometry": { "type": "Point", "coordinates": [ 139.495919100000037, 35.5337867 ] } },
{ "type": "Feature", "properties": { "内容": "横浜市中山地域ケアプラザ【通所介護】神奈川県横浜市緑区中山2丁目1番1号", "url": "https://www.kaigokensaku.mhlw.go.jp/14/index.php?action_kouhyou_detail_004_kani=true&JigyosyoCd=1473300059-00&ServiceCd=150&Type=search", "url2": "https://www.hama-wel.or.jp/branch/nakayama/" }, "geometry": { "type": "Point", "coordinates": [ 139.543416311614919, 35.516344171792497 ] } },
{ "type": "Feature", "properties": { "内容": "デイサービスセンター　しょうじゅの里三保【通所介護】神奈川県横浜市緑区三保町171-1", "url": "https://www.kaigokensaku.mhlw.go.jp/14/index.php?action_kouhyou_detail_004_kani=true&JigyosyoCd=1473300869-00&ServiceCd=150&Type=search", "url2": "http://www.akaedakai.com/miho" }, "geometry": { "type": "Point", "coordinates": [ 139.512368700000025, 35.5066372 ] } },
{ "type": "Feature", "properties": { "内容": "セントケア横浜緑デイサービスセンター【通所介護】神奈川県横浜市緑区長津田みなみ台1-33-5ユニバーサルみなみ台101", "url": "https://www.kaigokensaku.mhlw.go.jp/14/index.php?action_kouhyou_detail_004_kani=true&JigyosyoCd=1473301214-00&ServiceCd=150&Type=search", "url2": "http://www.saintc-k.com/" }, "geometry": { "type": "Point", "coordinates": [ 139.496727599999986, 35.5210223 ] } },
{ "type": "Feature", "properties": { "内容": "横浜市鴨居地域ケアプラザ【通所介護】神奈川県横浜市緑区鴨居5-29-8", "url": "https://www.kaigokensaku.mhlw.go.jp/14/index.php?action_kouhyou_detail_004_kani=true&JigyosyoCd=1473301248-00&ServiceCd=150&Type=search", "url2": "https://seikoukai-group.or.jp" }, "geometry": { "type": "Point", "coordinates": [ 139.563409200000024, 35.5043498 ] } },
{ "type": "Feature", "properties": { "内容": "横浜市霧が丘地域ケアプラザ【通所介護】神奈川県横浜市緑区霧が丘3-23", "url": "https://www.kaigokensaku.mhlw.go.jp/14/index.php?action_kouhyou_detail_004_kani=true&JigyosyoCd=1473301313-00&ServiceCd=150&Type=search", "url2": "http://kirigaoka.foryou.or.jp" }, "geometry": { "type": "Point", "coordinates": [ 139.504555200000027, 35.51626 ] } },
{ "type": "Feature", "properties": { "内容": "デイサービスセンター　よさこい【通所介護】神奈川県横浜市緑区北八朔町1368-1", "url": "https://www.kaigokensaku.mhlw.go.jp/14/index.php?action_kouhyou_detail_004_kani=true&JigyosyoCd=1473301545-00&ServiceCd=150&Type=search", "url2": "http://www.yosakoi-home.com/index.html" }, "geometry": { "type": "Point", "coordinates": [ 139.542613599999981, 35.5248721 ] } },
{ "type": "Feature", "properties": { "内容": "機能訓練特化型デイサービス　とわ【通所介護】神奈川県横浜市緑区白山1-2-14", "url": "https://www.kaigokensaku.mhlw.go.jp/14/index.php?action_kouhyou_detail_004_kani=true&JigyosyoCd=1473301875-00&ServiceCd=150&Type=search", "url2": "https://www.dayservice-towa.com/" }, "geometry": { "type": "Point", "coordinates": [ 139.561820300000022, 35.5096324 ] } },
{ "type": "Feature", "properties": { "内容": "リハテラス長津田【通所介護】神奈川県横浜市緑区長津田5-3-34サンエースビル1Ｆ", "url": "https://www.kaigokensaku.mhlw.go.jp/14/index.php?action_kouhyou_detail_004_kani=true&JigyosyoCd=1473302154-00&ServiceCd=150&Type=search", "url2": "https://www.rehaterrace.com/store/store06.php" }, "geometry": { "type": "Point", "coordinates": [ 139.495580300000029, 35.5304761 ] } },
{ "type": "Feature", "properties": { "内容": "ツクイ横浜霧が丘【通所介護】神奈川県横浜市緑区霧が丘1-17-8", "url": "https://www.kaigokensaku.mhlw.go.jp/14/index.php?action_kouhyou_detail_004_kani=true&JigyosyoCd=1473302790-00&ServiceCd=150&Type=search", "url2": "https://www.tsukui.net/home-care/2719S/" }, "geometry": { "type": "Point", "coordinates": [ 139.508276200000012, 35.5169989 ] } },
{ "type": "Feature", "properties": { "内容": "ツクイ横浜三保【通所介護】神奈川県横浜市緑区三保町3016-6", "url": "https://www.kaigokensaku.mhlw.go.jp/14/index.php?action_kouhyou_detail_004_kani=true&JigyosyoCd=1473302808-00&ServiceCd=150&Type=search", "url2": "https://www.tsukui.net/home-care/2225/" }, "geometry": { "type": "Point", "coordinates": [ 139.525965099999979, 35.51852 ] } },
{ "type": "Feature", "properties": { "内容": "サニタ・メディカルラボ十日市場【通所介護】神奈川県横浜市緑区十日市場町814－9エクセレントビル1階", "url": "https://www.kaigokensaku.mhlw.go.jp/14/index.php?action_kouhyou_detail_004_kani=true&JigyosyoCd=1473302881-00&ServiceCd=150&Type=search", "url2": null }, "geometry": { "type": "Point", "coordinates": [ 139.5146265, 35.5239198 ] } },
{ "type": "Feature", "properties": { "内容": "通所介護事業所　やすら樹【通所介護】神奈川県横浜市緑区十日市場町868-1", "url": "https://www.kaigokensaku.mhlw.go.jp/14/index.php?action_kouhyou_detail_004_kani=true&JigyosyoCd=1473302972-00&ServiceCd=150&Type=search", "url2": "https://nagataseikei.com" }, "geometry": { "type": "Point", "coordinates": [ 139.5130601, 35.5255179 ] } },
{ "type": "Feature", "properties": { "内容": "エム・アップ　デイサービス　東本郷【通所介護】神奈川県横浜市緑区東本郷4-34-3", "url": "https://www.kaigokensaku.mhlw.go.jp/14/index.php?action_kouhyou_detail_004_kani=true&JigyosyoCd=1473301057-00&ServiceCd=150&Type=search", "url2": "http://www.m-app.co.jp/higashihongou/" }, "geometry": { "type": "Point", "coordinates": [ 139.58200510000006, 35.5092914 ] } },
{ "type": "Feature", "properties": { "内容": "ミモザ横浜霧が丘【通所介護】神奈川県横浜市緑区霧が丘5-25-1", "url": "https://www.kaigokensaku.mhlw.go.jp/14/index.php?action_kouhyou_detail_004_kani=true&JigyosyoCd=1473301784-00&ServiceCd=150&Type=search", "url2": "https://mimoza-care.com/facility/day-service/post-1566/" }, "geometry": { "type": "Point", "coordinates": [ 139.5041774, 35.5138604 ] } },
{ "type": "Feature", "properties": { "内容": "デイサービスセンターなかやま【通所介護】神奈川県横浜市緑区上山二丁目35番1号", "url": "https://www.kaigokensaku.mhlw.go.jp/14/index.php?action_kouhyou_detail_004_kani=true&JigyosyoCd=1473302576-00&ServiceCd=150&Type=search", "url2": "https://www.chi-ga.jp" }, "geometry": { "type": "Point", "coordinates": [ 139.549810100000059, 35.5067687 ] } },
{ "type": "Feature", "properties": { "内容": "デイサービスなごみ【通所介護】神奈川県横浜市緑区上山1丁目12番10号和み邸・中山", "url": "https://www.kaigokensaku.mhlw.go.jp/14/index.php?action_kouhyou_detail_004_kani=true&JigyosyoCd=1473302584-00&ServiceCd=150&Type=search", "url2": "https://kamoibyouin.or.jp/nagomitei/nakayama/" }, "geometry": { "type": "Point", "coordinates": [ 139.549218365403249, 35.509704647041339 ] } },
{ "type": "Feature", "properties": { "内容": "オハナ横浜十日市場【通所介護】神奈川県横浜市緑区十日市場町１２５８－９２クレールレジデンス横浜十日市場２階", "url": "https://www.kaigokensaku.mhlw.go.jp/14/index.php?action_kouhyou_detail_004_kani=true&JigyosyoCd=1473302600-00&ServiceCd=150&Type=search", "url2": "https://www.tokyu-ohana.jp/tooka/" }, "geometry": { "type": "Point", "coordinates": [ 139.515155434393364, 35.521879576757314 ] } },
{ "type": "Feature", "properties": { "内容": "ライトハウス【通所介護】神奈川県横浜市緑区長津田町2733", "url": "https://www.kaigokensaku.mhlw.go.jp/14/index.php?action_kouhyou_detail_004_kani=true&JigyosyoCd=1473302980-00&ServiceCd=150&Type=search", "url2": "https://jala.co.jp" }, "geometry": { "type": "Point", "coordinates": [ 139.4906643, 35.5283485 ] } },
{ "type": "Feature", "properties": { "内容": "リハビリフィットネスUmi　chefs【通所介護】神奈川県横浜市緑区霧が丘3-16-1", "url": "https://www.kaigokensaku.mhlw.go.jp/14/index.php?action_kouhyou_detail_004_kani=true&JigyosyoCd=1473303129-00&ServiceCd=150&Type=search", "url2": "https://chefs-dayservice.jp/umichefs/" }, "geometry": { "type": "Point", "coordinates": [ 139.5070824, 35.5180449 ] } },
{ "type": "Feature", "properties": { "内容": "リハビリテーションセンター　おとなりさん【通所介護】神奈川県横浜市緑区十日市場町808-2", "url": "https://www.kaigokensaku.mhlw.go.jp/14/index.php?action_kouhyou_detail_004_kani=true&JigyosyoCd=1473301487-00&ServiceCd=150&Type=search", "url2": null }, "geometry": { "type": "Point", "coordinates": [ 139.515346300000033, 35.5244685 ] } },
{ "type": "Feature", "properties": { "内容": "横浜市阿久和地域ケアプラザ【通所介護】神奈川県横浜市瀬谷区阿久和南２－９－２", "url": "https://www.kaigokensaku.mhlw.go.jp/14/index.php?action_kouhyou_detail_004_kani=true&JigyosyoCd=1473400040-00&ServiceCd=150&Type=search", "url2": "http://shonanyuuaikai.or.jp/careplaza.html" }, "geometry": { "type": "Point", "coordinates": [ 139.500746, 35.4444706 ] } },
{ "type": "Feature", "properties": { "内容": "横浜市下瀬谷地域ケアプラザ【通所介護】神奈川県横浜市瀬谷区下瀬谷２－４４－６", "url": "https://www.kaigokensaku.mhlw.go.jp/14/index.php?action_kouhyou_detail_004_kani=true&JigyosyoCd=1473400131-00&ServiceCd=150&Type=search", "url2": "https://shafuku-doujinkai.or.jp/facility/care-plaza/shimoseya" }, "geometry": { "type": "Point", "coordinates": [ 139.482510899999966, 35.454497 ] } },
{ "type": "Feature", "properties": { "内容": "デイサービス　ビーンズリハビリセンター【通所介護】神奈川県横浜市瀬谷区瀬谷１－２３－４", "url": "https://www.kaigokensaku.mhlw.go.jp/14/index.php?action_kouhyou_detail_004_kani=true&JigyosyoCd=1473400826-00&ServiceCd=150&Type=search", "url2": "http://www.rehabilitation.pro/" }, "geometry": { "type": "Point", "coordinates": [ 139.492332199999964, 35.4666929 ] } },
{ "type": "Feature", "properties": { "内容": "ファミリーイン瀬谷デイサービスセンター【通所介護】神奈川県横浜市瀬谷区中屋敷三丁目11番地1", "url": "https://www.kaigokensaku.mhlw.go.jp/14/index.php?action_kouhyou_detail_004_kani=true&JigyosyoCd=1473400834-00&ServiceCd=150&Type=search", "url2": "http://www.seishinfukushikai.jp" }, "geometry": { "type": "Point", "coordinates": [ 139.482385, 35.4828062 ] } },
{ "type": "Feature", "properties": { "内容": "パナソニック　エイジフリーケアセンター瀬谷・デイサービス【通所介護】神奈川県横浜市瀬谷区二ツ橋町386-4マルヤスビル１F", "url": "https://www.kaigokensaku.mhlw.go.jp/14/index.php?action_kouhyou_detail_004_kani=true&JigyosyoCd=1473400867-00&ServiceCd=150&Type=search", "url2": "https://sumai.panasonic.jp/agefree/" }, "geometry": { "type": "Point", "coordinates": [ 139.493903600000067, 35.468266 ] } },
{ "type": "Feature", "properties": { "内容": "ビーンズリハビリセンターフィジオ【通所介護】神奈川県横浜市瀬谷区瀬谷1-23-4", "url": "https://www.kaigokensaku.mhlw.go.jp/14/index.php?action_kouhyou_detail_004_kani=true&JigyosyoCd=1473401188-00&ServiceCd=150&Type=search", "url2": "http://yokohama.rehabilitation.pro/" }, "geometry": { "type": "Point", "coordinates": [ 139.492332199999964, 35.4666929 ] } },
{ "type": "Feature", "properties": { "内容": "～憩Cafe～　南瀬谷【通所介護】神奈川県横浜市瀬谷区南瀬谷1丁目59番地12", "url": "https://www.kaigokensaku.mhlw.go.jp/14/index.php?action_kouhyou_detail_004_kani=true&JigyosyoCd=1473401386-00&ServiceCd=150&Type=search", "url2": "https://www.h-t-hd.com/ikoiminamiseya" }, "geometry": { "type": "Point", "coordinates": [ 139.487977300000011, 35.4521086 ] } },
{ "type": "Feature", "properties": { "内容": "ブルーミングケア横浜瀬谷【通所介護】神奈川県横浜市瀬谷区竹村町11-37", "url": "https://www.kaigokensaku.mhlw.go.jp/14/index.php?action_kouhyou_detail_004_kani=true&JigyosyoCd=1473401790-00&ServiceCd=150&Type=search", "url2": "https://witham.bloomingcare.net" }, "geometry": { "type": "Point", "coordinates": [ 139.474488884655756, 35.487551771732555 ] } },
{ "type": "Feature", "properties": { "内容": "デイサービス　とわ　下瀬谷【通所介護】神奈川県横浜市瀬谷区下瀬谷1-14-7", "url": "https://www.kaigokensaku.mhlw.go.jp/14/index.php?action_kouhyou_detail_004_kani=true&JigyosyoCd=1473401808-00&ServiceCd=150&Type=search", "url2": "http://www.dayservice-towa.com/sp/annnai/shimoseya.html" }, "geometry": { "type": "Point", "coordinates": [ 139.48302842698368, 35.45255915867795 ] } },
{ "type": "Feature", "properties": { "内容": "ツクイ横浜瀬谷第二【通所介護】神奈川県横浜市瀬谷区瀬谷5-16-36", "url": "https://www.kaigokensaku.mhlw.go.jp/14/index.php?action_kouhyou_detail_004_kani=true&JigyosyoCd=1473401915-00&ServiceCd=150&Type=search", "url2": "https://www.tsukui.net" }, "geometry": { "type": "Point", "coordinates": [ 139.480122599999987, 35.4684706 ] } },
{ "type": "Feature", "properties": { "内容": "デイサービス輝の杜【通所介護】神奈川県横浜市瀬谷区五貫目町１０－３８", "url": "https://www.kaigokensaku.mhlw.go.jp/14/index.php?action_kouhyou_detail_004_kani=true&JigyosyoCd=1473400784-00&ServiceCd=150&Type=search", "url2": "https://www.gsen.or.jp/kagayaki/home-service/day-service/" }, "geometry": { "type": "Point", "coordinates": [ 139.470632099999989, 35.4989632 ] } },
{ "type": "Feature", "properties": { "内容": "デイサービスセンターみなみの苑【通所介護】神奈川県横浜市瀬谷区阿久和南３丁目２８番地３", "url": "https://www.kaigokensaku.mhlw.go.jp/14/index.php?action_kouhyou_detail_004_kani=true&JigyosyoCd=1473400248-00&ServiceCd=150&Type=search", "url2": "http://www.aikokai-minamigp.or.jp/dayservice/" }, "geometry": { "type": "Point", "coordinates": [ 139.503518100000065, 35.437402 ] } },
{ "type": "Feature", "properties": { "内容": "横浜市中屋敷地域ケアプラザ【通所介護】神奈川県横浜市瀬谷区中屋敷2-18-6", "url": "https://www.kaigokensaku.mhlw.go.jp/14/index.php?action_kouhyou_detail_004_kani=true&JigyosyoCd=1473400149-00&ServiceCd=150&Type=search", "url2": "https://i.seikoukai.or.jp" }, "geometry": { "type": "Point", "coordinates": [ 139.47658249999995, 35.4838336 ] } },
{ "type": "Feature", "properties": { "内容": "SOMPOケア　ハッピーデイズ瀬谷【通所介護】神奈川県横浜市瀬谷区阿久和南4-4-2", "url": "https://www.kaigokensaku.mhlw.go.jp/14/index.php?action_kouhyou_detail_004_kani=true&JigyosyoCd=1473401709-00&ServiceCd=150&Type=search", "url2": "https://www.sompocare.com/" }, "geometry": { "type": "Point", "coordinates": [ 139.496912899999984, 35.44469 ] } },
{ "type": "Feature", "properties": { "内容": "ハートフルリハ【通所介護】神奈川県横浜市栄区笠間2-7-8", "url": "https://www.kaigokensaku.mhlw.go.jp/14/index.php?action_kouhyou_detail_004_kani=true&JigyosyoCd=1473501839-00&ServiceCd=150&Type=search", "url2": "http://www.heartful-k.co.jp" }, "geometry": { "type": "Point", "coordinates": [ 139.537670058860783, 35.357461526306025 ] } },
{ "type": "Feature", "properties": { "内容": "横浜市笠間地域ケアプラザ【通所介護】神奈川県横浜市栄区笠間1-1-1", "url": "https://www.kaigokensaku.mhlw.go.jp/14/index.php?action_kouhyou_detail_004_kani=true&JigyosyoCd=1473500245-00&ServiceCd=150&Type=search", "url2": "http://shafuku-doujinkai.or.jp/works/careplaza/kasama/" }, "geometry": { "type": "Point", "coordinates": [ 139.5325825, 35.3555017 ] } },
{ "type": "Feature", "properties": { "内容": "日日是好日【通所介護】神奈川県横浜市栄区笠間2-31-6笠間ビル101", "url": "https://www.kaigokensaku.mhlw.go.jp/14/index.php?action_kouhyou_detail_004_kani=true&JigyosyoCd=1473501573-00&ServiceCd=150&Type=search", "url2": null }, "geometry": { "type": "Point", "coordinates": [ 139.5404499, 35.36126450000004 ] } },
{ "type": "Feature", "properties": { "内容": "横浜市豊田地域ケアプラザ【通所介護】神奈川県横浜市栄区飯島町1368-10", "url": "https://www.kaigokensaku.mhlw.go.jp/14/index.php?action_kouhyou_detail_004_kani=true&JigyosyoCd=1473500039-00&ServiceCd=150&Type=search", "url2": "https://www.yokohamashakyo.jp/toyoda/index.html" }, "geometry": { "type": "Point", "coordinates": [ 139.539090399999964, 35.3751437 ] } },
{ "type": "Feature", "properties": { "内容": "横浜市中野地域ケアプラザ【通所介護】神奈川県横浜市栄区中野町400番地2", "url": "https://www.kaigokensaku.mhlw.go.jp/14/index.php?action_kouhyou_detail_004_kani=true&JigyosyoCd=1473500047-00&ServiceCd=150&Type=search", "url2": "https://le-pli.jp" }, "geometry": { "type": "Point", "coordinates": [ 139.567093900000032, 35.3646978 ] } },
{ "type": "Feature", "properties": { "内容": "横浜市桂台地域ケアプラザ【通所介護】神奈川県横浜市栄区桂台中４―５", "url": "https://www.kaigokensaku.mhlw.go.jp/14/index.php?action_kouhyou_detail_004_kani=true&JigyosyoCd=1473500054-00&ServiceCd=150&Type=search", "url2": "https://www.houmon-no-ie.or.jp/cp-katuradai/index.php" }, "geometry": { "type": "Point", "coordinates": [ 139.564363599999979, 35.353152 ] } },
{ "type": "Feature", "properties": { "内容": "かがやきデイサービス横浜長沼【通所介護】神奈川県横浜市栄区長沼町110番地の1", "url": "https://www.kaigokensaku.mhlw.go.jp/14/index.php?action_kouhyou_detail_004_kani=true&JigyosyoCd=1473501185-00&ServiceCd=150&Type=search", "url2": "http://www.ymmd-scc.jp/location/yokohamanaganuma/" }, "geometry": { "type": "Point", "coordinates": [ 139.535937700321909, 35.381409036492855 ] } },
{ "type": "Feature", "properties": { "内容": "Dayさーびす　MISONO　かまくらみち【通所介護】神奈川県横浜市栄区鍛冶ヶ谷１－３－２７", "url": "https://www.kaigokensaku.mhlw.go.jp/14/index.php?action_kouhyou_detail_004_kani=true&JigyosyoCd=1473501318-00&ServiceCd=150&Type=search", "url2": "http://www.kotokukai.or.jp/day/" }, "geometry": { "type": "Point", "coordinates": [ 139.559743117196632, 35.364874644907594 ] } },
{ "type": "Feature", "properties": { "内容": "デイサービスセンター福寿よこはま栄【通所介護】神奈川県横浜市栄区小菅ヶ谷3-60-18", "url": "https://www.kaigokensaku.mhlw.go.jp/14/index.php?action_kouhyou_detail_004_kani=true&JigyosyoCd=1473501326-00&ServiceCd=150&Type=search", "url2": null }, "geometry": { "type": "Point", "coordinates": [ 139.554511700000035, 35.3737495 ] } },
{ "type": "Feature", "properties": { "内容": "ARFIT本郷台【通所介護】神奈川県横浜市栄区本郷台2-7-2", "url": "https://www.kaigokensaku.mhlw.go.jp/14/index.php?action_kouhyou_detail_004_kani=true&JigyosyoCd=1473501441-00&ServiceCd=150&Type=search", "url2": "http://www.arfit.net/" }, "geometry": { "type": "Point", "coordinates": [ 139.5464816, 35.3706277 ] } },
{ "type": "Feature", "properties": { "内容": "ツクイ横浜小菅ヶ谷【通所介護】神奈川県横浜市栄区小菅ケ谷4-33-13", "url": "https://www.kaigokensaku.mhlw.go.jp/14/index.php?action_kouhyou_detail_004_kani=true&JigyosyoCd=1473501607-00&ServiceCd=150&Type=search", "url2": "https://www.tsukui.net/" }, "geometry": { "type": "Point", "coordinates": [ 139.5526289, 35.3815911 ] } },
{ "type": "Feature", "properties": { "内容": "ルネサンス元氣ジム戸塚【通所介護】神奈川県横浜市栄区長沼町198", "url": "https://www.kaigokensaku.mhlw.go.jp/14/index.php?action_kouhyou_detail_004_kani=true&JigyosyoCd=1473501656-00&ServiceCd=150&Type=search", "url2": "https://kaigo.s-re.jp/kg/" }, "geometry": { "type": "Point", "coordinates": [ 139.53681, 35.3807224 ] } },
{ "type": "Feature", "properties": { "内容": "SOMPOケア　ハッピーデイズ横浜本郷台【通所介護】神奈川県横浜市栄区小菅ヶ谷1-22-5", "url": "https://www.kaigokensaku.mhlw.go.jp/14/index.php?action_kouhyou_detail_004_kani=true&JigyosyoCd=1473501714-00&ServiceCd=150&Type=search", "url2": "https://www.sompocare.com/service/zaitaku/dayservice/Z000852" }, "geometry": { "type": "Point", "coordinates": [ 139.543606255568648, 35.365767142894683 ] } },
{ "type": "Feature", "properties": { "内容": "特別養護老人ホーム　クロスハート栄・横浜【通所介護】神奈川県横浜市栄区公田町１０２０番５", "url": "https://www.kaigokensaku.mhlw.go.jp/14/index.php?action_kouhyou_detail_004_kani=true&JigyosyoCd=1473500153-00&ServiceCd=150&Type=search", "url2": "https://www.shinkoufukushikai.com" }, "geometry": { "type": "Point", "coordinates": [ 139.558419700000087, 35.3509689 ] } },
{ "type": "Feature", "properties": { "内容": "横浜市小菅ケ谷地域ケアプラザ【通所介護】神奈川県横浜市栄区小菅ケ谷3-32-12", "url": "https://www.kaigokensaku.mhlw.go.jp/14/index.php?action_kouhyou_detail_004_kani=true&JigyosyoCd=1473500229-00&ServiceCd=150&Type=search", "url2": "http://www.hama-wel.or.jp" }, "geometry": { "type": "Point", "coordinates": [ 139.5539867, 35.3693084 ] } },
{ "type": "Feature", "properties": { "内容": "セントケア上郷【通所介護】神奈川県横浜市栄区上郷町160-1", "url": "https://www.kaigokensaku.mhlw.go.jp/14/index.php?action_kouhyou_detail_004_kani=true&JigyosyoCd=1473501094-00&ServiceCd=150&Type=search", "url2": "http://www.saint-care.com/center/724/" }, "geometry": { "type": "Point", "coordinates": [ 139.5697576, 35.3648312 ] } },
{ "type": "Feature", "properties": { "内容": "スマイル本郷台【通所介護】神奈川県横浜市栄区小菅ヶ谷1-24-13", "url": "https://www.kaigokensaku.mhlw.go.jp/14/index.php?action_kouhyou_detail_004_kani=true&JigyosyoCd=1473501417-00&ServiceCd=150&Type=search", "url2": "https://smile-kaigo.net/publics/index/235/" }, "geometry": { "type": "Point", "coordinates": [ 139.544608524606332, 35.366446003964889 ] } },
{ "type": "Feature", "properties": { "内容": "デイサービスセンター福寿よこはま栄飯島【通所介護】神奈川県横浜市栄区飯島町766", "url": "https://www.kaigokensaku.mhlw.go.jp/14/index.php?action_kouhyou_detail_004_kani=true&JigyosyoCd=1473501466-00&ServiceCd=150&Type=search", "url2": "http://jala.co.jp/facility/f-yokohama-sakaeiijima/" }, "geometry": { "type": "Point", "coordinates": [ 139.53364707466892, 35.372039088016898 ] } },
{ "type": "Feature", "properties": { "内容": "ツクイ横浜中田【通所介護】神奈川県横浜市泉区中田北3-46-7", "url": "https://www.kaigokensaku.mhlw.go.jp/14/index.php?action_kouhyou_detail_004_kani=true&JigyosyoCd=1473602447-00&ServiceCd=150&Type=search", "url2": "https://www.tsukui.net/home-care/2573/" }, "geometry": { "type": "Point", "coordinates": [ 139.5082908, 35.4205347 ] } },
{ "type": "Feature", "properties": { "内容": "ルネサンス元氣ジム弥生台【通所介護】神奈川県横浜市泉区弥生台51-8ロイヤルヨコヤマ1階", "url": "https://www.kaigokensaku.mhlw.go.jp/14/index.php?action_kouhyou_detail_004_kani=true&JigyosyoCd=1473602702-00&ServiceCd=150&Type=search", "url2": "https://kaigo.s-re.jp/kg/store" }, "geometry": { "type": "Point", "coordinates": [ 139.506594079762294, 35.427328608953431 ] } },
{ "type": "Feature", "properties": { "内容": "レコードブックいずみ野【通所介護】神奈川県横浜市泉区和泉町５７３２番地１", "url": "https://www.kaigokensaku.mhlw.go.jp/14/index.php?action_kouhyou_detail_004_kani=true&JigyosyoCd=1473602744-00&ServiceCd=150&Type=search", "url2": "https://www.kokorobiz.jp/" }, "geometry": { "type": "Point", "coordinates": [ 139.4950277, 35.4287636 ] } },
{ "type": "Feature", "properties": { "内容": "横浜市いずみ中央地域ケアプラザ【通所介護】神奈川県横浜市泉区和泉中央北5丁目14番1号", "url": "https://www.kaigokensaku.mhlw.go.jp/14/index.php?action_kouhyou_detail_004_kani=true&JigyosyoCd=1473600383-00&ServiceCd=150&Type=search", "url2": "http://www.hama-wel.or.jp/office/izumityuuou/" }, "geometry": { "type": "Point", "coordinates": [ 139.485839, 35.417396 ] } },
{ "type": "Feature", "properties": { "内容": "横浜市上飯田地域ケアプラザ【通所介護】神奈川県横浜市泉区上飯田町1338-1", "url": "https://www.kaigokensaku.mhlw.go.jp/14/index.php?action_kouhyou_detail_004_kani=true&JigyosyoCd=1473600052-00&ServiceCd=150&Type=search", "url2": "http://www.kamiiida.sakuraweb.com/daycare/" }, "geometry": { "type": "Point", "coordinates": [ 139.478903299999956, 35.4203511 ] } },
{ "type": "Feature", "properties": { "内容": "横浜市下和泉地域ケアプラザ【通所介護】神奈川県横浜市泉区和泉が丘一丁目26番1号", "url": "https://www.kaigokensaku.mhlw.go.jp/14/index.php?action_kouhyou_detail_004_kani=true&JigyosyoCd=1473600060-00&ServiceCd=150&Type=search", "url2": "https://www.yokohamashakyo.jp/shimoizumi/" }, "geometry": { "type": "Point", "coordinates": [ 139.495279900000014, 35.403239400000011 ] } },
{ "type": "Feature", "properties": { "内容": "横浜市踊場地域ケアプラザ【通所介護】神奈川県横浜市泉区中田東１－４－６", "url": "https://www.kaigokensaku.mhlw.go.jp/14/index.php?action_kouhyou_detail_004_kani=true&JigyosyoCd=1473600078-00&ServiceCd=150&Type=search", "url2": "https://kyosaikai.jp/" }, "geometry": { "type": "Point", "coordinates": [ 139.5182251, 35.4061807 ] } },
{ "type": "Feature", "properties": { "内容": "恒春ノ郷デイサービスセンター【通所介護】神奈川県横浜市泉区西が岡１－３０－１", "url": "https://www.kaigokensaku.mhlw.go.jp/14/index.php?action_kouhyou_detail_004_kani=true&JigyosyoCd=1473600128-00&ServiceCd=150&Type=search", "url2": "https://www.shinzen-fukushi.jp/kousyunnosato/day_service/" }, "geometry": { "type": "Point", "coordinates": [ 139.512034, 35.4222427 ] } },
{ "type": "Feature", "properties": { "内容": "特別養護老人ホーム　いずみ芙蓉苑【通所介護】神奈川県横浜市泉区上飯田町４６３１", "url": "https://www.kaigokensaku.mhlw.go.jp/14/index.php?action_kouhyou_detail_004_kani=true&JigyosyoCd=1473600177-00&ServiceCd=150&Type=search", "url2": "https://www.shafuku-doujinkai.or.jp/" }, "geometry": { "type": "Point", "coordinates": [ 139.480978099999987, 35.4417457 ] } },
{ "type": "Feature", "properties": { "内容": "たすけあい泉にじリハビリデイ【通所介護】神奈川県横浜市泉区中田南４－２６－１０", "url": "https://www.kaigokensaku.mhlw.go.jp/14/index.php?action_kouhyou_detail_004_kani=true&JigyosyoCd=1473600748-00&ServiceCd=150&Type=search", "url2": "http://tasukeai-izumi.net/deinizi.html" }, "geometry": { "type": "Point", "coordinates": [ 139.507695499999954, 35.4078972 ] } },
{ "type": "Feature", "properties": { "内容": "平成デイサービスセンター泉【通所介護】神奈川県横浜市泉区上飯田町4495", "url": "https://www.kaigokensaku.mhlw.go.jp/14/index.php?action_kouhyou_detail_004_kani=true&JigyosyoCd=1473601563-00&ServiceCd=150&Type=search", "url2": "http://www.izumi＠tokuyou.jp" }, "geometry": { "type": "Point", "coordinates": [ 139.477986500000043, 35.4433065 ] } },
{ "type": "Feature", "properties": { "内容": "サロンデイ上飯田【通所介護】神奈川県横浜市泉区上飯田町1331", "url": "https://www.kaigokensaku.mhlw.go.jp/14/index.php?action_kouhyou_detail_004_kani=true&JigyosyoCd=1473601597-00&ServiceCd=150&Type=search", "url2": "http://www.salonday.co.jp/about/center.html#anc01" }, "geometry": { "type": "Point", "coordinates": [ 139.479500128836094, 35.421435785602789 ] } },
{ "type": "Feature", "properties": { "内容": "アズハイム横浜いずみ中央デイサービスセンター【通所介護】神奈川県横浜市泉区和泉中央南5-18-29", "url": "https://www.kaigokensaku.mhlw.go.jp/14/index.php?action_kouhyou_detail_004_kani=true&JigyosyoCd=1473601779-00&ServiceCd=150&Type=search", "url2": "https://as-heim.com/izumi_day/" }, "geometry": { "type": "Point", "coordinates": [ 139.485128, 35.4123633 ] } },
{ "type": "Feature", "properties": { "内容": "ツクイ横浜泉【通所介護】神奈川県横浜市泉区上飯田町921", "url": "https://www.kaigokensaku.mhlw.go.jp/14/index.php?action_kouhyou_detail_004_kani=true&JigyosyoCd=1473602454-00&ServiceCd=150&Type=search", "url2": "http://www.tsukui.net" }, "geometry": { "type": "Point", "coordinates": [ 139.4841149, 35.4164452 ] } },
{ "type": "Feature", "properties": { "内容": "シンシアゆめが丘【通所介護】神奈川県横浜市泉区ゆめが丘15", "url": "https://www.kaigokensaku.mhlw.go.jp/14/index.php?action_kouhyou_detail_004_kani=true&JigyosyoCd=1473602546-00&ServiceCd=150&Type=search", "url2": "https://www.sincere-gri.com/049_yumegaokads/index.html" }, "geometry": { "type": "Point", "coordinates": [ 139.4843449374344, 35.408370407085357 ] } },
{ "type": "Feature", "properties": { "内容": "ブルーミングケア横浜下和泉【通所介護】神奈川県横浜市泉区下和泉1-13-26", "url": "https://www.kaigokensaku.mhlw.go.jp/14/index.php?action_kouhyou_detail_004_kani=true&JigyosyoCd=1473602322-00&ServiceCd=150&Type=search", "url2": null }, "geometry": { "type": "Point", "coordinates": [ 139.490480400000024, 35.3902525 ] } },
{ "type": "Feature", "properties": { "内容": "風の生活館【通所介護】神奈川県横浜市泉区和泉町5932-3", "url": "https://www.kaigokensaku.mhlw.go.jp/14/index.php?action_kouhyou_detail_004_kani=true&JigyosyoCd=1473600334-00&ServiceCd=150&Type=search", "url2": "https://shuhokai.or.jp/office/izumi-ku/ds-kazekan.php" }, "geometry": { "type": "Point", "coordinates": [ 139.50076, 35.4232343 ] } },
{ "type": "Feature", "properties": { "内容": "メヌエットシニアサポートセンター【通所介護】神奈川県横浜市泉区上飯田町4663-1ライオンズマンション相鉄いずみ野1F", "url": "https://www.kaigokensaku.mhlw.go.jp/14/index.php?action_kouhyou_detail_004_kani=true&JigyosyoCd=1473601712-00&ServiceCd=150&Type=search", "url2": "https://24old.crayonsite.info/" }, "geometry": { "type": "Point", "coordinates": [ 139.483922300000017, 35.443079 ] } },
{ "type": "Feature", "properties": { "内容": "レコードブック戸塚【通所介護】神奈川県横浜市泉区中田東1-34-23シャンゼールM1F", "url": "https://www.kaigokensaku.mhlw.go.jp/14/index.php?action_kouhyou_detail_004_kani=true&JigyosyoCd=1473602280-00&ServiceCd=150&Type=search", "url2": "https://www.kokorobiz.jp/" }, "geometry": { "type": "Point", "coordinates": [ 139.514945262565561, 35.408100544080646 ] } },
{ "type": "Feature", "properties": { "内容": "Dr.リハ中田【通所介護】神奈川県横浜市泉区中田南4-8-27フォンテーヌ1F", "url": "https://www.kaigokensaku.mhlw.go.jp/14/index.php?action_kouhyou_detail_004_kani=true&JigyosyoCd=1473602686-00&ServiceCd=150&Type=search", "url2": null }, "geometry": { "type": "Point", "coordinates": [ 139.506506, 35.4107702 ] } },
{ "type": "Feature", "properties": { "内容": "雅デイサービス【通所介護】神奈川県横浜市青葉区美しが丘西2丁目31番2号", "url": "https://www.kaigokensaku.mhlw.go.jp/14/index.php?action_kouhyou_detail_004_kani=true&JigyosyoCd=1473702213-00&ServiceCd=150&Type=search", "url2": "http://www.miyabi-dayservices.jp" }, "geometry": { "type": "Point", "coordinates": [ 139.52646498035665, 35.592663719857967 ] } },
{ "type": "Feature", "properties": { "内容": "奈良地域ケアプラザ【通所介護】神奈川県横浜市青葉区奈良町1757-3", "url": "https://www.kaigokensaku.mhlw.go.jp/14/index.php?action_kouhyou_detail_004_kani=true&JigyosyoCd=1473700019-00&ServiceCd=150&Type=search", "url2": "http://le-pli.jp/" }, "geometry": { "type": "Point", "coordinates": [ 139.478062499999965, 35.5660754 ] } },
{ "type": "Feature", "properties": { "内容": "緑の郷【通所介護】神奈川県横浜市青葉区鉄町2075番地3", "url": "https://www.kaigokensaku.mhlw.go.jp/14/index.php?action_kouhyou_detail_004_kani=true&JigyosyoCd=1473700027-00&ServiceCd=150&Type=search", "url2": "https://ryokuseikai-yokohama.jp/publics/index/8/" }, "geometry": { "type": "Point", "coordinates": [ 139.526460400000019, 35.5695631 ] } },
{ "type": "Feature", "properties": { "内容": "横浜市さつきが丘地域ケアプラザ【通所介護】神奈川県横浜市青葉区さつきが丘12-1", "url": "https://www.kaigokensaku.mhlw.go.jp/14/index.php?action_kouhyou_detail_004_kani=true&JigyosyoCd=1473700126-00&ServiceCd=150&Type=search", "url2": "https://midorifukushikai.or.jp/facility/satsuki/" }, "geometry": { "type": "Point", "coordinates": [ 139.522390399999949, 35.533371 ] } },
{ "type": "Feature", "properties": { "内容": "横浜市美しが丘地域ケアプラザ【通所介護】神奈川県横浜市青葉区美しが丘４－３２－７", "url": "https://www.kaigokensaku.mhlw.go.jp/14/index.php?action_kouhyou_detail_004_kani=true&JigyosyoCd=1473700506-00&ServiceCd=150&Type=search", "url2": "http://ryokuseikai-yokohama.jp/publics/index/9/" }, "geometry": { "type": "Point", "coordinates": [ 139.5489361, 35.5820536 ] } },
{ "type": "Feature", "properties": { "内容": "横浜市大場地域ケアプラザ【通所介護】神奈川県横浜市青葉区大場町３８３－３", "url": "https://www.kaigokensaku.mhlw.go.jp/14/index.php?action_kouhyou_detail_004_kani=true&JigyosyoCd=1473700522-00&ServiceCd=150&Type=search", "url2": "http://www.hama-wel.or.jp/office/ooba/" }, "geometry": { "type": "Point", "coordinates": [ 139.538135, 35.5629726 ] } },
{ "type": "Feature", "properties": { "内容": "デイサービス・ルポ【通所介護】神奈川県横浜市青葉区みたけ台10-1ドエルムラタ１Ｆ", "url": "https://www.kaigokensaku.mhlw.go.jp/14/index.php?action_kouhyou_detail_004_kani=true&JigyosyoCd=1473701231-00&ServiceCd=150&Type=search", "url2": "https://www.bear-olive.co.jp/facility/day-service-repos/" }, "geometry": { "type": "Point", "coordinates": [ 139.520281100000034, 35.5547039 ] } },
{ "type": "Feature", "properties": { "内容": "デイセンターつどい奈良北【通所介護】神奈川県横浜市青葉区奈良町2902番19", "url": "https://www.kaigokensaku.mhlw.go.jp/14/index.php?action_kouhyou_detail_004_kani=true&JigyosyoCd=1473702916-00&ServiceCd=150&Type=search", "url2": "https://www.abilities.jp" }, "geometry": { "type": "Point", "coordinates": [ 139.475613637989795, 35.562829936991506 ] } },
{ "type": "Feature", "properties": { "内容": "セコムシニア倶楽部あざみ野【通所介護】神奈川県横浜市青葉区あざみ野2-14-7", "url": "https://www.kaigokensaku.mhlw.go.jp/14/index.php?action_kouhyou_detail_004_kani=true&JigyosyoCd=1473702932-00&ServiceCd=150&Type=search", "url2": "https://medical.secom.co.jp/service/care/day/" }, "geometry": { "type": "Point", "coordinates": [ 139.549176132402096, 35.567885305546454 ] } },
{ "type": "Feature", "properties": { "内容": "陽だまりサロン希【通所介護】神奈川県横浜市青葉区荏田町111-1T'sgardenあざみ野1F", "url": "https://www.kaigokensaku.mhlw.go.jp/14/index.php?action_kouhyou_detail_004_kani=true&JigyosyoCd=1473703138-00&ServiceCd=150&Type=search", "url2": "https://www.socius-mc.com/service/day/hidamari/" }, "geometry": { "type": "Point", "coordinates": [ 139.564441200000033, 35.5666004 ] } },
{ "type": "Feature", "properties": { "内容": "リハテラス青葉台【通所介護】神奈川県横浜市青葉区梅が丘7-13ウィンパレス青葉台　1F", "url": "https://www.kaigokensaku.mhlw.go.jp/14/index.php?action_kouhyou_detail_004_kani=true&JigyosyoCd=1473703435-00&ServiceCd=150&Type=search", "url2": "http://www.o-t-p.co.jp/rehaterrace" }, "geometry": { "type": "Point", "coordinates": [ 139.524184500000047, 35.5386648 ] } },
{ "type": "Feature", "properties": { "内容": "ワイズ・パークあざみ野【通所介護】神奈川県横浜市青葉区あざみ野3‐9‐28", "url": "https://www.kaigokensaku.mhlw.go.jp/14/index.php?action_kouhyou_detail_004_kani=true&JigyosyoCd=1473703518-00&ServiceCd=150&Type=search", "url2": "http://www.ys-park.net" }, "geometry": { "type": "Point", "coordinates": [ 139.5430622, 35.5687192 ] } },
{ "type": "Feature", "properties": { "内容": "リハテラスあざみ野【通所介護】神奈川県横浜市青葉区あざみ野南2-11-27エタニビル1F", "url": "https://www.kaigokensaku.mhlw.go.jp/14/index.php?action_kouhyou_detail_004_kani=true&JigyosyoCd=1473703625-00&ServiceCd=150&Type=search", "url2": "http://rehaterrace.com/store/store11.php" }, "geometry": { "type": "Point", "coordinates": [ 139.5530506, 35.5636312 ] } },
{ "type": "Feature", "properties": { "内容": "コムネットジャパン株式会社万葉のさと青葉台【通所介護】神奈川県横浜市青葉区みたけ台２１－１２", "url": "https://www.kaigokensaku.mhlw.go.jp/14/index.php?action_kouhyou_detail_004_kani=true&JigyosyoCd=1473703732-00&ServiceCd=150&Type=search", "url2": "https://www.manyo-sato.com/" }, "geometry": { "type": "Point", "coordinates": [ 139.518378100000064, 35.5581337 ] } },
{ "type": "Feature", "properties": { "内容": "ツクイ横浜鴨志田【通所介護】神奈川県横浜市青葉区鴨志田817-6ツクイ横浜鴨志田", "url": "https://www.kaigokensaku.mhlw.go.jp/14/index.php?action_kouhyou_detail_004_kani=true&JigyosyoCd=1473704235-00&ServiceCd=150&Type=search", "url2": null }, "geometry": { "type": "Point", "coordinates": [ 139.506296099999986, 35.558946 ] } },
{ "type": "Feature", "properties": { "内容": "ツクイ横浜藤が丘【通所介護】神奈川県横浜市青葉区梅が丘19-7森ビル1階", "url": "https://www.kaigokensaku.mhlw.go.jp/14/index.php?action_kouhyou_detail_004_kani=true&JigyosyoCd=1473704243-00&ServiceCd=150&Type=search", "url2": "https://www.tsukui.net/home-care/2751/" }, "geometry": { "type": "Point", "coordinates": [ 139.5263385, 35.5372534 ] } },
{ "type": "Feature", "properties": { "内容": "デイサービスココファン青葉台【通所介護】神奈川県横浜市青葉区桂台2丁目40-24ココファン青葉台", "url": "https://www.kaigokensaku.mhlw.go.jp/14/index.php?action_kouhyou_detail_004_kani=true&JigyosyoCd=1473704383-00&ServiceCd=150&Type=search", "url2": "https://www.cocofump.co.jp/" }, "geometry": { "type": "Point", "coordinates": [ 139.497967840405209, 35.551865039327758 ] } },
{ "type": "Feature", "properties": { "内容": "デイサービスココファンあざみ野【通所介護】神奈川県横浜市青葉区すすき野2-7-1ココファンあざみ野北館", "url": "https://www.kaigokensaku.mhlw.go.jp/14/index.php?action_kouhyou_detail_004_kani=true&JigyosyoCd=1473704391-00&ServiceCd=150&Type=search", "url2": null }, "geometry": { "type": "Point", "coordinates": [ 139.527102178508642, 35.57755561104117 ] } },
{ "type": "Feature", "properties": { "内容": "ルネサンス元氣ジム青葉台【通所介護】神奈川県横浜市青葉区松風台17-8ルモントワール青葉1階", "url": "https://www.kaigokensaku.mhlw.go.jp/14/index.php?action_kouhyou_detail_004_kani=true&JigyosyoCd=1473704722-00&ServiceCd=150&Type=search", "url2": "https://kaigo.s-re.jp/kg/" }, "geometry": { "type": "Point", "coordinates": [ 139.508776164418038, 35.548031040379257 ] } },
{ "type": "Feature", "properties": { "内容": "桜デイサービスセンター青葉【通所介護】神奈川県横浜市青葉区すみよし台3-2", "url": "https://www.kaigokensaku.mhlw.go.jp/14/index.php?action_kouhyou_detail_004_kani=true&JigyosyoCd=1473704334-00&ServiceCd=150&Type=search", "url2": "https://jala.co.jp/" }, "geometry": { "type": "Point", "coordinates": [ 139.4908829, 35.5509595 ] } },
{ "type": "Feature", "properties": { "内容": "横浜市荏田地域ケアプラザ【通所介護】神奈川県横浜市青葉区荏田町494-7", "url": "https://www.kaigokensaku.mhlw.go.jp/14/index.php?action_kouhyou_detail_004_kani=true&JigyosyoCd=1473700035-00&ServiceCd=150&Type=search", "url2": "https://www.yokohamashakyo.jp/eda/" }, "geometry": { "type": "Point", "coordinates": [ 139.561847199999988, 35.5599568 ] } },
{ "type": "Feature", "properties": { "内容": "横浜市鴨志田地域ケアプラザ　通所介護【通所介護】神奈川県横浜市青葉区鴨志田町547-3", "url": "https://www.kaigokensaku.mhlw.go.jp/14/index.php?action_kouhyou_detail_004_kani=true&JigyosyoCd=1473700969-00&ServiceCd=150&Type=search", "url2": "http://www.fujizuka.com/plaza" }, "geometry": { "type": "Point", "coordinates": [ 139.501817299999971, 35.5618505 ] } },
{ "type": "Feature", "properties": { "内容": "田園都市ケア・プラザ青葉台【通所介護】神奈川県横浜市青葉区松風台14-15田園都市ケア・プラザ1・2階", "url": "https://www.kaigokensaku.mhlw.go.jp/14/index.php?action_kouhyou_detail_004_kani=true&JigyosyoCd=1473700985-00&ServiceCd=150&Type=search", "url2": "http://denentoshi-careplaza.com/" }, "geometry": { "type": "Point", "coordinates": [ 139.509583550895712, 35.547094550778219 ] } },
{ "type": "Feature", "properties": { "内容": "わかたけ青葉【通所介護】神奈川県横浜市青葉区奈良4-6-1", "url": "https://www.kaigokensaku.mhlw.go.jp/14/index.php?action_kouhyou_detail_004_kani=true&JigyosyoCd=1473701520-00&ServiceCd=150&Type=search", "url2": "https://wakatake.net/category/facility/aoba-facility/" }, "geometry": { "type": "Point", "coordinates": [ 139.4829241, 35.5521634 ] } },
{ "type": "Feature", "properties": { "内容": "青葉台ケアセンターそよ風【通所介護】神奈川県横浜市青葉区桜台44-7", "url": "https://www.kaigokensaku.mhlw.go.jp/14/index.php?action_kouhyou_detail_004_kani=true&JigyosyoCd=1473702635-00&ServiceCd=150&Type=search", "url2": "https://www.sykz.co.jp/shisetsu-zaitaku/143171/" }, "geometry": { "type": "Point", "coordinates": [ 139.509315, 35.550378 ] } },
{ "type": "Feature", "properties": { "内容": "ゆめふる美しが丘店【通所介護】神奈川県横浜市青葉区美しが丘2-17-15", "url": "https://www.kaigokensaku.mhlw.go.jp/14/index.php?action_kouhyou_detail_004_kani=true&JigyosyoCd=1473703286-00&ServiceCd=150&Type=search", "url2": "http://www.yasashiite.com/subdomains/section/316" }, "geometry": { "type": "Point", "coordinates": [ 139.559300986508248, 35.580433322733235 ] } },
{ "type": "Feature", "properties": { "内容": "青葉なごみライフ【通所介護】神奈川県横浜市青葉区市ヶ尾町８３４－４", "url": "https://www.kaigokensaku.mhlw.go.jp/14/index.php?action_kouhyou_detail_004_kani=true&JigyosyoCd=1473704516-00&ServiceCd=150&Type=search", "url2": "https://www.nagomiaoba.com" }, "geometry": { "type": "Point", "coordinates": [ 139.541082669311521, 35.546636712222664 ] } },
{ "type": "Feature", "properties": { "内容": "ゆめふる荏田西店【通所介護】神奈川県横浜市青葉区荏田西2-29-24", "url": "https://www.kaigokensaku.mhlw.go.jp/14/index.php?action_kouhyou_detail_004_kani=true&JigyosyoCd=1473704581-00&ServiceCd=150&Type=search", "url2": "https://search.yasashiite.com/detail/tsusyokaigo_edanishi/" }, "geometry": { "type": "Point", "coordinates": [ 139.550353, 35.552205 ] } },
{ "type": "Feature", "properties": { "内容": "オハナたまプラーザ【通所介護】神奈川県横浜市青葉区新石川2-1-15たまプラーザテラスリンクプラザ3Ｆ", "url": "https://www.kaigokensaku.mhlw.go.jp/14/index.php?action_kouhyou_detail_004_kani=true&JigyosyoCd=1473702700-00&ServiceCd=150&Type=search", "url2": "http://www.tokyu-ohana.jp/" }, "geometry": { "type": "Point", "coordinates": [ 139.557580199999961, 35.5766295 ] } },
{ "type": "Feature", "properties": { "内容": "リハてらす北山田【通所介護】神奈川県横浜市都筑区北山田5－1－54プーロフェリチッタ", "url": "https://www.kaigokensaku.mhlw.go.jp/14/index.php?action_kouhyou_detail_004_kani=true&JigyosyoCd=1473803037-00&ServiceCd=150&Type=search", "url2": "https://sprise.co.jp/store/kitayamada/" }, "geometry": { "type": "Point", "coordinates": [ 139.5883454, 35.5628309 ] } },
{ "type": "Feature", "properties": { "内容": "横浜市葛が谷地域ケアプラザ【通所介護】神奈川県横浜市都筑区葛が谷16-3", "url": "https://www.kaigokensaku.mhlw.go.jp/14/index.php?action_kouhyou_detail_004_kani=true&JigyosyoCd=1473800066-00&ServiceCd=150&Type=search", "url2": "https://www.yokohamashakyo.jp/kuzugaya/index.html" }, "geometry": { "type": "Point", "coordinates": [ 139.564158799999973, 35.5354738 ] } },
{ "type": "Feature", "properties": { "内容": "横浜市加賀原地域ケアプラザ【通所介護】神奈川県横浜市都筑区加賀原１－２２－３２", "url": "https://www.kaigokensaku.mhlw.go.jp/14/index.php?action_kouhyou_detail_004_kani=true&JigyosyoCd=1473800074-00&ServiceCd=150&Type=search", "url2": "http://www.nakagawa-tokushokai.com/facilities/cat_/entry_492/" }, "geometry": { "type": "Point", "coordinates": [ 139.558173300000021, 35.5241611 ] } },
{ "type": "Feature", "properties": { "内容": "介護老人福祉施設　中川の里【通所介護】神奈川県横浜市都筑区南山田２－３９－３５", "url": "https://www.kaigokensaku.mhlw.go.jp/14/index.php?action_kouhyou_detail_004_kani=true&JigyosyoCd=1473800124-00&ServiceCd=150&Type=search", "url2": "http://www.nakagawa-tokushokai.com/facilities/cat_/entry_494/" }, "geometry": { "type": "Point", "coordinates": [ 139.591839, 35.5555855 ] } },
{ "type": "Feature", "properties": { "内容": "介護老人福祉施設　都筑の里【通所介護】神奈川県横浜市都筑区茅ケ崎東５－１３－１", "url": "https://www.kaigokensaku.mhlw.go.jp/14/index.php?action_kouhyou_detail_004_kani=true&JigyosyoCd=1473800157-00&ServiceCd=150&Type=search", "url2": "http://www.nakagawa-tokushokai.com/facilities/cat_/entry_493/" }, "geometry": { "type": "Point", "coordinates": [ 139.586739800000032, 35.54707 ] } },
{ "type": "Feature", "properties": { "内容": "横浜市新栄地域ケアプラザ【通所介護】神奈川県横浜市都筑区新栄町１９－１９", "url": "https://www.kaigokensaku.mhlw.go.jp/14/index.php?action_kouhyou_detail_004_kani=true&JigyosyoCd=1473800264-00&ServiceCd=150&Type=search", "url2": "http://www.hama-wel.or.jp" }, "geometry": { "type": "Point", "coordinates": [ 139.595480700000053, 35.5403185 ] } },
{ "type": "Feature", "properties": { "内容": "セコムシニア倶楽部　見花山【通所介護】神奈川県横浜市都筑区見花山14-5富士見が丘ビル１Ｆ", "url": "https://www.kaigokensaku.mhlw.go.jp/14/index.php?action_kouhyou_detail_004_kani=true&JigyosyoCd=1473801080-00&ServiceCd=150&Type=search", "url2": "https://medical.secom.co.jp/service/care/day/" }, "geometry": { "type": "Point", "coordinates": [ 139.557045600000038, 35.5366985 ] } },
{ "type": "Feature", "properties": { "内容": "ケアパートナー港北【通所介護】神奈川県横浜市都筑区北山田三丁目26番地12号", "url": "https://www.kaigokensaku.mhlw.go.jp/14/index.php?action_kouhyou_detail_004_kani=true&JigyosyoCd=1473801171-00&ServiceCd=150&Type=search", "url2": "https://www.care-partner.com/place/kohoku/" }, "geometry": { "type": "Point", "coordinates": [ 139.5882782, 35.5597348 ] } },
{ "type": "Feature", "properties": { "内容": "セコムシニア倶楽部　港北【通所介護】神奈川県横浜市都筑区北山田4-1-33グランドメゾン北山田B1階", "url": "https://www.kaigokensaku.mhlw.go.jp/14/index.php?action_kouhyou_detail_004_kani=true&JigyosyoCd=1473801502-00&ServiceCd=150&Type=search", "url2": "https://medical.secom.co.jp/service/care/day/" }, "geometry": { "type": "Point", "coordinates": [ 139.586872699999958, 35.56264 ] } },
{ "type": "Feature", "properties": { "内容": "リハビリデイサービスｎａｇｏｍｉ横浜仲町台店【通所介護】神奈川県横浜市都筑区勝田南１－１－７", "url": "https://www.kaigokensaku.mhlw.go.jp/14/index.php?action_kouhyou_detail_004_kani=true&JigyosyoCd=1473801528-00&ServiceCd=150&Type=search", "url2": "http://www.my-nagomi.com/html/facility/html/yokohamanakamachidai.html" }, "geometry": { "type": "Point", "coordinates": [ 139.5869844, 35.5406904 ] } },
{ "type": "Feature", "properties": { "内容": "元気広場　横浜東山田【通所介護】神奈川県横浜市都筑区早渕３－３４－４１１階", "url": "https://www.kaigokensaku.mhlw.go.jp/14/index.php?action_kouhyou_detail_004_kani=true&JigyosyoCd=1473801601-00&ServiceCd=150&Type=search", "url2": "http://genkihiroba.vectorlife.co.jp/" }, "geometry": { "type": "Point", "coordinates": [ 139.6046265, 35.5519307 ] } },
{ "type": "Feature", "properties": { "内容": "らいおんハートリハビリ温泉デイサービス都筑【通所介護】神奈川県横浜市都筑区牛久保東1-33-9", "url": "https://www.kaigokensaku.mhlw.go.jp/14/index.php?action_kouhyou_detail_004_kani=true&JigyosyoCd=1473801957-00&ServiceCd=150&Type=search", "url2": "http://lion-heart.co/html/tsuzuki.html" }, "geometry": { "type": "Point", "coordinates": [ 139.5830204, 35.5559715 ] } },
{ "type": "Feature", "properties": { "内容": "デイサービスセンター新緑の泉【通所介護】神奈川県横浜市都筑区北山田2-8-14", "url": "https://www.kaigokensaku.mhlw.go.jp/14/index.php?action_kouhyou_detail_004_kani=true&JigyosyoCd=1473802450-00&ServiceCd=150&Type=search", "url2": "http://www.shinryoku-izumi.com" }, "geometry": { "type": "Point", "coordinates": [ 139.5926971, 35.5595516 ] } },
{ "type": "Feature", "properties": { "内容": "シェフズデイサービス仲町台【通所介護】神奈川県横浜市都筑区仲町台1-22-10Salida仲町台001", "url": "https://www.kaigokensaku.mhlw.go.jp/14/index.php?action_kouhyou_detail_004_kani=true&JigyosyoCd=1473802500-00&ServiceCd=150&Type=search", "url2": null }, "geometry": { "type": "Point", "coordinates": [ 139.588162300000022, 35.5345052 ] } },
{ "type": "Feature", "properties": { "内容": "奉優デイサービス　センター北【通所介護】神奈川県横浜市都筑区中川中央1-37-19　プリムラ2階プリムラ2-2", "url": "https://www.kaigokensaku.mhlw.go.jp/14/index.php?action_kouhyou_detail_004_kani=true&JigyosyoCd=1473802518-00&ServiceCd=150&Type=search", "url2": "https://www.foryou.or.jp/corp2/centerkitaday/" }, "geometry": { "type": "Point", "coordinates": [ 139.579990419643423, 35.555602427032177 ] } },
{ "type": "Feature", "properties": { "内容": "陽だまりサロン碧【通所介護】神奈川県横浜市都筑区茅ケ崎中央60-23アクアアイランド1F", "url": "https://www.kaigokensaku.mhlw.go.jp/14/index.php?action_kouhyou_detail_004_kani=true&JigyosyoCd=1473802591-00&ServiceCd=150&Type=search", "url2": "https://www.socius-mc.com/" }, "geometry": { "type": "Point", "coordinates": [ 139.573512199999982, 35.5497576 ] } },
{ "type": "Feature", "properties": { "内容": "レッツ倶楽部センター北【通所介護】神奈川県横浜市都筑区牛久保西1-1-35ソレイユ請地B1階", "url": "https://www.kaigokensaku.mhlw.go.jp/14/index.php?action_kouhyou_detail_004_kani=true&JigyosyoCd=1473802682-00&ServiceCd=150&Type=search", "url2": "http://www.lets-club.jp/shop/center-kita/" }, "geometry": { "type": "Point", "coordinates": [ 139.5782882, 35.5572766 ] } },
{ "type": "Feature", "properties": { "内容": "ツクイ横浜センター北【通所介護】神奈川県横浜市都筑区中川中央1-39-44ツクイ・サンフォレスト横浜センター北1Ｆ", "url": "https://www.kaigokensaku.mhlw.go.jp/14/index.php?action_kouhyou_detail_004_kani=true&JigyosyoCd=1473802690-00&ServiceCd=150&Type=search", "url2": "https://www.tsukui.net/home-care/7011S" }, "geometry": { "type": "Point", "coordinates": [ 139.581292100000013, 35.5548657 ] } },
{ "type": "Feature", "properties": { "内容": "デイサービスセンター福寿よこはま都筑佐江戸町【通所介護】神奈川県横浜市都筑区佐江戸町385番", "url": "https://www.kaigokensaku.mhlw.go.jp/14/index.php?action_kouhyou_detail_004_kani=true&JigyosyoCd=1473802823-00&ServiceCd=150&Type=search", "url2": "https://fuku-kaigo.jala.co.jp/jrh/yokohamatsuzuki-saedocho/" }, "geometry": { "type": "Point", "coordinates": [ 139.559406097986653, 35.514729449499349 ] } },
{ "type": "Feature", "properties": { "内容": "横浜市中川地域ケアプラザ【通所介護】神奈川県横浜市都筑区中川1-1-1", "url": "https://www.kaigokensaku.mhlw.go.jp/14/index.php?action_kouhyou_detail_004_kani=true&JigyosyoCd=1473801270-00&ServiceCd=150&Type=search", "url2": "https://wakatake.net/category/facility/carenakagawa/" }, "geometry": { "type": "Point", "coordinates": [ 139.569635299999959, 35.5630037 ] } },
{ "type": "Feature", "properties": { "内容": "デイサービスセンター　ハピネス都筑【通所介護】神奈川県横浜市都筑区牛久保町１８０８－３", "url": "https://www.kaigokensaku.mhlw.go.jp/14/index.php?action_kouhyou_detail_004_kani=true&JigyosyoCd=1473801304-00&ServiceCd=150&Type=search", "url2": "https://www.family-wf.jp/happiness_tsuzuki/service/day-service#ttl-day" }, "geometry": { "type": "Point", "coordinates": [ 139.570687899999939, 35.5680836 ] } },
{ "type": "Feature", "properties": { "内容": "ゆめふる　横浜センター南店【通所介護】神奈川県横浜市都筑区茅ヶ崎中央４０－３グランクレールセンター南１階", "url": "https://www.kaigokensaku.mhlw.go.jp/14/index.php?action_kouhyou_detail_004_kani=true&JigyosyoCd=1473801320-00&ServiceCd=150&Type=search", "url2": "https://search.yasashiite.com/detail/tsusyokaigo_yokohamacenter/" }, "geometry": { "type": "Point", "coordinates": [ 139.572099500000036, 35.5472475 ] } },
{ "type": "Feature", "properties": { "内容": "デイフォレスト東山田【通所介護】神奈川県横浜市都筑区東山田1丁目23-3", "url": "https://www.kaigokensaku.mhlw.go.jp/14/index.php?action_kouhyou_detail_004_kani=true&JigyosyoCd=1473802237-00&ServiceCd=150&Type=search", "url2": "http://www.fillcare.co.jp/" }, "geometry": { "type": "Point", "coordinates": [ 139.600109195090084, 35.56586517135667 ] } },
{ "type": "Feature", "properties": { "内容": "デイサービスラスベガス横浜都筑【通所介護】神奈川県横浜市都筑区茅ケ崎南2-19-10グレイス仲町台１A", "url": "https://www.kaigokensaku.mhlw.go.jp/14/index.php?action_kouhyou_detail_004_kani=true&JigyosyoCd=1473802583-00&ServiceCd=150&Type=search", "url2": "http://senior-life.jp/" }, "geometry": { "type": "Point", "coordinates": [ 139.580060099999969, 35.5383739 ] } },
{ "type": "Feature", "properties": { "内容": "桜デイサービスセンター都筑【通所介護】神奈川県横浜市都筑区富士見ケ丘14-12", "url": "https://www.kaigokensaku.mhlw.go.jp/14/index.php?action_kouhyou_detail_004_kani=true&JigyosyoCd=1473802740-00&ServiceCd=150&Type=search", "url2": "https://fuku-kaigo.jala.co.jp/jrh/yokohama-tsuduki/" }, "geometry": { "type": "Point", "coordinates": [ 139.5574294, 35.5358977 ] } },
{ "type": "Feature", "properties": { "内容": "恒春園居宅サービスセンター【通所介護】神奈川県川崎市川崎区小川町１０－１０", "url": "https://www.kaigokensaku.mhlw.go.jp/14/index.php?action_kouhyou_detail_004_kani=true&JigyosyoCd=1475000038-00&ServiceCd=150&Type=search", "url2": "https://www.majima-fukushikai.jp" }, "geometry": { "type": "Point", "coordinates": [ 139.696390699999938, 35.5264981 ] } },
{ "type": "Feature", "properties": { "内容": "大師の里　居宅サービスセンター【通所介護】神奈川県川崎市川崎区日ノ出２－７－１", "url": "https://www.kaigokensaku.mhlw.go.jp/14/index.php?action_kouhyou_detail_004_kani=true&JigyosyoCd=1475000079-00&ServiceCd=150&Type=search", "url2": "https://www.majima-fukushikai.jp/facility/daishinosato" }, "geometry": { "type": "Point", "coordinates": [ 139.7430147, 35.5304091 ] } },
{ "type": "Feature", "properties": { "内容": "聖風苑　デイサービスセンター【通所介護】神奈川県川崎市川崎区池上新町３－１－８", "url": "https://www.kaigokensaku.mhlw.go.jp/14/index.php?action_kouhyou_detail_004_kani=true&JigyosyoCd=1475000111-00&ServiceCd=150&Type=search", "url2": "http://kawasakiseifu.or.jp/dsc/" }, "geometry": { "type": "Point", "coordinates": [ 139.731551699999955, 35.5220181 ] } },
{ "type": "Feature", "properties": { "内容": "社会福祉法人セイワ　介護老人福祉施設桜寿園【通所介護】神奈川県川崎市川崎区桜本2-39-4", "url": "https://www.kaigokensaku.mhlw.go.jp/14/index.php?action_kouhyou_detail_004_kani=true&JigyosyoCd=1475000129-00&ServiceCd=150&Type=search", "url2": "https://seiwa-oujyuen.jp" }, "geometry": { "type": "Point", "coordinates": [ 139.726366, 35.5211848 ] } },
{ "type": "Feature", "properties": { "内容": "デイセンターたいしん【通所介護】神奈川県川崎市川崎区渡田２－１０ー３　1階", "url": "https://www.kaigokensaku.mhlw.go.jp/14/index.php?action_kouhyou_detail_004_kani=true&JigyosyoCd=1475000558-00&ServiceCd=150&Type=search", "url2": null }, "geometry": { "type": "Point", "coordinates": [ 139.706709300000057, 35.5216792 ] } },
{ "type": "Feature", "properties": { "内容": "縁デイサービスセンター【通所介護】神奈川県川崎市川崎区中島3-19-7", "url": "https://www.kaigokensaku.mhlw.go.jp/14/index.php?action_kouhyou_detail_004_kani=true&JigyosyoCd=1475001697-00&ServiceCd=150&Type=search", "url2": "http://www.majima-fukushikai.jp/facility/yukari" }, "geometry": { "type": "Point", "coordinates": [ 139.71828030000006, 35.5278144 ] } },
{ "type": "Feature", "properties": { "内容": "ラポール　ケアプラザ【通所介護】神奈川県川崎市川崎区池田2-5-2ライオンズマンション川崎第5　101号", "url": "https://www.kaigokensaku.mhlw.go.jp/14/index.php?action_kouhyou_detail_004_kani=true&JigyosyoCd=1475001804-00&ServiceCd=150&Type=search", "url2": "https://rapportcareplan.wixsite.com/my-site-7" }, "geometry": { "type": "Point", "coordinates": [ 139.692969393640197, 35.521118042863485 ] } },
{ "type": "Feature", "properties": { "内容": "デイサービスセンター友の里川崎田島【通所介護】神奈川県川崎市川崎区田島町２３番１号", "url": "https://www.kaigokensaku.mhlw.go.jp/14/index.php?action_kouhyou_detail_004_kani=true&JigyosyoCd=1475001820-00&ServiceCd=150&Type=search", "url2": "http://www.total-care-servise.co.jp/equipment.html" }, "geometry": { "type": "Point", "coordinates": [ 139.710392500000012, 35.5149384 ] } },
{ "type": "Feature", "properties": { "内容": "さくらデイサービス【通所介護】神奈川県川崎市川崎区大師本町９－１１ケアネットシティ２F", "url": "https://www.kaigokensaku.mhlw.go.jp/14/index.php?action_kouhyou_detail_004_kani=true&JigyosyoCd=1475002448-00&ServiceCd=150&Type=search", "url2": "http://hp.kaipoke.biz/8k9/info.html" }, "geometry": { "type": "Point", "coordinates": [ 139.730851499999972, 35.5351221 ] } },
{ "type": "Feature", "properties": { "内容": "デイサービスセンター友の里桜本【通所介護】神奈川県川崎市川崎区桜本1丁目7番6号小川ビル", "url": "https://www.kaigokensaku.mhlw.go.jp/14/index.php?action_kouhyou_detail_004_kani=true&JigyosyoCd=1475002562-00&ServiceCd=150&Type=search", "url2": "http://www.total-care-servise.co.jp/day_sakuramoto.html" }, "geometry": { "type": "Point", "coordinates": [ 139.72059420000005, 35.520332 ] } },
{ "type": "Feature", "properties": { "内容": "鍼灸マッサージ　～憩Café～　川崎【通所介護】神奈川県川崎市川崎区元木２－４－３神奈川都市交通川崎ビル４Ｆ", "url": "https://www.kaigokensaku.mhlw.go.jp/14/index.php?action_kouhyou_detail_004_kani=true&JigyosyoCd=1475003107-00&ServiceCd=150&Type=search", "url2": null }, "geometry": { "type": "Point", "coordinates": [ 139.694385399999987, 35.52198760000001 ] } },
{ "type": "Feature", "properties": { "内容": "デイサービス　・　きょうまち【通所介護】神奈川県川崎市川崎区京町2-16-3エステ・スクエア川崎京町105号室", "url": "https://www.kaigokensaku.mhlw.go.jp/14/index.php?action_kouhyou_detail_004_kani=true&JigyosyoCd=1475003248-00&ServiceCd=150&Type=search", "url2": "https://www.kawasaki-coop.jp" }, "geometry": { "type": "Point", "coordinates": [ 139.696701156483414, 35.513461097055924 ] } },
{ "type": "Feature", "properties": { "内容": "アイスタッフガーデン十番地【通所介護】神奈川県川崎市川崎区大師町10-6アイスタッフビル", "url": "https://www.kaigokensaku.mhlw.go.jp/14/index.php?action_kouhyou_detail_004_kani=true&JigyosyoCd=1475003834-00&ServiceCd=150&Type=search", "url2": "http://www.athlete-all.co.jp/" }, "geometry": { "type": "Point", "coordinates": [ 139.731526499999973, 35.5333584 ] } },
{ "type": "Feature", "properties": { "内容": "笑い門大島上町【通所介護】神奈川県川崎市川崎区大島上町15-4Liz大島上町1F", "url": "https://www.kaigokensaku.mhlw.go.jp/14/index.php?action_kouhyou_detail_004_kani=true&JigyosyoCd=1475003859-00&ServiceCd=150&Type=search", "url2": "http://www.waraimon.com/" }, "geometry": { "type": "Point", "coordinates": [ 139.7108756, 35.521432 ] } },
{ "type": "Feature", "properties": { "内容": "川崎プールマッサージセンター【通所介護】神奈川県川崎市川崎区渡田山王町２０－３５", "url": "https://www.kaigokensaku.mhlw.go.jp/14/index.php?action_kouhyou_detail_004_kani=true&JigyosyoCd=1475004014-00&ServiceCd=150&Type=search", "url2": "https://www.pool.jp" }, "geometry": { "type": "Point", "coordinates": [ 139.6959587, 35.5169041 ] } },
{ "type": "Feature", "properties": { "内容": "医療法人　啓和会　健康クラブFit【通所介護】神奈川県川崎市川崎区小田3-19-11", "url": "https://www.kaigokensaku.mhlw.go.jp/14/index.php?action_kouhyou_detail_004_kani=true&JigyosyoCd=1475004154-00&ServiceCd=150&Type=search", "url2": "http://keiwa-kai.or.jp/kaigo01/kenkoclub-fit/" }, "geometry": { "type": "Point", "coordinates": [ 139.703977, 35.512189 ] } },
{ "type": "Feature", "properties": { "内容": "ネクストライフ【通所介護】神奈川県川崎市川崎区追分町1-5チェレステアルベロ　1階", "url": "https://www.kaigokensaku.mhlw.go.jp/14/index.php?action_kouhyou_detail_004_kani=true&JigyosyoCd=1475004188-00&ServiceCd=150&Type=search", "url2": null }, "geometry": { "type": "Point", "coordinates": [ 139.713215191401673, 35.521111976738084 ] } },
{ "type": "Feature", "properties": { "内容": "柳田デイサービス【通所介護】神奈川県川崎市川崎区旭町2-21-10", "url": "https://www.kaigokensaku.mhlw.go.jp/14/index.php?action_kouhyou_detail_004_kani=true&JigyosyoCd=1475004204-00&ServiceCd=150&Type=search", "url2": "http://yanagida-kaigo.co.jp" }, "geometry": { "type": "Point", "coordinates": [ 139.718692109907522, 35.532187729034099 ] } },
{ "type": "Feature", "properties": { "内容": "医療法人啓和会　ライフアップ小田銀座【通所介護】神奈川県川崎市川崎区小田4-31-8プチボア１F", "url": "https://www.kaigokensaku.mhlw.go.jp/14/index.php?action_kouhyou_detail_004_kani=true&JigyosyoCd=1475004246-00&ServiceCd=150&Type=search", "url2": "http://keiwa-kai.or.jp/kaigo01/lifeup-odaginza/" }, "geometry": { "type": "Point", "coordinates": [ 139.70158934797891, 35.510305264215411 ] } },
{ "type": "Feature", "properties": { "内容": "ＯＨＡＮＡ京町【通所介護】神奈川県川崎市川崎区京町1-4-1ＳＫＹガーデン1F", "url": "https://www.kaigokensaku.mhlw.go.jp/14/index.php?action_kouhyou_detail_004_kani=true&JigyosyoCd=1475004436-00&ServiceCd=150&Type=search", "url2": null }, "geometry": { "type": "Point", "coordinates": [ 139.694061300000016, 35.5199965 ] } },
{ "type": "Feature", "properties": { "内容": "デイサービス夢楽川崎大師【通所介護】神奈川県川崎市川崎区川中島1-21-3ハイムコーナーブラウン1F", "url": "https://www.kaigokensaku.mhlw.go.jp/14/index.php?action_kouhyou_detail_004_kani=true&JigyosyoCd=1475004451-00&ServiceCd=150&Type=search", "url2": "https://yumeraku.net/kawasakidaishi/" }, "geometry": { "type": "Point", "coordinates": [ 139.7278713, 35.5334314 ] } },
{ "type": "Feature", "properties": { "内容": "トータルリハーブ藤崎【通所介護】神奈川県川崎市川崎区藤崎３-6-23ザファーストグレイス", "url": "https://www.kaigokensaku.mhlw.go.jp/14/index.php?action_kouhyou_detail_004_kani=true&JigyosyoCd=1475004469-00&ServiceCd=150&Type=search", "url2": "http:/www.totalrehab.jp/" }, "geometry": { "type": "Point", "coordinates": [ 139.7243187, 35.5281252 ] } },
{ "type": "Feature", "properties": { "内容": "こ・こ・ろ生活デイサービス【通所介護】神奈川県川崎市川崎区池上新町2丁目22番3号", "url": "https://www.kaigokensaku.mhlw.go.jp/14/index.php?action_kouhyou_detail_004_kani=true&JigyosyoCd=1475000962-00&ServiceCd=150&Type=search", "url2": null }, "geometry": { "type": "Point", "coordinates": [ 139.730979499999989, 35.52494 ] } },
{ "type": "Feature", "properties": { "内容": "デイサービスセンター　ぶどうの郷【通所介護】神奈川県川崎市川崎区大師本町８－１７ジニーハウス川崎大師１Ｆ", "url": "https://www.kaigokensaku.mhlw.go.jp/14/index.php?action_kouhyou_detail_004_kani=true&JigyosyoCd=1475002778-00&ServiceCd=150&Type=search", "url2": "https://budounosato.jp" }, "geometry": { "type": "Point", "coordinates": [ 139.729831325794947, 35.535200876579935 ] } },
{ "type": "Feature", "properties": { "内容": "デイサービス鋼管通【通所介護】神奈川県川崎市川崎区鋼管通1-3-10ＩＲＭビル1Ｆ", "url": "https://www.kaigokensaku.mhlw.go.jp/14/index.php?action_kouhyou_detail_004_kani=true&JigyosyoCd=1475003883-00&ServiceCd=150&Type=search", "url2": "https://www.piahome-tsurumi.com/day-koukanndori" }, "geometry": { "type": "Point", "coordinates": [ 139.713383799999974, 35.518049 ] } },
{ "type": "Feature", "properties": { "内容": "レッツ俱楽部川崎中島【通所介護】神奈川県川崎市川崎区中島3丁目7番10号第三コーポ木村１階101号室", "url": "https://www.kaigokensaku.mhlw.go.jp/14/index.php?action_kouhyou_detail_004_kani=true&JigyosyoCd=1475004501-00&ServiceCd=150&Type=search", "url2": "https://www.lets-club.jp/shop/kawasakinakajima/" }, "geometry": { "type": "Point", "coordinates": [ 139.716859299999982, 35.5265086 ] } },
{ "type": "Feature", "properties": { "内容": "デイサービス健楽　川崎【通所介護】神奈川県川崎市川崎区桜本１－１４－２　１F", "url": "https://www.kaigokensaku.mhlw.go.jp/14/index.php?action_kouhyou_detail_004_kani=true&JigyosyoCd=1475004519-00&ServiceCd=150&Type=search", "url2": "https://trustlife2021.com" }, "geometry": { "type": "Point", "coordinates": [ 139.722325, 35.5186709 ] } },
{ "type": "Feature", "properties": { "内容": "ニチイケアセンター大師【通所介護】神奈川県川崎市川崎区中瀬3-10-2", "url": "https://www.kaigokensaku.mhlw.go.jp/14/index.php?action_kouhyou_detail_004_kani=true&JigyosyoCd=1475000350-00&ServiceCd=150&Type=search", "url2": "https://www.nichiigakkan.co.jp" }, "geometry": { "type": "Point", "coordinates": [ 139.731781800000022, 35.5394993 ] } },
{ "type": "Feature", "properties": { "内容": "デイサービス夢楽川崎京町【通所介護】神奈川県川崎市川崎区京町3-32-1", "url": "https://www.kaigokensaku.mhlw.go.jp/14/index.php?action_kouhyou_detail_004_kani=true&JigyosyoCd=1475004790-00&ServiceCd=150&Type=search", "url2": "https://www.gakidaisyo.co.jp/" }, "geometry": { "type": "Point", "coordinates": [ 139.6981275, 35.5062849 ] } },
{ "type": "Feature", "properties": { "内容": "ルネサンス元氣ジム川崎八丁畷【通所介護】神奈川県川崎市川崎区日進町26-22ステラコート川崎　1階", "url": "https://www.kaigokensaku.mhlw.go.jp/14/index.php?action_kouhyou_detail_004_kani=true&JigyosyoCd=1475004808-00&ServiceCd=150&Type=search", "url2": "http://www.s-re.jp/" }, "geometry": { "type": "Point", "coordinates": [ 139.693690800000013, 35.5235199 ] } },
{ "type": "Feature", "properties": { "内容": "ジョイリハアスリエ柳町【通所介護】神奈川県川崎市幸区柳町55-1サンライズビル１階", "url": "https://www.kaigokensaku.mhlw.go.jp/14/index.php?action_kouhyou_detail_004_kani=true&JigyosyoCd=1475102735-00&ServiceCd=150&Type=search", "url2": "https://joyreha.co.jp/shop/%E3%82%B8%E3%83%A7%E3%82%A4%E3%83%AA%E3%83%8F%E6%9F%B3%E7%94%BA/" }, "geometry": { "type": "Point", "coordinates": [ 139.685527799999988, 35.5303398 ] } },
{ "type": "Feature", "properties": { "内容": "デイサービス夢楽新川崎【通所介護】神奈川県川崎市幸区小倉3-9-20ケアビレッジ小倉2F", "url": "https://www.kaigokensaku.mhlw.go.jp/14/index.php?action_kouhyou_detail_004_kani=true&JigyosyoCd=1475102768-00&ServiceCd=150&Type=search", "url2": "https://www.gakidaisyo.co.jp/" }, "geometry": { "type": "Point", "coordinates": [ 139.66977510000001, 35.5419523 ] } },
{ "type": "Feature", "properties": { "内容": "奏デイサービスセンター【通所介護】神奈川県川崎市幸区小向仲野町1-24", "url": "https://www.kaigokensaku.mhlw.go.jp/14/index.php?action_kouhyou_detail_004_kani=true&JigyosyoCd=1475101034-00&ServiceCd=150&Type=search", "url2": "http://www.majima-fukushikai.jp/facility/kanade" }, "geometry": { "type": "Point", "coordinates": [ 139.694217620203062, 35.550341950920689 ] } },
{ "type": "Feature", "properties": { "内容": "夢見ケ崎　デイサービスセンター【通所介護】神奈川県川崎市幸区南加瀬1-7-14", "url": "https://www.kaigokensaku.mhlw.go.jp/14/index.php?action_kouhyou_detail_004_kani=true&JigyosyoCd=1475100291-00&ServiceCd=150&Type=search", "url2": "http://www.warakukai.or.jp/facility/facility04.html" }, "geometry": { "type": "Point", "coordinates": [ 139.6677482, 35.5469511 ] } },
{ "type": "Feature", "properties": { "内容": "福祉クラブ生協　Ｄａｙかしまだ【通所介護】神奈川県川崎市幸区下平間214-1フロール川崎下平間第2", "url": "https://www.kaigokensaku.mhlw.go.jp/14/index.php?action_kouhyou_detail_004_kani=true&JigyosyoCd=1475100739-00&ServiceCd=150&Type=search", "url2": "http://www.fukushi-club.net/daycare_s/index.html" }, "geometry": { "type": "Point", "coordinates": [ 139.680533100000048, 35.5503419 ] } },
{ "type": "Feature", "properties": { "内容": "ケアパートナー新川崎【通所介護】神奈川県川崎市幸区南加瀬2-29-1", "url": "https://www.kaigokensaku.mhlw.go.jp/14/index.php?action_kouhyou_detail_004_kani=true&JigyosyoCd=1475101018-00&ServiceCd=150&Type=search", "url2": "https://www.care-partner.com/place/shinkawasaki/" }, "geometry": { "type": "Point", "coordinates": [ 139.660230276057405, 35.547947122304315 ] } },
{ "type": "Feature", "properties": { "内容": "みんなと暮らす町　通所介護センター【通所介護】神奈川県川崎市幸区東古市場１１６－１２", "url": "https://www.kaigokensaku.mhlw.go.jp/14/index.php?action_kouhyou_detail_004_kani=true&JigyosyoCd=1475101083-00&ServiceCd=150&Type=search", "url2": "http://www.taiyonosono.or.jp/" }, "geometry": { "type": "Point", "coordinates": [ 139.688335100000018, 35.5515027 ] } },
{ "type": "Feature", "properties": { "内容": "デイサービス笑い門【通所介護】神奈川県川崎市幸区北加瀬3-19-7レジデンシャル新川崎１F", "url": "https://www.kaigokensaku.mhlw.go.jp/14/index.php?action_kouhyou_detail_004_kani=true&JigyosyoCd=1475101406-00&ServiceCd=150&Type=search", "url2": "https://waraimon.com/" }, "geometry": { "type": "Point", "coordinates": [ 139.661423499999955, 35.5550553 ] } },
{ "type": "Feature", "properties": { "内容": "デイサービス南さいわい【通所介護】神奈川県川崎市幸区南幸町3丁目149-3特別養護老人ホーム南さいわい", "url": "https://www.kaigokensaku.mhlw.go.jp/14/index.php?action_kouhyou_detail_004_kani=true&JigyosyoCd=1475101679-00&ServiceCd=150&Type=search", "url2": "http://www.misasakai.or.jp/shisetsu/minamisaiwai.php" }, "geometry": { "type": "Point", "coordinates": [ 139.686891848023947, 35.535115876136153 ] } },
{ "type": "Feature", "properties": { "内容": "フィットネスリハビリ幸【通所介護】神奈川県川崎市幸区南幸町3-105-2ハイラーク川崎202", "url": "https://www.kaigokensaku.mhlw.go.jp/14/index.php?action_kouhyou_detail_004_kani=true&JigyosyoCd=1475101711-00&ServiceCd=150&Type=search", "url2": "https://www.iandyou.co.jp/" }, "geometry": { "type": "Point", "coordinates": [ 139.685077699999965, 35.5306504 ] } },
{ "type": "Feature", "properties": { "内容": "デイサービス　ソラスト新川崎【通所介護】神奈川県川崎市幸区南加瀬2-37-11パールコート1階", "url": "https://www.kaigokensaku.mhlw.go.jp/14/index.php?action_kouhyou_detail_004_kani=true&JigyosyoCd=1475102065-00&ServiceCd=150&Type=search", "url2": "https://solasto-kaigo.com/service/dayservice/shinkawasaki" }, "geometry": { "type": "Point", "coordinates": [ 139.660552071163892, 35.545680282229164 ] } },
{ "type": "Feature", "properties": { "内容": "ジェクサー・プラチナジム　コトニアガーデン新川崎【通所介護】神奈川県川崎市幸区北加瀬2-11-3S棟1-4", "url": "https://www.kaigokensaku.mhlw.go.jp/14/index.php?action_kouhyou_detail_004_kani=true&JigyosyoCd=1475102313-00&ServiceCd=150&Type=search", "url2": "https://www.jexer.jp/platinagym/index.html" }, "geometry": { "type": "Point", "coordinates": [ 139.663047524606327, 35.551646749126881 ] } },
{ "type": "Feature", "properties": { "内容": "デイサービスセンターアライブ【通所介護】神奈川県川崎市幸区東古市場８５－１スカイアークフロント１０１", "url": "https://www.kaigokensaku.mhlw.go.jp/14/index.php?action_kouhyou_detail_004_kani=true&JigyosyoCd=1475102610-00&ServiceCd=150&Type=search", "url2": "https://td-alive.com/" }, "geometry": { "type": "Point", "coordinates": [ 139.6895022, 35.5526781 ] } },
{ "type": "Feature", "properties": { "内容": "しゃんぐりらデイサービスセンター【通所介護】神奈川県川崎市幸区東小倉6-1", "url": "https://www.kaigokensaku.mhlw.go.jp/14/index.php?action_kouhyou_detail_004_kani=true&JigyosyoCd=1475102693-00&ServiceCd=150&Type=search", "url2": "http://heartful-K.org/" }, "geometry": { "type": "Point", "coordinates": [ 139.6765418, 35.5462193 ] } },
{ "type": "Feature", "properties": { "内容": "クロスハート幸・川崎デイサービス【通所介護】神奈川県川崎市幸区河原町1-13201", "url": "https://www.kaigokensaku.mhlw.go.jp/14/index.php?action_kouhyou_detail_004_kani=true&JigyosyoCd=1475102800-00&ServiceCd=150&Type=search", "url2": "https://www.shinkoufukushikai.com/" }, "geometry": { "type": "Point", "coordinates": [ 139.69432470000001, 35.5402347 ] } },
{ "type": "Feature", "properties": { "内容": "川崎ナーシングヴィラそよ風【通所介護】神奈川県川崎市幸区南加瀬5丁目18番12号", "url": "https://www.kaigokensaku.mhlw.go.jp/14/index.php?action_kouhyou_detail_004_kani=true&JigyosyoCd=1475101521-00&ServiceCd=150&Type=search", "url2": "https://www.unimat-rc.co.jp/shisetsu-zaitaku/142721" }, "geometry": { "type": "Point", "coordinates": [ 139.66012969999997, 35.5390637 ] } },
{ "type": "Feature", "properties": { "内容": "社会福祉法人セイワ　介護老人福祉施設すみよし【通所介護】神奈川県川崎市中原区木月祗園町2-1", "url": "https://www.kaigokensaku.mhlw.go.jp/14/index.php?action_kouhyou_detail_004_kani=true&JigyosyoCd=1475200166-00&ServiceCd=150&Type=search", "url2": "http://www.seiwa-sumiyoshi.jp" }, "geometry": { "type": "Point", "coordinates": [ 139.648685399999977, 35.5689918 ] } },
{ "type": "Feature", "properties": { "内容": "特別養護老人ホーム　ひらまの里【通所介護】神奈川県川崎市中原区上平間611-1", "url": "https://www.kaigokensaku.mhlw.go.jp/14/index.php?action_kouhyou_detail_004_kani=true&JigyosyoCd=1475200232-00&ServiceCd=150&Type=search", "url2": "http://www.kfj.or.jp/" }, "geometry": { "type": "Point", "coordinates": [ 139.681368900000052, 35.5568548 ] } },
{ "type": "Feature", "properties": { "内容": "株式会社　ケアネット　デイサービスセンター川崎【通所介護】神奈川県川崎市中原区上小田中４－１－１", "url": "https://www.kaigokensaku.mhlw.go.jp/14/index.php?action_kouhyou_detail_004_kani=true&JigyosyoCd=1475200513-00&ServiceCd=150&Type=search", "url2": "http://www.carenet.fujitsu.com/web/scdsp.php?scid=60" }, "geometry": { "type": "Point", "coordinates": [ 139.642261199752738, 35.583851421289289 ] } },
{ "type": "Feature", "properties": { "内容": "デイサービス　ソラスト武蔵小杉【通所介護】神奈川県川崎市中原区小杉町2-227ＩＴＯビルII", "url": "https://www.kaigokensaku.mhlw.go.jp/14/index.php?action_kouhyou_detail_004_kani=true&JigyosyoCd=1475200893-00&ServiceCd=150&Type=search", "url2": "https://solasto-kaigo.com/service/dayservice/musashikosugi" }, "geometry": { "type": "Point", "coordinates": [ 139.655109269311566, 35.578256859025991 ] } },
{ "type": "Feature", "properties": { "内容": "パナソニックエイジフリーケアセンターなかはら・デイサービス【通所介護】神奈川県川崎市中原区上平間1386-1第2ヤマサンビル1Ｆ・２F", "url": "https://www.kaigokensaku.mhlw.go.jp/14/index.php?action_kouhyou_detail_004_kani=true&JigyosyoCd=1475201560-00&ServiceCd=150&Type=search", "url2": "https://panasonic.co.jp/paf/" }, "geometry": { "type": "Point", "coordinates": [ 139.6792246, 35.5596905 ] } },
{ "type": "Feature", "properties": { "内容": "トータルリハーブ中原【通所介護】神奈川県川崎市中原区中丸子341ファミリエ川崎中丸子102", "url": "https://www.kaigokensaku.mhlw.go.jp/14/index.php?action_kouhyou_detail_004_kani=true&JigyosyoCd=1475201958-00&ServiceCd=150&Type=search", "url2": "http://www.totalrehab.jp" }, "geometry": { "type": "Point", "coordinates": [ 139.668739976057395, 35.568178778476479 ] } },
{ "type": "Feature", "properties": { "内容": "ベストケア・デイサービスセンター武蔵中原【通所介護】神奈川県川崎市中原区上小田中６－２７－２７delta‐T　1F", "url": "https://www.kaigokensaku.mhlw.go.jp/14/index.php?action_kouhyou_detail_004_kani=true&JigyosyoCd=1475202659-00&ServiceCd=150&Type=search", "url2": "http://www.best-care.jp/daycare/" }, "geometry": { "type": "Point", "coordinates": [ 139.6460902, 35.581536900000025 ] } },
{ "type": "Feature", "properties": { "内容": "ブリッジライフ元住吉【通所介護】神奈川県川崎市中原区苅宿38番3号安孫子ビル1階", "url": "https://www.kaigokensaku.mhlw.go.jp/14/index.php?action_kouhyou_detail_004_kani=true&JigyosyoCd=1475202923-00&ServiceCd=150&Type=search", "url2": "http://www.bridge-life.jp/shop/motosumiyoshi.html" }, "geometry": { "type": "Point", "coordinates": [ 139.662167400000044, 35.5622269 ] } },
{ "type": "Feature", "properties": { "内容": "川崎医療生活協同組合・デイサービス　みやび【通所介護】神奈川県川崎市中原区上平間1264ﾒﾃﾞｨﾎｰﾌﾟなかはらビル", "url": "https://www.kaigokensaku.mhlw.go.jp/14/index.php?action_kouhyou_detail_004_kani=true&JigyosyoCd=1475201362-00&ServiceCd=150&Type=search", "url2": "http://www.kai.go.org/" }, "geometry": { "type": "Point", "coordinates": [ 139.679632565081789, 35.557466670413199 ] } },
{ "type": "Feature", "properties": { "内容": "あるく堂こすぎ【通所介護】神奈川県川崎市中原区今井南町28-2ロイヤルハイツ１F", "url": "https://www.kaigokensaku.mhlw.go.jp/14/index.php?action_kouhyou_detail_004_kani=true&JigyosyoCd=1475203442-00&ServiceCd=150&Type=search", "url2": "https://newday.co.jp/" }, "geometry": { "type": "Point", "coordinates": [ 139.654995500000012, 35.5707473 ] } },
{ "type": "Feature", "properties": { "内容": "通所機能訓練　アットプレイス橘【通所介護】神奈川県川崎市中原区下小田中6-8-3ケアホスピス橘内", "url": "https://www.kaigokensaku.mhlw.go.jp/14/index.php?action_kouhyou_detail_004_kani=true&JigyosyoCd=1475102354-00&ServiceCd=150&Type=search", "url2": "https://place.at-care.co.jp/facility/tachibana/" }, "geometry": { "type": "Point", "coordinates": [ 139.635844600000013, 35.5741809 ] } },
{ "type": "Feature", "properties": { "内容": "社会福祉法人セイワ　介護老人福祉施設みやうち【通所介護】神奈川県川崎市中原区宮内1-25-1", "url": "https://www.kaigokensaku.mhlw.go.jp/14/index.php?action_kouhyou_detail_004_kani=true&JigyosyoCd=1475200612-00&ServiceCd=150&Type=search", "url2": "https://seiwa-miyauchi.jp/" }, "geometry": { "type": "Point", "coordinates": [ 139.641070200000058, 35.5944209 ] } },
{ "type": "Feature", "properties": { "内容": "ホッとスペース中原デイサービス【通所介護】神奈川県川崎市中原区下小田中1-19-21", "url": "https://www.kaigokensaku.mhlw.go.jp/14/index.php?action_kouhyou_detail_004_kani=true&JigyosyoCd=1475201735-00&ServiceCd=150&Type=search", "url2": "https://hotspacenakahara.org/service/elderly_support/dayservice/" }, "geometry": { "type": "Point", "coordinates": [ 139.637375943519601, 35.579670519767362 ] } },
{ "type": "Feature", "properties": { "内容": "オハナ元住吉【通所介護】神奈川県川崎市中原区木月3丁目37番5号スタイリオ元住吉Ⅱ", "url": "https://www.kaigokensaku.mhlw.go.jp/14/index.php?action_kouhyou_detail_004_kani=true&JigyosyoCd=1475202477-00&ServiceCd=150&Type=search", "url2": "https://www.tokyu-ohana.jp/motosumi/" }, "geometry": { "type": "Point", "coordinates": [ 139.651377, 35.5618625 ] } },
{ "type": "Feature", "properties": { "内容": "こはるびより【通所介護】神奈川県川崎市中原区宮内2-15-16ガーデン桜1F", "url": "https://www.kaigokensaku.mhlw.go.jp/14/index.php?action_kouhyou_detail_004_kani=true&JigyosyoCd=1475202824-00&ServiceCd=150&Type=search", "url2": "https://www.navida.ne.jp/snavi/100865_1.html" }, "geometry": { "type": "Point", "coordinates": [ 139.639565200000021, 35.59059520000001 ] } },
{ "type": "Feature", "properties": { "内容": "デイサービスセンター　ゆうらく【通所介護】神奈川県川崎市中原区北谷町９１", "url": "https://www.kaigokensaku.mhlw.go.jp/14/index.php?action_kouhyou_detail_004_kani=true&JigyosyoCd=1475201321-00&ServiceCd=150&Type=search", "url2": "https://j-lifedesign.com/facility/124" }, "geometry": { "type": "Point", "coordinates": [ 139.6719779, 35.5634927 ] } },
{ "type": "Feature", "properties": { "内容": "社会福祉法人セイワ　介護老人福祉施設すえなが【通所介護】神奈川県川崎市高津区末長1丁目3番13号", "url": "https://www.kaigokensaku.mhlw.go.jp/14/index.php?action_kouhyou_detail_004_kani=true&JigyosyoCd=1475300115-00&ServiceCd=150&Type=search", "url2": "https://www.fukushi-seiwa.jp/" }, "geometry": { "type": "Point", "coordinates": [ 139.608646099999987, 35.5953073 ] } },
{ "type": "Feature", "properties": { "内容": "ニチイケアセンター溝の口【通所介護】神奈川県川崎市高津区上作延1-18-38", "url": "https://www.kaigokensaku.mhlw.go.jp/14/index.php?action_kouhyou_detail_004_kani=true&JigyosyoCd=1475300156-00&ServiceCd=150&Type=search", "url2": "http://www.nichiigakkan.co.jp" }, "geometry": { "type": "Point", "coordinates": [ 139.596379860188307, 35.599540850350365 ] } },
{ "type": "Feature", "properties": { "内容": "デイサービス　やすら樹【通所介護】神奈川県川崎市高津区東野川２丁目３３番８", "url": "https://www.kaigokensaku.mhlw.go.jp/14/index.php?action_kouhyou_detail_004_kani=true&JigyosyoCd=1475301303-00&ServiceCd=150&Type=search", "url2": "http://www.yasura-gi.com/" }, "geometry": { "type": "Point", "coordinates": [ 139.615624042132623, 35.568054077696921 ] } },
{ "type": "Feature", "properties": { "内容": "コムネットジャパン株式会社　万葉のさと　梶ヶ谷【通所介護】神奈川県川崎市高津区新作1-21-16ビバリーライフ梶ヶ谷1Ｆ", "url": "https://www.kaigokensaku.mhlw.go.jp/14/index.php?action_kouhyou_detail_004_kani=true&JigyosyoCd=1475301329-00&ServiceCd=150&Type=search", "url2": "http://www.manyo-sato.com/" }, "geometry": { "type": "Point", "coordinates": [ 139.608882699999981, 35.5869752 ] } },
{ "type": "Feature", "properties": { "内容": "にじの里　しぼくち【通所介護】神奈川県川崎市高津区子母口269-1サンハイツ", "url": "https://www.kaigokensaku.mhlw.go.jp/14/index.php?action_kouhyou_detail_004_kani=true&JigyosyoCd=1475301691-00&ServiceCd=150&Type=search", "url2": "https://nijinosato.jp/" }, "geometry": { "type": "Point", "coordinates": [ 139.629151409722908, 35.571158489736803 ] } },
{ "type": "Feature", "properties": { "内容": "アイポケットでいさーびす【通所介護】神奈川県川崎市高津区末長4-21-24スペリアル武蔵新城101・102号", "url": "https://www.kaigokensaku.mhlw.go.jp/14/index.php?action_kouhyou_detail_004_kani=true&JigyosyoCd=1475302079-00&ServiceCd=150&Type=search", "url2": "https://ipoket-kaigo.com/" }, "geometry": { "type": "Point", "coordinates": [ 139.626974799999971, 35.590399599999984 ] } },
{ "type": "Feature", "properties": { "内容": "おだかの郷　デイサービスセンター【通所介護】神奈川県川崎市高津区末長2-20-20", "url": "https://www.kaigokensaku.mhlw.go.jp/14/index.php?action_kouhyou_detail_004_kani=true&JigyosyoCd=1475302301-00&ServiceCd=150&Type=search", "url2": "https://hyakusyunkai.com/" }, "geometry": { "type": "Point", "coordinates": [ 139.612752883467124, 35.588167487043712 ] } },
{ "type": "Feature", "properties": { "内容": "かがやきデイサービス溝の口【通所介護】神奈川県川崎市高津区久地2-23-16", "url": "https://www.kaigokensaku.mhlw.go.jp/14/index.php?action_kouhyou_detail_004_kani=true&JigyosyoCd=1475302459-00&ServiceCd=150&Type=search", "url2": null }, "geometry": { "type": "Point", "coordinates": [ 139.607514598811377, 35.609174642775407 ] } },
{ "type": "Feature", "properties": { "内容": "クリスタルプラザたかつ【通所介護】神奈川県川崎市高津区千年662ラフォーレちとせ101", "url": "https://www.kaigokensaku.mhlw.go.jp/14/index.php?action_kouhyou_detail_004_kani=true&JigyosyoCd=1475302715-00&ServiceCd=150&Type=search", "url2": "https://re-care.net/institution/crystalplaza_takatsu/" }, "geometry": { "type": "Point", "coordinates": [ 139.62685620000002, 35.5779376 ] } },
{ "type": "Feature", "properties": { "内容": "にじの里NEXTSTAGE【通所介護】神奈川県川崎市高津区溝口3-19-18グランソレイユ1階", "url": "https://www.kaigokensaku.mhlw.go.jp/14/index.php?action_kouhyou_detail_004_kani=true&JigyosyoCd=1475302764-00&ServiceCd=150&Type=search", "url2": "https://nijinosato.jp/service.html" }, "geometry": { "type": "Point", "coordinates": [ 139.611023100000011, 35.604031 ] } },
{ "type": "Feature", "properties": { "内容": "にじの里　スカイラウンジ【通所介護】神奈川県川崎市高津区溝口2-14-31MSメディカルビル8階", "url": "https://www.kaigokensaku.mhlw.go.jp/14/index.php?action_kouhyou_detail_004_kani=true&JigyosyoCd=1475302798-00&ServiceCd=150&Type=search", "url2": "https://nijinosato.jp/" }, "geometry": { "type": "Point", "coordinates": [ 139.612376511114434, 35.601593246904081 ] } },
{ "type": "Feature", "properties": { "内容": "コムネットジャパン株式会社　万葉のさと　溝の口【通所介護】神奈川県川崎市高津区新作3-1-4", "url": "https://www.kaigokensaku.mhlw.go.jp/14/index.php?action_kouhyou_detail_004_kani=true&JigyosyoCd=1475302863-00&ServiceCd=150&Type=search", "url2": "http://www.manyo-sato.com/" }, "geometry": { "type": "Point", "coordinates": [ 139.615193200000022, 35.5850394 ] } },
{ "type": "Feature", "properties": { "内容": "デイサービスセンター　ケアサポートたかつ【通所介護】神奈川県川崎市高津区梶ヶ谷6-14-1", "url": "https://www.kaigokensaku.mhlw.go.jp/14/index.php?action_kouhyou_detail_004_kani=true&JigyosyoCd=1475302970-00&ServiceCd=150&Type=search", "url2": "https://www.care-support.biz/facilities/" }, "geometry": { "type": "Point", "coordinates": [ 139.611293418835459, 35.581602317896134 ] } },
{ "type": "Feature", "properties": { "内容": "パナソニックエイジフリーケアセンター　川崎ちとせ・デイサービス【通所介護】神奈川県川崎市高津区千年768番地", "url": "https://www.kaigokensaku.mhlw.go.jp/14/index.php?action_kouhyou_detail_004_kani=true&JigyosyoCd=1475303143-00&ServiceCd=150&Type=search", "url2": "https://sumai.panasonic.jp/agefree/" }, "geometry": { "type": "Point", "coordinates": [ 139.627269500000011, 35.5797448 ] } },
{ "type": "Feature", "properties": { "内容": "ツクイ川崎梶ヶ谷【通所介護】神奈川県川崎市高津区向ヶ丘157-1", "url": "https://www.kaigokensaku.mhlw.go.jp/14/index.php?action_kouhyou_detail_004_kani=true&JigyosyoCd=1475303317-00&ServiceCd=150&Type=search", "url2": "https://www.tsukui.net/" }, "geometry": { "type": "Point", "coordinates": [ 139.5906482, 35.595019 ] } },
{ "type": "Feature", "properties": { "内容": "百笑たかつ【通所介護】神奈川県川崎市高津区明津204", "url": "https://www.kaigokensaku.mhlw.go.jp/14/index.php?action_kouhyou_detail_004_kani=true&JigyosyoCd=1475303432-00&ServiceCd=150&Type=search", "url2": "https://www.eternal-cast.com/ami/" }, "geometry": { "type": "Point", "coordinates": [ 139.636883154561644, 35.56896334823206 ] } },
{ "type": "Feature", "properties": { "内容": "デイサービスセンター福寿かわさき高津【通所介護】神奈川県川崎市高津区久末336-2", "url": "https://www.kaigokensaku.mhlw.go.jp/14/index.php?action_kouhyou_detail_004_kani=true&JigyosyoCd=1475301949-00&ServiceCd=150&Type=search", "url2": "https://fuku-kaigo.jala.co.jp/jrh/kawasaki-takatsu/index.html" }, "geometry": { "type": "Point", "coordinates": [ 139.607937600000014, 35.5994622 ] } },
{ "type": "Feature", "properties": { "内容": "レコードブック川崎千年【通所介護】神奈川県川崎市高津区千年５５２－１ウィズＫＹＨ１階", "url": "https://www.kaigokensaku.mhlw.go.jp/14/index.php?action_kouhyou_detail_004_kani=true&JigyosyoCd=1475303721-00&ServiceCd=150&Type=search", "url2": "https://www.kokorobiz.jp/" }, "geometry": { "type": "Point", "coordinates": [ 139.627014699999989, 35.576857 ] } },
{ "type": "Feature", "properties": { "内容": "デイサービス　フローレンスケアたかつ【通所介護】神奈川県川崎市高津区久末1744-2", "url": "https://www.kaigokensaku.mhlw.go.jp/14/index.php?action_kouhyou_detail_004_kani=true&JigyosyoCd=1475300701-00&ServiceCd=150&Type=search", "url2": "https://www.good-care.jp/facilities/day-takatu/" }, "geometry": { "type": "Point", "coordinates": [ 139.625472250926236, 35.5672965087603 ] } },
{ "type": "Feature", "properties": { "内容": "川崎市恵楽園デイサービスセンター【通所介護】神奈川県川崎市高津区下作延2-26-１", "url": "https://www.kaigokensaku.mhlw.go.jp/14/index.php?action_kouhyou_detail_004_kani=true&JigyosyoCd=1475301097-00&ServiceCd=150&Type=search", "url2": "https://kawasakiseifu.or.jp/facilities/252" }, "geometry": { "type": "Point", "coordinates": [ 139.605621400000018, 35.5972875 ] } },
{ "type": "Feature", "properties": { "内容": "リ・ケア華サロン【通所介護】神奈川県川崎市高津区東野川2-13-17サンオアシス1階", "url": "https://www.kaigokensaku.mhlw.go.jp/14/index.php?action_kouhyou_detail_004_kani=true&JigyosyoCd=1475301568-00&ServiceCd=150&Type=search", "url2": "https://re-care.net/institution/hana_salon/" }, "geometry": { "type": "Point", "coordinates": [ 139.6139359, 35.5690085 ] } },
{ "type": "Feature", "properties": { "内容": "デイフォレスト溝の口【通所介護】神奈川県川崎市高津区下作延5-13-6", "url": "https://www.kaigokensaku.mhlw.go.jp/14/index.php?action_kouhyou_detail_004_kani=true&JigyosyoCd=1475302509-00&ServiceCd=150&Type=search", "url2": "http://www.fillcare.co.jp/dayservice/mizonokuchi/" }, "geometry": { "type": "Point", "coordinates": [ 139.600579838657723, 35.600967259885543 ] } },
{ "type": "Feature", "properties": { "内容": "ＳＯＭＰＯケア　ハッピーデイズ溝の口【通所介護】神奈川県川崎市高津区末長2丁目9番45号", "url": "https://www.kaigokensaku.mhlw.go.jp/14/index.php?action_kouhyou_detail_004_kani=true&JigyosyoCd=1475303028-00&ServiceCd=150&Type=search", "url2": "https://www.sompocare.com/service/zaitaku/dayservice/Z000003" }, "geometry": { "type": "Point", "coordinates": [ 139.615226200000052, 35.5907413 ] } },
{ "type": "Feature", "properties": { "内容": "にじの里　ワンデイ【通所介護】神奈川県川崎市高津区溝口2-14-31MSメディカルビル7階", "url": "https://www.kaigokensaku.mhlw.go.jp/14/index.php?action_kouhyou_detail_004_kani=true&JigyosyoCd=1475303622-00&ServiceCd=150&Type=search", "url2": "https://nijinosato.jp/" }, "geometry": { "type": "Point", "coordinates": [ 139.6122934, 35.6015245 ] } },
{ "type": "Feature", "properties": { "内容": "ブリッジライフ高津【通所介護】神奈川県川崎市高津区千年679ハイム・ブルーネ1F", "url": "https://www.kaigokensaku.mhlw.go.jp/14/index.php?action_kouhyou_detail_004_kani=true&JigyosyoCd=1475303630-00&ServiceCd=150&Type=search", "url2": "https://www.bridge-life.jp/shop/takatsu/" }, "geometry": { "type": "Point", "coordinates": [ 139.627932, 35.5779447 ] } },
{ "type": "Feature", "properties": { "内容": "デイサービスわっしょい【通所介護】神奈川県川崎市高津区末長2-10-16溝ノ口スペック102(2・3)", "url": "https://www.kaigokensaku.mhlw.go.jp/14/index.php?action_kouhyou_detail_004_kani=true&JigyosyoCd=1475302558-00&ServiceCd=150&Type=search", "url2": "https://0449489716.crayonsite.net" }, "geometry": { "type": "Point", "coordinates": [ 139.61583440000004, 35.5910246 ] } },
{ "type": "Feature", "properties": { "内容": "在宅サポートセンター生田デイサービス音【通所介護】神奈川県川崎市多摩区栗谷4-6-13", "url": "https://www.kaigokensaku.mhlw.go.jp/14/index.php?action_kouhyou_detail_004_kani=true&JigyosyoCd=1475403174-00&ServiceCd=150&Type=search", "url2": "https://www.japan-care.jp" }, "geometry": { "type": "Point", "coordinates": [ 139.5385159, 35.6100797 ] } },
{ "type": "Feature", "properties": { "内容": "特別養護老人ホーム多摩川の里【通所介護】神奈川県川崎市多摩区中野島6-13-5", "url": "https://www.kaigokensaku.mhlw.go.jp/14/index.php?action_kouhyou_detail_004_kani=true&JigyosyoCd=1475400170-00&ServiceCd=150&Type=search", "url2": "http://www.kfj.or.jp" }, "geometry": { "type": "Point", "coordinates": [ 139.5517691, 35.632287 ] } },
{ "type": "Feature", "properties": { "内容": "デイサービスセンター菅の里【通所介護】神奈川県川崎市多摩区菅北浦３－１０－２０", "url": "https://www.kaigokensaku.mhlw.go.jp/14/index.php?action_kouhyou_detail_004_kani=true&JigyosyoCd=1475400238-00&ServiceCd=150&Type=search", "url2": "https://tokushin-suge.com" }, "geometry": { "type": "Point", "coordinates": [ 139.5323237, 35.6314816 ] } },
{ "type": "Feature", "properties": { "内容": "よみうりランド花ハウス【通所介護】神奈川県川崎市多摩区菅仙谷4-1-4", "url": "https://www.kaigokensaku.mhlw.go.jp/14/index.php?action_kouhyou_detail_004_kani=true&JigyosyoCd=1475400683-00&ServiceCd=150&Type=search", "url2": "https://www.hana-house.org/" }, "geometry": { "type": "Point", "coordinates": [ 139.519722600000023, 35.6217665 ] } },
{ "type": "Feature", "properties": { "内容": "在宅サポートセンター生田　デイサービス響【通所介護】神奈川県川崎市多摩区栗谷４－６－１３", "url": "https://www.kaigokensaku.mhlw.go.jp/14/index.php?action_kouhyou_detail_004_kani=true&JigyosyoCd=1475400816-00&ServiceCd=150&Type=search", "url2": "http://www.japan-care.jp" }, "geometry": { "type": "Point", "coordinates": [ 139.53849660000003, 35.610041 ] } },
{ "type": "Feature", "properties": { "内容": "パナソニックエイジフリーケアセンター登戸・デイサービス【通所介護】神奈川県川崎市多摩区長尾1-12-8", "url": "https://www.kaigokensaku.mhlw.go.jp/14/index.php?action_kouhyou_detail_004_kani=true&JigyosyoCd=1475402226-00&ServiceCd=150&Type=search", "url2": "https://panasonic.co.jp/paf/" }, "geometry": { "type": "Point", "coordinates": [ 139.575232, 35.6113463 ] } },
{ "type": "Feature", "properties": { "内容": "デイサービスセンターなごやか向ケ丘遊園【通所介護】神奈川県川崎市多摩区宿河原2-30-8アーコサンティー向ヶ丘", "url": "https://www.kaigokensaku.mhlw.go.jp/14/index.php?action_kouhyou_detail_004_kani=true&JigyosyoCd=1475402481-00&ServiceCd=150&Type=search", "url2": "http://www.nagoyaka-link.co.jp/club/mukogaokayuen/" }, "geometry": { "type": "Point", "coordinates": [ 139.570857199999978, 35.6145041 ] } },
{ "type": "Feature", "properties": { "内容": "Luxemデイサービス登戸【通所介護】神奈川県川崎市多摩区長尾1-18-5アペックス長尾1F", "url": "https://www.kaigokensaku.mhlw.go.jp/14/index.php?action_kouhyou_detail_004_kani=true&JigyosyoCd=1475402754-00&ServiceCd=150&Type=search", "url2": "https://luxem.co.jp/" }, "geometry": { "type": "Point", "coordinates": [ 139.574871300000012, 35.6123313 ] } },
{ "type": "Feature", "properties": { "内容": "ツクイ川崎長沢【通所介護】神奈川県川崎市多摩区長沢4-2-7", "url": "https://www.kaigokensaku.mhlw.go.jp/14/index.php?action_kouhyou_detail_004_kani=true&JigyosyoCd=1475402887-00&ServiceCd=150&Type=search", "url2": "https://www.tsukui.net/home-care/2178/" }, "geometry": { "type": "Point", "coordinates": [ 139.5372698, 35.6001789 ] } },
{ "type": "Feature", "properties": { "内容": "デイサービス　ふれあい【通所介護】神奈川県川崎市多摩区生田3-18－2アボードベアー1階", "url": "https://www.kaigokensaku.mhlw.go.jp/14/index.php?action_kouhyou_detail_004_kani=true&JigyosyoCd=1475402937-00&ServiceCd=150&Type=search", "url2": "https://tama-fureai.com/serevice/dayservice-fureai/" }, "geometry": { "type": "Point", "coordinates": [ 139.5495804, 35.6211176 ] } },
{ "type": "Feature", "properties": { "内容": "セラピストデイ枡形【通所介護】神奈川県川崎市多摩区枡形6-2-34クリフパレス101", "url": "https://www.kaigokensaku.mhlw.go.jp/14/index.php?action_kouhyou_detail_004_kani=true&JigyosyoCd=1475402960-00&ServiceCd=150&Type=search", "url2": "https://sociallab.co.jp/" }, "geometry": { "type": "Point", "coordinates": [ 139.560567, 35.6152049 ] } },
{ "type": "Feature", "properties": { "内容": "デイサービスセンター福寿かわさき多摩【通所介護】神奈川県川崎市多摩区菅稲田堤3丁目17番20号", "url": "https://www.kaigokensaku.mhlw.go.jp/14/index.php?action_kouhyou_detail_004_kani=true&JigyosyoCd=1475402424-00&ServiceCd=150&Type=search", "url2": "https://fuku-kaigo.jala.co.jp/jrh/kawasaki-tama/" }, "geometry": { "type": "Point", "coordinates": [ 139.541689200000064, 35.6356364 ] } },
{ "type": "Feature", "properties": { "内容": "チャオ！デイフィットソシアル倶楽部【通所介護】神奈川県川崎市多摩区宿河原２-30-4ジーエス向ヶ丘１階", "url": "https://www.kaigokensaku.mhlw.go.jp/14/index.php?action_kouhyou_detail_004_kani=true&JigyosyoCd=1475403067-00&ServiceCd=150&Type=search", "url2": "https://ciao-dayfit.jp" }, "geometry": { "type": "Point", "coordinates": [ 139.570623100000034, 35.6143085 ] } },
{ "type": "Feature", "properties": { "内容": "アイ　メディカルフィットネス【通所介護】神奈川県川崎市多摩区登戸1780トセキビル2階", "url": "https://www.kaigokensaku.mhlw.go.jp/14/index.php?action_kouhyou_detail_004_kani=true&JigyosyoCd=1475401020-00&ServiceCd=150&Type=search", "url2": "https://www.i-med-fit.com/" }, "geometry": { "type": "Point", "coordinates": [ 139.561788299999989, 35.6200364 ] } },
{ "type": "Feature", "properties": { "内容": "ヴィラージュ川崎デイサービスセンター【通所介護】神奈川県川崎市多摩区宿河原1⁻18⁻1", "url": "https://www.kaigokensaku.mhlw.go.jp/14/index.php?action_kouhyou_detail_004_kani=true&JigyosyoCd=1475401731-00&ServiceCd=150&Type=search", "url2": "https://biseikai.or.jp/" }, "geometry": { "type": "Point", "coordinates": [ 139.577686800000038, 35.6180312 ] } },
{ "type": "Feature", "properties": { "内容": "しゅくがわら三清荘デイサービスセンター【通所介護】神奈川県川崎市多摩区宿河原6-20-19", "url": "https://www.kaigokensaku.mhlw.go.jp/14/index.php?action_kouhyou_detail_004_kani=true&JigyosyoCd=1475403117-00&ServiceCd=150&Type=search", "url2": "https://www.keizankai.or.jp/kaigo/shukugawara/" }, "geometry": { "type": "Point", "coordinates": [ 139.585176, 35.611231 ] } },
{ "type": "Feature", "properties": { "内容": "奉優デイサービス川崎有馬【通所介護】神奈川県川崎市宮前区東有馬3-19-8MSビル2F", "url": "https://www.kaigokensaku.mhlw.go.jp/14/index.php?action_kouhyou_detail_004_kani=true&JigyosyoCd=1475302236-00&ServiceCd=150&Type=search", "url2": "https://www.foryou.or.jp/corp2/kawasakiarimaday/" }, "geometry": { "type": "Point", "coordinates": [ 139.593716924228573, 35.571519144880071 ] } },
{ "type": "Feature", "properties": { "内容": "社会福祉法人セイワ　介護老人福祉施設鷲ヶ峯【通所介護】神奈川県川崎市宮前区菅生ケ丘13番１号", "url": "https://www.kaigokensaku.mhlw.go.jp/14/index.php?action_kouhyou_detail_004_kani=true&JigyosyoCd=1475500177-00&ServiceCd=150&Type=search", "url2": "https://www.seiwa-washigamine.jp/guide/index.html" }, "geometry": { "type": "Point", "coordinates": [ 139.545427300000028, 35.597107 ] } },
{ "type": "Feature", "properties": { "内容": "～憩Cafe～有馬【通所介護】神奈川県川崎市宮前区有馬２－１１－１８地田ビル", "url": "https://www.kaigokensaku.mhlw.go.jp/14/index.php?action_kouhyou_detail_004_kani=true&JigyosyoCd=1475500862-00&ServiceCd=150&Type=search", "url2": "https://www.h-t-hd.com/" }, "geometry": { "type": "Point", "coordinates": [ 139.586905300000012, 35.5785292 ] } },
{ "type": "Feature", "properties": { "内容": "リ・ケア東有馬　さくらの木【通所介護】神奈川県川崎市宮前区東有馬５－２２－３", "url": "https://www.kaigokensaku.mhlw.go.jp/14/index.php?action_kouhyou_detail_004_kani=true&JigyosyoCd=1475500912-00&ServiceCd=150&Type=search", "url2": "http://re-care.net/institution/higashi_arima/" }, "geometry": { "type": "Point", "coordinates": [ 139.594157699999982, 35.5703638 ] } },
{ "type": "Feature", "properties": { "内容": "ジョイリハアスリエ宮前平【通所介護】神奈川県川崎市宮前区小台２-７-１３宮前平ガーデンハウスＢ１Ｆ", "url": "https://www.kaigokensaku.mhlw.go.jp/14/index.php?action_kouhyou_detail_004_kani=true&JigyosyoCd=1475501399-00&ServiceCd=150&Type=search", "url2": "https://joyreha.co.jp/shop/ジョイリハ宮前平/" }, "geometry": { "type": "Point", "coordinates": [ 139.580919399999971, 35.5840118 ] } },
{ "type": "Feature", "properties": { "内容": "Do　KAWASAKI【通所介護】神奈川県川崎市宮前区犬蔵1丁目11-50DoKAWASAKI", "url": "https://www.kaigokensaku.mhlw.go.jp/14/index.php?action_kouhyou_detail_004_kani=true&JigyosyoCd=1475502108-00&ServiceCd=150&Type=search", "url2": "http://do.kawaspo.com/" }, "geometry": { "type": "Point", "coordinates": [ 139.564962816567601, 35.590085537965514 ] } },
{ "type": "Feature", "properties": { "内容": "リ・ケア東有馬　ころばん塾【通所介護】神奈川県川崎市宮前区東有馬４丁目１７-３", "url": "https://www.kaigokensaku.mhlw.go.jp/14/index.php?action_kouhyou_detail_004_kani=true&JigyosyoCd=1475502439-00&ServiceCd=150&Type=search", "url2": "http://re-care.net/institution/koroban/" }, "geometry": { "type": "Point", "coordinates": [ 139.587996500000031, 35.5698417 ] } },
{ "type": "Feature", "properties": { "内容": "ジョイリハアスリエ平向ヶ丘【通所介護】神奈川県川崎市宮前区平3-10-1", "url": "https://www.kaigokensaku.mhlw.go.jp/14/index.php?action_kouhyou_detail_004_kani=true&JigyosyoCd=1475502546-00&ServiceCd=150&Type=search", "url2": "https://joyreha.co.jp/shop/" }, "geometry": { "type": "Point", "coordinates": [ 139.569078100000013, 35.6015178 ] } },
{ "type": "Feature", "properties": { "内容": "ツクイ川崎土橋【通所介護】神奈川県川崎市宮前区土橋7-28-1", "url": "https://www.kaigokensaku.mhlw.go.jp/14/index.php?action_kouhyou_detail_004_kani=true&JigyosyoCd=1475502652-00&ServiceCd=150&Type=search", "url2": "https://www.tsukui.net/home-care/2581/" }, "geometry": { "type": "Point", "coordinates": [ 139.5735577, 35.5906928 ] } },
{ "type": "Feature", "properties": { "内容": "セラピストデイ菅生【通所介護】神奈川県川崎市宮前区菅生3-41-22水沢マーケット1F", "url": "https://www.kaigokensaku.mhlw.go.jp/14/index.php?action_kouhyou_detail_004_kani=true&JigyosyoCd=1475502793-00&ServiceCd=150&Type=search", "url2": "https://sociallab.co.jp" }, "geometry": { "type": "Point", "coordinates": [ 139.5464614, 35.5963126 ] } },
{ "type": "Feature", "properties": { "内容": "富士見プラザデイサービスセンター【通所介護】神奈川県川崎市宮前区南野川1－8－11", "url": "https://www.kaigokensaku.mhlw.go.jp/14/index.php?action_kouhyou_detail_004_kani=true&JigyosyoCd=1475500367-00&ServiceCd=150&Type=search", "url2": "https://fujimiplaza.com" }, "geometry": { "type": "Point", "coordinates": [ 139.5990098, 35.5721774 ] } },
{ "type": "Feature", "properties": { "内容": "セントケア宮前野川【通所介護】神奈川県川崎市宮前区西野川3-10-3", "url": "https://www.kaigokensaku.mhlw.go.jp/14/index.php?action_kouhyou_detail_004_kani=true&JigyosyoCd=1475500995-00&ServiceCd=150&Type=search", "url2": "http://www.saintc-k.com/" }, "geometry": { "type": "Point", "coordinates": [ 139.603434808134466, 35.57181014862168 ] } },
{ "type": "Feature", "properties": { "内容": "デイサービスセンター福寿かわさき宮前【通所介護】神奈川県川崎市宮前区神木本町2-4-13-8", "url": "https://www.kaigokensaku.mhlw.go.jp/14/index.php?action_kouhyou_detail_004_kani=true&JigyosyoCd=1475502058-00&ServiceCd=150&Type=search", "url2": null }, "geometry": { "type": "Point", "coordinates": [ 139.585670700000037, 35.6010398 ] } },
{ "type": "Feature", "properties": { "内容": "サバティ神奈川　川崎宮前店【通所介護】神奈川県川崎市宮前区馬絹6-17-43コーポラス宮前　1階", "url": "https://www.kaigokensaku.mhlw.go.jp/14/index.php?action_kouhyou_detail_004_kani=true&JigyosyoCd=1475502173-00&ServiceCd=150&Type=search", "url2": "https://www.cavaty.jp/" }, "geometry": { "type": "Point", "coordinates": [ 139.5977537, 35.5834646 ] } },
{ "type": "Feature", "properties": { "内容": "ＳＷＩＴＣＨ宮前【通所介護】神奈川県川崎市宮前区神木本町4-22-21", "url": "https://www.kaigokensaku.mhlw.go.jp/14/index.php?action_kouhyou_detail_004_kani=true&JigyosyoCd=1475500235-00&ServiceCd=150&Type=search", "url2": "https://www.sykz.co.jp/shisetsu-zaitaku/143821" }, "geometry": { "type": "Point", "coordinates": [ 139.58667360000004, 35.5972042 ] } },
{ "type": "Feature", "properties": { "内容": "ジョイリハ　アスリエ潮見美しが丘【通所介護】神奈川県川崎市宮前区潮見台8-1潮見台伊東ビル1Ｆ", "url": "https://www.kaigokensaku.mhlw.go.jp/14/index.php?action_kouhyou_detail_004_kani=true&JigyosyoCd=1475501431-00&ServiceCd=150&Type=search", "url2": "https://joyreha.co.jp/shop/ジョイリハ潮見美しが丘/" }, "geometry": { "type": "Point", "coordinates": [ 139.5292121, 35.5931768 ] } },
{ "type": "Feature", "properties": { "内容": "デイサービス　たまプラーザ【通所介護】神奈川県川崎市宮前区犬蔵2-12-25ホームステーション　たまプラーザ", "url": "https://www.kaigokensaku.mhlw.go.jp/14/index.php?action_kouhyou_detail_004_kani=true&JigyosyoCd=1475501993-00&ServiceCd=150&Type=search", "url2": "https://www.life-silver.com/" }, "geometry": { "type": "Point", "coordinates": [ 139.5652513, 35.5850783 ] } },
{ "type": "Feature", "properties": { "内容": "デイサービスセンター福寿かわさき宮前金山【通所介護】神奈川県川崎市宮前区梶ヶ谷1488-1", "url": "https://www.kaigokensaku.mhlw.go.jp/14/index.php?action_kouhyou_detail_004_kani=true&JigyosyoCd=1475502892-00&ServiceCd=150&Type=search", "url2": "https://jala.co.jp/facility/f-kawasaki-miyamae-kanayama/" }, "geometry": { "type": "Point", "coordinates": [ 139.603009899999989, 35.5805104 ] } },
{ "type": "Feature", "properties": { "内容": "かがやきデイサービス宮前菅生【通所介護】神奈川県川崎市宮前区菅生1-7-41", "url": "https://www.kaigokensaku.mhlw.go.jp/14/index.php?action_kouhyou_detail_004_kani=true&JigyosyoCd=1475502983-00&ServiceCd=150&Type=search", "url2": null }, "geometry": { "type": "Point", "coordinates": [ 139.5562703, 35.5991112 ] } },
{ "type": "Feature", "properties": { "内容": "デイサービスセンター青鷺【通所介護】神奈川県川崎市宮前区野川台3丁目７番１号", "url": "https://www.kaigokensaku.mhlw.go.jp/14/index.php?action_kouhyou_detail_004_kani=true&JigyosyoCd=1475500961-00&ServiceCd=150&Type=search", "url2": "http://www.jurakuen.jp/kawasaki/awosagi.html" }, "geometry": { "type": "Point", "coordinates": [ 139.604139600000053, 35.5749437 ] } },
{ "type": "Feature", "properties": { "内容": "リハフロ宮前【通所介護】神奈川県川崎市宮前区平2-2-19フラットリブ１階", "url": "https://www.kaigokensaku.mhlw.go.jp/14/index.php?action_kouhyou_detail_004_kani=true&JigyosyoCd=1475502934-00&ServiceCd=150&Type=search", "url2": "https://www.venus-comrade.co.jp/office/rihafuro_miyamae/" }, "geometry": { "type": "Point", "coordinates": [ 139.572216700000013, 35.599232 ] } },
{ "type": "Feature", "properties": { "内容": "生活リハビリクラブ麻生【通所介護】神奈川県川崎市麻生区東百合丘3-17-4るーむら麻生", "url": "https://www.kaigokensaku.mhlw.go.jp/14/index.php?action_kouhyou_detail_004_kani=true&JigyosyoCd=1475600027-00&ServiceCd=150&Type=search", "url2": "https://kanagawa.seikatsuclub.coop/service/rehabilitation/asao.html" }, "geometry": { "type": "Point", "coordinates": [ 139.530241809007805, 35.59672764763534 ] } },
{ "type": "Feature", "properties": { "内容": "特別養護老人ホーム　虹の里【通所介護】神奈川県川崎市麻生区王禅寺963-26", "url": "https://www.kaigokensaku.mhlw.go.jp/14/index.php?action_kouhyou_detail_004_kani=true&JigyosyoCd=1475600134-00&ServiceCd=150&Type=search", "url2": "http://nijinosato.or.jp/" }, "geometry": { "type": "Point", "coordinates": [ 139.523276799999962, 35.5839529 ] } },
{ "type": "Feature", "properties": { "内容": "地域福祉センター金井原苑【通所介護】神奈川県川崎市麻生区片平1430", "url": "https://www.kaigokensaku.mhlw.go.jp/14/index.php?action_kouhyou_detail_004_kani=true&JigyosyoCd=1475600241-00&ServiceCd=150&Type=search", "url2": "https://kanaibara.or.jp" }, "geometry": { "type": "Point", "coordinates": [ 139.479668919049118, 35.602473633598862 ] } },
{ "type": "Feature", "properties": { "内容": "麻生ケアセンターそよ風【通所介護】神奈川県川崎市麻生区上麻生６－２４－１４", "url": "https://www.kaigokensaku.mhlw.go.jp/14/index.php?action_kouhyou_detail_004_kani=true&JigyosyoCd=1475600415-00&ServiceCd=150&Type=search", "url2": "https://www.sykz.co.jp/" }, "geometry": { "type": "Point", "coordinates": [ 139.497308500000031, 35.5861559 ] } },
{ "type": "Feature", "properties": { "内容": "パナソニックエイジフリーケアセンター麻生・デイサービス【通所介護】神奈川県川崎市麻生区高石2丁目20番地5号", "url": "https://www.kaigokensaku.mhlw.go.jp/14/index.php?action_kouhyou_detail_004_kani=true&JigyosyoCd=1475600837-00&ServiceCd=150&Type=search", "url2": "http://panasonic.co.jp/paf" }, "geometry": { "type": "Point", "coordinates": [ 139.513279, 35.6128344 ] } },
{ "type": "Feature", "properties": { "内容": "アイメディカルフィットネス新百合ヶ丘【通所介護】神奈川県川崎市麻生区上麻生4-15-1山口台ビル3階", "url": "https://www.kaigokensaku.mhlw.go.jp/14/index.php?action_kouhyou_detail_004_kani=true&JigyosyoCd=1475601264-00&ServiceCd=150&Type=search", "url2": "http://www.i-med-fit.com/shinyuri/" }, "geometry": { "type": "Point", "coordinates": [ 139.498713899999984, 35.5893225 ] } },
{ "type": "Feature", "properties": { "内容": "鍼灸マッサージ～憩Cafe～下麻生【通所介護】神奈川県川崎市麻生区下麻生3丁目19番22号エトワール柿生1階", "url": "https://www.kaigokensaku.mhlw.go.jp/14/index.php?action_kouhyou_detail_004_kani=true&JigyosyoCd=1475601553-00&ServiceCd=150&Type=search", "url2": null }, "geometry": { "type": "Point", "coordinates": [ 139.50633879999998, 35.5775159 ] } },
{ "type": "Feature", "properties": { "内容": "オハナ柿生【通所介護】神奈川県川崎市麻生区上麻生5-44-12ベルウッド麻生１F", "url": "https://www.kaigokensaku.mhlw.go.jp/14/index.php?action_kouhyou_detail_004_kani=true&JigyosyoCd=1475601975-00&ServiceCd=150&Type=search", "url2": "https://www.tokyu-ohana.jp/" }, "geometry": { "type": "Point", "coordinates": [ 139.4986973, 35.5891169 ] } },
{ "type": "Feature", "properties": { "内容": "ツクイ川崎麻生【通所介護】神奈川県川崎市麻生区片平3-5-11", "url": "https://www.kaigokensaku.mhlw.go.jp/14/index.php?action_kouhyou_detail_004_kani=true&JigyosyoCd=1475602403-00&ServiceCd=150&Type=search", "url2": "https://www.tsukui.net/" }, "geometry": { "type": "Point", "coordinates": [ 139.493556899999987, 35.592234 ] } },
{ "type": "Feature", "properties": { "内容": "ツクイ川崎千代ケ丘【通所介護】神奈川県川崎市麻生区千代ケ丘4-1-3", "url": "https://www.kaigokensaku.mhlw.go.jp/14/index.php?action_kouhyou_detail_004_kani=true&JigyosyoCd=1475602429-00&ServiceCd=150&Type=search", "url2": "https://www.tsukui.net" }, "geometry": { "type": "Point", "coordinates": [ 139.5073454, 35.610706300000011 ] } },
{ "type": "Feature", "properties": { "内容": "リス通所介護事業所【通所介護】神奈川県川崎市麻生区千代ヶ丘8-1-6", "url": "https://www.kaigokensaku.mhlw.go.jp/14/index.php?action_kouhyou_detail_004_kani=true&JigyosyoCd=1475602551-00&ServiceCd=150&Type=search", "url2": "http://unimedico.jp/nurse-medico-shinyuri/lisdayservice.html" }, "geometry": { "type": "Point", "coordinates": [ 139.5066275, 35.618054 ] } },
{ "type": "Feature", "properties": { "内容": "結う縁〜上麻生〜【通所介護】神奈川県川崎市麻生区白山4-1-3　グリーンプラザ5502", "url": "https://www.kaigokensaku.mhlw.go.jp/14/index.php?action_kouhyou_detail_004_kani=true&JigyosyoCd=1475602064-00&ServiceCd=150&Type=search", "url2": null }, "geometry": { "type": "Point", "coordinates": [ 139.510359936661473, 35.591410627345994 ] } },
{ "type": "Feature", "properties": { "内容": "ニチイケアセンター栗平【通所介護】神奈川県川崎市麻生区栗平1-2-13", "url": "https://www.kaigokensaku.mhlw.go.jp/14/index.php?action_kouhyou_detail_004_kani=true&JigyosyoCd=1475600902-00&ServiceCd=150&Type=search", "url2": "https://www.nichiigakkan.co.jp/" }, "geometry": { "type": "Point", "coordinates": [ 139.479986899999972, 35.6041835 ] } },
{ "type": "Feature", "properties": { "内容": "デイサービスココファン柿生【通所介護】神奈川県川崎市麻生区上麻生七丁目2番32号", "url": "https://www.kaigokensaku.mhlw.go.jp/14/index.php?action_kouhyou_detail_004_kani=true&JigyosyoCd=1475602247-00&ServiceCd=150&Type=search", "url2": "https://www.cocofump.co.jp/" }, "geometry": { "type": "Point", "coordinates": [ 139.497128, 35.5834506 ] } },
{ "type": "Feature", "properties": { "内容": "デイサービスセンターエクラシア相模原【通所介護】神奈川県相模原市緑区下九沢1545-1", "url": "https://www.kaigokensaku.mhlw.go.jp/14/index.php?action_kouhyou_detail_004_kani=true&JigyosyoCd=1472612488-00&ServiceCd=150&Type=search", "url2": "https://www.eclasia.co.jp/" }, "geometry": { "type": "Point", "coordinates": [ 139.337682606745915, 35.577960756176083 ] } },
{ "type": "Feature", "properties": { "内容": "スマイルデイサービス城山【通所介護】神奈川県相模原市緑区久保沢1-5-16", "url": "https://www.kaigokensaku.mhlw.go.jp/14/index.php?action_kouhyou_detail_004_kani=true&JigyosyoCd=1471700334-00&ServiceCd=150&Type=search", "url2": "https://smile-kaigo.net/publics/index/49/" }, "geometry": { "type": "Point", "coordinates": [ 139.303976599999942, 35.5958924 ] } },
{ "type": "Feature", "properties": { "内容": "けやきの里【通所介護】神奈川県相模原市緑区西橋本2-17-17", "url": "https://www.kaigokensaku.mhlw.go.jp/14/index.php?action_kouhyou_detail_004_kani=true&JigyosyoCd=1472602000-00&ServiceCd=150&Type=search", "url2": "https://care-net.biz/14/kyoritsu/" }, "geometry": { "type": "Point", "coordinates": [ 139.336709700000029, 35.5924011 ] } },
{ "type": "Feature", "properties": { "内容": "デイサービス　グリーンフォレスト【通所介護】神奈川県相模原市緑区東橋本3-16-8ライフプラザカナンB1F", "url": "https://www.kaigokensaku.mhlw.go.jp/14/index.php?action_kouhyou_detail_004_kani=true&JigyosyoCd=1472609617-00&ServiceCd=150&Type=search", "url2": "https://greenforest0813.com/" }, "geometry": { "type": "Point", "coordinates": [ 139.354667601490519, 35.595783114845275 ] } },
{ "type": "Feature", "properties": { "内容": "デイサービススマイル倶楽部　橋本【通所介護】神奈川県相模原市緑区橋本2-20-23エルドラド1階", "url": "https://www.kaigokensaku.mhlw.go.jp/14/index.php?action_kouhyou_detail_004_kani=true&JigyosyoCd=1472611944-00&ServiceCd=150&Type=search", "url2": "https://smile-club.co.jp/" }, "geometry": { "type": "Point", "coordinates": [ 139.340640400000041, 35.59298950000003 ] } },
{ "type": "Feature", "properties": { "内容": "ボーナビール二本松ケアセンター【通所介護】神奈川県相模原市緑区二本松2-30-39", "url": "https://www.kaigokensaku.mhlw.go.jp/14/index.php?action_kouhyou_detail_004_kani=true&JigyosyoCd=1472609633-00&ServiceCd=150&Type=search", "url2": "http://tokyo-busonkai.or.jp" }, "geometry": { "type": "Point", "coordinates": [ 139.315453400000024, 35.5913463 ] } },
{ "type": "Feature", "properties": { "内容": "ライフホーム城山【通所介護】神奈川県相模原市緑区小倉1620", "url": "https://www.kaigokensaku.mhlw.go.jp/14/index.php?action_kouhyou_detail_004_kani=true&JigyosyoCd=1471700037-00&ServiceCd=150&Type=search", "url2": "http://lifehomeshiroyama.com/" }, "geometry": { "type": "Point", "coordinates": [ 139.307355, 35.5731143 ] } },
{ "type": "Feature", "properties": { "内容": "介護老人福祉施設　旭ヶ丘特別養護老人ホーム【通所介護】神奈川県相模原市緑区根小屋2363番地2", "url": "https://www.kaigokensaku.mhlw.go.jp/14/index.php?action_kouhyou_detail_004_kani=true&JigyosyoCd=1471700052-00&ServiceCd=150&Type=search", "url2": "https://www.asahigaoka-h.jp/" }, "geometry": { "type": "Point", "coordinates": [ 139.262464899999941, 35.5800898 ] } },
{ "type": "Feature", "properties": { "内容": "銀の館居宅介護センター【通所介護】神奈川県相模原市緑区佐野川２５７５", "url": "https://www.kaigokensaku.mhlw.go.jp/14/index.php?action_kouhyou_detail_004_kani=true&JigyosyoCd=1471700078-00&ServiceCd=150&Type=search", "url2": "https://raphaelkai.com/gin.html" }, "geometry": { "type": "Point", "coordinates": [ 139.131815700000061, 35.6410528 ] } },
{ "type": "Feature", "properties": { "内容": "さがみこデイサービスセンター【通所介護】神奈川県相模原市緑区寸沢嵐3092-1", "url": "https://www.kaigokensaku.mhlw.go.jp/14/index.php?action_kouhyou_detail_004_kani=true&JigyosyoCd=1471700177-00&ServiceCd=150&Type=search", "url2": "https://sounkai.com/ds_sagamiko/" }, "geometry": { "type": "Point", "coordinates": [ 139.20584970674588, 35.594035457298702 ] } },
{ "type": "Feature", "properties": { "内容": "ほのぼのサービスセンター【通所介護】神奈川県相模原市緑区中野277-2", "url": "https://www.kaigokensaku.mhlw.go.jp/14/index.php?action_kouhyou_detail_004_kani=true&JigyosyoCd=1471700318-00&ServiceCd=150&Type=search", "url2": "http://www.tsukuifukushikai.info/index.html" }, "geometry": { "type": "Point", "coordinates": [ 139.259636016532909, 35.584039251499085 ] } },
{ "type": "Feature", "properties": { "内容": "特別養護老人ホーム　東橋本ひまわりホーム【通所介護】神奈川県相模原市緑区東橋本4-14-36", "url": "https://www.kaigokensaku.mhlw.go.jp/14/index.php?action_kouhyou_detail_004_kani=true&JigyosyoCd=1472600723-00&ServiceCd=150&Type=search", "url2": "http://www.himawarihome.jp/" }, "geometry": { "type": "Point", "coordinates": [ 139.3576855, 35.598338 ] } },
{ "type": "Feature", "properties": { "内容": "社会福祉法人　久寿会　中の郷【通所介護】神奈川県相模原市緑区大島1556", "url": "https://www.kaigokensaku.mhlw.go.jp/14/index.php?action_kouhyou_detail_004_kani=true&JigyosyoCd=1472600830-00&ServiceCd=150&Type=search", "url2": "http://www.nakanogou.org/" }, "geometry": { "type": "Point", "coordinates": [ 139.32347249999998, 35.576 ] } },
{ "type": "Feature", "properties": { "内容": "まゆの里通所介護【通所介護】神奈川県相模原市緑区城山2-10-5", "url": "https://www.kaigokensaku.mhlw.go.jp/14/index.php?action_kouhyou_detail_004_kani=true&JigyosyoCd=1472605151-00&ServiceCd=150&Type=search", "url2": "http://simeido-kajiwaraiin.jp/" }, "geometry": { "type": "Point", "coordinates": [ 139.282959600000027, 35.5895076 ] } },
{ "type": "Feature", "properties": { "内容": "ケアセンター　勇気凜凜【通所介護】神奈川県相模原市緑区長竹２６６３－１", "url": "https://www.kaigokensaku.mhlw.go.jp/14/index.php?action_kouhyou_detail_004_kani=true&JigyosyoCd=1472610243-00&ServiceCd=150&Type=search", "url2": "https://goudouasita.wixsite.com/mysite" }, "geometry": { "type": "Point", "coordinates": [ 139.261987200000021, 35.5568561 ] } },
{ "type": "Feature", "properties": { "内容": "ツクイ原宿南【通所介護】神奈川県相模原市緑区原宿南2-5-2", "url": "https://www.kaigokensaku.mhlw.go.jp/14/index.php?action_kouhyou_detail_004_kani=true&JigyosyoCd=1472610672-00&ServiceCd=150&Type=search", "url2": "https://www.tsukui.net/home-care/2123" }, "geometry": { "type": "Point", "coordinates": [ 139.313116400000013, 35.5952182 ] } },
{ "type": "Feature", "properties": { "内容": "プラチナライフ橋本二本松【通所介護】神奈川県相模原市緑区二本松3-32-5", "url": "https://www.kaigokensaku.mhlw.go.jp/14/index.php?action_kouhyou_detail_004_kani=true&JigyosyoCd=1472612306-00&ServiceCd=150&Type=search", "url2": "https://welfuture.co.jp/facility/68/" }, "geometry": { "type": "Point", "coordinates": [ 139.316689200000013, 35.5977917 ] } },
{ "type": "Feature", "properties": { "内容": "リハベル【通所介護】神奈川県相模原市中央区上溝6-3-91階", "url": "https://www.kaigokensaku.mhlw.go.jp/14/index.php?action_kouhyou_detail_004_kani=true&JigyosyoCd=1472612397-00&ServiceCd=150&Type=search", "url2": "https://pg-sagami.com/office/reha/" }, "geometry": { "type": "Point", "coordinates": [ 139.358080667777983, 35.555471221145758 ] } },
{ "type": "Feature", "properties": { "内容": "ディサービスセンターエクラシア相模原中央【通所介護】神奈川県相模原市中央区東淵野辺5-14-9エクラシア相模原中央", "url": "https://www.kaigokensaku.mhlw.go.jp/14/index.php?action_kouhyou_detail_004_kani=true&JigyosyoCd=1472612504-00&ServiceCd=150&Type=search", "url2": null }, "geometry": { "type": "Point", "coordinates": [ 139.407625599999989, 35.5601324 ] } },
{ "type": "Feature", "properties": { "内容": "居宅支援センター泰政園【通所介護】神奈川県相模原市中央区中央5-3-18", "url": "https://www.kaigokensaku.mhlw.go.jp/14/index.php?action_kouhyou_detail_004_kani=true&JigyosyoCd=1472600269-00&ServiceCd=150&Type=search", "url2": "http://taiseikai-web.com/" }, "geometry": { "type": "Point", "coordinates": [ 139.364769, 35.5704072 ] } },
{ "type": "Feature", "properties": { "内容": "チャオデイサ－ビスセンタ－【通所介護】神奈川県相模原市中央区相模原4-7-14エスプラザビル", "url": "https://www.kaigokensaku.mhlw.go.jp/14/index.php?action_kouhyou_detail_004_kani=true&JigyosyoCd=1472600285-00&ServiceCd=150&Type=search", "url2": "http://www.chaodsc.jp/" }, "geometry": { "type": "Point", "coordinates": [ 139.376034472491426, 35.577483312760577 ] } },
{ "type": "Feature", "properties": { "内容": "リバーサイド田名ホームデイサービスセンター【通所介護】神奈川県相模原市中央区田名8512-1", "url": "https://www.kaigokensaku.mhlw.go.jp/14/index.php?action_kouhyou_detail_004_kani=true&JigyosyoCd=1472600798-00&ServiceCd=150&Type=search", "url2": "http://aisenkai-riverside.jp/publics/index/29/" }, "geometry": { "type": "Point", "coordinates": [ 139.346780200000012, 35.5363611 ] } },
{ "type": "Feature", "properties": { "内容": "東淵野辺デイサービスセンター【通所介護】神奈川県相模原市中央区東淵野辺4-25-3", "url": "https://www.kaigokensaku.mhlw.go.jp/14/index.php?action_kouhyou_detail_004_kani=true&JigyosyoCd=1472600897-00&ServiceCd=150&Type=search", "url2": "http://www.tf-kai.jp/hfd/" }, "geometry": { "type": "Point", "coordinates": [ 139.411109600000032, 35.5597406 ] } },
{ "type": "Feature", "properties": { "内容": "ケアパートナー相模原【通所介護】神奈川県相模原市中央区相模原5-3-21アプローズ１階", "url": "https://www.kaigokensaku.mhlw.go.jp/14/index.php?action_kouhyou_detail_004_kani=true&JigyosyoCd=1472602471-00&ServiceCd=150&Type=search", "url2": "https://www.care-partner.com/place/sagamihara/" }, "geometry": { "type": "Point", "coordinates": [ 139.372715299999982, 35.577419399999989 ] } },
{ "type": "Feature", "properties": { "内容": "健康増進倶楽部縁ＪＯＹ【通所介護】神奈川県相模原市中央区田名7691番地1", "url": "https://www.kaigokensaku.mhlw.go.jp/14/index.php?action_kouhyou_detail_004_kani=true&JigyosyoCd=1472604162-00&ServiceCd=150&Type=search", "url2": "https://fukushimura.or.jp/facilities/enjoy/" }, "geometry": { "type": "Point", "coordinates": [ 139.345618899999977, 35.5457651 ] } },
{ "type": "Feature", "properties": { "内容": "エスケアステーション相模原中央　デイサービス【通所介護】神奈川県相模原市中央区淵野辺本町2-7-9", "url": "https://www.kaigokensaku.mhlw.go.jp/14/index.php?action_kouhyou_detail_004_kani=true&JigyosyoCd=1472606977-00&ServiceCd=150&Type=search", "url2": "https://.s-caremate.co.jp/service/jigyousyo/14_kanagawa/sagamihara_st.html" }, "geometry": { "type": "Point", "coordinates": [ 139.401128890737937, 35.572793243528359 ] } },
{ "type": "Feature", "properties": { "内容": "デイあやとり【通所介護】神奈川県相模原市中央区淵野辺2-16-24", "url": "https://www.kaigokensaku.mhlw.go.jp/14/index.php?action_kouhyou_detail_004_kani=true&JigyosyoCd=1472607090-00&ServiceCd=150&Type=search", "url2": "http://koureikyou-k.com/service/oc-ayatori/?para1=type&para2=%E9%80%9A%E6%89%80%E4%BB%8B%E8%AD%B7" }, "geometry": { "type": "Point", "coordinates": [ 139.396833613491822, 35.579974672662964 ] } },
{ "type": "Feature", "properties": { "内容": "リハメンテライズ相模原リハビリセンター【通所介護】神奈川県相模原市中央区矢部3－9－10", "url": "https://www.kaigokensaku.mhlw.go.jp/14/index.php?action_kouhyou_detail_004_kani=true&JigyosyoCd=1472610573-00&ServiceCd=150&Type=search", "url2": "https://www.rehamainterise.jp/" }, "geometry": { "type": "Point", "coordinates": [ 139.383724, 35.5687039 ] } },
{ "type": "Feature", "properties": { "内容": "ツクイ相模原矢部【通所介護】神奈川県相模原市中央区矢部2-6-5", "url": "https://www.kaigokensaku.mhlw.go.jp/14/index.php?action_kouhyou_detail_004_kani=true&JigyosyoCd=1472610706-00&ServiceCd=150&Type=search", "url2": "https://www.tsukui.net/home-care/2153/" }, "geometry": { "type": "Point", "coordinates": [ 139.382636600000012, 35.5736329 ] } },
{ "type": "Feature", "properties": { "内容": "デイサービス　たなばた【通所介護】神奈川県相模原市中央区田名7290-1", "url": "https://www.kaigokensaku.mhlw.go.jp/14/index.php?action_kouhyou_detail_004_kani=true&JigyosyoCd=1472611084-00&ServiceCd=150&Type=search", "url2": null }, "geometry": { "type": "Point", "coordinates": [ 139.3399364, 35.5552585 ] } },
{ "type": "Feature", "properties": { "内容": "デイサービス相模原田名【通所介護】神奈川県相模原市中央区田名7452-3", "url": "https://www.kaigokensaku.mhlw.go.jp/14/index.php?action_kouhyou_detail_004_kani=true&JigyosyoCd=1472611365-00&ServiceCd=150&Type=search", "url2": "https://ysw.jp/rakbra04.html" }, "geometry": { "type": "Point", "coordinates": [ 139.3543338, 35.5462749 ] } },
{ "type": "Feature", "properties": { "内容": "リハビリアスレチック【通所介護】神奈川県相模原市中央区富士見5-21-3サニーヒルズ冨士見102", "url": "https://www.kaigokensaku.mhlw.go.jp/14/index.php?action_kouhyou_detail_004_kani=true&JigyosyoCd=1472611381-00&ServiceCd=150&Type=search", "url2": null }, "geometry": { "type": "Point", "coordinates": [ 139.3797762, 35.5658861 ] } },
{ "type": "Feature", "properties": { "内容": "レッツ俱楽部相模原【通所介護】神奈川県相模原市中央区相模原4丁目6番18号相模原スカイハイツ田野倉ビル1階", "url": "https://www.kaigokensaku.mhlw.go.jp/14/index.php?action_kouhyou_detail_004_kani=true&JigyosyoCd=1472611555-00&ServiceCd=150&Type=search", "url2": "https://www.ⅼets-club.jp/shop/sagamihara/" }, "geometry": { "type": "Point", "coordinates": [ 139.37423960000001, 35.5784574 ] } },
{ "type": "Feature", "properties": { "内容": "デイサービスラスベガス相模原【通所介護】神奈川県相模原市中央区相模原6-22-12", "url": "https://www.kaigokensaku.mhlw.go.jp/14/index.php?action_kouhyou_detail_004_kani=true&JigyosyoCd=1472612249-00&ServiceCd=150&Type=search", "url2": "https://las-vegas.jp/shop/sagamihara/" }, "geometry": { "type": "Point", "coordinates": [ 139.374279300000012, 35.5732852 ] } },
{ "type": "Feature", "properties": { "内容": "特別養護老人ホーム　塩田ホーム【通所介護】神奈川県相模原市中央区田名塩田2-5-24", "url": "https://www.kaigokensaku.mhlw.go.jp/14/index.php?action_kouhyou_detail_004_kani=true&JigyosyoCd=1472600657-00&ServiceCd=150&Type=search", "url2": "https://www.daichinokai.jp/profile/shiodahome/" }, "geometry": { "type": "Point", "coordinates": [ 139.3565264, 35.5347529 ] } },
{ "type": "Feature", "properties": { "内容": "ニチイケアセンターみどりがおか【通所介護】神奈川県相模原市中央区緑が丘1-46-5", "url": "https://www.kaigokensaku.mhlw.go.jp/14/index.php?action_kouhyou_detail_004_kani=true&JigyosyoCd=1472603479-00&ServiceCd=150&Type=search", "url2": "https://www.nichii-kaigo.jp/base/base-result/05D29/" }, "geometry": { "type": "Point", "coordinates": [ 139.382079299999987, 35.5449052 ] } },
{ "type": "Feature", "properties": { "内容": "デイサービスセンター　きずな【通所介護】神奈川県相模原中央区矢部2-20-7", "url": "https://www.kaigokensaku.mhlw.go.jp/14/index.php?action_kouhyou_detail_004_kani=true&JigyosyoCd=1472605730-00&ServiceCd=150&Type=search", "url2": null }, "geometry": { "type": "Point", "coordinates": [ 139.3821924, 35.5710699 ] } },
{ "type": "Feature", "properties": { "内容": "デイサービス楽喜ー【通所介護】神奈川県相模原市中央区相模原6-22-9朝日相模原ビル3階", "url": "https://www.kaigokensaku.mhlw.go.jp/14/index.php?action_kouhyou_detail_004_kani=true&JigyosyoCd=1472606621-00&ServiceCd=150&Type=search", "url2": null }, "geometry": { "type": "Point", "coordinates": [ 139.374643, 35.5730145 ] } },
{ "type": "Feature", "properties": { "内容": "相模原ケアコミュニティそよ風【通所介護】神奈川県相模原市中央区矢部1-5-20", "url": "https://www.kaigokensaku.mhlw.go.jp/14/index.php?action_kouhyou_detail_004_kani=true&JigyosyoCd=1472606639-00&ServiceCd=150&Type=search", "url2": "https://www.sykz.co.jp/shisetsu-zaitaku/143231" }, "geometry": { "type": "Point", "coordinates": [ 139.376076199999943, 35.5731394 ] } },
{ "type": "Feature", "properties": { "内容": "リハテラス矢部【通所介護】神奈川県相模原市中央区矢部1-14-7エルムコート1F", "url": "https://www.kaigokensaku.mhlw.go.jp/14/index.php?action_kouhyou_detail_004_kani=true&JigyosyoCd=1472608429-00&ServiceCd=150&Type=search", "url2": "https://www.rehaterrace.com/" }, "geometry": { "type": "Point", "coordinates": [ 139.379116950926203, 35.575509273432765 ] } },
{ "type": "Feature", "properties": { "内容": "ＳＯＭＰＯケア　ハッピーデイズ相模原中央【通所介護】神奈川県相模原市中央区中央3丁目6番地3号", "url": "https://www.kaigokensaku.mhlw.go.jp/14/index.php?action_kouhyou_detail_004_kani=true&JigyosyoCd=1472609682-00&ServiceCd=150&Type=search", "url2": "https://www.sompocare.com/service/zaitaku/dayservice/Z000004" }, "geometry": { "type": "Point", "coordinates": [ 139.370692152778588, 35.571722890779007 ] } },
{ "type": "Feature", "properties": { "内容": "デイリハセンター煌【通所介護】神奈川県相模原市中央区淵野辺本町2-18-19", "url": "https://www.kaigokensaku.mhlw.go.jp/14/index.php?action_kouhyou_detail_004_kani=true&JigyosyoCd=1472611977-00&ServiceCd=150&Type=search", "url2": "https://www.fan-net.co.jp" }, "geometry": { "type": "Point", "coordinates": [ 139.4043131, 35.5728375 ] } },
{ "type": "Feature", "properties": { "内容": "古淵デイサービスセンター【通所介護】神奈川県相模原市中央区東淵野辺4-25-3", "url": "https://www.kaigokensaku.mhlw.go.jp/14/index.php?action_kouhyou_detail_004_kani=true&JigyosyoCd=1472612405-00&ServiceCd=150&Type=search", "url2": "https://www.tf-kai.jp/kbd" }, "geometry": { "type": "Point", "coordinates": [ 139.411028197344962, 35.559708731218272 ] } },
{ "type": "Feature", "properties": { "内容": "千代田デイサービスセンター【通所介護】神奈川県相模原市中央区千代田2-4-1", "url": "https://www.kaigokensaku.mhlw.go.jp/14/index.php?action_kouhyou_detail_004_kani=true&JigyosyoCd=1472600517-00&ServiceCd=150&Type=search", "url2": "http://yuhokai-kaigo.com/dayservice/" }, "geometry": { "type": "Point", "coordinates": [ 139.370968599999969, 35.565466 ] } },
{ "type": "Feature", "properties": { "内容": "デイサービスセンター実の里【通所介護】神奈川県相模原市中央区宮下本町１－９－６", "url": "https://www.kaigokensaku.mhlw.go.jp/14/index.php?action_kouhyou_detail_004_kani=true&JigyosyoCd=1472601028-00&ServiceCd=150&Type=search", "url2": "http://www.kosenkai.or.jp/" }, "geometry": { "type": "Point", "coordinates": [ 139.372937099999945, 35.5908892 ] } },
{ "type": "Feature", "properties": { "内容": "デイサービスわだつみ【通所介護】神奈川県相模原市中央区共和2-16-15アマービリスA＆T", "url": "https://www.kaigokensaku.mhlw.go.jp/14/index.php?action_kouhyou_detail_004_kani=true&JigyosyoCd=1472605110-00&ServiceCd=150&Type=search", "url2": null }, "geometry": { "type": "Point", "coordinates": [ 139.404899, 35.561546 ] } },
{ "type": "Feature", "properties": { "内容": "デイサービスセンター　マナーハウス横山台【通所介護】神奈川県相模原市中央区横山台1-28-3", "url": "https://www.kaigokensaku.mhlw.go.jp/14/index.php?action_kouhyou_detail_004_kani=true&JigyosyoCd=1472606704-00&ServiceCd=150&Type=search", "url2": "https://camellia-kai.com" }, "geometry": { "type": "Point", "coordinates": [ 139.356067100000018, 35.5679054 ] } },
{ "type": "Feature", "properties": { "内容": "ずっと我が家上溝本町【通所介護】神奈川県相模原市中央区上溝６－２－２２", "url": "https://www.kaigokensaku.mhlw.go.jp/14/index.php?action_kouhyou_detail_004_kani=true&JigyosyoCd=1472607108-00&ServiceCd=150&Type=search", "url2": "http://www.cosmos-c.or.jp/service-day-wagaya.html" }, "geometry": { "type": "Point", "coordinates": [ 139.357156199999963, 35.5564435 ] } },
{ "type": "Feature", "properties": { "内容": "アズハイムテラス相模原【通所介護】神奈川県相模原市中央区横山4-23-27", "url": "https://www.kaigokensaku.mhlw.go.jp/14/index.php?action_kouhyou_detail_004_kani=true&JigyosyoCd=1472609005-00&ServiceCd=150&Type=search", "url2": "https://as-heim.com/sagamihara_day/" }, "geometry": { "type": "Point", "coordinates": [ 139.361537451174712, 35.566951536523014 ] } },
{ "type": "Feature", "properties": { "内容": "ルイーダの家もも【通所介護】神奈川県相模原市中央区宮下本町3丁目48番5", "url": "https://www.kaigokensaku.mhlw.go.jp/14/index.php?action_kouhyou_detail_004_kani=true&JigyosyoCd=1472610128-00&ServiceCd=150&Type=search", "url2": "https://ruidahome-momo.jp/" }, "geometry": { "type": "Point", "coordinates": [ 139.3622421, 35.5953321 ] } },
{ "type": "Feature", "properties": { "内容": "ブルーミングケアマルプ上溝【通所介護】神奈川県相模原市中央区上溝3926-2", "url": "https://www.kaigokensaku.mhlw.go.jp/14/index.php?action_kouhyou_detail_004_kani=true&JigyosyoCd=1472610276-00&ServiceCd=150&Type=search", "url2": "https://carenation.jp/" }, "geometry": { "type": "Point", "coordinates": [ 139.350018500000033, 35.5578639 ] } },
{ "type": "Feature", "properties": { "内容": "リハビリデイサービスオリオン【通所介護】神奈川県相模原市中央区千代田6−7−9坂本ビル1階", "url": "https://www.kaigokensaku.mhlw.go.jp/14/index.php?action_kouhyou_detail_004_kani=true&JigyosyoCd=1472610433-00&ServiceCd=150&Type=search", "url2": "https://www.sagamihara5star.com" }, "geometry": { "type": "Point", "coordinates": [ 139.376192437207806, 35.561156599669943 ] } },
{ "type": "Feature", "properties": { "内容": "ツクイ・サンフォレスト相模原【通所介護】神奈川県相模原市中央区相模原3-7-17", "url": "https://www.kaigokensaku.mhlw.go.jp/14/index.php?action_kouhyou_detail_004_kani=true&JigyosyoCd=1472610680-00&ServiceCd=150&Type=search", "url2": "https://www.tsukui.net/home-care/7012S/" }, "geometry": { "type": "Point", "coordinates": [ 139.3711018, 35.5778352 ] } },
{ "type": "Feature", "properties": { "内容": "ツクイ相模原横山【通所介護】神奈川県相模原市中央区横山3-27-8", "url": "https://www.kaigokensaku.mhlw.go.jp/14/index.php?action_kouhyou_detail_004_kani=true&JigyosyoCd=1472610714-00&ServiceCd=150&Type=search", "url2": "https://www.tsukui.net/home-care/2272/" }, "geometry": { "type": "Point", "coordinates": [ 139.3678563, 35.5638731 ] } },
{ "type": "Feature", "properties": { "内容": "リハビリデイサービスカシオペア【通所介護】神奈川県相模原市中央区星が丘1-11-3ハイツ・スターヒルズ102", "url": "https://www.kaigokensaku.mhlw.go.jp/14/index.php?action_kouhyou_detail_004_kani=true&JigyosyoCd=1472611324-00&ServiceCd=150&Type=search", "url2": "https://www.sagamihara5star.com" }, "geometry": { "type": "Point", "coordinates": [ 139.371308200000016, 35.5639837 ] } },
{ "type": "Feature", "properties": { "内容": "リハセンターみどりの樹　相模原【通所介護】神奈川県相模原市中央区相生4丁目12-7フィオーラ相生イースト1F", "url": "https://www.kaigokensaku.mhlw.go.jp/14/index.php?action_kouhyou_detail_004_kani=true&JigyosyoCd=1472611332-00&ServiceCd=150&Type=search", "url2": "https://www.leaps-care.jp/sagamihara.html" }, "geometry": { "type": "Point", "coordinates": [ 139.3820098, 35.5628448 ] } },
{ "type": "Feature", "properties": { "内容": "リハテラス横山【通所介護】神奈川県相模原市中央区横山3-31-13エリオス1F", "url": "https://www.kaigokensaku.mhlw.go.jp/14/index.php?action_kouhyou_detail_004_kani=true&JigyosyoCd=1472611498-00&ServiceCd=150&Type=search", "url2": "https://rehaterrace.com/store/store13.php" }, "geometry": { "type": "Point", "coordinates": [ 139.3684591, 35.5639457 ] } },
{ "type": "Feature", "properties": { "内容": "リハビリストホーム淵野辺【通所介護】神奈川県相模原市中央区鹿沼台2-10-16第3SKビル1F", "url": "https://www.kaigokensaku.mhlw.go.jp/14/index.php?action_kouhyou_detail_004_kani=true&JigyosyoCd=1472604600-00&ServiceCd=150&Type=search", "url2": "https://rh-fuchinobe.com" }, "geometry": { "type": "Point", "coordinates": [ 139.390480600000046, 35.5684089 ] } },
{ "type": "Feature", "properties": { "内容": "ルイーダの家【通所介護】神奈川県相模原市中央区上溝2129番地", "url": "https://www.kaigokensaku.mhlw.go.jp/14/index.php?action_kouhyou_detail_004_kani=true&JigyosyoCd=1472604634-00&ServiceCd=150&Type=search", "url2": "https://akanekaigo.grupo.jp/" }, "geometry": { "type": "Point", "coordinates": [ 139.3597533, 35.551263700000021 ] } },
{ "type": "Feature", "properties": { "内容": "デイサービス富士見【通所介護】神奈川県相模原市中央区宮下本町2-36-6-1号", "url": "https://www.kaigokensaku.mhlw.go.jp/14/index.php?action_kouhyou_detail_004_kani=true&JigyosyoCd=1472604790-00&ServiceCd=150&Type=search", "url2": null }, "geometry": { "type": "Point", "coordinates": [ 139.368386945638235, 35.594897783009309 ] } },
{ "type": "Feature", "properties": { "内容": "ルイーダの家　あき【通所介護】神奈川県相模原市中央区上溝1964番地1", "url": "https://www.kaigokensaku.mhlw.go.jp/14/index.php?action_kouhyou_detail_004_kani=true&JigyosyoCd=1472606589-00&ServiceCd=150&Type=search", "url2": "https://akanekaigo.grupo.jp/" }, "geometry": { "type": "Point", "coordinates": [ 139.362081, 35.5499527 ] } },
{ "type": "Feature", "properties": { "内容": "デイサービス　スマイル倶楽部　上溝【通所介護】神奈川県相模原市中央区上溝3-20-22SLDビルⅡ　1F　101号室", "url": "https://www.kaigokensaku.mhlw.go.jp/14/index.php?action_kouhyou_detail_004_kani=true&JigyosyoCd=1472609872-00&ServiceCd=150&Type=search", "url2": "https://smile-club.co.jp/" }, "geometry": { "type": "Point", "coordinates": [ 139.355148, 35.558596 ] } },
{ "type": "Feature", "properties": { "内容": "アクア水郷田名デイサービス【通所介護】神奈川県相模原市中央区水郷田名2-26-28ムート水郷田名", "url": "https://www.kaigokensaku.mhlw.go.jp/14/index.php?action_kouhyou_detail_004_kani=true&JigyosyoCd=1472611910-00&ServiceCd=150&Type=search", "url2": "https://www.exeo-home.jp/aqua_suigohtana_day.html" }, "geometry": { "type": "Point", "coordinates": [ 139.3295813, 35.5437264 ] } },
{ "type": "Feature", "properties": { "内容": "デイサービス　さんご【通所介護】神奈川県相模原市中央区千代田2-1-8", "url": "https://www.kaigokensaku.mhlw.go.jp/14/index.php?action_kouhyou_detail_004_kani=true&JigyosyoCd=1472612066-00&ServiceCd=150&Type=search", "url2": "https://www.sango-kaigo.com" }, "geometry": { "type": "Point", "coordinates": [ 139.974892399999987, 35.8560212 ] } },
{ "type": "Feature", "properties": { "内容": "老人デイサービスセンター　みたけ【通所介護】神奈川県相模原市中央区下九沢980", "url": "https://www.kaigokensaku.mhlw.go.jp/14/index.php?action_kouhyou_detail_004_kani=true&JigyosyoCd=1472601861-00&ServiceCd=150&Type=search", "url2": "https://mitake.or.jp" }, "geometry": { "type": "Point", "coordinates": [ 139.345678899999939, 35.5744324 ] } },
{ "type": "Feature", "properties": { "内容": "機能訓練型ハーフデイ好日【通所介護】神奈川県相模原市中央区横山台2-13-3", "url": "https://www.kaigokensaku.mhlw.go.jp/14/index.php?action_kouhyou_detail_004_kani=true&JigyosyoCd=1472612108-00&ServiceCd=150&Type=search", "url2": "https://www.koujitsu.net/" }, "geometry": { "type": "Point", "coordinates": [ 139.3605976, 35.5640436 ] } },
{ "type": "Feature", "properties": { "内容": "ありていフィットネス横山【通所介護】神奈川県相模原市中央区横山3-24-16", "url": "https://www.kaigokensaku.mhlw.go.jp/14/index.php?action_kouhyou_detail_004_kani=true&JigyosyoCd=1472612900-00&ServiceCd=150&Type=search", "url2": "https://eiki-corp.com/dayservice/day-fit-yoko/" }, "geometry": { "type": "Point", "coordinates": [ 139.366045648410022, 35.562774484896806 ] } },
{ "type": "Feature", "properties": { "内容": "シルバータウン大野台ケアセンター【通所介護】神奈川県相模原市南区大野台５－１９－１５", "url": "https://www.kaigokensaku.mhlw.go.jp/14/index.php?action_kouhyou_detail_004_kani=true&JigyosyoCd=1472600145-00&ServiceCd=150&Type=search", "url2": "http://www.kanagawa-doen.jp/silvertownoonodai-carecenter/" }, "geometry": { "type": "Point", "coordinates": [ 139.408060100000057, 35.550056 ] } },
{ "type": "Feature", "properties": { "内容": "老人デイサービスセンター芙蓉の園【通所介護】神奈川県相模原市南区南台5-10-26立正保育園内", "url": "https://www.kaigokensaku.mhlw.go.jp/14/index.php?action_kouhyou_detail_004_kani=true&JigyosyoCd=1472600350-00&ServiceCd=150&Type=search", "url2": "http://www.rissho.or.jp/wp" }, "geometry": { "type": "Point", "coordinates": [ 139.420779399999986, 35.5169868 ] } },
{ "type": "Feature", "properties": { "内容": "社会福祉法人　幸会　幸園【通所介護】神奈川県相模原市南区相模大野9-12-22", "url": "https://www.kaigokensaku.mhlw.go.jp/14/index.php?action_kouhyou_detail_004_kani=true&JigyosyoCd=1472600863-00&ServiceCd=150&Type=search", "url2": "https://www.saiwai-kai.com/" }, "geometry": { "type": "Point", "coordinates": [ 139.440160699999979, 35.5264593 ] } },
{ "type": "Feature", "properties": { "内容": "東林デイサービス【通所介護】神奈川県相模原市南区東林間1-4-1", "url": "https://www.kaigokensaku.mhlw.go.jp/14/index.php?action_kouhyou_detail_004_kani=true&JigyosyoCd=1472609211-00&ServiceCd=150&Type=search", "url2": "http://tourin-day.com/day.html" }, "geometry": { "type": "Point", "coordinates": [ 139.435883433729487, 35.525528347777779 ] } },
{ "type": "Feature", "properties": { "内容": "デイサービス　ココファン相模大野【通所介護】神奈川県相模原市南区相模大野7-17-3ココファン相模大野", "url": "https://www.kaigokensaku.mhlw.go.jp/14/index.php?action_kouhyou_detail_004_kani=true&JigyosyoCd=1472610268-00&ServiceCd=150&Type=search", "url2": "https://www.cocofump.co.jp/facilities/detail/sagamioono/" }, "geometry": { "type": "Point", "coordinates": [ 139.440482738390642, 35.530966157096458 ] } },
{ "type": "Feature", "properties": { "内容": "ケアパートナー相模大野【通所介護】神奈川県相模原市南区東林間1-16-2", "url": "https://www.kaigokensaku.mhlw.go.jp/14/index.php?action_kouhyou_detail_004_kani=true&JigyosyoCd=1472610292-00&ServiceCd=150&Type=search", "url2": "https://www.care-partner.com/place/sagamiono/" }, "geometry": { "type": "Point", "coordinates": [ 139.433733299999972, 35.5227017 ] } },
{ "type": "Feature", "properties": { "内容": "ありていフィットネス【通所介護】神奈川県相模原市南区東林間2-6-1ハイツホンダ１F", "url": "https://www.kaigokensaku.mhlw.go.jp/14/index.php?action_kouhyou_detail_004_kani=true&JigyosyoCd=1472610441-00&ServiceCd=150&Type=search", "url2": "https://eiki-corp.com/" }, "geometry": { "type": "Point", "coordinates": [ 139.4313622, 35.521343 ] } },
{ "type": "Feature", "properties": { "内容": "デイサービスソラスト相模大野【通所介護】神奈川県相模原市南区相模大野5-2-10荒井ビル1階", "url": "https://www.kaigokensaku.mhlw.go.jp/14/index.php?action_kouhyou_detail_004_kani=true&JigyosyoCd=1472610565-00&ServiceCd=150&Type=search", "url2": "https://solasto-kaigo.com/service/dayservice/sagamioono" }, "geometry": { "type": "Point", "coordinates": [ 139.4245507, 35.5313681 ] } },
{ "type": "Feature", "properties": { "内容": "デイサービス　ハッピー【通所介護】神奈川県相模原市南区麻溝台1-2-3", "url": "https://www.kaigokensaku.mhlw.go.jp/14/index.php?action_kouhyou_detail_004_kani=true&JigyosyoCd=1472610870-00&ServiceCd=150&Type=search", "url2": "http://hp.kaipoke.biz/717/" }, "geometry": { "type": "Point", "coordinates": [ 139.392157530671142, 35.536568691901984 ] } },
{ "type": "Feature", "properties": { "内容": "すきっぷコンパスウォーク・デイサービス【通所介護】神奈川県相模原市南区相模大野5丁目10番地22号1階", "url": "https://www.kaigokensaku.mhlw.go.jp/14/index.php?action_kouhyou_detail_004_kani=true&JigyosyoCd=1472611050-00&ServiceCd=150&Type=search", "url2": "https://sshomecare.jp/service/service02" }, "geometry": { "type": "Point", "coordinates": [ 139.4265859, 35.5301871 ] } },
{ "type": "Feature", "properties": { "内容": "ディサービスセンターエクラシア相模原南【通所介護】神奈川県相模原市南区新磯野3-29-3エクラシア相模原南", "url": "https://www.kaigokensaku.mhlw.go.jp/14/index.php?action_kouhyou_detail_004_kani=true&JigyosyoCd=1472612496-00&ServiceCd=150&Type=search", "url2": "https://www.welloff.co.jp" }, "geometry": { "type": "Point", "coordinates": [ 139.3957957, 35.5197521 ] } },
{ "type": "Feature", "properties": { "内容": "ディサービスセンターエクラシア相模原大野台【通所介護】神奈川県相模原市南区大野台1-10-6", "url": "https://www.kaigokensaku.mhlw.go.jp/14/index.php?action_kouhyou_detail_004_kani=true&JigyosyoCd=1472612660-00&ServiceCd=150&Type=search", "url2": "https://www.welloff.co.jp" }, "geometry": { "type": "Point", "coordinates": [ 139.4021333, 35.5564537 ] } },
{ "type": "Feature", "properties": { "内容": "社会福祉法人相武台福祉会新磯野デイサービスセンター【通所介護】神奈川県相模原市南区新磯野5-38-2", "url": "https://www.kaigokensaku.mhlw.go.jp/14/index.php?action_kouhyou_detail_004_kani=true&JigyosyoCd=1472600236-00&ServiceCd=150&Type=search", "url2": "https://soubudai-fukushi.ed.jp/day_service/" }, "geometry": { "type": "Point", "coordinates": [ 139.401011899999958, 35.512447 ] } },
{ "type": "Feature", "properties": { "内容": "居宅サービスセンター　モモ【通所介護】神奈川県相模原市南区鵜野森1-22-17", "url": "https://www.kaigokensaku.mhlw.go.jp/14/index.php?action_kouhyou_detail_004_kani=true&JigyosyoCd=1472600301-00&ServiceCd=150&Type=search", "url2": "https://sosaykai.org/facility/dayservice-momo/" }, "geometry": { "type": "Point", "coordinates": [ 139.429647199999977, 35.5463199 ] } },
{ "type": "Feature", "properties": { "内容": "グレープセンター【通所介護】神奈川県相模原市南区西大沼５－４－２０", "url": "https://www.kaigokensaku.mhlw.go.jp/14/index.php?action_kouhyou_detail_004_kani=true&JigyosyoCd=1472600889-00&ServiceCd=150&Type=search", "url2": "https://www.grape-sato.jp" }, "geometry": { "type": "Point", "coordinates": [ 139.413349, 35.5366965 ] } },
{ "type": "Feature", "properties": { "内容": "新戸デイサービスセンター【通所介護】神奈川県相模原市南区新戸1716番地1", "url": "https://www.kaigokensaku.mhlw.go.jp/14/index.php?action_kouhyou_detail_004_kani=true&JigyosyoCd=1472600970-00&ServiceCd=150&Type=search", "url2": "https://shohoku-fukushigou.net/" }, "geometry": { "type": "Point", "coordinates": [ 139.385586099999955, 35.493875600000024 ] } },
{ "type": "Feature", "properties": { "内容": "東林間シニアクラブ【通所介護】神奈川県相模原市南区上鶴間6-6-1", "url": "https://www.kaigokensaku.mhlw.go.jp/14/index.php?action_kouhyou_detail_004_kani=true&JigyosyoCd=1472601143-00&ServiceCd=150&Type=search", "url2": "https://www.yamahisakai.jp" }, "geometry": { "type": "Point", "coordinates": [ 139.4428967, 35.5235711 ] } },
{ "type": "Feature", "properties": { "内容": "相陽台ホーム【通所介護】神奈川県相模原市南区下溝4303", "url": "https://www.kaigokensaku.mhlw.go.jp/14/index.php?action_kouhyou_detail_004_kani=true&JigyosyoCd=1472605532-00&ServiceCd=150&Type=search", "url2": "https://www.souyoudaihome.com/" }, "geometry": { "type": "Point", "coordinates": [ 139.386779499999989, 35.5235119 ] } },
{ "type": "Feature", "properties": { "内容": "デイサービスセンター福寿さがみ南【通所介護】神奈川県相模原市南区上鶴間本町8-46-41", "url": "https://www.kaigokensaku.mhlw.go.jp/14/index.php?action_kouhyou_detail_004_kani=true&JigyosyoCd=1472606944-00&ServiceCd=150&Type=search", "url2": "https://fuku-kaigo.jala.co.jp/jrh/sagami-minami/fee.html" }, "geometry": { "type": "Point", "coordinates": [ 139.45295120000003, 35.5274674 ] } },
{ "type": "Feature", "properties": { "内容": "リハビリデイサービス大きな手・相武台【通所介護】神奈川県相模原市南区相武台団地二丁目３番９コンチェラート相武台101", "url": "https://www.kaigokensaku.mhlw.go.jp/14/index.php?action_kouhyou_detail_004_kani=true&JigyosyoCd=1472607066-00&ServiceCd=150&Type=search", "url2": null }, "geometry": { "type": "Point", "coordinates": [ 139.411505499999976, 35.5094445 ] } },
{ "type": "Feature", "properties": { "内容": "リハテラス古淵【通所介護】神奈川県相模原市南区古淵３－６－８アペックス古淵Ｂ棟　１Ｆ　１０１", "url": "https://www.kaigokensaku.mhlw.go.jp/14/index.php?action_kouhyou_detail_004_kani=true&JigyosyoCd=1472607983-00&ServiceCd=150&Type=search", "url2": "http://o-t-p.co.jp/rehaterrace/" }, "geometry": { "type": "Point", "coordinates": [ 139.4219005, 35.5535078 ] } },
{ "type": "Feature", "properties": { "内容": "デイサービスセンター福寿さがみ南磯部【通所介護】神奈川県相模原市南区磯部236-4デイサービスセンター福寿さがみ南磯部", "url": "https://www.kaigokensaku.mhlw.go.jp/14/index.php?action_kouhyou_detail_004_kani=true&JigyosyoCd=1472608908-00&ServiceCd=150&Type=search", "url2": null }, "geometry": { "type": "Point", "coordinates": [ 139.38606070000003, 35.5072542 ] } },
{ "type": "Feature", "properties": { "内容": "ブルーミングケアマルプ町田鵜野森【通所介護】神奈川県相模原市南区鵜野森2-10-21", "url": "https://www.kaigokensaku.mhlw.go.jp/14/index.php?action_kouhyou_detail_004_kani=true&JigyosyoCd=1472609377-00&ServiceCd=150&Type=search", "url2": null }, "geometry": { "type": "Point", "coordinates": [ 139.433024700000033, 35.5440868 ] } },
{ "type": "Feature", "properties": { "内容": "ルイーダの家　旭【通所介護】神奈川県相模原市南区下溝１０６１－１", "url": "https://www.kaigokensaku.mhlw.go.jp/14/index.php?action_kouhyou_detail_004_kani=true&JigyosyoCd=1472609518-00&ServiceCd=150&Type=search", "url2": "http://akanekaigo.grupo.jp/" }, "geometry": { "type": "Point", "coordinates": [ 139.375452799999948, 35.5257924 ] } },
{ "type": "Feature", "properties": { "内容": "デイサービスセンター福寿さがみ南下溝【通所介護】神奈川県相模原市南区下溝1089-1", "url": "https://www.kaigokensaku.mhlw.go.jp/14/index.php?action_kouhyou_detail_004_kani=true&JigyosyoCd=1472609542-00&ServiceCd=150&Type=search", "url2": null }, "geometry": { "type": "Point", "coordinates": [ 139.377544400000033, 35.5231817 ] } },
{ "type": "Feature", "properties": { "内容": "すずの家　さがみはら　デイサービス【通所介護】神奈川県相模原市南区磯部1082-1", "url": "https://www.kaigokensaku.mhlw.go.jp/14/index.php?action_kouhyou_detail_004_kani=true&JigyosyoCd=1472610508-00&ServiceCd=150&Type=search", "url2": "https://suzunoie.bellhome.or.jp/sg/" }, "geometry": { "type": "Point", "coordinates": [ 139.388165, 35.5083959 ] } },
{ "type": "Feature", "properties": { "内容": "ツクイ相武台【通所介護】神奈川県相模原市南区新磯野1-33-1", "url": "https://www.kaigokensaku.mhlw.go.jp/14/index.php?action_kouhyou_detail_004_kani=true&JigyosyoCd=1472610698-00&ServiceCd=150&Type=search", "url2": "https://www.tsukui.net/home-care/2650/" }, "geometry": { "type": "Point", "coordinates": [ 139.407928, 35.5091704 ] } },
{ "type": "Feature", "properties": { "内容": "あすかフィジカルセンター町田【通所介護】神奈川県相模原市南区上鶴間本町5-16-3グランドマスト町田1F", "url": "https://www.kaigokensaku.mhlw.go.jp/14/index.php?action_kouhyou_detail_004_kani=true&JigyosyoCd=1472610847-00&ServiceCd=150&Type=search", "url2": "https://www.asuka-lifecare.co.jp/business/day-jigyousho/day-kamitsuruma" }, "geometry": { "type": "Point", "coordinates": [ 139.4477211, 35.5339797 ] } },
{ "type": "Feature", "properties": { "内容": "リハビリ通所介護悠磯部【通所介護】神奈川県相模原市南区磯部263-2", "url": "https://www.kaigokensaku.mhlw.go.jp/14/index.php?action_kouhyou_detail_004_kani=true&JigyosyoCd=1472612710-00&ServiceCd=150&Type=search", "url2": null }, "geometry": { "type": "Point", "coordinates": [ 139.3810971, 35.5110041 ] } },
{ "type": "Feature", "properties": { "内容": "ビーナスプラス相模原南【通所介護】神奈川県相模原市南区相南1丁目22-10キャッスル相模1F", "url": "https://www.kaigokensaku.mhlw.go.jp/14/index.php?action_kouhyou_detail_004_kani=true&JigyosyoCd=1472612801-00&ServiceCd=150&Type=search", "url2": "https://www.venus-comrade.co.jp/office/plus_sagamiharaminami" }, "geometry": { "type": "Point", "coordinates": [ 139.4262649, 35.5156227 ] } },
{ "type": "Feature", "properties": { "内容": "ＮＰＯ法人シンフォニーデイサービス【通所介護】神奈川県相模原市南区相模台２－３－２", "url": "https://www.kaigokensaku.mhlw.go.jp/14/index.php?action_kouhyou_detail_004_kani=true&JigyosyoCd=1472603503-00&ServiceCd=150&Type=search", "url2": "https://www.sympho-co.jp/sympho-dayservice/" }, "geometry": { "type": "Point", "coordinates": [ 139.418515800000023, 35.5164176 ] } },
{ "type": "Feature", "properties": { "内容": "スマイル相模大野【通所介護】神奈川県相模原市南区相模大野7-24-7コーポラス新町　1階", "url": "https://www.kaigokensaku.mhlw.go.jp/14/index.php?action_kouhyou_detail_004_kani=true&JigyosyoCd=1472606407-00&ServiceCd=150&Type=search", "url2": "https://smile-kaigo.net/publics/index/107/&anchor_link=page107#page107" }, "geometry": { "type": "Point", "coordinates": [ 139.439013499999987, 35.5294392 ] } },
{ "type": "Feature", "properties": { "内容": "デイサービス　リズム【通所介護】神奈川県相模原市南区東大沼3-30-12住宅型有料老人ホーム　ワルツ（デイサービス　リズム併設）", "url": "https://www.kaigokensaku.mhlw.go.jp/14/index.php?action_kouhyou_detail_004_kani=true&JigyosyoCd=1472608049-00&ServiceCd=150&Type=search", "url2": "https://www.sympho-co.jp" }, "geometry": { "type": "Point", "coordinates": [ 139.417915777384877, 35.538286097530431 ] } },
{ "type": "Feature", "properties": { "内容": "相模原すみれ園デイサービスセンター【通所介護】神奈川県相模原市南区東大沼3-29-47-1", "url": "https://www.kaigokensaku.mhlw.go.jp/14/index.php?action_kouhyou_detail_004_kani=true&JigyosyoCd=1472609609-00&ServiceCd=150&Type=search", "url2": "https://sagamihara-sumire.jp/day/index.html" }, "geometry": { "type": "Point", "coordinates": [ 139.41790130000004, 35.5389348 ] } },
{ "type": "Feature", "properties": { "内容": "名倉堂リハデイ東林間【通所介護】神奈川県相模原市南区東林間4-20-3フレンディ第一ビル1階101号室", "url": "https://www.kaigokensaku.mhlw.go.jp/14/index.php?action_kouhyou_detail_004_kani=true&JigyosyoCd=1472609955-00&ServiceCd=150&Type=search", "url2": "https://naguradou-rehaday.com/rehaday/" }, "geometry": { "type": "Point", "coordinates": [ 139.4353946, 35.5230657 ] } },
{ "type": "Feature", "properties": { "内容": "モアブレイン相武台【通所介護】神奈川県相模原市南区相武台3-11-10", "url": "https://www.kaigokensaku.mhlw.go.jp/14/index.php?action_kouhyou_detail_004_kani=true&JigyosyoCd=1472612884-00&ServiceCd=150&Type=search", "url2": "https://morebrain.jp/" }, "geometry": { "type": "Point", "coordinates": [ 139.4095964, 35.5071447 ] } },
{ "type": "Feature", "properties": { "内容": "はなさか【通所介護】神奈川県相模原市南区磯部4363番", "url": "https://www.kaigokensaku.mhlw.go.jp/14/index.php?action_kouhyou_detail_004_kani=true&JigyosyoCd=1472606019-00&ServiceCd=150&Type=search", "url2": "https://www.kotonear.com/houtokukai/" }, "geometry": { "type": "Point", "coordinates": [ 139.390854499999932, 35.5110477 ] } },
{ "type": "Feature", "properties": { "内容": "デイリハ煌ミナミ【通所介護】神奈川県相模原市南区相武台1-10-11板垣ビル1F", "url": "https://www.kaigokensaku.mhlw.go.jp/14/index.php?action_kouhyou_detail_004_kani=true&JigyosyoCd=1472611969-00&ServiceCd=150&Type=search", "url2": "https://www.fan-net.co.jp/sp1day_service/minami.html" }, "geometry": { "type": "Point", "coordinates": [ 139.408384500000011, 35.5018507 ] } },
{ "type": "Feature", "properties": { "内容": "RehabiliDaySalonUMIWEST【通所介護】神奈川県横須賀市長坂3-6-5RehabiliDaySalonUMIWEST", "url": "https://www.kaigokensaku.mhlw.go.jp/14/index.php?action_kouhyou_detail_004_kani=true&JigyosyoCd=1471907830-00&ServiceCd=150&Type=search", "url2": "https://maharo.co.jp/dayservice/#day_west" }, "geometry": { "type": "Point", "coordinates": [ 139.6275417, 35.2238594 ] } },
{ "type": "Feature", "properties": { "内容": "横須賀グリーンヒルケアセンター【通所介護】神奈川県横須賀市大矢部1-9-30", "url": "https://www.kaigokensaku.mhlw.go.jp/14/index.php?action_kouhyou_detail_004_kani=true&JigyosyoCd=1471900165-00&ServiceCd=150&Type=search", "url2": "https://yokosuka-greenhil.jp/pages/701" }, "geometry": { "type": "Point", "coordinates": [ 139.668845169311453, 35.242766863258204 ] } },
{ "type": "Feature", "properties": { "内容": "サニーヒル横須賀【通所介護】神奈川県横須賀市長井６－２１－７", "url": "https://www.kaigokensaku.mhlw.go.jp/14/index.php?action_kouhyou_detail_004_kani=true&JigyosyoCd=1471900264-00&ServiceCd=150&Type=search", "url2": "http://www.sunnyhill.or.jp" }, "geometry": { "type": "Point", "coordinates": [ 139.608908199999973, 35.1951086 ] } },
{ "type": "Feature", "properties": { "内容": "喜望の園デイサービスセンター【通所介護】神奈川県横須賀市田浦町２丁目８０番地1", "url": "https://www.kaigokensaku.mhlw.go.jp/14/index.php?action_kouhyou_detail_004_kani=true&JigyosyoCd=1471900462-00&ServiceCd=150&Type=search", "url2": "http://www.yokosuka-ccc.jp/" }, "geometry": { "type": "Point", "coordinates": [ 139.633426500000041, 35.2924653 ] } },
{ "type": "Feature", "properties": { "内容": "シャローム在宅ケアセンター【通所介護】神奈川県横須賀市走水1-35", "url": "https://www.kaigokensaku.mhlw.go.jp/14/index.php?action_kouhyou_detail_004_kani=true&JigyosyoCd=1471900496-00&ServiceCd=150&Type=search", "url2": "http://www.yokosuka-shalom.jp/" }, "geometry": { "type": "Point", "coordinates": [ 139.727956400000039, 35.2630731 ] } },
{ "type": "Feature", "properties": { "内容": "特別養護老人ホーム　やまびこ荘【通所介護】神奈川県横須賀市武３－３９－２", "url": "https://www.kaigokensaku.mhlw.go.jp/14/index.php?action_kouhyou_detail_004_kani=true&JigyosyoCd=1471900595-00&ServiceCd=150&Type=search", "url2": "http://www.yamabiko.com/stage02.html" }, "geometry": { "type": "Point", "coordinates": [ 139.64876060000006, 35.2212724 ] } },
{ "type": "Feature", "properties": { "内容": "共楽荘通所介護福祉サービスセンター【通所介護】神奈川県横須賀市衣笠栄町４丁目１４番地", "url": "https://www.kaigokensaku.mhlw.go.jp/14/index.php?action_kouhyou_detail_004_kani=true&JigyosyoCd=1471900637-00&ServiceCd=150&Type=search", "url2": "https://kyourakusou.jp/" }, "geometry": { "type": "Point", "coordinates": [ 139.655962700000032, 35.2637375 ] } },
{ "type": "Feature", "properties": { "内容": "さくらの里【通所介護】神奈川県横須賀市小矢部4-19-4", "url": "https://www.kaigokensaku.mhlw.go.jp/14/index.php?action_kouhyou_detail_004_kani=true&JigyosyoCd=1471900686-00&ServiceCd=150&Type=search", "url2": "http://sakura2000.jp/publics/index/6/" }, "geometry": { "type": "Point", "coordinates": [ 139.661173299999973, 35.2498582 ] } },
{ "type": "Feature", "properties": { "内容": "横須賀愛光園デイサービスセンター【通所介護】神奈川県横須賀市武3-39-1", "url": "https://www.kaigokensaku.mhlw.go.jp/14/index.php?action_kouhyou_detail_004_kani=true&JigyosyoCd=1471900702-00&ServiceCd=150&Type=search", "url2": "http://www.seirei.or.jp/elderlyhome/yokosuka/" }, "geometry": { "type": "Point", "coordinates": [ 139.64872170000001, 35.2207586 ] } },
{ "type": "Feature", "properties": { "内容": "横須賀椿園ケアセンター【通所介護】神奈川県横須賀市太田和2-3-21", "url": "https://www.kaigokensaku.mhlw.go.jp/14/index.php?action_kouhyou_detail_004_kani=true&JigyosyoCd=1471900827-00&ServiceCd=150&Type=search", "url2": "https://soutokukai.com/" }, "geometry": { "type": "Point", "coordinates": [ 139.632142599999952, 35.223611 ] } },
{ "type": "Feature", "properties": { "内容": "ニチイケアセンター湘南山手【通所介護】神奈川県横須賀市吉井４－２０－１０", "url": "https://www.kaigokensaku.mhlw.go.jp/14/index.php?action_kouhyou_detail_004_kani=true&JigyosyoCd=1471900926-00&ServiceCd=150&Type=search", "url2": null }, "geometry": { "type": "Point", "coordinates": [ 139.705783200000042, 35.2504578 ] } },
{ "type": "Feature", "properties": { "内容": "恵徳苑デイサービスセンター【通所介護】神奈川県横須賀市東逸見町4－16－70", "url": "https://www.kaigokensaku.mhlw.go.jp/14/index.php?action_kouhyou_detail_004_kani=true&JigyosyoCd=1471901320-00&ServiceCd=150&Type=search", "url2": "http://www.keitokuen.or.jp/" }, "geometry": { "type": "Point", "coordinates": [ 139.645363699999962, 35.27092 ] } },
{ "type": "Feature", "properties": { "内容": "横須賀老人ホーム　かなえるデイサービス【通所介護】神奈川県横須賀市野比５－５－６", "url": "https://www.kaigokensaku.mhlw.go.jp/14/index.php?action_kouhyou_detail_004_kani=true&JigyosyoCd=1471901569-00&ServiceCd=150&Type=search", "url2": "http://kanagawa-swc.com/yokosuka" }, "geometry": { "type": "Point", "coordinates": [ 139.706681099999969, 35.2120009 ] } },
{ "type": "Feature", "properties": { "内容": "リハビリデイセンター悠【通所介護】神奈川県横須賀市根岸町4-13-6コーポつかごし1Ｆ", "url": "https://www.kaigokensaku.mhlw.go.jp/14/index.php?action_kouhyou_detail_004_kani=true&JigyosyoCd=1471902310-00&ServiceCd=150&Type=search", "url2": "http://www.maekawa-care.co.jp/service/service04/service04_02/" }, "geometry": { "type": "Point", "coordinates": [ 139.679916100000014, 35.2556406 ] } },
{ "type": "Feature", "properties": { "内容": "太陽の家　デイサービスセンター【通所介護】神奈川県横須賀市西浦賀６－１－１", "url": "https://www.kaigokensaku.mhlw.go.jp/14/index.php?action_kouhyou_detail_004_kani=true&JigyosyoCd=1471902625-00&ServiceCd=150&Type=search", "url2": "http://www.ui21.or.jp" }, "geometry": { "type": "Point", "coordinates": [ 139.723565099999973, 35.2324765 ] } },
{ "type": "Feature", "properties": { "内容": "スマイル住まいる走水【通所介護】神奈川県横須賀市走水１－１－６", "url": "https://www.kaigokensaku.mhlw.go.jp/14/index.php?action_kouhyou_detail_004_kani=true&JigyosyoCd=1471902658-00&ServiceCd=150&Type=search", "url2": "http://smile-kaigo.net/publics/index/67/&anchor_link=page67#page67" }, "geometry": { "type": "Point", "coordinates": [ 139.717593299999976, 35.2631785 ] } },
{ "type": "Feature", "properties": { "内容": "パナソニック　エイジフリーケアセンター横須賀佐原デイサービス【通所介護】神奈川県横須賀市佐原１－１１－５", "url": "https://www.kaigokensaku.mhlw.go.jp/14/index.php?action_kouhyou_detail_004_kani=true&JigyosyoCd=1471903680-00&ServiceCd=150&Type=search", "url2": "https://panasonic.co.jp/paf/" }, "geometry": { "type": "Point", "coordinates": [ 139.653632300000027, 35.2624515 ] } },
{ "type": "Feature", "properties": { "内容": "さんふらわぁデイサービス【通所介護】神奈川県横須賀市野比3-10-21", "url": "https://www.kaigokensaku.mhlw.go.jp/14/index.php?action_kouhyou_detail_004_kani=true&JigyosyoCd=1471903771-00&ServiceCd=150&Type=search", "url2": "https://www.tsugai2003.com/" }, "geometry": { "type": "Point", "coordinates": [ 139.691862899999933, 35.2127372 ] } },
{ "type": "Feature", "properties": { "内容": "リハビリデイセンター悠　馬堀海岸【通所介護】神奈川県横須賀市馬堀町１－２－５", "url": "https://www.kaigokensaku.mhlw.go.jp/14/index.php?action_kouhyou_detail_004_kani=true&JigyosyoCd=1471904324-00&ServiceCd=150&Type=search", "url2": "http://www.maekawa-care.co.jp/" }, "geometry": { "type": "Point", "coordinates": [ 139.701866664418048, 35.260833303344846 ] } },
{ "type": "Feature", "properties": { "内容": "デイサービス　ＡＲＫ　ＴＡＫＥ【通所介護】神奈川県横須賀市長坂３－１０－５５", "url": "https://www.kaigokensaku.mhlw.go.jp/14/index.php?action_kouhyou_detail_004_kani=true&JigyosyoCd=1471905115-00&ServiceCd=150&Type=search", "url2": "http://j-lifedesign.com/facility/123" }, "geometry": { "type": "Point", "coordinates": [ 139.624909666934172, 35.226144227503411 ] } },
{ "type": "Feature", "properties": { "内容": "RE：Born式　リハビリセンター追浜【通所介護】神奈川県横須賀市追浜東町3-28", "url": "https://www.kaigokensaku.mhlw.go.jp/14/index.php?action_kouhyou_detail_004_kani=true&JigyosyoCd=1471905636-00&ServiceCd=150&Type=search", "url2": "https://www.oppama-reha.com" }, "geometry": { "type": "Point", "coordinates": [ 139.629538300000036, 35.316442133233757 ] } },
{ "type": "Feature", "properties": { "内容": "クラールデイサービス長沢【通所介護】神奈川県横須賀市長沢1-6-33", "url": "https://www.kaigokensaku.mhlw.go.jp/14/index.php?action_kouhyou_detail_004_kani=true&JigyosyoCd=1471905826-00&ServiceCd=150&Type=search", "url2": "http://curar-saiyou.com/" }, "geometry": { "type": "Point", "coordinates": [ 139.674495, 35.2007665 ] } },
{ "type": "Feature", "properties": { "内容": "デイサービスセンター　ケアサポートよこすか【通所介護】神奈川県横須賀市佐原5丁目25番23号", "url": "https://www.kaigokensaku.mhlw.go.jp/14/index.php?action_kouhyou_detail_004_kani=true&JigyosyoCd=1471905875-00&ServiceCd=150&Type=search", "url2": "https://www.care-support.biz/facilities/yokosuka/" }, "geometry": { "type": "Point", "coordinates": [ 139.692306700000017, 35.2335098 ] } },
{ "type": "Feature", "properties": { "内容": "デイサービスセンター湘南荒崎【通所介護】神奈川県横須賀市長井5-25-1", "url": "https://www.kaigokensaku.mhlw.go.jp/14/index.php?action_kouhyou_detail_004_kani=true&JigyosyoCd=1471907012-00&ServiceCd=150&Type=search", "url2": null }, "geometry": { "type": "Point", "coordinates": [ 139.607846196958945, 35.205350554676407 ] } },
{ "type": "Feature", "properties": { "内容": "ディサービスセンター福寿よこすか武【通所介護】神奈川県横須賀市武1-20-18", "url": "https://www.kaigokensaku.mhlw.go.jp/14/index.php?action_kouhyou_detail_004_kani=true&JigyosyoCd=1471907053-00&ServiceCd=150&Type=search", "url2": null }, "geometry": { "type": "Point", "coordinates": [ 139.65240760000006, 35.2290719 ] } },
{ "type": "Feature", "properties": { "内容": "ツクイ横須賀森崎【通所介護】神奈川県横須賀市森崎1-2-30", "url": "https://www.kaigokensaku.mhlw.go.jp/14/index.php?action_kouhyou_detail_004_kani=true&JigyosyoCd=1471907202-00&ServiceCd=150&Type=search", "url2": "http://www.tsukui.net/" }, "geometry": { "type": "Point", "coordinates": [ 139.6798556, 35.2507821 ] } },
{ "type": "Feature", "properties": { "内容": "リハビリデイセンター悠　学び館　衣笠【通所介護】神奈川県横須賀市金谷2-3-29", "url": "https://www.kaigokensaku.mhlw.go.jp/14/index.php?action_kouhyou_detail_004_kani=true&JigyosyoCd=1471907400-00&ServiceCd=150&Type=search", "url2": "http://kinugasa@maekawa-care.co.jp" }, "geometry": { "type": "Point", "coordinates": [ 139.653645, 35.2624921 ] } },
{ "type": "Feature", "properties": { "内容": "デイリハセンター花の里池上【通所介護】神奈川県横須賀市池上4-1-6", "url": "https://www.kaigokensaku.mhlw.go.jp/14/index.php?action_kouhyou_detail_004_kani=true&JigyosyoCd=1471907426-00&ServiceCd=150&Type=search", "url2": null }, "geometry": { "type": "Point", "coordinates": [ 139.6466309, 35.2642946 ] } },
{ "type": "Feature", "properties": { "内容": "ひまわりケアサービス【通所介護】神奈川県横須賀市汐入町2-38", "url": "https://www.kaigokensaku.mhlw.go.jp/14/index.php?action_kouhyou_detail_004_kani=true&JigyosyoCd=1471900983-00&ServiceCd=150&Type=search", "url2": "http://www.day-himawari.net/careservice.html" }, "geometry": { "type": "Point", "coordinates": [ 139.661459700000023, 35.2789305 ] } },
{ "type": "Feature", "properties": { "内容": "デイサービスセンター塚山ホーム【通所介護】神奈川県横須賀市吉倉町2-24-1", "url": "https://www.kaigokensaku.mhlw.go.jp/14/index.php?action_kouhyou_detail_004_kani=true&JigyosyoCd=1471901908-00&ServiceCd=150&Type=search", "url2": "https://tsukayama-home.com/" }, "geometry": { "type": "Point", "coordinates": [ 139.644955699999969, 35.2829162 ] } },
{ "type": "Feature", "properties": { "内容": "デイサービスセンター　あしたの風【通所介護】神奈川県横須賀市佐原３－４－２２", "url": "https://www.kaigokensaku.mhlw.go.jp/14/index.php?action_kouhyou_detail_004_kani=true&JigyosyoCd=1471901999-00&ServiceCd=150&Type=search", "url2": "http://michi-kaigo.com/" }, "geometry": { "type": "Point", "coordinates": [ 139.682907500000027, 35.2407562 ] } },
{ "type": "Feature", "properties": { "内容": "老人デイサービス　興寿苑【通所介護】神奈川県横須賀市池上6-5-21", "url": "https://www.kaigokensaku.mhlw.go.jp/14/index.php?action_kouhyou_detail_004_kani=true&JigyosyoCd=1471902211-00&ServiceCd=150&Type=search", "url2": "http://kojukai.or.jp/" }, "geometry": { "type": "Point", "coordinates": [ 139.638286500000049, 35.2647759 ] } },
{ "type": "Feature", "properties": { "内容": "ＲＥ：Ｂｏｒｎ式リハビリセンター大矢部【通所介護】神奈川県横須賀市大矢部３－１－３大矢部医療・福祉プラザ", "url": "https://www.kaigokensaku.mhlw.go.jp/14/index.php?action_kouhyou_detail_004_kani=true&JigyosyoCd=1471903425-00&ServiceCd=150&Type=search", "url2": "https://www.ooyabe.yokosuka-dayservice.net/" }, "geometry": { "type": "Point", "coordinates": [ 139.6722446, 35.2400452 ] } },
{ "type": "Feature", "properties": { "内容": "ニチイケアセンター横須賀佐原【通所介護】神奈川県横須賀市佐原1-4-20", "url": "https://www.kaigokensaku.mhlw.go.jp/14/index.php?action_kouhyou_detail_004_kani=true&JigyosyoCd=1471903847-00&ServiceCd=150&Type=search", "url2": "http://www.nichiigakkan.co.jp" }, "geometry": { "type": "Point", "coordinates": [ 139.678716200000054, 35.2424727 ] } },
{ "type": "Feature", "properties": { "内容": "スマイル池上【通所介護】神奈川県横須賀市池上3-3-3", "url": "https://www.kaigokensaku.mhlw.go.jp/14/index.php?action_kouhyou_detail_004_kani=true&JigyosyoCd=1471904662-00&ServiceCd=150&Type=search", "url2": "http://smile-kaigo.net/" }, "geometry": { "type": "Point", "coordinates": [ 139.647509360327149, 35.262716630527912 ] } },
{ "type": "Feature", "properties": { "内容": "デイリハセンター　花の里　すみれ【通所介護】神奈川県横須賀市追浜本町２－１４", "url": "https://www.kaigokensaku.mhlw.go.jp/14/index.php?action_kouhyou_detail_004_kani=true&JigyosyoCd=1471904936-00&ServiceCd=150&Type=search", "url2": "http://hananosato.you-wa-kai.or.jp/feature.html" }, "geometry": { "type": "Point", "coordinates": [ 139.63065759999995, 35.317891 ] } },
{ "type": "Feature", "properties": { "内容": "クラールデイサービス【通所介護】神奈川県横須賀市久里浜三丁目１０番２号ＭＫビル２階", "url": "https://www.kaigokensaku.mhlw.go.jp/14/index.php?action_kouhyou_detail_004_kani=true&JigyosyoCd=1471905016-00&ServiceCd=150&Type=search", "url2": "https://curar-day.jp/" }, "geometry": { "type": "Point", "coordinates": [ 139.700631199999947, 35.2265411 ] } },
{ "type": "Feature", "properties": { "内容": "デイサービスセンターさくらんぼ湘南野比【通所介護】神奈川県横須賀市長沢6-7-1ライフコート湘南野比　住宅型有料老人ホームさくらんぼ", "url": "https://www.kaigokensaku.mhlw.go.jp/14/index.php?action_kouhyou_detail_004_kani=true&JigyosyoCd=1471905941-00&ServiceCd=150&Type=search", "url2": "http://www.care-sakuranbo.jp/facilities/sakurambo-shonannobi/" }, "geometry": { "type": "Point", "coordinates": [ 139.68143832631992, 35.216136613181803 ] } },
{ "type": "Feature", "properties": { "内容": "デイリハセンタ―花の里さくら【通所介護】神奈川県横須賀市浦郷町4-12", "url": "https://www.kaigokensaku.mhlw.go.jp/14/index.php?action_kouhyou_detail_004_kani=true&JigyosyoCd=1471906725-00&ServiceCd=150&Type=search", "url2": "https://you-wa-kai.or.jp/" }, "geometry": { "type": "Point", "coordinates": [ 139.63318240000001, 35.3170328 ] } },
{ "type": "Feature", "properties": { "内容": "スマイルデイサービス彩歳1号館【通所介護】神奈川県横須賀市三春町1-22-2", "url": "https://www.kaigokensaku.mhlw.go.jp/14/index.php?action_kouhyou_detail_004_kani=true&JigyosyoCd=1471906774-00&ServiceCd=150&Type=search", "url2": "http://smile-kaigo.net/" }, "geometry": { "type": "Point", "coordinates": [ 139.68206310000005, 35.2682503 ] } },
{ "type": "Feature", "properties": { "内容": "スマイルデイサービス彩歳２号館【通所介護】神奈川県横須賀市三春町1-22-2", "url": "https://www.kaigokensaku.mhlw.go.jp/14/index.php?action_kouhyou_detail_004_kani=true&JigyosyoCd=1471906782-00&ServiceCd=150&Type=search", "url2": "http://smile-kaigo.net/" }, "geometry": { "type": "Point", "coordinates": [ 139.68206310000005, 35.2682503 ] } },
{ "type": "Feature", "properties": { "内容": "デイサービスセンターサンライフ三春町【通所介護】神奈川県横須賀市三春町6-85-39", "url": "https://www.kaigokensaku.mhlw.go.jp/14/index.php?action_kouhyou_detail_004_kani=true&JigyosyoCd=1471907814-00&ServiceCd=150&Type=search", "url2": "https://jala.co.jp/facility/dsc-sunlife-miharucho/" }, "geometry": { "type": "Point", "coordinates": [ 139.6824131, 35.2615417 ] } },
{ "type": "Feature", "properties": { "内容": "デイサービスセンター追浜【通所介護】神奈川県横須賀市追浜東町1-32追浜ケアセンター1階", "url": "https://www.kaigokensaku.mhlw.go.jp/14/index.php?action_kouhyou_detail_004_kani=true&JigyosyoCd=1471907897-00&ServiceCd=150&Type=search", "url2": "https://jala.co.jp" }, "geometry": { "type": "Point", "coordinates": [ 139.630752139286813, 35.308109908673906 ] } },
{ "type": "Feature", "properties": { "内容": "リハビリデイサロン「海」MIHARU【通所介護】神奈川県横須賀市三春町1-17-1", "url": "https://www.kaigokensaku.mhlw.go.jp/14/index.php?action_kouhyou_detail_004_kani=true&JigyosyoCd=1471907905-00&ServiceCd=150&Type=search", "url2": "https://maharo.co.jp/" }, "geometry": { "type": "Point", "coordinates": [ 139.6804583, 35.2688756 ] } },
{ "type": "Feature", "properties": { "内容": "リハビリデイサロン「海」FIRST【通所介護】神奈川県横須賀市根岸町3-3-16TANIビルⅦ", "url": "https://www.kaigokensaku.mhlw.go.jp/14/index.php?action_kouhyou_detail_004_kani=true&JigyosyoCd=1471907913-00&ServiceCd=150&Type=search", "url2": "https://maharo.co.jp/" }, "geometry": { "type": "Point", "coordinates": [ 139.68477870000001, 35.2503527 ] } },
{ "type": "Feature", "properties": { "内容": "ディサービスちろりん村横須賀【通所介護】神奈川県横須賀市武1-20-15", "url": "https://www.kaigokensaku.mhlw.go.jp/14/index.php?action_kouhyou_detail_004_kani=true&JigyosyoCd=1471907921-00&ServiceCd=150&Type=search", "url2": "http://kiyukai.or.jp/chirorin_yokosuka/" }, "geometry": { "type": "Point", "coordinates": [ 130.5343318, 31.5810926 ] } },
{ "type": "Feature", "properties": { "内容": "通所介護　ジョイ平塚【通所介護】神奈川県平塚市東八幡３－１３－１６", "url": "https://www.kaigokensaku.mhlw.go.jp/14/index.php?action_kouhyou_detail_004_kani=true&JigyosyoCd=1472004967-00&ServiceCd=150&Type=search", "url2": "https://c-net.jp/waki/" }, "geometry": { "type": "Point", "coordinates": [ 139.3577927, 35.3456529 ] } },
{ "type": "Feature", "properties": { "内容": "サンレジデンス湘南居宅介護サービス【通所介護】神奈川県平塚市田村2-11-5サンレジデンス湘南1階", "url": "https://www.kaigokensaku.mhlw.go.jp/14/index.php?action_kouhyou_detail_004_kani=true&JigyosyoCd=1472000015-00&ServiceCd=150&Type=search", "url2": "https://keishin-kai-honbu.jp/kaigo/pages/62/" }, "geometry": { "type": "Point", "coordinates": [ 139.3585326, 35.3717317 ] } },
{ "type": "Feature", "properties": { "内容": "伸生会デイケアセンター【通所介護】神奈川県平塚市御殿２－１７－４２", "url": "https://www.kaigokensaku.mhlw.go.jp/14/index.php?action_kouhyou_detail_004_kani=true&JigyosyoCd=1472000064-00&ServiceCd=150&Type=search", "url2": "https://www.shinseikai-roujin-kanagawa.jp/facilities/day-care-center/" }, "geometry": { "type": "Point", "coordinates": [ 139.326694800000041, 35.344748 ] } },
{ "type": "Feature", "properties": { "内容": "ローズヒルケアセンター【通所介護】神奈川県平塚市土屋2198-7", "url": "https://www.kaigokensaku.mhlw.go.jp/14/index.php?action_kouhyou_detail_004_kani=true&JigyosyoCd=1472000072-00&ServiceCd=150&Type=search", "url2": "http://www.rosehill.or.jp/" }, "geometry": { "type": "Point", "coordinates": [ 139.270763799999941, 35.3463637 ] } },
{ "type": "Feature", "properties": { "内容": "岡崎ケアセンター【通所介護】神奈川県平塚市岡崎447", "url": "https://www.kaigokensaku.mhlw.go.jp/14/index.php?action_kouhyou_detail_004_kani=true&JigyosyoCd=1472000189-00&ServiceCd=150&Type=search", "url2": "https://okazakikaigo.sakuraweb.com/wp/" }, "geometry": { "type": "Point", "coordinates": [ 139.314059899999961, 35.3670285 ] } },
{ "type": "Feature", "properties": { "内容": "高齢者福祉総合施設　豊田敬愛ホーム【通所介護】神奈川県平塚市南豊田85番1", "url": "https://www.kaigokensaku.mhlw.go.jp/14/index.php?action_kouhyou_detail_004_kani=true&JigyosyoCd=1472000213-00&ServiceCd=150&Type=search", "url2": "https://www.kanagawa-koureikyo.or.jp/toyoda/" }, "geometry": { "type": "Point", "coordinates": [ 139.3268392, 35.3551052 ] } },
{ "type": "Feature", "properties": { "内容": "桜ヶ丘ケアセンター【通所介護】神奈川県平塚市桜ケ丘9-41", "url": "https://www.kaigokensaku.mhlw.go.jp/14/index.php?action_kouhyou_detail_004_kani=true&JigyosyoCd=1472000254-00&ServiceCd=150&Type=search", "url2": "http://www.kubota-group.jp/sakuragaoka/" }, "geometry": { "type": "Point", "coordinates": [ 139.328867299999956, 35.3254198 ] } },
{ "type": "Feature", "properties": { "内容": "平塚富士白苑指定居宅介護支援センター【通所介護】神奈川県平塚市唐ケ原１番地", "url": "https://www.kaigokensaku.mhlw.go.jp/14/index.php?action_kouhyou_detail_004_kani=true&JigyosyoCd=1472000304-00&ServiceCd=150&Type=search", "url2": "http://www.fujishiro-group.com/hiratsuka.html" }, "geometry": { "type": "Point", "coordinates": [ 139.329520499999944, 35.3141878 ] } },
{ "type": "Feature", "properties": { "内容": "デイサービス・センターういすたりあ【通所介護】神奈川県平塚市西真土4-23-35", "url": "https://www.kaigokensaku.mhlw.go.jp/14/index.php?action_kouhyou_detail_004_kani=true&JigyosyoCd=1472000346-00&ServiceCd=150&Type=search", "url2": "http://www.wistaria.jp/" }, "geometry": { "type": "Point", "coordinates": [ 139.348906100000022, 35.3641408 ] } },
{ "type": "Feature", "properties": { "内容": "ニチイケアセンター湘南神田【通所介護】神奈川県平塚市大神1-10-8", "url": "https://www.kaigokensaku.mhlw.go.jp/14/index.php?action_kouhyou_detail_004_kani=true&JigyosyoCd=1472001302-00&ServiceCd=150&Type=search", "url2": "http://www.nichii-kaigo.jp/base/base-result/05M63/" }, "geometry": { "type": "Point", "coordinates": [ 139.36103456256555, 35.384155975144459 ] } },
{ "type": "Feature", "properties": { "内容": "サンステージ湘南デイサービスセンター【通所介護】神奈川県平塚市中堂８－１", "url": "https://www.kaigokensaku.mhlw.go.jp/14/index.php?action_kouhyou_detail_004_kani=true&JigyosyoCd=1472001641-00&ServiceCd=150&Type=search", "url2": "https://keishin-kai-honbu.jp/kaigo/pages/60" }, "geometry": { "type": "Point", "coordinates": [ 139.358616593254055, 35.334318112735417 ] } },
{ "type": "Feature", "properties": { "内容": "デイサービスセンター福寿ひらつか田村【通所介護】神奈川県平塚市田村6-15-24", "url": "https://www.kaigokensaku.mhlw.go.jp/14/index.php?action_kouhyou_detail_004_kani=true&JigyosyoCd=1472002573-00&ServiceCd=150&Type=search", "url2": "https://jala.co.jp" }, "geometry": { "type": "Point", "coordinates": [ 139.363215399999945, 35.3787918 ] } },
{ "type": "Feature", "properties": { "内容": "らいおんハートリハビリ温泉デイサービス河内【通所介護】神奈川県平塚市河内520-1小林ビル1F", "url": "https://www.kaigokensaku.mhlw.go.jp/14/index.php?action_kouhyou_detail_004_kani=true&JigyosyoCd=1472003019-00&ServiceCd=150&Type=search", "url2": "https://lion-heart.co/html/kochi.html" }, "geometry": { "type": "Point", "coordinates": [ 139.31355439999993, 35.3355019 ] } },
{ "type": "Feature", "properties": { "内容": "エスケアステーション平塚　デイサービス【通所介護】神奈川県平塚市桜ケ丘1番17号", "url": "https://www.kaigokensaku.mhlw.go.jp/14/index.php?action_kouhyou_detail_004_kani=true&JigyosyoCd=1472003183-00&ServiceCd=150&Type=search", "url2": "http://www.s-caremate.co.jp/service/jigyousyo/14_kanagawa/hiratsuka_st.html" }, "geometry": { "type": "Point", "coordinates": [ 139.329158900000039, 35.326108599999984 ] } },
{ "type": "Feature", "properties": { "内容": "デイサービス　あすなろ【通所介護】神奈川県平塚市片岡50番1", "url": "https://www.kaigokensaku.mhlw.go.jp/14/index.php?action_kouhyou_detail_004_kani=true&JigyosyoCd=1472003456-00&ServiceCd=150&Type=search", "url2": "https://www.hhtdk333-hiratsuka-asunaro.com/blank-1" }, "geometry": { "type": "Point", "coordinates": [ 139.297736912846744, 35.363332955656723 ] } },
{ "type": "Feature", "properties": { "内容": "あずみ苑平塚【通所介護】神奈川県平塚市岡崎5898-5", "url": "https://www.kaigokensaku.mhlw.go.jp/14/index.php?action_kouhyou_detail_004_kani=true&JigyosyoCd=1472004025-00&ServiceCd=150&Type=search", "url2": "https://www.azumien.jp/search/hiratsuka/" }, "geometry": { "type": "Point", "coordinates": [ 139.306838199999987, 35.3770131 ] } },
{ "type": "Feature", "properties": { "内容": "サニーライフ平塚デイサービス【通所介護】神奈川県平塚市御殿1-25-12", "url": "https://www.kaigokensaku.mhlw.go.jp/14/index.php?action_kouhyou_detail_004_kani=true&JigyosyoCd=1472004090-00&ServiceCd=150&Type=search", "url2": null }, "geometry": { "type": "Point", "coordinates": [ 139.329757049073805, 35.342345146759826 ] } },
{ "type": "Feature", "properties": { "内容": "クローバーライフ【通所介護】神奈川県平塚市東八幡2-4-8", "url": "https://www.kaigokensaku.mhlw.go.jp/14/index.php?action_kouhyou_detail_004_kani=true&JigyosyoCd=1472004165-00&ServiceCd=150&Type=search", "url2": null }, "geometry": { "type": "Point", "coordinates": [ 139.355967145816066, 35.343940994748976 ] } },
{ "type": "Feature", "properties": { "内容": "アクアデイサービス平塚中堂【通所介護】神奈川県平塚市中堂6-5", "url": "https://www.kaigokensaku.mhlw.go.jp/14/index.php?action_kouhyou_detail_004_kani=true&JigyosyoCd=1472004512-00&ServiceCd=150&Type=search", "url2": null }, "geometry": { "type": "Point", "coordinates": [ 139.360139099999969, 35.3341836 ] } },
{ "type": "Feature", "properties": { "内容": "ツクイ平塚中堂【通所介護】神奈川県平塚市中堂8-7", "url": "https://www.kaigokensaku.mhlw.go.jp/14/index.php?action_kouhyou_detail_004_kani=true&JigyosyoCd=1472004611-00&ServiceCd=150&Type=search", "url2": "https://www.stukui.net/home-care/2235/" }, "geometry": { "type": "Point", "coordinates": [ 139.358592499999986, 35.3347769 ] } },
{ "type": "Feature", "properties": { "内容": "ツクイ平塚【通所介護】神奈川県平塚市西真土1-2-11", "url": "https://www.kaigokensaku.mhlw.go.jp/14/index.php?action_kouhyou_detail_004_kani=true&JigyosyoCd=1472004629-00&ServiceCd=150&Type=search", "url2": "https://www.tsukui.net/home-care/2087/" }, "geometry": { "type": "Point", "coordinates": [ 139.346919, 35.352076 ] } },
{ "type": "Feature", "properties": { "内容": "平塚ｹｱセンターそよ風【通所介護】神奈川県平塚市西八幡１－6－２７", "url": "https://www.kaigokensaku.mhlw.go.jp/14/index.php?action_kouhyou_detail_004_kani=true&JigyosyoCd=1472004652-00&ServiceCd=150&Type=search", "url2": "https://www.sykz.co.jp" }, "geometry": { "type": "Point", "coordinates": [ 139.350203911407704, 35.341162490919054 ] } },
{ "type": "Feature", "properties": { "内容": "らいおんハートリハビリデイサービス南原【通所介護】神奈川県平塚市南原1-1-1", "url": "https://www.kaigokensaku.mhlw.go.jp/14/index.php?action_kouhyou_detail_004_kani=true&JigyosyoCd=1472004736-00&ServiceCd=150&Type=search", "url2": null }, "geometry": { "type": "Point", "coordinates": [ 139.3304927, 35.3380253 ] } },
{ "type": "Feature", "properties": { "内容": "デーサービスＴＯＷＡＳＩＳ【通所介護】神奈川県平塚市平塚2丁目50-3シェーンベルグ湘南102", "url": "https://www.kaigokensaku.mhlw.go.jp/14/index.php?action_kouhyou_detail_004_kani=true&JigyosyoCd=1472004769-00&ServiceCd=150&Type=search", "url2": "https://towasis-daycare.studio.site/" }, "geometry": { "type": "Point", "coordinates": [ 139.3373397, 35.3275302 ] } },
{ "type": "Feature", "properties": { "内容": "平塚市万田デイサービスセンター【通所介護】神奈川県平塚市万田三丁目15番5号", "url": "https://www.kaigokensaku.mhlw.go.jp/14/index.php?action_kouhyou_detail_004_kani=true&JigyosyoCd=1472000270-00&ServiceCd=150&Type=search", "url2": "http://www.takanedaihome.or.jp/day1.html" }, "geometry": { "type": "Point", "coordinates": [ 139.306508099999974, 35.3253698 ] } },
{ "type": "Feature", "properties": { "内容": "平塚市袖ケ浜デイサービスセンター【通所介護】神奈川県平塚市立野町35-8医療福祉センター3階", "url": "https://www.kaigokensaku.mhlw.go.jp/14/index.php?action_kouhyou_detail_004_kani=true&JigyosyoCd=1472000361-00&ServiceCd=150&Type=search", "url2": "http://www.hiratsuka.saiseikai.or.jp/fukushi/sodegahama" }, "geometry": { "type": "Point", "coordinates": [ 139.339901093054806, 35.33269665417734 ] } },
{ "type": "Feature", "properties": { "内容": "アビリティーズ・デイサービス湘南高村【通所介護】神奈川県平塚市高村２０３平塚高村団地１４－１０１", "url": "https://www.kaigokensaku.mhlw.go.jp/14/index.php?action_kouhyou_detail_004_kani=true&JigyosyoCd=1472000833-00&ServiceCd=150&Type=search", "url2": "https://www.abilities.jp/" }, "geometry": { "type": "Point", "coordinates": [ 139.30876792897493, 35.333405503017744 ] } },
{ "type": "Feature", "properties": { "内容": "悠悠倶楽部【通所介護】神奈川県平塚市大神5-3-50", "url": "https://www.kaigokensaku.mhlw.go.jp/14/index.php?action_kouhyou_detail_004_kani=true&JigyosyoCd=1472001476-00&ServiceCd=150&Type=search", "url2": "https://hlcare.net/information/yuyu-club/" }, "geometry": { "type": "Point", "coordinates": [ 139.364729, 35.3879739 ] } },
{ "type": "Feature", "properties": { "内容": "ココファン健康リハやさか【通所介護】神奈川県平塚市西八幡2-17-31", "url": "https://www.kaigokensaku.mhlw.go.jp/14/index.php?action_kouhyou_detail_004_kani=true&JigyosyoCd=1472003787-00&ServiceCd=150&Type=search", "url2": "https://www.cocofump.co.jp/services/outpatient_day_care/" }, "geometry": { "type": "Point", "coordinates": [ 139.352803399999971, 35.344215 ] } },
{ "type": "Feature", "properties": { "内容": "デイサービス　ココファン湘南平塚弐番館【通所介護】神奈川県平塚市錦町22-6", "url": "https://www.kaigokensaku.mhlw.go.jp/14/index.php?action_kouhyou_detail_004_kani=true&JigyosyoCd=1472004488-00&ServiceCd=150&Type=search", "url2": "https://www.cocofump.co.jp/facilities/detail/shounanhiratsukanibankan/" }, "geometry": { "type": "Point", "coordinates": [ 139.34231520000003, 35.3265153 ] } },
{ "type": "Feature", "properties": { "内容": "ヒューマンライフケア平塚【通所介護】神奈川県平塚市四之宮6-10-23", "url": "https://www.kaigokensaku.mhlw.go.jp/14/index.php?action_kouhyou_detail_004_kani=true&JigyosyoCd=1472004819-00&ServiceCd=150&Type=search", "url2": "https://kaigo.human-lifecare.jp/" }, "geometry": { "type": "Point", "coordinates": [ 139.3602613, 35.36243 ] } },
{ "type": "Feature", "properties": { "内容": "デイサービスセンター　れんげの郷【通所介護】神奈川県平塚市公所705-1", "url": "https://www.kaigokensaku.mhlw.go.jp/14/index.php?action_kouhyou_detail_004_kani=true&JigyosyoCd=1472001252-00&ServiceCd=150&Type=search", "url2": "https://www.rengenosato.com/" }, "geometry": { "type": "Point", "coordinates": [ 139.305113500000061, 35.3464365 ] } },
{ "type": "Feature", "properties": { "内容": "ニチイケアセンター湘南銀河【通所介護】神奈川県平塚市東中原2丁目1-23", "url": "https://www.kaigokensaku.mhlw.go.jp/14/index.php?action_kouhyou_detail_004_kani=true&JigyosyoCd=1472002797-00&ServiceCd=150&Type=search", "url2": "https://www.nichii-kaigo.jp/base/base-result/05k94/" }, "geometry": { "type": "Point", "coordinates": [ 139.336927100000025, 35.3503364 ] } },
{ "type": "Feature", "properties": { "内容": "らいおんハートリハビリ温泉デイサービス立野町【通所介護】神奈川県平塚市立野町30-17エメラルドプラザ１Ｆ", "url": "https://www.kaigokensaku.mhlw.go.jp/14/index.php?action_kouhyou_detail_004_kani=true&JigyosyoCd=1472003605-00&ServiceCd=150&Type=search", "url2": "https://lion-heart.co/" }, "geometry": { "type": "Point", "coordinates": [ 139.33937990000004, 35.3359713 ] } },
{ "type": "Feature", "properties": { "内容": "デイサービスごしき【通所介護】神奈川県平塚市東真土3丁目8番48号", "url": "https://www.kaigokensaku.mhlw.go.jp/14/index.php?action_kouhyou_detail_004_kani=true&JigyosyoCd=1472003621-00&ServiceCd=150&Type=search", "url2": "https://smcg.jp/dayservice_goshiki/index.html" }, "geometry": { "type": "Point", "coordinates": [ 139.351765990876771, 35.358163399466783 ] } },
{ "type": "Feature", "properties": { "内容": "ひらつか福祉相談センター【通所介護】神奈川県平塚市徳延2丁目27-7", "url": "https://www.kaigokensaku.mhlw.go.jp/14/index.php?action_kouhyou_detail_004_kani=true&JigyosyoCd=1472004389-00&ServiceCd=150&Type=search", "url2": "https://www.ml-care.co.jp/" }, "geometry": { "type": "Point", "coordinates": [ 139.315957, 35.336090699999986 ] } },
{ "type": "Feature", "properties": { "内容": "ハワイアンリゾート絆【通所介護】神奈川県平塚市虹ケ浜20-14VentoVerde1階", "url": "https://www.kaigokensaku.mhlw.go.jp/14/index.php?action_kouhyou_detail_004_kani=true&JigyosyoCd=1472004991-00&ServiceCd=150&Type=search", "url2": "https://www.socius-mc.com" }, "geometry": { "type": "Point", "coordinates": [ 139.3364277, 35.3151611 ] } },
{ "type": "Feature", "properties": { "内容": "サロンデイ桜ヶ丘【通所介護】神奈川県平塚市上平塚1-70　2F", "url": "https://www.kaigokensaku.mhlw.go.jp/14/index.php?action_kouhyou_detail_004_kani=true&JigyosyoCd=1472005154-00&ServiceCd=150&Type=search", "url2": "http://www.salonday.co.jp" }, "geometry": { "type": "Point", "coordinates": [ 139.3264848, 35.331265 ] } },
{ "type": "Feature", "properties": { "内容": "エミーズ湘南ひらつか【通所介護】神奈川県平塚市平塚2-1-3", "url": "https://www.kaigokensaku.mhlw.go.jp/14/index.php?action_kouhyou_detail_004_kani=true&JigyosyoCd=1472005170-00&ServiceCd=150&Type=search", "url2": "https://www.sunlife.jp/care/" }, "geometry": { "type": "Point", "coordinates": [ 139.340398599999986, 35.3282879 ] } },
{ "type": "Feature", "properties": { "内容": "鎌倉プライエムきしろ【通所介護】神奈川県鎌倉市関谷１７８１", "url": "https://www.kaigokensaku.mhlw.go.jp/14/index.php?action_kouhyou_detail_004_kani=true&JigyosyoCd=1472100088-00&ServiceCd=150&Type=search", "url2": "http://www.kishiro.or.jp/jigyosho" }, "geometry": { "type": "Point", "coordinates": [ 139.4993796, 35.3632813 ] } },
{ "type": "Feature", "properties": { "内容": "ケアセンターやまざくら【通所介護】神奈川県鎌倉市御成町２０番－２１号鎌倉市福祉センター内", "url": "https://www.kaigokensaku.mhlw.go.jp/14/index.php?action_kouhyou_detail_004_kani=true&JigyosyoCd=1472100278-00&ServiceCd=150&Type=search", "url2": "https://seiyokan.jp/service/dayservice-yamazakura/" }, "geometry": { "type": "Point", "coordinates": [ 139.546270910450744, 35.317405698579073 ] } },
{ "type": "Feature", "properties": { "内容": "デイサービス台【通所介護】神奈川県鎌倉市台2-8-1", "url": "https://www.kaigokensaku.mhlw.go.jp/14/index.php?action_kouhyou_detail_004_kani=true&JigyosyoCd=1472100328-00&ServiceCd=150&Type=search", "url2": "http://www.seiterejiakai.com" }, "geometry": { "type": "Point", "coordinates": [ 139.528749400000038, 35.3478471 ] } },
{ "type": "Feature", "properties": { "内容": "デイサービス七里ガ浜【通所介護】神奈川県鎌倉市腰越１－２－３６", "url": "https://www.kaigokensaku.mhlw.go.jp/14/index.php?action_kouhyou_detail_004_kani=true&JigyosyoCd=1472100500-00&ServiceCd=150&Type=search", "url2": "https://shichirigahamahome.com/" }, "geometry": { "type": "Point", "coordinates": [ 139.500198899999987, 35.307976 ] } },
{ "type": "Feature", "properties": { "内容": "二階堂デイサービスセンター【通所介護】神奈川県鎌倉市二階堂912-1", "url": "https://www.kaigokensaku.mhlw.go.jp/14/index.php?action_kouhyou_detail_004_kani=true&JigyosyoCd=1472100526-00&ServiceCd=150&Type=search", "url2": "http://www.kishiro.or.jp/" }, "geometry": { "type": "Point", "coordinates": [ 139.566343700000061, 35.3217169 ] } },
{ "type": "Feature", "properties": { "内容": "デイサービスささりんどう鎌倉【通所介護】神奈川県鎌倉市城廻270-2", "url": "https://www.kaigokensaku.mhlw.go.jp/14/index.php?action_kouhyou_detail_004_kani=true&JigyosyoCd=1472100658-00&ServiceCd=150&Type=search", "url2": "https://www.sasa-care.com/day-care-servicess" }, "geometry": { "type": "Point", "coordinates": [ 139.5093981, 35.3565544 ] } },
{ "type": "Feature", "properties": { "内容": "特別養護老人ホーム　かまくら愛の郷【通所介護】神奈川県鎌倉市岡本１０２２－３２", "url": "https://www.kaigokensaku.mhlw.go.jp/14/index.php?action_kouhyou_detail_004_kani=true&JigyosyoCd=1472101920-00&ServiceCd=150&Type=search", "url2": "http://www.s-aishinkai.jp/ainosato/index.html" }, "geometry": { "type": "Point", "coordinates": [ 139.519791504538006, 35.346208716942371 ] } },
{ "type": "Feature", "properties": { "内容": "リハスタジオ鎌倉由比ガ浜【通所介護】神奈川県鎌倉市由比ガ浜３－１－１０池田ビル２・３階", "url": "https://www.kaigokensaku.mhlw.go.jp/14/index.php?action_kouhyou_detail_004_kani=true&JigyosyoCd=1472102134-00&ServiceCd=150&Type=search", "url2": "http://www.tcckaigo.com" }, "geometry": { "type": "Point", "coordinates": [ 139.546297800000048, 35.3153758 ] } },
{ "type": "Feature", "properties": { "内容": "デイサービスやと【通所介護】神奈川県鎌倉市梶原1-13-5", "url": "https://www.kaigokensaku.mhlw.go.jp/14/index.php?action_kouhyou_detail_004_kani=true&JigyosyoCd=1472102142-00&ServiceCd=150&Type=search", "url2": "https://yato.info/" }, "geometry": { "type": "Point", "coordinates": [ 139.522074699999962, 35.3309184 ] } },
{ "type": "Feature", "properties": { "内容": "あおばデイサービス【通所介護】神奈川県鎌倉市大船3-14-8リヴェラ鎌倉1F（KIK大船1F）", "url": "https://www.kaigokensaku.mhlw.go.jp/14/index.php?action_kouhyou_detail_004_kani=true&JigyosyoCd=1472102183-00&ServiceCd=150&Type=search", "url2": "http://aobaday.com/" }, "geometry": { "type": "Point", "coordinates": [ 139.536340600000017, 35.3480554 ] } },
{ "type": "Feature", "properties": { "内容": "クロスハート十二所・鎌倉【通所介護】神奈川県鎌倉市十二所９３７－８", "url": "https://www.kaigokensaku.mhlw.go.jp/14/index.php?action_kouhyou_detail_004_kani=true&JigyosyoCd=1472102365-00&ServiceCd=150&Type=search", "url2": "https://www.shinkoufukushikai.com/care/daycare/juniso-day" }, "geometry": { "type": "Point", "coordinates": [ 139.577120599999944, 35.3192311 ] } },
{ "type": "Feature", "properties": { "内容": "デイサービス喜楽家・鎌倉【通所介護】神奈川県鎌倉市腰越９３３ー１", "url": "https://www.kaigokensaku.mhlw.go.jp/14/index.php?action_kouhyou_detail_004_kani=true&JigyosyoCd=1472102753-00&ServiceCd=150&Type=search", "url2": "http://www.elder-homecare.co.jp" }, "geometry": { "type": "Point", "coordinates": [ 139.503852625608829, 35.316305506067479 ] } },
{ "type": "Feature", "properties": { "内容": "セコムシニア倶楽部鎌倉【通所介護】神奈川県鎌倉市浄明寺5-1-24", "url": "https://www.kaigokensaku.mhlw.go.jp/14/index.php?action_kouhyou_detail_004_kani=true&JigyosyoCd=1472102761-00&ServiceCd=150&Type=search", "url2": "http://medical.secom.co.jp/" }, "geometry": { "type": "Point", "coordinates": [ 139.571929299999965, 35.3199477 ] } },
{ "type": "Feature", "properties": { "内容": "リハビリデイサービスポーラスター鎌倉【通所介護】神奈川県鎌倉市由比ガ浜3-11-42ライオンズマンション鎌倉由比ヶ浜1F　101A", "url": "https://www.kaigokensaku.mhlw.go.jp/14/index.php?action_kouhyou_detail_004_kani=true&JigyosyoCd=1472102803-00&ServiceCd=150&Type=search", "url2": "https://polarstar.co.jp/about/" }, "geometry": { "type": "Point", "coordinates": [ 139.54076494550182, 35.313676653527146 ] } },
{ "type": "Feature", "properties": { "内容": "PT&Reha北鎌倉【通所介護】神奈川県鎌倉市小袋谷2-23-9メゾン北鎌倉　101", "url": "https://www.kaigokensaku.mhlw.go.jp/14/index.php?action_kouhyou_detail_004_kani=true&JigyosyoCd=1472103108-00&ServiceCd=150&Type=search", "url2": null }, "geometry": { "type": "Point", "coordinates": [ 139.537921, 35.3415006 ] } },
{ "type": "Feature", "properties": { "内容": "デイサービスセンタ　テルウェル鎌倉【通所介護】神奈川県鎌倉市岩瀬1-23-19ウエリスオリーブ鎌倉岩瀬", "url": "https://www.kaigokensaku.mhlw.go.jp/14/index.php?action_kouhyou_detail_004_kani=true&JigyosyoCd=1472103157-00&ServiceCd=150&Type=search", "url2": "https://www.telwel-kaigo.com/" }, "geometry": { "type": "Point", "coordinates": [ 139.543137603704849, 35.355882008155206 ] } },
{ "type": "Feature", "properties": { "内容": "デイのおうち　森のくまさん【通所介護】神奈川県鎌倉市稲村ガ崎5-30-9", "url": "https://www.kaigokensaku.mhlw.go.jp/14/index.php?action_kouhyou_detail_004_kani=true&JigyosyoCd=1472101607-00&ServiceCd=150&Type=search", "url2": "http://day-morikuma.com/" }, "geometry": { "type": "Point", "coordinates": [ 139.5207193, 35.3120284 ] } },
{ "type": "Feature", "properties": { "内容": "リハビリラボ【通所介護】神奈川県鎌倉市小袋谷1-9-3大船Rビル1階", "url": "https://www.kaigokensaku.mhlw.go.jp/14/index.php?action_kouhyou_detail_004_kani=true&JigyosyoCd=1472102563-00&ServiceCd=150&Type=search", "url2": null }, "geometry": { "type": "Point", "coordinates": [ 139.534346787945282, 35.347047630246415 ] } },
{ "type": "Feature", "properties": { "内容": "ルネサンス元氣ジム大船【通所介護】神奈川県鎌倉市岩瀬757フラット　２階", "url": "https://www.kaigokensaku.mhlw.go.jp/14/index.php?action_kouhyou_detail_004_kani=true&JigyosyoCd=1472103256-00&ServiceCd=150&Type=search", "url2": "https://kaigo.s-re.jp/genki/oohuna.html" }, "geometry": { "type": "Point", "coordinates": [ 139.548987, 35.3503357 ] } },
{ "type": "Feature", "properties": { "内容": "リハビリデイサービス　ポーラスター腰越【通所介護】神奈川県鎌倉市腰越3-9-1", "url": "https://www.kaigokensaku.mhlw.go.jp/14/index.php?action_kouhyou_detail_004_kani=true&JigyosyoCd=1472103330-00&ServiceCd=150&Type=search", "url2": "https://polarstar.co.jp/facility/" }, "geometry": { "type": "Point", "coordinates": [ 139.489797609262041, 35.308406188244767 ] } },
{ "type": "Feature", "properties": { "内容": "みちテラス【通所介護】神奈川県鎌倉市大船1273-1", "url": "https://www.kaigokensaku.mhlw.go.jp/14/index.php?action_kouhyou_detail_004_kani=true&JigyosyoCd=1472103678-00&ServiceCd=150&Type=search", "url2": "https://www.kishiro.or.jp/" }, "geometry": { "type": "Point", "coordinates": [ 139.541345, 35.3458706 ] } },
{ "type": "Feature", "properties": { "内容": "ツクイ鎌倉湘南深沢【通所介護】神奈川県鎌倉市常盤１２５", "url": "https://www.kaigokensaku.mhlw.go.jp/14/index.php?action_kouhyou_detail_004_kani=true&JigyosyoCd=1472103694-00&ServiceCd=150&Type=search", "url2": null }, "geometry": { "type": "Point", "coordinates": [ 139.519267294351835, 35.331650852674294 ] } },
{ "type": "Feature", "properties": { "内容": "らいおんハートリハビリデイサービス鎌倉門前【通所介護】神奈川県鎌倉市山ノ内407北鎌倉門前2階", "url": "https://www.kaigokensaku.mhlw.go.jp/14/index.php?action_kouhyou_detail_004_kani=true&JigyosyoCd=1472103736-00&ServiceCd=150&Type=search", "url2": "https://lion-heart.co" }, "geometry": { "type": "Point", "coordinates": [ 139.5458406, 35.3362886 ] } },
{ "type": "Feature", "properties": { "内容": "ルネサンス　元氣ジム大船岡本【通所介護】神奈川県鎌倉市岡本1241-4鎌倉ロジュマン管理棟1階", "url": "https://www.kaigokensaku.mhlw.go.jp/14/index.php?action_kouhyou_detail_004_kani=true&JigyosyoCd=1472103801-00&ServiceCd=150&Type=search", "url2": "https://kaigo.s-re.jp/kg/" }, "geometry": { "type": "Point", "coordinates": [ 139.51813250317997, 35.345696545675565 ] } },
{ "type": "Feature", "properties": { "内容": "リハビリデイセンター悠　大船【通所介護】神奈川県鎌倉市台5-1-16キキョウビル1階", "url": "https://www.kaigokensaku.mhlw.go.jp/14/index.php?action_kouhyou_detail_004_kani=true&JigyosyoCd=1472102506-00&ServiceCd=150&Type=search", "url2": null }, "geometry": { "type": "Point", "coordinates": [ 139.534369121209721, 35.34398304765643 ] } },
{ "type": "Feature", "properties": { "内容": "通所介護リハセンターひだまり・湘南【通所介護】神奈川県藤沢市石川1-3-1フレックス湘南石川1階", "url": "https://www.kaigokensaku.mhlw.go.jp/14/index.php?action_kouhyou_detail_004_kani=true&JigyosyoCd=1472206166-00&ServiceCd=150&Type=search", "url2": "http://shonancarestage.jp" }, "geometry": { "type": "Point", "coordinates": [ 139.454266500000017, 35.3782943 ] } },
{ "type": "Feature", "properties": { "内容": "グリーンライフ湘南【通所介護】神奈川県藤沢市石川３９２８－５", "url": "https://www.kaigokensaku.mhlw.go.jp/14/index.php?action_kouhyou_detail_004_kani=true&JigyosyoCd=1472200037-00&ServiceCd=150&Type=search", "url2": "https://www.kijyu.or.jp/senior/gl-shonan/" }, "geometry": { "type": "Point", "coordinates": [ 139.464740900000038, 35.3734349 ] } },
{ "type": "Feature", "properties": { "内容": "共生会居宅サ－ビスセンタ－【通所介護】神奈川県藤沢市鵠沼１５５９番地", "url": "https://www.kaigokensaku.mhlw.go.jp/14/index.php?action_kouhyou_detail_004_kani=true&JigyosyoCd=1472200136-00&ServiceCd=150&Type=search", "url2": "http://www.kyouseikai.com" }, "geometry": { "type": "Point", "coordinates": [ 139.4797036, 35.3405421 ] } },
{ "type": "Feature", "properties": { "内容": "地域介護サービスセンター　ラポール藤沢【通所介護】神奈川県藤沢市稲荷345番地", "url": "https://www.kaigokensaku.mhlw.go.jp/14/index.php?action_kouhyou_detail_004_kani=true&JigyosyoCd=1472200334-00&ServiceCd=150&Type=search", "url2": "http://www.rapport.or.jp/service/fujisawa/about.html" }, "geometry": { "type": "Point", "coordinates": [ 139.460533100000021, 35.3521318 ] } },
{ "type": "Feature", "properties": { "内容": "ニチイケアセンター辻堂【通所介護】神奈川県藤沢市辻堂３－１－２６", "url": "https://www.kaigokensaku.mhlw.go.jp/14/index.php?action_kouhyou_detail_004_kani=true&JigyosyoCd=1472200409-00&ServiceCd=150&Type=search", "url2": "http://www.nichii-kaigo.jp/base/base-result/05D27/" }, "geometry": { "type": "Point", "coordinates": [ 139.446614400000044, 35.3321225 ] } },
{ "type": "Feature", "properties": { "内容": "芭蕉苑　介護老人福祉施設【通所介護】神奈川県藤沢市遠藤３５", "url": "https://www.kaigokensaku.mhlw.go.jp/14/index.php?action_kouhyou_detail_004_kani=true&JigyosyoCd=1472200466-00&ServiceCd=150&Type=search", "url2": "https://bashoen.chikubukai.jp/service/day-service/" }, "geometry": { "type": "Point", "coordinates": [ 139.433592399999952, 35.3813158 ] } },
{ "type": "Feature", "properties": { "内容": "こまよせ荘【通所介護】神奈川県藤沢市大庭5527-1藤沢市保健医療センター2階", "url": "https://www.kaigokensaku.mhlw.go.jp/14/index.php?action_kouhyou_detail_004_kani=true&JigyosyoCd=1472200532-00&ServiceCd=150&Type=search", "url2": "https://komayose.chikubukai.jp/" }, "geometry": { "type": "Point", "coordinates": [ 139.4481171, 35.368271 ] } },
{ "type": "Feature", "properties": { "内容": "こぶし荘　デイサービスセンター【通所介護】神奈川県藤沢市下土棚800-1", "url": "https://www.kaigokensaku.mhlw.go.jp/14/index.php?action_kouhyou_detail_004_kani=true&JigyosyoCd=1472200565-00&ServiceCd=150&Type=search", "url2": "http://issekikai.net" }, "geometry": { "type": "Point", "coordinates": [ 139.456748626983654, 35.40807165723897 ] } },
{ "type": "Feature", "properties": { "内容": "湘南なぎさ荘【通所介護】神奈川県藤沢市鵠沼海岸6-17-7藤沢市老人福祉センター湘南なぎさ荘敷地内", "url": "https://www.kaigokensaku.mhlw.go.jp/14/index.php?action_kouhyou_detail_004_kani=true&JigyosyoCd=1472200581-00&ServiceCd=150&Type=search", "url2": "http://kouseien-fu.or.jp/" }, "geometry": { "type": "Point", "coordinates": [ 139.470648799999907, 35.3207907 ] } },
{ "type": "Feature", "properties": { "内容": "特別養護老人ホームみどりの園【通所介護】神奈川県藤沢市小塚370-1", "url": "https://www.kaigokensaku.mhlw.go.jp/14/index.php?action_kouhyou_detail_004_kani=true&JigyosyoCd=1472200896-00&ServiceCd=150&Type=search", "url2": "https://midorinosono.or.jp/" }, "geometry": { "type": "Point", "coordinates": [ 139.505551435582021, 35.334516724746443 ] } },
{ "type": "Feature", "properties": { "内容": "鵠生園デイサービスセンター【通所介護】神奈川県藤沢市片瀬海岸1-7-9", "url": "https://www.kaigokensaku.mhlw.go.jp/14/index.php?action_kouhyou_detail_004_kani=true&JigyosyoCd=1472201076-00&ServiceCd=150&Type=search", "url2": "http://kouseien-fu.or.jp/" }, "geometry": { "type": "Point", "coordinates": [ 139.487575099999958, 35.3085287 ] } },
{ "type": "Feature", "properties": { "内容": "デイサービスセンターこもれび【通所介護】神奈川県藤沢市善行７－６－６サニーレジデンス１０１", "url": "https://www.kaigokensaku.mhlw.go.jp/14/index.php?action_kouhyou_detail_004_kani=true&JigyosyoCd=1472201266-00&ServiceCd=150&Type=search", "url2": "http://lifesupportemu.com/" }, "geometry": { "type": "Point", "coordinates": [ 139.474095700000021, 35.3643002 ] } },
{ "type": "Feature", "properties": { "内容": "ディサービス　ゲンズプラザ【通所介護】神奈川県藤沢市石川字色子４８６２", "url": "https://www.kaigokensaku.mhlw.go.jp/14/index.php?action_kouhyou_detail_004_kani=true&JigyosyoCd=1472201308-00&ServiceCd=150&Type=search", "url2": "https://www.genzu.jp/" }, "geometry": { "type": "Point", "coordinates": [ 139.46464909400936, 35.369892086278874 ] } },
{ "type": "Feature", "properties": { "内容": "デイサービスセンター　かりん【通所介護】神奈川県藤沢市城南1-22-7", "url": "https://www.kaigokensaku.mhlw.go.jp/14/index.php?action_kouhyou_detail_004_kani=true&JigyosyoCd=1472201845-00&ServiceCd=150&Type=search", "url2": "https://www.eijyukai-karin.com/" }, "geometry": { "type": "Point", "coordinates": [ 139.442489499999965, 35.3477761 ] } },
{ "type": "Feature", "properties": { "内容": "デイサービスココファン藤沢【通所介護】神奈川県藤沢市大庭5560-1", "url": "https://www.kaigokensaku.mhlw.go.jp/14/index.php?action_kouhyou_detail_004_kani=true&JigyosyoCd=1472203072-00&ServiceCd=150&Type=search", "url2": "https://www.cocofump.co.jp/facilities/detail/shonan/" }, "geometry": { "type": "Point", "coordinates": [ 139.440925599999986, 35.365046 ] } },
{ "type": "Feature", "properties": { "内容": "デイサービスセンター　グリーンライフ湘南台【通所介護】神奈川県藤沢市石川1816", "url": "https://www.kaigokensaku.mhlw.go.jp/14/index.php?action_kouhyou_detail_004_kani=true&JigyosyoCd=1472203502-00&ServiceCd=150&Type=search", "url2": "https://www.kijyu.or.jp/senior/gl-shonandai/index.html#gl-shonandai01" }, "geometry": { "type": "Point", "coordinates": [ 139.444750199569768, 35.392848858437326 ] } },
{ "type": "Feature", "properties": { "内容": "スマイル湘南台【通所介護】神奈川県藤沢市天神町3-20-7", "url": "https://www.kaigokensaku.mhlw.go.jp/14/index.php?action_kouhyou_detail_004_kani=true&JigyosyoCd=1472203601-00&ServiceCd=150&Type=search", "url2": "http://smile-kaigo.net/publics/index/72/&anchor_link=page72#page72" }, "geometry": { "type": "Point", "coordinates": [ 139.461335500000018, 35.3815449 ] } },
{ "type": "Feature", "properties": { "内容": "聖隷デイサービスセンター藤沢【通所介護】神奈川県藤沢市大庭5526-2", "url": "https://www.kaigokensaku.mhlw.go.jp/14/index.php?action_kouhyou_detail_004_kani=true&JigyosyoCd=1472203742-00&ServiceCd=150&Type=search", "url2": "http://www.seirei.or.jp/welfare/day-service/" }, "geometry": { "type": "Point", "coordinates": [ 139.4482504, 35.3669378 ] } },
{ "type": "Feature", "properties": { "内容": "リハビリデイサービス　ポーラスター鵠沼【通所介護】神奈川県藤沢市鵠沼海岸1丁目3-163階プラッシングウェーブ江の島　3階", "url": "https://www.kaigokensaku.mhlw.go.jp/14/index.php?action_kouhyou_detail_004_kani=true&JigyosyoCd=1472203874-00&ServiceCd=150&Type=search", "url2": "https://polarstar.co.jp/" }, "geometry": { "type": "Point", "coordinates": [ 139.47609280000006, 35.3142776 ] } },
{ "type": "Feature", "properties": { "内容": "リハビリデイサービス　ポーラスター藤沢【通所介護】神奈川県藤沢市南藤沢9-6シャレー藤沢1階", "url": "https://www.kaigokensaku.mhlw.go.jp/14/index.php?action_kouhyou_detail_004_kani=true&JigyosyoCd=1472204401-00&ServiceCd=150&Type=search", "url2": "http://www.polarstar.co.jp/" }, "geometry": { "type": "Point", "coordinates": [ 139.49278620489352, 35.337147165161234 ] } },
{ "type": "Feature", "properties": { "内容": "デイサービス　喜楽家・柄沢【通所介護】神奈川県藤沢市柄沢628-3", "url": "https://www.kaigokensaku.mhlw.go.jp/14/index.php?action_kouhyou_detail_004_kani=true&JigyosyoCd=1472204690-00&ServiceCd=150&Type=search", "url2": null }, "geometry": { "type": "Point", "coordinates": [ 139.499630206082202, 35.356480073269992 ] } },
{ "type": "Feature", "properties": { "内容": "ケアステーションあさひ湘南台【通所介護】神奈川県藤沢市石川1丁目4-8", "url": "https://www.kaigokensaku.mhlw.go.jp/14/index.php?action_kouhyou_detail_004_kani=true&JigyosyoCd=1472204807-00&ServiceCd=150&Type=search", "url2": null }, "geometry": { "type": "Point", "coordinates": [ 139.4530029, 35.3771813 ] } },
{ "type": "Feature", "properties": { "内容": "かがやきデイサービス藤沢本町【通所介護】神奈川県藤沢市藤沢5丁目3番地16号", "url": "https://www.kaigokensaku.mhlw.go.jp/14/index.php?action_kouhyou_detail_004_kani=true&JigyosyoCd=1472204948-00&ServiceCd=150&Type=search", "url2": null }, "geometry": { "type": "Point", "coordinates": [ 139.470659899999987, 35.3571149 ] } },
{ "type": "Feature", "properties": { "内容": "クロスハート湘南台二番館　デイサービス【通所介護】神奈川県藤沢市円行２－２５－１", "url": "https://www.kaigokensaku.mhlw.go.jp/14/index.php?action_kouhyou_detail_004_kani=true&JigyosyoCd=1472205150-00&ServiceCd=150&Type=search", "url2": "http://www.shinkoufukushikai.com/" }, "geometry": { "type": "Point", "coordinates": [ 139.458771500000012, 35.3916409 ] } },
{ "type": "Feature", "properties": { "内容": "デイサービスコンフォータス湘南台【通所介護】神奈川県藤沢市湘南台2-23-2", "url": "https://www.kaigokensaku.mhlw.go.jp/14/index.php?action_kouhyou_detail_004_kani=true&JigyosyoCd=1472205457-00&ServiceCd=150&Type=search", "url2": "http://care-net.co.jp/" }, "geometry": { "type": "Point", "coordinates": [ 139.4640905, 35.3942517 ] } },
{ "type": "Feature", "properties": { "内容": "デイサービス　カラフル【通所介護】神奈川県藤沢市宮前380-1", "url": "https://www.kaigokensaku.mhlw.go.jp/14/index.php?action_kouhyou_detail_004_kani=true&JigyosyoCd=1472205705-00&ServiceCd=150&Type=search", "url2": "http://www.midorinosono.or.jp/" }, "geometry": { "type": "Point", "coordinates": [ 139.508758896958824, 35.334185889984745 ] } },
{ "type": "Feature", "properties": { "内容": "デイサービス　ココファン藤沢SST【通所介護】神奈川県藤沢市辻堂元町6-17-1ココファン藤沢SST", "url": "https://www.kaigokensaku.mhlw.go.jp/14/index.php?action_kouhyou_detail_004_kani=true&JigyosyoCd=1472205713-00&ServiceCd=150&Type=search", "url2": "http://www.cocofump.co.jp/facilities/detail/fujisawasst/" }, "geometry": { "type": "Point", "coordinates": [ 139.463424499999974, 35.3368921 ] } },
{ "type": "Feature", "properties": { "内容": "ミモザ藤沢杏苑ロワール【通所介護】神奈川県藤沢市柄沢2丁目39番地の4", "url": "https://www.kaigokensaku.mhlw.go.jp/14/index.php?action_kouhyou_detail_004_kani=true&JigyosyoCd=1472205796-00&ServiceCd=150&Type=search", "url2": "https://mimoza-care.com/facility/day-service/post-1715/" }, "geometry": { "type": "Point", "coordinates": [ 139.502759800000035, 35.3557239 ] } },
{ "type": "Feature", "properties": { "内容": "リハビリデイサービスポーラスター太平台【通所介護】神奈川県藤沢市辻堂太平台1-17-23", "url": "https://www.kaigokensaku.mhlw.go.jp/14/index.php?action_kouhyou_detail_004_kani=true&JigyosyoCd=1472205812-00&ServiceCd=150&Type=search", "url2": "https://polarstar.co.jp/facility/" }, "geometry": { "type": "Point", "coordinates": [ 139.4619801, 35.3261678 ] } },
{ "type": "Feature", "properties": { "内容": "通所介護事業所　ゴールドエイジ長後【通所介護】神奈川県藤沢市長後706ゴールドエイジ藤沢214", "url": "https://www.kaigokensaku.mhlw.go.jp/14/index.php?action_kouhyou_detail_004_kani=true&JigyosyoCd=1472205838-00&ServiceCd=150&Type=search", "url2": "http://goldage.co.jp/" }, "geometry": { "type": "Point", "coordinates": [ 139.4660513, 35.4149683 ] } },
{ "type": "Feature", "properties": { "内容": "デイサービスセンタ　テルウエル鵠沼【通所介護】神奈川県藤沢市鵠沼松が岡2-3-8ウエリスオリーブ鵠沼松が岡", "url": "https://www.kaigokensaku.mhlw.go.jp/14/index.php?action_kouhyou_detail_004_kani=true&JigyosyoCd=1472205903-00&ServiceCd=150&Type=search", "url2": "https://www.telwel-kaigo.com/" }, "geometry": { "type": "Point", "coordinates": [ 139.479656299999988, 35.3221633 ] } },
{ "type": "Feature", "properties": { "内容": "まごの手社交倶楽部　あさ【通所介護】神奈川県藤沢市石川5-29-8", "url": "https://www.kaigokensaku.mhlw.go.jp/14/index.php?action_kouhyou_detail_004_kani=true&JigyosyoCd=1472206067-00&ServiceCd=150&Type=search", "url2": "https://magonote.co.jp/day_service/" }, "geometry": { "type": "Point", "coordinates": [ 139.4506361, 35.3822056 ] } },
{ "type": "Feature", "properties": { "内容": "デイサービスえん【通所介護】神奈川県藤沢市大庭5137－1", "url": "https://www.kaigokensaku.mhlw.go.jp/14/index.php?action_kouhyou_detail_004_kani=true&JigyosyoCd=1472206117-00&ServiceCd=150&Type=search", "url2": "https://shonannoen.com/fujisawanoen/ds/" }, "geometry": { "type": "Point", "coordinates": [ 139.450147600000037, 35.3587945 ] } },
{ "type": "Feature", "properties": { "内容": "デイサービスセンター福寿ふじさわ遠藤【通所介護】神奈川県藤沢市遠藤字北原2010-18", "url": "https://www.kaigokensaku.mhlw.go.jp/14/index.php?action_kouhyou_detail_004_kani=true&JigyosyoCd=1472206570-00&ServiceCd=150&Type=search", "url2": "https://jala.co.jp" }, "geometry": { "type": "Point", "coordinates": [ 139.441104900000028, 35.3805642 ] } },
{ "type": "Feature", "properties": { "内容": "デイサービスセンターキャンプ【通所介護】神奈川県藤沢市湘南台1-23-19１F", "url": "https://www.kaigokensaku.mhlw.go.jp/14/index.php?action_kouhyou_detail_004_kani=true&JigyosyoCd=1472206588-00&ServiceCd=150&Type=search", "url2": "http://www.basecamp3298.net" }, "geometry": { "type": "Point", "coordinates": [ 139.469742799999949, 35.3934703 ] } },
{ "type": "Feature", "properties": { "内容": "村田会湘南石川デイサービスセンター【通所介護】神奈川県藤沢市石川635-18", "url": "https://www.kaigokensaku.mhlw.go.jp/14/index.php?action_kouhyou_detail_004_kani=true&JigyosyoCd=1472206612-00&ServiceCd=150&Type=search", "url2": "http://www.muratakai.or.jp" }, "geometry": { "type": "Point", "coordinates": [ 139.451733, 35.369572 ] } },
{ "type": "Feature", "properties": { "内容": "片瀬しおさい荘【通所介護】神奈川県藤沢市片瀬4-9-22", "url": "https://www.kaigokensaku.mhlw.go.jp/14/index.php?action_kouhyou_detail_004_kani=true&JigyosyoCd=1472206703-00&ServiceCd=150&Type=search", "url2": "http://www.kijyu.or.jp" }, "geometry": { "type": "Point", "coordinates": [ 139.483701500000052, 35.3154355 ] } },
{ "type": "Feature", "properties": { "内容": "村岡ケアステーション【通所介護】神奈川県藤沢市渡内3-8-60", "url": "https://www.kaigokensaku.mhlw.go.jp/14/index.php?action_kouhyou_detail_004_kani=true&JigyosyoCd=1472206711-00&ServiceCd=150&Type=search", "url2": "https://www.kijyu.or.jp" }, "geometry": { "type": "Point", "coordinates": [ 139.50915, 35.34848010000001 ] } },
{ "type": "Feature", "properties": { "内容": "デイサービスセンターはばたき【通所介護】神奈川県藤沢市湘南台2-25-4中澤第一ビル　1F", "url": "https://www.kaigokensaku.mhlw.go.jp/14/index.php?action_kouhyou_detail_004_kani=true&JigyosyoCd=1472206737-00&ServiceCd=150&Type=search", "url2": "http://seishoukai.net/" }, "geometry": { "type": "Point", "coordinates": [ 139.465161299999977, 35.3928539 ] } },
{ "type": "Feature", "properties": { "内容": "リハビリデイサービス　ポーラスター神明【通所介護】神奈川県藤沢市鵠沼神明3-5-13", "url": "https://www.kaigokensaku.mhlw.go.jp/14/index.php?action_kouhyou_detail_004_kani=true&JigyosyoCd=1472206794-00&ServiceCd=150&Type=search", "url2": "http://www.polarstar.co.jp" }, "geometry": { "type": "Point", "coordinates": [ 139.4705486, 35.3424882 ] } },
{ "type": "Feature", "properties": { "内容": "ツクイ藤沢羽鳥【通所介護】神奈川県藤沢市羽鳥3-17-22", "url": "https://www.kaigokensaku.mhlw.go.jp/14/index.php?action_kouhyou_detail_004_kani=true&JigyosyoCd=1472206968-00&ServiceCd=150&Type=search", "url2": "https://www.tsukui.net" }, "geometry": { "type": "Point", "coordinates": [ 139.45825210000001, 35.3462121 ] } },
{ "type": "Feature", "properties": { "内容": "ツクイ・サンフォレスト藤沢長後【通所介護】神奈川県藤沢市高倉２１１８ディーフェスタ藤沢", "url": "https://www.kaigokensaku.mhlw.go.jp/14/index.php?action_kouhyou_detail_004_kani=true&JigyosyoCd=1472206976-00&ServiceCd=150&Type=search", "url2": "http://www.tsukui.net/" }, "geometry": { "type": "Point", "coordinates": [ 139.4757155, 35.415258 ] } },
{ "type": "Feature", "properties": { "内容": "ツクイ藤沢辻堂西海岸【通所介護】神奈川県藤沢市辻堂西海岸2-12-2", "url": "https://www.kaigokensaku.mhlw.go.jp/14/index.php?action_kouhyou_detail_004_kani=true&JigyosyoCd=1472206984-00&ServiceCd=150&Type=search", "url2": "https://www.tsukui.net/" }, "geometry": { "type": "Point", "coordinates": [ 139.442307758335886, 35.324164956033769 ] } },
{ "type": "Feature", "properties": { "内容": "ツクイ藤沢駅前【通所介護】神奈川県藤沢市鵠沼石上1-13-15", "url": "https://www.kaigokensaku.mhlw.go.jp/14/index.php?action_kouhyou_detail_004_kani=true&JigyosyoCd=1472206992-00&ServiceCd=150&Type=search", "url2": "https://www.tsukui.net/" }, "geometry": { "type": "Point", "coordinates": [ 139.4866288, 35.335387 ] } },
{ "type": "Feature", "properties": { "内容": "デイサービス藤沢　シャンティ【通所介護】神奈川県藤沢市土棚784", "url": "https://www.kaigokensaku.mhlw.go.jp/14/index.php?action_kouhyou_detail_004_kani=true&JigyosyoCd=1472207057-00&ServiceCd=150&Type=search", "url2": "https://plumeria-care.jp/" }, "geometry": { "type": "Point", "coordinates": [ 139.444889418997349, 35.406551009132606 ] } },
{ "type": "Feature", "properties": { "内容": "在宅生活支援型デイサービス　いちばん星【通所介護】神奈川県藤沢市城南２－４－８", "url": "https://www.kaigokensaku.mhlw.go.jp/14/index.php?action_kouhyou_detail_004_kani=true&JigyosyoCd=1472207099-00&ServiceCd=150&Type=search", "url2": "https://www.1-banboshi.jp" }, "geometry": { "type": "Point", "coordinates": [ 139.4487781, 35.348464 ] } },
{ "type": "Feature", "properties": { "内容": "レッツ倶楽部辻堂【通所介護】神奈川県藤沢市辻堂六丁目4番5号高砂セブン1階", "url": "https://www.kaigokensaku.mhlw.go.jp/14/index.php?action_kouhyou_detail_004_kani=true&JigyosyoCd=1472207115-00&ServiceCd=150&Type=search", "url2": "https://www.lets-club.jp/shop/tsujido/" }, "geometry": { "type": "Point", "coordinates": [ 139.44735510000001, 35.3284785 ] } },
{ "type": "Feature", "properties": { "内容": "縁カナーデ片瀬海岸【通所介護】神奈川県藤沢市片瀬海岸2-7-12", "url": "https://www.kaigokensaku.mhlw.go.jp/14/index.php?action_kouhyou_detail_004_kani=true&JigyosyoCd=1472207131-00&ServiceCd=150&Type=search", "url2": "https://enkanade.com" }, "geometry": { "type": "Point", "coordinates": [ 139.4845435, 35.309790300000024 ] } },
{ "type": "Feature", "properties": { "内容": "ツクイ藤沢石川【通所介護】神奈川県藤沢市石川２－３－１４ベルスクウェア１F", "url": "https://www.kaigokensaku.mhlw.go.jp/14/index.php?action_kouhyou_detail_004_kani=true&JigyosyoCd=1472207396-00&ServiceCd=150&Type=search", "url2": "https://www.tsukui.net/home-care/2795" }, "geometry": { "type": "Point", "coordinates": [ 139.453395300000011, 35.3737049 ] } },
{ "type": "Feature", "properties": { "内容": "レコードブック六会【通所介護】神奈川県藤沢市亀井野3-1-1ヒルサイド湘南1階", "url": "https://www.kaigokensaku.mhlw.go.jp/14/index.php?action_kouhyou_detail_004_kani=true&JigyosyoCd=1472207404-00&ServiceCd=150&Type=search", "url2": "https://www.kokorobiz.jp/" }, "geometry": { "type": "Point", "coordinates": [ 139.474988, 35.3836591 ] } },
{ "type": "Feature", "properties": { "内容": "コンパスウォーク石川【通所介護】神奈川県藤沢市石川6丁目26-9桐原ハイツ1F", "url": "https://www.kaigokensaku.mhlw.go.jp/14/index.php?action_kouhyou_detail_004_kani=true&JigyosyoCd=1472207412-00&ServiceCd=150&Type=search", "url2": "https://keigo-group.co.jp/shop/kanagawaken/20141/" }, "geometry": { "type": "Point", "coordinates": [ 139.450610899999987, 35.3894435 ] } },
{ "type": "Feature", "properties": { "内容": "早稲田イーライフ藤沢長後【通所介護】神奈川県藤沢市長後1061-31階", "url": "https://www.kaigokensaku.mhlw.go.jp/14/index.php?action_kouhyou_detail_004_kani=true&JigyosyoCd=1472204435-00&ServiceCd=150&Type=search", "url2": null }, "geometry": { "type": "Point", "coordinates": [ 139.469270482209026, 35.42042289244133 ] } },
{ "type": "Feature", "properties": { "内容": "クロスハート本鵠沼・藤沢【通所介護】神奈川県藤沢市本鵠沼3-11-39", "url": "https://www.kaigokensaku.mhlw.go.jp/14/index.php?action_kouhyou_detail_004_kani=true&JigyosyoCd=1472202231-00&ServiceCd=150&Type=search", "url2": "https://www.shinkoufukushikai.com/" }, "geometry": { "type": "Point", "coordinates": [ 139.470062800000051, 35.3305428 ] } },
{ "type": "Feature", "properties": { "内容": "デイサービス　ココファン弥勒寺【通所介護】神奈川県藤沢市弥勒寺1-23-10", "url": "https://www.kaigokensaku.mhlw.go.jp/14/index.php?action_kouhyou_detail_004_kani=true&JigyosyoCd=1472206752-00&ServiceCd=150&Type=search", "url2": "https://www.cocofump.co.jp/" }, "geometry": { "type": "Point", "coordinates": [ 139.498664269975279, 35.339435832604103 ] } },
{ "type": "Feature", "properties": { "内容": "デイサービスセンター福寿ふじさわ長後【通所介護】神奈川県藤沢市長後1163-2", "url": "https://www.kaigokensaku.mhlw.go.jp/14/index.php?action_kouhyou_detail_004_kani=true&JigyosyoCd=1472207701-00&ServiceCd=150&Type=search", "url2": "https://jala.co.jp" }, "geometry": { "type": "Point", "coordinates": [ 139.4681393, 35.4216291 ] } },
{ "type": "Feature", "properties": { "内容": "へいあん亀井野　デイサービスセンター【通所介護】神奈川県藤沢市亀井野3286", "url": "https://www.kaigokensaku.mhlw.go.jp/14/index.php?action_kouhyou_detail_004_kani=true&JigyosyoCd=1472202546-00&ServiceCd=150&Type=search", "url2": "http://www.heian-homecare.jp/" }, "geometry": { "type": "Point", "coordinates": [ 139.479678599999943, 35.3681944 ] } },
{ "type": "Feature", "properties": { "内容": "デイリハセンターひまわり　湘南台【通所介護】神奈川県藤沢市湘南台4-7-1ミラドーレ湘南台　101号室", "url": "https://www.kaigokensaku.mhlw.go.jp/14/index.php?action_kouhyou_detail_004_kani=true&JigyosyoCd=1472204070-00&ServiceCd=150&Type=search", "url2": "https://www.s-carelife.com" }, "geometry": { "type": "Point", "coordinates": [ 139.462328020569913, 35.39951388227589 ] } },
{ "type": "Feature", "properties": { "内容": "デイサービスセンター　ケアサポートふじさわ【通所介護】神奈川県藤沢市大庭5321-2", "url": "https://www.kaigokensaku.mhlw.go.jp/14/index.php?action_kouhyou_detail_004_kani=true&JigyosyoCd=1472205242-00&ServiceCd=150&Type=search", "url2": "https://www.care-support.biz/facilities/fujisawa/" }, "geometry": { "type": "Point", "coordinates": [ 139.440090326389281, 35.360354014658959 ] } },
{ "type": "Feature", "properties": { "内容": "リフシア鵠沼海岸デイサービス【通所介護】神奈川県藤沢市鵠沼海岸7-5-22", "url": "https://www.kaigokensaku.mhlw.go.jp/14/index.php?action_kouhyou_detail_004_kani=true&JigyosyoCd=1472205283-00&ServiceCd=150&Type=search", "url2": "https://lifsea.co.jp/" }, "geometry": { "type": "Point", "coordinates": [ 139.4691239, 35.3270541 ] } },
{ "type": "Feature", "properties": { "内容": "ココファン健康リハかえる湘南台【通所介護】神奈川県藤沢市高倉457-1", "url": "https://www.kaigokensaku.mhlw.go.jp/14/index.php?action_kouhyou_detail_004_kani=true&JigyosyoCd=1472205291-00&ServiceCd=150&Type=search", "url2": "https://www.cocofump.co.jp" }, "geometry": { "type": "Point", "coordinates": [ 139.467062400000032, 35.4053669 ] } },
{ "type": "Feature", "properties": { "内容": "デイリハセンターひまわり　善行【通所介護】神奈川県藤沢市善行2-26-18クエスタ・デル・ラモスⅡ　1F", "url": "https://www.kaigokensaku.mhlw.go.jp/14/index.php?action_kouhyou_detail_004_kani=true&JigyosyoCd=1472206240-00&ServiceCd=150&Type=search", "url2": "http://www.s-carelife.com" }, "geometry": { "type": "Point", "coordinates": [ 139.467788, 35.3655666 ] } },
{ "type": "Feature", "properties": { "内容": "SOMPOケア　ハッピーデイズ藤沢大庭【通所介護】神奈川県藤沢市大庭5131-1", "url": "https://www.kaigokensaku.mhlw.go.jp/14/index.php?action_kouhyou_detail_004_kani=true&JigyosyoCd=1472206307-00&ServiceCd=150&Type=search", "url2": "https://www.sompocare.com" }, "geometry": { "type": "Point", "coordinates": [ 139.447111599999971, 35.3587694 ] } },
{ "type": "Feature", "properties": { "内容": "ＳＯＭＰＯケア　ハッピーデイズ湘南台【通所介護】神奈川県藤沢市湘南台4-26-1", "url": "https://www.kaigokensaku.mhlw.go.jp/14/index.php?action_kouhyou_detail_004_kani=true&JigyosyoCd=1472206315-00&ServiceCd=150&Type=search", "url2": "https://www.sompocare.com" }, "geometry": { "type": "Point", "coordinates": [ 139.463920899999948, 35.4015924 ] } },
{ "type": "Feature", "properties": { "内容": "ALOHA工房【通所介護】神奈川県藤沢市川名256番地13ナーサリー湘南201", "url": "https://www.kaigokensaku.mhlw.go.jp/14/index.php?action_kouhyou_detail_004_kani=true&JigyosyoCd=1472206398-00&ServiceCd=150&Type=search", "url2": "https://ohana-care.co.jp" }, "geometry": { "type": "Point", "coordinates": [ 139.494832699999961, 35.3329988 ] } },
{ "type": "Feature", "properties": { "内容": "サンライズ・ヴィラ藤沢六会　デイサービスセンター【通所介護】神奈川県藤沢市亀井野259-1", "url": "https://www.kaigokensaku.mhlw.go.jp/14/index.php?action_kouhyou_detail_004_kani=true&JigyosyoCd=1472206422-00&ServiceCd=150&Type=search", "url2": "https://www.like-cn.co.jp/" }, "geometry": { "type": "Point", "coordinates": [ 139.473012199999971, 35.3881304 ] } },
{ "type": "Feature", "properties": { "内容": "デイサービスセンターCLASSYCAMP【通所介護】神奈川県藤沢市下土棚1703-2　１Fコートヴィラ", "url": "https://www.kaigokensaku.mhlw.go.jp/14/index.php?action_kouhyou_detail_004_kani=true&JigyosyoCd=1472207537-00&ServiceCd=150&Type=search", "url2": "http://www.basecamp3298.net." }, "geometry": { "type": "Point", "coordinates": [ 139.453716, 35.405964 ] } },
{ "type": "Feature", "properties": { "内容": "パナソニックエイジフリーケアセンター湘南ライフタウン・デイサービス【通所介護】神奈川県藤沢市遠藤622-3", "url": "https://www.kaigokensaku.mhlw.go.jp/14/index.php?action_kouhyou_detail_004_kani=true&JigyosyoCd=1472205531-00&ServiceCd=150&Type=search", "url2": "http://sumai.panasonic.jp/agefree/map/detail.php?id=278" }, "geometry": { "type": "Point", "coordinates": [ 139.435048, 35.3694562 ] } },
{ "type": "Feature", "properties": { "内容": "藤沢富士白苑居宅介護支援センター【通所介護】神奈川県藤沢市長後2722-1", "url": "https://www.kaigokensaku.mhlw.go.jp/14/index.php?action_kouhyou_detail_004_kani=true&JigyosyoCd=1472204021-00&ServiceCd=150&Type=search", "url2": "https://www.fujishiroen.or.jp/fujisawa/" }, "geometry": { "type": "Point", "coordinates": [ 139.451102200000037, 35.4231946 ] } },
{ "type": "Feature", "properties": { "内容": "シンシア藤沢デイサービス【通所介護】神奈川県藤沢市柄沢2-5-25", "url": "https://www.kaigokensaku.mhlw.go.jp/14/index.php?action_kouhyou_detail_004_kani=true&JigyosyoCd=1472205192-00&ServiceCd=150&Type=search", "url2": "https://www.sincere-gri.com/" }, "geometry": { "type": "Point", "coordinates": [ 139.49890116376821, 35.353307005396374 ] } },
{ "type": "Feature", "properties": { "内容": "デイリハセンターひまわり　藤沢【通所介護】神奈川県藤沢市藤沢545-51ライオンズマンション湘南藤沢1階C区画", "url": "https://www.kaigokensaku.mhlw.go.jp/14/index.php?action_kouhyou_detail_004_kani=true&JigyosyoCd=1472205408-00&ServiceCd=150&Type=search", "url2": "https://www.s-carelife.com/" }, "geometry": { "type": "Point", "coordinates": [ 139.485338299999967, 35.3420791 ] } },
{ "type": "Feature", "properties": { "内容": "ニッショウスマイルステーション湘南台【通所介護】神奈川県藤沢市湘南台6-33-16神山ビル1階", "url": "https://www.kaigokensaku.mhlw.go.jp/14/index.php?action_kouhyou_detail_004_kani=true&JigyosyoCd=1472206141-00&ServiceCd=150&Type=search", "url2": "http://www.nissho-inc.com/ss_shonandai.html" }, "geometry": { "type": "Point", "coordinates": [ 139.4698918, 35.4001121 ] } },
{ "type": "Feature", "properties": { "内容": "運動特化型デイサービス『Dance!』【通所介護】神奈川県藤沢市石川4-27-4", "url": "https://www.kaigokensaku.mhlw.go.jp/14/index.php?action_kouhyou_detail_004_kani=true&JigyosyoCd=1472207750-00&ServiceCd=150&Type=search", "url2": null }, "geometry": { "type": "Point", "coordinates": [ 139.4441429, 35.3762906 ] } },
{ "type": "Feature", "properties": { "内容": "医療法人順神会　デイサービスセンター　ラウンジヒル湘南台【通所介護】神奈川県藤沢市円行1-13-17", "url": "https://www.kaigokensaku.mhlw.go.jp/14/index.php?action_kouhyou_detail_004_kani=true&JigyosyoCd=1472205507-00&ServiceCd=150&Type=search", "url2": "http://www.lounge-hill.com/with_service/" }, "geometry": { "type": "Point", "coordinates": [ 139.457713399999989, 35.3881885 ] } },
{ "type": "Feature", "properties": { "内容": "カルチャーリゾート小田原【通所介護】神奈川県小田原市成田１３６－７", "url": "https://www.kaigokensaku.mhlw.go.jp/14/index.php?action_kouhyou_detail_004_kani=true&JigyosyoCd=1472303971-00&ServiceCd=150&Type=search", "url2": "https://the-kenkoukan.com/" }, "geometry": { "type": "Point", "coordinates": [ 139.168047800000011, 35.2870355 ] } },
{ "type": "Feature", "properties": { "内容": "早川高齢者ふれあいセンター【通所介護】神奈川県小田原市早川853番地", "url": "https://www.kaigokensaku.mhlw.go.jp/14/index.php?action_kouhyou_detail_004_kani=true&JigyosyoCd=1472300027-00&ServiceCd=150&Type=search", "url2": "http://www.seisyou.or.jp" }, "geometry": { "type": "Point", "coordinates": [ 139.144294834393349, 35.239225446736846 ] } },
{ "type": "Feature", "properties": { "内容": "ルビーセンター【通所介護】神奈川県小田原市曽我光海２番１", "url": "https://www.kaigokensaku.mhlw.go.jp/14/index.php?action_kouhyou_detail_004_kani=true&JigyosyoCd=1472300050-00&ServiceCd=150&Type=search", "url2": "https://rubyhome.or.jp" }, "geometry": { "type": "Point", "coordinates": [ 139.181912099999977, 35.3001985 ] } },
{ "type": "Feature", "properties": { "内容": "陽光の園　介護サ－ビスセンタ－【通所介護】神奈川県小田原市入生田475番地", "url": "https://www.kaigokensaku.mhlw.go.jp/14/index.php?action_kouhyou_detail_004_kani=true&JigyosyoCd=1472300068-00&ServiceCd=150&Type=search", "url2": "https://kanagawa-koureikyo.or.jp/tyoujyu/youkou/day/index.html" }, "geometry": { "type": "Point", "coordinates": [ 139.118072881089802, 35.241989200456899 ] } },
{ "type": "Feature", "properties": { "内容": "ニチイケアセンター小田原【通所介護】神奈川県小田原市曽比３１７０－２", "url": "https://www.kaigokensaku.mhlw.go.jp/14/index.php?action_kouhyou_detail_004_kani=true&JigyosyoCd=1472300209-00&ServiceCd=150&Type=search", "url2": "https://www.nichii-kaigo.jp/base/base-result/05D44/" }, "geometry": { "type": "Point", "coordinates": [ 139.135024899999962, 35.3096401 ] } },
{ "type": "Feature", "properties": { "内容": "小田原市鴨宮ケアセンター【通所介護】神奈川県小田原市南鴨宮2-27-19", "url": "https://www.kaigokensaku.mhlw.go.jp/14/index.php?action_kouhyou_detail_004_kani=true&JigyosyoCd=1472300217-00&ServiceCd=150&Type=search", "url2": "https://junseien.jp/" }, "geometry": { "type": "Point", "coordinates": [ 139.17744760000005, 35.2715193 ] } },
{ "type": "Feature", "properties": { "内容": "デイサービスセンター　元気【通所介護】神奈川県小田原市栄町4-8-5", "url": "https://www.kaigokensaku.mhlw.go.jp/14/index.php?action_kouhyou_detail_004_kani=true&JigyosyoCd=1472300944-00&ServiceCd=150&Type=search", "url2": "http://www.day-genki.jp/" }, "geometry": { "type": "Point", "coordinates": [ 139.161811700000044, 35.255929 ] } },
{ "type": "Feature", "properties": { "内容": "ＨＳＡデイサービス　めだかの学校　五百羅漢【通所介護】神奈川県小田原市扇町5-11-21", "url": "https://www.kaigokensaku.mhlw.go.jp/14/index.php?action_kouhyou_detail_004_kani=true&JigyosyoCd=1472301405-00&ServiceCd=150&Type=search", "url2": "https://www.hsa-w.co.jp/" }, "geometry": { "type": "Point", "coordinates": [ 139.155075099999976, 35.2758013 ] } },
{ "type": "Feature", "properties": { "内容": "Well【通所介護】神奈川県小田原市久野469三栄ビル1階", "url": "https://www.kaigokensaku.mhlw.go.jp/14/index.php?action_kouhyou_detail_004_kani=true&JigyosyoCd=1472301710-00&ServiceCd=150&Type=search", "url2": "https://ashigara-reha.jp/well/" }, "geometry": { "type": "Point", "coordinates": [ 139.145531900000037, 35.2683438 ] } },
{ "type": "Feature", "properties": { "内容": "デイサービス古清水【通所介護】神奈川県小田原市本町３－５－２７", "url": "https://www.kaigokensaku.mhlw.go.jp/14/index.php?action_kouhyou_detail_004_kani=true&JigyosyoCd=1472301819-00&ServiceCd=150&Type=search", "url2": "http://the-kenkoukan.com" }, "geometry": { "type": "Point", "coordinates": [ 139.160756699999979, 35.2484521 ] } },
{ "type": "Feature", "properties": { "内容": "リハビリセンターＦＵＫＵＭＯＴＯ【通所介護】神奈川県小田原市西酒匂3-6-18", "url": "https://www.kaigokensaku.mhlw.go.jp/14/index.php?action_kouhyou_detail_004_kani=true&JigyosyoCd=1472301975-00&ServiceCd=150&Type=search", "url2": "http://www.fukumoto-shinkyuuseikotsuin.com/group_rihabili.html" }, "geometry": { "type": "Point", "coordinates": [ 139.183653750926169, 35.274292969153755 ] } },
{ "type": "Feature", "properties": { "内容": "ニコニコハウス　栢山【通所介護】神奈川県小田原市栢山　152-1", "url": "https://www.kaigokensaku.mhlw.go.jp/14/index.php?action_kouhyou_detail_004_kani=true&JigyosyoCd=1472302155-00&ServiceCd=150&Type=search", "url2": null }, "geometry": { "type": "Point", "coordinates": [ 139.1460376, 35.31274 ] } },
{ "type": "Feature", "properties": { "内容": "潤生園　みんなの家　ほりのうち通所介護【通所介護】神奈川県小田原市堀之内7-1中嶋ビル", "url": "https://www.kaigokensaku.mhlw.go.jp/14/index.php?action_kouhyou_detail_004_kani=true&JigyosyoCd=1472302981-00&ServiceCd=150&Type=search", "url2": "https://junseien.jp/" }, "geometry": { "type": "Point", "coordinates": [ 139.149617843408237, 35.294620455794323 ] } },
{ "type": "Feature", "properties": { "内容": "エミーズ鴨宮【通所介護】神奈川県小田原市鴨宮771-1", "url": "https://www.kaigokensaku.mhlw.go.jp/14/index.php?action_kouhyou_detail_004_kani=true&JigyosyoCd=1472303567-00&ServiceCd=150&Type=search", "url2": "https://www.sunlife.jp/emmys/kamonomiya/index.html" }, "geometry": { "type": "Point", "coordinates": [ 139.1742567, 35.2796229 ] } },
{ "type": "Feature", "properties": { "内容": "ニコニコハウス東町【通所介護】神奈川県小田原市東町5－2－8", "url": "https://www.kaigokensaku.mhlw.go.jp/14/index.php?action_kouhyou_detail_004_kani=true&JigyosyoCd=1472303591-00&ServiceCd=150&Type=search", "url2": "http://life-serve.com/" }, "geometry": { "type": "Point", "coordinates": [ 139.406558700000033, 35.8302066 ] } },
{ "type": "Feature", "properties": { "内容": "デイサービスセンター福寿おだわら堀之内【通所介護】神奈川県小田原市堀之内10-5デイサービスセンター福寿おだわら堀之内", "url": "https://www.kaigokensaku.mhlw.go.jp/14/index.php?action_kouhyou_detail_004_kani=true&JigyosyoCd=1472303609-00&ServiceCd=150&Type=search", "url2": "https://fuku-kaigo.jala.co.jp/jrh/odawara-horinouchi/" }, "geometry": { "type": "Point", "coordinates": [ 139.148873224976882, 35.294829876320755 ] } },
{ "type": "Feature", "properties": { "内容": "ツクイ小田原【通所介護】神奈川県小田原市飯泉1432-1", "url": "https://www.kaigokensaku.mhlw.go.jp/14/index.php?action_kouhyou_detail_004_kani=true&JigyosyoCd=1472303658-00&ServiceCd=150&Type=search", "url2": "https://www.tsukui.net/home-care/2012/" }, "geometry": { "type": "Point", "coordinates": [ 139.1643775, 35.2820671 ] } },
{ "type": "Feature", "properties": { "内容": "ツクイ小田原鴨宮【通所介護】神奈川県小田原市下堀109-3", "url": "https://www.kaigokensaku.mhlw.go.jp/14/index.php?action_kouhyou_detail_004_kani=true&JigyosyoCd=1472303666-00&ServiceCd=150&Type=search", "url2": "https://www.tsukui.net" }, "geometry": { "type": "Point", "coordinates": [ 139.180019900000019, 35.289423599999985 ] } },
{ "type": "Feature", "properties": { "内容": "デイサービス　ふれあい【通所介護】神奈川県小田原市小八幡2-27-1", "url": "https://www.kaigokensaku.mhlw.go.jp/14/index.php?action_kouhyou_detail_004_kani=true&JigyosyoCd=1472303781-00&ServiceCd=150&Type=search", "url2": "https://konofuku.co.jp/" }, "geometry": { "type": "Point", "coordinates": [ 139.1979634, 35.2711073 ] } },
{ "type": "Feature", "properties": { "内容": "デイサービスセンター福寿おだわら飯田岡【通所介護】神奈川県小田原市飯田岡597-1デイサービスセンター福寿おだわら飯田岡", "url": "https://www.kaigokensaku.mhlw.go.jp/14/index.php?action_kouhyou_detail_004_kani=true&JigyosyoCd=1472303633-00&ServiceCd=150&Type=search", "url2": "https://fuku-kaigo.jala.co.jp/jrh/odawara-iidaoka/" }, "geometry": { "type": "Point", "coordinates": [ 139.138904752539815, 35.288074757527838 ] } },
{ "type": "Feature", "properties": { "内容": "ふらっと【通所介護】神奈川県小田原市堀之内253-1", "url": "https://www.kaigokensaku.mhlw.go.jp/14/index.php?action_kouhyou_detail_004_kani=true&JigyosyoCd=1472301207-00&ServiceCd=150&Type=search", "url2": "https://ashigara-reha.jp/furatto/" }, "geometry": { "type": "Point", "coordinates": [ 139.145271900000012, 35.2970478 ] } },
{ "type": "Feature", "properties": { "内容": "潤生園在宅介護総合センターれんげの里通所介護【通所介護】神奈川県小田原市蓮正寺997-1", "url": "https://www.kaigokensaku.mhlw.go.jp/14/index.php?action_kouhyou_detail_004_kani=true&JigyosyoCd=1472301298-00&ServiceCd=150&Type=search", "url2": "http://junseien.jp/dayservice/" }, "geometry": { "type": "Point", "coordinates": [ 139.148525100000029, 35.2848331 ] } },
{ "type": "Feature", "properties": { "内容": "HSAデイサービス　めだかの学校　桑原【通所介護】神奈川県小田原市桑原34-4", "url": "https://www.kaigokensaku.mhlw.go.jp/14/index.php?action_kouhyou_detail_004_kani=true&JigyosyoCd=1472301744-00&ServiceCd=150&Type=search", "url2": "https://www.hsa-w.co.jp/" }, "geometry": { "type": "Point", "coordinates": [ 139.161636899999962, 35.2972705 ] } },
{ "type": "Feature", "properties": { "内容": "ニチイケアセンター西湘【通所介護】神奈川県小田原市成田222-1", "url": "https://www.kaigokensaku.mhlw.go.jp/14/index.php?action_kouhyou_detail_004_kani=true&JigyosyoCd=1472302361-00&ServiceCd=150&Type=search", "url2": "http://www.nichii-kaigo.jp/base/base-result/05M57/" }, "geometry": { "type": "Point", "coordinates": [ 139.168897126983666, 35.2894930839499 ] } },
{ "type": "Feature", "properties": { "内容": "あいわ　さくら館【通所介護】神奈川県小田原市西酒匂1-3-11", "url": "https://www.kaigokensaku.mhlw.go.jp/14/index.php?action_kouhyou_detail_004_kani=true&JigyosyoCd=1472303385-00&ServiceCd=150&Type=search", "url2": "https://aiwa-kaigo.jimdo.com" }, "geometry": { "type": "Point", "coordinates": [ 139.181794800000034, 35.2661062 ] } },
{ "type": "Feature", "properties": { "内容": "ケアステーションあさひ小田原あしがら【通所介護】神奈川県小田原市多古304-1", "url": "https://www.kaigokensaku.mhlw.go.jp/14/index.php?action_kouhyou_detail_004_kani=true&JigyosyoCd=1472303492-00&ServiceCd=150&Type=search", "url2": "http://www.vati.co.jp/" }, "geometry": { "type": "Point", "coordinates": [ 139.1532307, 35.2775621 ] } },
{ "type": "Feature", "properties": { "内容": "HSAデイサービスめだかの学校曽比【通所介護】神奈川県小田原市曽比２１３５－１", "url": "https://www.kaigokensaku.mhlw.go.jp/14/index.php?action_kouhyou_detail_004_kani=true&JigyosyoCd=1472303898-00&ServiceCd=150&Type=search", "url2": "https://www.hsa-w.co.jp/" }, "geometry": { "type": "Point", "coordinates": [ 139.139838, 35.315722 ] } },
{ "type": "Feature", "properties": { "内容": "ブルーミングケア小田原浜町【通所介護】神奈川県小田原市浜町3丁目12番25号", "url": "https://www.kaigokensaku.mhlw.go.jp/14/index.php?action_kouhyou_detail_004_kani=true&JigyosyoCd=1472303955-00&ServiceCd=150&Type=search", "url2": "https://yahiro-hd.com/shinplace/" }, "geometry": { "type": "Point", "coordinates": [ 139.1655745, 35.2521101 ] } },
{ "type": "Feature", "properties": { "内容": "ＨＳＡデイサービス　めだかの学校　飯泉【通所介護】神奈川県小田原市飯泉字吉添1203-8HSA　デイサービスめだかの学校　飯泉", "url": "https://www.kaigokensaku.mhlw.go.jp/14/index.php?action_kouhyou_detail_004_kani=true&JigyosyoCd=1472302395-00&ServiceCd=150&Type=search", "url2": "https://hsakyujin.wixsite.com/day-service/blank" }, "geometry": { "type": "Point", "coordinates": [ 139.164651400000054, 35.2815369 ] } },
{ "type": "Feature", "properties": { "内容": "「銀の鈴」こゆるぎ【通所介護】神奈川県小田原市板橋154", "url": "https://www.kaigokensaku.mhlw.go.jp/14/index.php?action_kouhyou_detail_004_kani=true&JigyosyoCd=1472302478-00&ServiceCd=150&Type=search", "url2": "http://gin-no-suzu.jp/amu/" }, "geometry": { "type": "Point", "coordinates": [ 139.144218224502197, 35.245588983566137 ] } },
{ "type": "Feature", "properties": { "内容": "社会福祉法人　麗寿会　ふれあいの森【通所介護】神奈川県茅ケ崎市下寺尾１９２８", "url": "https://www.kaigokensaku.mhlw.go.jp/14/index.php?action_kouhyou_detail_004_kani=true&JigyosyoCd=1472400033-00&ServiceCd=150&Type=search", "url2": "https://www.reijukai.or.jp/" }, "geometry": { "type": "Point", "coordinates": [ 139.4105988, 35.3649554 ] } },
{ "type": "Feature", "properties": { "内容": "居宅介護支援センター松林【通所介護】神奈川県茅ケ崎市松林3-9-28", "url": "https://www.kaigokensaku.mhlw.go.jp/14/index.php?action_kouhyou_detail_004_kani=true&JigyosyoCd=1472400074-00&ServiceCd=150&Type=search", "url2": "https://www.chigasaki-keijukai.com/shorin/" }, "geometry": { "type": "Point", "coordinates": [ 139.426828800000067, 35.3461757 ] } },
{ "type": "Feature", "properties": { "内容": "元町ケアセンター【通所介護】神奈川県茅ケ崎市元町１０ー３３", "url": "https://www.kaigokensaku.mhlw.go.jp/14/index.php?action_kouhyou_detail_004_kani=true&JigyosyoCd=1472400512-00&ServiceCd=150&Type=search", "url2": "http://www.reijukai.or.jp/motomachi_top.php" }, "geometry": { "type": "Point", "coordinates": [ 139.4097799, 35.3331988 ] } },
{ "type": "Feature", "properties": { "内容": "翔の会　萩園ケアセンター通所介護【通所介護】神奈川県茅ケ崎市萩園1215-4", "url": "https://www.kaigokensaku.mhlw.go.jp/14/index.php?action_kouhyou_detail_004_kani=true&JigyosyoCd=1472400546-00&ServiceCd=150&Type=search", "url2": "https://syonokai.jp/sisetu/hagizono-carecenter.html" }, "geometry": { "type": "Point", "coordinates": [ 139.378401100000019, 35.3449791 ] } },
{ "type": "Feature", "properties": { "内容": "ニッショウ　スマイルステーション茅ヶ崎【通所介護】神奈川県茅ケ崎市西久保2008-1グランドビュー茅ヶ崎104", "url": "https://www.kaigokensaku.mhlw.go.jp/14/index.php?action_kouhyou_detail_004_kani=true&JigyosyoCd=1472401155-00&ServiceCd=150&Type=search", "url2": "https://www.nissho-inc.com/ss_chigasaki.html" }, "geometry": { "type": "Point", "coordinates": [ 139.4009744, 35.3501487 ] } },
{ "type": "Feature", "properties": { "内容": "デイサービスセンターつるみね【通所介護】神奈川県茅ケ崎市西久保５９６", "url": "https://www.kaigokensaku.mhlw.go.jp/14/index.php?action_kouhyou_detail_004_kani=true&JigyosyoCd=1472401163-00&ServiceCd=150&Type=search", "url2": "https://tokuyouturumine.com" }, "geometry": { "type": "Point", "coordinates": [ 139.391747200000026, 35.3446157 ] } },
{ "type": "Feature", "properties": { "内容": "デイサービスセンター　湘南くすの木【通所介護】神奈川県茅ヶ崎市松林3-4-6", "url": "https://www.kaigokensaku.mhlw.go.jp/14/index.php?action_kouhyou_detail_004_kani=true&JigyosyoCd=1472401320-00&ServiceCd=150&Type=search", "url2": "https://www.shonankusunoki.jp/デイサービス湘南くすの木" }, "geometry": { "type": "Point", "coordinates": [ 139.424445600000013, 35.3456674 ] } },
{ "type": "Feature", "properties": { "内容": "セントケア茅ヶ崎デイサービスセンター【通所介護】神奈川県茅ヶ崎市共恵1-16-16", "url": "https://www.kaigokensaku.mhlw.go.jp/14/index.php?action_kouhyou_detail_004_kani=true&JigyosyoCd=1472401551-00&ServiceCd=150&Type=search", "url2": "http://www.saintc-k.com/" }, "geometry": { "type": "Point", "coordinates": [ 139.398869900000022, 35.326549 ] } },
{ "type": "Feature", "properties": { "内容": "福寿草デイサービス【通所介護】神奈川県茅ケ崎市萩園２１１４－７９", "url": "https://www.kaigokensaku.mhlw.go.jp/14/index.php?action_kouhyou_detail_004_kani=true&JigyosyoCd=1472401643-00&ServiceCd=150&Type=search", "url2": "http://www.fukujuso6685.com/" }, "geometry": { "type": "Point", "coordinates": [ 139.385131099999967, 35.3411659 ] } },
{ "type": "Feature", "properties": { "内容": "ニッショウ　スマイルステーション辻堂【通所介護】神奈川県茅ヶ崎市赤松町４－３０ホソヤビル１階", "url": "https://www.kaigokensaku.mhlw.go.jp/14/index.php?action_kouhyou_detail_004_kani=true&JigyosyoCd=1472401726-00&ServiceCd=150&Type=search", "url2": "http://www.nissho-inc.com" }, "geometry": { "type": "Point", "coordinates": [ 139.440147900000056, 35.3397021 ] } },
{ "type": "Feature", "properties": { "内容": "ツクイ茅ヶ崎室田【通所介護】神奈川県茅ケ崎市室田2-14-12", "url": "https://www.kaigokensaku.mhlw.go.jp/14/index.php?action_kouhyou_detail_004_kani=true&JigyosyoCd=1472403086-00&ServiceCd=150&Type=search", "url2": "https://www.tsukui.net/" }, "geometry": { "type": "Point", "coordinates": [ 139.4205772, 35.3428633 ] } },
{ "type": "Feature", "properties": { "内容": "デイリハセンターひまわり　茅ヶ崎【通所介護】神奈川県茅ヶ崎市浜須賀3-26ハイツ平和1階", "url": "https://www.kaigokensaku.mhlw.go.jp/14/index.php?action_kouhyou_detail_004_kani=true&JigyosyoCd=1472403128-00&ServiceCd=150&Type=search", "url2": "http://www.s-carelife.com" }, "geometry": { "type": "Point", "coordinates": [ 139.431506425564578, 35.325390496059391 ] } },
{ "type": "Feature", "properties": { "内容": "ブルーミングケア茅ヶ崎萩園【通所介護】神奈川県茅ケ崎市萩園2363-1", "url": "https://www.kaigokensaku.mhlw.go.jp/14/index.php?action_kouhyou_detail_004_kani=true&JigyosyoCd=1472403185-00&ServiceCd=150&Type=search", "url2": "https://bmc-chigasaki.com/" }, "geometry": { "type": "Point", "coordinates": [ 139.3808749, 35.3384327 ] } },
{ "type": "Feature", "properties": { "内容": "かがやきデイサービス茅ヶ崎【通所介護】神奈川県茅ヶ崎市元町11-8", "url": "https://www.kaigokensaku.mhlw.go.jp/14/index.php?action_kouhyou_detail_004_kani=true&JigyosyoCd=1472403201-00&ServiceCd=150&Type=search", "url2": "https://www.ymmd.co.jp" }, "geometry": { "type": "Point", "coordinates": [ 139.4105477, 35.3337489 ] } },
{ "type": "Feature", "properties": { "内容": "ニッショウ　グッドウォーク【通所介護】神奈川県茅ヶ崎市共恵2-5-48", "url": "https://www.kaigokensaku.mhlw.go.jp/14/index.php?action_kouhyou_detail_004_kani=true&JigyosyoCd=1472403268-00&ServiceCd=150&Type=search", "url2": "https://www.nissho-inc.com/goodwalk.html" }, "geometry": { "type": "Point", "coordinates": [ 139.399772, 35.3263595 ] } },
{ "type": "Feature", "properties": { "内容": "らいおんハートリハビリデイサービス茅ヶ崎【通所介護】神奈川県茅ヶ崎市小和田2-3-35", "url": "https://www.kaigokensaku.mhlw.go.jp/14/index.php?action_kouhyou_detail_004_kani=true&JigyosyoCd=1472403284-00&ServiceCd=150&Type=search", "url2": "https://lion-heart.co/shops/day_service_chigasaki/" }, "geometry": { "type": "Point", "coordinates": [ 139.4327084, 35.3402005 ] } },
{ "type": "Feature", "properties": { "内容": "リハプロ茅ヶ崎【通所介護】神奈川県茅ヶ崎市中海岸2-8-27", "url": "https://www.kaigokensaku.mhlw.go.jp/14/index.php?action_kouhyou_detail_004_kani=true&JigyosyoCd=1472403318-00&ServiceCd=150&Type=search", "url2": null }, "geometry": { "type": "Point", "coordinates": [ 139.4009649, 35.3229947 ] } },
{ "type": "Feature", "properties": { "内容": "特別養護老人ホーム湘南ベルサイド【通所介護】神奈川県茅ケ崎市中島７３６－１", "url": "https://www.kaigokensaku.mhlw.go.jp/14/index.php?action_kouhyou_detail_004_kani=true&JigyosyoCd=1472400439-00&ServiceCd=150&Type=search", "url2": "http://www.bellside.or.jp/index2.html" }, "geometry": { "type": "Point", "coordinates": [ 139.372466199999963, 35.3285255 ] } },
{ "type": "Feature", "properties": { "内容": "生活リハビリクラブ茅ヶ崎【通所介護】神奈川県茅ケ崎市茅ケ崎234-1", "url": "https://www.kaigokensaku.mhlw.go.jp/14/index.php?action_kouhyou_detail_004_kani=true&JigyosyoCd=1472400892-00&ServiceCd=150&Type=search", "url2": null }, "geometry": { "type": "Point", "coordinates": [ 139.409554699999944, 35.3400063 ] } },
{ "type": "Feature", "properties": { "内容": "リフシア萩園【通所介護】神奈川県茅ヶ崎市萩園２８２２－１", "url": "https://www.kaigokensaku.mhlw.go.jp/14/index.php?action_kouhyou_detail_004_kani=true&JigyosyoCd=1472401858-00&ServiceCd=150&Type=search", "url2": "https://lifsea.co.jp" }, "geometry": { "type": "Point", "coordinates": [ 139.376720699999964, 35.3444347 ] } },
{ "type": "Feature", "properties": { "内容": "リフシア松が丘【通所介護】神奈川県茅ヶ崎市松が丘2-10-47", "url": "https://www.kaigokensaku.mhlw.go.jp/14/index.php?action_kouhyou_detail_004_kani=true&JigyosyoCd=1472402187-00&ServiceCd=150&Type=search", "url2": "https://lifsea.co.jp/zaitaku.html#d/" }, "geometry": { "type": "Point", "coordinates": [ 139.424210102516213, 35.324685801407078 ] } },
{ "type": "Feature", "properties": { "内容": "デイサービス湘南茅ヶ崎【通所介護】神奈川県茅ヶ崎市富士見町2-14", "url": "https://www.kaigokensaku.mhlw.go.jp/14/index.php?action_kouhyou_detail_004_kani=true&JigyosyoCd=1472402245-00&ServiceCd=150&Type=search", "url2": "https://www.care-net.co.jp/" }, "geometry": { "type": "Point", "coordinates": [ 139.433856800000058, 35.3271837 ] } },
{ "type": "Feature", "properties": { "内容": "デイサービスセンター福寿ちがさき柳島【通所介護】神奈川県茅ケ崎市柳島2-9-56", "url": "https://www.kaigokensaku.mhlw.go.jp/14/index.php?action_kouhyou_detail_004_kani=true&JigyosyoCd=1472402252-00&ServiceCd=150&Type=search", "url2": "http://www.hana-kaigo.com" }, "geometry": { "type": "Point", "coordinates": [ 139.381801699999983, 35.3245707 ] } },
{ "type": "Feature", "properties": { "内容": "茅ヶ崎ケアセンターそよ風【通所介護】神奈川県茅ケ崎市赤羽根103-1", "url": "https://www.kaigokensaku.mhlw.go.jp/14/index.php?action_kouhyou_detail_004_kani=true&JigyosyoCd=1472402310-00&ServiceCd=150&Type=search", "url2": "https://www.sykz.co.jp/shisetsu-zaitaku/143211" }, "geometry": { "type": "Point", "coordinates": [ 139.4154598, 35.3503412 ] } },
{ "type": "Feature", "properties": { "内容": "ココファン健康リハ浜見平【通所介護】神奈川県茅ヶ崎市松尾6-72", "url": "https://www.kaigokensaku.mhlw.go.jp/14/index.php?action_kouhyou_detail_004_kani=true&JigyosyoCd=1472402740-00&ServiceCd=150&Type=search", "url2": "https://www.cocofump.co.jp/services/homevisit.html" }, "geometry": { "type": "Point", "coordinates": [ 139.386959499999989, 35.3259151 ] } },
{ "type": "Feature", "properties": { "内容": "デイサービスセンター福寿ちがさき甘沼【通所介護】神奈川県茅ヶ崎市甘沼965-1", "url": "https://www.kaigokensaku.mhlw.go.jp/14/index.php?action_kouhyou_detail_004_kani=true&JigyosyoCd=1472402799-00&ServiceCd=150&Type=search", "url2": null }, "geometry": { "type": "Point", "coordinates": [ 139.4097696, 35.353893800000023 ] } },
{ "type": "Feature", "properties": { "内容": "ケアステーションあさひ茅ヶ崎【通所介護】神奈川県茅ヶ崎市南湖四丁目11-21", "url": "https://www.kaigokensaku.mhlw.go.jp/14/index.php?action_kouhyou_detail_004_kani=true&JigyosyoCd=1472402948-00&ServiceCd=150&Type=search", "url2": "www.vati.co.jp" }, "geometry": { "type": "Point", "coordinates": [ 139.39410369999996, 35.322127 ] } },
{ "type": "Feature", "properties": { "内容": "レッツ倶楽部茅ヶ崎【通所介護】神奈川県茅ヶ崎市若松町6-19エクセル若松", "url": "https://www.kaigokensaku.mhlw.go.jp/14/index.php?action_kouhyou_detail_004_kani=true&JigyosyoCd=1472402856-00&ServiceCd=150&Type=search", "url2": "http://www.lets-club.jp/shop/chigasaki/" }, "geometry": { "type": "Point", "coordinates": [ 139.418709900000067, 35.3329688 ] } },
{ "type": "Feature", "properties": { "内容": "逗子清寿苑　デイサービスセンター【通所介護】神奈川県逗子市久木8-1290-1", "url": "https://www.kaigokensaku.mhlw.go.jp/14/index.php?action_kouhyou_detail_004_kani=true&JigyosyoCd=1472500238-00&ServiceCd=150&Type=search", "url2": "https://www.hakuou.or.jp/zushi/" }, "geometry": { "type": "Point", "coordinates": [ 139.578311998147569, 35.313703090555101 ] } },
{ "type": "Feature", "properties": { "内容": "けいすいデイサービス逗子【通所介護】神奈川県逗子市2-1-14丸清ビルＢ棟1階", "url": "https://www.kaigokensaku.mhlw.go.jp/14/index.php?action_kouhyou_detail_004_kani=true&JigyosyoCd=1472500618-00&ServiceCd=150&Type=search", "url2": "https://www.keisuikai.or.jp/houmon/service/service04/" }, "geometry": { "type": "Point", "coordinates": [ 139.581658994393251, 35.297397486678811 ] } },
{ "type": "Feature", "properties": { "内容": "けいすいデイサービスおりぃぶ【通所介護】神奈川県逗子市桜山4-5-21", "url": "https://www.kaigokensaku.mhlw.go.jp/14/index.php?action_kouhyou_detail_004_kani=true&JigyosyoCd=1472501137-00&ServiceCd=150&Type=search", "url2": "http://www.keisui-miruiro.jp/day-service/" }, "geometry": { "type": "Point", "coordinates": [ 139.5985402, 35.2981803 ] } },
{ "type": "Feature", "properties": { "内容": "リハビリデイサービス　ポーラスター逗子【通所介護】神奈川県逗子市逗子2-1-15井上ビル２F", "url": "https://www.kaigokensaku.mhlw.go.jp/14/index.php?action_kouhyou_detail_004_kani=true&JigyosyoCd=1472501160-00&ServiceCd=150&Type=search", "url2": "https://www.polarstar.co.jp" }, "geometry": { "type": "Point", "coordinates": [ 139.581471599999986, 35.2974993 ] } },
{ "type": "Feature", "properties": { "内容": "ぬくもりデイサービス【通所介護】神奈川県逗子市沼間6-15-10", "url": "https://www.kaigokensaku.mhlw.go.jp/14/index.php?action_kouhyou_detail_004_kani=true&JigyosyoCd=1472500675-00&ServiceCd=150&Type=search", "url2": null }, "geometry": { "type": "Point", "coordinates": [ 139.617544700000053, 35.2957593 ] } },
{ "type": "Feature", "properties": { "内容": "デイ　茶緒【通所介護】神奈川県逗子市逗子2-6-23かなえビル2階", "url": "https://www.kaigokensaku.mhlw.go.jp/14/index.php?action_kouhyou_detail_004_kani=true&JigyosyoCd=1472500808-00&ServiceCd=150&Type=search", "url2": null }, "geometry": { "type": "Point", "coordinates": [ 139.5811089, 35.2968363 ] } },
{ "type": "Feature", "properties": { "内容": "スマイルデイサービス池子【通所介護】神奈川県逗子市池子4-1012", "url": "https://www.kaigokensaku.mhlw.go.jp/14/index.php?action_kouhyou_detail_004_kani=true&JigyosyoCd=1472501251-00&ServiceCd=150&Type=search", "url2": "https://smile-kaigo.net/publics/index/44/&anchor_link=page44#page44" }, "geometry": { "type": "Point", "coordinates": [ 139.6006027, 35.3123813 ] } },
{ "type": "Feature", "properties": { "内容": "デイサービスセンター小坪【通所介護】神奈川県逗子市小坪3丁目4-18", "url": "https://www.kaigokensaku.mhlw.go.jp/14/index.php?action_kouhyou_detail_004_kani=true&JigyosyoCd=1472501301-00&ServiceCd=150&Type=search", "url2": "https://jala.co.jp/facility/dsc-kotsubo/" }, "geometry": { "type": "Point", "coordinates": [ 139.5593074, 35.2992076 ] } },
{ "type": "Feature", "properties": { "内容": "リハビリデイセンター悠みうら【通所介護】神奈川県三浦市南下浦町上宮田3333-3サンヨーズマンション1Ｆ", "url": "https://www.kaigokensaku.mhlw.go.jp/14/index.php?action_kouhyou_detail_004_kani=true&JigyosyoCd=1472700481-00&ServiceCd=150&Type=search", "url2": "http://www.maekawa-care.co.jp/" }, "geometry": { "type": "Point", "coordinates": [ 139.655416674868746, 35.185666365665817 ] } },
{ "type": "Feature", "properties": { "内容": "スマイル住まいる三浦【通所介護】神奈川県三浦市初声町下宮田６０１－７", "url": "https://www.kaigokensaku.mhlw.go.jp/14/index.php?action_kouhyou_detail_004_kani=true&JigyosyoCd=1472700523-00&ServiceCd=150&Type=search", "url2": "http://smile-kaigo.net/index.php?id=45" }, "geometry": { "type": "Point", "coordinates": [ 139.634643099999948, 35.1777761 ] } },
{ "type": "Feature", "properties": { "内容": "平成デイサービスセンター三浦【通所介護】神奈川県三浦市初声町下宮田3516番地1", "url": "https://www.kaigokensaku.mhlw.go.jp/14/index.php?action_kouhyou_detail_004_kani=true&JigyosyoCd=1472701075-00&ServiceCd=150&Type=search", "url2": "https://miura.tokuyou.jp/" }, "geometry": { "type": "Point", "coordinates": [ 139.630192565020678, 35.186451930526779 ] } },
{ "type": "Feature", "properties": { "内容": "ツクイ三浦【通所介護】神奈川県三浦市三崎町諸磯858-1", "url": "https://www.kaigokensaku.mhlw.go.jp/14/index.php?action_kouhyou_detail_004_kani=true&JigyosyoCd=1472701190-00&ServiceCd=150&Type=search", "url2": "http://www.tsukui.net/home-care/2161/" }, "geometry": { "type": "Point", "coordinates": [ 139.6279092, 35.1500931 ] } },
{ "type": "Feature", "properties": { "内容": "ルナランド　デイサービス【通所介護】神奈川県三浦市南下浦町上宮田3368-1", "url": "https://www.kaigokensaku.mhlw.go.jp/14/index.php?action_kouhyou_detail_004_kani=true&JigyosyoCd=1472700887-00&ServiceCd=150&Type=search", "url2": "http://lunaland.co.jp/anju_miura/dayservice.html" }, "geometry": { "type": "Point", "coordinates": [ 139.652335799999946, 35.1846757 ] } },
{ "type": "Feature", "properties": { "内容": "ケアステーションあさひ三浦海岸【通所介護】神奈川県三浦市南下浦町上宮田1125-6", "url": "https://www.kaigokensaku.mhlw.go.jp/14/index.php?action_kouhyou_detail_004_kani=true&JigyosyoCd=1472701158-00&ServiceCd=150&Type=search", "url2": "http://vati.co.jp" }, "geometry": { "type": "Point", "coordinates": [ 139.658949, 35.1899254 ] } },
{ "type": "Feature", "properties": { "内容": "デイサービスごしき秦野【通所介護】神奈川県秦野市三屋113-1", "url": "https://www.kaigokensaku.mhlw.go.jp/14/index.php?action_kouhyou_detail_004_kani=true&JigyosyoCd=1472802550-00&ServiceCd=150&Type=search", "url2": null }, "geometry": { "type": "Point", "coordinates": [ 139.1967874, 35.3857627 ] } },
{ "type": "Feature", "properties": { "内容": "Dr.リハ秦野南が丘【通所介護】神奈川県秦野市立野台3-10-4三樹ビル", "url": "https://www.kaigokensaku.mhlw.go.jp/14/index.php?action_kouhyou_detail_004_kani=true&JigyosyoCd=1472802568-00&ServiceCd=150&Type=search", "url2": "https://total-support-kaigo.com/facility/hadanominamigaoka/" }, "geometry": { "type": "Point", "coordinates": [ 139.2291954, 35.3591916 ] } },
{ "type": "Feature", "properties": { "内容": "菖蒲荘居宅支援センター【通所介護】神奈川県秦野市三廻部508-2", "url": "https://www.kaigokensaku.mhlw.go.jp/14/index.php?action_kouhyou_detail_004_kani=true&JigyosyoCd=1472800067-00&ServiceCd=150&Type=search", "url2": "http://mutsumif.jp" }, "geometry": { "type": "Point", "coordinates": [ 139.162236128836099, 35.400209581976647 ] } },
{ "type": "Feature", "properties": { "内容": "寿湘ヶ丘居宅介護支援センター【通所介護】神奈川県秦野市千村497-1", "url": "https://www.kaigokensaku.mhlw.go.jp/14/index.php?action_kouhyou_detail_004_kani=true&JigyosyoCd=1472800075-00&ServiceCd=150&Type=search", "url2": "https://mutsumif.jp/" }, "geometry": { "type": "Point", "coordinates": [ 139.1721139, 35.3654217 ] } },
{ "type": "Feature", "properties": { "内容": "老人デイサービスセンターはだの松寿苑【通所介護】神奈川県秦野市戸川381-12", "url": "https://www.kaigokensaku.mhlw.go.jp/14/index.php?action_kouhyou_detail_004_kani=true&JigyosyoCd=1472800901-00&ServiceCd=150&Type=search", "url2": "https://www.hadanosyojuen.com/" }, "geometry": { "type": "Point", "coordinates": [ 139.1868402, 35.3904746 ] } },
{ "type": "Feature", "properties": { "内容": "デイサービスセンター福寿はだの戸川【通所介護】神奈川県秦野市戸川133-1", "url": "https://www.kaigokensaku.mhlw.go.jp/14/index.php?action_kouhyou_detail_004_kani=true&JigyosyoCd=1472802287-00&ServiceCd=150&Type=search", "url2": "https://fuku-kaigo.jala.co.jp/jrh/hadano-tokawa/" }, "geometry": { "type": "Point", "coordinates": [ 139.196118899999988, 35.3880339 ] } },
{ "type": "Feature", "properties": { "内容": "湖ケアセンター【通所介護】神奈川県秦野市平沢入窪2426-1", "url": "https://www.kaigokensaku.mhlw.go.jp/14/index.php?action_kouhyou_detail_004_kani=true&JigyosyoCd=1472800539-00&ServiceCd=150&Type=search", "url2": "http://www.hadano.or.jp" }, "geometry": { "type": "Point", "coordinates": [ 139.193013196017432, 35.357142129490043 ] } },
{ "type": "Feature", "properties": { "内容": "ＪＡデイサービスセンターはだの【通所介護】神奈川県秦野市平沢４３５", "url": "https://www.kaigokensaku.mhlw.go.jp/14/index.php?action_kouhyou_detail_004_kani=true&JigyosyoCd=1472800687-00&ServiceCd=150&Type=search", "url2": "http://www.kouseiren.net/fukusi/stores/4/" }, "geometry": { "type": "Point", "coordinates": [ 139.20097, 35.3716051 ] } },
{ "type": "Feature", "properties": { "内容": "ケアプロ２１はだの【通所介護】神奈川県秦野市立野台３－２０－６", "url": "https://www.kaigokensaku.mhlw.go.jp/14/index.php?action_kouhyou_detail_004_kani=true&JigyosyoCd=1472800786-00&ServiceCd=150&Type=search", "url2": "http://www.tcs-h.co.jp/" }, "geometry": { "type": "Point", "coordinates": [ 139.231381199999987, 35.3583746 ] } },
{ "type": "Feature", "properties": { "内容": "ニチイケアセンターほりにし【通所介護】神奈川県秦野市堀西１３２－１", "url": "https://www.kaigokensaku.mhlw.go.jp/14/index.php?action_kouhyou_detail_004_kani=true&JigyosyoCd=1472801156-00&ServiceCd=150&Type=search", "url2": "http://www.nichii-kaigo.jp/base/base-result/05M82/" }, "geometry": { "type": "Point", "coordinates": [ 139.1886793, 35.3777151 ] } },
{ "type": "Feature", "properties": { "内容": "ニチイケアセンターまほろば【通所介護】神奈川県秦野市鶴巻2166-1", "url": "https://www.kaigokensaku.mhlw.go.jp/14/index.php?action_kouhyou_detail_004_kani=true&JigyosyoCd=1472801677-00&ServiceCd=150&Type=search", "url2": "http://www.nichiigakkan.co.jp" }, "geometry": { "type": "Point", "coordinates": [ 139.2701389, 35.3815504 ] } },
{ "type": "Feature", "properties": { "内容": "カルチャーリゾート秦野【通所介護】神奈川県秦野市曽屋1-7-49", "url": "https://www.kaigokensaku.mhlw.go.jp/14/index.php?action_kouhyou_detail_004_kani=true&JigyosyoCd=1472802139-00&ServiceCd=150&Type=search", "url2": "http://www.the-kenkoukan.com" }, "geometry": { "type": "Point", "coordinates": [ 139.222841525933859, 35.380282701188861 ] } },
{ "type": "Feature", "properties": { "内容": "デイサービスあすなろ　南矢名店【通所介護】神奈川県秦野市南矢名1180番地の3", "url": "https://www.kaigokensaku.mhlw.go.jp/14/index.php?action_kouhyou_detail_004_kani=true&JigyosyoCd=1472802196-00&ServiceCd=150&Type=search", "url2": "https://www.hhtdk333-hiratsuka-asunaro.com/" }, "geometry": { "type": "Point", "coordinates": [ 139.255018, 35.3663824 ] } },
{ "type": "Feature", "properties": { "内容": "デイサービスセンター秦野陽光園【通所介護】神奈川県秦野市曽屋1177-1", "url": "https://www.kaigokensaku.mhlw.go.jp/14/index.php?action_kouhyou_detail_004_kani=true&JigyosyoCd=1472802204-00&ServiceCd=150&Type=search", "url2": "https://www.hakuju-kai.com" }, "geometry": { "type": "Point", "coordinates": [ 139.2177627, 35.3818519 ] } },
{ "type": "Feature", "properties": { "内容": "デイサービス　ハートウェル秦野【通所介護】神奈川県秦野市鶴巻南4-5-22", "url": "https://www.kaigokensaku.mhlw.go.jp/14/index.php?action_kouhyou_detail_004_kani=true&JigyosyoCd=1472802303-00&ServiceCd=150&Type=search", "url2": null }, "geometry": { "type": "Point", "coordinates": [ 139.280954699999938, 35.3815091 ] } },
{ "type": "Feature", "properties": { "内容": "ツクイ秦野【通所介護】神奈川県秦野市落合356-1", "url": "https://www.kaigokensaku.mhlw.go.jp/14/index.php?action_kouhyou_detail_004_kani=true&JigyosyoCd=1472802394-00&ServiceCd=150&Type=search", "url2": "https://www.tsukui.net/" }, "geometry": { "type": "Point", "coordinates": [ 139.2342797, 35.3801877 ] } },
{ "type": "Feature", "properties": { "内容": "レッツ俱楽部コラム鈴張町【通所介護】神奈川県秦野市鈴張町7-7", "url": "https://www.kaigokensaku.mhlw.go.jp/14/index.php?action_kouhyou_detail_004_kani=true&JigyosyoCd=1472802477-00&ServiceCd=150&Type=search", "url2": "https://www.lets-club.jp/shop/suzuharicho/" }, "geometry": { "type": "Point", "coordinates": [ 139.206842599999987, 35.3728657 ] } },
{ "type": "Feature", "properties": { "内容": "デイサービスあすなろ　曽屋店【通所介護】神奈川県秦野市曽屋3329-1", "url": "https://www.kaigokensaku.mhlw.go.jp/14/index.php?action_kouhyou_detail_004_kani=true&JigyosyoCd=1472802352-00&ServiceCd=150&Type=search", "url2": "https://www.hhtdk333-hiratsuka-asunaro.com/" }, "geometry": { "type": "Point", "coordinates": [ 139.234922013283523, 35.371926668114334 ] } },
{ "type": "Feature", "properties": { "内容": "デイサービス和楽【通所介護】神奈川県秦野市南矢名689-3", "url": "https://www.kaigokensaku.mhlw.go.jp/14/index.php?action_kouhyou_detail_004_kani=true&JigyosyoCd=1472800653-00&ServiceCd=150&Type=search", "url2": null }, "geometry": { "type": "Point", "coordinates": [ 139.263611762226901, 35.362790185903577 ] } },
{ "type": "Feature", "properties": { "内容": "リハセンター　Ｒ－studio【通所介護】神奈川県秦野市柳町2−4－22", "url": "https://www.kaigokensaku.mhlw.go.jp/14/index.php?action_kouhyou_detail_004_kani=true&JigyosyoCd=1472801503-00&ServiceCd=150&Type=search", "url2": "https://www.re-ambitious.com/r-studio/" }, "geometry": { "type": "Point", "coordinates": [ 139.182109866903716, 35.375662245929711 ] } },
{ "type": "Feature", "properties": { "内容": "ケアステーションあさひ秦野【通所介護】神奈川県秦野市平沢1303番1", "url": "https://www.kaigokensaku.mhlw.go.jp/14/index.php?action_kouhyou_detail_004_kani=true&JigyosyoCd=1472801941-00&ServiceCd=150&Type=search", "url2": null }, "geometry": { "type": "Point", "coordinates": [ 139.2095832, 35.3691612 ] } },
{ "type": "Feature", "properties": { "内容": "ケアステーションあさひ渋沢【通所介護】神奈川県秦野市菩提246番1", "url": "https://www.kaigokensaku.mhlw.go.jp/14/index.php?action_kouhyou_detail_004_kani=true&JigyosyoCd=1472801982-00&ServiceCd=150&Type=search", "url2": "https://www.vati.co.jp" }, "geometry": { "type": "Point", "coordinates": [ 139.199244499999963, 35.3942581 ] } },
{ "type": "Feature", "properties": { "内容": "デイサービスケアリッツ鶴巻【通所介護】神奈川県秦野市鶴巻北2-2-36", "url": "https://www.kaigokensaku.mhlw.go.jp/14/index.php?action_kouhyou_detail_004_kani=true&JigyosyoCd=1472802261-00&ServiceCd=150&Type=search", "url2": "https://www.careritz.co.jp/station/dayservice-tsurumaki/" }, "geometry": { "type": "Point", "coordinates": [ 139.277672400000029, 35.3819979 ] } },
{ "type": "Feature", "properties": { "内容": "通所介護　こころ【通所介護】神奈川県秦野市堀山下483番1ファーストテラス", "url": "https://www.kaigokensaku.mhlw.go.jp/14/index.php?action_kouhyou_detail_004_kani=true&JigyosyoCd=1472802527-00&ServiceCd=150&Type=search", "url2": "http://www.cuore-co.com/" }, "geometry": { "type": "Point", "coordinates": [ 139.1813041, 35.3878362 ] } },
{ "type": "Feature", "properties": { "内容": "くず葉台ケアセンター【通所介護】神奈川県秦野市東田原４１９－１", "url": "https://www.kaigokensaku.mhlw.go.jp/14/index.php?action_kouhyou_detail_004_kani=true&JigyosyoCd=1472802535-00&ServiceCd=150&Type=search", "url2": "https://www.subaru-fukushi.or.jp/" }, "geometry": { "type": "Point", "coordinates": [ 139.223457599999989, 35.3852182 ] } },
{ "type": "Feature", "properties": { "内容": "デイサービスセンター福寿はだの平沢【通所介護】神奈川県秦野市平沢32-1", "url": "https://www.kaigokensaku.mhlw.go.jp/14/index.php?action_kouhyou_detail_004_kani=true&JigyosyoCd=1472802337-00&ServiceCd=150&Type=search", "url2": "http://www.hana-kaigo.com" }, "geometry": { "type": "Point", "coordinates": [ 139.193771399336214, 35.375072428279182 ] } },
{ "type": "Feature", "properties": { "内容": "デイリハセンターひまわり　厚木【通所介護】神奈川県厚木市妻田西1-20-10グランディア11　1階", "url": "https://www.kaigokensaku.mhlw.go.jp/14/index.php?action_kouhyou_detail_004_kani=true&JigyosyoCd=1472903077-00&ServiceCd=150&Type=search", "url2": "https://www.s-carelife.com/pages/91/" }, "geometry": { "type": "Point", "coordinates": [ 139.3587114, 35.4590757 ] } },
{ "type": "Feature", "properties": { "内容": "リハビリ通所介護悠下荻野【通所介護】神奈川県厚木市下荻野1095-1", "url": "https://www.kaigokensaku.mhlw.go.jp/14/index.php?action_kouhyou_detail_004_kani=true&JigyosyoCd=1472903093-00&ServiceCd=150&Type=search", "url2": "https://www.sps-koyugr.com/project/shimoogino/" }, "geometry": { "type": "Point", "coordinates": [ 139.3416078, 35.4814056 ] } },
{ "type": "Feature", "properties": { "内容": "ケアセンターあさひ【通所介護】神奈川県厚木市旭町2-3-13", "url": "https://www.kaigokensaku.mhlw.go.jp/14/index.php?action_kouhyou_detail_004_kani=true&JigyosyoCd=1472900016-00&ServiceCd=150&Type=search", "url2": "https://www.tosetsukai.com" }, "geometry": { "type": "Point", "coordinates": [ 139.367993899999988, 35.4385465 ] } },
{ "type": "Feature", "properties": { "内容": "ムツアイホーム　やすらぎ【通所介護】神奈川県厚木市下川入1296", "url": "https://www.kaigokensaku.mhlw.go.jp/14/index.php?action_kouhyou_detail_004_kani=true&JigyosyoCd=1472900065-00&ServiceCd=150&Type=search", "url2": "https://mutuaihome.or.jp/" }, "geometry": { "type": "Point", "coordinates": [ 139.352900800000043, 35.4915314 ] } },
{ "type": "Feature", "properties": { "内容": "高齢者総合福祉サービスセンター　森の里【通所介護】神奈川県厚木市下古沢193-1", "url": "https://www.kaigokensaku.mhlw.go.jp/14/index.php?action_kouhyou_detail_004_kani=true&JigyosyoCd=1472900073-00&ServiceCd=150&Type=search", "url2": "http://www.morinosato.jp" }, "geometry": { "type": "Point", "coordinates": [ 139.322688699999958, 35.4495271 ] } },
{ "type": "Feature", "properties": { "内容": "玉川グリ－ンホ－ム【通所介護】神奈川県厚木市小野734-2", "url": "https://www.kaigokensaku.mhlw.go.jp/14/index.php?action_kouhyou_detail_004_kani=true&JigyosyoCd=1472900107-00&ServiceCd=150&Type=search", "url2": "https://seiryukai1989.com" }, "geometry": { "type": "Point", "coordinates": [ 139.313148100000035, 35.4340259 ] } },
{ "type": "Feature", "properties": { "内容": "居宅介護支援センター　けいわ荘【通所介護】神奈川県厚木市下荻野２１１７－２", "url": "https://www.kaigokensaku.mhlw.go.jp/14/index.php?action_kouhyou_detail_004_kani=true&JigyosyoCd=1472900115-00&ServiceCd=150&Type=search", "url2": "https://k-keiwakai.com/info_kyotaku/" }, "geometry": { "type": "Point", "coordinates": [ 139.30857919999994, 35.4884365 ] } },
{ "type": "Feature", "properties": { "内容": "光温会　温水ケアセンター【通所介護】神奈川県厚木市温水704-1", "url": "https://www.kaigokensaku.mhlw.go.jp/14/index.php?action_kouhyou_detail_004_kani=true&JigyosyoCd=1472900131-00&ServiceCd=150&Type=search", "url2": "http://nurumizu-carecenter.com" }, "geometry": { "type": "Point", "coordinates": [ 139.345240099999955, 35.4389707 ] } },
{ "type": "Feature", "properties": { "内容": "特別養護老人ホーム　甘露苑【通所介護】神奈川県厚木市山際1350番1", "url": "https://www.kaigokensaku.mhlw.go.jp/14/index.php?action_kouhyou_detail_004_kani=true&JigyosyoCd=1472900214-00&ServiceCd=150&Type=search", "url2": "https://www.kanroen.net" }, "geometry": { "type": "Point", "coordinates": [ 139.365146500000037, 35.5061378 ] } },
{ "type": "Feature", "properties": { "内容": "デイサービスなごみ【通所介護】神奈川県厚木市林２－２９－４９", "url": "https://www.kaigokensaku.mhlw.go.jp/14/index.php?action_kouhyou_detail_004_kani=true&JigyosyoCd=1472900545-00&ServiceCd=150&Type=search", "url2": "http://www.nagomi-k-nagomi.com/" }, "geometry": { "type": "Point", "coordinates": [ 139.344389984378068, 35.453216622632844 ] } },
{ "type": "Feature", "properties": { "内容": "通所介護事業所　えまーぶる【通所介護】神奈川県厚木市中町3-3-9厚木アーバンプラザ６階", "url": "https://www.kaigokensaku.mhlw.go.jp/14/index.php?action_kouhyou_detail_004_kani=true&JigyosyoCd=1472900974-00&ServiceCd=150&Type=search", "url2": "http://k-keiwakai.com/aimable/" }, "geometry": { "type": "Point", "coordinates": [ 139.3608001, 35.4401488 ] } },
{ "type": "Feature", "properties": { "内容": "デイサービスあおぞら【通所介護】神奈川県厚木市東町7-2-2", "url": "https://www.kaigokensaku.mhlw.go.jp/14/index.php?action_kouhyou_detail_004_kani=true&JigyosyoCd=1472901758-00&ServiceCd=150&Type=search", "url2": "http://www.tosetsukai.com" }, "geometry": { "type": "Point", "coordinates": [ 139.369249421426389, 35.44541929606698 ] } },
{ "type": "Feature", "properties": { "内容": "厚木ケアセンターそよ風【通所介護】神奈川県厚木市三田二丁目21番7号", "url": "https://www.kaigokensaku.mhlw.go.jp/14/index.php?action_kouhyou_detail_004_kani=true&JigyosyoCd=1472901931-00&ServiceCd=150&Type=search", "url2": "https://www.sykz.co.jp/shisetsu-zaitaku/143491" }, "geometry": { "type": "Point", "coordinates": [ 139.349210367350793, 35.477429253022045 ] } },
{ "type": "Feature", "properties": { "内容": "ケアステーションあさひ厚木インター【通所介護】神奈川県厚木市岡田二丁目16番11号", "url": "https://www.kaigokensaku.mhlw.go.jp/14/index.php?action_kouhyou_detail_004_kani=true&JigyosyoCd=1472902012-00&ServiceCd=150&Type=search", "url2": null }, "geometry": { "type": "Point", "coordinates": [ 139.361321800000042, 35.4270974 ] } },
{ "type": "Feature", "properties": { "内容": "ひかりデイサービス妻田【通所介護】神奈川県厚木市妻田南1-7-33", "url": "https://www.kaigokensaku.mhlw.go.jp/14/index.php?action_kouhyou_detail_004_kani=true&JigyosyoCd=1472902178-00&ServiceCd=150&Type=search", "url2": "https://www.big-advance.site/s/142/1651" }, "geometry": { "type": "Point", "coordinates": [ 139.362155600000051, 35.4512725 ] } },
{ "type": "Feature", "properties": { "内容": "ひかりデイサービス荻野【通所介護】神奈川県厚木市上荻野２６７－１", "url": "https://www.kaigokensaku.mhlw.go.jp/14/index.php?action_kouhyou_detail_004_kani=true&JigyosyoCd=1472902186-00&ServiceCd=150&Type=search", "url2": "https://www.big-advance.site/s/142/1651" }, "geometry": { "type": "Point", "coordinates": [ 139.317448099999979, 35.4949445 ] } },
{ "type": "Feature", "properties": { "内容": "デイサービスセンター　福寿あつぎ長谷【通所介護】神奈川県厚木市長谷1146", "url": "https://www.kaigokensaku.mhlw.go.jp/14/index.php?action_kouhyou_detail_004_kani=true&JigyosyoCd=1472902384-00&ServiceCd=150&Type=search", "url2": "https://www.jala.co.jp/facility/f-atsugi-hase/" }, "geometry": { "type": "Point", "coordinates": [ 139.340466658474725, 35.431726255386415 ] } },
{ "type": "Feature", "properties": { "内容": "サニーライフ厚木デイサービス【通所介護】神奈川県厚木市飯山南1丁目11番32号", "url": "https://www.kaigokensaku.mhlw.go.jp/14/index.php?action_kouhyou_detail_004_kani=true&JigyosyoCd=1472902392-00&ServiceCd=150&Type=search", "url2": null }, "geometry": { "type": "Point", "coordinates": [ 139.331087247082422, 35.451271328184184 ] } },
{ "type": "Feature", "properties": { "内容": "ブルーミングケア厚木中依知【通所介護】神奈川県厚木市中依知224－5", "url": "https://www.kaigokensaku.mhlw.go.jp/14/index.php?action_kouhyou_detail_004_kani=true&JigyosyoCd=1472902525-00&ServiceCd=150&Type=search", "url2": "http://www.sansen.jp/" }, "geometry": { "type": "Point", "coordinates": [ 139.365571899999964, 35.4773942 ] } },
{ "type": "Feature", "properties": { "内容": "デイサービスセンター福寿あつぎ妻田西【通所介護】神奈川県厚木市妻田西3-22-18-2", "url": "https://www.kaigokensaku.mhlw.go.jp/14/index.php?action_kouhyou_detail_004_kani=true&JigyosyoCd=1472902681-00&ServiceCd=150&Type=search", "url2": "https://fuku-kaigo.jala.co.jp/jrh/atsugi-tsumadanishi/" }, "geometry": { "type": "Point", "coordinates": [ 139.352101299999958, 35.465492300000015 ] } },
{ "type": "Feature", "properties": { "内容": "デイサービスきらめき厚木【通所介護】神奈川県厚木市関口1121-1", "url": "https://www.kaigokensaku.mhlw.go.jp/14/index.php?action_kouhyou_detail_004_kani=true&JigyosyoCd=1472902707-00&ServiceCd=150&Type=search", "url2": "http://villagehills.jp/" }, "geometry": { "type": "Point", "coordinates": [ 139.360704299999952, 35.4869179 ] } },
{ "type": "Feature", "properties": { "内容": "ツクイ厚木水引【通所介護】神奈川県厚木市水引2-9-13", "url": "https://www.kaigokensaku.mhlw.go.jp/14/index.php?action_kouhyou_detail_004_kani=true&JigyosyoCd=1472902806-00&ServiceCd=150&Type=search", "url2": "http://www.tsukui.net" }, "geometry": { "type": "Point", "coordinates": [ 139.3562364, 35.4484108 ] } },
{ "type": "Feature", "properties": { "内容": "ケアセンター　メイサムホール【通所介護】神奈川県厚木市愛甲２２０８番１", "url": "https://www.kaigokensaku.mhlw.go.jp/14/index.php?action_kouhyou_detail_004_kani=true&JigyosyoCd=1472902855-00&ServiceCd=150&Type=search", "url2": "https://meisam.jp/" }, "geometry": { "type": "Point", "coordinates": [ 139.3527264, 35.4225436 ] } },
{ "type": "Feature", "properties": { "内容": "ニチイケアセンター厚木北【通所介護】神奈川県厚木市妻田北4丁目5-32", "url": "https://www.kaigokensaku.mhlw.go.jp/14/index.php?action_kouhyou_detail_004_kani=true&JigyosyoCd=1472900495-00&ServiceCd=150&Type=search", "url2": "http://www.nichii-kaigo.jp/base/base-result/05K26/" }, "geometry": { "type": "Point", "coordinates": [ 139.353961799999979, 35.4688563 ] } },
{ "type": "Feature", "properties": { "内容": "特別養護老人ホーム　はなの家とむろ【通所介護】神奈川県厚木市戸室5丁目9番15号", "url": "https://www.kaigokensaku.mhlw.go.jp/14/index.php?action_kouhyou_detail_004_kani=true&JigyosyoCd=1472901436-00&ServiceCd=150&Type=search", "url2": "http://koujinkai.tomei.or.jp/" }, "geometry": { "type": "Point", "coordinates": [ 139.346045600000025, 35.4490001 ] } },
{ "type": "Feature", "properties": { "内容": "デイサービスグランモールさくら及川【通所介護】神奈川県厚木市及川字柳流793番", "url": "https://www.kaigokensaku.mhlw.go.jp/14/index.php?action_kouhyou_detail_004_kani=true&JigyosyoCd=1472902269-00&ServiceCd=150&Type=search", "url2": "http://www.sakura-seiwa.jp/" }, "geometry": { "type": "Point", "coordinates": [ 139.347255065328909, 35.464590865016007 ] } },
{ "type": "Feature", "properties": { "内容": "デイサービスセンター「健康倶楽部館　ファンコート厚木」【通所介護】神奈川県厚木市上依知181番地", "url": "https://www.kaigokensaku.mhlw.go.jp/14/index.php?action_kouhyou_detail_004_kani=true&JigyosyoCd=1472902350-00&ServiceCd=150&Type=search", "url2": "http://www.heiseikai-atsugi.com/" }, "geometry": { "type": "Point", "coordinates": [ 139.364180750402511, 35.516960304763622 ] } },
{ "type": "Feature", "properties": { "内容": "ブルーミングケア厚木温水【通所介護】神奈川県厚木市温水1998-4", "url": "https://www.kaigokensaku.mhlw.go.jp/14/index.php?action_kouhyou_detail_004_kani=true&JigyosyoCd=1472902640-00&ServiceCd=150&Type=search", "url2": null }, "geometry": { "type": "Point", "coordinates": [ 139.337954500000023, 35.4473945 ] } },
{ "type": "Feature", "properties": { "内容": "あずみ苑厚木【通所介護】神奈川県厚木市関口1013-1", "url": "https://www.kaigokensaku.mhlw.go.jp/14/index.php?action_kouhyou_detail_004_kani=true&JigyosyoCd=1472902657-00&ServiceCd=150&Type=search", "url2": "https://www.azumien.jp/search/atsugi/info.html" }, "geometry": { "type": "Point", "coordinates": [ 139.357745302377339, 35.491312893279883 ] } },
{ "type": "Feature", "properties": { "内容": "レッツ倶楽部ペシュア厚木２番館【通所介護】神奈川県厚木市戸室１丁目36-7", "url": "https://www.kaigokensaku.mhlw.go.jp/14/index.php?action_kouhyou_detail_004_kani=true&JigyosyoCd=1472903028-00&ServiceCd=150&Type=search", "url2": "https://www.lets-club.jp/shop/peshua-atsugi-nibankan/" }, "geometry": { "type": "Point", "coordinates": [ 139.3530943, 35.4528511 ] } },
{ "type": "Feature", "properties": { "内容": "デイサービスセンター福寿あつぎ中依知【通所介護】神奈川県厚木市中依知229-1", "url": "https://www.kaigokensaku.mhlw.go.jp/14/index.php?action_kouhyou_detail_004_kani=true&JigyosyoCd=1472902566-00&ServiceCd=150&Type=search", "url2": null }, "geometry": { "type": "Point", "coordinates": [ 139.364802500000025, 35.478499599999985 ] } },
{ "type": "Feature", "properties": { "内容": "ロゼホームつきみ野【通所介護】神奈川県大和市下鶴間418-2", "url": "https://www.kaigokensaku.mhlw.go.jp/14/index.php?action_kouhyou_detail_004_kani=true&JigyosyoCd=1473000014-00&ServiceCd=150&Type=search", "url2": "http://www.rozehome.com" }, "geometry": { "type": "Point", "coordinates": [ 139.461395700000025, 35.5132208 ] } },
{ "type": "Feature", "properties": { "内容": "居宅介護支援センターサンホーム鶴間【通所介護】神奈川県大和市西鶴間８－１－２", "url": "https://www.kaigokensaku.mhlw.go.jp/14/index.php?action_kouhyou_detail_004_kani=true&JigyosyoCd=1473000063-00&ServiceCd=150&Type=search", "url2": "http://sunhome.life.coocan.jp" }, "geometry": { "type": "Point", "coordinates": [ 139.441195599999986, 35.4842547 ] } },
{ "type": "Feature", "properties": { "内容": "社会福祉法人　敬愛会【通所介護】神奈川県大和市福田1551番地", "url": "https://www.kaigokensaku.mhlw.go.jp/14/index.php?action_kouhyou_detail_004_kani=true&JigyosyoCd=1473000097-00&ServiceCd=150&Type=search", "url2": "https://www.since1950-keiaikai-yamato.or.jp" }, "geometry": { "type": "Point", "coordinates": [ 139.463712600000036, 35.4238865 ] } },
{ "type": "Feature", "properties": { "内容": "晃風園デイサービス草柳【通所介護】神奈川県大和市草柳２－１５－１", "url": "https://www.kaigokensaku.mhlw.go.jp/14/index.php?action_kouhyou_detail_004_kani=true&JigyosyoCd=1473000212-00&ServiceCd=150&Type=search", "url2": "http://www.kofuen.jp/" }, "geometry": { "type": "Point", "coordinates": [ 139.4582289, 35.46044 ] } },
{ "type": "Feature", "properties": { "内容": "下和田ケアセンター【通所介護】神奈川県大和市下和田822-1", "url": "https://www.kaigokensaku.mhlw.go.jp/14/index.php?action_kouhyou_detail_004_kani=true&JigyosyoCd=1473000303-00&ServiceCd=150&Type=search", "url2": "https://wakien.jp" }, "geometry": { "type": "Point", "coordinates": [ 139.470117800000025, 35.426439 ] } },
{ "type": "Feature", "properties": { "内容": "ニチイケアセンター大和【通所介護】神奈川県大和市上和田１８７８－４", "url": "https://www.kaigokensaku.mhlw.go.jp/14/index.php?action_kouhyou_detail_004_kani=true&JigyosyoCd=1473000337-00&ServiceCd=150&Type=search", "url2": "http://www.nichiigakkan.co.jp" }, "geometry": { "type": "Point", "coordinates": [ 139.4715036, 35.4425814 ] } },
{ "type": "Feature", "properties": { "内容": "社会福祉法人プレマ会　みなみ風【通所介護】神奈川県大和市上草柳164番5", "url": "https://www.kaigokensaku.mhlw.go.jp/14/index.php?action_kouhyou_detail_004_kani=true&JigyosyoCd=1473001046-00&ServiceCd=150&Type=search", "url2": "http://puremakai.or.jp/" }, "geometry": { "type": "Point", "coordinates": [ 139.440921099999969, 35.4737847 ] } },
{ "type": "Feature", "properties": { "内容": "やまと　笑楽庵【通所介護】神奈川県大和市中央林間9-5-25", "url": "https://www.kaigokensaku.mhlw.go.jp/14/index.php?action_kouhyou_detail_004_kani=true&JigyosyoCd=1473001103-00&ServiceCd=150&Type=search", "url2": "https//j-lifedesign.com" }, "geometry": { "type": "Point", "coordinates": [ 139.450432500000034, 35.5109154 ] } },
{ "type": "Feature", "properties": { "内容": "晃風園デイサービスみのり【通所介護】神奈川県大和市深見東3-2-4", "url": "https://www.kaigokensaku.mhlw.go.jp/14/index.php?action_kouhyou_detail_004_kani=true&JigyosyoCd=1473001111-00&ServiceCd=150&Type=search", "url2": "http://www.kofuen.jp/" }, "geometry": { "type": "Point", "coordinates": [ 139.465552500000058, 35.4824584 ] } },
{ "type": "Feature", "properties": { "内容": "セントケア上草柳デイサービスセンター【通所介護】神奈川県大和市上草柳8-13-17", "url": "https://www.kaigokensaku.mhlw.go.jp/14/index.php?action_kouhyou_detail_004_kani=true&JigyosyoCd=1473001244-00&ServiceCd=150&Type=search", "url2": "https://www.saintc-k.com" }, "geometry": { "type": "Point", "coordinates": [ 139.448691900430759, 35.48170823277021 ] } },
{ "type": "Feature", "properties": { "内容": "つきみ野かりん【通所介護】神奈川県大和市下鶴間２１６０－１", "url": "https://www.kaigokensaku.mhlw.go.jp/14/index.php?action_kouhyou_detail_004_kani=true&JigyosyoCd=1473001269-00&ServiceCd=150&Type=search", "url2": "https://karin.hp.peraichi.com/tsukimino/" }, "geometry": { "type": "Point", "coordinates": [ 139.464570242866557, 35.505074966978206 ] } },
{ "type": "Feature", "properties": { "内容": "デイサービスセンターひまわりの郷【通所介護】神奈川県大和市上和田3467-1", "url": "https://www.kaigokensaku.mhlw.go.jp/14/index.php?action_kouhyou_detail_004_kani=true&JigyosyoCd=1473001343-00&ServiceCd=150&Type=search", "url2": "https://www.himawarinosato.jp/" }, "geometry": { "type": "Point", "coordinates": [ 139.468415099999987, 35.4368681 ] } },
{ "type": "Feature", "properties": { "内容": "生きがい工房上和田【通所介護】神奈川県大和市上和田2412上和田団地内", "url": "https://www.kaigokensaku.mhlw.go.jp/14/index.php?action_kouhyou_detail_004_kani=true&JigyosyoCd=1473002176-00&ServiceCd=150&Type=search", "url2": "http://www.ikigai-koubou.com/" }, "geometry": { "type": "Point", "coordinates": [ 139.472723099999939, 35.4383514 ] } },
{ "type": "Feature", "properties": { "内容": "かがやきデイサービス高座渋谷【通所介護】神奈川県大和市渋谷1丁目4番地8号", "url": "https://www.kaigokensaku.mhlw.go.jp/14/index.php?action_kouhyou_detail_004_kani=true&JigyosyoCd=1473002432-00&ServiceCd=150&Type=search", "url2": "http://www.nagoyakaclub.jp/" }, "geometry": { "type": "Point", "coordinates": [ 139.4660791, 35.4378929 ] } },
{ "type": "Feature", "properties": { "内容": "かがやきデイサービス西鶴間【通所介護】神奈川県大和市西鶴間7丁目17-22", "url": "https://www.kaigokensaku.mhlw.go.jp/14/index.php?action_kouhyou_detail_004_kani=true&JigyosyoCd=1473002481-00&ServiceCd=150&Type=search", "url2": "http://www.ymmd.co.jp" }, "geometry": { "type": "Point", "coordinates": [ 139.438537399999973, 35.4850962 ] } },
{ "type": "Feature", "properties": { "内容": "デイサービスセンター福寿やまと下鶴間【通所介護】神奈川県大和市下鶴間2134-1福寿やまと下鶴間", "url": "https://www.kaigokensaku.mhlw.go.jp/14/index.php?action_kouhyou_detail_004_kani=true&JigyosyoCd=1473002747-00&ServiceCd=150&Type=search", "url2": "https://jala.co.jp/facility/f-yamato-shimotsuruma/" }, "geometry": { "type": "Point", "coordinates": [ 139.465306441291204, 35.502794079104014 ] } },
{ "type": "Feature", "properties": { "内容": "デイサービスセンター　ケアサポートやまと【通所介護】神奈川県大和市中央林間西6-6-28", "url": "https://www.kaigokensaku.mhlw.go.jp/14/index.php?action_kouhyou_detail_004_kani=true&JigyosyoCd=1473002804-00&ServiceCd=150&Type=search", "url2": "https://www.care-support.biz/facilities/yamato/" }, "geometry": { "type": "Point", "coordinates": [ 139.431766698494386, 35.501932696737384 ] } },
{ "type": "Feature", "properties": { "内容": "もみの木デイサービス【通所介護】神奈川県大和市上草柳3-14-21", "url": "https://www.kaigokensaku.mhlw.go.jp/14/index.php?action_kouhyou_detail_004_kani=true&JigyosyoCd=1473002945-00&ServiceCd=150&Type=search", "url2": "https://mominoki-ds.com/" }, "geometry": { "type": "Point", "coordinates": [ 139.454484099999945, 35.4742599 ] } },
{ "type": "Feature", "properties": { "内容": "エルダーフィットネス大和【通所介護】神奈川県大和市桜森2丁目11-12グランドヒルズ相模大塚　1F", "url": "https://www.kaigokensaku.mhlw.go.jp/14/index.php?action_kouhyou_detail_004_kani=true&JigyosyoCd=1473002978-00&ServiceCd=150&Type=search", "url2": "https://www.lderfitnesyamato.com" }, "geometry": { "type": "Point", "coordinates": [ 139.438717, 35.4703395 ] } },
{ "type": "Feature", "properties": { "内容": "シンシア大和【通所介護】神奈川県大和市上草柳8丁目14-2シンシア大和", "url": "https://www.kaigokensaku.mhlw.go.jp/14/index.php?action_kouhyou_detail_004_kani=true&JigyosyoCd=1473003208-00&ServiceCd=150&Type=search", "url2": "https://www.sincere-gri.com/040_yamatods/index.html" }, "geometry": { "type": "Point", "coordinates": [ 139.449619100000064, 35.4821151 ] } },
{ "type": "Feature", "properties": { "内容": "ルネサンス元氣ジム大和【通所介護】神奈川県大和市深見台1-9-6", "url": "https://www.kaigokensaku.mhlw.go.jp/14/index.php?action_kouhyou_detail_004_kani=true&JigyosyoCd=1473003232-00&ServiceCd=150&Type=search", "url2": "https://kaigo.s-re.jp/kg/genki/" }, "geometry": { "type": "Point", "coordinates": [ 139.469621498054948, 35.465821056663792 ] } },
{ "type": "Feature", "properties": { "内容": "デイサービスセンター福寿やまと中央【通所介護】神奈川県大和市中央4-14-9", "url": "https://www.kaigokensaku.mhlw.go.jp/14/index.php?action_kouhyou_detail_004_kani=true&JigyosyoCd=1473003240-00&ServiceCd=150&Type=search", "url2": "https://jala.co.jp/" }, "geometry": { "type": "Point", "coordinates": [ 139.455364264417994, 35.469378227059806 ] } },
{ "type": "Feature", "properties": { "内容": "あすかフィジカルセンター南林間【通所介護】神奈川県大和市南林間6-10-13ルネス南林間1階", "url": "https://www.kaigokensaku.mhlw.go.jp/14/index.php?action_kouhyou_detail_004_kani=true&JigyosyoCd=1473003323-00&ServiceCd=150&Type=search", "url2": "https://asuka-group.jp" }, "geometry": { "type": "Point", "coordinates": [ 139.4398067, 35.4919551 ] } },
{ "type": "Feature", "properties": { "内容": "ツクイやまと【通所介護】神奈川県大和市上草柳1-7-24", "url": "https://www.kaigokensaku.mhlw.go.jp/14/index.php?action_kouhyou_detail_004_kani=true&JigyosyoCd=1473003356-00&ServiceCd=150&Type=search", "url2": "https://www.tsukui.net/home-care/2250/" }, "geometry": { "type": "Point", "coordinates": [ 139.455681871163932, 35.476268446906765 ] } },
{ "type": "Feature", "properties": { "内容": "デイリハセンターひまわり　大和南【通所介護】神奈川県大和市福田3595-5", "url": "https://www.kaigokensaku.mhlw.go.jp/14/index.php?action_kouhyou_detail_004_kani=true&JigyosyoCd=1473003448-00&ServiceCd=150&Type=search", "url2": "https://www.s-carelife.com/" }, "geometry": { "type": "Point", "coordinates": [ 139.4593712, 35.4376701 ] } },
{ "type": "Feature", "properties": { "内容": "リハテラスつきみ野【通所介護】神奈川県大和市下鶴間656-1つきみ野サウスビル1F", "url": "https://www.kaigokensaku.mhlw.go.jp/14/index.php?action_kouhyou_detail_004_kani=true&JigyosyoCd=1473003513-00&ServiceCd=150&Type=search", "url2": "https://www.rehaterrace.com/store/store14.php" }, "geometry": { "type": "Point", "coordinates": [ 139.4606892, 35.5100054 ] } },
{ "type": "Feature", "properties": { "内容": "らいおんハートリハビリデイサービス鶴間【通所介護】神奈川県大和市上草柳7-10-30ヴィラエーデルワイス101号室", "url": "https://www.kaigokensaku.mhlw.go.jp/14/index.php?action_kouhyou_detail_004_kani=true&JigyosyoCd=1473003521-00&ServiceCd=150&Type=search", "url2": "https://lion-heart.co/" }, "geometry": { "type": "Point", "coordinates": [ 139.4523003, 35.4850812 ] } },
{ "type": "Feature", "properties": { "内容": "敬愛の園桜ヶ丘通所介護事業所【通所介護】神奈川県大和市上和田1088-1", "url": "https://www.kaigokensaku.mhlw.go.jp/14/index.php?action_kouhyou_detail_004_kani=true&JigyosyoCd=1473003604-00&ServiceCd=150&Type=search", "url2": "https://www.since1950-keiaikai-yamato.or.jp/facility.html#f-05" }, "geometry": { "type": "Point", "coordinates": [ 139.4745686, 35.4470194 ] } },
{ "type": "Feature", "properties": { "内容": "レッツ倶楽部大和【通所介護】神奈川県大和市深見3886番地23", "url": "https://www.kaigokensaku.mhlw.go.jp/14/index.php?action_kouhyou_detail_004_kani=true&JigyosyoCd=1473003638-00&ServiceCd=150&Type=search", "url2": "https://www.lets-club.jp/shop/yamato/" }, "geometry": { "type": "Point", "coordinates": [ 139.4669992, 35.4605127 ] } },
{ "type": "Feature", "properties": { "内容": "大和ＹＭＣＡデイサービスセンター【通所介護】神奈川県大和市大和東3-3-16", "url": "https://www.kaigokensaku.mhlw.go.jp/14/index.php?action_kouhyou_detail_004_kani=true&JigyosyoCd=1473000592-00&ServiceCd=150&Type=search", "url2": "https://www.yokohamaymca.org/facility/yamato-support/" }, "geometry": { "type": "Point", "coordinates": [ 139.4638754, 35.4719497 ] } },
{ "type": "Feature", "properties": { "内容": "地域福祉おもいで　デイサービス【通所介護】神奈川県大和市林間2-1-1リバゲイン　２階", "url": "https://www.kaigokensaku.mhlw.go.jp/14/index.php?action_kouhyou_detail_004_kani=true&JigyosyoCd=1473001582-00&ServiceCd=150&Type=search", "url2": null }, "geometry": { "type": "Point", "coordinates": [ 139.447825647380654, 35.496818766108554 ] } },
{ "type": "Feature", "properties": { "内容": "らいおんハートリハビリ温泉デイサービス中央林間【通所介護】神奈川県大和市下鶴間1777-3", "url": "https://www.kaigokensaku.mhlw.go.jp/14/index.php?action_kouhyou_detail_004_kani=true&JigyosyoCd=1473002556-00&ServiceCd=150&Type=search", "url2": "https://lion-heart.co/" }, "geometry": { "type": "Point", "coordinates": [ 139.45048840000004, 35.5007676 ] } },
{ "type": "Feature", "properties": { "内容": "ＳＯＭＰＯケア　ハッピーデイズ鶴間【通所介護】神奈川県大和市上草柳7-5-5ＳＯＭＰＯケア　ハッピーデイズ鶴間", "url": "https://www.kaigokensaku.mhlw.go.jp/14/index.php?action_kouhyou_detail_004_kani=true&JigyosyoCd=1473003034-00&ServiceCd=150&Type=search", "url2": "https://www.sompocare.com/service/zaitaku/dayservice/Z000010" }, "geometry": { "type": "Point", "coordinates": [ 139.45290030000001, 35.4843631 ] } },
{ "type": "Feature", "properties": { "内容": "SOMPOケア　ハッピーデイズ高座渋谷【通所介護】神奈川県大和市渋谷8-3-5イルミナーレ渋谷１階", "url": "https://www.kaigokensaku.mhlw.go.jp/14/index.php?action_kouhyou_detail_004_kani=true&JigyosyoCd=1473003042-00&ServiceCd=150&Type=search", "url2": "https://www.sompocare.com" }, "geometry": { "type": "Point", "coordinates": [ 139.465218, 35.4377124 ] } },
{ "type": "Feature", "properties": { "内容": "かがやきデイサービス大和【通所介護】神奈川県大和市深見東一丁目4番10号", "url": "https://www.kaigokensaku.mhlw.go.jp/14/index.php?action_kouhyou_detail_004_kani=true&JigyosyoCd=1473003711-00&ServiceCd=150&Type=search", "url2": "https://www.ymmdnr.jp/map/yamato.html" }, "geometry": { "type": "Point", "coordinates": [ 139.466330722090191, 35.478330026052859 ] } },
{ "type": "Feature", "properties": { "内容": "アクア大和デイサービス【通所介護】神奈川県大和市深見西8-5-2", "url": "https://www.kaigokensaku.mhlw.go.jp/14/index.php?action_kouhyou_detail_004_kani=true&JigyosyoCd=1473003752-00&ServiceCd=150&Type=search", "url2": null }, "geometry": { "type": "Point", "coordinates": [ 139.4604486, 35.4856466 ] } },
{ "type": "Feature", "properties": { "内容": "リジュブネイト・デイサービスゆこす【通所介護】神奈川県大和市西鶴間3-6-1ﾊｲﾈｽｱﾐﾃｨｰ1F2F120", "url": "https://www.kaigokensaku.mhlw.go.jp/14/index.php?action_kouhyou_detail_004_kani=true&JigyosyoCd=1473003844-00&ServiceCd=150&Type=search", "url2": "https://ucs-llc.jp/custom1.html" }, "geometry": { "type": "Point", "coordinates": [ 139.4518654, 35.4865199 ] } },
{ "type": "Feature", "properties": { "内容": "パナソニックエイジフリーケアセンター大和南林間・デイサービス【通所介護】神奈川県大和市下鶴間3015-19", "url": "https://www.kaigokensaku.mhlw.go.jp/14/index.php?action_kouhyou_detail_004_kani=true&JigyosyoCd=1473002879-00&ServiceCd=150&Type=search", "url2": "https://sumai.panasonic.jp/agefree/map/detail.php?id=347" }, "geometry": { "type": "Point", "coordinates": [ 139.453153379762284, 35.496655502389842 ] } },
{ "type": "Feature", "properties": { "内容": "まごころデイサービスセンター【通所介護】神奈川県大和市柳橋2-11まごころ地域福祉センター", "url": "https://www.kaigokensaku.mhlw.go.jp/14/index.php?action_kouhyou_detail_004_kani=true&JigyosyoCd=1473003679-00&ServiceCd=150&Type=search", "url2": "https://www.since1950-keiaikai-yamato.or.jp" }, "geometry": { "type": "Point", "coordinates": [ 139.463680666656501, 35.456437679884289 ] } },
{ "type": "Feature", "properties": { "内容": "高齢者総合支援センター泉心荘【通所介護】神奈川県伊勢原市三ノ宮511番地の1", "url": "https://www.kaigokensaku.mhlw.go.jp/14/index.php?action_kouhyou_detail_004_kani=true&JigyosyoCd=1474000039-00&ServiceCd=150&Type=search", "url2": "https://senshinso.or.jp/nursing-service-being" }, "geometry": { "type": "Point", "coordinates": [ 139.288451099999946, 35.4085338 ] } },
{ "type": "Feature", "properties": { "内容": "高齢者生活支援センター　らんの里【通所介護】神奈川県伊勢原市沼目６－１２５７", "url": "https://www.kaigokensaku.mhlw.go.jp/14/index.php?action_kouhyou_detail_004_kani=true&JigyosyoCd=1474000062-00&ServiceCd=150&Type=search", "url2": "http://showyoukai.com/" }, "geometry": { "type": "Point", "coordinates": [ 139.330338200000028, 35.3885651 ] } },
{ "type": "Feature", "properties": { "内容": "だいろく介護支援センター【通所介護】神奈川県伊勢原市子易1254-4", "url": "https://www.kaigokensaku.mhlw.go.jp/14/index.php?action_kouhyou_detail_004_kani=true&JigyosyoCd=1474000070-00&ServiceCd=150&Type=search", "url2": "http://dairoku.org" }, "geometry": { "type": "Point", "coordinates": [ 139.268636199999946, 35.4170294 ] } },
{ "type": "Feature", "properties": { "内容": "ケアセンター高森荘【通所介護】神奈川県伊勢原市高森7-806", "url": "https://www.kaigokensaku.mhlw.go.jp/14/index.php?action_kouhyou_detail_004_kani=true&JigyosyoCd=1474000112-00&ServiceCd=150&Type=search", "url2": "http://www.takamori-sou.jp" }, "geometry": { "type": "Point", "coordinates": [ 139.331879500000014, 35.4195697 ] } },
{ "type": "Feature", "properties": { "内容": "りんどうデイサービスセンター【通所介護】神奈川県伊勢原市板戸126-1", "url": "https://www.kaigokensaku.mhlw.go.jp/14/index.php?action_kouhyou_detail_004_kani=true&JigyosyoCd=1474000427-00&ServiceCd=150&Type=search", "url2": "https://www.hbc-rindou.co.jp/officeinfo/isehara/post11.html" }, "geometry": { "type": "Point", "coordinates": [ 139.297622199999978, 35.4022515 ] } },
{ "type": "Feature", "properties": { "内容": "ケアプロ２１いせはら【通所介護】神奈川県伊勢原市田中1154-10ケアプロ２１いせはら", "url": "https://www.kaigokensaku.mhlw.go.jp/14/index.php?action_kouhyou_detail_004_kani=true&JigyosyoCd=1474001037-00&ServiceCd=150&Type=search", "url2": "http://tcs-h.net" }, "geometry": { "type": "Point", "coordinates": [ 139.309940030194099, 35.404898285282535 ] } },
{ "type": "Feature", "properties": { "内容": "デイサービスセンター福寿いせはら上粕屋【通所介護】神奈川県伊勢原市上粕屋2545-1", "url": "https://www.kaigokensaku.mhlw.go.jp/14/index.php?action_kouhyou_detail_004_kani=true&JigyosyoCd=1474001078-00&ServiceCd=150&Type=search", "url2": "https://fuku-kaigo.jala.co.jp/jrh/isehara-kamikasuya/index.html" }, "geometry": { "type": "Point", "coordinates": [ 139.291248167459116, 35.420778574355616 ] } },
{ "type": "Feature", "properties": { "内容": "デイサービスセンター福寿いせはら小稲葉【通所介護】神奈川県伊勢原市小稲葉2611", "url": "https://www.kaigokensaku.mhlw.go.jp/14/index.php?action_kouhyou_detail_004_kani=true&JigyosyoCd=1474001359-00&ServiceCd=150&Type=search", "url2": "https://fuku-kaigo.jala.co.jp/jrh/isehara-koinaba/index.html" }, "geometry": { "type": "Point", "coordinates": [ 139.355871799999932, 35.3886985 ] } },
{ "type": "Feature", "properties": { "内容": "レジデンスりんどうデイサービスセンター【通所介護】神奈川県伊勢原市上粕屋765-1", "url": "https://www.kaigokensaku.mhlw.go.jp/14/index.php?action_kouhyou_detail_004_kani=true&JigyosyoCd=1474001375-00&ServiceCd=150&Type=search", "url2": "https://www.hbc-rindou.co.jp/officeinfo/isehara/post_14.html" }, "geometry": { "type": "Point", "coordinates": [ 139.29813665780398, 35.405380432176607 ] } },
{ "type": "Feature", "properties": { "内容": "R-studioPLUS＋【通所介護】神奈川県伊勢原市大住台1丁目12-4R-studioPLUS+", "url": "https://www.kaigokensaku.mhlw.go.jp/14/index.php?action_kouhyou_detail_004_kani=true&JigyosyoCd=1474001391-00&ServiceCd=150&Type=search", "url2": "https://www.re-ambitious.com" }, "geometry": { "type": "Point", "coordinates": [ 139.274822099999938, 35.3898822 ] } },
{ "type": "Feature", "properties": { "内容": "ツクイ伊勢原東大竹【通所介護】神奈川県伊勢原市東大竹1108-4", "url": "https://www.kaigokensaku.mhlw.go.jp/14/index.php?action_kouhyou_detail_004_kani=true&JigyosyoCd=1474001441-00&ServiceCd=150&Type=search", "url2": "https://www.tsukui.net" }, "geometry": { "type": "Point", "coordinates": [ 139.3131029, 35.3851943 ] } },
{ "type": "Feature", "properties": { "内容": "デイサービスココファン伊勢原【通所介護】神奈川県伊勢原市桜台4-5-7", "url": "https://www.kaigokensaku.mhlw.go.jp/14/index.php?action_kouhyou_detail_004_kani=true&JigyosyoCd=1474000922-00&ServiceCd=150&Type=search", "url2": "https://www.cocofump.co.jp/facilities/detail/isehara/" }, "geometry": { "type": "Point", "coordinates": [ 139.317356300000029, 35.3898536 ] } },
{ "type": "Feature", "properties": { "内容": "デイサービス唯の風　伊勢原高森【通所介護】神奈川県伊勢原市高森3004-7", "url": "https://www.kaigokensaku.mhlw.go.jp/14/index.php?action_kouhyou_detail_004_kani=true&JigyosyoCd=1474001318-00&ServiceCd=150&Type=search", "url2": null }, "geometry": { "type": "Point", "coordinates": [ 139.332443508073425, 35.409178070720998 ] } },
{ "type": "Feature", "properties": { "内容": "ケアステーションいたど通所介護事業所【通所介護】神奈川県伊勢原市板戸477-21", "url": "https://www.kaigokensaku.mhlw.go.jp/14/index.php?action_kouhyou_detail_004_kani=true&JigyosyoCd=1474000666-00&ServiceCd=150&Type=search", "url2": "http://koureikyou-k.com" }, "geometry": { "type": "Point", "coordinates": [ 139.302788299999946, 35.4014129 ] } },
{ "type": "Feature", "properties": { "内容": "りんどう２４６デイサービスセンター【通所介護】神奈川県伊勢原市板戸531-1", "url": "https://www.kaigokensaku.mhlw.go.jp/14/index.php?action_kouhyou_detail_004_kani=true&JigyosyoCd=1474000674-00&ServiceCd=150&Type=search", "url2": "https://www.hbc-rindou.co.jp/officeinfo/isehara/246.html" }, "geometry": { "type": "Point", "coordinates": [ 139.301746800000046, 35.3995992 ] } },
{ "type": "Feature", "properties": { "内容": "伊勢原ケアセンターそよ風【通所介護】神奈川県伊勢原市白根396-6", "url": "https://www.kaigokensaku.mhlw.go.jp/14/index.php?action_kouhyou_detail_004_kani=true&JigyosyoCd=1474001565-00&ServiceCd=150&Type=search", "url2": "https://www.sykz.co.jp/shisetsu-zaitaku/144741" }, "geometry": { "type": "Point", "coordinates": [ 139.293609800000013, 35.4022888 ] } },
{ "type": "Feature", "properties": { "内容": "えびな南高齢者施設【通所介護】神奈川県海老名市杉久保南3丁目31-6", "url": "https://www.kaigokensaku.mhlw.go.jp/14/index.php?action_kouhyou_detail_004_kani=true&JigyosyoCd=1474200050-00&ServiceCd=150&Type=search", "url2": "https://ebinaminami.com/" }, "geometry": { "type": "Point", "coordinates": [ 139.408304600000065, 35.4211018 ] } },
{ "type": "Feature", "properties": { "内容": "ニチイケアセンター海老名【通所介護】神奈川県海老名市大谷北4-5-18", "url": "https://www.kaigokensaku.mhlw.go.jp/14/index.php?action_kouhyou_detail_004_kani=true&JigyosyoCd=1474200167-00&ServiceCd=150&Type=search", "url2": "http://www.nichiigakkan.co.jp" }, "geometry": { "type": "Point", "coordinates": [ 139.400583, 35.438772 ] } },
{ "type": "Feature", "properties": { "内容": "ツクイ海老名杉久保【通所介護】神奈川県海老名市杉久保北5-7-39", "url": "https://www.kaigokensaku.mhlw.go.jp/14/index.php?action_kouhyou_detail_004_kani=true&JigyosyoCd=1474201538-00&ServiceCd=150&Type=search", "url2": "http://www.tsukui.net/search/2333/detail.html" }, "geometry": { "type": "Point", "coordinates": [ 139.4031057, 35.423665 ] } },
{ "type": "Feature", "properties": { "内容": "デイサービスセンターいきいき【通所介護】神奈川県海老名市社家３－20－7清有ビル1階", "url": "https://www.kaigokensaku.mhlw.go.jp/14/index.php?action_kouhyou_detail_004_kani=true&JigyosyoCd=1474201561-00&ServiceCd=150&Type=search", "url2": "https://jala.co.jp/facility/day-ikiiki/" }, "geometry": { "type": "Point", "coordinates": [ 139.383312794016945, 35.424160406747475 ] } },
{ "type": "Feature", "properties": { "内容": "デイリハセンターひまわり　さがみ野【通所介護】神奈川県海老名市東柏ケ谷３丁目17-13プレジールさがみ野　103", "url": "https://www.kaigokensaku.mhlw.go.jp/14/index.php?action_kouhyou_detail_004_kani=true&JigyosyoCd=1474201579-00&ServiceCd=150&Type=search", "url2": "https://www.s-carelife.com/" }, "geometry": { "type": "Point", "coordinates": [ 139.430182300000013, 35.4737081 ] } },
{ "type": "Feature", "properties": { "内容": "ウインズさがみ野JUMP!!【通所介護】神奈川県海老名市東柏ヶ谷1-16-17京ハイツ", "url": "https://www.kaigokensaku.mhlw.go.jp/14/index.php?action_kouhyou_detail_004_kani=true&JigyosyoCd=1474400585-00&ServiceCd=150&Type=search", "url2": "https://wings-sagamino.com/" }, "geometry": { "type": "Point", "coordinates": [ 139.425729028880596, 35.467128747799315 ] } },
{ "type": "Feature", "properties": { "内容": "老人デイサービスセンター　さつき【通所介護】神奈川県海老名市中央四丁目15番1号", "url": "https://www.kaigokensaku.mhlw.go.jp/14/index.php?action_kouhyou_detail_004_kani=true&JigyosyoCd=1474200316-00&ServiceCd=150&Type=search", "url2": "http://www.carenet.or.jp/satsuki/" }, "geometry": { "type": "Point", "coordinates": [ 139.3866117, 35.4485649 ] } },
{ "type": "Feature", "properties": { "内容": "えびな北高齢者施設【通所介護】神奈川県海老名市上今泉４－８－２８", "url": "https://www.kaigokensaku.mhlw.go.jp/14/index.php?action_kouhyou_detail_004_kani=true&JigyosyoCd=1474200605-00&ServiceCd=150&Type=search", "url2": "https://www.ebinakita.com/" }, "geometry": { "type": "Point", "coordinates": [ 139.402551899999906, 35.4699122 ] } },
{ "type": "Feature", "properties": { "内容": "ライフコート海老名ふるさと　デイサービスセンターさくらんぼ【通所介護】神奈川県海老名市本郷2666-1ライフコート海老名ふるさと", "url": "https://www.kaigokensaku.mhlw.go.jp/14/index.php?action_kouhyou_detail_004_kani=true&JigyosyoCd=1474201074-00&ServiceCd=150&Type=search", "url2": "http://www.care-sakuranbo.jp" }, "geometry": { "type": "Point", "coordinates": [ 139.3967798, 35.4072169 ] } },
{ "type": "Feature", "properties": { "内容": "ゆめの木えびな【通所介護】神奈川県海老名市東柏ヶ谷2－16－11セトビル1階　101号室", "url": "https://www.kaigokensaku.mhlw.go.jp/14/index.php?action_kouhyou_detail_004_kani=true&JigyosyoCd=1474201355-00&ServiceCd=150&Type=search", "url2": null }, "geometry": { "type": "Point", "coordinates": [ 139.425558300000034, 35.4690547 ] } },
{ "type": "Feature", "properties": { "内容": "ケアステーションあさひ海老名【通所介護】神奈川県海老名市杉久保北2丁目19番8号", "url": "https://www.kaigokensaku.mhlw.go.jp/14/index.php?action_kouhyou_detail_004_kani=true&JigyosyoCd=1474201405-00&ServiceCd=150&Type=search", "url2": null }, "geometry": { "type": "Point", "coordinates": [ 139.398324600000024, 35.4267816 ] } },
{ "type": "Feature", "properties": { "内容": "Aｋａｌａ【通所介護】神奈川県海老名市下今泉4-2-14グランツ海老名２F", "url": "https://www.kaigokensaku.mhlw.go.jp/14/index.php?action_kouhyou_detail_004_kani=true&JigyosyoCd=1474201660-00&ServiceCd=150&Type=search", "url2": "https://akala2023.com" }, "geometry": { "type": "Point", "coordinates": [ 139.388886512828094, 35.467984248967461 ] } },
{ "type": "Feature", "properties": { "内容": "ベルホーム居宅支援センター【通所介護】神奈川県座間市栗原１２６１－１", "url": "https://www.kaigokensaku.mhlw.go.jp/14/index.php?action_kouhyou_detail_004_kani=true&JigyosyoCd=1474100011-00&ServiceCd=150&Type=search", "url2": "https://www.bellhome.or.jp/" }, "geometry": { "type": "Point", "coordinates": [ 139.417326182139618, 35.500828891079998 ] } },
{ "type": "Feature", "properties": { "内容": "栗原ホーム第２ケアセンター【通所介護】神奈川県座間市栗原2382-8", "url": "https://www.kaigokensaku.mhlw.go.jp/14/index.php?action_kouhyou_detail_004_kani=true&JigyosyoCd=1474100144-00&ServiceCd=150&Type=search", "url2": "http://www.zama-keishinkai.or.jp/" }, "geometry": { "type": "Point", "coordinates": [ 139.416160170222525, 35.484792923475645 ] } },
{ "type": "Feature", "properties": { "内容": "ひばり介護デイサービス【通所介護】神奈川県座間市ひばりが丘1-41-1", "url": "https://www.kaigokensaku.mhlw.go.jp/14/index.php?action_kouhyou_detail_004_kani=true&JigyosyoCd=1474101159-00&ServiceCd=150&Type=search", "url2": null }, "geometry": { "type": "Point", "coordinates": [ 139.433001500000046, 35.4902701 ] } },
{ "type": "Feature", "properties": { "内容": "かなめデイサービス【通所介護】神奈川県座間市緑ヶ丘4-12-23フラゴラ301", "url": "https://www.kaigokensaku.mhlw.go.jp/14/index.php?action_kouhyou_detail_004_kani=true&JigyosyoCd=1474101340-00&ServiceCd=150&Type=search", "url2": "https://m-kaname.co.jp/free/kaname-day" }, "geometry": { "type": "Point", "coordinates": [ 139.4071841, 35.4946057 ] } },
{ "type": "Feature", "properties": { "内容": "デイサービスAz【通所介護】神奈川県座間市広野台1-25-11", "url": "https://www.kaigokensaku.mhlw.go.jp/14/index.php?action_kouhyou_detail_004_kani=true&JigyosyoCd=1474101431-00&ServiceCd=150&Type=search", "url2": "https://www.azgroup-medicalwelfare.com" }, "geometry": { "type": "Point", "coordinates": [ 139.418321699999979, 35.5057285 ] } },
{ "type": "Feature", "properties": { "内容": "ガンバワーク【通所介護】神奈川県座間市相模が丘5-15-45インプレスＢＬ１０１", "url": "https://www.kaigokensaku.mhlw.go.jp/14/index.php?action_kouhyou_detail_004_kani=true&JigyosyoCd=1474101548-00&ServiceCd=150&Type=search", "url2": null }, "geometry": { "type": "Point", "coordinates": [ 139.425514, 35.5126033 ] } },
{ "type": "Feature", "properties": { "内容": "デイサービスセンター福寿ざま相武台【通所介護】神奈川県座間市相武台2-32-20", "url": "https://www.kaigokensaku.mhlw.go.jp/14/index.php?action_kouhyou_detail_004_kani=true&JigyosyoCd=1474101688-00&ServiceCd=150&Type=search", "url2": "https://jala.co.jp/search-area/facility-area-list/#zama" }, "geometry": { "type": "Point", "coordinates": [ 139.412845718385284, 35.50214858453753 ] } },
{ "type": "Feature", "properties": { "内容": "特別養護老人ホーム　栗原ホーム【通所介護】神奈川県座間市栗原中央6-1-18", "url": "https://www.kaigokensaku.mhlw.go.jp/14/index.php?action_kouhyou_detail_004_kani=true&JigyosyoCd=1474100094-00&ServiceCd=150&Type=search", "url2": "http://www.zama-keishinkai.or.jp/" }, "geometry": { "type": "Point", "coordinates": [ 139.416908499999977, 35.4863431 ] } },
{ "type": "Feature", "properties": { "内容": "ケアセンター　憩【通所介護】神奈川県座間市相武台3-27-60", "url": "https://www.kaigokensaku.mhlw.go.jp/14/index.php?action_kouhyou_detail_004_kani=true&JigyosyoCd=1474100193-00&ServiceCd=150&Type=search", "url2": "https://kenkouigaku.co.jp/carecenter_ikoi/" }, "geometry": { "type": "Point", "coordinates": [ 139.412770812828057, 35.500968136019949 ] } },
{ "type": "Feature", "properties": { "内容": "デイサービスセンターサライ【通所介護】神奈川県座間市小松原一丁目17番15号", "url": "https://www.kaigokensaku.mhlw.go.jp/14/index.php?action_kouhyou_detail_004_kani=true&JigyosyoCd=1474100664-00&ServiceCd=150&Type=search", "url2": "https://saray-zama.com/" }, "geometry": { "type": "Point", "coordinates": [ 139.428102883467091, 35.49755640891744 ] } },
{ "type": "Feature", "properties": { "内容": "ブルーミングケア座間栗原中央【通所介護】神奈川県座間市栗原中央3-16-38", "url": "https://www.kaigokensaku.mhlw.go.jp/14/index.php?action_kouhyou_detail_004_kani=true&JigyosyoCd=1474101472-00&ServiceCd=150&Type=search", "url2": null }, "geometry": { "type": "Point", "coordinates": [ 139.41425994536894, 35.481831479856311 ] } },
{ "type": "Feature", "properties": { "内容": "アクア座間くりはらデイサービス【通所介護】神奈川県座間市南栗原2-3-3", "url": "https://www.kaigokensaku.mhlw.go.jp/14/index.php?action_kouhyou_detail_004_kani=true&JigyosyoCd=1474101712-00&ServiceCd=150&Type=search", "url2": null }, "geometry": { "type": "Point", "coordinates": [ 139.422730599999966, 35.4781687 ] } },
{ "type": "Feature", "properties": { "内容": "デイリハセンター煌　相武台【通所介護】神奈川県座間市相武台1-21-1", "url": "https://www.kaigokensaku.mhlw.go.jp/14/index.php?action_kouhyou_detail_004_kani=true&JigyosyoCd=1474101720-00&ServiceCd=150&Type=search", "url2": "https://mistralservice.co.jp/" }, "geometry": { "type": "Point", "coordinates": [ 139.412195, 35.5041107 ] } },
{ "type": "Feature", "properties": { "内容": "リハビリ通所介護悠座間四ツ谷【通所介護】神奈川県座間市四ツ谷372-1", "url": "https://www.kaigokensaku.mhlw.go.jp/14/index.php?action_kouhyou_detail_004_kani=true&JigyosyoCd=1474101753-00&ServiceCd=150&Type=search", "url2": "https://www.sps-koyugr.com/" }, "geometry": { "type": "Point", "coordinates": [ 139.384356, 35.473611 ] } },
{ "type": "Feature", "properties": { "内容": "デイサービスひばりの里【通所介護】神奈川県座間市ひばりが丘5-25-9", "url": "https://www.kaigokensaku.mhlw.go.jp/14/index.php?action_kouhyou_detail_004_kani=true&JigyosyoCd=1474101597-00&ServiceCd=150&Type=search", "url2": null }, "geometry": { "type": "Point", "coordinates": [ 139.4305103, 35.4900142 ] } },
{ "type": "Feature", "properties": { "内容": "デイサービス　ほうむ【通所介護】神奈川県南足柄市塚原2551-3", "url": "https://www.kaigokensaku.mhlw.go.jp/14/index.php?action_kouhyou_detail_004_kani=true&JigyosyoCd=1474300736-00&ServiceCd=150&Type=search", "url2": "http://hp.kaipoke.biz/x03/" }, "geometry": { "type": "Point", "coordinates": [ 139.125171477641601, 35.30224839229389 ] } },
{ "type": "Feature", "properties": { "内容": "さわやかホーム足柄【通所介護】神奈川県南足柄市飯沢４３５", "url": "https://www.kaigokensaku.mhlw.go.jp/14/index.php?action_kouhyou_detail_004_kani=true&JigyosyoCd=1474300124-00&ServiceCd=150&Type=search", "url2": "http://www.fujifilm.coop/service/kaigo/index.shtml#05" }, "geometry": { "type": "Point", "coordinates": [ 139.099834, 35.3137683 ] } },
{ "type": "Feature", "properties": { "内容": "デイサービス　和らぎ【通所介護】神奈川県南足柄市和田河原５７６", "url": "https://www.kaigokensaku.mhlw.go.jp/14/index.php?action_kouhyou_detail_004_kani=true&JigyosyoCd=1474300249-00&ServiceCd=150&Type=search", "url2": "http://www.yawaragi-kaigo.com" }, "geometry": { "type": "Point", "coordinates": [ 139.118553799999972, 35.3161885 ] } },
{ "type": "Feature", "properties": { "内容": "ヨウコーデイサービス相模沼田WEST【通所介護】神奈川県南足柄市岩原145-2", "url": "https://www.kaigokensaku.mhlw.go.jp/14/index.php?action_kouhyou_detail_004_kani=true&JigyosyoCd=1474300603-00&ServiceCd=150&Type=search", "url2": "https://kaigo-youko.com/" }, "geometry": { "type": "Point", "coordinates": [ 139.131420320237766, 35.295937388956425 ] } },
{ "type": "Feature", "properties": { "内容": "ツクイ南足柄【通所介護】神奈川県南足柄市雨坪439-1", "url": "https://www.kaigokensaku.mhlw.go.jp/14/index.php?action_kouhyou_detail_004_kani=true&JigyosyoCd=1474300637-00&ServiceCd=150&Type=search", "url2": "https://www.tsukui.net/" }, "geometry": { "type": "Point", "coordinates": [ 139.0946789, 35.3250047 ] } },
{ "type": "Feature", "properties": { "内容": "県西福祉センター【通所介護】神奈川県南足柄市三竹740番地3", "url": "https://www.kaigokensaku.mhlw.go.jp/14/index.php?action_kouhyou_detail_004_kani=true&JigyosyoCd=1474300686-00&ServiceCd=150&Type=search", "url2": "https://www.kensei-f.com/" }, "geometry": { "type": "Point", "coordinates": [ 139.117644254896106, 35.287427036274174 ] } },
{ "type": "Feature", "properties": { "内容": "デイリハセンターひまわり　綾瀬【通所介護】神奈川県綾瀬市寺尾中3-12-26寺尾中齋藤店舗Ａ１階", "url": "https://www.kaigokensaku.mhlw.go.jp/14/index.php?action_kouhyou_detail_004_kani=true&JigyosyoCd=1474401187-00&ServiceCd=150&Type=search", "url2": "https://www.s-carelife.com" }, "geometry": { "type": "Point", "coordinates": [ 139.425123, 35.4597398 ] } },
{ "type": "Feature", "properties": { "内容": "道志会居宅介護支援事業所【通所介護】神奈川県綾瀬市早川城山2-11-3", "url": "https://www.kaigokensaku.mhlw.go.jp/14/index.php?action_kouhyou_detail_004_kani=true&JigyosyoCd=1474400015-00&ServiceCd=150&Type=search", "url2": "https://www.doushikai.or.jp/home-care.html" }, "geometry": { "type": "Point", "coordinates": [ 139.4214485, 35.4361446 ] } },
{ "type": "Feature", "properties": { "内容": "居宅サービスセンター泉正園【通所介護】神奈川県綾瀬市上土棚南1-11-20", "url": "https://www.kaigokensaku.mhlw.go.jp/14/index.php?action_kouhyou_detail_004_kani=true&JigyosyoCd=1474400023-00&ServiceCd=150&Type=search", "url2": "https://senshoukai.com/" }, "geometry": { "type": "Point", "coordinates": [ 139.444269299999974, 35.4124208 ] } },
{ "type": "Feature", "properties": { "内容": "ニチイケアセンター綾瀬【通所介護】神奈川県綾瀬市深谷上１－１３－８", "url": "https://www.kaigokensaku.mhlw.go.jp/14/index.php?action_kouhyou_detail_004_kani=true&JigyosyoCd=1474400254-00&ServiceCd=150&Type=search", "url2": "http://www.nichii-kaigo.jp/" }, "geometry": { "type": "Point", "coordinates": [ 139.428395099999989, 35.4404609 ] } },
{ "type": "Feature", "properties": { "内容": "ヒューマンライフケア望地【通所介護】神奈川県綾瀬市小園1538-1メゾンサンサーラ1階", "url": "https://www.kaigokensaku.mhlw.go.jp/14/index.php?action_kouhyou_detail_004_kani=true&JigyosyoCd=1474400429-00&ServiceCd=150&Type=search", "url2": "https://kaigo.human-lifecare.jp/facilities/ds025_Mouchi/summary.html" }, "geometry": { "type": "Point", "coordinates": [ 139.407221199999981, 35.4538534 ] } },
{ "type": "Feature", "properties": { "内容": "ケアステーションあさひ綾瀬【通所介護】神奈川県綾瀬市寺尾南二丁目3番32号", "url": "https://www.kaigokensaku.mhlw.go.jp/14/index.php?action_kouhyou_detail_004_kani=true&JigyosyoCd=1474400684-00&ServiceCd=150&Type=search", "url2": null }, "geometry": { "type": "Point", "coordinates": [ 139.42732, 35.4481322 ] } },
{ "type": "Feature", "properties": { "内容": "デイサービスセンター　杜の郷【通所介護】神奈川県綾瀬市寺尾南１－５－３１", "url": "https://www.kaigokensaku.mhlw.go.jp/14/index.php?action_kouhyou_detail_004_kani=true&JigyosyoCd=1474400791-00&ServiceCd=150&Type=search", "url2": "https://www.senjyukai.jp/" }, "geometry": { "type": "Point", "coordinates": [ 139.42978370000003, 35.4480601 ] } },
{ "type": "Feature", "properties": { "内容": "ケアセンター　caren　かれん【通所介護】神奈川県綾瀬市深谷中　6-1-75", "url": "https://www.kaigokensaku.mhlw.go.jp/14/index.php?action_kouhyou_detail_004_kani=true&JigyosyoCd=1474400841-00&ServiceCd=150&Type=search", "url2": "http://www.lifeassist-caren.jp/" }, "geometry": { "type": "Point", "coordinates": [ 139.437117, 35.4350897 ] } },
{ "type": "Feature", "properties": { "内容": "エルケアセンターまなて【通所介護】神奈川県綾瀬市深谷中2-20-10", "url": "https://www.kaigokensaku.mhlw.go.jp/14/index.php?action_kouhyou_detail_004_kani=true&JigyosyoCd=1474400890-00&ServiceCd=150&Type=search", "url2": "https://www.manate.co.jp/" }, "geometry": { "type": "Point", "coordinates": [ 139.4230523, 35.4567093 ] } },
{ "type": "Feature", "properties": { "内容": "デイサービスセンター福寿あやせ寺尾台【通所介護】神奈川県綾瀬市寺尾台1-13-5-1", "url": "https://www.kaigokensaku.mhlw.go.jp/14/index.php?action_kouhyou_detail_004_kani=true&JigyosyoCd=1474400999-00&ServiceCd=150&Type=search", "url2": "http://fuku-kaigo.jala.co.jp" }, "geometry": { "type": "Point", "coordinates": [ 139.420947792065363, 35.457243122544604 ] } },
{ "type": "Feature", "properties": { "内容": "デイサービス綾瀬　シャンティ【通所介護】神奈川県綾瀬市深谷中2-2-46", "url": "https://www.kaigokensaku.mhlw.go.jp/14/index.php?action_kouhyou_detail_004_kani=true&JigyosyoCd=1474401054-00&ServiceCd=150&Type=search", "url2": null }, "geometry": { "type": "Point", "coordinates": [ 139.4332568, 35.4308977 ] } },
{ "type": "Feature", "properties": { "内容": "リハビリDayやさしい風【通所介護】神奈川県綾瀬市寺尾中4-9-38", "url": "https://www.kaigokensaku.mhlw.go.jp/14/index.php?action_kouhyou_detail_004_kani=true&JigyosyoCd=1474401211-00&ServiceCd=150&Type=search", "url2": null }, "geometry": { "type": "Point", "coordinates": [ 139.424495400000012, 35.4606646 ] } },
{ "type": "Feature", "properties": { "内容": "綾瀬西デイサービスセンター【通所介護】神奈川県綾瀬市早川1485-1", "url": "https://www.kaigokensaku.mhlw.go.jp/14/index.php?action_kouhyou_detail_004_kani=true&JigyosyoCd=1474400106-00&ServiceCd=150&Type=search", "url2": "https://www.doushikai.or.jp/corporation/ayase/" }, "geometry": { "type": "Point", "coordinates": [ 139.41309600317993, 35.436210678463695 ] } },
{ "type": "Feature", "properties": { "内容": "水車会　綾瀬の里【通所介護】神奈川県綾瀬市早川1659-3", "url": "https://www.kaigokensaku.mhlw.go.jp/14/index.php?action_kouhyou_detail_004_kani=true&JigyosyoCd=1474400320-00&ServiceCd=150&Type=search", "url2": "http://ayasenosato.com/" }, "geometry": { "type": "Point", "coordinates": [ 139.41170740000004, 35.4375722 ] } },
{ "type": "Feature", "properties": { "内容": "綾瀬ケアセンターそよ風【通所介護】神奈川県綾瀬市上土棚中3-9-24", "url": "https://www.kaigokensaku.mhlw.go.jp/14/index.php?action_kouhyou_detail_004_kani=true&JigyosyoCd=1474400569-00&ServiceCd=150&Type=search", "url2": "https://www.sykz.co.jp/" }, "geometry": { "type": "Point", "coordinates": [ 139.451738299999988, 35.4172261 ] } },
{ "type": "Feature", "properties": { "内容": "リハビリデイサービスなでしこ【通所介護】神奈川県綾瀬市綾西4－7－1髙部貸店舗１階", "url": "https://www.kaigokensaku.mhlw.go.jp/14/index.php?action_kouhyou_detail_004_kani=true&JigyosyoCd=1474401096-00&ServiceCd=150&Type=search", "url2": null }, "geometry": { "type": "Point", "coordinates": [ 139.4133553, 35.4317895 ] } },
{ "type": "Feature", "properties": { "内容": "リハビリデイサービスおさんぽ【通所介護】神奈川県綾瀬市寺尾南2-13-25", "url": "https://www.kaigokensaku.mhlw.go.jp/14/index.php?action_kouhyou_detail_004_kani=true&JigyosyoCd=1474401104-00&ServiceCd=150&Type=search", "url2": "https://sites.google.com/view/rds-osanpo" }, "geometry": { "type": "Point", "coordinates": [ 139.4266998, 35.4518821 ] } },
{ "type": "Feature", "properties": { "内容": "デイサービス　ひばり【通所介護】神奈川県綾瀬市上土棚北5-8-21森滝ビル　３Ｆ", "url": "https://www.kaigokensaku.mhlw.go.jp/14/index.php?action_kouhyou_detail_004_kani=true&JigyosyoCd=1474401112-00&ServiceCd=150&Type=search", "url2": "https://sites.google.com/view/dmchibari/" }, "geometry": { "type": "Point", "coordinates": [ 139.4537086, 35.4199882 ] } },
{ "type": "Feature", "properties": { "内容": "入浴特化型デイサービス　つばきの湯【通所介護】神奈川県綾瀬市落合北4-12-53", "url": "https://www.kaigokensaku.mhlw.go.jp/14/index.php?action_kouhyou_detail_004_kani=true&JigyosyoCd=1474401138-00&ServiceCd=150&Type=search", "url2": "https://www.nanohana.page/tsubaki/" }, "geometry": { "type": "Point", "coordinates": [ 139.4396304, 35.4212633 ] } },
{ "type": "Feature", "properties": { "内容": "生活リハビリクラブ葉山【通所介護】神奈川県三浦郡葉山町長柄1275-1", "url": "https://www.kaigokensaku.mhlw.go.jp/14/index.php?action_kouhyou_detail_004_kani=true&JigyosyoCd=1471100030-00&ServiceCd=150&Type=search", "url2": "http://kanagawa.seikatsuclub.coop/" }, "geometry": { "type": "Point", "coordinates": [ 139.590025601396974, 35.284667955175223 ] } },
{ "type": "Feature", "properties": { "内容": "葉山クリニックデイサービス「元気」【通所介護】神奈川県三浦郡葉山町上山口3182", "url": "https://www.kaigokensaku.mhlw.go.jp/14/index.php?action_kouhyou_detail_004_kani=true&JigyosyoCd=1471100162-00&ServiceCd=150&Type=search", "url2": "https://www.k-minami.or.jp" }, "geometry": { "type": "Point", "coordinates": [ 139.619060399999967, 35.267078 ] } },
{ "type": "Feature", "properties": { "内容": "デイサービス　ARK葉山の森【通所介護】神奈川県三浦郡葉山町一色395-1", "url": "https://www.kaigokensaku.mhlw.go.jp/14/index.php?action_kouhyou_detail_004_kani=true&JigyosyoCd=1471100311-00&ServiceCd=150&Type=search", "url2": "http://www.hayama-hills.com/" }, "geometry": { "type": "Point", "coordinates": [ 139.596744572474677, 35.264408637017183 ] } },
{ "type": "Feature", "properties": { "内容": "らいおんハートリハビリデイサービス葉山フットパワー【通所介護】神奈川県三浦郡葉山町長柄8-3", "url": "https://www.kaigokensaku.mhlw.go.jp/14/index.php?action_kouhyou_detail_004_kani=true&JigyosyoCd=1471100436-00&ServiceCd=150&Type=search", "url2": "https://lion-heart.co/html/hayama.html" }, "geometry": { "type": "Point", "coordinates": [ 139.579668, 35.2799567 ] } },
{ "type": "Feature", "properties": { "内容": "葉山清寿苑　デイサービスセンター【通所介護】神奈川県三浦郡葉山町上山口1669", "url": "https://www.kaigokensaku.mhlw.go.jp/14/index.php?action_kouhyou_detail_004_kani=true&JigyosyoCd=1471100089-00&ServiceCd=150&Type=search", "url2": "https://www.hakuou.or.jp/hayama.html" }, "geometry": { "type": "Point", "coordinates": [ 139.602367400000048, 35.2631534 ] } },
{ "type": "Feature", "properties": { "内容": "デイ茶利【通所介護】神奈川県三浦郡葉山町堀内2012", "url": "https://www.kaigokensaku.mhlw.go.jp/14/index.php?action_kouhyou_detail_004_kani=true&JigyosyoCd=1471100477-00&ServiceCd=150&Type=search", "url2": null }, "geometry": { "type": "Point", "coordinates": [ 139.581419599999975, 35.2726383 ] } },
{ "type": "Feature", "properties": { "内容": "デイサービスセンター福寿さむかわ【通所介護】神奈川県高座郡寒川町宮山923-1", "url": "https://www.kaigokensaku.mhlw.go.jp/14/index.php?action_kouhyou_detail_004_kani=true&JigyosyoCd=1471200426-00&ServiceCd=150&Type=search", "url2": "https://jala.co.jp/facility/f-samukawa/" }, "geometry": { "type": "Point", "coordinates": [ 139.386538500000029, 35.3745057 ] } },
{ "type": "Feature", "properties": { "内容": "寒川ホーム　デイサービス【通所介護】神奈川県高座郡寒川町小谷1-13-5特別養護老人ホーム　寒川ホーム１階", "url": "https://www.kaigokensaku.mhlw.go.jp/14/index.php?action_kouhyou_detail_004_kani=true&JigyosyoCd=1471200111-00&ServiceCd=150&Type=search", "url2": "https://www.samukawahome.com" }, "geometry": { "type": "Point", "coordinates": [ 139.397571400000061, 35.3804528 ] } },
{ "type": "Feature", "properties": { "内容": "デイサービスケアセンター　きくの郷【通所介護】神奈川県高座郡寒川町小動622", "url": "https://www.kaigokensaku.mhlw.go.jp/14/index.php?action_kouhyou_detail_004_kani=true&JigyosyoCd=1471200160-00&ServiceCd=150&Type=search", "url2": "http://senju-kai.com/特別養護老人ホーム%e3%80%80きくの郷/" }, "geometry": { "type": "Point", "coordinates": [ 139.396860299999958, 35.3864411 ] } },
{ "type": "Feature", "properties": { "内容": "ミモザ寒川【通所介護】神奈川県高座郡寒川町倉見３６５", "url": "https://www.kaigokensaku.mhlw.go.jp/14/index.php?action_kouhyou_detail_004_kani=true&JigyosyoCd=1471200285-00&ServiceCd=150&Type=search", "url2": "https://mimoza-care.com/facility/paid-nursing-home/post-2705/" }, "geometry": { "type": "Point", "coordinates": [ 139.380299899999955, 35.4002615 ] } },
{ "type": "Feature", "properties": { "内容": "きくの郷　デイリハ【通所介護】神奈川県高座郡寒川町小動622", "url": "https://www.kaigokensaku.mhlw.go.jp/14/index.php?action_kouhyou_detail_004_kani=true&JigyosyoCd=1471200541-00&ServiceCd=150&Type=search", "url2": "https://www.senju-kai.com/" }, "geometry": { "type": "Point", "coordinates": [ 139.396860299999958, 35.3864411 ] } },
{ "type": "Feature", "properties": { "内容": "笑顔のえき　くらみ【通所介護】神奈川県高座郡寒川町倉見933", "url": "https://www.kaigokensaku.mhlw.go.jp/14/index.php?action_kouhyou_detail_004_kani=true&JigyosyoCd=1471200608-00&ServiceCd=150&Type=search", "url2": "http://hp.kaipoke.biz/477/" }, "geometry": { "type": "Point", "coordinates": [ 139.380884500000036, 35.395127400000021 ] } },
{ "type": "Feature", "properties": { "内容": "Lacasa春夏秋冬【通所介護】神奈川県高座郡寒川町倉見2243", "url": "https://www.kaigokensaku.mhlw.go.jp/14/index.php?action_kouhyou_detail_004_kani=true&JigyosyoCd=1471200509-00&ServiceCd=150&Type=search", "url2": "http://www.m-and-j.co.jp/la-casa/" }, "geometry": { "type": "Point", "coordinates": [ 139.393035400000031, 35.3951901 ] } },
{ "type": "Feature", "properties": { "内容": "ほねつぎデイサービス寒川【通所介護】神奈川県高座郡寒川町岡田6-10-21", "url": "https://www.kaigokensaku.mhlw.go.jp/14/index.php?action_kouhyou_detail_004_kani=true&JigyosyoCd=1471200715-00&ServiceCd=150&Type=search", "url2": "https://www.honetsugi-kaigo.com/" }, "geometry": { "type": "Point", "coordinates": [ 139.395562671163901, 35.376250535658528 ] } },
{ "type": "Feature", "properties": { "内容": "リハビリDay春夏秋冬【通所介護】神奈川県高座郡寒川町岡田5-1-8", "url": "https://www.kaigokensaku.mhlw.go.jp/14/index.php?action_kouhyou_detail_004_kani=true&JigyosyoCd=1471200657-00&ServiceCd=150&Type=search", "url2": "http://www.m-and-j.co.jp/season_rehabilitation/" }, "geometry": { "type": "Point", "coordinates": [ 139.39187566315448, 35.371593844333255 ] } },
{ "type": "Feature", "properties": { "内容": "りんどうデイサービスセンター大磯【通所介護】神奈川県中郡大磯町国府本郷１１９８", "url": "https://www.kaigokensaku.mhlw.go.jp/14/index.php?action_kouhyou_detail_004_kani=true&JigyosyoCd=1471300499-00&ServiceCd=150&Type=search", "url2": "https://www.hbc-rindou.co.jp/officeinfo/oiso/post_4.html" }, "geometry": { "type": "Point", "coordinates": [ 139.285024499999963, 35.3089328 ] } },
{ "type": "Feature", "properties": { "内容": "りんどうデイサービスセンター国府【通所介護】神奈川県中郡大磯町国府本郷1199", "url": "https://www.kaigokensaku.mhlw.go.jp/14/index.php?action_kouhyou_detail_004_kani=true&JigyosyoCd=1471300564-00&ServiceCd=150&Type=search", "url2": "https://www.hbc-rindou.co.jp/officeinfo/oiso/post_3.html" }, "geometry": { "type": "Point", "coordinates": [ 139.285754900000029, 35.3091522 ] } },
{ "type": "Feature", "properties": { "内容": "百笑　大磯の家【通所介護】神奈川県中郡大磯町月京30-7", "url": "https://www.kaigokensaku.mhlw.go.jp/14/index.php?action_kouhyou_detail_004_kani=true&JigyosyoCd=1471300929-00&ServiceCd=150&Type=search", "url2": null }, "geometry": { "type": "Point", "coordinates": [ 139.274416201852404, 35.3097357907182 ] } },
{ "type": "Feature", "properties": { "内容": "メゾン・二宮【通所介護】神奈川県中郡二宮町一色１４３５－１", "url": "https://www.kaigokensaku.mhlw.go.jp/14/index.php?action_kouhyou_detail_004_kani=true&JigyosyoCd=1471300085-00&ServiceCd=150&Type=search", "url2": "http://ittokai.or.jp/mezon_ninomiya/index2.html" }, "geometry": { "type": "Point", "coordinates": [ 139.245191500000033, 35.3160365 ] } },
{ "type": "Feature", "properties": { "内容": "デイスタジオ・オリーブ【通所介護】神奈川県中郡二宮町川匂334-2", "url": "https://www.kaigokensaku.mhlw.go.jp/14/index.php?action_kouhyou_detail_004_kani=true&JigyosyoCd=1471300820-00&ServiceCd=150&Type=search", "url2": "http://www.nccs-olive.com" }, "geometry": { "type": "Point", "coordinates": [ 139.235734365606731, 35.29857060202464 ] } },
{ "type": "Feature", "properties": { "内容": "にのみやデイサービス　ともの家【通所介護】神奈川県中郡二宮町山西24", "url": "https://www.kaigokensaku.mhlw.go.jp/14/index.php?action_kouhyou_detail_004_kani=true&JigyosyoCd=1471300887-00&ServiceCd=150&Type=search", "url2": "http://hp.kaipoke.biz/0pu/88932/index_0004.html" }, "geometry": { "type": "Point", "coordinates": [ 139.253518031877121, 35.296311462430552 ] } },
{ "type": "Feature", "properties": { "内容": "湘南二宮デイサービスセンター　はなの杜【通所介護】神奈川県中郡二宮町川匂206-1", "url": "https://www.kaigokensaku.mhlw.go.jp/14/index.php?action_kouhyou_detail_004_kani=true&JigyosyoCd=1471300275-00&ServiceCd=150&Type=search", "url2": "https://www.ittokai.or.jp/facility/はなの杜/" }, "geometry": { "type": "Point", "coordinates": [ 139.239273, 35.296436 ] } },
{ "type": "Feature", "properties": { "内容": "デイサービス　フォルテシモ二宮【通所介護】神奈川県中郡二宮町二宮821番の19", "url": "https://www.kaigokensaku.mhlw.go.jp/14/index.php?action_kouhyou_detail_004_kani=true&JigyosyoCd=1471300622-00&ServiceCd=150&Type=search", "url2": null }, "geometry": { "type": "Point", "coordinates": [ 139.258843800000022, 35.299858 ] } },
{ "type": "Feature", "properties": { "内容": "中井富士白苑　居宅介護支援センター【通所介護】神奈川県足柄上郡中井町井ノ口2305‐4", "url": "https://www.kaigokensaku.mhlw.go.jp/14/index.php?action_kouhyou_detail_004_kani=true&JigyosyoCd=1471400323-00&ServiceCd=150&Type=search", "url2": "https://www.fujishiroen.or.jp/nakai" }, "geometry": { "type": "Point", "coordinates": [ 139.228939800000035, 35.3423769 ] } },
{ "type": "Feature", "properties": { "内容": "フィットケアカネコ【通所介護】神奈川県足柄上郡中井町遠藤156-1", "url": "https://www.kaigokensaku.mhlw.go.jp/14/index.php?action_kouhyou_detail_004_kani=true&JigyosyoCd=1471400604-00&ServiceCd=150&Type=search", "url2": "http://www.fckaneko.com/" }, "geometry": { "type": "Point", "coordinates": [ 139.2219599, 35.3185802 ] } },
{ "type": "Feature", "properties": { "内容": "サバティ神奈川秦野中井店【通所介護】神奈川県足柄上郡中井町井ノ口2796-3", "url": "https://www.kaigokensaku.mhlw.go.jp/14/index.php?action_kouhyou_detail_004_kani=true&JigyosyoCd=1471400851-00&ServiceCd=150&Type=search", "url2": "http://www.cavaty.jp/index.html" }, "geometry": { "type": "Point", "coordinates": [ 139.234108800000058, 35.3462598 ] } },
{ "type": "Feature", "properties": { "内容": "デイサービス　イルカの家【通所介護】神奈川県足柄上郡大井町金子1016", "url": "https://www.kaigokensaku.mhlw.go.jp/14/index.php?action_kouhyou_detail_004_kani=true&JigyosyoCd=1471400497-00&ServiceCd=150&Type=search", "url2": "http://www.liftec.biz/" }, "geometry": { "type": "Point", "coordinates": [ 139.146312711079759, 35.333885094067334 ] } },
{ "type": "Feature", "properties": { "内容": "カルチャーリゾート大井【通所介護】神奈川県足柄上郡大井町金子７０３", "url": "https://www.kaigokensaku.mhlw.go.jp/14/index.php?action_kouhyou_detail_004_kani=true&JigyosyoCd=1471400844-00&ServiceCd=150&Type=search", "url2": "http://the-kenkoukan.com" }, "geometry": { "type": "Point", "coordinates": [ 139.149163600000065, 35.3393361 ] } },
{ "type": "Feature", "properties": { "内容": "あしがら広域福祉センター【通所介護】神奈川県足柄上郡大井町西大井1055番地", "url": "https://www.kaigokensaku.mhlw.go.jp/14/index.php?action_kouhyou_detail_004_kani=true&JigyosyoCd=1471400935-00&ServiceCd=150&Type=search", "url2": "http://www.kanagawa-swc.com/hikarinosato/" }, "geometry": { "type": "Point", "coordinates": [ 139.14774239999997, 35.3220331 ] } },
{ "type": "Feature", "properties": { "内容": "デイサービスセンター福寿まつだ神山【通所介護】神奈川県足柄上郡松田町神山438-1", "url": "https://www.kaigokensaku.mhlw.go.jp/14/index.php?action_kouhyou_detail_004_kani=true&JigyosyoCd=1471401149-00&ServiceCd=150&Type=search", "url2": "https://jala.co.jp" }, "geometry": { "type": "Point", "coordinates": [ 139.1535623, 35.3511984 ] } },
{ "type": "Feature", "properties": { "内容": "バーデンライフ山北【通所介護】神奈川県足柄上郡山北町山北２０２", "url": "https://www.kaigokensaku.mhlw.go.jp/14/index.php?action_kouhyou_detail_004_kani=true&JigyosyoCd=1471400380-00&ServiceCd=150&Type=search", "url2": "http://www.badenlife.jp/" }, "geometry": { "type": "Point", "coordinates": [ 139.089899699999933, 35.3624937 ] } },
{ "type": "Feature", "properties": { "内容": "あずみ苑山北【通所介護】神奈川県足柄上郡山北町岸133", "url": "https://www.kaigokensaku.mhlw.go.jp/14/index.php?action_kouhyou_detail_004_kani=true&JigyosyoCd=1471401057-00&ServiceCd=150&Type=search", "url2": "https://www.azumien.jp/search/yamakita/" }, "geometry": { "type": "Point", "coordinates": [ 139.0999098, 35.3547131 ] } },
{ "type": "Feature", "properties": { "内容": "リハビリSPA　ひより【通所介護】神奈川県足柄上郡開成町みなみ　５丁目４番地１４サウスポート　燈", "url": "https://www.kaigokensaku.mhlw.go.jp/14/index.php?action_kouhyou_detail_004_kani=true&JigyosyoCd=1471401131-00&ServiceCd=150&Type=search", "url2": "https://southport.jp/hiyori/" }, "geometry": { "type": "Point", "coordinates": [ 139.1278161, 35.3205872 ] } },
{ "type": "Feature", "properties": { "内容": "デイサービスセンター　大和【通所介護】神奈川県足柄上郡開成町吉田島4454番地１", "url": "https://www.kaigokensaku.mhlw.go.jp/14/index.php?action_kouhyou_detail_004_kani=true&JigyosyoCd=1471400547-00&ServiceCd=150&Type=search", "url2": null }, "geometry": { "type": "Point", "coordinates": [ 139.1336353, 35.3232769 ] } },
{ "type": "Feature", "properties": { "内容": "通所介護施設グロリアスデイ【通所介護】神奈川県足柄上郡開成町宮台188-1-2", "url": "https://www.kaigokensaku.mhlw.go.jp/14/index.php?action_kouhyou_detail_004_kani=true&JigyosyoCd=1471400950-00&ServiceCd=150&Type=search", "url2": null }, "geometry": { "type": "Point", "coordinates": [ 139.121359707131887, 35.328701982294284 ] } },
{ "type": "Feature", "properties": { "内容": "デイサービスセンター福寿かいせい金井島【通所介護】神奈川県足柄上郡開成町金井島1389-1", "url": "https://www.kaigokensaku.mhlw.go.jp/14/index.php?action_kouhyou_detail_004_kani=true&JigyosyoCd=1471401040-00&ServiceCd=150&Type=search", "url2": "https://jala.co.jp/facility/f-kaisei-kanaishima/" }, "geometry": { "type": "Point", "coordinates": [ 139.1181426, 35.3419911 ] } },
{ "type": "Feature", "properties": { "内容": "みんなの家【通所介護】神奈川県足柄上郡開成町延沢１１４０", "url": "https://www.kaigokensaku.mhlw.go.jp/14/index.php?action_kouhyou_detail_004_kani=true&JigyosyoCd=1471400240-00&ServiceCd=150&Type=search", "url2": null }, "geometry": { "type": "Point", "coordinates": [ 139.120207157672098, 35.339251751819646 ] } },
{ "type": "Feature", "properties": { "内容": "短時間型デイサービス　リハビリSPA　ザ・プライム開成みなみ【通所介護】神奈川県足柄上郡開成町みなみ5－4－17", "url": "https://www.kaigokensaku.mhlw.go.jp/14/index.php?action_kouhyou_detail_004_kani=true&JigyosyoCd=1471400984-00&ServiceCd=150&Type=search", "url2": "http://www.southport.jp" }, "geometry": { "type": "Point", "coordinates": [ 139.128043593917823, 35.320739541369626 ] } },
{ "type": "Feature", "properties": { "内容": "ミモザ白寿庵真鶴【通所介護】神奈川県足柄下郡真鶴町真鶴1819-1", "url": "https://www.kaigokensaku.mhlw.go.jp/14/index.php?action_kouhyou_detail_004_kani=true&JigyosyoCd=1471500601-00&ServiceCd=150&Type=search", "url2": "https://mimoza-care.com/facility/day-service/post-1843/" }, "geometry": { "type": "Point", "coordinates": [ 139.132519900000034, 35.1561148 ] } },
{ "type": "Feature", "properties": { "内容": "心花春【通所介護】神奈川県足柄下郡湯河原町鍛冶屋627", "url": "https://www.kaigokensaku.mhlw.go.jp/14/index.php?action_kouhyou_detail_004_kani=true&JigyosyoCd=1471500049-00&ServiceCd=150&Type=search", "url2": "https://koharu-yugawara.jp/" }, "geometry": { "type": "Point", "coordinates": [ 139.111168799999973, 35.158877 ] } },
{ "type": "Feature", "properties": { "内容": "トゥ・スマイルケアセンター湯河原事業所【通所介護】神奈川県足柄下郡湯河原町土肥5-15-7", "url": "https://www.kaigokensaku.mhlw.go.jp/14/index.php?action_kouhyou_detail_004_kani=true&JigyosyoCd=1471500437-00&ServiceCd=150&Type=search", "url2": null }, "geometry": { "type": "Point", "coordinates": [ 139.0979595, 35.1415723 ] } },
{ "type": "Feature", "properties": { "内容": "デイサービス千歳川【通所介護】神奈川県足柄下郡湯河原町宮上１３８１F", "url": "https://www.kaigokensaku.mhlw.go.jp/14/index.php?action_kouhyou_detail_004_kani=true&JigyosyoCd=1471500445-00&ServiceCd=150&Type=search", "url2": "https://the-kenkoukan.com/" }, "geometry": { "type": "Point", "coordinates": [ 139.087713200000053, 35.1412109 ] } },
{ "type": "Feature", "properties": { "内容": "ゆが原整形リハビリ塾【通所介護】神奈川県足柄下郡湯河原町土肥5-2-3シャリエ湯河原桜木公園101号", "url": "https://www.kaigokensaku.mhlw.go.jp/14/index.php?action_kouhyou_detail_004_kani=true&JigyosyoCd=1471500841-00&ServiceCd=150&Type=search", "url2": "http://yugawara-seikei.com/rehabilitation.html" }, "geometry": { "type": "Point", "coordinates": [ 139.100725900000043, 35.1433445 ] } },
{ "type": "Feature", "properties": { "内容": "ふらっと湯河原【通所介護】神奈川県足柄下郡湯河原町土肥1-13-3", "url": "https://www.kaigokensaku.mhlw.go.jp/14/index.php?action_kouhyou_detail_004_kani=true&JigyosyoCd=1471500874-00&ServiceCd=150&Type=search", "url2": "http://ashigara-reha.jp/" }, "geometry": { "type": "Point", "coordinates": [ 139.10433169999996, 35.143964200000021 ] } },
{ "type": "Feature", "properties": { "内容": "プリミエール湯河原【通所介護】神奈川県足柄下郡湯河原町宮上７６", "url": "https://www.kaigokensaku.mhlw.go.jp/14/index.php?action_kouhyou_detail_004_kani=true&JigyosyoCd=1471500999-00&ServiceCd=150&Type=search", "url2": null }, "geometry": { "type": "Point", "coordinates": [ 139.089329799999973, 35.1408776 ] } },
{ "type": "Feature", "properties": { "内容": "まごころデイサービスアネックス【通所介護】神奈川県足柄下郡湯河原町中央1丁目7番地12", "url": "https://www.kaigokensaku.mhlw.go.jp/14/index.php?action_kouhyou_detail_004_kani=true&JigyosyoCd=1471501039-00&ServiceCd=150&Type=search", "url2": null }, "geometry": { "type": "Point", "coordinates": [ 139.10885746212918, 35.147123353040016 ] } },
{ "type": "Feature", "properties": { "内容": "まごころデイサービスモデラート【通所介護】神奈川県足柄下郡湯河原町土肥五丁目18−２７", "url": "https://www.kaigokensaku.mhlw.go.jp/14/index.php?action_kouhyou_detail_004_kani=true&JigyosyoCd=1471501062-00&ServiceCd=150&Type=search", "url2": "http://www.richfield.co.jp" }, "geometry": { "type": "Point", "coordinates": [ 139.100609100000014, 35.1411242 ] } },
{ "type": "Feature", "properties": { "内容": "まごころデイサービス　リベルタス【通所介護】神奈川県足柄下郡湯河原町城堀62-4", "url": "https://www.kaigokensaku.mhlw.go.jp/14/index.php?action_kouhyou_detail_004_kani=true&JigyosyoCd=1471501088-00&ServiceCd=150&Type=search", "url2": "http://richfield.co.jp/dayservice.html" }, "geometry": { "type": "Point", "coordinates": [ 139.10634169325408, 35.146080262029891 ] } },
{ "type": "Feature", "properties": { "内容": "シニア倶楽部湯河原【通所介護】神奈川県足柄下郡湯河原町中央2-18-19", "url": "https://www.kaigokensaku.mhlw.go.jp/14/index.php?action_kouhyou_detail_004_kani=true&JigyosyoCd=1471500288-00&ServiceCd=150&Type=search", "url2": "http://the-kenkoukan.com/" }, "geometry": { "type": "Point", "coordinates": [ 139.112900536210987, 35.147834288117352 ] } },
{ "type": "Feature", "properties": { "内容": "まごころデイサービス杉の宿【通所介護】神奈川県足柄下郡湯河原町鍛冶屋923-30", "url": "https://www.kaigokensaku.mhlw.go.jp/14/index.php?action_kouhyou_detail_004_kani=true&JigyosyoCd=1471501153-00&ServiceCd=150&Type=search", "url2": "https://www.richfield.co.jp/dayservise.html" }, "geometry": { "type": "Point", "coordinates": [ 139.0954882, 35.16431 ] } },
{ "type": "Feature", "properties": { "内容": "ミノワ居宅介護支援センター【通所介護】神奈川県愛甲郡愛川町角田140-3", "url": "https://www.kaigokensaku.mhlw.go.jp/14/index.php?action_kouhyou_detail_004_kani=true&JigyosyoCd=1471600013-00&ServiceCd=150&Type=search", "url2": "https://aikawa-shunjukai.jp/minowahome/" }, "geometry": { "type": "Point", "coordinates": [ 139.325566400000071, 35.5257016 ] } },
{ "type": "Feature", "properties": { "内容": "志田山ホーム【通所介護】神奈川県愛甲郡愛川町三増２７２７", "url": "https://www.kaigokensaku.mhlw.go.jp/14/index.php?action_kouhyou_detail_004_kani=true&JigyosyoCd=1471600021-00&ServiceCd=150&Type=search", "url2": "http://www.shidasanho-mu.jp" }, "geometry": { "type": "Point", "coordinates": [ 139.285950100000036, 35.5405326 ] } },
{ "type": "Feature", "properties": { "内容": "ＪＡデイサービスセンターあいかわ【通所介護】神奈川県愛甲郡愛川町半原4102", "url": "https://www.kaigokensaku.mhlw.go.jp/14/index.php?action_kouhyou_detail_004_kani=true&JigyosyoCd=1471600153-00&ServiceCd=150&Type=search", "url2": "http://www.kouseiren.net/hokenfukusi/" }, "geometry": { "type": "Point", "coordinates": [ 139.2723565, 35.5424954 ] } }
]
}
