{
"type": "FeatureCollection",
"name": "geo_14_中学校",
"crs": { "type": "name", "properties": { "name": "urn:ogc:def:crs:EPSG::6668" } },
"features": [
{ "type": "Feature", "properties": { "P29_001": "14117", "P29_002": "C113320900047", "P29_003": "16002", "P29_004": "玉川学園中学部", "P29_005": "東京都町田市玉川学園6-1-1", "P29_006": "4", "P29_007": "1", "P29_008": "00", "P29_009": null }, "geometry": { "type": "Point", "coordinates": [ 139.472789657398152, 35.568655634484358 ] } },
{ "type": "Feature", "properties": { "P29_001": "14204", "P29_002": "C114110000013", "P29_003": "16002", "P29_004": "横浜国立大学教育学部附属鎌倉中学校", "P29_005": "神奈川県鎌倉市雪ノ下3-5-10", "P29_006": "1", "P29_007": "1", "P29_008": "00", "P29_009": null }, "geometry": { "type": "Point", "coordinates": [ 139.558673095888082, 35.325148050258498 ] } },
{ "type": "Feature", "properties": { "P29_001": "14105", "P29_002": "C114110000022", "P29_003": "16002", "P29_004": "横浜国立大学教育学部附属横浜中学校", "P29_005": "神奈川県横浜市南区大岡2-31-3", "P29_006": "1", "P29_007": "1", "P29_008": "00", "P29_009": null }, "geometry": { "type": "Point", "coordinates": [ 139.602873675969448, 35.42270671904609 ] } },
{ "type": "Feature", "properties": { "P29_001": "14101", "P29_002": "C114210020017", "P29_003": "16002", "P29_004": "横浜市立市場中学校", "P29_005": "神奈川県横浜市鶴見区市場下町1-1", "P29_006": "3", "P29_007": "1", "P29_008": "00", "P29_009": null }, "geometry": { "type": "Point", "coordinates": [ 139.683267075911175, 35.515230843481831 ] } },
{ "type": "Feature", "properties": { "P29_001": "14101", "P29_002": "C114210020026", "P29_003": "16002", "P29_004": "横浜市立潮田中学校", "P29_005": "神奈川県横浜市鶴見区向井町4-83", "P29_006": "3", "P29_007": "1", "P29_008": "00", "P29_009": null }, "geometry": { "type": "Point", "coordinates": [ 139.691885755628135, 35.506748621529709 ] } },
{ "type": "Feature", "properties": { "P29_001": "14101", "P29_002": "C114210020053", "P29_003": "16002", "P29_004": "横浜市立末吉中学校", "P29_005": "神奈川県横浜市鶴見区下末吉6-13-1", "P29_006": "3", "P29_007": "1", "P29_008": "00", "P29_009": null }, "geometry": { "type": "Point", "coordinates": [ 139.66436557727252, 35.523158992701511 ] } },
{ "type": "Feature", "properties": { "P29_001": "14101", "P29_002": "C114210020062", "P29_003": "16002", "P29_004": "横浜市立鶴見中学校", "P29_005": "神奈川県横浜市鶴見区鶴見中央3-14-1", "P29_006": "3", "P29_007": "1", "P29_008": "00", "P29_009": null }, "geometry": { "type": "Point", "coordinates": [ 139.684430937760169, 35.509983806867645 ] } },
{ "type": "Feature", "properties": { "P29_001": "14101", "P29_002": "C114210020071", "P29_003": "16002", "P29_004": "横浜市立寺尾中学校", "P29_005": "神奈川県横浜市鶴見区北寺尾3-13-1", "P29_006": "3", "P29_007": "1", "P29_008": "00", "P29_009": null }, "geometry": { "type": "Point", "coordinates": [ 139.659123327834635, 35.519957038541783 ] } },
{ "type": "Feature", "properties": { "P29_001": "14101", "P29_002": "C114210020080", "P29_003": "16002", "P29_004": "横浜市立生麦中学校", "P29_005": "神奈川県横浜市鶴見区岸谷2-1-1", "P29_006": "3", "P29_007": "1", "P29_008": "00", "P29_009": null }, "geometry": { "type": "Point", "coordinates": [ 139.659347157687051, 35.493278507879999 ] } },
{ "type": "Feature", "properties": { "P29_001": "14101", "P29_002": "C114210020099", "P29_003": "16002", "P29_004": "横浜市立矢向中学校", "P29_005": "神奈川県横浜市鶴見区矢向1-8-24", "P29_006": "3", "P29_007": "1", "P29_008": "00", "P29_009": null }, "geometry": { "type": "Point", "coordinates": [ 139.674912537789339, 35.52921294798093 ] } },
{ "type": "Feature", "properties": { "P29_001": "14101", "P29_002": "C114210020106", "P29_003": "16002", "P29_004": "横浜市立横浜サイエンスフロンティア高等学校附属中学校", "P29_005": "神奈川県横浜市鶴見区小野町6", "P29_006": "3", "P29_007": "1", "P29_008": "00", "P29_009": null }, "geometry": { "type": "Point", "coordinates": [ 139.67832039039078, 35.498546641570591 ] } },
{ "type": "Feature", "properties": { "P29_001": "14102", "P29_002": "C114210020115", "P29_003": "16002", "P29_004": "横浜市立浦島丘中学校", "P29_005": "神奈川県横浜市神奈川区白幡東町27-1", "P29_006": "3", "P29_007": "1", "P29_008": "00", "P29_009": null }, "geometry": { "type": "Point", "coordinates": [ 139.641300545753353, 35.485858452439068 ] } },
{ "type": "Feature", "properties": { "P29_001": "14102", "P29_002": "C114210020124", "P29_003": "16002", "P29_004": "横浜市立神奈川中学校", "P29_005": "神奈川県横浜市神奈川区西大口141", "P29_006": "3", "P29_007": "1", "P29_008": "00", "P29_009": null }, "geometry": { "type": "Point", "coordinates": [ 139.638294902959757, 35.491860080910378 ] } },
{ "type": "Feature", "properties": { "P29_001": "14102", "P29_002": "C114210020133", "P29_003": "16002", "P29_004": "横浜市立栗田谷中学校", "P29_005": "神奈川県横浜市神奈川区栗田谷3-1", "P29_006": "3", "P29_007": "1", "P29_008": "00", "P29_009": null }, "geometry": { "type": "Point", "coordinates": [ 139.624348522715508, 35.477029310962969 ] } },
{ "type": "Feature", "properties": { "P29_001": "14102", "P29_002": "C114210020142", "P29_003": "16002", "P29_004": "横浜市立菅田中学校", "P29_005": "神奈川県横浜市神奈川区菅田町2017", "P29_006": "3", "P29_007": "1", "P29_008": "00", "P29_009": null }, "geometry": { "type": "Point", "coordinates": [ 139.58820591704017, 35.49390025753398 ] } },
{ "type": "Feature", "properties": { "P29_001": "14102", "P29_002": "C114210020151", "P29_003": "16002", "P29_004": "横浜市立錦台中学校", "P29_005": "神奈川県横浜市神奈川区西寺尾3-10-1", "P29_006": "3", "P29_007": "1", "P29_008": "00", "P29_009": null }, "geometry": { "type": "Point", "coordinates": [ 139.651067375555328, 35.495984499665695 ] } },
{ "type": "Feature", "properties": { "P29_001": "14102", "P29_002": "C114210020160", "P29_003": "16002", "P29_004": "横浜市立松本中学校", "P29_005": "神奈川県横浜市神奈川区三ツ沢下町30-1", "P29_006": "3", "P29_007": "1", "P29_008": "00", "P29_009": null }, "geometry": { "type": "Point", "coordinates": [ 139.615644957789158, 35.480030165935986 ] } },
{ "type": "Feature", "properties": { "P29_001": "14102", "P29_002": "C114210020179", "P29_003": "16002", "P29_004": "横浜市立六角橋中学校", "P29_005": "神奈川県横浜市神奈川区六角橋5-33-1", "P29_006": "3", "P29_007": "1", "P29_008": "00", "P29_009": null }, "geometry": { "type": "Point", "coordinates": [ 139.61379281706607, 35.490763018408238 ] } },
{ "type": "Feature", "properties": { "P29_001": "14103", "P29_002": "C114210020188", "P29_003": "16002", "P29_004": "横浜市立老松中学校", "P29_005": "神奈川県横浜市西区老松町27", "P29_006": "3", "P29_007": "1", "P29_008": "00", "P29_009": null }, "geometry": { "type": "Point", "coordinates": [ 139.624819590603778, 35.447864637725182 ] } },
{ "type": "Feature", "properties": { "P29_001": "14103", "P29_002": "C114210020197", "P29_003": "16002", "P29_004": "横浜市立岡野中学校", "P29_005": "神奈川県横浜市西区岡野2-14-1", "P29_006": "3", "P29_007": "1", "P29_008": "00", "P29_009": null }, "geometry": { "type": "Point", "coordinates": [ 139.61219865124616, 35.461855158767584 ] } },
{ "type": "Feature", "properties": { "P29_001": "14103", "P29_002": "C114210020204", "P29_003": "16002", "P29_004": "横浜市立軽井沢中学校", "P29_005": "神奈川県横浜市西区北軽井沢24", "P29_006": "3", "P29_007": "1", "P29_008": "00", "P29_009": null }, "geometry": { "type": "Point", "coordinates": [ 139.609566056291015, 35.468882039596565 ] } },
{ "type": "Feature", "properties": { "P29_001": "14103", "P29_002": "C114210020213", "P29_003": "16002", "P29_004": "横浜市立西中学校", "P29_005": "神奈川県横浜市西区西戸部町3-286", "P29_006": "3", "P29_007": "1", "P29_008": "00", "P29_009": null }, "geometry": { "type": "Point", "coordinates": [ 139.618486660839125, 35.451993846954629 ] } },
{ "type": "Feature", "properties": { "P29_001": "14104", "P29_002": "C114210020222", "P29_003": "16002", "P29_004": "横浜市立大鳥中学校", "P29_005": "神奈川県横浜市中区本牧原22-1", "P29_006": "3", "P29_007": "1", "P29_008": "00", "P29_009": null }, "geometry": { "type": "Point", "coordinates": [ 139.668928819379829, 35.42386698874536 ] } },
{ "type": "Feature", "properties": { "P29_001": "14104", "P29_002": "C114210020231", "P29_003": "16002", "P29_004": "横浜市立仲尾台中学校", "P29_005": "神奈川県横浜市中区仲尾台23", "P29_006": "3", "P29_007": "1", "P29_008": "00", "P29_009": null }, "geometry": { "type": "Point", "coordinates": [ 139.645263672954457, 35.425579338002322 ] } },
{ "type": "Feature", "properties": { "P29_001": "14104", "P29_002": "C114210020240", "P29_003": "16002", "P29_004": "横浜市立本牧中学校", "P29_005": "神奈川県横浜市中区本牧和田32-1", "P29_006": "3", "P29_007": "1", "P29_008": "00", "P29_009": null }, "geometry": { "type": "Point", "coordinates": [ 139.656485445298387, 35.422263565948498 ] } },
{ "type": "Feature", "properties": { "P29_001": "14104", "P29_002": "C114210020259", "P29_003": "16002", "P29_004": "横浜市立港中学校", "P29_005": "神奈川県横浜市中区山下町241", "P29_006": "3", "P29_007": "1", "P29_008": "00", "P29_009": null }, "geometry": { "type": "Point", "coordinates": [ 139.643085942312666, 35.441308071496486 ] } },
{ "type": "Feature", "properties": { "P29_001": "14104", "P29_002": "C114210020268", "P29_003": "16002", "P29_004": "横浜市立横浜吉田中学校", "P29_005": "神奈川県横浜市中区羽衣町3-84", "P29_006": "3", "P29_007": "1", "P29_008": "00", "P29_009": null }, "geometry": { "type": "Point", "coordinates": [ 139.632767104217777, 35.442826736585381 ] } },
{ "type": "Feature", "properties": { "P29_001": "14105", "P29_002": "C114210020277", "P29_003": "16002", "P29_004": "横浜市立共進中学校", "P29_005": "神奈川県横浜市南区東蒔田町1-5", "P29_006": "3", "P29_007": "1", "P29_008": "00", "P29_009": null }, "geometry": { "type": "Point", "coordinates": [ 139.617082972392126, 35.432836368324153 ] } },
{ "type": "Feature", "properties": { "P29_001": "14105", "P29_002": "C114210020286", "P29_003": "16002", "P29_004": "横浜市立永田中学校", "P29_005": "神奈川県横浜市南区永田みなみ台7-1", "P29_006": "3", "P29_007": "1", "P29_008": "00", "P29_009": null }, "geometry": { "type": "Point", "coordinates": [ 139.587179621818763, 35.433340870925491 ] } },
{ "type": "Feature", "properties": { "P29_001": "14105", "P29_002": "C114210020295", "P29_003": "16002", "P29_004": "横浜市立藤の木中学校", "P29_005": "神奈川県横浜市南区大岡4-44-1", "P29_006": "3", "P29_007": "1", "P29_008": "00", "P29_009": null }, "geometry": { "type": "Point", "coordinates": [ 139.606044824081664, 35.410611370854348 ] } },
{ "type": "Feature", "properties": { "P29_001": "14105", "P29_002": "C114210020302", "P29_003": "16002", "P29_004": "横浜市立平楽中学校", "P29_005": "神奈川県横浜市南区平楽1", "P29_006": "3", "P29_007": "1", "P29_008": "00", "P29_009": null }, "geometry": { "type": "Point", "coordinates": [ 139.633285046319969, 35.431368928200982 ] } },
{ "type": "Feature", "properties": { "P29_001": "14105", "P29_002": "C114210020311", "P29_003": "16002", "P29_004": "横浜市立蒔田中学校", "P29_005": "神奈川県横浜市南区花之木町2-45", "P29_006": "3", "P29_007": "1", "P29_008": "00", "P29_009": null }, "geometry": { "type": "Point", "coordinates": [ 139.609448875854412, 35.432305683156031 ] } },
{ "type": "Feature", "properties": { "P29_001": "14105", "P29_002": "C114210020320", "P29_003": "16002", "P29_004": "横浜市立南中学校", "P29_005": "神奈川県横浜市南区六ツ川1-14", "P29_006": "3", "P29_007": "1", "P29_008": "00", "P29_009": null }, "geometry": { "type": "Point", "coordinates": [ 139.597144870603387, 35.427056126071697 ] } },
{ "type": "Feature", "properties": { "P29_001": "14105", "P29_002": "C114210020339", "P29_003": "16002", "P29_004": "横浜市立南が丘中学校", "P29_005": "神奈川県横浜市南区別所3-6-1", "P29_006": "3", "P29_007": "1", "P29_008": "00", "P29_009": null }, "geometry": { "type": "Point", "coordinates": [ 139.591011328865676, 35.413932141273399 ] } },
{ "type": "Feature", "properties": { "P29_001": "14105", "P29_002": "C114210020348", "P29_003": "16002", "P29_004": "横浜市立六ツ川中学校", "P29_005": "神奈川県横浜市南区六ツ川3-81-11", "P29_006": "3", "P29_007": "1", "P29_008": "00", "P29_009": null }, "geometry": { "type": "Point", "coordinates": [ 139.578240886260346, 35.428897936186395 ] } },
{ "type": "Feature", "properties": { "P29_001": "14111", "P29_002": "C114210020357", "P29_003": "16002", "P29_004": "横浜市立上永谷中学校", "P29_005": "神奈川県横浜市港南区上永谷4-12-14", "P29_006": "3", "P29_007": "1", "P29_008": "00", "P29_009": null }, "geometry": { "type": "Point", "coordinates": [ 139.569305392639507, 35.410191698589564 ] } },
{ "type": "Feature", "properties": { "P29_001": "14111", "P29_002": "C114210020366", "P29_003": "16002", "P29_004": "横浜市立港南中学校", "P29_005": "神奈川県横浜市港南区港南中央通6-1", "P29_006": "3", "P29_007": "1", "P29_008": "00", "P29_009": null }, "geometry": { "type": "Point", "coordinates": [ 139.59047472079348, 35.401674226247408 ] } },
{ "type": "Feature", "properties": { "P29_001": "14111", "P29_002": "C114210020375", "P29_003": "16002", "P29_004": "横浜市立港南台第一中学校", "P29_005": "神奈川県横浜市港南区港南台6-6-1", "P29_006": "3", "P29_007": "1", "P29_008": "00", "P29_009": null }, "geometry": { "type": "Point", "coordinates": [ 139.586514261213182, 35.371469259221605 ] } },
{ "type": "Feature", "properties": { "P29_001": "14111", "P29_002": "C114210020384", "P29_003": "16002", "P29_004": "横浜市立笹下中学校", "P29_005": "神奈川県横浜市港南区港南5-8-1", "P29_006": "3", "P29_007": "1", "P29_008": "00", "P29_009": null }, "geometry": { "type": "Point", "coordinates": [ 139.593351601932909, 35.396537098329709 ] } },
{ "type": "Feature", "properties": { "P29_001": "14111", "P29_002": "C114210020393", "P29_003": "16002", "P29_004": "横浜市立芹が谷中学校", "P29_005": "神奈川県横浜市港南区芹が谷2-7-1", "P29_006": "3", "P29_007": "1", "P29_008": "00", "P29_009": null }, "geometry": { "type": "Point", "coordinates": [ 139.573872099092995, 35.417286429546216 ] } },
{ "type": "Feature", "properties": { "P29_001": "14111", "P29_002": "C114210020400", "P29_003": "16002", "P29_004": "横浜市立東永谷中学校", "P29_005": "神奈川県横浜市港南区東永谷2-14-7", "P29_006": "3", "P29_007": "1", "P29_008": "00", "P29_009": null }, "geometry": { "type": "Point", "coordinates": [ 139.578961630611019, 35.406434433866039 ] } },
{ "type": "Feature", "properties": { "P29_001": "14111", "P29_002": "C114210020419", "P29_003": "16002", "P29_004": "横浜市立日限山中学校", "P29_005": "神奈川県横浜市港南区日限山4-33-1", "P29_006": "3", "P29_007": "1", "P29_008": "00", "P29_009": null }, "geometry": { "type": "Point", "coordinates": [ 139.557163230083091, 35.386919685773485 ] } },
{ "type": "Feature", "properties": { "P29_001": "14111", "P29_002": "C114210020428", "P29_003": "16002", "P29_004": "横浜市立日野南中学校", "P29_005": "神奈川県横浜市港南区港南台4-37-1", "P29_006": "3", "P29_007": "1", "P29_008": "00", "P29_009": null }, "geometry": { "type": "Point", "coordinates": [ 139.56901627121843, 35.375304346254417 ] } },
{ "type": "Feature", "properties": { "P29_001": "14111", "P29_002": "C114210020437", "P29_003": "16002", "P29_004": "横浜市立丸山台中学校", "P29_005": "神奈川県横浜市港南区丸山台4-1-1", "P29_006": "3", "P29_007": "1", "P29_008": "00", "P29_009": null }, "geometry": { "type": "Point", "coordinates": [ 139.565106349452634, 35.394918250100027 ] } },
{ "type": "Feature", "properties": { "P29_001": "14111", "P29_002": "C114210020446", "P29_003": "16002", "P29_004": "横浜市立南高等学校附属中学校", "P29_005": "神奈川県横浜市港南区東永谷2-1-1", "P29_006": "3", "P29_007": "1", "P29_008": "00", "P29_009": null }, "geometry": { "type": "Point", "coordinates": [ 139.579549026935894, 35.405308029769465 ] } },
{ "type": "Feature", "properties": { "P29_001": "14112", "P29_002": "C114210020455", "P29_003": "16002", "P29_004": "横浜市立新井中学校", "P29_005": "神奈川県横浜市保土ケ谷区新井町43-7", "P29_006": "3", "P29_007": "1", "P29_008": "00", "P29_009": null }, "geometry": { "type": "Point", "coordinates": [ 139.559547663288981, 35.484306103494113 ] } },
{ "type": "Feature", "properties": { "P29_001": "14106", "P29_002": "C114210020464", "P29_003": "16002", "P29_004": "横浜市立新井中学校桜坂分校", "P29_005": "神奈川県横浜市保土ケ谷区新井町580", "P29_006": "3", "P29_007": "1", "P29_008": "00", "P29_009": null }, "geometry": { "type": "Point", "coordinates": [ 139.555982449102032, 35.488601191474658 ] } },
{ "type": "Feature", "properties": { "P29_001": "14106", "P29_002": "C114210020473", "P29_003": "16002", "P29_004": "横浜市立岩井原中学校", "P29_005": "神奈川県横浜市保土ケ谷区岩井町308", "P29_006": "3", "P29_007": "1", "P29_008": "00", "P29_009": null }, "geometry": { "type": "Point", "coordinates": [ 139.601625168848528, 35.443346250708444 ] } },
{ "type": "Feature", "properties": { "P29_001": "14106", "P29_002": "C114210020482", "P29_003": "16002", "P29_004": "横浜市立岩崎中学校", "P29_005": "神奈川県横浜市保土ケ谷区桜ケ丘2-6-1", "P29_006": "3", "P29_007": "1", "P29_008": "00", "P29_009": null }, "geometry": { "type": "Point", "coordinates": [ 139.585516286606293, 35.449688607510659 ] } },
{ "type": "Feature", "properties": { "P29_001": "14106", "P29_002": "C114210020507", "P29_003": "16002", "P29_004": "横浜市立橘中学校", "P29_005": "神奈川県横浜市保土ケ谷区仏向町1167-2", "P29_006": "3", "P29_007": "1", "P29_008": "00", "P29_009": null }, "geometry": { "type": "Point", "coordinates": [ 139.576547405623103, 35.455770292946305 ] } },
{ "type": "Feature", "properties": { "P29_001": "14106", "P29_002": "C114210020525", "P29_003": "16002", "P29_004": "横浜市立保土ケ谷中学校", "P29_005": "神奈川県横浜市保土ケ谷区釜台町3-1", "P29_006": "3", "P29_007": "1", "P29_008": "00", "P29_009": null }, "geometry": { "type": "Point", "coordinates": [ 139.584441263373606, 35.466387620090487 ] } },
{ "type": "Feature", "properties": { "P29_001": "14106", "P29_002": "C114210020534", "P29_003": "16002", "P29_004": "横浜市立宮田中学校", "P29_005": "神奈川県横浜市保土ケ谷区宮田町1-100", "P29_006": "3", "P29_007": "1", "P29_008": "00", "P29_009": null }, "geometry": { "type": "Point", "coordinates": [ 139.60483183532611, 35.461499981970121 ] } },
{ "type": "Feature", "properties": { "P29_001": "14112", "P29_002": "C114210020543", "P29_003": "16002", "P29_004": "横浜市立旭中学校", "P29_005": "神奈川県横浜市旭区今宿2-40-1", "P29_006": "3", "P29_007": "1", "P29_008": "00", "P29_009": null }, "geometry": { "type": "Point", "coordinates": [ 139.517846978851196, 35.474202711175998 ] } },
{ "type": "Feature", "properties": { "P29_001": "14112", "P29_002": "C114210020561", "P29_003": "16002", "P29_004": "横浜市立今宿中学校", "P29_005": "神奈川県横浜市旭区今宿東町825", "P29_006": "3", "P29_007": "1", "P29_008": "00", "P29_009": null }, "geometry": { "type": "Point", "coordinates": [ 139.537029448129601, 35.484743779388118 ] } },
{ "type": "Feature", "properties": { "P29_001": "14112", "P29_002": "C114210020589", "P29_003": "16002", "P29_004": "横浜市立希望が丘中学校", "P29_005": "神奈川県横浜市旭区東希望が丘118", "P29_006": "3", "P29_007": "1", "P29_008": "00", "P29_009": null }, "geometry": { "type": "Point", "coordinates": [ 139.512979048498693, 35.4643869102471 ] } },
{ "type": "Feature", "properties": { "P29_001": "14112", "P29_002": "C114210020598", "P29_003": "16002", "P29_004": "横浜市立左近山中学校", "P29_005": "神奈川県横浜市旭区左近山1335-2", "P29_006": "3", "P29_007": "1", "P29_008": "00", "P29_009": null }, "geometry": { "type": "Point", "coordinates": [ 139.551064572259094, 35.459592449412611 ] } },
{ "type": "Feature", "properties": { "P29_001": "14112", "P29_002": "C114210020614", "P29_003": "16002", "P29_004": "横浜市立鶴ケ峯中学校", "P29_005": "神奈川県横浜市旭区鶴ケ峰本町3-28-1", "P29_006": "3", "P29_007": "1", "P29_008": "00", "P29_009": null }, "geometry": { "type": "Point", "coordinates": [ 139.542553709300904, 35.481564080184846 ] } },
{ "type": "Feature", "properties": { "P29_001": "14112", "P29_002": "C114210020623", "P29_003": "16002", "P29_004": "横浜市立本宿中学校", "P29_005": "神奈川県横浜市旭区川島町1979", "P29_006": "3", "P29_007": "1", "P29_008": "00", "P29_009": null }, "geometry": { "type": "Point", "coordinates": [ 139.547626349073226, 35.464431489303941 ] } },
{ "type": "Feature", "properties": { "P29_001": "14112", "P29_002": "C114210020632", "P29_003": "16002", "P29_004": "横浜市立万騎が原中学校", "P29_005": "神奈川県横浜市旭区万騎が原31", "P29_006": "3", "P29_007": "1", "P29_008": "00", "P29_009": null }, "geometry": { "type": "Point", "coordinates": [ 139.535755750026027, 35.457712737425162 ] } },
{ "type": "Feature", "properties": { "P29_001": "14112", "P29_002": "C114210020641", "P29_003": "16002", "P29_004": "横浜市立南希望が丘中学校", "P29_005": "神奈川県横浜市旭区南希望が丘108-8", "P29_006": "3", "P29_007": "1", "P29_008": "00", "P29_009": null }, "geometry": { "type": "Point", "coordinates": [ 139.50943608141398, 35.457122801439546 ] } },
{ "type": "Feature", "properties": { "P29_001": "14112", "P29_002": "C114210020650", "P29_003": "16002", "P29_004": "横浜市立若葉台中学校", "P29_005": "神奈川県横浜市旭区若葉台1-13-1", "P29_006": "3", "P29_007": "1", "P29_008": "00", "P29_009": null }, "geometry": { "type": "Point", "coordinates": [ 139.503661463608267, 35.507812022989675 ] } },
{ "type": "Feature", "properties": { "P29_001": "14107", "P29_002": "C114210020669", "P29_003": "16002", "P29_004": "横浜市立岡村中学校", "P29_005": "神奈川県横浜市磯子区岡村1-14-1", "P29_006": "3", "P29_007": "1", "P29_008": "00", "P29_009": null }, "geometry": { "type": "Point", "coordinates": [ 139.617100324518987, 35.416565228803982 ] } },
{ "type": "Feature", "properties": { "P29_001": "14107", "P29_002": "C114210020678", "P29_003": "16002", "P29_004": "横浜市立汐見台中学校", "P29_005": "神奈川県横浜市磯子区汐見台1-2-1", "P29_006": "3", "P29_007": "1", "P29_008": "00", "P29_009": null }, "geometry": { "type": "Point", "coordinates": [ 139.611602510784394, 35.407203760758435 ] } },
{ "type": "Feature", "properties": { "P29_001": "14107", "P29_002": "C114210020687", "P29_003": "16002", "P29_004": "横浜市立根岸中学校", "P29_005": "神奈川県横浜市磯子区西町17-13", "P29_006": "3", "P29_007": "1", "P29_008": "00", "P29_009": null }, "geometry": { "type": "Point", "coordinates": [ 139.631613517761537, 35.415099477519199 ] } },
{ "type": "Feature", "properties": { "P29_001": "14107", "P29_002": "C114210020703", "P29_003": "16002", "P29_004": "横浜市立森中学校", "P29_005": "神奈川県横浜市磯子区森5-22-1", "P29_006": "3", "P29_007": "1", "P29_008": "00", "P29_009": null }, "geometry": { "type": "Point", "coordinates": [ 139.605042254698049, 35.392473659935654 ] } },
{ "type": "Feature", "properties": { "P29_001": "14107", "P29_002": "C114210020712", "P29_003": "16002", "P29_004": "横浜市立洋光台第一中学校", "P29_005": "神奈川県横浜市磯子区洋光台2-5-1", "P29_006": "3", "P29_007": "1", "P29_008": "00", "P29_009": null }, "geometry": { "type": "Point", "coordinates": [ 139.589154074876291, 35.38350546963887 ] } },
{ "type": "Feature", "properties": { "P29_001": "14107", "P29_002": "C114210020721", "P29_003": "16002", "P29_004": "横浜市立洋光台第二中学校", "P29_005": "神奈川県横浜市磯子区洋光台6-41-1", "P29_006": "3", "P29_007": "1", "P29_008": "00", "P29_009": null }, "geometry": { "type": "Point", "coordinates": [ 139.602461190650132, 35.374087096114195 ] } },
{ "type": "Feature", "properties": { "P29_001": "14108", "P29_002": "C114210020730", "P29_003": "16002", "P29_004": "横浜市立金沢中学校", "P29_005": "神奈川県横浜市金沢区釜利谷東1-1-1", "P29_006": "3", "P29_007": "1", "P29_008": "00", "P29_009": null }, "geometry": { "type": "Point", "coordinates": [ 139.617842708498813, 35.341500585326465 ] } },
{ "type": "Feature", "properties": { "P29_001": "14108", "P29_002": "C114210020749", "P29_003": "16002", "P29_004": "横浜市立釜利谷中学校", "P29_005": "神奈川県横浜市金沢区釜利谷南3-5-1", "P29_006": "3", "P29_007": "1", "P29_008": "00", "P29_009": null }, "geometry": { "type": "Point", "coordinates": [ 139.604232306623828, 35.3369810678848 ] } },
{ "type": "Feature", "properties": { "P29_001": "14108", "P29_002": "C114210020758", "P29_003": "16002", "P29_004": "横浜市立小田中学校", "P29_005": "神奈川県横浜市金沢区富岡西1-73-1", "P29_006": "3", "P29_007": "1", "P29_008": "00", "P29_009": null }, "geometry": { "type": "Point", "coordinates": [ 139.619317210604436, 35.371371770768448 ] } },
{ "type": "Feature", "properties": { "P29_001": "14108", "P29_002": "C114210020767", "P29_003": "16002", "P29_004": "横浜市立大道中学校", "P29_005": "神奈川県横浜市金沢区大道1-85-1", "P29_006": "3", "P29_007": "1", "P29_008": "00", "P29_009": null }, "geometry": { "type": "Point", "coordinates": [ 139.601447964995543, 35.330871605760883 ] } },
{ "type": "Feature", "properties": { "P29_001": "14108", "P29_002": "C114210020776", "P29_003": "16002", "P29_004": "横浜市立富岡中学校", "P29_005": "神奈川県横浜市金沢区富岡西5-46-1", "P29_006": "3", "P29_007": "1", "P29_008": "00", "P29_009": null }, "geometry": { "type": "Point", "coordinates": [ 139.614304452912251, 35.361029710883649 ] } },
{ "type": "Feature", "properties": { "P29_001": "14108", "P29_002": "C114210020785", "P29_003": "16002", "P29_004": "横浜市立富岡東中学校", "P29_005": "神奈川県横浜市金沢区並木1-6-1", "P29_006": "3", "P29_007": "1", "P29_008": "00", "P29_009": null }, "geometry": { "type": "Point", "coordinates": [ 139.637816454200134, 35.37255532752544 ] } },
{ "type": "Feature", "properties": { "P29_001": "14108", "P29_002": "C114210020794", "P29_003": "16002", "P29_004": "横浜市立並木中学校", "P29_005": "神奈川県横浜市金沢区並木3-4-1", "P29_006": "3", "P29_007": "1", "P29_008": "00", "P29_009": null }, "geometry": { "type": "Point", "coordinates": [ 139.641040574739435, 35.359265719204053 ] } },
{ "type": "Feature", "properties": { "P29_001": "14108", "P29_002": "C114210020801", "P29_003": "16002", "P29_004": "横浜市立西柴中学校", "P29_005": "神奈川県横浜市金沢区西柴1-23-1", "P29_006": "3", "P29_007": "1", "P29_008": "00", "P29_009": null }, "geometry": { "type": "Point", "coordinates": [ 139.629323213658296, 35.352788184901577 ] } },
{ "type": "Feature", "properties": { "P29_001": "14108", "P29_002": "C114210020810", "P29_003": "16002", "P29_004": "横浜市立六浦中学校", "P29_005": "神奈川県横浜市金沢区六浦1-24-4", "P29_006": "3", "P29_007": "1", "P29_008": "00", "P29_009": null }, "geometry": { "type": "Point", "coordinates": [ 139.617845244950672, 35.324710383932661 ] } },
{ "type": "Feature", "properties": { "P29_001": "14109", "P29_002": "C114210020829", "P29_003": "16002", "P29_004": "横浜市立大綱中学校", "P29_005": "神奈川県横浜市港北区大倉山3-40-1", "P29_006": "3", "P29_007": "1", "P29_008": "00", "P29_009": null }, "geometry": { "type": "Point", "coordinates": [ 139.624897281874865, 35.520665605518239 ] } },
{ "type": "Feature", "properties": { "P29_001": "14109", "P29_002": "C114210020847", "P29_003": "16002", "P29_004": "横浜市立城郷中学校", "P29_005": "神奈川県横浜市港北区小机町325", "P29_006": "3", "P29_007": "1", "P29_008": "00", "P29_009": null }, "geometry": { "type": "Point", "coordinates": [ 139.587464774888588, 35.505556098500229 ] } },
{ "type": "Feature", "properties": { "P29_001": "14109", "P29_002": "C114210020856", "P29_003": "16002", "P29_004": "横浜市立高田中学校", "P29_005": "神奈川県横浜市港北区高田町2439", "P29_006": "3", "P29_007": "1", "P29_008": "00", "P29_009": null }, "geometry": { "type": "Point", "coordinates": [ 139.617324532585002, 35.556788143784715 ] } },
{ "type": "Feature", "properties": { "P29_001": "14109", "P29_002": "C114210020865", "P29_003": "16002", "P29_004": "横浜市立樽町中学校", "P29_005": "神奈川県横浜市港北区樽町4-15-1", "P29_006": "3", "P29_007": "1", "P29_008": "00", "P29_009": null }, "geometry": { "type": "Point", "coordinates": [ 139.642028977532135, 35.5283552175555 ] } },
{ "type": "Feature", "properties": { "P29_001": "14109", "P29_002": "C114210020874", "P29_003": "16002", "P29_004": "横浜市立新田中学校", "P29_005": "神奈川県横浜市港北区新吉田東5-25-1", "P29_006": "3", "P29_007": "1", "P29_008": "00", "P29_009": null }, "geometry": { "type": "Point", "coordinates": [ 139.62260220875018, 35.541222999858931 ] } },
{ "type": "Feature", "properties": { "P29_001": "14109", "P29_002": "C114210020883", "P29_003": "16002", "P29_004": "横浜市立新羽中学校", "P29_005": "神奈川県横浜市港北区新羽町1434-4", "P29_006": "3", "P29_007": "1", "P29_008": "00", "P29_009": null }, "geometry": { "type": "Point", "coordinates": [ 139.607283871833658, 35.522664605389132 ] } },
{ "type": "Feature", "properties": { "P29_001": "14109", "P29_002": "C114210020892", "P29_003": "16002", "P29_004": "横浜市立日吉台中学校", "P29_005": "神奈川県横浜市港北区日吉本町4-9-1", "P29_006": "3", "P29_007": "1", "P29_008": "00", "P29_009": null }, "geometry": { "type": "Point", "coordinates": [ 139.636848768729351, 35.547618107399778 ] } },
{ "type": "Feature", "properties": { "P29_001": "14109", "P29_002": "C114210020909", "P29_003": "16002", "P29_004": "横浜市立日吉台西中学校", "P29_005": "神奈川県横浜市港北区日吉本町5-44-1", "P29_006": "3", "P29_007": "1", "P29_008": "00", "P29_009": null }, "geometry": { "type": "Point", "coordinates": [ 139.627056786482683, 35.55128152594763 ] } },
{ "type": "Feature", "properties": { "P29_001": "14113", "P29_002": "C114210020927", "P29_003": "16002", "P29_004": "横浜市立田奈中学校", "P29_005": "神奈川県横浜市緑区長津田2-24-1", "P29_006": "3", "P29_007": "1", "P29_008": "00", "P29_009": null }, "geometry": { "type": "Point", "coordinates": [ 139.498465752836438, 35.534547649587054 ] } },
{ "type": "Feature", "properties": { "P29_001": "14113", "P29_002": "C114210020936", "P29_003": "16002", "P29_004": "横浜市立十日市場中学校", "P29_005": "神奈川県横浜市緑区十日市場町1501-42", "P29_006": "3", "P29_007": "1", "P29_008": "00", "P29_009": null }, "geometry": { "type": "Point", "coordinates": [ 139.512153427888222, 35.522510289094122 ] } },
{ "type": "Feature", "properties": { "P29_001": "14113", "P29_002": "C114210020945", "P29_003": "16002", "P29_004": "横浜市立中山中学校", "P29_005": "神奈川県横浜市緑区寺山町653-21", "P29_006": "3", "P29_007": "1", "P29_008": "00", "P29_009": null }, "geometry": { "type": "Point", "coordinates": [ 139.539724641024321, 35.503793313560621 ] } },
{ "type": "Feature", "properties": { "P29_001": "14113", "P29_002": "C114210020954", "P29_003": "16002", "P29_004": "横浜市立東鴨居中学校", "P29_005": "神奈川県横浜市緑区鴨居3-39-1", "P29_006": "3", "P29_007": "1", "P29_008": "00", "P29_009": null }, "geometry": { "type": "Point", "coordinates": [ 139.571529721952714, 35.504322592658731 ] } },
{ "type": "Feature", "properties": { "P29_001": "14117", "P29_002": "C114210020963", "P29_003": "16002", "P29_004": "横浜市立青葉台中学校", "P29_005": "神奈川県横浜市青葉区青葉台2-25-2", "P29_006": "3", "P29_007": "1", "P29_008": "00", "P29_009": null }, "geometry": { "type": "Point", "coordinates": [ 139.515165115063155, 35.547559975402592 ] } },
{ "type": "Feature", "properties": { "P29_001": "14117", "P29_002": "C114210020972", "P29_003": "16002", "P29_004": "横浜市立あかね台中学校", "P29_005": "神奈川県横浜市青葉区あかね台2-8-2", "P29_006": "3", "P29_007": "1", "P29_008": "00", "P29_009": null }, "geometry": { "type": "Point", "coordinates": [ 139.485254037184376, 35.541658092929637 ] } },
{ "type": "Feature", "properties": { "P29_001": "14117", "P29_002": "C114210020981", "P29_003": "16002", "P29_004": "横浜市立あざみ野中学校", "P29_005": "神奈川県横浜市青葉区あざみ野1-29-1", "P29_006": "3", "P29_007": "1", "P29_008": "00", "P29_009": null }, "geometry": { "type": "Point", "coordinates": [ 139.54704034527407, 35.571794115563613 ] } },
{ "type": "Feature", "properties": { "P29_001": "14117", "P29_002": "C114210020990", "P29_003": "16002", "P29_004": "横浜市立市ケ尾中学校", "P29_005": "神奈川県横浜市青葉区市ケ尾町531-1", "P29_006": "3", "P29_007": "1", "P29_008": "00", "P29_009": null }, "geometry": { "type": "Point", "coordinates": [ 139.546731351101897, 35.545884098561828 ] } },
{ "type": "Feature", "properties": { "P29_001": "14117", "P29_002": "C114210021007", "P29_003": "16002", "P29_004": "横浜市立美しが丘中学校", "P29_005": "神奈川県横浜市青葉区美しが丘3-41-1", "P29_006": "3", "P29_007": "1", "P29_008": "00", "P29_009": null }, "geometry": { "type": "Point", "coordinates": [ 139.551507517270238, 35.587980216513955 ] } },
{ "type": "Feature", "properties": { "P29_001": "14117", "P29_002": "C114210021016", "P29_003": "16002", "P29_004": "横浜市立鴨志田中学校", "P29_005": "神奈川県横浜市青葉区鴨志田町536", "P29_006": "3", "P29_007": "1", "P29_008": "00", "P29_009": null }, "geometry": { "type": "Point", "coordinates": [ 139.504671430619339, 35.566423444982036 ] } },
{ "type": "Feature", "properties": { "P29_001": "14117", "P29_002": "C114210021043", "P29_003": "16002", "P29_004": "横浜市立みたけ台中学校", "P29_005": "神奈川県横浜市青葉区みたけ台30", "P29_006": "3", "P29_007": "1", "P29_008": "00", "P29_009": null }, "geometry": { "type": "Point", "coordinates": [ 139.521231735064333, 35.557049317265353 ] } },
{ "type": "Feature", "properties": { "P29_001": "14117", "P29_002": "C114210021052", "P29_003": "16002", "P29_004": "横浜市立緑が丘中学校", "P29_005": "神奈川県横浜市青葉区千草台50-1", "P29_006": "3", "P29_007": "1", "P29_008": "00", "P29_009": null }, "geometry": { "type": "Point", "coordinates": [ 139.536636099022729, 35.535912036854413 ] } },
{ "type": "Feature", "properties": { "P29_001": "14117", "P29_002": "C114210021061", "P29_003": "16002", "P29_004": "横浜市立もえぎ野中学校", "P29_005": "神奈川県横浜市青葉区もえぎ野4-1", "P29_006": "3", "P29_007": "1", "P29_008": "00", "P29_009": null }, "geometry": { "type": "Point", "coordinates": [ 139.524118667719904, 35.546194125399872 ] } },
{ "type": "Feature", "properties": { "P29_001": "14117", "P29_002": "C114210021070", "P29_003": "16002", "P29_004": "横浜市立山内中学校", "P29_005": "神奈川県横浜市青葉区美しが丘5-4", "P29_006": "3", "P29_007": "1", "P29_008": "00", "P29_009": null }, "geometry": { "type": "Point", "coordinates": [ 139.55175337460696, 35.577090447729262 ] } },
{ "type": "Feature", "properties": { "P29_001": "14117", "P29_002": "C114210021089", "P29_003": "16002", "P29_004": "横浜市立谷本中学校", "P29_005": "神奈川県横浜市青葉区梅が丘5", "P29_006": "3", "P29_007": "1", "P29_008": "00", "P29_009": null }, "geometry": { "type": "Point", "coordinates": [ 139.522565593597818, 35.537190630859669 ] } },
{ "type": "Feature", "properties": { "P29_001": "14118", "P29_002": "C114210021098", "P29_003": "16002", "P29_004": "横浜市立荏田南中学校", "P29_005": "神奈川県横浜市都筑区荏田南2-5-1", "P29_006": "3", "P29_007": "1", "P29_008": "00", "P29_009": null }, "geometry": { "type": "Point", "coordinates": [ 139.556194433496472, 35.543518841197219 ] } },
{ "type": "Feature", "properties": { "P29_001": "14118", "P29_002": "C114210021105", "P29_003": "16002", "P29_004": "横浜市立川和中学校", "P29_005": "神奈川県横浜市都筑区富士見が丘21-1", "P29_006": "3", "P29_007": "1", "P29_008": "00", "P29_009": null }, "geometry": { "type": "Point", "coordinates": [ 139.557245632477219, 35.530820231810203 ] } },
{ "type": "Feature", "properties": { "P29_001": "14118", "P29_002": "C114210021114", "P29_003": "16002", "P29_004": "横浜市立茅ケ崎中学校", "P29_005": "神奈川県横浜市都筑区茅ケ崎南1-10-1", "P29_006": "3", "P29_007": "1", "P29_008": "00", "P29_009": null }, "geometry": { "type": "Point", "coordinates": [ 139.581677387605026, 35.540478035196344 ] } },
{ "type": "Feature", "properties": { "P29_001": "14118", "P29_002": "C114210021123", "P29_003": "16002", "P29_004": "横浜市立都田中学校", "P29_005": "神奈川県横浜市都筑区池辺町2818", "P29_006": "3", "P29_007": "1", "P29_008": "00", "P29_009": null }, "geometry": { "type": "Point", "coordinates": [ 139.570269454376074, 35.523165344268975 ] } },
{ "type": "Feature", "properties": { "P29_001": "14118", "P29_002": "C114210021132", "P29_003": "16002", "P29_004": "横浜市立中川中学校", "P29_005": "神奈川県横浜市都筑区大棚町240", "P29_006": "3", "P29_007": "1", "P29_008": "00", "P29_009": null }, "geometry": { "type": "Point", "coordinates": [ 139.593002958177124, 35.551129234597269 ] } },
{ "type": "Feature", "properties": { "P29_001": "14118", "P29_002": "C114210021141", "P29_003": "16002", "P29_004": "横浜市立中川西中学校", "P29_005": "神奈川県横浜市都筑区中川2-1-1", "P29_006": "3", "P29_007": "1", "P29_008": "00", "P29_009": null }, "geometry": { "type": "Point", "coordinates": [ 139.565249082676019, 35.561970717989787 ] } },
{ "type": "Feature", "properties": { "P29_001": "14118", "P29_002": "C114210021150", "P29_003": "16002", "P29_004": "横浜市立早渕中学校", "P29_005": "神奈川県横浜市都筑区早渕2-4-1", "P29_006": "3", "P29_007": "1", "P29_008": "00", "P29_009": null }, "geometry": { "type": "Point", "coordinates": [ 139.597525840089446, 35.544737660083058 ] } },
{ "type": "Feature", "properties": { "P29_001": "14118", "P29_002": "C114210021169", "P29_003": "16002", "P29_004": "横浜市立東山田中学校", "P29_005": "神奈川県横浜市都筑区東山田2-9-1", "P29_006": "3", "P29_007": "1", "P29_008": "00", "P29_009": null }, "geometry": { "type": "Point", "coordinates": [ 139.601209203213045, 35.561984303873864 ] } },
{ "type": "Feature", "properties": { "P29_001": "14110", "P29_002": "C114210021178", "P29_003": "16002", "P29_004": "横浜市立秋葉中学校", "P29_005": "神奈川県横浜市戸塚区秋葉町271-3", "P29_006": "3", "P29_007": "1", "P29_008": "00", "P29_009": null }, "geometry": { "type": "Point", "coordinates": [ 139.544900183335869, 35.421062034918279 ] } },
{ "type": "Feature", "properties": { "P29_001": "14110", "P29_002": "C114210021187", "P29_003": "16002", "P29_004": "横浜市立汲沢中学校", "P29_005": "神奈川県横浜市戸塚区汲沢町550-2", "P29_006": "3", "P29_007": "1", "P29_008": "00", "P29_009": null }, "geometry": { "type": "Point", "coordinates": [ 139.507339941237916, 35.399023650425249 ] } },
{ "type": "Feature", "properties": { "P29_001": "14110", "P29_002": "C114210021196", "P29_003": "16002", "P29_004": "横浜市立境木中学校", "P29_005": "神奈川県横浜市戸塚区平戸3-48-2", "P29_006": "3", "P29_007": "1", "P29_008": "00", "P29_009": null }, "geometry": { "type": "Point", "coordinates": [ 139.569327839705892, 35.436991842948949 ] } },
{ "type": "Feature", "properties": { "P29_001": "14110", "P29_002": "C114210021203", "P29_003": "16002", "P29_004": "横浜市立大正中学校", "P29_005": "神奈川県横浜市戸塚区原宿4-12-1", "P29_006": "3", "P29_007": "1", "P29_008": "00", "P29_009": null }, "geometry": { "type": "Point", "coordinates": [ 139.503259507431551, 35.378364856672931 ] } },
{ "type": "Feature", "properties": { "P29_001": "14110", "P29_002": "C114210021212", "P29_003": "16002", "P29_004": "横浜市立戸塚中学校", "P29_005": "神奈川県横浜市戸塚区戸塚町4542", "P29_006": "3", "P29_007": "1", "P29_008": "00", "P29_009": null }, "geometry": { "type": "Point", "coordinates": [ 139.523777687049943, 35.401770499148029 ] } },
{ "type": "Feature", "properties": { "P29_001": "14110", "P29_002": "C114210021221", "P29_003": "16002", "P29_004": "横浜市立豊田中学校", "P29_005": "神奈川県横浜市戸塚区下倉田町950", "P29_006": "3", "P29_007": "1", "P29_008": "00", "P29_009": null }, "geometry": { "type": "Point", "coordinates": [ 139.542257103811266, 35.38220283393597 ] } },
{ "type": "Feature", "properties": { "P29_001": "14110", "P29_002": "C114210021249", "P29_003": "16002", "P29_004": "横浜市立平戸中学校", "P29_005": "神奈川県横浜市戸塚区平戸町993-4", "P29_006": "3", "P29_007": "1", "P29_008": "00", "P29_009": null }, "geometry": { "type": "Point", "coordinates": [ 139.565606575193556, 35.424854033594499 ] } },
{ "type": "Feature", "properties": { "P29_001": "14110", "P29_002": "C114210021258", "P29_003": "16002", "P29_004": "横浜市立深谷中学校", "P29_005": "神奈川県横浜市戸塚区深谷町1071", "P29_006": "3", "P29_007": "1", "P29_008": "00", "P29_009": null }, "geometry": { "type": "Point", "coordinates": [ 139.49975002071173, 35.383327211463858 ] } },
{ "type": "Feature", "properties": { "P29_001": "14110", "P29_002": "C114210021267", "P29_003": "16002", "P29_004": "横浜市立舞岡中学校", "P29_005": "神奈川県横浜市戸塚区舞岡町226", "P29_006": "3", "P29_007": "1", "P29_008": "00", "P29_009": null }, "geometry": { "type": "Point", "coordinates": [ 139.544549971785187, 35.409485772931085 ] } },
{ "type": "Feature", "properties": { "P29_001": "14110", "P29_002": "C114210021276", "P29_003": "16002", "P29_004": "横浜市立南戸塚中学校", "P29_005": "神奈川県横浜市戸塚区戸塚町1842-1", "P29_006": "3", "P29_007": "1", "P29_008": "00", "P29_009": null }, "geometry": { "type": "Point", "coordinates": [ 139.518320588908807, 35.381069043350188 ] } },
{ "type": "Feature", "properties": { "P29_001": "14115", "P29_002": "C114210021294", "P29_003": "16002", "P29_004": "横浜市立桂台中学校", "P29_005": "神奈川県横浜市栄区桂台中5-1", "P29_006": "3", "P29_007": "1", "P29_008": "00", "P29_009": null }, "geometry": { "type": "Point", "coordinates": [ 139.564767087617639, 35.353939928975322 ] } },
{ "type": "Feature", "properties": { "P29_001": "14115", "P29_002": "C114210021301", "P29_003": "16002", "P29_004": "横浜市立上郷中学校", "P29_005": "神奈川県横浜市栄区犬山町6-2", "P29_006": "3", "P29_007": "1", "P29_008": "00", "P29_009": null }, "geometry": { "type": "Point", "coordinates": [ 139.572564032445911, 35.357759459427548 ] } },
{ "type": "Feature", "properties": { "P29_001": "14115", "P29_002": "C114210021310", "P29_003": "16002", "P29_004": "横浜市立小山台中学校", "P29_005": "神奈川県横浜市栄区小山台1-14-1", "P29_006": "3", "P29_007": "1", "P29_008": "00", "P29_009": null }, "geometry": { "type": "Point", "coordinates": [ 139.558767875765341, 35.380748921456139 ] } },
{ "type": "Feature", "properties": { "P29_001": "14115", "P29_002": "C114210021329", "P29_003": "16002", "P29_004": "横浜市立西本郷中学校", "P29_005": "神奈川県横浜市栄区小菅ケ谷1-29-1", "P29_006": "3", "P29_007": "1", "P29_008": "00", "P29_009": null }, "geometry": { "type": "Point", "coordinates": [ 139.542987415909664, 35.363824408889336 ] } },
{ "type": "Feature", "properties": { "P29_001": "14116", "P29_002": "C114210021347", "P29_003": "16002", "P29_004": "横浜市立泉が丘中学校", "P29_005": "神奈川県横浜市泉区和泉が丘3-29-1", "P29_006": "3", "P29_007": "1", "P29_008": "00", "P29_009": null }, "geometry": { "type": "Point", "coordinates": [ 139.492343685131857, 35.404640469227637 ] } },
{ "type": "Feature", "properties": { "P29_001": "14116", "P29_002": "C114210021356", "P29_003": "16002", "P29_004": "横浜市立いずみ野中学校", "P29_005": "神奈川県横浜市泉区和泉町6201", "P29_006": "3", "P29_007": "1", "P29_008": "00", "P29_009": null }, "geometry": { "type": "Point", "coordinates": [ 139.497790804871158, 35.431829582616693 ] } },
{ "type": "Feature", "properties": { "P29_001": "14116", "P29_002": "C114210021365", "P29_003": "16002", "P29_004": "横浜市立岡津中学校", "P29_005": "神奈川県横浜市泉区岡津町2346", "P29_006": "3", "P29_007": "1", "P29_008": "00", "P29_009": null }, "geometry": { "type": "Point", "coordinates": [ 139.524174634239927, 35.429298781667185 ] } },
{ "type": "Feature", "properties": { "P29_001": "14116", "P29_002": "C114210021383", "P29_003": "16002", "P29_004": "横浜市立中田中学校", "P29_005": "神奈川県横浜市泉区中田北2-20-1", "P29_006": "3", "P29_007": "1", "P29_008": "00", "P29_009": null }, "geometry": { "type": "Point", "coordinates": [ 139.505579157655717, 35.414723384099517 ] } },
{ "type": "Feature", "properties": { "P29_001": "14116", "P29_002": "C114210021392", "P29_003": "16002", "P29_004": "横浜市立中和田中学校", "P29_005": "神奈川県横浜市泉区和泉中央北2-5-1", "P29_006": "3", "P29_007": "1", "P29_008": "00", "P29_009": null }, "geometry": { "type": "Point", "coordinates": [ 139.498109457156204, 35.415981472281963 ] } },
{ "type": "Feature", "properties": { "P29_001": "14116", "P29_002": "C114210021409", "P29_003": "16002", "P29_004": "横浜市立領家中学校", "P29_005": "神奈川県横浜市泉区領家4-3-1", "P29_006": "3", "P29_007": "1", "P29_008": "00", "P29_009": null }, "geometry": { "type": "Point", "coordinates": [ 139.521249151635033, 35.415620582492934 ] } },
{ "type": "Feature", "properties": { "P29_001": "14114", "P29_002": "C114210021418", "P29_003": "16002", "P29_004": "横浜市立東野中学校", "P29_005": "神奈川県横浜市瀬谷区東野130", "P29_006": "3", "P29_007": "1", "P29_008": "00", "P29_009": null }, "geometry": { "type": "Point", "coordinates": [ 139.496063532868078, 35.476527573361892 ] } },
{ "type": "Feature", "properties": { "P29_001": "14114", "P29_002": "C114210021427", "P29_003": "16002", "P29_004": "横浜市立下瀬谷中学校", "P29_005": "神奈川県横浜市瀬谷区下瀬谷2-16-7", "P29_006": "3", "P29_007": "1", "P29_008": "00", "P29_009": null }, "geometry": { "type": "Point", "coordinates": [ 139.482176401497895, 35.456647426603254 ] } },
{ "type": "Feature", "properties": { "P29_001": "14114", "P29_002": "C114210021436", "P29_003": "16002", "P29_004": "横浜市立瀬谷中学校", "P29_005": "神奈川県横浜市瀬谷区中央5-41", "P29_006": "3", "P29_007": "1", "P29_008": "00", "P29_009": null }, "geometry": { "type": "Point", "coordinates": [ 139.481476506187789, 35.471999548203492 ] } },
{ "type": "Feature", "properties": { "P29_001": "14114", "P29_002": "C114210021445", "P29_003": "16002", "P29_004": "横浜市立原中学校", "P29_005": "神奈川県横浜市瀬谷区阿久和西2-1-6", "P29_006": "3", "P29_007": "1", "P29_008": "00", "P29_009": null }, "geometry": { "type": "Point", "coordinates": [ 139.498088353217611, 35.454733364930128 ] } },
{ "type": "Feature", "properties": { "P29_001": "14114", "P29_002": "C114210021454", "P29_003": "16002", "P29_004": "横浜市立南瀬谷中学校", "P29_005": "神奈川県横浜市瀬谷区南台2-2-8", "P29_006": "3", "P29_007": "1", "P29_008": "00", "P29_009": null }, "geometry": { "type": "Point", "coordinates": [ 139.485510221989415, 35.457784612272086 ] } },
{ "type": "Feature", "properties": { "P29_001": "14131", "P29_002": "C114213020011", "P29_003": "16002", "P29_004": "川崎市立大師中学校", "P29_005": "神奈川県川崎市川崎区大師河原2-1-1", "P29_006": "3", "P29_007": "1", "P29_008": "00", "P29_009": null }, "geometry": { "type": "Point", "coordinates": [ 139.738811114210392, 35.535321471639257 ] } },
{ "type": "Feature", "properties": { "P29_001": "14131", "P29_002": "C114213020020", "P29_003": "16002", "P29_004": "川崎市立南大師中学校", "P29_005": "神奈川県川崎市川崎区四谷上町24-1", "P29_006": "3", "P29_007": "1", "P29_008": "00", "P29_009": null }, "geometry": { "type": "Point", "coordinates": [ 139.736620768583208, 35.528413009441557 ] } },
{ "type": "Feature", "properties": { "P29_001": "14131", "P29_002": "C114213020039", "P29_003": "16002", "P29_004": "川崎市立川中島中学校", "P29_005": "神奈川県川崎市川崎区藤崎2-19-1", "P29_006": "3", "P29_007": "1", "P29_008": "00", "P29_009": null }, "geometry": { "type": "Point", "coordinates": [ 139.721845882801745, 35.526979825371313 ] } },
{ "type": "Feature", "properties": { "P29_001": "14131", "P29_002": "C114213020048", "P29_003": "16002", "P29_004": "川崎市立桜本中学校", "P29_005": "神奈川県川崎市川崎区池上新町1-2-4", "P29_006": "3", "P29_007": "1", "P29_008": "00", "P29_009": null }, "geometry": { "type": "Point", "coordinates": [ 139.727027946119705, 35.523185569092092 ] } },
{ "type": "Feature", "properties": { "P29_001": "14131", "P29_002": "C114213020057", "P29_003": "16002", "P29_004": "川崎市立臨港中学校", "P29_005": "神奈川県川崎市川崎区浜町2-11-22", "P29_006": "3", "P29_007": "1", "P29_008": "00", "P29_009": null }, "geometry": { "type": "Point", "coordinates": [ 139.71603765955129, 35.514458175316477 ] } },
{ "type": "Feature", "properties": { "P29_001": "14131", "P29_002": "C114213020066", "P29_003": "16002", "P29_004": "川崎市立田島中学校", "P29_005": "神奈川県川崎市川崎区小田2-21-7", "P29_006": "3", "P29_007": "1", "P29_008": "00", "P29_009": null }, "geometry": { "type": "Point", "coordinates": [ 139.698013294806259, 35.512690224389871 ] } },
{ "type": "Feature", "properties": { "P29_001": "14131", "P29_002": "C114213020075", "P29_003": "16002", "P29_004": "川崎市立京町中学校", "P29_005": "神奈川県川崎市川崎区京町3-19-11", "P29_006": "3", "P29_007": "1", "P29_008": "00", "P29_009": null }, "geometry": { "type": "Point", "coordinates": [ 139.6962826853769, 35.509548822092007 ] } },
{ "type": "Feature", "properties": { "P29_001": "14131", "P29_002": "C114213020084", "P29_003": "16002", "P29_004": "川崎市立渡田中学校", "P29_005": "神奈川県川崎市川崎区渡田向町11-1", "P29_006": "3", "P29_007": "1", "P29_008": "00", "P29_009": null }, "geometry": { "type": "Point", "coordinates": [ 139.70284677523702, 35.520399782898217 ] } },
{ "type": "Feature", "properties": { "P29_001": "14131", "P29_002": "C114213020100", "P29_003": "16002", "P29_004": "川崎市立川崎中学校", "P29_005": "神奈川県川崎市川崎区下並木50", "P29_006": "3", "P29_007": "1", "P29_008": "00", "P29_009": null }, "geometry": { "type": "Point", "coordinates": [ 139.689419654410557, 35.522642477065126 ] } },
{ "type": "Feature", "properties": { "P29_001": "14131", "P29_002": "C114213020119", "P29_003": "16002", "P29_004": "川崎市立川崎高等学校附属中学校", "P29_005": "神奈川県川崎市川崎区中島3-3-1", "P29_006": "3", "P29_007": "1", "P29_008": "00", "P29_009": null }, "geometry": { "type": "Point", "coordinates": [ 139.714304855903237, 35.527197089454248 ] } },
{ "type": "Feature", "properties": { "P29_001": "14132", "P29_002": "C114213020128", "P29_003": "16002", "P29_004": "川崎市立南河原中学校", "P29_005": "神奈川県川崎市幸区中幸町4-31", "P29_006": "3", "P29_007": "1", "P29_008": "00", "P29_009": null }, "geometry": { "type": "Point", "coordinates": [ 139.692588932033487, 35.533292438098265 ] } },
{ "type": "Feature", "properties": { "P29_001": "14132", "P29_002": "C114213020137", "P29_003": "16002", "P29_004": "川崎市立御幸中学校", "P29_005": "神奈川県川崎市幸区戸手4-2-1", "P29_006": "3", "P29_007": "1", "P29_008": "00", "P29_009": null }, "geometry": { "type": "Point", "coordinates": [ 139.693951364222443, 35.544506184467657 ] } },
{ "type": "Feature", "properties": { "P29_001": "14132", "P29_002": "C114213020155", "P29_003": "16002", "P29_004": "川崎市立日吉中学校", "P29_005": "神奈川県川崎市幸区北加瀬2-3-1", "P29_006": "3", "P29_007": "1", "P29_008": "00", "P29_009": null }, "geometry": { "type": "Point", "coordinates": [ 139.661513829677148, 35.55382409405604 ] } },
{ "type": "Feature", "properties": { "P29_001": "14133", "P29_002": "C114213020173", "P29_003": "16002", "P29_004": "川崎市立平間中学校", "P29_005": "神奈川県川崎市中原区上平間1368", "P29_006": "3", "P29_007": "1", "P29_008": "00", "P29_009": null }, "geometry": { "type": "Point", "coordinates": [ 139.678400018241263, 35.558531275165031 ] } },
{ "type": "Feature", "properties": { "P29_001": "14133", "P29_002": "C114213020182", "P29_003": "16002", "P29_004": "川崎市立玉川中学校", "P29_005": "神奈川県川崎市中原区中丸子562", "P29_006": "3", "P29_007": "1", "P29_008": "00", "P29_009": null }, "geometry": { "type": "Point", "coordinates": [ 139.668103801870132, 35.566329271572165 ] } },
{ "type": "Feature", "properties": { "P29_001": "14133", "P29_002": "C114213020191", "P29_003": "16002", "P29_004": "川崎市立住吉中学校", "P29_005": "神奈川県川崎市中原区木月住吉町27-1", "P29_006": "3", "P29_007": "1", "P29_008": "00", "P29_009": null }, "geometry": { "type": "Point", "coordinates": [ 139.661509682456739, 35.565559727282249 ] } },
{ "type": "Feature", "properties": { "P29_001": "14133", "P29_002": "C114213020208", "P29_003": "16002", "P29_004": "川崎市立井田中学校", "P29_005": "神奈川県川崎市中原区井田杉山町11-1", "P29_006": "3", "P29_007": "1", "P29_008": "00", "P29_009": null }, "geometry": { "type": "Point", "coordinates": [ 139.643783239977552, 35.569987807980475 ] } },
{ "type": "Feature", "properties": { "P29_001": "14133", "P29_002": "C114213020226", "P29_003": "16002", "P29_004": "川崎市立中原中学校", "P29_005": "神奈川県川崎市中原区小杉陣屋町1-24-1", "P29_006": "3", "P29_007": "1", "P29_008": "00", "P29_009": null }, "geometry": { "type": "Point", "coordinates": [ 139.659644258190895, 35.58594305648132 ] } },
{ "type": "Feature", "properties": { "P29_001": "14133", "P29_002": "C114213020235", "P29_003": "16002", "P29_004": "川崎市立宮内中学校", "P29_005": "神奈川県川崎市中原区宮内4-13-1", "P29_006": "3", "P29_007": "1", "P29_008": "00", "P29_009": null }, "geometry": { "type": "Point", "coordinates": [ 139.646454326242093, 35.585155585705728 ] } },
{ "type": "Feature", "properties": { "P29_001": "14133", "P29_002": "C114213020244", "P29_003": "16002", "P29_004": "川崎市立西中原中学校", "P29_005": "神奈川県川崎市中原区下小田中2-17-1", "P29_006": "3", "P29_007": "1", "P29_008": "00", "P29_009": null }, "geometry": { "type": "Point", "coordinates": [ 139.643517699228198, 35.579016466221859 ] } },
{ "type": "Feature", "properties": { "P29_001": "14134", "P29_002": "C114213020253", "P29_003": "16002", "P29_004": "川崎市立東橘中学校", "P29_005": "神奈川県川崎市高津区子母口730", "P29_006": "3", "P29_007": "1", "P29_008": "00", "P29_009": null }, "geometry": { "type": "Point", "coordinates": [ 139.632832224948771, 35.5694895800818 ] } },
{ "type": "Feature", "properties": { "P29_001": "14134", "P29_002": "C114213020262", "P29_003": "16002", "P29_004": "川崎市立橘中学校", "P29_005": "神奈川県川崎市高津区千年1300", "P29_006": "3", "P29_007": "1", "P29_008": "00", "P29_009": null }, "geometry": { "type": "Point", "coordinates": [ 139.620352325537169, 35.584200086492409 ] } },
{ "type": "Feature", "properties": { "P29_001": "14134", "P29_002": "C114213020280", "P29_003": "16002", "P29_004": "川崎市立東高津中学校", "P29_005": "神奈川県川崎市高津区末長4-1-1", "P29_006": "3", "P29_007": "1", "P29_008": "00", "P29_009": null }, "geometry": { "type": "Point", "coordinates": [ 139.621316754145369, 35.591734540713574 ] } },
{ "type": "Feature", "properties": { "P29_001": "14134", "P29_002": "C114213020299", "P29_003": "16002", "P29_004": "川崎市立西高津中学校", "P29_005": "神奈川県川崎市高津区久地1-10-1", "P29_006": "3", "P29_007": "1", "P29_008": "00", "P29_009": null }, "geometry": { "type": "Point", "coordinates": [ 139.610261601653235, 35.607315139971909 ] } },
{ "type": "Feature", "properties": { "P29_001": "14136", "P29_002": "C114213020306", "P29_003": "16002", "P29_004": "川崎市立宮崎中学校", "P29_005": "神奈川県川崎市宮前区宮崎107", "P29_006": "3", "P29_007": "1", "P29_008": "00", "P29_009": null }, "geometry": { "type": "Point", "coordinates": [ 139.598006249144049, 35.588805736127796 ] } },
{ "type": "Feature", "properties": { "P29_001": "14136", "P29_002": "C114213020315", "P29_003": "16002", "P29_004": "川崎市立野川中学校", "P29_005": "神奈川県川崎市宮前区西野川2-2-1", "P29_006": "3", "P29_007": "1", "P29_008": "00", "P29_009": null }, "geometry": { "type": "Point", "coordinates": [ 139.605953032584551, 35.573698505402824 ] } },
{ "type": "Feature", "properties": { "P29_001": "14136", "P29_002": "C114213020324", "P29_003": "16002", "P29_004": "川崎市立有馬中学校", "P29_005": "神奈川県川崎市宮前区有馬7-7-1", "P29_006": "3", "P29_007": "1", "P29_008": "00", "P29_009": null }, "geometry": { "type": "Point", "coordinates": [ 139.577204075003294, 35.570975621189852 ] } },
{ "type": "Feature", "properties": { "P29_001": "14136", "P29_002": "C114213020333", "P29_003": "16002", "P29_004": "川崎市立宮前平中学校", "P29_005": "神奈川県川崎市宮前区宮前平2-7", "P29_006": "3", "P29_007": "1", "P29_008": "00", "P29_009": null }, "geometry": { "type": "Point", "coordinates": [ 139.583813983312723, 35.589334546374467 ] } },
{ "type": "Feature", "properties": { "P29_001": "14136", "P29_002": "C114213020342", "P29_003": "16002", "P29_004": "川崎市立向丘中学校", "P29_005": "神奈川県川崎市宮前区神木本町5-11-1", "P29_006": "3", "P29_007": "1", "P29_008": "00", "P29_009": null }, "geometry": { "type": "Point", "coordinates": [ 139.581004435181541, 35.598366285155812 ] } },
{ "type": "Feature", "properties": { "P29_001": "14136", "P29_002": "C114213020351", "P29_003": "16002", "P29_004": "川崎市立平中学校", "P29_005": "神奈川県川崎市宮前区平3-15-1", "P29_006": "3", "P29_007": "1", "P29_008": "00", "P29_009": null }, "geometry": { "type": "Point", "coordinates": [ 139.569199782528131, 35.60350413898415 ] } },
{ "type": "Feature", "properties": { "P29_001": "14136", "P29_002": "C114213020360", "P29_003": "16002", "P29_004": "川崎市立菅生中学校", "P29_005": "神奈川県川崎市宮前区菅生2-10-1", "P29_006": "3", "P29_007": "1", "P29_008": "00", "P29_009": null }, "geometry": { "type": "Point", "coordinates": [ 139.552450134121784, 35.598337612980828 ] } },
{ "type": "Feature", "properties": { "P29_001": "14136", "P29_002": "C114213020379", "P29_003": "16002", "P29_004": "川崎市立犬蔵中学校", "P29_005": "神奈川県川崎市宮前区犬蔵1-10-1", "P29_006": "3", "P29_007": "1", "P29_008": "00", "P29_009": null }, "geometry": { "type": "Point", "coordinates": [ 139.563528427311866, 35.589112856673637 ] } },
{ "type": "Feature", "properties": { "P29_001": "14135", "P29_002": "C114213020388", "P29_003": "16002", "P29_004": "川崎市立稲田中学校", "P29_005": "神奈川県川崎市多摩区宿河原4-1-1", "P29_006": "3", "P29_007": "1", "P29_008": "00", "P29_009": null }, "geometry": { "type": "Point", "coordinates": [ 139.579110784680893, 35.618628067008288 ] } },
{ "type": "Feature", "properties": { "P29_001": "14135", "P29_002": "C114213020397", "P29_003": "16002", "P29_004": "川崎市立枡形中学校", "P29_005": "神奈川県川崎市多摩区枡形1-22-1", "P29_006": "3", "P29_007": "1", "P29_008": "00", "P29_009": null }, "geometry": { "type": "Point", "coordinates": [ 139.548157458592613, 35.618689152531623 ] } },
{ "type": "Feature", "properties": { "P29_001": "14135", "P29_002": "C114213020404", "P29_003": "16002", "P29_004": "川崎市立中野島中学校", "P29_005": "神奈川県川崎市多摩区中野島1-16-1", "P29_006": "3", "P29_007": "1", "P29_008": "00", "P29_009": null }, "geometry": { "type": "Point", "coordinates": [ 139.5459728427264, 35.628201725088942 ] } },
{ "type": "Feature", "properties": { "P29_001": "14135", "P29_002": "C114213020413", "P29_003": "16002", "P29_004": "川崎市立南菅中学校", "P29_005": "神奈川県川崎市多摩区菅馬場4-1-1", "P29_006": "3", "P29_007": "1", "P29_008": "00", "P29_009": null }, "geometry": { "type": "Point", "coordinates": [ 139.530155865634896, 35.62260012691069 ] } },
{ "type": "Feature", "properties": { "P29_001": "14135", "P29_002": "C114213020422", "P29_003": "16002", "P29_004": "川崎市立菅中学校", "P29_005": "神奈川県川崎市多摩区菅城下28-1", "P29_006": "3", "P29_007": "1", "P29_008": "00", "P29_009": null }, "geometry": { "type": "Point", "coordinates": [ 139.523010416468537, 35.63638784996111 ] } },
{ "type": "Feature", "properties": { "P29_001": "14135", "P29_002": "C114213020431", "P29_003": "16002", "P29_004": "川崎市立生田中学校", "P29_005": "神奈川県川崎市多摩区三田2-5420-2", "P29_006": "3", "P29_007": "1", "P29_008": "00", "P29_009": null }, "geometry": { "type": "Point", "coordinates": [ 139.545931809493482, 35.612368414485033 ] } },
{ "type": "Feature", "properties": { "P29_001": "14135", "P29_002": "C114213020440", "P29_003": "16002", "P29_004": "川崎市立南生田中学校", "P29_005": "神奈川県川崎市多摩区南生田3-4-1", "P29_006": "3", "P29_007": "1", "P29_008": "00", "P29_009": null }, "geometry": { "type": "Point", "coordinates": [ 139.533706848509865, 35.605913869264391 ] } },
{ "type": "Feature", "properties": { "P29_001": "14137", "P29_002": "C114213020459", "P29_003": "16002", "P29_004": "川崎市立西生田中学校", "P29_005": "神奈川県川崎市麻生区高石3-25-1", "P29_006": "3", "P29_007": "1", "P29_008": "00", "P29_009": null }, "geometry": { "type": "Point", "coordinates": [ 139.519580537540151, 35.615782077413776 ] } },
{ "type": "Feature", "properties": { "P29_001": "14137", "P29_002": "C114213020468", "P29_003": "16002", "P29_004": "川崎市立金程中学校", "P29_005": "神奈川県川崎市麻生区金程3-16-1", "P29_006": "3", "P29_007": "1", "P29_008": "00", "P29_009": null }, "geometry": { "type": "Point", "coordinates": [ 139.49936384547027, 35.613754910676477 ] } },
{ "type": "Feature", "properties": { "P29_001": "14137", "P29_002": "C114213020477", "P29_003": "16002", "P29_004": "川崎市立長沢中学校", "P29_005": "神奈川県川崎市麻生区東百合丘4-12-1", "P29_006": "3", "P29_007": "1", "P29_008": "00", "P29_009": null }, "geometry": { "type": "Point", "coordinates": [ 139.524175305281972, 35.597954098235981 ] } },
{ "type": "Feature", "properties": { "P29_001": "14137", "P29_002": "C114213020486", "P29_003": "16002", "P29_004": "川崎市立麻生中学校", "P29_005": "神奈川県川崎市麻生区上麻生4-39-1", "P29_006": "3", "P29_007": "1", "P29_008": "00", "P29_009": null }, "geometry": { "type": "Point", "coordinates": [ 139.503727914703944, 35.596056905092119 ] } },
{ "type": "Feature", "properties": { "P29_001": "14137", "P29_002": "C114213020495", "P29_003": "16002", "P29_004": "川崎市立柿生中学校", "P29_005": "神奈川県川崎市麻生区上麻生6-40-1", "P29_006": "3", "P29_007": "1", "P29_008": "00", "P29_009": null }, "geometry": { "type": "Point", "coordinates": [ 139.499879071907827, 35.586754290230537 ] } },
{ "type": "Feature", "properties": { "P29_001": "14137", "P29_002": "C114213020501", "P29_003": "16002", "P29_004": "川崎市立王禅寺中央中学校", "P29_005": "神奈川県川崎市麻生区王禅寺東4-14-2", "P29_006": "3", "P29_007": "1", "P29_008": "00", "P29_009": null }, "geometry": { "type": "Point", "coordinates": [ 139.51345330697265, 35.586005287987867 ] } },
{ "type": "Feature", "properties": { "P29_001": "14137", "P29_002": "C114213020510", "P29_003": "16002", "P29_004": "川崎市立白鳥中学校", "P29_005": "神奈川県川崎市麻生区白鳥1-5-1", "P29_006": "3", "P29_007": "1", "P29_008": "00", "P29_009": null }, "geometry": { "type": "Point", "coordinates": [ 139.485904399889762, 35.601318070253534 ] } },
{ "type": "Feature", "properties": { "P29_001": "14137", "P29_002": "C114213020529", "P29_003": "16002", "P29_004": "川崎市立はるひ野中学校", "P29_005": "神奈川県川崎市麻生区はるひ野4-8-1", "P29_006": "3", "P29_007": "1", "P29_008": "00", "P29_009": null }, "geometry": { "type": "Point", "coordinates": [ 139.460873585971029, 35.618093785211407 ] } },
{ "type": "Feature", "properties": { "P29_001": "14153", "P29_002": "C114215020016", "P29_003": "16002", "P29_004": "相模原市立相陽中学校", "P29_005": "神奈川県相模原市南区磯部1540", "P29_006": "3", "P29_007": "1", "P29_008": "00", "P29_009": null }, "geometry": { "type": "Point", "coordinates": [ 139.385778282422137, 35.515053626442203 ] } },
{ "type": "Feature", "properties": { "P29_001": "14152", "P29_002": "C114215020025", "P29_003": "16002", "P29_004": "相模原市立上溝中学校", "P29_005": "神奈川県相模原市中央区横山5-19-54", "P29_006": "3", "P29_007": "1", "P29_008": "00", "P29_009": null }, "geometry": { "type": "Point", "coordinates": [ 139.363591957715187, 35.559989518153927 ] } },
{ "type": "Feature", "properties": { "P29_001": "14152", "P29_002": "C114215020034", "P29_003": "16002", "P29_004": "相模原市立田名中学校", "P29_005": "神奈川県相模原市中央区田名5250-1", "P29_006": "3", "P29_007": "1", "P29_008": "00", "P29_009": null }, "geometry": { "type": "Point", "coordinates": [ 139.337644077479922, 35.550521205730163 ] } },
{ "type": "Feature", "properties": { "P29_001": "14151", "P29_002": "C114215020043", "P29_003": "16002", "P29_004": "相模原市立大沢中学校", "P29_005": "神奈川県相模原市緑区大島1800", "P29_006": "3", "P29_007": "1", "P29_008": "00", "P29_009": null }, "geometry": { "type": "Point", "coordinates": [ 139.327708947583346, 35.574709322666905 ] } },
{ "type": "Feature", "properties": { "P29_001": "14151", "P29_002": "C114215020052", "P29_003": "16002", "P29_004": "相模原市立旭中学校", "P29_005": "神奈川県相模原市緑区橋本1-12-15", "P29_006": "3", "P29_007": "1", "P29_008": "00", "P29_009": null }, "geometry": { "type": "Point", "coordinates": [ 139.345447577449306, 35.589340421705522 ] } },
{ "type": "Feature", "properties": { "P29_001": "14153", "P29_002": "C114215020070", "P29_003": "16002", "P29_004": "相模原市立大野南中学校", "P29_005": "神奈川県相模原市南区文京1-10-1", "P29_006": "3", "P29_007": "1", "P29_008": "00", "P29_009": null }, "geometry": { "type": "Point", "coordinates": [ 139.429311494708543, 35.537109964588417 ] } },
{ "type": "Feature", "properties": { "P29_001": "14153", "P29_002": "C114215020089", "P29_003": "16002", "P29_004": "相模原市立相模台中学校", "P29_005": "神奈川県相模原市南区桜台20-1", "P29_006": "3", "P29_007": "1", "P29_008": "00", "P29_009": null }, "geometry": { "type": "Point", "coordinates": [ 139.40797588244854, 35.521413264973937 ] } },
{ "type": "Feature", "properties": { "P29_001": "14152", "P29_002": "C114215020098", "P29_003": "16002", "P29_004": "相模原市立清新中学校", "P29_005": "神奈川県相模原市中央区清新8-5-1", "P29_006": "3", "P29_007": "1", "P29_008": "00", "P29_009": null }, "geometry": { "type": "Point", "coordinates": [ 139.362995480223361, 35.572283920457956 ] } },
{ "type": "Feature", "properties": { "P29_001": "14153", "P29_002": "C114215020105", "P29_003": "16002", "P29_004": "相模原市立上鶴間中学校", "P29_005": "神奈川県相模原市南区上鶴間4-14-1", "P29_006": "3", "P29_007": "1", "P29_008": "00", "P29_009": null }, "geometry": { "type": "Point", "coordinates": [ 139.445544433236734, 35.519190152138783 ] } },
{ "type": "Feature", "properties": { "P29_001": "14153", "P29_002": "C114215020114", "P29_003": "16002", "P29_004": "相模原市立麻溝台中学校", "P29_005": "神奈川県相模原市南区麻溝台4-12-1", "P29_006": "3", "P29_007": "1", "P29_008": "00", "P29_009": null }, "geometry": { "type": "Point", "coordinates": [ 139.408685269123509, 35.531524257449 ] } },
{ "type": "Feature", "properties": { "P29_001": "14152", "P29_002": "C114215020123", "P29_003": "16002", "P29_004": "相模原市立共和中学校", "P29_005": "神奈川県相模原市中央区共和1-3-10", "P29_006": "3", "P29_007": "1", "P29_008": "00", "P29_009": null }, "geometry": { "type": "Point", "coordinates": [ 139.397548227507855, 35.565859152303446 ] } },
{ "type": "Feature", "properties": { "P29_001": "14152", "P29_002": "C114215020132", "P29_003": "16002", "P29_004": "相模原市立緑が丘中学校", "P29_005": "神奈川県相模原市中央区緑が丘1-28-1", "P29_006": "3", "P29_007": "1", "P29_008": "00", "P29_009": null }, "geometry": { "type": "Point", "coordinates": [ 139.383031980028704, 35.547617760085657 ] } },
{ "type": "Feature", "properties": { "P29_001": "14153", "P29_002": "C114215020150", "P29_003": "16002", "P29_004": "相模原市立相武台中学校", "P29_005": "神奈川県相模原市南区新磯野5-1-10", "P29_006": "3", "P29_007": "1", "P29_008": "00", "P29_009": null }, "geometry": { "type": "Point", "coordinates": [ 139.400350008416723, 35.511570291842546 ] } },
{ "type": "Feature", "properties": { "P29_001": "14153", "P29_002": "C114215020169", "P29_003": "16002", "P29_004": "相模原市立谷口中学校", "P29_005": "神奈川県相模原市南区上鶴間本町4-13-43", "P29_006": "3", "P29_007": "1", "P29_008": "00", "P29_009": null }, "geometry": { "type": "Point", "coordinates": [ 139.44211253551461, 35.533228700899109 ] } },
{ "type": "Feature", "properties": { "P29_001": "14152", "P29_002": "C114215020178", "P29_003": "16002", "P29_004": "相模原市立中央中学校", "P29_005": "神奈川県相模原市中央区富士見1-3-17", "P29_006": "3", "P29_007": "1", "P29_008": "00", "P29_009": null }, "geometry": { "type": "Point", "coordinates": [ 139.377264599862627, 35.569395167231072 ] } },
{ "type": "Feature", "properties": { "P29_001": "14153", "P29_002": "C114215020187", "P29_003": "16002", "P29_004": "相模原市立新町中学校", "P29_005": "神奈川県相模原市南区相模大野9-14-1", "P29_006": "3", "P29_007": "1", "P29_008": "00", "P29_009": null }, "geometry": { "type": "Point", "coordinates": [ 139.43771327313047, 35.525461810440511 ] } },
{ "type": "Feature", "properties": { "P29_001": "14151", "P29_002": "C114215020203", "P29_003": "16002", "P29_004": "相模原市立相原中学校", "P29_005": "神奈川県相模原市緑区橋本8-12-1", "P29_006": "3", "P29_007": "1", "P29_008": "00", "P29_009": null }, "geometry": { "type": "Point", "coordinates": [ 139.332743245551455, 35.599140261568728 ] } },
{ "type": "Feature", "properties": { "P29_001": "14152", "P29_002": "C114215020212", "P29_003": "16002", "P29_004": "相模原市立上溝南中学校", "P29_005": "神奈川県相模原市中央区上溝2322-2", "P29_006": "3", "P29_007": "1", "P29_008": "00", "P29_009": null }, "geometry": { "type": "Point", "coordinates": [ 139.357207876689699, 35.548736887451582 ] } },
{ "type": "Feature", "properties": { "P29_001": "14152", "P29_002": "C114215020221", "P29_003": "16002", "P29_004": "相模原市立小山中学校", "P29_005": "神奈川県相模原市中央区小山4-3-1", "P29_006": "3", "P29_007": "1", "P29_008": "00", "P29_009": null }, "geometry": { "type": "Point", "coordinates": [ 139.354810086606165, 35.586594886988138 ] } },
{ "type": "Feature", "properties": { "P29_001": "14153", "P29_002": "C114215020230", "P29_003": "16002", "P29_004": "相模原市立若草中学校", "P29_005": "神奈川県相模原市南区新磯野2046", "P29_006": "3", "P29_007": "1", "P29_008": "00", "P29_009": null }, "geometry": { "type": "Point", "coordinates": [ 139.402746941968189, 35.517421531610168 ] } },
{ "type": "Feature", "properties": { "P29_001": "14151", "P29_002": "C114215020258", "P29_003": "16002", "P29_004": "相模原市立内出中学校", "P29_005": "神奈川県相模原市緑区下九沢2845", "P29_006": "3", "P29_007": "1", "P29_008": "00", "P29_009": null }, "geometry": { "type": "Point", "coordinates": [ 139.318694473486914, 35.587320754447312 ] } },
{ "type": "Feature", "properties": { "P29_001": "14153", "P29_002": "C114215020267", "P29_003": "16002", "P29_004": "相模原市立鵜野森中学校", "P29_005": "神奈川県相模原市南区鵜野森1-11-1", "P29_006": "3", "P29_007": "1", "P29_008": "00", "P29_009": null }, "geometry": { "type": "Point", "coordinates": [ 139.42869646679182, 35.545007326226667 ] } },
{ "type": "Feature", "properties": { "P29_001": "14153", "P29_002": "C114215020276", "P29_003": "16002", "P29_004": "相模原市立東林中学校", "P29_005": "神奈川県相模原市南区上鶴間8-21-1", "P29_006": "3", "P29_007": "1", "P29_008": "00", "P29_009": null }, "geometry": { "type": "Point", "coordinates": [ 139.445045539342061, 35.51512480831002 ] } },
{ "type": "Feature", "properties": { "P29_001": "14151", "P29_002": "C114215020285", "P29_003": "16002", "P29_004": "相模原市立相模丘中学校", "P29_005": "神奈川県相模原市緑区久保沢2-22-4", "P29_006": "3", "P29_007": "1", "P29_008": "00", "P29_009": null }, "geometry": { "type": "Point", "coordinates": [ 139.301400336167404, 35.597988963925658 ] } },
{ "type": "Feature", "properties": { "P29_001": "14151", "P29_002": "C114215020310", "P29_003": "16002", "P29_004": "相模原市立串川中学校", "P29_005": "神奈川県相模原市緑区長竹1469", "P29_006": "3", "P29_007": "1", "P29_008": "00", "P29_009": null }, "geometry": { "type": "Point", "coordinates": [ 139.2600973894383, 35.566394977899122 ] } },
{ "type": "Feature", "properties": { "P29_001": "14151", "P29_002": "C114215020338", "P29_003": "16002", "P29_004": "相模原市立北相中学校", "P29_005": "神奈川県相模原市緑区与瀬1019-5", "P29_006": "3", "P29_007": "1", "P29_008": "00", "P29_009": null }, "geometry": { "type": "Point", "coordinates": [ 139.193921663446503, 35.616002463902838 ] } },
{ "type": "Feature", "properties": { "P29_001": "14151", "P29_002": "C114215020347", "P29_003": "16002", "P29_004": "相模原市立内郷中学校", "P29_005": "神奈川県相模原市緑区寸沢嵐2742-4", "P29_006": "3", "P29_007": "1", "P29_008": "00", "P29_009": null }, "geometry": { "type": "Point", "coordinates": [ 139.21343943289753, 35.597704950402445 ] } },
{ "type": "Feature", "properties": { "P29_001": "14151", "P29_002": "C114215020356", "P29_003": "16002", "P29_004": "相模原市立藤野中学校", "P29_005": "神奈川県相模原市緑区小渕2082", "P29_006": "3", "P29_007": "1", "P29_008": "00", "P29_009": null }, "geometry": { "type": "Point", "coordinates": [ 139.16071592222022, 35.614635991242679 ] } },
{ "type": "Feature", "properties": { "P29_001": "14201", "P29_002": "C114220120015", "P29_003": "16002", "P29_004": "横須賀市立追浜中学校", "P29_005": "神奈川県横須賀市夏島町12", "P29_006": "3", "P29_007": "1", "P29_008": "00", "P29_009": null }, "geometry": { "type": "Point", "coordinates": [ 139.632938533503165, 35.319517487822452 ] } },
{ "type": "Feature", "properties": { "P29_001": "14201", "P29_002": "C114220120024", "P29_003": "16002", "P29_004": "横須賀市立鷹取中学校", "P29_005": "神奈川県横須賀市湘南鷹取2-30-1", "P29_006": "3", "P29_007": "1", "P29_008": "00", "P29_009": null }, "geometry": { "type": "Point", "coordinates": [ 139.622585599193684, 35.307753331627026 ] } },
{ "type": "Feature", "properties": { "P29_001": "14201", "P29_002": "C114220120060", "P29_003": "16002", "P29_004": "横須賀市立常葉中学校", "P29_005": "神奈川県横須賀市小川町18", "P29_006": "3", "P29_007": "1", "P29_008": "00", "P29_009": null }, "geometry": { "type": "Point", "coordinates": [ 139.674326767182265, 35.281579566186849 ] } },
{ "type": "Feature", "properties": { "P29_001": "14201", "P29_002": "C114220120088", "P29_003": "16002", "P29_004": "横須賀市立池上中学校", "P29_005": "神奈川県横須賀市池上3-5-1", "P29_006": "3", "P29_007": "1", "P29_008": "00", "P29_009": null }, "geometry": { "type": "Point", "coordinates": [ 139.647388406994338, 35.261505432198469 ] } },
{ "type": "Feature", "properties": { "P29_001": "14201", "P29_002": "C114220120104", "P29_003": "16002", "P29_004": "横須賀市立大矢部中学校", "P29_005": "神奈川県横須賀市森崎5-14-2", "P29_006": "3", "P29_007": "1", "P29_008": "00", "P29_009": null }, "geometry": { "type": "Point", "coordinates": [ 139.665692387560568, 35.244838390720595 ] } },
{ "type": "Feature", "properties": { "P29_001": "14201", "P29_002": "C114220120140", "P29_003": "16002", "P29_004": "横須賀市立鴨居中学校", "P29_005": "神奈川県横須賀市鴨居3-2-2", "P29_006": "3", "P29_007": "1", "P29_008": "00", "P29_009": null }, "geometry": { "type": "Point", "coordinates": [ 139.733021840750553, 35.252193264003878 ] } },
{ "type": "Feature", "properties": { "P29_001": "14201", "P29_002": "C114220120168", "P29_003": "16002", "P29_004": "横須賀市立久里浜中学校", "P29_005": "神奈川県横須賀市久里浜2-11-1", "P29_006": "3", "P29_007": "1", "P29_008": "00", "P29_009": null }, "geometry": { "type": "Point", "coordinates": [ 139.699584732729818, 35.228791637985417 ] } },
{ "type": "Feature", "properties": { "P29_001": "14201", "P29_002": "C114220120186", "P29_003": "16002", "P29_004": "横須賀市立野比中学校", "P29_005": "神奈川県横須賀市野比4-4-1", "P29_006": "3", "P29_007": "1", "P29_008": "00", "P29_009": null }, "geometry": { "type": "Point", "coordinates": [ 139.694607071092321, 35.215498266549744 ] } },
{ "type": "Feature", "properties": { "P29_001": "14201", "P29_002": "C114220120195", "P29_003": "16002", "P29_004": "横須賀市立北下浦中学校", "P29_005": "神奈川県横須賀市長沢1-30-17", "P29_006": "3", "P29_007": "1", "P29_008": "00", "P29_009": null }, "geometry": { "type": "Point", "coordinates": [ 139.67322467136583, 35.204061410530905 ] } },
{ "type": "Feature", "properties": { "P29_001": "14201", "P29_002": "C114220120202", "P29_003": "16002", "P29_004": "横須賀市立長沢中学校", "P29_005": "神奈川県横須賀市長沢5-1-1", "P29_006": "3", "P29_007": "1", "P29_008": "00", "P29_009": null }, "geometry": { "type": "Point", "coordinates": [ 139.675665409510316, 35.213262984180453 ] } },
{ "type": "Feature", "properties": { "P29_001": "14201", "P29_002": "C114220120211", "P29_003": "16002", "P29_004": "横須賀市立長井中学校", "P29_005": "神奈川県横須賀市長井5-12-1", "P29_006": "3", "P29_007": "1", "P29_008": "00", "P29_009": null }, "geometry": { "type": "Point", "coordinates": [ 139.614795064802422, 35.205826750381405 ] } },
{ "type": "Feature", "properties": { "P29_001": "14201", "P29_002": "C114220120220", "P29_003": "16002", "P29_004": "横須賀市立武山中学校", "P29_005": "神奈川県横須賀市武3-31-1", "P29_006": "3", "P29_007": "1", "P29_008": "00", "P29_009": null }, "geometry": { "type": "Point", "coordinates": [ 139.644204955650935, 35.218050740929669 ] } },
{ "type": "Feature", "properties": { "P29_001": "14201", "P29_002": "C114220120239", "P29_003": "16002", "P29_004": "横須賀市立大楠中学校", "P29_005": "神奈川県横須賀市芦名1-2-1", "P29_006": "3", "P29_007": "1", "P29_008": "00", "P29_009": null }, "geometry": { "type": "Point", "coordinates": [ 139.616176652227182, 35.231045567042543 ] } },
{ "type": "Feature", "properties": { "P29_001": "14203", "P29_002": "C114220320013", "P29_003": "16002", "P29_004": "平塚市立江陽中学校", "P29_005": "神奈川県平塚市浅間町8-1", "P29_006": "3", "P29_007": "1", "P29_008": "00", "P29_009": null }, "geometry": { "type": "Point", "coordinates": [ 139.347962543446783, 35.33568405163836 ] } },
{ "type": "Feature", "properties": { "P29_001": "14203", "P29_002": "C114220320022", "P29_003": "16002", "P29_004": "平塚市立太洋中学校", "P29_005": "神奈川県平塚市高浜台7-1", "P29_006": "3", "P29_007": "1", "P29_008": "00", "P29_009": null }, "geometry": { "type": "Point", "coordinates": [ 139.356143654242032, 35.320200000473292 ] } },
{ "type": "Feature", "properties": { "P29_001": "14203", "P29_002": "C114220320031", "P29_003": "16002", "P29_004": "平塚市立春日野中学校", "P29_005": "神奈川県平塚市中里33-1", "P29_006": "3", "P29_007": "1", "P29_008": "00", "P29_009": null }, "geometry": { "type": "Point", "coordinates": [ 139.330936840486061, 35.331530306062582 ] } },
{ "type": "Feature", "properties": { "P29_001": "14203", "P29_002": "C114220320040", "P29_003": "16002", "P29_004": "平塚市立浜岳中学校", "P29_005": "神奈川県平塚市龍城ケ丘4-26", "P29_006": "3", "P29_007": "1", "P29_008": "00", "P29_009": null }, "geometry": { "type": "Point", "coordinates": [ 139.344326707017132, 35.31974411071625 ] } },
{ "type": "Feature", "properties": { "P29_001": "14203", "P29_002": "C114220320068", "P29_003": "16002", "P29_004": "平塚市立神田中学校", "P29_005": "神奈川県平塚市田村4-31-1", "P29_006": "3", "P29_007": "1", "P29_008": "00", "P29_009": null }, "geometry": { "type": "Point", "coordinates": [ 139.359148026279286, 35.378862309280294 ] } },
{ "type": "Feature", "properties": { "P29_001": "14203", "P29_002": "C114220320086", "P29_003": "16002", "P29_004": "平塚市立金旭中学校", "P29_005": "神奈川県平塚市広川12", "P29_006": "3", "P29_007": "1", "P29_008": "00", "P29_009": null }, "geometry": { "type": "Point", "coordinates": [ 139.304389332243403, 35.355785469752071 ] } },
{ "type": "Feature", "properties": { "P29_001": "14203", "P29_002": "C114220320095", "P29_003": "16002", "P29_004": "平塚市立中原中学校", "P29_005": "神奈川県平塚市御殿4-5-1", "P29_006": "3", "P29_007": "1", "P29_008": "00", "P29_009": null }, "geometry": { "type": "Point", "coordinates": [ 139.325285420051159, 35.350743531742374 ] } },
{ "type": "Feature", "properties": { "P29_001": "14203", "P29_002": "C114220320102", "P29_003": "16002", "P29_004": "平塚市立大住中学校", "P29_005": "神奈川県平塚市城所649", "P29_006": "3", "P29_007": "1", "P29_008": "00", "P29_009": null }, "geometry": { "type": "Point", "coordinates": [ 139.323466995939754, 35.371577150343121 ] } },
{ "type": "Feature", "properties": { "P29_001": "14203", "P29_002": "C114220320111", "P29_003": "16002", "P29_004": "平塚市立山城中学校", "P29_005": "神奈川県平塚市高村166", "P29_006": "3", "P29_007": "1", "P29_008": "00", "P29_009": null }, "geometry": { "type": "Point", "coordinates": [ 139.308531709970453, 35.332190525107663 ] } },
{ "type": "Feature", "properties": { "P29_001": "14203", "P29_002": "C114220320139", "P29_003": "16002", "P29_004": "平塚市立金目中学校", "P29_005": "神奈川県平塚市南金目1013-2", "P29_006": "3", "P29_007": "1", "P29_008": "00", "P29_009": null }, "geometry": { "type": "Point", "coordinates": [ 139.291682302609672, 35.360600758505257 ] } },
{ "type": "Feature", "properties": { "P29_001": "14203", "P29_002": "C114220320148", "P29_003": "16002", "P29_004": "平塚市立横内中学校", "P29_005": "神奈川県平塚市横内1948-3", "P29_006": "3", "P29_007": "1", "P29_008": "00", "P29_009": null }, "geometry": { "type": "Point", "coordinates": [ 139.353778228496964, 35.373716978729377 ] } },
{ "type": "Feature", "properties": { "P29_001": "14203", "P29_002": "C114220320166", "P29_003": "16002", "P29_004": "平塚市立金目中学校五領ヶ台分校", "P29_005": "神奈川県平塚市片岡991-1", "P29_006": "3", "P29_007": "1", "P29_008": "00", "P29_009": null }, "geometry": { "type": "Point", "coordinates": [ 139.295421745416661, 35.352713581423053 ] } },
{ "type": "Feature", "properties": { "P29_001": "14204", "P29_002": "C114220420012", "P29_003": "16002", "P29_004": "鎌倉市立第一中学校", "P29_005": "神奈川県鎌倉市材木座6-19-19", "P29_006": "3", "P29_007": "1", "P29_008": "00", "P29_009": null }, "geometry": { "type": "Point", "coordinates": [ 139.555668248314561, 35.302554418969557 ] } },
{ "type": "Feature", "properties": { "P29_001": "14204", "P29_002": "C114220420021", "P29_003": "16002", "P29_004": "鎌倉市立第二中学校", "P29_005": "神奈川県鎌倉市西御門1-7-1", "P29_006": "3", "P29_007": "1", "P29_008": "00", "P29_009": null }, "geometry": { "type": "Point", "coordinates": [ 139.558826365041398, 35.328321545503371 ] } },
{ "type": "Feature", "properties": { "P29_001": "14204", "P29_002": "C114220420030", "P29_003": "16002", "P29_004": "鎌倉市立御成中学校", "P29_005": "神奈川県鎌倉市笹目町2-1", "P29_006": "3", "P29_007": "1", "P29_008": "00", "P29_009": null }, "geometry": { "type": "Point", "coordinates": [ 139.542183946828658, 35.317986163767287 ] } },
{ "type": "Feature", "properties": { "P29_001": "14204", "P29_002": "C114220420049", "P29_003": "16002", "P29_004": "鎌倉市立腰越中学校", "P29_005": "神奈川県鎌倉市腰越4-11-20", "P29_006": "3", "P29_007": "1", "P29_008": "00", "P29_009": null }, "geometry": { "type": "Point", "coordinates": [ 139.497464006084186, 35.31250573796742 ] } },
{ "type": "Feature", "properties": { "P29_001": "14204", "P29_002": "C114220420058", "P29_003": "16002", "P29_004": "鎌倉市立深沢中学校", "P29_005": "神奈川県鎌倉市梶原1-14-1", "P29_006": "3", "P29_007": "1", "P29_008": "00", "P29_009": null }, "geometry": { "type": "Point", "coordinates": [ 139.523618109879209, 35.330969185455402 ] } },
{ "type": "Feature", "properties": { "P29_001": "14204", "P29_002": "C114220420067", "P29_003": "16002", "P29_004": "鎌倉市立手広中学校", "P29_005": "神奈川県鎌倉市手広5-7-1", "P29_006": "3", "P29_007": "1", "P29_008": "00", "P29_009": null }, "geometry": { "type": "Point", "coordinates": [ 139.50535187415943, 35.325116766226515 ] } },
{ "type": "Feature", "properties": { "P29_001": "14204", "P29_002": "C114220420076", "P29_003": "16002", "P29_004": "鎌倉市立大船中学校", "P29_005": "神奈川県鎌倉市大船4-1-25", "P29_006": "3", "P29_007": "1", "P29_008": "00", "P29_009": null }, "geometry": { "type": "Point", "coordinates": [ 139.536857313908882, 35.347268340627423 ] } },
{ "type": "Feature", "properties": { "P29_001": "14204", "P29_002": "C114220420085", "P29_003": "16002", "P29_004": "鎌倉市立玉縄中学校", "P29_005": "神奈川県鎌倉市岡本1100", "P29_006": "3", "P29_007": "1", "P29_008": "00", "P29_009": null }, "geometry": { "type": "Point", "coordinates": [ 139.519365450889978, 35.34787237042292 ] } },
{ "type": "Feature", "properties": { "P29_001": "14204", "P29_002": "C114220420094", "P29_003": "16002", "P29_004": "鎌倉市立岩瀬中学校", "P29_005": "神奈川県鎌倉市岩瀬840", "P29_006": "3", "P29_007": "1", "P29_008": "00", "P29_009": null }, "geometry": { "type": "Point", "coordinates": [ 139.549378720632774, 35.346832673437802 ] } },
{ "type": "Feature", "properties": { "P29_001": "14205", "P29_002": "C114220520011", "P29_003": "16002", "P29_004": "藤沢市立第一中学校", "P29_005": "神奈川県藤沢市鵠沼神明5-10-9", "P29_006": "3", "P29_007": "1", "P29_008": "00", "P29_009": null }, "geometry": { "type": "Point", "coordinates": [ 139.471126197699903, 35.344826786777482 ] } },
{ "type": "Feature", "properties": { "P29_001": "14205", "P29_002": "C114220520020", "P29_003": "16002", "P29_004": "藤沢市立明治中学校", "P29_005": "神奈川県藤沢市辻堂新町2-13-1", "P29_006": "3", "P29_007": "1", "P29_008": "00", "P29_009": null }, "geometry": { "type": "Point", "coordinates": [ 139.455686741692602, 35.341326860032488 ] } },
{ "type": "Feature", "properties": { "P29_001": "14205", "P29_002": "C114220520048", "P29_003": "16002", "P29_004": "藤沢市立六会中学校", "P29_005": "神奈川県藤沢市亀井野1000", "P29_006": "3", "P29_007": "1", "P29_008": "00", "P29_009": null }, "geometry": { "type": "Point", "coordinates": [ 139.466664014237637, 35.384057612039427 ] } },
{ "type": "Feature", "properties": { "P29_001": "14205", "P29_002": "C114220520066", "P29_003": "16002", "P29_004": "藤沢市立御所見中学校", "P29_005": "神奈川県藤沢市用田500", "P29_006": "3", "P29_007": "1", "P29_008": "00", "P29_009": null }, "geometry": { "type": "Point", "coordinates": [ 139.421225987241428, 35.402552768312852 ] } },
{ "type": "Feature", "properties": { "P29_001": "14205", "P29_002": "C114220520075", "P29_003": "16002", "P29_004": "藤沢市立湘洋中学校", "P29_005": "神奈川県藤沢市辻堂東海岸4-17-1", "P29_006": "3", "P29_007": "1", "P29_008": "00", "P29_009": null }, "geometry": { "type": "Point", "coordinates": [ 139.45876844966827, 35.31922350311897 ] } },
{ "type": "Feature", "properties": { "P29_001": "14205", "P29_002": "C114220520084", "P29_003": "16002", "P29_004": "藤沢市立長後中学校", "P29_005": "神奈川県藤沢市下土棚590", "P29_006": "3", "P29_007": "1", "P29_008": "00", "P29_009": null }, "geometry": { "type": "Point", "coordinates": [ 139.460445722949402, 35.409281158135641 ] } },
{ "type": "Feature", "properties": { "P29_001": "14205", "P29_002": "C114220520093", "P29_003": "16002", "P29_004": "藤沢市立藤ヶ岡中学校", "P29_005": "神奈川県藤沢市藤が岡3-18-1", "P29_006": "3", "P29_007": "1", "P29_008": "00", "P29_009": null }, "geometry": { "type": "Point", "coordinates": [ 139.498175092506955, 35.347023587340587 ] } },
{ "type": "Feature", "properties": { "P29_001": "14205", "P29_002": "C114220520100", "P29_003": "16002", "P29_004": "藤沢市立高浜中学校", "P29_005": "神奈川県藤沢市辻堂西海岸1-4-3", "P29_006": "3", "P29_007": "1", "P29_008": "00", "P29_009": null }, "geometry": { "type": "Point", "coordinates": [ 139.448535165306453, 35.324701522529111 ] } },
{ "type": "Feature", "properties": { "P29_001": "14205", "P29_002": "C114220520119", "P29_003": "16002", "P29_004": "藤沢市立善行中学校", "P29_005": "神奈川県藤沢市石川3988-1", "P29_006": "3", "P29_007": "1", "P29_008": "00", "P29_009": null }, "geometry": { "type": "Point", "coordinates": [ 139.465203320012392, 35.371214775532422 ] } },
{ "type": "Feature", "properties": { "P29_001": "14205", "P29_002": "C114220520146", "P29_003": "16002", "P29_004": "藤沢市立村岡中学校", "P29_005": "神奈川県藤沢市弥勒寺2-1-27", "P29_006": "3", "P29_007": "1", "P29_008": "00", "P29_009": null }, "geometry": { "type": "Point", "coordinates": [ 139.500043526184328, 35.338586146550199 ] } },
{ "type": "Feature", "properties": { "P29_001": "14205", "P29_002": "C114220520155", "P29_003": "16002", "P29_004": "藤沢市立湘南台中学校", "P29_005": "神奈川県藤沢市湘南台7-18-1", "P29_006": "3", "P29_007": "1", "P29_008": "00", "P29_009": null }, "geometry": { "type": "Point", "coordinates": [ 139.472280065423263, 35.396156599887107 ] } },
{ "type": "Feature", "properties": { "P29_001": "14205", "P29_002": "C114220520164", "P29_003": "16002", "P29_004": "藤沢市立高倉中学校", "P29_005": "神奈川県藤沢市高倉1122", "P29_006": "3", "P29_007": "1", "P29_008": "00", "P29_009": null }, "geometry": { "type": "Point", "coordinates": [ 139.473502253023412, 35.408041910310018 ] } },
{ "type": "Feature", "properties": { "P29_001": "14205", "P29_002": "C114220520173", "P29_003": "16002", "P29_004": "藤沢市立滝の沢中学校", "P29_005": "神奈川県藤沢市遠藤699-3", "P29_006": "3", "P29_007": "1", "P29_008": "00", "P29_009": null }, "geometry": { "type": "Point", "coordinates": [ 139.443223868101285, 35.372244230893394 ] } },
{ "type": "Feature", "properties": { "P29_001": "14205", "P29_002": "C114220520191", "P29_003": "16002", "P29_004": "藤沢市立羽鳥中学校", "P29_005": "神奈川県藤沢市羽鳥4-13-14", "P29_006": "3", "P29_007": "1", "P29_008": "00", "P29_009": null }, "geometry": { "type": "Point", "coordinates": [ 139.46209382930445, 35.345759429917386 ] } },
{ "type": "Feature", "properties": { "P29_001": "14206", "P29_002": "C114220620010", "P29_003": "16002", "P29_004": "小田原市立城山中学校", "P29_005": "神奈川県小田原市城山3-4-1", "P29_006": "3", "P29_007": "1", "P29_008": "00", "P29_009": null }, "geometry": { "type": "Point", "coordinates": [ 139.151622909819679, 35.255236988224027 ] } },
{ "type": "Feature", "properties": { "P29_001": "14206", "P29_002": "C114220620038", "P29_003": "16002", "P29_004": "小田原市立白山中学校", "P29_005": "神奈川県小田原市扇町5-7-17", "P29_006": "3", "P29_007": "1", "P29_008": "00", "P29_009": null }, "geometry": { "type": "Point", "coordinates": [ 139.156480361588251, 35.273353652568922 ] } },
{ "type": "Feature", "properties": { "P29_001": "14206", "P29_002": "C114220620047", "P29_003": "16002", "P29_004": "小田原市立城南中学校", "P29_005": "神奈川県小田原市板橋875-1", "P29_006": "3", "P29_007": "1", "P29_008": "00", "P29_009": null }, "geometry": { "type": "Point", "coordinates": [ 139.141630101101981, 35.252410603453811 ] } },
{ "type": "Feature", "properties": { "P29_001": "14206", "P29_002": "C114220620056", "P29_003": "16002", "P29_004": "小田原市立鴨宮中学校", "P29_005": "神奈川県小田原市鴨宮547", "P29_006": "3", "P29_007": "1", "P29_008": "00", "P29_009": null }, "geometry": { "type": "Point", "coordinates": [ 139.176402828884022, 35.284250509844846 ] } },
{ "type": "Feature", "properties": { "P29_001": "14206", "P29_002": "C114220620074", "P29_003": "16002", "P29_004": "小田原市立国府津中学校", "P29_005": "神奈川県小田原市国府津2372", "P29_006": "3", "P29_007": "1", "P29_008": "00", "P29_009": null }, "geometry": { "type": "Point", "coordinates": [ 139.199673487617957, 35.284044620758607 ] } },
{ "type": "Feature", "properties": { "P29_001": "14206", "P29_002": "C114220620092", "P29_003": "16002", "P29_004": "小田原市立泉中学校", "P29_005": "神奈川県小田原市飯田岡22", "P29_006": "3", "P29_007": "1", "P29_008": "00", "P29_009": null }, "geometry": { "type": "Point", "coordinates": [ 139.147143150442758, 35.287488757941539 ] } },
{ "type": "Feature", "properties": { "P29_001": "14206", "P29_002": "C114220620109", "P29_003": "16002", "P29_004": "小田原市立橘中学校", "P29_005": "神奈川県小田原市羽根尾410", "P29_006": "3", "P29_007": "1", "P29_008": "00", "P29_009": null }, "geometry": { "type": "Point", "coordinates": [ 139.232270508841339, 35.292659487974966 ] } },
{ "type": "Feature", "properties": { "P29_001": "14206", "P29_002": "C114220620118", "P29_003": "16002", "P29_004": "小田原市立城北中学校", "P29_005": "神奈川県小田原市栢山2888", "P29_006": "3", "P29_007": "1", "P29_008": "00", "P29_009": null }, "geometry": { "type": "Point", "coordinates": [ 139.139025983313928, 35.307768829917435 ] } },
{ "type": "Feature", "properties": { "P29_001": "14207", "P29_002": "C114220720019", "P29_003": "16002", "P29_004": "茅ヶ崎市立第一中学校", "P29_005": "神奈川県茅ヶ崎市東海岸南4-10-1", "P29_006": "3", "P29_007": "1", "P29_008": "00", "P29_009": null }, "geometry": { "type": "Point", "coordinates": [ 139.414737353241975, 35.319849660259983 ] } },
{ "type": "Feature", "properties": { "P29_001": "14207", "P29_002": "C114220720028", "P29_003": "16002", "P29_004": "茅ヶ崎市立鶴嶺中学校", "P29_005": "神奈川県茅ヶ崎市浜之郷500", "P29_006": "3", "P29_007": "1", "P29_008": "00", "P29_009": null }, "geometry": { "type": "Point", "coordinates": [ 139.390704300540193, 35.34095157079156 ] } },
{ "type": "Feature", "properties": { "P29_001": "14207", "P29_002": "C114220720037", "P29_003": "16002", "P29_004": "茅ヶ崎市立松林中学校", "P29_005": "神奈川県茅ヶ崎市室田3-1-1", "P29_006": "3", "P29_007": "1", "P29_008": "00", "P29_009": null }, "geometry": { "type": "Point", "coordinates": [ 139.420525521538224, 35.3404057932093 ] } },
{ "type": "Feature", "properties": { "P29_001": "14207", "P29_002": "C114220720055", "P29_003": "16002", "P29_004": "茅ヶ崎市立松浪中学校", "P29_005": "神奈川県茅ヶ崎市松浪2-6-47", "P29_006": "3", "P29_007": "1", "P29_008": "00", "P29_009": null }, "geometry": { "type": "Point", "coordinates": [ 139.436209682282254, 35.329201709908311 ] } },
{ "type": "Feature", "properties": { "P29_001": "14207", "P29_002": "C114220720064", "P29_003": "16002", "P29_004": "茅ヶ崎市立梅田中学校", "P29_005": "神奈川県茅ヶ崎市十間坂3-6-25", "P29_006": "3", "P29_007": "1", "P29_008": "00", "P29_009": null }, "geometry": { "type": "Point", "coordinates": [ 139.398631948967733, 35.332964217358871 ] } },
{ "type": "Feature", "properties": { "P29_001": "14207", "P29_002": "C114220720073", "P29_003": "16002", "P29_004": "茅ヶ崎市立鶴が台中学校", "P29_005": "神奈川県茅ヶ崎市鶴が台2-7", "P29_006": "3", "P29_007": "1", "P29_008": "00", "P29_009": null }, "geometry": { "type": "Point", "coordinates": [ 139.411003668744797, 35.348398742226649 ] } },
{ "type": "Feature", "properties": { "P29_001": "14207", "P29_002": "C114220720082", "P29_003": "16002", "P29_004": "茅ヶ崎市立浜須賀中学校", "P29_005": "神奈川県茅ヶ崎市松が丘2-8-54", "P29_006": "3", "P29_007": "1", "P29_008": "00", "P29_009": null }, "geometry": { "type": "Point", "coordinates": [ 139.424730019768305, 35.326337427616771 ] } },
{ "type": "Feature", "properties": { "P29_001": "14207", "P29_002": "C114220720091", "P29_003": "16002", "P29_004": "茅ヶ崎市立北陽中学校", "P29_005": "神奈川県茅ヶ崎市下寺尾1660", "P29_006": "3", "P29_007": "1", "P29_008": "00", "P29_009": null }, "geometry": { "type": "Point", "coordinates": [ 139.409295708592055, 35.366006107995609 ] } },
{ "type": "Feature", "properties": { "P29_001": "14207", "P29_002": "C114220720117", "P29_003": "16002", "P29_004": "茅ヶ崎市立円蔵中学校", "P29_005": "神奈川県茅ヶ崎市円蔵1-15-1", "P29_006": "3", "P29_007": "1", "P29_008": "00", "P29_009": null }, "geometry": { "type": "Point", "coordinates": [ 139.408832237867784, 35.343511210614437 ] } },
{ "type": "Feature", "properties": { "P29_001": "14207", "P29_002": "C114220720135", "P29_003": "16002", "P29_004": "茅ヶ崎市立萩園中学校", "P29_005": "神奈川県茅ヶ崎市萩園2425", "P29_006": "3", "P29_007": "1", "P29_008": "00", "P29_009": null }, "geometry": { "type": "Point", "coordinates": [ 139.381468991338551, 35.341326748548347 ] } },
{ "type": "Feature", "properties": { "P29_001": "14208", "P29_002": "C114220820027", "P29_003": "16002", "P29_004": "逗子市立久木中学校", "P29_005": "神奈川県逗子市久木7-2-1", "P29_006": "3", "P29_007": "1", "P29_008": "00", "P29_009": null }, "geometry": { "type": "Point", "coordinates": [ 139.579295413647884, 35.304894360294718 ] } },
{ "type": "Feature", "properties": { "P29_001": "14208", "P29_002": "C114220820036", "P29_003": "16002", "P29_004": "逗子市立沼間中学校", "P29_005": "神奈川県逗子市沼間3-21-2", "P29_006": "3", "P29_007": "1", "P29_008": "00", "P29_009": null }, "geometry": { "type": "Point", "coordinates": [ 139.608039107753456, 35.292550021659594 ] } },
{ "type": "Feature", "properties": { "P29_001": "14210", "P29_002": "C114221020014", "P29_003": "16002", "P29_004": "三浦市立三崎中学校", "P29_005": "神奈川県三浦市三崎町六合45-1", "P29_006": "3", "P29_007": "1", "P29_008": "00", "P29_009": null }, "geometry": { "type": "Point", "coordinates": [ 139.639810656653822, 35.155518260336663 ] } },
{ "type": "Feature", "properties": { "P29_001": "14210", "P29_002": "C114221020032", "P29_003": "16002", "P29_004": "三浦市立初声中学校", "P29_005": "神奈川県三浦市初声町下宮田3622", "P29_006": "3", "P29_007": "1", "P29_008": "00", "P29_009": null }, "geometry": { "type": "Point", "coordinates": [ 139.63454645018308, 35.189763926277671 ] } },
{ "type": "Feature", "properties": { "P29_001": "14211", "P29_002": "C114221120013", "P29_003": "16002", "P29_004": "秦野市立本町中学校", "P29_005": "神奈川県秦野市富士見町1-1", "P29_006": "3", "P29_007": "1", "P29_008": "00", "P29_009": null }, "geometry": { "type": "Point", "coordinates": [ 139.214893502446245, 35.376440073161149 ] } },
{ "type": "Feature", "properties": { "P29_001": "14211", "P29_002": "C114221120022", "P29_003": "16002", "P29_004": "秦野市立南中学校", "P29_005": "神奈川県秦野市緑町16-1", "P29_006": "3", "P29_007": "1", "P29_008": "00", "P29_009": null }, "geometry": { "type": "Point", "coordinates": [ 139.209952495048213, 35.374757382073192 ] } },
{ "type": "Feature", "properties": { "P29_001": "14211", "P29_002": "C114221120031", "P29_003": "16002", "P29_004": "秦野市立東中学校", "P29_005": "神奈川県秦野市寺山509", "P29_006": "3", "P29_007": "1", "P29_008": "00", "P29_009": null }, "geometry": { "type": "Point", "coordinates": [ 139.235085603330504, 35.396541843621428 ] } },
{ "type": "Feature", "properties": { "P29_001": "14211", "P29_002": "C114221120040", "P29_003": "16002", "P29_004": "秦野市立北中学校", "P29_005": "神奈川県秦野市横野101", "P29_006": "3", "P29_007": "1", "P29_008": "00", "P29_009": null }, "geometry": { "type": "Point", "coordinates": [ 139.188713912095949, 35.398535962230127 ] } },
{ "type": "Feature", "properties": { "P29_001": "14211", "P29_002": "C114221120059", "P29_003": "16002", "P29_004": "秦野市立大根中学校", "P29_005": "神奈川県秦野市南矢名4-28-1", "P29_006": "3", "P29_007": "1", "P29_008": "00", "P29_009": null }, "geometry": { "type": "Point", "coordinates": [ 139.268664880772491, 35.368299608084413 ] } },
{ "type": "Feature", "properties": { "P29_001": "14211", "P29_002": "C114221120068", "P29_003": "16002", "P29_004": "秦野市立西中学校", "P29_005": "神奈川県秦野市柳町2-5-1", "P29_006": "3", "P29_007": "1", "P29_008": "00", "P29_009": null }, "geometry": { "type": "Point", "coordinates": [ 139.179969695040143, 35.376010372214985 ] } },
{ "type": "Feature", "properties": { "P29_001": "14211", "P29_002": "C114221120077", "P29_003": "16002", "P29_004": "秦野市立南が丘中学校", "P29_005": "神奈川県秦野市南が丘1-6", "P29_006": "3", "P29_007": "1", "P29_008": "00", "P29_009": null }, "geometry": { "type": "Point", "coordinates": [ 139.224553873768741, 35.35686652364587 ] } },
{ "type": "Feature", "properties": { "P29_001": "14211", "P29_002": "C114221120095", "P29_003": "16002", "P29_004": "秦野市立鶴巻中学校", "P29_005": "神奈川県秦野市鶴巻2220", "P29_006": "3", "P29_007": "1", "P29_008": "00", "P29_009": null }, "geometry": { "type": "Point", "coordinates": [ 139.270922467478528, 35.379557043675348 ] } },
{ "type": "Feature", "properties": { "P29_001": "14212", "P29_002": "C114221220021", "P29_003": "16002", "P29_004": "厚木市立依知中学校", "P29_005": "神奈川県厚木市中依知364", "P29_006": "3", "P29_007": "1", "P29_008": "00", "P29_009": null }, "geometry": { "type": "Point", "coordinates": [ 139.36945752214632, 35.4743722895047 ] } },
{ "type": "Feature", "properties": { "P29_001": "14212", "P29_002": "C114221220030", "P29_003": "16002", "P29_004": "厚木市立荻野中学校", "P29_005": "神奈川県厚木市鳶尾5-1-1", "P29_006": "3", "P29_007": "1", "P29_008": "00", "P29_009": null }, "geometry": { "type": "Point", "coordinates": [ 139.322015415855759, 35.493281847725328 ] } },
{ "type": "Feature", "properties": { "P29_001": "14212", "P29_002": "C114221220058", "P29_003": "16002", "P29_004": "厚木市立小鮎中学校", "P29_005": "神奈川県厚木市飯山南4-9-2", "P29_006": "3", "P29_007": "1", "P29_008": "00", "P29_009": null }, "geometry": { "type": "Point", "coordinates": [ 139.323340109212467, 35.461914342672223 ] } },
{ "type": "Feature", "properties": { "P29_001": "14212", "P29_002": "C114221220076", "P29_003": "16002", "P29_004": "厚木市立南毛利中学校", "P29_005": "神奈川県厚木市恩名2-16-1", "P29_006": "3", "P29_007": "1", "P29_008": "00", "P29_009": null }, "geometry": { "type": "Point", "coordinates": [ 139.352267714337131, 35.443197865750278 ] } },
{ "type": "Feature", "properties": { "P29_001": "14212", "P29_002": "C114221220085", "P29_003": "16002", "P29_004": "厚木市立東名中学校", "P29_005": "神奈川県厚木市愛甲1809", "P29_006": "3", "P29_007": "1", "P29_008": "00", "P29_009": null }, "geometry": { "type": "Point", "coordinates": [ 139.353033554817159, 35.420776743291249 ] } },
{ "type": "Feature", "properties": { "P29_001": "14212", "P29_002": "C114221220094", "P29_003": "16002", "P29_004": "厚木市立林中学校", "P29_005": "神奈川県厚木市林5-5-1", "P29_006": "3", "P29_007": "1", "P29_008": "00", "P29_009": null }, "geometry": { "type": "Point", "coordinates": [ 139.351978828112976, 35.45822225100838 ] } },
{ "type": "Feature", "properties": { "P29_001": "14212", "P29_002": "C114221220101", "P29_003": "16002", "P29_004": "厚木市立藤塚中学校", "P29_005": "神奈川県厚木市上依知1289", "P29_006": "3", "P29_007": "1", "P29_008": "00", "P29_009": null }, "geometry": { "type": "Point", "coordinates": [ 139.356844668860134, 35.50693430610427 ] } },
{ "type": "Feature", "properties": { "P29_001": "14212", "P29_002": "C114221220110", "P29_003": "16002", "P29_004": "厚木市立森の里中学校", "P29_005": "神奈川県厚木市森の里3-35-1", "P29_006": "3", "P29_007": "1", "P29_008": "00", "P29_009": null }, "geometry": { "type": "Point", "coordinates": [ 139.304888612702911, 35.448241309794057 ] } },
{ "type": "Feature", "properties": { "P29_001": "14212", "P29_002": "C114221220129", "P29_003": "16002", "P29_004": "厚木市立睦合東中学校", "P29_005": "神奈川県厚木市三田3472", "P29_006": "3", "P29_007": "1", "P29_008": "00", "P29_009": null }, "geometry": { "type": "Point", "coordinates": [ 139.362242008818953, 35.4689904178733 ] } },
{ "type": "Feature", "properties": { "P29_001": "14212", "P29_002": "C114221220138", "P29_003": "16002", "P29_004": "厚木市立相川中学校", "P29_005": "神奈川県厚木市酒井1981-1", "P29_006": "3", "P29_007": "1", "P29_008": "00", "P29_009": null }, "geometry": { "type": "Point", "coordinates": [ 139.364982190283655, 35.408435307983311 ] } },
{ "type": "Feature", "properties": { "P29_001": "14213", "P29_002": "C114221320011", "P29_003": "16002", "P29_004": "大和市立大和中学校", "P29_005": "神奈川県大和市深見西7-5-1", "P29_006": "3", "P29_007": "1", "P29_008": "00", "P29_009": null }, "geometry": { "type": "Point", "coordinates": [ 139.45477671895074, 35.485849476248781 ] } },
{ "type": "Feature", "properties": { "P29_001": "14213", "P29_002": "C114221320048", "P29_003": "16002", "P29_004": "大和市立つきみ野中学校", "P29_005": "神奈川県大和市つきみ野3-5-1", "P29_006": "3", "P29_007": "1", "P29_008": "00", "P29_009": null }, "geometry": { "type": "Point", "coordinates": [ 139.453898115675742, 35.508574585577364 ] } },
{ "type": "Feature", "properties": { "P29_001": "14213", "P29_002": "C114221320075", "P29_003": "16002", "P29_004": "大和市立上和田中学校", "P29_005": "神奈川県大和市上和田1314-1", "P29_006": "3", "P29_007": "1", "P29_008": "00", "P29_009": null }, "geometry": { "type": "Point", "coordinates": [ 139.479606869898646, 35.448792085566943 ] } },
{ "type": "Feature", "properties": { "P29_001": "14213", "P29_002": "C114221320093", "P29_003": "16002", "P29_004": "大和市立下福田中学校", "P29_005": "神奈川県大和市福田1569-1", "P29_006": "3", "P29_007": "1", "P29_008": "00", "P29_009": null }, "geometry": { "type": "Point", "coordinates": [ 139.461400825205629, 35.425707924624753 ] } },
{ "type": "Feature", "properties": { "P29_001": "14214", "P29_002": "C114221420010", "P29_003": "16002", "P29_004": "伊勢原市立山王中学校", "P29_005": "神奈川県伊勢原市上粕屋804-2", "P29_006": "3", "P29_007": "1", "P29_008": "00", "P29_009": null }, "geometry": { "type": "Point", "coordinates": [ 139.29147604051434, 35.406763734869699 ] } },
{ "type": "Feature", "properties": { "P29_001": "14214", "P29_002": "C114221420029", "P29_003": "16002", "P29_004": "伊勢原市立成瀬中学校", "P29_005": "神奈川県伊勢原市高森2-22-1", "P29_006": "3", "P29_007": "1", "P29_008": "00", "P29_009": null }, "geometry": { "type": "Point", "coordinates": [ 139.326581843505267, 35.411946010579669 ] } },
{ "type": "Feature", "properties": { "P29_001": "14214", "P29_002": "C114221420038", "P29_003": "16002", "P29_004": "伊勢原市立伊勢原中学校", "P29_005": "神奈川県伊勢原市桜台4-2-1", "P29_006": "3", "P29_007": "1", "P29_008": "00", "P29_009": null }, "geometry": { "type": "Point", "coordinates": [ 139.315879770662264, 35.390383417535809 ] } },
{ "type": "Feature", "properties": { "P29_001": "14214", "P29_002": "C114221420047", "P29_003": "16002", "P29_004": "伊勢原市立中沢中学校", "P29_005": "神奈川県伊勢原市下糟屋231-1", "P29_006": "3", "P29_007": "1", "P29_008": "00", "P29_009": null }, "geometry": { "type": "Point", "coordinates": [ 139.320589353418569, 35.403141751571312 ] } },
{ "type": "Feature", "properties": { "P29_001": "14215", "P29_002": "C114221520019", "P29_003": "16002", "P29_004": "海老名市立海老名中学校", "P29_005": "神奈川県海老名市国分南3-11-1", "P29_006": "3", "P29_007": "1", "P29_008": "00", "P29_009": null }, "geometry": { "type": "Point", "coordinates": [ 139.398099838262993, 35.449924816565542 ] } },
{ "type": "Feature", "properties": { "P29_001": "14215", "P29_002": "C114221520028", "P29_003": "16002", "P29_004": "海老名市立有馬中学校", "P29_005": "神奈川県海老名市本郷4601", "P29_006": "3", "P29_007": "1", "P29_008": "00", "P29_009": null }, "geometry": { "type": "Point", "coordinates": [ 139.395924822932471, 35.416058344812114 ] } },
{ "type": "Feature", "properties": { "P29_001": "14215", "P29_002": "C114221520037", "P29_003": "16002", "P29_004": "海老名市立海西中学校", "P29_005": "神奈川県海老名市さつき町58", "P29_006": "3", "P29_007": "1", "P29_008": "00", "P29_009": null }, "geometry": { "type": "Point", "coordinates": [ 139.380142960411945, 35.448441325001305 ] } },
{ "type": "Feature", "properties": { "P29_001": "14215", "P29_002": "C114221520046", "P29_003": "16002", "P29_004": "海老名市立柏ケ谷中学校", "P29_005": "神奈川県海老名市柏ケ谷884", "P29_006": "3", "P29_007": "1", "P29_008": "00", "P29_009": null }, "geometry": { "type": "Point", "coordinates": [ 139.416724228444849, 35.469105848897605 ] } },
{ "type": "Feature", "properties": { "P29_001": "14215", "P29_002": "C114221520055", "P29_003": "16002", "P29_004": "海老名市立大谷中学校", "P29_005": "神奈川県海老名市大谷南2-10-1", "P29_006": "3", "P29_007": "1", "P29_008": "00", "P29_009": null }, "geometry": { "type": "Point", "coordinates": [ 139.396342313565441, 35.436825414660383 ] } },
{ "type": "Feature", "properties": { "P29_001": "14215", "P29_002": "C114221520064", "P29_003": "16002", "P29_004": "海老名市立今泉中学校", "P29_005": "神奈川県海老名市上今泉1840", "P29_006": "3", "P29_007": "1", "P29_008": "00", "P29_009": null }, "geometry": { "type": "Point", "coordinates": [ 139.393281303836744, 35.465753717282546 ] } },
{ "type": "Feature", "properties": { "P29_001": "14216", "P29_002": "C114221620018", "P29_003": "16002", "P29_004": "座間市立座間中学校", "P29_005": "神奈川県座間市緑ケ丘4-6-10", "P29_006": "3", "P29_007": "1", "P29_008": "00", "P29_009": null }, "geometry": { "type": "Point", "coordinates": [ 139.406989739736815, 35.492177939482602 ] } },
{ "type": "Feature", "properties": { "P29_001": "14216", "P29_002": "C114221620027", "P29_003": "16002", "P29_004": "座間市立西中学校", "P29_005": "神奈川県座間市座間2-1230", "P29_006": "3", "P29_007": "1", "P29_008": "00", "P29_009": null }, "geometry": { "type": "Point", "coordinates": [ 139.386064289535284, 35.485027953274304 ] } },
{ "type": "Feature", "properties": { "P29_001": "14216", "P29_002": "C114221620036", "P29_003": "16002", "P29_004": "座間市立東中学校", "P29_005": "神奈川県座間市ひばりが丘5-57-1", "P29_006": "3", "P29_007": "1", "P29_008": "00", "P29_009": null }, "geometry": { "type": "Point", "coordinates": [ 139.429062182856342, 35.48529675906461 ] } },
{ "type": "Feature", "properties": { "P29_001": "14216", "P29_002": "C114221620045", "P29_003": "16002", "P29_004": "座間市立栗原中学校", "P29_005": "神奈川県座間市栗原中央6-4-1", "P29_006": "3", "P29_007": "1", "P29_008": "00", "P29_009": null }, "geometry": { "type": "Point", "coordinates": [ 139.417961418268106, 35.484810311169703 ] } },
{ "type": "Feature", "properties": { "P29_001": "14216", "P29_002": "C114221620054", "P29_003": "16002", "P29_004": "座間市立相模中学校", "P29_005": "神奈川県座間市相模が丘6-35-1", "P29_006": "3", "P29_007": "1", "P29_008": "00", "P29_009": null }, "geometry": { "type": "Point", "coordinates": [ 139.430026897055711, 35.504094860639874 ] } },
{ "type": "Feature", "properties": { "P29_001": "14217", "P29_002": "C114221720026", "P29_003": "16002", "P29_004": "南足柄市立岡本中学校", "P29_005": "神奈川県南足柄市塚原1660", "P29_006": "3", "P29_007": "1", "P29_008": "00", "P29_009": null }, "geometry": { "type": "Point", "coordinates": [ 139.126908678579042, 35.304340393563457 ] } },
{ "type": "Feature", "properties": { "P29_001": "14217", "P29_002": "C114221720035", "P29_003": "16002", "P29_004": "南足柄市立足柄台中学校", "P29_005": "神奈川県南足柄市竹松2000", "P29_006": "3", "P29_007": "1", "P29_008": "00", "P29_009": null }, "geometry": { "type": "Point", "coordinates": [ 139.107308984151501, 35.324852467459827 ] } },
{ "type": "Feature", "properties": { "P29_001": "14218", "P29_002": "C114221820025", "P29_003": "16002", "P29_004": "綾瀬市立綾北中学校", "P29_005": "神奈川県綾瀬市深谷上4-4-1", "P29_006": "3", "P29_007": "1", "P29_008": "00", "P29_009": null }, "geometry": { "type": "Point", "coordinates": [ 139.431822132737096, 35.449324996092649 ] } },
{ "type": "Feature", "properties": { "P29_001": "14218", "P29_002": "C114221820034", "P29_003": "16002", "P29_004": "綾瀬市立城山中学校", "P29_005": "神奈川県綾瀬市早川2230", "P29_006": "3", "P29_007": "1", "P29_008": "00", "P29_009": null }, "geometry": { "type": "Point", "coordinates": [ 139.415616423329794, 35.439176792654095 ] } },
{ "type": "Feature", "properties": { "P29_001": "14218", "P29_002": "C114221820052", "P29_003": "16002", "P29_004": "綾瀬市立春日台中学校", "P29_005": "神奈川県綾瀬市吉岡393-1", "P29_006": "3", "P29_007": "1", "P29_008": "00", "P29_009": null }, "geometry": { "type": "Point", "coordinates": [ 139.432375195795231, 35.422887734961762 ] } },
{ "type": "Feature", "properties": { "P29_001": "14321", "P29_002": "C114232120010", "P29_003": "16002", "P29_004": "寒川町立寒川中学校", "P29_005": "神奈川県高座郡寒川町一之宮3-9-1", "P29_006": "3", "P29_007": "1", "P29_008": "00", "P29_009": null }, "geometry": { "type": "Point", "coordinates": [ 139.380701343661258, 35.368585311869232 ] } },
{ "type": "Feature", "properties": { "P29_001": "14321", "P29_002": "C114232120029", "P29_003": "16002", "P29_004": "寒川町立旭が丘中学校", "P29_005": "神奈川県高座郡寒川町小動933", "P29_006": "3", "P29_007": "1", "P29_008": "00", "P29_009": null }, "geometry": { "type": "Point", "coordinates": [ 139.389899029308026, 35.384644227761129 ] } },
{ "type": "Feature", "properties": { "P29_001": "14321", "P29_002": "C114232120038", "P29_003": "16002", "P29_004": "寒川町立寒川東中学校", "P29_005": "神奈川県高座郡寒川町岡田718", "P29_006": "3", "P29_007": "1", "P29_008": "00", "P29_009": null }, "geometry": { "type": "Point", "coordinates": [ 139.392082960017405, 35.36581528390802 ] } },
{ "type": "Feature", "properties": { "P29_001": "14341", "P29_002": "C114234120025", "P29_003": "16002", "P29_004": "大磯町立国府中学校", "P29_005": "神奈川県中郡大磯町月京40-1", "P29_006": "3", "P29_007": "1", "P29_008": "00", "P29_009": null }, "geometry": { "type": "Point", "coordinates": [ 139.274230832624909, 35.314030872772882 ] } },
{ "type": "Feature", "properties": { "P29_001": "14341", "P29_002": "C114234120034", "P29_003": "16002", "P29_004": "大磯町立国府中学校生沢分校", "P29_005": "神奈川県中郡大磯町生沢530", "P29_006": "3", "P29_007": "1", "P29_008": "00", "P29_009": null }, "geometry": { "type": "Point", "coordinates": [ 139.281963222252244, 35.316470370671873 ] } },
{ "type": "Feature", "properties": { "P29_001": "14342", "P29_002": "C114234220015", "P29_003": "16002", "P29_004": "二宮町立二宮中学校", "P29_005": "神奈川県中郡二宮町二宮54-2", "P29_006": "3", "P29_007": "1", "P29_008": "00", "P29_009": null }, "geometry": { "type": "Point", "coordinates": [ 139.264582304991904, 35.298167843347635 ] } },
{ "type": "Feature", "properties": { "P29_001": "14361", "P29_002": "C114236120011", "P29_003": "16002", "P29_004": "中井町立中井中学校", "P29_005": "神奈川県足柄上郡中井町比奈窪295", "P29_006": "3", "P29_007": "1", "P29_008": "00", "P29_009": null }, "geometry": { "type": "Point", "coordinates": [ 139.218168033163693, 35.333890136851252 ] } },
{ "type": "Feature", "properties": { "P29_001": "14364", "P29_002": "C114236420018", "P29_003": "16002", "P29_004": "山北町立山北中学校", "P29_005": "神奈川県足柄上郡山北町向原405", "P29_006": "3", "P29_007": "1", "P29_008": "00", "P29_009": null }, "geometry": { "type": "Point", "coordinates": [ 139.092638468605287, 35.365303030634685 ] } },
{ "type": "Feature", "properties": { "P29_001": "14366", "P29_002": "C114236620016", "P29_003": "16002", "P29_004": "開成町立文命中学校", "P29_005": "神奈川県足柄上郡開成町吉田島1805", "P29_006": "3", "P29_007": "1", "P29_008": "00", "P29_009": null }, "geometry": { "type": "Point", "coordinates": [ 139.127052923213114, 35.337382063371237 ] } },
{ "type": "Feature", "properties": { "P29_001": "14383", "P29_002": "C114238320015", "P29_003": "16002", "P29_004": "真鶴町立真鶴中学校", "P29_005": "神奈川県足柄下郡真鶴町真鶴1855", "P29_006": "3", "P29_007": "1", "P29_008": "00", "P29_009": null }, "geometry": { "type": "Point", "coordinates": [ 139.130825279523748, 35.157482462458439 ] } },
{ "type": "Feature", "properties": { "P29_001": "14401", "P29_002": "C114240120013", "P29_003": "16002", "P29_004": "愛川町立愛川東中学校", "P29_005": "神奈川県愛甲郡愛川町中津1400", "P29_006": "3", "P29_007": "1", "P29_008": "00", "P29_009": null }, "geometry": { "type": "Point", "coordinates": [ 139.328750175618893, 35.523474919766379 ] } },
{ "type": "Feature", "properties": { "P29_001": "14401", "P29_002": "C114240120031", "P29_003": "16002", "P29_004": "愛川町立愛川中原中学校", "P29_005": "神奈川県愛甲郡愛川町角田210", "P29_006": "3", "P29_007": "1", "P29_008": "00", "P29_009": null }, "geometry": { "type": "Point", "coordinates": [ 139.325265497636565, 35.52880633751731 ] } },
{ "type": "Feature", "properties": { "P29_001": "14402", "P29_002": "C114240220012", "P29_003": "16002", "P29_004": "清川村立緑中学校", "P29_005": "神奈川県愛甲郡清川村煤ヶ谷1933", "P29_006": "3", "P29_007": "1", "P29_008": "00", "P29_009": null }, "geometry": { "type": "Point", "coordinates": [ 139.279722805686731, 35.477966429448017 ] } },
{ "type": "Feature", "properties": { "P29_001": "14402", "P29_002": "C114240220021", "P29_003": "16002", "P29_004": "清川村立宮ヶ瀬中学校", "P29_005": "神奈川県愛甲郡清川村宮ヶ瀬954-1", "P29_006": "3", "P29_007": "1", "P29_008": "00", "P29_009": null }, "geometry": { "type": "Point", "coordinates": [ 139.231405321295142, 35.524226141636191 ] } },
{ "type": "Feature", "properties": { "P29_001": "14101", "P29_002": "C114310000019", "P29_003": "16002", "P29_004": "聖ヨゼフ学園中学校", "P29_005": "神奈川県横浜市鶴見区東寺尾北台11-1", "P29_006": "4", "P29_007": "1", "P29_008": "00", "P29_009": null }, "geometry": { "type": "Point", "coordinates": [ 139.664249507027222, 35.512697500366656 ] } },
{ "type": "Feature", "properties": { "P29_001": "14101", "P29_002": "C114310000028", "P29_003": "16002", "P29_004": "橘学苑中学校", "P29_005": "神奈川県横浜市鶴見区獅子ヶ谷1-10-35", "P29_006": "4", "P29_007": "1", "P29_008": "00", "P29_009": null }, "geometry": { "type": "Point", "coordinates": [ 139.651376724559043, 35.515748521492448 ] } },
{ "type": "Feature", "properties": { "P29_001": "14101", "P29_002": "C114310000037", "P29_003": "16002", "P29_004": "鶴見大学附属中学校", "P29_005": "神奈川県横浜市鶴見区鶴見2-2-1", "P29_006": "4", "P29_007": "1", "P29_008": "00", "P29_009": null }, "geometry": { "type": "Point", "coordinates": [ 139.666370342981736, 35.50526020958911 ] } },
{ "type": "Feature", "properties": { "P29_001": "14102", "P29_002": "C114310000055", "P29_003": "16002", "P29_004": "神奈川学園中学校", "P29_005": "神奈川県横浜市神奈川区沢渡18", "P29_006": "4", "P29_007": "1", "P29_008": "00", "P29_009": null }, "geometry": { "type": "Point", "coordinates": [ 139.617274237855725, 35.471224040461813 ] } },
{ "type": "Feature", "properties": { "P29_001": "14102", "P29_002": "C114310000064", "P29_003": "16002", "P29_004": "横浜創英中学校", "P29_005": "神奈川県横浜市神奈川区西大口28", "P29_006": "4", "P29_007": "1", "P29_008": "00", "P29_009": null }, "geometry": { "type": "Point", "coordinates": [ 139.639685736775192, 35.490832340187566 ] } },
{ "type": "Feature", "properties": { "P29_001": "14102", "P29_002": "C114310000073", "P29_003": "16002", "P29_004": "捜真女学校中学部", "P29_005": "神奈川県横浜市神奈川区中丸8", "P29_006": "4", "P29_007": "1", "P29_008": "00", "P29_009": null }, "geometry": { "type": "Point", "coordinates": [ 139.620175879563647, 35.481193719527326 ] } },
{ "type": "Feature", "properties": { "P29_001": "14104", "P29_002": "C114310000082", "P29_003": "16002", "P29_004": "聖光学院中学校", "P29_005": "神奈川県横浜市中区滝之上100", "P29_006": "4", "P29_007": "1", "P29_008": "00", "P29_009": null }, "geometry": { "type": "Point", "coordinates": [ 139.642758143341837, 35.422868453775443 ] } },
{ "type": "Feature", "properties": { "P29_001": "14104", "P29_002": "C114310000091", "P29_003": "16002", "P29_004": "フェリス女学院中学校", "P29_005": "神奈川県横浜市中区山手町178", "P29_006": "4", "P29_007": "1", "P29_008": "00", "P29_009": null }, "geometry": { "type": "Point", "coordinates": [ 139.647564702653767, 35.438071335725652 ] } },
{ "type": "Feature", "properties": { "P29_001": "14104", "P29_002": "C114310000108", "P29_003": "16002", "P29_004": "横浜共立学園中学校", "P29_005": "神奈川県横浜市中区山手町212", "P29_006": "4", "P29_007": "1", "P29_008": "00", "P29_009": null }, "geometry": { "type": "Point", "coordinates": [ 139.640803796821643, 35.434855353850857 ] } },
{ "type": "Feature", "properties": { "P29_001": "14104", "P29_002": "C114310000126", "P29_003": "16002", "P29_004": "横浜雙葉中学校", "P29_005": "神奈川県横浜市中区山手町88", "P29_006": "4", "P29_007": "1", "P29_008": "00", "P29_009": null }, "geometry": { "type": "Point", "coordinates": [ 139.651638045034645, 35.43576103247743 ] } },
{ "type": "Feature", "properties": { "P29_001": "14105", "P29_002": "C114310000135", "P29_003": "16002", "P29_004": "関東学院中学校", "P29_005": "神奈川県横浜市南区三春台4", "P29_006": "4", "P29_007": "1", "P29_008": "00", "P29_009": null }, "geometry": { "type": "Point", "coordinates": [ 139.620165802874595, 35.441926137261412 ] } },
{ "type": "Feature", "properties": { "P29_001": "14105", "P29_002": "C114310000144", "P29_003": "16002", "P29_004": "青山学院横浜英和中学校", "P29_005": "神奈川県横浜市南区蒔田町124", "P29_006": "4", "P29_007": "1", "P29_008": "00", "P29_009": null }, "geometry": { "type": "Point", "coordinates": [ 139.609543060744869, 35.426687382318342 ] } },
{ "type": "Feature", "properties": { "P29_001": "14106", "P29_002": "C114310000153", "P29_003": "16002", "P29_004": "横浜清風中学校", "P29_005": "神奈川県横浜市保土ケ谷区岩井町447", "P29_006": "4", "P29_007": "1", "P29_008": "00", "P29_009": null }, "geometry": { "type": "Point", "coordinates": [ 139.5987431780392, 35.441031660847493 ] } },
{ "type": "Feature", "properties": { "P29_001": "14108", "P29_002": "C114310000180", "P29_003": "16002", "P29_004": "横浜中学校", "P29_005": "神奈川県横浜市金沢区能見台通47-1", "P29_006": "4", "P29_007": "1", "P29_008": "00", "P29_009": null }, "geometry": { "type": "Point", "coordinates": [ 139.627341507555741, 35.363179556533979 ] } },
{ "type": "Feature", "properties": { "P29_001": "14109", "P29_002": "C114310000199", "P29_003": "16002", "P29_004": "慶應義塾普通部", "P29_005": "神奈川県横浜市港北区日吉本町1-45-1", "P29_006": "4", "P29_007": "1", "P29_008": "00", "P29_009": null }, "geometry": { "type": "Point", "coordinates": [ 139.642349025483156, 35.551909668753233 ] } },
{ "type": "Feature", "properties": { "P29_001": "14109", "P29_002": "C114310000206", "P29_003": "16002", "P29_004": "日本大学中学校", "P29_005": "神奈川県横浜市港北区箕輪町2-9-1", "P29_006": "4", "P29_007": "1", "P29_008": "00", "P29_009": null }, "geometry": { "type": "Point", "coordinates": [ 139.646349172478409, 35.544609395792563 ] } },
{ "type": "Feature", "properties": { "P29_001": "14109", "P29_002": "C114310000215", "P29_003": "16002", "P29_004": "武相中学校", "P29_005": "神奈川県横浜市港北区仲手原2-34-1", "P29_006": "4", "P29_007": "1", "P29_008": "00", "P29_009": null }, "geometry": { "type": "Point", "coordinates": [ 139.624558734610673, 35.497034469958876 ] } },
{ "type": "Feature", "properties": { "P29_001": "14115", "P29_002": "C114310000233", "P29_003": "16002", "P29_004": "山手学院中学校", "P29_005": "神奈川県横浜市栄区上郷町460", "P29_006": "4", "P29_007": "1", "P29_008": "00", "P29_009": null }, "geometry": { "type": "Point", "coordinates": [ 139.575612096484519, 35.366875224728147 ] } },
{ "type": "Feature", "properties": { "P29_001": "14113", "P29_002": "C114310000242", "P29_003": "16002", "P29_004": "星槎中学校", "P29_005": "神奈川県横浜市緑区霧が丘6-13", "P29_006": "4", "P29_007": "1", "P29_008": "00", "P29_009": null }, "geometry": { "type": "Point", "coordinates": [ 139.499100923543523, 35.510514565396946 ] } },
{ "type": "Feature", "properties": { "P29_001": "14112", "P29_002": "C114310000251", "P29_003": "16002", "P29_004": "横浜富士見丘学園中学校", "P29_005": "神奈川県横浜市旭区中沢1-24-1", "P29_006": "4", "P29_007": "1", "P29_008": "00", "P29_009": null }, "geometry": { "type": "Point", "coordinates": [ 139.528564028955572, 35.471434456834359 ] } },
{ "type": "Feature", "properties": { "P29_001": "14113", "P29_002": "C114310000279", "P29_003": "16002", "P29_004": "神奈川大学附属中学校", "P29_005": "神奈川県横浜市緑区台村町800", "P29_006": "4", "P29_007": "1", "P29_008": "00", "P29_009": null }, "geometry": { "type": "Point", "coordinates": [ 139.530632082850815, 35.506674418611766 ] } },
{ "type": "Feature", "properties": { "P29_001": "14113", "P29_002": "C114310000288", "P29_003": "16002", "P29_004": "横浜翠陵中学校", "P29_005": "神奈川県横浜市緑区三保町1", "P29_006": "4", "P29_007": "1", "P29_008": "00", "P29_009": null }, "geometry": { "type": "Point", "coordinates": [ 139.510489051732179, 35.511337409823824 ] } },
{ "type": "Feature", "properties": { "P29_001": "14118", "P29_002": "C114310000313", "P29_003": "16002", "P29_004": "サレジオ学院中学校", "P29_005": "神奈川県横浜市都筑区南山田3-43-1", "P29_006": "4", "P29_007": "1", "P29_008": "00", "P29_009": null }, "geometry": { "type": "Point", "coordinates": [ 139.59443300016693, 35.557447513704275 ] } },
{ "type": "Feature", "properties": { "P29_001": "14118", "P29_002": "C114310000322", "P29_003": "16002", "P29_004": "中央大学附属横浜中学校", "P29_005": "神奈川県横浜市都筑区牛久保東1-14-1", "P29_006": "4", "P29_007": "1", "P29_008": "00", "P29_009": null }, "geometry": { "type": "Point", "coordinates": [ 139.585183919149443, 35.551773943632242 ] } },
{ "type": "Feature", "properties": { "P29_001": "14134", "P29_002": "C114313000031", "P29_003": "16002", "P29_004": "洗足学園中学校", "P29_005": "神奈川県川崎市高津区久本2-3-1", "P29_006": "4", "P29_007": "1", "P29_008": "00", "P29_009": null }, "geometry": { "type": "Point", "coordinates": [ 139.613871123279807, 35.595663610830869 ] } },
{ "type": "Feature", "properties": { "P29_001": "14135", "P29_002": "C114313000040", "P29_003": "16002", "P29_004": "カリタス女子中学校", "P29_005": "神奈川県川崎市多摩区中野島4-6-1", "P29_006": "4", "P29_007": "1", "P29_008": "00", "P29_009": null }, "geometry": { "type": "Point", "coordinates": [ 139.558639556614963, 35.629311648918481 ] } },
{ "type": "Feature", "properties": { "P29_001": "14137", "P29_002": "C114313000068", "P29_003": "16002", "P29_004": "桐光学園中学校", "P29_005": "神奈川県川崎市麻生区栗木3-12-1", "P29_006": "4", "P29_007": "1", "P29_008": "00", "P29_009": null }, "geometry": { "type": "Point", "coordinates": [ 139.471613816670754, 35.603313307420436 ] } },
{ "type": "Feature", "properties": { "P29_001": "14153", "P29_002": "C114315000027", "P29_003": "16002", "P29_004": "相模女子大学中学部", "P29_005": "神奈川県相模原市南区文京2-1-1", "P29_006": "4", "P29_007": "1", "P29_008": "00", "P29_009": null }, "geometry": { "type": "Point", "coordinates": [ 139.42758558240422, 35.532643543561669 ] } },
{ "type": "Feature", "properties": { "P29_001": "14153", "P29_002": "C114315000036", "P29_003": "16002", "P29_004": "東海大学付属相模高等学校中等部", "P29_005": "神奈川県相模原市南区相南3-33-1", "P29_006": "4", "P29_007": "1", "P29_008": "00", "P29_009": null }, "geometry": { "type": "Point", "coordinates": [ 139.428474596617519, 35.510911227306387 ] } },
{ "type": "Feature", "properties": { "P29_001": "14201", "P29_002": "C114320100017", "P29_003": "16002", "P29_004": "緑ヶ丘女子中学校", "P29_005": "神奈川県横須賀市緑が丘39", "P29_006": "4", "P29_007": "1", "P29_008": "00", "P29_009": null }, "geometry": { "type": "Point", "coordinates": [ 139.66453486243941, 35.280379679286597 ] } },
{ "type": "Feature", "properties": { "P29_001": "14203", "P29_002": "C114320300015", "P29_003": "16002", "P29_004": "平塚学園中学校", "P29_005": "神奈川県平塚市松風町5-22", "P29_006": "4", "P29_007": "1", "P29_008": "00", "P29_009": null }, "geometry": { "type": "Point", "coordinates": [ 139.351685964420284, 35.322173944140758 ] } },
{ "type": "Feature", "properties": { "P29_001": "14204", "P29_002": "C114320400032", "P29_003": "16002", "P29_004": "鎌倉女学院中学校", "P29_005": "神奈川県鎌倉市由比ガ浜2-10-4", "P29_006": "4", "P29_007": "1", "P29_008": "00", "P29_009": null }, "geometry": { "type": "Point", "coordinates": [ 139.550075974845612, 35.314017552161282 ] } },
{ "type": "Feature", "properties": { "P29_001": "14204", "P29_002": "C114320400050", "P29_003": "16002", "P29_004": "鎌倉女子大学中等部", "P29_005": "神奈川県鎌倉市岩瀬1420", "P29_006": "4", "P29_007": "1", "P29_008": "00", "P29_009": null }, "geometry": { "type": "Point", "coordinates": [ 139.546745780497815, 35.359405266997385 ] } },
{ "type": "Feature", "properties": { "P29_001": "14205", "P29_002": "C114320500013", "P29_003": "16002", "P29_004": "湘南学園中学校", "P29_005": "神奈川県藤沢市鵠沼松が岡3-4-27", "P29_006": "4", "P29_007": "1", "P29_008": "00", "P29_009": null }, "geometry": { "type": "Point", "coordinates": [ 139.477583333521096, 35.324051164119723 ] } },
{ "type": "Feature", "properties": { "P29_001": "14205", "P29_002": "C114320500031", "P29_003": "16002", "P29_004": "聖園女学院中学校", "P29_005": "神奈川県藤沢市みその台1-4", "P29_006": "4", "P29_007": "1", "P29_008": "00", "P29_009": null }, "geometry": { "type": "Point", "coordinates": [ 139.477235996893313, 35.35414634570013 ] } },
{ "type": "Feature", "properties": { "P29_001": "14205", "P29_002": "C114320500040", "P29_003": "16002", "P29_004": "慶應義塾湘南藤沢中等部", "P29_005": "神奈川県藤沢市遠藤5466", "P29_006": "4", "P29_007": "1", "P29_008": "00", "P29_009": null }, "geometry": { "type": "Point", "coordinates": [ 139.425848197861058, 35.386346837700117 ] } },
{ "type": "Feature", "properties": { "P29_001": "14205", "P29_002": "C114320500059", "P29_003": "16002", "P29_004": "藤嶺学園藤沢中学校", "P29_005": "神奈川県藤沢市西富1-7-1", "P29_006": "4", "P29_007": "1", "P29_008": "00", "P29_009": null }, "geometry": { "type": "Point", "coordinates": [ 139.486687254782026, 35.348908224180207 ] } },
{ "type": "Feature", "properties": { "P29_001": "14206", "P29_002": "C114320600012", "P29_003": "16002", "P29_004": "相洋中学校", "P29_005": "神奈川県小田原市城山4-13-33", "P29_006": "4", "P29_007": "1", "P29_008": "00", "P29_009": null }, "geometry": { "type": "Point", "coordinates": [ 139.145763078998783, 35.25201818813229 ] } },
{ "type": "Feature", "properties": { "P29_001": "14206", "P29_002": "C114320600021", "P29_003": "16002", "P29_004": "湘南ライナス学園中学部", "P29_005": "神奈川県小田原市風祭487-1", "P29_006": "4", "P29_007": "1", "P29_008": "00", "P29_009": null }, "geometry": { "type": "Point", "coordinates": [ 139.130433131172083, 35.24776751117021 ] } },
{ "type": "Feature", "properties": { "P29_001": "14208", "P29_002": "C114320800010", "P29_003": "16002", "P29_004": "聖和学院中学校", "P29_005": "神奈川県逗子市久木2-2-1", "P29_006": "4", "P29_007": "1", "P29_008": "00", "P29_009": null }, "geometry": { "type": "Point", "coordinates": [ 139.578225932539823, 35.302749220496679 ] } },
{ "type": "Feature", "properties": { "P29_001": "14208", "P29_002": "C114320800029", "P29_003": "16002", "P29_004": "逗子開成中学校", "P29_005": "神奈川県逗子市新宿2-5-1", "P29_006": "4", "P29_007": "1", "P29_008": "00", "P29_009": null }, "geometry": { "type": "Point", "coordinates": [ 139.572905663271115, 35.293997823031752 ] } },
{ "type": "Feature", "properties": { "P29_001": "14341", "P29_002": "C114334100018", "P29_003": "16002", "P29_004": "聖ステパノ学園中学校", "P29_005": "神奈川県中郡大磯町大磯868", "P29_006": "4", "P29_007": "1", "P29_008": "00", "P29_009": null }, "geometry": { "type": "Point", "coordinates": [ 139.312831733303653, 35.309986341092774 ] } },
{ "type": "Feature", "properties": { "P29_001": "14101", "P29_002": "C114210020035", "P29_003": "16002", "P29_004": "横浜市立上の宮中学校", "P29_005": "神奈川県横浜市鶴見区上の宮1-26-33", "P29_006": "3", "P29_007": "1", "P29_008": "00", "P29_009": null }, "geometry": { "type": "Point", "coordinates": [ 139.639035082458889, 35.51227707715865 ] } },
{ "type": "Feature", "properties": { "P29_001": "14101", "P29_002": "C114210020044", "P29_003": "16002", "P29_004": "横浜市立寛政中学校", "P29_005": "神奈川県横浜市鶴見区寛政町23-1", "P29_006": "3", "P29_007": "1", "P29_008": "00", "P29_009": null }, "geometry": { "type": "Point", "coordinates": [ 139.699655234085355, 35.501868452634397 ] } },
{ "type": "Feature", "properties": { "P29_001": "14106", "P29_002": "C114210020491", "P29_003": "16002", "P29_004": "横浜市立上菅田中学校", "P29_005": "神奈川県横浜市保土ケ谷区上菅田町780", "P29_006": "3", "P29_007": "1", "P29_008": "00", "P29_009": null }, "geometry": { "type": "Point", "coordinates": [ 139.568564773696494, 35.490112121938381 ] } },
{ "type": "Feature", "properties": { "P29_001": "14106", "P29_002": "C114210020516", "P29_003": "16002", "P29_004": "横浜市立西谷中学校", "P29_005": "神奈川県横浜市保土ケ谷区川島町1208", "P29_006": "3", "P29_007": "1", "P29_008": "00", "P29_009": null }, "geometry": { "type": "Point", "coordinates": [ 139.564476319160264, 35.474452505507578 ] } },
{ "type": "Feature", "properties": { "P29_001": "14112", "P29_002": "C114210020605", "P29_003": "16002", "P29_004": "横浜市立都岡中学校", "P29_005": "神奈川県横浜市旭区川井宿町32-2", "P29_006": "3", "P29_007": "1", "P29_008": "00", "P29_009": null }, "geometry": { "type": "Point", "coordinates": [ 139.520735496813131, 35.494993816080957 ] } },
{ "type": "Feature", "properties": { "P29_001": "14107", "P29_002": "C114210020696", "P29_003": "16002", "P29_004": "横浜市立浜中学校", "P29_005": "神奈川県横浜市磯子区杉田3-30-11", "P29_006": "3", "P29_007": "1", "P29_008": "00", "P29_009": null }, "geometry": { "type": "Point", "coordinates": [ 139.611182449382312, 35.378759918424336 ] } },
{ "type": "Feature", "properties": { "P29_001": "14109", "P29_002": "C114210020838", "P29_003": "16002", "P29_004": "横浜市立篠原中学校", "P29_005": "神奈川県横浜市港北区篠原町1342-3", "P29_006": "3", "P29_007": "1", "P29_008": "00", "P29_009": null }, "geometry": { "type": "Point", "coordinates": [ 139.620554912753846, 35.504703019505897 ] } },
{ "type": "Feature", "properties": { "P29_001": "14113", "P29_002": "C114210020918", "P29_003": "16002", "P29_004": "横浜市立鴨居中学校", "P29_005": "神奈川県横浜市緑区鴨居5-12-35", "P29_006": "3", "P29_007": "1", "P29_008": "00", "P29_009": null }, "geometry": { "type": "Point", "coordinates": [ 139.561599444933307, 35.50760042679488 ] } },
{ "type": "Feature", "properties": { "P29_001": "14117", "P29_002": "C114210021025", "P29_003": "16002", "P29_004": "横浜市立すすき野中学校", "P29_005": "神奈川県横浜市青葉区すすき野3-4-3", "P29_006": "3", "P29_007": "1", "P29_008": "00", "P29_009": null }, "geometry": { "type": "Point", "coordinates": [ 139.530754482489471, 35.577919025707608 ] } },
{ "type": "Feature", "properties": { "P29_001": "14117", "P29_002": "C114210021034", "P29_003": "16002", "P29_004": "横浜市立奈良中学校", "P29_005": "神奈川県横浜市青葉区すみよし台36-3", "P29_006": "3", "P29_007": "1", "P29_008": "00", "P29_009": null }, "geometry": { "type": "Point", "coordinates": [ 139.494671361858565, 35.557083673731974 ] } },
{ "type": "Feature", "properties": { "P29_001": "14110", "P29_002": "C114210021230", "P29_003": "16002", "P29_004": "横浜市立名瀬中学校", "P29_005": "神奈川県横浜市戸塚区名瀬町791-6", "P29_006": "3", "P29_007": "1", "P29_008": "00", "P29_009": null }, "geometry": { "type": "Point", "coordinates": [ 139.54358396007845, 35.433929421930266 ] } },
{ "type": "Feature", "properties": { "P29_001": "14115", "P29_002": "C114210021285", "P29_003": "16002", "P29_004": "横浜市立飯島中学校", "P29_005": "神奈川県横浜市栄区飯島町746-1", "P29_006": "3", "P29_007": "1", "P29_008": "00", "P29_009": null }, "geometry": { "type": "Point", "coordinates": [ 139.532121366006692, 35.372762131675692 ] } },
{ "type": "Feature", "properties": { "P29_001": "14115", "P29_002": "C114210021338", "P29_003": "16002", "P29_004": "横浜市立本郷中学校", "P29_005": "神奈川県横浜市栄区桂町84-14", "P29_006": "3", "P29_007": "1", "P29_008": "00", "P29_009": null }, "geometry": { "type": "Point", "coordinates": [ 139.550637232967802, 35.364885584628212 ] } },
{ "type": "Feature", "properties": { "P29_001": "14116", "P29_002": "C114210021374", "P29_003": "16002", "P29_004": "横浜市立上飯田中学校", "P29_005": "神奈川県横浜市泉区上飯田町2254", "P29_006": "3", "P29_007": "1", "P29_008": "00", "P29_009": null }, "geometry": { "type": "Point", "coordinates": [ 139.481670815750988, 35.429809177923424 ] } },
{ "type": "Feature", "properties": { "P29_001": "14112", "P29_002": "C114210021463", "P29_003": "16002", "P29_004": "横浜市立上白根北中学校", "P29_005": "神奈川県横浜市旭区上白根2-47-1", "P29_006": "3", "P29_007": "1", "P29_008": "00", "P29_009": null }, "geometry": { "type": "Point", "coordinates": [ 139.537055471055595, 35.495524997578144 ] } },
{ "type": "Feature", "properties": { "P29_001": "14131", "P29_002": "C114213020093", "P29_003": "16002", "P29_004": "川崎市立富士見中学校", "P29_005": "神奈川県川崎市川崎区富士見2-1-2", "P29_006": "3", "P29_007": "1", "P29_008": "00", "P29_009": null }, "geometry": { "type": "Point", "coordinates": [ 139.708044513572077, 35.528032007032955 ] } },
{ "type": "Feature", "properties": { "P29_001": "14132", "P29_002": "C114213020146", "P29_003": "16002", "P29_004": "川崎市立塚越中学校", "P29_005": "神奈川県川崎市幸区塚越1-60", "P29_006": "3", "P29_007": "1", "P29_008": "00", "P29_009": null }, "geometry": { "type": "Point", "coordinates": [ 139.678515596163578, 35.548554184805973 ] } },
{ "type": "Feature", "properties": { "P29_001": "14132", "P29_002": "C114213020164", "P29_003": "16002", "P29_004": "川崎市立南加瀬中学校", "P29_005": "神奈川県川崎市幸区南加瀬3-10-1", "P29_006": "3", "P29_007": "1", "P29_008": "00", "P29_009": null }, "geometry": { "type": "Point", "coordinates": [ 139.66309008271287, 35.544248004657945 ] } },
{ "type": "Feature", "properties": { "P29_001": "14133", "P29_002": "C114213020217", "P29_003": "16002", "P29_004": "川崎市立今井中学校", "P29_005": "神奈川県川崎市中原区今井仲町7-1", "P29_006": "3", "P29_007": "1", "P29_008": "00", "P29_009": null }, "geometry": { "type": "Point", "coordinates": [ 139.650651429071218, 35.575349591065866 ] } },
{ "type": "Feature", "properties": { "P29_001": "14134", "P29_002": "C114213020271", "P29_003": "16002", "P29_004": "川崎市立高津中学校", "P29_005": "神奈川県川崎市高津区久本3-11-2", "P29_006": "3", "P29_007": "1", "P29_008": "00", "P29_009": null }, "geometry": { "type": "Point", "coordinates": [ 139.61901054915478, 35.595680873958585 ] } },
{ "type": "Feature", "properties": { "P29_001": "14152", "P29_002": "C114215020061", "P29_003": "16002", "P29_004": "相模原市立大野北中学校", "P29_005": "神奈川県相模原市中央区淵野辺2-8-40", "P29_006": "3", "P29_007": "1", "P29_008": "00", "P29_009": null }, "geometry": { "type": "Point", "coordinates": [ 139.395698090813511, 35.57412491539214 ] } },
{ "type": "Feature", "properties": { "P29_001": "14153", "P29_002": "C114215020141", "P29_003": "16002", "P29_004": "相模原市立大野台中学校", "P29_005": "神奈川県相模原市南区大野台8-2-1", "P29_006": "3", "P29_007": "1", "P29_008": "00", "P29_009": null }, "geometry": { "type": "Point", "coordinates": [ 139.412298427119538, 35.545747888452375 ] } },
{ "type": "Feature", "properties": { "P29_001": "14152", "P29_002": "C114215020196", "P29_003": "16002", "P29_004": "相模原市立弥栄中学校", "P29_005": "神奈川県相模原市中央区弥栄3-1-7", "P29_006": "3", "P29_007": "1", "P29_008": "00", "P29_009": null }, "geometry": { "type": "Point", "coordinates": [ 139.386329518276824, 35.556941931815658 ] } },
{ "type": "Feature", "properties": { "P29_001": "14152", "P29_002": "C114215020249", "P29_003": "16002", "P29_004": "相模原市立由野台中学校", "P29_005": "神奈川県相模原市中央区由野台3-1-3", "P29_006": "3", "P29_007": "1", "P29_008": "00", "P29_009": null }, "geometry": { "type": "Point", "coordinates": [ 139.394854948305948, 35.556404149684028 ] } },
{ "type": "Feature", "properties": { "P29_001": "14151", "P29_002": "C114215020294", "P29_003": "16002", "P29_004": "相模原市立中沢中学校", "P29_005": "神奈川県相模原市緑区城山2-7-1", "P29_006": "3", "P29_007": "1", "P29_008": "00", "P29_009": null }, "geometry": { "type": "Point", "coordinates": [ 139.285840309118726, 35.589491013356159 ] } },
{ "type": "Feature", "properties": { "P29_001": "14151", "P29_002": "C114215020301", "P29_003": "16002", "P29_004": "相模原市立中野中学校", "P29_005": "神奈川県相模原市緑区中野960", "P29_006": "3", "P29_007": "1", "P29_008": "00", "P29_009": null }, "geometry": { "type": "Point", "coordinates": [ 139.257600361825638, 35.587417628498699 ] } },
{ "type": "Feature", "properties": { "P29_001": "14153", "P29_002": "C114215020365", "P29_003": "16002", "P29_004": "相模原市立大野南中学校分校", "P29_005": "神奈川県相模原市南区文京1-11-1", "P29_006": "3", "P29_007": "1", "P29_008": "00", "P29_009": null }, "geometry": { "type": "Point", "coordinates": [ 139.429287708507275, 35.537098509904531 ] } },
{ "type": "Feature", "properties": { "P29_001": "14201", "P29_002": "C114220120033", "P29_003": "16002", "P29_004": "横須賀市立田浦中学校", "P29_005": "神奈川県横須賀市船越町7-66", "P29_006": "3", "P29_007": "1", "P29_008": "00", "P29_009": null }, "geometry": { "type": "Point", "coordinates": [ 139.631724241567326, 35.302595167964348 ] } },
{ "type": "Feature", "properties": { "P29_001": "14201", "P29_002": "C114220120042", "P29_003": "16002", "P29_004": "横須賀市立坂本中学校", "P29_005": "神奈川県横須賀市坂本町1-19", "P29_006": "3", "P29_007": "1", "P29_008": "00", "P29_009": null }, "geometry": { "type": "Point", "coordinates": [ 139.658666924199963, 35.271674844958817 ] } },
{ "type": "Feature", "properties": { "P29_001": "14201", "P29_002": "C114220120051", "P29_003": "16002", "P29_004": "横須賀市立不入斗中学校", "P29_005": "神奈川県横須賀市坂本町1-19", "P29_006": "3", "P29_007": "1", "P29_008": "00", "P29_009": null }, "geometry": { "type": "Point", "coordinates": [ 139.660351891337086, 35.272741825756633 ] } },
{ "type": "Feature", "properties": { "P29_001": "14201", "P29_002": "C114220120079", "P29_003": "16002", "P29_004": "横須賀市立公郷中学校", "P29_005": "神奈川県横須賀市公郷町5-81", "P29_006": "3", "P29_007": "1", "P29_008": "00", "P29_009": null }, "geometry": { "type": "Point", "coordinates": [ 139.678866692859998, 35.256754157287226 ] } },
{ "type": "Feature", "properties": { "P29_001": "14201", "P29_002": "C114220120097", "P29_003": "16002", "P29_004": "横須賀市立衣笠中学校", "P29_005": "神奈川県横須賀市平作2-31-1", "P29_006": "3", "P29_007": "1", "P29_008": "00", "P29_009": null }, "geometry": { "type": "Point", "coordinates": [ 139.652677030496903, 35.252676835194158 ] } },
{ "type": "Feature", "properties": { "P29_001": "14201", "P29_002": "C114220120113", "P29_003": "16002", "P29_004": "横須賀市立大津中学校", "P29_005": "神奈川県横須賀市大津町5-2-1", "P29_006": "3", "P29_007": "1", "P29_008": "00", "P29_009": null }, "geometry": { "type": "Point", "coordinates": [ 139.690917261801133, 35.2603471858163 ] } },
{ "type": "Feature", "properties": { "P29_001": "14201", "P29_002": "C114220120122", "P29_003": "16002", "P29_004": "横須賀市立馬堀中学校", "P29_005": "神奈川県横須賀市馬堀町4-10-2", "P29_006": "3", "P29_007": "1", "P29_008": "00", "P29_009": null }, "geometry": { "type": "Point", "coordinates": [ 139.715251052199307, 35.259728121591635 ] } },
{ "type": "Feature", "properties": { "P29_001": "14201", "P29_002": "C114220120131", "P29_003": "16002", "P29_004": "横須賀市立浦賀中学校", "P29_005": "神奈川県横須賀市浦賀3-26-1", "P29_006": "3", "P29_007": "1", "P29_008": "00", "P29_009": null }, "geometry": { "type": "Point", "coordinates": [ 139.711795271666972, 35.250320621127237 ] } },
{ "type": "Feature", "properties": { "P29_001": "14201", "P29_002": "C114220120159", "P29_003": "16002", "P29_004": "横須賀市立岩戸中学校", "P29_005": "神奈川県横須賀市岩戸5-6-3", "P29_006": "3", "P29_007": "1", "P29_008": "00", "P29_009": null }, "geometry": { "type": "Point", "coordinates": [ 139.668996707562286, 35.227926131971763 ] } },
{ "type": "Feature", "properties": { "P29_001": "14201", "P29_002": "C114220120177", "P29_003": "16002", "P29_004": "横須賀市立神明中学校", "P29_005": "神奈川県横須賀市神明町903", "P29_006": "3", "P29_007": "1", "P29_008": "00", "P29_009": null }, "geometry": { "type": "Point", "coordinates": [ 139.700834651713706, 35.225307508417309 ] } },
{ "type": "Feature", "properties": { "P29_001": "14203", "P29_002": "C114220320059", "P29_003": "16002", "P29_004": "平塚市立大野中学校", "P29_005": "神奈川県平塚市東中原1-12-1", "P29_006": "3", "P29_007": "1", "P29_008": "00", "P29_009": null }, "geometry": { "type": "Point", "coordinates": [ 139.341758221860431, 35.354485219809966 ] } },
{ "type": "Feature", "properties": { "P29_001": "14203", "P29_002": "C114220320077", "P29_003": "16002", "P29_004": "平塚市立土沢中学校", "P29_005": "神奈川県平塚市土屋2244", "P29_006": "3", "P29_007": "1", "P29_008": "00", "P29_009": null }, "geometry": { "type": "Point", "coordinates": [ 139.268972045957781, 35.346176474699746 ] } },
{ "type": "Feature", "properties": { "P29_001": "14203", "P29_002": "C114220320120", "P29_003": "16002", "P29_004": "平塚市立神明中学校", "P29_005": "神奈川県平塚市四之宮1-10-1", "P29_006": "3", "P29_007": "1", "P29_008": "00", "P29_009": null }, "geometry": { "type": "Point", "coordinates": [ 139.349579583879489, 35.349274365880333 ] } },
{ "type": "Feature", "properties": { "P29_001": "14203", "P29_002": "C114220320157", "P29_003": "16002", "P29_004": "平塚市立旭陵中学校", "P29_005": "神奈川県平塚市日向岡2-9-1", "P29_006": "3", "P29_007": "1", "P29_008": "00", "P29_009": null }, "geometry": { "type": "Point", "coordinates": [ 139.300276215472223, 35.340906871341986 ] } },
{ "type": "Feature", "properties": { "P29_001": "14205", "P29_002": "C114220520039", "P29_003": "16002", "P29_004": "藤沢市立鵠沼中学校", "P29_005": "神奈川県藤沢市鵠沼桜が岡4-3-37", "P29_006": "3", "P29_007": "1", "P29_008": "00", "P29_009": null }, "geometry": { "type": "Point", "coordinates": [ 139.478991070214335, 35.333842855546607 ] } },
{ "type": "Feature", "properties": { "P29_001": "14205", "P29_002": "C114220520057", "P29_003": "16002", "P29_004": "藤沢市立片瀬中学校", "P29_005": "神奈川県藤沢市片瀬山4-1-1", "P29_006": "3", "P29_007": "1", "P29_008": "00", "P29_009": null }, "geometry": { "type": "Point", "coordinates": [ 139.493551159766042, 35.322209816578884 ] } },
{ "type": "Feature", "properties": { "P29_001": "14205", "P29_002": "C114220520128", "P29_003": "16002", "P29_004": "藤沢市立秋葉台中学校", "P29_005": "神奈川県藤沢市遠藤2000-2", "P29_006": "3", "P29_007": "1", "P29_008": "00", "P29_009": null }, "geometry": { "type": "Point", "coordinates": [ 139.444083203343268, 35.386692783137477 ] } },
{ "type": "Feature", "properties": { "P29_001": "14205", "P29_002": "C114220520137", "P29_003": "16002", "P29_004": "藤沢市立大庭中学校", "P29_005": "神奈川県藤沢市大庭5416-6", "P29_006": "3", "P29_007": "1", "P29_008": "00", "P29_009": null }, "geometry": { "type": "Point", "coordinates": [ 139.45031803830841, 35.363772607277376 ] } },
{ "type": "Feature", "properties": { "P29_001": "14205", "P29_002": "C114220520182", "P29_003": "16002", "P29_004": "藤沢市立大清水中学校", "P29_005": "神奈川県藤沢市大鋸1400", "P29_006": "3", "P29_007": "1", "P29_008": "00", "P29_009": null }, "geometry": { "type": "Point", "coordinates": [ 139.482988840369075, 35.353608766786287 ] } },
{ "type": "Feature", "properties": { "P29_001": "14206", "P29_002": "C114220620029", "P29_003": "16002", "P29_004": "小田原市立白鴎中学校", "P29_005": "神奈川県小田原市東町4-13-1", "P29_006": "3", "P29_007": "1", "P29_008": "00", "P29_009": null }, "geometry": { "type": "Point", "coordinates": [ 139.180493487502758, 35.260304228992055 ] } },
{ "type": "Feature", "properties": { "P29_001": "14206", "P29_002": "C114220620065", "P29_003": "16002", "P29_004": "小田原市立千代中学校", "P29_005": "神奈川県小田原市千代800", "P29_006": "3", "P29_007": "1", "P29_008": "00", "P29_009": null }, "geometry": { "type": "Point", "coordinates": [ 139.176105383746659, 35.295006382202601 ] } },
{ "type": "Feature", "properties": { "P29_001": "14206", "P29_002": "C114220620083", "P29_003": "16002", "P29_004": "小田原市立酒匂中学校", "P29_005": "神奈川県小田原市酒匂3-4-1", "P29_006": "3", "P29_007": "1", "P29_008": "00", "P29_009": null }, "geometry": { "type": "Point", "coordinates": [ 139.18701218436135, 35.264325798841519 ] } },
{ "type": "Feature", "properties": { "P29_001": "14207", "P29_002": "C114220720046", "P29_003": "16002", "P29_004": "茅ヶ崎市立西浜中学校", "P29_005": "神奈川県茅ヶ崎市南湖6-15-3", "P29_006": "3", "P29_007": "1", "P29_008": "00", "P29_009": null }, "geometry": { "type": "Point", "coordinates": [ 139.391038651315426, 35.318788560499542 ] } },
{ "type": "Feature", "properties": { "P29_001": "14207", "P29_002": "C114220720108", "P29_003": "16002", "P29_004": "茅ヶ崎市立中島中学校", "P29_005": "神奈川県茅ヶ崎市中島1469-2", "P29_006": "3", "P29_007": "1", "P29_008": "00", "P29_009": null }, "geometry": { "type": "Point", "coordinates": [ 139.375128056037198, 35.325137316211425 ] } },
{ "type": "Feature", "properties": { "P29_001": "14207", "P29_002": "C114220720126", "P29_003": "16002", "P29_004": "茅ヶ崎市立赤羽根中学校", "P29_005": "神奈川県茅ヶ崎市赤羽根3030", "P29_006": "3", "P29_007": "1", "P29_008": "00", "P29_009": null }, "geometry": { "type": "Point", "coordinates": [ 139.43732306413051, 35.349350674585345 ] } },
{ "type": "Feature", "properties": { "P29_001": "14208", "P29_002": "C114220820018", "P29_003": "16002", "P29_004": "逗子市立逗子中学校", "P29_005": "神奈川県逗子市池子4-755", "P29_006": "3", "P29_007": "1", "P29_008": "00", "P29_009": null }, "geometry": { "type": "Point", "coordinates": [ 139.600486303504766, 35.309062260701651 ] } },
{ "type": "Feature", "properties": { "P29_001": "14210", "P29_002": "C114221020023", "P29_003": "16002", "P29_004": "三浦市立南下浦中学校", "P29_005": "神奈川県三浦市南下浦町金田206", "P29_006": "3", "P29_007": "1", "P29_008": "00", "P29_009": null }, "geometry": { "type": "Point", "coordinates": [ 139.653694851904334, 35.171930257891049 ] } },
{ "type": "Feature", "properties": { "P29_001": "14211", "P29_002": "C114221120086", "P29_003": "16002", "P29_004": "秦野市立渋沢中学校", "P29_005": "神奈川県秦野市渋沢2030", "P29_006": "3", "P29_007": "1", "P29_008": "00", "P29_009": null }, "geometry": { "type": "Point", "coordinates": [ 139.185280040449896, 35.36448347996707 ] } },
{ "type": "Feature", "properties": { "P29_001": "14212", "P29_002": "C114221220012", "P29_003": "16002", "P29_004": "厚木市立厚木中学校", "P29_005": "神奈川県厚木市水引1-1-3", "P29_006": "3", "P29_007": "1", "P29_008": "00", "P29_009": null }, "geometry": { "type": "Point", "coordinates": [ 139.360106609420427, 35.445153010646571 ] } },
{ "type": "Feature", "properties": { "P29_001": "14212", "P29_002": "C114221220049", "P29_003": "16002", "P29_004": "厚木市立睦合中学校", "P29_005": "神奈川県厚木市三田3-1-1", "P29_006": "3", "P29_007": "1", "P29_008": "00", "P29_009": null }, "geometry": { "type": "Point", "coordinates": [ 139.344005766875114, 35.478662252409428 ] } },
{ "type": "Feature", "properties": { "P29_001": "14212", "P29_002": "C114221220067", "P29_003": "16002", "P29_004": "厚木市立玉川中学校", "P29_005": "神奈川県厚木市小野301-10", "P29_006": "3", "P29_007": "1", "P29_008": "00", "P29_009": null }, "geometry": { "type": "Point", "coordinates": [ 139.321765461449047, 35.430734689315173 ] } },
{ "type": "Feature", "properties": { "P29_001": "14213", "P29_002": "C114221320020", "P29_003": "16002", "P29_004": "大和市立光丘中学校", "P29_005": "神奈川県大和市大和南2-11-1", "P29_006": "3", "P29_007": "1", "P29_008": "00", "P29_009": null }, "geometry": { "type": "Point", "coordinates": [ 139.465312539379596, 35.464748163721346 ] } },
{ "type": "Feature", "properties": { "P29_001": "14213", "P29_002": "C114221320039", "P29_003": "16002", "P29_004": "大和市立渋谷中学校", "P29_005": "神奈川県大和市下和田49", "P29_006": "3", "P29_007": "1", "P29_008": "00", "P29_009": null }, "geometry": { "type": "Point", "coordinates": [ 139.472578685961224, 35.43091587555903 ] } },
{ "type": "Feature", "properties": { "P29_001": "14213", "P29_002": "C114221320057", "P29_003": "16002", "P29_004": "大和市立鶴間中学校", "P29_005": "神奈川県大和市下鶴間3016", "P29_006": "3", "P29_007": "1", "P29_008": "00", "P29_009": null }, "geometry": { "type": "Point", "coordinates": [ 139.453997776566183, 35.496263867135958 ] } },
{ "type": "Feature", "properties": { "P29_001": "14213", "P29_002": "C114221320066", "P29_003": "16002", "P29_004": "大和市立引地台中学校", "P29_005": "神奈川県大和市柳橋4-5050", "P29_006": "3", "P29_007": "1", "P29_008": "00", "P29_009": null }, "geometry": { "type": "Point", "coordinates": [ 139.461752270298547, 35.456974089092725 ] } },
{ "type": "Feature", "properties": { "P29_001": "14213", "P29_002": "C114221320084", "P29_003": "16002", "P29_004": "大和市立南林間中学校", "P29_005": "神奈川県大和市南林間9-3-1", "P29_006": "3", "P29_007": "1", "P29_008": "00", "P29_009": null }, "geometry": { "type": "Point", "coordinates": [ 139.435952356764034, 35.496797575140718 ] } },
{ "type": "Feature", "properties": { "P29_001": "14216", "P29_002": "C114221620063", "P29_003": "16002", "P29_004": "座間市立南中学校", "P29_005": "神奈川県座間市南栗原3-8-1", "P29_006": "3", "P29_007": "1", "P29_008": "00", "P29_009": null }, "geometry": { "type": "Point", "coordinates": [ 139.420898540148016, 35.475273131615509 ] } },
{ "type": "Feature", "properties": { "P29_001": "14217", "P29_002": "C114221720017", "P29_003": "16002", "P29_004": "南足柄市立南足柄中学校", "P29_005": "神奈川県南足柄市関本433", "P29_006": "3", "P29_007": "1", "P29_008": "00", "P29_009": null }, "geometry": { "type": "Point", "coordinates": [ 139.098122128152369, 35.321888826382413 ] } },
{ "type": "Feature", "properties": { "P29_001": "14218", "P29_002": "C114221820016", "P29_003": "16002", "P29_004": "綾瀬市立綾瀬中学校", "P29_005": "神奈川県綾瀬市深谷南2-3-1", "P29_006": "3", "P29_007": "1", "P29_008": "00", "P29_009": null }, "geometry": { "type": "Point", "coordinates": [ 139.439262764191568, 35.43065982001086 ] } },
{ "type": "Feature", "properties": { "P29_001": "14218", "P29_002": "C114221820043", "P29_003": "16002", "P29_004": "綾瀬市立北の台中学校", "P29_005": "神奈川県綾瀬市蓼川1-2-1", "P29_006": "3", "P29_007": "1", "P29_008": "00", "P29_009": null }, "geometry": { "type": "Point", "coordinates": [ 139.435331154505064, 35.461756317358798 ] } },
{ "type": "Feature", "properties": { "P29_001": "14301", "P29_002": "C114230120014", "P29_003": "16002", "P29_004": "葉山町立葉山中学校", "P29_005": "神奈川県三浦郡葉山町堀内2247-2", "P29_006": "3", "P29_007": "1", "P29_008": "00", "P29_009": null }, "geometry": { "type": "Point", "coordinates": [ 139.588054675462871, 35.275560058050459 ] } },
{ "type": "Feature", "properties": { "P29_001": "14301", "P29_002": "C114230120023", "P29_003": "16002", "P29_004": "葉山町立南郷中学校", "P29_005": "神奈川県三浦郡葉山町長柄1835", "P29_006": "3", "P29_007": "1", "P29_008": "00", "P29_009": null }, "geometry": { "type": "Point", "coordinates": [ 139.599540339562566, 35.285471179200108 ] } },
{ "type": "Feature", "properties": { "P29_001": "14341", "P29_002": "C114234120016", "P29_003": "16002", "P29_004": "大磯町立大磯中学校", "P29_005": "神奈川県中郡大磯町東小磯261", "P29_006": "3", "P29_007": "1", "P29_008": "00", "P29_009": null }, "geometry": { "type": "Point", "coordinates": [ 139.308105350880567, 35.307466737747681 ] } },
{ "type": "Feature", "properties": { "P29_001": "14342", "P29_002": "C114234220024", "P29_003": "16002", "P29_004": "二宮町立二宮西中学校", "P29_005": "神奈川県中郡二宮町川匂323", "P29_006": "3", "P29_007": "1", "P29_008": "00", "P29_009": null }, "geometry": { "type": "Point", "coordinates": [ 139.236367106165233, 35.29779032362233 ] } },
{ "type": "Feature", "properties": { "P29_001": "14362", "P29_002": "C114236220010", "P29_003": "16002", "P29_004": "大井町立湘光中学校", "P29_005": "神奈川県足柄上郡大井町金子1950", "P29_006": "3", "P29_007": "1", "P29_008": "00", "P29_009": null }, "geometry": { "type": "Point", "coordinates": [ 139.154685292706006, 35.324813029840527 ] } },
{ "type": "Feature", "properties": { "P29_001": "14363", "P29_002": "C114236320019", "P29_003": "16002", "P29_004": "松田町立松田中学校", "P29_005": "神奈川県足柄上郡松田町松田惣領1400", "P29_006": "3", "P29_007": "1", "P29_008": "00", "P29_009": null }, "geometry": { "type": "Point", "coordinates": [ 139.139843105002313, 35.342901066971841 ] } },
{ "type": "Feature", "properties": { "P29_001": "14382", "P29_002": "C114238220016", "P29_003": "16002", "P29_004": "箱根町立箱根中学校", "P29_005": "神奈川県足柄下郡箱根町二ノ平1154", "P29_006": "3", "P29_007": "1", "P29_008": "00", "P29_009": null }, "geometry": { "type": "Point", "coordinates": [ 139.048675841849871, 35.245681061090075 ] } },
{ "type": "Feature", "properties": { "P29_001": "14384", "P29_002": "C114238420014", "P29_003": "16002", "P29_004": "湯河原町立湯河原中学校", "P29_005": "神奈川県足柄下郡湯河原町吉浜1576-31", "P29_006": "3", "P29_007": "1", "P29_008": "00", "P29_009": null }, "geometry": { "type": "Point", "coordinates": [ 139.113847269395706, 35.144021134680266 ] } },
{ "type": "Feature", "properties": { "P29_001": "14401", "P29_002": "C114240120022", "P29_003": "16002", "P29_004": "愛川町立愛川中学校", "P29_005": "神奈川県愛甲郡愛川町田代1395", "P29_006": "3", "P29_007": "1", "P29_008": "00", "P29_009": null }, "geometry": { "type": "Point", "coordinates": [ 139.287625058913136, 35.53273454738585 ] } },
{ "type": "Feature", "properties": { "P29_001": "14102", "P29_002": "C114310000046", "P29_003": "16002", "P29_004": "浅野中学校", "P29_005": "神奈川県横浜市神奈川区子安台1-3-1", "P29_006": "4", "P29_007": "1", "P29_008": "00", "P29_009": null }, "geometry": { "type": "Point", "coordinates": [ 139.659243716186836, 35.490938738838629 ] } },
{ "type": "Feature", "properties": { "P29_001": "14104", "P29_002": "C114310000117", "P29_003": "16002", "P29_004": "横浜女学院中学校", "P29_005": "神奈川県横浜市中区山手町203", "P29_006": "4", "P29_007": "1", "P29_008": "00", "P29_009": null }, "geometry": { "type": "Point", "coordinates": [ 139.640875944740543, 35.436419955984071 ] } },
{ "type": "Feature", "properties": { "P29_001": "14107", "P29_002": "C114310000162", "P29_003": "16002", "P29_004": "横浜学園中学校", "P29_005": "神奈川県横浜市磯子区岡村2-4-1", "P29_006": "4", "P29_007": "1", "P29_008": "00", "P29_009": null }, "geometry": { "type": "Point", "coordinates": [ 139.615184180319346, 35.41694861135133 ] } },
{ "type": "Feature", "properties": { "P29_001": "14108", "P29_002": "C114310000171", "P29_003": "16002", "P29_004": "関東学院六浦中学校", "P29_005": "神奈川県横浜市金沢区六浦東1-50-1", "P29_006": "4", "P29_007": "1", "P29_008": "00", "P29_009": null }, "geometry": { "type": "Point", "coordinates": [ 139.624813555731265, 35.323149392347752 ] } },
{ "type": "Feature", "properties": { "P29_001": "14110", "P29_002": "C114310000224", "P29_003": "16002", "P29_004": "公文国際学園中等部", "P29_005": "神奈川県横浜市戸塚区小雀町777", "P29_006": "4", "P29_007": "1", "P29_008": "00", "P29_009": null }, "geometry": { "type": "Point", "coordinates": [ 139.512396537264323, 35.370725697202381 ] } },
{ "type": "Feature", "properties": { "P29_001": "14113", "P29_002": "C114310000260", "P29_003": "16002", "P29_004": "森村学園中等部", "P29_005": "神奈川県横浜市緑区長津田町2695", "P29_006": "4", "P29_007": "1", "P29_008": "00", "P29_009": null }, "geometry": { "type": "Point", "coordinates": [ 139.48936543769949, 35.528318938601821 ] } },
{ "type": "Feature", "properties": { "P29_001": "14114", "P29_002": "C114310000297", "P29_003": "16002", "P29_004": "横浜隼人中学校", "P29_005": "神奈川県横浜市瀬谷区阿久和南1-3-1", "P29_006": "4", "P29_007": "1", "P29_008": "00", "P29_009": null }, "geometry": { "type": "Point", "coordinates": [ 139.509051394109662, 35.446504903970151 ] } },
{ "type": "Feature", "properties": { "P29_001": "14133", "P29_002": "C114313000013", "P29_003": "16002", "P29_004": "大西学園中学校", "P29_005": "神奈川県川崎市中原区小杉町2-284", "P29_006": "4", "P29_007": "1", "P29_008": "00", "P29_009": null }, "geometry": { "type": "Point", "coordinates": [ 139.65684706895442, 35.578456171785355 ] } },
{ "type": "Feature", "properties": { "P29_001": "14133", "P29_002": "C114313000022", "P29_003": "16002", "P29_004": "法政大学第二中学校", "P29_005": "神奈川県川崎市中原区木月大町6-1", "P29_006": "4", "P29_007": "1", "P29_008": "00", "P29_009": null }, "geometry": { "type": "Point", "coordinates": [ 139.651180842936498, 35.57127817922435 ] } },
{ "type": "Feature", "properties": { "P29_001": "14135", "P29_002": "C114313000059", "P29_003": "16002", "P29_004": "日本女子大学附属中学校", "P29_005": "神奈川県川崎市多摩区西生田1-1-1", "P29_006": "4", "P29_007": "1", "P29_008": "00", "P29_009": null }, "geometry": { "type": "Point", "coordinates": [ 139.528818850678192, 35.619297844962567 ] } },
{ "type": "Feature", "properties": { "P29_001": "14151", "P29_002": "C114315000018", "P29_003": "16002", "P29_004": "シュタイナー学園中等部", "P29_005": "神奈川県相模原市緑区名倉2805-1", "P29_006": "4", "P29_007": "1", "P29_008": "00", "P29_009": null }, "geometry": { "type": "Point", "coordinates": [ 139.136816774580126, 35.606667110849685 ] } },
{ "type": "Feature", "properties": { "P29_001": "14201", "P29_002": "C114320100026", "P29_003": "16002", "P29_004": "横須賀学院中学校", "P29_005": "神奈川県横須賀市稲岡町82", "P29_006": "4", "P29_007": "1", "P29_008": "00", "P29_009": null }, "geometry": { "type": "Point", "coordinates": [ 139.672139141467596, 35.284790677406917 ] } },
{ "type": "Feature", "properties": { "P29_001": "14204", "P29_002": "C114320400014", "P29_003": "16002", "P29_004": "栄光学園中学校", "P29_005": "神奈川県鎌倉市玉縄4-1-1", "P29_006": "4", "P29_007": "1", "P29_008": "00", "P29_009": null }, "geometry": { "type": "Point", "coordinates": [ 139.520058413044893, 35.355941577566526 ] } },
{ "type": "Feature", "properties": { "P29_001": "14204", "P29_002": "C114320400023", "P29_003": "16002", "P29_004": "鎌倉学園中学校", "P29_005": "神奈川県鎌倉市山ノ内110", "P29_006": "4", "P29_007": "1", "P29_008": "00", "P29_009": null }, "geometry": { "type": "Point", "coordinates": [ 139.552873941354164, 35.331136530365903 ] } },
{ "type": "Feature", "properties": { "P29_001": "14204", "P29_002": "C114320400041", "P29_003": "16002", "P29_004": "北鎌倉女子学園中学校", "P29_005": "神奈川県鎌倉市山之内913", "P29_006": "4", "P29_007": "1", "P29_008": "00", "P29_009": null }, "geometry": { "type": "Point", "coordinates": [ 139.541813165056709, 35.336959241921939 ] } },
{ "type": "Feature", "properties": { "P29_001": "14204", "P29_002": "C114320400069", "P29_003": "16002", "P29_004": "清泉女学院中学校", "P29_005": "神奈川県鎌倉市城廻200", "P29_006": "4", "P29_007": "1", "P29_008": "00", "P29_009": null }, "geometry": { "type": "Point", "coordinates": [ 139.513697694842421, 35.353854150120995 ] } },
{ "type": "Feature", "properties": { "P29_001": "14205", "P29_002": "C114320500022", "P29_003": "16002", "P29_004": "湘南白百合学園中学校", "P29_005": "神奈川県藤沢市片瀬目白山4-1", "P29_006": "4", "P29_007": "1", "P29_008": "00", "P29_009": null }, "geometry": { "type": "Point", "coordinates": [ 139.490583220793638, 35.316375118804572 ] } },
{ "type": "Feature", "properties": { "P29_001": "14205", "P29_002": "C114320500068", "P29_003": "16002", "P29_004": "日本大学藤沢中学校", "P29_005": "神奈川県藤沢市亀井野1866", "P29_006": "4", "P29_007": "1", "P29_008": "00", "P29_009": null }, "geometry": { "type": "Point", "coordinates": [ 139.470405398351176, 35.377851371135215 ] } },
{ "type": "Feature", "properties": { "P29_001": "14207", "P29_002": "C114320700011", "P29_003": "16002", "P29_004": "アレセイア湘南中学校", "P29_005": "神奈川県茅ヶ崎市富士見町5-2", "P29_006": "4", "P29_007": "1", "P29_008": "00", "P29_009": null }, "geometry": { "type": "Point", "coordinates": [ 139.432271798208916, 35.324984316102046 ] } },
{ "type": "Feature", "properties": { "P29_001": "14213", "P29_002": "C114321300013", "P29_003": "16002", "P29_004": "聖セシリア女子中学校", "P29_005": "神奈川県大和市南林間3-10-1", "P29_006": "4", "P29_007": "1", "P29_008": "00", "P29_009": null }, "geometry": { "type": "Point", "coordinates": [ 139.444992877959436, 35.500677204855222 ] } },
{ "type": "Feature", "properties": { "P29_001": "14382", "P29_002": "C114338200018", "P29_003": "16002", "P29_004": "函嶺白百合学園中学校", "P29_005": "神奈川県足柄下郡箱根町強羅1320", "P29_006": "4", "P29_007": "1", "P29_008": "00", "P29_009": null }, "geometry": { "type": "Point", "coordinates": [ 139.046584857019752, 35.251314644941047 ] } }
]
}
