{
"type": "FeatureCollection",
"name": "geo_14_訪問介護",
"crs": { "type": "name", "properties": { "name": "urn:ogc:def:crs:OGC:1.3:CRS84" } },
"features": [
{ "type": "Feature", "properties": { "内容": "スマイルケア鶴見【訪問介護】神奈川県横浜市鶴見区上末吉2丁目1-14", "url": "https://www.kaigokensaku.mhlw.go.jp/14/index.php?action_kouhyou_detail_004_kani=true&JigyosyoCd=1470104165-00&ServiceCd=110&Type=search", "url2": null }, "geometry": { "type": "Point", "coordinates": [ 139.6708999, 35.5249459 ] } },
{ "type": "Feature", "properties": { "内容": "シェアピースケアサービス【訪問介護】神奈川県横浜市鶴見区下末吉1-9-72階", "url": "https://www.kaigokensaku.mhlw.go.jp/14/index.php?action_kouhyou_detail_004_kani=true&JigyosyoCd=1470104207-00&ServiceCd=110&Type=search", "url2": null }, "geometry": { "type": "Point", "coordinates": [ 139.6724748, 35.518523 ] } },
{ "type": "Feature", "properties": { "内容": "ブレインハートケア【訪問介護】神奈川県横浜市鶴見区鶴見中央三丁目1-6ダイヤパレス鶴見第二714", "url": "https://www.kaigokensaku.mhlw.go.jp/14/index.php?action_kouhyou_detail_004_kani=true&JigyosyoCd=1470104272-00&ServiceCd=110&Type=search", "url2": null }, "geometry": { "type": "Point", "coordinates": [ 139.681207199999989, 35.5097109 ] } },
{ "type": "Feature", "properties": { "内容": "有限会社　ひかりケアサービス【訪問介護】神奈川県横浜市鶴見区豊岡町３５－２パールコート鶴見２階", "url": "https://www.kaigokensaku.mhlw.go.jp/14/index.php?action_kouhyou_detail_004_kani=true&JigyosyoCd=1470100122-00&ServiceCd=110&Type=search", "url2": "http://www.hikari-care.com/business/homehelp01.html" }, "geometry": { "type": "Point", "coordinates": [ 139.674439392729226, 35.512338834670302 ] } },
{ "type": "Feature", "properties": { "内容": "笹島ケアステーション【訪問介護】神奈川県横浜市鶴見区市場富士見町９番３５号笹島ビル1階", "url": "https://www.kaigokensaku.mhlw.go.jp/14/index.php?action_kouhyou_detail_004_kani=true&JigyosyoCd=1470100148-00&ServiceCd=110&Type=search", "url2": "http://www.sasajima.co.jp/" }, "geometry": { "type": "Point", "coordinates": [ 139.689569300000016, 35.5174717 ] } },
{ "type": "Feature", "properties": { "内容": "ヘルパーステーションあしほ【訪問介護】神奈川県横浜市鶴見区鶴見中央３－２１－３エミネンス鶴見中央ウィズ・ビー１０１", "url": "https://www.kaigokensaku.mhlw.go.jp/14/index.php?action_kouhyou_detail_004_kani=true&JigyosyoCd=1470100197-00&ServiceCd=110&Type=search", "url2": "http://www.ashiho.sakura.ne.jp/helper.html" }, "geometry": { "type": "Point", "coordinates": [ 139.68359635175932, 35.508408677813726 ] } },
{ "type": "Feature", "properties": { "内容": "ニチイケアセンター鶴見【訪問介護】神奈川県横浜市鶴見区潮田町2-87-6ビルディングヤマオカ2-1F", "url": "https://www.kaigokensaku.mhlw.go.jp/14/index.php?action_kouhyou_detail_004_kani=true&JigyosyoCd=1470100312-00&ServiceCd=110&Type=search", "url2": "http://www.nichii-kaigo.jp/base/base-result/05D40/" }, "geometry": { "type": "Point", "coordinates": [ 139.684695199999965, 35.5039932 ] } },
{ "type": "Feature", "properties": { "内容": "無憂樹ケアステーション【訪問介護】神奈川県横浜市鶴見区東寺尾2-16-22", "url": "https://www.kaigokensaku.mhlw.go.jp/14/index.php?action_kouhyou_detail_004_kani=true&JigyosyoCd=1470100577-00&ServiceCd=110&Type=search", "url2": "http://www.muyujyu.com" }, "geometry": { "type": "Point", "coordinates": [ 139.655381003179969, 35.502737489842104 ] } },
{ "type": "Feature", "properties": { "内容": "江ケ崎介護ステーション【訪問介護】神奈川県横浜市鶴見区江ケ崎町13-2", "url": "https://www.kaigokensaku.mhlw.go.jp/14/index.php?action_kouhyou_detail_004_kani=true&JigyosyoCd=1470100627-00&ServiceCd=110&Type=search", "url2": "http://egasaki.com/" }, "geometry": { "type": "Point", "coordinates": [ 139.674120200000061, 35.5342113 ] } },
{ "type": "Feature", "properties": { "内容": "フルライフ鶴見【訪問介護】神奈川県横浜市鶴見区鶴見中央4-32-1UNEXビル9階901号室", "url": "https://www.kaigokensaku.mhlw.go.jp/14/index.php?action_kouhyou_detail_004_kani=true&JigyosyoCd=1470100635-00&ServiceCd=110&Type=search", "url2": "https://www.fulllife.co.jp" }, "geometry": { "type": "Point", "coordinates": [ 139.680344958196997, 35.508049768482138 ] } },
{ "type": "Feature", "properties": { "内容": "有限会社　駒岡介護ステーション【訪問介護】神奈川県横浜市鶴見区駒岡４－１６－４８アミューズＢ１０１", "url": "https://www.kaigokensaku.mhlw.go.jp/14/index.php?action_kouhyou_detail_004_kani=true&JigyosyoCd=1470100726-00&ServiceCd=110&Type=search", "url2": null }, "geometry": { "type": "Point", "coordinates": [ 139.656605099999979, 35.5365726 ] } },
{ "type": "Feature", "properties": { "内容": "エリヤ【訪問介護】神奈川県横浜市鶴見区獅子ケ谷１－５６－１２", "url": "https://www.kaigokensaku.mhlw.go.jp/14/index.php?action_kouhyou_detail_004_kani=true&JigyosyoCd=1470101054-00&ServiceCd=110&Type=search", "url2": "http://eriya-kaigo.ciao.jp" }, "geometry": { "type": "Point", "coordinates": [ 139.6542002, 35.5203163 ] } },
{ "type": "Feature", "properties": { "内容": "愛らんどケア【訪問介護】神奈川県横浜市鶴見区潮田町3-146-8", "url": "https://www.kaigokensaku.mhlw.go.jp/14/index.php?action_kouhyou_detail_004_kani=true&JigyosyoCd=1470101138-00&ServiceCd=110&Type=search", "url2": "https://gl-plumeria.com" }, "geometry": { "type": "Point", "coordinates": [ 139.69133395172878, 35.503466992798764 ] } },
{ "type": "Feature", "properties": { "内容": "銀河の詩ヘルパーステーション【訪問介護】神奈川県横浜市鶴見区鶴見中央4-32-1ＵＮＥＸビル801", "url": "https://www.kaigokensaku.mhlw.go.jp/14/index.php?action_kouhyou_detail_004_kani=true&JigyosyoCd=1470101187-00&ServiceCd=110&Type=search", "url2": "https://shuhokai.or.jp/office/tsurumi-ku/hh-ginga.php" }, "geometry": { "type": "Point", "coordinates": [ 139.680409700000041, 35.5080981 ] } },
{ "type": "Feature", "properties": { "内容": "アクセス　ケア【訪問介護】神奈川県横浜市鶴見区上末吉3丁目2番20号", "url": "https://www.kaigokensaku.mhlw.go.jp/14/index.php?action_kouhyou_detail_004_kani=true&JigyosyoCd=1470101211-00&ServiceCd=110&Type=search", "url2": "https://access-care.jimdo.com/" }, "geometry": { "type": "Point", "coordinates": [ 139.6707735, 35.528951 ] } },
{ "type": "Feature", "properties": { "内容": "横浜市福祉サービス協会　ヘルパーステーションつるみ【訪問介護】神奈川県横浜市鶴見区鶴見中央1-28-2ニッコービル１階", "url": "https://www.kaigokensaku.mhlw.go.jp/14/index.php?action_kouhyou_detail_004_kani=true&JigyosyoCd=1470101278-00&ServiceCd=110&Type=search", "url2": "http://www.hama-wel.or.jp/branch/detail/hps_tsurumi/" }, "geometry": { "type": "Point", "coordinates": [ 139.67876780000006, 35.508612 ] } },
{ "type": "Feature", "properties": { "内容": "葵【訪問介護】神奈川県横浜市鶴見区鶴見中央３－２－１横浜鶴見共同ビル３０１", "url": "https://www.kaigokensaku.mhlw.go.jp/14/index.php?action_kouhyou_detail_004_kani=true&JigyosyoCd=1470101609-00&ServiceCd=110&Type=search", "url2": "https://www.socius-mc.com" }, "geometry": { "type": "Point", "coordinates": [ 139.681420300000013, 35.5090369 ] } },
{ "type": "Feature", "properties": { "内容": "ヘルパーステーション　うしおだ【訪問介護】神奈川県横浜市鶴見区下野谷町4-163-1社福ビル", "url": "https://www.kaigokensaku.mhlw.go.jp/14/index.php?action_kouhyou_detail_004_kani=true&JigyosyoCd=1470101666-00&ServiceCd=110&Type=search", "url2": "http://www.shafuku-ushioda.or.jp/" }, "geometry": { "type": "Point", "coordinates": [ 139.6834371, 35.4984689 ] } },
{ "type": "Feature", "properties": { "内容": "ゆう　ハートフルケア【訪問介護】神奈川県横浜市鶴見区梶山1丁目18-3", "url": "https://www.kaigokensaku.mhlw.go.jp/14/index.php?action_kouhyou_detail_004_kani=true&JigyosyoCd=1470102029-00&ServiceCd=110&Type=search", "url2": "https://www.youken.yokohama/" }, "geometry": { "type": "Point", "coordinates": [ 139.663103383790741, 35.528127089973999 ] } },
{ "type": "Feature", "properties": { "内容": "クレイン在宅ケアセンター【訪問介護】神奈川県横浜市鶴見区下末吉２－１１－４サンユービル１Ｆ", "url": "https://www.kaigokensaku.mhlw.go.jp/14/index.php?action_kouhyou_detail_004_kani=true&JigyosyoCd=1470102250-00&ServiceCd=110&Type=search", "url2": "http://www.npo-crane.or.jp/" }, "geometry": { "type": "Point", "coordinates": [ 139.672545943551313, 35.520236460013869 ] } },
{ "type": "Feature", "properties": { "内容": "輝【訪問介護】神奈川県横浜市鶴見区鶴見中央4-16-1萬屋ビル701", "url": "https://www.kaigokensaku.mhlw.go.jp/14/index.php?action_kouhyou_detail_004_kani=true&JigyosyoCd=1470102573-00&ServiceCd=110&Type=search", "url2": null }, "geometry": { "type": "Point", "coordinates": [ 139.67839058882015, 35.507178493896085 ] } },
{ "type": "Feature", "properties": { "内容": "けあビジョン鶴見【訪問介護】神奈川県横浜市鶴見区鶴見中央3-22-22サークビルズ1102号", "url": "https://www.kaigokensaku.mhlw.go.jp/14/index.php?action_kouhyou_detail_004_kani=true&JigyosyoCd=1470102672-00&ServiceCd=110&Type=search", "url2": "http://www.carevision.jp/" }, "geometry": { "type": "Point", "coordinates": [ 139.683992399999966, 35.5079037 ] } },
{ "type": "Feature", "properties": { "内容": "訪問介護輝【訪問介護】神奈川県横浜市鶴見区平安町2-28-1ヨコハマアイランドガーデン162", "url": "https://www.kaigokensaku.mhlw.go.jp/14/index.php?action_kouhyou_detail_004_kani=true&JigyosyoCd=1470102763-00&ServiceCd=110&Type=search", "url2": "http://www.kyoumaru.co.jp" }, "geometry": { "type": "Point", "coordinates": [ 139.693131268508978, 35.507642375465416 ] } },
{ "type": "Feature", "properties": { "内容": "訪問介護　ひまわり畑【訪問介護】神奈川県横浜市鶴見区馬場3-18-22グリーンホームHISUI", "url": "https://www.kaigokensaku.mhlw.go.jp/14/index.php?action_kouhyou_detail_004_kani=true&JigyosyoCd=1470102896-00&ServiceCd=110&Type=search", "url2": null }, "geometry": { "type": "Point", "coordinates": [ 139.652686799999969, 35.5079566 ] } },
{ "type": "Feature", "properties": { "内容": "ヘルパーステーション　なごみ【訪問介護】神奈川県横浜市鶴見区東寺尾2-6-15ウエストハウス102", "url": "https://www.kaigokensaku.mhlw.go.jp/14/index.php?action_kouhyou_detail_004_kani=true&JigyosyoCd=1470102979-00&ServiceCd=110&Type=search", "url2": "https://www.helperstationnagomi.com/" }, "geometry": { "type": "Point", "coordinates": [ 139.654688599999986, 35.501745600000021 ] } },
{ "type": "Feature", "properties": { "内容": "ケアステーション　きらら鶴見訪問介護事業所【訪問介護】神奈川県横浜市鶴見区佃野町26-10吉川ビル1階", "url": "https://www.kaigokensaku.mhlw.go.jp/14/index.php?action_kouhyou_detail_004_kani=true&JigyosyoCd=1470103290-00&ServiceCd=110&Type=search", "url2": "https://www.starts-care.jp/kirara_tsurumi_cs_h/" }, "geometry": { "type": "Point", "coordinates": [ 139.6738292, 35.5151834 ] } },
{ "type": "Feature", "properties": { "内容": "福祉協会つるみ【訪問介護】神奈川県横浜市鶴見区豊岡町7-10パーライトビル8F", "url": "https://www.kaigokensaku.mhlw.go.jp/14/index.php?action_kouhyou_detail_004_kani=true&JigyosyoCd=1470103357-00&ServiceCd=110&Type=search", "url2": "https://home-help.jp/houmonkaigo" }, "geometry": { "type": "Point", "coordinates": [ 139.67447930000003, 35.5079538 ] } },
{ "type": "Feature", "properties": { "内容": "ケアリッツ鶴見【訪問介護】神奈川県横浜市鶴見区鶴見中央4-35-21ニックハイム鶴見中央通り1階", "url": "https://www.kaigokensaku.mhlw.go.jp/14/index.php?action_kouhyou_detail_004_kani=true&JigyosyoCd=1470103399-00&ServiceCd=110&Type=search", "url2": "https://www.careritz.co.jp/station/branch/tsurumi/" }, "geometry": { "type": "Point", "coordinates": [ 139.682130226567466, 35.507111757765912 ] } },
{ "type": "Feature", "properties": { "内容": "ケア21　京急鶴見【訪問介護】神奈川県横浜市鶴見区鶴見中央5-6-9鶴見スカイマンション102号室", "url": "https://www.kaigokensaku.mhlw.go.jp/14/index.php?action_kouhyou_detail_004_kani=true&JigyosyoCd=1470103456-00&ServiceCd=110&Type=search", "url2": null }, "geometry": { "type": "Point", "coordinates": [ 139.676187600000048, 35.5043321 ] } },
{ "type": "Feature", "properties": { "内容": "フリージア訪問介護【訪問介護】神奈川県横浜市鶴見区尻手２－７－１２尻手ビル１０１", "url": "https://www.kaigokensaku.mhlw.go.jp/14/index.php?action_kouhyou_detail_004_kani=true&JigyosyoCd=1470103597-00&ServiceCd=110&Type=search", "url2": "https://www.big-advance.site/s/157/2849" }, "geometry": { "type": "Point", "coordinates": [ 139.684952800000019, 35.5281869 ] } },
{ "type": "Feature", "properties": { "内容": "ももたろう訪問介護事業所【訪問介護】神奈川県横浜市鶴見区寺谷一丁目７番１３号寺谷ビル１Ｆ", "url": "https://www.kaigokensaku.mhlw.go.jp/14/index.php?action_kouhyou_detail_004_kani=true&JigyosyoCd=1470103746-00&ServiceCd=110&Type=search", "url2": "http://momotarou-kaigo.com" }, "geometry": { "type": "Point", "coordinates": [ 139.670401199999986, 35.509673400000025 ] } },
{ "type": "Feature", "properties": { "内容": "横浜市福祉サービス協会　訪問介護看護つるみ【訪問介護】神奈川県横浜市鶴見区鶴見中央１-28-2ニッコービル1階", "url": "https://www.kaigokensaku.mhlw.go.jp/14/index.php?action_kouhyou_detail_004_kani=true&JigyosyoCd=1470103795-00&ServiceCd=110&Type=search", "url2": "http://www.hama-wel.or.jp" }, "geometry": { "type": "Point", "coordinates": [ 139.67881460000001, 35.5084636 ] } },
{ "type": "Feature", "properties": { "内容": "ヘルパーステーション　まどか【訪問介護】神奈川県横浜市鶴見区北寺尾６－２６－５", "url": "https://www.kaigokensaku.mhlw.go.jp/14/index.php?action_kouhyou_detail_004_kani=true&JigyosyoCd=1470103803-00&ServiceCd=110&Type=search", "url2": null }, "geometry": { "type": "Point", "coordinates": [ 139.656687899999952, 35.5146258 ] } },
{ "type": "Feature", "properties": { "内容": "株式会社関ケアサービス【訪問介護】神奈川県横浜市鶴見区市場西中町7-32アリエッタコート102", "url": "https://www.kaigokensaku.mhlw.go.jp/14/index.php?action_kouhyou_detail_004_kani=true&JigyosyoCd=1470103845-00&ServiceCd=110&Type=search", "url2": null }, "geometry": { "type": "Point", "coordinates": [ 139.684405810450755, 35.51806955574601 ] } },
{ "type": "Feature", "properties": { "内容": "ツクイ横浜鶴見【訪問介護】神奈川県横浜市鶴見区鶴見中央3-2-1横浜鶴見共同ビル2F", "url": "https://www.kaigokensaku.mhlw.go.jp/14/index.php?action_kouhyou_detail_004_kani=true&JigyosyoCd=1470103878-00&ServiceCd=110&Type=search", "url2": "https://www.tsukui.net/" }, "geometry": { "type": "Point", "coordinates": [ 139.681351799999987, 35.5090011 ] } },
{ "type": "Feature", "properties": { "内容": "ワーコレたすけあいつるみ【訪問介護】神奈川県横浜市鶴見区馬場2-12-21スカイヒルズ久丘", "url": "https://www.kaigokensaku.mhlw.go.jp/14/index.php?action_kouhyou_detail_004_kani=true&JigyosyoCd=1470103928-00&ServiceCd=110&Type=search", "url2": "https://www.tasukeai-tsurumi.com/" }, "geometry": { "type": "Point", "coordinates": [ 139.6523233, 35.5093724 ] } },
{ "type": "Feature", "properties": { "内容": "みそらケア【訪問介護】神奈川県横浜市鶴見区梶山一丁目16番8号", "url": "https://www.kaigokensaku.mhlw.go.jp/14/index.php?action_kouhyou_detail_004_kani=true&JigyosyoCd=1470103969-00&ServiceCd=110&Type=search", "url2": "https://misoracare.com" }, "geometry": { "type": "Point", "coordinates": [ 139.6638996, 35.5283837 ] } },
{ "type": "Feature", "properties": { "内容": "あんしんケア鶴見【訪問介護】神奈川県横浜市鶴見区鶴見中央1-21-11ニックハイム鶴見渡辺ビル1F", "url": "https://www.kaigokensaku.mhlw.go.jp/14/index.php?action_kouhyou_detail_004_kani=true&JigyosyoCd=1470103993-00&ServiceCd=110&Type=search", "url2": "http://www.an-shin.co.jp/" }, "geometry": { "type": "Point", "coordinates": [ 139.679070007409649, 35.510022729266751 ] } },
{ "type": "Feature", "properties": { "内容": "マナルル【訪問介護】神奈川県横浜市鶴見区潮田町1-77-7", "url": "https://www.kaigokensaku.mhlw.go.jp/14/index.php?action_kouhyou_detail_004_kani=true&JigyosyoCd=1470104025-00&ServiceCd=110&Type=search", "url2": "https://www.manalulu.biz/" }, "geometry": { "type": "Point", "coordinates": [ 139.683579900000012, 35.5040369 ] } },
{ "type": "Feature", "properties": { "内容": "東寺尾やわらぎ【訪問介護】神奈川県横浜市鶴見区東寺尾6－2－1", "url": "https://www.kaigokensaku.mhlw.go.jp/14/index.php?action_kouhyou_detail_004_kani=true&JigyosyoCd=1470104033-00&ServiceCd=110&Type=search", "url2": "http://ｗｗｗ.sunnylife-group.co.jp" }, "geometry": { "type": "Point", "coordinates": [ 139.660993, 35.5035725 ] } },
{ "type": "Feature", "properties": { "内容": "エール福祉協会・鶴見【訪問介護】神奈川県横浜市鶴見区鶴見中央４丁目３６－１７セントラルメゾン２０７号", "url": "https://www.kaigokensaku.mhlw.go.jp/14/index.php?action_kouhyou_detail_004_kani=true&JigyosyoCd=1470104058-00&ServiceCd=110&Type=search", "url2": "http://yale-fukushi.jp/" }, "geometry": { "type": "Point", "coordinates": [ 139.683264, 35.5070032 ] } },
{ "type": "Feature", "properties": { "内容": "ケアステーション　さくら【訪問介護】神奈川県横浜市鶴見区北寺尾2-10-4サンヒルズ寺尾Ⅲ102", "url": "https://www.kaigokensaku.mhlw.go.jp/14/index.php?action_kouhyou_detail_004_kani=true&JigyosyoCd=1470104090-00&ServiceCd=110&Type=search", "url2": "https://tenjiku1019.com/" }, "geometry": { "type": "Point", "coordinates": [ 139.6625728, 35.517150600000022 ] } },
{ "type": "Feature", "properties": { "内容": "訪問介護ステーション　ミザール【訪問介護】神奈川県横浜市鶴見区向井町4-88-21", "url": "https://www.kaigokensaku.mhlw.go.jp/14/index.php?action_kouhyou_detail_004_kani=true&JigyosyoCd=1470100387-00&ServiceCd=110&Type=search", "url2": "https://www.miza-ru.co.jp/" }, "geometry": { "type": "Point", "coordinates": [ 139.691664, 35.5049735 ] } },
{ "type": "Feature", "properties": { "内容": "福寿の里ホームケアサービス【訪問介護】神奈川県横浜市鶴見区尻手２－４－２１", "url": "https://www.kaigokensaku.mhlw.go.jp/14/index.php?action_kouhyou_detail_004_kani=true&JigyosyoCd=1470100775-00&ServiceCd=110&Type=search", "url2": null }, "geometry": { "type": "Point", "coordinates": [ 139.684705600000029, 35.5270537 ] } },
{ "type": "Feature", "properties": { "内容": "ホームケアステーション　風薫【訪問介護】神奈川県横浜市鶴見区上末吉1-1-16", "url": "https://www.kaigokensaku.mhlw.go.jp/14/index.php?action_kouhyou_detail_004_kani=true&JigyosyoCd=1470101518-00&ServiceCd=110&Type=search", "url2": null }, "geometry": { "type": "Point", "coordinates": [ 139.66827072883612, 35.524061627586903 ] } },
{ "type": "Feature", "properties": { "内容": "介護の相談所　ひばり【訪問介護】神奈川県横浜市鶴見区生麦1-7-16ライオンズマンション生麦第3　102　103", "url": "https://www.kaigokensaku.mhlw.go.jp/14/index.php?action_kouhyou_detail_004_kani=true&JigyosyoCd=1470101849-00&ServiceCd=110&Type=search", "url2": "http://kaigo-hibari.com/" }, "geometry": { "type": "Point", "coordinates": [ 139.664908200000013, 35.4934332 ] } },
{ "type": "Feature", "properties": { "内容": "学研ココファン岸谷公園ヘルパーセンター【訪問介護】神奈川県横浜市鶴見区岸谷3-5-17ココファン岸谷公園", "url": "https://www.kaigokensaku.mhlw.go.jp/14/index.php?action_kouhyou_detail_004_kani=true&JigyosyoCd=1470102482-00&ServiceCd=110&Type=search", "url2": "https://www.cocofump.co.jp/facilities/detail/kishiyakouen/" }, "geometry": { "type": "Point", "coordinates": [ 139.665383099999985, 35.499802 ] } },
{ "type": "Feature", "properties": { "内容": "学研ココファン横浜鶴見ヘルパーセンター【訪問介護】神奈川県横浜市鶴見区鶴見中央3-19-11", "url": "https://www.kaigokensaku.mhlw.go.jp/14/index.php?action_kouhyou_detail_004_kani=true&JigyosyoCd=1470103084-00&ServiceCd=110&Type=search", "url2": "https://www.cocofump.co.jp/facilities/detail/yokohama-tsurumi/" }, "geometry": { "type": "Point", "coordinates": [ 139.683058592590328, 35.509666771946634 ] } },
{ "type": "Feature", "properties": { "内容": "株式会社　あいあい介護【訪問介護】神奈川県横浜市鶴見区獅子ヶ谷1-50-4", "url": "https://www.kaigokensaku.mhlw.go.jp/14/index.php?action_kouhyou_detail_004_kani=true&JigyosyoCd=1470103159-00&ServiceCd=110&Type=search", "url2": null }, "geometry": { "type": "Point", "coordinates": [ 139.655880701852425, 35.519939707453851 ] } },
{ "type": "Feature", "properties": { "内容": "訪問介護事業所　庵【訪問介護】神奈川県横浜市鶴見区下末吉3-10-21エスポワール鶴見101", "url": "https://www.kaigokensaku.mhlw.go.jp/14/index.php?action_kouhyou_detail_004_kani=true&JigyosyoCd=1470103175-00&ServiceCd=110&Type=search", "url2": null }, "geometry": { "type": "Point", "coordinates": [ 139.673382209385608, 35.523640623412071 ] } },
{ "type": "Feature", "properties": { "内容": "NPO法人きづき【訪問介護】神奈川県横浜市鶴見区鶴見中央1-2-4GSプラザ鶴見駅前406号室", "url": "https://www.kaigokensaku.mhlw.go.jp/14/index.php?action_kouhyou_detail_004_kani=true&JigyosyoCd=1470103654-00&ServiceCd=110&Type=search", "url2": null }, "geometry": { "type": "Point", "coordinates": [ 139.6771235, 35.5085176 ] } },
{ "type": "Feature", "properties": { "内容": "四季訪問介護【訪問介護】神奈川県横浜市鶴見区市場東中町８番２５号", "url": "https://www.kaigokensaku.mhlw.go.jp/14/index.php?action_kouhyou_detail_004_kani=true&JigyosyoCd=1470104124-00&ServiceCd=110&Type=search", "url2": null }, "geometry": { "type": "Point", "coordinates": [ 139.6853745, 35.5191217 ] } },
{ "type": "Feature", "properties": { "内容": "ヘルパーステーションアイビー【訪問介護】神奈川県横浜市鶴見区向井町1-32グリーンハーモニーK202", "url": "https://www.kaigokensaku.mhlw.go.jp/14/index.php?action_kouhyou_detail_004_kani=true&JigyosyoCd=1470104199-00&ServiceCd=110&Type=search", "url2": null }, "geometry": { "type": "Point", "coordinates": [ 139.68689, 35.5057957 ] } },
{ "type": "Feature", "properties": { "内容": "野いちごケアセンター　訪問介護【訪問介護】神奈川県横浜市鶴見区佃野町23-41タカハシビル1Ｆ", "url": "https://www.kaigokensaku.mhlw.go.jp/14/index.php?action_kouhyou_detail_004_kani=true&JigyosyoCd=1470104256-00&ServiceCd=110&Type=search", "url2": "http://noichigo.co.jp/" }, "geometry": { "type": "Point", "coordinates": [ 139.673328980373981, 35.514335030695889 ] } },
{ "type": "Feature", "properties": { "内容": "ホームケアｋａｎａｋａ【訪問介護】神奈川県横浜市鶴見区栄町通４丁目４９－９ソミエール104号室", "url": "https://www.kaigokensaku.mhlw.go.jp/14/index.php?action_kouhyou_detail_004_kani=true&JigyosyoCd=1470104132-00&ServiceCd=110&Type=search", "url2": null }, "geometry": { "type": "Point", "coordinates": [ 139.688445300000012, 35.5134229 ] } },
{ "type": "Feature", "properties": { "内容": "ニチイケアセンター鶴見中央【訪問介護】神奈川県横浜市鶴見区鶴見中央4-16-3トミヤビル7F", "url": "https://www.kaigokensaku.mhlw.go.jp/14/index.php?action_kouhyou_detail_004_kani=true&JigyosyoCd=1470101872-00&ServiceCd=110&Type=search", "url2": "https://www.nichii-kaigo.jp/base/base-result/05M94/" }, "geometry": { "type": "Point", "coordinates": [ 139.678351199999952, 35.5067234 ] } },
{ "type": "Feature", "properties": { "内容": "訪問介護　わが家【訪問介護】神奈川県横浜市鶴見区東寺尾中台１０－１３", "url": "https://www.kaigokensaku.mhlw.go.jp/14/index.php?action_kouhyou_detail_004_kani=true&JigyosyoCd=1470103696-00&ServiceCd=110&Type=search", "url2": null }, "geometry": { "type": "Point", "coordinates": [ 139.663946900000042, 35.5090592 ] } },
{ "type": "Feature", "properties": { "内容": "訪問介護あかつき【訪問介護】神奈川県横浜市鶴見区北寺尾1-19-20ヒルトップ寺尾203", "url": "https://www.kaigokensaku.mhlw.go.jp/14/index.php?action_kouhyou_detail_004_kani=true&JigyosyoCd=1470104157-00&ServiceCd=110&Type=search", "url2": "https://akatuki-0602-777.com/" }, "geometry": { "type": "Point", "coordinates": [ 139.6627675, 35.5169826 ] } },
{ "type": "Feature", "properties": { "内容": "訪問介護　木葉【訪問介護】神奈川県横浜市鶴見区馬場3-19-4", "url": "https://www.kaigokensaku.mhlw.go.jp/14/index.php?action_kouhyou_detail_004_kani=true&JigyosyoCd=1470104173-00&ServiceCd=110&Type=search", "url2": null }, "geometry": { "type": "Point", "coordinates": [ 139.5700153, 35.782419200000035 ] } },
{ "type": "Feature", "properties": { "内容": "富士ライフケアネット株式会社　鶴見あんしん館【訪問介護】神奈川県横浜市鶴見区豊岡町２６－２０ニッセイ鶴見ビル５F", "url": "https://www.kaigokensaku.mhlw.go.jp/14/index.php?action_kouhyou_detail_004_kani=true&JigyosyoCd=1470100908-00&ServiceCd=110&Type=search", "url2": "https://www.fujielectric.co.jp/flcn/" }, "geometry": { "type": "Point", "coordinates": [ 139.675882076860034, 35.512392252470619 ] } },
{ "type": "Feature", "properties": { "内容": "ケアステーションよつ葉訪問介護【訪問介護】神奈川県横浜市鶴見区矢向4-31-9コレチカビル　１F", "url": "https://www.kaigokensaku.mhlw.go.jp/14/index.php?action_kouhyou_detail_004_kani=true&JigyosyoCd=1470104306-00&ServiceCd=110&Type=search", "url2": "https://yotsuba.kenshi-kai.jp/" }, "geometry": { "type": "Point", "coordinates": [ 139.6826127, 35.5357446 ] } },
{ "type": "Feature", "properties": { "内容": "ふれあい鶴見訪問介護事業所【訪問介護】神奈川県横浜市鶴見区東寺尾4-4-22ふれあい鶴見ホスピタル", "url": "https://www.kaigokensaku.mhlw.go.jp/14/index.php?action_kouhyou_detail_004_kani=true&JigyosyoCd=1470103241-00&ServiceCd=110&Type=search", "url2": "https://www.fureai-g.or.jp/tsu/department/homecare/visiting-care.html" }, "geometry": { "type": "Point", "coordinates": [ 139.658689200000026, 35.496219 ] } },
{ "type": "Feature", "properties": { "内容": "若武者ケア聖火　鶴見事業所【訪問介護】鶴見区佃野町２９－３４長田ビル２階", "url": "https://www.kaigokensaku.mhlw.go.jp/14/index.php?action_kouhyou_detail_004_kani=true&JigyosyoCd=1470104322-00&ServiceCd=110&Type=search", "url2": "https://www.wakamusha-care.jp/" }, "geometry": { "type": "Point", "coordinates": [ 139.671667399999961, 35.515497 ] } },
{ "type": "Feature", "properties": { "内容": "びう横浜福祉サービス【訪問介護】神奈川県横浜市神奈川区鶴屋町3-30-1農機会館ビル4階", "url": "https://www.kaigokensaku.mhlw.go.jp/14/index.php?action_kouhyou_detail_004_kani=true&JigyosyoCd=1470200401-00&ServiceCd=110&Type=search", "url2": null }, "geometry": { "type": "Point", "coordinates": [ 139.658505600000012, 35.5131477 ] } },
{ "type": "Feature", "properties": { "内容": "特定非営利活動法人ピーグリーン【訪問介護】神奈川県横浜市神奈川区西大口３－４グリーンショウトク３０３", "url": "https://www.kaigokensaku.mhlw.go.jp/14/index.php?action_kouhyou_detail_004_kani=true&JigyosyoCd=1470203504-00&ServiceCd=110&Type=search", "url2": null }, "geometry": { "type": "Point", "coordinates": [ 139.6417844, 35.4898522 ] } },
{ "type": "Feature", "properties": { "内容": "有限会社　神奈川ケア・サービス【訪問介護】神奈川県横浜市神奈川区西神奈川3-17-22", "url": "https://www.kaigokensaku.mhlw.go.jp/14/index.php?action_kouhyou_detail_004_kani=true&JigyosyoCd=1470200146-00&ServiceCd=110&Type=search", "url2": "http://www.kanagawa-care.com" }, "geometry": { "type": "Point", "coordinates": [ 139.627755900000011, 35.4854195 ] } },
{ "type": "Feature", "properties": { "内容": "ニチイケアセンター反町【訪問介護】神奈川県横浜市神奈川区桐畑18-4", "url": "https://www.kaigokensaku.mhlw.go.jp/14/index.php?action_kouhyou_detail_004_kani=true&JigyosyoCd=1470200187-00&ServiceCd=110&Type=search", "url2": "http://www.nichii-kaigo.jp/" }, "geometry": { "type": "Point", "coordinates": [ 139.6263616, 35.4729654 ] } },
{ "type": "Feature", "properties": { "内容": "セーフティーライフ【訪問介護】神奈川県横浜市神奈川区入江２－７－２７", "url": "https://www.kaigokensaku.mhlw.go.jp/14/index.php?action_kouhyou_detail_004_kani=true&JigyosyoCd=1470200229-00&ServiceCd=110&Type=search", "url2": null }, "geometry": { "type": "Point", "coordinates": [ 139.650990591154454, 35.490435173851992 ] } },
{ "type": "Feature", "properties": { "内容": "有限会社ライフ・フレンド　ホームヘルプサービス【訪問介護】神奈川県横浜市神奈川区三ツ沢下町７－１２コスモAoi三ツ沢１階", "url": "https://www.kaigokensaku.mhlw.go.jp/14/index.php?action_kouhyou_detail_004_kani=true&JigyosyoCd=1470200237-00&ServiceCd=110&Type=search", "url2": "http://life-friend.biz-agora.com" }, "geometry": { "type": "Point", "coordinates": [ 139.612529799999947, 35.4759067 ] } },
{ "type": "Feature", "properties": { "内容": "横浜市福祉サービス協会　神奈川介護事務所【訪問介護】神奈川県横浜市神奈川区反町1-7-1US－１ビル７階", "url": "https://www.kaigokensaku.mhlw.go.jp/14/index.php?action_kouhyou_detail_004_kani=true&JigyosyoCd=1470200310-00&ServiceCd=110&Type=search", "url2": "http://www.hama-wel.or.jp" }, "geometry": { "type": "Point", "coordinates": [ 139.6284336, 35.4743002 ] } },
{ "type": "Feature", "properties": { "内容": "ケアサービスとまと【訪問介護】神奈川県横浜市神奈川区西神奈川３－１１－１サライパーク203", "url": "https://www.kaigokensaku.mhlw.go.jp/14/index.php?action_kouhyou_detail_004_kani=true&JigyosyoCd=1470200534-00&ServiceCd=110&Type=search", "url2": "https://www.cstomato.com" }, "geometry": { "type": "Point", "coordinates": [ 139.627750816532881, 35.486721929544501 ] } },
{ "type": "Feature", "properties": { "内容": "福祉クラブ生協　家事介護Ｗ．Ｃｏ　絆【訪問介護】神奈川県横浜市神奈川区菅田町1781-1「リアンかながわ」内", "url": "https://www.kaigokensaku.mhlw.go.jp/14/index.php?action_kouhyou_detail_004_kani=true&JigyosyoCd=1470200542-00&ServiceCd=110&Type=search", "url2": "http://www.fukushi-club.net/" }, "geometry": { "type": "Point", "coordinates": [ 139.589541039988262, 35.500889249233182 ] } },
{ "type": "Feature", "properties": { "内容": "有限会社　ひまわり介護【訪問介護】神奈川県横浜市神奈川区上反町1-11-7", "url": "https://www.kaigokensaku.mhlw.go.jp/14/index.php?action_kouhyou_detail_004_kani=true&JigyosyoCd=1470200732-00&ServiceCd=110&Type=search", "url2": "http://himawari-kaigo.co.jp/" }, "geometry": { "type": "Point", "coordinates": [ 139.625183518277026, 35.473017039700579 ] } },
{ "type": "Feature", "properties": { "内容": "ニチイケアセンター大口【訪問介護】神奈川県横浜市神奈川区大口通135-5", "url": "https://www.kaigokensaku.mhlw.go.jp/14/index.php?action_kouhyou_detail_004_kani=true&JigyosyoCd=1470201052-00&ServiceCd=110&Type=search", "url2": "http://www.nichiigakkan.co.jp" }, "geometry": { "type": "Point", "coordinates": [ 139.645879299999933, 35.491172 ] } },
{ "type": "Feature", "properties": { "内容": "訪問介護　わかたけ【訪問介護】神奈川県横浜市神奈川区平川町2-4ヤマザキビル", "url": "https://www.kaigokensaku.mhlw.go.jp/14/index.php?action_kouhyou_detail_004_kani=true&JigyosyoCd=1470201201-00&ServiceCd=110&Type=search", "url2": "https://wakatake.net/category/facility/houmonhigasi/" }, "geometry": { "type": "Point", "coordinates": [ 139.628755800000022, 35.4794425 ] } },
{ "type": "Feature", "properties": { "内容": "ライフ・ケア横浜【訪問介護】神奈川県横浜市神奈川区入江2-14-9新井マンション入江203", "url": "https://www.kaigokensaku.mhlw.go.jp/14/index.php?action_kouhyou_detail_004_kani=true&JigyosyoCd=1470201565-00&ServiceCd=110&Type=search", "url2": "http://laefucommunityservice.web.fc2.com/" }, "geometry": { "type": "Point", "coordinates": [ 139.648884081242386, 35.49197054016259 ] } },
{ "type": "Feature", "properties": { "内容": "椚の大樹ヘルパーステーション【訪問介護】神奈川県横浜市神奈川区西神奈川1-9-2グレース竹和壱番館2階", "url": "https://www.kaigokensaku.mhlw.go.jp/14/index.php?action_kouhyou_detail_004_kani=true&JigyosyoCd=1470201722-00&ServiceCd=110&Type=search", "url2": "http://shuhokai.or.jp/office/kanagawa-ku/hh-kunugi-php" }, "geometry": { "type": "Point", "coordinates": [ 139.630869500000017, 35.4790148 ] } },
{ "type": "Feature", "properties": { "内容": "心笑【訪問介護】神奈川県横浜市神奈川区西神奈川１－１－８", "url": "https://www.kaigokensaku.mhlw.go.jp/14/index.php?action_kouhyou_detail_004_kani=true&JigyosyoCd=1470201995-00&ServiceCd=110&Type=search", "url2": "https://wwwcocoe.org" }, "geometry": { "type": "Point", "coordinates": [ 139.632324596958966, 35.477865498726786 ] } },
{ "type": "Feature", "properties": { "内容": "ＮＰＯつばさ・さぽーと【訪問介護】神奈川県横浜市神奈川区羽沢町904-4有田ビル1F", "url": "https://www.kaigokensaku.mhlw.go.jp/14/index.php?action_kouhyou_detail_004_kani=true&JigyosyoCd=1470202738-00&ServiceCd=110&Type=search", "url2": "http://www.tsubasa-care.jp" }, "geometry": { "type": "Point", "coordinates": [ 139.589978185983256, 35.486282146167362 ] } },
{ "type": "Feature", "properties": { "内容": "サン・スマイル　ライフケア【訪問介護】神奈川県横浜市神奈川区三枚町88", "url": "https://www.kaigokensaku.mhlw.go.jp/14/index.php?action_kouhyou_detail_004_kani=true&JigyosyoCd=1470202803-00&ServiceCd=110&Type=search", "url2": "https://sunsmilelifecare.com/" }, "geometry": { "type": "Point", "coordinates": [ 139.60606472463445, 35.495192891899848 ] } },
{ "type": "Feature", "properties": { "内容": "和み邸訪問介護事業所【訪問介護】神奈川県横浜市神奈川区菅田町452-1和み邸・横浜", "url": "https://www.kaigokensaku.mhlw.go.jp/14/index.php?action_kouhyou_detail_004_kani=true&JigyosyoCd=1470202837-00&ServiceCd=110&Type=search", "url2": null }, "geometry": { "type": "Point", "coordinates": [ 139.580980400000044, 35.4992176 ] } },
{ "type": "Feature", "properties": { "内容": "SOMPOケア　西寺尾　訪問介護【訪問介護】神奈川県横浜市神奈川区西寺尾4丁目13-10そんぽの家S横浜西寺尾", "url": "https://www.kaigokensaku.mhlw.go.jp/14/index.php?action_kouhyou_detail_004_kani=true&JigyosyoCd=1470202878-00&ServiceCd=110&Type=search", "url2": "https://www.sompocare.com" }, "geometry": { "type": "Point", "coordinates": [ 139.654439599999932, 35.4980299 ] } },
{ "type": "Feature", "properties": { "内容": "学研ココファン妙蓮寺ヘルパーセンター【訪問介護】神奈川県横浜市神奈川区松見町4-944-12ココファン妙蓮寺", "url": "https://www.kaigokensaku.mhlw.go.jp/14/index.php?action_kouhyou_detail_004_kani=true&JigyosyoCd=1470203066-00&ServiceCd=110&Type=search", "url2": "https://www.cocofump.co.jp/" }, "geometry": { "type": "Point", "coordinates": [ 139.637827, 35.5028416 ] } },
{ "type": "Feature", "properties": { "内容": "ケアリッツ東神奈川【訪問介護】神奈川県横浜市神奈川区二ツ谷町11-16クレ第３ビル１階", "url": "https://www.kaigokensaku.mhlw.go.jp/14/index.php?action_kouhyou_detail_004_kani=true&JigyosyoCd=1470203090-00&ServiceCd=110&Type=search", "url2": "https://www.careritz.co.jp/station/branch/higashikanagawa/" }, "geometry": { "type": "Point", "coordinates": [ 139.629768535582002, 35.479272519946875 ] } },
{ "type": "Feature", "properties": { "内容": "ツクイ横浜反町【訪問介護】神奈川県横浜市神奈川区松本町4-29-2房ビル1階", "url": "https://www.kaigokensaku.mhlw.go.jp/14/index.php?action_kouhyou_detail_004_kani=true&JigyosyoCd=1470203116-00&ServiceCd=110&Type=search", "url2": "https://www.tsukui.net/search/" }, "geometry": { "type": "Point", "coordinates": [ 139.620485800000012, 35.4769253 ] } },
{ "type": "Feature", "properties": { "内容": "学研ココファン横浜神大寺ヘルパーセンター【訪問介護】神奈川県横浜市神奈川区神大寺1-13-46", "url": "https://www.kaigokensaku.mhlw.go.jp/14/index.php?action_kouhyou_detail_004_kani=true&JigyosyoCd=1470203124-00&ServiceCd=110&Type=search", "url2": "https://www.cocofump.co.jp" }, "geometry": { "type": "Point", "coordinates": [ 139.610773, 35.4822176 ] } },
{ "type": "Feature", "properties": { "内容": "ベストライフ横浜大口訪問介護事業所【訪問介護】神奈川県横浜市神奈川区大口仲町25-1", "url": "https://www.kaigokensaku.mhlw.go.jp/14/index.php?action_kouhyou_detail_004_kani=true&JigyosyoCd=1470203132-00&ServiceCd=110&Type=search", "url2": null }, "geometry": { "type": "Point", "coordinates": [ 139.6441906, 35.4888324 ] } },
{ "type": "Feature", "properties": { "内容": "訪問介護ファミリー・ホスピス大口【訪問介護】神奈川県横浜市神奈川区松見町１丁目１８番３号", "url": "https://www.kaigokensaku.mhlw.go.jp/14/index.php?action_kouhyou_detail_004_kani=true&JigyosyoCd=1470203165-00&ServiceCd=110&Type=search", "url2": "https://family-hospice.co.jp/" }, "geometry": { "type": "Point", "coordinates": [ 139.643216, 35.495372 ] } },
{ "type": "Feature", "properties": { "内容": "らいむ訪問介護【訪問介護】神奈川県横浜市神奈川区青木町1-10ステラレジデンス横浜206号", "url": "https://www.kaigokensaku.mhlw.go.jp/14/index.php?action_kouhyou_detail_004_kani=true&JigyosyoCd=1470203207-00&ServiceCd=110&Type=search", "url2": "https://www.raimu-kaigo.com" }, "geometry": { "type": "Point", "coordinates": [ 139.6279958, 35.4703506 ] } },
{ "type": "Feature", "properties": { "内容": "はなごころ新横浜ヘルパーステーション【訪問介護】神奈川県横浜市神奈川区菅田町2878-1", "url": "https://www.kaigokensaku.mhlw.go.jp/14/index.php?action_kouhyou_detail_004_kani=true&JigyosyoCd=1470203215-00&ServiceCd=110&Type=search", "url2": "https://nissho-group.or.jp/hanagokoroshinyokohama.html" }, "geometry": { "type": "Point", "coordinates": [ 139.602892787498348, 35.496062433386179 ] } },
{ "type": "Feature", "properties": { "内容": "万陽ケアセンター【訪問介護】神奈川県横浜市神奈川区神奈川２－１７－１ルピナス東神奈川７０２号室", "url": "https://www.kaigokensaku.mhlw.go.jp/14/index.php?action_kouhyou_detail_004_kani=true&JigyosyoCd=1470203223-00&ServiceCd=110&Type=search", "url2": null }, "geometry": { "type": "Point", "coordinates": [ 139.633868, 35.474563 ] } },
{ "type": "Feature", "properties": { "内容": "ミモザヘルパーステーション横浜菅田【訪問介護】神奈川県横浜市神奈川区菅田町673-1", "url": "https://www.kaigokensaku.mhlw.go.jp/14/index.php?action_kouhyou_detail_004_kani=true&JigyosyoCd=1470203280-00&ServiceCd=110&Type=search", "url2": "https://www.mimoza-care.jp/base/helper-yokohama-sugeta_hk.html" }, "geometry": { "type": "Point", "coordinates": [ 139.577841299999989, 35.4950897 ] } },
{ "type": "Feature", "properties": { "内容": "こころ訪問介護サービス【訪問介護】神奈川県横浜市神奈川区三ツ沢南町20-30第2コーポ司102号", "url": "https://www.kaigokensaku.mhlw.go.jp/14/index.php?action_kouhyou_detail_004_kani=true&JigyosyoCd=1470203306-00&ServiceCd=110&Type=search", "url2": null }, "geometry": { "type": "Point", "coordinates": [ 139.6073486, 35.4747697 ] } },
{ "type": "Feature", "properties": { "内容": "ケアリッツ片倉町【訪問介護】神奈川県横浜市神奈川区三枚町103-3マリンビル佐々木2階", "url": "https://www.kaigokensaku.mhlw.go.jp/14/index.php?action_kouhyou_detail_004_kani=true&JigyosyoCd=1470203322-00&ServiceCd=110&Type=search", "url2": "https://www.careritz.co.jp/station/branch/katakuracho/" }, "geometry": { "type": "Point", "coordinates": [ 139.607247669328842, 35.495829608129355 ] } },
{ "type": "Feature", "properties": { "内容": "A-Smile横浜【訪問介護】神奈川県横浜市神奈川区台町8-14ベイシティ滝川301", "url": "https://www.kaigokensaku.mhlw.go.jp/14/index.php?action_kouhyou_detail_004_kani=true&JigyosyoCd=1470402262-00&ServiceCd=110&Type=search", "url2": "https://akarie.co.jp" }, "geometry": { "type": "Point", "coordinates": [ 139.624674800000037, 35.4702526 ] } },
{ "type": "Feature", "properties": { "内容": "有限会社　フォーリストケアーサービス【訪問介護】神奈川県横浜市神奈川区片倉2丁目5－17ファミール大丸Ⅱ102号", "url": "https://www.kaigokensaku.mhlw.go.jp/14/index.php?action_kouhyou_detail_004_kani=true&JigyosyoCd=1470800457-00&ServiceCd=110&Type=search", "url2": null }, "geometry": { "type": "Point", "coordinates": [ 139.630077351520498, 35.34297697906338 ] } },
{ "type": "Feature", "properties": { "内容": "ライフコンシェルジュ訪問介護【訪問介護】神奈川県横浜市神奈川区鶴屋町２丁目２７－７ピュアハイツ台町２０２", "url": "https://www.kaigokensaku.mhlw.go.jp/14/index.php?action_kouhyou_detail_004_kani=true&JigyosyoCd=1470203538-00&ServiceCd=110&Type=search", "url2": "https://www.lifeconcierge.co.jp/" }, "geometry": { "type": "Point", "coordinates": [ 139.620434499999988, 35.4697015 ] } },
{ "type": "Feature", "properties": { "内容": "ヘルパーステーション　オアシス【訪問介護】神奈川県横浜市神奈川区菅田町１６０２－１", "url": "https://www.kaigokensaku.mhlw.go.jp/14/index.php?action_kouhyou_detail_004_kani=true&JigyosyoCd=1470201672-00&ServiceCd=110&Type=search", "url2": "https://kaigobiz.jp/oasis.html" }, "geometry": { "type": "Point", "coordinates": [ 139.5740836, 35.4940597 ] } },
{ "type": "Feature", "properties": { "内容": "かりゆし介護横浜【訪問介護】神奈川県横浜市神奈川区羽沢町１６９６-９", "url": "https://www.kaigokensaku.mhlw.go.jp/14/index.php?action_kouhyou_detail_004_kani=true&JigyosyoCd=1470202134-00&ServiceCd=110&Type=search", "url2": "http://kariyusi.yokohama/" }, "geometry": { "type": "Point", "coordinates": [ 139.592510540475473, 35.493057205526483 ] } },
{ "type": "Feature", "properties": { "内容": "サンウェルズ神大寺ヘルパーステーション【訪問介護】神奈川県横浜市神奈川区神大寺2丁目39番25号", "url": "https://www.kaigokensaku.mhlw.go.jp/14/index.php?action_kouhyou_detail_004_kani=true&JigyosyoCd=1470203421-00&ServiceCd=110&Type=search", "url2": "https://sunwels.jp/pdh/facility/pdhouse-kandaiji/" }, "geometry": { "type": "Point", "coordinates": [ 139.6143725, 35.4856407 ] } },
{ "type": "Feature", "properties": { "内容": "株式会社れん根ケアサービス【訪問介護】神奈川県横浜市神奈川区羽沢南2-13-7シャルム・ド・羽沢八番館102号室", "url": "https://www.kaigokensaku.mhlw.go.jp/14/index.php?action_kouhyou_detail_004_kani=true&JigyosyoCd=1470203439-00&ServiceCd=110&Type=search", "url2": null }, "geometry": { "type": "Point", "coordinates": [ 139.5801093, 35.4747022 ] } },
{ "type": "Feature", "properties": { "内容": "若武者ケア　神奈川事業所【訪問介護】神奈川県横浜市神奈川区片倉5-17-10", "url": "https://www.kaigokensaku.mhlw.go.jp/14/index.php?action_kouhyou_detail_004_kani=true&JigyosyoCd=1470203025-00&ServiceCd=110&Type=search", "url2": "http://www.wakamusha-care.jp/" }, "geometry": { "type": "Point", "coordinates": [ 139.61217750000003, 35.4915259 ] } },
{ "type": "Feature", "properties": { "内容": "エニィタイム【訪問介護】神奈川県横浜市神奈川区六角橋１－１８－１８松本ビル２Ｆ", "url": "https://www.kaigokensaku.mhlw.go.jp/14/index.php?action_kouhyou_detail_004_kani=true&JigyosyoCd=1470200526-00&ServiceCd=110&Type=search", "url2": "https://anytime-at-all.co.jp" }, "geometry": { "type": "Point", "coordinates": [ 139.6252922, 35.4887108 ] } },
{ "type": "Feature", "properties": { "内容": "エム・アップ　ケアサービス【訪問介護】神奈川県横浜市神奈川区西神奈川3-17-7", "url": "https://www.kaigokensaku.mhlw.go.jp/14/index.php?action_kouhyou_detail_004_kani=true&JigyosyoCd=1470200765-00&ServiceCd=110&Type=search", "url2": "http://www.m-app.co.jp/" }, "geometry": { "type": "Point", "coordinates": [ 139.627328199999965, 35.4854334 ] } },
{ "type": "Feature", "properties": { "内容": "さくらの季ホームヘルプ・サービス【訪問介護】神奈川県横浜市神奈川区大口通40-5-104", "url": "https://www.kaigokensaku.mhlw.go.jp/14/index.php?action_kouhyou_detail_004_kani=true&JigyosyoCd=1470202167-00&ServiceCd=110&Type=search", "url2": "https://www.sakuranoki.org" }, "geometry": { "type": "Point", "coordinates": [ 139.646636574712119, 35.489228342480835 ] } },
{ "type": "Feature", "properties": { "内容": "コアラ東神奈川【訪問介護】神奈川県横浜市神奈川区東神奈川2-43-1楠原輸送株式会社内3Fヨコニサービス株式会社内", "url": "https://www.kaigokensaku.mhlw.go.jp/14/index.php?action_kouhyou_detail_004_kani=true&JigyosyoCd=1470203017-00&ServiceCd=110&Type=search", "url2": null }, "geometry": { "type": "Point", "coordinates": [ 139.637646467580026, 35.478648503190442 ] } },
{ "type": "Feature", "properties": { "内容": "横浜市福祉サービス協会訪問介護看護かながわ【訪問介護】神奈川県横浜市神奈川区反町1-7-1US-1ビル7階", "url": "https://www.kaigokensaku.mhlw.go.jp/14/index.php?action_kouhyou_detail_004_kani=true&JigyosyoCd=1470203389-00&ServiceCd=110&Type=search", "url2": "https://www.hama-wel.or.jp/branch/visitkaigokanagawa/" }, "geometry": { "type": "Point", "coordinates": [ 139.6282074, 35.474406 ] } },
{ "type": "Feature", "properties": { "内容": "ステップ介護【訪問介護】神奈川県横浜市神奈川区西神奈川3-9-1末広園ビル401", "url": "https://www.kaigokensaku.mhlw.go.jp/14/index.php?action_kouhyou_detail_004_kani=true&JigyosyoCd=1470203405-00&ServiceCd=110&Type=search", "url2": "https://step-kaigo.net" }, "geometry": { "type": "Point", "coordinates": [ 139.6263519, 35.4864705 ] } },
{ "type": "Feature", "properties": { "内容": "ぬくまる介護【訪問介護】神奈川県横浜市神奈川区西神奈川3丁目9番地1末廣園ビル501号室", "url": "https://www.kaigokensaku.mhlw.go.jp/14/index.php?action_kouhyou_detail_004_kani=true&JigyosyoCd=1470203447-00&ServiceCd=110&Type=search", "url2": null }, "geometry": { "type": "Point", "coordinates": [ 139.6262623, 35.486587 ] } },
{ "type": "Feature", "properties": { "内容": "あしすと合同会社【訪問介護】神奈川県横浜市神奈川区六角橋6-30-29-403", "url": "https://www.kaigokensaku.mhlw.go.jp/14/index.php?action_kouhyou_detail_004_kani=true&JigyosyoCd=1470203454-00&ServiceCd=110&Type=search", "url2": null }, "geometry": { "type": "Point", "coordinates": [ 139.61975910000001, 35.4938445 ] } },
{ "type": "Feature", "properties": { "内容": "フルライフ神奈川【訪問介護】神奈川県横浜市神奈川区反町4-37-1ライオンズマンション反町公園101号室", "url": "https://www.kaigokensaku.mhlw.go.jp/14/index.php?action_kouhyou_detail_004_kani=true&JigyosyoCd=1470301191-00&ServiceCd=110&Type=search", "url2": "https://www.fulllife.co.jp" }, "geometry": { "type": "Point", "coordinates": [ 139.62767058564387, 35.476627555725877 ] } },
{ "type": "Feature", "properties": { "内容": "あった介護　神奈川【訪問介護】神奈川県横浜市神奈川区神大寺4-18-4パークヒル神大寺407", "url": "https://www.kaigokensaku.mhlw.go.jp/14/index.php?action_kouhyou_detail_004_kani=true&JigyosyoCd=1470203561-00&ServiceCd=110&Type=search", "url2": "www.atlaina.jp/office/" }, "geometry": { "type": "Point", "coordinates": [ 139.611815299999989, 35.4877228 ] } },
{ "type": "Feature", "properties": { "内容": "介護事業所みっれ横浜【訪問介護】神奈川県横浜市西区北幸2-5-17横浜NSビル405", "url": "https://www.kaigokensaku.mhlw.go.jp/14/index.php?action_kouhyou_detail_004_kani=true&JigyosyoCd=1470301670-00&ServiceCd=110&Type=search", "url2": "https://www.mille-care.co.jp/" }, "geometry": { "type": "Point", "coordinates": [ 139.617328300000054, 35.46749 ] } },
{ "type": "Feature", "properties": { "内容": "ユースタイルケア横浜重度訪問介護【訪問介護】神奈川県横浜市西区北幸2-10-33マニュライフプレイス横浜7A", "url": "https://www.kaigokensaku.mhlw.go.jp/14/index.php?action_kouhyou_detail_004_kani=true&JigyosyoCd=1470202795-00&ServiceCd=110&Type=search", "url2": "https://care.eustylelab.co.jp/" }, "geometry": { "type": "Point", "coordinates": [ 139.615019, 35.465736400000011 ] } },
{ "type": "Feature", "properties": { "内容": "アースサポート横浜【訪問介護】神奈川県横浜市西区岡野2丁目2番20号202", "url": "https://www.kaigokensaku.mhlw.go.jp/14/index.php?action_kouhyou_detail_004_kani=true&JigyosyoCd=1470300029-00&ServiceCd=110&Type=search", "url2": "https://www.earthsupport.co.jp/offices/yokohama" }, "geometry": { "type": "Point", "coordinates": [ 139.613355, 35.459842 ] } },
{ "type": "Feature", "properties": { "内容": "ＮＰＯワーカーズ　たすけあいぐっぴい【訪問介護】神奈川県横浜市西区戸部本町50－21プエルト横浜705", "url": "https://www.kaigokensaku.mhlw.go.jp/14/index.php?action_kouhyou_detail_004_kani=true&JigyosyoCd=1470300417-00&ServiceCd=110&Type=search", "url2": "http://www.guppii.jp/" }, "geometry": { "type": "Point", "coordinates": [ 139.618656694117675, 35.457282128789025 ] } },
{ "type": "Feature", "properties": { "内容": "横浜市福祉サービス協会　ヘルパーステーションにし【訪問介護】神奈川県横浜市西区桜木町六丁目３１番地5階", "url": "https://www.kaigokensaku.mhlw.go.jp/14/index.php?action_kouhyou_detail_004_kani=true&JigyosyoCd=1470300730-00&ServiceCd=110&Type=search", "url2": "http://www.hama-wel.or.jp/" }, "geometry": { "type": "Point", "coordinates": [ 139.625906500000042, 35.4562174 ] } },
{ "type": "Feature", "properties": { "内容": "あんしんケア【訪問介護】神奈川県横浜市西区高島２－１０－１３横浜東口ビル202", "url": "https://www.kaigokensaku.mhlw.go.jp/14/index.php?action_kouhyou_detail_004_kani=true&JigyosyoCd=1470300771-00&ServiceCd=110&Type=search", "url2": "http://www.an-shin.co.jp" }, "geometry": { "type": "Point", "coordinates": [ 139.622015, 35.4622806 ] } },
{ "type": "Feature", "properties": { "内容": "市民ハート中央【訪問介護】神奈川県横浜市西区岡野2-3-30", "url": "https://www.kaigokensaku.mhlw.go.jp/14/index.php?action_kouhyou_detail_004_kani=true&JigyosyoCd=1470300961-00&ServiceCd=110&Type=search", "url2": "http://www.shimin-heart.net/" }, "geometry": { "type": "Point", "coordinates": [ 139.612048611604678, 35.459091235745205 ] } },
{ "type": "Feature", "properties": { "内容": "ケアポート　かのこ　西【訪問介護】神奈川県横浜市西区戸部本町9-6ポートサイド戸部2階", "url": "https://www.kaigokensaku.mhlw.go.jp/14/index.php?action_kouhyou_detail_004_kani=true&JigyosyoCd=1470301076-00&ServiceCd=110&Type=search", "url2": "https://kanoko-kaigo.com/" }, "geometry": { "type": "Point", "coordinates": [ 139.620312600000034, 35.4554758 ] } },
{ "type": "Feature", "properties": { "内容": "ヘルパーステーション　いちご【訪問介護】神奈川県横浜市西区中央２丁目１番地１５号", "url": "https://www.kaigokensaku.mhlw.go.jp/14/index.php?action_kouhyou_detail_004_kani=true&JigyosyoCd=1470301084-00&ServiceCd=110&Type=search", "url2": null }, "geometry": { "type": "Point", "coordinates": [ 139.616543699999966, 35.4524318 ] } },
{ "type": "Feature", "properties": { "内容": "まごころ介護訪問ステーション【訪問介護】神奈川県横浜市西区戸部本町40-10１F", "url": "https://www.kaigokensaku.mhlw.go.jp/14/index.php?action_kouhyou_detail_004_kani=true&JigyosyoCd=1470301159-00&ServiceCd=110&Type=search", "url2": "http://www.c-sweet.jp/" }, "geometry": { "type": "Point", "coordinates": [ 139.621790541802966, 35.457612599038882 ] } },
{ "type": "Feature", "properties": { "内容": "横浜市福祉サービス協会　訪問介護看護にし【訪問介護】神奈川県横浜市西区桜木町六丁目31番地5階", "url": "https://www.kaigokensaku.mhlw.go.jp/14/index.php?action_kouhyou_detail_004_kani=true&JigyosyoCd=1470301563-00&ServiceCd=110&Type=search", "url2": "http://www.hama-wel.or.jp/" }, "geometry": { "type": "Point", "coordinates": [ 139.625906500000042, 35.4562174 ] } },
{ "type": "Feature", "properties": { "内容": "ケアリッツ横浜【訪問介護】神奈川県横浜市西区中央1-37-24伊藤ビル１０３", "url": "https://www.kaigokensaku.mhlw.go.jp/14/index.php?action_kouhyou_detail_004_kani=true&JigyosyoCd=1470301720-00&ServiceCd=110&Type=search", "url2": "https://www.careritz.co.jp/station/branch/yokohama/" }, "geometry": { "type": "Point", "coordinates": [ 139.6167058, 35.4569667 ] } },
{ "type": "Feature", "properties": { "内容": "銀鈴の詩ヘルパーステーション【訪問介護】神奈川県横浜市西区平沼1-1-15ルピナス平沼2階", "url": "https://www.kaigokensaku.mhlw.go.jp/14/index.php?action_kouhyou_detail_004_kani=true&JigyosyoCd=1470300490-00&ServiceCd=110&Type=search", "url2": "https://shuhokai.or.jp/" }, "geometry": { "type": "Point", "coordinates": [ 139.621662300000025, 35.4608419 ] } },
{ "type": "Feature", "properties": { "内容": "すまいる　ケア　かながわ【訪問介護】神奈川県横浜市西区戸部町6-217陽光ビル1F", "url": "https://www.kaigokensaku.mhlw.go.jp/14/index.php?action_kouhyou_detail_004_kani=true&JigyosyoCd=1470301134-00&ServiceCd=110&Type=search", "url2": "https://smile-care-job.com/" }, "geometry": { "type": "Point", "coordinates": [ 139.62365315767218, 35.456790312103543 ] } },
{ "type": "Feature", "properties": { "内容": "エターナルケア【訪問介護】神奈川県横浜市西区戸部本町46-4ラメゾンドゥ犬飼103", "url": "https://www.kaigokensaku.mhlw.go.jp/14/index.php?action_kouhyou_detail_004_kani=true&JigyosyoCd=1470301266-00&ServiceCd=110&Type=search", "url2": "https://sites.google.com/view/eternalcare-yokohama/home" }, "geometry": { "type": "Point", "coordinates": [ 139.619944365676133, 35.457202127349014 ] } },
{ "type": "Feature", "properties": { "内容": "ソーシャルケア　インクル【訪問介護】神奈川県横浜市西区浅間町1-4-3ウィザード202", "url": "https://www.kaigokensaku.mhlw.go.jp/14/index.php?action_kouhyou_detail_004_kani=true&JigyosyoCd=1470301472-00&ServiceCd=110&Type=search", "url2": "https://www.socialcare-incle.com" }, "geometry": { "type": "Point", "coordinates": [ 139.612871499999983, 35.4651497 ] } },
{ "type": "Feature", "properties": { "内容": "ＳＯＭＰＯケア　横浜西　訪問介護【訪問介護】神奈川県横浜市西区浅間町4-338-2藤和シティコープ浅間町102号室", "url": "https://www.kaigokensaku.mhlw.go.jp/14/index.php?action_kouhyou_detail_004_kani=true&JigyosyoCd=1470301613-00&ServiceCd=110&Type=search", "url2": "https://www.sompocare.com/" }, "geometry": { "type": "Point", "coordinates": [ 139.6074724, 35.4582922 ] } },
{ "type": "Feature", "properties": { "内容": "愛・福祉サービス【訪問介護】神奈川県横浜市西区浅間町2-98-5小邑ビル1階", "url": "https://www.kaigokensaku.mhlw.go.jp/14/index.php?action_kouhyou_detail_004_kani=true&JigyosyoCd=1470601020-00&ServiceCd=110&Type=search", "url2": "https://www.aifukushi.com" }, "geometry": { "type": "Point", "coordinates": [ 139.609905990985084, 35.462581321944022 ] } },
{ "type": "Feature", "properties": { "内容": "さくら・介護ステーションにしよこはま【訪問介護】神奈川県横浜市西区久保町１５－１伊賀ビル１０２号", "url": "https://www.kaigokensaku.mhlw.go.jp/14/index.php?action_kouhyou_detail_004_kani=true&JigyosyoCd=1470301811-00&ServiceCd=110&Type=search", "url2": "https://sakurakaigo.co.jp/hvhd/list/kanto_area/kanagawa/" }, "geometry": { "type": "Point", "coordinates": [ 139.609093800000011, 35.451104200000017 ] } },
{ "type": "Feature", "properties": { "内容": "冨美ケアサービス【訪問介護】神奈川県横浜市西区久保町２０番１２号久保町共同ビル304", "url": "https://www.kaigokensaku.mhlw.go.jp/14/index.php?action_kouhyou_detail_004_kani=true&JigyosyoCd=1470602127-00&ServiceCd=110&Type=search", "url2": null }, "geometry": { "type": "Point", "coordinates": [ 139.610491163370625, 35.45070933125232 ] } },
{ "type": "Feature", "properties": { "内容": "敬愛　訪問介護事業所【訪問介護】神奈川県横浜市中区長者町9丁目149－4伊勢佐木町ダイアパレス409号室", "url": "https://www.kaigokensaku.mhlw.go.jp/14/index.php?action_kouhyou_detail_004_kani=true&JigyosyoCd=1470402866-00&ServiceCd=110&Type=search", "url2": null }, "geometry": { "type": "Point", "coordinates": [ 139.628301739836729, 35.443625338157254 ] } },
{ "type": "Feature", "properties": { "内容": "ミント【訪問介護】神奈川県横浜市中区長者町5-75-1スクエア長者町1011号", "url": "https://www.kaigokensaku.mhlw.go.jp/14/index.php?action_kouhyou_detail_004_kani=true&JigyosyoCd=1470402775-00&ServiceCd=110&Type=search", "url2": null }, "geometry": { "type": "Point", "coordinates": [ 139.6319244, 35.4421089 ] } },
{ "type": "Feature", "properties": { "内容": "エンジェル【訪問介護】神奈川県横浜市中区長者町2-5-14セントラルビル406", "url": "https://www.kaigokensaku.mhlw.go.jp/14/index.php?action_kouhyou_detail_004_kani=true&JigyosyoCd=1470202027-00&ServiceCd=110&Type=search", "url2": "http://hp.kaipoke.biz/v4u/info.html" }, "geometry": { "type": "Point", "coordinates": [ 139.635365485312946, 35.439424720306143 ] } },
{ "type": "Feature", "properties": { "内容": "Oneハートケアステーション【訪問介護】神奈川県横浜市中区根岸町1-26ユナイト根岸ジェファーソンの杜201", "url": "https://www.kaigokensaku.mhlw.go.jp/14/index.php?action_kouhyou_detail_004_kani=true&JigyosyoCd=1470403062-00&ServiceCd=110&Type=search", "url2": "https://oneheartcare045.com/" }, "geometry": { "type": "Point", "coordinates": [ 140.567946, 39.3201434 ] } },
{ "type": "Feature", "properties": { "内容": "ＪＩＲＩＴＡＭＡ　アイ・エル・ケア【訪問介護】神奈川県横浜市中区英町３－４", "url": "https://www.kaigokensaku.mhlw.go.jp/14/index.php?action_kouhyou_detail_004_kani=true&JigyosyoCd=1470401108-00&ServiceCd=110&Type=search", "url2": "http://www.jiritama.net/home.html" }, "geometry": { "type": "Point", "coordinates": [ 139.623075199999988, 35.4425004 ] } },
{ "type": "Feature", "properties": { "内容": "アイネットアイ横浜事業所【訪問介護】神奈川県横浜市中区花咲町３－９９センチュリー紅葉坂４０４号", "url": "https://www.kaigokensaku.mhlw.go.jp/14/index.php?action_kouhyou_detail_004_kani=true&JigyosyoCd=1470402783-00&ServiceCd=110&Type=search", "url2": "http://hp.kaipoke.biz/3pz/" }, "geometry": { "type": "Point", "coordinates": [ 139.6283539, 35.45208250000001 ] } },
{ "type": "Feature", "properties": { "内容": "ふたばケアサポート【訪問介護】神奈川県横浜市中区翁町2-7-10関内フレックスビル807", "url": "https://www.kaigokensaku.mhlw.go.jp/14/index.php?action_kouhyou_detail_004_kani=true&JigyosyoCd=1470403187-00&ServiceCd=110&Type=search", "url2": null }, "geometry": { "type": "Point", "coordinates": [ 139.637189772352599, 35.440751304761285 ] } },
{ "type": "Feature", "properties": { "内容": "あいリバー山手【訪問介護】神奈川県横浜市本郷町3丁目123番地13", "url": "https://www.kaigokensaku.mhlw.go.jp/14/index.php?action_kouhyou_detail_004_kani=true&JigyosyoCd=1470403195-00&ServiceCd=110&Type=search", "url2": "https://sites.google.com/view/yokohamayamate001airiver/home" }, "geometry": { "type": "Point", "coordinates": [ 139.652348, 35.427802299999989 ] } },
{ "type": "Feature", "properties": { "内容": "アンドライフ　ケアリリーフ【訪問介護】神奈川県横浜市中区石川町2-77", "url": "https://www.kaigokensaku.mhlw.go.jp/14/index.php?action_kouhyou_detail_004_kani=true&JigyosyoCd=1460490078-00&ServiceCd=110&Type=search", "url2": null }, "geometry": { "type": "Point", "coordinates": [ 139.643292915493333, 35.43785432239099 ] } },
{ "type": "Feature", "properties": { "内容": "チャンス介護サービスセンター【訪問介護】神奈川県横浜市中区翁町2-7-10関内フレックスビル514号室", "url": "https://www.kaigokensaku.mhlw.go.jp/14/index.php?action_kouhyou_detail_004_kani=true&JigyosyoCd=1470102615-00&ServiceCd=110&Type=search", "url2": null }, "geometry": { "type": "Point", "coordinates": [ 139.637424900847236, 35.440963301457501 ] } },
{ "type": "Feature", "properties": { "内容": "有限会社ケアサービスコパン【訪問介護】神奈川県横浜市中区山下町70-15ライオンズマンション山下公園901号", "url": "https://www.kaigokensaku.mhlw.go.jp/14/index.php?action_kouhyou_detail_004_kani=true&JigyosyoCd=1470400076-00&ServiceCd=110&Type=search", "url2": "https://www.copains.info/" }, "geometry": { "type": "Point", "coordinates": [ 139.643747299999973, 35.4455798 ] } },
{ "type": "Feature", "properties": { "内容": "ニチイケアセンター関内【訪問介護】神奈川県横浜市中区相生町１－３モアグランド関内ビル３Ｆ", "url": "https://www.kaigokensaku.mhlw.go.jp/14/index.php?action_kouhyou_detail_004_kani=true&JigyosyoCd=1470400126-00&ServiceCd=110&Type=search", "url2": "http://www.nichii-kaigo.jp/base/base-result/05D08/" }, "geometry": { "type": "Point", "coordinates": [ 139.639697599999977, 35.4459631 ] } },
{ "type": "Feature", "properties": { "内容": "愛ホームヘルプサービス【訪問介護】神奈川県横浜市中区本牧三之谷17-26", "url": "https://www.kaigokensaku.mhlw.go.jp/14/index.php?action_kouhyou_detail_004_kani=true&JigyosyoCd=1470400811-00&ServiceCd=110&Type=search", "url2": null }, "geometry": { "type": "Point", "coordinates": [ 139.663343144774672, 35.419817999362522 ] } },
{ "type": "Feature", "properties": { "内容": "横浜市福祉サービス協会　中介護事務所【訪問介護】神奈川県横浜市中区扇町2-5-15リラックスビル3階", "url": "https://www.kaigokensaku.mhlw.go.jp/14/index.php?action_kouhyou_detail_004_kani=true&JigyosyoCd=1470400837-00&ServiceCd=110&Type=search", "url2": "http://www.hama-wel.or.jp/branch/detail/kannai2/" }, "geometry": { "type": "Point", "coordinates": [ 139.638331335106159, 35.440616715395365 ] } },
{ "type": "Feature", "properties": { "内容": "特定非営利活動法人　ケアサポート青空【訪問介護】神奈川県横浜市中区吉浜町１番地９エトアール吉浜４０４号", "url": "https://www.kaigokensaku.mhlw.go.jp/14/index.php?action_kouhyou_detail_004_kani=true&JigyosyoCd=1470400845-00&ServiceCd=110&Type=search", "url2": null }, "geometry": { "type": "Point", "coordinates": [ 139.642231, 35.4399638 ] } },
{ "type": "Feature", "properties": { "内容": "山手まごころの会【訪問介護】神奈川県横浜市中区上野町2丁目67番地2階", "url": "https://www.kaigokensaku.mhlw.go.jp/14/index.php?action_kouhyou_detail_004_kani=true&JigyosyoCd=1470400886-00&ServiceCd=110&Type=search", "url2": "http://www.kaigo-magokoro.jp/" }, "geometry": { "type": "Point", "coordinates": [ 139.652311199999986, 35.4325093 ] } },
{ "type": "Feature", "properties": { "内容": "医療法人社団三井会横浜ケアオフィス【訪問介護】神奈川県横浜市中区山下町118エトワール山下105", "url": "https://www.kaigokensaku.mhlw.go.jp/14/index.php?action_kouhyou_detail_004_kani=true&JigyosyoCd=1470400944-00&ServiceCd=110&Type=search", "url2": "https://facebook.com./profile.php?id=61560171516710" }, "geometry": { "type": "Point", "coordinates": [ 139.645991900000013, 35.4407943 ] } },
{ "type": "Feature", "properties": { "内容": "有限会社デイリープラネット　ヘルパーチーム　えがお【訪問介護】神奈川県横浜市中区本牧町２－３６４山本歯科ビル", "url": "https://www.kaigokensaku.mhlw.go.jp/14/index.php?action_kouhyou_detail_004_kani=true&JigyosyoCd=1470400977-00&ServiceCd=110&Type=search", "url2": "https://www.yamamoto-naika.com/" }, "geometry": { "type": "Point", "coordinates": [ 139.6623353, 35.4296402 ] } },
{ "type": "Feature", "properties": { "内容": "かながわヘルパーステーション【訪問介護】神奈川県横浜市中区松影町２－６－７岩崎ビル１階", "url": "https://www.kaigokensaku.mhlw.go.jp/14/index.php?action_kouhyou_detail_004_kani=true&JigyosyoCd=1470401033-00&ServiceCd=110&Type=search", "url2": null }, "geometry": { "type": "Point", "coordinates": [ 139.640036799999962, 35.4391722 ] } },
{ "type": "Feature", "properties": { "内容": "ケアステーション　ぬくもり【訪問介護】神奈川県横浜市中区本牧町1-43アーバンピア本牧B1-B", "url": "https://www.kaigokensaku.mhlw.go.jp/14/index.php?action_kouhyou_detail_004_kani=true&JigyosyoCd=1470401488-00&ServiceCd=110&Type=search", "url2": null }, "geometry": { "type": "Point", "coordinates": [ 139.66029271873245, 35.430863100663963 ] } },
{ "type": "Feature", "properties": { "内容": "ケアプラス【訪問介護】神奈川県横浜市中区元町1丁目72番地", "url": "https://www.kaigokensaku.mhlw.go.jp/14/index.php?action_kouhyou_detail_004_kani=true&JigyosyoCd=1470401652-00&ServiceCd=110&Type=search", "url2": null }, "geometry": { "type": "Point", "coordinates": [ 139.650605915378947, 35.440136633453712 ] } },
{ "type": "Feature", "properties": { "内容": "フルライフ関内【訪問介護】神奈川県横浜市中区山下町225番地横浜YWCA会館301", "url": "https://www.kaigokensaku.mhlw.go.jp/14/index.php?action_kouhyou_detail_004_kani=true&JigyosyoCd=1470401678-00&ServiceCd=110&Type=search", "url2": "https://www.fulllife.co.jp/" }, "geometry": { "type": "Point", "coordinates": [ 139.641858700000057, 35.4423163 ] } },
{ "type": "Feature", "properties": { "内容": "横浜市福祉サービス協会　ヘルパーステーション寿【訪問介護】神奈川県横浜市中区寿町２－８－９ホテル山榮新館１階", "url": "https://www.kaigokensaku.mhlw.go.jp/14/index.php?action_kouhyou_detail_004_kani=true&JigyosyoCd=1470401991-00&ServiceCd=110&Type=search", "url2": "https://www.hama-wel.or.jp/branch/detail/hps_kotobuki/" }, "geometry": { "type": "Point", "coordinates": [ 139.639405016532919, 35.439449039797736 ] } },
{ "type": "Feature", "properties": { "内容": "居宅介護事業所　やすらぎ【訪問介護】神奈川県横浜市中区蓬莱町3丁目104-4クリオ横浜関内弐番館101号室", "url": "https://www.kaigokensaku.mhlw.go.jp/14/index.php?action_kouhyou_detail_004_kani=true&JigyosyoCd=1470402007-00&ServiceCd=110&Type=search", "url2": "https://k-yasuragi.com" }, "geometry": { "type": "Point", "coordinates": [ 139.6339616, 35.442221900000021 ] } },
{ "type": "Feature", "properties": { "内容": "ワールドケア【訪問介護】神奈川県横浜市中区長者町1－1－2日神パレステージ石川町101", "url": "https://www.kaigokensaku.mhlw.go.jp/14/index.php?action_kouhyou_detail_004_kani=true&JigyosyoCd=1470402122-00&ServiceCd=110&Type=search", "url2": null }, "geometry": { "type": "Point", "coordinates": [ 139.637366196741567, 35.437371804327924 ] } },
{ "type": "Feature", "properties": { "内容": "なかサービス【訪問介護】神奈川県横浜市中区寿町2-7-13花園ビル206号室", "url": "https://www.kaigokensaku.mhlw.go.jp/14/index.php?action_kouhyou_detail_004_kani=true&JigyosyoCd=1470402213-00&ServiceCd=110&Type=search", "url2": null }, "geometry": { "type": "Point", "coordinates": [ 139.639200919296286, 35.439997454083944 ] } },
{ "type": "Feature", "properties": { "内容": "ケアサービスChouChou【訪問介護】神奈川県横浜市中区山下町161-1日神プラザ元町704", "url": "https://www.kaigokensaku.mhlw.go.jp/14/index.php?action_kouhyou_detail_004_kani=true&JigyosyoCd=1470402221-00&ServiceCd=110&Type=search", "url2": "https://cyanmule8.sakura.ne.jp/index.htm" }, "geometry": { "type": "Point", "coordinates": [ 139.645241053372956, 35.440320628003555 ] } },
{ "type": "Feature", "properties": { "内容": "よつばの介護【訪問介護】神奈川県横浜市中区吉浜町2-15上智ビル2Ｆ", "url": "https://www.kaigokensaku.mhlw.go.jp/14/index.php?action_kouhyou_detail_004_kani=true&JigyosyoCd=1470402460-00&ServiceCd=110&Type=search", "url2": "https://yotuba-kaigo.com" }, "geometry": { "type": "Point", "coordinates": [ 139.64119403005941, 35.439325199083981 ] } },
{ "type": "Feature", "properties": { "内容": "ニチイケアセンター本牧【訪問介護】神奈川県横浜市中区本牧町1-63ラレーヴ本牧201", "url": "https://www.kaigokensaku.mhlw.go.jp/14/index.php?action_kouhyou_detail_004_kani=true&JigyosyoCd=1470402700-00&ServiceCd=110&Type=search", "url2": "http://www.nichiigakkan.co.jp" }, "geometry": { "type": "Point", "coordinates": [ 139.656744900000035, 35.4315744 ] } },
{ "type": "Feature", "properties": { "内容": "愛を繋ぐヘルパーステーション【訪問介護】神奈川県横浜市中区本郷町３－２３２－３山の手館１階", "url": "https://www.kaigokensaku.mhlw.go.jp/14/index.php?action_kouhyou_detail_004_kani=true&JigyosyoCd=1470402759-00&ServiceCd=110&Type=search", "url2": "https://mmmarks.com/" }, "geometry": { "type": "Point", "coordinates": [ 139.654484084044071, 35.429117263883271 ] } },
{ "type": "Feature", "properties": { "内容": "ツクイ横浜伊勢佐木　介護【訪問介護】神奈川県横浜市中区長者町9-175第10吉田ビル301Ａ号室", "url": "https://www.kaigokensaku.mhlw.go.jp/14/index.php?action_kouhyou_detail_004_kani=true&JigyosyoCd=1470402809-00&ServiceCd=110&Type=search", "url2": "https://www.tsukui.net/home-care/2004" }, "geometry": { "type": "Point", "coordinates": [ 139.628081900000012, 35.4447664 ] } },
{ "type": "Feature", "properties": { "内容": "ツクイ横浜本牧【訪問介護】神奈川県横浜市中区本牧町1-57-8", "url": "https://www.kaigokensaku.mhlw.go.jp/14/index.php?action_kouhyou_detail_004_kani=true&JigyosyoCd=1470402817-00&ServiceCd=110&Type=search", "url2": "https://www.tsukui.net/home-care/2090/" }, "geometry": { "type": "Point", "coordinates": [ 139.6575037, 35.431444 ] } },
{ "type": "Feature", "properties": { "内容": "ツクイ横浜根岸　介護【訪問介護】神奈川県横浜市中区根岸町2－85－5ハートビートベース横濱根岸", "url": "https://www.kaigokensaku.mhlw.go.jp/14/index.php?action_kouhyou_detail_004_kani=true&JigyosyoCd=1470402833-00&ServiceCd=110&Type=search", "url2": "https://www.tsukui.net/home-care/2114" }, "geometry": { "type": "Point", "coordinates": [ 139.643897900000013, 35.4180931 ] } },
{ "type": "Feature", "properties": { "内容": "浜っ子サービス訪問介護【訪問介護】神奈川県横浜市中区松影町2-7-3クレハ・マネージメントビル902号室", "url": "https://www.kaigokensaku.mhlw.go.jp/14/index.php?action_kouhyou_detail_004_kani=true&JigyosyoCd=1470402874-00&ServiceCd=110&Type=search", "url2": "http://www.carecenter.jp" }, "geometry": { "type": "Point", "coordinates": [ 139.6408333, 35.4387115 ] } },
{ "type": "Feature", "properties": { "内容": "クリーン介護【訪問介護】神奈川県横浜市中区寿町3-10-5かえで館1階", "url": "https://www.kaigokensaku.mhlw.go.jp/14/index.php?action_kouhyou_detail_004_kani=true&JigyosyoCd=1470402882-00&ServiceCd=110&Type=search", "url2": "cleankaigo.com" }, "geometry": { "type": "Point", "coordinates": [ 139.638813237434391, 35.439286110115113 ] } },
{ "type": "Feature", "properties": { "内容": "訪問介護ステーション　ふぁいと寿【訪問介護】神奈川県横浜市中区寿町3丁目9-5いこい荘1階102号室", "url": "https://www.kaigokensaku.mhlw.go.jp/14/index.php?action_kouhyou_detail_004_kani=true&JigyosyoCd=1470402908-00&ServiceCd=110&Type=search", "url2": null }, "geometry": { "type": "Point", "coordinates": [ 139.638765831963923, 35.439059815243191 ] } },
{ "type": "Feature", "properties": { "内容": "訪問介護　らふケア【訪問介護】神奈川県横浜市中区富士見町2－6コルニッシュ横浜2A", "url": "https://www.kaigokensaku.mhlw.go.jp/14/index.php?action_kouhyou_detail_004_kani=true&JigyosyoCd=1470402940-00&ServiceCd=110&Type=search", "url2": null }, "geometry": { "type": "Point", "coordinates": [ 139.632413073263564, 35.439708366000701 ] } },
{ "type": "Feature", "properties": { "内容": "若武者ケア　中事業所【訪問介護】神奈川県横浜市中区本牧町1-7キャスト本牧202号室", "url": "https://www.kaigokensaku.mhlw.go.jp/14/index.php?action_kouhyou_detail_004_kani=true&JigyosyoCd=1470402965-00&ServiceCd=110&Type=search", "url2": "https://www.wakamusha-care.jp/" }, "geometry": { "type": "Point", "coordinates": [ 139.657458582648019, 35.431770578864985 ] } },
{ "type": "Feature", "properties": { "内容": "訪問介護ファミリー・ホスピス本牧【訪問介護】神奈川県横浜市中区小港町3丁目192番地", "url": "https://www.kaigokensaku.mhlw.go.jp/14/index.php?action_kouhyou_detail_004_kani=true&JigyosyoCd=1470402973-00&ServiceCd=110&Type=search", "url2": null }, "geometry": { "type": "Point", "coordinates": [ 139.664092499999981, 35.4312378 ] } },
{ "type": "Feature", "properties": { "内容": "学研ココファン伊勢佐木長者町ヘルパーセンター【訪問介護】神奈川県横浜市中区長者町8-125", "url": "https://www.kaigokensaku.mhlw.go.jp/14/index.php?action_kouhyou_detail_004_kani=true&JigyosyoCd=1470402981-00&ServiceCd=110&Type=search", "url2": null }, "geometry": { "type": "Point", "coordinates": [ 139.629399799999987, 35.4436311 ] } },
{ "type": "Feature", "properties": { "内容": "横浜市福祉サービス協会　訪問介護看護なか【訪問介護】神奈川県横浜市中区扇町2-5-15リラックスビル3階", "url": "https://www.kaigokensaku.mhlw.go.jp/14/index.php?action_kouhyou_detail_004_kani=true&JigyosyoCd=1470402999-00&ServiceCd=110&Type=search", "url2": "http://www.hama-wel.or.jp" }, "geometry": { "type": "Point", "coordinates": [ 139.638339800000011, 35.4406009 ] } },
{ "type": "Feature", "properties": { "内容": "ケアステーション　ウナ【訪問介護】神奈川県横浜市中区扇町４－１１－８ヴィラ・デル・ソーレ扇町２０３号室", "url": "https://www.kaigokensaku.mhlw.go.jp/14/index.php?action_kouhyou_detail_004_kani=true&JigyosyoCd=1470403021-00&ServiceCd=110&Type=search", "url2": null }, "geometry": { "type": "Point", "coordinates": [ 139.6371878, 35.4392435 ] } },
{ "type": "Feature", "properties": { "内容": "訪問介護　メロン【訪問介護】神奈川県横浜市中区山田町4番地フロール山田町第一　11号", "url": "https://www.kaigokensaku.mhlw.go.jp/14/index.php?action_kouhyou_detail_004_kani=true&JigyosyoCd=1470402718-00&ServiceCd=110&Type=search", "url2": null }, "geometry": { "type": "Point", "coordinates": [ 139.633539299999939, 35.438144800000032 ] } },
{ "type": "Feature", "properties": { "内容": "株式会社ケアステーション大樹　横浜センター【訪問介護】神奈川県横浜市中区不老町１－６－１０苗場ビル５F-A", "url": "https://www.kaigokensaku.mhlw.go.jp/14/index.php?action_kouhyou_detail_004_kani=true&JigyosyoCd=1470400746-00&ServiceCd=110&Type=search", "url2": "http://www.cs-taiju.co.jp/" }, "geometry": { "type": "Point", "coordinates": [ 139.63707554806092, 35.441914421901338 ] } },
{ "type": "Feature", "properties": { "内容": "特定非営利活動法人　ことぶき介護【訪問介護】神奈川県横浜市中区寿町4-15寿ヒカリビル", "url": "https://www.kaigokensaku.mhlw.go.jp/14/index.php?action_kouhyou_detail_004_kani=true&JigyosyoCd=1470400753-00&ServiceCd=110&Type=search", "url2": "http://www.kotobukikaigo.com" }, "geometry": { "type": "Point", "coordinates": [ 139.6406756, 35.4388639 ] } },
{ "type": "Feature", "properties": { "内容": "テルウェル東日本　横浜関内介護センタ【訪問介護】神奈川県横浜市中区山下町１６２－１横浜飛栄ビル202", "url": "https://www.kaigokensaku.mhlw.go.jp/14/index.php?action_kouhyou_detail_004_kani=true&JigyosyoCd=1470400779-00&ServiceCd=110&Type=search", "url2": "https://www.telwel-kaigo.com/" }, "geometry": { "type": "Point", "coordinates": [ 139.645103, 35.4406165 ] } },
{ "type": "Feature", "properties": { "内容": "株式会社中央防災技研　クリンライフケア事業部　中区事業所【訪問介護】神奈川県横浜市中区扇町2-4-2横浜関内京浜ビル503号室", "url": "https://www.kaigokensaku.mhlw.go.jp/14/index.php?action_kouhyou_detail_004_kani=true&JigyosyoCd=1470400787-00&ServiceCd=110&Type=search", "url2": "https://www.chuobousai.com" }, "geometry": { "type": "Point", "coordinates": [ 139.638856199999907, 35.440947 ] } },
{ "type": "Feature", "properties": { "内容": "さわやかケア関内・訪問介護【訪問介護】神奈川県横浜市中区山下町73山下ポートハイツ102号", "url": "https://www.kaigokensaku.mhlw.go.jp/14/index.php?action_kouhyou_detail_004_kani=true&JigyosyoCd=1470401199-00&ServiceCd=110&Type=search", "url2": null }, "geometry": { "type": "Point", "coordinates": [ 139.644729475127178, 35.445331843900256 ] } },
{ "type": "Feature", "properties": { "内容": "銀杏の大樹ヘルパーステーション【訪問介護】神奈川県横浜市中区山下町252グランベル横浜ビル3階EF", "url": "https://www.kaigokensaku.mhlw.go.jp/14/index.php?action_kouhyou_detail_004_kani=true&JigyosyoCd=1470401256-00&ServiceCd=110&Type=search", "url2": "https://shuhokai.or.jp/office/naka-ku/hh-icho.php" }, "geometry": { "type": "Point", "coordinates": [ 139.641075399999977, 35.4423913 ] } },
{ "type": "Feature", "properties": { "内容": "ゆうゆうassist訪問介護サービスセンター【訪問介護】神奈川県横浜市中区長者町4-9-1", "url": "https://www.kaigokensaku.mhlw.go.jp/14/index.php?action_kouhyou_detail_004_kani=true&JigyosyoCd=1470401934-00&ServiceCd=110&Type=search", "url2": "https://www.yuyuassist.co.jp" }, "geometry": { "type": "Point", "coordinates": [ 139.6342621, 35.4404832 ] } },
{ "type": "Feature", "properties": { "内容": "ライフェスト【訪問介護】神奈川県横浜市中区日ノ出町2-134－1ブリリアンス野毛山公園102", "url": "https://www.kaigokensaku.mhlw.go.jp/14/index.php?action_kouhyou_detail_004_kani=true&JigyosyoCd=1470402650-00&ServiceCd=110&Type=search", "url2": null }, "geometry": { "type": "Point", "coordinates": [ 139.625234800000044, 35.4435745 ] } },
{ "type": "Feature", "properties": { "内容": "ホームライフケア・絆【訪問介護】神奈川県横浜市中区根岸町3-176-56プランドール根岸103", "url": "https://www.kaigokensaku.mhlw.go.jp/14/index.php?action_kouhyou_detail_004_kani=true&JigyosyoCd=1470403104-00&ServiceCd=110&Type=search", "url2": null }, "geometry": { "type": "Point", "coordinates": [ 139.6399688, 35.4175245 ] } },
{ "type": "Feature", "properties": { "内容": "kohaku【訪問介護】神奈川県横浜市中区長者町2丁目5-14セントラルビル702", "url": "https://www.kaigokensaku.mhlw.go.jp/14/index.php?action_kouhyou_detail_004_kani=true&JigyosyoCd=1470403138-00&ServiceCd=110&Type=search", "url2": null }, "geometry": { "type": "Point", "coordinates": [ 139.635372, 35.4393188 ] } },
{ "type": "Feature", "properties": { "内容": "介護　迎【訪問介護】神奈川県横浜市中区千歳町1-2横浜THビル611", "url": "https://www.kaigokensaku.mhlw.go.jp/14/index.php?action_kouhyou_detail_004_kani=true&JigyosyoCd=1470403146-00&ServiceCd=110&Type=search", "url2": null }, "geometry": { "type": "Point", "coordinates": [ 139.635218400000014, 35.4378784 ] } },
{ "type": "Feature", "properties": { "内容": "エール福祉協会【訪問介護】神奈川県横浜市中区弥生町２－１５－１ストークタワー大通公園３・１００３", "url": "https://www.kaigokensaku.mhlw.go.jp/14/index.php?action_kouhyou_detail_004_kani=true&JigyosyoCd=1470400266-00&ServiceCd=110&Type=search", "url2": "http://yale-fukushi.jp/" }, "geometry": { "type": "Point", "coordinates": [ 139.629865099999961, 35.4406137 ] } },
{ "type": "Feature", "properties": { "内容": "ふれあい横浜ヘルパーステーション【訪問介護】神奈川県横浜市中区万代町２－３－３", "url": "https://www.kaigokensaku.mhlw.go.jp/14/index.php?action_kouhyou_detail_004_kani=true&JigyosyoCd=1470402023-00&ServiceCd=110&Type=search", "url2": "https://www.fureai-g.or.jp/fyh/patients/homecare/visiting-care/" }, "geometry": { "type": "Point", "coordinates": [ 139.6354953, 35.4422608 ] } },
{ "type": "Feature", "properties": { "内容": "ヘルパーステーション　アン【訪問介護】神奈川県横浜市中区野毛町１－４－２", "url": "https://www.kaigokensaku.mhlw.go.jp/14/index.php?action_kouhyou_detail_004_kani=true&JigyosyoCd=1470402197-00&ServiceCd=110&Type=search", "url2": null }, "geometry": { "type": "Point", "coordinates": [ 139.630762171775558, 35.447221649385007 ] } },
{ "type": "Feature", "properties": { "内容": "ふじケア　ヘルパーステーション横浜【訪問介護】神奈川県横浜市中区末吉町4-71-3グレイシャスＫ　１Ｆ", "url": "https://www.kaigokensaku.mhlw.go.jp/14/index.php?action_kouhyou_detail_004_kani=true&JigyosyoCd=1470402478-00&ServiceCd=110&Type=search", "url2": "https://www.dream-rights.jp/" }, "geometry": { "type": "Point", "coordinates": [ 139.623551899336235, 35.438930525249425 ] } },
{ "type": "Feature", "properties": { "内容": "泉の里【訪問介護】神奈川県横浜市中区本牧間門３－８", "url": "https://www.kaigokensaku.mhlw.go.jp/14/index.php?action_kouhyou_detail_004_kani=true&JigyosyoCd=1470401140-00&ServiceCd=110&Type=search", "url2": null }, "geometry": { "type": "Point", "coordinates": [ 139.660449400000061, 35.4211498 ] } },
{ "type": "Feature", "properties": { "内容": "エススタイル【訪問介護】神奈川県横浜市中区弥生町2-18-1ロイヤルステージST大通公園　202", "url": "https://www.kaigokensaku.mhlw.go.jp/14/index.php?action_kouhyou_detail_004_kani=true&JigyosyoCd=1470403161-00&ServiceCd=110&Type=search", "url2": "http://www.syoei-group.jp" }, "geometry": { "type": "Point", "coordinates": [ 139.6299476, 35.4402859 ] } },
{ "type": "Feature", "properties": { "内容": "ふれあいの家訪問介護ステーション関内【訪問介護】神奈川県横浜市中区尾上町３－３５LISTEASTBLD.６階６Ｈ", "url": "https://www.kaigokensaku.mhlw.go.jp/14/index.php?action_kouhyou_detail_004_kani=true&JigyosyoCd=1470403260-00&ServiceCd=110&Type=search", "url2": "https://www.michot.jp/facility02" }, "geometry": { "type": "Point", "coordinates": [ 139.636426300000011, 35.4457457 ] } },
{ "type": "Feature", "properties": { "内容": "ケアサポート　かるむ【訪問介護】神奈川県横浜市中区吉田町5-4第6吉田ビル2-C", "url": "https://www.kaigokensaku.mhlw.go.jp/14/index.php?action_kouhyou_detail_004_kani=true&JigyosyoCd=1470402486-00&ServiceCd=110&Type=search", "url2": "http://www.calm-care.com" }, "geometry": { "type": "Point", "coordinates": [ 139.632233235581936, 35.446020019246447 ] } },
{ "type": "Feature", "properties": { "内容": "ケアサポート　りりーべる【訪問介護】神奈川県横浜市中区千歳町1－2横浜THビル510号", "url": "https://www.kaigokensaku.mhlw.go.jp/14/index.php?action_kouhyou_detail_004_kani=true&JigyosyoCd=1470401942-00&ServiceCd=110&Type=search", "url2": "https://lilybell.co.jp" }, "geometry": { "type": "Point", "coordinates": [ 139.635220505752443, 35.437880642745498 ] } },
{ "type": "Feature", "properties": { "内容": "リラス訪問介護センター神奈川【訪問介護】神奈川県横浜市中区尾上町3-46-1木村ビル502", "url": "https://www.kaigokensaku.mhlw.go.jp/14/index.php?action_kouhyou_detail_004_kani=true&JigyosyoCd=1470403070-00&ServiceCd=110&Type=search", "url2": "https://lilas-kaigo.com" }, "geometry": { "type": "Point", "coordinates": [ 139.6359412, 35.4455749 ] } },
{ "type": "Feature", "properties": { "内容": "A-Smile関内【訪問介護】神奈川県横浜市中区尾上町3-35LIST　EAST　BLD.５階H", "url": "https://www.kaigokensaku.mhlw.go.jp/14/index.php?action_kouhyou_detail_004_kani=true&JigyosyoCd=1470403310-00&ServiceCd=110&Type=search", "url2": "https://akarie.co.jp" }, "geometry": { "type": "Point", "coordinates": [ 139.636426300000011, 35.4457457 ] } },
{ "type": "Feature", "properties": { "内容": "大石ヘルパーステーション【訪問介護】神奈川県横浜市中区弥生町4-40-1", "url": "https://www.kaigokensaku.mhlw.go.jp/14/index.php?action_kouhyou_detail_004_kani=true&JigyosyoCd=1470403328-00&ServiceCd=110&Type=search", "url2": null }, "geometry": { "type": "Point", "coordinates": [ 139.6256588, 35.4382717 ] } },
{ "type": "Feature", "properties": { "内容": "ホームケア　葉【訪問介護】神奈川県横浜市中区寿町3丁目12番地10寿洛ビル1階", "url": "https://www.kaigokensaku.mhlw.go.jp/14/index.php?action_kouhyou_detail_004_kani=true&JigyosyoCd=1470403294-00&ServiceCd=110&Type=search", "url2": "https://homecare-yokohama.com/" }, "geometry": { "type": "Point", "coordinates": [ 139.638381399999986, 35.4385796 ] } },
{ "type": "Feature", "properties": { "内容": "ヘルパーステーション太陽【訪問介護】神奈川県横浜市中区石川町1-24", "url": "https://www.kaigokensaku.mhlw.go.jp/14/index.php?action_kouhyou_detail_004_kani=true&JigyosyoCd=1470402585-00&ServiceCd=110&Type=search", "url2": "https://daiwa-taiyo.jimdofree.com/" }, "geometry": { "type": "Point", "coordinates": [ 139.645233059524571, 35.438026063435338 ] } },
{ "type": "Feature", "properties": { "内容": "株式会社ふれあいサービス恵【訪問介護】神奈川県横浜市南区永楽町1-5Will301", "url": "https://www.kaigokensaku.mhlw.go.jp/14/index.php?action_kouhyou_detail_004_kani=true&JigyosyoCd=1470502483-00&ServiceCd=110&Type=search", "url2": null }, "geometry": { "type": "Point", "coordinates": [ 139.631804, 35.4369614 ] } },
{ "type": "Feature", "properties": { "内容": "有限会社　松田ケアワーカーセンター【訪問介護】神奈川県横浜市南区永田北２－４２－２０", "url": "https://www.kaigokensaku.mhlw.go.jp/14/index.php?action_kouhyou_detail_004_kani=true&JigyosyoCd=1470500230-00&ServiceCd=110&Type=search", "url2": "https://matsudacareworker.wixsite.com/home" }, "geometry": { "type": "Point", "coordinates": [ 139.5879698, 35.436592 ] } },
{ "type": "Feature", "properties": { "内容": "ユーラク【訪問介護】神奈川県横浜市南区井土ケ谷下町４４－３－２０８", "url": "https://www.kaigokensaku.mhlw.go.jp/14/index.php?action_kouhyou_detail_004_kani=true&JigyosyoCd=1470503424-00&ServiceCd=110&Type=search", "url2": null }, "geometry": { "type": "Point", "coordinates": [ 139.603195199999988, 35.4320202 ] } },
{ "type": "Feature", "properties": { "内容": "さざん花訪問介護事業所【訪問介護】神奈川県横浜市南区睦町1-6-1プラザセレス睦町Ⅳ301", "url": "https://www.kaigokensaku.mhlw.go.jp/14/index.php?action_kouhyou_detail_004_kani=true&JigyosyoCd=1470503440-00&ServiceCd=110&Type=search", "url2": null }, "geometry": { "type": "Point", "coordinates": [ 139.6196026, 35.4323715 ] } },
{ "type": "Feature", "properties": { "内容": "土屋訪問介護事業所横浜南センター【訪問介護】神奈川県横浜市南区二葉町2-18-5ダイアパレス千歳第2309号", "url": "https://www.kaigokensaku.mhlw.go.jp/14/index.php?action_kouhyou_detail_004_kani=true&JigyosyoCd=1470503457-00&ServiceCd=110&Type=search", "url2": null }, "geometry": { "type": "Point", "coordinates": [ 139.6204658, 35.4344655 ] } },
{ "type": "Feature", "properties": { "内容": "訪問介護サービス　思いやり【訪問介護】神奈川県横浜市南区六ッ川1-286-5", "url": "https://www.kaigokensaku.mhlw.go.jp/14/index.php?action_kouhyou_detail_004_kani=true&JigyosyoCd=1470501485-00&ServiceCd=110&Type=search", "url2": "http://www.hoshinosuna.net" }, "geometry": { "type": "Point", "coordinates": [ 139.591294537603773, 35.424705593047406 ] } },
{ "type": "Feature", "properties": { "内容": "華寿苑よこはまみなみ【訪問介護】神奈川県横浜市南区宿町1-22ポンドワール蒔田1階", "url": "https://www.kaigokensaku.mhlw.go.jp/14/index.php?action_kouhyou_detail_004_kani=true&JigyosyoCd=1470503465-00&ServiceCd=110&Type=search", "url2": "https://karinshoji.com/guide/" }, "geometry": { "type": "Point", "coordinates": [ 139.612749900000011, 35.4333915 ] } },
{ "type": "Feature", "properties": { "内容": "ヘルパーステーションりんどう【訪問介護】神奈川県横浜市南区白妙町1-2-101F", "url": "https://www.kaigokensaku.mhlw.go.jp/14/index.php?action_kouhyou_detail_004_kani=true&JigyosyoCd=1470502673-00&ServiceCd=110&Type=search", "url2": "https://www.rindou1226.jp" }, "geometry": { "type": "Point", "coordinates": [ 139.627639833042508, 35.436205535407822 ] } },
{ "type": "Feature", "properties": { "内容": "ユニパレ【訪問介護】神奈川県横浜市南区清水ヶ丘11", "url": "https://www.kaigokensaku.mhlw.go.jp/14/index.php?action_kouhyou_detail_004_kani=true&JigyosyoCd=1470403203-00&ServiceCd=110&Type=search", "url2": null }, "geometry": { "type": "Point", "coordinates": [ 139.612874705353022, 35.439051686524124 ] } },
{ "type": "Feature", "properties": { "内容": "ヘルパーステーション　ほーぷ【訪問介護】神奈川県横浜市南区中島町4丁目82-1", "url": "https://www.kaigokensaku.mhlw.go.jp/14/index.php?action_kouhyou_detail_004_kani=true&JigyosyoCd=1470503515-00&ServiceCd=110&Type=search", "url2": "https://www.helperstationhope.com/" }, "geometry": { "type": "Point", "coordinates": [ 139.601287899999988, 35.424262399999982 ] } },
{ "type": "Feature", "properties": { "内容": "りあんケアステーション東戸塚【訪問介護】神奈川県横浜市南区六ッ川４丁目1142番地12号第１笠原ビル１０３号室", "url": "https://www.kaigokensaku.mhlw.go.jp/14/index.php?action_kouhyou_detail_004_kani=true&JigyosyoCd=1470301787-00&ServiceCd=110&Type=search", "url2": "https://www.ns-care.jp/nursing_nsk.php" }, "geometry": { "type": "Point", "coordinates": [ 139.572843394775362, 35.424459695897411 ] } },
{ "type": "Feature", "properties": { "内容": "横浜市福祉サービス協会　南介護事務所【訪問介護】神奈川県横浜市南区通町４-77浜銀弘明寺ビル３階", "url": "https://www.kaigokensaku.mhlw.go.jp/14/index.php?action_kouhyou_detail_004_kani=true&JigyosyoCd=1470500024-00&ServiceCd=110&Type=search", "url2": "https://www.hama-wel.or.jp/branch/minami/" }, "geometry": { "type": "Point", "coordinates": [ 139.602648600000066, 35.4251268 ] } },
{ "type": "Feature", "properties": { "内容": "フルライフ横浜【訪問介護】神奈川県横浜市南区山王町3-24-8港横浜ビル4階", "url": "https://www.kaigokensaku.mhlw.go.jp/14/index.php?action_kouhyou_detail_004_kani=true&JigyosyoCd=1470500164-00&ServiceCd=110&Type=search", "url2": "https://www.fulllife.co.jp/" }, "geometry": { "type": "Point", "coordinates": [ 139.619241341130873, 35.4361631566453 ] } },
{ "type": "Feature", "properties": { "内容": "ライフケアサポート　シンシア【訪問介護】神奈川県横浜市南区六ツ川２－２７－９８", "url": "https://www.kaigokensaku.mhlw.go.jp/14/index.php?action_kouhyou_detail_004_kani=true&JigyosyoCd=1470500370-00&ServiceCd=110&Type=search", "url2": null }, "geometry": { "type": "Point", "coordinates": [ 139.587311499999942, 35.4224103 ] } },
{ "type": "Feature", "properties": { "内容": "桜樹の森ヘルパーステーション【訪問介護】神奈川県横浜市南区通町4-94神奈中弘明寺ビル2階", "url": "https://www.kaigokensaku.mhlw.go.jp/14/index.php?action_kouhyou_detail_004_kani=true&JigyosyoCd=1470500487-00&ServiceCd=110&Type=search", "url2": "https://shuhokai.or.jp/office/minami-ku/hh-ouju.php" }, "geometry": { "type": "Point", "coordinates": [ 139.602209799999969, 35.4242436 ] } },
{ "type": "Feature", "properties": { "内容": "ベストケアサービス【訪問介護】神奈川県横浜市南区南太田1-11-13ライオンズプラザ南太田120", "url": "https://www.kaigokensaku.mhlw.go.jp/14/index.php?action_kouhyou_detail_004_kani=true&JigyosyoCd=1470500594-00&ServiceCd=110&Type=search", "url2": null }, "geometry": { "type": "Point", "coordinates": [ 139.614245991540542, 35.435378818000778 ] } },
{ "type": "Feature", "properties": { "内容": "ケアステーション　すみれ【訪問介護】神奈川県横浜市南区榎町2-78-1", "url": "https://www.kaigokensaku.mhlw.go.jp/14/index.php?action_kouhyou_detail_004_kani=true&JigyosyoCd=1470500883-00&ServiceCd=110&Type=search", "url2": null }, "geometry": { "type": "Point", "coordinates": [ 139.6147555, 35.4290403 ] } },
{ "type": "Feature", "properties": { "内容": "さんせいケア・サポート【訪問介護】神奈川県横浜市南区宮元町２－４１－１エンパイア宮元町４０１", "url": "https://www.kaigokensaku.mhlw.go.jp/14/index.php?action_kouhyou_detail_004_kani=true&JigyosyoCd=1470500891-00&ServiceCd=110&Type=search", "url2": null }, "geometry": { "type": "Point", "coordinates": [ 139.6110698, 35.4304234 ] } },
{ "type": "Feature", "properties": { "内容": "まごの手介護サービス【訪問介護】神奈川県横浜市南区吉野町2-5-1石田ビル702号", "url": "https://www.kaigokensaku.mhlw.go.jp/14/index.php?action_kouhyou_detail_004_kani=true&JigyosyoCd=1470500966-00&ServiceCd=110&Type=search", "url2": null }, "geometry": { "type": "Point", "coordinates": [ 139.6208825, 35.4358865 ] } },
{ "type": "Feature", "properties": { "内容": "たすけあいゆい　わかば【訪問介護】神奈川県横浜市南区堀ノ内町2-132", "url": "https://www.kaigokensaku.mhlw.go.jp/14/index.php?action_kouhyou_detail_004_kani=true&JigyosyoCd=1470501063-00&ServiceCd=110&Type=search", "url2": "http://www.yui-yui.net/" }, "geometry": { "type": "Point", "coordinates": [ 139.615161, 35.4283626 ] } },
{ "type": "Feature", "properties": { "内容": "セントケア横浜【訪問介護】神奈川県横浜市南区永田東1-1-7アーバンフラット井土ヶ谷2F", "url": "https://www.kaigokensaku.mhlw.go.jp/14/index.php?action_kouhyou_detail_004_kani=true&JigyosyoCd=1470501527-00&ServiceCd=110&Type=search", "url2": "http://www.saintc-k.com/" }, "geometry": { "type": "Point", "coordinates": [ 139.600343299999963, 35.434134 ] } },
{ "type": "Feature", "properties": { "内容": "メープル訪問介護【訪問介護】神奈川県横浜市南区南太田2-1-55ルビーハイム101", "url": "https://www.kaigokensaku.mhlw.go.jp/14/index.php?action_kouhyou_detail_004_kani=true&JigyosyoCd=1470501568-00&ServiceCd=110&Type=search", "url2": "http://www.shouei-care.com/" }, "geometry": { "type": "Point", "coordinates": [ 139.6112726, 35.4358865 ] } },
{ "type": "Feature", "properties": { "内容": "株式会社　さくら【訪問介護】神奈川県横浜市南区宿町１－１８野田ビル２F", "url": "https://www.kaigokensaku.mhlw.go.jp/14/index.php?action_kouhyou_detail_004_kani=true&JigyosyoCd=1470501634-00&ServiceCd=110&Type=search", "url2": "http://www.sakura-tv.info/index.html/" }, "geometry": { "type": "Point", "coordinates": [ 139.612195576057502, 35.432970485218121 ] } },
{ "type": "Feature", "properties": { "内容": "若武者ケア　南事業所【訪問介護】神奈川県横浜市南区南太田1-32-21JFISHIWATAビル1階", "url": "https://www.kaigokensaku.mhlw.go.jp/14/index.php?action_kouhyou_detail_004_kani=true&JigyosyoCd=1470501915-00&ServiceCd=110&Type=search", "url2": "http://www.wakamusha-care.jp/" }, "geometry": { "type": "Point", "coordinates": [ 139.616131013136282, 35.438373471884461 ] } },
{ "type": "Feature", "properties": { "内容": "訪問介護サービス・こみゅにてぃ【訪問介護】神奈川県横浜市南区南太田3-2-15", "url": "https://www.kaigokensaku.mhlw.go.jp/14/index.php?action_kouhyou_detail_004_kani=true&JigyosyoCd=1470501949-00&ServiceCd=110&Type=search", "url2": "http://hp.kaipoke.biz/zf2/index.html" }, "geometry": { "type": "Point", "coordinates": [ 139.606185443107393, 35.434794413726742 ] } },
{ "type": "Feature", "properties": { "内容": "カイトケアサービス【訪問介護】神奈川県横浜市南区六ッ川1丁目693-73サンシティビル201", "url": "https://www.kaigokensaku.mhlw.go.jp/14/index.php?action_kouhyou_detail_004_kani=true&JigyosyoCd=1470502384-00&ServiceCd=110&Type=search", "url2": "http://care-net.biz/14/kaito/company.php" }, "geometry": { "type": "Point", "coordinates": [ 139.584960503070647, 35.423989769505006 ] } },
{ "type": "Feature", "properties": { "内容": "訪問介護ステーション　しあわせの花束【訪問介護】神奈川県横浜市南区通町３－６１－１エスポワール１０１", "url": "https://www.kaigokensaku.mhlw.go.jp/14/index.php?action_kouhyou_detail_004_kani=true&JigyosyoCd=1470502418-00&ServiceCd=110&Type=search", "url2": null }, "geometry": { "type": "Point", "coordinates": [ 139.60337039999996, 35.4258481 ] } },
{ "type": "Feature", "properties": { "内容": "とみぃはうす【訪問介護】神奈川県横浜市南区六ツ川2丁目１２３－１３サウスMYビル2階", "url": "https://www.kaigokensaku.mhlw.go.jp/14/index.php?action_kouhyou_detail_004_kani=true&JigyosyoCd=1470502459-00&ServiceCd=110&Type=search", "url2": "https://tomiihouse2019.jp/" }, "geometry": { "type": "Point", "coordinates": [ 139.5920443, 35.427576399999985 ] } },
{ "type": "Feature", "properties": { "内容": "ヘルプサービスランタン【訪問介護】神奈川県横浜市南区八幡町72-18", "url": "https://www.kaigokensaku.mhlw.go.jp/14/index.php?action_kouhyou_detail_004_kani=true&JigyosyoCd=1470502574-00&ServiceCd=110&Type=search", "url2": null }, "geometry": { "type": "Point", "coordinates": [ 139.629168099999987, 35.4305318 ] } },
{ "type": "Feature", "properties": { "内容": "訪問介護ステーション　白朋苑【訪問介護】神奈川県横浜市南区大岡5-14-21", "url": "https://www.kaigokensaku.mhlw.go.jp/14/index.php?action_kouhyou_detail_004_kani=true&JigyosyoCd=1470502657-00&ServiceCd=110&Type=search", "url2": "https://www.hakuhouen.or.jp/houkaigo.html" }, "geometry": { "type": "Point", "coordinates": [ 139.598395911045117, 35.412032335864595 ] } },
{ "type": "Feature", "properties": { "内容": "あいりすケアセンター【訪問介護】神奈川県横浜市南区永田北1-16-8", "url": "https://www.kaigokensaku.mhlw.go.jp/14/index.php?action_kouhyou_detail_004_kani=true&JigyosyoCd=1470502905-00&ServiceCd=110&Type=search", "url2": "http:/hp.kaipoke.biz/6ke/" }, "geometry": { "type": "Point", "coordinates": [ 139.591674900000044, 35.4389861 ] } },
{ "type": "Feature", "properties": { "内容": "在宅支援　あいサポート【訪問介護】神奈川県横浜市南区西中町4-78", "url": "https://www.kaigokensaku.mhlw.go.jp/14/index.php?action_kouhyou_detail_004_kani=true&JigyosyoCd=1470502913-00&ServiceCd=110&Type=search", "url2": null }, "geometry": { "type": "Point", "coordinates": [ 139.6165969, 35.4389861 ] } },
{ "type": "Feature", "properties": { "内容": "ぴぃすサポート【訪問介護】神奈川県横浜市南区大橋町２－３７メゾンルレーヴ１F", "url": "https://www.kaigokensaku.mhlw.go.jp/14/index.php?action_kouhyou_detail_004_kani=true&JigyosyoCd=1470503036-00&ServiceCd=110&Type=search", "url2": "https://peace-support.jp/company/service" }, "geometry": { "type": "Point", "coordinates": [ 139.60099683862299, 35.426919453332417 ] } },
{ "type": "Feature", "properties": { "内容": "ニチイケアセンター蒔田【訪問介護】神奈川県横浜市南区宮元町3丁目60-3横浜サウスビル202", "url": "https://www.kaigokensaku.mhlw.go.jp/14/index.php?action_kouhyou_detail_004_kani=true&JigyosyoCd=1470503101-00&ServiceCd=110&Type=search", "url2": "https://www.nichiigakkan.co.jp/" }, "geometry": { "type": "Point", "coordinates": [ 139.609783500000049, 35.4295424 ] } },
{ "type": "Feature", "properties": { "内容": "ツクイ横浜上大岡【訪問介護】神奈川県横浜市南区別所1-2-5KESビル1階", "url": "https://www.kaigokensaku.mhlw.go.jp/14/index.php?action_kouhyou_detail_004_kani=true&JigyosyoCd=1470503168-00&ServiceCd=110&Type=search", "url2": "https://www.tsukui.net/" }, "geometry": { "type": "Point", "coordinates": [ 139.5986991, 35.416551 ] } },
{ "type": "Feature", "properties": { "内容": "ヘルパーステーションスマイルアップ【訪問介護】神奈川県横浜市南区弘明寺町字前田157", "url": "https://www.kaigokensaku.mhlw.go.jp/14/index.php?action_kouhyou_detail_004_kani=true&JigyosyoCd=1470503226-00&ServiceCd=110&Type=search", "url2": "https://hs-smileup.com" }, "geometry": { "type": "Point", "coordinates": [ 139.598971534994121, 35.423597396615129 ] } },
{ "type": "Feature", "properties": { "内容": "ヘルパーステーションぽぽ【訪問介護】神奈川県横浜市南区南太田1-11-13ライオンズプラザ南太田334号室", "url": "https://www.kaigokensaku.mhlw.go.jp/14/index.php?action_kouhyou_detail_004_kani=true&JigyosyoCd=1470503333-00&ServiceCd=110&Type=search", "url2": null }, "geometry": { "type": "Point", "coordinates": [ 139.6144883, 35.4354408 ] } },
{ "type": "Feature", "properties": { "内容": "のぞみ介護【訪問介護】神奈川県横浜市南区南吉田町五丁目４５－６ジェミニ吉野町１０２号室", "url": "https://www.kaigokensaku.mhlw.go.jp/14/index.php?action_kouhyou_detail_004_kani=true&JigyosyoCd=1470903012-00&ServiceCd=110&Type=search", "url2": "https://nozomi.narugami.com/" }, "geometry": { "type": "Point", "coordinates": [ 139.616796587482213, 35.43598331448559 ] } },
{ "type": "Feature", "properties": { "内容": "プッチケア【訪問介護】神奈川県横浜市南区大岡二丁目15番5号ユナイト大岡エミリアプッチ101号", "url": "https://www.kaigokensaku.mhlw.go.jp/14/index.php?action_kouhyou_detail_004_kani=true&JigyosyoCd=1470503325-00&ServiceCd=110&Type=search", "url2": null }, "geometry": { "type": "Point", "coordinates": [ 139.6013675, 35.4203792 ] } },
{ "type": "Feature", "properties": { "内容": "マザーライクヘルパーステーション南【訪問介護】神奈川県横浜市南区井土ヶ谷中町44-3ライオンズマンションワイドリバー井土ヶ谷102号", "url": "https://www.kaigokensaku.mhlw.go.jp/14/index.php?action_kouhyou_detail_004_kani=true&JigyosyoCd=1470502350-00&ServiceCd=110&Type=search", "url2": "https://www.motherlike.co.jp/" }, "geometry": { "type": "Point", "coordinates": [ 139.603477413491873, 35.430923833256315 ] } },
{ "type": "Feature", "properties": { "内容": "やさしい手横浜南訪問介護事業所【訪問介護】神奈川県横浜市南区新川町5－28－17オークⅢマンション2階", "url": "https://www.kaigokensaku.mhlw.go.jp/14/index.php?action_kouhyou_detail_004_kani=true&JigyosyoCd=1470503572-00&ServiceCd=110&Type=search", "url2": "https://search.yasashiite.com/detail/mystore173/" }, "geometry": { "type": "Point", "coordinates": [ 139.6175126, 35.4343324 ] } },
{ "type": "Feature", "properties": { "内容": "安心あじさいホーム【訪問介護】神奈川県横浜市南区宮元町3丁目53番地ビクトリービル5階", "url": "https://www.kaigokensaku.mhlw.go.jp/14/index.php?action_kouhyou_detail_004_kani=true&JigyosyoCd=1460790089-00&ServiceCd=110&Type=search", "url2": null }, "geometry": { "type": "Point", "coordinates": [ 139.610197699999958, 35.4305012 ] } },
{ "type": "Feature", "properties": { "内容": "ケアシップ【訪問介護】神奈川県横浜市南区前里町3-55フロムファースト1Ｆ", "url": "https://www.kaigokensaku.mhlw.go.jp/14/index.php?action_kouhyou_detail_004_kani=true&JigyosyoCd=1470402445-00&ServiceCd=110&Type=search", "url2": "https://www.care-ship.com" }, "geometry": { "type": "Point", "coordinates": [ 139.61981779070743, 35.439483277769163 ] } },
{ "type": "Feature", "properties": { "内容": "ホームヘルプサービスソラスト横浜【訪問介護】神奈川県横浜市南区前里町4-102高山ビル202", "url": "https://www.kaigokensaku.mhlw.go.jp/14/index.php?action_kouhyou_detail_004_kani=true&JigyosyoCd=1470500347-00&ServiceCd=110&Type=search", "url2": "https://www.solasto.co.jp" }, "geometry": { "type": "Point", "coordinates": [ 139.617046800000026, 35.4381335 ] } },
{ "type": "Feature", "properties": { "内容": "ゆめのぞみ南【訪問介護】神奈川県横浜市南区井土ヶ谷中町161大八ビル302", "url": "https://www.kaigokensaku.mhlw.go.jp/14/index.php?action_kouhyou_detail_004_kani=true&JigyosyoCd=1470501303-00&ServiceCd=110&Type=search", "url2": "https://www.regiol.co.jp/" }, "geometry": { "type": "Point", "coordinates": [ 139.601008720901518, 35.433580324482499 ] } },
{ "type": "Feature", "properties": { "内容": "香樹の里　ヘルパーステーション【訪問介護】神奈川県横浜市南区六ツ川4-1154-81", "url": "https://www.kaigokensaku.mhlw.go.jp/14/index.php?action_kouhyou_detail_004_kani=true&JigyosyoCd=1470501329-00&ServiceCd=110&Type=search", "url2": "https://www.kusunoki.or.jp" }, "geometry": { "type": "Point", "coordinates": [ 139.572014423248334, 35.424275892971558 ] } },
{ "type": "Feature", "properties": { "内容": "みなみのそら【訪問介護】神奈川県横浜市南区永田東１－６－３０朝日井土ヶ谷マンション２１６号室", "url": "https://www.kaigokensaku.mhlw.go.jp/14/index.php?action_kouhyou_detail_004_kani=true&JigyosyoCd=1470501451-00&ServiceCd=110&Type=search", "url2": null }, "geometry": { "type": "Point", "coordinates": [ 139.598283455928026, 35.436903245864336 ] } },
{ "type": "Feature", "properties": { "内容": "横浜市福祉サービス協会　はーとプランみなみ【訪問介護】神奈川県横浜市南区通町４-77浜銀弘明寺ビル３階", "url": "https://www.kaigokensaku.mhlw.go.jp/14/index.php?action_kouhyou_detail_004_kani=true&JigyosyoCd=1470501501-00&ServiceCd=110&Type=search", "url2": "https://www.hama-wel.or.jp/branch/detail/heartplanminani/" }, "geometry": { "type": "Point", "coordinates": [ 139.602648600000066, 35.4251268 ] } },
{ "type": "Feature", "properties": { "内容": "あんしんケア南【訪問介護】神奈川県横浜市南区万世町2-23-1ポートヴィラAK1F", "url": "https://www.kaigokensaku.mhlw.go.jp/14/index.php?action_kouhyou_detail_004_kani=true&JigyosyoCd=1470502376-00&ServiceCd=110&Type=search", "url2": "https://www.an-shin.co.jp/" }, "geometry": { "type": "Point", "coordinates": [ 139.631451299999981, 35.4360948 ] } },
{ "type": "Feature", "properties": { "内容": "訪問介護HS　ひな【訪問介護】神奈川県横浜市南区庚台22番地", "url": "https://www.kaigokensaku.mhlw.go.jp/14/index.php?action_kouhyou_detail_004_kani=true&JigyosyoCd=1470503358-00&ServiceCd=110&Type=search", "url2": null }, "geometry": { "type": "Point", "coordinates": [ 139.615245855155933, 35.43897401771617 ] } },
{ "type": "Feature", "properties": { "内容": "A-Smile井土ヶ谷【訪問介護】神奈川県横浜市南区井土ヶ谷上町14-8プログレス井土ヶ谷１F", "url": "https://www.kaigokensaku.mhlw.go.jp/14/index.php?action_kouhyou_detail_004_kani=true&JigyosyoCd=1470503408-00&ServiceCd=110&Type=search", "url2": "https://akarie.co.jp/" }, "geometry": { "type": "Point", "coordinates": [ 139.597226099999972, 35.430459500000033 ] } },
{ "type": "Feature", "properties": { "内容": "ケア21　伊勢佐木町【訪問介護】神奈川県横浜市南区高根町２丁目１３番地有限会社小中沢　1F-A号室", "url": "https://www.kaigokensaku.mhlw.go.jp/14/index.php?action_kouhyou_detail_004_kani=true&JigyosyoCd=1470503473-00&ServiceCd=110&Type=search", "url2": "https://www.care21.co.jp" }, "geometry": { "type": "Point", "coordinates": [ 137.068927899999977, 35.20976 ] } },
{ "type": "Feature", "properties": { "内容": "こすもすケアセンター【訪問介護】神奈川県横浜市南区永田東3-12-17大沼ビル2階", "url": "https://www.kaigokensaku.mhlw.go.jp/14/index.php?action_kouhyou_detail_004_kani=true&JigyosyoCd=1473500385-00&ServiceCd=110&Type=search", "url2": null }, "geometry": { "type": "Point", "coordinates": [ 139.5979102, 35.4383279 ] } },
{ "type": "Feature", "properties": { "内容": "アクア　蒔田【訪問介護】神奈川県横浜市南区東蒔田町9番地9蒔田ハウス", "url": "https://www.kaigokensaku.mhlw.go.jp/14/index.php?action_kouhyou_detail_004_kani=true&JigyosyoCd=1470503580-00&ServiceCd=110&Type=search", "url2": "https://aqua-andante.com/" }, "geometry": { "type": "Point", "coordinates": [ 139.6153105, 35.4311196 ] } },
{ "type": "Feature", "properties": { "内容": "Like.Sun.Care【訪問介護】神奈川県横浜市南区六ッ川2-56-16K'sフラット101号室", "url": "https://www.kaigokensaku.mhlw.go.jp/14/index.php?action_kouhyou_detail_004_kani=true&JigyosyoCd=1470503291-00&ServiceCd=110&Type=search", "url2": "http://www.likesuncare.com/" }, "geometry": { "type": "Point", "coordinates": [ 139.581439499999988, 35.4209326 ] } },
{ "type": "Feature", "properties": { "内容": "訪問介護Run【訪問介護】神奈川県横浜市南区中村町3-207-3", "url": "https://www.kaigokensaku.mhlw.go.jp/14/index.php?action_kouhyou_detail_004_kani=true&JigyosyoCd=1470402502-00&ServiceCd=110&Type=search", "url2": null }, "geometry": { "type": "Point", "coordinates": [ 139.630148662396181, 35.432489538514403 ] } },
{ "type": "Feature", "properties": { "内容": "訪問介護　たみケア【訪問介護】神奈川県横浜市南区井土ケ谷上町22-3-102", "url": "https://www.kaigokensaku.mhlw.go.jp/14/index.php?action_kouhyou_detail_004_kani=true&JigyosyoCd=1470503549-00&ServiceCd=110&Type=search", "url2": null }, "geometry": { "type": "Point", "coordinates": [ 139.600311359711299, 35.431299780660844 ] } },
{ "type": "Feature", "properties": { "内容": "横浜介護シニアライフサポート【訪問介護】神奈川県横浜市保土ヶ谷区新桜ヶ丘1丁目36-24", "url": "https://www.kaigokensaku.mhlw.go.jp/14/index.php?action_kouhyou_detail_004_kani=true&JigyosyoCd=1470601889-00&ServiceCd=110&Type=search", "url2": null }, "geometry": { "type": "Point", "coordinates": [ 139.564368300000069, 35.446604 ] } },
{ "type": "Feature", "properties": { "内容": "特定非営利活動法人コアラ東戸塚【訪問介護】神奈川県横浜市保土ケ谷区権太坂二丁目23番16号", "url": "https://www.kaigokensaku.mhlw.go.jp/14/index.php?action_kouhyou_detail_004_kani=true&JigyosyoCd=1470602291-00&ServiceCd=110&Type=search", "url2": null }, "geometry": { "type": "Point", "coordinates": [ 139.570695800000067, 35.438844 ] } },
{ "type": "Feature", "properties": { "内容": "ネコロボマン訪問介護保土ヶ谷店【訪問介護】神奈川県横浜市保土ケ谷区今井町519-75", "url": "https://www.kaigokensaku.mhlw.go.jp/14/index.php?action_kouhyou_detail_004_kani=true&JigyosyoCd=1470602929-00&ServiceCd=110&Type=search", "url2": null }, "geometry": { "type": "Point", "coordinates": [ 139.5563157, 35.4520137 ] } },
{ "type": "Feature", "properties": { "内容": "あすみるヘルパーステーション【訪問介護】神奈川県横浜市保土ケ谷区初音ケ丘9-23リンデンバウム101", "url": "https://www.kaigokensaku.mhlw.go.jp/14/index.php?action_kouhyou_detail_004_kani=true&JigyosyoCd=1470602945-00&ServiceCd=110&Type=search", "url2": null }, "geometry": { "type": "Point", "coordinates": [ 139.582276799999988, 35.4489748 ] } },
{ "type": "Feature", "properties": { "内容": "ケアリッツ保土ヶ谷【訪問介護】神奈川県横浜市保土ケ谷区保土ケ谷町1-33-5", "url": "https://www.kaigokensaku.mhlw.go.jp/14/index.php?action_kouhyou_detail_004_kani=true&JigyosyoCd=1470602978-00&ServiceCd=110&Type=search", "url2": "https://www.careritz.co.jp/station/branch/hodogaya/" }, "geometry": { "type": "Point", "coordinates": [ 139.594309399999986, 35.4448456 ] } },
{ "type": "Feature", "properties": { "内容": "ＭＣサービス（ミリアズコンシェルジュサービス）【訪問介護】神奈川県横浜市保土ヶ谷区天王町1-19-6やまきちビル", "url": "https://www.kaigokensaku.mhlw.go.jp/14/index.php?action_kouhyou_detail_004_kani=true&JigyosyoCd=1470103464-00&ServiceCd=110&Type=search", "url2": null }, "geometry": { "type": "Point", "coordinates": [ 139.602118989854858, 35.456721223327683 ] } },
{ "type": "Feature", "properties": { "内容": "紅雀の和音　訪問介護【訪問介護】神奈川県横浜市保土ケ谷区天王町一丁目17番地6セリーニＦ　1階", "url": "https://www.kaigokensaku.mhlw.go.jp/14/index.php?action_kouhyou_detail_004_kani=true&JigyosyoCd=1470301696-00&ServiceCd=110&Type=search", "url2": "https://benisuzume.com/" }, "geometry": { "type": "Point", "coordinates": [ 139.602686847641337, 35.455964492693823 ] } },
{ "type": "Feature", "properties": { "内容": "さわやか苑【訪問介護】神奈川県横浜市保土ケ谷区上菅田町1723-1", "url": "https://www.kaigokensaku.mhlw.go.jp/14/index.php?action_kouhyou_detail_004_kani=true&JigyosyoCd=1470600022-00&ServiceCd=110&Type=search", "url2": "https://seikoukai-group.or.jp/sawayaka/" }, "geometry": { "type": "Point", "coordinates": [ 139.551229700000022, 35.4951034 ] } },
{ "type": "Feature", "properties": { "内容": "あっぷる保土ヶ谷ケアステーション【訪問介護】神奈川県横浜市保土ヶ谷区天王町2-45-51あっぷるビル3階", "url": "https://www.kaigokensaku.mhlw.go.jp/14/index.php?action_kouhyou_detail_004_kani=true&JigyosyoCd=1470600055-00&ServiceCd=110&Type=search", "url2": "http://www.apple-kaigo.co.jp" }, "geometry": { "type": "Point", "coordinates": [ 139.60208149999994, 35.454426 ] } },
{ "type": "Feature", "properties": { "内容": "有限会社横浜ソフトケアサービスセンター【訪問介護】神奈川県横浜市保土ケ谷区天王町2-36-6第7増田ビル4階", "url": "https://www.kaigokensaku.mhlw.go.jp/14/index.php?action_kouhyou_detail_004_kani=true&JigyosyoCd=1470600477-00&ServiceCd=110&Type=search", "url2": null }, "geometry": { "type": "Point", "coordinates": [ 139.604050700000016, 35.4548898 ] } },
{ "type": "Feature", "properties": { "内容": "横浜市福祉サービス協会　保土ケ谷介護事務所【訪問介護】神奈川県横浜市保土ケ谷区宮田町１－５－１０高梨医療ビル４階", "url": "https://www.kaigokensaku.mhlw.go.jp/14/index.php?action_kouhyou_detail_004_kani=true&JigyosyoCd=1470600519-00&ServiceCd=110&Type=search", "url2": "https://www.hama-wel.or.jp/branch/detail/hodogaya/" }, "geometry": { "type": "Point", "coordinates": [ 139.6044561, 35.4581755 ] } },
{ "type": "Feature", "properties": { "内容": "フルライフ保土ヶ谷【訪問介護】神奈川県横浜市保土ケ谷区岩井町1-7保土ヶ谷駅ビル6階", "url": "https://www.kaigokensaku.mhlw.go.jp/14/index.php?action_kouhyou_detail_004_kani=true&JigyosyoCd=1470600790-00&ServiceCd=110&Type=search", "url2": "https://www.fulllife.co.jp" }, "geometry": { "type": "Point", "coordinates": [ 139.599416616363555, 35.447012526044993 ] } },
{ "type": "Feature", "properties": { "内容": "どんぐりケアサービス【訪問介護】神奈川県横浜市保土ケ谷区今井町５１９－２グレイス保土ヶ谷４０３", "url": "https://www.kaigokensaku.mhlw.go.jp/14/index.php?action_kouhyou_detail_004_kani=true&JigyosyoCd=1470600808-00&ServiceCd=110&Type=search", "url2": null }, "geometry": { "type": "Point", "coordinates": [ 139.556924400000071, 35.4527474 ] } },
{ "type": "Feature", "properties": { "内容": "ケアサービス菜の香【訪問介護】神奈川県横浜市保土ケ谷区神戸町１０５－４", "url": "https://www.kaigokensaku.mhlw.go.jp/14/index.php?action_kouhyou_detail_004_kani=true&JigyosyoCd=1470601103-00&ServiceCd=110&Type=search", "url2": "http://www.y-nanoka.jp/" }, "geometry": { "type": "Point", "coordinates": [ 139.598720899999989, 35.4513319 ] } },
{ "type": "Feature", "properties": { "内容": "セントケア保土ヶ谷【訪問介護】神奈川県横浜市保土ヶ谷区上星川2-49-25", "url": "https://www.kaigokensaku.mhlw.go.jp/14/index.php?action_kouhyou_detail_004_kani=true&JigyosyoCd=1470601111-00&ServiceCd=110&Type=search", "url2": "http://www.saintc-k.com/" }, "geometry": { "type": "Point", "coordinates": [ 139.578241899999966, 35.4747899 ] } },
{ "type": "Feature", "properties": { "内容": "介護支援センターひまわり【訪問介護】神奈川県横浜市保土ケ谷区天王町1-16-1山崎ビル1階101号", "url": "https://www.kaigokensaku.mhlw.go.jp/14/index.php?action_kouhyou_detail_004_kani=true&JigyosyoCd=1470601194-00&ServiceCd=110&Type=search", "url2": "https://www.himawari-center.co.jp" }, "geometry": { "type": "Point", "coordinates": [ 139.603400586045154, 35.456073834398062 ] } },
{ "type": "Feature", "properties": { "内容": "豊穣の大地ヘルパーステーション【訪問介護】神奈川県横浜市保土ヶ谷区和田1丁目13番地1朋和ビル201号室", "url": "https://www.kaigokensaku.mhlw.go.jp/14/index.php?action_kouhyou_detail_004_kani=true&JigyosyoCd=1470601277-00&ServiceCd=110&Type=search", "url2": "http://www.shuhokai.or.jp/office/hodogaya-ku/hh-hojo.php" }, "geometry": { "type": "Point", "coordinates": [ 139.58878, 35.4646608 ] } },
{ "type": "Feature", "properties": { "内容": "福祉クラブ生協　訪問介護ステーション　ゆいまある【訪問介護】神奈川県横浜市保土ヶ谷区天王町1-2-1", "url": "https://www.kaigokensaku.mhlw.go.jp/14/index.php?action_kouhyou_detail_004_kani=true&JigyosyoCd=1470601285-00&ServiceCd=110&Type=search", "url2": null }, "geometry": { "type": "Point", "coordinates": [ 139.605372699999947, 35.456323 ] } },
{ "type": "Feature", "properties": { "内容": "ライフサポート　みとみ　保土ケ谷【訪問介護】神奈川県横浜市保土ケ谷区権太坂2-3-20", "url": "https://www.kaigokensaku.mhlw.go.jp/14/index.php?action_kouhyou_detail_004_kani=true&JigyosyoCd=1470601319-00&ServiceCd=110&Type=search", "url2": "http://www.mitomigroup.com/" }, "geometry": { "type": "Point", "coordinates": [ 139.575896198071348, 35.443730463010475 ] } },
{ "type": "Feature", "properties": { "内容": "若武者ケア　西・保土ヶ谷事業所【訪問介護】神奈川県横浜市保土ヶ谷区天王町1-22-12ANEMOS天王町203号室", "url": "https://www.kaigokensaku.mhlw.go.jp/14/index.php?action_kouhyou_detail_004_kani=true&JigyosyoCd=1470601830-00&ServiceCd=110&Type=search", "url2": "http://www.wakamusha-care.jp/" }, "geometry": { "type": "Point", "coordinates": [ 139.602866058518998, 35.457706921991758 ] } },
{ "type": "Feature", "properties": { "内容": "あった介護　保土ヶ谷【訪問介護】神奈川県横浜市保土ヶ谷区新桜ヶ丘1-18-7", "url": "https://www.kaigokensaku.mhlw.go.jp/14/index.php?action_kouhyou_detail_004_kani=true&JigyosyoCd=1470602325-00&ServiceCd=110&Type=search", "url2": "http://www.atlaina.jp" }, "geometry": { "type": "Point", "coordinates": [ 139.566451383053533, 35.450501421716822 ] } },
{ "type": "Feature", "properties": { "内容": "介護の子鹿【訪問介護】神奈川県横浜市保土ヶ谷区西谷三丁目24-27", "url": "https://www.kaigokensaku.mhlw.go.jp/14/index.php?action_kouhyou_detail_004_kani=true&JigyosyoCd=1470602390-00&ServiceCd=110&Type=search", "url2": "http://www.acup.info/kojika/" }, "geometry": { "type": "Point", "coordinates": [ 139.569575941507367, 35.475997093256844 ] } },
{ "type": "Feature", "properties": { "内容": "介護クラーク保土ヶ谷【訪問介護】神奈川県横浜市保土ヶ谷区東川島町16-10", "url": "https://www.kaigokensaku.mhlw.go.jp/14/index.php?action_kouhyou_detail_004_kani=true&JigyosyoCd=1470602481-00&ServiceCd=110&Type=search", "url2": "https://cuc-hospice.com/" }, "geometry": { "type": "Point", "coordinates": [ 139.57185370000002, 35.4745431 ] } },
{ "type": "Feature", "properties": { "内容": "ツクイ横浜保土ヶ谷【訪問介護】神奈川県横浜市保土ヶ谷区峰岡町2-335-2", "url": "https://www.kaigokensaku.mhlw.go.jp/14/index.php?action_kouhyou_detail_004_kani=true&JigyosyoCd=1470602598-00&ServiceCd=110&Type=search", "url2": "http://www.tsukui.net/" }, "geometry": { "type": "Point", "coordinates": [ 139.548928061278957, 35.525706707566805 ] } },
{ "type": "Feature", "properties": { "内容": "訪問介護　寿　上菅田【訪問介護】神奈川県横浜市保土ヶ谷区西谷4-8-6庄子ビル２F", "url": "https://www.kaigokensaku.mhlw.go.jp/14/index.php?action_kouhyou_detail_004_kani=true&JigyosyoCd=1470602614-00&ServiceCd=110&Type=search", "url2": null }, "geometry": { "type": "Point", "coordinates": [ 139.56556456607828, 35.477169183775409 ] } },
{ "type": "Feature", "properties": { "内容": "合同会社みらいライフ【訪問介護】神奈川県横浜市保土ヶ谷区西谷3-12-23ロイヤルハウス102号", "url": "https://www.kaigokensaku.mhlw.go.jp/14/index.php?action_kouhyou_detail_004_kani=true&JigyosyoCd=1470602663-00&ServiceCd=110&Type=search", "url2": "http://hp.kaipoke.biz/2kg/" }, "geometry": { "type": "Point", "coordinates": [ 139.5693784, 35.4766433 ] } },
{ "type": "Feature", "properties": { "内容": "びゅう福祉サポート【訪問介護】神奈川県横浜市保土ヶ谷区天王町2-45-11Y.R.FLAT502", "url": "https://www.kaigokensaku.mhlw.go.jp/14/index.php?action_kouhyou_detail_004_kani=true&JigyosyoCd=1470602705-00&ServiceCd=110&Type=search", "url2": null }, "geometry": { "type": "Point", "coordinates": [ 139.601358299999987, 35.4541166 ] } },
{ "type": "Feature", "properties": { "内容": "合同会社はるかぜケアサービス【訪問介護】神奈川県横浜市保土ヶ谷区新井町412-3番地ライオンズマンション西谷２０２号", "url": "https://www.kaigokensaku.mhlw.go.jp/14/index.php?action_kouhyou_detail_004_kani=true&JigyosyoCd=1470602770-00&ServiceCd=110&Type=search", "url2": null }, "geometry": { "type": "Point", "coordinates": [ 139.5508999, 35.4923813 ] } },
{ "type": "Feature", "properties": { "内容": "ヘルパー事業所　人・花　ほどがや【訪問介護】神奈川県横浜市保土ケ谷区星川3-12-11スカイコート星川１階１０１号室", "url": "https://www.kaigokensaku.mhlw.go.jp/14/index.php?action_kouhyou_detail_004_kani=true&JigyosyoCd=1470602788-00&ServiceCd=110&Type=search", "url2": "https://hitohana.co.jp/hphodogaya.html" }, "geometry": { "type": "Point", "coordinates": [ 139.5883619, 35.4627009 ] } },
{ "type": "Feature", "properties": { "内容": "ツクイ横浜東戸塚【訪問介護】神奈川県横浜市保土ヶ谷区権太坂3丁目6-1デュオセーヌ横濱東戸塚", "url": "https://www.kaigokensaku.mhlw.go.jp/14/index.php?action_kouhyou_detail_004_kani=true&JigyosyoCd=1471003754-00&ServiceCd=110&Type=search", "url2": "https://www.tsukui.net/" }, "geometry": { "type": "Point", "coordinates": [ 139.573958015832488, 35.437125308143223 ] } },
{ "type": "Feature", "properties": { "内容": "ニチイケアセンター上星川【訪問介護】神奈川県横浜市保土ケ谷区上星川1-4-3カスティールタナベ2階　Ｂ号室", "url": "https://www.kaigokensaku.mhlw.go.jp/14/index.php?action_kouhyou_detail_004_kani=true&JigyosyoCd=1470600691-00&ServiceCd=110&Type=search", "url2": "http://www.nichiigakkan.co.jp" }, "geometry": { "type": "Point", "coordinates": [ 139.580327899999929, 35.4683296 ] } },
{ "type": "Feature", "properties": { "内容": "特定非営利活動法人　ふじさくら【訪問介護】神奈川県横浜市保土ヶ谷区星川1-12-6メゾンベジタブル1B", "url": "https://www.kaigokensaku.mhlw.go.jp/14/index.php?action_kouhyou_detail_004_kani=true&JigyosyoCd=1470601046-00&ServiceCd=110&Type=search", "url2": null }, "geometry": { "type": "Point", "coordinates": [ 139.594485100000043, 35.4560313 ] } },
{ "type": "Feature", "properties": { "内容": "あんしんケア保土ヶ谷【訪問介護】神奈川県横浜市保土ヶ谷区岩間町1-6-17レスカル天王町1Ｆ", "url": "https://www.kaigokensaku.mhlw.go.jp/14/index.php?action_kouhyou_detail_004_kani=true&JigyosyoCd=1470602200-00&ServiceCd=110&Type=search", "url2": "http://www.an-shin.co.jp" }, "geometry": { "type": "Point", "coordinates": [ 139.602617372387272, 35.453055518906915 ] } },
{ "type": "Feature", "properties": { "内容": "学研ココファン横浜天王町ヘルパーセンター【訪問介護】神奈川県横浜市保土ヶ谷区天王町2-38-3", "url": "https://www.kaigokensaku.mhlw.go.jp/14/index.php?action_kouhyou_detail_004_kani=true&JigyosyoCd=1470602465-00&ServiceCd=110&Type=search", "url2": "https://www.cocofump.co.jp/" }, "geometry": { "type": "Point", "coordinates": [ 139.603184100000021, 35.4548204 ] } },
{ "type": "Feature", "properties": { "内容": "訪問介護ステーションしずく【訪問介護】神奈川県横浜市保土ヶ谷区星川1-4-10ハイツリヴァ・スター4階　407号", "url": "https://www.kaigokensaku.mhlw.go.jp/14/index.php?action_kouhyou_detail_004_kani=true&JigyosyoCd=1470602861-00&ServiceCd=110&Type=search", "url2": null }, "geometry": { "type": "Point", "coordinates": [ 139.595215200000013, 35.457570699999977 ] } },
{ "type": "Feature", "properties": { "内容": "みんなの訪問介護【訪問介護】神奈川県横浜市保土ヶ谷区境木町114-1", "url": "https://www.kaigokensaku.mhlw.go.jp/14/index.php?action_kouhyou_detail_004_kani=true&JigyosyoCd=1470602887-00&ServiceCd=110&Type=search", "url2": "https://minnano-kango.jp/" }, "geometry": { "type": "Point", "coordinates": [ 139.560736460342127, 35.437072888464982 ] } },
{ "type": "Feature", "properties": { "内容": "きらきらヘルパーサービス【訪問介護】神奈川県横浜市保土ヶ谷区岩井町50長谷川ビル601", "url": "https://www.kaigokensaku.mhlw.go.jp/14/index.php?action_kouhyou_detail_004_kani=true&JigyosyoCd=1470602895-00&ServiceCd=110&Type=search", "url2": null }, "geometry": { "type": "Point", "coordinates": [ 139.597718500000013, 35.4449384 ] } },
{ "type": "Feature", "properties": { "内容": "訪問介護　kirara【訪問介護】神奈川県横浜市保土ヶ谷区天王町1-18-2レジデンス・チノ１－２０１号", "url": "https://www.kaigokensaku.mhlw.go.jp/14/index.php?action_kouhyou_detail_004_kani=true&JigyosyoCd=1470602903-00&ServiceCd=110&Type=search", "url2": null }, "geometry": { "type": "Point", "coordinates": [ 139.602485637688062, 35.456088258487938 ] } },
{ "type": "Feature", "properties": { "内容": "よこはま介護センター【訪問介護】神奈川県横浜市保土ヶ谷区新桜ヶ丘２−３０−１", "url": "https://www.kaigokensaku.mhlw.go.jp/14/index.php?action_kouhyou_detail_004_kani=true&JigyosyoCd=1470602655-00&ServiceCd=110&Type=search", "url2": "http://yokohamacarecenter.work/" }, "geometry": { "type": "Point", "coordinates": [ 139.5652714, 35.4540214 ] } },
{ "type": "Feature", "properties": { "内容": "マザーライクヘルパーステーション保土ヶ谷【訪問介護】神奈川県横浜市保土ヶ谷区新井町463ニューハイツ石井B15", "url": "https://www.kaigokensaku.mhlw.go.jp/14/index.php?action_kouhyou_detail_004_kani=true&JigyosyoCd=1470601798-00&ServiceCd=110&Type=search", "url2": "http://www.motherlike.co.jp" }, "geometry": { "type": "Point", "coordinates": [ 139.552057608985592, 35.491144299021421 ] } },
{ "type": "Feature", "properties": { "内容": "ニチイケアセンター保土ヶ谷【訪問介護】神奈川県横浜市保土ケ谷区帷子町2-99-2ヴィラソレイユ211", "url": "https://www.kaigokensaku.mhlw.go.jp/14/index.php?action_kouhyou_detail_004_kani=true&JigyosyoCd=1470600295-00&ServiceCd=110&Type=search", "url2": "http://www.nichiigakkan.co.jp" }, "geometry": { "type": "Point", "coordinates": [ 139.596829599999978, 35.4458492 ] } },
{ "type": "Feature", "properties": { "内容": "みなみケアサービス【訪問介護】神奈川県横浜市保土ケ谷区仏向町422番地7", "url": "https://www.kaigokensaku.mhlw.go.jp/14/index.php?action_kouhyou_detail_004_kani=true&JigyosyoCd=1470600709-00&ServiceCd=110&Type=search", "url2": "https://minamicare-since2003-12.jimdofree.com/" }, "geometry": { "type": "Point", "coordinates": [ 139.582516700000042, 35.4615166 ] } },
{ "type": "Feature", "properties": { "内容": "合同会社國吉【訪問介護】神奈川県横浜市保土ヶ谷区法泉一丁目２１番４－３号", "url": "https://www.kaigokensaku.mhlw.go.jp/14/index.php?action_kouhyou_detail_004_kani=true&JigyosyoCd=1470602838-00&ServiceCd=110&Type=search", "url2": null }, "geometry": { "type": "Point", "coordinates": [ 139.5751684, 35.4470129 ] } },
{ "type": "Feature", "properties": { "内容": "在宅ケアサービス　ソラスト保土ヶ谷【訪問介護】神奈川県横浜市保土ヶ谷区岩井町123-2保土ヶ谷駅前ハイツ2号棟102", "url": "https://www.kaigokensaku.mhlw.go.jp/14/index.php?action_kouhyou_detail_004_kani=true&JigyosyoCd=1470601558-00&ServiceCd=110&Type=search", "url2": "http://solasto-kaigo.com/care/area/solastohodogaya.html" }, "geometry": { "type": "Point", "coordinates": [ 139.600157, 35.4454215 ] } },
{ "type": "Feature", "properties": { "内容": "絆【訪問介護】神奈川県横浜市保土ヶ谷区権太坂３丁目18-7-2", "url": "https://www.kaigokensaku.mhlw.go.jp/14/index.php?action_kouhyou_detail_004_kani=true&JigyosyoCd=1470602986-00&ServiceCd=110&Type=search", "url2": "https://linkstars.info/" }, "geometry": { "type": "Point", "coordinates": [ 139.5749808, 35.4347362 ] } },
{ "type": "Feature", "properties": { "内容": "横浜市福祉サービス協会　訪問介護看護ほどがや【訪問介護】神奈川県横浜市保土ヶ谷区宮田町1-5-10高梨医療ビル４階", "url": "https://www.kaigokensaku.mhlw.go.jp/14/index.php?action_kouhyou_detail_004_kani=true&JigyosyoCd=1470602994-00&ServiceCd=110&Type=search", "url2": "https://www.hama-wel.or.jp/branch/visitkaigohodogaya/" }, "geometry": { "type": "Point", "coordinates": [ 139.604414454878992, 35.458119178676007 ] } },
{ "type": "Feature", "properties": { "内容": "ニチイケアセンター美立橋【訪問介護】神奈川県横浜市保土ヶ谷区今井町784-1レジデンス美立橋303", "url": "https://www.kaigokensaku.mhlw.go.jp/14/index.php?action_kouhyou_detail_004_kani=true&JigyosyoCd=1470602507-00&ServiceCd=110&Type=search", "url2": "http://www.nichiigakkan.co.jp" }, "geometry": { "type": "Point", "coordinates": [ 139.555949, 35.4515162 ] } },
{ "type": "Feature", "properties": { "内容": "Cizヘルパーステーション保土ヶ谷【訪問介護】神奈川県横浜市保土ケ谷区坂本町106-1シーズメディカルホーム保土ヶ谷", "url": "https://www.kaigokensaku.mhlw.go.jp/14/index.php?action_kouhyou_detail_004_kani=true&JigyosyoCd=1470603018-00&ServiceCd=110&Type=search", "url2": "https://medicalhome.citech.co.jp/" }, "geometry": { "type": "Point", "coordinates": [ 139.5791903, 35.4656087 ] } },
{ "type": "Feature", "properties": { "内容": "訪問介護　せんじゅ【訪問介護】神奈川県横浜市磯子区上中里町785-8", "url": "https://www.kaigokensaku.mhlw.go.jp/14/index.php?action_kouhyou_detail_004_kani=true&JigyosyoCd=1470402049-00&ServiceCd=110&Type=search", "url2": null }, "geometry": { "type": "Point", "coordinates": [ 139.61271977940288, 35.367684261900145 ] } },
{ "type": "Feature", "properties": { "内容": "磯風の謡ヘルパーステーション【訪問介護】神奈川県横浜市磯子区磯子3-8-20サムティレジデンス横濱磯子1階", "url": "https://www.kaigokensaku.mhlw.go.jp/14/index.php?action_kouhyou_detail_004_kani=true&JigyosyoCd=1470700137-00&ServiceCd=110&Type=search", "url2": "https://shuhokai.or.jp/office/isogo-ku/hh-isokaze.php" }, "geometry": { "type": "Point", "coordinates": [ 139.61942160000001, 35.4047884 ] } },
{ "type": "Feature", "properties": { "内容": "ベネッセ介護センター磯子【訪問介護】神奈川県横浜市磯子区中原2-3-28セシリア新杉田１階", "url": "https://www.kaigokensaku.mhlw.go.jp/14/index.php?action_kouhyou_detail_004_kani=true&JigyosyoCd=1470700277-00&ServiceCd=110&Type=search", "url2": "https://zaitaku.benesse-style-care.co.jp/base/kc-isogo" }, "geometry": { "type": "Point", "coordinates": [ 139.6177778, 35.3872182 ] } },
{ "type": "Feature", "properties": { "内容": "たすけあい磯子【訪問介護】神奈川県横浜市磯子区洋光台4-6-8", "url": "https://www.kaigokensaku.mhlw.go.jp/14/index.php?action_kouhyou_detail_004_kani=true&JigyosyoCd=1470700293-00&ServiceCd=110&Type=search", "url2": "https://www.npotasukeaiisogo.jp/index.html" }, "geometry": { "type": "Point", "coordinates": [ 139.598368260289249, 35.378811438283989 ] } },
{ "type": "Feature", "properties": { "内容": "福祉の森【訪問介護】神奈川県横浜市磯子区森3-9-12", "url": "https://www.kaigokensaku.mhlw.go.jp/14/index.php?action_kouhyou_detail_004_kani=true&JigyosyoCd=1470700343-00&ServiceCd=110&Type=search", "url2": "http://www.fukushinomori.co.jp/" }, "geometry": { "type": "Point", "coordinates": [ 139.614475199999987, 35.3917398 ] } },
{ "type": "Feature", "properties": { "内容": "フルライフ磯子【訪問介護】神奈川県横浜市磯子区磯子3-3-21磯子江戸徳ビル1階山側事務所3", "url": "https://www.kaigokensaku.mhlw.go.jp/14/index.php?action_kouhyou_detail_004_kani=true&JigyosyoCd=1470700434-00&ServiceCd=110&Type=search", "url2": "https://www.fulllife.co.jp/branch/area/yokohama/isogo/" }, "geometry": { "type": "Point", "coordinates": [ 139.619870719587681, 35.403727692103345 ] } },
{ "type": "Feature", "properties": { "内容": "ニチイケアセンター磯子【訪問介護】神奈川県横浜市磯子区東町１５－３２モンビル横浜根岸308号", "url": "https://www.kaigokensaku.mhlw.go.jp/14/index.php?action_kouhyou_detail_004_kani=true&JigyosyoCd=1470700657-00&ServiceCd=110&Type=search", "url2": "http://www.nichii-kaigo.jp/base/base-result/05K60/" }, "geometry": { "type": "Point", "coordinates": [ 139.6354288, 35.4168227 ] } },
{ "type": "Feature", "properties": { "内容": "みのりサポート【訪問介護】神奈川県横浜市磯子区洋光台5-3-6202", "url": "https://www.kaigokensaku.mhlw.go.jp/14/index.php?action_kouhyou_detail_004_kani=true&JigyosyoCd=1470700699-00&ServiceCd=110&Type=search", "url2": "https://www.minorisupport.com/jj.html#hmn" }, "geometry": { "type": "Point", "coordinates": [ 139.593989541169748, 35.37639118974608 ] } },
{ "type": "Feature", "properties": { "内容": "訪問介護　たけとり【訪問介護】神奈川県横浜市磯子区杉田5-21-41", "url": "https://www.kaigokensaku.mhlw.go.jp/14/index.php?action_kouhyou_detail_004_kani=true&JigyosyoCd=1470700798-00&ServiceCd=110&Type=search", "url2": "https://www.navida.ne.jp/snavi/101079_1.html" }, "geometry": { "type": "Point", "coordinates": [ 139.622860800000012, 35.3800665 ] } },
{ "type": "Feature", "properties": { "内容": "セントケア磯子【訪問介護】神奈川県横浜市磯子区中原2-1-17サンライトツチヤビル１階", "url": "https://www.kaigokensaku.mhlw.go.jp/14/index.php?action_kouhyou_detail_004_kani=true&JigyosyoCd=1470701101-00&ServiceCd=110&Type=search", "url2": "http://www.saintc-k.com/" }, "geometry": { "type": "Point", "coordinates": [ 139.617055599999958, 35.3884958 ] } },
{ "type": "Feature", "properties": { "内容": "ハートケア　つくし【訪問介護】神奈川県横浜市磯子区広地町7-12あっとほーむ広地", "url": "https://www.kaigokensaku.mhlw.go.jp/14/index.php?action_kouhyou_detail_004_kani=true&JigyosyoCd=1470701143-00&ServiceCd=110&Type=search", "url2": "https://kaigo-heart.wixsite.com/tukusiisogo" }, "geometry": { "type": "Point", "coordinates": [ 139.6231851, 35.4169394 ] } },
{ "type": "Feature", "properties": { "内容": "みらいケアサービス【訪問介護】神奈川県横浜市磯子区岡村町7-17-6", "url": "https://www.kaigokensaku.mhlw.go.jp/14/index.php?action_kouhyou_detail_004_kani=true&JigyosyoCd=1470701374-00&ServiceCd=110&Type=search", "url2": "http://hp.kaipoke.biz/tnh/55773/index_0003.html" }, "geometry": { "type": "Point", "coordinates": [ 139.618666100000041, 35.4186863 ] } },
{ "type": "Feature", "properties": { "内容": "ニチイケアセンター杉田【訪問介護】神奈川県横浜市磯子区杉田４－７－３２", "url": "https://www.kaigokensaku.mhlw.go.jp/14/index.php?action_kouhyou_detail_004_kani=true&JigyosyoCd=1470701523-00&ServiceCd=110&Type=search", "url2": "http://www.nichii-kaigo.jp/base/base-result/05P55/" }, "geometry": { "type": "Point", "coordinates": [ 139.620352195106534, 35.383360183079688 ] } },
{ "type": "Feature", "properties": { "内容": "株式会社　ダックス【訪問介護】神奈川県横浜市磯子区岡村7-16-21", "url": "https://www.kaigokensaku.mhlw.go.jp/14/index.php?action_kouhyou_detail_004_kani=true&JigyosyoCd=1470701564-00&ServiceCd=110&Type=search", "url2": null }, "geometry": { "type": "Point", "coordinates": [ 139.615316500000063, 35.412676 ] } },
{ "type": "Feature", "properties": { "内容": "やさしい手磯子訪問介護事業所【訪問介護】神奈川県横浜市磯子区中原2丁目7-2ニッコービル磯子1階", "url": "https://www.kaigokensaku.mhlw.go.jp/14/index.php?action_kouhyou_detail_004_kani=true&JigyosyoCd=1470701911-00&ServiceCd=110&Type=search", "url2": "http://www.yasashiite.com" }, "geometry": { "type": "Point", "coordinates": [ 139.616972300000043, 35.3872321 ] } },
{ "type": "Feature", "properties": { "内容": "横浜市福祉サービス協会　訪問介護看護いそご【訪問介護】神奈川県横浜市磯子磯子三丁目３番21号磯子江戸徳ビル１階", "url": "https://www.kaigokensaku.mhlw.go.jp/14/index.php?action_kouhyou_detail_004_kani=true&JigyosyoCd=1470702042-00&ServiceCd=110&Type=search", "url2": "https://www.hama-wel.or.jp/branch/hps_isogo/" }, "geometry": { "type": "Point", "coordinates": [ 139.635484799999972, 35.4168523 ] } },
{ "type": "Feature", "properties": { "内容": "ジョイ・サプライ磯子【訪問介護】神奈川県横浜市磯子区田中2‐24‐2ATB錦衣103号", "url": "https://www.kaigokensaku.mhlw.go.jp/14/index.php?action_kouhyou_detail_004_kani=true&JigyosyoCd=1470702075-00&ServiceCd=110&Type=search", "url2": "https://care-net.biz/14/raifu0210/company.php" }, "geometry": { "type": "Point", "coordinates": [ 139.603603907795701, 35.383843893437245 ] } },
{ "type": "Feature", "properties": { "内容": "若武者ケア　磯子事業所【訪問介護】神奈川県横浜市磯子区森1-15-12第2磯子ハイツ105号室", "url": "https://www.kaigokensaku.mhlw.go.jp/14/index.php?action_kouhyou_detail_004_kani=true&JigyosyoCd=1470702091-00&ServiceCd=110&Type=search", "url2": "https://www.wakamusha-care.jp/company/office" }, "geometry": { "type": "Point", "coordinates": [ 139.6149368, 35.39712640000004 ] } },
{ "type": "Feature", "properties": { "内容": "ツクイ横浜磯子【訪問介護】神奈川県横浜市磯子区中原2-2-11シーサイドパレス新杉田1階101", "url": "https://www.kaigokensaku.mhlw.go.jp/14/index.php?action_kouhyou_detail_004_kani=true&JigyosyoCd=1470702117-00&ServiceCd=110&Type=search", "url2": "https://www.tsukui.net" }, "geometry": { "type": "Point", "coordinates": [ 139.6178354, 35.3877865 ] } },
{ "type": "Feature", "properties": { "内容": "特定非営利活動法人　ワーカーズ・コレクティブ　樹【訪問介護】神奈川県横浜市磯子区磯子台２１番２４号", "url": "https://www.kaigokensaku.mhlw.go.jp/14/index.php?action_kouhyou_detail_004_kani=true&JigyosyoCd=1470801141-00&ServiceCd=110&Type=search", "url2": "http://www.npo-arbre.jp/" }, "geometry": { "type": "Point", "coordinates": [ 139.614713, 35.404665 ] } },
{ "type": "Feature", "properties": { "内容": "あきの里【訪問介護】神奈川県横浜市磯子区杉田5-7-7ライフコート杉田４０６", "url": "https://www.kaigokensaku.mhlw.go.jp/14/index.php?action_kouhyou_detail_004_kani=true&JigyosyoCd=1460790071-00&ServiceCd=110&Type=search", "url2": "http://care-net.biz/14/akinosato/company.php#outline" }, "geometry": { "type": "Point", "coordinates": [ 139.6218831, 35.380099800000032 ] } },
{ "type": "Feature", "properties": { "内容": "ケアステーション桜【訪問介護】神奈川県横浜市磯子区磯子3-1-46西川ビル601", "url": "https://www.kaigokensaku.mhlw.go.jp/14/index.php?action_kouhyou_detail_004_kani=true&JigyosyoCd=1470501873-00&ServiceCd=110&Type=search", "url2": "https://sakura-grit.com/" }, "geometry": { "type": "Point", "coordinates": [ 139.621301553831387, 35.407561013597771 ] } },
{ "type": "Feature", "properties": { "内容": "株式会社　マーメイドケアー【訪問介護】神奈川県横浜市磯子区丸山１－１５－２５", "url": "https://www.kaigokensaku.mhlw.go.jp/14/index.php?action_kouhyou_detail_004_kani=true&JigyosyoCd=1470700210-00&ServiceCd=110&Type=search", "url2": null }, "geometry": { "type": "Point", "coordinates": [ 139.621265799999946, 35.4252104 ] } },
{ "type": "Feature", "properties": { "内容": "ＮＰＯ法人　汐見台福祉コミュニティ・ホームサービス部会【訪問介護】神奈川県横浜市磯子区汐見台２－４－５", "url": "https://www.kaigokensaku.mhlw.go.jp/14/index.php?action_kouhyou_detail_004_kani=true&JigyosyoCd=1470700517-00&ServiceCd=110&Type=search", "url2": "https://care-net.biz/14/shiomi" }, "geometry": { "type": "Point", "coordinates": [ 139.609806099999986, 35.4017079 ] } },
{ "type": "Feature", "properties": { "内容": "ゆずりは【訪問介護】神奈川県横浜市磯子区岡村6-10-2", "url": "https://www.kaigokensaku.mhlw.go.jp/14/index.php?action_kouhyou_detail_004_kani=true&JigyosyoCd=1470701077-00&ServiceCd=110&Type=search", "url2": null }, "geometry": { "type": "Point", "coordinates": [ 139.6104745766213, 35.41344633333857 ] } },
{ "type": "Feature", "properties": { "内容": "横浜市福祉サービス協会　ヘルパーステーション磯子【訪問介護】神奈川県横浜市磯子区磯子三丁目３番21号磯子江戸徳ビル１階", "url": "https://www.kaigokensaku.mhlw.go.jp/14/index.php?action_kouhyou_detail_004_kani=true&JigyosyoCd=1470701267-00&ServiceCd=110&Type=search", "url2": "https://www.hama-wel.or.jp/branch/hps_isogo/" }, "geometry": { "type": "Point", "coordinates": [ 139.619817616966742, 35.403658296712834 ] } },
{ "type": "Feature", "properties": { "内容": "ウィル　ケアサービス【訪問介護】神奈川県横浜市磯子区岡村３－１－２", "url": "https://www.kaigokensaku.mhlw.go.jp/14/index.php?action_kouhyou_detail_004_kani=true&JigyosyoCd=1470701440-00&ServiceCd=110&Type=search", "url2": null }, "geometry": { "type": "Point", "coordinates": [ 139.619537756057071, 35.419001484395935 ] } },
{ "type": "Feature", "properties": { "内容": "アスモ介護サービス港南【訪問介護】神奈川県横浜市磯子区田中2-1-2KKビル102号室", "url": "https://www.kaigokensaku.mhlw.go.jp/14/index.php?action_kouhyou_detail_004_kani=true&JigyosyoCd=1470701499-00&ServiceCd=110&Type=search", "url2": "https://www.asmokaigo.co.jp/placelist/place2.html" }, "geometry": { "type": "Point", "coordinates": [ 139.601918399999931, 35.3855069 ] } },
{ "type": "Feature", "properties": { "内容": "訪問介護　ふくろう【訪問介護】神奈川県横浜市磯子区上中里町393-1", "url": "https://www.kaigokensaku.mhlw.go.jp/14/index.php?action_kouhyou_detail_004_kani=true&JigyosyoCd=1470701812-00&ServiceCd=110&Type=search", "url2": "https://www.kaigo-fukurou.jp" }, "geometry": { "type": "Point", "coordinates": [ 139.6269981, 35.4213811 ] } },
{ "type": "Feature", "properties": { "内容": "いろどり介護【訪問介護】神奈川県横浜市磯子区中原3‐4‐17シティハイツ中原104", "url": "https://www.kaigokensaku.mhlw.go.jp/14/index.php?action_kouhyou_detail_004_kani=true&JigyosyoCd=1470702026-00&ServiceCd=110&Type=search", "url2": null }, "geometry": { "type": "Point", "coordinates": [ 139.61123819908903, 35.388640327381928 ] } },
{ "type": "Feature", "properties": { "内容": "訪問介護事業所　フローレンス洋光台【訪問介護】神奈川県横浜市磯子区洋光台3-24-26フローレンスホーム洋光台", "url": "https://www.kaigokensaku.mhlw.go.jp/14/index.php?action_kouhyou_detail_004_kani=true&JigyosyoCd=1470702034-00&ServiceCd=110&Type=search", "url2": null }, "geometry": { "type": "Point", "coordinates": [ 139.597027700000012, 35.382513100000047 ] } },
{ "type": "Feature", "properties": { "内容": "あった介護磯子【訪問介護】神奈川県横浜市磯子区洋光台5丁目14番12号洋光台ハイツ101-1", "url": "https://www.kaigokensaku.mhlw.go.jp/14/index.php?action_kouhyou_detail_004_kani=true&JigyosyoCd=1470702190-00&ServiceCd=110&Type=search", "url2": "https://www.atlaina.co.jp/" }, "geometry": { "type": "Point", "coordinates": [ 139.5925872, 35.3772753 ] } },
{ "type": "Feature", "properties": { "内容": "訪問介護本舗　結　磯子【訪問介護】神奈川県横浜市磯子区田中１ー２５ー９Ｗ．Ｊ田中１Ｆ", "url": "https://www.kaigokensaku.mhlw.go.jp/14/index.php?action_kouhyou_detail_004_kani=true&JigyosyoCd=1470702216-00&ServiceCd=110&Type=search", "url2": "http://dayservicehonpo.jp/houmonyuiisogo/" }, "geometry": { "type": "Point", "coordinates": [ 139.603406399999983, 35.384257799999986 ] } },
{ "type": "Feature", "properties": { "内容": "ふれあいの家　訪問介護ステーション磯子【訪問介護】神奈川県横浜市磯子区原町12-1", "url": "https://www.kaigokensaku.mhlw.go.jp/14/index.php?action_kouhyou_detail_004_kani=true&JigyosyoCd=1470702273-00&ServiceCd=110&Type=search", "url2": "https://michot.jp" }, "geometry": { "type": "Point", "coordinates": [ 139.628747800000014, 35.4148567 ] } },
{ "type": "Feature", "properties": { "内容": "naluいそごヘルパーステーション【訪問介護】神奈川県横浜市磯子区中原1-1-14神奈川県理容会館1階1号", "url": "https://www.kaigokensaku.mhlw.go.jp/14/index.php?action_kouhyou_detail_004_kani=true&JigyosyoCd=1473103032-00&ServiceCd=110&Type=search", "url2": "https://www.kainalu.top/business" }, "geometry": { "type": "Point", "coordinates": [ 139.617074097302009, 35.389597144268151 ] } },
{ "type": "Feature", "properties": { "内容": "ヘルパーステーションあんぶれら【訪問介護】神奈川県横浜市磯子区中原2丁目3－28セシリア新杉田101号", "url": "https://www.kaigokensaku.mhlw.go.jp/14/index.php?action_kouhyou_detail_004_kani=true&JigyosyoCd=1470702315-00&ServiceCd=110&Type=search", "url2": null }, "geometry": { "type": "Point", "coordinates": [ 139.617804, 35.3872625 ] } },
{ "type": "Feature", "properties": { "内容": "特定非営利活動法人　介護のとも【訪問介護】神奈川県横浜市金沢区釜利谷東２－１６－７マンションことぶき２０３号", "url": "https://www.kaigokensaku.mhlw.go.jp/14/index.php?action_kouhyou_detail_004_kani=true&JigyosyoCd=1470501121-00&ServiceCd=110&Type=search", "url2": null }, "geometry": { "type": "Point", "coordinates": [ 139.626718200000028, 35.4306873 ] } },
{ "type": "Feature", "properties": { "内容": "横浜市福祉サービス協会　金沢介護事務所【訪問介護】神奈川県横浜市金沢区泥亀１－１７－１５大西第３ビル２階", "url": "https://www.kaigokensaku.mhlw.go.jp/14/index.php?action_kouhyou_detail_004_kani=true&JigyosyoCd=1470800010-00&ServiceCd=110&Type=search", "url2": "http://www.hama-wel.or.jp/branch/detail/kanazawa/" }, "geometry": { "type": "Point", "coordinates": [ 139.62360549999994, 35.3402388 ] } },
{ "type": "Feature", "properties": { "内容": "介護福祉サービス　守の会【訪問介護】神奈川県横浜市金沢区乙舳町10-24オープスト野島107", "url": "https://www.kaigokensaku.mhlw.go.jp/14/index.php?action_kouhyou_detail_004_kani=true&JigyosyoCd=1470800135-00&ServiceCd=110&Type=search", "url2": "http://www.morinokai.yokohama/blog/" }, "geometry": { "type": "Point", "coordinates": [ 139.63212372946137, 35.328719725877114 ] } },
{ "type": "Feature", "properties": { "内容": "金沢ケア・サービス【訪問介護】神奈川県横浜市金沢区泥亀1-17-17みまつビル301", "url": "https://www.kaigokensaku.mhlw.go.jp/14/index.php?action_kouhyou_detail_004_kani=true&JigyosyoCd=1470800150-00&ServiceCd=110&Type=search", "url2": "https://fukushi-souzou.com/" }, "geometry": { "type": "Point", "coordinates": [ 139.623358577280783, 35.340560160521619 ] } },
{ "type": "Feature", "properties": { "内容": "金沢ヘルパーステーション【訪問介護】神奈川県横浜市金沢区能見台通３－３小坪商事ビル２０１", "url": "https://www.kaigokensaku.mhlw.go.jp/14/index.php?action_kouhyou_detail_004_kani=true&JigyosyoCd=1470800200-00&ServiceCd=110&Type=search", "url2": "https://kanahelp.co.jp" }, "geometry": { "type": "Point", "coordinates": [ 139.628949499999976, 35.361358 ] } },
{ "type": "Feature", "properties": { "内容": "ヘルパーステーションほほえみ【訪問介護】神奈川県横浜市金沢区大道1-11-16　ディンプルハウス101", "url": "https://www.kaigokensaku.mhlw.go.jp/14/index.php?action_kouhyou_detail_004_kani=true&JigyosyoCd=1470800804-00&ServiceCd=110&Type=search", "url2": "https://d-produce-hohoemi.com" }, "geometry": { "type": "Point", "coordinates": [ 139.608966930338767, 35.32918997850232 ] } },
{ "type": "Feature", "properties": { "内容": "陽光の大地ヘルパーステーション【訪問介護】神奈川県横浜市金沢区釜利谷東2-3-10いしかたビル　4Ｆ", "url": "https://www.kaigokensaku.mhlw.go.jp/14/index.php?action_kouhyou_detail_004_kani=true&JigyosyoCd=1470801463-00&ServiceCd=110&Type=search", "url2": "http://ｗｗｗ.shuhokai.or.jp" }, "geometry": { "type": "Point", "coordinates": [ 139.618418504121308, 35.342669791937489 ] } },
{ "type": "Feature", "properties": { "内容": "やさしい手金沢文庫訪問介護事業所【訪問介護】神奈川県横浜市金沢区釜利谷東2-16-30高野ビル3階　1301号室", "url": "https://www.kaigokensaku.mhlw.go.jp/14/index.php?action_kouhyou_detail_004_kani=true&JigyosyoCd=1470801646-00&ServiceCd=110&Type=search", "url2": "https://yasashiite.com/" }, "geometry": { "type": "Point", "coordinates": [ 139.61992250000003, 35.342996600000021 ] } },
{ "type": "Feature", "properties": { "内容": "ケアステーション湘南六浦【訪問介護】神奈川県横浜市金沢区瀬戸10-8恒陽金沢八景ﾏﾝｼｮﾝ105", "url": "https://www.kaigokensaku.mhlw.go.jp/14/index.php?action_kouhyou_detail_004_kani=true&JigyosyoCd=1470801695-00&ServiceCd=110&Type=search", "url2": "https://toyo-corp.jimdofree.com" }, "geometry": { "type": "Point", "coordinates": [ 139.621179302774152, 35.329552551136288 ] } },
{ "type": "Feature", "properties": { "内容": "特定非営利活動法人　コアラ横浜金沢【訪問介護】神奈川県横浜市金沢区東朝比奈2-27-25", "url": "https://www.kaigokensaku.mhlw.go.jp/14/index.php?action_kouhyou_detail_004_kani=true&JigyosyoCd=1470801737-00&ServiceCd=110&Type=search", "url2": "https://koala-hamakana.org/" }, "geometry": { "type": "Point", "coordinates": [ 139.598238300000048, 35.3237727 ] } },
{ "type": "Feature", "properties": { "内容": "アイリス訪問介護【訪問介護】神奈川県横浜市金沢区釜利谷東7-2-17セブンハイム104", "url": "https://www.kaigokensaku.mhlw.go.jp/14/index.php?action_kouhyou_detail_004_kani=true&JigyosyoCd=1470801935-00&ServiceCd=110&Type=search", "url2": "https://www.iris-kaigo.com/" }, "geometry": { "type": "Point", "coordinates": [ 139.610347069566188, 35.340215201882728 ] } },
{ "type": "Feature", "properties": { "内容": "訪問介護ハートランド金沢文庫【訪問介護】神奈川県横浜市金沢区町屋町35番23-2号", "url": "https://www.kaigokensaku.mhlw.go.jp/14/index.php?action_kouhyou_detail_004_kani=true&JigyosyoCd=1470802156-00&ServiceCd=110&Type=search", "url2": "https://ygood.jp/" }, "geometry": { "type": "Point", "coordinates": [ 139.632084987905159, 35.334516243551846 ] } },
{ "type": "Feature", "properties": { "内容": "訪問介護かえで金沢サービスセンター【訪問介護】神奈川県横浜市金沢区瀬戸3-54泉ビル5F", "url": "https://www.kaigokensaku.mhlw.go.jp/14/index.php?action_kouhyou_detail_004_kani=true&JigyosyoCd=1470802511-00&ServiceCd=110&Type=search", "url2": "http://www.elderly.jp/" }, "geometry": { "type": "Point", "coordinates": [ 139.621389099999988, 35.3311609 ] } },
{ "type": "Feature", "properties": { "内容": "訪問介護本舗　結　金沢【訪問介護】神奈川県横浜市金沢区釜利谷東２－７－１４巽ビル２階", "url": "https://www.kaigokensaku.mhlw.go.jp/14/index.php?action_kouhyou_detail_004_kani=true&JigyosyoCd=1470802545-00&ServiceCd=110&Type=search", "url2": "https://www.innovation-plus.info/" }, "geometry": { "type": "Point", "coordinates": [ 139.613327199999958, 35.3445747 ] } },
{ "type": "Feature", "properties": { "内容": "横浜市福祉サービス協会　訪問介護看護かなざわ【訪問介護】神奈川県横浜市金沢区泥亀1-17-15大西第3ビル2階", "url": "https://www.kaigokensaku.mhlw.go.jp/14/index.php?action_kouhyou_detail_004_kani=true&JigyosyoCd=1470802586-00&ServiceCd=110&Type=search", "url2": "https://www.hama-wel.or.jp/branch/visitkaigokanazawa/" }, "geometry": { "type": "Point", "coordinates": [ 139.623602799999958, 35.3402328 ] } },
{ "type": "Feature", "properties": { "内容": "ニチイケアセンター金沢八景【訪問介護】神奈川県横浜市金沢区泥亀2丁目1-8金沢文庫ﾀﾞｲﾔﾓﾝﾄﾞﾏﾝｼｮﾝ201", "url": "https://www.kaigokensaku.mhlw.go.jp/14/index.php?action_kouhyou_detail_004_kani=true&JigyosyoCd=1470802610-00&ServiceCd=110&Type=search", "url2": null }, "geometry": { "type": "Point", "coordinates": [ 139.624036100000012, 35.3407636 ] } },
{ "type": "Feature", "properties": { "内容": "若武者ケア金沢事業所【訪問介護】神奈川県横浜市金沢区谷津町347-2第2オオサワビル201号室", "url": "https://www.kaigokensaku.mhlw.go.jp/14/index.php?action_kouhyou_detail_004_kani=true&JigyosyoCd=1470802669-00&ServiceCd=110&Type=search", "url2": "https://www.wakamusha-care.jp/" }, "geometry": { "type": "Point", "coordinates": [ 139.6228605, 35.3425614 ] } },
{ "type": "Feature", "properties": { "内容": "ツクイ横浜金沢八景【訪問介護】神奈川県横浜市金沢区町屋町10-2ラ・メール金沢102", "url": "https://www.kaigokensaku.mhlw.go.jp/14/index.php?action_kouhyou_detail_004_kani=true&JigyosyoCd=1470802743-00&ServiceCd=110&Type=search", "url2": "https://www.tsukui.net/home-care/2074/" }, "geometry": { "type": "Point", "coordinates": [ 139.626742799999988, 35.3359049 ] } },
{ "type": "Feature", "properties": { "内容": "医心館訪問介護ステーション金沢文庫【訪問介護】神奈川県横浜市金沢区釜利谷東2丁目3番7号", "url": "https://www.kaigokensaku.mhlw.go.jp/14/index.php?action_kouhyou_detail_004_kani=true&JigyosyoCd=1470802768-00&ServiceCd=110&Type=search", "url2": null }, "geometry": { "type": "Point", "coordinates": [ 139.6179562, 35.3428536 ] } },
{ "type": "Feature", "properties": { "内容": "訪問介護　ほほえみの里【訪問介護】神奈川県横浜市金沢区金沢町173", "url": "https://www.kaigokensaku.mhlw.go.jp/14/index.php?action_kouhyou_detail_004_kani=true&JigyosyoCd=1470802867-00&ServiceCd=110&Type=search", "url2": "https://www.hohoeminosato.org" }, "geometry": { "type": "Point", "coordinates": [ 139.629450600000013, 35.3422979 ] } },
{ "type": "Feature", "properties": { "内容": "ベストケアスタイル【訪問介護】神奈川県横浜市金沢区釜利谷東5-4-32コレクションズT203", "url": "https://www.kaigokensaku.mhlw.go.jp/14/index.php?action_kouhyou_detail_004_kani=true&JigyosyoCd=1470801679-00&ServiceCd=110&Type=search", "url2": "http://care-net.biz/14/bestcare/" }, "geometry": { "type": "Point", "coordinates": [ 139.60816520000003, 35.3475592 ] } },
{ "type": "Feature", "properties": { "内容": "青空ケアセンター【訪問介護】神奈川県横浜市金沢区泥亀1-15-2ひいちやビル3F", "url": "https://www.kaigokensaku.mhlw.go.jp/14/index.php?action_kouhyou_detail_004_kani=true&JigyosyoCd=1470800655-00&ServiceCd=110&Type=search", "url2": "http://www.aozora-care.com" }, "geometry": { "type": "Point", "coordinates": [ 139.622152799999981, 35.3415108 ] } },
{ "type": "Feature", "properties": { "内容": "ニチイケアセンター富岡東【訪問介護】神奈川県横浜市金沢区富岡東４－２－１", "url": "https://www.kaigokensaku.mhlw.go.jp/14/index.php?action_kouhyou_detail_004_kani=true&JigyosyoCd=1470800937-00&ServiceCd=110&Type=search", "url2": "https://www.nichiigakkan.co.jp/" }, "geometry": { "type": "Point", "coordinates": [ 139.635548800000038, 35.3720233 ] } },
{ "type": "Feature", "properties": { "内容": "アースサポート金沢八景【訪問介護】神奈川県横浜市金沢区六浦１丁目12番21号ベラカーサ2階", "url": "https://www.kaigokensaku.mhlw.go.jp/14/index.php?action_kouhyou_detail_004_kani=true&JigyosyoCd=1470800945-00&ServiceCd=110&Type=search", "url2": "https://www.earthsupport.co.jp/offices/kanazawahakkei" }, "geometry": { "type": "Point", "coordinates": [ 139.6203974, 35.3253236 ] } },
{ "type": "Feature", "properties": { "内容": "シーサイドケア【訪問介護】神奈川県横浜市金沢区富岡東6-26-6103号室", "url": "https://www.kaigokensaku.mhlw.go.jp/14/index.php?action_kouhyou_detail_004_kani=true&JigyosyoCd=1470801372-00&ServiceCd=110&Type=search", "url2": null }, "geometry": { "type": "Point", "coordinates": [ 139.632018228836046, 35.365908279746485 ] } },
{ "type": "Feature", "properties": { "内容": "あった介護【訪問介護】神奈川県横浜市金沢区六浦南2-7-39パール六浦101", "url": "https://www.kaigokensaku.mhlw.go.jp/14/index.php?action_kouhyou_detail_004_kani=true&JigyosyoCd=1470801794-00&ServiceCd=110&Type=search", "url2": "http://www.atlaina.jp" }, "geometry": { "type": "Point", "coordinates": [ 139.60814019999998, 35.3287227 ] } },
{ "type": "Feature", "properties": { "内容": "ケアサポート　イルカ【訪問介護】神奈川県横浜市金沢区六浦東1-40-13五味ハイム１－J", "url": "https://www.kaigokensaku.mhlw.go.jp/14/index.php?action_kouhyou_detail_004_kani=true&JigyosyoCd=1470802396-00&ServiceCd=110&Type=search", "url2": null }, "geometry": { "type": "Point", "coordinates": [ 139.627171800000042, 35.3223962 ] } },
{ "type": "Feature", "properties": { "内容": "訪問介護パルケア・横浜【訪問介護】神奈川県横浜市金沢区富岡東5-17-5", "url": "https://www.kaigokensaku.mhlw.go.jp/14/index.php?action_kouhyou_detail_004_kani=true&JigyosyoCd=1470802578-00&ServiceCd=110&Type=search", "url2": "https://palcare.yokohama/" }, "geometry": { "type": "Point", "coordinates": [ 139.632018799999969, 35.3680994 ] } },
{ "type": "Feature", "properties": { "内容": "まにまに訪問介護サービス【訪問介護】神奈川県横浜市金沢区六浦南４－１５－３ラフォーレ２０２号", "url": "https://www.kaigokensaku.mhlw.go.jp/14/index.php?action_kouhyou_detail_004_kani=true&JigyosyoCd=1470802784-00&ServiceCd=110&Type=search", "url2": null }, "geometry": { "type": "Point", "coordinates": [ 139.6106073, 35.3201796 ] } },
{ "type": "Feature", "properties": { "内容": "けいすいケアセンターせせらぎ【訪問介護】神奈川県横浜市金沢区富岡西7-22-6", "url": "https://www.kaigokensaku.mhlw.go.jp/14/index.php?action_kouhyou_detail_004_kani=true&JigyosyoCd=1470802800-00&ServiceCd=110&Type=search", "url2": "https://www.keisuikai.or.jp/seseragi/" }, "geometry": { "type": "Point", "coordinates": [ 139.62634079999998, 35.36540550000003 ] } },
{ "type": "Feature", "properties": { "内容": "けいすいケアセンターかなざわ【訪問介護】神奈川県横浜市金沢区泥亀2-13-1金沢八景第1京急ビル1階", "url": "https://www.kaigokensaku.mhlw.go.jp/14/index.php?action_kouhyou_detail_004_kani=true&JigyosyoCd=1470801521-00&ServiceCd=110&Type=search", "url2": "http://www.keisuikai.or.jp/houmon/service/service02/" }, "geometry": { "type": "Point", "coordinates": [ 139.62412427235256, 35.336127841471182 ] } },
{ "type": "Feature", "properties": { "内容": "特定非営利活動法人　すずらん【訪問介護】神奈川県横浜市金沢区朝比奈町245番地サンハイツ金井　A棟", "url": "https://www.kaigokensaku.mhlw.go.jp/14/index.php?action_kouhyou_detail_004_kani=true&JigyosyoCd=1470801877-00&ServiceCd=110&Type=search", "url2": null }, "geometry": { "type": "Point", "coordinates": [ 139.597239196300507, 35.329372539116157 ] } },
{ "type": "Feature", "properties": { "内容": "アスモ介護サービス釜利谷【訪問介護】神奈川県横浜市金沢区釜利谷東２－１８－５", "url": "https://www.kaigokensaku.mhlw.go.jp/14/index.php?action_kouhyou_detail_004_kani=true&JigyosyoCd=1470801885-00&ServiceCd=110&Type=search", "url2": "https://www.asmokaigo.co.jp" }, "geometry": { "type": "Point", "coordinates": [ 139.619200100169365, 35.343799250592291 ] } },
{ "type": "Feature", "properties": { "内容": "市民ハート金沢【訪問介護】神奈川県横浜市金沢区金沢町207", "url": "https://www.kaigokensaku.mhlw.go.jp/14/index.php?action_kouhyou_detail_004_kani=true&JigyosyoCd=1470802248-00&ServiceCd=110&Type=search", "url2": null }, "geometry": { "type": "Point", "coordinates": [ 139.630038199999944, 35.3426912 ] } },
{ "type": "Feature", "properties": { "内容": "セントケアウィル金沢【訪問介護】神奈川県横浜市金沢区泥亀2-8-14", "url": "https://www.kaigokensaku.mhlw.go.jp/14/index.php?action_kouhyou_detail_004_kani=true&JigyosyoCd=1470802909-00&ServiceCd=110&Type=search", "url2": "https://www.saintc-k.com/office/3884.html" }, "geometry": { "type": "Point", "coordinates": [ 139.6252422, 35.3375691 ] } },
{ "type": "Feature", "properties": { "内容": "アクア　金沢八景【訪問介護】神奈川県横浜市金沢区柳町24-7相田邸", "url": "https://www.kaigokensaku.mhlw.go.jp/14/index.php?action_kouhyou_detail_004_kani=true&JigyosyoCd=1470802974-00&ServiceCd=110&Type=search", "url2": "https://aqua-andante.com/" }, "geometry": { "type": "Point", "coordinates": [ 139.690788, 35.5308827 ] } },
{ "type": "Feature", "properties": { "内容": "けいすいケアセンターしおさい【訪問介護】神奈川県横浜市金沢区平潟町15-11", "url": "https://www.kaigokensaku.mhlw.go.jp/14/index.php?action_kouhyou_detail_004_kani=true&JigyosyoCd=1470802354-00&ServiceCd=110&Type=search", "url2": null }, "geometry": { "type": "Point", "coordinates": [ 139.631965799999989, 35.334034 ] } },
{ "type": "Feature", "properties": { "内容": "アイサポート　ふきのとう【訪問介護】神奈川県横浜市港北区篠原西町19-12ミヤタハウス　201号", "url": "https://www.kaigokensaku.mhlw.go.jp/14/index.php?action_kouhyou_detail_004_kani=true&JigyosyoCd=1470902196-00&ServiceCd=110&Type=search", "url2": null }, "geometry": { "type": "Point", "coordinates": [ 139.620509399999946, 35.4932935 ] } },
{ "type": "Feature", "properties": { "内容": "ウィルサポート【訪問介護】神奈川県横浜市港北区新横浜2-14-27新横浜第一ビルディング", "url": "https://www.kaigokensaku.mhlw.go.jp/14/index.php?action_kouhyou_detail_004_kani=true&JigyosyoCd=1470902386-00&ServiceCd=110&Type=search", "url2": "http://www.will-support.com" }, "geometry": { "type": "Point", "coordinates": [ 139.614682099999982, 35.509575 ] } },
{ "type": "Feature", "properties": { "内容": "ＭＡＲＩＮ　ＣＡＲＥ【訪問介護】神奈川県横浜市港北区師岡町1160-12大倉山パークハイツ225", "url": "https://www.kaigokensaku.mhlw.go.jp/14/index.php?action_kouhyou_detail_004_kani=true&JigyosyoCd=1470903863-00&ServiceCd=110&Type=search", "url2": null }, "geometry": { "type": "Point", "coordinates": [ 139.63413879999996, 35.5235569 ] } },
{ "type": "Feature", "properties": { "内容": "ヘルパーステーション　アンド【訪問介護】神奈川県横浜市港北区綱島西2-12-27西海ビル402号", "url": "https://www.kaigokensaku.mhlw.go.jp/14/index.php?action_kouhyou_detail_004_kani=true&JigyosyoCd=1470902907-00&ServiceCd=110&Type=search", "url2": "https://and2014.jimdofree.com/" }, "geometry": { "type": "Point", "coordinates": [ 139.632437799999906, 35.5358338 ] } },
{ "type": "Feature", "properties": { "内容": "介護タクシー輪【訪問介護】神奈川県横浜市港北区高田東1-12-14", "url": "https://www.kaigokensaku.mhlw.go.jp/14/index.php?action_kouhyou_detail_004_kani=true&JigyosyoCd=1470904234-00&ServiceCd=110&Type=search", "url2": "http://mtakako37.wixsite.com/website" }, "geometry": { "type": "Point", "coordinates": [ 139.6268599, 35.547589800000019 ] } },
{ "type": "Feature", "properties": { "内容": "民間介護福祉サービス　サンケア【訪問介護】神奈川県横浜市港北区仲手原2-19-4", "url": "https://www.kaigokensaku.mhlw.go.jp/14/index.php?action_kouhyou_detail_004_kani=true&JigyosyoCd=1470904275-00&ServiceCd=110&Type=search", "url2": null }, "geometry": { "type": "Point", "coordinates": [ 139.6304438, 35.4956632 ] } },
{ "type": "Feature", "properties": { "内容": "サンライフ介護サービス【訪問介護】神奈川県横浜市港北区新横浜1-3-1新横浜アーバンスクエア２０５", "url": "https://www.kaigokensaku.mhlw.go.jp/14/index.php?action_kouhyou_detail_004_kani=true&JigyosyoCd=1470904390-00&ServiceCd=110&Type=search", "url2": null }, "geometry": { "type": "Point", "coordinates": [ 139.611160371163948, 35.502879924853232 ] } },
{ "type": "Feature", "properties": { "内容": "愛コープ港北事業所【訪問介護】神奈川県横浜市港北区新横浜3-13-6新横浜葉山第3ビル603", "url": "https://www.kaigokensaku.mhlw.go.jp/14/index.php?action_kouhyou_detail_004_kani=true&JigyosyoCd=1470900786-00&ServiceCd=110&Type=search", "url2": "https://www.i-coop-npo.org" }, "geometry": { "type": "Point", "coordinates": [ 139.620959573185672, 35.513882050846931 ] } },
{ "type": "Feature", "properties": { "内容": "ひまわり訪問看護ステーション【訪問介護】神奈川県横浜市港北区新羽町１６５９フラッシュビル201", "url": "https://www.kaigokensaku.mhlw.go.jp/14/index.php?action_kouhyou_detail_004_kani=true&JigyosyoCd=1460990127-00&ServiceCd=110&Type=search", "url2": "http://www5.hp-ez.com/hp/homecre/page6" }, "geometry": { "type": "Point", "coordinates": [ 139.616320200000018, 35.5286621 ] } },
{ "type": "Feature", "properties": { "内容": "わいわいケア【訪問介護】神奈川県横浜市港北区大倉山２－１４－２３大倉山ハイツエリーナA棟１０５号", "url": "https://www.kaigokensaku.mhlw.go.jp/14/index.php?action_kouhyou_detail_004_kani=true&JigyosyoCd=1470202563-00&ServiceCd=110&Type=search", "url2": null }, "geometry": { "type": "Point", "coordinates": [ 139.624545409872525, 35.525717766726643 ] } },
{ "type": "Feature", "properties": { "内容": "横浜市福祉サービス協会　港北介護事務所【訪問介護】神奈川県横浜市港北区新横浜2-5-9新横浜フジカビル8階", "url": "https://www.kaigokensaku.mhlw.go.jp/14/index.php?action_kouhyou_detail_004_kani=true&JigyosyoCd=1470900026-00&ServiceCd=110&Type=search", "url2": "https://www.hama-wel.or.jp/branch/detail/kouhoku/" }, "geometry": { "type": "Point", "coordinates": [ 139.615580681948131, 35.509713409328164 ] } },
{ "type": "Feature", "properties": { "内容": "LLT介護サービスセンター【訪問介護】神奈川県横浜市港北区新横浜二丁目7番地20ＮＫＹ新横浜ビル7階", "url": "https://www.kaigokensaku.mhlw.go.jp/14/index.php?action_kouhyou_detail_004_kani=true&JigyosyoCd=1470900083-00&ServiceCd=110&Type=search", "url2": "http://www.llt.co.jp" }, "geometry": { "type": "Point", "coordinates": [ 139.612867082803405, 35.507215730793085 ] } },
{ "type": "Feature", "properties": { "内容": "アテンドヘルパ－ステ－ション【訪問介護】神奈川県横浜市港北区樽町1-22-26", "url": "https://www.kaigokensaku.mhlw.go.jp/14/index.php?action_kouhyou_detail_004_kani=true&JigyosyoCd=1470900091-00&ServiceCd=110&Type=search", "url2": null }, "geometry": { "type": "Point", "coordinates": [ 139.634506363789001, 35.529539590128422 ] } },
{ "type": "Feature", "properties": { "内容": "ハウネス福祉センター【訪問介護】神奈川県横浜市港北区菊名3-22-15", "url": "https://www.kaigokensaku.mhlw.go.jp/14/index.php?action_kouhyou_detail_004_kani=true&JigyosyoCd=1470900109-00&ServiceCd=110&Type=search", "url2": "http://www.hawness.co.jp" }, "geometry": { "type": "Point", "coordinates": [ 139.633435800000029, 35.5088254 ] } },
{ "type": "Feature", "properties": { "内容": "特定非営利活動法人　まごころ居宅介護支援センター【訪問介護】神奈川県横浜市港北区菊名７－１０－６浦山ビル1階", "url": "https://www.kaigokensaku.mhlw.go.jp/14/index.php?action_kouhyou_detail_004_kani=true&JigyosyoCd=1470900323-00&ServiceCd=110&Type=search", "url2": null }, "geometry": { "type": "Point", "coordinates": [ 139.628345716671788, 35.516451482449625 ] } },
{ "type": "Feature", "properties": { "内容": "ニチイケアセンター大倉山【訪問介護】神奈川県横浜市港北区大倉山２-４-１３Nビル２階", "url": "https://www.kaigokensaku.mhlw.go.jp/14/index.php?action_kouhyou_detail_004_kani=true&JigyosyoCd=1470900380-00&ServiceCd=110&Type=search", "url2": "http://www.nichii-kaigo.jp/base/base-result/05D39/" }, "geometry": { "type": "Point", "coordinates": [ 139.6282192, 35.5221851 ] } },
{ "type": "Feature", "properties": { "内容": "福祉クラブ生協「いずみ」【訪問介護】神奈川県横浜市港北区日吉5-24-33Dayひよし", "url": "https://www.kaigokensaku.mhlw.go.jp/14/index.php?action_kouhyou_detail_004_kani=true&JigyosyoCd=1470900521-00&ServiceCd=110&Type=search", "url2": "https://izumi-fukushi.p-kit.com" }, "geometry": { "type": "Point", "coordinates": [ 139.656096728520993, 35.548697978847144 ] } },
{ "type": "Feature", "properties": { "内容": "はぁもにぃ【訪問介護】神奈川県横浜市港北区新吉田町３２５６‐１４サンビルトホーム綱島１Ｆ", "url": "https://www.kaigokensaku.mhlw.go.jp/14/index.php?action_kouhyou_detail_004_kani=true&JigyosyoCd=1470900554-00&ServiceCd=110&Type=search", "url2": "https://www.harmony-support.com/" }, "geometry": { "type": "Point", "coordinates": [ 139.611523300000044, 35.53399350000003 ] } },
{ "type": "Feature", "properties": { "内容": "株式会社　ゆい【訪問介護】神奈川県横浜市港北区日吉本町1-27-37", "url": "https://www.kaigokensaku.mhlw.go.jp/14/index.php?action_kouhyou_detail_004_kani=true&JigyosyoCd=1470900687-00&ServiceCd=110&Type=search", "url2": "http://www.welfare-yui.com/" }, "geometry": { "type": "Point", "coordinates": [ 139.644716799999969, 35.5524031 ] } },
{ "type": "Feature", "properties": { "内容": "YMG訪問介護ステーション新横浜【訪問介護】神奈川県横浜市港北区大豆戸町666番地1新横浜YMGアネックス　1F", "url": "https://www.kaigokensaku.mhlw.go.jp/14/index.php?action_kouhyou_detail_004_kani=true&JigyosyoCd=1470900729-00&ServiceCd=110&Type=search", "url2": "http://shinyoko-zaitaku.com" }, "geometry": { "type": "Point", "coordinates": [ 139.6298832, 35.512063900000022 ] } },
{ "type": "Feature", "properties": { "内容": "日総ニフティ株式会社【訪問介護】神奈川県横浜市港北区新横浜1-4-1日総工産新横浜ビル", "url": "https://www.kaigokensaku.mhlw.go.jp/14/index.php?action_kouhyou_detail_004_kani=true&JigyosyoCd=1470901016-00&ServiceCd=110&Type=search", "url2": "http://www.sweetpea.co.jp/" }, "geometry": { "type": "Point", "coordinates": [ 139.612004800000022, 35.5033423 ] } },
{ "type": "Feature", "properties": { "内容": "港北ケアプラン　訪問介護ステーション【訪問介護】神奈川県横浜市港北区大倉山6-5-14", "url": "https://www.kaigokensaku.mhlw.go.jp/14/index.php?action_kouhyou_detail_004_kani=true&JigyosyoCd=1470901123-00&ServiceCd=110&Type=search", "url2": "http://www.k-careplan.co.jp" }, "geometry": { "type": "Point", "coordinates": [ 139.6232612, 35.5262319 ] } },
{ "type": "Feature", "properties": { "内容": "ニチイケアセンター日吉【訪問介護】神奈川県横浜市港北区日吉本町１－２１－３薄井日吉駅前ビル３階", "url": "https://www.kaigokensaku.mhlw.go.jp/14/index.php?action_kouhyou_detail_004_kani=true&JigyosyoCd=1470901180-00&ServiceCd=110&Type=search", "url2": "https://www.nichii-kaigo.jp/base/base-result/05L39/" }, "geometry": { "type": "Point", "coordinates": [ 139.646133299999974, 35.5532752 ] } },
{ "type": "Feature", "properties": { "内容": "やさしい手菊名訪問介護事業所【訪問介護】神奈川県横浜市港北区錦が丘1-1-11ブライトコート１階", "url": "https://www.kaigokensaku.mhlw.go.jp/14/index.php?action_kouhyou_detail_004_kani=true&JigyosyoCd=1470901198-00&ServiceCd=110&Type=search", "url2": "http://www.yasashiite.com/subdomains/section/033/" }, "geometry": { "type": "Point", "coordinates": [ 139.633071968122863, 35.508861089559161 ] } },
{ "type": "Feature", "properties": { "内容": "有限会社城郷ケアサービス【訪問介護】神奈川県横浜市港北区小机町1185番地", "url": "https://www.kaigokensaku.mhlw.go.jp/14/index.php?action_kouhyou_detail_004_kani=true&JigyosyoCd=1470901206-00&ServiceCd=110&Type=search", "url2": null }, "geometry": { "type": "Point", "coordinates": [ 139.59435910000002, 35.5036558 ] } },
{ "type": "Feature", "properties": { "内容": "株式会社　あい愛ヘルパーステーション【訪問介護】神奈川県横浜市港北区樽町2-2-16A", "url": "https://www.kaigokensaku.mhlw.go.jp/14/index.php?action_kouhyou_detail_004_kani=true&JigyosyoCd=1470901222-00&ServiceCd=110&Type=search", "url2": "http://www4.point.ne.jp/aiai/" }, "geometry": { "type": "Point", "coordinates": [ 139.6371292, 35.531426 ] } },
{ "type": "Feature", "properties": { "内容": "丸寿ケアサービス【訪問介護】神奈川県横浜市港北区大豆戸町311-1アークメゾン菊名104号", "url": "https://www.kaigokensaku.mhlw.go.jp/14/index.php?action_kouhyou_detail_004_kani=true&JigyosyoCd=1470901230-00&ServiceCd=110&Type=search", "url2": "https://marujyu.wixsite.com/home" }, "geometry": { "type": "Point", "coordinates": [ 139.629068711361697, 35.513175636110851 ] } },
{ "type": "Feature", "properties": { "内容": "有限会社オレンジ・ブロッサム【訪問介護】神奈川県横浜市港北区大倉山三丁目29番21ツインズ大倉山1F", "url": "https://www.kaigokensaku.mhlw.go.jp/14/index.php?action_kouhyou_detail_004_kani=true&JigyosyoCd=1470901339-00&ServiceCd=110&Type=search", "url2": null }, "geometry": { "type": "Point", "coordinates": [ 139.627852599999983, 35.5215574 ] } },
{ "type": "Feature", "properties": { "内容": "特定非営利活動法人　ＣＯＲＥ【訪問介護】神奈川県横浜市港北区菊名６丁目１３番８号コーポ岡１０１", "url": "https://www.kaigokensaku.mhlw.go.jp/14/index.php?action_kouhyou_detail_004_kani=true&JigyosyoCd=1470901636-00&ServiceCd=110&Type=search", "url2": "https://www.npo-core.com" }, "geometry": { "type": "Point", "coordinates": [ 139.631293314369799, 35.512538203234939 ] } },
{ "type": "Feature", "properties": { "内容": "セントケア港北【訪問介護】神奈川県横浜市港北区新羽町1293-1ラ・リーブ　108号室", "url": "https://www.kaigokensaku.mhlw.go.jp/14/index.php?action_kouhyou_detail_004_kani=true&JigyosyoCd=1470901644-00&ServiceCd=110&Type=search", "url2": "https://www.saintc-k.com/" }, "geometry": { "type": "Point", "coordinates": [ 139.610416212303079, 35.527300446689608 ] } },
{ "type": "Feature", "properties": { "内容": "ｳﾞｪﾙｼﾞｪ・ｹｱ訪問介護【訪問介護】神奈川県横浜市港北区新羽町６３０番地２ヴェルジェ新横浜Ⅱ2101", "url": "https://www.kaigokensaku.mhlw.go.jp/14/index.php?action_kouhyou_detail_004_kani=true&JigyosyoCd=1470902931-00&ServiceCd=110&Type=search", "url2": null }, "geometry": { "type": "Point", "coordinates": [ 139.61095720000003, 35.5199046 ] } },
{ "type": "Feature", "properties": { "内容": "にじいろ介護サポートセンター【訪問介護】神奈川県横浜市港北区綱島東1-14-3", "url": "https://www.kaigokensaku.mhlw.go.jp/14/index.php?action_kouhyou_detail_004_kani=true&JigyosyoCd=1470903129-00&ServiceCd=110&Type=search", "url2": "http://nijiirokaigo.com/" }, "geometry": { "type": "Point", "coordinates": [ 139.637929, 35.536614299999989 ] } },
{ "type": "Feature", "properties": { "内容": "やさしい手新横浜訪問介護事業所【訪問介護】神奈川県横浜市港北区新横浜1-23-5ベラルーチェ新横浜１階", "url": "https://www.kaigokensaku.mhlw.go.jp/14/index.php?action_kouhyou_detail_004_kani=true&JigyosyoCd=1470903327-00&ServiceCd=110&Type=search", "url2": "http://www.yasashiite.com/subdomains/section/368/" }, "geometry": { "type": "Point", "coordinates": [ 139.614923699999963, 35.5096362 ] } },
{ "type": "Feature", "properties": { "内容": "ほっこり介護センター【訪問介護】神奈川県横浜市港北区篠原町2855-1", "url": "https://www.kaigokensaku.mhlw.go.jp/14/index.php?action_kouhyou_detail_004_kani=true&JigyosyoCd=1470903335-00&ServiceCd=110&Type=search", "url2": "http://hokkori-kaigo.com/" }, "geometry": { "type": "Point", "coordinates": [ 139.619097371383958, 35.505597809304525 ] } },
{ "type": "Feature", "properties": { "内容": "福祉協会たすけあい【訪問介護】神奈川県横浜市港北区菊名6-2-11", "url": "https://www.kaigokensaku.mhlw.go.jp/14/index.php?action_kouhyou_detail_004_kani=true&JigyosyoCd=1470903392-00&ServiceCd=110&Type=search", "url2": "https://home-help.jp/" }, "geometry": { "type": "Point", "coordinates": [ 139.631510899999967, 35.5111141 ] } },
{ "type": "Feature", "properties": { "内容": "若武者ケア　港北事業所【訪問介護】神奈川県横浜市港北区師岡町907-1", "url": "https://www.kaigokensaku.mhlw.go.jp/14/index.php?action_kouhyou_detail_004_kani=true&JigyosyoCd=1470903418-00&ServiceCd=110&Type=search", "url2": "http://www.wakamusha-care.jp/" }, "geometry": { "type": "Point", "coordinates": [ 139.642465474753493, 35.52471640019558 ] } },
{ "type": "Feature", "properties": { "内容": "訪問介護あい　港北事務所【訪問介護】神奈川県横浜市港北区大豆戸町1020-5第４西山ビル102号室", "url": "https://www.kaigokensaku.mhlw.go.jp/14/index.php?action_kouhyou_detail_004_kani=true&JigyosyoCd=1470903467-00&ServiceCd=110&Type=search", "url2": "https://kaigo-ai.jp/" }, "geometry": { "type": "Point", "coordinates": [ 139.627216236805367, 35.517051179839989 ] } },
{ "type": "Feature", "properties": { "内容": "株式会社　にっこにこケア【訪問介護】神奈川県横浜市港北区日吉本町3-33-13笹生ビル1階", "url": "https://www.kaigokensaku.mhlw.go.jp/14/index.php?action_kouhyou_detail_004_kani=true&JigyosyoCd=1470903491-00&ServiceCd=110&Type=search", "url2": "https://www.nikkoniko-care.com" }, "geometry": { "type": "Point", "coordinates": [ 139.636523099999977, 35.5499758 ] } },
{ "type": "Feature", "properties": { "内容": "ＳＯＭＰＯケア新横浜西　訪問介護【訪問介護】神奈川県横浜市港北区鳥山町671そんぽの家ｓ新横浜西", "url": "https://www.kaigokensaku.mhlw.go.jp/14/index.php?action_kouhyou_detail_004_kani=true&JigyosyoCd=1470903533-00&ServiceCd=110&Type=search", "url2": "http://www.sompocare.com/" }, "geometry": { "type": "Point", "coordinates": [ 139.60467790000007, 35.5028535 ] } },
{ "type": "Feature", "properties": { "内容": "ＳＯＭＰＯケア高田　訪問介護【訪問介護】神奈川県横浜市港北区高田東3-5-27そんぽの家Ｓ高田", "url": "https://www.kaigokensaku.mhlw.go.jp/14/index.php?action_kouhyou_detail_004_kani=true&JigyosyoCd=1470903558-00&ServiceCd=110&Type=search", "url2": "http://www.sompocare.com" }, "geometry": { "type": "Point", "coordinates": [ 139.622155, 35.549562 ] } },
{ "type": "Feature", "properties": { "内容": "SOMPOケア日吉西　訪問介護【訪問介護】神奈川県横浜市港北区下田町6丁目20-23そんぽの家Ｓ　日吉西", "url": "https://www.kaigokensaku.mhlw.go.jp/14/index.php?action_kouhyou_detail_004_kani=true&JigyosyoCd=1470903574-00&ServiceCd=110&Type=search", "url2": "https://www.sompocare.com/service/home/satsuki/H000372/" }, "geometry": { "type": "Point", "coordinates": [ 139.628611218385373, 35.562266893675513 ] } },
{ "type": "Feature", "properties": { "内容": "訪問介護ひなた【訪問介護】神奈川県横浜市港北区綱島西2-5-8ニックハイム綱島第八102", "url": "https://www.kaigokensaku.mhlw.go.jp/14/index.php?action_kouhyou_detail_004_kani=true&JigyosyoCd=1470903871-00&ServiceCd=110&Type=search", "url2": "https://www.hinata-supportservice.com/" }, "geometry": { "type": "Point", "coordinates": [ 139.632702014905618, 35.535274435860281 ] } },
{ "type": "Feature", "properties": { "内容": "医心館訪問介護ステーション新横浜【訪問介護】神奈川県横浜市港北区岸根町455番１", "url": "https://www.kaigokensaku.mhlw.go.jp/14/index.php?action_kouhyou_detail_004_kani=true&JigyosyoCd=1470903897-00&ServiceCd=110&Type=search", "url2": null }, "geometry": { "type": "Point", "coordinates": [ 139.616119199999957, 35.4958931 ] } },
{ "type": "Feature", "properties": { "内容": "ニチイケアセンター横浜高田【訪問介護】神奈川県横浜市港北区高田東4-5-2グリーンメゾン402号室", "url": "https://www.kaigokensaku.mhlw.go.jp/14/index.php?action_kouhyou_detail_004_kani=true&JigyosyoCd=1470903905-00&ServiceCd=110&Type=search", "url2": "https://www.nichiigakkan.co.jp/" }, "geometry": { "type": "Point", "coordinates": [ 139.624007300000017, 35.5464477 ] } },
{ "type": "Feature", "properties": { "内容": "ハッピーはーと【訪問介護】神奈川県横浜市港北区菊名7-2-14ハイツわかば１０１", "url": "https://www.kaigokensaku.mhlw.go.jp/14/index.php?action_kouhyou_detail_004_kani=true&JigyosyoCd=1470903921-00&ServiceCd=110&Type=search", "url2": "http://happy-heart.jp/" }, "geometry": { "type": "Point", "coordinates": [ 139.6308438, 35.5123501 ] } },
{ "type": "Feature", "properties": { "内容": "一般社団法人新横浜コアラ【訪問介護】神奈川県横浜市港北区鳥山町1021-3", "url": "https://www.kaigokensaku.mhlw.go.jp/14/index.php?action_kouhyou_detail_004_kani=true&JigyosyoCd=1470903954-00&ServiceCd=110&Type=search", "url2": null }, "geometry": { "type": "Point", "coordinates": [ 139.6040027, 35.5063504 ] } },
{ "type": "Feature", "properties": { "内容": "ツクイ横浜日吉【訪問介護】神奈川県横浜市港北区箕輪町2丁目７－１８オウカス日吉内", "url": "https://www.kaigokensaku.mhlw.go.jp/14/index.php?action_kouhyou_detail_004_kani=true&JigyosyoCd=1470903996-00&ServiceCd=110&Type=search", "url2": "https://www.tsukui.net" }, "geometry": { "type": "Point", "coordinates": [ 139.643398356857602, 35.544915053460848 ] } },
{ "type": "Feature", "properties": { "内容": "楡の大樹ヘルパーステーション【訪問介護】神奈川県横浜市港北区新横浜２－４－１７新横浜千歳観光第２ビル３階", "url": "https://www.kaigokensaku.mhlw.go.jp/14/index.php?action_kouhyou_detail_004_kani=true&JigyosyoCd=1470904028-00&ServiceCd=110&Type=search", "url2": "https://www.shuhokai.or.jp/" }, "geometry": { "type": "Point", "coordinates": [ 139.6166895, 35.5088504 ] } },
{ "type": "Feature", "properties": { "内容": "合同会社　ともみん【訪問介護】神奈川県横浜市港北区大豆戸町411", "url": "https://www.kaigokensaku.mhlw.go.jp/14/index.php?action_kouhyou_detail_004_kani=true&JigyosyoCd=1470904044-00&ServiceCd=110&Type=search", "url2": null }, "geometry": { "type": "Point", "coordinates": [ 139.6274176, 35.512144 ] } },
{ "type": "Feature", "properties": { "内容": "訪問介護ステーション　ドルフィン港北【訪問介護】神奈川県横浜市港北区新吉田東1₋72₋17スカイハイツA号室", "url": "https://www.kaigokensaku.mhlw.go.jp/14/index.php?action_kouhyou_detail_004_kani=true&JigyosyoCd=1470904085-00&ServiceCd=110&Type=search", "url2": null }, "geometry": { "type": "Point", "coordinates": [ 139.619062922280989, 35.543495576481448 ] } },
{ "type": "Feature", "properties": { "内容": "ケアリッツ日吉【訪問介護】神奈川県横浜市港北区日吉本町1-37-7アクティブライフ2階", "url": "https://www.kaigokensaku.mhlw.go.jp/14/index.php?action_kouhyou_detail_004_kani=true&JigyosyoCd=1470904101-00&ServiceCd=110&Type=search", "url2": "https://www.careritz.co.jp/station/branch/hiyoshi/" }, "geometry": { "type": "Point", "coordinates": [ 139.64232, 35.5538781 ] } },
{ "type": "Feature", "properties": { "内容": "アクア　大倉山【訪問介護】神奈川県横浜市港北区大曽根1-6-17", "url": "https://www.kaigokensaku.mhlw.go.jp/14/index.php?action_kouhyou_detail_004_kani=true&JigyosyoCd=1470904150-00&ServiceCd=110&Type=search", "url2": "https://aqua-andante.com/" }, "geometry": { "type": "Point", "coordinates": [ 139.632837, 35.5239939 ] } },
{ "type": "Feature", "properties": { "内容": "医心館訪問介護ステーション菊名【訪問介護】神奈川県横浜市港北区菊名６丁目20番42号", "url": "https://www.kaigokensaku.mhlw.go.jp/14/index.php?action_kouhyou_detail_004_kani=true&JigyosyoCd=1470904176-00&ServiceCd=110&Type=search", "url2": null }, "geometry": { "type": "Point", "coordinates": [ 139.633391100000011, 35.5146909 ] } },
{ "type": "Feature", "properties": { "内容": "大塚オフィス【訪問介護】神奈川県横浜市港北区高田西４－４３－６", "url": "https://www.kaigokensaku.mhlw.go.jp/14/index.php?action_kouhyou_detail_004_kani=true&JigyosyoCd=1470904184-00&ServiceCd=110&Type=search", "url2": "https://www.ohtsukaoffice.com/" }, "geometry": { "type": "Point", "coordinates": [ 139.6147895, 35.5570476 ] } },
{ "type": "Feature", "properties": { "内容": "はーとたいむ小机ヘルパーステーション【訪問介護】神奈川県横浜市港北区小机町2429", "url": "https://www.kaigokensaku.mhlw.go.jp/14/index.php?action_kouhyou_detail_004_kani=true&JigyosyoCd=1470904010-00&ServiceCd=110&Type=search", "url2": "https://yutakasouan.sakura.ne.jp/wp/" }, "geometry": { "type": "Point", "coordinates": [ 139.5972255, 35.5094014 ] } },
{ "type": "Feature", "properties": { "内容": "ケアリッツ菊名【訪問介護】神奈川県横浜市港北区大豆戸町311-1アークメゾン菊名202", "url": "https://www.kaigokensaku.mhlw.go.jp/14/index.php?action_kouhyou_detail_004_kani=true&JigyosyoCd=1470904440-00&ServiceCd=110&Type=search", "url2": "https://www.careritz.co.jp/station/branch/kikuna/" }, "geometry": { "type": "Point", "coordinates": [ 139.6288858, 35.5132535 ] } },
{ "type": "Feature", "properties": { "内容": "ゴールドケアサービス【訪問介護】神奈川県横浜市港北区綱島西3-28-33スカイパレス川原101号", "url": "https://www.kaigokensaku.mhlw.go.jp/14/index.php?action_kouhyou_detail_004_kani=true&JigyosyoCd=1470900315-00&ServiceCd=110&Type=search", "url2": null }, "geometry": { "type": "Point", "coordinates": [ 139.62814759770049, 35.539974895964846 ] } },
{ "type": "Feature", "properties": { "内容": "有限会社グリーンケア横浜【訪問介護】神奈川県横浜市港北区綱島西３－２１－２５南武ビル402号", "url": "https://www.kaigokensaku.mhlw.go.jp/14/index.php?action_kouhyou_detail_004_kani=true&JigyosyoCd=1470900455-00&ServiceCd=110&Type=search", "url2": null }, "geometry": { "type": "Point", "coordinates": [ 139.6287519, 35.539438800000035 ] } },
{ "type": "Feature", "properties": { "内容": "SOMPOケア新横浜篠原訪問介護【訪問介護】神奈川県横浜市港北区篠原町3083-1", "url": "https://www.kaigokensaku.mhlw.go.jp/14/index.php?action_kouhyou_detail_004_kani=true&JigyosyoCd=1470902733-00&ServiceCd=110&Type=search", "url2": "https://www.sompocare.com/service/home/satsuki/H000302" }, "geometry": { "type": "Point", "coordinates": [ 139.616254300000037, 35.5030812 ] } },
{ "type": "Feature", "properties": { "内容": "株式会社　悠ゆう【訪問介護】神奈川県横浜市港北区綱島西6丁目1番10号", "url": "https://www.kaigokensaku.mhlw.go.jp/14/index.php?action_kouhyou_detail_004_kani=true&JigyosyoCd=1470903178-00&ServiceCd=110&Type=search", "url2": null }, "geometry": { "type": "Point", "coordinates": [ 139.634795700000041, 35.5436964 ] } },
{ "type": "Feature", "properties": { "内容": "ケアリッツ新横浜【訪問介護】神奈川県横浜市港北区新羽町284リヴィエール・ボーⅡ-406", "url": "https://www.kaigokensaku.mhlw.go.jp/14/index.php?action_kouhyou_detail_004_kani=true&JigyosyoCd=1470904218-00&ServiceCd=110&Type=search", "url2": "https://www.careritz.co.jp/station/branch/shinyokohama/" }, "geometry": { "type": "Point", "coordinates": [ 139.612718633135245, 35.51693908959718 ] } },
{ "type": "Feature", "properties": { "内容": "A‐Smile新横浜【訪問介護】神奈川県横浜市港北区新横浜3-16-14三協ビルディング４階", "url": "https://www.kaigokensaku.mhlw.go.jp/14/index.php?action_kouhyou_detail_004_kani=true&JigyosyoCd=1470904267-00&ServiceCd=110&Type=search", "url2": "https://akarie.co.jp/" }, "geometry": { "type": "Point", "coordinates": [ 139.6186932, 35.5121534 ] } },
{ "type": "Feature", "properties": { "内容": "横浜市福祉サービス協会　訪問介護看護こうほく【訪問介護】神奈川県横浜市港北区新横浜2－5－9新横浜フジカビル8階", "url": "https://www.kaigokensaku.mhlw.go.jp/14/index.php?action_kouhyou_detail_004_kani=true&JigyosyoCd=1470904366-00&ServiceCd=110&Type=search", "url2": "https://www.hama-wel.or.jp/branch/visitkaigokohoku/news/" }, "geometry": { "type": "Point", "coordinates": [ 139.615634, 35.5096779 ] } },
{ "type": "Feature", "properties": { "内容": "欅の大樹ヘルパーステーション【訪問介護】神奈川県横浜市港北区綱島西1-10-10第5吉田ビル3階", "url": "https://www.kaigokensaku.mhlw.go.jp/14/index.php?action_kouhyou_detail_004_kani=true&JigyosyoCd=1470902055-00&ServiceCd=110&Type=search", "url2": "https://shuhokai.or.jp/office/kohoku-ku/hh-keyaki.php" }, "geometry": { "type": "Point", "coordinates": [ 139.6323933, 35.5370142 ] } },
{ "type": "Feature", "properties": { "内容": "特定非営利活動法人　鶴見コアラ【訪問介護】神奈川県横浜市港北区富士塚1-10-39", "url": "https://www.kaigokensaku.mhlw.go.jp/14/index.php?action_kouhyou_detail_004_kani=true&JigyosyoCd=1470902253-00&ServiceCd=110&Type=search", "url2": null }, "geometry": { "type": "Point", "coordinates": [ 139.632111099999946, 35.5025788 ] } },
{ "type": "Feature", "properties": { "内容": "やさしい手日吉訪問介護事業所【訪問介護】神奈川県横浜市港北区日吉本町１－４－１２Ｈ＆Ａヒルズ１階", "url": "https://www.kaigokensaku.mhlw.go.jp/14/index.php?action_kouhyou_detail_004_kani=true&JigyosyoCd=1470900463-00&ServiceCd=110&Type=search", "url2": "https://www.yasashiite.com/" }, "geometry": { "type": "Point", "coordinates": [ 139.645380499999987, 35.5544972 ] } },
{ "type": "Feature", "properties": { "内容": "ニチイケアセンター樽町【訪問介護】神奈川県横浜市港北区樽町4-9-30", "url": "https://www.kaigokensaku.mhlw.go.jp/14/index.php?action_kouhyou_detail_004_kani=true&JigyosyoCd=1470901917-00&ServiceCd=110&Type=search", "url2": "https://www.nichii-kaigo.jp/base/base-result/05Q17/" }, "geometry": { "type": "Point", "coordinates": [ 139.640779, 35.5280152 ] } },
{ "type": "Feature", "properties": { "内容": "学研ココファン日吉ヘルパーセンター【訪問介護】神奈川県横浜市港北区日吉本町4-10-50", "url": "https://www.kaigokensaku.mhlw.go.jp/14/index.php?action_kouhyou_detail_004_kani=true&JigyosyoCd=1470902105-00&ServiceCd=110&Type=search", "url2": "https://www.cocofump.co.jp/services/homevisit.html" }, "geometry": { "type": "Point", "coordinates": [ 139.63504839999996, 35.5454433 ] } },
{ "type": "Feature", "properties": { "内容": "ここよりだ訪問介護事業所【訪問介護】神奈川県横浜市港北区鳥山町1106－2－14C.H横浜14号室", "url": "https://www.kaigokensaku.mhlw.go.jp/14/index.php?action_kouhyou_detail_004_kani=true&JigyosyoCd=1470903780-00&ServiceCd=110&Type=search", "url2": null }, "geometry": { "type": "Point", "coordinates": [ 139.6046778, 35.5057115 ] } },
{ "type": "Feature", "properties": { "内容": "SUNNY’Smarket【訪問介護】神奈川県横浜市港北区日吉本町2-10-8", "url": "https://www.kaigokensaku.mhlw.go.jp/14/index.php?action_kouhyou_detail_004_kani=true&JigyosyoCd=1470903798-00&ServiceCd=110&Type=search", "url2": "https://www.sunny-and.com/" }, "geometry": { "type": "Point", "coordinates": [ 139.640272518287844, 35.554525585468426 ] } },
{ "type": "Feature", "properties": { "内容": "医心館訪問介護ステーション日吉【訪問介護】神奈川県横浜市港北区日吉三丁目２番８号", "url": "https://www.kaigokensaku.mhlw.go.jp/14/index.php?action_kouhyou_detail_004_kani=true&JigyosyoCd=1470904341-00&ServiceCd=110&Type=search", "url2": null }, "geometry": { "type": "Point", "coordinates": [ 139.6498622, 35.5576364 ] } },
{ "type": "Feature", "properties": { "内容": "ＳＯＭＰＯケア　横浜大倉山　訪問介護【訪問介護】神奈川県横浜市港北区大豆戸町60-1細谷ビル202号", "url": "https://www.kaigokensaku.mhlw.go.jp/14/index.php?action_kouhyou_detail_004_kani=true&JigyosyoCd=1470903749-00&ServiceCd=110&Type=search", "url2": "https://www.sompocare.com/service/zaitaku/kaigo/Z000170" }, "geometry": { "type": "Point", "coordinates": [ 139.633968800000048, 35.5187161 ] } },
{ "type": "Feature", "properties": { "内容": "ボンセジュール大倉山ケアステーション【訪問介護】神奈川県横浜市港北区大倉山5-6-1", "url": "https://www.kaigokensaku.mhlw.go.jp/14/index.php?action_kouhyou_detail_004_kani=true&JigyosyoCd=1470903483-00&ServiceCd=110&Type=search", "url2": "http://www.benesse-style-care.co.jp/" }, "geometry": { "type": "Point", "coordinates": [ 139.622214100000065, 35.5233016 ] } },
{ "type": "Feature", "properties": { "内容": "ケアステーションきらら大倉山訪問介護事業所【訪問介護】神奈川県横浜市港北区大曽根1-16-14大倉山武田ビル2階", "url": "https://www.kaigokensaku.mhlw.go.jp/14/index.php?action_kouhyou_detail_004_kani=true&JigyosyoCd=1470903376-00&ServiceCd=110&Type=search", "url2": "https://www.starts-care.jp/service/visitingcare/kirara_ookurayama_cs_h/" }, "geometry": { "type": "Point", "coordinates": [ 139.632588100000021, 35.5261709 ] } },
{ "type": "Feature", "properties": { "内容": "ケアサービスチャオ【訪問介護】神奈川県横浜市港北区高田東1-31-19メゾン寺岡103号室", "url": "https://www.kaigokensaku.mhlw.go.jp/14/index.php?action_kouhyou_detail_004_kani=true&JigyosyoCd=1470904317-00&ServiceCd=110&Type=search", "url2": null }, "geometry": { "type": "Point", "coordinates": [ 139.624671299999989, 35.5467631 ] } },
{ "type": "Feature", "properties": { "内容": "コープケアサポートセンター港北【訪問介護】神奈川県横浜市港北区新横浜3-13-6新横浜葉山第3ビル601", "url": "https://www.kaigokensaku.mhlw.go.jp/14/index.php?action_kouhyou_detail_004_kani=true&JigyosyoCd=1470900752-00&ServiceCd=110&Type=search", "url2": "http://www.ucoop.or.jp" }, "geometry": { "type": "Point", "coordinates": [ 139.615965299999971, 35.5096639 ] } },
{ "type": "Feature", "properties": { "内容": "アルプスケアハート菊名【訪問介護】神奈川県横浜市港北区篠原北1-1-12浜清ビル201", "url": "https://www.kaigokensaku.mhlw.go.jp/14/index.php?action_kouhyou_detail_004_kani=true&JigyosyoCd=1470904135-00&ServiceCd=110&Type=search", "url2": "https://www.alpscareheart.co.jp/" }, "geometry": { "type": "Point", "coordinates": [ 139.629606900119995, 35.50939659211825 ] } },
{ "type": "Feature", "properties": { "内容": "訪問介護かえで港北サービスセンター【訪問介護】樽町三丁目7番1号ISビル202号室", "url": "https://www.kaigokensaku.mhlw.go.jp/14/index.php?action_kouhyou_detail_004_kani=true&JigyosyoCd=1470903848-00&ServiceCd=110&Type=search", "url2": "http://www.elderly.jp/" }, "geometry": { "type": "Point", "coordinates": [ 139.646877569274693, 35.528209102531001 ] } },
{ "type": "Feature", "properties": { "内容": "有限会社戸塚ケア・サービス【訪問介護】神奈川県横浜市戸塚区戸塚町５０", "url": "https://www.kaigokensaku.mhlw.go.jp/14/index.php?action_kouhyou_detail_004_kani=true&JigyosyoCd=1471000297-00&ServiceCd=110&Type=search", "url2": null }, "geometry": { "type": "Point", "coordinates": [ 139.532357499999989, 35.3991403 ] } },
{ "type": "Feature", "properties": { "内容": "さんにっぱ【訪問介護】神奈川県横浜市戸塚区名瀬町2102-11", "url": "https://www.kaigokensaku.mhlw.go.jp/14/index.php?action_kouhyou_detail_004_kani=true&JigyosyoCd=1471001527-00&ServiceCd=110&Type=search", "url2": null }, "geometry": { "type": "Point", "coordinates": [ 139.532178700000031, 35.4323538 ] } },
{ "type": "Feature", "properties": { "内容": "ヘルパー事業所　人・花　とつか【訪問介護】神奈川県横浜市戸塚区戸塚町4647番地１内田ビル１階102号室", "url": "https://www.kaigokensaku.mhlw.go.jp/14/index.php?action_kouhyou_detail_004_kani=true&JigyosyoCd=1471004133-00&ServiceCd=110&Type=search", "url2": "https://hitohana.co.jp/hptotsuka.html" }, "geometry": { "type": "Point", "coordinates": [ 139.5260305, 35.4012677 ] } },
{ "type": "Feature", "properties": { "内容": "A-Smile戸塚【訪問介護】神奈川県横浜市戸塚区吉田町1046横浜元町ガーデンⅠ103", "url": "https://www.kaigokensaku.mhlw.go.jp/14/index.php?action_kouhyou_detail_004_kani=true&JigyosyoCd=1471004141-00&ServiceCd=110&Type=search", "url2": "https://akarie.co.jp/company" }, "geometry": { "type": "Point", "coordinates": [ 139.540911200000011, 35.40551 ] } },
{ "type": "Feature", "properties": { "内容": "訪問介護事業所一織庵神明台【訪問介護】神奈川県横浜市戸塚区矢部町1232-4訪問介護事業所一織庵神明台", "url": "https://www.kaigokensaku.mhlw.go.jp/14/index.php?action_kouhyou_detail_004_kani=true&JigyosyoCd=1471004166-00&ServiceCd=110&Type=search", "url2": null }, "geometry": { "type": "Point", "coordinates": [ 139.527910594442716, 35.408768961055955 ] } },
{ "type": "Feature", "properties": { "内容": "クレール戸塚ヘルパーセンター【訪問介護】神奈川県横浜市戸塚区原宿5-27-11", "url": "https://www.kaigokensaku.mhlw.go.jp/14/index.php?action_kouhyou_detail_004_kani=true&JigyosyoCd=1471004174-00&ServiceCd=110&Type=search", "url2": null }, "geometry": { "type": "Point", "coordinates": [ 139.5030662, 35.372818199999983 ] } },
{ "type": "Feature", "properties": { "内容": "横浜市福祉サービス協会　戸塚介護事務所【訪問介護】神奈川県横浜市戸塚区上倉田町498-11第五吉本ビル４階", "url": "https://www.kaigokensaku.mhlw.go.jp/14/index.php?action_kouhyou_detail_004_kani=true&JigyosyoCd=1471000016-00&ServiceCd=110&Type=search", "url2": "https://www.hama-wel.or.jp/" }, "geometry": { "type": "Point", "coordinates": [ 139.536093400000027, 35.400393 ] } },
{ "type": "Feature", "properties": { "内容": "ニチイケアセンター戸塚【訪問介護】神奈川県横浜市戸塚区戸塚町３９８２－１倉田ビル３階", "url": "https://www.kaigokensaku.mhlw.go.jp/14/index.php?action_kouhyou_detail_004_kani=true&JigyosyoCd=1471000214-00&ServiceCd=110&Type=search", "url2": "https://www.nichii-kaigo.jp/base/base-result/05D09" }, "geometry": { "type": "Point", "coordinates": [ 139.527263799999986, 35.3953714 ] } },
{ "type": "Feature", "properties": { "内容": "ＮＰＯ法人　ふれあいドリーム【訪問介護】神奈川県横浜市戸塚区俣野町１４０３番地ドリームハイツ１２棟１０２号", "url": "https://www.kaigokensaku.mhlw.go.jp/14/index.php?action_kouhyou_detail_004_kani=true&JigyosyoCd=1471000230-00&ServiceCd=110&Type=search", "url2": null }, "geometry": { "type": "Point", "coordinates": [ 139.493440323942508, 35.388847730952968 ] } },
{ "type": "Feature", "properties": { "内容": "ほほえみステーション【訪問介護】神奈川県横浜市戸塚区汲沢町986番地", "url": "https://www.kaigokensaku.mhlw.go.jp/14/index.php?action_kouhyou_detail_004_kani=true&JigyosyoCd=1471000263-00&ServiceCd=110&Type=search", "url2": "https://www.hakuhoukai.jp" }, "geometry": { "type": "Point", "coordinates": [ 139.515803099999971, 35.3919328 ] } },
{ "type": "Feature", "properties": { "内容": "たすけあい戸塚介護保険部【訪問介護】神奈川県横浜市戸塚区上倉田町391-5T&Rハウス１階", "url": "https://www.kaigokensaku.mhlw.go.jp/14/index.php?action_kouhyou_detail_004_kani=true&JigyosyoCd=1471000438-00&ServiceCd=110&Type=search", "url2": "https://tasukeai-totsuka.com/" }, "geometry": { "type": "Point", "coordinates": [ 139.535879499999965, 35.3963908 ] } },
{ "type": "Feature", "properties": { "内容": "医療生協　かながわ生活協同組合　ヘルパーステーションとつか【訪問介護】神奈川県横浜市戸塚区戸塚町167まこと第2ビル", "url": "https://www.kaigokensaku.mhlw.go.jp/14/index.php?action_kouhyou_detail_004_kani=true&JigyosyoCd=1471000461-00&ServiceCd=110&Type=search", "url2": "http://mc-kanagawa.or.jp/network/c-care/392" }, "geometry": { "type": "Point", "coordinates": [ 139.532646199999988, 35.3958376 ] } },
{ "type": "Feature", "properties": { "内容": "ヘルパーステーション　マザー原宿【訪問介護】神奈川県横浜市戸塚区原宿4-35-5-102", "url": "https://www.kaigokensaku.mhlw.go.jp/14/index.php?action_kouhyou_detail_004_kani=true&JigyosyoCd=1471000776-00&ServiceCd=110&Type=search", "url2": null }, "geometry": { "type": "Point", "coordinates": [ 139.499485600000014, 35.3753474 ] } },
{ "type": "Feature", "properties": { "内容": "テルウェル東日本　戸塚介護センタ【訪問介護】神奈川県横浜市戸塚区戸塚町3929サンシャイン渡辺ビル　305号", "url": "https://www.kaigokensaku.mhlw.go.jp/14/index.php?action_kouhyou_detail_004_kani=true&JigyosyoCd=1471001154-00&ServiceCd=110&Type=search", "url2": "http://www.telwel-kaigo.com/" }, "geometry": { "type": "Point", "coordinates": [ 139.530512314541596, 35.396080429930485 ] } },
{ "type": "Feature", "properties": { "内容": "横浜ケアセンターそよ風【訪問介護】神奈川県横浜市戸塚区戸塚町1978-1", "url": "https://www.kaigokensaku.mhlw.go.jp/14/index.php?action_kouhyou_detail_004_kani=true&JigyosyoCd=1471001402-00&ServiceCd=110&Type=search", "url2": null }, "geometry": { "type": "Point", "coordinates": [ 139.516180800000029, 35.384595 ] } },
{ "type": "Feature", "properties": { "内容": "特定非営利活動法人福祉グループコアラ横浜西【訪問介護】神奈川県横浜市戸塚区名瀬町５６０番地１２", "url": "https://www.kaigokensaku.mhlw.go.jp/14/index.php?action_kouhyou_detail_004_kani=true&JigyosyoCd=1471001600-00&ServiceCd=110&Type=search", "url2": null }, "geometry": { "type": "Point", "coordinates": [ 139.539876099999987, 35.4280616 ] } },
{ "type": "Feature", "properties": { "内容": "ＮＰＯ　ももい【訪問介護】神奈川県横浜市戸塚区上柏尾町399-8", "url": "https://www.kaigokensaku.mhlw.go.jp/14/index.php?action_kouhyou_detail_004_kani=true&JigyosyoCd=1471001857-00&ServiceCd=110&Type=search", "url2": null }, "geometry": { "type": "Point", "coordinates": [ 139.557810595106503, 35.416475863467525 ] } },
{ "type": "Feature", "properties": { "内容": "ケア・フレンズ横浜【訪問介護】神奈川県横浜市戸塚区汲沢町６０番地９", "url": "https://www.kaigokensaku.mhlw.go.jp/14/index.php?action_kouhyou_detail_004_kani=true&JigyosyoCd=1471001980-00&ServiceCd=110&Type=search", "url2": "https://www.nishiyokohama.or.jp/homecare/visit_kaigo/" }, "geometry": { "type": "Point", "coordinates": [ 139.514311499999963, 35.3847061 ] } },
{ "type": "Feature", "properties": { "内容": "ケアセンター　虹色【訪問介護】神奈川県横浜市戸塚区上矢部町2847番地11", "url": "https://www.kaigokensaku.mhlw.go.jp/14/index.php?action_kouhyou_detail_004_kani=true&JigyosyoCd=1471002467-00&ServiceCd=110&Type=search", "url2": null }, "geometry": { "type": "Point", "coordinates": [ 139.537051499999961, 35.4144301 ] } },
{ "type": "Feature", "properties": { "内容": "ドリームケアセンター【訪問介護】神奈川県横浜市戸塚区俣野町558番地2", "url": "https://www.kaigokensaku.mhlw.go.jp/14/index.php?action_kouhyou_detail_004_kani=true&JigyosyoCd=1471002483-00&ServiceCd=110&Type=search", "url2": null }, "geometry": { "type": "Point", "coordinates": [ 139.496585399999958, 35.381826 ] } },
{ "type": "Feature", "properties": { "内容": "えいあん名瀬ヘルパーステーション【訪問介護】神奈川県横浜市戸塚区名瀬町504-1えいあんの杜　東戸塚内", "url": "https://www.kaigokensaku.mhlw.go.jp/14/index.php?action_kouhyou_detail_004_kani=true&JigyosyoCd=1471003002-00&ServiceCd=110&Type=search", "url2": "https://www.eiannomori.com/facility/" }, "geometry": { "type": "Point", "coordinates": [ 139.541004322684472, 35.426262907852603 ] } },
{ "type": "Feature", "properties": { "内容": "ミモザヘルパーステーション戸塚【訪問介護】神奈川県横浜市戸塚区戸塚町4856", "url": "https://www.kaigokensaku.mhlw.go.jp/14/index.php?action_kouhyou_detail_004_kani=true&JigyosyoCd=1471003218-00&ServiceCd=110&Type=search", "url2": "https://www.mimoza-care.jp/" }, "geometry": { "type": "Point", "coordinates": [ 139.5286549, 35.4002095 ] } },
{ "type": "Feature", "properties": { "内容": "株式会社福祉サポート推進センター【訪問介護】神奈川県横浜市戸塚区戸塚町4948-4", "url": "https://www.kaigokensaku.mhlw.go.jp/14/index.php?action_kouhyou_detail_004_kani=true&JigyosyoCd=1471003283-00&ServiceCd=110&Type=search", "url2": "http://hp.kaipoke.biz/kye/" }, "geometry": { "type": "Point", "coordinates": [ 139.530207, 35.4028765 ] } },
{ "type": "Feature", "properties": { "内容": "株式会社ティー・シー・エス戸塚営業所【訪問介護】神奈川県横浜市戸塚区上矢部町1953-1", "url": "https://www.kaigokensaku.mhlw.go.jp/14/index.php?action_kouhyou_detail_004_kani=true&JigyosyoCd=1471003333-00&ServiceCd=110&Type=search", "url2": "http://www.tcs-h.co.jp/" }, "geometry": { "type": "Point", "coordinates": [ 139.53361, 35.4187739 ] } },
{ "type": "Feature", "properties": { "内容": "医心館訪問介護ステーション東戸塚【訪問介護】神奈川県横浜市戸塚区品濃町554ー2", "url": "https://www.kaigokensaku.mhlw.go.jp/14/index.php?action_kouhyou_detail_004_kani=true&JigyosyoCd=1471003549-00&ServiceCd=110&Type=search", "url2": null }, "geometry": { "type": "Point", "coordinates": [ 139.562986300000034, 35.4303467 ] } },
{ "type": "Feature", "properties": { "内容": "訪問介護かえで戸塚サービスセンター【訪問介護】神奈川県横浜市戸塚区戸塚町142杉山ビル202号", "url": "https://www.kaigokensaku.mhlw.go.jp/14/index.php?action_kouhyou_detail_004_kani=true&JigyosyoCd=1471003556-00&ServiceCd=110&Type=search", "url2": "http://www.elderly.jp/" }, "geometry": { "type": "Point", "coordinates": [ 139.53159919999996, 35.3973693 ] } },
{ "type": "Feature", "properties": { "内容": "さくら介護クラブ東戸塚【訪問介護】神奈川県横浜市戸塚区前田町501-4マンションウｲステリア104", "url": "https://www.kaigokensaku.mhlw.go.jp/14/index.php?action_kouhyou_detail_004_kani=true&JigyosyoCd=1471003820-00&ServiceCd=110&Type=search", "url2": null }, "geometry": { "type": "Point", "coordinates": [ 139.555556200000012, 35.4265071 ] } },
{ "type": "Feature", "properties": { "内容": "SOMPOケア戸塚　訪問介護【訪問介護】神奈川県横浜市戸塚区戸塚町361‐4ラヴィーレレジデンス戸塚", "url": "https://www.kaigokensaku.mhlw.go.jp/14/index.php?action_kouhyou_detail_004_kani=true&JigyosyoCd=1471003937-00&ServiceCd=110&Type=search", "url2": "https://www.sompocare.com/service/zaitaku/kaigo/Z000882" }, "geometry": { "type": "Point", "coordinates": [ 139.5303372, 35.3911376 ] } },
{ "type": "Feature", "properties": { "内容": "Ｆａｔａｒｅ株式会社【訪問介護】神奈川県横浜市戸塚区上矢部町２１９６－２", "url": "https://www.kaigokensaku.mhlw.go.jp/14/index.php?action_kouhyou_detail_004_kani=true&JigyosyoCd=1471004190-00&ServiceCd=110&Type=search", "url2": "https://www.fatare.co.jp/" }, "geometry": { "type": "Point", "coordinates": [ 139.527996699999989, 35.4151509 ] } },
{ "type": "Feature", "properties": { "内容": "コープケアサポートセンター戸塚【訪問介護】神奈川県横浜市戸塚区戸塚町１5７フタバビル　２０２号室", "url": "https://www.kaigokensaku.mhlw.go.jp/14/index.php?action_kouhyou_detail_004_kani=true&JigyosyoCd=1471001071-00&ServiceCd=110&Type=search", "url2": "http://www.ucoop.or.jp" }, "geometry": { "type": "Point", "coordinates": [ 139.5316547, 35.396499 ] } },
{ "type": "Feature", "properties": { "内容": "ケアセンター　ベタニヤ【訪問介護】神奈川県横浜市戸塚区汲沢町1060", "url": "https://www.kaigokensaku.mhlw.go.jp/14/index.php?action_kouhyou_detail_004_kani=true&JigyosyoCd=1471000834-00&ServiceCd=110&Type=search", "url2": "http://www.hiruda.or.jp" }, "geometry": { "type": "Point", "coordinates": [ 139.517580700000053, 35.3896137 ] } },
{ "type": "Feature", "properties": { "内容": "尽力車　訪問介護事業部【訪問介護】神奈川県横浜市戸塚区汲沢町999-12", "url": "https://www.kaigokensaku.mhlw.go.jp/14/index.php?action_kouhyou_detail_004_kani=true&JigyosyoCd=1471000909-00&ServiceCd=110&Type=search", "url2": "http://www.jinrikisha.me/index.html" }, "geometry": { "type": "Point", "coordinates": [ 139.515094800000043, 35.3906163 ] } },
{ "type": "Feature", "properties": { "内容": "スマイル介護サービス【訪問介護】神奈川県横浜市戸塚区戸塚町２４１８－２５", "url": "https://www.kaigokensaku.mhlw.go.jp/14/index.php?action_kouhyou_detail_004_kani=true&JigyosyoCd=1471001089-00&ServiceCd=110&Type=search", "url2": "https://ameblo.jp/smile-totsuka/" }, "geometry": { "type": "Point", "coordinates": [ 139.5230302, 35.3887583 ] } },
{ "type": "Feature", "properties": { "内容": "労協横浜戸塚地域福祉事業所　訪問介護　であいの家【訪問介護】神奈川県横浜市戸塚区戸塚町1545－2戸塚の里　Ｂ101", "url": "https://www.kaigokensaku.mhlw.go.jp/14/index.php?action_kouhyou_detail_004_kani=true&JigyosyoCd=1471002145-00&ServiceCd=110&Type=search", "url2": null }, "geometry": { "type": "Point", "coordinates": [ 139.524981243052707, 35.383892831572211 ] } },
{ "type": "Feature", "properties": { "内容": "えいあん東戸塚ヘルパーステーション【訪問介護】神奈川県横浜市戸塚区秋葉町212番地12コーポ薫103号", "url": "https://www.kaigokensaku.mhlw.go.jp/14/index.php?action_kouhyou_detail_004_kani=true&JigyosyoCd=1471002749-00&ServiceCd=110&Type=search", "url2": null }, "geometry": { "type": "Point", "coordinates": [ 139.544091545260585, 35.424171232122845 ] } },
{ "type": "Feature", "properties": { "内容": "ＳＯＭＰＯケア　横浜戸塚　訪問介護【訪問介護】神奈川県横浜市戸塚区戸塚町145番地秀文堂ビル202号", "url": "https://www.kaigokensaku.mhlw.go.jp/14/index.php?action_kouhyou_detail_004_kani=true&JigyosyoCd=1471003457-00&ServiceCd=110&Type=search", "url2": "https://www.sompocare.com/" }, "geometry": { "type": "Point", "coordinates": [ 139.531638899999962, 35.3972057 ] } },
{ "type": "Feature", "properties": { "内容": "訪問介護ステーションさくらのおうち【訪問介護】神奈川県横浜市戸塚区汲沢8-4-6", "url": "https://www.kaigokensaku.mhlw.go.jp/14/index.php?action_kouhyou_detail_004_kani=true&JigyosyoCd=1471003994-00&ServiceCd=110&Type=search", "url2": "https://www.sakurahomon-931.com/" }, "geometry": { "type": "Point", "coordinates": [ 139.5178781, 35.4041194 ] } },
{ "type": "Feature", "properties": { "内容": "SOMPOケア　横浜戸塚いずみ訪問介護【訪問介護】神奈川県横浜市戸塚区吉田町1623-24そんぽの家S戸塚", "url": "https://www.kaigokensaku.mhlw.go.jp/14/index.php?action_kouhyou_detail_004_kani=true&JigyosyoCd=1471004059-00&ServiceCd=110&Type=search", "url2": null }, "geometry": { "type": "Point", "coordinates": [ 139.5449698, 35.4015665 ] } },
{ "type": "Feature", "properties": { "内容": "アクア　戸塚【訪問介護】神奈川県横浜市戸塚区吉田町504コーポ元町103号室", "url": "https://www.kaigokensaku.mhlw.go.jp/14/index.php?action_kouhyou_detail_004_kani=true&JigyosyoCd=1471003960-00&ServiceCd=110&Type=search", "url2": "https://aqua-andante.com/" }, "geometry": { "type": "Point", "coordinates": [ 139.5390377, 35.405212800000015 ] } },
{ "type": "Feature", "properties": { "内容": "指定訪問介護事業所歩む会【訪問介護】神奈川県横浜市戸塚区小雀町1920-3", "url": "https://www.kaigokensaku.mhlw.go.jp/14/index.php?action_kouhyou_detail_004_kani=true&JigyosyoCd=1471001394-00&ServiceCd=110&Type=search", "url2": "http://ayumukai.or.jp" }, "geometry": { "type": "Point", "coordinates": [ 139.510559582270048, 35.374267690263991 ] } },
{ "type": "Feature", "properties": { "内容": "戸塚共立　結の杜ヘルパーステーション下倉田【訪問介護】神奈川県横浜市戸塚区下倉田町1157-1", "url": "https://www.kaigokensaku.mhlw.go.jp/14/index.php?action_kouhyou_detail_004_kani=true&JigyosyoCd=1471003614-00&ServiceCd=110&Type=search", "url2": null }, "geometry": { "type": "Point", "coordinates": [ 139.542350360136197, 35.384785518107961 ] } },
{ "type": "Feature", "properties": { "内容": "介護サービス　空の音【訪問介護】神奈川県横浜市戸塚区吉田町1368-4コーポ和光101号室", "url": "https://www.kaigokensaku.mhlw.go.jp/14/index.php?action_kouhyou_detail_004_kani=true&JigyosyoCd=1471003234-00&ServiceCd=110&Type=search", "url2": "https://soranooto.wixsite.com/soranooto" }, "geometry": { "type": "Point", "coordinates": [ 139.543648399999938, 35.4058647 ] } },
{ "type": "Feature", "properties": { "内容": "若武者ケア　戸塚事業所【訪問介護】神奈川県横浜市戸塚区矢部町251ﾊﾏｸﾞﾗﾝﾃﾞ1C", "url": "https://www.kaigokensaku.mhlw.go.jp/14/index.php?action_kouhyou_detail_004_kani=true&JigyosyoCd=1471002665-00&ServiceCd=110&Type=search", "url2": "http://www.wakamusha-care.jp/" }, "geometry": { "type": "Point", "coordinates": [ 139.533910335581908, 35.407966443964327 ] } },
{ "type": "Feature", "properties": { "内容": "有限会社　ことぶき【訪問介護】神奈川県横浜市戸塚区矢部町1674番地3セラピー踊場503号室", "url": "https://www.kaigokensaku.mhlw.go.jp/14/index.php?action_kouhyou_detail_004_kani=true&JigyosyoCd=1471000982-00&ServiceCd=110&Type=search", "url2": null }, "geometry": { "type": "Point", "coordinates": [ 139.521463499999982, 35.404354300000023 ] } },
{ "type": "Feature", "properties": { "内容": "ケアサービス春【訪問介護】神奈川県横浜市戸塚区南舞岡４－１－５舞岡テラスＡ号", "url": "https://www.kaigokensaku.mhlw.go.jp/14/index.php?action_kouhyou_detail_004_kani=true&JigyosyoCd=1471002111-00&ServiceCd=110&Type=search", "url2": "http://haru.kai5.jp" }, "geometry": { "type": "Point", "coordinates": [ 139.555475500000057, 35.391428 ] } },
{ "type": "Feature", "properties": { "内容": "さぽーと　めぐみ【訪問介護】神奈川県横浜市戸塚区川上町464番地29新晃ビル１階", "url": "https://www.kaigokensaku.mhlw.go.jp/14/index.php?action_kouhyou_detail_004_kani=true&JigyosyoCd=1471002160-00&ServiceCd=110&Type=search", "url2": "https://www.supportmegumi.org" }, "geometry": { "type": "Point", "coordinates": [ 139.54522832987584, 35.427200623487074 ] } },
{ "type": "Feature", "properties": { "内容": "ゆあーず　ケアステーション【訪問介護】神奈川県横浜市戸塚区名瀬町187", "url": "https://www.kaigokensaku.mhlw.go.jp/14/index.php?action_kouhyou_detail_004_kani=true&JigyosyoCd=1471002186-00&ServiceCd=110&Type=search", "url2": "http://yourscare.main.jp/" }, "geometry": { "type": "Point", "coordinates": [ 139.53924840000002, 35.420907 ] } },
{ "type": "Feature", "properties": { "内容": "森の泉ホームヘルプセンター【訪問介護】神奈川県横浜市戸塚区品濃町292-2-102ソレイユ品濃", "url": "https://www.kaigokensaku.mhlw.go.jp/14/index.php?action_kouhyou_detail_004_kani=true&JigyosyoCd=1471002236-00&ServiceCd=110&Type=search", "url2": null }, "geometry": { "type": "Point", "coordinates": [ 139.562248852870226, 35.424739121885523 ] } },
{ "type": "Feature", "properties": { "内容": "希望の大地ヘルパーステーション【訪問介護】神奈川県横浜市戸塚区品濃町545-30クライテリア東戸塚1階", "url": "https://www.kaigokensaku.mhlw.go.jp/14/index.php?action_kouhyou_detail_004_kani=true&JigyosyoCd=1471002558-00&ServiceCd=110&Type=search", "url2": "http://shuhokai.or.jp/office/totsuka-ku/hh-kibo.php" }, "geometry": { "type": "Point", "coordinates": [ 139.558768800000053, 35.4336138 ] } },
{ "type": "Feature", "properties": { "内容": "ふれあい訪問介護ステーション【訪問介護】神奈川県横浜市戸塚区上品濃16-15", "url": "https://www.kaigokensaku.mhlw.go.jp/14/index.php?action_kouhyou_detail_004_kani=true&JigyosyoCd=1471003069-00&ServiceCd=110&Type=search", "url2": null }, "geometry": { "type": "Point", "coordinates": [ 139.548422399999936, 35.4377908 ] } },
{ "type": "Feature", "properties": { "内容": "訪問介護　だいだい【訪問介護】神奈川県横浜市戸塚区柏尾町1158-28", "url": "https://www.kaigokensaku.mhlw.go.jp/14/index.php?action_kouhyou_detail_004_kani=true&JigyosyoCd=1471003176-00&ServiceCd=110&Type=search", "url2": null }, "geometry": { "type": "Point", "coordinates": [ 139.548595200000022, 35.411989 ] } },
{ "type": "Feature", "properties": { "内容": "ケアステーション　みかみ【訪問介護】神奈川県横浜市戸塚区深谷町１４０８－２４", "url": "https://www.kaigokensaku.mhlw.go.jp/14/index.php?action_kouhyou_detail_004_kani=true&JigyosyoCd=1471003978-00&ServiceCd=110&Type=search", "url2": null }, "geometry": { "type": "Point", "coordinates": [ 139.4950541, 35.388563 ] } },
{ "type": "Feature", "properties": { "内容": "ＳＯＭＰＯケア東戸塚　訪問介護事業所【訪問介護】神奈川県横浜市戸塚区品濃町539番地3号エクセル東戸塚207", "url": "https://www.kaigokensaku.mhlw.go.jp/14/index.php?action_kouhyou_detail_004_kani=true&JigyosyoCd=1471004018-00&ServiceCd=110&Type=search", "url2": "https://www.sompocare.com/service/zaitaku/kaigo/Z000988" }, "geometry": { "type": "Point", "coordinates": [ 139.557523214155566, 35.431501587450555 ] } },
{ "type": "Feature", "properties": { "内容": "訪問介護のぞみ東戸塚【訪問介護】神奈川県横浜市戸塚区川上町88番16ナーシングホームらもーれ東戸塚", "url": "https://www.kaigokensaku.mhlw.go.jp/14/index.php?action_kouhyou_detail_004_kani=true&JigyosyoCd=1471004026-00&ServiceCd=110&Type=search", "url2": "http://www.lamore.jp/" }, "geometry": { "type": "Point", "coordinates": [ 139.5556879, 35.432405 ] } },
{ "type": "Feature", "properties": { "内容": "ブレストケア戸塚舞岡【訪問介護】神奈川県横浜市戸塚区舞岡町3643-4", "url": "https://www.kaigokensaku.mhlw.go.jp/14/index.php?action_kouhyou_detail_004_kani=true&JigyosyoCd=1471004109-00&ServiceCd=110&Type=search", "url2": "https://blest.ak-holdings.co.jp/" }, "geometry": { "type": "Point", "coordinates": [ 139.549443200000013, 35.4104554 ] } },
{ "type": "Feature", "properties": { "内容": "ケアスイート東戸塚【訪問介護】神奈川県横浜市戸塚区品濃町563-7", "url": "https://www.kaigokensaku.mhlw.go.jp/14/index.php?action_kouhyou_detail_004_kani=true&JigyosyoCd=1471004117-00&ServiceCd=110&Type=search", "url2": "https://sweetgarden.net/sweetgarden/higashitotsuka" }, "geometry": { "type": "Point", "coordinates": [ 139.5607425, 35.4353709 ] } },
{ "type": "Feature", "properties": { "内容": "福祉クラブ生協訪問介護ステーションゆかり【訪問介護】神奈川県横浜市戸塚区矢部町71SEVEN&ONE", "url": "https://www.kaigokensaku.mhlw.go.jp/14/index.php?action_kouhyou_detail_004_kani=true&JigyosyoCd=1471001873-00&ServiceCd=110&Type=search", "url2": "http://www.fukushi-club.net/" }, "geometry": { "type": "Point", "coordinates": [ 139.536756462015603, 35.403493160209123 ] } },
{ "type": "Feature", "properties": { "内容": "ケアスイート東戸塚駅前【訪問介護】神奈川県横浜市戸塚区品濃町517−8住宅型有料老人ホームスイートガーデン東戸塚駅前", "url": "https://www.kaigokensaku.mhlw.go.jp/14/index.php?action_kouhyou_detail_004_kani=true&JigyosyoCd=1471004224-00&ServiceCd=110&Type=search", "url2": "https://newpartners-holdings.co.jp/" }, "geometry": { "type": "Point", "coordinates": [ 139.5585749, 35.4289721 ] } },
{ "type": "Feature", "properties": { "内容": "JAPAN訪問介護【訪問介護】神奈川県横浜市港南区大久保3-18-3-102", "url": "https://www.kaigokensaku.mhlw.go.jp/14/index.php?action_kouhyou_detail_004_kani=true&JigyosyoCd=1473103149-00&ServiceCd=110&Type=search", "url2": null }, "geometry": { "type": "Point", "coordinates": [ 139.5848286, 35.407988 ] } },
{ "type": "Feature", "properties": { "内容": "居宅サービス事業所　花舞・さかえ【訪問介護】神奈川県横浜市港南区日野2-25-29", "url": "https://www.kaigokensaku.mhlw.go.jp/14/index.php?action_kouhyou_detail_004_kani=true&JigyosyoCd=1473500963-00&ServiceCd=110&Type=search", "url2": "https://www.hanamau.jp/" }, "geometry": { "type": "Point", "coordinates": [ 139.580964900000026, 35.3994964 ] } },
{ "type": "Feature", "properties": { "内容": "ヘルパーステーションリンク【訪問介護】神奈川県横浜市港南区港南台4丁目26-10グレースメゾン101号室", "url": "https://www.kaigokensaku.mhlw.go.jp/14/index.php?action_kouhyou_detail_004_kani=true&JigyosyoCd=1473103230-00&ServiceCd=110&Type=search", "url2": null }, "geometry": { "type": "Point", "coordinates": [ 139.5743258, 35.377182 ] } },
{ "type": "Feature", "properties": { "内容": "訪問介護事業所一織庵ようこうだい【訪問介護】神奈川県横浜市港南区日野中央2-23-34", "url": "https://www.kaigokensaku.mhlw.go.jp/14/index.php?action_kouhyou_detail_004_kani=true&JigyosyoCd=1473103339-00&ServiceCd=110&Type=search", "url2": null }, "geometry": { "type": "Point", "coordinates": [ 139.585070530024723, 35.384684181487955 ] } },
{ "type": "Feature", "properties": { "内容": "港南介護サービス【訪問介護】神奈川県横浜市港南区芹が谷3-19-18", "url": "https://www.kaigokensaku.mhlw.go.jp/14/index.php?action_kouhyou_detail_004_kani=true&JigyosyoCd=1473103321-00&ServiceCd=110&Type=search", "url2": null }, "geometry": { "type": "Point", "coordinates": [ 139.5731985, 35.4132988 ] } },
{ "type": "Feature", "properties": { "内容": "プチハウス【訪問介護】神奈川県横浜市港南区下永谷6-8-4", "url": "https://www.kaigokensaku.mhlw.go.jp/14/index.php?action_kouhyou_detail_004_kani=true&JigyosyoCd=1471002780-00&ServiceCd=110&Type=search", "url2": null }, "geometry": { "type": "Point", "coordinates": [ 139.559756099999987, 35.4147158 ] } },
{ "type": "Feature", "properties": { "内容": "特別養護老人ホーム芙蓉苑【訪問介護】神奈川県横浜市港南区下永谷4-21-10", "url": "https://www.kaigokensaku.mhlw.go.jp/14/index.php?action_kouhyou_detail_004_kani=true&JigyosyoCd=1473100020-00&ServiceCd=110&Type=search", "url2": "https://shafuku-doujinkai.or.jp/facility/nursing-home/fuyouen#gaiyo" }, "geometry": { "type": "Point", "coordinates": [ 139.557355899999948, 35.4013573 ] } },
{ "type": "Feature", "properties": { "内容": "ニチイケアセンター上大岡【訪問介護】神奈川県横浜市港南区上大岡西3-6-12第三東洋興信所ビル101", "url": "https://www.kaigokensaku.mhlw.go.jp/14/index.php?action_kouhyou_detail_004_kani=true&JigyosyoCd=1473100111-00&ServiceCd=110&Type=search", "url2": "https://www.nichii-kaigo.jp/base/base-result/05D10/" }, "geometry": { "type": "Point", "coordinates": [ 139.594891488186136, 35.403891828372686 ] } },
{ "type": "Feature", "properties": { "内容": "ヘルパーステーションプラチナ倶楽部【訪問介護】神奈川県横浜市港南区港南台6-9-11", "url": "https://www.kaigokensaku.mhlw.go.jp/14/index.php?action_kouhyou_detail_004_kani=true&JigyosyoCd=1473100368-00&ServiceCd=110&Type=search", "url2": "https://puratina-club.com/services/kaigo_visit/" }, "geometry": { "type": "Point", "coordinates": [ 139.5894141, 35.3686057 ] } },
{ "type": "Feature", "properties": { "内容": "港南ケアサービス【訪問介護】神奈川県横浜市港南区港南中央通9-9港南ビル201号", "url": "https://www.kaigokensaku.mhlw.go.jp/14/index.php?action_kouhyou_detail_004_kani=true&JigyosyoCd=1473100434-00&ServiceCd=110&Type=search", "url2": "http://www.kounancare.com/" }, "geometry": { "type": "Point", "coordinates": [ 139.59062229999995, 35.4005908 ] } },
{ "type": "Feature", "properties": { "内容": "株式会社　楽　ホット介護サービス港南台【訪問介護】神奈川県横浜市港南区港南台2-12-10", "url": "https://www.kaigokensaku.mhlw.go.jp/14/index.php?action_kouhyou_detail_004_kani=true&JigyosyoCd=1473100681-00&ServiceCd=110&Type=search", "url2": "https://hot-care.com/course/kounandai/" }, "geometry": { "type": "Point", "coordinates": [ 139.581512100000026, 35.3793322 ] } },
{ "type": "Feature", "properties": { "内容": "ヘルパーステーションささげ【訪問介護】神奈川県横浜市港南区笹下1-5-7-2F", "url": "https://www.kaigokensaku.mhlw.go.jp/14/index.php?action_kouhyou_detail_004_kani=true&JigyosyoCd=1473100772-00&ServiceCd=110&Type=search", "url2": "http://www.sasage.jp/" }, "geometry": { "type": "Point", "coordinates": [ 139.596488300000033, 35.398158 ] } },
{ "type": "Feature", "properties": { "内容": "有限会社　システムケアサービス【訪問介護】神奈川県横浜市港南区上永谷町4587-4", "url": "https://www.kaigokensaku.mhlw.go.jp/14/index.php?action_kouhyou_detail_004_kani=true&JigyosyoCd=1473100871-00&ServiceCd=110&Type=search", "url2": null }, "geometry": { "type": "Point", "coordinates": [ 139.560623177276966, 35.384234050531084 ] } },
{ "type": "Feature", "properties": { "内容": "コープケアサポートセンター港南【訪問介護】神奈川県横浜市港南区上大岡西2-2-10ＭＫ第２ビル５０１号室", "url": "https://www.kaigokensaku.mhlw.go.jp/14/index.php?action_kouhyou_detail_004_kani=true&JigyosyoCd=1473101002-00&ServiceCd=110&Type=search", "url2": "http://www.ucoop.or.jp" }, "geometry": { "type": "Point", "coordinates": [ 139.595457799999963, 35.4057737 ] } },
{ "type": "Feature", "properties": { "内容": "セントケア港南【訪問介護】神奈川県横浜市港南区丸山台3丁目30-10関場ﾋﾞﾙ２F", "url": "https://www.kaigokensaku.mhlw.go.jp/14/index.php?action_kouhyou_detail_004_kani=true&JigyosyoCd=1473101218-00&ServiceCd=110&Type=search", "url2": "http://www.saintc-k.com/" }, "geometry": { "type": "Point", "coordinates": [ 139.566632367812531, 35.397412585632743 ] } },
{ "type": "Feature", "properties": { "内容": "横浜市福祉サービス協会　ヘルパーステーションこうなん【訪問介護】神奈川県横浜市港南区上大岡西1-12-5朝日生命上大岡ビル4F", "url": "https://www.kaigokensaku.mhlw.go.jp/14/index.php?action_kouhyou_detail_004_kani=true&JigyosyoCd=1473101556-00&ServiceCd=110&Type=search", "url2": "http://www.hama-wel.or.jp/branch/detail/hps_kounan/" }, "geometry": { "type": "Point", "coordinates": [ 139.588317, 35.3994992 ] } },
{ "type": "Feature", "properties": { "内容": "ケアセンター港南　訪問介護事業所【訪問介護】神奈川県横浜市港南区下永谷3-72-1サンベストNo,11-A", "url": "https://www.kaigokensaku.mhlw.go.jp/14/index.php?action_kouhyou_detail_004_kani=true&JigyosyoCd=1473101630-00&ServiceCd=110&Type=search", "url2": "https://syoju-group.com/訪問介護事業所" }, "geometry": { "type": "Point", "coordinates": [ 139.56000307368015, 35.405303736323923 ] } },
{ "type": "Feature", "properties": { "内容": "フルライフ港南【訪問介護】神奈川県横浜市港南区丸山台1-3-1京急サービス株式会社上永谷ビル2階", "url": "https://www.kaigokensaku.mhlw.go.jp/14/index.php?action_kouhyou_detail_004_kani=true&JigyosyoCd=1473101721-00&ServiceCd=110&Type=search", "url2": "https://www.fulllife.co.jp" }, "geometry": { "type": "Point", "coordinates": [ 139.572124799999983, 35.402628299999989 ] } },
{ "type": "Feature", "properties": { "内容": "ヘルパーステーション　つむぎ【訪問介護】神奈川県横浜市港南区上大岡西一丁目12番2号パルポート上大岡804号", "url": "https://www.kaigokensaku.mhlw.go.jp/14/index.php?action_kouhyou_detail_004_kani=true&JigyosyoCd=1473102539-00&ServiceCd=110&Type=search", "url2": null }, "geometry": { "type": "Point", "coordinates": [ 139.5961522, 35.4116757 ] } },
{ "type": "Feature", "properties": { "内容": "ホームヘルプサービス笹の風【訪問介護】神奈川県横浜市港南区笹下四丁目12番35号", "url": "https://www.kaigokensaku.mhlw.go.jp/14/index.php?action_kouhyou_detail_004_kani=true&JigyosyoCd=1473102554-00&ServiceCd=110&Type=search", "url2": "https://www.jurakuen.jp/" }, "geometry": { "type": "Point", "coordinates": [ 139.597396600000025, 35.3887313 ] } },
{ "type": "Feature", "properties": { "内容": "SOMPOケア港南笹下訪問介護【訪問介護】神奈川県横浜市港南区笹下3丁目13-14", "url": "https://www.kaigokensaku.mhlw.go.jp/14/index.php?action_kouhyou_detail_004_kani=true&JigyosyoCd=1473102620-00&ServiceCd=110&Type=search", "url2": "https://www.sompocare.com/" }, "geometry": { "type": "Point", "coordinates": [ 139.601427300000068, 35.3888049 ] } },
{ "type": "Feature", "properties": { "内容": "銀の鈴　横浜【訪問介護】神奈川県横浜市港南区港南台1-12-5MKハイツ港南台Ⅱ101号室", "url": "https://www.kaigokensaku.mhlw.go.jp/14/index.php?action_kouhyou_detail_004_kani=true&JigyosyoCd=1473102703-00&ServiceCd=110&Type=search", "url2": "https://www.ginnosuzu.co.jp/" }, "geometry": { "type": "Point", "coordinates": [ 139.579548299999942, 35.3831428 ] } },
{ "type": "Feature", "properties": { "内容": "まちのかいごや【訪問介護】神奈川県横浜市港南区芹が谷5-55-2山中ビル1階１０－D号室", "url": "https://www.kaigokensaku.mhlw.go.jp/14/index.php?action_kouhyou_detail_004_kani=true&JigyosyoCd=1473102844-00&ServiceCd=110&Type=search", "url2": "https://www.ohisama-ie.com/index.html" }, "geometry": { "type": "Point", "coordinates": [ 139.566610050926187, 35.417104278621537 ] } },
{ "type": "Feature", "properties": { "内容": "ツクイ横浜港南台【訪問介護】神奈川県横浜市港南区港南台7-50-2", "url": "https://www.kaigokensaku.mhlw.go.jp/14/index.php?action_kouhyou_detail_004_kani=true&JigyosyoCd=1473102976-00&ServiceCd=110&Type=search", "url2": "https://www.tsukui.net/home-care/2146/" }, "geometry": { "type": "Point", "coordinates": [ 139.5913768, 35.3733213 ] } },
{ "type": "Feature", "properties": { "内容": "和光ピュアライト【訪問介護】神奈川県横浜市港南区丸山台2丁目2番6号", "url": "https://www.kaigokensaku.mhlw.go.jp/14/index.php?action_kouhyou_detail_004_kani=true&JigyosyoCd=1473103065-00&ServiceCd=110&Type=search", "url2": "http://wako-pl.com/helper.html" }, "geometry": { "type": "Point", "coordinates": [ 139.57198120000001, 35.3994341 ] } },
{ "type": "Feature", "properties": { "内容": "温陽ケアステーション【訪問介護】神奈川県横浜市港南区東永谷3-31-17", "url": "https://www.kaigokensaku.mhlw.go.jp/14/index.php?action_kouhyou_detail_004_kani=true&JigyosyoCd=1470501998-00&ServiceCd=110&Type=search", "url2": "http://yanasuke-onyo.com/" }, "geometry": { "type": "Point", "coordinates": [ 139.577787299999954, 35.41054230000001 ] } },
{ "type": "Feature", "properties": { "内容": "訪問介護　まいんど。【訪問介護】神奈川県横浜市港南区日野中央3-21-19日野ショッピングセンター内", "url": "https://www.kaigokensaku.mhlw.go.jp/14/index.php?action_kouhyou_detail_004_kani=true&JigyosyoCd=1470700939-00&ServiceCd=110&Type=search", "url2": "http://www.kaigo-mind.jp" }, "geometry": { "type": "Point", "coordinates": [ 139.59036679999997, 35.3793684 ] } },
{ "type": "Feature", "properties": { "内容": "港南たすけあい心【訪問介護】神奈川県横浜市港南区野庭町6102-202", "url": "https://www.kaigokensaku.mhlw.go.jp/14/index.php?action_kouhyou_detail_004_kani=true&JigyosyoCd=1473100277-00&ServiceCd=110&Type=search", "url2": "https://www.tasukeaikokoro.com/" }, "geometry": { "type": "Point", "coordinates": [ 139.570243600000026, 35.3910808 ] } },
{ "type": "Feature", "properties": { "内容": "ヘルパーステーションくらき【訪問介護】神奈川県横浜市港南区上大岡西3-10-6エクセルマンション102", "url": "https://www.kaigokensaku.mhlw.go.jp/14/index.php?action_kouhyou_detail_004_kani=true&JigyosyoCd=1473100418-00&ServiceCd=110&Type=search", "url2": "https://kuraki.care/" }, "geometry": { "type": "Point", "coordinates": [ 139.597693599999957, 35.4035823 ] } },
{ "type": "Feature", "properties": { "内容": "ＮＰＯ総ぐるみ福祉の会【訪問介護】神奈川県横浜市港南区日限山四丁目39番19号日限山ハイツ101号室", "url": "https://www.kaigokensaku.mhlw.go.jp/14/index.php?action_kouhyou_detail_004_kani=true&JigyosyoCd=1473100442-00&ServiceCd=110&Type=search", "url2": null }, "geometry": { "type": "Point", "coordinates": [ 139.555387830290471, 35.386686070265007 ] } },
{ "type": "Feature", "properties": { "内容": "瑞穂の大地ヘルパーステーション【訪問介護】神奈川県横浜市港南区日野1-9-33NTT港南ビル1階", "url": "https://www.kaigokensaku.mhlw.go.jp/14/index.php?action_kouhyou_detail_004_kani=true&JigyosyoCd=1473100897-00&ServiceCd=110&Type=search", "url2": "https://shuhokai.or.jp/office/konan-ku/hh-mizuho.php" }, "geometry": { "type": "Point", "coordinates": [ 139.58632549999993, 35.3961607 ] } },
{ "type": "Feature", "properties": { "内容": "若武者ケア　港南事業所【訪問介護】神奈川県横浜市港南区日野南１－６－１７勇吉第５ビル２０１号室", "url": "https://www.kaigokensaku.mhlw.go.jp/14/index.php?action_kouhyou_detail_004_kani=true&JigyosyoCd=1473101242-00&ServiceCd=110&Type=search", "url2": "http://www.wakamusha-care.jp/" }, "geometry": { "type": "Point", "coordinates": [ 139.57802582481338, 35.381036639556257 ] } },
{ "type": "Feature", "properties": { "内容": "特定非営利活動法人まごころ会【訪問介護】神奈川県横浜市港南区日野9丁目41番2号", "url": "https://www.kaigokensaku.mhlw.go.jp/14/index.php?action_kouhyou_detail_004_kani=true&JigyosyoCd=1473102430-00&ServiceCd=110&Type=search", "url2": null }, "geometry": { "type": "Point", "coordinates": [ 139.571238, 35.3847121 ] } },
{ "type": "Feature", "properties": { "内容": "ヘルパーステーション　花実【訪問介護】神奈川県横浜市港南区日野南5-42-2", "url": "https://www.kaigokensaku.mhlw.go.jp/14/index.php?action_kouhyou_detail_004_kani=true&JigyosyoCd=1473102455-00&ServiceCd=110&Type=search", "url2": "http://hananomi-k.com/" }, "geometry": { "type": "Point", "coordinates": [ 139.562842950926211, 35.377953759892286 ] } },
{ "type": "Feature", "properties": { "内容": "ツクイ横浜港南【訪問介護】神奈川県横浜市港南区日野中央2丁目29-8", "url": "https://www.kaigokensaku.mhlw.go.jp/14/index.php?action_kouhyou_detail_004_kani=true&JigyosyoCd=1473102943-00&ServiceCd=110&Type=search", "url2": "https://www.tsukui.net/home-care/2010/" }, "geometry": { "type": "Point", "coordinates": [ 139.584007300000025, 35.3843729 ] } },
{ "type": "Feature", "properties": { "内容": "医心館訪問介護ステーション上大岡【訪問介護】神奈川県横浜市港南区大久保一丁目11-13", "url": "https://www.kaigokensaku.mhlw.go.jp/14/index.php?action_kouhyou_detail_004_kani=true&JigyosyoCd=1473102984-00&ServiceCd=110&Type=search", "url2": null }, "geometry": { "type": "Point", "coordinates": [ 139.594299, 35.408943 ] } },
{ "type": "Feature", "properties": { "内容": "訪問介護あむーる【訪問介護】神奈川県横浜市港南区東永谷３－３－１４", "url": "https://www.kaigokensaku.mhlw.go.jp/14/index.php?action_kouhyou_detail_004_kani=true&JigyosyoCd=1473102992-00&ServiceCd=110&Type=search", "url2": null }, "geometry": { "type": "Point", "coordinates": [ 139.580583600000011, 35.4113759 ] } },
{ "type": "Feature", "properties": { "内容": "訪問介護　アリンコ【訪問介護】神奈川県横浜市港南区日限山１丁目５８番４４102号室", "url": "https://www.kaigokensaku.mhlw.go.jp/14/index.php?action_kouhyou_detail_004_kani=true&JigyosyoCd=1473103115-00&ServiceCd=110&Type=search", "url2": "https://happysmile2007.studio.site" }, "geometry": { "type": "Point", "coordinates": [ 139.560185100000012, 35.4026162 ] } },
{ "type": "Feature", "properties": { "内容": "有限会社　悠ゆう　訪問介護事業部【訪問介護】神奈川県横浜市港南区日野南5-30-20", "url": "https://www.kaigokensaku.mhlw.go.jp/14/index.php?action_kouhyou_detail_004_kani=true&JigyosyoCd=1473500476-00&ServiceCd=110&Type=search", "url2": null }, "geometry": { "type": "Point", "coordinates": [ 139.5654829, 35.3785351 ] } },
{ "type": "Feature", "properties": { "内容": "みどりの風こうなん【訪問介護】神奈川県横浜市港南区港南台５－８－８サニーハイツ港南台２０６", "url": "https://www.kaigokensaku.mhlw.go.jp/14/index.php?action_kouhyou_detail_004_kani=true&JigyosyoCd=1473100640-00&ServiceCd=110&Type=search", "url2": null }, "geometry": { "type": "Point", "coordinates": [ 139.578629, 35.3700194 ] } },
{ "type": "Feature", "properties": { "内容": "ケアサポート陽だまり【訪問介護】神奈川県横浜市港南区日野3-4-10クイーンズガーデン・サウスコート306号", "url": "https://www.kaigokensaku.mhlw.go.jp/14/index.php?action_kouhyou_detail_004_kani=true&JigyosyoCd=1473102315-00&ServiceCd=110&Type=search", "url2": "http://www.nihon-lecs.com" }, "geometry": { "type": "Point", "coordinates": [ 139.578912198147577, 35.39665005582102 ] } },
{ "type": "Feature", "properties": { "内容": "港南訪問介護事業所【訪問介護】神奈川県横浜市港南区笹下一丁目４番４３号", "url": "https://www.kaigokensaku.mhlw.go.jp/14/index.php?action_kouhyou_detail_004_kani=true&JigyosyoCd=1473102331-00&ServiceCd=110&Type=search", "url2": null }, "geometry": { "type": "Point", "coordinates": [ 139.59683346917268, 35.397445595162729 ] } },
{ "type": "Feature", "properties": { "内容": "8dayscare【訪問介護】神奈川県横浜市港南区東芹が谷22-12", "url": "https://www.kaigokensaku.mhlw.go.jp/14/index.php?action_kouhyou_detail_004_kani=true&JigyosyoCd=1473102364-00&ServiceCd=110&Type=search", "url2": null }, "geometry": { "type": "Point", "coordinates": [ 139.576589120237713, 35.412308132690484 ] } },
{ "type": "Feature", "properties": { "内容": "在宅ケアサービス　絆【訪問介護】神奈川県横浜市港南区野庭町675‐18", "url": "https://www.kaigokensaku.mhlw.go.jp/14/index.php?action_kouhyou_detail_004_kani=true&JigyosyoCd=1473102729-00&ServiceCd=110&Type=search", "url2": "https://www.kizuna250218-adorable-pooh.com" }, "geometry": { "type": "Point", "coordinates": [ 139.565370460658073, 35.389505507986527 ] } },
{ "type": "Feature", "properties": { "内容": "ＳＯＭＰＯケア　横浜港南日野　訪問介護【訪問介護】神奈川県横浜市港南区日野2-1-13榎本ビル2FB区画", "url": "https://www.kaigokensaku.mhlw.go.jp/14/index.php?action_kouhyou_detail_004_kani=true&JigyosyoCd=1473102752-00&ServiceCd=110&Type=search", "url2": "https://www.sompocare.com" }, "geometry": { "type": "Point", "coordinates": [ 139.5871727, 35.3982327 ] } },
{ "type": "Feature", "properties": { "内容": "HALE【訪問介護】神奈川県横浜市港南区上大岡東1-9-14第2パルテノンビル201", "url": "https://www.kaigokensaku.mhlw.go.jp/14/index.php?action_kouhyou_detail_004_kani=true&JigyosyoCd=1473102778-00&ServiceCd=110&Type=search", "url2": null }, "geometry": { "type": "Point", "coordinates": [ 139.5973742, 35.4100121 ] } },
{ "type": "Feature", "properties": { "内容": "サンウェルズ港南台ヘルパーステーション【訪問介護】神奈川県横浜市港南区港南台9-29-23PDハウス港南台", "url": "https://www.kaigokensaku.mhlw.go.jp/14/index.php?action_kouhyou_detail_004_kani=true&JigyosyoCd=1473103164-00&ServiceCd=110&Type=search", "url2": "https://sunwels.jp/pdh/" }, "geometry": { "type": "Point", "coordinates": [ 139.579227676057428, 35.36848412685459 ] } },
{ "type": "Feature", "properties": { "内容": "訪問介護本舗　有良【訪問介護】神奈川県横浜市港南区大久保２－３２－２７レイハウス１０３号", "url": "https://www.kaigokensaku.mhlw.go.jp/14/index.php?action_kouhyou_detail_004_kani=true&JigyosyoCd=1473103172-00&ServiceCd=110&Type=search", "url2": "https://dayservicehonpo.jp/houmonyuura/" }, "geometry": { "type": "Point", "coordinates": [ 139.5914525, 35.4085624 ] } },
{ "type": "Feature", "properties": { "内容": "訪問介護　フリーダム【訪問介護】神奈川県横浜市港南区野庭町665-11", "url": "https://www.kaigokensaku.mhlw.go.jp/14/index.php?action_kouhyou_detail_004_kani=true&JigyosyoCd=1473103198-00&ServiceCd=110&Type=search", "url2": null }, "geometry": { "type": "Point", "coordinates": [ 139.5689212, 35.3857373 ] } },
{ "type": "Feature", "properties": { "内容": "横浜市福祉サービス協会　訪問介護看護こうなん【訪問介護】神奈川県横浜市港南区上大岡西1-12-5朝日生命上大岡ビル４階", "url": "https://www.kaigokensaku.mhlw.go.jp/14/index.php?action_kouhyou_detail_004_kani=true&JigyosyoCd=1473103206-00&ServiceCd=110&Type=search", "url2": "https://www.hama-wel.or.jp/" }, "geometry": { "type": "Point", "coordinates": [ 139.596199105936705, 35.411394537796404 ] } },
{ "type": "Feature", "properties": { "内容": "訪問介護ファミリー・ホスピス港南台【訪問介護】神奈川県横浜市港南区日野中央２丁目4－12", "url": "https://www.kaigokensaku.mhlw.go.jp/14/index.php?action_kouhyou_detail_004_kani=true&JigyosyoCd=1473103214-00&ServiceCd=110&Type=search", "url2": "https://family-hospice.co.jp" }, "geometry": { "type": "Point", "coordinates": [ 139.5823054, 35.38786540000001 ] } },
{ "type": "Feature", "properties": { "内容": "訪問介護　ケアフィット【訪問介護】神奈川県横浜市港南区日野南5-9-12　港南台コーポラス101", "url": "https://www.kaigokensaku.mhlw.go.jp/14/index.php?action_kouhyou_detail_004_kani=true&JigyosyoCd=1473103222-00&ServiceCd=110&Type=search", "url2": "https://www.carefiit77.com/" }, "geometry": { "type": "Point", "coordinates": [ 139.565577499999989, 35.3770696 ] } },
{ "type": "Feature", "properties": { "内容": "アイリス訪問介護港南台支店【訪問介護】神奈川県横浜市港南区港南台6-4-7岡田ハイツB-102", "url": "https://www.kaigokensaku.mhlw.go.jp/14/index.php?action_kouhyou_detail_004_kani=true&JigyosyoCd=1473103255-00&ServiceCd=110&Type=search", "url2": "https://www.iris-kaigo.com/" }, "geometry": { "type": "Point", "coordinates": [ 139.5859252, 35.372982599999986 ] } },
{ "type": "Feature", "properties": { "内容": "ニチイライフケア横浜上大岡ヘルパーステーション【訪問介護】神奈川県横浜市港南区大久保3-5-53", "url": "https://www.kaigokensaku.mhlw.go.jp/14/index.php?action_kouhyou_detail_004_kani=true&JigyosyoCd=1473103354-00&ServiceCd=110&Type=search", "url2": "https://www.nichii-carepalace.co.jp/relatedfacilities/" }, "geometry": { "type": "Point", "coordinates": [ 139.58443, 35.4070815 ] } },
{ "type": "Feature", "properties": { "内容": "有限会社　ケア・オフィス【訪問介護】神奈川県横浜市港南区日野1-1-1岡本ビル201号室", "url": "https://www.kaigokensaku.mhlw.go.jp/14/index.php?action_kouhyou_detail_004_kani=true&JigyosyoCd=1473100202-00&ServiceCd=110&Type=search", "url2": "https://www.kounan-care.com" }, "geometry": { "type": "Point", "coordinates": [ 139.58912250000003, 35.3996326 ] } },
{ "type": "Feature", "properties": { "内容": "あった介護　港南【訪問介護】神奈川県横浜市港南区丸山台1-8-7ウェストキャナル103", "url": "https://www.kaigokensaku.mhlw.go.jp/14/index.php?action_kouhyou_detail_004_kani=true&JigyosyoCd=1473102802-00&ServiceCd=110&Type=search", "url2": "http://www.atlaina.jp" }, "geometry": { "type": "Point", "coordinates": [ 139.573939199999984, 35.3999381 ] } },
{ "type": "Feature", "properties": { "内容": "有限会社　船山企画ケアサービス【訪問介護】横浜市旭区南希望が丘6番地", "url": "https://www.kaigokensaku.mhlw.go.jp/14/index.php?action_kouhyou_detail_004_kani=true&JigyosyoCd=1473201844-00&ServiceCd=110&Type=search", "url2": null }, "geometry": { "type": "Point", "coordinates": [ 139.518391699999938, 35.4536056 ] } },
{ "type": "Feature", "properties": { "内容": "特定非営利活動法人　福祉グループコアラ【訪問介護】神奈川県横浜市旭区中白根4-10-1-111", "url": "https://www.kaigokensaku.mhlw.go.jp/14/index.php?action_kouhyou_detail_004_kani=true&JigyosyoCd=1473200689-00&ServiceCd=110&Type=search", "url2": null }, "geometry": { "type": "Point", "coordinates": [ 139.5486522, 35.4942424 ] } },
{ "type": "Feature", "properties": { "内容": "あさぞら【訪問介護】神奈川県横浜市旭区鶴ヶ峰２－９－９第２大幸ビル１階コーポヤマミ103", "url": "https://www.kaigokensaku.mhlw.go.jp/14/index.php?action_kouhyou_detail_004_kani=true&JigyosyoCd=1473203402-00&ServiceCd=110&Type=search", "url2": "http://aobanoniji.com/" }, "geometry": { "type": "Point", "coordinates": [ 139.548469094967686, 35.477995998995929 ] } },
{ "type": "Feature", "properties": { "内容": "ベストライフ二俣川訪問介護事業所【訪問介護】神奈川県横浜市旭区二俣川1-39-10", "url": "https://www.kaigokensaku.mhlw.go.jp/14/index.php?action_kouhyou_detail_004_kani=true&JigyosyoCd=1473203915-00&ServiceCd=110&Type=search", "url2": null }, "geometry": { "type": "Point", "coordinates": [ 139.5303308, 35.4638504 ] } },
{ "type": "Feature", "properties": { "内容": "Number.3【訪問介護】神奈川県横浜市旭区二俣川1-45-69荻原ビル2階", "url": "https://www.kaigokensaku.mhlw.go.jp/14/index.php?action_kouhyou_detail_004_kani=true&JigyosyoCd=1473203949-00&ServiceCd=110&Type=search", "url2": "https://www.kokorobiz.jp" }, "geometry": { "type": "Point", "coordinates": [ 139.5305371, 35.465951799999985 ] } },
{ "type": "Feature", "properties": { "内容": "ナース＆ヘルパー訪問ステーション　れいんぼう【訪問介護】神奈川県横浜市旭区鶴ヶ峰1-54-3アドバンス203", "url": "https://www.kaigokensaku.mhlw.go.jp/14/index.php?action_kouhyou_detail_004_kani=true&JigyosyoCd=1463290129-00&ServiceCd=110&Type=search", "url2": null }, "geometry": { "type": "Point", "coordinates": [ 139.548756648254454, 35.470863415121784 ] } },
{ "type": "Feature", "properties": { "内容": "ヘルパーステーション碧い木【訪問介護】神奈川県横浜市旭区川島町2998-2サンライフコウワ102", "url": "https://www.kaigokensaku.mhlw.go.jp/14/index.php?action_kouhyou_detail_004_kani=true&JigyosyoCd=1470602648-00&ServiceCd=110&Type=search", "url2": null }, "geometry": { "type": "Point", "coordinates": [ 139.5134138, 35.4519094 ] } },
{ "type": "Feature", "properties": { "内容": "たすけあい　あさひ【訪問介護】神奈川県横浜市旭区四季美台28-1", "url": "https://www.kaigokensaku.mhlw.go.jp/14/index.php?action_kouhyou_detail_004_kani=true&JigyosyoCd=1473200028-00&ServiceCd=110&Type=search", "url2": "http://tasukeaiasahi.or.jp" }, "geometry": { "type": "Point", "coordinates": [ 139.542853299999933, 35.4737726 ] } },
{ "type": "Feature", "properties": { "内容": "有限会社　よつば会介護支援センター【訪問介護】神奈川県横浜市旭区中希望が丘94番地52", "url": "https://www.kaigokensaku.mhlw.go.jp/14/index.php?action_kouhyou_detail_004_kani=true&JigyosyoCd=1473200150-00&ServiceCd=110&Type=search", "url2": "http://www7b.biglobe.ne.jp/~sudatobihi-yakkyoku/" }, "geometry": { "type": "Point", "coordinates": [ 139.5154169, 35.4586245 ] } },
{ "type": "Feature", "properties": { "内容": "サークルケアトーケン【訪問介護】神奈川県横浜市旭区上白根1-33-1", "url": "https://www.kaigokensaku.mhlw.go.jp/14/index.php?action_kouhyou_detail_004_kani=true&JigyosyoCd=1473200168-00&ServiceCd=110&Type=search", "url2": "http://www.token.yokohama/" }, "geometry": { "type": "Point", "coordinates": [ 139.53699789999996, 35.48671 ] } },
{ "type": "Feature", "properties": { "内容": "ニチイケアセンター二俣川【訪問介護】神奈川県横浜市旭区二俣川２－５６アルジャンテ森　405号", "url": "https://www.kaigokensaku.mhlw.go.jp/14/index.php?action_kouhyou_detail_004_kani=true&JigyosyoCd=1473200184-00&ServiceCd=110&Type=search", "url2": "http://www.nichiigakkan.co.jp" }, "geometry": { "type": "Point", "coordinates": [ 139.5330904, 35.4600465 ] } },
{ "type": "Feature", "properties": { "内容": "左近山ホームケアサービス【訪問介護】神奈川県横浜市旭区左近山16番地の1左近山団地1-31-111", "url": "https://www.kaigokensaku.mhlw.go.jp/14/index.php?action_kouhyou_detail_004_kani=true&JigyosyoCd=1473200242-00&ServiceCd=110&Type=search", "url2": null }, "geometry": { "type": "Point", "coordinates": [ 139.549643641430748, 35.460555964214045 ] } },
{ "type": "Feature", "properties": { "内容": "さくら苑ヘルパーステーション【訪問介護】神奈川県横浜市旭区笹野台1-1-22第一桜ビル1階", "url": "https://www.kaigokensaku.mhlw.go.jp/14/index.php?action_kouhyou_detail_004_kani=true&JigyosyoCd=1473200556-00&ServiceCd=110&Type=search", "url2": "https://shuhokai.or.jp/office/asahi-ku/hh-sakuraen.php" }, "geometry": { "type": "Point", "coordinates": [ 139.5041397, 35.4689899 ] } },
{ "type": "Feature", "properties": { "内容": "ニコニコ【訪問介護】神奈川県横浜市旭区今宿西町２４９－８", "url": "https://www.kaigokensaku.mhlw.go.jp/14/index.php?action_kouhyou_detail_004_kani=true&JigyosyoCd=1473200911-00&ServiceCd=110&Type=search", "url2": null }, "geometry": { "type": "Point", "coordinates": [ 139.525180427430769, 35.483844527713757 ] } },
{ "type": "Feature", "properties": { "内容": "コープケアサポートセンター旭【訪問介護】神奈川県横浜市旭区鶴ケ峰１－２５－９嶋田ビル２階", "url": "https://www.kaigokensaku.mhlw.go.jp/14/index.php?action_kouhyou_detail_004_kani=true&JigyosyoCd=1473201109-00&ServiceCd=110&Type=search", "url2": "http://www.ucoop.or.jp/" }, "geometry": { "type": "Point", "coordinates": [ 139.549012213491807, 35.473731370269697 ] } },
{ "type": "Feature", "properties": { "内容": "泉の郷　南希望が丘　訪問介護【訪問介護】神奈川県横浜市旭区南希望が丘68-11", "url": "https://www.kaigokensaku.mhlw.go.jp/14/index.php?action_kouhyou_detail_004_kani=true&JigyosyoCd=1473201422-00&ServiceCd=110&Type=search", "url2": "http://www.seikoukai.info/seikoukaihp/index.html" }, "geometry": { "type": "Point", "coordinates": [ 139.519512892286912, 35.451960526143282 ] } },
{ "type": "Feature", "properties": { "内容": "メディケア介護希望が丘【訪問介護】神奈川県横浜市旭区中希望が丘113-9", "url": "https://www.kaigokensaku.mhlw.go.jp/14/index.php?action_kouhyou_detail_004_kani=true&JigyosyoCd=1473201869-00&ServiceCd=110&Type=search", "url2": null }, "geometry": { "type": "Point", "coordinates": [ 139.514922399999961, 35.4568702 ] } },
{ "type": "Feature", "properties": { "内容": "訪問介護ステーション　ドルチェ【訪問介護】神奈川県横浜市旭区上川井町169番地", "url": "https://www.kaigokensaku.mhlw.go.jp/14/index.php?action_kouhyou_detail_004_kani=true&JigyosyoCd=1473201927-00&ServiceCd=110&Type=search", "url2": "http://www.mizunosato.or.jp/" }, "geometry": { "type": "Point", "coordinates": [ 139.507533200000012, 35.49637220000001 ] } },
{ "type": "Feature", "properties": { "内容": "横浜市福祉サービス協会　ヘルパーステーション旭【訪問介護】神奈川県横浜市旭区柏町１３１－５", "url": "https://www.kaigokensaku.mhlw.go.jp/14/index.php?action_kouhyou_detail_004_kani=true&JigyosyoCd=1473201992-00&ServiceCd=110&Type=search", "url2": "http://www.hama-wel.or.jp/branch/detail/hps_asahi/" }, "geometry": { "type": "Point", "coordinates": [ 139.533271, 35.4590466 ] } },
{ "type": "Feature", "properties": { "内容": "ホームケアコラージュ【訪問介護】神奈川県横浜市旭区本宿町74-2グランメール203", "url": "https://www.kaigokensaku.mhlw.go.jp/14/index.php?action_kouhyou_detail_004_kani=true&JigyosyoCd=1473202008-00&ServiceCd=110&Type=search", "url2": "http://www.greennet-group.jp/kaigo/houmon/homecare/" }, "geometry": { "type": "Point", "coordinates": [ 139.542136902716067, 35.465040275171681 ] } },
{ "type": "Feature", "properties": { "内容": "エスケアステーション旭　訪問介護【訪問介護】神奈川県横浜市旭区善部町28-4マルニビル2Ｆ", "url": "https://www.kaigokensaku.mhlw.go.jp/14/index.php?action_kouhyou_detail_004_kani=true&JigyosyoCd=1473202206-00&ServiceCd=110&Type=search", "url2": "http://www.s-caremate.co.jp" }, "geometry": { "type": "Point", "coordinates": [ 139.513797599999947, 35.449845 ] } },
{ "type": "Feature", "properties": { "内容": "金沢ケア・サービス　旭事業所【訪問介護】神奈川県横浜市旭区今宿東町1602", "url": "https://www.kaigokensaku.mhlw.go.jp/14/index.php?action_kouhyou_detail_004_kani=true&JigyosyoCd=1473202453-00&ServiceCd=110&Type=search", "url2": "http://kanazawacare.jp" }, "geometry": { "type": "Point", "coordinates": [ 139.534651691154522, 35.481809721643032 ] } },
{ "type": "Feature", "properties": { "内容": "しあわせ介護【訪問介護】神奈川県横浜市旭区鶴ヶ峰二丁目５番地の６サンワⅡ　２０３号", "url": "https://www.kaigokensaku.mhlw.go.jp/14/index.php?action_kouhyou_detail_004_kani=true&JigyosyoCd=1473202537-00&ServiceCd=110&Type=search", "url2": "http://www.happycare.jp/" }, "geometry": { "type": "Point", "coordinates": [ 139.544803099999967, 35.4762834 ] } },
{ "type": "Feature", "properties": { "内容": "A-Smile二俣川【訪問介護】神奈川県横浜市旭区二俣川1-4-3MISONOGarden301", "url": "https://www.kaigokensaku.mhlw.go.jp/14/index.php?action_kouhyou_detail_004_kani=true&JigyosyoCd=1473202966-00&ServiceCd=110&Type=search", "url2": "https://akarie.co.jp/" }, "geometry": { "type": "Point", "coordinates": [ 139.534937500000069, 35.4628628 ] } },
{ "type": "Feature", "properties": { "内容": "ホームヘルパーステーションスマイル【訪問介護】神奈川県横浜市旭区左近山1186-6左近山団地7街区10号棟105号室", "url": "https://www.kaigokensaku.mhlw.go.jp/14/index.php?action_kouhyou_detail_004_kani=true&JigyosyoCd=1473202982-00&ServiceCd=110&Type=search", "url2": "http://koukai201704.com/" }, "geometry": { "type": "Point", "coordinates": [ 139.551172100000031, 35.4616485 ] } },
{ "type": "Feature", "properties": { "内容": "つぼみ【訪問介護】神奈川県横浜市旭区上川井町178ハイツコスモス107", "url": "https://www.kaigokensaku.mhlw.go.jp/14/index.php?action_kouhyou_detail_004_kani=true&JigyosyoCd=1473203196-00&ServiceCd=110&Type=search", "url2": null }, "geometry": { "type": "Point", "coordinates": [ 139.506798484912565, 35.495928225582254 ] } },
{ "type": "Feature", "properties": { "内容": "訪問介護かえで旭サービスセンター【訪問介護】神奈川県横浜市旭区二俣川1-45-60永井ビル3F", "url": "https://www.kaigokensaku.mhlw.go.jp/14/index.php?action_kouhyou_detail_004_kani=true&JigyosyoCd=1473203394-00&ServiceCd=110&Type=search", "url2": "http://www.elderly.jp/" }, "geometry": { "type": "Point", "coordinates": [ 139.530416800000012, 35.4658441 ] } },
{ "type": "Feature", "properties": { "内容": "アクア　二俣川【訪問介護】神奈川県横浜市旭区本宿町110-1アベニエル内田105", "url": "https://www.kaigokensaku.mhlw.go.jp/14/index.php?action_kouhyou_detail_004_kani=true&JigyosyoCd=1473203410-00&ServiceCd=110&Type=search", "url2": "https://aqua-efila.com/company/" }, "geometry": { "type": "Point", "coordinates": [ 139.53837180000005, 35.4643552 ] } },
{ "type": "Feature", "properties": { "内容": "横浜市福祉サービス協会　訪問介護看護あさひ【訪問介護】神奈川県横浜市旭区柏町131-5", "url": "https://www.kaigokensaku.mhlw.go.jp/14/index.php?action_kouhyou_detail_004_kani=true&JigyosyoCd=1473203444-00&ServiceCd=110&Type=search", "url2": null }, "geometry": { "type": "Point", "coordinates": [ 139.526790406745931, 35.452260921562477 ] } },
{ "type": "Feature", "properties": { "内容": "訪問介護よりそい【訪問介護】神奈川県横浜市旭区上白根1-2-2　白根第二マンション104号", "url": "https://www.kaigokensaku.mhlw.go.jp/14/index.php?action_kouhyou_detail_004_kani=true&JigyosyoCd=1473203469-00&ServiceCd=110&Type=search", "url2": null }, "geometry": { "type": "Point", "coordinates": [ 139.541823687805163, 35.487871110224269 ] } },
{ "type": "Feature", "properties": { "内容": "障害者支援・訪問介護ステーションひまわり【訪問介護】神奈川県横浜市旭区本村町40-2クリエールヤマニ103", "url": "https://www.kaigokensaku.mhlw.go.jp/14/index.php?action_kouhyou_detail_004_kani=true&JigyosyoCd=1473203477-00&ServiceCd=110&Type=search", "url2": null }, "geometry": { "type": "Point", "coordinates": [ 139.539436713455871, 35.469007209910146 ] } },
{ "type": "Feature", "properties": { "内容": "ツクイ横浜希望が丘【訪問介護】神奈川県横浜市旭区中希望が丘130-12NMビル２階０２号室", "url": "https://www.kaigokensaku.mhlw.go.jp/14/index.php?action_kouhyou_detail_004_kani=true&JigyosyoCd=1473203519-00&ServiceCd=110&Type=search", "url2": "https://www.tsukui.net" }, "geometry": { "type": "Point", "coordinates": [ 139.514108420459877, 35.459115838960294 ] } },
{ "type": "Feature", "properties": { "内容": "若武者ケア　旭事業所【訪問介護】神奈川県横浜市旭区二俣川2-56-1アルジャンテ森402号室", "url": "https://www.kaigokensaku.mhlw.go.jp/14/index.php?action_kouhyou_detail_004_kani=true&JigyosyoCd=1473203592-00&ServiceCd=110&Type=search", "url2": "https://www.wakamusha-care.jp/" }, "geometry": { "type": "Point", "coordinates": [ 139.5331306, 35.4600657 ] } },
{ "type": "Feature", "properties": { "内容": "さんしゃいんケアサービス希望が丘【訪問介護】神奈川県横浜市旭区中希望が丘１１６－１０", "url": "https://www.kaigokensaku.mhlw.go.jp/14/index.php?action_kouhyou_detail_004_kani=true&JigyosyoCd=1473203600-00&ServiceCd=110&Type=search", "url2": "https://sunshine-cs.com" }, "geometry": { "type": "Point", "coordinates": [ 139.5130169, 35.4573279 ] } },
{ "type": "Feature", "properties": { "内容": "総合ケアステーション縁【訪問介護】神奈川県横浜市旭区市沢町1182-42青山コーポＢ-001号室", "url": "https://www.kaigokensaku.mhlw.go.jp/14/index.php?action_kouhyou_detail_004_kani=true&JigyosyoCd=1473203634-00&ServiceCd=110&Type=search", "url2": null }, "geometry": { "type": "Point", "coordinates": [ 139.5555889, 35.4575418 ] } },
{ "type": "Feature", "properties": { "内容": "訪問介護ファミリー・ホスピス二俣川【訪問介護】神奈川県横浜市旭区二俣川1丁目39番13号", "url": "https://www.kaigokensaku.mhlw.go.jp/14/index.php?action_kouhyou_detail_004_kani=true&JigyosyoCd=1473203683-00&ServiceCd=110&Type=search", "url2": "https://family-hospice.co.jp/office/2274/" }, "geometry": { "type": "Point", "coordinates": [ 139.530025028172304, 35.4638504 ] } },
{ "type": "Feature", "properties": { "内容": "訪問事業所　鼓草【訪問介護】神奈川県横浜市旭区中希望が丘74-9", "url": "https://www.kaigokensaku.mhlw.go.jp/14/index.php?action_kouhyou_detail_004_kani=true&JigyosyoCd=1473203691-00&ServiceCd=110&Type=search", "url2": null }, "geometry": { "type": "Point", "coordinates": [ 139.5165068, 35.4578639 ] } },
{ "type": "Feature", "properties": { "内容": "ファーストケア【訪問介護】神奈川県横浜市旭区市沢町848-3", "url": "https://www.kaigokensaku.mhlw.go.jp/14/index.php?action_kouhyou_detail_004_kani=true&JigyosyoCd=1473203709-00&ServiceCd=110&Type=search", "url2": null }, "geometry": { "type": "Point", "coordinates": [ 139.5597075, 35.4602953 ] } },
{ "type": "Feature", "properties": { "内容": "すずかぜヘルパーステーション　あさひ【訪問介護】神奈川県横浜市旭区東希望が丘100-19加瀬ビル191-401", "url": "https://www.kaigokensaku.mhlw.go.jp/14/index.php?action_kouhyou_detail_004_kani=true&JigyosyoCd=1473203733-00&ServiceCd=110&Type=search", "url2": "https://suzukaze-yokohama.jp/" }, "geometry": { "type": "Point", "coordinates": [ 139.5156098, 35.4607694 ] } },
{ "type": "Feature", "properties": { "内容": "訪問介護リベル　四季の森公園【訪問介護】神奈川県横浜市旭区上白根町795番2", "url": "https://www.kaigokensaku.mhlw.go.jp/14/index.php?action_kouhyou_detail_004_kani=true&JigyosyoCd=1473203964-00&ServiceCd=110&Type=search", "url2": null }, "geometry": { "type": "Point", "coordinates": [ 139.5359747, 35.5000107 ] } },
{ "type": "Feature", "properties": { "内容": "訪問介護　和く和く【訪問介護】神奈川県横浜市旭区中白根4-17-5柳屋ハイツ201", "url": "https://www.kaigokensaku.mhlw.go.jp/14/index.php?action_kouhyou_detail_004_kani=true&JigyosyoCd=1473203972-00&ServiceCd=110&Type=search", "url2": "https://houmonkaigo.wakuwaku1009.com" }, "geometry": { "type": "Point", "coordinates": [ 139.546013, 35.4939334 ] } },
{ "type": "Feature", "properties": { "内容": "有限会社　ハートケア【訪問介護】神奈川県横浜市旭区西川島町27-16", "url": "https://www.kaigokensaku.mhlw.go.jp/14/index.php?action_kouhyou_detail_004_kani=true&JigyosyoCd=1471000883-00&ServiceCd=110&Type=search", "url2": null }, "geometry": { "type": "Point", "coordinates": [ 139.558390700000018, 35.4764363 ] } },
{ "type": "Feature", "properties": { "内容": "有限会社　いっぽ【訪問介護】神奈川県横浜市旭区南希望が丘13-7", "url": "https://www.kaigokensaku.mhlw.go.jp/14/index.php?action_kouhyou_detail_004_kani=true&JigyosyoCd=1473200697-00&ServiceCd=110&Type=search", "url2": null }, "geometry": { "type": "Point", "coordinates": [ 139.519230500000049, 35.4549721 ] } },
{ "type": "Feature", "properties": { "内容": "ケアサービスマドリッド【訪問介護】神奈川県横浜市旭区南希望が丘77", "url": "https://www.kaigokensaku.mhlw.go.jp/14/index.php?action_kouhyou_detail_004_kani=true&JigyosyoCd=1473200754-00&ServiceCd=110&Type=search", "url2": null }, "geometry": { "type": "Point", "coordinates": [ 139.514008699999977, 35.4544166 ] } },
{ "type": "Feature", "properties": { "内容": "銀の舞ヘルパーステーション【訪問介護】神奈川県横浜市旭区二俣川2-50-14コプレ二俣川オフィス905号", "url": "https://www.kaigokensaku.mhlw.go.jp/14/index.php?action_kouhyou_detail_004_kani=true&JigyosyoCd=1473202362-00&ServiceCd=110&Type=search", "url2": "https://www.shuhokai.or.jp" }, "geometry": { "type": "Point", "coordinates": [ 139.53291107909854, 35.463504474309651 ] } },
{ "type": "Feature", "properties": { "内容": "けいあいの杜【訪問介護】神奈川県横浜市旭区中希望が丘25-1CASA希望ヶ丘", "url": "https://www.kaigokensaku.mhlw.go.jp/14/index.php?action_kouhyou_detail_004_kani=true&JigyosyoCd=1473203238-00&ServiceCd=110&Type=search", "url2": "https://keiaigroup.jp/facility_data/keiainomori/" }, "geometry": { "type": "Point", "coordinates": [ 139.517502799999988, 35.4600048 ] } },
{ "type": "Feature", "properties": { "内容": "ＳＯＭＰＯケア　横浜希望が丘　訪問介護【訪問介護】神奈川県横浜市旭区南希望が丘６８三輪ビル　1階1号室", "url": "https://www.kaigokensaku.mhlw.go.jp/14/index.php?action_kouhyou_detail_004_kani=true&JigyosyoCd=1473203261-00&ServiceCd=110&Type=search", "url2": "https://www.sompocare.com/service/zaitaku/kaigo/Z000176?service=kaigo" }, "geometry": { "type": "Point", "coordinates": [ 139.514143025429462, 35.453280266634806 ] } },
{ "type": "Feature", "properties": { "内容": "グランダ二俣川ケアステーション【訪問介護】神奈川県横浜市旭区中沢2-2-1", "url": "https://www.kaigokensaku.mhlw.go.jp/14/index.php?action_kouhyou_detail_004_kani=true&JigyosyoCd=1473203287-00&ServiceCd=110&Type=search", "url2": "https://www.benesse-style-care.co.jp/" }, "geometry": { "type": "Point", "coordinates": [ 139.52584211415558, 35.469884864440296 ] } },
{ "type": "Feature", "properties": { "内容": "訪問介護事業所一織庵今宿西町【訪問介護】神奈川県横浜市旭区今宿西町255", "url": "https://www.kaigokensaku.mhlw.go.jp/14/index.php?action_kouhyou_detail_004_kani=true&JigyosyoCd=1473203774-00&ServiceCd=110&Type=search", "url2": null }, "geometry": { "type": "Point", "coordinates": [ 139.5251768, 35.4849934 ] } },
{ "type": "Feature", "properties": { "内容": "らんケアサービスあさひ【訪問介護】神奈川県横浜市旭区今宿西町466すずきハイツD101", "url": "https://www.kaigokensaku.mhlw.go.jp/14/index.php?action_kouhyou_detail_004_kani=true&JigyosyoCd=1473203832-00&ServiceCd=110&Type=search", "url2": "https://www.runcare.jp" }, "geometry": { "type": "Point", "coordinates": [ 139.529451300000034, 35.4836744 ] } },
{ "type": "Feature", "properties": { "内容": "訪問介護ステーションたんぽぽ四季の森【訪問介護】神奈川県横浜市旭区上白根町774-181", "url": "https://www.kaigokensaku.mhlw.go.jp/14/index.php?action_kouhyou_detail_004_kani=true&JigyosyoCd=1473203865-00&ServiceCd=110&Type=search", "url2": null }, "geometry": { "type": "Point", "coordinates": [ 139.5374266, 35.4988207 ] } },
{ "type": "Feature", "properties": { "内容": "セントケアあさひ【訪問介護】神奈川県横浜市旭区鶴ヶ峰本町1-2-17鶴ヶ峰井上ビル101", "url": "https://www.kaigokensaku.mhlw.go.jp/14/index.php?action_kouhyou_detail_004_kani=true&JigyosyoCd=1473203782-00&ServiceCd=110&Type=search", "url2": null }, "geometry": { "type": "Point", "coordinates": [ 139.543934868161386, 35.47553303953827 ] } },
{ "type": "Feature", "properties": { "内容": "ニチイケアセンター旭【訪問介護】神奈川県横浜市旭区白根4-1-17サイトービル　1階", "url": "https://www.kaigokensaku.mhlw.go.jp/14/index.php?action_kouhyou_detail_004_kani=true&JigyosyoCd=1473200523-00&ServiceCd=110&Type=search", "url2": "http://www.nichiigakkan.co.jp/" }, "geometry": { "type": "Point", "coordinates": [ 139.54838937037772, 35.47896344360489 ] } },
{ "type": "Feature", "properties": { "内容": "あっぷる旭ケアステーション【訪問介護】神奈川県横浜市旭区鶴ヶ峰本町1－26－13カームヒルズ2階", "url": "https://www.kaigokensaku.mhlw.go.jp/14/index.php?action_kouhyou_detail_004_kani=true&JigyosyoCd=1473200770-00&ServiceCd=110&Type=search", "url2": "https://www.apple-kaigo.co.jp/" }, "geometry": { "type": "Point", "coordinates": [ 139.537875799999938, 35.4787887 ] } },
{ "type": "Feature", "properties": { "内容": "訪問介護　すずらん【訪問介護】神奈川県横浜市緑区長津田３丁目２１－２２ｻﾝﾊｲﾂ103", "url": "https://www.kaigokensaku.mhlw.go.jp/14/index.php?action_kouhyou_detail_004_kani=true&JigyosyoCd=1473302956-00&ServiceCd=110&Type=search", "url2": null }, "geometry": { "type": "Point", "coordinates": [ 139.4950249, 35.5375388 ] } },
{ "type": "Feature", "properties": { "内容": "訪問介護のんな十日市場【訪問介護】神奈川県横浜市緑区新治町897-262階", "url": "https://www.kaigokensaku.mhlw.go.jp/14/index.php?action_kouhyou_detail_004_kani=true&JigyosyoCd=1473303087-00&ServiceCd=110&Type=search", "url2": null }, "geometry": { "type": "Point", "coordinates": [ 139.516852, 35.5194869 ] } },
{ "type": "Feature", "properties": { "内容": "生活リハビリクラブ鴨居【訪問介護】神奈川県横浜市緑区鴨居町2430－1", "url": "https://www.kaigokensaku.mhlw.go.jp/14/index.php?action_kouhyou_detail_004_kani=true&JigyosyoCd=1473300067-00&ServiceCd=110&Type=search", "url2": "http://kanagawa.seikatsuclub.coop/" }, "geometry": { "type": "Point", "coordinates": [ 139.565231, 35.4997665 ] } },
{ "type": "Feature", "properties": { "内容": "こだまケアサービス【訪問介護】神奈川県横浜市緑区長津田七丁目１５番２号", "url": "https://www.kaigokensaku.mhlw.go.jp/14/index.php?action_kouhyou_detail_004_kani=true&JigyosyoCd=1473300364-00&ServiceCd=110&Type=search", "url2": null }, "geometry": { "type": "Point", "coordinates": [ 139.491501699999986, 35.5275655 ] } },
{ "type": "Feature", "properties": { "内容": "有限会社　ふれあいハート【訪問介護】神奈川県横浜市緑区鴨居３丁目１７－１２", "url": "https://www.kaigokensaku.mhlw.go.jp/14/index.php?action_kouhyou_detail_004_kani=true&JigyosyoCd=1473300448-00&ServiceCd=110&Type=search", "url2": "http://www.fureai-heart.co.jp/" }, "geometry": { "type": "Point", "coordinates": [ 139.568283800000017, 35.5060386 ] } },
{ "type": "Feature", "properties": { "内容": "ＮＰＯワーカーズくまさん【訪問介護】神奈川県横浜市緑区白山３丁目１－９", "url": "https://www.kaigokensaku.mhlw.go.jp/14/index.php?action_kouhyou_detail_004_kani=true&JigyosyoCd=1473300463-00&ServiceCd=110&Type=search", "url2": "https://kumakuma-san.com/" }, "geometry": { "type": "Point", "coordinates": [ 139.551423454292262, 35.507424186887306 ] } },
{ "type": "Feature", "properties": { "内容": "翡翠の舞ヘルパーステーション【訪問介護】神奈川県横浜市緑区台村町337台和ビル1階", "url": "https://www.kaigokensaku.mhlw.go.jp/14/index.php?action_kouhyou_detail_004_kani=true&JigyosyoCd=1473300489-00&ServiceCd=110&Type=search", "url2": "https://www.shuhokai.or.jp" }, "geometry": { "type": "Point", "coordinates": [ 139.537627899999961, 35.5132901 ] } },
{ "type": "Feature", "properties": { "内容": "有限会社ケアサポート絵日記【訪問介護】神奈川県横浜市緑区竹山1-20-8", "url": "https://www.kaigokensaku.mhlw.go.jp/14/index.php?action_kouhyou_detail_004_kani=true&JigyosyoCd=1473300679-00&ServiceCd=110&Type=search", "url2": "https://care-enikki.com" }, "geometry": { "type": "Point", "coordinates": [ 139.559926056869472, 35.50068380725547 ] } },
{ "type": "Feature", "properties": { "内容": "あゆみ【訪問介護】神奈川県横浜市緑区台村町296-1緑センターⅢ101号", "url": "https://www.kaigokensaku.mhlw.go.jp/14/index.php?action_kouhyou_detail_004_kani=true&JigyosyoCd=1473300901-00&ServiceCd=110&Type=search", "url2": "https://ayumi-kaigo.net" }, "geometry": { "type": "Point", "coordinates": [ 139.53886169080738, 35.513450959005816 ] } },
{ "type": "Feature", "properties": { "内容": "ＮＰＯ法人　たすけあい・ゆりの木【訪問介護】神奈川県横浜市緑区霧が丘5丁目26番地霧が丘グリーンタウン2棟204号", "url": "https://www.kaigokensaku.mhlw.go.jp/14/index.php?action_kouhyou_detail_004_kani=true&JigyosyoCd=1473300927-00&ServiceCd=110&Type=search", "url2": "https://www.yurinoki-tasukeai.com/" }, "geometry": { "type": "Point", "coordinates": [ 139.503821900000048, 35.513316 ] } },
{ "type": "Feature", "properties": { "内容": "セントケア横浜緑【訪問介護】神奈川県横浜市緑区長津田みなみ台1-33-5ユニバーサルみなみ台101号室", "url": "https://www.kaigokensaku.mhlw.go.jp/14/index.php?action_kouhyou_detail_004_kani=true&JigyosyoCd=1473301206-00&ServiceCd=110&Type=search", "url2": "http://www.saintc-k.com/office/770.html" }, "geometry": { "type": "Point", "coordinates": [ 139.496727599999986, 35.5210223 ] } },
{ "type": "Feature", "properties": { "内容": "てらす【訪問介護】神奈川県横浜市緑区鴨居1-9-24マデラ・カーサ104", "url": "https://www.kaigokensaku.mhlw.go.jp/14/index.php?action_kouhyou_detail_004_kani=true&JigyosyoCd=1473301602-00&ServiceCd=110&Type=search", "url2": "http://www.terasukaigo.co.jp/" }, "geometry": { "type": "Point", "coordinates": [ 139.566024829669203, 35.510614847292914 ] } },
{ "type": "Feature", "properties": { "内容": "ニチイケアセンターみどり中山【訪問介護】神奈川県横浜市緑区中山一丁目６番１号Ｍｉｙｏｓｈｉ’ｓ　Ｓｅｅｄビル5階", "url": "https://www.kaigokensaku.mhlw.go.jp/14/index.php?action_kouhyou_detail_004_kani=true&JigyosyoCd=1473301693-00&ServiceCd=110&Type=search", "url2": "https://www.nichiigakkan.co.jp/" }, "geometry": { "type": "Point", "coordinates": [ 139.540699899999936, 35.51499 ] } },
{ "type": "Feature", "properties": { "内容": "サポート　ニトリ【訪問介護】神奈川県横浜市緑区霧が丘1-24-4第1ヤマキビル103", "url": "https://www.kaigokensaku.mhlw.go.jp/14/index.php?action_kouhyou_detail_004_kani=true&JigyosyoCd=1473301867-00&ServiceCd=110&Type=search", "url2": null }, "geometry": { "type": "Point", "coordinates": [ 139.507938299999978, 35.5153161 ] } },
{ "type": "Feature", "properties": { "内容": "ささゆりホームヘルプサービス【訪問介護】神奈川県横浜市緑区長津田6-11-22", "url": "https://www.kaigokensaku.mhlw.go.jp/14/index.php?action_kouhyou_detail_004_kani=true&JigyosyoCd=1473301974-00&ServiceCd=110&Type=search", "url2": null }, "geometry": { "type": "Point", "coordinates": [ 139.498876193362435, 35.528127245480484 ] } },
{ "type": "Feature", "properties": { "内容": "GTLケアサービス　長津田みなみ台【訪問介護】神奈川県横浜市緑区長津田みなみ台２－１２－１３", "url": "https://www.kaigokensaku.mhlw.go.jp/14/index.php?action_kouhyou_detail_004_kani=true&JigyosyoCd=1473301990-00&ServiceCd=110&Type=search", "url2": "https://www.gtl-daiwa.co.jp/" }, "geometry": { "type": "Point", "coordinates": [ 139.492780402464064, 35.517926922629321 ] } },
{ "type": "Feature", "properties": { "内容": "生活協同組合パルシステム神奈川ぬくもり横浜北【訪問介護】神奈川県横浜市緑区北八朔町160番地パルシステム神奈川横浜北センター2階", "url": "https://www.kaigokensaku.mhlw.go.jp/14/index.php?action_kouhyou_detail_004_kani=true&JigyosyoCd=1473302048-00&ServiceCd=110&Type=search", "url2": "https://nukumori.palsystem-kanagawa.coop/" }, "geometry": { "type": "Point", "coordinates": [ 139.546027099999947, 35.5266524 ] } },
{ "type": "Feature", "properties": { "内容": "若武者ケア　緑事業所【訪問介護】神奈川県横浜市緑区十日市場町849-6アドバンス第5　403号", "url": "https://www.kaigokensaku.mhlw.go.jp/14/index.php?action_kouhyou_detail_004_kani=true&JigyosyoCd=1473302097-00&ServiceCd=110&Type=search", "url2": "http://www.wakamusha-care.jp/" }, "geometry": { "type": "Point", "coordinates": [ 139.509968699999945, 35.5232097 ] } },
{ "type": "Feature", "properties": { "内容": "ヘルパーステーションみどり野【訪問介護】神奈川県横浜市緑区十日市場町915-14", "url": "https://www.kaigokensaku.mhlw.go.jp/14/index.php?action_kouhyou_detail_004_kani=true&JigyosyoCd=1473302139-00&ServiceCd=110&Type=search", "url2": "http://www．ushioda.org/" }, "geometry": { "type": "Point", "coordinates": [ 139.52026550000005, 35.5223389 ] } },
{ "type": "Feature", "properties": { "内容": "INS　横浜緑訪問介護事業所【訪問介護】神奈川県横浜市緑区中山1-6-11トーレ・アチェ・イー201号室", "url": "https://www.kaigokensaku.mhlw.go.jp/14/index.php?action_kouhyou_detail_004_kani=true&JigyosyoCd=1473302295-00&ServiceCd=110&Type=search", "url2": "https://www.ins-kaigo.com/" }, "geometry": { "type": "Point", "coordinates": [ 139.541449627508513, 35.515979565404194 ] } },
{ "type": "Feature", "properties": { "内容": "東京海上日動みずたま介護ＳＴ十日市場【訪問介護】神奈川県横浜市緑区十日市場町805-1十日市場佐藤ビル301", "url": "https://www.kaigokensaku.mhlw.go.jp/14/index.php?action_kouhyou_detail_004_kani=true&JigyosyoCd=1473302311-00&ServiceCd=110&Type=search", "url2": "https://www.mizutama-kaigo.jp/stations/tokaichiba/" }, "geometry": { "type": "Point", "coordinates": [ 139.515985030024694, 35.52584154633756 ] } },
{ "type": "Feature", "properties": { "内容": "ホームヘルプサービスソラスト長津田【訪問介護】神奈川県横浜市緑区長津田5-2-60フジヨシビルA303", "url": "https://www.kaigokensaku.mhlw.go.jp/14/index.php?action_kouhyou_detail_004_kani=true&JigyosyoCd=1473302386-00&ServiceCd=110&Type=search", "url2": "https://solasto-kaigo.com/care/area/solastonagatsuta.html" }, "geometry": { "type": "Point", "coordinates": [ 139.494040422090166, 35.531313477937914 ] } },
{ "type": "Feature", "properties": { "内容": "和み邸中山訪問介護事業所【訪問介護】神奈川県横浜市緑区上山1丁目12番地10号和み邸・中山", "url": "https://www.kaigokensaku.mhlw.go.jp/14/index.php?action_kouhyou_detail_004_kani=true&JigyosyoCd=1473302626-00&ServiceCd=110&Type=search", "url2": "https://kamoibyouin.or.jp/nagomitei/nakayama/" }, "geometry": { "type": "Point", "coordinates": [ 139.549302099999977, 35.5098676 ] } },
{ "type": "Feature", "properties": { "内容": "ホームケア緑訪問介護【訪問介護】神奈川県横浜市緑区十日市場町1258-92クレールレジデンス横浜十日市場", "url": "https://www.kaigokensaku.mhlw.go.jp/14/index.php?action_kouhyou_detail_004_kani=true&JigyosyoCd=1473302634-00&ServiceCd=110&Type=search", "url2": "https://www.e-life-design.co.jp/" }, "geometry": { "type": "Point", "coordinates": [ 139.514919400000053, 35.5217093 ] } },
{ "type": "Feature", "properties": { "内容": "横浜市福祉サービス協会　訪問介護看護みどり【訪問介護】神奈川県横浜市緑区中山一丁目6番5号静銀中山ビル3階", "url": "https://www.kaigokensaku.mhlw.go.jp/14/index.php?action_kouhyou_detail_004_kani=true&JigyosyoCd=1473302717-00&ServiceCd=110&Type=search", "url2": "https://www.hama-wel.or.jp/" }, "geometry": { "type": "Point", "coordinates": [ 139.5408875, 35.5155307 ] } },
{ "type": "Feature", "properties": { "内容": "はなの杜【訪問介護】神奈川県横浜市緑区寺山町544-1プラセール101", "url": "https://www.kaigokensaku.mhlw.go.jp/14/index.php?action_kouhyou_detail_004_kani=true&JigyosyoCd=1473302766-00&ServiceCd=110&Type=search", "url2": "http://hp.kaipoke.biz/r4g/141731/base_0003.html" }, "geometry": { "type": "Point", "coordinates": [ 139.537566199999986, 35.5064691 ] } },
{ "type": "Feature", "properties": { "内容": "ツクイ横浜鴨居【訪問介護】神奈川県横浜市緑区鴨居6-27-1グランドマスト横浜鴨居109号室", "url": "https://www.kaigokensaku.mhlw.go.jp/14/index.php?action_kouhyou_detail_004_kani=true&JigyosyoCd=1473302774-00&ServiceCd=110&Type=search", "url2": "https://www.tsukui.net/home-care/2757/" }, "geometry": { "type": "Point", "coordinates": [ 139.5606708, 35.5046237 ] } },
{ "type": "Feature", "properties": { "内容": "ツクイ横浜緑【訪問介護】神奈川県横浜市緑区寺山町87-14", "url": "https://www.kaigokensaku.mhlw.go.jp/14/index.php?action_kouhyou_detail_004_kani=true&JigyosyoCd=1473302824-00&ServiceCd=110&Type=search", "url2": "https://www.tsukui.net/home-care/2084/" }, "geometry": { "type": "Point", "coordinates": [ 139.539117299999987, 35.5137589 ] } },
{ "type": "Feature", "properties": { "内容": "さくらケア緑訪問介護事業所【訪問介護】神奈川県横浜市緑区寺山町97ブラン中山　1F", "url": "https://www.kaigokensaku.mhlw.go.jp/14/index.php?action_kouhyou_detail_004_kani=true&JigyosyoCd=1473302840-00&ServiceCd=110&Type=search", "url2": "https://www.care-partner.com/" }, "geometry": { "type": "Point", "coordinates": [ 139.539117299999987, 35.5131492 ] } },
{ "type": "Feature", "properties": { "内容": "はっぴぃむーん【訪問介護】神奈川県横浜市緑区三保町2402-1岩澤マンション205", "url": "https://www.kaigokensaku.mhlw.go.jp/14/index.php?action_kouhyou_detail_004_kani=true&JigyosyoCd=1473302873-00&ServiceCd=110&Type=search", "url2": "https://happymoon-kaigo.com/" }, "geometry": { "type": "Point", "coordinates": [ 139.527471878014069, 35.515618965309038 ] } },
{ "type": "Feature", "properties": { "内容": "にこにこ訪問介護【訪問介護】神奈川県横浜市緑区霧が丘3-2-16北雄マンション303", "url": "https://www.kaigokensaku.mhlw.go.jp/14/index.php?action_kouhyou_detail_004_kani=true&JigyosyoCd=1473302899-00&ServiceCd=110&Type=search", "url2": "https://niconico-kaigo.com" }, "geometry": { "type": "Point", "coordinates": [ 139.503803144332608, 35.518110892151554 ] } },
{ "type": "Feature", "properties": { "内容": "グランダ中山ケアステーション【訪問介護】神奈川県横浜市緑区台村町字中村410-1", "url": "https://www.kaigokensaku.mhlw.go.jp/14/index.php?action_kouhyou_detail_004_kani=true&JigyosyoCd=1473302931-00&ServiceCd=110&Type=search", "url2": "https://kaigo.benesse-style-care.co.jp/area_kanagawa/yokohama/home_gd-nakayama" }, "geometry": { "type": "Point", "coordinates": [ 139.534363599999978, 35.5136168 ] } },
{ "type": "Feature", "properties": { "内容": "医心館訪問介護ステーション横浜中山【訪問介護】神奈川県横浜市緑区青砥町３番地５", "url": "https://www.kaigokensaku.mhlw.go.jp/14/index.php?action_kouhyou_detail_004_kani=true&JigyosyoCd=1473302964-00&ServiceCd=110&Type=search", "url2": null }, "geometry": { "type": "Point", "coordinates": [ 139.5432944, 35.5180255 ] } },
{ "type": "Feature", "properties": { "内容": "アールビー訪問介護事業所【訪問介護】神奈川県横浜市緑区三保町2640番地243", "url": "https://www.kaigokensaku.mhlw.go.jp/14/index.php?action_kouhyou_detail_004_kani=true&JigyosyoCd=1473200390-00&ServiceCd=110&Type=search", "url2": null }, "geometry": { "type": "Point", "coordinates": [ 139.527434399999947, 35.5091628 ] } },
{ "type": "Feature", "properties": { "内容": "福祉クラブ生協　エプロン・みどり【訪問介護】神奈川県横浜市緑区十日市場840-3るるる・みどり館内", "url": "https://www.kaigokensaku.mhlw.go.jp/14/index.php?action_kouhyou_detail_004_kani=true&JigyosyoCd=1473300554-00&ServiceCd=110&Type=search", "url2": "https://www.fukushi-club.net/" }, "geometry": { "type": "Point", "coordinates": [ 139.5145602, 35.5235685 ] } },
{ "type": "Feature", "properties": { "内容": "横浜市福祉サービス協会　緑介護事務所【訪問介護】神奈川県横浜市緑区中山一丁目6番5号静銀中山ビル3階", "url": "https://www.kaigokensaku.mhlw.go.jp/14/index.php?action_kouhyou_detail_004_kani=true&JigyosyoCd=1473300562-00&ServiceCd=110&Type=search", "url2": "https://www.hama-wel.or.jp/service/homehelp/" }, "geometry": { "type": "Point", "coordinates": [ 139.540936135582001, 35.515625561761688 ] } },
{ "type": "Feature", "properties": { "内容": "ミモザヘルパーステーション横浜霧が丘【訪問介護】神奈川県横浜市緑区霧が丘5-25-1ミモザ横浜霧が丘", "url": "https://www.kaigokensaku.mhlw.go.jp/14/index.php?action_kouhyou_detail_004_kani=true&JigyosyoCd=1473302170-00&ServiceCd=110&Type=search", "url2": "https://mimoza-care.com/facility/home-visit-care/post-753/" }, "geometry": { "type": "Point", "coordinates": [ 139.504209926582917, 35.513868098458225 ] } },
{ "type": "Feature", "properties": { "内容": "ホ－ムヘルプサ－ビス緑【訪問介護】神奈川県横浜市緑区霧が丘4-18-17ラ・ヴェーニュ101", "url": "https://www.kaigokensaku.mhlw.go.jp/14/index.php?action_kouhyou_detail_004_kani=true&JigyosyoCd=1473302188-00&ServiceCd=110&Type=search", "url2": null }, "geometry": { "type": "Point", "coordinates": [ 139.504065054619247, 35.512355826007408 ] } },
{ "type": "Feature", "properties": { "内容": "あおぞらサポート【訪問介護】神奈川県横浜市緑区霧が丘4-23-18", "url": "https://www.kaigokensaku.mhlw.go.jp/14/index.php?action_kouhyou_detail_004_kani=true&JigyosyoCd=1473302253-00&ServiceCd=110&Type=search", "url2": "http://www.yuuchan.jp" }, "geometry": { "type": "Point", "coordinates": [ 139.5032053, 35.5105274 ] } },
{ "type": "Feature", "properties": { "内容": "ｗａｋｕｗａｋｕファミリーＧＥＮＫＩ長津田【訪問介護】神奈川県横浜市緑区長津田4-9-6ホドガヤビル106", "url": "https://www.kaigokensaku.mhlw.go.jp/14/index.php?action_kouhyou_detail_004_kani=true&JigyosyoCd=1473302485-00&ServiceCd=110&Type=search", "url2": null }, "geometry": { "type": "Point", "coordinates": [ 139.494910800000071, 35.533806 ] } },
{ "type": "Feature", "properties": { "内容": "ＳＯＭＰＯケア　横浜十日市場　訪問介護【訪問介護】神奈川県横浜市緑区十日市場町824-2", "url": "https://www.kaigokensaku.mhlw.go.jp/14/index.php?action_kouhyou_detail_004_kani=true&JigyosyoCd=1473302527-00&ServiceCd=110&Type=search", "url2": "https://www.sompocare.com" }, "geometry": { "type": "Point", "coordinates": [ 139.518137750307432, 35.524681170990725 ] } },
{ "type": "Feature", "properties": { "内容": "すいへいせん訪問介護【訪問介護】神奈川県横浜市緑区十日市場町866-5サードアドバンス603", "url": "https://www.kaigokensaku.mhlw.go.jp/14/index.php?action_kouhyou_detail_004_kani=true&JigyosyoCd=1473302592-00&ServiceCd=110&Type=search", "url2": "https://www.suiheisen-kaigo.com" }, "geometry": { "type": "Point", "coordinates": [ 139.511129799999935, 35.5256345 ] } },
{ "type": "Feature", "properties": { "内容": "ヘルパー事業所　人・花　みどり【訪問介護】神奈川県横浜市緑区中山３丁目36-20テラスハウス中山102号室", "url": "https://www.kaigokensaku.mhlw.go.jp/14/index.php?action_kouhyou_detail_004_kani=true&JigyosyoCd=1473303012-00&ServiceCd=110&Type=search", "url2": "https://hitohana.co.jp/" }, "geometry": { "type": "Point", "coordinates": [ 139.543943899999988, 35.5156349 ] } },
{ "type": "Feature", "properties": { "内容": "訪問介護事業所　けやき【訪問介護】神奈川県横浜市緑区上山二丁目35番１号", "url": "https://www.kaigokensaku.mhlw.go.jp/14/index.php?action_kouhyou_detail_004_kani=true&JigyosyoCd=1473702668-00&ServiceCd=110&Type=search", "url2": "https://www.chi-ga.jp" }, "geometry": { "type": "Point", "coordinates": [ 139.550113955323638, 35.506533498018158 ] } },
{ "type": "Feature", "properties": { "内容": "トラちゃん訪問介護【訪問介護】神奈川県横浜市緑区青砥町1069番地サンシャトー和103号室", "url": "https://www.kaigokensaku.mhlw.go.jp/14/index.php?action_kouhyou_detail_004_kani=true&JigyosyoCd=1473302329-00&ServiceCd=110&Type=search", "url2": null }, "geometry": { "type": "Point", "coordinates": [ 139.545003290872501, 35.51960647759303 ] } },
{ "type": "Feature", "properties": { "内容": "ガーデニア　ホーム訪問介護事業所【訪問介護】神奈川県横浜市緑区新治町497", "url": "https://www.kaigokensaku.mhlw.go.jp/14/index.php?action_kouhyou_detail_004_kani=true&JigyosyoCd=1473303137-00&ServiceCd=110&Type=search", "url2": null }, "geometry": { "type": "Point", "coordinates": [ 139.52788398280336, 35.521354416844346 ] } },
{ "type": "Feature", "properties": { "内容": "訪問介護事業所いいな.com【訪問介護】神奈川県横浜市瀬谷区瀬谷2-51-13坂口ビル202号室", "url": "https://www.kaigokensaku.mhlw.go.jp/14/index.php?action_kouhyou_detail_004_kani=true&JigyosyoCd=1473401980-00&ServiceCd=110&Type=search", "url2": "https://www.lifecareiina.com" }, "geometry": { "type": "Point", "coordinates": [ 139.4884157, 35.4664933 ] } },
{ "type": "Feature", "properties": { "内容": "わくわくケアハート【訪問介護】神奈川県横浜市瀬谷区南台1－17－３", "url": "https://www.kaigokensaku.mhlw.go.jp/14/index.php?action_kouhyou_detail_004_kani=true&JigyosyoCd=1473400172-00&ServiceCd=110&Type=search", "url2": "https://wakuwaku-seya.org" }, "geometry": { "type": "Point", "coordinates": [ 139.489778592265367, 35.462835230996163 ] } },
{ "type": "Feature", "properties": { "内容": "アームス在宅支援センター【訪問介護】神奈川県横浜市瀬谷区相沢６－２５－５", "url": "https://www.kaigokensaku.mhlw.go.jp/14/index.php?action_kouhyou_detail_004_kani=true&JigyosyoCd=1473400859-00&ServiceCd=110&Type=search", "url2": "https://arm-s.jp" }, "geometry": { "type": "Point", "coordinates": [ 139.4868626, 35.4808596 ] } },
{ "type": "Feature", "properties": { "内容": "ニチイケアセンター瀬谷【訪問介護】神奈川県横浜市瀬谷区瀬谷3-9-20パールホーム瀬谷104号室", "url": "https://www.kaigokensaku.mhlw.go.jp/14/index.php?action_kouhyou_detail_004_kani=true&JigyosyoCd=1473401063-00&ServiceCd=110&Type=search", "url2": "http://www.nichiigakkan.co.jp" }, "geometry": { "type": "Point", "coordinates": [ 139.4882199, 35.4644577 ] } },
{ "type": "Feature", "properties": { "内容": "ヘルパーステーション　ソーイン【訪問介護】神奈川県横浜市瀬谷区下瀬谷１丁目２６番地の２３ドエル菊池１０１号室", "url": "https://www.kaigokensaku.mhlw.go.jp/14/index.php?action_kouhyou_detail_004_kani=true&JigyosyoCd=1473401105-00&ServiceCd=110&Type=search", "url2": "https://www.soin20110525.com" }, "geometry": { "type": "Point", "coordinates": [ 139.48506470552249, 35.453114241408457 ] } },
{ "type": "Feature", "properties": { "内容": "すずかぜヘルパーステーション【訪問介護】神奈川県横浜市瀬谷区三ツ境166番地9", "url": "https://www.kaigokensaku.mhlw.go.jp/14/index.php?action_kouhyou_detail_004_kani=true&JigyosyoCd=1473401360-00&ServiceCd=110&Type=search", "url2": "https://suzukaze-yokohama.jp/" }, "geometry": { "type": "Point", "coordinates": [ 139.500534465606705, 35.466345125401794 ] } },
{ "type": "Feature", "properties": { "内容": "ボンセジュール三ツ境ケアステーション【訪問介護】神奈川県横浜市瀬谷区三ツ境76-1", "url": "https://www.kaigokensaku.mhlw.go.jp/14/index.php?action_kouhyou_detail_004_kani=true&JigyosyoCd=1473401626-00&ServiceCd=110&Type=search", "url2": "http://www.benesse-style-care.co.jp/" }, "geometry": { "type": "Point", "coordinates": [ 139.503245399999969, 35.4666652 ] } },
{ "type": "Feature", "properties": { "内容": "エンジョイらいふ【訪問介護】神奈川県横浜市瀬谷区二ツ橋町381-1池万二ツ橋ビル201", "url": "https://www.kaigokensaku.mhlw.go.jp/14/index.php?action_kouhyou_detail_004_kani=true&JigyosyoCd=1473401691-00&ServiceCd=110&Type=search", "url2": "https://7irohikou.com" }, "geometry": { "type": "Point", "coordinates": [ 139.494310644180359, 35.46847679309348 ] } },
{ "type": "Feature", "properties": { "内容": "横浜市福祉サービス協会　訪問介護看護せや【訪問介護】神奈川県横浜市瀬谷区三ツ境100-6海發ビル１階", "url": "https://www.kaigokensaku.mhlw.go.jp/14/index.php?action_kouhyou_detail_004_kani=true&JigyosyoCd=1473401782-00&ServiceCd=110&Type=search", "url2": "http://www.hama-wel.or.jp/" }, "geometry": { "type": "Point", "coordinates": [ 139.501578628071286, 35.466928685405129 ] } },
{ "type": "Feature", "properties": { "内容": "訪問介護シエル【訪問介護】神奈川県横浜市瀬谷区瀬谷5-14-9ハイム芝本201", "url": "https://www.kaigokensaku.mhlw.go.jp/14/index.php?action_kouhyou_detail_004_kani=true&JigyosyoCd=1473401832-00&ServiceCd=110&Type=search", "url2": "https://www.nanokolover.com" }, "geometry": { "type": "Point", "coordinates": [ 139.485781, 35.4676399 ] } },
{ "type": "Feature", "properties": { "内容": "ベストライフ横浜瀬谷訪問介護事業所【訪問介護】神奈川県横浜市瀬谷区本郷2-7-7", "url": "https://www.kaigokensaku.mhlw.go.jp/14/index.php?action_kouhyou_detail_004_kani=true&JigyosyoCd=1473401881-00&ServiceCd=110&Type=search", "url2": null }, "geometry": { "type": "Point", "coordinates": [ 139.477979119712813, 35.474677162820207 ] } },
{ "type": "Feature", "properties": { "内容": "ツクイ横浜瀬谷【訪問介護】神奈川県横浜市瀬谷区三ツ境5-1ミユキ第2ビル201号", "url": "https://www.kaigokensaku.mhlw.go.jp/14/index.php?action_kouhyou_detail_004_kani=true&JigyosyoCd=1473401907-00&ServiceCd=110&Type=search", "url2": "https://www.tsukui.net/home-care/2082/" }, "geometry": { "type": "Point", "coordinates": [ 139.49031020000001, 35.466279600000014 ] } },
{ "type": "Feature", "properties": { "内容": "泉心会訪問介護【訪問介護】神奈川県横浜市瀬谷区五貫目町22-47アルカディアドリームD107", "url": "https://www.kaigokensaku.mhlw.go.jp/14/index.php?action_kouhyou_detail_004_kani=true&JigyosyoCd=1473401964-00&ServiceCd=110&Type=search", "url2": null }, "geometry": { "type": "Point", "coordinates": [ 139.4736612, 35.4997927 ] } },
{ "type": "Feature", "properties": { "内容": "ケアパートナーズ【訪問介護】神奈川県横浜市瀬谷区阿久和西２－４０－５メリーハイツ２０１号", "url": "https://www.kaigokensaku.mhlw.go.jp/14/index.php?action_kouhyou_detail_004_kani=true&JigyosyoCd=1473401220-00&ServiceCd=110&Type=search", "url2": "https://care-partners.site/" }, "geometry": { "type": "Point", "coordinates": [ 139.498482100000047, 35.451392 ] } },
{ "type": "Feature", "properties": { "内容": "みそらホームケア【訪問介護】神奈川県横浜市瀬谷区三ツ境43番地5", "url": "https://www.kaigokensaku.mhlw.go.jp/14/index.php?action_kouhyou_detail_004_kani=true&JigyosyoCd=1473402111-00&ServiceCd=110&Type=search", "url2": "https://www.misorahomecare.com/" }, "geometry": { "type": "Point", "coordinates": [ 139.503586706745892, 35.462850046986034 ] } },
{ "type": "Feature", "properties": { "内容": "ヘルパー事業所　人・花【訪問介護】神奈川県横浜市瀬谷区本郷２－１５－１５", "url": "https://www.kaigokensaku.mhlw.go.jp/14/index.php?action_kouhyou_detail_004_kani=true&JigyosyoCd=1473201745-00&ServiceCd=110&Type=search", "url2": "https://hitohana.co.jp/hp.html" }, "geometry": { "type": "Point", "coordinates": [ 139.480384971411127, 35.477051104122125 ] } },
{ "type": "Feature", "properties": { "内容": "あっぷる三ツ境　ケアステーション【訪問介護】神奈川県横浜市瀬谷区三ツ境108-3サンライズビル三ツ境2階", "url": "https://www.kaigokensaku.mhlw.go.jp/14/index.php?action_kouhyou_detail_004_kani=true&JigyosyoCd=1473400107-00&ServiceCd=110&Type=search", "url2": "https://www.apple-kaigo.co.jp/" }, "geometry": { "type": "Point", "coordinates": [ 139.5024482, 35.4688427 ] } },
{ "type": "Feature", "properties": { "内容": "ＮＰＯ法人　ワーカーズ・コレクティブ　たすけあい　せや【訪問介護】神奈川県横浜市瀬谷区三ツ境１０９－３つどいパレス３０１", "url": "https://www.kaigokensaku.mhlw.go.jp/14/index.php?action_kouhyou_detail_004_kani=true&JigyosyoCd=1473400271-00&ServiceCd=110&Type=search", "url2": null }, "geometry": { "type": "Point", "coordinates": [ 139.5005678, 35.4671429 ] } },
{ "type": "Feature", "properties": { "内容": "横浜市福祉サービス協会　ヘルパーステーション瀬谷【訪問介護】神奈川県横浜市瀬谷区三ツ境100-6海發ビル１階", "url": "https://www.kaigokensaku.mhlw.go.jp/14/index.php?action_kouhyou_detail_004_kani=true&JigyosyoCd=1473400982-00&ServiceCd=110&Type=search", "url2": "https://www.hama-wel.or.jp/" }, "geometry": { "type": "Point", "coordinates": [ 139.501564830024648, 35.466975923933816 ] } },
{ "type": "Feature", "properties": { "内容": "ヘルパーステーション　のぞみ【訪問介護】神奈川県横浜市瀬谷区中屋敷１－２４－１リフレ瀬谷", "url": "https://www.kaigokensaku.mhlw.go.jp/14/index.php?action_kouhyou_detail_004_kani=true&JigyosyoCd=1473401006-00&ServiceCd=110&Type=search", "url2": "https://nozomi-npo.org/facility/helpernozomi/" }, "geometry": { "type": "Point", "coordinates": [ 139.473915900000065, 35.4850526 ] } },
{ "type": "Feature", "properties": { "内容": "瀬谷やわらぎ【訪問介護】神奈川県横浜市瀬谷区橋戸1-27-1", "url": "https://www.kaigokensaku.mhlw.go.jp/14/index.php?action_kouhyou_detail_004_kani=true&JigyosyoCd=1473401196-00&ServiceCd=110&Type=search", "url2": "http://www.sunnylife-group.co.ｊｐ/" }, "geometry": { "type": "Point", "coordinates": [ 139.483190884378018, 35.462959858011729 ] } },
{ "type": "Feature", "properties": { "内容": "リンクウェルせや【訪問介護】横浜市瀬谷区本郷2-26-1田園ヴィレッジC", "url": "https://www.kaigokensaku.mhlw.go.jp/14/index.php?action_kouhyou_detail_004_kani=true&JigyosyoCd=1473401303-00&ServiceCd=110&Type=search", "url2": "https://linkwel-seya.com/" }, "geometry": { "type": "Point", "coordinates": [ 139.477632566305289, 35.47706059376975 ] } },
{ "type": "Feature", "properties": { "内容": "虹【訪問介護】神奈川県横浜市瀬谷区瀬谷5-3-24", "url": "https://www.kaigokensaku.mhlw.go.jp/14/index.php?action_kouhyou_detail_004_kani=true&JigyosyoCd=1473401733-00&ServiceCd=110&Type=search", "url2": "http://www.dekkaisora.jp/" }, "geometry": { "type": "Point", "coordinates": [ 139.478869, 35.4694284 ] } },
{ "type": "Feature", "properties": { "内容": "ヘルパーステーションからし菜【訪問介護】神奈川県横浜市瀬谷区瀬谷4-44-9アジュール101", "url": "https://www.kaigokensaku.mhlw.go.jp/14/index.php?action_kouhyou_detail_004_kani=true&JigyosyoCd=1473401766-00&ServiceCd=110&Type=search", "url2": "http://karashina.net/" }, "geometry": { "type": "Point", "coordinates": [ 139.483745593530784, 35.466616919313871 ] } },
{ "type": "Feature", "properties": { "内容": "若武者ケア　瀬谷事業所【訪問介護】神奈川県横浜市瀬谷区瀬谷4-5-9山名商事ビル102号室", "url": "https://www.kaigokensaku.mhlw.go.jp/14/index.php?action_kouhyou_detail_004_kani=true&JigyosyoCd=1473402079-00&ServiceCd=110&Type=search", "url2": "http://www.wakamusha-care.jp" }, "geometry": { "type": "Point", "coordinates": [ 139.4839175, 35.4703502 ] } },
{ "type": "Feature", "properties": { "内容": "訪問介護　アイケア瀬谷【訪問介護】神奈川県横浜市瀬谷区瀬谷1-28-2", "url": "https://www.kaigokensaku.mhlw.go.jp/14/index.php?action_kouhyou_detail_004_kani=true&JigyosyoCd=1473402087-00&ServiceCd=110&Type=search", "url2": null }, "geometry": { "type": "Point", "coordinates": [ 139.4936782, 35.4674407 ] } },
{ "type": "Feature", "properties": { "内容": "ヘルパーセンターすばる【訪問介護】神奈川県横浜市瀬谷区南台1-10-3", "url": "https://www.kaigokensaku.mhlw.go.jp/14/index.php?action_kouhyou_detail_004_kani=true&JigyosyoCd=1473402095-00&ServiceCd=110&Type=search", "url2": "https://welfare-takeone.jp/company/subaru/" }, "geometry": { "type": "Point", "coordinates": [ 139.490298175387181, 35.461808547801191 ] } },
{ "type": "Feature", "properties": { "内容": "輝の杜【訪問介護】神奈川県横浜市瀬谷区五貫目町10-38", "url": "https://www.kaigokensaku.mhlw.go.jp/14/index.php?action_kouhyou_detail_004_kani=true&JigyosyoCd=1473400289-00&ServiceCd=110&Type=search", "url2": "https://www.gsen.or.jp/kagayaki/" }, "geometry": { "type": "Point", "coordinates": [ 139.470562362565573, 35.498906424919845 ] } },
{ "type": "Feature", "properties": { "内容": "訪問介護事業所りりーふ・ドア【訪問介護】神奈川県横浜市瀬谷区橋戸3-8-2スカイコートA102", "url": "https://www.kaigokensaku.mhlw.go.jp/14/index.php?action_kouhyou_detail_004_kani=true&JigyosyoCd=1473401634-00&ServiceCd=110&Type=search", "url2": "https://www.relief-door.com" }, "geometry": { "type": "Point", "coordinates": [ 139.479077500000017, 35.4647596 ] } },
{ "type": "Feature", "properties": { "内容": "横浜市セントラル介護【訪問介護】神奈川県横浜市栄区庄戸5-19-13", "url": "https://www.kaigokensaku.mhlw.go.jp/14/index.php?action_kouhyou_detail_004_kani=true&JigyosyoCd=1473500211-00&ServiceCd=110&Type=search", "url2": null }, "geometry": { "type": "Point", "coordinates": [ 139.58765040000003, 35.3498524 ] } },
{ "type": "Feature", "properties": { "内容": "シンサポートサービス【訪問介護】神奈川県横浜市栄区庄戸4-14-3", "url": "https://www.kaigokensaku.mhlw.go.jp/14/index.php?action_kouhyou_detail_004_kani=true&JigyosyoCd=1473500344-00&ServiceCd=110&Type=search", "url2": "http://www.shinplanning.jp" }, "geometry": { "type": "Point", "coordinates": [ 139.583274065328965, 35.351792907742599 ] } },
{ "type": "Feature", "properties": { "内容": "あしたのなえ【訪問介護】神奈川県横浜市栄区笠間1-3-4", "url": "https://www.kaigokensaku.mhlw.go.jp/14/index.php?action_kouhyou_detail_004_kani=true&JigyosyoCd=1473500997-00&ServiceCd=110&Type=search", "url2": "http://hp.kaipoke.biz/3u9/free1.html" }, "geometry": { "type": "Point", "coordinates": [ 139.532569120349081, 35.356427288529346 ] } },
{ "type": "Feature", "properties": { "内容": "へルパーステーションあんず横浜【訪問介護】神奈川県横浜市栄区笠間4-2-3ハイツ笠間203号室", "url": "https://www.kaigokensaku.mhlw.go.jp/14/index.php?action_kouhyou_detail_004_kani=true&JigyosyoCd=1473501649-00&ServiceCd=110&Type=search", "url2": "http://anzu-kasama.com/" }, "geometry": { "type": "Point", "coordinates": [ 139.5334121, 35.3629287 ] } },
{ "type": "Feature", "properties": { "内容": "福祉クラブ生協　訪問介護ステーション　いこい【訪問介護】神奈川県横浜市栄区犬山町53-18", "url": "https://www.kaigokensaku.mhlw.go.jp/14/index.php?action_kouhyou_detail_004_kani=true&JigyosyoCd=1473500237-00&ServiceCd=110&Type=search", "url2": "http://www.fukushi-club.net" }, "geometry": { "type": "Point", "coordinates": [ 139.571057399999972, 35.3531548 ] } },
{ "type": "Feature", "properties": { "内容": "ニチイケアセンター栄【訪問介護】神奈川県横浜市栄区公田町161-5美樹第一ビル201", "url": "https://www.kaigokensaku.mhlw.go.jp/14/index.php?action_kouhyou_detail_004_kani=true&JigyosyoCd=1473500278-00&ServiceCd=110&Type=search", "url2": null }, "geometry": { "type": "Point", "coordinates": [ 139.552065178700929, 35.361819019037512 ] } },
{ "type": "Feature", "properties": { "内容": "特定非営利活動法人　ワーカーズ・コレクティブたすけあい栄【訪問介護】神奈川県横浜市栄区上郷町84番地12港南台カワマヒルズ103", "url": "https://www.kaigokensaku.mhlw.go.jp/14/index.php?action_kouhyou_detail_004_kani=true&JigyosyoCd=1473500294-00&ServiceCd=110&Type=search", "url2": "http://tasukeaisakae.jimdo.com" }, "geometry": { "type": "Point", "coordinates": [ 139.567330120654333, 35.364361307495088 ] } },
{ "type": "Feature", "properties": { "内容": "フルライフ本郷台【訪問介護】神奈川県横浜市栄区公田町514-5柳澤ビル2階", "url": "https://www.kaigokensaku.mhlw.go.jp/14/index.php?action_kouhyou_detail_004_kani=true&JigyosyoCd=1473500443-00&ServiceCd=110&Type=search", "url2": "https://www.fulllife.co.jp/" }, "geometry": { "type": "Point", "coordinates": [ 139.555206099999964, 35.3630341 ] } },
{ "type": "Feature", "properties": { "内容": "ヘルパーステーション　さくら草【訪問介護】神奈川県横浜市栄区柏陽2-23", "url": "https://www.kaigokensaku.mhlw.go.jp/14/index.php?action_kouhyou_detail_004_kani=true&JigyosyoCd=1473500450-00&ServiceCd=110&Type=search", "url2": "http://www.houmon-no-ie.or.jp/" }, "geometry": { "type": "Point", "coordinates": [ 139.55556589610984, 35.36543114914668 ] } },
{ "type": "Feature", "properties": { "内容": "クロスハートヘルパーステーション栄・横浜【訪問介護】神奈川県横浜市栄区公田町1020-5", "url": "https://www.kaigokensaku.mhlw.go.jp/14/index.php?action_kouhyou_detail_004_kani=true&JigyosyoCd=1473500542-00&ServiceCd=110&Type=search", "url2": "https://www.shinkoufukushikai.com/care-cats/visit-home-care" }, "geometry": { "type": "Point", "coordinates": [ 139.558364025470127, 35.351037295926595 ] } },
{ "type": "Feature", "properties": { "内容": "横浜市福祉サービス協会　ヘルパーステーション栄【訪問介護】神奈川県横浜市栄区桂町728-1セルディ本郷台1階", "url": "https://www.kaigokensaku.mhlw.go.jp/14/index.php?action_kouhyou_detail_004_kani=true&JigyosyoCd=1473500609-00&ServiceCd=110&Type=search", "url2": "https://www.hama-wel.or.jp/branch/hps_sakae/" }, "geometry": { "type": "Point", "coordinates": [ 139.55714080000007, 35.3647298 ] } },
{ "type": "Feature", "properties": { "内容": "訪問介護　りんどう【訪問介護】神奈川県横浜市栄区桂町７４－１７サンパレス本郷台１０７号", "url": "https://www.kaigokensaku.mhlw.go.jp/14/index.php?action_kouhyou_detail_004_kani=true&JigyosyoCd=1473500641-00&ServiceCd=110&Type=search", "url2": "https://www.chiiki-support-niji.com/niji_space/Kaigo/Rindou/rindou1.htm" }, "geometry": { "type": "Point", "coordinates": [ 139.549075899999906, 35.3624287 ] } },
{ "type": "Feature", "properties": { "内容": "セントケア横浜栄【訪問介護】神奈川県横浜市栄区公田町1638-54", "url": "https://www.kaigokensaku.mhlw.go.jp/14/index.php?action_kouhyou_detail_004_kani=true&JigyosyoCd=1473500773-00&ServiceCd=110&Type=search", "url2": "http://www.saintc-k.com/" }, "geometry": { "type": "Point", "coordinates": [ 139.556434674599473, 35.363562125642446 ] } },
{ "type": "Feature", "properties": { "内容": "さくらんぼケアセンター【訪問介護】神奈川県横浜市栄区庄戸三丁目13番24号", "url": "https://www.kaigokensaku.mhlw.go.jp/14/index.php?action_kouhyou_detail_004_kani=true&JigyosyoCd=1473501003-00&ServiceCd=110&Type=search", "url2": null }, "geometry": { "type": "Point", "coordinates": [ 139.588230899999985, 35.3538658 ] } },
{ "type": "Feature", "properties": { "内容": "介護サービス　はっぴー【訪問介護】神奈川県横浜市栄区庄戸1-23-6", "url": "https://www.kaigokensaku.mhlw.go.jp/14/index.php?action_kouhyou_detail_004_kani=true&JigyosyoCd=1473501458-00&ServiceCd=110&Type=search", "url2": null }, "geometry": { "type": "Point", "coordinates": [ 139.585595, 35.3549323 ] } },
{ "type": "Feature", "properties": { "内容": "訪問介護ファミリー・ホスピス本郷台【訪問介護】神奈川県横浜市栄区小菅ヶ谷3丁目31番16号", "url": "https://www.kaigokensaku.mhlw.go.jp/14/index.php?action_kouhyou_detail_004_kani=true&JigyosyoCd=1473501474-00&ServiceCd=110&Type=search", "url2": null }, "geometry": { "type": "Point", "coordinates": [ 139.554745606745882, 35.369884478329304 ] } },
{ "type": "Feature", "properties": { "内容": "あっとほーむケアー訪問介護ステーション【訪問介護】神奈川県横浜市栄区上郷町84-12港南台カワマヒルズ102", "url": "https://www.kaigokensaku.mhlw.go.jp/14/index.php?action_kouhyou_detail_004_kani=true&JigyosyoCd=1473501524-00&ServiceCd=110&Type=search", "url2": "https://at-homecare.life/" }, "geometry": { "type": "Point", "coordinates": [ 139.56730779999998, 35.3644534 ] } },
{ "type": "Feature", "properties": { "内容": "ラクナールの訪問介護【訪問介護】神奈川県横浜市栄区本郷台2-６-17第2MTビル１階", "url": "https://www.kaigokensaku.mhlw.go.jp/14/index.php?action_kouhyou_detail_004_kani=true&JigyosyoCd=1473501581-00&ServiceCd=110&Type=search", "url2": "http://rakunal.jp/?p=404" }, "geometry": { "type": "Point", "coordinates": [ 139.546860299999906, 35.3706101 ] } },
{ "type": "Feature", "properties": { "内容": "ツクイ横浜栄【訪問介護】神奈川県横浜市栄区桂町274-7エステート美和・桂201号", "url": "https://www.kaigokensaku.mhlw.go.jp/14/index.php?action_kouhyou_detail_004_kani=true&JigyosyoCd=1473501615-00&ServiceCd=110&Type=search", "url2": null }, "geometry": { "type": "Point", "coordinates": [ 139.5518784, 35.3623782 ] } },
{ "type": "Feature", "properties": { "内容": "SOMPOケア　横浜本郷台　訪問介護【訪問介護】神奈川県横浜市栄区小菅ヶ谷1-22-5", "url": "https://www.kaigokensaku.mhlw.go.jp/14/index.php?action_kouhyou_detail_004_kani=true&JigyosyoCd=1473501706-00&ServiceCd=110&Type=search", "url2": "https://www.sompocare.com/service/zaitaku/kaigo/Z000945" }, "geometry": { "type": "Point", "coordinates": [ 139.5449849, 35.3648879 ] } },
{ "type": "Feature", "properties": { "内容": "グランダ本郷台ケアステーション【訪問介護】神奈川県横浜市栄区小菅ヶ谷2－3－8", "url": "https://www.kaigokensaku.mhlw.go.jp/14/index.php?action_kouhyou_detail_004_kani=true&JigyosyoCd=1473501748-00&ServiceCd=110&Type=search", "url2": "https://kaigo.benesse-style-care.co.jp/area_kanagawa/yokohama/home_gd-hongoudai" }, "geometry": { "type": "Point", "coordinates": [ 139.550117699999987, 35.3705083 ] } },
{ "type": "Feature", "properties": { "内容": "らいふけあ中野【訪問介護】神奈川県横浜市栄区上郷町84-9杜のさぽーと館１F", "url": "https://www.kaigokensaku.mhlw.go.jp/14/index.php?action_kouhyou_detail_004_kani=true&JigyosyoCd=1473500393-00&ServiceCd=110&Type=search", "url2": "https://le-pli.jp/facility/lifecare-nakano/" }, "geometry": { "type": "Point", "coordinates": [ 139.567058806676528, 35.364471805828551 ] } },
{ "type": "Feature", "properties": { "内容": "グランダ大船東弐番館ケアステーション【訪問介護】神奈川県横浜市栄区笠間3-22-10", "url": "https://www.kaigokensaku.mhlw.go.jp/14/index.php?action_kouhyou_detail_004_kani=true&JigyosyoCd=1473501409-00&ServiceCd=110&Type=search", "url2": null }, "geometry": { "type": "Point", "coordinates": [ 139.534624909786999, 35.361543857923955 ] } },
{ "type": "Feature", "properties": { "内容": "訪問介護　花【訪問介護】神奈川県横浜市栄区本郷台1-1-11", "url": "https://www.kaigokensaku.mhlw.go.jp/14/index.php?action_kouhyou_detail_004_kani=true&JigyosyoCd=1473501086-00&ServiceCd=110&Type=search", "url2": null }, "geometry": { "type": "Point", "coordinates": [ 139.547701, 35.3698139 ] } },
{ "type": "Feature", "properties": { "内容": "ふぁみりーさぽーと泉【訪問介護】神奈川県横浜市栄区飯島町1516番地５", "url": "https://www.kaigokensaku.mhlw.go.jp/14/index.php?action_kouhyou_detail_004_kani=true&JigyosyoCd=1473501532-00&ServiceCd=110&Type=search", "url2": "https://manna.or.jp" }, "geometry": { "type": "Point", "coordinates": [ 139.5391598, 35.370286 ] } },
{ "type": "Feature", "properties": { "内容": "若武者ケア　栄事業所【訪問介護】神奈川県横浜市栄区飯島町1435‐10福岡飯島ビル２F", "url": "https://www.kaigokensaku.mhlw.go.jp/14/index.php?action_kouhyou_detail_004_kani=true&JigyosyoCd=1473501789-00&ServiceCd=110&Type=search", "url2": "https://www.wakamusha-care.jp/" }, "geometry": { "type": "Point", "coordinates": [ 139.578035900000032, 35.3807505 ] } },
{ "type": "Feature", "properties": { "内容": "訪問介護ケアドア【訪問介護】神奈川県横浜市栄区飯島町1566-5", "url": "https://www.kaigokensaku.mhlw.go.jp/14/index.php?action_kouhyou_detail_004_kani=true&JigyosyoCd=1473501821-00&ServiceCd=110&Type=search", "url2": "https://care-door.com" }, "geometry": { "type": "Point", "coordinates": [ 139.536954952496245, 35.368409137045887 ] } },
{ "type": "Feature", "properties": { "内容": "訪問介護事業所アクセス・ケア【訪問介護】神奈川県横浜市栄区桂町688-1ライブマンション502号", "url": "https://www.kaigokensaku.mhlw.go.jp/14/index.php?action_kouhyou_detail_004_kani=true&JigyosyoCd=1473501482-00&ServiceCd=110&Type=search", "url2": "https://www.accesscareinc.com/service.html" }, "geometry": { "type": "Point", "coordinates": [ 139.556364900000062, 35.3644022 ] } },
{ "type": "Feature", "properties": { "内容": "サンライズ・ケア栄【訪問介護】神奈川県横浜市栄区犬山町70-14", "url": "https://www.kaigokensaku.mhlw.go.jp/14/index.php?action_kouhyou_detail_004_kani=true&JigyosyoCd=1473500955-00&ServiceCd=110&Type=search", "url2": null }, "geometry": { "type": "Point", "coordinates": [ 139.541515300000043, 35.370322200000011 ] } },
{ "type": "Feature", "properties": { "内容": "株式会社マハナ【訪問介護】神奈川県横浜市泉区和泉町6212番地3グリーンハイムいずみ野11棟506号", "url": "https://www.kaigokensaku.mhlw.go.jp/14/index.php?action_kouhyou_detail_004_kani=true&JigyosyoCd=1473602256-00&ServiceCd=110&Type=search", "url2": null }, "geometry": { "type": "Point", "coordinates": [ 139.495145995770258, 35.43260468818125 ] } },
{ "type": "Feature", "properties": { "内容": "銀河ステーション【訪問介護】神奈川県横浜市泉区中田南3-6-1希光ビル302", "url": "https://www.kaigokensaku.mhlw.go.jp/14/index.php?action_kouhyou_detail_004_kani=true&JigyosyoCd=1473600763-00&ServiceCd=110&Type=search", "url2": null }, "geometry": { "type": "Point", "coordinates": [ 139.51032859999998, 35.4114023 ] } },
{ "type": "Feature", "properties": { "内容": "ヘルパーステーション　ボン・ボヤージュ【訪問介護】神奈川県横浜市泉区上飯田町2802-1", "url": "https://www.kaigokensaku.mhlw.go.jp/14/index.php?action_kouhyou_detail_004_kani=true&JigyosyoCd=1473602645-00&ServiceCd=110&Type=search", "url2": "https://okamotos-bv.com/" }, "geometry": { "type": "Point", "coordinates": [ 139.477980800000012, 35.4285234 ] } },
{ "type": "Feature", "properties": { "内容": "CATS訪問介護【訪問介護】神奈川県横浜市泉区上飯田町３５６３－８リバーパーク泉２０２号", "url": "https://www.kaigokensaku.mhlw.go.jp/14/index.php?action_kouhyou_detail_004_kani=true&JigyosyoCd=1473602694-00&ServiceCd=110&Type=search", "url2": "https://hp.kaipoke.biz/ep4/" }, "geometry": { "type": "Point", "coordinates": [ 139.475377900000012, 35.4370617 ] } },
{ "type": "Feature", "properties": { "内容": "地域支援センターぴぐれっと【訪問介護】神奈川県横浜市泉区和泉町6224-3いずみ野マート1号室", "url": "https://www.kaigokensaku.mhlw.go.jp/14/index.php?action_kouhyou_detail_004_kani=true&JigyosyoCd=1473602728-00&ServiceCd=110&Type=search", "url2": "https://www.piglet.or.jp/" }, "geometry": { "type": "Point", "coordinates": [ 139.49408411656762, 35.431390635006302 ] } },
{ "type": "Feature", "properties": { "内容": "ニチイライフケアいずみ中央ヘルパーステーション【訪問介護】神奈川県横浜市泉区上飯田町990ニチイメゾンいずみ中央", "url": "https://www.kaigokensaku.mhlw.go.jp/14/index.php?action_kouhyou_detail_004_kani=true&JigyosyoCd=1473602736-00&ServiceCd=110&Type=search", "url2": "https://www.nichii-carepalace.co.jp/" }, "geometry": { "type": "Point", "coordinates": [ 139.484830560713192, 35.4187534666696 ] } },
{ "type": "Feature", "properties": { "内容": "ホームヘルパーステーション寿【訪問介護】神奈川県横浜市泉区上飯田町2670-32棟いちょうマート内", "url": "https://www.kaigokensaku.mhlw.go.jp/14/index.php?action_kouhyou_detail_004_kani=true&JigyosyoCd=1473202164-00&ServiceCd=110&Type=search", "url2": null }, "geometry": { "type": "Point", "coordinates": [ 139.538943890676819, 35.478272740320477 ] } },
{ "type": "Feature", "properties": { "内容": "特別養護老人ホーム　いずみ芙蓉苑【訪問介護】神奈川県横浜市泉区上飯田町4631", "url": "https://www.kaigokensaku.mhlw.go.jp/14/index.php?action_kouhyou_detail_004_kani=true&JigyosyoCd=1473600177-00&ServiceCd=110&Type=search", "url2": "https://www.shafuku-doujinkai.or.jp/" }, "geometry": { "type": "Point", "coordinates": [ 139.480978099999987, 35.4417457 ] } },
{ "type": "Feature", "properties": { "内容": "特定非営利活動法人　だんだんの樹【訪問介護】神奈川県横浜市泉区弥生台27-2", "url": "https://www.kaigokensaku.mhlw.go.jp/14/index.php?action_kouhyou_detail_004_kani=true&JigyosyoCd=1473600508-00&ServiceCd=110&Type=search", "url2": "https://npodandannoki.com" }, "geometry": { "type": "Point", "coordinates": [ 139.508476, 35.4268588 ] } },
{ "type": "Feature", "properties": { "内容": "たすけあい泉ケアデザインセンター訪問介護事業所【訪問介護】神奈川県横浜市泉区中田南3-24-9", "url": "https://www.kaigokensaku.mhlw.go.jp/14/index.php?action_kouhyou_detail_004_kani=true&JigyosyoCd=1473600722-00&ServiceCd=110&Type=search", "url2": "http://tasukeai-izumi.net" }, "geometry": { "type": "Point", "coordinates": [ 139.509230466188342, 35.407818549650209 ] } },
{ "type": "Feature", "properties": { "内容": "あおぞらステーション【訪問介護】神奈川県横浜市泉区中田南３－６－４１F", "url": "https://www.kaigokensaku.mhlw.go.jp/14/index.php?action_kouhyou_detail_004_kani=true&JigyosyoCd=1473600862-00&ServiceCd=110&Type=search", "url2": "https://www.st-aozora.com/" }, "geometry": { "type": "Point", "coordinates": [ 139.510561899999971, 35.4113107 ] } },
{ "type": "Feature", "properties": { "内容": "居宅サポート・リバーサイド泉【訪問介護】神奈川県横浜市泉区和泉中央北6-3-13", "url": "https://www.kaigokensaku.mhlw.go.jp/14/index.php?action_kouhyou_detail_004_kani=true&JigyosyoCd=1473600987-00&ServiceCd=110&Type=search", "url2": "https://www.ysjk.jp/kyotaku-support/" }, "geometry": { "type": "Point", "coordinates": [ 139.492702839286835, 35.421157484627408 ] } },
{ "type": "Feature", "properties": { "内容": "ルフラン介護の泉【訪問介護】神奈川県横浜市泉区新橋町1347-14スカイハイツA101", "url": "https://www.kaigokensaku.mhlw.go.jp/14/index.php?action_kouhyou_detail_004_kani=true&JigyosyoCd=1473601050-00&ServiceCd=110&Type=search", "url2": "http://full-life.main.jp/" }, "geometry": { "type": "Point", "coordinates": [ 139.514896282803306, 35.437401497875086 ] } },
{ "type": "Feature", "properties": { "内容": "セントケア横浜泉【訪問介護】神奈川県横浜市泉区和泉中央南4-1-1ストリームプラザ2C", "url": "https://www.kaigokensaku.mhlw.go.jp/14/index.php?action_kouhyou_detail_004_kani=true&JigyosyoCd=1473601225-00&ServiceCd=110&Type=search", "url2": "http://www.saintc-k.com/" }, "geometry": { "type": "Point", "coordinates": [ 139.488122200000021, 35.4165962 ] } },
{ "type": "Feature", "properties": { "内容": "ケアメイト泉【訪問介護】神奈川県横浜市泉区中田南1－17－6秋元館101号", "url": "https://www.kaigokensaku.mhlw.go.jp/14/index.php?action_kouhyou_detail_004_kani=true&JigyosyoCd=1473601613-00&ServiceCd=110&Type=search", "url2": null }, "geometry": { "type": "Point", "coordinates": [ 139.515414400000026, 35.4076361 ] } },
{ "type": "Feature", "properties": { "内容": "ハートケアいずみ訪問介護事業所【訪問介護】神奈川県横浜市泉区岡津町２４６１－１", "url": "https://www.kaigokensaku.mhlw.go.jp/14/index.php?action_kouhyou_detail_004_kani=true&JigyosyoCd=1473601860-00&ServiceCd=110&Type=search", "url2": null }, "geometry": { "type": "Point", "coordinates": [ 139.527921500000048, 35.4291808 ] } },
{ "type": "Feature", "properties": { "内容": "ヘルパー事業所　人・花　いずみ【訪問介護】神奈川県横浜市泉区和泉町5732-1いずみ野ハイツ105号室", "url": "https://www.kaigokensaku.mhlw.go.jp/14/index.php?action_kouhyou_detail_004_kani=true&JigyosyoCd=1473602058-00&ServiceCd=110&Type=search", "url2": "https://www.hitohana.co.jp/hpizumi1.html" }, "geometry": { "type": "Point", "coordinates": [ 139.495045299999987, 35.4287692 ] } },
{ "type": "Feature", "properties": { "内容": "横浜市福祉サービス協会　訪問介護看護いずみ【訪問介護】神奈川県横浜市泉区和泉中央南5-1-18スガノビル１階", "url": "https://www.kaigokensaku.mhlw.go.jp/14/index.php?action_kouhyou_detail_004_kani=true&JigyosyoCd=1473602074-00&ServiceCd=110&Type=search", "url2": "https://www.hama-wel.or.jp/" }, "geometry": { "type": "Point", "coordinates": [ 139.485339243837814, 35.416623623550969 ] } },
{ "type": "Feature", "properties": { "内容": "ハピネスアシスト訪問介護やよい台【訪問介護】神奈川県横浜市泉区弥生台63-17エクシードⅡ102号", "url": "https://www.kaigokensaku.mhlw.go.jp/14/index.php?action_kouhyou_detail_004_kani=true&JigyosyoCd=1473602090-00&ServiceCd=110&Type=search", "url2": "http://hp.kaipoke.biz/rpa/96014/index_0003.html" }, "geometry": { "type": "Point", "coordinates": [ 139.5062206, 35.4274282 ] } },
{ "type": "Feature", "properties": { "内容": "ＳＯＭＰＯケアいずみ中央訪問介護【訪問介護】神奈川県横浜市泉区和泉中央北3-5-28", "url": "https://www.kaigokensaku.mhlw.go.jp/14/index.php?action_kouhyou_detail_004_kani=true&JigyosyoCd=1473602173-00&ServiceCd=110&Type=search", "url2": "https://www.sompocare.com/service/home/satsuki/H000303" }, "geometry": { "type": "Point", "coordinates": [ 139.493127299999969, 35.4162906 ] } },
{ "type": "Feature", "properties": { "内容": "若武者ケア　泉事業所【訪問介護】神奈川県横浜市泉区和泉中央南4-32-1フェルマータ和泉214", "url": "https://www.kaigokensaku.mhlw.go.jp/14/index.php?action_kouhyou_detail_004_kani=true&JigyosyoCd=1473602355-00&ServiceCd=110&Type=search", "url2": "http://www.wakamusha-care.jp" }, "geometry": { "type": "Point", "coordinates": [ 139.488803600000011, 35.4121352 ] } },
{ "type": "Feature", "properties": { "内容": "泉の郷訪問介護【訪問介護】神奈川県横浜市泉区上飯田町２０７９－１新ステージビル", "url": "https://www.kaigokensaku.mhlw.go.jp/14/index.php?action_kouhyou_detail_004_kani=true&JigyosyoCd=1473602389-00&ServiceCd=110&Type=search", "url2": "http：//www.seikoukai.info/" }, "geometry": { "type": "Point", "coordinates": [ 139.48408280000001, 35.4237282 ] } },
{ "type": "Feature", "properties": { "内容": "ツクイ横浜葛の口【訪問介護】神奈川県横浜市泉区中田東3-15-2中田町センタービル203", "url": "https://www.kaigokensaku.mhlw.go.jp/14/index.php?action_kouhyou_detail_004_kani=true&JigyosyoCd=1473602439-00&ServiceCd=110&Type=search", "url2": "https://www.tsukui.net/home-care/2594/" }, "geometry": { "type": "Point", "coordinates": [ 139.5102183, 35.4118824 ] } },
{ "type": "Feature", "properties": { "内容": "ALSOK介護　ヘルパーステーション横浜【訪問介護】神奈川県横浜市泉区中田南2-12-2グランプラス", "url": "https://www.kaigokensaku.mhlw.go.jp/14/index.php?action_kouhyou_detail_004_kani=true&JigyosyoCd=1473602470-00&ServiceCd=110&Type=search", "url2": null }, "geometry": { "type": "Point", "coordinates": [ 139.5120018, 35.4095932 ] } },
{ "type": "Feature", "properties": { "内容": "ケアサポートいちえ訪問介護事業所【訪問介護】神奈川県横浜市泉区中田東1-1-25いずみ野踊場ビル２階", "url": "https://www.kaigokensaku.mhlw.go.jp/14/index.php?action_kouhyou_detail_004_kani=true&JigyosyoCd=1473602751-00&ServiceCd=110&Type=search", "url2": "https://www.ichi-e.info" }, "geometry": { "type": "Point", "coordinates": [ 139.5191125, 35.4054833 ] } },
{ "type": "Feature", "properties": { "内容": "花の生活館ヘルパーステーション【訪問介護】神奈川県横浜市泉区弥生台13-4横山ビル202", "url": "https://www.kaigokensaku.mhlw.go.jp/14/index.php?action_kouhyou_detail_004_kani=true&JigyosyoCd=1473600623-00&ServiceCd=110&Type=search", "url2": "https://shuhokai.or.jp/" }, "geometry": { "type": "Point", "coordinates": [ 139.50658169999997, 35.428217 ] } },
{ "type": "Feature", "properties": { "内容": "むつみ在宅介護【訪問介護】神奈川県横浜市泉区上飯田町2468-12F", "url": "https://www.kaigokensaku.mhlw.go.jp/14/index.php?action_kouhyou_detail_004_kani=true&JigyosyoCd=1473601167-00&ServiceCd=110&Type=search", "url2": "https://www.regiol.co.jp/" }, "geometry": { "type": "Point", "coordinates": [ 139.479445, 35.4252505 ] } },
{ "type": "Feature", "properties": { "内容": "横浜市福祉サービス協会　ヘルパーステーション泉【訪問介護】神奈川県横浜市泉区和泉中央南四丁目1番3号武藤ビル2階", "url": "https://www.kaigokensaku.mhlw.go.jp/14/index.php?action_kouhyou_detail_004_kani=true&JigyosyoCd=1473601399-00&ServiceCd=110&Type=search", "url2": "https://www.hama-wel.or.jp/branch/detail/hps_izumi/" }, "geometry": { "type": "Point", "coordinates": [ 139.488369400000011, 35.41671 ] } },
{ "type": "Feature", "properties": { "内容": "しんぜん訪問介護ステーション【訪問介護】神奈川県横浜市泉区西が岡1-29-1", "url": "https://www.kaigokensaku.mhlw.go.jp/14/index.php?action_kouhyou_detail_004_kani=true&JigyosyoCd=1473601720-00&ServiceCd=110&Type=search", "url2": "https://shinzen-fukushi.jp/shinzenhoumon_center/" }, "geometry": { "type": "Point", "coordinates": [ 139.511717499336243, 35.423103876869071 ] } },
{ "type": "Feature", "properties": { "内容": "生活維持向上倶楽部「心」【訪問介護】神奈川県横浜市泉区中田東2-3-25ブルージュ１F", "url": "https://www.kaigokensaku.mhlw.go.jp/14/index.php?action_kouhyou_detail_004_kani=true&JigyosyoCd=1473602017-00&ServiceCd=110&Type=search", "url2": "https://ngup.jp/" }, "geometry": { "type": "Point", "coordinates": [ 139.512472869396817, 35.412036508078721 ] } },
{ "type": "Feature", "properties": { "内容": "医心館訪問介護ステーション横浜立場【訪問介護】神奈川県横浜市泉区中田北1丁目8番30号", "url": "https://www.kaigokensaku.mhlw.go.jp/14/index.php?action_kouhyou_detail_004_kani=true&JigyosyoCd=1473602207-00&ServiceCd=110&Type=search", "url2": null }, "geometry": { "type": "Point", "coordinates": [ 139.500262799999973, 35.4171322 ] } },
{ "type": "Feature", "properties": { "内容": "えがお訪問介護ステーション横浜泉【訪問介護】神奈川県横浜市泉区岡津町193-1ナーシングホームえがお横浜泉", "url": "https://www.kaigokensaku.mhlw.go.jp/14/index.php?action_kouhyou_detail_004_kani=true&JigyosyoCd=1473602629-00&ServiceCd=110&Type=search", "url2": null }, "geometry": { "type": "Point", "coordinates": [ 139.523965, 35.4259653 ] } },
{ "type": "Feature", "properties": { "内容": "saiwai【訪問介護】神奈川県横浜市泉区中田北1-10-5カーサヴェルデ201", "url": "https://www.kaigokensaku.mhlw.go.jp/14/index.php?action_kouhyou_detail_004_kani=true&JigyosyoCd=1473602421-00&ServiceCd=110&Type=search", "url2": "https://hakuyuu2020.com/" }, "geometry": { "type": "Point", "coordinates": [ 139.500277755381148, 35.417742521130513 ] } },
{ "type": "Feature", "properties": { "内容": "福祉グループ田園都市コアラ【訪問介護】神奈川県横浜市青葉区荏子田１－５－２３", "url": "https://www.kaigokensaku.mhlw.go.jp/14/index.php?action_kouhyou_detail_004_kani=true&JigyosyoCd=1473704094-00&ServiceCd=110&Type=search", "url2": null }, "geometry": { "type": "Point", "coordinates": [ 139.544408400000094, 35.5785235 ] } },
{ "type": "Feature", "properties": { "内容": "スローライフ【訪問介護】神奈川県横浜市青葉区若草台５－２２シルクマンション１０３", "url": "https://www.kaigokensaku.mhlw.go.jp/14/index.php?action_kouhyou_detail_004_kani=true&JigyosyoCd=1473704359-00&ServiceCd=110&Type=search", "url2": null }, "geometry": { "type": "Point", "coordinates": [ 139.5095191, 35.5534765 ] } },
{ "type": "Feature", "properties": { "内容": "訪問介護事業所　めたぽ【訪問介護】神奈川県横浜市青葉区荏田西2-14-3ハーモス荏田4階401号", "url": "https://www.kaigokensaku.mhlw.go.jp/14/index.php?action_kouhyou_detail_004_kani=true&JigyosyoCd=1473704466-00&ServiceCd=110&Type=search", "url2": null }, "geometry": { "type": "Point", "coordinates": [ 139.5544548, 35.55546 ] } },
{ "type": "Feature", "properties": { "内容": "訪問介護事業所　一笑晏【訪問介護】神奈川県横浜市青葉区藤が丘1-15-8パストラル藤が丘２０１", "url": "https://www.kaigokensaku.mhlw.go.jp/14/index.php?action_kouhyou_detail_004_kani=true&JigyosyoCd=1473704573-00&ServiceCd=110&Type=search", "url2": null }, "geometry": { "type": "Point", "coordinates": [ 139.5267149, 35.546104 ] } },
{ "type": "Feature", "properties": { "内容": "ライトピアサポート【訪問介護】神奈川県横浜市青葉区青葉台1-5-4青葉台サンクスビル3F", "url": "https://www.kaigokensaku.mhlw.go.jp/14/index.php?action_kouhyou_detail_004_kani=true&JigyosyoCd=1473704631-00&ServiceCd=110&Type=search", "url2": null }, "geometry": { "type": "Point", "coordinates": [ 139.51671730000001, 35.5410746 ] } },
{ "type": "Feature", "properties": { "内容": "緑の郷【訪問介護】神奈川県横浜市青葉区鉄町2075番地3", "url": "https://www.kaigokensaku.mhlw.go.jp/14/index.php?action_kouhyou_detail_004_kani=true&JigyosyoCd=1473700027-00&ServiceCd=110&Type=search", "url2": "https://www.ryokuseikai-yokohama.jp/smarts//index/147/" }, "geometry": { "type": "Point", "coordinates": [ 139.526460400000019, 35.5695631 ] } },
{ "type": "Feature", "properties": { "内容": "やさしい手　あざみ野訪問介護事業所【訪問介護】神奈川県横浜市青葉区美しが丘5-35-2ｲﾝﾍﾟﾘｱﾙMﾋﾞﾙ407", "url": "https://www.kaigokensaku.mhlw.go.jp/14/index.php?action_kouhyou_detail_004_kani=true&JigyosyoCd=1473700100-00&ServiceCd=110&Type=search", "url2": "http://www.yasashiite.com" }, "geometry": { "type": "Point", "coordinates": [ 139.553069800000031, 35.5714664 ] } },
{ "type": "Feature", "properties": { "内容": "コープケアサポートセンター　青葉【訪問介護】神奈川県横浜市青葉区荏田西２－１４－３ハーモス荏田２階", "url": "https://www.kaigokensaku.mhlw.go.jp/14/index.php?action_kouhyou_detail_004_kani=true&JigyosyoCd=1473700134-00&ServiceCd=110&Type=search", "url2": "http://www.ucoop.or.jp" }, "geometry": { "type": "Point", "coordinates": [ 139.55437029999996, 35.5554795 ] } },
{ "type": "Feature", "properties": { "内容": "ニチイケアセンターたまプラーザ【訪問介護】神奈川県横浜市青葉区美しが丘4-1-1ベルヴィル・アイ301", "url": "https://www.kaigokensaku.mhlw.go.jp/14/index.php?action_kouhyou_detail_004_kani=true&JigyosyoCd=1473700209-00&ServiceCd=110&Type=search", "url2": "https://www.nichiigakkan.co.jp/service/care/" }, "geometry": { "type": "Point", "coordinates": [ 139.55366173205752, 35.578563870788869 ] } },
{ "type": "Feature", "properties": { "内容": "やさしい手青葉台訪問介護事業所【訪問介護】神奈川県横浜市青葉区青葉台2-6-1ケンシュウ第6ビル3階", "url": "https://www.kaigokensaku.mhlw.go.jp/14/index.php?action_kouhyou_detail_004_kani=true&JigyosyoCd=1473701280-00&ServiceCd=110&Type=search", "url2": "https://www.yasashiite.com/" }, "geometry": { "type": "Point", "coordinates": [ 139.515268, 35.5431604 ] } },
{ "type": "Feature", "properties": { "内容": "希【訪問介護】神奈川県横浜市青葉区荏田町111-1Ｔ’ｓgardenあざみ野１F", "url": "https://www.kaigokensaku.mhlw.go.jp/14/index.php?action_kouhyou_detail_004_kani=true&JigyosyoCd=1473701728-00&ServiceCd=110&Type=search", "url2": "https://www.socius-mc.com/service/homecare/index.html#modal-visit" }, "geometry": { "type": "Point", "coordinates": [ 139.562122932493622, 35.567721831736037 ] } },
{ "type": "Feature", "properties": { "内容": "セントケアサポート青葉【訪問介護】神奈川県横浜市青葉区市ケ尾町529-4第一小吹ビル104", "url": "https://www.kaigokensaku.mhlw.go.jp/14/index.php?action_kouhyou_detail_004_kani=true&JigyosyoCd=1473701744-00&ServiceCd=110&Type=search", "url2": "http://www.csas.co.jp" }, "geometry": { "type": "Point", "coordinates": [ 139.544840954878282, 35.544477801933091 ] } },
{ "type": "Feature", "properties": { "内容": "ヘルパーステーション　ヴィーヴル【訪問介護】神奈川県横浜市青葉区美しが丘2-9-3ヒルズウィステリア105号", "url": "https://www.kaigokensaku.mhlw.go.jp/14/index.php?action_kouhyou_detail_004_kani=true&JigyosyoCd=1473702064-00&ServiceCd=110&Type=search", "url2": "http://www.vivre-care.jp" }, "geometry": { "type": "Point", "coordinates": [ 139.562818500000049, 35.5795152 ] } },
{ "type": "Feature", "properties": { "内容": "青葉の大地ヘルパーステーション【訪問介護】神奈川県横浜市青葉区しらとり台1-7ヴァンテアンビル3F", "url": "https://www.kaigokensaku.mhlw.go.jp/14/index.php?action_kouhyou_detail_004_kani=true&JigyosyoCd=1473702262-00&ServiceCd=110&Type=search", "url2": "https://shuhokai.or.jp/office/aoba-ku/hh-aoba.php" }, "geometry": { "type": "Point", "coordinates": [ 139.516571, 35.5394861 ] } },
{ "type": "Feature", "properties": { "内容": "あおばコアラ【訪問介護】神奈川県横浜市青葉区荏田町2362-3ライオンズマンション江田第3-308", "url": "https://www.kaigokensaku.mhlw.go.jp/14/index.php?action_kouhyou_detail_004_kani=true&JigyosyoCd=1473702908-00&ServiceCd=110&Type=search", "url2": null }, "geometry": { "type": "Point", "coordinates": [ 139.552226499999961, 35.558648200000022 ] } },
{ "type": "Feature", "properties": { "内容": "わかたけの杜訪問介護事業所【訪問介護】神奈川県横浜市青葉区奈良4-6-12", "url": "https://www.kaigokensaku.mhlw.go.jp/14/index.php?action_kouhyou_detail_004_kani=true&JigyosyoCd=1473703062-00&ServiceCd=110&Type=search", "url2": "https://www.wakatake.net" }, "geometry": { "type": "Point", "coordinates": [ 139.482765800000038, 35.5509163 ] } },
{ "type": "Feature", "properties": { "内容": "ベネッセ介護センターたまプラーザ【訪問介護】神奈川県横浜市青葉区美しが丘5丁目7-41美しが丘5丁目店舗１F", "url": "https://www.kaigokensaku.mhlw.go.jp/14/index.php?action_kouhyou_detail_004_kani=true&JigyosyoCd=1473703153-00&ServiceCd=110&Type=search", "url2": null }, "geometry": { "type": "Point", "coordinates": [ 139.552628, 35.5778397 ] } },
{ "type": "Feature", "properties": { "内容": "グランダ青葉藤が丘ケアステーション【訪問介護】神奈川県横浜市青葉区藤が丘二丁目９番地１", "url": "https://www.kaigokensaku.mhlw.go.jp/14/index.php?action_kouhyou_detail_004_kani=true&JigyosyoCd=1473703500-00&ServiceCd=110&Type=search", "url2": "http://www.benesse-style-care.co.jp" }, "geometry": { "type": "Point", "coordinates": [ 139.525531399999977, 35.5428503 ] } },
{ "type": "Feature", "properties": { "内容": "みどり福祉会ひかり苑居宅支援センター　訪問介護【訪問介護】神奈川県横浜市青葉区さつきが丘８－４", "url": "https://www.kaigokensaku.mhlw.go.jp/14/index.php?action_kouhyou_detail_004_kani=true&JigyosyoCd=1473703609-00&ServiceCd=110&Type=search", "url2": "http://www.midorifukushikai.or.jp/" }, "geometry": { "type": "Point", "coordinates": [ 139.5187986, 35.5318404 ] } },
{ "type": "Feature", "properties": { "内容": "ホームケア青葉訪問介護【訪問介護】神奈川県横浜市青葉区桜台36－8クレールレジデンス桜台108", "url": "https://www.kaigokensaku.mhlw.go.jp/14/index.php?action_kouhyou_detail_004_kani=true&JigyosyoCd=1473703724-00&ServiceCd=110&Type=search", "url2": "https://homecare.grancreer.com/access/homecare_aoba.html" }, "geometry": { "type": "Point", "coordinates": [ 139.513404600000058, 35.5468524 ] } },
{ "type": "Feature", "properties": { "内容": "ケアサービス　かなで【訪問介護】神奈川県横浜市青葉区藤が丘2-30-1", "url": "https://www.kaigokensaku.mhlw.go.jp/14/index.php?action_kouhyou_detail_004_kani=true&JigyosyoCd=1473703773-00&ServiceCd=110&Type=search", "url2": "http://cskanade.web.fc2.com" }, "geometry": { "type": "Point", "coordinates": [ 139.525784601188633, 35.540082820612646 ] } },
{ "type": "Feature", "properties": { "内容": "訪問介護かえで田奈サービスセンター【訪問介護】神奈川県横浜市青葉区田奈町43-3新幸レジデンス田奈　201A", "url": "https://www.kaigokensaku.mhlw.go.jp/14/index.php?action_kouhyou_detail_004_kani=true&JigyosyoCd=1473703989-00&ServiceCd=110&Type=search", "url2": "http://www.elderly.jp" }, "geometry": { "type": "Point", "coordinates": [ 139.502758200000017, 35.5377675 ] } },
{ "type": "Feature", "properties": { "内容": "若武者ケア　青葉事業所【訪問介護】神奈川県横浜市青葉区すすき野3-8-3サンライズスリ―1階", "url": "https://www.kaigokensaku.mhlw.go.jp/14/index.php?action_kouhyou_detail_004_kani=true&JigyosyoCd=1473704011-00&ServiceCd=110&Type=search", "url2": "https://www.wakamusha-care.jp/" }, "geometry": { "type": "Point", "coordinates": [ 139.527201600000012, 35.5796267 ] } },
{ "type": "Feature", "properties": { "内容": "エヌアイ在宅サービスステーション【訪問介護】神奈川県横浜市青葉区市ヶ尾町25番地の6", "url": "https://www.kaigokensaku.mhlw.go.jp/14/index.php?action_kouhyou_detail_004_kani=true&JigyosyoCd=1473704052-00&ServiceCd=110&Type=search", "url2": "http://www.nakagawa-tokushokai.com/" }, "geometry": { "type": "Point", "coordinates": [ 139.538807899999938, 35.549408 ] } },
{ "type": "Feature", "properties": { "内容": "訪問介護　ゆい青葉【訪問介護】神奈川県横浜市青葉区荏田町1286-1", "url": "https://www.kaigokensaku.mhlw.go.jp/14/index.php?action_kouhyou_detail_004_kani=true&JigyosyoCd=1473704086-00&ServiceCd=110&Type=search", "url2": null }, "geometry": { "type": "Point", "coordinates": [ 139.555344621643201, 35.559380432297445 ] } },
{ "type": "Feature", "properties": { "内容": "訪問介護つばさ【訪問介護】神奈川県横浜市青葉区田奈町43-3新幸レジデンス田奈306号室", "url": "https://www.kaigokensaku.mhlw.go.jp/14/index.php?action_kouhyou_detail_004_kani=true&JigyosyoCd=1473704102-00&ServiceCd=110&Type=search", "url2": null }, "geometry": { "type": "Point", "coordinates": [ 139.502833301852434, 35.537867899574486 ] } },
{ "type": "Feature", "properties": { "内容": "訪問介護ファミリー・ホスピス江田【訪問介護】神奈川県横浜市青葉区荏田北3-3-11ファミリー・ホスピス江田ハウス", "url": "https://www.kaigokensaku.mhlw.go.jp/14/index.php?action_kouhyou_detail_004_kani=true&JigyosyoCd=1473704136-00&ServiceCd=110&Type=search", "url2": null }, "geometry": { "type": "Point", "coordinates": [ 139.5505032, 35.559789700000017 ] } },
{ "type": "Feature", "properties": { "内容": "訪問介護ステーション　医療特化型ケアメディコ　藤が丘【訪問介護】神奈川県横浜市青葉区千草台23番地７", "url": "https://www.kaigokensaku.mhlw.go.jp/14/index.php?action_kouhyou_detail_004_kani=true&JigyosyoCd=1473704219-00&ServiceCd=110&Type=search", "url2": "http://unimedico.jp/nurse-medico/index.html" }, "geometry": { "type": "Point", "coordinates": [ 139.5353081, 35.5395348 ] } },
{ "type": "Feature", "properties": { "内容": "ツクイ横浜青葉【訪問介護】神奈川県横浜市青葉区青葉台2-10-20第二志田ビル2階2号室", "url": "https://www.kaigokensaku.mhlw.go.jp/14/index.php?action_kouhyou_detail_004_kani=true&JigyosyoCd=1473704227-00&ServiceCd=110&Type=search", "url2": "https://www.tsukui.net/" }, "geometry": { "type": "Point", "coordinates": [ 139.5164815, 35.5447946 ] } },
{ "type": "Feature", "properties": { "内容": "ヘルパーステーションアミューズ藤が丘【訪問介護】神奈川県横浜市青葉区藤が丘2丁目4-8ブロッサム藤が丘", "url": "https://www.kaigokensaku.mhlw.go.jp/14/index.php?action_kouhyou_detail_004_kani=true&JigyosyoCd=1473704292-00&ServiceCd=110&Type=search", "url2": "https://amuse-care.com" }, "geometry": { "type": "Point", "coordinates": [ 139.5266871, 35.543899 ] } },
{ "type": "Feature", "properties": { "内容": "みのり介護【訪問介護】神奈川県横浜市青葉区市ヶ尾町1175-24パールマンション市が尾103号", "url": "https://www.kaigokensaku.mhlw.go.jp/14/index.php?action_kouhyou_detail_004_kani=true&JigyosyoCd=1473704326-00&ServiceCd=110&Type=search", "url2": "https://minorikaigo.com/" }, "geometry": { "type": "Point", "coordinates": [ 139.5389146, 35.5518195 ] } },
{ "type": "Feature", "properties": { "内容": "ルミエール訪問介護事業所【訪問介護】神奈川県横浜市青葉区鴨志田町563-1", "url": "https://www.kaigokensaku.mhlw.go.jp/14/index.php?action_kouhyou_detail_004_kani=true&JigyosyoCd=1473704367-00&ServiceCd=110&Type=search", "url2": "https://www.kamosei.com/" }, "geometry": { "type": "Point", "coordinates": [ 139.505617146420889, 35.560102086685689 ] } },
{ "type": "Feature", "properties": { "内容": "学研ココファン青葉台ヘルパーセンター【訪問介護】神奈川県横浜市青葉区桂台2-40-24ココファン青葉台", "url": "https://www.kaigokensaku.mhlw.go.jp/14/index.php?action_kouhyou_detail_004_kani=true&JigyosyoCd=1473704375-00&ServiceCd=110&Type=search", "url2": "https://www.cocofump.co.jp/facilities/detail/aobadai/" }, "geometry": { "type": "Point", "coordinates": [ 139.49802265193793, 35.551549962020765 ] } },
{ "type": "Feature", "properties": { "内容": "クレール横浜青葉ヘルパーセンター【訪問介護】神奈川県横浜市青葉区藤が丘1-17-7", "url": "https://www.kaigokensaku.mhlw.go.jp/14/index.php?action_kouhyou_detail_004_kani=true&JigyosyoCd=1473704433-00&ServiceCd=110&Type=search", "url2": null }, "geometry": { "type": "Point", "coordinates": [ 139.530060994512183, 35.546933658810111 ] } },
{ "type": "Feature", "properties": { "内容": "グランダあざみ野ケアステーション【訪問介護】神奈川県横浜市青葉区あざみ野南1-3-5", "url": "https://www.kaigokensaku.mhlw.go.jp/14/index.php?action_kouhyou_detail_004_kani=true&JigyosyoCd=1473703377-00&ServiceCd=110&Type=search", "url2": "http://www.benesse-style-care.co.jp/" }, "geometry": { "type": "Point", "coordinates": [ 139.55376739999997, 35.5607094 ] } },
{ "type": "Feature", "properties": { "内容": "ケアリッツあざみ野【訪問介護】神奈川県横浜市青葉区あざみ野2-7-6ハウスセシル203", "url": "https://www.kaigokensaku.mhlw.go.jp/14/index.php?action_kouhyou_detail_004_kani=true&JigyosyoCd=1473704474-00&ServiceCd=110&Type=search", "url2": "https://www.careritz.co.jp/station/branch/azamino/" }, "geometry": { "type": "Point", "coordinates": [ 139.551904868088144, 35.566868581708626 ] } },
{ "type": "Feature", "properties": { "内容": "ＳＯＭＰＯケア　青葉台　訪問介護【訪問介護】神奈川県横浜市青葉区みたけ台22番地16ラヴィーレレジデンス青葉台", "url": "https://www.kaigokensaku.mhlw.go.jp/14/index.php?action_kouhyou_detail_004_kani=true&JigyosyoCd=1473704482-00&ServiceCd=110&Type=search", "url2": "https://www.sompocare.com/" }, "geometry": { "type": "Point", "coordinates": [ 139.517728, 35.558384 ] } },
{ "type": "Feature", "properties": { "内容": "特定非営利活動法人グループたすけあい【訪問介護】神奈川県横浜市青葉区市ケ尾町１０６２－５グランドハイツ森３０２", "url": "https://www.kaigokensaku.mhlw.go.jp/14/index.php?action_kouhyou_detail_004_kani=true&JigyosyoCd=1473700290-00&ServiceCd=110&Type=search", "url2": "https://tasukeai.site/" }, "geometry": { "type": "Point", "coordinates": [ 139.541613, 35.5508715 ] } },
{ "type": "Feature", "properties": { "内容": "アミカ市ヶ尾介護センター【訪問介護】神奈川県横浜市青葉区市ケ尾町1173－10ターニップパレス105", "url": "https://www.kaigokensaku.mhlw.go.jp/14/index.php?action_kouhyou_detail_004_kani=true&JigyosyoCd=1473704268-00&ServiceCd=110&Type=search", "url2": null }, "geometry": { "type": "Point", "coordinates": [ 139.539359600000012, 35.5531615 ] } },
{ "type": "Feature", "properties": { "内容": "特定非営利活動法人しんえつコアラ【訪問介護】神奈川県横浜市青葉区市ケ尾町1165番地14", "url": "https://www.kaigokensaku.mhlw.go.jp/14/index.php?action_kouhyou_detail_004_kani=true&JigyosyoCd=1473703872-00&ServiceCd=110&Type=search", "url2": null }, "geometry": { "type": "Point", "coordinates": [ 139.541804499999984, 35.554759900000022 ] } },
{ "type": "Feature", "properties": { "内容": "アクア　藤が丘【訪問介護】神奈川県横浜市青葉区藤が丘1-25-15村田貸家B棟", "url": "https://www.kaigokensaku.mhlw.go.jp/14/index.php?action_kouhyou_detail_004_kani=true&JigyosyoCd=1473704748-00&ServiceCd=110&Type=search", "url2": "https://aqua-efila.com/" }, "geometry": { "type": "Point", "coordinates": [ 139.5304684, 35.5459196 ] } },
{ "type": "Feature", "properties": { "内容": "あさひ介護センター【訪問介護】神奈川県横浜市青葉区美しが丘5-14-10ラ・エレガンス1階", "url": "https://www.kaigokensaku.mhlw.go.jp/14/index.php?action_kouhyou_detail_004_kani=true&JigyosyoCd=1473700894-00&ServiceCd=110&Type=search", "url2": "http://www.asahi-kkc.co.jp/" }, "geometry": { "type": "Point", "coordinates": [ 139.554195644649013, 35.571305704409269 ] } },
{ "type": "Feature", "properties": { "内容": "ヘルパーステーション　青葉ひまわり【訪問介護】神奈川県横浜市青葉区美しが丘西2-3-2", "url": "https://www.kaigokensaku.mhlw.go.jp/14/index.php?action_kouhyou_detail_004_kani=true&JigyosyoCd=1473700928-00&ServiceCd=110&Type=search", "url2": "https://humancarenet.com/aoba-himawari/" }, "geometry": { "type": "Point", "coordinates": [ 139.535711799999945, 35.5883442 ] } },
{ "type": "Feature", "properties": { "内容": "生活協同組合パルシステム神奈川ぬくもり藤が丘【訪問介護】神奈川県横浜市青葉区もえぎ野13-21もえぎ野ガーデン101", "url": "https://www.kaigokensaku.mhlw.go.jp/14/index.php?action_kouhyou_detail_004_kani=true&JigyosyoCd=1473700993-00&ServiceCd=110&Type=search", "url2": "http://www.palsystem-kanagawa.coop/" }, "geometry": { "type": "Point", "coordinates": [ 139.52177009123227, 35.54643416314515 ] } },
{ "type": "Feature", "properties": { "内容": "「結」ケアセンターあおば【訪問介護】神奈川県横浜市青葉区恩田町2599-1", "url": "https://www.kaigokensaku.mhlw.go.jp/14/index.php?action_kouhyou_detail_004_kani=true&JigyosyoCd=1473701975-00&ServiceCd=110&Type=search", "url2": "http://www.shin-yuri.co.jp" }, "geometry": { "type": "Point", "coordinates": [ 139.498362751653644, 35.546749279952778 ] } },
{ "type": "Feature", "properties": { "内容": "横浜市福祉サービス協会　ヘルパーステーション青葉【訪問介護】神奈川県横浜市青葉区市ケ尾町1053-7サンライズ301", "url": "https://www.kaigokensaku.mhlw.go.jp/14/index.php?action_kouhyou_detail_004_kani=true&JigyosyoCd=1473702023-00&ServiceCd=110&Type=search", "url2": "https://www.hama-wel.or.jp/service/homehelp/" }, "geometry": { "type": "Point", "coordinates": [ 139.5403576, 35.54951890000001 ] } },
{ "type": "Feature", "properties": { "内容": "青葉区医師会　訪問介護ステーション【訪問介護】神奈川県横浜市青葉区荏田北3-8-6", "url": "https://www.kaigokensaku.mhlw.go.jp/14/index.php?action_kouhyou_detail_004_kani=true&JigyosyoCd=1473702544-00&ServiceCd=110&Type=search", "url2": "https://www.aobakumc.or.jp/care.html" }, "geometry": { "type": "Point", "coordinates": [ 139.54875533992211, 35.559053643275483 ] } },
{ "type": "Feature", "properties": { "内容": "MYLINK【訪問介護】神奈川県横浜市青葉区荏田町336-1クレッセントあざみ野コート103", "url": "https://www.kaigokensaku.mhlw.go.jp/14/index.php?action_kouhyou_detail_004_kani=true&JigyosyoCd=1473703369-00&ServiceCd=110&Type=search", "url2": "https://mylink3779.jimdofree.com" }, "geometry": { "type": "Point", "coordinates": [ 139.56291090000002, 35.5635175 ] } },
{ "type": "Feature", "properties": { "内容": "福祉クラブ生協　訪問介護横浜北事業所【訪問介護】神奈川県横浜市青葉区千草台22-8ガーデンハウス102", "url": "https://www.kaigokensaku.mhlw.go.jp/14/index.php?action_kouhyou_detail_004_kani=true&JigyosyoCd=1473704458-00&ServiceCd=110&Type=search", "url2": "https://fukushiclub.wixsite.com/yokohamakita" }, "geometry": { "type": "Point", "coordinates": [ 139.536070599999988, 35.5397296 ] } },
{ "type": "Feature", "properties": { "内容": "青葉なごみ【訪問介護】神奈川県横浜市青葉区市ヶ尾町834", "url": "https://www.kaigokensaku.mhlw.go.jp/14/index.php?action_kouhyou_detail_004_kani=true&JigyosyoCd=1473704524-00&ServiceCd=110&Type=search", "url2": "https://www.nagomiaoba.com" }, "geometry": { "type": "Point", "coordinates": [ 139.5411685, 35.5465145 ] } },
{ "type": "Feature", "properties": { "内容": "セントケアあおば【訪問介護】神奈川県横浜市青葉区市ヶ尾町529-7森ビル103号室", "url": "https://www.kaigokensaku.mhlw.go.jp/14/index.php?action_kouhyou_detail_004_kani=true&JigyosyoCd=1473704607-00&ServiceCd=110&Type=search", "url2": null }, "geometry": { "type": "Point", "coordinates": [ 139.545558200000016, 35.5446477 ] } },
{ "type": "Feature", "properties": { "内容": "マーベケア訪問介護ステーション市ヶ尾【訪問介護】神奈川県横浜市青葉区市ヶ尾町1065番地3市ヶ尾森ビル壱番館A105号室", "url": "https://www.kaigokensaku.mhlw.go.jp/14/index.php?action_kouhyou_detail_004_kani=true&JigyosyoCd=1473704615-00&ServiceCd=110&Type=search", "url2": null }, "geometry": { "type": "Point", "coordinates": [ 139.5429902, 35.5505897 ] } },
{ "type": "Feature", "properties": { "内容": "スマイル都筑【訪問介護】神奈川県横浜市都筑区荏田南2-15-25", "url": "https://www.kaigokensaku.mhlw.go.jp/14/index.php?action_kouhyou_detail_004_kani=true&JigyosyoCd=1473802609-00&ServiceCd=110&Type=search", "url2": null }, "geometry": { "type": "Point", "coordinates": [ 139.555738900000051, 35.5452074 ] } },
{ "type": "Feature", "properties": { "内容": "愛ヘルパーサービス【訪問介護】神奈川県横浜市都筑区川和町1424-1エントピアＡ-101", "url": "https://www.kaigokensaku.mhlw.go.jp/14/index.php?action_kouhyou_detail_004_kani=true&JigyosyoCd=1473801015-00&ServiceCd=110&Type=search", "url2": null }, "geometry": { "type": "Point", "coordinates": [ 139.546065045998034, 35.527953022413094 ] } },
{ "type": "Feature", "properties": { "内容": "ケルビムリンク【訪問介護】神奈川県横浜市都筑区仲町台4-16-18グリーンシティー仲町台第3B", "url": "https://www.kaigokensaku.mhlw.go.jp/14/index.php?action_kouhyou_detail_004_kani=true&JigyosyoCd=1473802898-00&ServiceCd=110&Type=search", "url2": "https://www.cherubimlink.yokohama" }, "geometry": { "type": "Point", "coordinates": [ 139.5894709, 35.5329121 ] } },
{ "type": "Feature", "properties": { "内容": "ホームケア横浜【訪問介護】神奈川県横浜市都筑区茅ヶ崎中央40-3グランクレールセンター南3階", "url": "https://www.kaigokensaku.mhlw.go.jp/14/index.php?action_kouhyou_detail_004_kani=true&JigyosyoCd=1473702171-00&ServiceCd=110&Type=search", "url2": "https://homecare.grancreer.com/" }, "geometry": { "type": "Point", "coordinates": [ 139.572104864418094, 35.547190759069025 ] } },
{ "type": "Feature", "properties": { "内容": "ゆうらいふ横浜訪問介護事業所【訪問介護】神奈川県横浜市都筑区仲町台5-7-8", "url": "https://www.kaigokensaku.mhlw.go.jp/14/index.php?action_kouhyou_detail_004_kani=true&JigyosyoCd=1473800363-00&ServiceCd=110&Type=search", "url2": "http://www.youlife-home.com/solastocare" }, "geometry": { "type": "Point", "coordinates": [ 139.586646297067318, 35.536928780468138 ] } },
{ "type": "Feature", "properties": { "内容": "ＮＰＯ法人ふれあい都筑【訪問介護】神奈川県横浜市都筑区荏田南５－８－１７", "url": "https://www.kaigokensaku.mhlw.go.jp/14/index.php?action_kouhyou_detail_004_kani=true&JigyosyoCd=1473800405-00&ServiceCd=110&Type=search", "url2": "https://fureaitsuzuki.com" }, "geometry": { "type": "Point", "coordinates": [ 139.56119245522541, 35.54799331389215 ] } },
{ "type": "Feature", "properties": { "内容": "すまいるケア【訪問介護】神奈川県横浜市都筑区荏田南２－９－３荏田グリーンハイツ102", "url": "https://www.kaigokensaku.mhlw.go.jp/14/index.php?action_kouhyou_detail_004_kani=true&JigyosyoCd=1473800645-00&ServiceCd=110&Type=search", "url2": null }, "geometry": { "type": "Point", "coordinates": [ 139.558136900000022, 35.5460335 ] } },
{ "type": "Feature", "properties": { "内容": "ライブリーケア中銀　仲町台【訪問介護】神奈川県横浜市都筑区新栄町14-1中銀ライフケア横浜港北345", "url": "https://www.kaigokensaku.mhlw.go.jp/14/index.php?action_kouhyou_detail_004_kani=true&JigyosyoCd=1473800744-00&ServiceCd=110&Type=search", "url2": null }, "geometry": { "type": "Point", "coordinates": [ 139.595164100000034, 35.5392659 ] } },
{ "type": "Feature", "properties": { "内容": "コープケアサポートセンター都筑【訪問介護】神奈川県横浜市都筑区牛久保2-19-1", "url": "https://www.kaigokensaku.mhlw.go.jp/14/index.php?action_kouhyou_detail_004_kani=true&JigyosyoCd=1473801064-00&ServiceCd=110&Type=search", "url2": "http://www.ucoop.or.jp" }, "geometry": { "type": "Point", "coordinates": [ 139.5774513, 35.5635759 ] } },
{ "type": "Feature", "properties": { "内容": "ケアセンター陽だまり【訪問介護】神奈川県横浜市都筑区南山田町4256", "url": "https://www.kaigokensaku.mhlw.go.jp/14/index.php?action_kouhyou_detail_004_kani=true&JigyosyoCd=1473801122-00&ServiceCd=110&Type=search", "url2": null }, "geometry": { "type": "Point", "coordinates": [ 139.597749600000043, 35.5498532 ] } },
{ "type": "Feature", "properties": { "内容": "介護ステーション　ハートフルケア【訪問介護】神奈川県横浜市都筑区茅ヶ崎中央18-2カミノフォレスト4F", "url": "https://www.kaigokensaku.mhlw.go.jp/14/index.php?action_kouhyou_detail_004_kani=true&JigyosyoCd=1473801619-00&ServiceCd=110&Type=search", "url2": null }, "geometry": { "type": "Point", "coordinates": [ 139.57245510000007, 35.5424204 ] } },
{ "type": "Feature", "properties": { "内容": "医心館訪問介護ステーション横浜都筑【訪問介護】神奈川県横浜市都筑区早渕3丁目34-60", "url": "https://www.kaigokensaku.mhlw.go.jp/14/index.php?action_kouhyou_detail_004_kani=true&JigyosyoCd=1473802435-00&ServiceCd=110&Type=search", "url2": null }, "geometry": { "type": "Point", "coordinates": [ 139.604015900000036, 35.551079399999985 ] } },
{ "type": "Feature", "properties": { "内容": "株式会社若武者ケア　都筑事業所【訪問介護】神奈川県横浜市都筑区茅ヶ崎中央17-26ビクトリアセンター南503号室", "url": "https://www.kaigokensaku.mhlw.go.jp/14/index.php?action_kouhyou_detail_004_kani=true&JigyosyoCd=1473802658-00&ServiceCd=110&Type=search", "url2": "https://www.wakamusha-care.jp/" }, "geometry": { "type": "Point", "coordinates": [ 139.571945599999935, 35.5421184 ] } },
{ "type": "Feature", "properties": { "内容": "ツクイ・サンフォレスト横浜センター北【訪問介護】神奈川県横浜市都筑区中川中央1-39-44ツクイ・サンフォレスト横浜センター北", "url": "https://www.kaigokensaku.mhlw.go.jp/14/index.php?action_kouhyou_detail_004_kani=true&JigyosyoCd=1473802708-00&ServiceCd=110&Type=search", "url2": "https://www.tsukui.net/support/home-care/visiting" }, "geometry": { "type": "Point", "coordinates": [ 139.581667609262098, 35.555289033164534 ] } },
{ "type": "Feature", "properties": { "内容": "株式会社こあらつづき【訪問介護】神奈川県横浜市都筑区東山田町237アサマハイツB号室", "url": "https://www.kaigokensaku.mhlw.go.jp/14/index.php?action_kouhyou_detail_004_kani=true&JigyosyoCd=1473802831-00&ServiceCd=110&Type=search", "url2": null }, "geometry": { "type": "Point", "coordinates": [ 139.605774200000013, 35.5549534 ] } },
{ "type": "Feature", "properties": { "内容": "訪問介護のんなセンター南【訪問介護】神奈川県横浜市都筑区茅ケ崎南5-18-11フジハイツA-2", "url": "https://www.kaigokensaku.mhlw.go.jp/14/index.php?action_kouhyou_detail_004_kani=true&JigyosyoCd=1473803045-00&ServiceCd=110&Type=search", "url2": null }, "geometry": { "type": "Point", "coordinates": [ 139.5672438, 35.5401092 ] } },
{ "type": "Feature", "properties": { "内容": "ナラティブケア横浜荏田【訪問介護】神奈川県横浜市都筑区荏田南4-2-8", "url": "https://www.kaigokensaku.mhlw.go.jp/14/index.php?action_kouhyou_detail_004_kani=true&JigyosyoCd=1473803060-00&ServiceCd=110&Type=search", "url2": "https://caregiver.co.jp/facility/57/" }, "geometry": { "type": "Point", "coordinates": [ 139.556285199999962, 35.5493145 ] } },
{ "type": "Feature", "properties": { "内容": "ＧＴＬケアサービス横浜都筑【訪問介護】神奈川県横浜市都筑区大丸1番24号", "url": "https://www.kaigokensaku.mhlw.go.jp/14/index.php?action_kouhyou_detail_004_kani=true&JigyosyoCd=1473801205-00&ServiceCd=110&Type=search", "url2": "https://www.gtl-daiwa.co.jp" }, "geometry": { "type": "Point", "coordinates": [ 139.560353599999985, 35.5389039 ] } },
{ "type": "Feature", "properties": { "内容": "ヘルパーステーションオルカ【訪問介護】神奈川県横浜市都筑区大丸7-29", "url": "https://www.kaigokensaku.mhlw.go.jp/14/index.php?action_kouhyou_detail_004_kani=true&JigyosyoCd=1473803078-00&ServiceCd=110&Type=search", "url2": null }, "geometry": { "type": "Point", "coordinates": [ 139.5586131, 35.5379005 ] } },
{ "type": "Feature", "properties": { "内容": "ニチイケアセンター横浜北【訪問介護】神奈川県横浜市都筑区南山田1-2-17梅ビル1階", "url": "https://www.kaigokensaku.mhlw.go.jp/14/index.php?action_kouhyou_detail_004_kani=true&JigyosyoCd=1473801353-00&ServiceCd=110&Type=search", "url2": "https://www.nichii-kaigo.jp/base/base-result/05M95/" }, "geometry": { "type": "Point", "coordinates": [ 139.585589182364174, 35.559333384855854 ] } },
{ "type": "Feature", "properties": { "内容": "荏田やわらぎ【訪問介護】神奈川県横浜市都筑区荏田南3-28-1", "url": "https://www.kaigokensaku.mhlw.go.jp/14/index.php?action_kouhyou_detail_004_kani=true&JigyosyoCd=1473801668-00&ServiceCd=110&Type=search", "url2": null }, "geometry": { "type": "Point", "coordinates": [ 139.554214592590341, 35.544993833231537 ] } },
{ "type": "Feature", "properties": { "内容": "学研ココファン横浜川和ヘルパーセンター【訪問介護】神奈川県横浜市都筑区川和町255-1", "url": "https://www.kaigokensaku.mhlw.go.jp/14/index.php?action_kouhyou_detail_004_kani=true&JigyosyoCd=1473801700-00&ServiceCd=110&Type=search", "url2": "http://www.cocofump.co.jp/" }, "geometry": { "type": "Point", "coordinates": [ 139.548934418910221, 35.521640959306666 ] } },
{ "type": "Feature", "properties": { "内容": "楠の大樹ヘルパーステーション【訪問介護】神奈川県横浜市都筑区茅ヶ崎中央48-11ミオカステーロセンター南202", "url": "https://www.kaigokensaku.mhlw.go.jp/14/index.php?action_kouhyou_detail_004_kani=true&JigyosyoCd=1473801783-00&ServiceCd=110&Type=search", "url2": "http://www.shuhokai.or.jp" }, "geometry": { "type": "Point", "coordinates": [ 139.574304799999936, 35.5465032 ] } },
{ "type": "Feature", "properties": { "内容": "ケアステーションすみれが丘【訪問介護】神奈川県横浜市都筑区すみれが丘13-3", "url": "https://www.kaigokensaku.mhlw.go.jp/14/index.php?action_kouhyou_detail_004_kani=true&JigyosyoCd=1473802229-00&ServiceCd=110&Type=search", "url2": "https://www.yamamoto-kinen.or.jp/yume/" }, "geometry": { "type": "Point", "coordinates": [ 139.576688244180332, 35.565818419300335 ] } },
{ "type": "Feature", "properties": { "内容": "GTLケアサービスセンター南【訪問介護】神奈川県横浜市都筑区茅ヶ崎中央56-9", "url": "https://www.kaigokensaku.mhlw.go.jp/14/index.php?action_kouhyou_detail_004_kani=true&JigyosyoCd=1473802260-00&ServiceCd=110&Type=search", "url2": null }, "geometry": { "type": "Point", "coordinates": [ 139.574672414155543, 35.547503827023455 ] } },
{ "type": "Feature", "properties": { "内容": "ケアクルー　碧【訪問介護】神奈川県横浜市都筑区荏田東1-21-24サンパレス荏田1階店舗D号室", "url": "https://www.kaigokensaku.mhlw.go.jp/14/index.php?action_kouhyou_detail_004_kani=true&JigyosyoCd=1473802302-00&ServiceCd=110&Type=search", "url2": "http://moana-care.com" }, "geometry": { "type": "Point", "coordinates": [ 139.567182186508148, 35.544737788938022 ] } },
{ "type": "Feature", "properties": { "内容": "クローバー訪問介護よこはま【訪問介護】神奈川県横浜市都筑区茅ヶ崎中央15-2つづき療養センター", "url": "https://www.kaigokensaku.mhlw.go.jp/14/index.php?action_kouhyou_detail_004_kani=true&JigyosyoCd=1473802328-00&ServiceCd=110&Type=search", "url2": "https://jala.co.jp/facility/clover-yokohama/" }, "geometry": { "type": "Point", "coordinates": [ 139.573896099999956, 35.5416571 ] } },
{ "type": "Feature", "properties": { "内容": "ヘルパーステーション　そう【訪問介護】神奈川県横浜市都筑区折本町1332番地3", "url": "https://www.kaigokensaku.mhlw.go.jp/14/index.php?action_kouhyou_detail_004_kani=true&JigyosyoCd=1473802542-00&ServiceCd=110&Type=search", "url2": null }, "geometry": { "type": "Point", "coordinates": [ 139.593734, 35.52822 ] } },
{ "type": "Feature", "properties": { "内容": "クレール都筑ヘルパーセンター【訪問介護】神奈川県横浜市都筑区池辺町7003-1", "url": "https://www.kaigokensaku.mhlw.go.jp/14/index.php?action_kouhyou_detail_004_kani=true&JigyosyoCd=1473802906-00&ServiceCd=110&Type=search", "url2": null }, "geometry": { "type": "Point", "coordinates": [ 139.562355599999989, 35.5199487 ] } },
{ "type": "Feature", "properties": { "内容": "訪問介護ファミリー・ホスピスセンター南【訪問介護】神奈川県横浜市都筑区中川中央2-5-6", "url": "https://www.kaigokensaku.mhlw.go.jp/14/index.php?action_kouhyou_detail_004_kani=true&JigyosyoCd=1473802922-00&ServiceCd=110&Type=search", "url2": null }, "geometry": { "type": "Point", "coordinates": [ 139.574712997622697, 35.549825731387195 ] } },
{ "type": "Feature", "properties": { "内容": "ツクイ横浜川和町【訪問介護】神奈川県横浜市都筑区川和町3037", "url": "https://www.kaigokensaku.mhlw.go.jp/14/index.php?action_kouhyou_detail_004_kani=true&JigyosyoCd=1473802930-00&ServiceCd=110&Type=search", "url2": "https://corp.tsukui.net/" }, "geometry": { "type": "Point", "coordinates": [ 139.5490017, 35.5256619 ] } },
{ "type": "Feature", "properties": { "内容": "ケアサービスあゆみ【訪問介護】神奈川県横浜市都筑区東山田1丁目32-6アトラス寺越101号室", "url": "https://www.kaigokensaku.mhlw.go.jp/14/index.php?action_kouhyou_detail_004_kani=true&JigyosyoCd=1473802781-00&ServiceCd=110&Type=search", "url2": null }, "geometry": { "type": "Point", "coordinates": [ 139.598145499999987, 35.566269 ] } },
{ "type": "Feature", "properties": { "内容": "都筑区医師会ヘルパーステーション【訪問介護】神奈川県横浜市都筑区牛久保西１－20－21", "url": "https://www.kaigokensaku.mhlw.go.jp/14/index.php?action_kouhyou_detail_004_kani=true&JigyosyoCd=1473800108-00&ServiceCd=110&Type=search", "url2": "http://www.tsuzuki-med.org/" }, "geometry": { "type": "Point", "coordinates": [ 139.581432612303161, 35.556741929643835 ] } },
{ "type": "Feature", "properties": { "内容": "横浜市福祉サービス協会　ヘルパーステーション都筑【訪問介護】神奈川県横浜市都筑区茅ケ崎中央17-26ビクトリアセンター南403", "url": "https://www.kaigokensaku.mhlw.go.jp/14/index.php?action_kouhyou_detail_004_kani=true&JigyosyoCd=1473801387-00&ServiceCd=110&Type=search", "url2": "https://www.hama-wel.or.jp/branch/hps_tuduki/" }, "geometry": { "type": "Point", "coordinates": [ 139.57181515613641, 35.542221918497354 ] } },
{ "type": "Feature", "properties": { "内容": "しんよう　指定訪問介護ステーション【訪問介護】神奈川県川崎市川崎区砂子2-8-1シャンボール川崎砂子718", "url": "https://www.kaigokensaku.mhlw.go.jp/14/index.php?action_kouhyou_detail_004_kani=true&JigyosyoCd=1475003172-00&ServiceCd=110&Type=search", "url2": null }, "geometry": { "type": "Point", "coordinates": [ 139.700987400000031, 35.5281728 ] } },
{ "type": "Feature", "properties": { "内容": "訪問介護事業所　キャンディ【訪問介護】神奈川県川崎市川崎区鋼管通2-1-6301", "url": "https://www.kaigokensaku.mhlw.go.jp/14/index.php?action_kouhyou_detail_004_kani=true&JigyosyoCd=1475004659-00&ServiceCd=110&Type=search", "url2": null }, "geometry": { "type": "Point", "coordinates": [ 139.715147699999989, 35.5178549 ] } },
{ "type": "Feature", "properties": { "内容": "株式会社LUANA【訪問介護】神奈川県川崎市川崎区浅田３丁目１４ー７クオレカリーノ１０１", "url": "https://www.kaigokensaku.mhlw.go.jp/14/index.php?action_kouhyou_detail_004_kani=true&JigyosyoCd=1475004675-00&ServiceCd=110&Type=search", "url2": "https://www.luana2023.com" }, "geometry": { "type": "Point", "coordinates": [ 139.6987358, 35.5069344 ] } },
{ "type": "Feature", "properties": { "内容": "ＲＫ日本【訪問介護】神奈川県川崎市川崎区南町15番地3太平ビルＢ棟３０３号", "url": "https://www.kaigokensaku.mhlw.go.jp/14/index.php?action_kouhyou_detail_004_kani=true&JigyosyoCd=1475004717-00&ServiceCd=110&Type=search", "url2": null }, "geometry": { "type": "Point", "coordinates": [ 139.7008376, 35.5266871 ] } },
{ "type": "Feature", "properties": { "内容": "スマイルケア【訪問介護】神奈川県川崎市川崎区池上5-3", "url": "https://www.kaigokensaku.mhlw.go.jp/14/index.php?action_kouhyou_detail_004_kani=true&JigyosyoCd=1475004741-00&ServiceCd=110&Type=search", "url2": null }, "geometry": { "type": "Point", "coordinates": [ 139.7100106, 35.5739474 ] } },
{ "type": "Feature", "properties": { "内容": "にこにこ訪問介護【訪問介護】神奈川県川崎市川崎区藤崎4-11-13エール藤崎302", "url": "https://www.kaigokensaku.mhlw.go.jp/14/index.php?action_kouhyou_detail_004_kani=true&JigyosyoCd=1475004758-00&ServiceCd=110&Type=search", "url2": null }, "geometry": { "type": "Point", "coordinates": [ 139.7215555785736, 35.523508227883191 ] } },
{ "type": "Feature", "properties": { "内容": "ＨＳユア・ライフ【訪問介護】神奈川県川崎市川崎区東田町２－１９エステムプラザ川崎１５０３", "url": "https://www.kaigokensaku.mhlw.go.jp/14/index.php?action_kouhyou_detail_004_kani=true&JigyosyoCd=1470101435-00&ServiceCd=110&Type=search", "url2": "http://hsyour-life.com/" }, "geometry": { "type": "Point", "coordinates": [ 139.719086576057407, 35.531834103429283 ] } },
{ "type": "Feature", "properties": { "内容": "川崎市社会福祉協議会かわさき訪問介護支援事業所【訪問介護】神奈川県川崎市川崎区富士見1-6-3読売川崎富士見ビルＢ-1棟6階", "url": "https://www.kaigokensaku.mhlw.go.jp/14/index.php?action_kouhyou_detail_004_kani=true&JigyosyoCd=1475000046-00&ServiceCd=110&Type=search", "url2": "http://www.csw-kawasaki.or.jp" }, "geometry": { "type": "Point", "coordinates": [ 139.711736400000063, 35.5310923 ] } },
{ "type": "Feature", "properties": { "内容": "あっぷるホームケアサービス川崎【訪問介護】神奈川県川崎市川崎区元木1-6-8ホクドウビル201", "url": "https://www.kaigokensaku.mhlw.go.jp/14/index.php?action_kouhyou_detail_004_kani=true&JigyosyoCd=1475000103-00&ServiceCd=110&Type=search", "url2": "http://www.ceremonia.co.jp" }, "geometry": { "type": "Point", "coordinates": [ 139.692593200000147, 35.536093600000036 ] } },
{ "type": "Feature", "properties": { "内容": "地域サービスセンター　ことぶき【訪問介護】神奈川県川崎市川崎区大島１－４－８イーストブルー１０１", "url": "https://www.kaigokensaku.mhlw.go.jp/14/index.php?action_kouhyou_detail_004_kani=true&JigyosyoCd=1475000152-00&ServiceCd=110&Type=search", "url2": "http://www.kawasakiseifu.or.jp/" }, "geometry": { "type": "Point", "coordinates": [ 139.71111514484403, 35.525200187653695 ] } },
{ "type": "Feature", "properties": { "内容": "おおしまヘルパーステーション・虹【訪問介護】神奈川県川崎市川崎区大島３－２１－１５クラルテ市川", "url": "https://www.kaigokensaku.mhlw.go.jp/14/index.php?action_kouhyou_detail_004_kani=true&JigyosyoCd=1475000210-00&ServiceCd=110&Type=search", "url2": "http://www.kai-go.org" }, "geometry": { "type": "Point", "coordinates": [ 139.7190138, 35.520301400000015 ] } },
{ "type": "Feature", "properties": { "内容": "ニチイケアセンター大師【訪問介護】神奈川県川崎市川崎区中瀬３－１０－２", "url": "https://www.kaigokensaku.mhlw.go.jp/14/index.php?action_kouhyou_detail_004_kani=true&JigyosyoCd=1475000350-00&ServiceCd=110&Type=search", "url2": "http://www.nichiigakkan.co.jp" }, "geometry": { "type": "Point", "coordinates": [ 139.731175620762656, 35.539582236997354 ] } },
{ "type": "Feature", "properties": { "内容": "サンセイヘルパーステーション川崎【訪問介護】神奈川県川崎市川崎区伊勢町２－５ラティスガーデン1階", "url": "https://www.kaigokensaku.mhlw.go.jp/14/index.php?action_kouhyou_detail_004_kani=true&JigyosyoCd=1475000681-00&ServiceCd=110&Type=search", "url2": null }, "geometry": { "type": "Point", "coordinates": [ 139.719368473441364, 35.53167625833003 ] } },
{ "type": "Feature", "properties": { "内容": "ジャパウイン訪問介護ステーション　かわさき【訪問介護】神奈川県川崎市川崎区渡田3-2-16（株）水口内", "url": "https://www.kaigokensaku.mhlw.go.jp/14/index.php?action_kouhyou_detail_004_kani=true&JigyosyoCd=1475001200-00&ServiceCd=110&Type=search", "url2": "https://www.japawin.jp/office/home_nursing_care_kawasaki/" }, "geometry": { "type": "Point", "coordinates": [ 139.703828618530906, 35.519840521824726 ] } },
{ "type": "Feature", "properties": { "内容": "ヘルパーステーション灯り【訪問介護】神奈川県川崎市川崎区大島3-15-7", "url": "https://www.kaigokensaku.mhlw.go.jp/14/index.php?action_kouhyou_detail_004_kani=true&JigyosyoCd=1475001689-00&ServiceCd=110&Type=search", "url2": null }, "geometry": { "type": "Point", "coordinates": [ 139.717626788360576, 35.520082442930146 ] } },
{ "type": "Feature", "properties": { "内容": "ヘレーネケア川崎中央事業所【訪問介護】神奈川県川崎市川崎区浜町2-7-3ブルージュＮＫ1Ｆ", "url": "https://www.kaigokensaku.mhlw.go.jp/14/index.php?action_kouhyou_detail_004_kani=true&JigyosyoCd=1475001713-00&ServiceCd=110&Type=search", "url2": null }, "geometry": { "type": "Point", "coordinates": [ 139.718977900000027, 35.5147521 ] } },
{ "type": "Feature", "properties": { "内容": "トータルケアサービス川崎田島事業所【訪問介護】神奈川県川崎市川崎区田島町23番1号", "url": "https://www.kaigokensaku.mhlw.go.jp/14/index.php?action_kouhyou_detail_004_kani=true&JigyosyoCd=1475001838-00&ServiceCd=110&Type=search", "url2": "http://www.total-care-servise.co.jp/index.shtml" }, "geometry": { "type": "Point", "coordinates": [ 139.710392500000012, 35.5149384 ] } },
{ "type": "Feature", "properties": { "内容": "ライフ・ヘルパーステーション【訪問介護】神奈川県川崎市川崎区大島3-23-1", "url": "https://www.kaigokensaku.mhlw.go.jp/14/index.php?action_kouhyou_detail_004_kani=true&JigyosyoCd=1475001952-00&ServiceCd=110&Type=search", "url2": "http://laefucommunityservice.web.fc2.com" }, "geometry": { "type": "Point", "coordinates": [ 139.718076574517454, 35.520382808212474 ] } },
{ "type": "Feature", "properties": { "内容": "アースサポート川崎南【訪問介護】神奈川県川崎市川崎区本町1丁目7番地4号", "url": "https://www.kaigokensaku.mhlw.go.jp/14/index.php?action_kouhyou_detail_004_kani=true&JigyosyoCd=1475002018-00&ServiceCd=110&Type=search", "url2": "http://www.earthsupport.co.jp/" }, "geometry": { "type": "Point", "coordinates": [ 139.7027177, 35.5327166 ] } },
{ "type": "Feature", "properties": { "内容": "サニースポット介護サービス【訪問介護】神奈川県川崎市川崎区追分町2-2ウィステリアヒルズ502", "url": "https://www.kaigokensaku.mhlw.go.jp/14/index.php?action_kouhyou_detail_004_kani=true&JigyosyoCd=1475002307-00&ServiceCd=110&Type=search", "url2": "http://www.s-spot.jp/" }, "geometry": { "type": "Point", "coordinates": [ 139.7135032, 35.5207709 ] } },
{ "type": "Feature", "properties": { "内容": "ミューズケアサービス【訪問介護】神奈川県川崎市川崎区渡田新町3-2-8かわさき保育会館内", "url": "https://www.kaigokensaku.mhlw.go.jp/14/index.php?action_kouhyou_detail_004_kani=true&JigyosyoCd=1475002406-00&ServiceCd=110&Type=search", "url2": "http://muse-care.jp" }, "geometry": { "type": "Point", "coordinates": [ 139.696593600000028, 35.5206906 ] } },
{ "type": "Feature", "properties": { "内容": "訪問介護かんな【訪問介護】神奈川県川崎市川崎区桜本2-11-18-206川崎大師サンハイツ", "url": "https://www.kaigokensaku.mhlw.go.jp/14/index.php?action_kouhyou_detail_004_kani=true&JigyosyoCd=1475002505-00&ServiceCd=110&Type=search", "url2": null }, "geometry": { "type": "Point", "coordinates": [ 139.724491100000023, 35.5229456 ] } },
{ "type": "Feature", "properties": { "内容": "ライフサービス薫【訪問介護】神奈川県川崎市川崎区池田１丁目4番地19号", "url": "https://www.kaigokensaku.mhlw.go.jp/14/index.php?action_kouhyou_detail_004_kani=true&JigyosyoCd=1475002588-00&ServiceCd=110&Type=search", "url2": null }, "geometry": { "type": "Point", "coordinates": [ 139.690519200000011, 35.5209703 ] } },
{ "type": "Feature", "properties": { "内容": "ひまわりケア　大島訪問介護事業所【訪問介護】神奈川県川崎市川崎区大島2－15－16", "url": "https://www.kaigokensaku.mhlw.go.jp/14/index.php?action_kouhyou_detail_004_kani=true&JigyosyoCd=1475002612-00&ServiceCd=110&Type=search", "url2": "http://www.himawari-care1.jp/" }, "geometry": { "type": "Point", "coordinates": [ 139.715398976686515, 35.52087385587393 ] } },
{ "type": "Feature", "properties": { "内容": "けあビジョン川崎【訪問介護】神奈川県川崎市川崎区昭和2-8-3ルミナス青山101", "url": "https://www.kaigokensaku.mhlw.go.jp/14/index.php?action_kouhyou_detail_004_kani=true&JigyosyoCd=1475002885-00&ServiceCd=110&Type=search", "url2": "http://www.visualvision.co.jp" }, "geometry": { "type": "Point", "coordinates": [ 139.737653899999941, 35.532156 ] } },
{ "type": "Feature", "properties": { "内容": "ラポール　ホームケア【訪問介護】神奈川県川崎市川崎区京町1-10-10崎山ビル1階", "url": "https://www.kaigokensaku.mhlw.go.jp/14/index.php?action_kouhyou_detail_004_kani=true&JigyosyoCd=1475003008-00&ServiceCd=110&Type=search", "url2": "https://rapportcareplan.wixsite.com/my-site-7" }, "geometry": { "type": "Point", "coordinates": [ 139.694385600000032, 35.517791 ] } },
{ "type": "Feature", "properties": { "内容": "訪問介護　扇町ケア【訪問介護】神奈川県川崎市川崎区扇町11番5号今ビル1階", "url": "https://www.kaigokensaku.mhlw.go.jp/14/index.php?action_kouhyou_detail_004_kani=true&JigyosyoCd=1475003040-00&ServiceCd=110&Type=search", "url2": null }, "geometry": { "type": "Point", "coordinates": [ 139.722473088750121, 35.500889337007337 ] } },
{ "type": "Feature", "properties": { "内容": "アイスタッフ大師【訪問介護】神奈川県川崎市川崎区大師町10-6アイスタッフビル", "url": "https://www.kaigokensaku.mhlw.go.jp/14/index.php?action_kouhyou_detail_004_kani=true&JigyosyoCd=1475003149-00&ServiceCd=110&Type=search", "url2": "http://www.athlete-all.co.jp" }, "geometry": { "type": "Point", "coordinates": [ 139.731911218701953, 35.53420767929439 ] } },
{ "type": "Feature", "properties": { "内容": "訪問介護ステーションいろどり【訪問介護】神奈川県川崎市川崎区日進町19-6", "url": "https://www.kaigokensaku.mhlw.go.jp/14/index.php?action_kouhyou_detail_004_kani=true&JigyosyoCd=1475003222-00&ServiceCd=110&Type=search", "url2": null }, "geometry": { "type": "Point", "coordinates": [ 139.694555457377476, 35.52469764340983 ] } },
{ "type": "Feature", "properties": { "内容": "ケア２１川崎【訪問介護】神奈川県川崎市川崎区追分町5-3島田ビル201", "url": "https://www.kaigokensaku.mhlw.go.jp/14/index.php?action_kouhyou_detail_004_kani=true&JigyosyoCd=1475003297-00&ServiceCd=110&Type=search", "url2": null }, "geometry": { "type": "Point", "coordinates": [ 139.714892, 35.5200737 ] } },
{ "type": "Feature", "properties": { "内容": "サンケアホーム【訪問介護】神奈川県川崎市川崎区渡田向町２３－１ファインズコート２０１", "url": "https://www.kaigokensaku.mhlw.go.jp/14/index.php?action_kouhyou_detail_004_kani=true&JigyosyoCd=1475003321-00&ServiceCd=110&Type=search", "url2": "http:/hp.kaipoke.biz/7yx/" }, "geometry": { "type": "Point", "coordinates": [ 139.7047761, 35.5231374 ] } },
{ "type": "Feature", "properties": { "内容": "ケンコーホームケアサービス【訪問介護】神奈川県川崎市川崎区大島1-4-8イーストブルー204", "url": "https://www.kaigokensaku.mhlw.go.jp/14/index.php?action_kouhyou_detail_004_kani=true&JigyosyoCd=1475003354-00&ServiceCd=110&Type=search", "url2": null }, "geometry": { "type": "Point", "coordinates": [ 139.71110441600797, 35.525195821768321 ] } },
{ "type": "Feature", "properties": { "内容": "一歩ケア【訪問介護】神奈川県川崎市川崎区大島三丁目38番6号第一ビル三浦201号室", "url": "https://www.kaigokensaku.mhlw.go.jp/14/index.php?action_kouhyou_detail_004_kani=true&JigyosyoCd=1475003594-00&ServiceCd=110&Type=search", "url2": "https://www.ippo-care.jp/" }, "geometry": { "type": "Point", "coordinates": [ 139.721082595106509, 35.52160565383906 ] } },
{ "type": "Feature", "properties": { "内容": "ステップアップ川崎【訪問介護】神奈川県川崎市川崎区四谷上町12-9ユナイト東門前モンターナの杜210", "url": "https://www.kaigokensaku.mhlw.go.jp/14/index.php?action_kouhyou_detail_004_kani=true&JigyosyoCd=1475003610-00&ServiceCd=110&Type=search", "url2": null }, "geometry": { "type": "Point", "coordinates": [ 139.7349041, 35.5284369 ] } },
{ "type": "Feature", "properties": { "内容": "サンサンケアサービス【訪問介護】神奈川県川崎市川崎区日進町7-1日進町ビル14階", "url": "https://www.kaigokensaku.mhlw.go.jp/14/index.php?action_kouhyou_detail_004_kani=true&JigyosyoCd=1475003628-00&ServiceCd=110&Type=search", "url2": null }, "geometry": { "type": "Point", "coordinates": [ 139.695225179762247, 35.525284400000153 ] } },
{ "type": "Feature", "properties": { "内容": "ケア21宮前町【訪問介護】神奈川県川崎市川崎区宮前町7-5戸隠ビル１F", "url": "https://www.kaigokensaku.mhlw.go.jp/14/index.php?action_kouhyou_detail_004_kani=true&JigyosyoCd=1475003651-00&ServiceCd=110&Type=search", "url2": "http://www.care21.co.jp" }, "geometry": { "type": "Point", "coordinates": [ 139.7051037, 35.5282728 ] } },
{ "type": "Feature", "properties": { "内容": "訪問介護　絆【訪問介護】神奈川県川崎市川崎区藤崎三丁目７番１９号", "url": "https://www.kaigokensaku.mhlw.go.jp/14/index.php?action_kouhyou_detail_004_kani=true&JigyosyoCd=1475003776-00&ServiceCd=110&Type=search", "url2": null }, "geometry": { "type": "Point", "coordinates": [ 139.724046499999986, 35.5291337 ] } },
{ "type": "Feature", "properties": { "内容": "SOMPOケア川崎日進　訪問介護【訪問介護】神奈川県川崎市川崎区日進町22-3吉田貸事務所", "url": "https://www.kaigokensaku.mhlw.go.jp/14/index.php?action_kouhyou_detail_004_kani=true&JigyosyoCd=1475003792-00&ServiceCd=110&Type=search", "url2": "https://www.sompocare.com" }, "geometry": { "type": "Point", "coordinates": [ 139.696607399999948, 35.5240512 ] } },
{ "type": "Feature", "properties": { "内容": "SOMPOケア川崎観音　訪問介護【訪問介護】神奈川県川崎市川崎区観音1丁目2-5", "url": "https://www.kaigokensaku.mhlw.go.jp/14/index.php?action_kouhyou_detail_004_kani=true&JigyosyoCd=1475003800-00&ServiceCd=110&Type=search", "url2": "https://www.sompocare.com/service/home/satsuki/H000348/" }, "geometry": { "type": "Point", "coordinates": [ 139.724915900000042, 35.5285283 ] } },
{ "type": "Feature", "properties": { "内容": "訪問介護かえで川崎サービスセンター【訪問介護】神奈川県川崎市川崎区南町1-8林ビル川崎205", "url": "https://www.kaigokensaku.mhlw.go.jp/14/index.php?action_kouhyou_detail_004_kani=true&JigyosyoCd=1475003974-00&ServiceCd=110&Type=search", "url2": "http://www.elderly.jp/" }, "geometry": { "type": "Point", "coordinates": [ 139.700583, 35.5271034 ] } },
{ "type": "Feature", "properties": { "内容": "ヘルパーサービスしんせい【訪問介護】神奈川県川崎市川崎区新川通１番１１ー２０２号", "url": "https://www.kaigokensaku.mhlw.go.jp/14/index.php?action_kouhyou_detail_004_kani=true&JigyosyoCd=1475003990-00&ServiceCd=110&Type=search", "url2": null }, "geometry": { "type": "Point", "coordinates": [ 139.723362299999962, 35.522241200000011 ] } },
{ "type": "Feature", "properties": { "内容": "訪問介護ステーション　川崎こころ【訪問介護】神奈川県川崎市川崎区日ノ出1丁目12番17号", "url": "https://www.kaigokensaku.mhlw.go.jp/14/index.php?action_kouhyou_detail_004_kani=true&JigyosyoCd=1475004071-00&ServiceCd=110&Type=search", "url2": null }, "geometry": { "type": "Point", "coordinates": [ 139.742446699999959, 35.533256 ] } },
{ "type": "Feature", "properties": { "内容": "ニチイケアセンター川崎南【訪問介護】神奈川県川崎市川崎区渡田向町7-4マルトミ渡田向町106号室", "url": "https://www.kaigokensaku.mhlw.go.jp/14/index.php?action_kouhyou_detail_004_kani=true&JigyosyoCd=1475004097-00&ServiceCd=110&Type=search", "url2": null }, "geometry": { "type": "Point", "coordinates": [ 139.702286100000038, 35.5231473 ] } },
{ "type": "Feature", "properties": { "内容": "ツクイ川崎中島【訪問介護】神奈川県川崎市川崎区中島3-7-3落合店舗１階", "url": "https://www.kaigokensaku.mhlw.go.jp/14/index.php?action_kouhyou_detail_004_kani=true&JigyosyoCd=1475004121-00&ServiceCd=110&Type=search", "url2": "http://www.tsukui.net" }, "geometry": { "type": "Point", "coordinates": [ 139.7164354, 35.5266597 ] } },
{ "type": "Feature", "properties": { "内容": "ツクイ川崎新町【訪問介護】神奈川県川崎市川崎区大島3-16-9ＲＲＭビル２階", "url": "https://www.kaigokensaku.mhlw.go.jp/14/index.php?action_kouhyou_detail_004_kani=true&JigyosyoCd=1475004139-00&ServiceCd=110&Type=search", "url2": "https://www.tsukui.net/service/kawasakishinmachi/" }, "geometry": { "type": "Point", "coordinates": [ 139.705959799999988, 35.5146665 ] } },
{ "type": "Feature", "properties": { "内容": "どれみサービス【訪問介護】神奈川県川崎市川崎区桜本2-3-21堀井ハイム1階向かって右", "url": "https://www.kaigokensaku.mhlw.go.jp/14/index.php?action_kouhyou_detail_004_kani=true&JigyosyoCd=1475004162-00&ServiceCd=110&Type=search", "url2": null }, "geometry": { "type": "Point", "coordinates": [ 139.7220346, 35.5214536 ] } },
{ "type": "Feature", "properties": { "内容": "きよらケア【訪問介護】神奈川県川崎市川崎区日進町27-5ピアンタ川崎１階", "url": "https://www.kaigokensaku.mhlw.go.jp/14/index.php?action_kouhyou_detail_004_kani=true&JigyosyoCd=1475004220-00&ServiceCd=110&Type=search", "url2": null }, "geometry": { "type": "Point", "coordinates": [ 139.6939758, 35.5224972 ] } },
{ "type": "Feature", "properties": { "内容": "訪問介護事業所　そよ風【訪問介護】神奈川県川崎市川崎区浅田3－10－22ユナイト浅田ジェシカ・ウォルター106　105", "url": "https://www.kaigokensaku.mhlw.go.jp/14/index.php?action_kouhyou_detail_004_kani=true&JigyosyoCd=1475004261-00&ServiceCd=110&Type=search", "url2": null }, "geometry": { "type": "Point", "coordinates": [ 139.6999356, 35.5074936 ] } },
{ "type": "Feature", "properties": { "内容": "訪問介護南風【訪問介護】神奈川県川崎市川崎区四谷上町１１－２６－１", "url": "https://www.kaigokensaku.mhlw.go.jp/14/index.php?action_kouhyou_detail_004_kani=true&JigyosyoCd=1475004352-00&ServiceCd=110&Type=search", "url2": null }, "geometry": { "type": "Point", "coordinates": [ 139.7353052, 35.5288849 ] } },
{ "type": "Feature", "properties": { "内容": "CHANGEケアサービス【訪問介護】神奈川県川崎市川崎区浅田四丁目８番１８号", "url": "https://www.kaigokensaku.mhlw.go.jp/14/index.php?action_kouhyou_detail_004_kani=true&JigyosyoCd=1475004378-00&ServiceCd=110&Type=search", "url2": null }, "geometry": { "type": "Point", "coordinates": [ 139.700461, 35.5045845 ] } },
{ "type": "Feature", "properties": { "内容": "ケアサポートセンター　こくあ【訪問介護】神奈川県川崎市川崎区渡田山王町17-12ノースワン2階", "url": "https://www.kaigokensaku.mhlw.go.jp/14/index.php?action_kouhyou_detail_004_kani=true&JigyosyoCd=1475101067-00&ServiceCd=110&Type=search", "url2": null }, "geometry": { "type": "Point", "coordinates": [ 139.695046600000069, 35.51889360000002 ] } },
{ "type": "Feature", "properties": { "内容": "旭日ホームヘルプサービス【訪問介護】神奈川県川崎市川崎区大師駅前１－８－５2F", "url": "https://www.kaigokensaku.mhlw.go.jp/14/index.php?action_kouhyou_detail_004_kani=true&JigyosyoCd=1475000921-00&ServiceCd=110&Type=search", "url2": null }, "geometry": { "type": "Point", "coordinates": [ 139.726856736384548, 35.534126684900095 ] } },
{ "type": "Feature", "properties": { "内容": "社会福祉法人　青丘社　ほっとライン【訪問介護】神奈川県川崎市川崎区桜本1-8-22", "url": "https://www.kaigokensaku.mhlw.go.jp/14/index.php?action_kouhyou_detail_004_kani=true&JigyosyoCd=1475002745-00&ServiceCd=110&Type=search", "url2": "http://www.seikyu-sha.com/hotline/index.php?rby=%20&center=helper#care2" }, "geometry": { "type": "Point", "coordinates": [ 139.720940285835667, 35.521326335320083 ] } },
{ "type": "Feature", "properties": { "内容": "ケアリッツ川崎【訪問介護】神奈川県川崎市川崎区貝塚1-3-20ラポール貝塚201", "url": "https://www.kaigokensaku.mhlw.go.jp/14/index.php?action_kouhyou_detail_004_kani=true&JigyosyoCd=1475003511-00&ServiceCd=110&Type=search", "url2": "https://www.careritz.co.jp/station/branch/kawasaki/" }, "geometry": { "type": "Point", "coordinates": [ 139.702026291957054, 35.526180101489444 ] } },
{ "type": "Feature", "properties": { "内容": "ヘルパーステーションわい・わい【訪問介護】神奈川県川崎市川崎区桜本１－９－１１", "url": "https://www.kaigokensaku.mhlw.go.jp/14/index.php?action_kouhyou_detail_004_kani=true&JigyosyoCd=1475003537-00&ServiceCd=110&Type=search", "url2": null }, "geometry": { "type": "Point", "coordinates": [ 139.722383, 35.5211013 ] } },
{ "type": "Feature", "properties": { "内容": "よつばヘルパーステーション【訪問介護】神奈川県川崎市川崎区観音1-7-14クレッセント観音１階", "url": "https://www.kaigokensaku.mhlw.go.jp/14/index.php?action_kouhyou_detail_004_kani=true&JigyosyoCd=1475003875-00&ServiceCd=110&Type=search", "url2": null }, "geometry": { "type": "Point", "coordinates": [ 139.726715569011986, 35.528603881369406 ] } },
{ "type": "Feature", "properties": { "内容": "株式会社アンビケア【訪問介護】神奈川県川崎市川崎区小田栄1-11-5メゾン・パルファン・デ・フルール　301号室", "url": "https://www.kaigokensaku.mhlw.go.jp/14/index.php?action_kouhyou_detail_004_kani=true&JigyosyoCd=1475003917-00&ServiceCd=110&Type=search", "url2": "https://ambicare.jp/" }, "geometry": { "type": "Point", "coordinates": [ 139.7055173, 35.516211100000035 ] } },
{ "type": "Feature", "properties": { "内容": "学研ココファン川崎京町ヘルパーセンター【訪問介護】神奈川県川崎市川崎区京町2-22-5ココファン川崎京町", "url": "https://www.kaigokensaku.mhlw.go.jp/14/index.php?action_kouhyou_detail_004_kani=true&JigyosyoCd=1475003958-00&ServiceCd=110&Type=search", "url2": null }, "geometry": { "type": "Point", "coordinates": [ 139.694747610450804, 35.513794122947672 ] } },
{ "type": "Feature", "properties": { "内容": "ありがとうのたね【訪問介護】神奈川県川崎市川崎区四谷上町12番9号110", "url": "https://www.kaigokensaku.mhlw.go.jp/14/index.php?action_kouhyou_detail_004_kani=true&JigyosyoCd=1475004568-00&ServiceCd=110&Type=search", "url2": "https://egaonohana-recruit.com" }, "geometry": { "type": "Point", "coordinates": [ 139.734943500000014, 35.5284132 ] } },
{ "type": "Feature", "properties": { "内容": "ケンコーホームウエスト【訪問介護】神奈川県川崎市川崎区境町11-20シャトー小林202", "url": "https://www.kaigokensaku.mhlw.go.jp/14/index.php?action_kouhyou_detail_004_kani=true&JigyosyoCd=1475004667-00&ServiceCd=110&Type=search", "url2": null }, "geometry": { "type": "Point", "coordinates": [ 139.7950318, 36.1084158 ] } },
{ "type": "Feature", "properties": { "内容": "メディホス訪問介護川崎大師【訪問介護】神奈川県川崎市川崎区四谷上町1-11", "url": "https://www.kaigokensaku.mhlw.go.jp/14/index.php?action_kouhyou_detail_004_kani=true&JigyosyoCd=1475004733-00&ServiceCd=110&Type=search", "url2": "https://wmj.co.jp/" }, "geometry": { "type": "Point", "coordinates": [ 139.731571800000012, 35.5272497 ] } },
{ "type": "Feature", "properties": { "内容": "SOMPOケア　川崎新町　訪問介護【訪問介護】神奈川県川崎市川崎区小田栄2丁目3番2号", "url": "https://www.kaigokensaku.mhlw.go.jp/14/index.php?action_kouhyou_detail_004_kani=true&JigyosyoCd=1475004493-00&ServiceCd=110&Type=search", "url2": "https://www.sompocare.com/service/zaitaku/kaigo/Z000901" }, "geometry": { "type": "Point", "coordinates": [ 139.7059561, 35.5145552 ] } },
{ "type": "Feature", "properties": { "内容": "ダルマ　ヘルパーステーション【訪問介護】神奈川県川崎市川崎区小田4-32-8ハローレジデンス小田　201", "url": "https://www.kaigokensaku.mhlw.go.jp/14/index.php?action_kouhyou_detail_004_kani=true&JigyosyoCd=1475002752-00&ServiceCd=110&Type=search", "url2": null }, "geometry": { "type": "Point", "coordinates": [ 139.70153472006416, 35.509914194045024 ] } },
{ "type": "Feature", "properties": { "内容": "ホームケア　たいしん【訪問介護】神奈川県川崎市川崎区渡田2-10-3", "url": "https://www.kaigokensaku.mhlw.go.jp/14/index.php?action_kouhyou_detail_004_kani=true&JigyosyoCd=1475000418-00&ServiceCd=110&Type=search", "url2": null }, "geometry": { "type": "Point", "coordinates": [ 139.706709300000057, 35.5216792 ] } },
{ "type": "Feature", "properties": { "内容": "パーソナル・ケア・Ｓ・Ｏ・Ａ・Ｐ【訪問介護】神奈川県川崎市川崎区中瀬3-21-7-703", "url": "https://www.kaigokensaku.mhlw.go.jp/14/index.php?action_kouhyou_detail_004_kani=true&JigyosyoCd=1475000863-00&ServiceCd=110&Type=search", "url2": "https://www.pc-soap.com" }, "geometry": { "type": "Point", "coordinates": [ 139.7326101676137, 35.536905348095047 ] } },
{ "type": "Feature", "properties": { "内容": "有限会社　たいよう【訪問介護】神奈川県川崎市川崎区渡田2-20-16", "url": "https://www.kaigokensaku.mhlw.go.jp/14/index.php?action_kouhyou_detail_004_kani=true&JigyosyoCd=1475000988-00&ServiceCd=110&Type=search", "url2": null }, "geometry": { "type": "Point", "coordinates": [ 139.706115, 35.5197239 ] } },
{ "type": "Feature", "properties": { "内容": "渡田ケアステーション【訪問介護】神奈川県川崎市川崎区渡田向町２４－６カテナ川崎マンションＡ２０２", "url": "https://www.kaigokensaku.mhlw.go.jp/14/index.php?action_kouhyou_detail_004_kani=true&JigyosyoCd=1475002661-00&ServiceCd=110&Type=search", "url2": null }, "geometry": { "type": "Point", "coordinates": [ 139.704506700000024, 35.5222014 ] } },
{ "type": "Feature", "properties": { "内容": "太陽ケアセンター【訪問介護】神奈川県川崎市川崎区渡田新町2-1-92F", "url": "https://www.kaigokensaku.mhlw.go.jp/14/index.php?action_kouhyou_detail_004_kani=true&JigyosyoCd=1475002760-00&ServiceCd=110&Type=search", "url2": "https://www.taiyocare.com/" }, "geometry": { "type": "Point", "coordinates": [ 139.698365599999988, 35.5222015 ] } },
{ "type": "Feature", "properties": { "内容": "ヘルパーステーション　リュエル・シャンテール【訪問介護】神奈川県川崎市川崎区浜町4-6-19", "url": "https://www.kaigokensaku.mhlw.go.jp/14/index.php?action_kouhyou_detail_004_kani=true&JigyosyoCd=1475002869-00&ServiceCd=110&Type=search", "url2": null }, "geometry": { "type": "Point", "coordinates": [ 139.721486604229767, 35.515482462833582 ] } },
{ "type": "Feature", "properties": { "内容": "心の郷訪問介護センター【訪問介護】神奈川県川崎市川崎区銅管通り1-9-102階2号室", "url": "https://www.kaigokensaku.mhlw.go.jp/14/index.php?action_kouhyou_detail_004_kani=true&JigyosyoCd=1475003461-00&ServiceCd=110&Type=search", "url2": null }, "geometry": { "type": "Point", "coordinates": [ 139.710881200000017, 35.5210598 ] } },
{ "type": "Feature", "properties": { "内容": "サンライズ株式会社【訪問介護】神奈川県川崎市川崎区大島1-21-5ひかり荘１号", "url": "https://www.kaigokensaku.mhlw.go.jp/14/index.php?action_kouhyou_detail_004_kani=true&JigyosyoCd=1475004550-00&ServiceCd=110&Type=search", "url2": null }, "geometry": { "type": "Point", "coordinates": [ 139.712122058860814, 35.523984099001595 ] } },
{ "type": "Feature", "properties": { "内容": "A‐Smile川崎東【訪問介護】神奈川県川崎市川崎区南町16-1朝日生命ビル　6階", "url": "https://www.kaigokensaku.mhlw.go.jp/14/index.php?action_kouhyou_detail_004_kani=true&JigyosyoCd=1475004584-00&ServiceCd=110&Type=search", "url2": "https://akarie.co.jp" }, "geometry": { "type": "Point", "coordinates": [ 139.7010693, 35.5271591 ] } },
{ "type": "Feature", "properties": { "内容": "フィルケア訪問介護ステーション川崎【訪問介護】神奈川県川崎市川崎区宮前町4-12ニューユーフォリア杉山301", "url": "https://www.kaigokensaku.mhlw.go.jp/14/index.php?action_kouhyou_detail_004_kani=true&JigyosyoCd=1475004832-00&ServiceCd=110&Type=search", "url2": null }, "geometry": { "type": "Point", "coordinates": [ 139.7046396, 35.5277829 ] } },
{ "type": "Feature", "properties": { "内容": "ライフケアじゅん【訪問介護】神奈川県川崎市川崎区大島3-15-18", "url": "https://www.kaigokensaku.mhlw.go.jp/14/index.php?action_kouhyou_detail_004_kani=true&JigyosyoCd=1475004030-00&ServiceCd=110&Type=search", "url2": "https://www.lifecare-jun.info" }, "geometry": { "type": "Point", "coordinates": [ 139.717696034358596, 35.519670061760131 ] } },
{ "type": "Feature", "properties": { "内容": "アクア　川崎【訪問介護】神奈川県川崎市川崎区宮前町4-8志田ビル1階101号室", "url": "https://www.kaigokensaku.mhlw.go.jp/14/index.php?action_kouhyou_detail_004_kani=true&JigyosyoCd=1475004857-00&ServiceCd=110&Type=search", "url2": "https://aqua-efila.com/" }, "geometry": { "type": "Point", "coordinates": [ 139.704806499999989, 35.52811710000001 ] } },
{ "type": "Feature", "properties": { "内容": "ケアステーションリバティ【訪問介護】神奈川県川崎市幸区南加瀬2－33－8", "url": "https://www.kaigokensaku.mhlw.go.jp/14/index.php?action_kouhyou_detail_004_kani=true&JigyosyoCd=1475102602-00&ServiceCd=110&Type=search", "url2": "https://liberty-kawasaki.jp" }, "geometry": { "type": "Point", "coordinates": [ 139.6606928, 35.546762 ] } },
{ "type": "Feature", "properties": { "内容": "ひまわり調剤薬局株式会社　ひまわりケアセンター訪問介護【訪問介護】神奈川県川崎市幸区大宮町6-4ＴＭビル4階", "url": "https://www.kaigokensaku.mhlw.go.jp/14/index.php?action_kouhyou_detail_004_kani=true&JigyosyoCd=1475100614-00&ServiceCd=110&Type=search", "url2": "https://himawari-kk.com/carecenter" }, "geometry": { "type": "Point", "coordinates": [ 139.693440799999962, 35.5312835 ] } },
{ "type": "Feature", "properties": { "内容": "介護サービス　双葉【訪問介護】神奈川県川崎市幸区小向町17-22", "url": "https://www.kaigokensaku.mhlw.go.jp/14/index.php?action_kouhyou_detail_004_kani=true&JigyosyoCd=1475101331-00&ServiceCd=110&Type=search", "url2": null }, "geometry": { "type": "Point", "coordinates": [ 139.695512300000019, 35.5470701 ] } },
{ "type": "Feature", "properties": { "内容": "ジャパウイン訪問介護ステーション　さいわい【訪問介護】神奈川県川崎市幸区河原町１番地河原町団地15号棟105号", "url": "https://www.kaigokensaku.mhlw.go.jp/14/index.php?action_kouhyou_detail_004_kani=true&JigyosyoCd=1475101596-00&ServiceCd=110&Type=search", "url2": "http://www.japawin.jp/" }, "geometry": { "type": "Point", "coordinates": [ 139.695464149819117, 35.542786511758401 ] } },
{ "type": "Feature", "properties": { "内容": "ＣａｒｅＶｉｓｔａ川崎【訪問介護】神奈川県川崎市幸区小向町15番13号", "url": "https://www.kaigokensaku.mhlw.go.jp/14/index.php?action_kouhyou_detail_004_kani=true&JigyosyoCd=1475101729-00&ServiceCd=110&Type=search", "url2": "http://www.carevista.jp/" }, "geometry": { "type": "Point", "coordinates": [ 139.696687698817556, 35.548085377257969 ] } },
{ "type": "Feature", "properties": { "内容": "訪問介護　ふれあい家族【訪問介護】神奈川県川崎市幸区柳町１５－２柳町フラット２０１", "url": "https://www.kaigokensaku.mhlw.go.jp/14/index.php?action_kouhyou_detail_004_kani=true&JigyosyoCd=1475102263-00&ServiceCd=110&Type=search", "url2": null }, "geometry": { "type": "Point", "coordinates": [ 139.688555100000031, 35.5312502 ] } },
{ "type": "Feature", "properties": { "内容": "ケアリッツ川崎幸【訪問介護】神奈川県川崎市幸区柳町39-20コーポ柳町1階", "url": "https://www.kaigokensaku.mhlw.go.jp/14/index.php?action_kouhyou_detail_004_kani=true&JigyosyoCd=1475102537-00&ServiceCd=110&Type=search", "url2": "https://www.careritz.co.jp/station/branch/kawasakisaiwai/" }, "geometry": { "type": "Point", "coordinates": [ 139.690082108598347, 35.530753406504509 ] } },
{ "type": "Feature", "properties": { "内容": "川崎市社会福祉協議会さいわい訪問介護支援事業所【訪問介護】神奈川県川崎市幸区戸手本町1-11-5", "url": "https://www.kaigokensaku.mhlw.go.jp/14/index.php?action_kouhyou_detail_004_kani=true&JigyosyoCd=1475100044-00&ServiceCd=110&Type=search", "url2": "http://www.csw-kawasaki.or.jp/" }, "geometry": { "type": "Point", "coordinates": [ 139.686802100000023, 35.5439289 ] } },
{ "type": "Feature", "properties": { "内容": "有限会社　ケア・ハウス　さいわい【訪問介護】神奈川県川崎市幸区塚越２－１５５すずやビル２０１", "url": "https://www.kaigokensaku.mhlw.go.jp/14/index.php?action_kouhyou_detail_004_kani=true&JigyosyoCd=1475100275-00&ServiceCd=110&Type=search", "url2": null }, "geometry": { "type": "Point", "coordinates": [ 139.678970006745914, 35.544585359324124 ] } },
{ "type": "Feature", "properties": { "内容": "幸ケアステーションそよ風【訪問介護】神奈川県川崎市幸区南加瀬5-18-12", "url": "https://www.kaigokensaku.mhlw.go.jp/14/index.php?action_kouhyou_detail_004_kani=true&JigyosyoCd=1475100309-00&ServiceCd=110&Type=search", "url2": null }, "geometry": { "type": "Point", "coordinates": [ 139.660120887241391, 35.539034593680505 ] } },
{ "type": "Feature", "properties": { "内容": "福祉クラブ生協幸Ｗ．Ｃｏあやとり【訪問介護】神奈川県川崎市幸区下平間214-1フロール川﨑下平間第2-101", "url": "https://www.kaigokensaku.mhlw.go.jp/14/index.php?action_kouhyou_detail_004_kani=true&JigyosyoCd=1475100333-00&ServiceCd=110&Type=search", "url2": null }, "geometry": { "type": "Point", "coordinates": [ 139.681589342120702, 35.550009057743594 ] } },
{ "type": "Feature", "properties": { "内容": "特定非営利活動法人たすけあいはなもも【訪問介護】神奈川県川崎市幸区塚越2－255－21コーポシャトレー１０１", "url": "https://www.kaigokensaku.mhlw.go.jp/14/index.php?action_kouhyou_detail_004_kani=true&JigyosyoCd=1475100390-00&ServiceCd=110&Type=search", "url2": null }, "geometry": { "type": "Point", "coordinates": [ 139.682551568747726, 35.543529206335599 ] } },
{ "type": "Feature", "properties": { "内容": "ハートケアサービス【訪問介護】神奈川県川崎市幸区南加瀬4－1－4", "url": "https://www.kaigokensaku.mhlw.go.jp/14/index.php?action_kouhyou_detail_004_kani=true&JigyosyoCd=1475100762-00&ServiceCd=110&Type=search", "url2": null }, "geometry": { "type": "Point", "coordinates": [ 139.659082200000057, 35.5507395 ] } },
{ "type": "Feature", "properties": { "内容": "ゆず訪問介護事業所【訪問介護】神奈川県川崎市幸区古市場１740-1サンハイツ105", "url": "https://www.kaigokensaku.mhlw.go.jp/14/index.php?action_kouhyou_detail_004_kani=true&JigyosyoCd=1475101042-00&ServiceCd=110&Type=search", "url2": null }, "geometry": { "type": "Point", "coordinates": [ 139.6859187, 35.5494225 ] } },
{ "type": "Feature", "properties": { "内容": "ラベンダーケア【訪問介護】神奈川県川崎市幸区北加瀬1-25-14", "url": "https://www.kaigokensaku.mhlw.go.jp/14/index.php?action_kouhyou_detail_004_kani=true&JigyosyoCd=1475101349-00&ServiceCd=110&Type=search", "url2": null }, "geometry": { "type": "Point", "coordinates": [ 139.669486799999959, 35.5501922 ] } },
{ "type": "Feature", "properties": { "内容": "いちごケア【訪問介護】神奈川県川崎市幸区東古市場119-5　鰐渕マンション101", "url": "https://www.kaigokensaku.mhlw.go.jp/14/index.php?action_kouhyou_detail_004_kani=true&JigyosyoCd=1475101364-00&ServiceCd=110&Type=search", "url2": "http://www.ichigo-care.com" }, "geometry": { "type": "Point", "coordinates": [ 139.685958352187612, 35.551172624214857 ] } },
{ "type": "Feature", "properties": { "内容": "しらかば訪問介護ステーション【訪問介護】神奈川県川崎市幸区塚越2丁目195番地パステルハイム33", "url": "https://www.kaigokensaku.mhlw.go.jp/14/index.php?action_kouhyou_detail_004_kani=true&JigyosyoCd=1475101760-00&ServiceCd=110&Type=search", "url2": "http://www.shira-kaba.com" }, "geometry": { "type": "Point", "coordinates": [ 139.681288699999982, 35.5455343 ] } },
{ "type": "Feature", "properties": { "内容": "ケアステーションきらら川崎小倉【訪問介護】神奈川県川崎市幸区小倉2-21-36住宅型有料老人ホーム内", "url": "https://www.kaigokensaku.mhlw.go.jp/14/index.php?action_kouhyou_detail_004_kani=true&JigyosyoCd=1475101794-00&ServiceCd=110&Type=search", "url2": null }, "geometry": { "type": "Point", "coordinates": [ 139.666301883110947, 35.54132304114858 ] } },
{ "type": "Feature", "properties": { "内容": "ティアラ訪問介護【訪問介護】神奈川県川崎市幸区下平間２５５番６号第一池谷ビル1F", "url": "https://www.kaigokensaku.mhlw.go.jp/14/index.php?action_kouhyou_detail_004_kani=true&JigyosyoCd=1475102024-00&ServiceCd=110&Type=search", "url2": null }, "geometry": { "type": "Point", "coordinates": [ 139.682216299999965, 35.5497087 ] } },
{ "type": "Feature", "properties": { "内容": "学研ココファン新川崎ヘルパーセンター【訪問介護】神奈川県川崎市幸区南加瀬2-14-30", "url": "https://www.kaigokensaku.mhlw.go.jp/14/index.php?action_kouhyou_detail_004_kani=true&JigyosyoCd=1475102073-00&ServiceCd=110&Type=search", "url2": "http://www.cocofump.co.jp/" }, "geometry": { "type": "Point", "coordinates": [ 139.663731900000016, 35.5483648 ] } },
{ "type": "Feature", "properties": { "内容": "すまいる【訪問介護】神奈川県川崎市幸区南加瀬3-4-3クアルト２０１", "url": "https://www.kaigokensaku.mhlw.go.jp/14/index.php?action_kouhyou_detail_004_kani=true&JigyosyoCd=1475102081-00&ServiceCd=110&Type=search", "url2": null }, "geometry": { "type": "Point", "coordinates": [ 139.664203760713235, 35.545219295968757 ] } },
{ "type": "Feature", "properties": { "内容": "SOMPOケア　川崎小倉　訪問介護【訪問介護】神奈川県川崎市幸区小倉5丁目31-11", "url": "https://www.kaigokensaku.mhlw.go.jp/14/index.php?action_kouhyou_detail_004_kani=true&JigyosyoCd=1475102198-00&ServiceCd=110&Type=search", "url2": "https://www.sompocare.com/" }, "geometry": { "type": "Point", "coordinates": [ 139.6623085, 35.5373809 ] } },
{ "type": "Feature", "properties": { "内容": "SOMPOケア　北加瀬　訪問介護【訪問介護】神奈川県川崎市幸区北加瀬3-18-18そんぽの家S北加瀬", "url": "https://www.kaigokensaku.mhlw.go.jp/14/index.php?action_kouhyou_detail_004_kani=true&JigyosyoCd=1475102206-00&ServiceCd=110&Type=search", "url2": null }, "geometry": { "type": "Point", "coordinates": [ 139.659843099999989, 35.5548026 ] } },
{ "type": "Feature", "properties": { "内容": "ケアサポート　アンスリール夢見ヶ崎【訪問介護】神奈川県川崎市幸区南加瀬2-16-1メゾンドラペ　夢見ヶ崎", "url": "https://www.kaigokensaku.mhlw.go.jp/14/index.php?action_kouhyou_detail_004_kani=true&JigyosyoCd=1475102404-00&ServiceCd=110&Type=search", "url2": null }, "geometry": { "type": "Point", "coordinates": [ 139.663537499999961, 35.5469502 ] } },
{ "type": "Feature", "properties": { "内容": "日吉やわらぎ【訪問介護】神奈川県川崎市幸区矢上15-8", "url": "https://www.kaigokensaku.mhlw.go.jp/14/index.php?action_kouhyou_detail_004_kani=true&JigyosyoCd=1475102487-00&ServiceCd=110&Type=search", "url2": "https://www.sunnylife-group.co.jp" }, "geometry": { "type": "Point", "coordinates": [ 139.6593985, 35.5543365 ] } },
{ "type": "Feature", "properties": { "内容": "ツクイ川崎幸【訪問介護】神奈川県川崎市幸区小倉5-5-57森本ビル1階", "url": "https://www.kaigokensaku.mhlw.go.jp/14/index.php?action_kouhyou_detail_004_kani=true&JigyosyoCd=1475102503-00&ServiceCd=110&Type=search", "url2": "https://www.tsukui.net/home-care/2231/" }, "geometry": { "type": "Point", "coordinates": [ 139.664837, 35.5396413 ] } },
{ "type": "Feature", "properties": { "内容": "ルアナケアサービス【訪問介護】神奈川県川崎市幸区下平間108-5ダイヤパレス鹿島田303", "url": "https://www.kaigokensaku.mhlw.go.jp/14/index.php?action_kouhyou_detail_004_kani=true&JigyosyoCd=1475102545-00&ServiceCd=110&Type=search", "url2": null }, "geometry": { "type": "Point", "coordinates": [ 139.680156875076648, 35.54119554455449 ] } },
{ "type": "Feature", "properties": { "内容": "SFケア訪問介護ステーション【訪問介護】神奈川県川崎市幸区古市場2-73-36", "url": "https://www.kaigokensaku.mhlw.go.jp/14/index.php?action_kouhyou_detail_004_kani=true&JigyosyoCd=1475102552-00&ServiceCd=110&Type=search", "url2": null }, "geometry": { "type": "Point", "coordinates": [ 139.68009679239043, 35.553895952805007 ] } },
{ "type": "Feature", "properties": { "内容": "川崎中部ヘルパーステーション【訪問介護】神奈川県川崎市幸区鹿島田1-7-24白栄ビル1F", "url": "https://www.kaigokensaku.mhlw.go.jp/14/index.php?action_kouhyou_detail_004_kani=true&JigyosyoCd=1475200448-00&ServiceCd=110&Type=search", "url2": "http://koureikyou-k.com/" }, "geometry": { "type": "Point", "coordinates": [ 139.673537882803316, 35.552212836078461 ] } },
{ "type": "Feature", "properties": { "内容": "セントケア中原幸【訪問介護】神奈川県川崎市幸区鹿島田1－18－19福禄ビルディング１F", "url": "https://www.kaigokensaku.mhlw.go.jp/14/index.php?action_kouhyou_detail_004_kani=true&JigyosyoCd=1475201461-00&ServiceCd=110&Type=search", "url2": "http://www.saintc-k.com/" }, "geometry": { "type": "Point", "coordinates": [ 139.67624089638673, 35.551213307811096 ] } },
{ "type": "Feature", "properties": { "内容": "アスマイル【訪問介護】神奈川県川崎市幸区塚越4-333-7サンパレス矢向　301", "url": "https://www.kaigokensaku.mhlw.go.jp/14/index.php?action_kouhyou_detail_004_kani=true&JigyosyoCd=1475102784-00&ServiceCd=110&Type=search", "url2": null }, "geometry": { "type": "Point", "coordinates": [ 139.681532335581977, 35.54012246507358 ] } },
{ "type": "Feature", "properties": { "内容": "生活リハビリクラブ幸【訪問介護】神奈川県川崎市幸区南幸町2-4-2ビクセル川崎101", "url": "https://www.kaigokensaku.mhlw.go.jp/14/index.php?action_kouhyou_detail_004_kani=true&JigyosyoCd=1475100028-00&ServiceCd=110&Type=search", "url2": "https://kanagawa.seikatsuclub.coop/service/rehabilitation/saiwai.html" }, "geometry": { "type": "Point", "coordinates": [ 139.691728223417584, 35.534358069889365 ] } },
{ "type": "Feature", "properties": { "内容": "フルライフ川崎【訪問介護】神奈川県川崎市幸区幸町2-593モリファーストビル3階B", "url": "https://www.kaigokensaku.mhlw.go.jp/14/index.php?action_kouhyou_detail_004_kani=true&JigyosyoCd=1475100218-00&ServiceCd=110&Type=search", "url2": "https://www.fulllife.co.jp" }, "geometry": { "type": "Point", "coordinates": [ 139.699007568183902, 35.537541955210514 ] } },
{ "type": "Feature", "properties": { "内容": "居宅介護支援　ハートフルコスモライフケア【訪問介護】神奈川県川崎市幸区小向町4-11", "url": "https://www.kaigokensaku.mhlw.go.jp/14/index.php?action_kouhyou_detail_004_kani=true&JigyosyoCd=1475100457-00&ServiceCd=110&Type=search", "url2": "http://www7b.biglobe.ne.jp/~iwa-heart-wara/" }, "geometry": { "type": "Point", "coordinates": [ 139.694604, 35.5490531 ] } },
{ "type": "Feature", "properties": { "内容": "さわやかケアさいわい・訪問介護【訪問介護】神奈川県川崎市幸区古市場２－１０３コア深沢１階", "url": "https://www.kaigokensaku.mhlw.go.jp/14/index.php?action_kouhyou_detail_004_kani=true&JigyosyoCd=1475100937-00&ServiceCd=110&Type=search", "url2": "https://www.welcia-partners.co.jp" }, "geometry": { "type": "Point", "coordinates": [ 139.6831885, 35.5539461 ] } },
{ "type": "Feature", "properties": { "内容": "アースサポート川崎幸【訪問介護】神奈川県川崎市幸区下平間177番地", "url": "https://www.kaigokensaku.mhlw.go.jp/14/index.php?action_kouhyou_detail_004_kani=true&JigyosyoCd=1475101273-00&ServiceCd=110&Type=search", "url2": "https://www.earthsupport.co.jp/" }, "geometry": { "type": "Point", "coordinates": [ 139.68011807425782, 35.548852647756519 ] } },
{ "type": "Feature", "properties": { "内容": "イ－ジスケア【訪問介護】神奈川県川崎市幸区南加瀬2-37-9", "url": "https://www.kaigokensaku.mhlw.go.jp/14/index.php?action_kouhyou_detail_004_kani=true&JigyosyoCd=1475101505-00&ServiceCd=110&Type=search", "url2": null }, "geometry": { "type": "Point", "coordinates": [ 139.660748900000044, 35.5455181 ] } },
{ "type": "Feature", "properties": { "内容": "けあビジョン幸【訪問介護】神奈川県川崎市幸区古市場二丁目98-19志賀コーポ202", "url": "https://www.kaigokensaku.mhlw.go.jp/14/index.php?action_kouhyou_detail_004_kani=true&JigyosyoCd=1475101935-00&ServiceCd=110&Type=search", "url2": null }, "geometry": { "type": "Point", "coordinates": [ 139.68283550000001, 35.554982899999985 ] } },
{ "type": "Feature", "properties": { "内容": "結さいわい【訪問介護】神奈川県川崎市幸区都町１６番地３－１０２", "url": "https://www.kaigokensaku.mhlw.go.jp/14/index.php?action_kouhyou_detail_004_kani=true&JigyosyoCd=1475102347-00&ServiceCd=110&Type=search", "url2": null }, "geometry": { "type": "Point", "coordinates": [ 139.691233301323336, 35.537831324408671 ] } },
{ "type": "Feature", "properties": { "内容": "ケアリッツ鹿島田【訪問介護】神奈川県川崎市幸区下平間134新川崎デントヒルズ2階", "url": "https://www.kaigokensaku.mhlw.go.jp/14/index.php?action_kouhyou_detail_004_kani=true&JigyosyoCd=1475102644-00&ServiceCd=110&Type=search", "url2": "https://www.careritz.co.jp/station/branch/kashimada/" }, "geometry": { "type": "Point", "coordinates": [ 139.676353905522546, 35.551367124083576 ] } },
{ "type": "Feature", "properties": { "内容": "ホームケア・紬【訪問介護】神奈川県川崎市幸区小倉2-32-27みどり荘　103号", "url": "https://www.kaigokensaku.mhlw.go.jp/14/index.php?action_kouhyou_detail_004_kani=true&JigyosyoCd=1475102651-00&ServiceCd=110&Type=search", "url2": null }, "geometry": { "type": "Point", "coordinates": [ 139.666195399999964, 35.5406111 ] } },
{ "type": "Feature", "properties": { "内容": "ゆきのケア【訪問介護】神奈川県川崎市幸区戸手本町1-123-12ドルフ5　203", "url": "https://www.kaigokensaku.mhlw.go.jp/14/index.php?action_kouhyou_detail_004_kani=true&JigyosyoCd=1475102685-00&ServiceCd=110&Type=search", "url2": null }, "geometry": { "type": "Point", "coordinates": [ 139.688213761971241, 35.541745360037524 ] } },
{ "type": "Feature", "properties": { "内容": "さわやかケア川崎・訪問介護【訪問介護】神奈川県川崎市幸区柳町７－２丸登三ビル１階", "url": "https://www.kaigokensaku.mhlw.go.jp/14/index.php?action_kouhyou_detail_004_kani=true&JigyosyoCd=1475100929-00&ServiceCd=110&Type=search", "url2": "https://www.welcia-partners.co.jp/" }, "geometry": { "type": "Point", "coordinates": [ 139.687491300000033, 35.5314086 ] } },
{ "type": "Feature", "properties": { "内容": "ニチイケアセンター南幸町【訪問介護】神奈川県川崎市幸区南幸町3-51メゾン３４　１Ｆ", "url": "https://www.kaigokensaku.mhlw.go.jp/14/index.php?action_kouhyou_detail_004_kani=true&JigyosyoCd=1475101240-00&ServiceCd=110&Type=search", "url2": "https://www.nichii-kaigo.jp/base/base-result/05q24/" }, "geometry": { "type": "Point", "coordinates": [ 139.687419099999943, 35.5321557 ] } },
{ "type": "Feature", "properties": { "内容": "訪問介護ステーションつなぐ【訪問介護】神奈川県川崎市幸区南加瀬3-3-36富士グランデ102", "url": "https://www.kaigokensaku.mhlw.go.jp/14/index.php?action_kouhyou_detail_004_kani=true&JigyosyoCd=1475102628-00&ServiceCd=110&Type=search", "url2": null }, "geometry": { "type": "Point", "coordinates": [ 139.666075799999987, 35.5451933 ] } },
{ "type": "Feature", "properties": { "内容": "ケアリッツ矢向【訪問介護】神奈川県川崎市幸区塚越3-380-16コトブキハウス1A", "url": "https://www.kaigokensaku.mhlw.go.jp/14/index.php?action_kouhyou_detail_004_kani=true&JigyosyoCd=1475102842-00&ServiceCd=110&Type=search", "url2": "https://www.careritz.co.jp/station/branch/yako/" }, "geometry": { "type": "Point", "coordinates": [ 139.678265571163934, 35.540752095964358 ] } },
{ "type": "Feature", "properties": { "内容": "ここわ訪問介護ステーション【訪問介護】神奈川県川崎市幸区塚越２丁目２５４番地３", "url": "https://www.kaigokensaku.mhlw.go.jp/14/index.php?action_kouhyou_detail_004_kani=true&JigyosyoCd=1475102594-00&ServiceCd=110&Type=search", "url2": "https://www.big-advance.site/c/157/2617/profile" }, "geometry": { "type": "Point", "coordinates": [ 139.682264230966211, 35.543898373305389 ] } },
{ "type": "Feature", "properties": { "内容": "コネクト訪問介護ステーション【訪問介護】神奈川県川崎市幸区南幸町２丁目４０番地７スリーエスビル302", "url": "https://www.kaigokensaku.mhlw.go.jp/14/index.php?action_kouhyou_detail_004_kani=true&JigyosyoCd=1475102867-00&ServiceCd=110&Type=search", "url2": null }, "geometry": { "type": "Point", "coordinates": [ 139.690164900000013, 35.5347011 ] } },
{ "type": "Feature", "properties": { "内容": "学研ココファン川崎加瀬ヘルパーセンター【訪問介護】神奈川県川崎市幸区南加瀬3-6-1", "url": "https://www.kaigokensaku.mhlw.go.jp/14/index.php?action_kouhyou_detail_004_kani=true&JigyosyoCd=1475102875-00&ServiceCd=110&Type=search", "url2": "https://www.cocofump.co.jp/facilities/kawasakikase/" }, "geometry": { "type": "Point", "coordinates": [ 139.663882100000023, 35.545145900000023 ] } },
{ "type": "Feature", "properties": { "内容": "KIRAKU堂【訪問介護】神奈川県川崎市中原区上小田中6-43-10ポケッツ102", "url": "https://www.kaigokensaku.mhlw.go.jp/14/index.php?action_kouhyou_detail_004_kani=true&JigyosyoCd=1475202675-00&ServiceCd=110&Type=search", "url2": "http://kiraku-do.com/wp/" }, "geometry": { "type": "Point", "coordinates": [ 139.642879200000039, 35.5840226 ] } },
{ "type": "Feature", "properties": { "内容": "ナシラ訪問介護【訪問介護】神奈川県川崎市中原区木月3-22-7千代コーポ101号", "url": "https://www.kaigokensaku.mhlw.go.jp/14/index.php?action_kouhyou_detail_004_kani=true&JigyosyoCd=1475203400-00&ServiceCd=110&Type=search", "url2": "https://megurase-nashira.studio.site/" }, "geometry": { "type": "Point", "coordinates": [ 139.652375499999977, 35.5636009 ] } },
{ "type": "Feature", "properties": { "内容": "おーえす・ヘルパーステーション・【訪問介護】神奈川県川崎市中原区今井南町5‐33パレスイトウ102", "url": "https://www.kaigokensaku.mhlw.go.jp/14/index.php?action_kouhyou_detail_004_kani=true&JigyosyoCd=1475203418-00&ServiceCd=110&Type=search", "url2": "https://www.os-helperstation.jp" }, "geometry": { "type": "Point", "coordinates": [ 139.65301997301637, 35.574096826447914 ] } },
{ "type": "Feature", "properties": { "内容": "介護クラーク武蔵中原【訪問介護】神奈川県川崎市中原区下小田中6-7-27", "url": "https://www.kaigokensaku.mhlw.go.jp/14/index.php?action_kouhyou_detail_004_kani=true&JigyosyoCd=1475203426-00&ServiceCd=110&Type=search", "url2": "https://cuc-hospice.com" }, "geometry": { "type": "Point", "coordinates": [ 139.6366349, 35.5740932 ] } },
{ "type": "Feature", "properties": { "内容": "S-LIFE【訪問介護】神奈川県川崎市中原区木月1丁目35-7元住吉GSビル301", "url": "https://www.kaigokensaku.mhlw.go.jp/14/index.php?action_kouhyou_detail_004_kani=true&JigyosyoCd=1475003768-00&ServiceCd=110&Type=search", "url2": "https://sbs-life.com/" }, "geometry": { "type": "Point", "coordinates": [ 139.653536152289348, 35.564828205744313 ] } },
{ "type": "Feature", "properties": { "内容": "アースサポート川崎【訪問介護】神奈川県川崎市中原区新丸子町761番地5号", "url": "https://www.kaigokensaku.mhlw.go.jp/14/index.php?action_kouhyou_detail_004_kani=true&JigyosyoCd=1475200018-00&ServiceCd=110&Type=search", "url2": "https://www.earthsupport.co.jp/" }, "geometry": { "type": "Point", "coordinates": [ 139.660169194442688, 35.579620093265056 ] } },
{ "type": "Feature", "properties": { "内容": "株式会社　中央防災技研　クリンライフケア事業部川崎事業所【訪問介護】神奈川県川崎市中原区新城５－９－５加藤ビル１階", "url": "https://www.kaigokensaku.mhlw.go.jp/14/index.php?action_kouhyou_detail_004_kani=true&JigyosyoCd=1475200133-00&ServiceCd=110&Type=search", "url2": "https://chuobousai.com/" }, "geometry": { "type": "Point", "coordinates": [ 139.628719300000057, 35.5870917 ] } },
{ "type": "Feature", "properties": { "内容": "ヘルパーステーション　たんぽぽ【訪問介護】神奈川県川崎市中原区小杉町3-428小杉山協ビル405", "url": "https://www.kaigokensaku.mhlw.go.jp/14/index.php?action_kouhyou_detail_004_kani=true&JigyosyoCd=1475200240-00&ServiceCd=110&Type=search", "url2": "http://www.helper-tanpopo.jp/" }, "geometry": { "type": "Point", "coordinates": [ 139.658528400000023, 35.5751824 ] } },
{ "type": "Feature", "properties": { "内容": "株式会社　エスティサービス　川崎営業所【訪問介護】神奈川県川崎市中原区上小田中５－１２－２０", "url": "https://www.kaigokensaku.mhlw.go.jp/14/index.php?action_kouhyou_detail_004_kani=true&JigyosyoCd=1475200588-00&ServiceCd=110&Type=search", "url2": "http://www.st-service.co.jp/" }, "geometry": { "type": "Point", "coordinates": [ 139.6342634, 35.583695 ] } },
{ "type": "Feature", "properties": { "内容": "アイポケット【訪問介護】神奈川県川崎市中原区上小田中３－２３－１美春ビル101・102", "url": "https://www.kaigokensaku.mhlw.go.jp/14/index.php?action_kouhyou_detail_004_kani=true&JigyosyoCd=1475200778-00&ServiceCd=110&Type=search", "url2": "http://ipoket-kaigo.com/" }, "geometry": { "type": "Point", "coordinates": [ 139.632855100000029, 35.586116800000021 ] } },
{ "type": "Feature", "properties": { "内容": "ホームヘルプサービス　ソラスト武蔵小杉【訪問介護】神奈川県川崎市中原区新城5-10-6新堀ギタービル新城202号室", "url": "https://www.kaigokensaku.mhlw.go.jp/14/index.php?action_kouhyou_detail_004_kani=true&JigyosyoCd=1475200836-00&ServiceCd=110&Type=search", "url2": "https://solasto-kaigo.com/care/area/solastomusashikosugi.html" }, "geometry": { "type": "Point", "coordinates": [ 139.655195100000043, 35.5782874 ] } },
{ "type": "Feature", "properties": { "内容": "メロウクラブ訪問介護事業所【訪問介護】神奈川県川崎市中原区中丸子３４１ファミリエ川崎中丸子１０１", "url": "https://www.kaigokensaku.mhlw.go.jp/14/index.php?action_kouhyou_detail_004_kani=true&JigyosyoCd=1475200877-00&ServiceCd=110&Type=search", "url2": "http://mellow-club.jp" }, "geometry": { "type": "Point", "coordinates": [ 139.668823526499438, 35.568148015788154 ] } },
{ "type": "Feature", "properties": { "内容": "東京海上日動みずたま介護ＳＴ元住吉【訪問介護】神奈川県川崎市中原区木月２－２－３メゾンミール元住吉101号", "url": "https://www.kaigokensaku.mhlw.go.jp/14/index.php?action_kouhyou_detail_004_kani=true&JigyosyoCd=1475201016-00&ServiceCd=110&Type=search", "url2": "https://www.tnbls.co.jp/mizutama/stations/motosumiyoshi/" }, "geometry": { "type": "Point", "coordinates": [ 139.655283460374903, 35.565626612749035 ] } },
{ "type": "Feature", "properties": { "内容": "特定非営利活動法人　ワーカーズ・コレクティブ　ぱんじぃ【訪問介護】神奈川県川崎市中原区木月３－５－３２ホワイトパレス２０２", "url": "https://www.kaigokensaku.mhlw.go.jp/14/index.php?action_kouhyou_detail_004_kani=true&JigyosyoCd=1475201180-00&ServiceCd=110&Type=search", "url2": "http://www.wco-pansy.com" }, "geometry": { "type": "Point", "coordinates": [ 139.650297264140363, 35.56619513574492 ] } },
{ "type": "Feature", "properties": { "内容": "合同会社ひまわり【訪問介護】神奈川県川崎市中原区新城３－10-5", "url": "https://www.kaigokensaku.mhlw.go.jp/14/index.php?action_kouhyou_detail_004_kani=true&JigyosyoCd=1475201503-00&ServiceCd=110&Type=search", "url2": null }, "geometry": { "type": "Point", "coordinates": [ 139.630394300000034, 35.5850809 ] } },
{ "type": "Feature", "properties": { "内容": "フルライフ中原【訪問介護】神奈川県川崎市中原区丸子通1-627-8トーシンビル", "url": "https://www.kaigokensaku.mhlw.go.jp/14/index.php?action_kouhyou_detail_004_kani=true&JigyosyoCd=1475202048-00&ServiceCd=110&Type=search", "url2": "https://www.fulllife.co.jp" }, "geometry": { "type": "Point", "coordinates": [ 139.665312214425143, 35.581512280070839 ] } },
{ "type": "Feature", "properties": { "内容": "しんまるこ介護サービス【訪問介護】神奈川県川崎市中原区丸子通２－６８２ジャルダンプラザ１０２", "url": "https://www.kaigokensaku.mhlw.go.jp/14/index.php?action_kouhyou_detail_004_kani=true&JigyosyoCd=1475202055-00&ServiceCd=110&Type=search", "url2": null }, "geometry": { "type": "Point", "coordinates": [ 139.661675444873907, 35.582721052610367 ] } },
{ "type": "Feature", "properties": { "内容": "さわやかケア元住吉・訪問介護【訪問介護】神奈川県川崎市中原区木月伊勢町4-16アクアハイム205", "url": "https://www.kaigokensaku.mhlw.go.jp/14/index.php?action_kouhyou_detail_004_kani=true&JigyosyoCd=1475202105-00&ServiceCd=110&Type=search", "url2": "https://www.welcia-partners.co.jp/office/kanagawa/moto-sumiyoshi/" }, "geometry": { "type": "Point", "coordinates": [ 139.654245327226562, 35.568139188982727 ] } },
{ "type": "Feature", "properties": { "内容": "SOMPOケア元住吉西　訪問介護【訪問介護】神奈川県川崎市中原区井田2丁目34-22", "url": "https://www.kaigokensaku.mhlw.go.jp/14/index.php?action_kouhyou_detail_004_kani=true&JigyosyoCd=1475202741-00&ServiceCd=110&Type=search", "url2": null }, "geometry": { "type": "Point", "coordinates": [ 139.640165614016723, 35.562750853855185 ] } },
{ "type": "Feature", "properties": { "内容": "訪問介護かえで中原サービスセンター【訪問介護】神奈川県川崎市中原区丸子通1-636-4朝日多摩川マンション207号", "url": "https://www.kaigokensaku.mhlw.go.jp/14/index.php?action_kouhyou_detail_004_kani=true&JigyosyoCd=1475202873-00&ServiceCd=110&Type=search", "url2": "http://www.elderly.jp/" }, "geometry": { "type": "Point", "coordinates": [ 139.663669, 35.5817451 ] } },
{ "type": "Feature", "properties": { "内容": "訪問介護　はる【訪問介護】神奈川県川崎市中原区下小田中6-22-10武蔵中原パークホームズ　110号", "url": "https://www.kaigokensaku.mhlw.go.jp/14/index.php?action_kouhyou_detail_004_kani=true&JigyosyoCd=1475202915-00&ServiceCd=110&Type=search", "url2": "https://www.sunnysmile.co.jp" }, "geometry": { "type": "Point", "coordinates": [ 139.635525699999988, 35.5713997 ] } },
{ "type": "Feature", "properties": { "内容": "グランダ武蔵小杉ケアステーション【訪問介護】神奈川県川崎市中原区市ノ坪373-5", "url": "https://www.kaigokensaku.mhlw.go.jp/14/index.php?action_kouhyou_detail_004_kani=true&JigyosyoCd=1475203038-00&ServiceCd=110&Type=search", "url2": null }, "geometry": { "type": "Point", "coordinates": [ 139.6627428, 35.567703 ] } },
{ "type": "Feature", "properties": { "内容": "ツクイ川崎中原【訪問介護】神奈川県川崎市中原区木月2-8-5MKビル1階B", "url": "https://www.kaigokensaku.mhlw.go.jp/14/index.php?action_kouhyou_detail_004_kani=true&JigyosyoCd=1475203061-00&ServiceCd=110&Type=search", "url2": "https://www.tsukui.net/home-care/2042" }, "geometry": { "type": "Point", "coordinates": [ 139.654859, 35.5644245 ] } },
{ "type": "Feature", "properties": { "内容": "訪問介護ＳＯＲＴＥ【訪問介護】神奈川県川崎市中原区新城3丁目１５番１３号市橋ハイツ１０２号室", "url": "https://www.kaigokensaku.mhlw.go.jp/14/index.php?action_kouhyou_detail_004_kani=true&JigyosyoCd=1475203079-00&ServiceCd=110&Type=search", "url2": null }, "geometry": { "type": "Point", "coordinates": [ 139.6298655, 35.5840487 ] } },
{ "type": "Feature", "properties": { "内容": "ヘルパーステーションはな平間【訪問介護】神奈川県川崎市中原区北谷町693堀内第二ビル201", "url": "https://www.kaigokensaku.mhlw.go.jp/14/index.php?action_kouhyou_detail_004_kani=true&JigyosyoCd=1475203137-00&ServiceCd=110&Type=search", "url2": "https://hanahirama.com" }, "geometry": { "type": "Point", "coordinates": [ 139.670059213491811, 35.563976497681971 ] } },
{ "type": "Feature", "properties": { "内容": "ケアセンターカノア【訪問介護】神奈川県川崎市中原区井田１－７－３０", "url": "https://www.kaigokensaku.mhlw.go.jp/14/index.php?action_kouhyou_detail_004_kani=true&JigyosyoCd=1475203244-00&ServiceCd=110&Type=search", "url2": "https://www.kanoa-care.co.jp/" }, "geometry": { "type": "Point", "coordinates": [ 139.6482182, 35.5605906 ] } },
{ "type": "Feature", "properties": { "内容": "ミモザヘルパーステーション川崎平間【訪問介護】神奈川県川崎市中原区田尻町64-1平間シティハウス204号", "url": "https://www.kaigokensaku.mhlw.go.jp/14/index.php?action_kouhyou_detail_004_kani=true&JigyosyoCd=1475203277-00&ServiceCd=110&Type=search", "url2": "https://mimoza-care.com/facility/home-visit-care/post-4713/" }, "geometry": { "type": "Point", "coordinates": [ 139.671763150926182, 35.559777715374111 ] } },
{ "type": "Feature", "properties": { "内容": "ふぃーるけあ【訪問介護】神奈川県川崎市中原区井田1-13-48青山コーポ102", "url": "https://www.kaigokensaku.mhlw.go.jp/14/index.php?action_kouhyou_detail_004_kani=true&JigyosyoCd=1475203350-00&ServiceCd=110&Type=search", "url2": null }, "geometry": { "type": "Point", "coordinates": [ 139.645580174205008, 35.562365768902524 ] } },
{ "type": "Feature", "properties": { "内容": "川崎市社会福祉協議会なかはら訪問介護支援事業所【訪問介護】神奈川県川崎市中原区今井上町1-34和田ビル1階", "url": "https://www.kaigokensaku.mhlw.go.jp/14/index.php?action_kouhyou_detail_004_kani=true&JigyosyoCd=1475200042-00&ServiceCd=110&Type=search", "url2": "http://www.csw-kawasaki.or.jp/" }, "geometry": { "type": "Point", "coordinates": [ 139.65345558769684, 35.576931272213194 ] } },
{ "type": "Feature", "properties": { "内容": "ニチイケアセンター武蔵小杉【訪問介護】神奈川県川崎市中原区小杉町1-403-9武蔵小杉STMビル5階", "url": "https://www.kaigokensaku.mhlw.go.jp/14/index.php?action_kouhyou_detail_004_kani=true&JigyosyoCd=1475200349-00&ServiceCd=110&Type=search", "url2": "https://www.nichiigakkan.co.jp/" }, "geometry": { "type": "Point", "coordinates": [ 139.659417499861064, 35.577541974542875 ] } },
{ "type": "Feature", "properties": { "内容": "テレサ介護サービス【訪問介護】神奈川県川崎市中原区上丸子八幡町796-4テレサケアホーム新丸子", "url": "https://www.kaigokensaku.mhlw.go.jp/14/index.php?action_kouhyou_detail_004_kani=true&JigyosyoCd=1475200356-00&ServiceCd=110&Type=search", "url2": "https://www.teresa.in-the-ocean.com" }, "geometry": { "type": "Point", "coordinates": [ 139.66473900674589, 35.581001611458497 ] } },
{ "type": "Feature", "properties": { "内容": "川崎地域福祉事業所TACK【訪問介護】神奈川県川崎市中原区宮内２－１５－１５", "url": "https://www.kaigokensaku.mhlw.go.jp/14/index.php?action_kouhyou_detail_004_kani=true&JigyosyoCd=1475200687-00&ServiceCd=110&Type=search", "url2": null }, "geometry": { "type": "Point", "coordinates": [ 139.639465100000052, 35.5908715 ] } },
{ "type": "Feature", "properties": { "内容": "ホッとスペース中原【訪問介護】神奈川県川崎市中原区下小田中1-19-21", "url": "https://www.kaigokensaku.mhlw.go.jp/14/index.php?action_kouhyou_detail_004_kani=true&JigyosyoCd=1475201743-00&ServiceCd=110&Type=search", "url2": "http://hotspacenakahara.org/service/elderly_support/attendant_service/" }, "geometry": { "type": "Point", "coordinates": [ 139.637411724259891, 35.579685004607484 ] } },
{ "type": "Feature", "properties": { "内容": "ケアリッツ武蔵小杉【訪問介護】神奈川県川崎市中原区新丸子東2-925オグチビル1階", "url": "https://www.kaigokensaku.mhlw.go.jp/14/index.php?action_kouhyou_detail_004_kani=true&JigyosyoCd=1475202501-00&ServiceCd=110&Type=search", "url2": "https://www.careritz.co.jp/station/branch/musashikosugi/" }, "geometry": { "type": "Point", "coordinates": [ 139.662030409891116, 35.576856353925635 ] } },
{ "type": "Feature", "properties": { "内容": "ボンセジュール武蔵小杉ケアステーション【訪問介護】神奈川県川崎市中原区下小田中二丁目37番1号", "url": "https://www.kaigokensaku.mhlw.go.jp/14/index.php?action_kouhyou_detail_004_kani=true&JigyosyoCd=1475202519-00&ServiceCd=110&Type=search", "url2": "https://www.benesse-style-care.co.jp/" }, "geometry": { "type": "Point", "coordinates": [ 139.635293600000068, 35.5877804 ] } },
{ "type": "Feature", "properties": { "内容": "訪問介護　あんず【訪問介護】神奈川県川崎市中原区田尻町60サンハイム104", "url": "https://www.kaigokensaku.mhlw.go.jp/14/index.php?action_kouhyou_detail_004_kani=true&JigyosyoCd=1475202774-00&ServiceCd=110&Type=search", "url2": "https://www.preciouslife-anzu.com/" }, "geometry": { "type": "Point", "coordinates": [ 139.672226068088094, 35.559665827302808 ] } },
{ "type": "Feature", "properties": { "内容": "アルプスケアハート武蔵新城【訪問介護】神奈川県川崎市中原区上小田中1-39-10セントラルハイツ103", "url": "https://www.kaigokensaku.mhlw.go.jp/14/index.php?action_kouhyou_detail_004_kani=true&JigyosyoCd=1475203343-00&ServiceCd=110&Type=search", "url2": "https://www.alpscareheart.co.jp/service/" }, "geometry": { "type": "Point", "coordinates": [ 139.627658700000012, 35.5941049 ] } },
{ "type": "Feature", "properties": { "内容": "訪問介護事業所ココロケア【訪問介護】神奈川県川崎市中原区上新城２－３－７ムサシ新城ビル５０３", "url": "https://www.kaigokensaku.mhlw.go.jp/14/index.php?action_kouhyou_detail_004_kani=true&JigyosyoCd=1475203376-00&ServiceCd=110&Type=search", "url2": "https://kokoro-care.jp/service/" }, "geometry": { "type": "Point", "coordinates": [ 139.6317565, 35.5867429 ] } },
{ "type": "Feature", "properties": { "内容": "アルプスケアハート元住吉【訪問介護】神奈川県川崎市中原区木月住吉町13-23関口ハイムもとすみ207", "url": "https://www.kaigokensaku.mhlw.go.jp/14/index.php?action_kouhyou_detail_004_kani=true&JigyosyoCd=1475203285-00&ServiceCd=110&Type=search", "url2": "https://www.alpscareheart.co.jp/corporate/" }, "geometry": { "type": "Point", "coordinates": [ 139.656966899999986, 35.564519400000023 ] } },
{ "type": "Feature", "properties": { "内容": "みつば訪問介護元住吉【訪問介護】神奈川県川崎市中原区木月2-7-6", "url": "https://www.kaigokensaku.mhlw.go.jp/14/index.php?action_kouhyou_detail_004_kani=true&JigyosyoCd=1475203392-00&ServiceCd=110&Type=search", "url2": "https://bestcare-partners.co.jp/" }, "geometry": { "type": "Point", "coordinates": [ 139.655702, 35.5643989 ] } },
{ "type": "Feature", "properties": { "内容": "Hometown【訪問介護】神奈川県川崎市中原区井田杉山町１２－２０セレーナ元住吉２０３号", "url": "https://www.kaigokensaku.mhlw.go.jp/14/index.php?action_kouhyou_detail_004_kani=true&JigyosyoCd=1475201800-00&ServiceCd=110&Type=search", "url2": "http://www.anjunosato.jp/relation.html" }, "geometry": { "type": "Point", "coordinates": [ 139.643369099999973, 35.5701111 ] } },
{ "type": "Feature", "properties": { "内容": "ベネッセ介護センター武蔵中原【訪問介護】神奈川県川崎市中原区下小田中2-18-7第3都ビル102号室", "url": "https://www.kaigokensaku.mhlw.go.jp/14/index.php?action_kouhyou_detail_004_kani=true&JigyosyoCd=1475203475-00&ServiceCd=110&Type=search", "url2": "https://www.benesse-style-care.co.jp/" }, "geometry": { "type": "Point", "coordinates": [ 139.6442764, 35.5790689 ] } },
{ "type": "Feature", "properties": { "内容": "訪問介護Ａｑｕａ溝の口【訪問介護】神奈川県川崎市高津区久地一丁目１９－２０ハイツすみれ1階", "url": "https://www.kaigokensaku.mhlw.go.jp/14/index.php?action_kouhyou_detail_004_kani=true&JigyosyoCd=1475303507-00&ServiceCd=110&Type=search", "url2": "https://aqua-andante.com/" }, "geometry": { "type": "Point", "coordinates": [ 139.607368199999968, 35.6076558 ] } },
{ "type": "Feature", "properties": { "内容": "グッドフィールサービス絆【訪問介護】神奈川県川崎市高津区久地1-19-1コーポ高津Ⅲ101", "url": "https://www.kaigokensaku.mhlw.go.jp/14/index.php?action_kouhyou_detail_004_kani=true&JigyosyoCd=1475303523-00&ServiceCd=110&Type=search", "url2": "http://hp.kaipoke.biz/h9d/" }, "geometry": { "type": "Point", "coordinates": [ 139.606172500000014, 35.6078627 ] } },
{ "type": "Feature", "properties": { "内容": "土屋訪問介護事業所川崎溝の口センター【訪問介護】神奈川県川崎市高津区久地一丁目２６番１０ヒルトップムラタ　101号室", "url": "https://www.kaigokensaku.mhlw.go.jp/14/index.php?action_kouhyou_detail_004_kani=true&JigyosyoCd=1475303531-00&ServiceCd=110&Type=search", "url2": null }, "geometry": { "type": "Point", "coordinates": [ 139.6054795, 35.6053217 ] } },
{ "type": "Feature", "properties": { "内容": "ケアサポート成活【訪問介護】神奈川県川崎市高津区久末８４番地１０", "url": "https://www.kaigokensaku.mhlw.go.jp/14/index.php?action_kouhyou_detail_004_kani=true&JigyosyoCd=1475303572-00&ServiceCd=110&Type=search", "url2": null }, "geometry": { "type": "Point", "coordinates": [ 139.615800662277138, 35.567487083140016 ] } },
{ "type": "Feature", "properties": { "内容": "ホワイト【訪問介護】神奈川県川崎市高津区子母口２１２番地１ホワイトパレス　202号", "url": "https://www.kaigokensaku.mhlw.go.jp/14/index.php?action_kouhyou_detail_004_kani=true&JigyosyoCd=1475502702-00&ServiceCd=110&Type=search", "url2": null }, "geometry": { "type": "Point", "coordinates": [ 139.628900799999968, 35.5734127 ] } },
{ "type": "Feature", "properties": { "内容": "住吉ヘルパーステーション【訪問介護】神奈川県川崎市高津区子母口879-8テラス子母口１－Ｄ", "url": "https://www.kaigokensaku.mhlw.go.jp/14/index.php?action_kouhyou_detail_004_kani=true&JigyosyoCd=1475201669-00&ServiceCd=110&Type=search", "url2": "http://www.sumiyoshi-helperstation.jp/" }, "geometry": { "type": "Point", "coordinates": [ 139.628600934963089, 35.570177625272663 ] } },
{ "type": "Feature", "properties": { "内容": "三和介護ステーション【訪問介護】神奈川県川崎市高津区子母口456-3-301号第二三和ビル301号", "url": "https://www.kaigokensaku.mhlw.go.jp/14/index.php?action_kouhyou_detail_004_kani=true&JigyosyoCd=1475203202-00&ServiceCd=110&Type=search", "url2": "https://www.sanwa.30.co.jp" }, "geometry": { "type": "Point", "coordinates": [ 139.630789203421216, 35.574512426526411 ] } },
{ "type": "Feature", "properties": { "内容": "川崎市社会福祉協議会たかつ訪問介護支援事業所【訪問介護】神奈川県川崎市高津区久本3-1-26エムビルディング1階", "url": "https://www.kaigokensaku.mhlw.go.jp/14/index.php?action_kouhyou_detail_004_kani=true&JigyosyoCd=1475300057-00&ServiceCd=110&Type=search", "url2": "http://www.csw-kawasaki.or.jp" }, "geometry": { "type": "Point", "coordinates": [ 139.613198199999943, 35.5978152 ] } },
{ "type": "Feature", "properties": { "内容": "ニチイケアセンター溝の口【訪問介護】神奈川県川崎市高津区上作延1-18-38", "url": "https://www.kaigokensaku.mhlw.go.jp/14/index.php?action_kouhyou_detail_004_kani=true&JigyosyoCd=1475300156-00&ServiceCd=110&Type=search", "url2": "http://www.nichiigakkan.co.jp" }, "geometry": { "type": "Point", "coordinates": [ 139.596379899999988, 35.5995592 ] } },
{ "type": "Feature", "properties": { "内容": "福祉クラブ生協　高津ほほえみ【訪問介護】神奈川県川崎市高津区下作延2-13-24たつみ荘2号室", "url": "https://www.kaigokensaku.mhlw.go.jp/14/index.php?action_kouhyou_detail_004_kani=true&JigyosyoCd=1475300388-00&ServiceCd=110&Type=search", "url2": "http://wco-hohoemi.com" }, "geometry": { "type": "Point", "coordinates": [ 139.60741280000002, 35.5984763 ] } },
{ "type": "Feature", "properties": { "内容": "たまヘルパーステーション・虹【訪問介護】神奈川県川崎市高津区久地4丁目19-8　3F久地診療所　3階", "url": "https://www.kaigokensaku.mhlw.go.jp/14/index.php?action_kouhyou_detail_004_kani=true&JigyosyoCd=1475300438-00&ServiceCd=110&Type=search", "url2": "http://www.kai-go.org/" }, "geometry": { "type": "Point", "coordinates": [ 139.593807997483822, 35.608930462122757 ] } },
{ "type": "Feature", "properties": { "内容": "生活協同組合パルシステム神奈川ぬくもり川崎【訪問介護】神奈川県川崎市高津区子母口274-1セントラルハイツ102号", "url": "https://www.kaigokensaku.mhlw.go.jp/14/index.php?action_kouhyou_detail_004_kani=true&JigyosyoCd=1475300453-00&ServiceCd=110&Type=search", "url2": "https://nukumori.palsystem-kanagawa.coop/area/" }, "geometry": { "type": "Point", "coordinates": [ 139.6297313, 35.571985800000022 ] } },
{ "type": "Feature", "properties": { "内容": "有限会社アズサケアサービス【訪問介護】神奈川県川崎市高津区諏訪1-8-3", "url": "https://www.kaigokensaku.mhlw.go.jp/14/index.php?action_kouhyou_detail_004_kani=true&JigyosyoCd=1475300552-00&ServiceCd=110&Type=search", "url2": "http://www.azusa-care.jp/" }, "geometry": { "type": "Point", "coordinates": [ 139.623121748270165, 35.606226940132075 ] } },
{ "type": "Feature", "properties": { "内容": "東京海上日動みずたま介護ＳＴ溝の口【訪問介護】神奈川県川崎市高津区溝口１－２２－１８溝の口三富ビル２階", "url": "https://www.kaigokensaku.mhlw.go.jp/14/index.php?action_kouhyou_detail_004_kani=true&JigyosyoCd=1475300917-00&ServiceCd=110&Type=search", "url2": "https://www.tnbls.co.jp/mizutama/stations/mizonokuchi/" }, "geometry": { "type": "Point", "coordinates": [ 139.617025399999989, 35.5993483 ] } },
{ "type": "Feature", "properties": { "内容": "オレンジケアセンター【訪問介護】神奈川県川崎市高津区向ヶ丘111-3", "url": "https://www.kaigokensaku.mhlw.go.jp/14/index.php?action_kouhyou_detail_004_kani=true&JigyosyoCd=1475300958-00&ServiceCd=110&Type=search", "url2": null }, "geometry": { "type": "Point", "coordinates": [ 139.593350800000053, 35.5945879 ] } },
{ "type": "Feature", "properties": { "内容": "訪問介護たすけあいだんだん【訪問介護】神奈川県川崎市高津区下作延２－２０－２コーポ窪倉２０２", "url": "https://www.kaigokensaku.mhlw.go.jp/14/index.php?action_kouhyou_detail_004_kani=true&JigyosyoCd=1475301659-00&ServiceCd=110&Type=search", "url2": null }, "geometry": { "type": "Point", "coordinates": [ 139.608173310092525, 35.5979046249373 ] } },
{ "type": "Feature", "properties": { "内容": "アースサポート川崎高津【訪問介護】神奈川県川崎市高津区下作延5丁目6番3号シャトルM　101号室", "url": "https://www.kaigokensaku.mhlw.go.jp/14/index.php?action_kouhyou_detail_004_kani=true&JigyosyoCd=1475301725-00&ServiceCd=110&Type=search", "url2": "https://www.earthsupport.co.jp/offices/kawasakitakatsu" }, "geometry": { "type": "Point", "coordinates": [ 139.601257799999985, 35.600151 ] } },
{ "type": "Feature", "properties": { "内容": "ヘルスユニネット梶ケ谷【訪問介護】神奈川県川崎市高津区新作1-21-16", "url": "https://www.kaigokensaku.mhlw.go.jp/14/index.php?action_kouhyou_detail_004_kani=true&JigyosyoCd=1475301808-00&ServiceCd=110&Type=search", "url2": null }, "geometry": { "type": "Point", "coordinates": [ 139.608882699999981, 35.5869752 ] } },
{ "type": "Feature", "properties": { "内容": "ライフサポート介護サービス【訪問介護】神奈川県川崎市高津区坂戸3-11-49ｺｰﾎﾟ松本１階", "url": "https://www.kaigokensaku.mhlw.go.jp/14/index.php?action_kouhyou_detail_004_kani=true&JigyosyoCd=1475301824-00&ServiceCd=110&Type=search", "url2": null }, "geometry": { "type": "Point", "coordinates": [ 139.62250903746488, 35.593052741280438 ] } },
{ "type": "Feature", "properties": { "内容": "訪問介護ハートランド川崎【訪問介護】神奈川県川崎市高津区子母口485番地", "url": "https://www.kaigokensaku.mhlw.go.jp/14/index.php?action_kouhyou_detail_004_kani=true&JigyosyoCd=1475302251-00&ServiceCd=110&Type=search", "url2": "https://ygood.jp/" }, "geometry": { "type": "Point", "coordinates": [ 139.632680079727606, 35.573845762895061 ] } },
{ "type": "Feature", "properties": { "内容": "グランダ武蔵新城ケアステーション【訪問介護】神奈川県川崎市高津区千年844", "url": "https://www.kaigokensaku.mhlw.go.jp/14/index.php?action_kouhyou_detail_004_kani=true&JigyosyoCd=1475302442-00&ServiceCd=110&Type=search", "url2": "https://www.benesse-style-care.co.jp/" }, "geometry": { "type": "Point", "coordinates": [ 139.624131199999965, 35.5819148 ] } },
{ "type": "Feature", "properties": { "内容": "クローバー訪問介護かわさき【訪問介護】神奈川県川崎市高津区宇奈根635-2", "url": "https://www.kaigokensaku.mhlw.go.jp/14/index.php?action_kouhyou_detail_004_kani=true&JigyosyoCd=1475302707-00&ServiceCd=110&Type=search", "url2": "https://jala.co.jp" }, "geometry": { "type": "Point", "coordinates": [ 139.600376399999959, 35.6131183 ] } },
{ "type": "Feature", "properties": { "内容": "株式会社ケアネット　ケアステーション高津【訪問介護】神奈川県川崎市高津区下作延2-12-34", "url": "https://www.kaigokensaku.mhlw.go.jp/14/index.php?action_kouhyou_detail_004_kani=true&JigyosyoCd=1475302723-00&ServiceCd=110&Type=search", "url2": null }, "geometry": { "type": "Point", "coordinates": [ 139.607651426936286, 35.597930841880597 ] } },
{ "type": "Feature", "properties": { "内容": "ケアリッツ溝の口【訪問介護】神奈川県川崎市高津区下作延2-3-25コスモス溝の口１０１", "url": "https://www.kaigokensaku.mhlw.go.jp/14/index.php?action_kouhyou_detail_004_kani=true&JigyosyoCd=1475302756-00&ServiceCd=110&Type=search", "url2": "https://www.careritz.co.jp/station/branch/mizonokuchi/" }, "geometry": { "type": "Point", "coordinates": [ 139.608239156431438, 35.600211176777336 ] } },
{ "type": "Feature", "properties": { "内容": "にじの里介護センター【訪問介護】神奈川県川崎市高津区溝口2-14-4ＭＳ第二ビル2Ｆ", "url": "https://www.kaigokensaku.mhlw.go.jp/14/index.php?action_kouhyou_detail_004_kani=true&JigyosyoCd=1475302772-00&ServiceCd=110&Type=search", "url2": "https://nijinosato.jp/" }, "geometry": { "type": "Point", "coordinates": [ 139.61192589999996, 35.6015758 ] } },
{ "type": "Feature", "properties": { "内容": "学研ココファン武蔵新城ヘルパーセンター【訪問介護】神奈川県川崎市高津区新作4-20-1", "url": "https://www.kaigokensaku.mhlw.go.jp/14/index.php?action_kouhyou_detail_004_kani=true&JigyosyoCd=1475302806-00&ServiceCd=110&Type=search", "url2": "http://www.cocofump.co.jp/facilities/detail/musashisinjo/" }, "geometry": { "type": "Point", "coordinates": [ 139.62032140660699, 35.585251769494597 ] } },
{ "type": "Feature", "properties": { "内容": "指定訪問介護　アットプレオ新城【訪問介護】神奈川県川崎市高津区新作6-8-333Ｆ", "url": "https://www.kaigokensaku.mhlw.go.jp/14/index.php?action_kouhyou_detail_004_kani=true&JigyosyoCd=1475302855-00&ServiceCd=110&Type=search", "url2": "https://at-care.co.jp/" }, "geometry": { "type": "Point", "coordinates": [ 139.626108, 35.586372 ] } },
{ "type": "Feature", "properties": { "内容": "ＳＯＭＰＯケア　川崎高津　訪問介護【訪問介護】神奈川県川崎市高津区溝口3-11-17溝口パークホームズ2－B", "url": "https://www.kaigokensaku.mhlw.go.jp/14/index.php?action_kouhyou_detail_004_kani=true&JigyosyoCd=1475302871-00&ServiceCd=110&Type=search", "url2": "https://www.sompocare.com" }, "geometry": { "type": "Point", "coordinates": [ 139.613256299999989, 35.6025812 ] } },
{ "type": "Feature", "properties": { "内容": "ＳＯＭＰＯケア梶が谷　訪問介護【訪問介護】神奈川県川崎市高津区新作1丁目22-21そんぽの家S梶が谷", "url": "https://www.kaigokensaku.mhlw.go.jp/14/index.php?action_kouhyou_detail_004_kani=true&JigyosyoCd=1475302889-00&ServiceCd=110&Type=search", "url2": "https://www.sompocare.com/" }, "geometry": { "type": "Point", "coordinates": [ 139.607991099999907, 35.5878556 ] } },
{ "type": "Feature", "properties": { "内容": "SOMPOケア　多摩川　訪問介護【訪問介護】神奈川県川崎市高津区宇奈根635-1", "url": "https://www.kaigokensaku.mhlw.go.jp/14/index.php?action_kouhyou_detail_004_kani=true&JigyosyoCd=1475302897-00&ServiceCd=110&Type=search", "url2": "https://www.sompocare.com/service/home/satsuki/H000317" }, "geometry": { "type": "Point", "coordinates": [ 139.600232600000027, 35.6134149 ] } },
{ "type": "Feature", "properties": { "内容": "訪問介護事業所　ハートフル神奈川【訪問介護】神奈川県川崎市高津区久地2-23-24クイーン平瀬Ⅲ　102号", "url": "https://www.kaigokensaku.mhlw.go.jp/14/index.php?action_kouhyou_detail_004_kani=true&JigyosyoCd=1475303135-00&ServiceCd=110&Type=search", "url2": null }, "geometry": { "type": "Point", "coordinates": [ 139.607872499999985, 35.6097333 ] } },
{ "type": "Feature", "properties": { "内容": "ピースヘルパーステーション【訪問介護】神奈川県川崎市高津区梶ヶ谷4-1-1クロスポイント梶ヶ谷101号室", "url": "https://www.kaigokensaku.mhlw.go.jp/14/index.php?action_kouhyou_detail_004_kani=true&JigyosyoCd=1475303150-00&ServiceCd=110&Type=search", "url2": "https://kawasakisi-peace.crayonsite.net/p/3/" }, "geometry": { "type": "Point", "coordinates": [ 139.604488159385738, 35.588437483414189 ] } },
{ "type": "Feature", "properties": { "内容": "アミカちとせ介護センター【訪問介護】神奈川県川崎市高津区千年76", "url": "https://www.kaigokensaku.mhlw.go.jp/14/index.php?action_kouhyou_detail_004_kani=true&JigyosyoCd=1475303309-00&ServiceCd=110&Type=search", "url2": "https://kaigo.alsok.co.jp" }, "geometry": { "type": "Point", "coordinates": [ 139.6221351, 35.5727456 ] } },
{ "type": "Feature", "properties": { "内容": "学研ココファン川崎上作延ヘルパーセンター【訪問介護】神奈川県川崎市高津区上作延2丁目4番15号ココファン川崎上作延", "url": "https://www.kaigokensaku.mhlw.go.jp/14/index.php?action_kouhyou_detail_004_kani=true&JigyosyoCd=1475303325-00&ServiceCd=110&Type=search", "url2": "https://www.cocofump.co.jp/facilities/detail/kawasakikamisakunobe/" }, "geometry": { "type": "Point", "coordinates": [ 139.591532504229775, 35.599876187079559 ] } },
{ "type": "Feature", "properties": { "内容": "グランダ溝の口ケアステーション【訪問介護】神奈川県川崎市高津区坂戸1-10-15", "url": "https://www.kaigokensaku.mhlw.go.jp/14/index.php?action_kouhyou_detail_004_kani=true&JigyosyoCd=1475303358-00&ServiceCd=110&Type=search", "url2": null }, "geometry": { "type": "Point", "coordinates": [ 139.6202232, 35.5993328 ] } },
{ "type": "Feature", "properties": { "内容": "ほほ笑みケア川崎【訪問介護】神奈川県川崎市高津区千年316番地17", "url": "https://www.kaigokensaku.mhlw.go.jp/14/index.php?action_kouhyou_detail_004_kani=true&JigyosyoCd=1475303382-00&ServiceCd=110&Type=search", "url2": "https://kind-style.com/" }, "geometry": { "type": "Point", "coordinates": [ 139.622199346937066, 35.577028501752629 ] } },
{ "type": "Feature", "properties": { "内容": "エルケア溝の口ケアセンター【訪問介護】神奈川県川崎市高津区溝口2丁目17番32号", "url": "https://www.kaigokensaku.mhlw.go.jp/14/index.php?action_kouhyou_detail_004_kani=true&JigyosyoCd=1475303416-00&ServiceCd=110&Type=search", "url2": "https://www.l-care.jp/office/kaigo_kanto.html" }, "geometry": { "type": "Point", "coordinates": [ 139.6109956, 35.6025064 ] } },
{ "type": "Feature", "properties": { "内容": "ａｍｉサポート【訪問介護】神奈川県川崎市高津区子母口347-1シルクハイツB-101", "url": "https://www.kaigokensaku.mhlw.go.jp/14/index.php?action_kouhyou_detail_004_kani=true&JigyosyoCd=1475303424-00&ServiceCd=110&Type=search", "url2": "http://www.eternal-cast.com/ami/info/" }, "geometry": { "type": "Point", "coordinates": [ 139.6307644, 35.57272930000002 ] } },
{ "type": "Feature", "properties": { "内容": "学研ココファン川崎高津ヘルパーセンター【訪問介護】神奈川県川崎市高津区蟹ヶ谷265-5", "url": "https://www.kaigokensaku.mhlw.go.jp/14/index.php?action_kouhyou_detail_004_kani=true&JigyosyoCd=1475303481-00&ServiceCd=110&Type=search", "url2": "https://www.cocofump.co.jp/facilities/detail/kawasakitakatsu/" }, "geometry": { "type": "Point", "coordinates": [ 139.6315266, 35.5665168 ] } },
{ "type": "Feature", "properties": { "内容": "ケアリッツ武蔵新城【訪問介護】神奈川県川崎市高津区新作6-9-7バロン・キャッスル203", "url": "https://www.kaigokensaku.mhlw.go.jp/14/index.php?action_kouhyou_detail_004_kani=true&JigyosyoCd=1475303499-00&ServiceCd=110&Type=search", "url2": "https://www.careritz.co.jp/station/branch/musashishinjo/" }, "geometry": { "type": "Point", "coordinates": [ 139.626459034358618, 35.586632785318805 ] } },
{ "type": "Feature", "properties": { "内容": "なのはな訪問介護【訪問介護】神奈川県川崎市高津区千年新町3-6　１階", "url": "https://www.kaigokensaku.mhlw.go.jp/14/index.php?action_kouhyou_detail_004_kani=true&JigyosyoCd=1475501563-00&ServiceCd=110&Type=search", "url2": null }, "geometry": { "type": "Point", "coordinates": [ 139.628555824658946, 35.583923042314524 ] } },
{ "type": "Feature", "properties": { "内容": "ケアパートナー優心【訪問介護】神奈川県川崎市高津区子母口７０１－２アメニティハイム１０１号室", "url": "https://www.kaigokensaku.mhlw.go.jp/14/index.php?action_kouhyou_detail_004_kani=true&JigyosyoCd=1475502470-00&ServiceCd=110&Type=search", "url2": null }, "geometry": { "type": "Point", "coordinates": [ 139.634072, 35.568932500000017 ] } },
{ "type": "Feature", "properties": { "内容": "あおばケアサービス訪問介護【訪問介護】神奈川県川崎市高津区久地4-12-1川辺ビル201", "url": "https://www.kaigokensaku.mhlw.go.jp/14/index.php?action_kouhyou_detail_004_kani=true&JigyosyoCd=1475303713-00&ServiceCd=110&Type=search", "url2": "http://noichigo.co.jp/あおばケアサービス%e3%80%80訪問介護/" }, "geometry": { "type": "Point", "coordinates": [ 139.5922089, 35.6108454 ] } },
{ "type": "Feature", "properties": { "内容": "あっぷるホームケアサービス溝の口【訪問介護】神奈川県川崎市高津区下作延2-7-41コロナーデ溝口207", "url": "https://www.kaigokensaku.mhlw.go.jp/14/index.php?action_kouhyou_detail_004_kani=true&JigyosyoCd=1475300610-00&ServiceCd=110&Type=search", "url2": "https://cs-apple.jp/" }, "geometry": { "type": "Point", "coordinates": [ 139.60706, 35.59953440000001 ] } },
{ "type": "Feature", "properties": { "内容": "ホームヘルプサービス　ソラスト溝の口【訪問介護】神奈川県川崎市高津区下作延7-4-1アメニティーシャテロ102", "url": "https://www.kaigokensaku.mhlw.go.jp/14/index.php?action_kouhyou_detail_004_kani=true&JigyosyoCd=1475300743-00&ServiceCd=110&Type=search", "url2": "https://solasto-kaigo.com/service/homecare/mizonokuchi" }, "geometry": { "type": "Point", "coordinates": [ 139.604314599999952, 35.6023163 ] } },
{ "type": "Feature", "properties": { "内容": "ニチイケアセンター武蔵新城【訪問介護】神奈川県川崎市高津区新作5-25-8フローラハイツ1階", "url": "https://www.kaigokensaku.mhlw.go.jp/14/index.php?action_kouhyou_detail_004_kani=true&JigyosyoCd=1475301188-00&ServiceCd=110&Type=search", "url2": "https://www.nichii-kaigo.jp/base/base-result/05L96/" }, "geometry": { "type": "Point", "coordinates": [ 139.628099900000052, 35.5872195 ] } },
{ "type": "Feature", "properties": { "内容": "プラチナ・訪問介護ステーション宮崎台【訪問介護】神奈川県川崎市高津区上作延4丁目17番38号プラチナ・シニアホーム宮崎台", "url": "https://www.kaigokensaku.mhlw.go.jp/14/index.php?action_kouhyou_detail_004_kani=true&JigyosyoCd=1475301899-00&ServiceCd=110&Type=search", "url2": "https://www.lakes21.co.jp/" }, "geometry": { "type": "Point", "coordinates": [ 139.594255550648512, 35.595562755774047 ] } },
{ "type": "Feature", "properties": { "内容": "東京海上日動みずたま介護ＳＴ溝の口西【訪問介護】神奈川県川崎市高津区上作延5丁目9番15号Dフェスタ溝の口1階", "url": "https://www.kaigokensaku.mhlw.go.jp/14/index.php?action_kouhyou_detail_004_kani=true&JigyosyoCd=1475302608-00&ServiceCd=110&Type=search", "url2": "https://www.tnbls.co.jp/mizutama/stations/mizonokuchinishi/" }, "geometry": { "type": "Point", "coordinates": [ 139.596717818524183, 35.597900782680711 ] } },
{ "type": "Feature", "properties": { "内容": "エターナルケアさぎぬまステーション【訪問介護】神奈川県川崎市高津区子母口347-1シルクハイツB-101", "url": "https://www.kaigokensaku.mhlw.go.jp/14/index.php?action_kouhyou_detail_004_kani=true&JigyosyoCd=1475303549-00&ServiceCd=110&Type=search", "url2": "https://www.eternal-cast.com/" }, "geometry": { "type": "Point", "coordinates": [ 139.630772446627049, 35.57272275505246 ] } },
{ "type": "Feature", "properties": { "内容": "樹【訪問介護】神奈川県川崎市高津区梶ヶ谷5-2-15ハイム梶ヶ谷201", "url": "https://www.kaigokensaku.mhlw.go.jp/14/index.php?action_kouhyou_detail_004_kani=true&JigyosyoCd=1475303564-00&ServiceCd=110&Type=search", "url2": "https://www.koseligitsuki.jp/cont1/2.html" }, "geometry": { "type": "Point", "coordinates": [ 139.6054297, 35.5843732 ] } },
{ "type": "Feature", "properties": { "内容": "A-Smile溝の口【訪問介護】神奈川県川崎市高津区下作延2-9-10関口第二ビル4階", "url": "https://www.kaigokensaku.mhlw.go.jp/14/index.php?action_kouhyou_detail_004_kani=true&JigyosyoCd=1475303614-00&ServiceCd=110&Type=search", "url2": "https://akarie.co.jp/company/" }, "geometry": { "type": "Point", "coordinates": [ 139.608881700000012, 35.5990039 ] } },
{ "type": "Feature", "properties": { "内容": "向日葵ケアサービス【訪問介護】神奈川県川崎市高津区東野川1-18-2", "url": "https://www.kaigokensaku.mhlw.go.jp/14/index.php?action_kouhyou_detail_004_kani=true&JigyosyoCd=1475303648-00&ServiceCd=110&Type=search", "url2": null }, "geometry": { "type": "Point", "coordinates": [ 139.616825, 35.5714864 ] } },
{ "type": "Feature", "properties": { "内容": "ななきケア【訪問介護】神奈川県川崎市高津区北見方3-10-17シティハイムチヨダ102", "url": "https://www.kaigokensaku.mhlw.go.jp/14/index.php?action_kouhyou_detail_004_kani=true&JigyosyoCd=1475303671-00&ServiceCd=110&Type=search", "url2": "https://www.nanaki-kaigo.com/" }, "geometry": { "type": "Point", "coordinates": [ 139.6330355, 35.5964889 ] } },
{ "type": "Feature", "properties": { "内容": "エリーズケアサポート【訪問介護】神奈川県川崎市高津区溝口2‐26‐6プロプリエテール三田103", "url": "https://www.kaigokensaku.mhlw.go.jp/14/index.php?action_kouhyou_detail_004_kani=true&JigyosyoCd=1475303689-00&ServiceCd=110&Type=search", "url2": "https://www.ericare1533.info/" }, "geometry": { "type": "Point", "coordinates": [ 139.610715200000016, 35.60215 ] } },
{ "type": "Feature", "properties": { "内容": "リリアンケア溝の口【訪問介護】神奈川県川崎市高津区下作延6-26-30大谷ビル201", "url": "https://www.kaigokensaku.mhlw.go.jp/14/index.php?action_kouhyou_detail_004_kani=true&JigyosyoCd=1475303408-00&ServiceCd=110&Type=search", "url2": "https://lc-care.lilyancare.com/mizonokuchi/" }, "geometry": { "type": "Point", "coordinates": [ 139.595615900000013, 35.6089106 ] } },
{ "type": "Feature", "properties": { "内容": "みなみかぜ高津【訪問介護】神奈川県川崎市高津区梶ヶ谷1丁目2番地1カベ－ル梶ヶ谷701", "url": "https://www.kaigokensaku.mhlw.go.jp/14/index.php?action_kouhyou_detail_004_kani=true&JigyosyoCd=1475302731-00&ServiceCd=110&Type=search", "url2": null }, "geometry": { "type": "Point", "coordinates": [ 139.6002363, 35.5903747 ] } },
{ "type": "Feature", "properties": { "内容": "特定非営利活動法人コアラちとせ【訪問介護】神奈川県川崎市高津区千年231番地16", "url": "https://www.kaigokensaku.mhlw.go.jp/14/index.php?action_kouhyou_detail_004_kani=true&JigyosyoCd=1475303747-00&ServiceCd=110&Type=search", "url2": null }, "geometry": { "type": "Point", "coordinates": [ 139.6235134, 35.5745825 ] } },
{ "type": "Feature", "properties": { "内容": "オハナ株式会社【訪問介護】神奈川県川崎市多摩区宿河原2-30-19", "url": "https://www.kaigokensaku.mhlw.go.jp/14/index.php?action_kouhyou_detail_004_kani=true&JigyosyoCd=1475402614-00&ServiceCd=110&Type=search", "url2": "http://ohana.onamae.jp/top/" }, "geometry": { "type": "Point", "coordinates": [ 139.570357300000069, 35.613968 ] } },
{ "type": "Feature", "properties": { "内容": "かなえケアサービスセンター【訪問介護】神奈川県川崎市多摩区東生田3-3-11-4", "url": "https://www.kaigokensaku.mhlw.go.jp/14/index.php?action_kouhyou_detail_004_kani=true&JigyosyoCd=1475403042-00&ServiceCd=110&Type=search", "url2": null }, "geometry": { "type": "Point", "coordinates": [ 139.5657765, 35.6057788 ] } },
{ "type": "Feature", "properties": { "内容": "訪問介護　＆living【訪問介護】神奈川県川崎市多摩区栗谷1-2-3-103", "url": "https://www.kaigokensaku.mhlw.go.jp/14/index.php?action_kouhyou_detail_004_kani=true&JigyosyoCd=1475303457-00&ServiceCd=110&Type=search", "url2": null }, "geometry": { "type": "Point", "coordinates": [ 139.6033758, 35.5958974 ] } },
{ "type": "Feature", "properties": { "内容": "訪問介護事業所　雫【訪問介護】神奈川県川崎市多摩区布田20−10", "url": "https://www.kaigokensaku.mhlw.go.jp/14/index.php?action_kouhyou_detail_004_kani=true&JigyosyoCd=1475403166-00&ServiceCd=110&Type=search", "url2": null }, "geometry": { "type": "Point", "coordinates": [ 139.548264886901791, 35.632648931393234 ] } },
{ "type": "Feature", "properties": { "内容": "タマケン訪問介護多摩店【訪問介護】神奈川県川崎市多摩区長沢４丁目4-3第2ビューティーハイツ2階205", "url": "https://www.kaigokensaku.mhlw.go.jp/14/index.php?action_kouhyou_detail_004_kani=true&JigyosyoCd=1475403182-00&ServiceCd=110&Type=search", "url2": null }, "geometry": { "type": "Point", "coordinates": [ 139.5389673, 35.6002479 ] } },
{ "type": "Feature", "properties": { "内容": "福祉クラブ生協　家事介護W.Co　栞【訪問介護】神奈川県川崎市多摩区中野島4-19-23バードタウン3番館202", "url": "https://www.kaigokensaku.mhlw.go.jp/14/index.php?action_kouhyou_detail_004_kani=true&JigyosyoCd=1475401327-00&ServiceCd=110&Type=search", "url2": null }, "geometry": { "type": "Point", "coordinates": [ 139.55529250406039, 35.629183650353283 ] } },
{ "type": "Feature", "properties": { "内容": "ホームケア稲田堤【訪問介護】神奈川県川崎市多摩区菅稲田堤1-11-5ホームステーション稲田堤", "url": "https://www.kaigokensaku.mhlw.go.jp/14/index.php?action_kouhyou_detail_004_kani=true&JigyosyoCd=1475402002-00&ServiceCd=110&Type=search", "url2": "https://www.life-silver.com/life_facility/kanagawa/inada.html" }, "geometry": { "type": "Point", "coordinates": [ 139.535519082139558, 35.636076854949486 ] } },
{ "type": "Feature", "properties": { "内容": "アリスの介護【訪問介護】神奈川県川崎市多摩区中野島3-14-10アスタック壱番館1C号室", "url": "https://www.kaigokensaku.mhlw.go.jp/14/index.php?action_kouhyou_detail_004_kani=true&JigyosyoCd=1475402234-00&ServiceCd=110&Type=search", "url2": "http://alices-care.com" }, "geometry": { "type": "Point", "coordinates": [ 139.5504962, 35.629451400000029 ] } },
{ "type": "Feature", "properties": { "内容": "ボンセジュール稲田堤ケアステーション【訪問介護】神奈川県川崎市多摩区菅1丁目6番18号", "url": "https://www.kaigokensaku.mhlw.go.jp/14/index.php?action_kouhyou_detail_004_kani=true&JigyosyoCd=1475402655-00&ServiceCd=110&Type=search", "url2": "http://www.benesse-style-care.co.jp/" }, "geometry": { "type": "Point", "coordinates": [ 139.536959300000035, 35.6322953 ] } },
{ "type": "Feature", "properties": { "内容": "アイルケアサービス【訪問介護】神奈川県川崎市多摩区菅1-8-7エステートピア多摩101号室", "url": "https://www.kaigokensaku.mhlw.go.jp/14/index.php?action_kouhyou_detail_004_kani=true&JigyosyoCd=1475402762-00&ServiceCd=110&Type=search", "url2": "http://hp.kaipoke.biz/3rn/" }, "geometry": { "type": "Point", "coordinates": [ 139.537711800000011, 35.6319691 ] } },
{ "type": "Feature", "properties": { "内容": "ふたばケアステーション【訪問介護】神奈川県川崎市多摩区菅1-6-25", "url": "https://www.kaigokensaku.mhlw.go.jp/14/index.php?action_kouhyou_detail_004_kani=true&JigyosyoCd=1475402903-00&ServiceCd=110&Type=search", "url2": null }, "geometry": { "type": "Point", "coordinates": [ 139.5370098, 35.632131 ] } },
{ "type": "Feature", "properties": { "内容": "リリアンケア稲田堤【訪問介護】神奈川県川崎市多摩区菅稲田堤1-13-30プランドール101", "url": "https://www.kaigokensaku.mhlw.go.jp/14/index.php?action_kouhyou_detail_004_kani=true&JigyosyoCd=1475403000-00&ServiceCd=110&Type=search", "url2": "https://lc-care.lilyancare.com/" }, "geometry": { "type": "Point", "coordinates": [ 139.535264899999987, 35.6374417 ] } },
{ "type": "Feature", "properties": { "内容": "訪問介護ナグラシスターズ【訪問介護】神奈川県川崎市多摩区宿河原2-44-40", "url": "https://www.kaigokensaku.mhlw.go.jp/14/index.php?action_kouhyou_detail_004_kani=true&JigyosyoCd=1475302939-00&ServiceCd=110&Type=search", "url2": null }, "geometry": { "type": "Point", "coordinates": [ 139.566238800000036, 35.617594 ] } },
{ "type": "Feature", "properties": { "内容": "あうん介護センター【訪問介護】神奈川県川崎市多摩区枡形2-23-4ミエコート101", "url": "https://www.kaigokensaku.mhlw.go.jp/14/index.php?action_kouhyou_detail_004_kani=true&JigyosyoCd=1475400022-00&ServiceCd=110&Type=search", "url2": null }, "geometry": { "type": "Point", "coordinates": [ 139.557004211647865, 35.618760064742389 ] } },
{ "type": "Feature", "properties": { "内容": "川崎市社会福祉協議会たま・あさお訪問介護支援事業所【訪問介護】神奈川県川崎市多摩区登戸1891第３井出ビル３階", "url": "https://www.kaigokensaku.mhlw.go.jp/14/index.php?action_kouhyou_detail_004_kani=true&JigyosyoCd=1475400030-00&ServiceCd=110&Type=search", "url2": "http://www.csw-kawasaki.or.jp" }, "geometry": { "type": "Point", "coordinates": [ 139.560796699999969, 35.6199781 ] } },
{ "type": "Feature", "properties": { "内容": "アースサポート登戸【訪問介護】神奈川県川崎市多摩区登戸3356番1号", "url": "https://www.kaigokensaku.mhlw.go.jp/14/index.php?action_kouhyou_detail_004_kani=true&JigyosyoCd=1475400352-00&ServiceCd=110&Type=search", "url2": "https://www.earthsupport.co.jp/" }, "geometry": { "type": "Point", "coordinates": [ 139.570298500000035, 35.6195059 ] } },
{ "type": "Feature", "properties": { "内容": "ニチイケアセンター宿河原【訪問介護】神奈川県川崎市多摩区宿河原３－５－４アイティビル２階２０１", "url": "https://www.kaigokensaku.mhlw.go.jp/14/index.php?action_kouhyou_detail_004_kani=true&JigyosyoCd=1475400576-00&ServiceCd=110&Type=search", "url2": "http://www.nichiigakkan.co.jp" }, "geometry": { "type": "Point", "coordinates": [ 139.579617399999961, 35.6149734 ] } },
{ "type": "Feature", "properties": { "内容": "フジ・ケア多摩【訪問介護】神奈川県川崎市多摩区登戸185マルヨマンション2　1階2号室", "url": "https://www.kaigokensaku.mhlw.go.jp/14/index.php?action_kouhyou_detail_004_kani=true&JigyosyoCd=1475400584-00&ServiceCd=110&Type=search", "url2": "https://www.fujicaretama.com/" }, "geometry": { "type": "Point", "coordinates": [ 139.555117577909868, 35.621892712425264 ] } },
{ "type": "Feature", "properties": { "内容": "訪問介護事業所　まこと【訪問介護】神奈川県川崎市多摩区生田7-9-3タスコハウス303", "url": "https://www.kaigokensaku.mhlw.go.jp/14/index.php?action_kouhyou_detail_004_kani=true&JigyosyoCd=1475400634-00&ServiceCd=110&Type=search", "url2": null }, "geometry": { "type": "Point", "coordinates": [ 139.540332300000046, 35.6149929 ] } },
{ "type": "Feature", "properties": { "内容": "リリアン・ケアサービス【訪問介護】神奈川県川崎市多摩区西生田２丁目6-21リリアンビル", "url": "https://www.kaigokensaku.mhlw.go.jp/14/index.php?action_kouhyou_detail_004_kani=true&JigyosyoCd=1475401574-00&ServiceCd=110&Type=search", "url2": "http://www.lilyancare.com/" }, "geometry": { "type": "Point", "coordinates": [ 139.534666737999402, 35.615090928790131 ] } },
{ "type": "Feature", "properties": { "内容": "株式会社チェーロ【訪問介護】神奈川県川崎市多摩区長沢1-6-6パインクリークヒルズF", "url": "https://www.kaigokensaku.mhlw.go.jp/14/index.php?action_kouhyou_detail_004_kani=true&JigyosyoCd=1475401897-00&ServiceCd=110&Type=search", "url2": "https://www.cielo-japan.com/" }, "geometry": { "type": "Point", "coordinates": [ 139.54290489999994, 35.6043531 ] } },
{ "type": "Feature", "properties": { "内容": "特定非営利活動法人川崎コアラ【訪問介護】神奈川県川崎市多摩区宿河原4-14-10メゾン・ライズ100号室", "url": "https://www.kaigokensaku.mhlw.go.jp/14/index.php?action_kouhyou_detail_004_kani=true&JigyosyoCd=1475402101-00&ServiceCd=110&Type=search", "url2": null }, "geometry": { "type": "Point", "coordinates": [ 139.581022391733541, 35.616979388076942 ] } },
{ "type": "Feature", "properties": { "内容": "グランダ生田ケアステーション【訪問介護】神奈川県川崎市多摩区生田7丁目21番1号", "url": "https://www.kaigokensaku.mhlw.go.jp/14/index.php?action_kouhyou_detail_004_kani=true&JigyosyoCd=1475402135-00&ServiceCd=110&Type=search", "url2": "https://www.benesse-style-care.co.jp" }, "geometry": { "type": "Point", "coordinates": [ 139.540360599999985, 35.606275 ] } },
{ "type": "Feature", "properties": { "内容": "介護ステーション　ＴＥＲＲＡ【訪問介護】神奈川県川崎市多摩区南生田１－２１－８南生田パルコーポ103号室", "url": "https://www.kaigokensaku.mhlw.go.jp/14/index.php?action_kouhyou_detail_004_kani=true&JigyosyoCd=1475402648-00&ServiceCd=110&Type=search", "url2": "https://terra1011.sakura.ne.jp/wp/" }, "geometry": { "type": "Point", "coordinates": [ 139.529172499999959, 35.6097716 ] } },
{ "type": "Feature", "properties": { "内容": "ｳｨｽﾞ･ﾕｰ川崎訪問介護事業所【訪問介護】神奈川県川崎市多摩区西生田2-1-4", "url": "https://www.kaigokensaku.mhlw.go.jp/14/index.php?action_kouhyou_detail_004_kani=true&JigyosyoCd=1475402721-00&ServiceCd=110&Type=search", "url2": "http://hp.kaipoke.biz/a2d/" }, "geometry": { "type": "Point", "coordinates": [ 139.539381688152247, 35.615101456409974 ] } },
{ "type": "Feature", "properties": { "内容": "ニチイケアセンター生田【訪問介護】神奈川県川崎市多摩区生田7-7-15生田コレッテ1F", "url": "https://www.kaigokensaku.mhlw.go.jp/14/index.php?action_kouhyou_detail_004_kani=true&JigyosyoCd=1475402812-00&ServiceCd=110&Type=search", "url2": null }, "geometry": { "type": "Point", "coordinates": [ 139.543135431488906, 35.615265326883275 ] } },
{ "type": "Feature", "properties": { "内容": "ツクイ川崎よみうりランド【訪問介護】神奈川県川崎市多摩区西生田3-9-29横浜銀行読売ランド駅前支店ビル2階", "url": "https://www.kaigokensaku.mhlw.go.jp/14/index.php?action_kouhyou_detail_004_kani=true&JigyosyoCd=1475402879-00&ServiceCd=110&Type=search", "url2": "https://www.tsukui.net/" }, "geometry": { "type": "Point", "coordinates": [ 139.5286575, 35.6144132 ] } },
{ "type": "Feature", "properties": { "内容": "まあるいえがお【訪問介護】神奈川県川崎市多摩区生田４－３－２ファインヒル生田１０２", "url": "https://www.kaigokensaku.mhlw.go.jp/14/index.php?action_kouhyou_detail_004_kani=true&JigyosyoCd=1475403026-00&ServiceCd=110&Type=search", "url2": null }, "geometry": { "type": "Point", "coordinates": [ 139.5423806, 35.618368212192486 ] } },
{ "type": "Feature", "properties": { "内容": "白山ケアセンター【訪問介護】神奈川県川崎市多摩区長沢1-27-6パインクリークテラス101", "url": "https://www.kaigokensaku.mhlw.go.jp/14/index.php?action_kouhyou_detail_004_kani=true&JigyosyoCd=1475601686-00&ServiceCd=110&Type=search", "url2": null }, "geometry": { "type": "Point", "coordinates": [ 139.543393900000012, 35.603895500000021 ] } },
{ "type": "Feature", "properties": { "内容": "さわやかケア生田・訪問介護【訪問介護】神奈川県川崎市多摩区生田７－７－１３", "url": "https://www.kaigokensaku.mhlw.go.jp/14/index.php?action_kouhyou_detail_004_kani=true&JigyosyoCd=1475400881-00&ServiceCd=110&Type=search", "url2": "https://www.welcia-partners.co.jp" }, "geometry": { "type": "Point", "coordinates": [ 139.543132, 35.6152373 ] } },
{ "type": "Feature", "properties": { "内容": "彩【訪問介護】神奈川県川崎市多摩区登戸新町316-6ビューラー316　１－B号室", "url": "https://www.kaigokensaku.mhlw.go.jp/14/index.php?action_kouhyou_detail_004_kani=true&JigyosyoCd=1475401053-00&ServiceCd=110&Type=search", "url2": "https://www.socius-mc.com/" }, "geometry": { "type": "Point", "coordinates": [ 139.570656900000017, 35.61877 ] } },
{ "type": "Feature", "properties": { "内容": "訪問介護事業所　いちご【訪問介護】神奈川県川崎市多摩区中野島4丁目16-10大庭ビル101", "url": "https://www.kaigokensaku.mhlw.go.jp/14/index.php?action_kouhyou_detail_004_kani=true&JigyosyoCd=1475401806-00&ServiceCd=110&Type=search", "url2": "https://www.ichigo-15.jp/" }, "geometry": { "type": "Point", "coordinates": [ 139.5542471977285, 35.630083118970241 ] } },
{ "type": "Feature", "properties": { "内容": "ヘルパーステーションひまわり【訪問介護】神奈川県川崎市多摩区登戸１６０７エスカレントⅠ-103号", "url": "https://www.kaigokensaku.mhlw.go.jp/14/index.php?action_kouhyou_detail_004_kani=true&JigyosyoCd=1475402432-00&ServiceCd=110&Type=search", "url2": "https://himawari-kawasakitama.amebaownd.com" }, "geometry": { "type": "Point", "coordinates": [ 139.559145800351303, 35.619538755924289 ] } },
{ "type": "Feature", "properties": { "内容": "学研ココファン稲田堤ヘルパーセンター【訪問介護】神奈川県川崎市多摩区菅稲田堤3丁目13番2号ココファン稲田堤", "url": "https://www.kaigokensaku.mhlw.go.jp/14/index.php?action_kouhyou_detail_004_kani=true&JigyosyoCd=1475402671-00&ServiceCd=110&Type=search", "url2": "https://www.cocofump.co.jp/" }, "geometry": { "type": "Point", "coordinates": [ 139.542319092065412, 35.633972837583606 ] } },
{ "type": "Feature", "properties": { "内容": "訪問介護RANOK川崎【訪問介護】神奈川県川崎市多摩区栗谷2丁目16－20第2ガーデンハイツ103号室", "url": "https://www.kaigokensaku.mhlw.go.jp/14/index.php?action_kouhyou_detail_004_kani=true&JigyosyoCd=1475403158-00&ServiceCd=110&Type=search", "url2": null }, "geometry": { "type": "Point", "coordinates": [ 139.534866099999988, 35.607867 ] } },
{ "type": "Feature", "properties": { "内容": "株式会社ゆりが丘ケアスタッフ【訪問介護】神奈川県川崎市多摩区登戸3375-1第2TSSビル701", "url": "https://www.kaigokensaku.mhlw.go.jp/14/index.php?action_kouhyou_detail_004_kani=true&JigyosyoCd=1475400139-00&ServiceCd=110&Type=search", "url2": "yurigaoka-carestaff4166.jp" }, "geometry": { "type": "Point", "coordinates": [ 139.568943237434382, 35.619574456477856 ] } },
{ "type": "Feature", "properties": { "内容": "多摩さくら訪問介護支援事業所【訪問介護】神奈川県川崎市多摩区枡形3丁目2番地3号レガート向ヶ丘102号室", "url": "https://www.kaigokensaku.mhlw.go.jp/14/index.php?action_kouhyou_detail_004_kani=true&JigyosyoCd=1475402705-00&ServiceCd=110&Type=search", "url2": null }, "geometry": { "type": "Point", "coordinates": [ 139.557813500000066, 35.6169628 ] } },
{ "type": "Feature", "properties": { "内容": "セレニティケアステーション登戸【訪問介護】神奈川県川崎市多摩区登戸3262", "url": "https://www.kaigokensaku.mhlw.go.jp/14/index.php?action_kouhyou_detail_004_kani=true&JigyosyoCd=1475403257-00&ServiceCd=110&Type=search", "url2": "https://www.ns-care.jp/" }, "geometry": { "type": "Point", "coordinates": [ 139.570224201288056, 35.618300872324951 ] } },
{ "type": "Feature", "properties": { "内容": "ケアリッツ登戸【訪問介護】神奈川県川崎市多摩区長尾5-22-14プルミエール壱番館204", "url": "https://www.kaigokensaku.mhlw.go.jp/14/index.php?action_kouhyou_detail_004_kani=true&JigyosyoCd=1475403273-00&ServiceCd=110&Type=search", "url2": "https://www.careritz.co.jp/station/branch/noborito/" }, "geometry": { "type": "Point", "coordinates": [ 139.5807739, 35.61202 ] } },
{ "type": "Feature", "properties": { "内容": "ひなたケアサービス【訪問介護】神奈川県川崎市多摩区生田5-20-6", "url": "https://www.kaigokensaku.mhlw.go.jp/14/index.php?action_kouhyou_detail_004_kani=true&JigyosyoCd=1475402770-00&ServiceCd=110&Type=search", "url2": null }, "geometry": { "type": "Point", "coordinates": [ 139.539214471775608, 35.621283708998419 ] } },
{ "type": "Feature", "properties": { "内容": "特定非営利活動法人　多摩家事介護ワーカーズ・コレクティブ　くるみ【訪問介護】神奈川県川崎市多摩区登戸3031第１登戸コーポ１階", "url": "https://www.kaigokensaku.mhlw.go.jp/14/index.php?action_kouhyou_detail_004_kani=true&JigyosyoCd=1475400691-00&ServiceCd=110&Type=search", "url2": "http://w-kurumi.sakura.ne.jp" }, "geometry": { "type": "Point", "coordinates": [ 139.568929300000036, 35.6177979 ] } },
{ "type": "Feature", "properties": { "内容": "ニチイケアセンター向ヶ丘【訪問介護】神奈川県川崎市多摩区登戸1664河興ビル2-2", "url": "https://www.kaigokensaku.mhlw.go.jp/14/index.php?action_kouhyou_detail_004_kani=true&JigyosyoCd=1475400121-00&ServiceCd=110&Type=search", "url2": "https://www.nichii-kaigo.jp/" }, "geometry": { "type": "Point", "coordinates": [ 139.559170063978144, 35.6181969258961 ] } },
{ "type": "Feature", "properties": { "内容": "クレール宮前ヘルパーセンター【訪問介護】神奈川県川崎市宮前区神木本町3-8-4", "url": "https://www.kaigokensaku.mhlw.go.jp/14/index.php?action_kouhyou_detail_004_kani=true&JigyosyoCd=1475502975-00&ServiceCd=110&Type=search", "url2": null }, "geometry": { "type": "Point", "coordinates": [ 139.5858983, 35.5996457 ] } },
{ "type": "Feature", "properties": { "内容": "ベネッセ介護センター鷺沼【訪問介護】神奈川県川崎市宮前区宮前平１－７－５プラムフィールド４０５", "url": "https://www.kaigokensaku.mhlw.go.jp/14/index.php?action_kouhyou_detail_004_kani=true&JigyosyoCd=1475500250-00&ServiceCd=110&Type=search", "url2": "http://www.benesse-style-care.co.jp" }, "geometry": { "type": "Point", "coordinates": [ 139.586742009956424, 35.583781183016278 ] } },
{ "type": "Feature", "properties": { "内容": "ノーブルケア【訪問介護】神奈川県川崎市宮前区東有馬３－９－８", "url": "https://www.kaigokensaku.mhlw.go.jp/14/index.php?action_kouhyou_detail_004_kani=true&JigyosyoCd=1475500607-00&ServiceCd=110&Type=search", "url2": null }, "geometry": { "type": "Point", "coordinates": [ 139.58974139999998, 35.5730967 ] } },
{ "type": "Feature", "properties": { "内容": "東京海上日動みずたま介護ＳＴ鷺沼【訪問介護】神奈川県川崎市宮前区鷺沼１丁目25-1アーベル鷺沼303号", "url": "https://www.kaigokensaku.mhlw.go.jp/14/index.php?action_kouhyou_detail_004_kani=true&JigyosyoCd=1475500698-00&ServiceCd=110&Type=search", "url2": "https://www.tnbls.co.jp/mizutama/stations/saginuma/" }, "geometry": { "type": "Point", "coordinates": [ 139.572041550248741, 35.575098570452539 ] } },
{ "type": "Feature", "properties": { "内容": "チェナール・ケア　初山【訪問介護】神奈川県川崎市宮前区鷺沼1-11-1DIK804", "url": "https://www.kaigokensaku.mhlw.go.jp/14/index.php?action_kouhyou_detail_004_kani=true&JigyosyoCd=1475501266-00&ServiceCd=110&Type=search", "url2": null }, "geometry": { "type": "Point", "coordinates": [ 139.573678699999959, 35.5780904 ] } },
{ "type": "Feature", "properties": { "内容": "訪問介護ステーション　プラチナコミュニティ宮前平【訪問介護】神奈川県川崎市宮前区平3-2-25", "url": "https://www.kaigokensaku.mhlw.go.jp/14/index.php?action_kouhyou_detail_004_kani=true&JigyosyoCd=1475501605-00&ServiceCd=110&Type=search", "url2": null }, "geometry": { "type": "Point", "coordinates": [ 139.568808399999966, 35.6005898 ] } },
{ "type": "Feature", "properties": { "内容": "アシステッドリビング宮前ヘルパーステーション【訪問介護】神奈川県川崎市宮前区水沢2-8-60", "url": "https://www.kaigokensaku.mhlw.go.jp/14/index.php?action_kouhyou_detail_004_kani=true&JigyosyoCd=1475501704-00&ServiceCd=110&Type=search", "url2": "https://www.zenwellness.co.jp/" }, "geometry": { "type": "Point", "coordinates": [ 139.5421139, 35.5922743 ] } },
{ "type": "Feature", "properties": { "内容": "ホームケアたまプラーザ【訪問介護】神奈川県川崎市宮前区犬蔵２－１２－２５ホームステーションらいふたまプラーザ", "url": "https://www.kaigokensaku.mhlw.go.jp/14/index.php?action_kouhyou_detail_004_kani=true&JigyosyoCd=1475501811-00&ServiceCd=110&Type=search", "url2": "http://blog.livedoor.jp/lifetamaplaza/" }, "geometry": { "type": "Point", "coordinates": [ 139.565246750401343, 35.585069970409592 ] } },
{ "type": "Feature", "properties": { "内容": "グランダたまプラーザケアステーション【訪問介護】神奈川県川崎市宮前区犬蔵2丁目34番15号", "url": "https://www.kaigokensaku.mhlw.go.jp/14/index.php?action_kouhyou_detail_004_kani=true&JigyosyoCd=1475501852-00&ServiceCd=110&Type=search", "url2": "http://www.benesse-style-care.co.jp/" }, "geometry": { "type": "Point", "coordinates": [ 139.5630155, 35.5819343 ] } },
{ "type": "Feature", "properties": { "内容": "ホームヘルプサービス　ソラスト鷺沼【訪問介護】神奈川県川崎市宮前区鷺沼1-2-1安藤マンション406", "url": "https://www.kaigokensaku.mhlw.go.jp/14/index.php?action_kouhyou_detail_004_kani=true&JigyosyoCd=1475502124-00&ServiceCd=110&Type=search", "url2": "http://solasto-kaigo.com/" }, "geometry": { "type": "Point", "coordinates": [ 139.574798710347778, 35.578383811617677 ] } },
{ "type": "Feature", "properties": { "内容": "ＳＯＭＰＯケア川崎鷺沼　訪問介護【訪問介護】神奈川県川崎市宮前区有馬1-7-5サンプラザ鷺沼1階サンプラザ鷺沼１Ｆ", "url": "https://www.kaigokensaku.mhlw.go.jp/14/index.php?action_kouhyou_detail_004_kani=true&JigyosyoCd=1475502199-00&ServiceCd=110&Type=search", "url2": null }, "geometry": { "type": "Point", "coordinates": [ 139.577892099999985, 35.5793263 ] } },
{ "type": "Feature", "properties": { "内容": "SOMPOケア宮前菅生訪問介護【訪問介護】神奈川県川崎市宮前区菅生5-23-23そんぽの家S宮前菅生", "url": "https://www.kaigokensaku.mhlw.go.jp/14/index.php?action_kouhyou_detail_004_kani=true&JigyosyoCd=1475502207-00&ServiceCd=110&Type=search", "url2": "https://www.sompocare.com/service/home/satsuki/H000403/" }, "geometry": { "type": "Point", "coordinates": [ 139.554704600000036, 35.5914162 ] } },
{ "type": "Feature", "properties": { "内容": "宮前さくら訪問介護支援事業所【訪問介護】神奈川県川崎市宮前区小台2-1-10カワイビル", "url": "https://www.kaigokensaku.mhlw.go.jp/14/index.php?action_kouhyou_detail_004_kani=true&JigyosyoCd=1475502462-00&ServiceCd=110&Type=search", "url2": null }, "geometry": { "type": "Point", "coordinates": [ 139.584385800000064, 35.5837734 ] } },
{ "type": "Feature", "properties": { "内容": "介護クラーク鷺沼【訪問介護】神奈川県川崎市宮前区鷺沼1－5－1鷺沼　貸事務所201", "url": "https://www.kaigokensaku.mhlw.go.jp/14/index.php?action_kouhyou_detail_004_kani=true&JigyosyoCd=1475502504-00&ServiceCd=110&Type=search", "url2": null }, "geometry": { "type": "Point", "coordinates": [ 139.575720903041088, 35.57739171308409 ] } },
{ "type": "Feature", "properties": { "内容": "訪問介護事務所ライトハウスケア宮前【訪問介護】神奈川県川崎市宮前区土橋2-11-12向山ビル3F", "url": "https://www.kaigokensaku.mhlw.go.jp/14/index.php?action_kouhyou_detail_004_kani=true&JigyosyoCd=1475502629-00&ServiceCd=110&Type=search", "url2": "https://www.sakuracare.net/" }, "geometry": { "type": "Point", "coordinates": [ 139.576031300000011, 35.5859978 ] } },
{ "type": "Feature", "properties": { "内容": "ヘルパーステーション　ハンナ【訪問介護】神奈川県川崎市宮前区有馬５丁目１－１伊藤レジデンス４０２", "url": "https://www.kaigokensaku.mhlw.go.jp/14/index.php?action_kouhyou_detail_004_kani=true&JigyosyoCd=1475502827-00&ServiceCd=110&Type=search", "url2": "https://kawasaki.lydia-care.com" }, "geometry": { "type": "Point", "coordinates": [ 139.577637800000019, 35.5733565 ] } },
{ "type": "Feature", "properties": { "内容": "ふわふわ訪問介護サービス【訪問介護】神奈川県川崎市宮前区平5-5-20", "url": "https://www.kaigokensaku.mhlw.go.jp/14/index.php?action_kouhyou_detail_004_kani=true&JigyosyoCd=1475502835-00&ServiceCd=110&Type=search", "url2": null }, "geometry": { "type": "Point", "coordinates": [ 139.574972367459083, 35.59733687669145 ] } },
{ "type": "Feature", "properties": { "内容": "川崎市社会福祉協議会みやまえ訪問介護支援事業所【訪問介護】神奈川県川崎市宮前区宮崎2-6-10宮崎台ガーデンオフィス4階", "url": "https://www.kaigokensaku.mhlw.go.jp/14/index.php?action_kouhyou_detail_004_kani=true&JigyosyoCd=1475500045-00&ServiceCd=110&Type=search", "url2": "http://www.csw-kawasaki.or.jp" }, "geometry": { "type": "Point", "coordinates": [ 139.58911, 35.5879501 ] } },
{ "type": "Feature", "properties": { "内容": "セントケア川崎宮前【訪問介護】神奈川県川崎市宮前区馬絹6-10-9アズマ宮崎台マンション201", "url": "https://www.kaigokensaku.mhlw.go.jp/14/index.php?action_kouhyou_detail_004_kani=true&JigyosyoCd=1475500987-00&ServiceCd=110&Type=search", "url2": "http://www.saintc-k.com/" }, "geometry": { "type": "Point", "coordinates": [ 139.5947069, 35.5822815 ] } },
{ "type": "Feature", "properties": { "内容": "ホームヘルプサービス青鷺【訪問介護】神奈川県川崎市宮前区野川台３丁目７番１号", "url": "https://www.kaigokensaku.mhlw.go.jp/14/index.php?action_kouhyou_detail_004_kani=true&JigyosyoCd=1475501035-00&ServiceCd=110&Type=search", "url2": "http://www.jurakuen.jp/kawasaki/awosagi_html" }, "geometry": { "type": "Point", "coordinates": [ 139.604139600000053, 35.5749437 ] } },
{ "type": "Feature", "properties": { "内容": "ケアサポートみさと【訪問介護】神奈川県川崎市宮前区馬絹５－２－１９パシフィックホームB棟１０１", "url": "https://www.kaigokensaku.mhlw.go.jp/14/index.php?action_kouhyou_detail_004_kani=true&JigyosyoCd=1475501233-00&ServiceCd=110&Type=search", "url2": null }, "geometry": { "type": "Point", "coordinates": [ 139.597796470361317, 35.582188640270495 ] } },
{ "type": "Feature", "properties": { "内容": "特定非営利活動法人宮前コアラ【訪問介護】神奈川県川崎市宮前区馬絹４丁目１３番１８宮崎台南パークホームズ弐番館１０３", "url": "https://www.kaigokensaku.mhlw.go.jp/14/index.php?action_kouhyou_detail_004_kani=true&JigyosyoCd=1475501290-00&ServiceCd=110&Type=search", "url2": "http://miyamaecoala.kaigohokentaxi.com/" }, "geometry": { "type": "Point", "coordinates": [ 139.599231499999973, 35.5805873 ] } },
{ "type": "Feature", "properties": { "内容": "訪問介護事業所　銀杏【訪問介護】神奈川県川崎市宮前区野川本町3丁目1-302F", "url": "https://www.kaigokensaku.mhlw.go.jp/14/index.php?action_kouhyou_detail_004_kani=true&JigyosyoCd=1475501647-00&ServiceCd=110&Type=search", "url2": null }, "geometry": { "type": "Point", "coordinates": [ 139.617993200000029, 35.578451500000035 ] } },
{ "type": "Feature", "properties": { "内容": "あいいる訪問介護さぎぬま【訪問介護】神奈川県川崎市宮前区西野川1-6-6", "url": "https://www.kaigokensaku.mhlw.go.jp/14/index.php?action_kouhyou_detail_004_kani=true&JigyosyoCd=1475501688-00&ServiceCd=110&Type=search", "url2": "https://www.hakuresha.com" }, "geometry": { "type": "Point", "coordinates": [ 139.597669357156889, 35.577121250576177 ] } },
{ "type": "Feature", "properties": { "内容": "ふるやまケアサービス【訪問介護】神奈川県川崎市宮前区神木本町1-9-12向ヶ丘シルバーハイムC-101", "url": "https://www.kaigokensaku.mhlw.go.jp/14/index.php?action_kouhyou_detail_004_kani=true&JigyosyoCd=1475501761-00&ServiceCd=110&Type=search", "url2": "https://furuyamacaretaxi.com" }, "geometry": { "type": "Point", "coordinates": [ 139.579373900000064, 35.6035644 ] } },
{ "type": "Feature", "properties": { "内容": "NPO法人コアラかわさき【訪問介護】神奈川県川崎市宮前区西野川1丁目26番43号", "url": "https://www.kaigokensaku.mhlw.go.jp/14/index.php?action_kouhyou_detail_004_kani=true&JigyosyoCd=1475501886-00&ServiceCd=110&Type=search", "url2": "https://www.kaigo294.com/" }, "geometry": { "type": "Point", "coordinates": [ 139.603745, 35.577748799999981 ] } },
{ "type": "Feature", "properties": { "内容": "SOMPOケア　川崎宮前　訪問介護【訪問介護】神奈川県川崎市宮前区野川本町3‐24‐13", "url": "https://www.kaigokensaku.mhlw.go.jp/14/index.php?action_kouhyou_detail_004_kani=true&JigyosyoCd=1475502215-00&ServiceCd=110&Type=search", "url2": "https://www.sompocare.com/" }, "geometry": { "type": "Point", "coordinates": [ 139.617377, 35.5735467 ] } },
{ "type": "Feature", "properties": { "内容": "ことは介護ステーション【訪問介護】神奈川県川崎市宮前区神木本町4丁目16番28号ダイヤモンドハイツ203", "url": "https://www.kaigokensaku.mhlw.go.jp/14/index.php?action_kouhyou_detail_004_kani=true&JigyosyoCd=1475502264-00&ServiceCd=110&Type=search", "url2": null }, "geometry": { "type": "Point", "coordinates": [ 139.584851500000013, 35.5988345 ] } },
{ "type": "Feature", "properties": { "内容": "ケアサポート　アンスリール宮前【訪問介護】神奈川県川崎市宮前区野川本町2-20-29メゾンドラペ　宮前", "url": "https://www.kaigokensaku.mhlw.go.jp/14/index.php?action_kouhyou_detail_004_kani=true&JigyosyoCd=1475502454-00&ServiceCd=110&Type=search", "url2": "http://www.jpyumemisaki.com" }, "geometry": { "type": "Point", "coordinates": [ 139.614735918700774, 35.574671645126301 ] } },
{ "type": "Feature", "properties": { "内容": "特定非営利活動法人　カワセミ【訪問介護】神奈川県川崎市宮前区神木本町3-10-1102", "url": "https://www.kaigokensaku.mhlw.go.jp/14/index.php?action_kouhyou_detail_004_kani=true&JigyosyoCd=1475500532-00&ServiceCd=110&Type=search", "url2": null }, "geometry": { "type": "Point", "coordinates": [ 139.586401400000028, 35.597868 ] } },
{ "type": "Feature", "properties": { "内容": "椿【訪問介護】神奈川県川崎市宮前区宮崎2-8-26第5マルティビル501", "url": "https://www.kaigokensaku.mhlw.go.jp/14/index.php?action_kouhyou_detail_004_kani=true&JigyosyoCd=1475501118-00&ServiceCd=110&Type=search", "url2": "https://www.socius-mc.com/about/index.html#office" }, "geometry": { "type": "Point", "coordinates": [ 139.590823699999987, 35.587439 ] } },
{ "type": "Feature", "properties": { "内容": "ニチイケアセンター宮前平【訪問介護】神奈川県川崎市宮前区宮崎5-14-1サバーバントーワ１階", "url": "https://www.kaigokensaku.mhlw.go.jp/14/index.php?action_kouhyou_detail_004_kani=true&JigyosyoCd=1475501159-00&ServiceCd=110&Type=search", "url2": "https://www.nichiigakkan.co.jp/" }, "geometry": { "type": "Point", "coordinates": [ 139.5866907, 35.5899609 ] } },
{ "type": "Feature", "properties": { "内容": "さくらケアサービス【訪問介護】神奈川県川崎市宮前区西野川2-1-47", "url": "https://www.kaigokensaku.mhlw.go.jp/14/index.php?action_kouhyou_detail_004_kani=true&JigyosyoCd=1475501456-00&ServiceCd=110&Type=search", "url2": "https://hot-inc-care.studio.site/" }, "geometry": { "type": "Point", "coordinates": [ 139.605525155435004, 35.573341718127494 ] } },
{ "type": "Feature", "properties": { "内容": "愛らんどケア鷺沼【訪問介護】神奈川県川崎市宮前区鷺沼１－９－５サンスプリットハイム３０７", "url": "https://www.kaigokensaku.mhlw.go.jp/14/index.php?action_kouhyou_detail_004_kani=true&JigyosyoCd=1475501928-00&ServiceCd=110&Type=search", "url2": null }, "geometry": { "type": "Point", "coordinates": [ 139.573939759221332, 35.57607789879993 ] } },
{ "type": "Feature", "properties": { "内容": "川崎宮前やわらぎ【訪問介護】神奈川県川崎市宮前区潮見台8-21", "url": "https://www.kaigokensaku.mhlw.go.jp/14/index.php?action_kouhyou_detail_004_kani=true&JigyosyoCd=1475501951-00&ServiceCd=110&Type=search", "url2": "https://www.sunnylife-group.co.jp/kanagawa/141364/kawasakimiyamae" }, "geometry": { "type": "Point", "coordinates": [ 139.527753428172332, 35.593830438525671 ] } },
{ "type": "Feature", "properties": { "内容": "ヘルパーステーション初山ひまわり【訪問介護】神奈川県川崎市宮前区初山2-25-9-5ヒューマンヒルズ初山", "url": "https://www.kaigokensaku.mhlw.go.jp/14/index.php?action_kouhyou_detail_004_kani=true&JigyosyoCd=1475502330-00&ServiceCd=110&Type=search", "url2": "https://hc-hh.jp/" }, "geometry": { "type": "Point", "coordinates": [ 139.561906499999964, 35.5960016 ] } },
{ "type": "Feature", "properties": { "内容": "ケアリッツ鷺沼【訪問介護】神奈川県川崎市宮前区土橋2-3-2プランドール301", "url": "https://www.kaigokensaku.mhlw.go.jp/14/index.php?action_kouhyou_detail_004_kani=true&JigyosyoCd=1475502421-00&ServiceCd=110&Type=search", "url2": "https://www.careritz.co.jp/station/branch/saginuma/" }, "geometry": { "type": "Point", "coordinates": [ 139.576025068088171, 35.583658703275944 ] } },
{ "type": "Feature", "properties": { "内容": "ヒューマンライフケア宮前ホスピスホーム【訪問介護】神奈川県川崎市宮前区水沢3-13-22ヒューマンライフケア宮前ホスピスホーム", "url": "https://www.kaigokensaku.mhlw.go.jp/14/index.php?action_kouhyou_detail_004_kani=true&JigyosyoCd=1475502843-00&ServiceCd=110&Type=search", "url2": "https://kaigo.human-lifecare.jp/facilities/hh001_Miyamae/summary.html" }, "geometry": { "type": "Point", "coordinates": [ 139.540243850926203, 35.594184424259126 ] } },
{ "type": "Feature", "properties": { "内容": "ナラティブケア鷺沼【訪問介護】神奈川県川崎市宮前区小台1-17-16", "url": "https://www.kaigokensaku.mhlw.go.jp/14/index.php?action_kouhyou_detail_004_kani=true&JigyosyoCd=1475502884-00&ServiceCd=110&Type=search", "url2": null }, "geometry": { "type": "Point", "coordinates": [ 139.768243, 35.7546865 ] } },
{ "type": "Feature", "properties": { "内容": "デイズ【訪問介護】神奈川県川崎市宮前区宮崎5丁目１０－２９キャムハウス２０２", "url": "https://www.kaigokensaku.mhlw.go.jp/14/index.php?action_kouhyou_detail_004_kani=true&JigyosyoCd=1475602619-00&ServiceCd=110&Type=search", "url2": "https://white20191001.wixsite.com/my-site-2" }, "geometry": { "type": "Point", "coordinates": [ 139.586834258984624, 35.592061275875622 ] } },
{ "type": "Feature", "properties": { "内容": "ゆとり【訪問介護】神奈川県川崎市宮前区南野川1-6-19　三和電材ビル302三和電材ビル302", "url": "https://www.kaigokensaku.mhlw.go.jp/14/index.php?action_kouhyou_detail_004_kani=true&JigyosyoCd=1475502736-00&ServiceCd=110&Type=search", "url2": "http://www.fujimuracare.com/" }, "geometry": { "type": "Point", "coordinates": [ 139.598729, 35.571719 ] } },
{ "type": "Feature", "properties": { "内容": "ｅ－介護　ｓｔ．【訪問介護】神奈川県川崎市宮前区潮見台１５－１８", "url": "https://www.kaigokensaku.mhlw.go.jp/14/index.php?action_kouhyou_detail_004_kani=true&JigyosyoCd=1473701660-00&ServiceCd=110&Type=search", "url2": null }, "geometry": { "type": "Point", "coordinates": [ 139.535547800000018, 35.5913771 ] } },
{ "type": "Feature", "properties": { "内容": "ケアリッツ宮前平【訪問介護】神奈川県川崎市宮前区馬絹2-8-30プリティしゃが105", "url": "https://www.kaigokensaku.mhlw.go.jp/14/index.php?action_kouhyou_detail_004_kani=true&JigyosyoCd=1475502850-00&ServiceCd=110&Type=search", "url2": "https://www.careritz.co.jp/station/branch/miyamaedaira/" }, "geometry": { "type": "Point", "coordinates": [ 139.593515621784292, 35.580963027156201 ] } },
{ "type": "Feature", "properties": { "内容": "訪問介護ネクスト【訪問介護】神奈川県川崎市宮前区東有馬2-15-19アントレー鷺沼A１０２", "url": "https://www.kaigokensaku.mhlw.go.jp/14/index.php?action_kouhyou_detail_004_kani=true&JigyosyoCd=1475502876-00&ServiceCd=110&Type=search", "url2": null }, "geometry": { "type": "Point", "coordinates": [ 139.596732, 35.5754381 ] } },
{ "type": "Feature", "properties": { "内容": "結う縁〜ヘルパーステーション〜【訪問介護】川崎市麻生区上麻生6-29-15ハイツ柿生第3　1F", "url": "https://www.kaigokensaku.mhlw.go.jp/14/index.php?action_kouhyou_detail_004_kani=true&JigyosyoCd=1475602056-00&ServiceCd=110&Type=search", "url2": null }, "geometry": { "type": "Point", "coordinates": [ 139.497501400000033, 35.5880083 ] } },
{ "type": "Feature", "properties": { "内容": "ノーブル【訪問介護】神奈川県川崎市麻生区細山4-17-6", "url": "https://www.kaigokensaku.mhlw.go.jp/14/index.php?action_kouhyou_detail_004_kani=true&JigyosyoCd=1475602742-00&ServiceCd=110&Type=search", "url2": "https://www.noble-care.net/" }, "geometry": { "type": "Point", "coordinates": [ 139.511986077909853, 35.619671663778085 ] } },
{ "type": "Feature", "properties": { "内容": "生活協同組合パルシステム神奈川ぬくもり麻生【訪問介護】神奈川県川崎市麻生区王禅寺西5-2-14", "url": "https://www.kaigokensaku.mhlw.go.jp/14/index.php?action_kouhyou_detail_004_kani=true&JigyosyoCd=1475602759-00&ServiceCd=110&Type=search", "url2": "https://nukumori.palsystem-kanagawa.coop/" }, "geometry": { "type": "Point", "coordinates": [ 139.507782099999986, 35.594160100000011 ] } },
{ "type": "Feature", "properties": { "内容": "ほほえみケア【訪問介護】神奈川県川崎市麻生区上麻生三丁目5番27号", "url": "https://www.kaigokensaku.mhlw.go.jp/14/index.php?action_kouhyou_detail_004_kani=true&JigyosyoCd=1475602767-00&ServiceCd=110&Type=search", "url2": "https://nsmile.co.jp/" }, "geometry": { "type": "Point", "coordinates": [ 139.5059047, 35.598161 ] } },
{ "type": "Feature", "properties": { "内容": "はるた訪問介護事業所【訪問介護】神奈川県川崎市麻生区上麻生5-38-5藤屋ビル8号室", "url": "https://www.kaigokensaku.mhlw.go.jp/14/index.php?action_kouhyou_detail_004_kani=true&JigyosyoCd=1475602775-00&ServiceCd=110&Type=search", "url2": null }, "geometry": { "type": "Point", "coordinates": [ 139.498361476057454, 35.589910012914352 ] } },
{ "type": "Feature", "properties": { "内容": "ねこの手【訪問介護】神奈川県川崎市麻生区白鳥1-15-17", "url": "https://www.kaigokensaku.mhlw.go.jp/14/index.php?action_kouhyou_detail_004_kani=true&JigyosyoCd=1475602783-00&ServiceCd=110&Type=search", "url2": "https://www.kaigonekonote.com" }, "geometry": { "type": "Point", "coordinates": [ 139.4869089, 35.6031363 ] } },
{ "type": "Feature", "properties": { "内容": "ケア工房・真謝【訪問介護】神奈川県川崎市麻生区王禅寺西１－４４－１第二芙蓉ビル１０２号室", "url": "https://www.kaigokensaku.mhlw.go.jp/14/index.php?action_kouhyou_detail_004_kani=true&JigyosyoCd=1465690060-00&ServiceCd=110&Type=search", "url2": "http://www.care-koubou.jp/cgi-bin/maja/siteup.cgi?category=1&page=3" }, "geometry": { "type": "Point", "coordinates": [ 139.514049099999966, 35.5982728 ] } },
{ "type": "Feature", "properties": { "内容": "生活リハビリクラブ麻生【訪問介護】神奈川県川崎市麻生区東百合丘3-17-4る-むら麻生", "url": "https://www.kaigokensaku.mhlw.go.jp/14/index.php?action_kouhyou_detail_004_kani=true&JigyosyoCd=1475600027-00&ServiceCd=110&Type=search", "url2": "https://kanagawa.seikatsuclub.coop/service/rehabilitation/asao.html" }, "geometry": { "type": "Point", "coordinates": [ 139.530242126983637, 35.596728724772674 ] } },
{ "type": "Feature", "properties": { "内容": "ニチイケアセンター新百合ヶ丘【訪問介護】神奈川県川崎市麻生区万福寺2-4-7アノンテラス新百合ヶ丘201", "url": "https://www.kaigokensaku.mhlw.go.jp/14/index.php?action_kouhyou_detail_004_kani=true&JigyosyoCd=1475600225-00&ServiceCd=110&Type=search", "url2": "https://www.nichii-kaigo.jp/base/base-result/05D31/" }, "geometry": { "type": "Point", "coordinates": [ 139.510513861396447, 35.605706078339828 ] } },
{ "type": "Feature", "properties": { "内容": "特定非営利活動法人　ケアセンター介護福祉士会【訪問介護】神奈川県川崎市麻生区百合丘２－９－７百合丘ハイデンス1Ｄ", "url": "https://www.kaigokensaku.mhlw.go.jp/14/index.php?action_kouhyou_detail_004_kani=true&JigyosyoCd=1475600290-00&ServiceCd=110&Type=search", "url2": "https://carecenterkaigohukusisikai.jimdosite.com/" }, "geometry": { "type": "Point", "coordinates": [ 139.516923799999972, 35.6031169 ] } },
{ "type": "Feature", "properties": { "内容": "新百合ケ丘ヘルパーステーション　のぎく【訪問介護】神奈川県川崎市麻生区上麻生3-14-20", "url": "https://www.kaigokensaku.mhlw.go.jp/14/index.php?action_kouhyou_detail_004_kani=true&JigyosyoCd=1475600316-00&ServiceCd=110&Type=search", "url2": "https://www.reimeikai.care/blank-5" }, "geometry": { "type": "Point", "coordinates": [ 139.50184420000005, 35.5984998 ] } },
{ "type": "Feature", "properties": { "内容": "スマイル・アイ・訪問介護ステーション【訪問介護】神奈川県川崎市麻生区百合丘１－２３－４ダイヤマンション２０２", "url": "https://www.kaigokensaku.mhlw.go.jp/14/index.php?action_kouhyou_detail_004_kani=true&JigyosyoCd=1475600886-00&ServiceCd=110&Type=search", "url2": null }, "geometry": { "type": "Point", "coordinates": [ 139.516842900000029, 35.609679600000014 ] } },
{ "type": "Feature", "properties": { "内容": "アクアピア百合丘【訪問介護】神奈川県川崎市麻生区百合丘3-27-1アクアピアビル2F", "url": "https://www.kaigokensaku.mhlw.go.jp/14/index.php?action_kouhyou_detail_004_kani=true&JigyosyoCd=1475601124-00&ServiceCd=110&Type=search", "url2": "https://www.apua-care.jp/" }, "geometry": { "type": "Point", "coordinates": [ 139.5172516, 35.603353 ] } },
{ "type": "Feature", "properties": { "内容": "セントケア　あさお【訪問介護】神奈川県川崎市麻生区多摩美１－2－４", "url": "https://www.kaigokensaku.mhlw.go.jp/14/index.php?action_kouhyou_detail_004_kani=true&JigyosyoCd=1475601199-00&ServiceCd=110&Type=search", "url2": "http://www.saintc-k.com/" }, "geometry": { "type": "Point", "coordinates": [ 139.524194065838628, 35.615689578326766 ] } },
{ "type": "Feature", "properties": { "内容": "かないばら苑ヘルパーステーション【訪問介護】神奈川県川崎市麻生区片平1430", "url": "https://www.kaigokensaku.mhlw.go.jp/14/index.php?action_kouhyou_detail_004_kani=true&JigyosyoCd=1475601520-00&ServiceCd=110&Type=search", "url2": "https://kanaibara.or.jp/service/home-care/#area-1" }, "geometry": { "type": "Point", "coordinates": [ 139.479475800000046, 35.6023864 ] } },
{ "type": "Feature", "properties": { "内容": "GTLケアサービス新百合ヶ丘【訪問介護】神奈川県川崎市麻生区万福寺1丁目12番7号山田ビル3階", "url": "https://www.kaigokensaku.mhlw.go.jp/14/index.php?action_kouhyou_detail_004_kani=true&JigyosyoCd=1475601579-00&ServiceCd=110&Type=search", "url2": null }, "geometry": { "type": "Point", "coordinates": [ 139.505310987673454, 35.605081110319105 ] } },
{ "type": "Feature", "properties": { "内容": "訪問介護センターさゆり【訪問介護】神奈川県川崎市麻生区細山2-8-5ハイツアルコープ103", "url": "https://www.kaigokensaku.mhlw.go.jp/14/index.php?action_kouhyou_detail_004_kani=true&JigyosyoCd=1475601645-00&ServiceCd=110&Type=search", "url2": "https://www.sayuri-kaigo.com/" }, "geometry": { "type": "Point", "coordinates": [ 139.517098, 35.616322899999986 ] } },
{ "type": "Feature", "properties": { "内容": "ヘルパーステーションゆらりん【訪問介護】神奈川県川崎市麻生区岡上4-2-26", "url": "https://www.kaigokensaku.mhlw.go.jp/14/index.php?action_kouhyou_detail_004_kani=true&JigyosyoCd=1475601702-00&ServiceCd=110&Type=search", "url2": "http://yurarin.jp/" }, "geometry": { "type": "Point", "coordinates": [ 139.480582104229711, 35.580463845025079 ] } },
{ "type": "Feature", "properties": { "内容": "エイプレイス麻生【訪問介護】神奈川県川崎市麻生区万福寺1丁目8番7号パストラル新百合ヶ丘310号室", "url": "https://www.kaigokensaku.mhlw.go.jp/14/index.php?action_kouhyou_detail_004_kani=true&JigyosyoCd=1475601751-00&ServiceCd=110&Type=search", "url2": "http://www.a-place.co.jp" }, "geometry": { "type": "Point", "coordinates": [ 139.503999346881301, 35.603462968357377 ] } },
{ "type": "Feature", "properties": { "内容": "訪問介護ステーション・虹の風【訪問介護】神奈川県川崎市麻生区岡上３丁目１５番地２６号１F", "url": "https://www.kaigokensaku.mhlw.go.jp/14/index.php?action_kouhyou_detail_004_kani=true&JigyosyoCd=1475601983-00&ServiceCd=110&Type=search", "url2": "http://www002.upp.so-net.ne.jp/nijinokaze/" }, "geometry": { "type": "Point", "coordinates": [ 139.482434199999943, 35.5804772 ] } },
{ "type": "Feature", "properties": { "内容": "ニチイケアセンター上麻生【訪問介護】神奈川県川崎市麻生区上麻生6-29-11あやめハイツ1階C号室", "url": "https://www.kaigokensaku.mhlw.go.jp/14/index.php?action_kouhyou_detail_004_kani=true&JigyosyoCd=1475602296-00&ServiceCd=110&Type=search", "url2": "http://www.nichiigakkan.co.jp" }, "geometry": { "type": "Point", "coordinates": [ 139.497799500000042, 35.587967700000043 ] } },
{ "type": "Feature", "properties": { "内容": "プレストコート麻生栗木台訪問介護事業所【訪問介護】神奈川県川崎市麻生区栗木台2-14-7", "url": "https://www.kaigokensaku.mhlw.go.jp/14/index.php?action_kouhyou_detail_004_kani=true&JigyosyoCd=1475602304-00&ServiceCd=110&Type=search", "url2": "https://presto-care.co.jp" }, "geometry": { "type": "Point", "coordinates": [ 139.471884625794928, 35.611760252680199 ] } },
{ "type": "Feature", "properties": { "内容": "ケアホーム　みづほ【訪問介護】神奈川県川崎市麻生区上麻生七丁目８番１号コーポラティブハウス柿生６１１", "url": "https://www.kaigokensaku.mhlw.go.jp/14/index.php?action_kouhyou_detail_004_kani=true&JigyosyoCd=1475602346-00&ServiceCd=110&Type=search", "url2": null }, "geometry": { "type": "Point", "coordinates": [ 139.4994202, 35.5830252 ] } },
{ "type": "Feature", "properties": { "内容": "ツクイ・サンフォレスト川崎麻生【訪問介護】神奈川県川崎市麻生区上麻生7-11-5", "url": "https://www.kaigokensaku.mhlw.go.jp/14/index.php?action_kouhyou_detail_004_kani=true&JigyosyoCd=1475602395-00&ServiceCd=110&Type=search", "url2": "https://www.tsukui.net" }, "geometry": { "type": "Point", "coordinates": [ 139.497145945759314, 35.582590427332725 ] } },
{ "type": "Feature", "properties": { "内容": "ツクイ新百合ヶ丘駅前【訪問介護】神奈川県川崎市麻生区万福寺1-15-10レオーダ新百合ヶ丘　２階", "url": "https://www.kaigokensaku.mhlw.go.jp/14/index.php?action_kouhyou_detail_004_kani=true&JigyosyoCd=1475602411-00&ServiceCd=110&Type=search", "url2": "https://www.tsukui.net/" }, "geometry": { "type": "Point", "coordinates": [ 139.507281299999988, 35.6052851 ] } },
{ "type": "Feature", "properties": { "内容": "川崎麻生やわらぎ【訪問介護】神奈川県川崎市麻生区片平5-33-1", "url": "https://www.kaigokensaku.mhlw.go.jp/14/index.php?action_kouhyou_detail_004_kani=true&JigyosyoCd=1475602452-00&ServiceCd=110&Type=search", "url2": "https://www.sunnylife-group.co.jp/" }, "geometry": { "type": "Point", "coordinates": [ 139.492841962565592, 35.595419391299984 ] } },
{ "type": "Feature", "properties": { "内容": "ミアヘルサホームヘルプ新百合ヶ丘【訪問介護】神奈川県川崎市麻生区白鳥1-4-1メディケアオアシス新百合ヶ丘", "url": "https://www.kaigokensaku.mhlw.go.jp/14/index.php?action_kouhyou_detail_004_kani=true&JigyosyoCd=1475602528-00&ServiceCd=110&Type=search", "url2": "https://www.merhalsa.jp/care/shop/detail/?id=177/" }, "geometry": { "type": "Point", "coordinates": [ 139.485543, 35.6002379 ] } },
{ "type": "Feature", "properties": { "内容": "川崎北部訪問介護ステーション　はなみずき【訪問介護】神奈川県川崎市麻生区上麻生5-35-7ハイツ柿生　第2　105号", "url": "https://www.kaigokensaku.mhlw.go.jp/14/index.php?action_kouhyou_detail_004_kani=true&JigyosyoCd=1475600423-00&ServiceCd=110&Type=search", "url2": "http://koureikyou-k.com/type/visit-care/" }, "geometry": { "type": "Point", "coordinates": [ 139.500386099999986, 35.5885116 ] } },
{ "type": "Feature", "properties": { "内容": "ケアステーション川崎Ringwith【訪問介護】神奈川県川崎市麻生区片平6-6-6オアシスらんど柿生１F", "url": "https://www.kaigokensaku.mhlw.go.jp/14/index.php?action_kouhyou_detail_004_kani=true&JigyosyoCd=1475602809-00&ServiceCd=110&Type=search", "url2": null }, "geometry": { "type": "Point", "coordinates": [ 139.4879984, 35.5973502 ] } },
{ "type": "Feature", "properties": { "内容": "ベネッセ介護センター読売ランド前【訪問介護】神奈川県川崎市麻生区多摩美1-3-11-B", "url": "https://www.kaigokensaku.mhlw.go.jp/14/index.php?action_kouhyou_detail_004_kani=true&JigyosyoCd=1475402143-00&ServiceCd=110&Type=search", "url2": "https://www.benesse-style-care.co.jp/" }, "geometry": { "type": "Point", "coordinates": [ 139.350497, 35.611986 ] } },
{ "type": "Feature", "properties": { "内容": "特定非営利活動法人ワーカーズコレクティブグループとも【訪問介護】神奈川県川崎市麻生区王禅寺西3-26-6", "url": "https://www.kaigokensaku.mhlw.go.jp/14/index.php?action_kouhyou_detail_004_kani=true&JigyosyoCd=1475600449-00&ServiceCd=110&Type=search", "url2": "https://web-k2.jp/gr-tomo/" }, "geometry": { "type": "Point", "coordinates": [ 139.517774, 35.5965983 ] } },
{ "type": "Feature", "properties": { "内容": "ニチイケアセンター栗平【訪問介護】神奈川県川崎市麻生区栗平1-2-13", "url": "https://www.kaigokensaku.mhlw.go.jp/14/index.php?action_kouhyou_detail_004_kani=true&JigyosyoCd=1475600902-00&ServiceCd=110&Type=search", "url2": "https://www.nichiigakkan.co.jp/" }, "geometry": { "type": "Point", "coordinates": [ 139.479986899999972, 35.6041835 ] } },
{ "type": "Feature", "properties": { "内容": "「結」ケアセンターあさお【訪問介護】神奈川県川崎市麻生区片平2-22-1103", "url": "https://www.kaigokensaku.mhlw.go.jp/14/index.php?action_kouhyou_detail_004_kani=true&JigyosyoCd=1475600944-00&ServiceCd=110&Type=search", "url2": "https://asao.nihon-lifecare.jp/" }, "geometry": { "type": "Point", "coordinates": [ 139.49733070000002, 35.5923777 ] } },
{ "type": "Feature", "properties": { "内容": "あさお訪問介護ステーション【訪問介護】神奈川県川崎市麻生区栗木台1-13-52F", "url": "https://www.kaigokensaku.mhlw.go.jp/14/index.php?action_kouhyou_detail_004_kani=true&JigyosyoCd=1475601827-00&ServiceCd=110&Type=search", "url2": "https://www.heartful-k.org/" }, "geometry": { "type": "Point", "coordinates": [ 139.476487911639424, 35.608016604319552 ] } },
{ "type": "Feature", "properties": { "内容": "グランダ新百合ヶ丘ケアステーション【訪問介護】神奈川県川崎市麻生区古沢109-3", "url": "https://www.kaigokensaku.mhlw.go.jp/14/index.php?action_kouhyou_detail_004_kani=true&JigyosyoCd=1475601868-00&ServiceCd=110&Type=search", "url2": "https://www.benesse-style-care.co.jp/" }, "geometry": { "type": "Point", "coordinates": [ 137.139746699999932, 36.6909815 ] } },
{ "type": "Feature", "properties": { "内容": "ケアハーバー新緑　訪問介護事業所【訪問介護】神奈川県川崎市麻生区王禅寺西6-14-3サンパレス池田93-302", "url": "https://www.kaigokensaku.mhlw.go.jp/14/index.php?action_kouhyou_detail_004_kani=true&JigyosyoCd=1475602155-00&ServiceCd=110&Type=search", "url2": "https://www.tsm-asao.com" }, "geometry": { "type": "Point", "coordinates": [ 139.505384204829454, 35.590976874222598 ] } },
{ "type": "Feature", "properties": { "内容": "ＳＯＭＰＯケア　川崎新百合ヶ丘　訪問介護【訪問介護】神奈川県川崎市麻生区万福寺４－１－８グラードビュウ百合丘２階２０１号室", "url": "https://www.kaigokensaku.mhlw.go.jp/14/index.php?action_kouhyou_detail_004_kani=true&JigyosyoCd=1475602189-00&ServiceCd=110&Type=search", "url2": "http://www.sompocare.com/" }, "geometry": { "type": "Point", "coordinates": [ 139.5131063, 35.608230200000015 ] } },
{ "type": "Feature", "properties": { "内容": "学研ココファン柿生ヘルパーセンター【訪問介護】神奈川県川崎市麻生区上麻生七丁目2番32号", "url": "https://www.kaigokensaku.mhlw.go.jp/14/index.php?action_kouhyou_detail_004_kani=true&JigyosyoCd=1475602221-00&ServiceCd=110&Type=search", "url2": "https://www.cocofump.co.jp/" }, "geometry": { "type": "Point", "coordinates": [ 139.497128, 35.5834506 ] } },
{ "type": "Feature", "properties": { "内容": "訪問介護ふく【訪問介護】神奈川県川崎市麻生区上麻生7-43-18ミラヴェル麻生304", "url": "https://www.kaigokensaku.mhlw.go.jp/14/index.php?action_kouhyou_detail_004_kani=true&JigyosyoCd=1475602239-00&ServiceCd=110&Type=search", "url2": null }, "geometry": { "type": "Point", "coordinates": [ 139.504290699999984, 35.5783541 ] } },
{ "type": "Feature", "properties": { "内容": "医療特化型ケアメディコ新百合ヶ丘【訪問介護】神奈川県川崎市麻生区金程２丁目１４番地４1Ｆ", "url": "https://www.kaigokensaku.mhlw.go.jp/14/index.php?action_kouhyou_detail_004_kani=true&JigyosyoCd=1475602262-00&ServiceCd=110&Type=search", "url2": null }, "geometry": { "type": "Point", "coordinates": [ 139.501282599999968, 35.611034 ] } },
{ "type": "Feature", "properties": { "内容": "すてきな介護さぽーと21【訪問介護】神奈川県川崎市麻生区上麻生2-1-8", "url": "https://www.kaigokensaku.mhlw.go.jp/14/index.php?action_kouhyou_detail_004_kani=true&JigyosyoCd=1475602593-00&ServiceCd=110&Type=search", "url2": null }, "geometry": { "type": "Point", "coordinates": [ 139.5106013, 35.6026335 ] } },
{ "type": "Feature", "properties": { "内容": "アスフェル訪問介護百合ヶ丘【訪問介護】神奈川県川崎市麻生区百合丘1-5-5百合ヶ丘ハイム301", "url": "https://www.kaigokensaku.mhlw.go.jp/14/index.php?action_kouhyou_detail_004_kani=true&JigyosyoCd=1475602627-00&ServiceCd=110&Type=search", "url2": "https://asfell.co.jp/houmon/index.html" }, "geometry": { "type": "Point", "coordinates": [ 139.519328791487567, 35.610222298185008 ] } },
{ "type": "Feature", "properties": { "内容": "クレール麻生ヘルパーセンター【訪問介護】神奈川県川崎市麻生区栗木台5-3-5", "url": "https://www.kaigokensaku.mhlw.go.jp/14/index.php?action_kouhyou_detail_004_kani=true&JigyosyoCd=1475602726-00&ServiceCd=110&Type=search", "url2": null }, "geometry": { "type": "Point", "coordinates": [ 139.479839, 35.612338 ] } },
{ "type": "Feature", "properties": { "内容": "HappyDays【訪問介護】神奈川県相模原市緑区相原1-21-15", "url": "https://www.kaigokensaku.mhlw.go.jp/14/index.php?action_kouhyou_detail_004_kani=true&JigyosyoCd=1472611035-00&ServiceCd=110&Type=search", "url2": null }, "geometry": { "type": "Point", "coordinates": [ 139.324881800000014, 35.6041831 ] } },
{ "type": "Feature", "properties": { "内容": "アナベル訪問介護事業所【訪問介護】神奈川県相模原市緑区若葉台５丁目９番地１１", "url": "https://www.kaigokensaku.mhlw.go.jp/14/index.php?action_kouhyou_detail_004_kani=true&JigyosyoCd=1472612157-00&ServiceCd=110&Type=search", "url2": "https://anabelkaigo.wixsite.com/my-site" }, "geometry": { "type": "Point", "coordinates": [ 139.289957500000014, 35.5949541 ] } },
{ "type": "Feature", "properties": { "内容": "訪問介護ステーション悠大島【訪問介護】神奈川県相模原市緑区大島1597-1医療連携施設悠大島", "url": "https://www.kaigokensaku.mhlw.go.jp/14/index.php?action_kouhyou_detail_004_kani=true&JigyosyoCd=1472612389-00&ServiceCd=110&Type=search", "url2": "https://www.sps-koyugr.com/project/ooshima.pdf" }, "geometry": { "type": "Point", "coordinates": [ 139.323427475314332, 35.574047881541965 ] } },
{ "type": "Feature", "properties": { "内容": "訪問介護サービス　ひまわり倶楽部　さがみ湖【訪問介護】神奈川県相模原市緑区寸沢嵐3333-1", "url": "https://www.kaigokensaku.mhlw.go.jp/14/index.php?action_kouhyou_detail_004_kani=true&JigyosyoCd=1472612413-00&ServiceCd=110&Type=search", "url2": "https://ksk-g.jp/" }, "geometry": { "type": "Point", "coordinates": [ 139.197904099999988, 35.6027242 ] } },
{ "type": "Feature", "properties": { "内容": "あひる介護【訪問介護】神奈川県相模原市緑区二本松1-22-16", "url": "https://www.kaigokensaku.mhlw.go.jp/14/index.php?action_kouhyou_detail_004_kani=true&JigyosyoCd=1472612272-00&ServiceCd=110&Type=search", "url2": null }, "geometry": { "type": "Point", "coordinates": [ 139.325299300000012, 35.5907372 ] } },
{ "type": "Feature", "properties": { "内容": "ケア24さくら【訪問介護】神奈川県相模原市緑区二本松2丁目45-7", "url": "https://www.kaigokensaku.mhlw.go.jp/14/index.php?action_kouhyou_detail_004_kani=true&JigyosyoCd=1472606514-00&ServiceCd=110&Type=search", "url2": "https://www.care24sakura.net/" }, "geometry": { "type": "Point", "coordinates": [ 139.32040986532553, 35.590316221702473 ] } },
{ "type": "Feature", "properties": { "内容": "ライフコート相模原下九沢　さくらんぼ【訪問介護】神奈川県相模原市緑区下九沢1915-1ライフコート相模原下九沢1階", "url": "https://www.kaigokensaku.mhlw.go.jp/14/index.php?action_kouhyou_detail_004_kani=true&JigyosyoCd=1472608130-00&ServiceCd=110&Type=search", "url2": "http://www.care-sakuranbo.jp/facilities/sagamiharashimokuzawa/" }, "geometry": { "type": "Point", "coordinates": [ 139.333013467459068, 35.579069337047279 ] } },
{ "type": "Feature", "properties": { "内容": "ケアサービスオグラ【訪問介護】神奈川県相模原市緑区小倉424番地", "url": "https://www.kaigokensaku.mhlw.go.jp/14/index.php?action_kouhyou_detail_004_kani=true&JigyosyoCd=1472608197-00&ServiceCd=110&Type=search", "url2": null }, "geometry": { "type": "Point", "coordinates": [ 139.299286398116692, 35.583241237305046 ] } },
{ "type": "Feature", "properties": { "内容": "サン・ライフ福祉サービスセンター相模原事業所【訪問介護】神奈川県相模原市緑区二本松1-1-12インサイドビル2A", "url": "https://www.kaigokensaku.mhlw.go.jp/14/index.php?action_kouhyou_detail_004_kani=true&JigyosyoCd=1472611746-00&ServiceCd=110&Type=search", "url2": null }, "geometry": { "type": "Point", "coordinates": [ 139.325499971775599, 35.594545929495723 ] } },
{ "type": "Feature", "properties": { "内容": "訪問介護サービス　いおり【訪問介護】神奈川県相模原市緑区中野1077-1", "url": "https://www.kaigokensaku.mhlw.go.jp/14/index.php?action_kouhyou_detail_004_kani=true&JigyosyoCd=1472611936-00&ServiceCd=110&Type=search", "url2": "https://www.iori-npo.com/" }, "geometry": { "type": "Point", "coordinates": [ 139.252247133729554, 35.58511201514937 ] } },
{ "type": "Feature", "properties": { "内容": "SOMPOケア　橋本　訪問介護【訪問介護】神奈川県相模原市緑区西橋本1丁目4番8号ラヴィーレレジデンス橋本", "url": "https://www.kaigokensaku.mhlw.go.jp/14/index.php?action_kouhyou_detail_004_kani=true&JigyosyoCd=1472612025-00&ServiceCd=110&Type=search", "url2": "https://www.sompocare.com" }, "geometry": { "type": "Point", "coordinates": [ 139.3407188, 35.5913976 ] } },
{ "type": "Feature", "properties": { "内容": "ワーカーズはっぴー【訪問介護】神奈川県相模原市緑区相原2-34-11榎本荘102", "url": "https://www.kaigokensaku.mhlw.go.jp/14/index.php?action_kouhyou_detail_004_kani=true&JigyosyoCd=1472612702-00&ServiceCd=110&Type=search", "url2": null }, "geometry": { "type": "Point", "coordinates": [ 139.3246428, 35.5990538 ] } },
{ "type": "Feature", "properties": { "内容": "訪問介護事業所　海【訪問介護】神奈川県相模原市緑区二本松4－25－10", "url": "https://www.kaigokensaku.mhlw.go.jp/14/index.php?action_kouhyou_detail_004_kani=true&JigyosyoCd=1472612751-00&ServiceCd=110&Type=search", "url2": null }, "geometry": { "type": "Point", "coordinates": [ 139.321020299999986, 35.5959033 ] } },
{ "type": "Feature", "properties": { "内容": "ニチイケアセンター相模湖【訪問介護】神奈川県相模原市緑区与瀬本町43新井ビル２階", "url": "https://www.kaigokensaku.mhlw.go.jp/14/index.php?action_kouhyou_detail_004_kani=true&JigyosyoCd=1471700102-00&ServiceCd=110&Type=search", "url2": "https://www.nichii-kaigo.jp/base/base-result/05H58/" }, "geometry": { "type": "Point", "coordinates": [ 139.188739, 35.6157438 ] } },
{ "type": "Feature", "properties": { "内容": "アルプスケアハート相模湖【訪問介護】神奈川県相模原市緑区与瀬429-1ふれあいの杜さがみ湖２F", "url": "https://www.kaigokensaku.mhlw.go.jp/14/index.php?action_kouhyou_detail_004_kani=true&JigyosyoCd=1472612199-00&ServiceCd=110&Type=search", "url2": "https://www.alpscareheart.co.jp/corporate" }, "geometry": { "type": "Point", "coordinates": [ 139.1885, 35.61425 ] } },
{ "type": "Feature", "properties": { "内容": "訪問介護リベル　元橋本【訪問介護】神奈川県相模原市緑区元橋本町36番27号", "url": "https://www.kaigokensaku.mhlw.go.jp/14/index.php?action_kouhyou_detail_004_kani=true&JigyosyoCd=1472612793-00&ServiceCd=110&Type=search", "url2": null }, "geometry": { "type": "Point", "coordinates": [ 139.3331897, 35.6026443 ] } },
{ "type": "Feature", "properties": { "内容": "ヘルパーまごころ【訪問介護】神奈川県相模原市緑区小渕1545-1", "url": "https://www.kaigokensaku.mhlw.go.jp/14/index.php?action_kouhyou_detail_004_kani=true&JigyosyoCd=1471700128-00&ServiceCd=110&Type=search", "url2": null }, "geometry": { "type": "Point", "coordinates": [ 139.147532460118896, 35.616423260113699 ] } },
{ "type": "Feature", "properties": { "内容": "グリーンヒルズ訪問介護ステーション【訪問介護】神奈川県相模原市緑区大島1583-1", "url": "https://www.kaigokensaku.mhlw.go.jp/14/index.php?action_kouhyou_detail_004_kani=true&JigyosyoCd=1472600756-00&ServiceCd=110&Type=search", "url2": "https://koyu.or.jp/" }, "geometry": { "type": "Point", "coordinates": [ 139.3242864, 35.5752418 ] } },
{ "type": "Feature", "properties": { "内容": "わかば介護サービス【訪問介護】神奈川県相模原市緑区橋本5-33-8コーポ古堅102", "url": "https://www.kaigokensaku.mhlw.go.jp/14/index.php?action_kouhyou_detail_004_kani=true&JigyosyoCd=1472602331-00&ServiceCd=110&Type=search", "url2": "http://www.kaigo-shien.com/index.html" }, "geometry": { "type": "Point", "coordinates": [ 139.342708899999934, 35.6023292 ] } },
{ "type": "Feature", "properties": { "内容": "株式会社ハンディ介護センター【訪問介護】神奈川県相模原市緑区二本松3-18-29", "url": "https://www.kaigokensaku.mhlw.go.jp/14/index.php?action_kouhyou_detail_004_kani=true&JigyosyoCd=1472602927-00&ServiceCd=110&Type=search", "url2": "http://www.handykaigo.jp/service/visitnursing/" }, "geometry": { "type": "Point", "coordinates": [ 139.320147300000031, 35.5953593 ] } },
{ "type": "Feature", "properties": { "内容": "ＯＲＣヘルパーステーション【訪問介護】神奈川県相模原市緑区下九沢2873-3", "url": "https://www.kaigokensaku.mhlw.go.jp/14/index.php?action_kouhyou_detail_004_kani=true&JigyosyoCd=1472604105-00&ServiceCd=110&Type=search", "url2": null }, "geometry": { "type": "Point", "coordinates": [ 139.319922600000041, 35.5865308 ] } },
{ "type": "Feature", "properties": { "内容": "しらゆり介護サービス【訪問介護】神奈川県相模原市緑区原宿２－７－３９", "url": "https://www.kaigokensaku.mhlw.go.jp/14/index.php?action_kouhyou_detail_004_kani=true&JigyosyoCd=1472604394-00&ServiceCd=110&Type=search", "url2": "http://shirayurikaigo.s2.weblife.me./index.html" }, "geometry": { "type": "Point", "coordinates": [ 139.3130423, 35.5971894 ] } },
{ "type": "Feature", "properties": { "内容": "訪問介護事業所　かたくりの里【訪問介護】神奈川県相模原市緑区三ヶ木１６２６－１パーソナルマンション１０３", "url": "https://www.kaigokensaku.mhlw.go.jp/14/index.php?action_kouhyou_detail_004_kani=true&JigyosyoCd=1472605102-00&ServiceCd=110&Type=search", "url2": null }, "geometry": { "type": "Point", "coordinates": [ 139.227819849267576, 35.590504853026808 ] } },
{ "type": "Feature", "properties": { "内容": "ケアステーション暖【訪問介護】神奈川県相模原市緑区大山町8－13井上産業ビル", "url": "https://www.kaigokensaku.mhlw.go.jp/14/index.php?action_kouhyou_detail_004_kani=true&JigyosyoCd=1472605524-00&ServiceCd=110&Type=search", "url2": null }, "geometry": { "type": "Point", "coordinates": [ 139.345519850926195, 35.587585887331599 ] } },
{ "type": "Feature", "properties": { "内容": "生活リハビリクラブ橋本【訪問介護】神奈川県相模原市緑区橋本台１-１８-１０パストラル長田　201", "url": "https://www.kaigokensaku.mhlw.go.jp/14/index.php?action_kouhyou_detail_004_kani=true&JigyosyoCd=1472607918-00&ServiceCd=110&Type=search", "url2": "https://kanagawa.seikatsuclub.coop/service/rehabilitation/hashimoto.html" }, "geometry": { "type": "Point", "coordinates": [ 139.345447400000012, 35.5832907 ] } },
{ "type": "Feature", "properties": { "内容": "ヘルパーステーション　ケアライン【訪問介護】神奈川県相模原市緑区三井646番地1", "url": "https://www.kaigokensaku.mhlw.go.jp/14/index.php?action_kouhyou_detail_004_kani=true&JigyosyoCd=1472608767-00&ServiceCd=110&Type=search", "url2": null }, "geometry": { "type": "Point", "coordinates": [ 139.262187915344271, 35.594599157160822 ] } },
{ "type": "Feature", "properties": { "内容": "訪問介護事業所　えみのわ神奈川【訪問介護】神奈川県相模原市緑区原宿3-7-7-102", "url": "https://www.kaigokensaku.mhlw.go.jp/14/index.php?action_kouhyou_detail_004_kani=true&JigyosyoCd=1472609138-00&ServiceCd=110&Type=search", "url2": null }, "geometry": { "type": "Point", "coordinates": [ 139.349729600000046, 35.5950457 ] } },
{ "type": "Feature", "properties": { "内容": "ケアステーションあかり【訪問介護】神奈川県相模原市緑区鳥屋837番地8", "url": "https://www.kaigokensaku.mhlw.go.jp/14/index.php?action_kouhyou_detail_004_kani=true&JigyosyoCd=1472609195-00&ServiceCd=110&Type=search", "url2": null }, "geometry": { "type": "Point", "coordinates": [ 139.22442060000003, 35.5448296 ] } },
{ "type": "Feature", "properties": { "内容": "訪問介護　エクシオケア相模【訪問介護】神奈川県相模原市緑区二本松4-26-19", "url": "https://www.kaigokensaku.mhlw.go.jp/14/index.php?action_kouhyou_detail_004_kani=true&JigyosyoCd=1472609450-00&ServiceCd=110&Type=search", "url2": "https://www.exeo-home.jp/care_sagami.html" }, "geometry": { "type": "Point", "coordinates": [ 139.329305200000022, 35.5824343 ] } },
{ "type": "Feature", "properties": { "内容": "訪問介護ひまわり二本松【訪問介護】神奈川県相模原市緑区二本松1-21-8サンプラザ3番館102", "url": "https://www.kaigokensaku.mhlw.go.jp/14/index.php?action_kouhyou_detail_004_kani=true&JigyosyoCd=1472609526-00&ServiceCd=110&Type=search", "url2": null }, "geometry": { "type": "Point", "coordinates": [ 139.325566900000013, 35.5910695 ] } },
{ "type": "Feature", "properties": { "内容": "ニチイケアセンター津久井湖【訪問介護】神奈川県相模原市緑区中野1004-8大野ビル1Ｆ", "url": "https://www.kaigokensaku.mhlw.go.jp/14/index.php?action_kouhyou_detail_004_kani=true&JigyosyoCd=1472610391-00&ServiceCd=110&Type=search", "url2": "http://www.nichii-kaigo.jp/base/base-result/05BB3/" }, "geometry": { "type": "Point", "coordinates": [ 139.253198500000053, 35.5873375 ] } },
{ "type": "Feature", "properties": { "内容": "ライブラリ橋本訪問介護事業所【訪問介護】神奈川県相模原市緑区二本松4丁目8番16号", "url": "https://www.kaigokensaku.mhlw.go.jp/14/index.php?action_kouhyou_detail_004_kani=true&JigyosyoCd=1472610623-00&ServiceCd=110&Type=search", "url2": "https://www.living-platform.com/care/49" }, "geometry": { "type": "Point", "coordinates": [ 139.3251903, 35.5966197 ] } },
{ "type": "Feature", "properties": { "内容": "ヘルパーステーショングランシェル【訪問介護】神奈川県相模原市緑区青山2033-2", "url": "https://www.kaigokensaku.mhlw.go.jp/14/index.php?action_kouhyou_detail_004_kani=true&JigyosyoCd=1472611001-00&ServiceCd=110&Type=search", "url2": "https://granshel.com/helper/" }, "geometry": { "type": "Point", "coordinates": [ 139.252417462166619, 35.552220805987545 ] } },
{ "type": "Feature", "properties": { "内容": "学研ココファン元橋本ヘルパーセンター【訪問介護】神奈川県相模原市緑区元橋本町37-35学研ココファン元橋本", "url": "https://www.kaigokensaku.mhlw.go.jp/14/index.php?action_kouhyou_detail_004_kani=true&JigyosyoCd=1472611118-00&ServiceCd=110&Type=search", "url2": "https://www.cocofump.co.jp/facilities/detail/motohashimoto/" }, "geometry": { "type": "Point", "coordinates": [ 139.332483599999989, 35.6033046 ] } },
{ "type": "Feature", "properties": { "内容": "晃友訪問介護ステーション【訪問介護】神奈川県相模原市緑区中野1365-1", "url": "https://www.kaigokensaku.mhlw.go.jp/14/index.php?action_kouhyou_detail_004_kani=true&JigyosyoCd=1472611225-00&ServiceCd=110&Type=search", "url2": "https://koyu.or.jp/visit/care/" }, "geometry": { "type": "Point", "coordinates": [ 139.2521198, 35.589015 ] } },
{ "type": "Feature", "properties": { "内容": "アルプスケアハート橋本【訪問介護】神奈川県相模原市緑区西橋本1-16-18アルプス技研第二ビル　２F", "url": "https://www.kaigokensaku.mhlw.go.jp/14/index.php?action_kouhyou_detail_004_kani=true&JigyosyoCd=1472611233-00&ServiceCd=110&Type=search", "url2": "https://www.alpscareheart.co.jp/" }, "geometry": { "type": "Point", "coordinates": [ 139.3370864, 35.5884584 ] } },
{ "type": "Feature", "properties": { "内容": "合の家ケアステーション【訪問介護】神奈川県相模原市緑区谷ケ原１－１１－６", "url": "https://www.kaigokensaku.mhlw.go.jp/14/index.php?action_kouhyou_detail_004_kani=true&JigyosyoCd=1472611621-00&ServiceCd=110&Type=search", "url2": "https://www.ainoie.net/sagamihara" }, "geometry": { "type": "Point", "coordinates": [ 139.295869900000014, 35.5918622 ] } },
{ "type": "Feature", "properties": { "内容": "訪問介護事業所なでしこ【訪問介護】神奈川県相模原市緑区二本松4-24-25　es二本松ビル301", "url": "https://www.kaigokensaku.mhlw.go.jp/14/index.php?action_kouhyou_detail_004_kani=true&JigyosyoCd=1472611670-00&ServiceCd=110&Type=search", "url2": null }, "geometry": { "type": "Point", "coordinates": [ 139.320821011640419, 35.596481750578675 ] } },
{ "type": "Feature", "properties": { "内容": "ケアステーションあんじぇす相模原【訪問介護】神奈川県相模原市緑区下九沢611ー4アンジェス相模原", "url": "https://www.kaigokensaku.mhlw.go.jp/14/index.php?action_kouhyou_detail_004_kani=true&JigyosyoCd=1472610821-00&ServiceCd=110&Type=search", "url2": "https://www.t-s-i.jp" }, "geometry": { "type": "Point", "coordinates": [ 139.3452117, 35.5705311 ] } },
{ "type": "Feature", "properties": { "内容": "サポート・ユー・21介護支援センター【訪問介護】神奈川県相模原市緑区城山四丁目2番43号", "url": "https://www.kaigokensaku.mhlw.go.jp/14/index.php?action_kouhyou_detail_004_kani=true&JigyosyoCd=1471700136-00&ServiceCd=110&Type=search", "url2": "https://aim-act.co.jp" }, "geometry": { "type": "Point", "coordinates": [ 139.2904198, 35.5915599 ] } },
{ "type": "Feature", "properties": { "内容": "ほのぼのサービスセンター【訪問介護】神奈川県相模原市緑区中野277-2", "url": "https://www.kaigokensaku.mhlw.go.jp/14/index.php?action_kouhyou_detail_004_kani=true&JigyosyoCd=1471700318-00&ServiceCd=110&Type=search", "url2": "http://www.tsukuifukushikai.info/index.html" }, "geometry": { "type": "Point", "coordinates": [ 139.259674165298549, 35.583996996703881 ] } },
{ "type": "Feature", "properties": { "内容": "ニチイケアセンター橋本北【訪問介護】神奈川県相模原市緑区橋本2-3-64F-A吉美ビル", "url": "https://www.kaigokensaku.mhlw.go.jp/14/index.php?action_kouhyou_detail_004_kani=true&JigyosyoCd=1472605417-00&ServiceCd=110&Type=search", "url2": "https://www.nichiigakkan.co.jp/" }, "geometry": { "type": "Point", "coordinates": [ 139.343100700000036, 35.5954224 ] } },
{ "type": "Feature", "properties": { "内容": "フラワー介護サービス【訪問介護】神奈川県相模原市緑区町屋2-12-21ハイツ小池No.2　101号室", "url": "https://www.kaigokensaku.mhlw.go.jp/14/index.php?action_kouhyou_detail_004_kani=true&JigyosyoCd=1472612959-00&ServiceCd=110&Type=search", "url2": "https://flowerkaigo.wixsite.com/my-site" }, "geometry": { "type": "Point", "coordinates": [ 139.311303900000013, 35.6040598 ] } },
{ "type": "Feature", "properties": { "内容": "訪問介護ホームケア【訪問介護】神奈川県相模原市緑区与瀬1342-3", "url": "https://www.kaigokensaku.mhlw.go.jp/14/index.php?action_kouhyou_detail_004_kani=true&JigyosyoCd=1472612926-00&ServiceCd=110&Type=search", "url2": null }, "geometry": { "type": "Point", "coordinates": [ 139.1857445, 35.6186241 ] } },
{ "type": "Feature", "properties": { "内容": "株式会社ねこの手【訪問介護】神奈川県相模原市中央区富士見５－１３－１４", "url": "https://www.kaigokensaku.mhlw.go.jp/14/index.php?action_kouhyou_detail_004_kani=true&JigyosyoCd=1472603917-00&ServiceCd=110&Type=search", "url2": null }, "geometry": { "type": "Point", "coordinates": [ 139.377408556283626, 35.566184105002222 ] } },
{ "type": "Feature", "properties": { "内容": "ライフサポート　リアン【訪問介護】神奈川県相模原市中央区上溝853-3", "url": "https://www.kaigokensaku.mhlw.go.jp/14/index.php?action_kouhyou_detail_004_kani=true&JigyosyoCd=1472605821-00&ServiceCd=110&Type=search", "url2": null }, "geometry": { "type": "Point", "coordinates": [ 139.371093862426733, 35.537838514663314 ] } },
{ "type": "Feature", "properties": { "内容": "ナーシングホーム　パセリ　相模原田名【訪問介護】神奈川県相模原市中央区田名2694-1", "url": "https://www.kaigokensaku.mhlw.go.jp/14/index.php?action_kouhyou_detail_004_kani=true&JigyosyoCd=1462691558-00&ServiceCd=110&Type=search", "url2": "https://parsley-nursinghome.com/" }, "geometry": { "type": "Point", "coordinates": [ 139.338005890851804, 35.56989806266548 ] } },
{ "type": "Feature", "properties": { "内容": "りすまいる【訪問介護】神奈川県相模原市中央区東淵野辺2-1-5グリーントップビル102", "url": "https://www.kaigokensaku.mhlw.go.jp/14/index.php?action_kouhyou_detail_004_kani=true&JigyosyoCd=1472612371-00&ServiceCd=110&Type=search", "url2": "https://www.re-smile-care.com" }, "geometry": { "type": "Point", "coordinates": [ 139.4111644, 35.565498 ] } },
{ "type": "Feature", "properties": { "内容": "訪問介護くるみ倶楽部【訪問介護】神奈川県相模原市中央区上溝2-4-26", "url": "https://www.kaigokensaku.mhlw.go.jp/14/index.php?action_kouhyou_detail_004_kani=true&JigyosyoCd=1472612447-00&ServiceCd=110&Type=search", "url2": "https://kurumi-club.com" }, "geometry": { "type": "Point", "coordinates": [ 139.351444747298956, 35.56225797255339 ] } },
{ "type": "Feature", "properties": { "内容": "訪問介護レジデンス相模原星が丘【訪問介護】神奈川県相模原市中央区星が丘一丁目1番25号レジデンス相模原星が丘", "url": "https://www.kaigokensaku.mhlw.go.jp/14/index.php?action_kouhyou_detail_004_kani=true&JigyosyoCd=1472612462-00&ServiceCd=110&Type=search", "url2": null }, "geometry": { "type": "Point", "coordinates": [ 139.369281300000011, 35.5641711 ] } },
{ "type": "Feature", "properties": { "内容": "ケアサービスなないろ【訪問介護】神奈川県相模原市中央区上溝2168番地3", "url": "https://www.kaigokensaku.mhlw.go.jp/14/index.php?action_kouhyou_detail_004_kani=true&JigyosyoCd=1472612314-00&ServiceCd=110&Type=search", "url2": "https://7iro.online" }, "geometry": { "type": "Point", "coordinates": [ 139.36084790000001, 35.546273 ] } },
{ "type": "Feature", "properties": { "内容": "千手　中央【訪問介護】神奈川県相模原市中央区由野台1-3-12", "url": "https://www.kaigokensaku.mhlw.go.jp/14/index.php?action_kouhyou_detail_004_kani=true&JigyosyoCd=1472610920-00&ServiceCd=110&Type=search", "url2": "http://www.geo-x.jp/index_sisetu02.html" }, "geometry": { "type": "Point", "coordinates": [ 139.395934593170551, 35.560131018060552 ] } },
{ "type": "Feature", "properties": { "内容": "ラウンド＆ケアヘルパーステーション相模原【訪問介護】神奈川県相模原市中央区相模原2-8-11MIYAﾋﾞﾙ1階", "url": "https://www.kaigokensaku.mhlw.go.jp/14/index.php?action_kouhyou_detail_004_kani=true&JigyosyoCd=1472612512-00&ServiceCd=110&Type=search", "url2": "https://r-care.jp/" }, "geometry": { "type": "Point", "coordinates": [ 139.3680133, 35.5794612 ] } },
{ "type": "Feature", "properties": { "内容": "ケアステーション相模原Ringwith【訪問介護】神奈川県相模原市中央区宮下本町3丁目4-18ベルスマート桜　102号室", "url": "https://www.kaigokensaku.mhlw.go.jp/14/index.php?action_kouhyou_detail_004_kani=true&JigyosyoCd=1472612546-00&ServiceCd=110&Type=search", "url2": null }, "geometry": { "type": "Point", "coordinates": [ 139.3648524, 35.5958829 ] } },
{ "type": "Feature", "properties": { "内容": "ヘルパーステーションmaruco【訪問介護】神奈川県相模原市中央区田名1903番地20ライル相模原A棟106", "url": "https://www.kaigokensaku.mhlw.go.jp/14/index.php?action_kouhyou_detail_004_kani=true&JigyosyoCd=1472612603-00&ServiceCd=110&Type=search", "url2": "https://smile-port.com" }, "geometry": { "type": "Point", "coordinates": [ 139.3335995, 35.5531601 ] } },
{ "type": "Feature", "properties": { "内容": "訪問介護けせらせら【訪問介護】神奈川県相模原市中央区上溝1910-7101", "url": "https://www.kaigokensaku.mhlw.go.jp/14/index.php?action_kouhyou_detail_004_kani=true&JigyosyoCd=1472612611-00&ServiceCd=110&Type=search", "url2": null }, "geometry": { "type": "Point", "coordinates": [ 139.3623411, 35.5506525 ] } },
{ "type": "Feature", "properties": { "内容": "訪問介護にじのそら中央【訪問介護】神奈川県相模原市中央区千代田2-2-15メイプル1990　802号室", "url": "https://www.kaigokensaku.mhlw.go.jp/14/index.php?action_kouhyou_detail_004_kani=true&JigyosyoCd=1472612678-00&ServiceCd=110&Type=search", "url2": "https://www.nijizora.biz" }, "geometry": { "type": "Point", "coordinates": [ 139.370346, 35.5652908 ] } },
{ "type": "Feature", "properties": { "内容": "ヘルパーステーション匠の荘【訪問介護】神奈川県相模原市中央区上溝4-14-4コートファミリエB203", "url": "https://www.kaigokensaku.mhlw.go.jp/14/index.php?action_kouhyou_detail_004_kani=true&JigyosyoCd=1472612686-00&ServiceCd=110&Type=search", "url2": null }, "geometry": { "type": "Point", "coordinates": [ 139.358092699999986, 35.5603571 ] } },
{ "type": "Feature", "properties": { "内容": "tida【訪問介護】神奈川県相模原市中央区緑が丘１丁目２番４号", "url": "https://www.kaigokensaku.mhlw.go.jp/14/index.php?action_kouhyou_detail_004_kani=true&JigyosyoCd=1472611449-00&ServiceCd=110&Type=search", "url2": "http://www.tida-llc.com" }, "geometry": { "type": "Point", "coordinates": [ 139.3798927, 35.5494914 ] } },
{ "type": "Feature", "properties": { "内容": "イマジニクス【訪問介護】神奈川県相模原市中央区矢部3-4-6ヤベ１４１ビル２０４", "url": "https://www.kaigokensaku.mhlw.go.jp/14/index.php?action_kouhyou_detail_004_kani=true&JigyosyoCd=1472600368-00&ServiceCd=110&Type=search", "url2": null }, "geometry": { "type": "Point", "coordinates": [ 139.385328, 35.5722047 ] } },
{ "type": "Feature", "properties": { "内容": "株式会社サガミケアサポート【訪問介護】神奈川県相模原市中央区富士見６丁目１５番９号", "url": "https://www.kaigokensaku.mhlw.go.jp/14/index.php?action_kouhyou_detail_004_kani=true&JigyosyoCd=1472600566-00&ServiceCd=110&Type=search", "url2": "https://www.sagami-care.co.jp" }, "geometry": { "type": "Point", "coordinates": [ 139.375894050401286, 35.566977081838601 ] } },
{ "type": "Feature", "properties": { "内容": "特別養護老人ホーム　塩田ホーム【訪問介護】神奈川県相模原市中央区田名塩田２－５－２４", "url": "https://www.kaigokensaku.mhlw.go.jp/14/index.php?action_kouhyou_detail_004_kani=true&JigyosyoCd=1472600657-00&ServiceCd=110&Type=search", "url2": "https://www.daichinokai.jp/business/visiting-nursing/" }, "geometry": { "type": "Point", "coordinates": [ 139.356845799999974, 35.534939 ] } },
{ "type": "Feature", "properties": { "内容": "ジェイケア【訪問介護】神奈川県相模原市中央区田名塩田２－２０－３６メイプルハイツＣ－１０２", "url": "https://www.kaigokensaku.mhlw.go.jp/14/index.php?action_kouhyou_detail_004_kani=true&JigyosyoCd=1472601531-00&ServiceCd=110&Type=search", "url2": "https://neovision.info/hj.html" }, "geometry": { "type": "Point", "coordinates": [ 139.355104399999959, 35.533381 ] } },
{ "type": "Feature", "properties": { "内容": "特定非営利活動法人アイ・介護サービス【訪問介護】神奈川県相模原市中央区弥栄1-18-5", "url": "https://www.kaigokensaku.mhlw.go.jp/14/index.php?action_kouhyou_detail_004_kani=true&JigyosyoCd=1472601689-00&ServiceCd=110&Type=search", "url2": "http://www.handykaigo.jp/" }, "geometry": { "type": "Point", "coordinates": [ 139.388717199999974, 35.559405 ] } },
{ "type": "Feature", "properties": { "内容": "ヘルパーステーション花みずき【訪問介護】神奈川県相模原市中央区淵野辺3-12-7", "url": "https://www.kaigokensaku.mhlw.go.jp/14/index.php?action_kouhyou_detail_004_kani=true&JigyosyoCd=1472602497-00&ServiceCd=110&Type=search", "url2": "https://www.hanamizuki-c.jp/visit.html" }, "geometry": { "type": "Point", "coordinates": [ 139.393766300000038, 35.572749899999984 ] } },
{ "type": "Feature", "properties": { "内容": "まちづくり公社　ヘルパーステーション【訪問介護】神奈川県相模原市中央区矢部2-4-17", "url": "https://www.kaigokensaku.mhlw.go.jp/14/index.php?action_kouhyou_detail_004_kani=true&JigyosyoCd=1472602646-00&ServiceCd=110&Type=search", "url2": null }, "geometry": { "type": "Point", "coordinates": [ 139.381453500000021, 35.574625 ] } },
{ "type": "Feature", "properties": { "内容": "ネストケアセンター【訪問介護】神奈川県相模原市中央区氷川町13番1号2階", "url": "https://www.kaigokensaku.mhlw.go.jp/14/index.php?action_kouhyou_detail_004_kani=true&JigyosyoCd=1472603925-00&ServiceCd=110&Type=search", "url2": null }, "geometry": { "type": "Point", "coordinates": [ 139.363635400000021, 35.5823438 ] } },
{ "type": "Feature", "properties": { "内容": "リープス訪問介護ステーション【訪問介護】神奈川県相模原市中央区富士見6-14-15", "url": "https://www.kaigokensaku.mhlw.go.jp/14/index.php?action_kouhyou_detail_004_kani=true&JigyosyoCd=1472604048-00&ServiceCd=110&Type=search", "url2": "http://leaps-co.com/service/leapscare/" }, "geometry": { "type": "Point", "coordinates": [ 139.375058159771726, 35.567398244632358 ] } },
{ "type": "Feature", "properties": { "内容": "ケアステーション優縁【訪問介護】神奈川県相模原市中央区淵野辺4-37-12ラティブビル201", "url": "https://www.kaigokensaku.mhlw.go.jp/14/index.php?action_kouhyou_detail_004_kani=true&JigyosyoCd=1472604121-00&ServiceCd=110&Type=search", "url2": "https://www.e-m.co.jp/care/" }, "geometry": { "type": "Point", "coordinates": [ 139.398677099999986, 35.5688977 ] } },
{ "type": "Feature", "properties": { "内容": "ケア　イノベーション相模原【訪問介護】神奈川県相模原市中央区陽光台3-15-12ドミール陽光台101", "url": "https://www.kaigokensaku.mhlw.go.jp/14/index.php?action_kouhyou_detail_004_kani=true&JigyosyoCd=1472606993-00&ServiceCd=110&Type=search", "url2": "https://www.careinnovation-sagamihara.net/" }, "geometry": { "type": "Point", "coordinates": [ 139.371562052778586, 35.553939494702895 ] } },
{ "type": "Feature", "properties": { "内容": "エスケアステーション相模原中央　訪問介護【訪問介護】神奈川県相模原市中央区淵野辺本町2-7-9", "url": "https://www.kaigokensaku.mhlw.go.jp/14/index.php?action_kouhyou_detail_004_kani=true&JigyosyoCd=1472607199-00&ServiceCd=110&Type=search", "url2": "https://www.s-caremate.co.jp/service/jigyousyo/14_kanagawa/sagamihara_st.html" }, "geometry": { "type": "Point", "coordinates": [ 139.405409800000029, 35.5679784 ] } },
{ "type": "Feature", "properties": { "内容": "ひなたぼっこ相模原【訪問介護】神奈川県相模原市中央区相模原4-3-6サービス付き高齢者向け住宅　元氣村相模原", "url": "https://www.kaigokensaku.mhlw.go.jp/14/index.php?action_kouhyou_detail_004_kani=true&JigyosyoCd=1472607470-00&ServiceCd=110&Type=search", "url2": "https://mrk-group.jp/" }, "geometry": { "type": "Point", "coordinates": [ 139.373599893568894, 35.579116835214087 ] } },
{ "type": "Feature", "properties": { "内容": "在宅介護　さんぽみち【訪問介護】神奈川県相模原市中央区淵野辺3-4-20みゆきビル3F", "url": "https://www.kaigokensaku.mhlw.go.jp/14/index.php?action_kouhyou_detail_004_kani=true&JigyosyoCd=1472607793-00&ServiceCd=110&Type=search", "url2": "https://www.sanpomichi-welfare.com" }, "geometry": { "type": "Point", "coordinates": [ 139.392543583432371, 35.570393963136155 ] } },
{ "type": "Feature", "properties": { "内容": "訪問介護　プラス・ワン【訪問介護】神奈川県相模原市中央区中央3-11-4佐溝ビルⅡ201号", "url": "https://www.kaigokensaku.mhlw.go.jp/14/index.php?action_kouhyou_detail_004_kani=true&JigyosyoCd=1472609385-00&ServiceCd=110&Type=search", "url2": "https://kaigo-plusone.co.jp/home_care/" }, "geometry": { "type": "Point", "coordinates": [ 139.3715545, 35.5694264 ] } },
{ "type": "Feature", "properties": { "内容": "ヘルパーステーション　シフティーン相模原【訪問介護】神奈川県相模原市中央区田名2723グループハウス相模原田名内", "url": "https://www.kaigokensaku.mhlw.go.jp/14/index.php?action_kouhyou_detail_004_kani=true&JigyosyoCd=1472609427-00&ServiceCd=110&Type=search", "url2": "https://www.life-shift.com/" }, "geometry": { "type": "Point", "coordinates": [ 139.361793900000066, 35.5826716 ] } },
{ "type": "Feature", "properties": { "内容": "あやめ介護【訪問介護】神奈川県相模原市中央区富士見6－13－18コーポ中山103", "url": "https://www.kaigokensaku.mhlw.go.jp/14/index.php?action_kouhyou_detail_004_kani=true&JigyosyoCd=1472609559-00&ServiceCd=110&Type=search", "url2": null }, "geometry": { "type": "Point", "coordinates": [ 139.374720900000057, 35.5678682 ] } },
{ "type": "Feature", "properties": { "内容": "ヘルパーステーション蒼生【訪問介護】神奈川県相模原市中央区富士見1-5-2　三愛ビル2-C", "url": "https://www.kaigokensaku.mhlw.go.jp/14/index.php?action_kouhyou_detail_004_kani=true&JigyosyoCd=1472610169-00&ServiceCd=110&Type=search", "url2": null }, "geometry": { "type": "Point", "coordinates": [ 139.355578499999979, 35.5338962 ] } },
{ "type": "Feature", "properties": { "内容": "かたくり古淵【訪問介護】神奈川県相模原市中央区東淵野辺4-11-40メゾンドSビル101号室", "url": "https://www.kaigokensaku.mhlw.go.jp/14/index.php?action_kouhyou_detail_004_kani=true&JigyosyoCd=1472610649-00&ServiceCd=110&Type=search", "url2": null }, "geometry": { "type": "Point", "coordinates": [ 139.409633, 35.5589134 ] } },
{ "type": "Feature", "properties": { "内容": "ツクイ相模原矢部【訪問介護】神奈川県相模原市中央区矢部2-6-5", "url": "https://www.kaigokensaku.mhlw.go.jp/14/index.php?action_kouhyou_detail_004_kani=true&JigyosyoCd=1472610706-00&ServiceCd=110&Type=search", "url2": "https://www.tsukui.net/home-care/2153/" }, "geometry": { "type": "Point", "coordinates": [ 139.382636600000012, 35.5736329 ] } },
{ "type": "Feature", "properties": { "内容": "ヘルパーステーションオムスビ【訪問介護】神奈川県相模原市中央区田名1837-6", "url": "https://www.kaigokensaku.mhlw.go.jp/14/index.php?action_kouhyou_detail_004_kani=true&JigyosyoCd=1472610979-00&ServiceCd=110&Type=search", "url2": null }, "geometry": { "type": "Point", "coordinates": [ 139.332662, 35.5514616 ] } },
{ "type": "Feature", "properties": { "内容": "さくら介護クラブ相模原【訪問介護】神奈川県相模原市中央区相模原6－26－14シャルテ相模原1F103号室", "url": "https://www.kaigokensaku.mhlw.go.jp/14/index.php?action_kouhyou_detail_004_kani=true&JigyosyoCd=1472611126-00&ServiceCd=110&Type=search", "url2": "https://jala.co.jp/facility/sakura-care-sagamihara/" }, "geometry": { "type": "Point", "coordinates": [ 139.3769893, 35.5759655 ] } },
{ "type": "Feature", "properties": { "内容": "アルプスケアハート淵野辺【訪問介護】神奈川県相模原市中央区淵野辺3-16-18石田ビル２階", "url": "https://www.kaigokensaku.mhlw.go.jp/14/index.php?action_kouhyou_detail_004_kani=true&JigyosyoCd=1472611258-00&ServiceCd=110&Type=search", "url2": "https://www.alpscareheart.co.jp/" }, "geometry": { "type": "Point", "coordinates": [ 139.394209699928297, 35.571040625232079 ] } },
{ "type": "Feature", "properties": { "内容": "相模原訪問介護サービス【訪問介護】神奈川県相模原市中央区田名7451-1ピアホーム相模原", "url": "https://www.kaigokensaku.mhlw.go.jp/14/index.php?action_kouhyou_detail_004_kani=true&JigyosyoCd=1472611357-00&ServiceCd=110&Type=search", "url2": "https://ysw.jp/rakbra03.html" }, "geometry": { "type": "Point", "coordinates": [ 139.354091500000038, 35.5463018 ] } },
{ "type": "Feature", "properties": { "内容": "ライブラリ淵野辺訪問介護事業所【訪問介護】神奈川県相模原市中央区淵野辺4-35-1ライブラリ淵野辺四丁目", "url": "https://www.kaigokensaku.mhlw.go.jp/14/index.php?action_kouhyou_detail_004_kani=true&JigyosyoCd=1472611563-00&ServiceCd=110&Type=search", "url2": "https://www.living-platform.com" }, "geometry": { "type": "Point", "coordinates": [ 139.3994346, 35.5689618 ] } },
{ "type": "Feature", "properties": { "内容": "ケアステーションもみじのて【訪問介護】神奈川県相模原市中央区矢部4丁目４番５号", "url": "https://www.kaigokensaku.mhlw.go.jp/14/index.php?action_kouhyou_detail_004_kani=true&JigyosyoCd=1472612165-00&ServiceCd=110&Type=search", "url2": "https://www.maplehand.co.jp/pages/23/" }, "geometry": { "type": "Point", "coordinates": [ 139.387946699999986, 35.5703327 ] } },
{ "type": "Feature", "properties": { "内容": "訪問介護レジデンス相模原【訪問介護】神奈川県相模原市中央区相模原6丁目22番12号レジデンス相模原", "url": "https://www.kaigokensaku.mhlw.go.jp/14/index.php?action_kouhyou_detail_004_kani=true&JigyosyoCd=1472612231-00&ServiceCd=110&Type=search", "url2": null }, "geometry": { "type": "Point", "coordinates": [ 139.374279300000012, 35.5732852 ] } },
{ "type": "Feature", "properties": { "内容": "総合相模更生病院訪問介護ステーション【訪問介護】神奈川県相模原市中央区氷川町17－11総合更生病院ナーシングホームゆたか", "url": "https://www.kaigokensaku.mhlw.go.jp/14/index.php?action_kouhyou_detail_004_kani=true&JigyosyoCd=1472612298-00&ServiceCd=110&Type=search", "url2": "https://nursing-home-yutaka.jimdosite.com/" }, "geometry": { "type": "Point", "coordinates": [ 139.3621824, 35.5826747 ] } },
{ "type": "Feature", "properties": { "内容": "訪問介護ルイーダの家もも【訪問介護】神奈川県相模原市中央区宮下本町3-48-5", "url": "https://www.kaigokensaku.mhlw.go.jp/14/index.php?action_kouhyou_detail_004_kani=true&JigyosyoCd=1472612777-00&ServiceCd=110&Type=search", "url2": "https://ruidahome-momo.jp/" }, "geometry": { "type": "Point", "coordinates": [ 139.3697572, 35.5931305 ] } },
{ "type": "Feature", "properties": { "内容": "訪問介護サービスたかはし【訪問介護】神奈川県相模原市中央区淵野辺1-13-22プレジールHaugen101", "url": "https://www.kaigokensaku.mhlw.go.jp/14/index.php?action_kouhyou_detail_004_kani=true&JigyosyoCd=1472604188-00&ServiceCd=110&Type=search", "url2": null }, "geometry": { "type": "Point", "coordinates": [ 139.391490284305291, 35.572252199452663 ] } },
{ "type": "Feature", "properties": { "内容": "ケアステーション　和【訪問介護】神奈川県相模原市中央区田名4423-132F", "url": "https://www.kaigokensaku.mhlw.go.jp/14/index.php?action_kouhyou_detail_004_kani=true&JigyosyoCd=1472606613-00&ServiceCd=110&Type=search", "url2": "https://care-station-peace.wixsite.com/home" }, "geometry": { "type": "Point", "coordinates": [ 139.339061, 35.5516921 ] } },
{ "type": "Feature", "properties": { "内容": "ケアステーションあおぞら【訪問介護】神奈川県相模原市中央区淵野辺2-20-17アマノハイツ103", "url": "https://www.kaigokensaku.mhlw.go.jp/14/index.php?action_kouhyou_detail_004_kani=true&JigyosyoCd=1472608247-00&ServiceCd=110&Type=search", "url2": null }, "geometry": { "type": "Point", "coordinates": [ 139.397363, 35.579848900000016 ] } },
{ "type": "Feature", "properties": { "内容": "訪問介護ハート【訪問介護】神奈川県相模原市中央区由野台1-2-19-203", "url": "https://www.kaigokensaku.mhlw.go.jp/14/index.php?action_kouhyou_detail_004_kani=true&JigyosyoCd=1472608502-00&ServiceCd=110&Type=search", "url2": null }, "geometry": { "type": "Point", "coordinates": [ 139.396936899999986, 35.5607217 ] } },
{ "type": "Feature", "properties": { "内容": "訪問介護　まみーず【訪問介護】神奈川県相模原市中央区中央3-12-16大貫マンション202", "url": "https://www.kaigokensaku.mhlw.go.jp/14/index.php?action_kouhyou_detail_004_kani=true&JigyosyoCd=1472609658-00&ServiceCd=110&Type=search", "url2": null }, "geometry": { "type": "Point", "coordinates": [ 139.371524, 35.5697458 ] } },
{ "type": "Feature", "properties": { "内容": "ＳＯＭＰＯケア　相模原中央訪問介護【訪問介護】神奈川県相模原市中央区中央1-1-1ジブラルタ生命相模原203", "url": "https://www.kaigokensaku.mhlw.go.jp/14/index.php?action_kouhyou_detail_004_kani=true&JigyosyoCd=1472609823-00&ServiceCd=110&Type=search", "url2": "https://www.sompocare.com/service/zaitaku/kaigoshien/z000248" }, "geometry": { "type": "Point", "coordinates": [ 139.367395658977102, 35.575787361608946 ] } },
{ "type": "Feature", "properties": { "内容": "医心館訪問介護ステーション相模原【訪問介護】神奈川県相模原市中央区中央4丁目13番4号", "url": "https://www.kaigokensaku.mhlw.go.jp/14/index.php?action_kouhyou_detail_004_kani=true&JigyosyoCd=1472611860-00&ServiceCd=110&Type=search", "url2": null }, "geometry": { "type": "Point", "coordinates": [ 139.369281300000011, 35.5721865 ] } },
{ "type": "Feature", "properties": { "内容": "ニチイケアセンターみどりがおか【訪問介護】神奈川県相模原市中央区緑が丘1-46-5", "url": "https://www.kaigokensaku.mhlw.go.jp/14/index.php?action_kouhyou_detail_004_kani=true&JigyosyoCd=1472603479-00&ServiceCd=110&Type=search", "url2": "https://www.nichii-kaigo.jp/base/base-result/05D29/" }, "geometry": { "type": "Point", "coordinates": [ 139.382079299999987, 35.5449052 ] } },
{ "type": "Feature", "properties": { "内容": "ヘルパーステーション　千代田【訪問介護】神奈川県相模原市中央区千代田7-12-13千代田7丁目センター　1F", "url": "https://www.kaigokensaku.mhlw.go.jp/14/index.php?action_kouhyou_detail_004_kani=true&JigyosyoCd=1472600509-00&ServiceCd=110&Type=search", "url2": "http://www.yuhokai-kaigo.com/" }, "geometry": { "type": "Point", "coordinates": [ 139.382192543993568, 35.56172986954644 ] } },
{ "type": "Feature", "properties": { "内容": "アイネットさがみはら【訪問介護】神奈川県相模原市中央区上溝1671-31", "url": "https://www.kaigokensaku.mhlw.go.jp/14/index.php?action_kouhyou_detail_004_kani=true&JigyosyoCd=1472600871-00&ServiceCd=110&Type=search", "url2": null }, "geometry": { "type": "Point", "coordinates": [ 139.365283500000032, 35.5496803 ] } },
{ "type": "Feature", "properties": { "内容": "アースサポート相模原【訪問介護】神奈川県相模原市中央区清新8丁目1番5号相模原レックスハイツ101号", "url": "https://www.kaigokensaku.mhlw.go.jp/14/index.php?action_kouhyou_detail_004_kani=true&JigyosyoCd=1472603040-00&ServiceCd=110&Type=search", "url2": "https://www.earthsupport.co.jp/" }, "geometry": { "type": "Point", "coordinates": [ 139.364013635412562, 35.572203386338344 ] } },
{ "type": "Feature", "properties": { "内容": "セントケア相模原【訪問介護】神奈川県相模原市中央区清新1-1-12相模原丸正ビル１階", "url": "https://www.kaigokensaku.mhlw.go.jp/14/index.php?action_kouhyou_detail_004_kani=true&JigyosyoCd=1472603776-00&ServiceCd=110&Type=search", "url2": "http://www.saintc-k.com/" }, "geometry": { "type": "Point", "coordinates": [ 139.3659963, 35.5813523 ] } },
{ "type": "Feature", "properties": { "内容": "タナケアステーション【訪問介護】神奈川県相模原市中央区上溝3－20－23ライオンズマンション上溝102号", "url": "https://www.kaigokensaku.mhlw.go.jp/14/index.php?action_kouhyou_detail_004_kani=true&JigyosyoCd=1472605672-00&ServiceCd=110&Type=search", "url2": null }, "geometry": { "type": "Point", "coordinates": [ 139.292066310101546, 35.584558555196793 ] } },
{ "type": "Feature", "properties": { "内容": "ずっと我が家　上溝本町【訪問介護】神奈川県相模原市中央区上溝６－２－２２", "url": "https://www.kaigokensaku.mhlw.go.jp/14/index.php?action_kouhyou_detail_004_kani=true&JigyosyoCd=1472607108-00&ServiceCd=110&Type=search", "url2": "http://www.cosmos-c.or.jp/service-homehelp.html" }, "geometry": { "type": "Point", "coordinates": [ 139.357156199999963, 35.5564435 ] } },
{ "type": "Feature", "properties": { "内容": "介護サービス　みどり【訪問介護】神奈川県相模原市中央区千代田2-2-15メイプル1990-2FSCRAPE", "url": "https://www.kaigokensaku.mhlw.go.jp/14/index.php?action_kouhyou_detail_004_kani=true&JigyosyoCd=1472607298-00&ServiceCd=110&Type=search", "url2": "https://www.kaigomidori.com/" }, "geometry": { "type": "Point", "coordinates": [ 139.370402, 35.5652189 ] } },
{ "type": "Feature", "properties": { "内容": "介護のウエルカム【訪問介護】神奈川県相模原市中央区上溝４３山紀ビル４Ｆ４Ａ", "url": "https://www.kaigokensaku.mhlw.go.jp/14/index.php?action_kouhyou_detail_004_kani=true&JigyosyoCd=1472609278-00&ServiceCd=110&Type=search", "url2": "http://hp.kaipoke.biz/717/" }, "geometry": { "type": "Point", "coordinates": [ 139.3688449, 35.5373305 ] } },
{ "type": "Feature", "properties": { "内容": "訪問介護ステーション相模原こころ【訪問介護】神奈川県相模原市中央区横山台1-27-39", "url": "https://www.kaigokensaku.mhlw.go.jp/14/index.php?action_kouhyou_detail_004_kani=true&JigyosyoCd=1472610474-00&ServiceCd=110&Type=search", "url2": null }, "geometry": { "type": "Point", "coordinates": [ 139.355900856483487, 35.568209183229385 ] } },
{ "type": "Feature", "properties": { "内容": "のぞみケアステーション【訪問介護】神奈川県相模原市中央区相模原２－４－５Ｍ＆Ｍビル３０１", "url": "https://www.kaigokensaku.mhlw.go.jp/14/index.php?action_kouhyou_detail_004_kani=true&JigyosyoCd=1472610516-00&ServiceCd=110&Type=search", "url2": "http://www.taiseikai-web.com/060/063.html" }, "geometry": { "type": "Point", "coordinates": [ 139.368859, 35.5801412 ] } },
{ "type": "Feature", "properties": { "内容": "かたくり相模原【訪問介護】神奈川県相模原市中央区千代田1－6－9共立千代田ビル1階", "url": "https://www.kaigokensaku.mhlw.go.jp/14/index.php?action_kouhyou_detail_004_kani=true&JigyosyoCd=1472610664-00&ServiceCd=110&Type=search", "url2": null }, "geometry": { "type": "Point", "coordinates": [ 139.37393130000001, 35.5675253 ] } },
{ "type": "Feature", "properties": { "内容": "ツクイ・サンフォレスト相模原【訪問介護】神奈川県相模原市中央区相模原3-7-17", "url": "https://www.kaigokensaku.mhlw.go.jp/14/index.php?action_kouhyou_detail_004_kani=true&JigyosyoCd=1472610680-00&ServiceCd=110&Type=search", "url2": "https://www.tsukui.net/home-care/7012S/" }, "geometry": { "type": "Point", "coordinates": [ 139.3711018, 35.5778352 ] } },
{ "type": "Feature", "properties": { "内容": "訪問介護　ロア【訪問介護】神奈川県相模原市中央区星が丘１-３-１２ｽﾀｰﾋﾙｽﾞ１０２ｽﾀｰﾋﾙｽﾞⅢ1階１０２", "url": "https://www.kaigokensaku.mhlw.go.jp/14/index.php?action_kouhyou_detail_004_kani=true&JigyosyoCd=1472610912-00&ServiceCd=110&Type=search", "url2": null }, "geometry": { "type": "Point", "coordinates": [ 139.368309600000032, 35.5629108 ] } },
{ "type": "Feature", "properties": { "内容": "ハッピースさがみはら【訪問介護】神奈川県相模原市中央区鹿沼台2丁目10番16号第3SKビル302号室", "url": "https://www.kaigokensaku.mhlw.go.jp/14/index.php?action_kouhyou_detail_004_kani=true&JigyosyoCd=1472611159-00&ServiceCd=110&Type=search", "url2": "https://www.happeaceg.com/" }, "geometry": { "type": "Point", "coordinates": [ 139.39038690000001, 35.56846459999997 ] } },
{ "type": "Feature", "properties": { "内容": "しろくま匠商店【訪問介護】神奈川県相模原市中央区光が丘1-15-21アルティス光が丘305", "url": "https://www.kaigokensaku.mhlw.go.jp/14/index.php?action_kouhyou_detail_004_kani=true&JigyosyoCd=1472611183-00&ServiceCd=110&Type=search", "url2": "https://shirokuma-takumi.com/" }, "geometry": { "type": "Point", "coordinates": [ 139.375862863760318, 35.558485507743455 ] } },
{ "type": "Feature", "properties": { "内容": "介護サービス　ゆい【訪問介護】神奈川県相模原市中央区上溝3948番地１エクレール相模原407号", "url": "https://www.kaigokensaku.mhlw.go.jp/14/index.php?action_kouhyou_detail_004_kani=true&JigyosyoCd=1472611241-00&ServiceCd=110&Type=search", "url2": null }, "geometry": { "type": "Point", "coordinates": [ 139.349032407409652, 35.556716069049912 ] } },
{ "type": "Feature", "properties": { "内容": "在宅支援セヌ【訪問介護】神奈川県相模原市中央区千代田１丁目５－７シャングリラコスモ１０１", "url": "https://www.kaigokensaku.mhlw.go.jp/14/index.php?action_kouhyou_detail_004_kani=true&JigyosyoCd=1472611282-00&ServiceCd=110&Type=search", "url2": "https://senu.co.jp/" }, "geometry": { "type": "Point", "coordinates": [ 139.373307399999959, 35.5671116 ] } },
{ "type": "Feature", "properties": { "内容": "サクラケアステーション上溝【訪問介護】神奈川県相模原市中央区上溝1-5-11", "url": "https://www.kaigokensaku.mhlw.go.jp/14/index.php?action_kouhyou_detail_004_kani=true&JigyosyoCd=1472611480-00&ServiceCd=110&Type=search", "url2": "http:/sakurakai.jp.net" }, "geometry": { "type": "Point", "coordinates": [ 139.3521484, 35.564083900000021 ] } },
{ "type": "Feature", "properties": { "内容": "指定訪問介護アットプレオ光が丘【訪問介護】神奈川県相模原市中央区光が丘1-8-7", "url": "https://www.kaigokensaku.mhlw.go.jp/14/index.php?action_kouhyou_detail_004_kani=true&JigyosyoCd=1472611506-00&ServiceCd=110&Type=search", "url2": "https://at-care.co.jp" }, "geometry": { "type": "Point", "coordinates": [ 139.3791728, 35.5579153 ] } },
{ "type": "Feature", "properties": { "内容": "さがみ訪問介護ゆうび【訪問介護】神奈川県相模原市中央区鹿沼台1-8-14メゾンアロー5102", "url": "https://www.kaigokensaku.mhlw.go.jp/14/index.php?action_kouhyou_detail_004_kani=true&JigyosyoCd=1472611647-00&ServiceCd=110&Type=search", "url2": "https://sagamiyuubi.wixsite.com/yuubi" }, "geometry": { "type": "Point", "coordinates": [ 139.3922718, 35.5691167 ] } },
{ "type": "Feature", "properties": { "内容": "クレール上溝ヘルパーセンター【訪問介護】神奈川県相模原市中央区上溝2-10-10", "url": "https://www.kaigokensaku.mhlw.go.jp/14/index.php?action_kouhyou_detail_004_kani=true&JigyosyoCd=1472611704-00&ServiceCd=110&Type=search", "url2": null }, "geometry": { "type": "Point", "coordinates": [ 139.3519421, 35.5607131 ] } },
{ "type": "Feature", "properties": { "内容": "ケアサポート24青葉【訪問介護】神奈川県相模原市中央区青葉2-10-13", "url": "https://www.kaigokensaku.mhlw.go.jp/14/index.php?action_kouhyou_detail_004_kani=true&JigyosyoCd=1472612173-00&ServiceCd=110&Type=search", "url2": null }, "geometry": { "type": "Point", "coordinates": [ 139.387961600000011, 35.5505589 ] } },
{ "type": "Feature", "properties": { "内容": "医療法人社団仁和会　さがみ仁和会訪問介護ステーション【訪問介護】神奈川県相模原市中央区相模原4-11-5介護老人保健施設とき　1階", "url": "https://www.kaigokensaku.mhlw.go.jp/14/index.php?action_kouhyou_detail_004_kani=true&JigyosyoCd=1472612785-00&ServiceCd=110&Type=search", "url2": "https://jinwakai-helper.com/" }, "geometry": { "type": "Point", "coordinates": [ 139.3778769, 35.5770698 ] } },
{ "type": "Feature", "properties": { "内容": "わだつみ在宅介護【訪問介護】神奈川県相模原市中央区共和2-15-5", "url": "https://www.kaigokensaku.mhlw.go.jp/14/index.php?action_kouhyou_detail_004_kani=true&JigyosyoCd=1472603628-00&ServiceCd=110&Type=search", "url2": null }, "geometry": { "type": "Point", "coordinates": [ 139.404337899999973, 35.5615627 ] } },
{ "type": "Feature", "properties": { "内容": "訪問介護サービス「夢（ドリーム）」【訪問介護】神奈川県相模原市中央区相模原１丁目３番８号岩本ビル　４Ａ", "url": "https://www.kaigokensaku.mhlw.go.jp/14/index.php?action_kouhyou_detail_004_kani=true&JigyosyoCd=1472604592-00&ServiceCd=110&Type=search", "url2": null }, "geometry": { "type": "Point", "coordinates": [ 139.368718299999955, 35.581096600000023 ] } },
{ "type": "Feature", "properties": { "内容": "訪問介護　あじさい【訪問介護】神奈川県相模原市中央区上矢部5-28-1リヴィーエール105", "url": "https://www.kaigokensaku.mhlw.go.jp/14/index.php?action_kouhyou_detail_004_kani=true&JigyosyoCd=1472608221-00&ServiceCd=110&Type=search", "url2": "https://www.houmonkaigoajisai.com/" }, "geometry": { "type": "Point", "coordinates": [ 139.399176600000033, 35.5822458 ] } },
{ "type": "Feature", "properties": { "内容": "訪問介護パタカラ【訪問介護】神奈川県相模原市中央区上溝1473番地2", "url": "https://www.kaigokensaku.mhlw.go.jp/14/index.php?action_kouhyou_detail_004_kani=true&JigyosyoCd=1472608296-00&ServiceCd=110&Type=search", "url2": "https://www.patakara.co.jp" }, "geometry": { "type": "Point", "coordinates": [ 139.377464446489284, 35.551777756459195 ] } },
{ "type": "Feature", "properties": { "内容": "ひばり訪問介護ステーション相模原【訪問介護】神奈川県相模原市中央区清新7-11-5ガーデンテラス相模原１階", "url": "https://www.kaigokensaku.mhlw.go.jp/14/index.php?action_kouhyou_detail_004_kani=true&JigyosyoCd=1472608304-00&ServiceCd=110&Type=search", "url2": "https://garden-terrace.jp/" }, "geometry": { "type": "Point", "coordinates": [ 139.36147189999997, 35.574301 ] } },
{ "type": "Feature", "properties": { "内容": "訪問介護　あみかる【訪問介護】神奈川県相模原市中央区上溝6-2-2-1F", "url": "https://www.kaigokensaku.mhlw.go.jp/14/index.php?action_kouhyou_detail_004_kani=true&JigyosyoCd=1472608510-00&ServiceCd=110&Type=search", "url2": "https://www.amical13.co.jp/" }, "geometry": { "type": "Point", "coordinates": [ 139.3574361, 35.556866599999985 ] } },
{ "type": "Feature", "properties": { "内容": "ハートフルサポート番田　結【訪問介護】神奈川県相模原市中央区上溝2221-5コンテらすBANDAB棟", "url": "https://www.kaigokensaku.mhlw.go.jp/14/index.php?action_kouhyou_detail_004_kani=true&JigyosyoCd=1472610037-00&ServiceCd=110&Type=search", "url2": null }, "geometry": { "type": "Point", "coordinates": [ 139.359194647290792, 35.548447023730851 ] } },
{ "type": "Feature", "properties": { "内容": "クレール清新ヘルパーセンター【訪問介護】神奈川県相模原市中央区清新5-2-2", "url": "https://www.kaigokensaku.mhlw.go.jp/14/index.php?action_kouhyou_detail_004_kani=true&JigyosyoCd=1472611779-00&ServiceCd=110&Type=search", "url2": null }, "geometry": { "type": "Point", "coordinates": [ 139.3602391, 35.5784712 ] } },
{ "type": "Feature", "properties": { "内容": "みなみ【訪問介護】神奈川県相模原市中央区宮下本町2－30－6グリーンハイツ宮下２０５", "url": "https://www.kaigokensaku.mhlw.go.jp/14/index.php?action_kouhyou_detail_004_kani=true&JigyosyoCd=1472611951-00&ServiceCd=110&Type=search", "url2": null }, "geometry": { "type": "Point", "coordinates": [ 139.413724699999989, 35.5627273 ] } },
{ "type": "Feature", "properties": { "内容": "きずなステーション【訪問介護】神奈川県相模原市中央区鹿沼台2-19-13", "url": "https://www.kaigokensaku.mhlw.go.jp/14/index.php?action_kouhyou_detail_004_kani=true&JigyosyoCd=1472611985-00&ServiceCd=110&Type=search", "url2": "https://mistralservice.co.jp/" }, "geometry": { "type": "Point", "coordinates": [ 139.392589199999946, 35.5650579 ] } },
{ "type": "Feature", "properties": { "内容": "ヘルパーステーションさんご【訪問介護】神奈川県相模原市中央区共和4-10-3ラークタカ共和A103", "url": "https://www.kaigokensaku.mhlw.go.jp/14/index.php?action_kouhyou_detail_004_kani=true&JigyosyoCd=1472612058-00&ServiceCd=110&Type=search", "url2": "https://www.sango-kaigo.com" }, "geometry": { "type": "Point", "coordinates": [ 139.3958432, 35.5644449 ] } },
{ "type": "Feature", "properties": { "内容": "木下の介護　相模原　訪問介護事業所【訪問介護】神奈川県相模原市中央区相模原5-4-3リアンレーヴ相模原", "url": "https://www.kaigokensaku.mhlw.go.jp/14/index.php?action_kouhyou_detail_004_kani=true&JigyosyoCd=1472610003-00&ServiceCd=110&Type=search", "url2": "https://www.kinoshita-kaigo.co.jp/facility/visit_care/sagamihara.html" }, "geometry": { "type": "Point", "coordinates": [ 139.373680599999943, 35.5778131 ] } },
{ "type": "Feature", "properties": { "内容": "ライフサポート・心【訪問介護】神奈川県相模原市中央区上溝５８２番地５", "url": "https://www.kaigokensaku.mhlw.go.jp/14/index.php?action_kouhyou_detail_004_kani=true&JigyosyoCd=1472606837-00&ServiceCd=110&Type=search", "url2": null }, "geometry": { "type": "Point", "coordinates": [ 139.365919699999949, 35.546925800000011 ] } },
{ "type": "Feature", "properties": { "内容": "ラッシュライフ相模原【訪問介護】神奈川県相模原市中央区中央3-14-7相模原セントラルビル506", "url": "https://www.kaigokensaku.mhlw.go.jp/14/index.php?action_kouhyou_detail_004_kani=true&JigyosyoCd=1472611639-00&ServiceCd=110&Type=search", "url2": "www.tkcreative.net" }, "geometry": { "type": "Point", "coordinates": [ 139.3723479, 35.5691683 ] } },
{ "type": "Feature", "properties": { "内容": "訪問介護事業所てんてらす【訪問介護】神奈川県相模原市中央区相模原6丁目23番5号", "url": "https://www.kaigokensaku.mhlw.go.jp/14/index.php?action_kouhyou_detail_004_kani=true&JigyosyoCd=1472612843-00&ServiceCd=110&Type=search", "url2": "https://tenterasu.jp" }, "geometry": { "type": "Point", "coordinates": [ 139.375578400000023, 35.5735173 ] } },
{ "type": "Feature", "properties": { "内容": "コルク介護サービス【訪問介護】神奈川県相模原市中央区横山台2-12-2", "url": "https://www.kaigokensaku.mhlw.go.jp/14/index.php?action_kouhyou_detail_004_kani=true&JigyosyoCd=1472602059-00&ServiceCd=110&Type=search", "url2": "http://www.koruku.co.jp/" }, "geometry": { "type": "Point", "coordinates": [ 139.360105699999963, 35.563733700000014 ] } },
{ "type": "Feature", "properties": { "内容": "フミールホームヘルパーセンター【訪問介護】神奈川県相模原市中央区横山台2-25-19", "url": "https://www.kaigokensaku.mhlw.go.jp/14/index.php?action_kouhyou_detail_004_kani=true&JigyosyoCd=1472604493-00&ServiceCd=110&Type=search", "url2": null }, "geometry": { "type": "Point", "coordinates": [ 139.357117099999982, 35.5653336 ] } },
{ "type": "Feature", "properties": { "内容": "横山台ケアステーション【訪問介護】神奈川県相模原市中央区横山台１－４６－６", "url": "https://www.kaigokensaku.mhlw.go.jp/14/index.php?action_kouhyou_detail_004_kani=true&JigyosyoCd=1472609997-00&ServiceCd=110&Type=search", "url2": null }, "geometry": { "type": "Point", "coordinates": [ 139.352753399999983, 35.570619 ] } },
{ "type": "Feature", "properties": { "内容": "さがみはらケアステーション　あやとり【訪問介護】神奈川県相模原市中央区千代田１－１－１千代田ビル３０５号", "url": "https://www.kaigokensaku.mhlw.go.jp/14/index.php?action_kouhyou_detail_004_kani=true&JigyosyoCd=1472601366-00&ServiceCd=110&Type=search", "url2": "http://koureikyou-k.com/service/vc-ayatori/" }, "geometry": { "type": "Point", "coordinates": [ 139.37261, 35.5682043 ] } },
{ "type": "Feature", "properties": { "内容": "さんき・さがみはら介護サービス【訪問介護】神奈川県相模原市中央区上溝5-1-18", "url": "https://www.kaigokensaku.mhlw.go.jp/14/index.php?action_kouhyou_detail_004_kani=true&JigyosyoCd=1472601705-00&ServiceCd=110&Type=search", "url2": null }, "geometry": { "type": "Point", "coordinates": [ 139.357581100000061, 35.55716 ] } },
{ "type": "Feature", "properties": { "内容": "アクア　淵野辺【訪問介護】神奈川県相模原市中央区高根1-1-6マルイシビル101号室", "url": "https://www.kaigokensaku.mhlw.go.jp/14/index.php?action_kouhyou_detail_004_kani=true&JigyosyoCd=1472612918-00&ServiceCd=110&Type=search", "url2": "https://aqua-efila.com/" }, "geometry": { "type": "Point", "coordinates": [ 139.3919342, 35.5638248 ] } },
{ "type": "Feature", "properties": { "内容": "日本総合ケアサービス相模原【訪問介護】神奈川県相模原市中央区相模原1-3-8岩本ビル２B", "url": "https://www.kaigokensaku.mhlw.go.jp/14/index.php?action_kouhyou_detail_004_kani=true&JigyosyoCd=1472612934-00&ServiceCd=110&Type=search", "url2": "https://www.jgcs.co.jp" }, "geometry": { "type": "Point", "coordinates": [ 139.381250899999969, 35.5537896 ] } },
{ "type": "Feature", "properties": { "内容": "あおいヘルパーステーション【訪問介護】神奈川県相模原市中央区弥栄1-5-14ヴィラ栄306", "url": "https://www.kaigokensaku.mhlw.go.jp/14/index.php?action_kouhyou_detail_004_kani=true&JigyosyoCd=1472612082-00&ServiceCd=110&Type=search", "url2": null }, "geometry": { "type": "Point", "coordinates": [ 139.387642669311532, 35.561186978583123 ] } },
{ "type": "Feature", "properties": { "内容": "ツクイ相模原【訪問介護】神奈川県相模原市中央区陽光台1-1-1デュオセーヌ上溝駅前", "url": "https://www.kaigokensaku.mhlw.go.jp/14/index.php?action_kouhyou_detail_004_kani=true&JigyosyoCd=1472610722-00&ServiceCd=110&Type=search", "url2": "https://www.tsukui.net/home-care/2011" }, "geometry": { "type": "Point", "coordinates": [ 139.364264400000025, 35.5581175 ] } },
{ "type": "Feature", "properties": { "内容": "東電さわやかケア相武台・障がい福祉サービス【訪問介護】神奈川県相模原市南区新磯野1-10-6ステイエム相模原南1003", "url": "https://www.kaigokensaku.mhlw.go.jp/14/index.php?action_kouhyou_detail_004_kani=true&JigyosyoCd=1472610086-00&ServiceCd=110&Type=search", "url2": "https://www.tepco-partners.co.jp/office/kanagawa/sobudai/" }, "geometry": { "type": "Point", "coordinates": [ 139.405272500000024, 35.5107895 ] } },
{ "type": "Feature", "properties": { "内容": "訪問介護みるく【訪問介護】神奈川県相模原市南区相模大野7-45-17オレンジファーム101", "url": "https://www.kaigokensaku.mhlw.go.jp/14/index.php?action_kouhyou_detail_004_kani=true&JigyosyoCd=1472610334-00&ServiceCd=110&Type=search", "url2": null }, "geometry": { "type": "Point", "coordinates": [ 139.44166180000002, 35.5272334 ] } },
{ "type": "Feature", "properties": { "内容": "シルバータウン大野台ケアセンター【訪問介護】神奈川県相模原市南区大野台5-19-15", "url": "https://www.kaigokensaku.mhlw.go.jp/14/index.php?action_kouhyou_detail_004_kani=true&JigyosyoCd=1472600145-00&ServiceCd=110&Type=search", "url2": "http://www.kanagawa-doen.jp/silvertownoonodai-carecenter/" }, "geometry": { "type": "Point", "coordinates": [ 139.408060100000057, 35.550056 ] } },
{ "type": "Feature", "properties": { "内容": "ケアサービス大輪【訪問介護】神奈川県相模原市南区東林間1-4-1エクシオジャパン本社ビル　3F", "url": "https://www.kaigokensaku.mhlw.go.jp/14/index.php?action_kouhyou_detail_004_kani=true&JigyosyoCd=1472600343-00&ServiceCd=110&Type=search", "url2": "http://tairin-care.com/tairin.html" }, "geometry": { "type": "Point", "coordinates": [ 139.438662740566997, 35.520078871411563 ] } },
{ "type": "Feature", "properties": { "内容": "社会福祉法人　幸会　幸園【訪問介護】神奈川県相模原市南区相模大野9-12-22", "url": "https://www.kaigokensaku.mhlw.go.jp/14/index.php?action_kouhyou_detail_004_kani=true&JigyosyoCd=1472600863-00&ServiceCd=110&Type=search", "url2": "https://www.saiwai-kai.com/" }, "geometry": { "type": "Point", "coordinates": [ 139.440160699999979, 35.5264593 ] } },
{ "type": "Feature", "properties": { "内容": "株式会社エスティサービス　相模原営業所【訪問介護】神奈川県相模原市南区麻溝台１－３－１２", "url": "https://www.kaigokensaku.mhlw.go.jp/14/index.php?action_kouhyou_detail_004_kani=true&JigyosyoCd=1472601515-00&ServiceCd=110&Type=search", "url2": "http://www.st-service.co.jp" }, "geometry": { "type": "Point", "coordinates": [ 139.398539571163951, 35.537138526182247 ] } },
{ "type": "Feature", "properties": { "内容": "スマイル麻溝台【訪問介護】神奈川県相模原市南区麻溝台6-12-12", "url": "https://www.kaigokensaku.mhlw.go.jp/14/index.php?action_kouhyou_detail_004_kani=true&JigyosyoCd=1472601606-00&ServiceCd=110&Type=search", "url2": "https://www.smile-kaigo-service.com" }, "geometry": { "type": "Point", "coordinates": [ 139.4053166, 35.5277156 ] } },
{ "type": "Feature", "properties": { "内容": "まごころサービスさくら【訪問介護】神奈川県相模原市南区相模台3-16-21", "url": "https://www.kaigokensaku.mhlw.go.jp/14/index.php?action_kouhyou_detail_004_kani=true&JigyosyoCd=1472601788-00&ServiceCd=110&Type=search", "url2": null }, "geometry": { "type": "Point", "coordinates": [ 139.413180300000022, 35.5104831 ] } },
{ "type": "Feature", "properties": { "内容": "コープケアサポートセンター相模原【訪問介護】神奈川県相模原市南区相模大野7-11-2リプロ相模大野２階", "url": "https://www.kaigokensaku.mhlw.go.jp/14/index.php?action_kouhyou_detail_004_kani=true&JigyosyoCd=1472602802-00&ServiceCd=110&Type=search", "url2": "http://www.ucoop.or.jp" }, "geometry": { "type": "Point", "coordinates": [ 139.439361617829974, 35.531301002045943 ] } },
{ "type": "Feature", "properties": { "内容": "ファミリーゴールド【訪問介護】神奈川県相模原市南区相模大野5丁目5番26号", "url": "https://www.kaigokensaku.mhlw.go.jp/14/index.php?action_kouhyou_detail_004_kani=true&JigyosyoCd=1472604683-00&ServiceCd=110&Type=search", "url2": null }, "geometry": { "type": "Point", "coordinates": [ 139.425939881028739, 35.529649871366559 ] } },
{ "type": "Feature", "properties": { "内容": "生活協同組合パルシステム神奈川ぬくもり相模大野駅前【訪問介護】神奈川県相模原市南区相模大野3-14-10第２足立ビル3階", "url": "https://www.kaigokensaku.mhlw.go.jp/14/index.php?action_kouhyou_detail_004_kani=true&JigyosyoCd=1472604857-00&ServiceCd=110&Type=search", "url2": "https://nukumori.palsystem-kanagawa.coop/" }, "geometry": { "type": "Point", "coordinates": [ 139.4361748, 35.532421900000017 ] } },
{ "type": "Feature", "properties": { "内容": "おもいやりの郷【訪問介護】神奈川県相模原市南区麻溝台7-28-14ハイツ井上101", "url": "https://www.kaigokensaku.mhlw.go.jp/14/index.php?action_kouhyou_detail_004_kani=true&JigyosyoCd=1472605565-00&ServiceCd=110&Type=search", "url2": null }, "geometry": { "type": "Point", "coordinates": [ 139.404541699999953, 35.526863100000014 ] } },
{ "type": "Feature", "properties": { "内容": "相愛なごみ館　訪問介護事業所【訪問介護】神奈川県相模原市南区当麻1306-1相愛なごみ館", "url": "https://www.kaigokensaku.mhlw.go.jp/14/index.php?action_kouhyou_detail_004_kani=true&JigyosyoCd=1472608791-00&ServiceCd=110&Type=search", "url2": "http://www.souai-hp.or.jp/" }, "geometry": { "type": "Point", "coordinates": [ 139.374658863972826, 35.527818930027166 ] } },
{ "type": "Feature", "properties": { "内容": "ヘルパーステーション芙蓉の園【訪問介護】神奈川県相模原市南区南台5-12-5", "url": "https://www.kaigokensaku.mhlw.go.jp/14/index.php?action_kouhyou_detail_004_kani=true&JigyosyoCd=1472610094-00&ServiceCd=110&Type=search", "url2": "http://www.rissho.or.jp/wp/" }, "geometry": { "type": "Point", "coordinates": [ 139.420664678504181, 35.516463521473554 ] } },
{ "type": "Feature", "properties": { "内容": "訪問介護ファミリー・ホスピス東林間【訪問介護】神奈川県相模原市南区東林間6-17-30ファミリー・ホスピス東林間ハウス", "url": "https://www.kaigokensaku.mhlw.go.jp/14/index.php?action_kouhyou_detail_004_kani=true&JigyosyoCd=1472610185-00&ServiceCd=110&Type=search", "url2": null }, "geometry": { "type": "Point", "coordinates": [ 139.438746, 35.517371 ] } },
{ "type": "Feature", "properties": { "内容": "訪問介護イオーラ【訪問介護】神奈川県相模原市南区東林間5-4-9希和マノアール301", "url": "https://www.kaigokensaku.mhlw.go.jp/14/index.php?action_kouhyou_detail_004_kani=true&JigyosyoCd=1472610193-00&ServiceCd=110&Type=search", "url2": null }, "geometry": { "type": "Point", "coordinates": [ 139.438428400000021, 35.51978290000001 ] } },
{ "type": "Feature", "properties": { "内容": "学研ココファン相模大野ヘルパーセンター【訪問介護】神奈川県相模原市南区相模大野7-17-3ココファン相模大野", "url": "https://www.kaigokensaku.mhlw.go.jp/14/index.php?action_kouhyou_detail_004_kani=true&JigyosyoCd=1472610250-00&ServiceCd=110&Type=search", "url2": "https://www.cocofump.co.jp/facilities/detail/sagamioono/" }, "geometry": { "type": "Point", "coordinates": [ 139.440511330748564, 35.530931276146873 ] } },
{ "type": "Feature", "properties": { "内容": "訪問介護　まめたろう【訪問介護】神奈川県相模原市南区東林間２－２３－１３コンフォート相模原１０５", "url": "https://www.kaigokensaku.mhlw.go.jp/14/index.php?action_kouhyou_detail_004_kani=true&JigyosyoCd=1472610284-00&ServiceCd=110&Type=search", "url2": null }, "geometry": { "type": "Point", "coordinates": [ 139.4275814, 35.5184577 ] } },
{ "type": "Feature", "properties": { "内容": "かたくり相模台【訪問介護】神奈川県相模原市南区相模台団地5-7", "url": "https://www.kaigokensaku.mhlw.go.jp/14/index.php?action_kouhyou_detail_004_kani=true&JigyosyoCd=1472610656-00&ServiceCd=110&Type=search", "url2": null }, "geometry": { "type": "Point", "coordinates": [ 139.411056699999989, 35.5178476 ] } },
{ "type": "Feature", "properties": { "内容": "ツクイ相模台【訪問介護】神奈川県相模原市南区相模台3-17-9ユニハイトビル1階", "url": "https://www.kaigokensaku.mhlw.go.jp/14/index.php?action_kouhyou_detail_004_kani=true&JigyosyoCd=1472610813-00&ServiceCd=110&Type=search", "url2": "https://www.tsukui.net/home-care/2069/" }, "geometry": { "type": "Point", "coordinates": [ 139.414369, 35.5101308 ] } },
{ "type": "Feature", "properties": { "内容": "サンウェルズ相模大野ヘルパーステーション【訪問介護】神奈川県相模原市南区相模大野5丁目28番25号", "url": "https://www.kaigokensaku.mhlw.go.jp/14/index.php?action_kouhyou_detail_004_kani=true&JigyosyoCd=1472610896-00&ServiceCd=110&Type=search", "url2": null }, "geometry": { "type": "Point", "coordinates": [ 139.432187682278453, 35.531614018287677 ] } },
{ "type": "Feature", "properties": { "内容": "すきっぷ訪問介護【訪問介護】神奈川県相模原市南区相模大野5-10-223階", "url": "https://www.kaigokensaku.mhlw.go.jp/14/index.php?action_kouhyou_detail_004_kani=true&JigyosyoCd=1472611043-00&ServiceCd=110&Type=search", "url2": "https://sshomecare.jp/" }, "geometry": { "type": "Point", "coordinates": [ 139.426585900000021, 35.530187099999978 ] } },
{ "type": "Feature", "properties": { "内容": "訪問介護サービス　あさかぜ【訪問介護】神奈川県相模原市南区相模台6-16-9ダイギンビル202", "url": "https://www.kaigokensaku.mhlw.go.jp/14/index.php?action_kouhyou_detail_004_kani=true&JigyosyoCd=1472611340-00&ServiceCd=110&Type=search", "url2": null }, "geometry": { "type": "Point", "coordinates": [ 139.4059873, 35.5159035 ] } },
{ "type": "Feature", "properties": { "内容": "ミモザヘルパーステーション東林間【訪問介護】神奈川県相模原市南区東林間4-14-3メゾンドゥカティ305", "url": "https://www.kaigokensaku.mhlw.go.jp/14/index.php?action_kouhyou_detail_004_kani=true&JigyosyoCd=1472611548-00&ServiceCd=110&Type=search", "url2": "https://mimoza-care.com/facility/home-visit-care/post-821/" }, "geometry": { "type": "Point", "coordinates": [ 139.4364291, 35.5209427 ] } },
{ "type": "Feature", "properties": { "内容": "アクア　東林間【訪問介護】東林間六丁目11-9RIMANI1階", "url": "https://www.kaigokensaku.mhlw.go.jp/14/index.php?action_kouhyou_detail_004_kani=true&JigyosyoCd=1472611662-00&ServiceCd=110&Type=search", "url2": "https://aqua-andante.com/" }, "geometry": { "type": "Point", "coordinates": [ 139.435818, 35.5166136 ] } },
{ "type": "Feature", "properties": { "内容": "ボンセジュール小田急相模原ケアステーション【訪問介護】神奈川県相模原市南区相模台2‐5‐1", "url": "https://www.kaigokensaku.mhlw.go.jp/14/index.php?action_kouhyou_detail_004_kani=true&JigyosyoCd=1472611688-00&ServiceCd=110&Type=search", "url2": null }, "geometry": { "type": "Point", "coordinates": [ 139.4195191, 35.5152984 ] } },
{ "type": "Feature", "properties": { "内容": "アルプスケアハート相模大野【訪問介護】神奈川県相模原市南区相模大野3-1-18第二佐藤ビル102", "url": "https://www.kaigokensaku.mhlw.go.jp/14/index.php?action_kouhyou_detail_004_kani=true&JigyosyoCd=1472611738-00&ServiceCd=110&Type=search", "url2": "https://www.alpscareheart.co.jp/index.html" }, "geometry": { "type": "Point", "coordinates": [ 139.4342249, 35.53165910000002 ] } },
{ "type": "Feature", "properties": { "内容": "あのさい【訪問介護】神奈川県相模原市南区南台５—５—７", "url": "https://www.kaigokensaku.mhlw.go.jp/14/index.php?action_kouhyou_detail_004_kani=true&JigyosyoCd=1472612207-00&ServiceCd=110&Type=search", "url2": null }, "geometry": { "type": "Point", "coordinates": [ 139.4201835, 35.5175106 ] } },
{ "type": "Feature", "properties": { "内容": "マキ介護サービス株式会社【訪問介護】神奈川県相模原市南区南台５－１２－７", "url": "https://www.kaigokensaku.mhlw.go.jp/14/index.php?action_kouhyou_detail_004_kani=true&JigyosyoCd=1472604097-00&ServiceCd=110&Type=search", "url2": null }, "geometry": { "type": "Point", "coordinates": [ 139.420935, 35.5162675 ] } },
{ "type": "Feature", "properties": { "内容": "ニチイケアセンター相模大野【訪問介護】神奈川県相模原市南区相模大野3－8－1ステーションスクエアＢ館1階", "url": "https://www.kaigokensaku.mhlw.go.jp/14/index.php?action_kouhyou_detail_004_kani=true&JigyosyoCd=1472608916-00&ServiceCd=110&Type=search", "url2": "http://www.nichiigakkan.co.jp" }, "geometry": { "type": "Point", "coordinates": [ 139.4369276, 35.5313305 ] } },
{ "type": "Feature", "properties": { "内容": "アズノメイト【訪問介護】神奈川県相模原市南区相模台4－1－13", "url": "https://www.kaigokensaku.mhlw.go.jp/14/index.php?action_kouhyou_detail_004_kani=true&JigyosyoCd=1472612470-00&ServiceCd=110&Type=search", "url2": "https://www.azsrings.com/訪問介護" }, "geometry": { "type": "Point", "coordinates": [ 139.412772157672123, 35.515726031213887 ] } },
{ "type": "Feature", "properties": { "内容": "ケアサービス　マル【訪問介護】神奈川県相模原市南区南台6-1-13ビラ・トーレ", "url": "https://www.kaigokensaku.mhlw.go.jp/14/index.php?action_kouhyou_detail_004_kani=true&JigyosyoCd=1472607850-00&ServiceCd=110&Type=search", "url2": "https://care-service-maru.hp.gogo.jp/pc/free2.html" }, "geometry": { "type": "Point", "coordinates": [ 139.4127605, 35.5231746 ] } },
{ "type": "Feature", "properties": { "内容": "ヘルパーステーションさがみ【訪問介護】神奈川県相模原市南区相模台2-10-15", "url": "https://www.kaigokensaku.mhlw.go.jp/14/index.php?action_kouhyou_detail_004_kani=true&JigyosyoCd=1472601523-00&ServiceCd=110&Type=search", "url2": null }, "geometry": { "type": "Point", "coordinates": [ 139.415720313797323, 35.516763450291712 ] } },
{ "type": "Feature", "properties": { "内容": "あおぞら訪問介護ステーション【訪問介護】神奈川県相模原市南区西大沼２－２１－１５", "url": "https://www.kaigokensaku.mhlw.go.jp/14/index.php?action_kouhyou_detail_004_kani=true&JigyosyoCd=1472602232-00&ServiceCd=110&Type=search", "url2": "https://sawayaka-smile.com" }, "geometry": { "type": "Point", "coordinates": [ 139.417387639286744, 35.5450809071937 ] } },
{ "type": "Feature", "properties": { "内容": "ケアサービス　うららか【訪問介護】神奈川県相模原市南区相模台１－９－１コープさがみ台１－A、B", "url": "https://www.kaigokensaku.mhlw.go.jp/14/index.php?action_kouhyou_detail_004_kani=true&JigyosyoCd=1472602596-00&ServiceCd=110&Type=search", "url2": "http://www.jz-magic.co.jp/" }, "geometry": { "type": "Point", "coordinates": [ 139.40260319999993, 35.5204868 ] } },
{ "type": "Feature", "properties": { "内容": "ニチイケアセンター古淵【訪問介護】神奈川県相模原市南区古淵2-18-3山政第１ビル5階Ｂ", "url": "https://www.kaigokensaku.mhlw.go.jp/14/index.php?action_kouhyou_detail_004_kani=true&JigyosyoCd=1472602653-00&ServiceCd=110&Type=search", "url2": "https://www.nichii-kaigo.jp/base/base-result/05L76" }, "geometry": { "type": "Point", "coordinates": [ 139.4196006, 35.5554688 ] } },
{ "type": "Feature", "properties": { "内容": "セントケア相模大野【訪問介護】神奈川県相模原市南区上鶴間本町4-50-30プラザ野澤1Ｆ", "url": "https://www.kaigokensaku.mhlw.go.jp/14/index.php?action_kouhyou_detail_004_kani=true&JigyosyoCd=1472603792-00&ServiceCd=110&Type=search", "url2": "https://www.saintc-k.com/office/1079.html" }, "geometry": { "type": "Point", "coordinates": [ 139.444885200000044, 35.5314804 ] } },
{ "type": "Feature", "properties": { "内容": "介護サービスわだつみ【訪問介護】神奈川県相模原市南区新磯野５ー１０－５－１", "url": "https://www.kaigokensaku.mhlw.go.jp/14/index.php?action_kouhyou_detail_004_kani=true&JigyosyoCd=1472604113-00&ServiceCd=110&Type=search", "url2": null }, "geometry": { "type": "Point", "coordinates": [ 139.402132439915817, 35.51022086712257 ] } },
{ "type": "Feature", "properties": { "内容": "ＭＩＬＤ相模原【訪問介護】神奈川県相模原市南区双葉2丁目4-4", "url": "https://www.kaigokensaku.mhlw.go.jp/14/index.php?action_kouhyou_detail_004_kani=true&JigyosyoCd=1472604485-00&ServiceCd=110&Type=search", "url2": null }, "geometry": { "type": "Point", "coordinates": [ 139.412069200000019, 35.5245645 ] } },
{ "type": "Feature", "properties": { "内容": "相陽台ホーム【訪問介護】神奈川県相模原市南区下溝4303", "url": "https://www.kaigokensaku.mhlw.go.jp/14/index.php?action_kouhyou_detail_004_kani=true&JigyosyoCd=1472605532-00&ServiceCd=110&Type=search", "url2": "https://www.souyoudaihome.com/" }, "geometry": { "type": "Point", "coordinates": [ 139.386779499999989, 35.5235119 ] } },
{ "type": "Feature", "properties": { "内容": "訪問介護サービス　ふれあい【訪問介護】神奈川県相模原市南区新磯野３－３－９", "url": "https://www.kaigokensaku.mhlw.go.jp/14/index.php?action_kouhyou_detail_004_kani=true&JigyosyoCd=1472606860-00&ServiceCd=110&Type=search", "url2": null }, "geometry": { "type": "Point", "coordinates": [ 139.402806400000031, 35.507212 ] } },
{ "type": "Feature", "properties": { "内容": "特定非営利活動法人コアラ相模大野【訪問介護】神奈川県相模原市南区旭町15番36-112号", "url": "https://www.kaigokensaku.mhlw.go.jp/14/index.php?action_kouhyou_detail_004_kani=true&JigyosyoCd=1472607488-00&ServiceCd=110&Type=search", "url2": null }, "geometry": { "type": "Point", "coordinates": [ 139.426775899999939, 35.5242517 ] } },
{ "type": "Feature", "properties": { "内容": "ひばり訪問介護ステーション相模大野【訪問介護】神奈川県相模原市南区栄町13-5ガーデンテラス相模大野", "url": "https://www.kaigokensaku.mhlw.go.jp/14/index.php?action_kouhyou_detail_004_kani=true&JigyosyoCd=1472607603-00&ServiceCd=110&Type=search", "url2": "https://garden-terrace.jp/sagamiono/" }, "geometry": { "type": "Point", "coordinates": [ 139.4253731, 35.5295282 ] } },
{ "type": "Feature", "properties": { "内容": "訪問介護　千手【訪問介護】神奈川県相模原市南区上鶴間４－２６－２２ヴィラ東林間Ａ１０１", "url": "https://www.kaigokensaku.mhlw.go.jp/14/index.php?action_kouhyou_detail_004_kani=true&JigyosyoCd=1472607710-00&ServiceCd=110&Type=search", "url2": "http://geo-x.jp" }, "geometry": { "type": "Point", "coordinates": [ 139.447756250926233, 35.51764229662259 ] } },
{ "type": "Feature", "properties": { "内容": "らしく　ライフケア　相模原南【訪問介護】神奈川県相模原市南区相武台団地２-３-９コンチェラート相武台１０２", "url": "https://www.kaigokensaku.mhlw.go.jp/14/index.php?action_kouhyou_detail_004_kani=true&JigyosyoCd=1472609203-00&ServiceCd=110&Type=search", "url2": "https://www.seniorlife.or.jp/" }, "geometry": { "type": "Point", "coordinates": [ 139.411505499999947, 35.509444499999979 ] } },
{ "type": "Feature", "properties": { "内容": "けやきライフさがみ【訪問介護】神奈川県相模原市南区下溝602-27", "url": "https://www.kaigokensaku.mhlw.go.jp/14/index.php?action_kouhyou_detail_004_kani=true&JigyosyoCd=1472610425-00&ServiceCd=110&Type=search", "url2": null }, "geometry": { "type": "Point", "coordinates": [ 139.374283344180299, 35.531205002242515 ] } },
{ "type": "Feature", "properties": { "内容": "学研ココファン相模大野弐番館ヘルパーセンター【訪問介護】神奈川県相模原市南区上鶴間本町4-38-30ココファン相模大野弐番館", "url": "https://www.kaigokensaku.mhlw.go.jp/14/index.php?action_kouhyou_detail_004_kani=true&JigyosyoCd=1472610607-00&ServiceCd=110&Type=search", "url2": "https://www.cocofump.co.jp/facilities/detail/sagamiononibankan/" }, "geometry": { "type": "Point", "coordinates": [ 139.446123800000038, 35.5351682 ] } },
{ "type": "Feature", "properties": { "内容": "ライブラリ相模大野訪問介護事業所【訪問介護】神奈川県相模原市南区上鶴間本町4丁目22番地35号ライブラリ相模大野東", "url": "https://www.kaigokensaku.mhlw.go.jp/14/index.php?action_kouhyou_detail_004_kani=true&JigyosyoCd=1472610631-00&ServiceCd=110&Type=search", "url2": "http://www.living-platform.com/" }, "geometry": { "type": "Point", "coordinates": [ 139.444217400000014, 35.5332504 ] } },
{ "type": "Feature", "properties": { "内容": "訪問介護にじのそら【訪問介護】神奈川県相模原市南区上鶴間本町2-37-6クリエールKURAMOTOⅡ101", "url": "https://www.kaigokensaku.mhlw.go.jp/14/index.php?action_kouhyou_detail_004_kani=true&JigyosyoCd=1472611274-00&ServiceCd=110&Type=search", "url2": "https://www.nijizora.biz/" }, "geometry": { "type": "Point", "coordinates": [ 139.4407821, 35.5380748 ] } },
{ "type": "Feature", "properties": { "内容": "クレール相武台ヘルパーセンター【訪問介護】神奈川県相模原市南区相武台3丁目18-18", "url": "https://www.kaigokensaku.mhlw.go.jp/14/index.php?action_kouhyou_detail_004_kani=true&JigyosyoCd=1472611290-00&ServiceCd=110&Type=search", "url2": null }, "geometry": { "type": "Point", "coordinates": [ 139.408632770500162, 35.505656124712964 ] } },
{ "type": "Feature", "properties": { "内容": "ボンセジュール相模大野ケアステーション【訪問介護】神奈川県相模原市南区上鶴間本町1-30-28", "url": "https://www.kaigokensaku.mhlw.go.jp/14/index.php?action_kouhyou_detail_004_kani=true&JigyosyoCd=1472611415-00&ServiceCd=110&Type=search", "url2": null }, "geometry": { "type": "Point", "coordinates": [ 139.438161, 35.5362973 ] } },
{ "type": "Feature", "properties": { "内容": "ヘルパーステーション　アルプスの杜「さがみ」【訪問介護】神奈川県相模原市南区下溝684－1", "url": "https://www.kaigokensaku.mhlw.go.jp/14/index.php?action_kouhyou_detail_004_kani=true&JigyosyoCd=1472611431-00&ServiceCd=110&Type=search", "url2": "https://www.living-platform.com/" }, "geometry": { "type": "Point", "coordinates": [ 139.37697940000001, 35.5283952 ] } },
{ "type": "Feature", "properties": { "内容": "ヘルパーステーションすきっぷ双葉【訪問介護】神奈川県相模原市南区双葉一丁目7番4号", "url": "https://www.kaigokensaku.mhlw.go.jp/14/index.php?action_kouhyou_detail_004_kani=true&JigyosyoCd=1472611597-00&ServiceCd=110&Type=search", "url2": null }, "geometry": { "type": "Point", "coordinates": [ 139.4114011, 35.5269996 ] } },
{ "type": "Feature", "properties": { "内容": "やさしい手小田急相模原訪問介護事業所【訪問介護】神奈川県相模原市南区松ヶ枝町1－19", "url": "https://www.kaigokensaku.mhlw.go.jp/14/index.php?action_kouhyou_detail_004_kani=true&JigyosyoCd=1472612728-00&ServiceCd=110&Type=search", "url2": "https://search.yasashiite.com/detail/mystore172/" }, "geometry": { "type": "Point", "coordinates": [ 139.4259592, 35.5186786 ] } },
{ "type": "Feature", "properties": { "内容": "ケアステーション凛【訪問介護】神奈川県相模原市南区相模台7-43-3コスモハイツさがみ101", "url": "https://www.kaigokensaku.mhlw.go.jp/14/index.php?action_kouhyou_detail_004_kani=true&JigyosyoCd=1472612736-00&ServiceCd=110&Type=search", "url2": null }, "geometry": { "type": "Point", "coordinates": [ 139.4035126, 35.5226324 ] } },
{ "type": "Feature", "properties": { "内容": "訪問介護あんじゅの村【訪問介護】神奈川県相模原市南区相武台2-25-10", "url": "https://www.kaigokensaku.mhlw.go.jp/14/index.php?action_kouhyou_detail_004_kani=true&JigyosyoCd=1472612744-00&ServiceCd=110&Type=search", "url2": null }, "geometry": { "type": "Point", "coordinates": [ 139.410717, 35.500767 ] } },
{ "type": "Feature", "properties": { "内容": "合同会社　訪問介護みゆき【訪問介護】神奈川県相模原市南区相模台3-3-12", "url": "https://www.kaigokensaku.mhlw.go.jp/14/index.php?action_kouhyou_detail_004_kani=true&JigyosyoCd=1472610409-00&ServiceCd=110&Type=search", "url2": null }, "geometry": { "type": "Point", "coordinates": [ 139.416055165938417, 35.511993421445986 ] } },
{ "type": "Feature", "properties": { "内容": "医心館訪問介護ステーション相模大野【訪問介護】神奈川県相模原市南区上鶴間本町四丁目10番２号", "url": "https://www.kaigokensaku.mhlw.go.jp/14/index.php?action_kouhyou_detail_004_kani=true&JigyosyoCd=1472612835-00&ServiceCd=110&Type=search", "url2": null }, "geometry": { "type": "Point", "coordinates": [ 139.4427877, 35.5339613 ] } },
{ "type": "Feature", "properties": { "内容": "ワーカーズ・ベル【訪問介護】神奈川県相模原市南区東林間5-6-6サザントゥリーⅡ2F", "url": "https://www.kaigokensaku.mhlw.go.jp/14/index.php?action_kouhyou_detail_004_kani=true&JigyosyoCd=1472601275-00&ServiceCd=110&Type=search", "url2": "https://wcoberu.wixsite.com/main" }, "geometry": { "type": "Point", "coordinates": [ 139.439558300000044, 35.5187944 ] } },
{ "type": "Feature", "properties": { "内容": "えがおさん【訪問介護】神奈川県相模原市南区相模大野7-11-2リプロ相模大野6F", "url": "https://www.kaigokensaku.mhlw.go.jp/14/index.php?action_kouhyou_detail_004_kani=true&JigyosyoCd=1472602067-00&ServiceCd=110&Type=search", "url2": "http://www.care-yasuragi.jp" }, "geometry": { "type": "Point", "coordinates": [ 139.439369, 35.5312805 ] } },
{ "type": "Feature", "properties": { "内容": "スマイル介護サービス【訪問介護】神奈川県相模原市南区大野台3-15-27", "url": "https://www.kaigokensaku.mhlw.go.jp/14/index.php?action_kouhyou_detail_004_kani=true&JigyosyoCd=1472602109-00&ServiceCd=110&Type=search", "url2": "https://www.smile-kaigo-service.com" }, "geometry": { "type": "Point", "coordinates": [ 139.399775129289111, 35.554586561540816 ] } },
{ "type": "Feature", "properties": { "内容": "さわやかケア東林間・訪問介護【訪問介護】神奈川県相模原市南区東林間５－３－９ユニハイト東林間ビル４階", "url": "https://www.kaigokensaku.mhlw.go.jp/14/index.php?action_kouhyou_detail_004_kani=true&JigyosyoCd=1472603370-00&ServiceCd=110&Type=search", "url2": "https://www.welcia-partners.co.jp/office/kanagawa/higashi-rinkan/" }, "geometry": { "type": "Point", "coordinates": [ 139.438275, 35.5201025 ] } },
{ "type": "Feature", "properties": { "内容": "福祉クラブ生協　あいわ【訪問介護】神奈川県相模原市南区相模大野6-18-11", "url": "https://www.kaigokensaku.mhlw.go.jp/14/index.php?action_kouhyou_detail_004_kani=true&JigyosyoCd=1472608387-00&ServiceCd=110&Type=search", "url2": "https://www.fukushi-club.net/kajikaigo_s/index.html" }, "geometry": { "type": "Point", "coordinates": [ 139.433582759524597, 35.529804684550498 ] } },
{ "type": "Feature", "properties": { "内容": "helperstationAz【訪問介護】神奈川県相模原市南区相模台2-1-4水上商事ビル2階", "url": "https://www.kaigokensaku.mhlw.go.jp/14/index.php?action_kouhyou_detail_004_kani=true&JigyosyoCd=1472611811-00&ServiceCd=110&Type=search", "url2": "https://www.azgroup-medicalwelfare.com/" }, "geometry": { "type": "Point", "coordinates": [ 139.4167005, 35.5174881 ] } },
{ "type": "Feature", "properties": { "内容": "まりもケアセンター【訪問介護】神奈川県相模原市南区新磯野3-30-1", "url": "https://www.kaigokensaku.mhlw.go.jp/14/index.php?action_kouhyou_detail_004_kani=true&JigyosyoCd=1472604378-00&ServiceCd=110&Type=search", "url2": "https://www.marimo-yakkyoku.com/carecenter" }, "geometry": { "type": "Point", "coordinates": [ 139.406292200000053, 35.50549 ] } },
{ "type": "Feature", "properties": { "内容": "A-Smile東林間【訪問介護】神奈川県相模原市南区上鶴間7丁目5-9草柳店舗　2F", "url": "https://www.kaigokensaku.mhlw.go.jp/14/index.php?action_kouhyou_detail_004_kani=true&JigyosyoCd=1472612876-00&ServiceCd=110&Type=search", "url2": "https://akarie.co.jp/" }, "geometry": { "type": "Point", "coordinates": [ 139.439421900000042, 35.5211622 ] } },
{ "type": "Feature", "properties": { "内容": "リベリアン【訪問介護】神奈川県相模原市南区上鶴間本町2-16-26ドルフ町田512号室", "url": "https://www.kaigokensaku.mhlw.go.jp/14/index.php?action_kouhyou_detail_004_kani=true&JigyosyoCd=1472612942-00&ServiceCd=110&Type=search", "url2": null }, "geometry": { "type": "Point", "coordinates": [ 139.442661103704808, 35.5413075 ] } },
{ "type": "Feature", "properties": { "内容": "さわやかケア相模原・訪問介護【訪問介護】神奈川県相模原市相模台2‐3‐6", "url": "https://www.kaigokensaku.mhlw.go.jp/14/index.php?action_kouhyou_detail_004_kani=true&JigyosyoCd=1472603388-00&ServiceCd=110&Type=search", "url2": "https://www.welcia-partners.co.jp/office/sagamihara/" }, "geometry": { "type": "Point", "coordinates": [ 139.419258534908295, 35.51616753306719 ] } },
{ "type": "Feature", "properties": { "内容": "訪問介護あすか【訪問介護】神奈川県相模原市南区相武台2-21-5相武台ビル1F", "url": "https://www.kaigokensaku.mhlw.go.jp/14/index.php?action_kouhyou_detail_004_kani=true&JigyosyoCd=1472608114-00&ServiceCd=110&Type=search", "url2": null }, "geometry": { "type": "Point", "coordinates": [ 139.405553599999962, 35.4997106 ] } },
{ "type": "Feature", "properties": { "内容": "ご長寿くらぶ相模大野訪問介護事業所【訪問介護】神奈川県相模原市南区上鶴間本町7-13-28ご長寿くらぶ相模大野", "url": "https://www.kaigokensaku.mhlw.go.jp/14/index.php?action_kouhyou_detail_004_kani=true&JigyosyoCd=1472609807-00&ServiceCd=110&Type=search", "url2": "https://gotyoujyuclub.com/" }, "geometry": { "type": "Point", "coordinates": [ 139.450520295770275, 35.52854263119503 ] } },
{ "type": "Feature", "properties": { "内容": "訪問介護ステーション　アイビー【訪問介護】神奈川県相模原市南区若松４－１２－５ドリームハウス１Ｆ", "url": "https://www.kaigokensaku.mhlw.go.jp/14/index.php?action_kouhyou_detail_004_kani=true&JigyosyoCd=1472609864-00&ServiceCd=110&Type=search", "url2": null }, "geometry": { "type": "Point", "coordinates": [ 139.423773, 35.5378014 ] } },
{ "type": "Feature", "properties": { "内容": "ヘルパーステーション　優和【訪問介護】神奈川県相模原市南区松が枝町24-30第2高橋ビル", "url": "https://www.kaigokensaku.mhlw.go.jp/14/index.php?action_kouhyou_detail_004_kani=true&JigyosyoCd=1472609898-00&ServiceCd=110&Type=search", "url2": "https://www.ffs-yuwa.com" }, "geometry": { "type": "Point", "coordinates": [ 139.423883962965022, 35.515074099239683 ] } },
{ "type": "Feature", "properties": { "内容": "学研ココファン町田ヘルパーセンター【訪問介護】神奈川県相模原市南区上鶴間本町4-35-12", "url": "https://www.kaigokensaku.mhlw.go.jp/14/index.php?action_kouhyou_detail_004_kani=true&JigyosyoCd=1472609930-00&ServiceCd=110&Type=search", "url2": "https://www.cocofump.co.jp/facilities/detail/machida/" }, "geometry": { "type": "Point", "coordinates": [ 139.44560720000004, 35.5367904 ] } },
{ "type": "Feature", "properties": { "内容": "訪問介護ハートランド相模大野【訪問介護】神奈川県相模原市南区上鶴間本町8-2-20", "url": "https://www.kaigokensaku.mhlw.go.jp/14/index.php?action_kouhyou_detail_004_kani=true&JigyosyoCd=1472611886-00&ServiceCd=110&Type=search", "url2": "https://ygood.jp/" }, "geometry": { "type": "Point", "coordinates": [ 139.4515257, 35.5299027 ] } },
{ "type": "Feature", "properties": { "内容": "Ａｑｕａ　衣笠【訪問介護】神奈川県横須賀市小矢部2丁目25番12号小矢部第2菱田ビル1階", "url": "https://www.kaigokensaku.mhlw.go.jp/14/index.php?action_kouhyou_detail_004_kani=true&JigyosyoCd=1471907723-00&ServiceCd=110&Type=search", "url2": "https://aqua-andante.com/" }, "geometry": { "type": "Point", "coordinates": [ 139.662323100000037, 35.256257800000014 ] } },
{ "type": "Feature", "properties": { "内容": "特定非営利活動法人かもめケアサポート【訪問介護】神奈川県横須賀市追浜東町2丁目33-6ルネ追浜Ⅱ-315", "url": "https://www.kaigokensaku.mhlw.go.jp/14/index.php?action_kouhyou_detail_004_kani=true&JigyosyoCd=1471906337-00&ServiceCd=110&Type=search", "url2": null }, "geometry": { "type": "Point", "coordinates": [ 139.6336375863998, 35.313239363545598 ] } },
{ "type": "Feature", "properties": { "内容": "訪問・移動支援事業所みんなのうせい【訪問介護】神奈川県横須賀市久里浜5－2－7ﾗｲｵﾝｽﾞﾌﾟﾗｻﾞ久里浜102", "url": "https://www.kaigokensaku.mhlw.go.jp/14/index.php?action_kouhyou_detail_004_kani=true&JigyosyoCd=1471907574-00&ServiceCd=110&Type=search", "url2": null }, "geometry": { "type": "Point", "coordinates": [ 139.705831499999988, 35.2303987 ] } },
{ "type": "Feature", "properties": { "内容": "訪問介護　いばしょ【訪問介護】神奈川県横須賀市長沢2-10-36", "url": "https://www.kaigokensaku.mhlw.go.jp/14/index.php?action_kouhyou_detail_004_kani=true&JigyosyoCd=1471907616-00&ServiceCd=110&Type=search", "url2": "https://unaito.com/" }, "geometry": { "type": "Point", "coordinates": [ 139.6782564, 35.206001 ] } },
{ "type": "Feature", "properties": { "内容": "カイトケア【訪問介護】神奈川県横須賀市浦賀丘3丁目9番13号", "url": "https://www.kaigokensaku.mhlw.go.jp/14/index.php?action_kouhyou_detail_004_kani=true&JigyosyoCd=1471907855-00&ServiceCd=110&Type=search", "url2": null }, "geometry": { "type": "Point", "coordinates": [ 139.7161798, 35.2424417 ] } },
{ "type": "Feature", "properties": { "内容": "COCORO　PLACE【訪問介護】神奈川県横須賀市上町2－23－2", "url": "https://www.kaigokensaku.mhlw.go.jp/14/index.php?action_kouhyou_detail_004_kani=true&JigyosyoCd=1471907871-00&ServiceCd=110&Type=search", "url2": null }, "geometry": { "type": "Point", "coordinates": [ 139.668202264499598, 35.274057447483216 ] } },
{ "type": "Feature", "properties": { "内容": "ニチイケアセンター横須賀中央【訪問介護】神奈川県横須賀市若松町3-5レジーナ・タワー101号室", "url": "https://www.kaigokensaku.mhlw.go.jp/14/index.php?action_kouhyou_detail_004_kani=true&JigyosyoCd=1471900017-00&ServiceCd=110&Type=search", "url2": "https://www.nichii-kaigo.jp/base/base-result/05D48/" }, "geometry": { "type": "Point", "coordinates": [ 139.673112817196625, 35.279212603196406 ] } },
{ "type": "Feature", "properties": { "内容": "よこすかヘルパーステーション【訪問介護】神奈川県横須賀市三春町二丁目１２番地三春コミュニティセンター内", "url": "https://www.kaigokensaku.mhlw.go.jp/14/index.php?action_kouhyou_detail_004_kani=true&JigyosyoCd=1471900033-00&ServiceCd=110&Type=search", "url2": "http://yokosuka-kfz.or.jp/kaigo/" }, "geometry": { "type": "Point", "coordinates": [ 139.685571100000061, 35.2669725 ] } },
{ "type": "Feature", "properties": { "内容": "NPO法人　サポート横須賀【訪問介護】神奈川県横須賀市大津町1-18-11", "url": "https://www.kaigokensaku.mhlw.go.jp/14/index.php?action_kouhyou_detail_004_kani=true&JigyosyoCd=1471900272-00&ServiceCd=110&Type=search", "url2": "http://www.support-yokosuka.com/" }, "geometry": { "type": "Point", "coordinates": [ 139.6960507, 35.2624174 ] } },
{ "type": "Feature", "properties": { "内容": "シャローム在宅ケアセンター【訪問介護】神奈川県横須賀市走水1-35", "url": "https://www.kaigokensaku.mhlw.go.jp/14/index.php?action_kouhyou_detail_004_kani=true&JigyosyoCd=1471900496-00&ServiceCd=110&Type=search", "url2": "http://www.yokosuka-shalom.jp/index.php?id=25" }, "geometry": { "type": "Point", "coordinates": [ 139.727955621426418, 35.263074493996463 ] } },
{ "type": "Feature", "properties": { "内容": "有限会社　伸栄介護サービス【訪問介護】神奈川県横須賀市長坂3-5-1", "url": "https://www.kaigokensaku.mhlw.go.jp/14/index.php?action_kouhyou_detail_004_kani=true&JigyosyoCd=1471901221-00&ServiceCd=110&Type=search", "url2": null }, "geometry": { "type": "Point", "coordinates": [ 139.628354681753507, 35.224249223224945 ] } },
{ "type": "Feature", "properties": { "内容": "ライフサポートみとみ【訪問介護】神奈川県横須賀市久里浜3-32-9エクセルつくし乃１０６", "url": "https://www.kaigokensaku.mhlw.go.jp/14/index.php?action_kouhyou_detail_004_kani=true&JigyosyoCd=1471901288-00&ServiceCd=110&Type=search", "url2": "http://www.mitomigroup.com/service.html" }, "geometry": { "type": "Point", "coordinates": [ 139.695245500000027, 35.2269744 ] } },
{ "type": "Feature", "properties": { "内容": "横須賀老人ホーム　かなえる訪問介護【訪問介護】神奈川県横須賀市野比５－５－６", "url": "https://www.kaigokensaku.mhlw.go.jp/14/index.php?action_kouhyou_detail_004_kani=true&JigyosyoCd=1471901577-00&ServiceCd=110&Type=search", "url2": "http://www.kanagawa-swc.com/yokosuka/project/#prj03" }, "geometry": { "type": "Point", "coordinates": [ 139.706681099999969, 35.2120009 ] } },
{ "type": "Feature", "properties": { "内容": "衣笠病院長瀬ケアセンター【訪問介護】神奈川県横須賀市長瀬３－６－２", "url": "https://www.kaigokensaku.mhlw.go.jp/14/index.php?action_kouhyou_detail_004_kani=true&JigyosyoCd=1471901676-00&ServiceCd=110&Type=search", "url2": "https://www.kinugasa.or.jp/care-center/homecare02" }, "geometry": { "type": "Point", "coordinates": [ 139.72330420000003, 35.227938 ] } },
{ "type": "Feature", "properties": { "内容": "有限会社　グループライフサービス【訪問介護】神奈川県横須賀市久村４７１101", "url": "https://www.kaigokensaku.mhlw.go.jp/14/index.php?action_kouhyou_detail_004_kani=true&JigyosyoCd=1471901726-00&ServiceCd=110&Type=search", "url2": "https://www.grouplife.co.jp" }, "geometry": { "type": "Point", "coordinates": [ 139.692406799999958, 35.2314989 ] } },
{ "type": "Feature", "properties": { "内容": "トータルケアサービス【訪問介護】神奈川県横須賀市久里浜５－１６－２２仲屋ビル３F", "url": "https://www.kaigokensaku.mhlw.go.jp/14/index.php?action_kouhyou_detail_004_kani=true&JigyosyoCd=1471902302-00&ServiceCd=110&Type=search", "url2": null }, "geometry": { "type": "Point", "coordinates": [ 139.702061599999979, 35.2277409 ] } },
{ "type": "Feature", "properties": { "内容": "株式会社　総合福祉協会【訪問介護】神奈川県横須賀市津久井4-21-8", "url": "https://www.kaigokensaku.mhlw.go.jp/14/index.php?action_kouhyou_detail_004_kani=true&JigyosyoCd=1471902666-00&ServiceCd=110&Type=search", "url2": "http://care-net.biz/14/aikana-reharesort/b11.php" }, "geometry": { "type": "Point", "coordinates": [ 139.66287920000002, 35.1955112 ] } },
{ "type": "Feature", "properties": { "内容": "マイライフ介護サービス【訪問介護】神奈川県横須賀市小川町28-1横須賀ハイム206", "url": "https://www.kaigokensaku.mhlw.go.jp/14/index.php?action_kouhyou_detail_004_kani=true&JigyosyoCd=1471903169-00&ServiceCd=110&Type=search", "url2": null }, "geometry": { "type": "Point", "coordinates": [ 139.67370040000003, 35.2834632 ] } },
{ "type": "Feature", "properties": { "内容": "セントケア久里浜【訪問介護】神奈川県横須賀市野比3-3-1トーク湘南野比101", "url": "https://www.kaigokensaku.mhlw.go.jp/14/index.php?action_kouhyou_detail_004_kani=true&JigyosyoCd=1471903482-00&ServiceCd=110&Type=search", "url2": "http://www.saintc-k.com/office/849.html" }, "geometry": { "type": "Point", "coordinates": [ 139.688440899999932, 35.2158453 ] } },
{ "type": "Feature", "properties": { "内容": "あひる訪問介護ステ-ション【訪問介護】神奈川県横須賀市鴨居1-30-17", "url": "https://www.kaigokensaku.mhlw.go.jp/14/index.php?action_kouhyou_detail_004_kani=true&JigyosyoCd=1471904126-00&ServiceCd=110&Type=search", "url2": null }, "geometry": { "type": "Point", "coordinates": [ 139.724676, 35.2494357 ] } },
{ "type": "Feature", "properties": { "内容": "ハートフルケア３６５【訪問介護】神奈川県横須賀市岩戸2丁目6番4号ﾊｲﾂﾘｰ101号", "url": "https://www.kaigokensaku.mhlw.go.jp/14/index.php?action_kouhyou_detail_004_kani=true&JigyosyoCd=1471904159-00&ServiceCd=110&Type=search", "url2": null }, "geometry": { "type": "Point", "coordinates": [ 139.67736089999994, 35.2314517 ] } },
{ "type": "Feature", "properties": { "内容": "株式会社ぴーすけあ・ホームヘルプセンター【訪問介護】神奈川県横須賀市根岸町3-14-25グレイス5　101・102号", "url": "https://www.kaigokensaku.mhlw.go.jp/14/index.php?action_kouhyou_detail_004_kani=true&JigyosyoCd=1471904282-00&ServiceCd=110&Type=search", "url2": "https://peacecare.net" }, "geometry": { "type": "Point", "coordinates": [ 139.682405236514569, 35.250998942085715 ] } },
{ "type": "Feature", "properties": { "内容": "ハビタスカーマケアステーション【訪問介護】神奈川県横須賀市西浦賀５－３２－２", "url": "https://www.kaigokensaku.mhlw.go.jp/14/index.php?action_kouhyou_detail_004_kani=true&JigyosyoCd=1471904514-00&ServiceCd=110&Type=search", "url2": "http://www.habitasu.co.jp/" }, "geometry": { "type": "Point", "coordinates": [ 139.72132350000004, 35.2344096 ] } },
{ "type": "Feature", "properties": { "内容": "たんぽぽ　ヘルパーステーション【訪問介護】神奈川県横須賀市上町３－５０相川ハイツ２０１号", "url": "https://www.kaigokensaku.mhlw.go.jp/14/index.php?action_kouhyou_detail_004_kani=true&JigyosyoCd=1471905040-00&ServiceCd=110&Type=search", "url2": null }, "geometry": { "type": "Point", "coordinates": [ 139.669932076582313, 35.268650275329065 ] } },
{ "type": "Feature", "properties": { "内容": "こてつ介護サービス【訪問介護】神奈川県横須賀市佐原3-12-20-2B", "url": "https://www.kaigokensaku.mhlw.go.jp/14/index.php?action_kouhyou_detail_004_kani=true&JigyosyoCd=1471905529-00&ServiceCd=110&Type=search", "url2": null }, "geometry": { "type": "Point", "coordinates": [ 139.681145593123347, 35.240534829943272 ] } },
{ "type": "Feature", "properties": { "内容": "りんく介護事業所【訪問介護】神奈川県横須賀市若松町3-9プライムレーベル横須賀中央3階", "url": "https://www.kaigokensaku.mhlw.go.jp/14/index.php?action_kouhyou_detail_004_kani=true&JigyosyoCd=1471906295-00&ServiceCd=110&Type=search", "url2": "https://www.link-yokosuka.jp/cont1/3.html" }, "geometry": { "type": "Point", "coordinates": [ 139.672553099999959, 35.2786442 ] } },
{ "type": "Feature", "properties": { "内容": "しろやま介護タクシー【訪問介護】神奈川県横須賀市芦名2-24-45", "url": "https://www.kaigokensaku.mhlw.go.jp/14/index.php?action_kouhyou_detail_004_kani=true&JigyosyoCd=1471906303-00&ServiceCd=110&Type=search", "url2": "http://shiroyama03.wixsite.com/taxi" }, "geometry": { "type": "Point", "coordinates": [ 139.611019199999987, 35.235206500000011 ] } },
{ "type": "Feature", "properties": { "内容": "ミモザヘルパーステーション久里浜【訪問介護】神奈川県横須賀市森崎1-6-8MMAサンハイム101号室", "url": "https://www.kaigokensaku.mhlw.go.jp/14/index.php?action_kouhyou_detail_004_kani=true&JigyosyoCd=1471906469-00&ServiceCd=110&Type=search", "url2": "https://mimoza-care.com/facility/home-visit-care/post-764/" }, "geometry": { "type": "Point", "coordinates": [ 139.682352557760623, 35.249253629552953 ] } },
{ "type": "Feature", "properties": { "内容": "津久井浜ケアセンター訪問介護【訪問介護】神奈川県横須賀市津久井1丁目2番3号", "url": "https://www.kaigokensaku.mhlw.go.jp/14/index.php?action_kouhyou_detail_004_kani=true&JigyosyoCd=1471906501-00&ServiceCd=110&Type=search", "url2": null }, "geometry": { "type": "Point", "coordinates": [ 139.667270599999938, 35.1961612 ] } },
{ "type": "Feature", "properties": { "内容": "やさしい手　横須賀訪問介護事業所【訪問介護】神奈川県横須賀市日の出町１－７", "url": "https://www.kaigokensaku.mhlw.go.jp/14/index.php?action_kouhyou_detail_004_kani=true&JigyosyoCd=1471906550-00&ServiceCd=110&Type=search", "url2": "http://www.yasashiite.com" }, "geometry": { "type": "Point", "coordinates": [ 139.674662077533753, 35.279547576452721 ] } },
{ "type": "Feature", "properties": { "内容": "ニコニコ介護大津【訪問介護】神奈川県横須賀市大津町4-23-1", "url": "https://www.kaigokensaku.mhlw.go.jp/14/index.php?action_kouhyou_detail_004_kani=true&JigyosyoCd=1471906915-00&ServiceCd=110&Type=search", "url2": "https://nikonikokaigo.jp/" }, "geometry": { "type": "Point", "coordinates": [ 139.691931699999941, 35.2568598 ] } },
{ "type": "Feature", "properties": { "内容": "ステップ【訪問介護】神奈川県横須賀市長沢1-3-8", "url": "https://www.kaigokensaku.mhlw.go.jp/14/index.php?action_kouhyou_detail_004_kani=true&JigyosyoCd=1471906998-00&ServiceCd=110&Type=search", "url2": null }, "geometry": { "type": "Point", "coordinates": [ 139.676292600000011, 35.2019278 ] } },
{ "type": "Feature", "properties": { "内容": "こねこケアセンター【訪問介護】神奈川県横須賀市武2丁目12番地40ホワイトマンション206", "url": "https://www.kaigokensaku.mhlw.go.jp/14/index.php?action_kouhyou_detail_004_kani=true&JigyosyoCd=1471907046-00&ServiceCd=110&Type=search", "url2": null }, "geometry": { "type": "Point", "coordinates": [ 139.651167500000042, 35.2289722 ] } },
{ "type": "Feature", "properties": { "内容": "訪問介護　HACHITOH【訪問介護】神奈川県横須賀市田浦町3-7コーポイシカワ104号", "url": "https://www.kaigokensaku.mhlw.go.jp/14/index.php?action_kouhyou_detail_004_kani=true&JigyosyoCd=1471907103-00&ServiceCd=110&Type=search", "url2": null }, "geometry": { "type": "Point", "coordinates": [ 139.632637, 35.2924305 ] } },
{ "type": "Feature", "properties": { "内容": "特定非営利活動法人アシストワン【訪問介護】神奈川県横須賀市鴨居３丁目１７－９高橋テラスハウス１０１", "url": "https://www.kaigokensaku.mhlw.go.jp/14/index.php?action_kouhyou_detail_004_kani=true&JigyosyoCd=1471907152-00&ServiceCd=110&Type=search", "url2": "http://assistone.site-station.net/" }, "geometry": { "type": "Point", "coordinates": [ 139.737317390989375, 35.249738860229918 ] } },
{ "type": "Feature", "properties": { "内容": "株式会社　ヒルック【訪問介護】神奈川県横須賀市佐原1-11-4", "url": "https://www.kaigokensaku.mhlw.go.jp/14/index.php?action_kouhyou_detail_004_kani=true&JigyosyoCd=1471907160-00&ServiceCd=110&Type=search", "url2": null }, "geometry": { "type": "Point", "coordinates": [ 139.6789143, 35.2404347 ] } },
{ "type": "Feature", "properties": { "内容": "ツクイ横須賀【訪問介護】神奈川県横須賀市池上２－１０－１５", "url": "https://www.kaigokensaku.mhlw.go.jp/14/index.php?action_kouhyou_detail_004_kani=true&JigyosyoCd=1471907194-00&ServiceCd=110&Type=search", "url2": "https://www.tsukui.net/home-care/2024/" }, "geometry": { "type": "Point", "coordinates": [ 139.6471122, 35.2643363 ] } },
{ "type": "Feature", "properties": { "内容": "ツクイ北久里浜【訪問介護】神奈川県横須賀市根岸町3-1-5シーアイマンション久里浜1階店舗2号", "url": "https://www.kaigokensaku.mhlw.go.jp/14/index.php?action_kouhyou_detail_004_kani=true&JigyosyoCd=1471907210-00&ServiceCd=110&Type=search", "url2": "http://www.tsukui.net/home-care/2109/" }, "geometry": { "type": "Point", "coordinates": [ 139.685213800000014, 35.252436 ] } },
{ "type": "Feature", "properties": { "内容": "ニチイケアセンター野比【訪問介護】神奈川県横須賀市野比1-19-23サンドエル201号室", "url": "https://www.kaigokensaku.mhlw.go.jp/14/index.php?action_kouhyou_detail_004_kani=true&JigyosyoCd=1471907244-00&ServiceCd=110&Type=search", "url2": "https://www.nichiigakkan.co.jp/" }, "geometry": { "type": "Point", "coordinates": [ 139.6843892, 35.2136247 ] } },
{ "type": "Feature", "properties": { "内容": "訪問介護　りぼん【訪問介護】神奈川県横須賀市長井5-14-2", "url": "https://www.kaigokensaku.mhlw.go.jp/14/index.php?action_kouhyou_detail_004_kani=true&JigyosyoCd=1471907319-00&ServiceCd=110&Type=search", "url2": null }, "geometry": { "type": "Point", "coordinates": [ 139.615217699999988, 35.2043559 ] } },
{ "type": "Feature", "properties": { "内容": "訪問介護事業所　ありがとう【訪問介護】神奈川県横須賀市武3丁目2－12ー2F", "url": "https://www.kaigokensaku.mhlw.go.jp/14/index.php?action_kouhyou_detail_004_kani=true&JigyosyoCd=1471907327-00&ServiceCd=110&Type=search", "url2": "https://rwiz-jp.com/recruiting" }, "geometry": { "type": "Point", "coordinates": [ 139.64870160000001, 35.2261987 ] } },
{ "type": "Feature", "properties": { "内容": "さくら・竹の葉ヘルパーステーション追浜【訪問介護】神奈川県横須賀市追浜本町１－２５", "url": "https://www.kaigokensaku.mhlw.go.jp/14/index.php?action_kouhyou_detail_004_kani=true&JigyosyoCd=1471907335-00&ServiceCd=110&Type=search", "url2": "https://bambooo.co.jp/" }, "geometry": { "type": "Point", "coordinates": [ 139.6269446, 35.317019 ] } },
{ "type": "Feature", "properties": { "内容": "さくら介護クラブ横須賀【訪問介護】神奈川県横須賀市長沢１-30-14２F", "url": "https://www.kaigokensaku.mhlw.go.jp/14/index.php?action_kouhyou_detail_004_kani=true&JigyosyoCd=1471907350-00&ServiceCd=110&Type=search", "url2": "https://jala.co.jp/" }, "geometry": { "type": "Point", "coordinates": [ 139.674405599999972, 35.204606 ] } },
{ "type": "Feature", "properties": { "内容": "セントケア訪問介護ステーション横須賀【訪問介護】神奈川県横須賀市安浦町３-43-17極東物産ビル３階", "url": "https://www.kaigokensaku.mhlw.go.jp/14/index.php?action_kouhyou_detail_004_kani=true&JigyosyoCd=1471907368-00&ServiceCd=110&Type=search", "url2": "http://www.saint-k.com" }, "geometry": { "type": "Point", "coordinates": [ 139.681160682339709, 35.271328440877781 ] } },
{ "type": "Feature", "properties": { "内容": "湘南グリーン訪問介護事業所【訪問介護】神奈川県横須賀市大矢部５－１２－７西城ビル３Ｆ", "url": "https://www.kaigokensaku.mhlw.go.jp/14/index.php?action_kouhyou_detail_004_kani=true&JigyosyoCd=1471907434-00&ServiceCd=110&Type=search", "url2": null }, "geometry": { "type": "Point", "coordinates": [ 139.670801399999988, 35.2400364 ] } },
{ "type": "Feature", "properties": { "内容": "しんわ訪問介護【訪問介護】神奈川県横須賀市武1-30-24", "url": "https://www.kaigokensaku.mhlw.go.jp/14/index.php?action_kouhyou_detail_004_kani=true&JigyosyoCd=1471907475-00&ServiceCd=110&Type=search", "url2": "https://shinwag.jp" }, "geometry": { "type": "Point", "coordinates": [ 139.653081456468783, 35.225883590418917 ] } },
{ "type": "Feature", "properties": { "内容": "くじらぐも【訪問介護】神奈川県横須賀市須軽谷736番地トラリュームオッコシ203", "url": "https://www.kaigokensaku.mhlw.go.jp/14/index.php?action_kouhyou_detail_004_kani=true&JigyosyoCd=1471907483-00&ServiceCd=110&Type=search", "url2": null }, "geometry": { "type": "Point", "coordinates": [ 139.646147857637402, 35.210981570007242 ] } },
{ "type": "Feature", "properties": { "内容": "ジョイライフ訪問介護【訪問介護】神奈川県横須賀市大矢部1-10-4浜荘101", "url": "https://www.kaigokensaku.mhlw.go.jp/14/index.php?action_kouhyou_detail_004_kani=true&JigyosyoCd=1471907491-00&ServiceCd=110&Type=search", "url2": null }, "geometry": { "type": "Point", "coordinates": [ 139.6685077, 35.2409899 ] } },
{ "type": "Feature", "properties": { "内容": "ケアサービス　轍【訪問介護】神奈川県横須賀市衣笠栄町3-12", "url": "https://www.kaigokensaku.mhlw.go.jp/14/index.php?action_kouhyou_detail_004_kani=true&JigyosyoCd=1471907566-00&ServiceCd=110&Type=search", "url2": null }, "geometry": { "type": "Point", "coordinates": [ 139.6571064, 35.258933 ] } },
{ "type": "Feature", "properties": { "内容": "あゆみ訪問介護【訪問介護】神奈川県横須賀市佐原4-8-23しんわ佐原ビル　地下1階", "url": "https://www.kaigokensaku.mhlw.go.jp/14/index.php?action_kouhyou_detail_004_kani=true&JigyosyoCd=1471907582-00&ServiceCd=110&Type=search", "url2": "https://shinwag.jp" }, "geometry": { "type": "Point", "coordinates": [ 139.688957423888013, 35.239537007018924 ] } },
{ "type": "Feature", "properties": { "内容": "訪問介護　すずの音【訪問介護】神奈川県横須賀市津久井4-1-21パーシモンハウス24", "url": "https://www.kaigokensaku.mhlw.go.jp/14/index.php?action_kouhyou_detail_004_kani=true&JigyosyoCd=1471907004-00&ServiceCd=110&Type=search", "url2": "https://www.suzu-ne.net/" }, "geometry": { "type": "Point", "coordinates": [ 139.665977399999946, 35.199803 ] } },
{ "type": "Feature", "properties": { "内容": "若武者ケア　横須賀南事業所【訪問介護】神奈川県横須賀市岩戸３－３８－４第一ベストビル２階", "url": "https://www.kaigokensaku.mhlw.go.jp/14/index.php?action_kouhyou_detail_004_kani=true&JigyosyoCd=1471907772-00&ServiceCd=110&Type=search", "url2": "https://www.kimurakaigo.co.jp/" }, "geometry": { "type": "Point", "coordinates": [ 139.67222648650818, 35.233290307381118 ] } },
{ "type": "Feature", "properties": { "内容": "さくらんぼ武山【訪問介護】神奈川県横須賀市武1-20-15ライフコート横須賀武山住宅型有料老人ホームさくらんぼ内", "url": "https://www.kaigokensaku.mhlw.go.jp/14/index.php?action_kouhyou_detail_004_kani=true&JigyosyoCd=1461990407-00&ServiceCd=110&Type=search", "url2": null }, "geometry": { "type": "Point", "coordinates": [ 139.652688, 35.229452 ] } },
{ "type": "Feature", "properties": { "内容": "ニチイケアセンター湘南山手【訪問介護】神奈川県横須賀市吉井4-20-10", "url": "https://www.kaigokensaku.mhlw.go.jp/14/index.php?action_kouhyou_detail_004_kani=true&JigyosyoCd=1471900926-00&ServiceCd=110&Type=search", "url2": "http://www.nichiigakkan.co.jp" }, "geometry": { "type": "Point", "coordinates": [ 139.705783200000042, 35.2504578 ] } },
{ "type": "Feature", "properties": { "内容": "共楽荘訪問介護福祉サービスセンター【訪問介護】神奈川県横須賀市衣笠栄町4-14", "url": "https://www.kaigokensaku.mhlw.go.jp/14/index.php?action_kouhyou_detail_004_kani=true&JigyosyoCd=1471900942-00&ServiceCd=110&Type=search", "url2": "https://kyourakusou.jp/" }, "geometry": { "type": "Point", "coordinates": [ 139.655962700000032, 35.2637375 ] } },
{ "type": "Feature", "properties": { "内容": "聖隷ヘルパーステーション横須賀【訪問介護】神奈川県横須賀市武3-39-1", "url": "https://www.kaigokensaku.mhlw.go.jp/14/index.php?action_kouhyou_detail_004_kani=true&JigyosyoCd=1471900991-00&ServiceCd=110&Type=search", "url2": "http://www.seirei.or.jp/hq/facility/home/helper/yokosuka/index.html" }, "geometry": { "type": "Point", "coordinates": [ 139.64872170000001, 35.2207586 ] } },
{ "type": "Feature", "properties": { "内容": "みうら【訪問介護】神奈川県横須賀市荻野9-13", "url": "https://www.kaigokensaku.mhlw.go.jp/14/index.php?action_kouhyou_detail_004_kani=true&JigyosyoCd=1471901056-00&ServiceCd=110&Type=search", "url2": "http://www.miura.or.jp" }, "geometry": { "type": "Point", "coordinates": [ 139.629017558786018, 35.225945408501985 ] } },
{ "type": "Feature", "properties": { "内容": "ニチイケアセンター横須賀【訪問介護】神奈川県横須賀市船越町1-56廣瀬ビル1階101号室", "url": "https://www.kaigokensaku.mhlw.go.jp/14/index.php?action_kouhyou_detail_004_kani=true&JigyosyoCd=1471901312-00&ServiceCd=110&Type=search", "url2": "https://www.nichii-kaigo.jp/base/base-result/05Y06/" }, "geometry": { "type": "Point", "coordinates": [ 139.6284938, 35.3001425 ] } },
{ "type": "Feature", "properties": { "内容": "福祉の森　湘南【訪問介護】神奈川県横須賀市田戸台87-3", "url": "https://www.kaigokensaku.mhlw.go.jp/14/index.php?action_kouhyou_detail_004_kani=true&JigyosyoCd=1471901825-00&ServiceCd=110&Type=search", "url2": null }, "geometry": { "type": "Point", "coordinates": [ 139.676360899999963, 35.2687143 ] } },
{ "type": "Feature", "properties": { "内容": "みさとの家【訪問介護】神奈川県横須賀市東逸見町4-36-1", "url": "https://www.kaigokensaku.mhlw.go.jp/14/index.php?action_kouhyou_detail_004_kani=true&JigyosyoCd=1471901833-00&ServiceCd=110&Type=search", "url2": null }, "geometry": { "type": "Point", "coordinates": [ 139.64695077976225, 35.27232117760542 ] } },
{ "type": "Feature", "properties": { "内容": "聖ヨゼフヘルパーステーション【訪問介護】神奈川県横須賀市緑が丘28", "url": "https://www.kaigokensaku.mhlw.go.jp/14/index.php?action_kouhyou_detail_004_kani=true&JigyosyoCd=1471901890-00&ServiceCd=110&Type=search", "url2": "https://www.st-joseph.jp/annex/helper/" }, "geometry": { "type": "Point", "coordinates": [ 139.6672926, 35.2810969 ] } },
{ "type": "Feature", "properties": { "内容": "訪問介護　さんふらわぁ【訪問介護】神奈川県横須賀市野比3-10-21", "url": "https://www.kaigokensaku.mhlw.go.jp/14/index.php?action_kouhyou_detail_004_kani=true&JigyosyoCd=1471901940-00&ServiceCd=110&Type=search", "url2": "https://www.tsugai2003.com" }, "geometry": { "type": "Point", "coordinates": [ 139.691862899999933, 35.2127372 ] } },
{ "type": "Feature", "properties": { "内容": "ホームヘルパーステーション　あしたの風【訪問介護】神奈川県横須賀市佐原３－４－２３１F", "url": "https://www.kaigokensaku.mhlw.go.jp/14/index.php?action_kouhyou_detail_004_kani=true&JigyosyoCd=1471901981-00&ServiceCd=110&Type=search", "url2": "http://michi-kaigo.com" }, "geometry": { "type": "Point", "coordinates": [ 139.682955340475502, 35.240924002619956 ] } },
{ "type": "Feature", "properties": { "内容": "在宅ケアセンター陽だまり【訪問介護】神奈川県横須賀市三春町１－２２青木ビル２０１", "url": "https://www.kaigokensaku.mhlw.go.jp/14/index.php?action_kouhyou_detail_004_kani=true&JigyosyoCd=1471902146-00&ServiceCd=110&Type=search", "url2": null }, "geometry": { "type": "Point", "coordinates": [ 139.682254893883169, 35.268247567069935 ] } },
{ "type": "Feature", "properties": { "内容": "たづ介護センター【訪問介護】神奈川県横須賀市平作２－２２－４", "url": "https://www.kaigokensaku.mhlw.go.jp/14/index.php?action_kouhyou_detail_004_kani=true&JigyosyoCd=1471902260-00&ServiceCd=110&Type=search", "url2": null }, "geometry": { "type": "Point", "coordinates": [ 139.655326599999967, 35.2531385 ] } },
{ "type": "Feature", "properties": { "内容": "すずせい福祉サービス【訪問介護】神奈川県横須賀市佐野町3丁目33番地", "url": "https://www.kaigokensaku.mhlw.go.jp/14/index.php?action_kouhyou_detail_004_kani=true&JigyosyoCd=1471903391-00&ServiceCd=110&Type=search", "url2": "https://www.suzusei.com" }, "geometry": { "type": "Point", "coordinates": [ 139.671419600000036, 35.2640871 ] } },
{ "type": "Feature", "properties": { "内容": "特定非営利活動法人　くろふね【訪問介護】神奈川県横須賀市汐入町２－１０半蔵ビル", "url": "https://www.kaigokensaku.mhlw.go.jp/14/index.php?action_kouhyou_detail_004_kani=true&JigyosyoCd=1471903417-00&ServiceCd=110&Type=search", "url2": null }, "geometry": { "type": "Point", "coordinates": [ 139.660240974868771, 35.281376074667911 ] } },
{ "type": "Feature", "properties": { "内容": "訪問介護のぞみ【訪問介護】神奈川県横須賀市長坂2-9-36赤羽ビル２F", "url": "https://www.kaigokensaku.mhlw.go.jp/14/index.php?action_kouhyou_detail_004_kani=true&JigyosyoCd=1471903433-00&ServiceCd=110&Type=search", "url2": "http://www.regiol.co.jp" }, "geometry": { "type": "Point", "coordinates": [ 139.620831100084501, 35.228590883643044 ] } },
{ "type": "Feature", "properties": { "内容": "ニチイケアセンター横須賀佐原【訪問介護】神奈川県横須賀市佐原1-4-20", "url": "https://www.kaigokensaku.mhlw.go.jp/14/index.php?action_kouhyou_detail_004_kani=true&JigyosyoCd=1471903847-00&ServiceCd=110&Type=search", "url2": "http://www.nichiigakkan.co.jp" }, "geometry": { "type": "Point", "coordinates": [ 139.678716200000054, 35.2424727 ] } },
{ "type": "Feature", "properties": { "内容": "ケアステーション杏の実【訪問介護】神奈川県横須賀市根岸町５丁目１８番１９号反町ビル1Ｆ", "url": "https://www.kaigokensaku.mhlw.go.jp/14/index.php?action_kouhyou_detail_004_kani=true&JigyosyoCd=1471903912-00&ServiceCd=110&Type=search", "url2": "https://www.anzunomi.jp/" }, "geometry": { "type": "Point", "coordinates": [ 139.6847464, 35.254049699999989 ] } },
{ "type": "Feature", "properties": { "内容": "介護センター鈴鈴【訪問介護】神奈川県横須賀市平作5-10-16", "url": "https://www.kaigokensaku.mhlw.go.jp/14/index.php?action_kouhyou_detail_004_kani=true&JigyosyoCd=1471903920-00&ServiceCd=110&Type=search", "url2": null }, "geometry": { "type": "Point", "coordinates": [ 139.647682900000063, 35.2571047 ] } },
{ "type": "Feature", "properties": { "内容": "しんわ福祉サービス【訪問介護】神奈川県横須賀市三春町1-3", "url": "https://www.kaigokensaku.mhlw.go.jp/14/index.php?action_kouhyou_detail_004_kani=true&JigyosyoCd=1471905412-00&ServiceCd=110&Type=search", "url2": "http://shinwag.jp/" }, "geometry": { "type": "Point", "coordinates": [ 139.681464614680522, 35.270417375281085 ] } },
{ "type": "Feature", "properties": { "内容": "ライフコート湘南野比さくらんぼ【訪問介護】神奈川県横須賀市長沢6-7-1ライフコート湘南野比住宅型有料老人ホームさくらんぼ", "url": "https://www.kaigokensaku.mhlw.go.jp/14/index.php?action_kouhyou_detail_004_kani=true&JigyosyoCd=1471905958-00&ServiceCd=110&Type=search", "url2": "http://www.care-sakuranbo.jp/facilities/shonannobi/" }, "geometry": { "type": "Point", "coordinates": [ 139.681819200000064, 35.2161147 ] } },
{ "type": "Feature", "properties": { "内容": "太陽の家　浦賀ケアステーション【訪問介護】神奈川県横須賀市浦賀2-3-20", "url": "https://www.kaigokensaku.mhlw.go.jp/14/index.php?action_kouhyou_detail_004_kani=true&JigyosyoCd=1471906097-00&ServiceCd=110&Type=search", "url2": "http://www.ui21.or.jp/shisetsu/11-uraga/" }, "geometry": { "type": "Point", "coordinates": [ 139.70821959700254, 35.2538119422695 ] } },
{ "type": "Feature", "properties": { "内容": "真愛ケアセンター【訪問介護】神奈川県横須賀市二葉2-10-3", "url": "https://www.kaigokensaku.mhlw.go.jp/14/index.php?action_kouhyou_detail_004_kani=true&JigyosyoCd=1471906733-00&ServiceCd=110&Type=search", "url2": "https://maai-care.com" }, "geometry": { "type": "Point", "coordinates": [ 139.722554199999962, 35.247573 ] } },
{ "type": "Feature", "properties": { "内容": "ＳＯＭＰＯケア　横須賀公郷　訪問介護【訪問介護】神奈川県横須賀市公郷町3-119-4由井ビル1Ｆ", "url": "https://www.kaigokensaku.mhlw.go.jp/14/index.php?action_kouhyou_detail_004_kani=true&JigyosyoCd=1471906824-00&ServiceCd=110&Type=search", "url2": "https://www.sompocare.com" }, "geometry": { "type": "Point", "coordinates": [ 139.6721612, 35.255588 ] } },
{ "type": "Feature", "properties": { "内容": "いろは介護サービス【訪問介護】神奈川県横須賀市岩戸1-8-42Ｆ", "url": "https://www.kaigokensaku.mhlw.go.jp/14/index.php?action_kouhyou_detail_004_kani=true&JigyosyoCd=1471907681-00&ServiceCd=110&Type=search", "url2": "https://kaigo-doremi.com" }, "geometry": { "type": "Point", "coordinates": [ 139.675689, 35.2336301 ] } },
{ "type": "Feature", "properties": { "内容": "ケアリリーフ【訪問介護】神奈川県横須賀市根岸町4-39-21田中サンライズビル202", "url": "https://www.kaigokensaku.mhlw.go.jp/14/index.php?action_kouhyou_detail_004_kani=true&JigyosyoCd=1471907731-00&ServiceCd=110&Type=search", "url2": null }, "geometry": { "type": "Point", "coordinates": [ 139.681586, 35.2524165 ] } },
{ "type": "Feature", "properties": { "内容": "ケアステーションSteady【訪問介護】神奈川県横須賀市津久井1-14-3", "url": "https://www.kaigokensaku.mhlw.go.jp/14/index.php?action_kouhyou_detail_004_kani=true&JigyosyoCd=1471907749-00&ServiceCd=110&Type=search", "url2": "https://www.steady-regroup.com/" }, "geometry": { "type": "Point", "coordinates": [ 139.663798500000013, 35.194107599999967 ] } },
{ "type": "Feature", "properties": { "内容": "花の里ヘルパーステーション【訪問介護】神奈川県横須賀市追浜東町3丁目65番地追浜会館共同ビルA棟", "url": "https://www.kaigokensaku.mhlw.go.jp/14/index.php?action_kouhyou_detail_004_kani=true&JigyosyoCd=1471907939-00&ServiceCd=110&Type=search", "url2": null }, "geometry": { "type": "Point", "coordinates": [ 139.6319619, 35.3171584 ] } },
{ "type": "Feature", "properties": { "内容": "若武者ケア　横須賀事業所【訪問介護】神奈川県横須賀市深田台83-1　センテナリオK　1階", "url": "https://www.kaigokensaku.mhlw.go.jp/14/index.php?action_kouhyou_detail_004_kani=true&JigyosyoCd=1471907764-00&ServiceCd=110&Type=search", "url2": "https://www.kimurakaigo.co.jp/home" }, "geometry": { "type": "Point", "coordinates": [ 139.673194099999989, 35.2718755 ] } },
{ "type": "Feature", "properties": { "内容": "十愛【訪問介護】神奈川県横須賀市鴨居2-47-12", "url": "https://www.kaigokensaku.mhlw.go.jp/14/index.php?action_kouhyou_detail_004_kani=true&JigyosyoCd=1471905032-00&ServiceCd=110&Type=search", "url2": null }, "geometry": { "type": "Point", "coordinates": [ 139.728741019358353, 35.24492179566289 ] } },
{ "type": "Feature", "properties": { "内容": "ホームヘルプ青い鳥【訪問介護】神奈川県横須賀市追浜南町1-28ブラン・ブルー湘南East106", "url": "https://www.kaigokensaku.mhlw.go.jp/14/index.php?action_kouhyou_detail_004_kani=true&JigyosyoCd=1471906980-00&ServiceCd=110&Type=search", "url2": "https://aoitori-yamanowa.co.jp/" }, "geometry": { "type": "Point", "coordinates": [ 139.624173988401907, 35.312374199712593 ] } },
{ "type": "Feature", "properties": { "内容": "ヘルパーステーションはなことば横須賀衣笠【訪問介護】神奈川県横須賀市衣笠町44-5はなことば横須賀衣笠内", "url": "https://www.kaigokensaku.mhlw.go.jp/14/index.php?action_kouhyou_detail_004_kani=true&JigyosyoCd=1471906279-00&ServiceCd=110&Type=search", "url2": "https://www.hanakotoba.co.jp/facility/kinugasa.html" }, "geometry": { "type": "Point", "coordinates": [ 139.660834499999964, 35.237401 ] } },
{ "type": "Feature", "properties": { "内容": "ヘルパーステーション　イワサキ【訪問介護】神奈川県横須賀市米が浜通１－１－５ダイカンプラザシティⅠ301", "url": "https://www.kaigokensaku.mhlw.go.jp/14/index.php?action_kouhyou_detail_004_kani=true&JigyosyoCd=1471903961-00&ServiceCd=110&Type=search", "url2": null }, "geometry": { "type": "Point", "coordinates": [ 139.674172399999946, 35.2782803 ] } },
{ "type": "Feature", "properties": { "内容": "湘南の街訪問介護ステーション【訪問介護】神奈川県平塚市御殿２－１７－４２養護老人ホーム3階", "url": "https://www.kaigokensaku.mhlw.go.jp/14/index.php?action_kouhyou_detail_004_kani=true&JigyosyoCd=1472002805-00&ServiceCd=110&Type=search", "url2": "http://www.scn-net.ne.jp/~ruujin.h/" }, "geometry": { "type": "Point", "coordinates": [ 139.326694800000041, 35.344748 ] } },
{ "type": "Feature", "properties": { "内容": "訪問介護千久【訪問介護】神奈川県平塚市岡崎6215−１３コーポシュガー２０１", "url": "https://www.kaigokensaku.mhlw.go.jp/14/index.php?action_kouhyou_detail_004_kani=true&JigyosyoCd=1472005006-00&ServiceCd=110&Type=search", "url2": "https://houmonkaigo-senkyu.jimdosite.com/" }, "geometry": { "type": "Point", "coordinates": [ 139.3017604, 35.3777714 ] } },
{ "type": "Feature", "properties": { "内容": "ウィルケアサポート訪問介護【訪問介護】神奈川県平塚市河内57‐1メゾネット２１A－2", "url": "https://www.kaigokensaku.mhlw.go.jp/14/index.php?action_kouhyou_detail_004_kani=true&JigyosyoCd=1472004983-00&ServiceCd=110&Type=search", "url2": null }, "geometry": { "type": "Point", "coordinates": [ 139.3087701, 35.3431595 ] } },
{ "type": "Feature", "properties": { "内容": "青い空ヘルパーステーション平塚【訪問介護】神奈川県平塚市横内3758-3パールハウス2　101", "url": "https://www.kaigokensaku.mhlw.go.jp/14/index.php?action_kouhyou_detail_004_kani=true&JigyosyoCd=1472005014-00&ServiceCd=110&Type=search", "url2": "https://total-support-kaigo.com/facility/aoisora02/" }, "geometry": { "type": "Point", "coordinates": [ 139.350070515344242, 35.366288686243905 ] } },
{ "type": "Feature", "properties": { "内容": "訪問介護　大樹【訪問介護】神奈川県平塚市入野251-9ファミール喜洋201", "url": "https://www.kaigokensaku.mhlw.go.jp/14/index.php?action_kouhyou_detail_004_kani=true&JigyosyoCd=1472005030-00&ServiceCd=110&Type=search", "url2": "https://www.kanagawa-taiju.com/" }, "geometry": { "type": "Point", "coordinates": [ 137.6865617, 34.6958406 ] } },
{ "type": "Feature", "properties": { "内容": "サンレジデンス湘南居宅介護サービス【訪問介護】神奈川県平塚市田村2-11-5", "url": "https://www.kaigokensaku.mhlw.go.jp/14/index.php?action_kouhyou_detail_004_kani=true&JigyosyoCd=1472000015-00&ServiceCd=110&Type=search", "url2": "https://keishin-kai-honbu.jp/kaigo/pages/74/" }, "geometry": { "type": "Point", "coordinates": [ 139.3585326, 35.3717317 ] } },
{ "type": "Feature", "properties": { "内容": "サン・ライフ福祉サービスセンター　湘南事業所【訪問介護】神奈川県平塚市馬入本町13-2-1", "url": "https://www.kaigokensaku.mhlw.go.jp/14/index.php?action_kouhyou_detail_004_kani=true&JigyosyoCd=1472000023-00&ServiceCd=110&Type=search", "url2": "https://www.sunlife.jp/care/menu03.html" }, "geometry": { "type": "Point", "coordinates": [ 139.362483600000019, 35.3312832 ] } },
{ "type": "Feature", "properties": { "内容": "湘南ホームフレンド　平塚介護サービス【訪問介護】神奈川県平塚市徳延194－1", "url": "https://www.kaigokensaku.mhlw.go.jp/14/index.php?action_kouhyou_detail_004_kani=true&JigyosyoCd=1472000379-00&ServiceCd=110&Type=search", "url2": "http://www.homefriend.co.jp/service/kaigo/index.html" }, "geometry": { "type": "Point", "coordinates": [ 139.316793616222498, 35.339985716584984 ] } },
{ "type": "Feature", "properties": { "内容": "特定非営利活動法人　ひまわり福祉サービス【訪問介護】神奈川県平塚市高村203-12-103", "url": "https://www.kaigokensaku.mhlw.go.jp/14/index.php?action_kouhyou_detail_004_kani=true&JigyosyoCd=1472000429-00&ServiceCd=110&Type=search", "url2": "https://npo-himawari.org/" }, "geometry": { "type": "Point", "coordinates": [ 139.307877435581986, 35.332875969575845 ] } },
{ "type": "Feature", "properties": { "内容": "社会福祉法人　則信会　ケアセンター・ういすたりあ【訪問介護】神奈川県平塚市西真土4-23-35", "url": "https://www.kaigokensaku.mhlw.go.jp/14/index.php?action_kouhyou_detail_004_kani=true&JigyosyoCd=1472000528-00&ServiceCd=110&Type=search", "url2": "http://www.wistaria.jp" }, "geometry": { "type": "Point", "coordinates": [ 139.348906100000022, 35.3641408 ] } },
{ "type": "Feature", "properties": { "内容": "ニチイケアセンター湘南神田【訪問介護】神奈川県平塚市大神１-10-8", "url": "https://www.kaigokensaku.mhlw.go.jp/14/index.php?action_kouhyou_detail_004_kani=true&JigyosyoCd=1472001302-00&ServiceCd=110&Type=search", "url2": "http://www.nichii-kaigo.jp/base/base-result/05M63/" }, "geometry": { "type": "Point", "coordinates": [ 139.361104299999937, 35.384118800000017 ] } },
{ "type": "Feature", "properties": { "内容": "ＣＳケアハウス【訪問介護】神奈川県平塚市根坂間219-2", "url": "https://www.kaigokensaku.mhlw.go.jp/14/index.php?action_kouhyou_detail_004_kani=true&JigyosyoCd=1472001823-00&ServiceCd=110&Type=search", "url2": null }, "geometry": { "type": "Point", "coordinates": [ 139.308379899999977, 35.335788 ] } },
{ "type": "Feature", "properties": { "内容": "ＳＭＣケアステーションさなだ【訪問介護】神奈川県平塚市真田2丁目6番27号", "url": "https://www.kaigokensaku.mhlw.go.jp/14/index.php?action_kouhyou_detail_004_kani=true&JigyosyoCd=1472001864-00&ServiceCd=110&Type=search", "url2": "http://www.smcg.jp/care_station_sanada/outline.html" }, "geometry": { "type": "Point", "coordinates": [ 139.283529300000026, 35.3717853 ] } },
{ "type": "Feature", "properties": { "内容": "ヘルパーステーション　あんしん元気　平塚【訪問介護】神奈川県平塚市中里11番地1号プレビューフジミ101号", "url": "https://www.kaigokensaku.mhlw.go.jp/14/index.php?action_kouhyou_detail_004_kani=true&JigyosyoCd=1472002136-00&ServiceCd=110&Type=search", "url2": "https://www.anshin-genki.jp/" }, "geometry": { "type": "Point", "coordinates": [ 139.334880500000054, 35.3313496 ] } },
{ "type": "Feature", "properties": { "内容": "平塚御殿やわらぎ【訪問介護】神奈川県平塚市御殿1丁目32-32", "url": "https://www.kaigokensaku.mhlw.go.jp/14/index.php?action_kouhyou_detail_004_kani=true&JigyosyoCd=1472002482-00&ServiceCd=110&Type=search", "url2": null }, "geometry": { "type": "Point", "coordinates": [ 139.330782790737885, 35.339917365746679 ] } },
{ "type": "Feature", "properties": { "内容": "湘南介護支援センター【訪問介護】神奈川県平塚市東真土1-10-61", "url": "https://www.kaigokensaku.mhlw.go.jp/14/index.php?action_kouhyou_detail_004_kani=true&JigyosyoCd=1472003084-00&ServiceCd=110&Type=search", "url2": null }, "geometry": { "type": "Point", "coordinates": [ 139.353000299999962, 35.355961100000023 ] } },
{ "type": "Feature", "properties": { "内容": "訪問介護　りんく【訪問介護】神奈川県平塚市御殿1-10-4", "url": "https://www.kaigokensaku.mhlw.go.jp/14/index.php?action_kouhyou_detail_004_kani=true&JigyosyoCd=1472003449-00&ServiceCd=110&Type=search", "url2": "http://link-hiratuka.com/houmonkaigo/top.html" }, "geometry": { "type": "Point", "coordinates": [ 139.332505909380416, 35.34187533808263 ] } },
{ "type": "Feature", "properties": { "内容": "のぞみケアサービス【訪問介護】神奈川県平塚市西八幡3-2-11", "url": "https://www.kaigokensaku.mhlw.go.jp/14/index.php?action_kouhyou_detail_004_kani=true&JigyosyoCd=1472004074-00&ServiceCd=110&Type=search", "url2": null }, "geometry": { "type": "Point", "coordinates": [ 139.353290046911297, 35.345998022052278 ] } },
{ "type": "Feature", "properties": { "内容": "訪問介護ファミリー・ホスピス四之宮【訪問介護】神奈川県平塚市四之宮2丁目23番地19号ファミリー・ホスピス四之宮ハウス", "url": "https://www.kaigokensaku.mhlw.go.jp/14/index.php?action_kouhyou_detail_004_kani=true&JigyosyoCd=1472004132-00&ServiceCd=110&Type=search", "url2": "https://family-hospice.co.jp" }, "geometry": { "type": "Point", "coordinates": [ 139.356002972491524, 35.352839050178538 ] } },
{ "type": "Feature", "properties": { "内容": "スマイルサポートセンター平塚【訪問介護】神奈川県平塚市四之宮3-19-18センチュリー銀河B101", "url": "https://www.kaigokensaku.mhlw.go.jp/14/index.php?action_kouhyou_detail_004_kani=true&JigyosyoCd=1472004546-00&ServiceCd=110&Type=search", "url2": "https://hinode-care.com/establishment/ss-hiratsuka/" }, "geometry": { "type": "Point", "coordinates": [ 139.36141190360226, 35.354126185986004 ] } },
{ "type": "Feature", "properties": { "内容": "ツクイ平塚中原【訪問介護】神奈川県平塚市中原1-21-15", "url": "https://www.kaigokensaku.mhlw.go.jp/14/index.php?action_kouhyou_detail_004_kani=true&JigyosyoCd=1472004603-00&ServiceCd=110&Type=search", "url2": "https://www.tsukui.net" }, "geometry": { "type": "Point", "coordinates": [ 139.335000799999989, 35.3425782 ] } },
{ "type": "Feature", "properties": { "内容": "真　訪問介護【訪問介護】神奈川県平塚市片岡１２８６コーポ富士見１０３", "url": "https://www.kaigokensaku.mhlw.go.jp/14/index.php?action_kouhyou_detail_004_kani=true&JigyosyoCd=1472004678-00&ServiceCd=110&Type=search", "url2": "https://www.navida.ne.jp/snavi/101335_1.html" }, "geometry": { "type": "Point", "coordinates": [ 139.2981854, 35.3586202 ] } },
{ "type": "Feature", "properties": { "内容": "クレール四之宮ヘルパーセンター【訪問介護】神奈川県平塚市四之宮2-4-3", "url": "https://www.kaigokensaku.mhlw.go.jp/14/index.php?action_kouhyou_detail_004_kani=true&JigyosyoCd=1472004686-00&ServiceCd=110&Type=search", "url2": null }, "geometry": { "type": "Point", "coordinates": [ 139.352307, 35.3484977 ] } },
{ "type": "Feature", "properties": { "内容": "ケアハウス　あしたば【訪問介護】神奈川県平塚市広川８４１－１", "url": "https://www.kaigokensaku.mhlw.go.jp/14/index.php?action_kouhyou_detail_004_kani=true&JigyosyoCd=1472004710-00&ServiceCd=110&Type=search", "url2": null }, "geometry": { "type": "Point", "coordinates": [ 139.3004435, 35.3562034 ] } },
{ "type": "Feature", "properties": { "内容": "らいおんハート訪問介護ステーション平塚【訪問介護】神奈川県平塚市南原1-1-1", "url": "https://www.kaigokensaku.mhlw.go.jp/14/index.php?action_kouhyou_detail_004_kani=true&JigyosyoCd=1472004744-00&ServiceCd=110&Type=search", "url2": null }, "geometry": { "type": "Point", "coordinates": [ 139.33047660674589, 35.338073436480194 ] } },
{ "type": "Feature", "properties": { "内容": "クローバー【訪問介護】神奈川県平塚市東八幡2-4-8", "url": "https://www.kaigokensaku.mhlw.go.jp/14/index.php?action_kouhyou_detail_004_kani=true&JigyosyoCd=1472402575-00&ServiceCd=110&Type=search", "url2": null }, "geometry": { "type": "Point", "coordinates": [ 139.35574349898377, 35.343977003143266 ] } },
{ "type": "Feature", "properties": { "内容": "オウルケア【訪問介護】神奈川県平塚市八重咲町26-19ブルーハイツ高風荘104", "url": "https://www.kaigokensaku.mhlw.go.jp/14/index.php?action_kouhyou_detail_004_kani=true&JigyosyoCd=1472901782-00&ServiceCd=110&Type=search", "url2": null }, "geometry": { "type": "Point", "coordinates": [ 139.351212817686473, 35.324498770272683 ] } },
{ "type": "Feature", "properties": { "内容": "れんげの郷　訪問介護【訪問介護】神奈川県平塚市公所705-1", "url": "https://www.kaigokensaku.mhlw.go.jp/14/index.php?action_kouhyou_detail_004_kani=true&JigyosyoCd=1472001658-00&ServiceCd=110&Type=search", "url2": "https://www.rengenosato.com/" }, "geometry": { "type": "Point", "coordinates": [ 139.305113500000061, 35.3464365 ] } },
{ "type": "Feature", "properties": { "内容": "アクア・ケアサービス平塚【訪問介護】神奈川県平塚市立野町41-6", "url": "https://www.kaigokensaku.mhlw.go.jp/14/index.php?action_kouhyou_detail_004_kani=true&JigyosyoCd=1472000544-00&ServiceCd=110&Type=search", "url2": "http://www.aqa-care.co.jp/" }, "geometry": { "type": "Point", "coordinates": [ 139.338802200000032, 35.3350214 ] } },
{ "type": "Feature", "properties": { "内容": "株式会社　ヘルシーサービス　平塚営業所【訪問介護】神奈川県平塚市万田1-11-30", "url": "https://www.kaigokensaku.mhlw.go.jp/14/index.php?action_kouhyou_detail_004_kani=true&JigyosyoCd=1472000676-00&ServiceCd=110&Type=search", "url2": "https://www.healthy-service.co.jp/service/home_help.html" }, "geometry": { "type": "Point", "coordinates": [ 139.311817622090217, 35.333036236860671 ] } },
{ "type": "Feature", "properties": { "内容": "ニチイケアセンター平塚西海岸【訪問介護】神奈川県平塚市菫平9-12菫平ビル201", "url": "https://www.kaigokensaku.mhlw.go.jp/14/index.php?action_kouhyou_detail_004_kani=true&JigyosyoCd=1472002367-00&ServiceCd=110&Type=search", "url2": "http://www.nichii-kaigo.jp/base/base-result/05N45/" }, "geometry": { "type": "Point", "coordinates": [ 139.341077028835997, 35.31897869169736 ] } },
{ "type": "Feature", "properties": { "内容": "ケアステーション　野いちご【訪問介護】神奈川県平塚市立野町10-5", "url": "https://www.kaigokensaku.mhlw.go.jp/14/index.php?action_kouhyou_detail_004_kani=true&JigyosyoCd=1472003985-00&ServiceCd=110&Type=search", "url2": "https://www.sayuragi-hiratsuka.com/" }, "geometry": { "type": "Point", "coordinates": [ 139.342116225131264, 35.33395717583759 ] } },
{ "type": "Feature", "properties": { "内容": "ケアステーションカミヤ【訪問介護】神奈川県平塚市袖ケ浜16-62第三ヤマイチビル", "url": "https://www.kaigokensaku.mhlw.go.jp/14/index.php?action_kouhyou_detail_004_kani=true&JigyosyoCd=1472000759-00&ServiceCd=110&Type=search", "url2": "http://www.c-kamiya.co.jp/" }, "geometry": { "type": "Point", "coordinates": [ 139.350668600000063, 35.319948199999985 ] } },
{ "type": "Feature", "properties": { "内容": "ケアステーションたむら【訪問介護】神奈川県平塚市四之宮７－１２－２７", "url": "https://www.kaigokensaku.mhlw.go.jp/14/index.php?action_kouhyou_detail_004_kani=true&JigyosyoCd=1472000841-00&ServiceCd=110&Type=search", "url2": "http://koureikyou-k.com/service/vc-tamura/" }, "geometry": { "type": "Point", "coordinates": [ 139.36422390000007, 35.368970800000021 ] } },
{ "type": "Feature", "properties": { "内容": "ハッピーハッピー平塚【訪問介護】神奈川県平塚市中原2-18-19", "url": "https://www.kaigokensaku.mhlw.go.jp/14/index.php?action_kouhyou_detail_004_kani=true&JigyosyoCd=1472001500-00&ServiceCd=110&Type=search", "url2": "https://8py8py.com/html/hiratuka.html" }, "geometry": { "type": "Point", "coordinates": [ 139.332710356008619, 35.344721727704886 ] } },
{ "type": "Feature", "properties": { "内容": "もみじ【訪問介護】神奈川県平塚市大神2-23-35-105号プランドール湘南", "url": "https://www.kaigokensaku.mhlw.go.jp/14/index.php?action_kouhyou_detail_004_kani=true&JigyosyoCd=1472002607-00&ServiceCd=110&Type=search", "url2": null }, "geometry": { "type": "Point", "coordinates": [ 139.365649, 35.3842573 ] } },
{ "type": "Feature", "properties": { "内容": "ケアステーションあさがお【訪問介護】神奈川県平塚市見附町21番22号", "url": "https://www.kaigokensaku.mhlw.go.jp/14/index.php?action_kouhyou_detail_004_kani=true&JigyosyoCd=1472002854-00&ServiceCd=110&Type=search", "url2": "http://www.dream-kaigo.com" }, "geometry": { "type": "Point", "coordinates": [ 139.3430492, 35.3315746 ] } },
{ "type": "Feature", "properties": { "内容": "学研ココファン湘南平塚ヘルパーセンター【訪問介護】神奈川県平塚市平塚1-2-2ココファン湘南平塚", "url": "https://www.kaigokensaku.mhlw.go.jp/14/index.php?action_kouhyou_detail_004_kani=true&JigyosyoCd=1472003688-00&ServiceCd=110&Type=search", "url2": "http://www.cocofump.co.jp/facilities/detail/shonan-hiratsuka/" }, "geometry": { "type": "Point", "coordinates": [ 139.340703031364768, 35.326201693945137 ] } },
{ "type": "Feature", "properties": { "内容": "学研ココファン東平塚ヘルパーセンター【訪問介護】神奈川県平塚市四之宮1-3-57", "url": "https://www.kaigokensaku.mhlw.go.jp/14/index.php?action_kouhyou_detail_004_kani=true&JigyosyoCd=1472003803-00&ServiceCd=110&Type=search", "url2": "https://www.cocofump.co.jp/services/homevisit_long-term_care/" }, "geometry": { "type": "Point", "coordinates": [ 139.35064239999997, 35.3471591 ] } },
{ "type": "Feature", "properties": { "内容": "学研ｺｺﾌｧﾝ四之宮ﾍﾙﾊﾟｰｾﾝﾀｰ【訪問介護】神奈川県平塚市四之宮1-3-66", "url": "https://www.kaigokensaku.mhlw.go.jp/14/index.php?action_kouhyou_detail_004_kani=true&JigyosyoCd=1472003811-00&ServiceCd=110&Type=search", "url2": "http://www.cocofump.co.jp/facilities/detail/cm-shinomiya/" }, "geometry": { "type": "Point", "coordinates": [ 139.350039700000025, 35.3470563 ] } },
{ "type": "Feature", "properties": { "内容": "Rakue平塚【訪問介護】神奈川県平塚市四之宮5-20-25マーベルテラス2105", "url": "https://www.kaigokensaku.mhlw.go.jp/14/index.php?action_kouhyou_detail_004_kani=true&JigyosyoCd=1472003886-00&ServiceCd=110&Type=search", "url2": null }, "geometry": { "type": "Point", "coordinates": [ 139.359078579098536, 35.35934285530022 ] } },
{ "type": "Feature", "properties": { "内容": "学研ココファン湘南平塚弐番館ヘルパーセンター【訪問介護】神奈川県平塚市錦町22-6", "url": "https://www.kaigokensaku.mhlw.go.jp/14/index.php?action_kouhyou_detail_004_kani=true&JigyosyoCd=1472004470-00&ServiceCd=110&Type=search", "url2": "https://www.cocofump.co.jp/facilities/detail/shounanhiratsukanibankan/" }, "geometry": { "type": "Point", "coordinates": [ 139.34231520000003, 35.3265153 ] } },
{ "type": "Feature", "properties": { "内容": "あわ訪問介護ステーション【訪問介護】神奈川県平塚市出縄463-10", "url": "https://www.kaigokensaku.mhlw.go.jp/14/index.php?action_kouhyou_detail_004_kani=true&JigyosyoCd=1472004900-00&ServiceCd=110&Type=search", "url2": "https://www.akaishi-medical.co.jp/" }, "geometry": { "type": "Point", "coordinates": [ 139.302146, 35.3313237 ] } },
{ "type": "Feature", "properties": { "内容": "訪問介護スマイル平塚【訪問介護】神奈川県平塚市東八幡3-13-16", "url": "https://www.kaigokensaku.mhlw.go.jp/14/index.php?action_kouhyou_detail_004_kani=true&JigyosyoCd=1472004942-00&ServiceCd=110&Type=search", "url2": "https://c-net.jp/waki/" }, "geometry": { "type": "Point", "coordinates": [ 139.357924780823566, 35.345617923895297 ] } },
{ "type": "Feature", "properties": { "内容": "訪問介護ステーションHIBISU平塚【訪問介護】神奈川県平塚市横内2012-1", "url": "https://www.kaigokensaku.mhlw.go.jp/14/index.php?action_kouhyou_detail_004_kani=true&JigyosyoCd=1472004959-00&ServiceCd=110&Type=search", "url2": "https://www.biscuss.co.jp/" }, "geometry": { "type": "Point", "coordinates": [ 139.351216599999987, 35.3760445 ] } },
{ "type": "Feature", "properties": { "内容": "株式会社ティー・シー・エス訪問介護平塚【訪問介護】神奈川県平塚市土屋772-1", "url": "https://www.kaigokensaku.mhlw.go.jp/14/index.php?action_kouhyou_detail_004_kani=true&JigyosyoCd=1472005063-00&ServiceCd=110&Type=search", "url2": "https://tcs-h.net" }, "geometry": { "type": "Point", "coordinates": [ 139.253277700000012, 35.3455011 ] } },
{ "type": "Feature", "properties": { "内容": "ひかる訪問介護サービス【訪問介護】神奈川県平塚市東中原1-2-43ラーク湘南105", "url": "https://www.kaigokensaku.mhlw.go.jp/14/index.php?action_kouhyou_detail_004_kani=true&JigyosyoCd=1472005089-00&ServiceCd=110&Type=search", "url2": null }, "geometry": { "type": "Point", "coordinates": [ 139.341017173827936, 35.351607644628274 ] } },
{ "type": "Feature", "properties": { "内容": "訪問介護ケアレジデンス平塚【訪問介護】神奈川県平塚市入野321-1", "url": "https://www.kaigokensaku.mhlw.go.jp/14/index.php?action_kouhyou_detail_004_kani=true&JigyosyoCd=1472005097-00&ServiceCd=110&Type=search", "url2": null }, "geometry": { "type": "Point", "coordinates": [ 139.317794099999986, 35.3505823 ] } },
{ "type": "Feature", "properties": { "内容": "アースサポート平塚【訪問介護】神奈川県平塚市明石町5番8号", "url": "https://www.kaigokensaku.mhlw.go.jp/14/index.php?action_kouhyou_detail_004_kani=true&JigyosyoCd=1472000874-00&ServiceCd=110&Type=search", "url2": "https://www.earthsupport.co.jp/offices/hiratsuka" }, "geometry": { "type": "Point", "coordinates": [ 139.348474503565967, 35.331553036057564 ] } },
{ "type": "Feature", "properties": { "内容": "ニチイケアセンター湘南銀河【訪問介護】神奈川県平塚市東中原2-1-23", "url": "https://www.kaigokensaku.mhlw.go.jp/14/index.php?action_kouhyou_detail_004_kani=true&JigyosyoCd=1472002797-00&ServiceCd=110&Type=search", "url2": "https://www.nichii-kaigo.jp/base/base-result/05K94/" }, "geometry": { "type": "Point", "coordinates": [ 139.336927100000025, 35.3503364 ] } },
{ "type": "Feature", "properties": { "内容": "学研ココファン西平塚ヘルパーセンター【訪問介護】神奈川県平塚市万田3-32-3", "url": "https://www.kaigokensaku.mhlw.go.jp/14/index.php?action_kouhyou_detail_004_kani=true&JigyosyoCd=1472003795-00&ServiceCd=110&Type=search", "url2": "http://www.cocofump.co.jp" }, "geometry": { "type": "Point", "coordinates": [ 139.30180183273464, 35.327118936336056 ] } },
{ "type": "Feature", "properties": { "内容": "ミモザヘルパーステーション平塚【訪問介護】神奈川県平塚市東真土3-8-41ミモザ湘南平塚ライラック苑", "url": "https://www.kaigokensaku.mhlw.go.jp/14/index.php?action_kouhyou_detail_004_kani=true&JigyosyoCd=1472003845-00&ServiceCd=110&Type=search", "url2": "https://mimoza-care.com/facility/home-visit-care/post-783/" }, "geometry": { "type": "Point", "coordinates": [ 139.3512671, 35.3581109 ] } },
{ "type": "Feature", "properties": { "内容": "クレール平塚ヘルパーセンター【訪問介護】神奈川県平塚市東真土2-5-9ハピネス菜の花の里", "url": "https://www.kaigokensaku.mhlw.go.jp/14/index.php?action_kouhyou_detail_004_kani=true&JigyosyoCd=1472004447-00&ServiceCd=110&Type=search", "url2": "https://e-kaigo.net/" }, "geometry": { "type": "Point", "coordinates": [ 139.355600099999947, 35.3541363 ] } },
{ "type": "Feature", "properties": { "内容": "ケアステーションいつき【訪問介護】神奈川県平塚市入野251-9ファミール喜洋202", "url": "https://www.kaigokensaku.mhlw.go.jp/14/index.php?action_kouhyou_detail_004_kani=true&JigyosyoCd=1472004454-00&ServiceCd=110&Type=search", "url2": null }, "geometry": { "type": "Point", "coordinates": [ 139.320516388366457, 35.349745018629122 ] } },
{ "type": "Feature", "properties": { "内容": "クレール平塚立野ヘルパーセンター【訪問介護】神奈川県平塚市立野町４２−３", "url": "https://www.kaigokensaku.mhlw.go.jp/14/index.php?action_kouhyou_detail_004_kani=true&JigyosyoCd=1472004496-00&ServiceCd=110&Type=search", "url2": "https://e-kaigo.net/" }, "geometry": { "type": "Point", "coordinates": [ 139.338653799999946, 35.3357271 ] } },
{ "type": "Feature", "properties": { "内容": "クレール徳延ヘルパーセンター【訪問介護】神奈川県平塚市徳延618-1", "url": "https://www.kaigokensaku.mhlw.go.jp/14/index.php?action_kouhyou_detail_004_kani=true&JigyosyoCd=1472004827-00&ServiceCd=110&Type=search", "url2": null }, "geometry": { "type": "Point", "coordinates": [ 139.318952857147252, 35.333535867475753 ] } },
{ "type": "Feature", "properties": { "内容": "医心館訪問介護ステーション平塚【訪問介護】神奈川県平塚市宮の前11番24号", "url": "https://www.kaigokensaku.mhlw.go.jp/14/index.php?action_kouhyou_detail_004_kani=true&JigyosyoCd=1472005105-00&ServiceCd=110&Type=search", "url2": null }, "geometry": { "type": "Point", "coordinates": [ 139.3530988, 35.3319603 ] } },
{ "type": "Feature", "properties": { "内容": "訪問介護事業所昭和の里　平塚【訪問介護】神奈川県平塚市片岡802番地の1", "url": "https://www.kaigokensaku.mhlw.go.jp/14/index.php?action_kouhyou_detail_004_kani=true&JigyosyoCd=1472005139-00&ServiceCd=110&Type=search", "url2": "https://d-hlt.co.jp" }, "geometry": { "type": "Point", "coordinates": [ 139.2990055, 35.3585037 ] } },
{ "type": "Feature", "properties": { "内容": "高根台ホームヘルプサービス【訪問介護】神奈川県平塚市万田三丁目15番5号", "url": "https://www.kaigokensaku.mhlw.go.jp/14/index.php?action_kouhyou_detail_004_kani=true&JigyosyoCd=1472005147-00&ServiceCd=110&Type=search", "url2": "http://www.takanedaihome.or.jp/" }, "geometry": { "type": "Point", "coordinates": [ 139.3065067, 35.3253646 ] } },
{ "type": "Feature", "properties": { "内容": "絆【訪問介護】神奈川県平塚市虹ケ浜20-14VentoVerde１F", "url": "https://www.kaigokensaku.mhlw.go.jp/14/index.php?action_kouhyou_detail_004_kani=true&JigyosyoCd=1472001930-00&ServiceCd=110&Type=search", "url2": "https://www.socius-mc.com" }, "geometry": { "type": "Point", "coordinates": [ 139.336812162149045, 35.315164115468406 ] } },
{ "type": "Feature", "properties": { "内容": "どんぐりケアサービス【訪問介護】神奈川県平塚市東真土2-9-52F", "url": "https://www.kaigokensaku.mhlw.go.jp/14/index.php?action_kouhyou_detail_004_kani=true&JigyosyoCd=1472000692-00&ServiceCd=110&Type=search", "url2": "https://www.big-advance.site/s/142/1282" }, "geometry": { "type": "Point", "coordinates": [ 139.356274470767261, 35.356540672507123 ] } },
{ "type": "Feature", "properties": { "内容": "ヘルプセット湘南【訪問介護】神奈川県平塚市長持394-1アネックス湘南104", "url": "https://www.kaigokensaku.mhlw.go.jp/14/index.php?action_kouhyou_detail_004_kani=true&JigyosyoCd=1474001524-00&ServiceCd=110&Type=search", "url2": "https://care-mindset.com/" }, "geometry": { "type": "Point", "coordinates": [ 139.318462443931935, 35.349233197409937 ] } },
{ "type": "Feature", "properties": { "内容": "さとうクリニック　ひまわりヘルパーステーション　鎌倉・台【訪問介護】神奈川県鎌倉市台5-8-29いけだビル2階", "url": "https://www.kaigokensaku.mhlw.go.jp/14/index.php?action_kouhyou_detail_004_kani=true&JigyosyoCd=1472100211-00&ServiceCd=110&Type=search", "url2": "http://www.sy-sato-cl.com/" }, "geometry": { "type": "Point", "coordinates": [ 139.536726258197064, 35.341825761771169 ] } },
{ "type": "Feature", "properties": { "内容": "特養鎌倉静養館【訪問介護】神奈川県鎌倉市由比ガ浜４－４－３０", "url": "https://www.kaigokensaku.mhlw.go.jp/14/index.php?action_kouhyou_detail_004_kani=true&JigyosyoCd=1472100252-00&ServiceCd=110&Type=search", "url2": "http://www.seiyokan.jp/" }, "geometry": { "type": "Point", "coordinates": [ 139.544447900000023, 35.310418 ] } },
{ "type": "Feature", "properties": { "内容": "鎌倉市医師会　鎌倉ヘルパーステーション【訪問介護】神奈川県鎌倉市材木座3-5-35", "url": "https://www.kaigokensaku.mhlw.go.jp/14/index.php?action_kouhyou_detail_004_kani=true&JigyosyoCd=1472100369-00&ServiceCd=110&Type=search", "url2": "https://kmed.jp/activity/kaigo.php" }, "geometry": { "type": "Point", "coordinates": [ 139.548469800000021, 35.3106431 ] } },
{ "type": "Feature", "properties": { "内容": "ホームヘルプ七里ガ浜【訪問介護】神奈川県鎌倉市腰越1-2-1", "url": "https://www.kaigokensaku.mhlw.go.jp/14/index.php?action_kouhyou_detail_004_kani=true&JigyosyoCd=1472100518-00&ServiceCd=110&Type=search", "url2": "https://shichirigahamahome.com/" }, "geometry": { "type": "Point", "coordinates": [ 139.500198899999987, 35.307976 ] } },
{ "type": "Feature", "properties": { "内容": "福祉クラブ生協　訪問介護ステーション　であい【訪問介護】神奈川県鎌倉市台5-2-3", "url": "https://www.kaigokensaku.mhlw.go.jp/14/index.php?action_kouhyou_detail_004_kani=true&JigyosyoCd=1472100534-00&ServiceCd=110&Type=search", "url2": null }, "geometry": { "type": "Point", "coordinates": [ 139.533840700000042, 35.3438503 ] } },
{ "type": "Feature", "properties": { "内容": "イザカマクラ訪問介護サービス【訪問介護】神奈川県鎌倉市腰越３－１７－３０", "url": "https://www.kaigokensaku.mhlw.go.jp/14/index.php?action_kouhyou_detail_004_kani=true&JigyosyoCd=1472100609-00&ServiceCd=110&Type=search", "url2": "https://www.izakamakura.co.jp/" }, "geometry": { "type": "Point", "coordinates": [ 139.491052500000023, 35.3106258 ] } },
{ "type": "Feature", "properties": { "内容": "セコムケアステーション鎌倉【訪問介護】神奈川県鎌倉市浄明寺5-1-24", "url": "https://www.kaigokensaku.mhlw.go.jp/14/index.php?action_kouhyou_detail_004_kani=true&JigyosyoCd=1472100690-00&ServiceCd=110&Type=search", "url2": "http://medical.secom.co.jp/" }, "geometry": { "type": "Point", "coordinates": [ 139.563830232875489, 35.322624679979704 ] } },
{ "type": "Feature", "properties": { "内容": "イザカマクラ材木座ケアステーション【訪問介護】神奈川県鎌倉市由比ガ浜4-3-62奥藤マンションA号室", "url": "https://www.kaigokensaku.mhlw.go.jp/14/index.php?action_kouhyou_detail_004_kani=true&JigyosyoCd=1472101136-00&ServiceCd=110&Type=search", "url2": "https://www.izakamakura.co.jp/" }, "geometry": { "type": "Point", "coordinates": [ 139.546328300000027, 35.3110041 ] } },
{ "type": "Feature", "properties": { "内容": "訪問介護　和の会【訪問介護】神奈川県鎌倉市梶原２－３４－９", "url": "https://www.kaigokensaku.mhlw.go.jp/14/index.php?action_kouhyou_detail_004_kani=true&JigyosyoCd=1472101227-00&ServiceCd=110&Type=search", "url2": null }, "geometry": { "type": "Point", "coordinates": [ 139.53185469999994, 35.3298019 ] } },
{ "type": "Feature", "properties": { "内容": "訪問介護　ぱれっと【訪問介護】神奈川県鎌倉市岩瀬1-27-7栗田ハイツ1-Ｂ", "url": "https://www.kaigokensaku.mhlw.go.jp/14/index.php?action_kouhyou_detail_004_kani=true&JigyosyoCd=1472101458-00&ServiceCd=110&Type=search", "url2": "http://palette.akibare.ne.jp/" }, "geometry": { "type": "Point", "coordinates": [ 139.542174437295614, 35.356800440919997 ] } },
{ "type": "Feature", "properties": { "内容": "セントケア大船【訪問介護】神奈川県鎌倉市大船2-17-3ヨシダビル２階", "url": "https://www.kaigokensaku.mhlw.go.jp/14/index.php?action_kouhyou_detail_004_kani=true&JigyosyoCd=1472101714-00&ServiceCd=110&Type=search", "url2": "http://www.saintc-k.com" }, "geometry": { "type": "Point", "coordinates": [ 139.53361289999998, 35.3496191 ] } },
{ "type": "Feature", "properties": { "内容": "セントケア鎌倉【訪問介護】神奈川県鎌倉市大町１－１０－２１カマクラガーデンハウス１階", "url": "https://www.kaigokensaku.mhlw.go.jp/14/index.php?action_kouhyou_detail_004_kani=true&JigyosyoCd=1472101722-00&ServiceCd=110&Type=search", "url2": "http://www.saintc-k.com/" }, "geometry": { "type": "Point", "coordinates": [ 139.5538444, 35.3146566 ] } },
{ "type": "Feature", "properties": { "内容": "みどりの園鎌倉【訪問介護】神奈川県鎌倉市常盤165-8", "url": "https://www.kaigokensaku.mhlw.go.jp/14/index.php?action_kouhyou_detail_004_kani=true&JigyosyoCd=1472102209-00&ServiceCd=110&Type=search", "url2": "https://www.midorinosono.or.jp/" }, "geometry": { "type": "Point", "coordinates": [ 139.520682074707793, 35.329753516446523 ] } },
{ "type": "Feature", "properties": { "内容": "医療生協かながわ生活協同組合ヘルパーステーションふかさわ【訪問介護】神奈川県鎌倉市手広3丁目1番36号", "url": "https://www.kaigokensaku.mhlw.go.jp/14/index.php?action_kouhyou_detail_004_kani=true&JigyosyoCd=1472102225-00&ServiceCd=110&Type=search", "url2": "https://mc-kanagawa.or.jp/" }, "geometry": { "type": "Point", "coordinates": [ 139.5090037, 35.3310434 ] } },
{ "type": "Feature", "properties": { "内容": "ハートケア鎌倉訪問介護事業所【訪問介護】神奈川県鎌倉市材木座2-1-20", "url": "https://www.kaigokensaku.mhlw.go.jp/14/index.php?action_kouhyou_detail_004_kani=true&JigyosyoCd=1472102290-00&ServiceCd=110&Type=search", "url2": "https://kamakurahilo.jp/" }, "geometry": { "type": "Point", "coordinates": [ 139.553402028172314, 35.311696631441478 ] } },
{ "type": "Feature", "properties": { "内容": "エルダーホームケア鎌倉【訪問介護】神奈川県鎌倉市腰越933-1", "url": "https://www.kaigokensaku.mhlw.go.jp/14/index.php?action_kouhyou_detail_004_kani=true&JigyosyoCd=1472102720-00&ServiceCd=110&Type=search", "url2": "http://www.elder-homecare.co.jp/" }, "geometry": { "type": "Point", "coordinates": [ 139.50383653235474, 35.316340523789769 ] } },
{ "type": "Feature", "properties": { "内容": "いまここケア【訪問介護】神奈川県鎌倉市笛田3-13-1クリオ鎌倉笛田211号", "url": "https://www.kaigokensaku.mhlw.go.jp/14/index.php?action_kouhyou_detail_004_kani=true&JigyosyoCd=1472102829-00&ServiceCd=110&Type=search", "url2": null }, "geometry": { "type": "Point", "coordinates": [ 139.519622098147579, 35.328442705287884 ] } },
{ "type": "Feature", "properties": { "内容": "サニーライフ鎌倉　訪問介護事業所【訪問介護】神奈川県鎌倉市上町屋214-4有料老人ホーム　サニーライフ鎌倉", "url": "https://www.kaigokensaku.mhlw.go.jp/14/index.php?action_kouhyou_detail_004_kani=true&JigyosyoCd=1472102928-00&ServiceCd=110&Type=search", "url2": null }, "geometry": { "type": "Point", "coordinates": [ 139.520353173016389, 35.338476164310912 ] } },
{ "type": "Feature", "properties": { "内容": "テルウェル東日本鎌倉介護センタ【訪問介護】神奈川県鎌倉市岩瀬1-23-19ウェリスオリーブ鎌倉岩瀬", "url": "https://www.kaigokensaku.mhlw.go.jp/14/index.php?action_kouhyou_detail_004_kani=true&JigyosyoCd=1472103140-00&ServiceCd=110&Type=search", "url2": "https://www.telwel-kaigo.com/" }, "geometry": { "type": "Point", "coordinates": [ 139.543024950926224, 35.355855757684651 ] } },
{ "type": "Feature", "properties": { "内容": "みゅーず鎌倉【訪問介護】神奈川県鎌倉市梶原　4-3-36", "url": "https://www.kaigokensaku.mhlw.go.jp/14/index.php?action_kouhyou_detail_004_kani=true&JigyosyoCd=1472103173-00&ServiceCd=110&Type=search", "url2": "https://musekamikura.wixsite.com/my-site" }, "geometry": { "type": "Point", "coordinates": [ 139.529498930004593, 35.327821627523441 ] } },
{ "type": "Feature", "properties": { "内容": "福祉クラブ生協　訪問介護ステーション　であい大町【訪問介護】神奈川県鎌倉市大町１－１７－２", "url": "https://www.kaigokensaku.mhlw.go.jp/14/index.php?action_kouhyou_detail_004_kani=true&JigyosyoCd=1472103199-00&ServiceCd=110&Type=search", "url2": "https://www.fukushi-club.net" }, "geometry": { "type": "Point", "coordinates": [ 139.55432780000001, 35.3182784 ] } },
{ "type": "Feature", "properties": { "内容": "アミカ鎌倉介護センター【訪問介護】神奈川県鎌倉市大船4-17-45坂田ビル201", "url": "https://www.kaigokensaku.mhlw.go.jp/14/index.php?action_kouhyou_detail_004_kani=true&JigyosyoCd=1472103413-00&ServiceCd=110&Type=search", "url2": null }, "geometry": { "type": "Point", "coordinates": [ 139.537895, 35.3449419 ] } },
{ "type": "Feature", "properties": { "内容": "ツクイ鎌倉【訪問介護】神奈川県鎌倉市岡本2-1-19第二日信ビル101", "url": "https://www.kaigokensaku.mhlw.go.jp/14/index.php?action_kouhyou_detail_004_kani=true&JigyosyoCd=1472103439-00&ServiceCd=110&Type=search", "url2": "http://www.tsukui.net" }, "geometry": { "type": "Point", "coordinates": [ 139.5282975, 35.3516787 ] } },
{ "type": "Feature", "properties": { "内容": "鎌倉玉縄やわらぎ【訪問介護】神奈川県鎌倉市玉縄4-2-1有料老人ホーム　サニーライフ鎌倉玉縄", "url": "https://www.kaigokensaku.mhlw.go.jp/14/index.php?action_kouhyou_detail_004_kani=true&JigyosyoCd=1472103520-00&ServiceCd=110&Type=search", "url2": null }, "geometry": { "type": "Point", "coordinates": [ 139.5196483, 35.3576328 ] } },
{ "type": "Feature", "properties": { "内容": "ケア21　鎌倉【訪問介護】神奈川県鎌倉市小袋谷2-3-4横山ビル101号室", "url": "https://www.kaigokensaku.mhlw.go.jp/14/index.php?action_kouhyou_detail_004_kani=true&JigyosyoCd=1472103579-00&ServiceCd=110&Type=search", "url2": null }, "geometry": { "type": "Point", "coordinates": [ 139.5332797, 35.346154400000017 ] } },
{ "type": "Feature", "properties": { "内容": "メディホス訪問介護鎌倉【訪問介護】神奈川県鎌倉市上町屋524-3", "url": "https://www.kaigokensaku.mhlw.go.jp/14/index.php?action_kouhyou_detail_004_kani=true&JigyosyoCd=1472103603-00&ServiceCd=110&Type=search", "url2": "https://medihos-kamakura.jp" }, "geometry": { "type": "Point", "coordinates": [ 139.516094, 35.339921944350792 ] } },
{ "type": "Feature", "properties": { "内容": "カナの介護【訪問介護】神奈川県鎌倉市笛田4‐2‐29ニューハイム大塚101", "url": "https://www.kaigokensaku.mhlw.go.jp/14/index.php?action_kouhyou_detail_004_kani=true&JigyosyoCd=1472103645-00&ServiceCd=110&Type=search", "url2": "kananokaigo.com" }, "geometry": { "type": "Point", "coordinates": [ 139.523883199999972, 35.32583480000001 ] } },
{ "type": "Feature", "properties": { "内容": "株式会社　フェアネス　訪問介護　あい【訪問介護】神奈川県鎌倉市台5丁目2-12フローラ山ノ井A204", "url": "https://www.kaigokensaku.mhlw.go.jp/14/index.php?action_kouhyou_detail_004_kani=true&JigyosyoCd=1472101763-00&ServiceCd=110&Type=search", "url2": null }, "geometry": { "type": "Point", "coordinates": [ 139.533620549924194, 35.343501919845288 ] } },
{ "type": "Feature", "properties": { "内容": "倫ライフサポート【訪問介護】神奈川県鎌倉市津西１－１－１３", "url": "https://www.kaigokensaku.mhlw.go.jp/14/index.php?action_kouhyou_detail_004_kani=true&JigyosyoCd=1472101631-00&ServiceCd=110&Type=search", "url2": "http://rinrin-kamakura.jellybean.jp/eri" }, "geometry": { "type": "Point", "coordinates": [ 139.498890699999947, 35.3123756 ] } },
{ "type": "Feature", "properties": { "内容": "鎌倉ケアハートガーデン【訪問介護】神奈川県鎌倉市植木624-3", "url": "https://www.kaigokensaku.mhlw.go.jp/14/index.php?action_kouhyou_detail_004_kani=true&JigyosyoCd=1472103827-00&ServiceCd=110&Type=search", "url2": "https://www.careheart-garden.com/" }, "geometry": { "type": "Point", "coordinates": [ 139.5146128, 35.347609 ] } },
{ "type": "Feature", "properties": { "内容": "さくらケア訪問介護【訪問介護】神奈川県鎌倉市今泉台4-11-1", "url": "https://www.kaigokensaku.mhlw.go.jp/14/index.php?action_kouhyou_detail_004_kani=true&JigyosyoCd=1472103843-00&ServiceCd=110&Type=search", "url2": "https://sakura-kamakura.com/" }, "geometry": { "type": "Point", "coordinates": [ 139.558543500000013, 35.3387478 ] } },
{ "type": "Feature", "properties": { "内容": "あさひ訪問介護ステーション【訪問介護】神奈川県鎌倉市大船２-１-３ミサオビル２F", "url": "https://www.kaigokensaku.mhlw.go.jp/14/index.php?action_kouhyou_detail_004_kani=true&JigyosyoCd=1462190056-00&ServiceCd=110&Type=search", "url2": "https://www.asahi-kenkoufukushi.jp/" }, "geometry": { "type": "Point", "coordinates": [ 139.533520084655692, 35.350894081227842 ] } },
{ "type": "Feature", "properties": { "内容": "特定非営利活動法人　ワーカーズコープ愛コープ鎌倉【訪問介護】神奈川県鎌倉市梶原1-20-5", "url": "https://www.kaigokensaku.mhlw.go.jp/14/index.php?action_kouhyou_detail_004_kani=true&JigyosyoCd=1472100823-00&ServiceCd=110&Type=search", "url2": null }, "geometry": { "type": "Point", "coordinates": [ 139.5247329, 35.3273993 ] } },
{ "type": "Feature", "properties": { "内容": "グランダ鎌倉山ケアステーション【訪問介護】神奈川県鎌倉市鎌倉山4-4-12", "url": "https://www.kaigokensaku.mhlw.go.jp/14/index.php?action_kouhyou_detail_004_kani=true&JigyosyoCd=1472100898-00&ServiceCd=110&Type=search", "url2": "https://kaigo.benesse-style-care.co.jp/area_kanagawa/kamakura/home_gd-kamakurayama" }, "geometry": { "type": "Point", "coordinates": [ 139.514628200000061, 35.324344 ] } },
{ "type": "Feature", "properties": { "内容": "介護センターおひさま【訪問介護】神奈川県鎌倉市大船1175小坂ビル203", "url": "https://www.kaigokensaku.mhlw.go.jp/14/index.php?action_kouhyou_detail_004_kani=true&JigyosyoCd=1472101508-00&ServiceCd=110&Type=search", "url2": "http://www.kaigo-ohisama.com/" }, "geometry": { "type": "Point", "coordinates": [ 139.540645767344728, 35.344898478390583 ] } },
{ "type": "Feature", "properties": { "内容": "ゆず訪問ケアサービス【訪問介護】神奈川県鎌倉市台3-9-28メゾンドゥ鎌倉1Ｆ", "url": "https://www.kaigokensaku.mhlw.go.jp/14/index.php?action_kouhyou_detail_004_kani=true&JigyosyoCd=1472101532-00&ServiceCd=110&Type=search", "url2": null }, "geometry": { "type": "Point", "coordinates": [ 139.529796834317608, 35.345687520248731 ] } },
{ "type": "Feature", "properties": { "内容": "フラワー訪問介護ステーション【訪問介護】神奈川県鎌倉市台1909-3カーサ北鎌倉202", "url": "https://www.kaigokensaku.mhlw.go.jp/14/index.php?action_kouhyou_detail_004_kani=true&JigyosyoCd=1472103009-00&ServiceCd=110&Type=search", "url2": null }, "geometry": { "type": "Point", "coordinates": [ 139.53993760000003, 35.3415756 ] } },
{ "type": "Feature", "properties": { "内容": "在宅ケアサービス　虹　色【訪問介護】神奈川県鎌倉市台5-2-8第３マルモビル101", "url": "https://www.kaigokensaku.mhlw.go.jp/14/index.php?action_kouhyou_detail_004_kani=true&JigyosyoCd=1472103017-00&ServiceCd=110&Type=search", "url2": null }, "geometry": { "type": "Point", "coordinates": [ 139.534009469272604, 35.343683020386337 ] } },
{ "type": "Feature", "properties": { "内容": "鎌倉碧邸ケアステーション【訪問介護】神奈川県鎌倉市稲村ガ崎3-6-11", "url": "https://www.kaigokensaku.mhlw.go.jp/14/index.php?action_kouhyou_detail_004_kani=true&JigyosyoCd=1472103306-00&ServiceCd=110&Type=search", "url2": "http://www.benesse-style-care.co.jp/" }, "geometry": { "type": "Point", "coordinates": [ 139.519163899999967, 35.3036653 ] } },
{ "type": "Feature", "properties": { "内容": "マロン鎌倉【訪問介護】神奈川県鎌倉市大船1175小坂ビル202", "url": "https://www.kaigokensaku.mhlw.go.jp/14/index.php?action_kouhyou_detail_004_kani=true&JigyosyoCd=1472103322-00&ServiceCd=110&Type=search", "url2": "https://www.maunakea-maron.com/" }, "geometry": { "type": "Point", "coordinates": [ 139.5406514, 35.3449169 ] } },
{ "type": "Feature", "properties": { "内容": "イザカマクラ大船ケアステーション【訪問介護】神奈川県鎌倉市玉縄2-4-1鎌倉ベース101", "url": "https://www.kaigokensaku.mhlw.go.jp/14/index.php?action_kouhyou_detail_004_kani=true&JigyosyoCd=1472101623-00&ServiceCd=110&Type=search", "url2": "https://www.izakamakura.co.jp/" }, "geometry": { "type": "Point", "coordinates": [ 139.524486136770633, 35.35526944642185 ] } },
{ "type": "Feature", "properties": { "内容": "鎌倉訪問介護プロケア【訪問介護】神奈川県鎌倉市七里ヶ浜東二丁目9－7", "url": "https://www.kaigokensaku.mhlw.go.jp/14/index.php?action_kouhyou_detail_004_kani=true&JigyosyoCd=1472103850-00&ServiceCd=110&Type=search", "url2": "https://kamakura-procare.com" }, "geometry": { "type": "Point", "coordinates": [ 139.5136501, 35.3066452 ] } },
{ "type": "Feature", "properties": { "内容": "ファーストケアサービス【訪問介護】神奈川県鎌倉市笛田３丁目１番７号湘南ハナビル２０２号室", "url": "https://www.kaigokensaku.mhlw.go.jp/14/index.php?action_kouhyou_detail_004_kani=true&JigyosyoCd=1472103868-00&ServiceCd=110&Type=search", "url2": "https://hmbs.c-co.jp/" }, "geometry": { "type": "Point", "coordinates": [ 139.518143900000013, 35.3298455 ] } },
{ "type": "Feature", "properties": { "内容": "SOMPOケア　鎌倉大船訪問介護【訪問介護】神奈川県鎌倉市岩瀬1丁目3番10号", "url": "https://www.kaigokensaku.mhlw.go.jp/14/index.php?action_kouhyou_detail_004_kani=true&JigyosyoCd=1472103884-00&ServiceCd=110&Type=search", "url2": "https://www.sompocare.com/" }, "geometry": { "type": "Point", "coordinates": [ 139.538978, 35.3562533 ] } },
{ "type": "Feature", "properties": { "内容": "team　ATEKA【訪問介護】神奈川県鎌倉市手広１－７－16エミネンス鎌倉Ⅲ　201号", "url": "https://www.kaigokensaku.mhlw.go.jp/14/index.php?action_kouhyou_detail_004_kani=true&JigyosyoCd=1472103488-00&ServiceCd=110&Type=search", "url2": "https://www.teamateka.com/" }, "geometry": { "type": "Point", "coordinates": [ 139.510084399999982, 35.3300869 ] } },
{ "type": "Feature", "properties": { "内容": "ヒース・ケア【訪問介護】神奈川県鎌倉市津西1-5-1", "url": "https://www.kaigokensaku.mhlw.go.jp/14/index.php?action_kouhyou_detail_004_kani=true&JigyosyoCd=1472101805-00&ServiceCd=110&Type=search", "url2": null }, "geometry": { "type": "Point", "coordinates": [ 139.501896, 35.3151198 ] } },
{ "type": "Feature", "properties": { "内容": "訪問介護　うちわ【訪問介護】神奈川県藤沢市湘南台4-29-18サニー湘南102", "url": "https://www.kaigokensaku.mhlw.go.jp/14/index.php?action_kouhyou_detail_004_kani=true&JigyosyoCd=1472207172-00&ServiceCd=110&Type=search", "url2": null }, "geometry": { "type": "Point", "coordinates": [ 139.4635953, 35.4025275 ] } },
{ "type": "Feature", "properties": { "内容": "ALSOKホームケアらいふ湘南藤沢SST訪問介護【訪問介護】神奈川県藤沢市辻堂元町六丁目15-１", "url": "https://www.kaigokensaku.mhlw.go.jp/14/index.php?action_kouhyou_detail_004_kani=true&JigyosyoCd=1472207586-00&ServiceCd=110&Type=search", "url2": "https://www.life-silver.com/life-silver/facility/houmonfujisawasst/" }, "geometry": { "type": "Point", "coordinates": [ 139.465279896434026, 35.337029591296968 ] } },
{ "type": "Feature", "properties": { "内容": "ヘルパーセンター　マロニエ【訪問介護】神奈川県藤沢市石川636-25", "url": "https://www.kaigokensaku.mhlw.go.jp/14/index.php?action_kouhyou_detail_004_kani=true&JigyosyoCd=1472201142-00&ServiceCd=110&Type=search", "url2": "https://maroniekai-swc.jp" }, "geometry": { "type": "Point", "coordinates": [ 139.4516198, 35.3703765 ] } },
{ "type": "Feature", "properties": { "内容": "ちくたっく湘南【訪問介護】神奈川県藤沢市片瀬1-6-6", "url": "https://www.kaigokensaku.mhlw.go.jp/14/index.php?action_kouhyou_detail_004_kani=true&JigyosyoCd=1472207354-00&ServiceCd=110&Type=search", "url2": null }, "geometry": { "type": "Point", "coordinates": [ 139.4899005, 35.3249444 ] } },
{ "type": "Feature", "properties": { "内容": "ヘルパーステーションうらら【訪問介護】神奈川県藤沢市善行1-18-8ベルデメゾン神山203", "url": "https://www.kaigokensaku.mhlw.go.jp/14/index.php?action_kouhyou_detail_004_kani=true&JigyosyoCd=1472207602-00&ServiceCd=110&Type=search", "url2": "https://helper-station-urara.com/" }, "geometry": { "type": "Point", "coordinates": [ 139.470694400000014, 35.363192 ] } },
{ "type": "Feature", "properties": { "内容": "A-smile湘南台【訪問介護】神奈川県藤沢市湘南台1-7-4綴ビル202", "url": "https://www.kaigokensaku.mhlw.go.jp/14/index.php?action_kouhyou_detail_004_kani=true&JigyosyoCd=1472207628-00&ServiceCd=110&Type=search", "url2": "https://akarie.co.jp/company" }, "geometry": { "type": "Point", "coordinates": [ 139.468482599999987, 35.3982424 ] } },
{ "type": "Feature", "properties": { "内容": "訪問介護事業所ilsole藤沢南【訪問介護】神奈川県藤沢市本鵠沼5-9-23コートシティ鵠沼Ⅱ101", "url": "https://www.kaigokensaku.mhlw.go.jp/14/index.php?action_kouhyou_detail_004_kani=true&JigyosyoCd=1472207610-00&ServiceCd=110&Type=search", "url2": "https://www.il-sole.co.jp/" }, "geometry": { "type": "Point", "coordinates": [ 139.471485167741776, 35.336759214419885 ] } },
{ "type": "Feature", "properties": { "内容": "株式会社ライフサポートエム【訪問介護】神奈川県藤沢市善行７－６－６", "url": "https://www.kaigokensaku.mhlw.go.jp/14/index.php?action_kouhyou_detail_004_kani=true&JigyosyoCd=1472200235-00&ServiceCd=110&Type=search", "url2": "http://lifesupportemu.com/" }, "geometry": { "type": "Point", "coordinates": [ 139.474095700000021, 35.3643002 ] } },
{ "type": "Feature", "properties": { "内容": "有限会社　湘南ケアサービス【訪問介護】神奈川県藤沢市鵠沼桜が岡3-5-26", "url": "https://www.kaigokensaku.mhlw.go.jp/14/index.php?action_kouhyou_detail_004_kani=true&JigyosyoCd=1472200359-00&ServiceCd=110&Type=search", "url2": "https://care-net.biz/14/shonan-care/" }, "geometry": { "type": "Point", "coordinates": [ 139.47500679999996, 35.3302902 ] } },
{ "type": "Feature", "properties": { "内容": "湘南ホームフレンド　介護サービス【訪問介護】神奈川県藤沢市辻堂元町4-17-22門倉ビル　3階", "url": "https://www.kaigokensaku.mhlw.go.jp/14/index.php?action_kouhyou_detail_004_kani=true&JigyosyoCd=1472200367-00&ServiceCd=110&Type=search", "url2": "http://www.homefriend.co.jp/service/kaigo" }, "geometry": { "type": "Point", "coordinates": [ 139.44772298956434, 35.339756895134059 ] } },
{ "type": "Feature", "properties": { "内容": "ぐるーぷ藤ホームヘルプ【訪問介護】神奈川県藤沢市藤が岡1-4-2ぐるーぷ藤一番館内", "url": "https://www.kaigokensaku.mhlw.go.jp/14/index.php?action_kouhyou_detail_004_kani=true&JigyosyoCd=1472200383-00&ServiceCd=110&Type=search", "url2": "https://npo-fuji.com/homehelp#kaigohoken" }, "geometry": { "type": "Point", "coordinates": [ 139.490624799999978, 35.3442447 ] } },
{ "type": "Feature", "properties": { "内容": "ニチイケアセンター辻堂【訪問介護】神奈川県藤沢市辻堂３－１－２６", "url": "https://www.kaigokensaku.mhlw.go.jp/14/index.php?action_kouhyou_detail_004_kani=true&JigyosyoCd=1472200409-00&ServiceCd=110&Type=search", "url2": "http://www.nichii-kaigo.jp/base/base-result/05D27/" }, "geometry": { "type": "Point", "coordinates": [ 139.446614400000044, 35.3321225 ] } },
{ "type": "Feature", "properties": { "内容": "神奈川県ホームヘルプ協会・湘南【訪問介護】神奈川県藤沢市鵠沼橘１－３－１１フレックスハウス鵠沼２－Ｂ", "url": "https://www.kaigokensaku.mhlw.go.jp/14/index.php?action_kouhyou_detail_004_kani=true&JigyosyoCd=1472200417-00&ServiceCd=110&Type=search", "url2": "http://care-net.biz/14/homehelp/" }, "geometry": { "type": "Point", "coordinates": [ 139.484914200000048, 35.3352068 ] } },
{ "type": "Feature", "properties": { "内容": "福祉クラブ生協　えんじょい【訪問介護】神奈川県藤沢市善行6-19-51福祉クラブ生協藤沢センター", "url": "https://www.kaigokensaku.mhlw.go.jp/14/index.php?action_kouhyou_detail_004_kani=true&JigyosyoCd=1472200979-00&ServiceCd=110&Type=search", "url2": "http://www.fukushi-club.net/kajikaigo_s/index.html" }, "geometry": { "type": "Point", "coordinates": [ 139.4787092, 35.3662918 ] } },
{ "type": "Feature", "properties": { "内容": "ＮＰＯ法人　ワーカーズ実結【訪問介護】神奈川県藤沢市辻堂新町3-8-22住園深澤203", "url": "https://www.kaigokensaku.mhlw.go.jp/14/index.php?action_kouhyou_detail_004_kani=true&JigyosyoCd=1472200987-00&ServiceCd=110&Type=search", "url2": "http://www.npo-miyui.org" }, "geometry": { "type": "Point", "coordinates": [ 139.459211, 35.3412859 ] } },
{ "type": "Feature", "properties": { "内容": "鵠生園ホームヘルプサービス【訪問介護】神奈川県藤沢市片瀬海岸1-7-9", "url": "https://www.kaigokensaku.mhlw.go.jp/14/index.php?action_kouhyou_detail_004_kani=true&JigyosyoCd=1472201050-00&ServiceCd=110&Type=search", "url2": "http://kouseien-fu.or.jp/" }, "geometry": { "type": "Point", "coordinates": [ 139.487575099999958, 35.308528699999982 ] } },
{ "type": "Feature", "properties": { "内容": "ヘルパーステーション　つぢはあと【訪問介護】神奈川県藤沢市羽鳥5-8-24", "url": "https://www.kaigokensaku.mhlw.go.jp/14/index.php?action_kouhyou_detail_004_kani=true&JigyosyoCd=1472201274-00&ServiceCd=110&Type=search", "url2": null }, "geometry": { "type": "Point", "coordinates": [ 139.466042868631007, 35.342393350651257 ] } },
{ "type": "Feature", "properties": { "内容": "ハートランドふじさわ【訪問介護】神奈川県藤沢市鵠沼松が岡5-10-26榛葉ハイツ102", "url": "https://www.kaigokensaku.mhlw.go.jp/14/index.php?action_kouhyou_detail_004_kani=true&JigyosyoCd=1472201316-00&ServiceCd=110&Type=search", "url2": null }, "geometry": { "type": "Point", "coordinates": [ 139.472248700000023, 35.3249655 ] } },
{ "type": "Feature", "properties": { "内容": "もえのきケアサービス【訪問介護】神奈川県藤沢市鵠沼藤が谷1-11-14", "url": "https://www.kaigokensaku.mhlw.go.jp/14/index.php?action_kouhyou_detail_004_kani=true&JigyosyoCd=1472201928-00&ServiceCd=110&Type=search", "url2": null }, "geometry": { "type": "Point", "coordinates": [ 139.488116699999978, 35.3257494 ] } },
{ "type": "Feature", "properties": { "内容": "特定非営利活動法人ハートケアショー【訪問介護】神奈川県藤沢市鵠沼海岸2-5-18湘南MKビル205", "url": "https://www.kaigokensaku.mhlw.go.jp/14/index.php?action_kouhyou_detail_004_kani=true&JigyosyoCd=1472202280-00&ServiceCd=110&Type=search", "url2": "https://heartcareshow.studio.site/" }, "geometry": { "type": "Point", "coordinates": [ 139.47024660752561, 35.320568252848958 ] } },
{ "type": "Feature", "properties": { "内容": "グレイスケア湘南　訪問介護事業所【訪問介護】神奈川県藤沢市鵠沼橘１－５－１サニー２１ビル３Ｆ", "url": "https://www.kaigokensaku.mhlw.go.jp/14/index.php?action_kouhyou_detail_004_kani=true&JigyosyoCd=1472202876-00&ServiceCd=110&Type=search", "url2": "http://www.gracecare.net" }, "geometry": { "type": "Point", "coordinates": [ 139.486003, 35.3348819 ] } },
{ "type": "Feature", "properties": { "内容": "ヘルパーステーション　亀吉【訪問介護】神奈川県藤沢市鵠沼海岸7-20-21", "url": "https://www.kaigokensaku.mhlw.go.jp/14/index.php?action_kouhyou_detail_004_kani=true&JigyosyoCd=1472202942-00&ServiceCd=110&Type=search", "url2": "https://slt.tanemaki.fun/" }, "geometry": { "type": "Point", "coordinates": [ 139.465484322753923, 35.322793735116605 ] } },
{ "type": "Feature", "properties": { "内容": "へいあんホームケア藤沢【訪問介護】神奈川県藤沢市亀井野3286", "url": "https://www.kaigokensaku.mhlw.go.jp/14/index.php?action_kouhyou_detail_004_kani=true&JigyosyoCd=1472202991-00&ServiceCd=110&Type=search", "url2": "https://heian-hc.jp/homecare" }, "geometry": { "type": "Point", "coordinates": [ 139.479678599999943, 35.3681944 ] } },
{ "type": "Feature", "properties": { "内容": "学研ココファン藤沢ヘルパーセンター【訪問介護】神奈川県藤沢市大庭5560-1", "url": "https://www.kaigokensaku.mhlw.go.jp/14/index.php?action_kouhyou_detail_004_kani=true&JigyosyoCd=1472203056-00&ServiceCd=110&Type=search", "url2": "https://www.cocofump.co.jp/facilities/detail/shonan/" }, "geometry": { "type": "Point", "coordinates": [ 139.440925600000014, 35.365046 ] } },
{ "type": "Feature", "properties": { "内容": "グランダ鵠沼松が岡ケアステーション【訪問介護】神奈川県藤沢市鵠沼松が岡一丁目16-17", "url": "https://www.kaigokensaku.mhlw.go.jp/14/index.php?action_kouhyou_detail_004_kani=true&JigyosyoCd=1472203221-00&ServiceCd=110&Type=search", "url2": null }, "geometry": { "type": "Point", "coordinates": [ 139.477591500000017, 35.3169755 ] } },
{ "type": "Feature", "properties": { "内容": "サンライズ・ヴィラ藤沢羽鳥　訪問介護ステーション【訪問介護】神奈川県藤沢市羽鳥5-5-46", "url": "https://www.kaigokensaku.mhlw.go.jp/14/index.php?action_kouhyou_detail_004_kani=true&JigyosyoCd=1472203536-00&ServiceCd=110&Type=search", "url2": "http://www.sunrise-villa.co.jp/homes/sunrise-villa/fujisawahatori/" }, "geometry": { "type": "Point", "coordinates": [ 139.463004122090155, 35.342324217700437 ] } },
{ "type": "Feature", "properties": { "内容": "いろは　けあ【訪問介護】神奈川県藤沢市片瀬2-1-11-2F", "url": "https://www.kaigokensaku.mhlw.go.jp/14/index.php?action_kouhyou_detail_004_kani=true&JigyosyoCd=1472203593-00&ServiceCd=110&Type=search", "url2": null }, "geometry": { "type": "Point", "coordinates": [ 139.487991299999976, 35.32381620000001 ] } },
{ "type": "Feature", "properties": { "内容": "在宅福祉サービスセンター【訪問介護】神奈川県藤沢市朝日町１番地の１藤沢市役所分庁舎１階", "url": "https://www.kaigokensaku.mhlw.go.jp/14/index.php?action_kouhyou_detail_004_kani=true&JigyosyoCd=1472203700-00&ServiceCd=110&Type=search", "url2": "http://www.fujisawa-shakyo.jp/zaitakufukushi/index.html" }, "geometry": { "type": "Point", "coordinates": [ 139.490066296295169, 35.339196057398901 ] } },
{ "type": "Feature", "properties": { "内容": "聖隷ヘルパーステーション藤沢【訪問介護】神奈川県藤沢市大庭5526-2", "url": "https://www.kaigokensaku.mhlw.go.jp/14/index.php?action_kouhyou_detail_004_kani=true&JigyosyoCd=1472203734-00&ServiceCd=110&Type=search", "url2": "http://www.seirei.or.jp/welfare/helper/" }, "geometry": { "type": "Point", "coordinates": [ 139.4482504, 35.3669378 ] } },
{ "type": "Feature", "properties": { "内容": "リーフステーション【訪問介護】神奈川県藤沢市菖蒲沢1225リーフヴィラ湘南台110", "url": "https://www.kaigokensaku.mhlw.go.jp/14/index.php?action_kouhyou_detail_004_kani=true&JigyosyoCd=1472203759-00&ServiceCd=110&Type=search", "url2": null }, "geometry": { "type": "Point", "coordinates": [ 139.443819399999938, 35.3991365 ] } },
{ "type": "Feature", "properties": { "内容": "学研ココファン湘南片瀬ヘルパーセンター【訪問介護】神奈川県藤沢市片瀬5-12-23", "url": "https://www.kaigokensaku.mhlw.go.jp/14/index.php?action_kouhyou_detail_004_kani=true&JigyosyoCd=1472203890-00&ServiceCd=110&Type=search", "url2": "https://www.cocofump.co.jp/facilities/detail/shonankatase/" }, "geometry": { "type": "Point", "coordinates": [ 139.485003099999972, 35.3168528 ] } },
{ "type": "Feature", "properties": { "内容": "ケアステーション希望【訪問介護】神奈川県藤沢市善行６－８－２ハイラーク五月103号", "url": "https://www.kaigokensaku.mhlw.go.jp/14/index.php?action_kouhyou_detail_004_kani=true&JigyosyoCd=1472204377-00&ServiceCd=110&Type=search", "url2": "http://koureikyou-k.com/" }, "geometry": { "type": "Point", "coordinates": [ 139.475215100000014, 35.3645947 ] } },
{ "type": "Feature", "properties": { "内容": "ケアスティ　ゆい・ゆい　湘南【訪問介護】神奈川県藤沢市善行６－６－４３", "url": "https://www.kaigokensaku.mhlw.go.jp/14/index.php?action_kouhyou_detail_004_kani=true&JigyosyoCd=1472204484-00&ServiceCd=110&Type=search", "url2": "https://www.yui-yui.biz/" }, "geometry": { "type": "Point", "coordinates": [ 139.475540936265105, 35.366181830244642 ] } },
{ "type": "Feature", "properties": { "内容": "エルダーホームケア藤沢【訪問介護】神奈川県藤沢市柄沢2－29－7", "url": "https://www.kaigokensaku.mhlw.go.jp/14/index.php?action_kouhyou_detail_004_kani=true&JigyosyoCd=1472204682-00&ServiceCd=110&Type=search", "url2": null }, "geometry": { "type": "Point", "coordinates": [ 139.500345964417988, 35.356392200408457 ] } },
{ "type": "Feature", "properties": { "内容": "サニーライフ湘南藤沢　訪問介護事業所【訪問介護】神奈川県藤沢市藤が岡2-10-19有料老人ホーム　サニーライフ湘南藤沢", "url": "https://www.kaigokensaku.mhlw.go.jp/14/index.php?action_kouhyou_detail_004_kani=true&JigyosyoCd=1472204773-00&ServiceCd=110&Type=search", "url2": null }, "geometry": { "type": "Point", "coordinates": [ 139.494354103635402, 35.347260201382767 ] } },
{ "type": "Feature", "properties": { "内容": "ケアステーション空飛ぶペンギン【訪問介護】神奈川県藤沢市城南2丁目12番5号", "url": "https://www.kaigokensaku.mhlw.go.jp/14/index.php?action_kouhyou_detail_004_kani=true&JigyosyoCd=1472205093-00&ServiceCd=110&Type=search", "url2": "https://www.soratobupengin8284.com" }, "geometry": { "type": "Point", "coordinates": [ 139.454232820397436, 35.348976556756405 ] } },
{ "type": "Feature", "properties": { "内容": "訪問介護コンフォータス湘南台【訪問介護】神奈川県藤沢市湘南台2-23-2", "url": "https://www.kaigokensaku.mhlw.go.jp/14/index.php?action_kouhyou_detail_004_kani=true&JigyosyoCd=1472205465-00&ServiceCd=110&Type=search", "url2": "http://care-net.co.jp/" }, "geometry": { "type": "Point", "coordinates": [ 139.4640905, 35.3942517 ] } },
{ "type": "Feature", "properties": { "内容": "はっぴぃタウン【訪問介護】神奈川県藤沢市鵠沼神明４－１１－２０－２０２カナディアンハイツ湘南", "url": "https://www.kaigokensaku.mhlw.go.jp/14/index.php?action_kouhyou_detail_004_kani=true&JigyosyoCd=1472205572-00&ServiceCd=110&Type=search", "url2": null }, "geometry": { "type": "Point", "coordinates": [ 139.467563716340464, 35.347169246533561 ] } },
{ "type": "Feature", "properties": { "内容": "テルウェル東日本　鵠沼介護センタ【訪問介護】神奈川県藤沢市鵠沼松が岡2-3-8ウエリスオリーブ鵠沼松が岡", "url": "https://www.kaigokensaku.mhlw.go.jp/14/index.php?action_kouhyou_detail_004_kani=true&JigyosyoCd=1472205630-00&ServiceCd=110&Type=search", "url2": "https://www.telwel-kaigo.com/" }, "geometry": { "type": "Point", "coordinates": [ 139.479445869028268, 35.322070058411327 ] } },
{ "type": "Feature", "properties": { "内容": "学研ココファン藤沢SSTヘルパーセンター【訪問介護】神奈川県藤沢市辻堂元町６－１７－１", "url": "https://www.kaigokensaku.mhlw.go.jp/14/index.php?action_kouhyou_detail_004_kani=true&JigyosyoCd=1472205721-00&ServiceCd=110&Type=search", "url2": "http://www.cocofump.co.jp/facilities/detail/fujisawasst/" }, "geometry": { "type": "Point", "coordinates": [ 139.463424499999974, 35.3368921 ] } },
{ "type": "Feature", "properties": { "内容": "訪問介護事業所　ゴールドエイジ長後【訪問介護】神奈川県藤沢市長後706ゴールドエイジ藤沢212", "url": "https://www.kaigokensaku.mhlw.go.jp/14/index.php?action_kouhyou_detail_004_kani=true&JigyosyoCd=1472205820-00&ServiceCd=110&Type=search", "url2": "http://goldage.co.jp" }, "geometry": { "type": "Point", "coordinates": [ 139.466268541139243, 35.414783109193678 ] } },
{ "type": "Feature", "properties": { "内容": "Ｆｕｊｉケアサービス【訪問介護】神奈川県藤沢市大鋸1-3-7FJ大鋸ビル2F", "url": "https://www.kaigokensaku.mhlw.go.jp/14/index.php?action_kouhyou_detail_004_kani=true&JigyosyoCd=1472205911-00&ServiceCd=110&Type=search", "url2": null }, "geometry": { "type": "Point", "coordinates": [ 139.489930400000048, 35.3463 ] } },
{ "type": "Feature", "properties": { "内容": "グランダ辻堂ケアステーション【訪問介護】神奈川県藤沢市辻堂新町1-17-28-1", "url": "https://www.kaigokensaku.mhlw.go.jp/14/index.php?action_kouhyou_detail_004_kani=true&JigyosyoCd=1472206026-00&ServiceCd=110&Type=search", "url2": null }, "geometry": { "type": "Point", "coordinates": [ 139.451823600000012, 35.3404253 ] } },
{ "type": "Feature", "properties": { "内容": "やすらぎ湘南介護ステーション【訪問介護】神奈川県藤沢市亀井野543グリーンツー106グリーンツー106", "url": "https://www.kaigokensaku.mhlw.go.jp/14/index.php?action_kouhyou_detail_004_kani=true&JigyosyoCd=1472206059-00&ServiceCd=110&Type=search", "url2": null }, "geometry": { "type": "Point", "coordinates": [ 139.465676835581888, 35.390150793730214 ] } },
{ "type": "Feature", "properties": { "内容": "ヘルパーステーション　ラウンジヒル湘南台【訪問介護】神奈川県藤沢市円行1-13-17ラウンジヒル湘南台", "url": "https://www.kaigokensaku.mhlw.go.jp/14/index.php?action_kouhyou_detail_004_kani=true&JigyosyoCd=1472206075-00&ServiceCd=110&Type=search", "url2": "http://www.lounge-hill.com" }, "geometry": { "type": "Point", "coordinates": [ 139.457713399999989, 35.3881885 ] } },
{ "type": "Feature", "properties": { "内容": "村田会湘南訪問介護ステーション【訪問介護】神奈川県藤沢市大庭5526番地の22", "url": "https://www.kaigokensaku.mhlw.go.jp/14/index.php?action_kouhyou_detail_004_kani=true&JigyosyoCd=1472206596-00&ServiceCd=110&Type=search", "url2": "http://www.muratakai.or.jp" }, "geometry": { "type": "Point", "coordinates": [ 139.449698728892059, 35.367041307090595 ] } },
{ "type": "Feature", "properties": { "内容": "訪問介護事業所ilsole【訪問介護】神奈川県藤沢市石川4-16-10ドリームアロー石川Ａ棟Ａ号室", "url": "https://www.kaigokensaku.mhlw.go.jp/14/index.php?action_kouhyou_detail_004_kani=true&JigyosyoCd=1472206604-00&ServiceCd=110&Type=search", "url2": "http://hp.kaipoke.biz/nyy/index.html" }, "geometry": { "type": "Point", "coordinates": [ 139.448244401852435, 35.37785775290341 ] } },
{ "type": "Feature", "properties": { "内容": "イザカマクラ鵠沼ケアステーション【訪問介護】神奈川県藤沢市鵠沼海岸7-6-1", "url": "https://www.kaigokensaku.mhlw.go.jp/14/index.php?action_kouhyou_detail_004_kani=true&JigyosyoCd=1472206620-00&ServiceCd=110&Type=search", "url2": "https://www.izakamakura.co.jp/" }, "geometry": { "type": "Point", "coordinates": [ 139.467764, 35.3270815 ] } },
{ "type": "Feature", "properties": { "内容": "みその台訪問介護事業所【訪問介護】神奈川県藤沢市みその台1-2", "url": "https://www.kaigokensaku.mhlw.go.jp/14/index.php?action_kouhyou_detail_004_kani=true&JigyosyoCd=1472206679-00&ServiceCd=110&Type=search", "url2": null }, "geometry": { "type": "Point", "coordinates": [ 139.477231800000027, 35.3568428 ] } },
{ "type": "Feature", "properties": { "内容": "ニチイケアセンター長後【訪問介護】神奈川県藤沢市下土棚510-15浅見ビル203号室", "url": "https://www.kaigokensaku.mhlw.go.jp/14/index.php?action_kouhyou_detail_004_kani=true&JigyosyoCd=1472206729-00&ServiceCd=110&Type=search", "url2": "http://www.nichiigakkan.co.jp" }, "geometry": { "type": "Point", "coordinates": [ 139.464337200000045, 35.4128439 ] } },
{ "type": "Feature", "properties": { "内容": "介護隊　湘南【訪問介護】神奈川県藤沢市高倉650－58富泰ビル401", "url": "https://www.kaigokensaku.mhlw.go.jp/14/index.php?action_kouhyou_detail_004_kani=true&JigyosyoCd=1472206760-00&ServiceCd=110&Type=search", "url2": "https://kaigotai.com" }, "geometry": { "type": "Point", "coordinates": [ 139.4670338, 35.4134232 ] } },
{ "type": "Feature", "properties": { "内容": "ふくまめ訪問介護事業所【訪問介護】神奈川県藤沢市遠藤2016-9", "url": "https://www.kaigokensaku.mhlw.go.jp/14/index.php?action_kouhyou_detail_004_kani=true&JigyosyoCd=1472206810-00&ServiceCd=110&Type=search", "url2": "https://fukumame-kaigo.com" }, "geometry": { "type": "Point", "coordinates": [ 139.44355673558195, 35.378012273878603 ] } },
{ "type": "Feature", "properties": { "内容": "プルメリア訪問介護　神奈川事業所【訪問介護】神奈川県藤沢市土棚784", "url": "https://www.kaigokensaku.mhlw.go.jp/14/index.php?action_kouhyou_detail_004_kani=true&JigyosyoCd=1472206851-00&ServiceCd=110&Type=search", "url2": "https://plumeria-care.jp/houmonkaigo" }, "geometry": { "type": "Point", "coordinates": [ 139.44485596292111, 35.406556268674791 ] } },
{ "type": "Feature", "properties": { "内容": "かたくり湘南【訪問介護】神奈川県藤沢市藤沢571荒井ビル504", "url": "https://www.kaigokensaku.mhlw.go.jp/14/index.php?action_kouhyou_detail_004_kani=true&JigyosyoCd=1472206935-00&ServiceCd=110&Type=search", "url2": "https://kaigo.alsok.co.jp/" }, "geometry": { "type": "Point", "coordinates": [ 139.488251947266264, 35.340982428142922 ] } },
{ "type": "Feature", "properties": { "内容": "かたくり長後【訪問介護】神奈川県藤沢市長後1167-1", "url": "https://www.kaigokensaku.mhlw.go.jp/14/index.php?action_kouhyou_detail_004_kani=true&JigyosyoCd=1472206943-00&ServiceCd=110&Type=search", "url2": null }, "geometry": { "type": "Point", "coordinates": [ 139.468858, 35.4221278 ] } },
{ "type": "Feature", "properties": { "内容": "ツクイ・サンフォレスト藤沢長後【訪問介護】神奈川県藤沢市高倉２１１８ディーフェスタ藤沢", "url": "https://www.kaigokensaku.mhlw.go.jp/14/index.php?action_kouhyou_detail_004_kani=true&JigyosyoCd=1472206976-00&ServiceCd=110&Type=search", "url2": "http://www.tsukui.net/" }, "geometry": { "type": "Point", "coordinates": [ 139.4757155, 35.415258 ] } },
{ "type": "Feature", "properties": { "内容": "ツクイ・サンフォレスト藤沢駅前【訪問介護】神奈川県藤沢市鵠沼石上1-13-15", "url": "https://www.kaigokensaku.mhlw.go.jp/14/index.php?action_kouhyou_detail_004_kani=true&JigyosyoCd=1472207008-00&ServiceCd=110&Type=search", "url2": "https://www.tsukui.net/" }, "geometry": { "type": "Point", "coordinates": [ 139.486584499999964, 35.3353793 ] } },
{ "type": "Feature", "properties": { "内容": "医心館訪問介護ステーション湘南台【訪問介護】神奈川県藤沢市湘南台5丁目5-8", "url": "https://www.kaigokensaku.mhlw.go.jp/14/index.php?action_kouhyou_detail_004_kani=true&JigyosyoCd=1472207032-00&ServiceCd=110&Type=search", "url2": null }, "geometry": { "type": "Point", "coordinates": [ 139.4675753, 35.4011447 ] } },
{ "type": "Feature", "properties": { "内容": "訪問介護メイケア【訪問介護】神奈川県藤沢市石川1-18-16ベンハウスⅠ番館　205号", "url": "https://www.kaigokensaku.mhlw.go.jp/14/index.php?action_kouhyou_detail_004_kani=true&JigyosyoCd=1472207065-00&ServiceCd=110&Type=search", "url2": "http://hp.kaipoke.biz/y9w/" }, "geometry": { "type": "Point", "coordinates": [ 139.4523917, 35.3817152 ] } },
{ "type": "Feature", "properties": { "内容": "いまここケア藤沢【訪問介護】神奈川県藤沢市亀井野２－４７－４フルール湘南１０２号室", "url": "https://www.kaigokensaku.mhlw.go.jp/14/index.php?action_kouhyou_detail_004_kani=true&JigyosyoCd=1472207081-00&ServiceCd=110&Type=search", "url2": null }, "geometry": { "type": "Point", "coordinates": [ 139.4749287, 35.3791707 ] } },
{ "type": "Feature", "properties": { "内容": "訪問介護ケアレジデンス湘南藤沢【訪問介護】神奈川県藤沢市打戻１８９６番地", "url": "https://www.kaigokensaku.mhlw.go.jp/14/index.php?action_kouhyou_detail_004_kani=true&JigyosyoCd=1472207149-00&ServiceCd=110&Type=search", "url2": null }, "geometry": { "type": "Point", "coordinates": [ 139.414943, 35.4031144 ] } },
{ "type": "Feature", "properties": { "内容": "サンウェルズ藤沢ヘルパーステーション【訪問介護】神奈川県藤沢市下土棚349-3", "url": "https://www.kaigokensaku.mhlw.go.jp/14/index.php?action_kouhyou_detail_004_kani=true&JigyosyoCd=1472207198-00&ServiceCd=110&Type=search", "url2": null }, "geometry": { "type": "Point", "coordinates": [ 139.458040399999987, 35.4070537 ] } },
{ "type": "Feature", "properties": { "内容": "ブランシエール藤沢訪問介護事業所【訪問介護】神奈川県藤沢市大鋸1-9-13　コートリビエラ2　103号室ブランシエール藤沢", "url": "https://www.kaigokensaku.mhlw.go.jp/14/index.php?action_kouhyou_detail_004_kani=true&JigyosyoCd=1472207206-00&ServiceCd=110&Type=search", "url2": null }, "geometry": { "type": "Point", "coordinates": [ 139.495316634393305, 35.338963759939944 ] } },
{ "type": "Feature", "properties": { "内容": "ミモザヘルパーステーション藤沢柄沢【訪問介護】神奈川県藤沢市柄沢2-27-1", "url": "https://www.kaigokensaku.mhlw.go.jp/14/index.php?action_kouhyou_detail_004_kani=true&JigyosyoCd=1472207222-00&ServiceCd=110&Type=search", "url2": "https://mimoza-care.com/facility/home-visit-care/post-795/" }, "geometry": { "type": "Point", "coordinates": [ 139.499369800000011, 35.3542361 ] } },
{ "type": "Feature", "properties": { "内容": "エススタイル湘南藤沢【訪問介護】神奈川県藤沢市川名1-1-5川名サンコーポ　101", "url": "https://www.kaigokensaku.mhlw.go.jp/14/index.php?action_kouhyou_detail_004_kani=true&JigyosyoCd=1472207289-00&ServiceCd=110&Type=search", "url2": null }, "geometry": { "type": "Point", "coordinates": [ 139.4949186, 35.336796 ] } },
{ "type": "Feature", "properties": { "内容": "ケア21　江ノ島【訪問介護】神奈川県藤沢市片瀬海岸2丁目16-１ハイラーク江ノ島102号室", "url": "https://www.kaigokensaku.mhlw.go.jp/14/index.php?action_kouhyou_detail_004_kani=true&JigyosyoCd=1472207321-00&ServiceCd=110&Type=search", "url2": "https://www.care21.co.jp" }, "geometry": { "type": "Point", "coordinates": [ 139.482244532506172, 35.309033694403617 ] } },
{ "type": "Feature", "properties": { "内容": "クレール長後ヘルパーセンター【訪問介護】神奈川県藤沢市長後458番1号", "url": "https://www.kaigokensaku.mhlw.go.jp/14/index.php?action_kouhyou_detail_004_kani=true&JigyosyoCd=1472207347-00&ServiceCd=110&Type=search", "url2": null }, "geometry": { "type": "Point", "coordinates": [ 139.458965500506395, 35.411087031972677 ] } },
{ "type": "Feature", "properties": { "内容": "にきっと大庭【訪問介護】神奈川県藤沢市大庭5559-8ハイツ青木店舗101", "url": "https://www.kaigokensaku.mhlw.go.jp/14/index.php?action_kouhyou_detail_004_kani=true&JigyosyoCd=1472207370-00&ServiceCd=110&Type=search", "url2": "https://www.nikit.co.jp/" }, "geometry": { "type": "Point", "coordinates": [ 139.44072392023773, 35.36567186733815 ] } },
{ "type": "Feature", "properties": { "内容": "はばたきヘルパーステーション【訪問介護】神奈川県藤沢市菖蒲沢1150-1有料老人ホームアヴィラージュ湘南台内", "url": "https://www.kaigokensaku.mhlw.go.jp/14/index.php?action_kouhyou_detail_004_kani=true&JigyosyoCd=1472402070-00&ServiceCd=110&Type=search", "url2": "http://seishoukai.net/" }, "geometry": { "type": "Point", "coordinates": [ 139.442509408542463, 35.393532602397471 ] } },
{ "type": "Feature", "properties": { "内容": "学研ココファンレジデンス湘南台ヘルパーセンター【訪問介護】神奈川県藤沢市石川6-25-3", "url": "https://www.kaigokensaku.mhlw.go.jp/14/index.php?action_kouhyou_detail_004_kani=true&JigyosyoCd=1472207651-00&ServiceCd=110&Type=search", "url2": null }, "geometry": { "type": "Point", "coordinates": [ 139.450210199999987, 35.3891589 ] } },
{ "type": "Feature", "properties": { "内容": "ニチイケアセンター南藤沢【訪問介護】神奈川県藤沢市本町4-3-9Ｋ．Ｈ藤沢101", "url": "https://www.kaigokensaku.mhlw.go.jp/14/index.php?action_kouhyou_detail_004_kani=true&JigyosyoCd=1472200805-00&ServiceCd=110&Type=search", "url2": "https://www.nichii-kaigo.jp/base/base-result/05J81/" }, "geometry": { "type": "Point", "coordinates": [ 139.479423, 35.3475413 ] } },
{ "type": "Feature", "properties": { "内容": "ロイヤル鵠沼訪問介護ステーション【訪問介護】神奈川県藤沢市本鵠沼2-10-25", "url": "https://www.kaigokensaku.mhlw.go.jp/14/index.php?action_kouhyou_detail_004_kani=true&JigyosyoCd=1472204914-00&ServiceCd=110&Type=search", "url2": "https://syasouken.com/" }, "geometry": { "type": "Point", "coordinates": [ 139.474520699999971, 35.3318734 ] } },
{ "type": "Feature", "properties": { "内容": "学研ココファン弥勒寺ヘルパーセンター【訪問介護】神奈川県藤沢市弥勒寺1-23-10", "url": "https://www.kaigokensaku.mhlw.go.jp/14/index.php?action_kouhyou_detail_004_kani=true&JigyosyoCd=1472206778-00&ServiceCd=110&Type=search", "url2": "https://www.cocofump.co.jp/" }, "geometry": { "type": "Point", "coordinates": [ 139.498632083467101, 35.339405200818291 ] } },
{ "type": "Feature", "properties": { "内容": "やえちゃん訪問介護事業所【訪問介護】神奈川県藤沢市本鵠沼3-16-10メゾン本鵠沼101", "url": "https://www.kaigokensaku.mhlw.go.jp/14/index.php?action_kouhyou_detail_004_kani=true&JigyosyoCd=1472207230-00&ServiceCd=110&Type=search", "url2": "https://www.shonan-allstars.jp/" }, "geometry": { "type": "Point", "coordinates": [ 139.471528799999987, 35.3278369 ] } },
{ "type": "Feature", "properties": { "内容": "やさしい手辻堂訪問介護事業所【訪問介護】神奈川県藤沢市辻堂２－８－９露木ビル３階", "url": "https://www.kaigokensaku.mhlw.go.jp/14/index.php?action_kouhyou_detail_004_kani=true&JigyosyoCd=1472207685-00&ServiceCd=110&Type=search", "url2": "https://search.yasashiite.com/detail/mystore171/" }, "geometry": { "type": "Point", "coordinates": [ 139.446042622090118, 35.335423318805915 ] } },
{ "type": "Feature", "properties": { "内容": "ユースタイルケア湘南重度訪問介護【訪問介護】神奈川県藤沢市鵠沼石上1丁目5番2号日本生命藤沢ビル4階", "url": "https://www.kaigokensaku.mhlw.go.jp/14/index.php?action_kouhyou_detail_004_kani=true&JigyosyoCd=1472207693-00&ServiceCd=110&Type=search", "url2": "https://care.eustylelab.co.jp/" }, "geometry": { "type": "Point", "coordinates": [ 139.4896991, 35.3366352 ] } },
{ "type": "Feature", "properties": { "内容": "湘南ホームフレンド　藤沢北介護サービス【訪問介護】神奈川県藤沢市円行１－１０－２０", "url": "https://www.kaigokensaku.mhlw.go.jp/14/index.php?action_kouhyou_detail_004_kani=true&JigyosyoCd=1472200847-00&ServiceCd=110&Type=search", "url2": "http://www.homefriend.co.jp" }, "geometry": { "type": "Point", "coordinates": [ 139.459891, 35.3887551 ] } },
{ "type": "Feature", "properties": { "内容": "藤沢地域福祉事業所長後あかり【訪問介護】神奈川県藤沢市高倉６５０－５６コーポカネウンDE号", "url": "https://www.kaigokensaku.mhlw.go.jp/14/index.php?action_kouhyou_detail_004_kani=true&JigyosyoCd=1472201381-00&ServiceCd=110&Type=search", "url2": null }, "geometry": { "type": "Point", "coordinates": [ 139.466904099999965, 35.4135685 ] } },
{ "type": "Feature", "properties": { "内容": "有限会社　ケアーサポートあい【訪問介護】神奈川県藤沢市辻堂元町２－１４－３", "url": "https://www.kaigokensaku.mhlw.go.jp/14/index.php?action_kouhyou_detail_004_kani=true&JigyosyoCd=1472201886-00&ServiceCd=110&Type=search", "url2": null }, "geometry": { "type": "Point", "coordinates": [ 139.456616700000041, 35.3371252 ] } },
{ "type": "Feature", "properties": { "内容": "イザカマクラ藤沢大庭ケアステーション【訪問介護】神奈川県藤沢市大庭5559-2グリーンハウス青木A102", "url": "https://www.kaigokensaku.mhlw.go.jp/14/index.php?action_kouhyou_detail_004_kani=true&JigyosyoCd=1472202389-00&ServiceCd=110&Type=search", "url2": "https://www.izakamakura.co.jp/" }, "geometry": { "type": "Point", "coordinates": [ 139.440867300000036, 35.3656543 ] } },
{ "type": "Feature", "properties": { "内容": "特定非営利活動法人ケアステーション陽だまり【訪問介護】神奈川県藤沢市遠藤755番地の10", "url": "https://www.kaigokensaku.mhlw.go.jp/14/index.php?action_kouhyou_detail_004_kani=true&JigyosyoCd=1472202579-00&ServiceCd=110&Type=search", "url2": "https://www.carestation-hidamari.com" }, "geometry": { "type": "Point", "coordinates": [ 139.439439192590356, 35.376180488964913 ] } },
{ "type": "Feature", "properties": { "内容": "ヘルパーステーションひまわり　湘南台【訪問介護】神奈川県藤沢市湘南台6丁目34-10グランドール湘南台2階", "url": "https://www.kaigokensaku.mhlw.go.jp/14/index.php?action_kouhyou_detail_004_kani=true&JigyosyoCd=1472203338-00&ServiceCd=110&Type=search", "url2": "http://www.s-carelife.com" }, "geometry": { "type": "Point", "coordinates": [ 139.469915, 35.4015424 ] } },
{ "type": "Feature", "properties": { "内容": "アースサポート湘南台【訪問介護】神奈川県藤沢市湘南台1丁目16番地23", "url": "https://www.kaigokensaku.mhlw.go.jp/14/index.php?action_kouhyou_detail_004_kani=true&JigyosyoCd=1472203619-00&ServiceCd=110&Type=search", "url2": "https://www.earthsupport.co.jp/" }, "geometry": { "type": "Point", "coordinates": [ 139.467837499999973, 35.3941684 ] } },
{ "type": "Feature", "properties": { "内容": "グリーンケア善行【訪問介護】神奈川県藤沢市石川3928-5グリーンライフ湘南内", "url": "https://www.kaigokensaku.mhlw.go.jp/14/index.php?action_kouhyou_detail_004_kani=true&JigyosyoCd=1472204005-00&ServiceCd=110&Type=search", "url2": "https://www.kijyu.or.jp/senior/gl-station/" }, "geometry": { "type": "Point", "coordinates": [ 139.464813256869149, 35.373486914317354 ] } },
{ "type": "Feature", "properties": { "内容": "学研ココファン湘南台ヘルパーセンター【訪問介護】神奈川県藤沢市高倉457-1", "url": "https://www.kaigokensaku.mhlw.go.jp/14/index.php?action_kouhyou_detail_004_kani=true&JigyosyoCd=1472205317-00&ServiceCd=110&Type=search", "url2": "https://www.cocofump.co.jp" }, "geometry": { "type": "Point", "coordinates": [ 139.467062400000032, 35.4053669 ] } },
{ "type": "Feature", "properties": { "内容": "ココライフ介護サービス【訪問介護】神奈川県藤沢市南藤沢7-6クレスト藤沢202", "url": "https://www.kaigokensaku.mhlw.go.jp/14/index.php?action_kouhyou_detail_004_kani=true&JigyosyoCd=1472205390-00&ServiceCd=110&Type=search", "url2": "https://kokolife.co.jp" }, "geometry": { "type": "Point", "coordinates": [ 139.4906111, 35.337463899999989 ] } },
{ "type": "Feature", "properties": { "内容": "グランダ鵠沼・藤沢ケアステーション【訪問介護】神奈川県藤沢市鵠沼松が岡1-17-22", "url": "https://www.kaigokensaku.mhlw.go.jp/14/index.php?action_kouhyou_detail_004_kani=true&JigyosyoCd=1472205424-00&ServiceCd=110&Type=search", "url2": null }, "geometry": { "type": "Point", "coordinates": [ 139.4762773, 35.316875600000017 ] } },
{ "type": "Feature", "properties": { "内容": "グラッセン　訪問介護【訪問介護】神奈川県藤沢市大庭7958", "url": "https://www.kaigokensaku.mhlw.go.jp/14/index.php?action_kouhyou_detail_004_kani=true&JigyosyoCd=1472206257-00&ServiceCd=110&Type=search", "url2": "https://www.carens.jp/" }, "geometry": { "type": "Point", "coordinates": [ 139.460439809690712, 35.365361914592526 ] } },
{ "type": "Feature", "properties": { "内容": "ＳＯＭＰＯケア　湘南台　訪問介護【訪問介護】神奈川県藤沢市湘南台4-26-1", "url": "https://www.kaigokensaku.mhlw.go.jp/14/index.php?action_kouhyou_detail_004_kani=true&JigyosyoCd=1472206323-00&ServiceCd=110&Type=search", "url2": "https://www.sompocare.com" }, "geometry": { "type": "Point", "coordinates": [ 139.463920899999948, 35.4015924 ] } },
{ "type": "Feature", "properties": { "内容": "ホームケア湘南藤沢【訪問介護】神奈川県藤沢市遠藤855－4", "url": "https://www.kaigokensaku.mhlw.go.jp/14/index.php?action_kouhyou_detail_004_kani=true&JigyosyoCd=1472206349-00&ServiceCd=110&Type=search", "url2": "http://www.life-silver.com" }, "geometry": { "type": "Point", "coordinates": [ 139.437047900000039, 35.3751556 ] } },
{ "type": "Feature", "properties": { "内容": "サンライズ・ヴィラ　藤沢六会　訪問介護ステーション【訪問介護】神奈川県藤沢市亀井野259-1", "url": "https://www.kaigokensaku.mhlw.go.jp/14/index.php?action_kouhyou_detail_004_kani=true&JigyosyoCd=1472206406-00&ServiceCd=110&Type=search", "url2": "https://www.like-cn.co.jp/" }, "geometry": { "type": "Point", "coordinates": [ 139.473012199999971, 35.3881304 ] } },
{ "type": "Feature", "properties": { "内容": "ヘルパーステーションかいんど藤沢【訪問介護】神奈川県藤沢市遠藤642-1ザ・パインズⅠ　2階F室", "url": "https://www.kaigokensaku.mhlw.go.jp/14/index.php?action_kouhyou_detail_004_kani=true&JigyosyoCd=1472206489-00&ServiceCd=110&Type=search", "url2": "https://k-inc.p-kit.com/page0002.html" }, "geometry": { "type": "Point", "coordinates": [ 139.434436900000037, 35.369084 ] } },
{ "type": "Feature", "properties": { "内容": "ソリッソ訪問介護事業所【訪問介護】神奈川県藤沢市みその台9－20", "url": "https://www.kaigokensaku.mhlw.go.jp/14/index.php?action_kouhyou_detail_004_kani=true&JigyosyoCd=1472207438-00&ServiceCd=110&Type=search", "url2": "https://www.sorriso-care.jp/" }, "geometry": { "type": "Point", "coordinates": [ 139.4738685, 35.3595289 ] } },
{ "type": "Feature", "properties": { "内容": "訪問介護ファミリー・ホスピス鵠沼【訪問介護】神奈川県藤沢市鵠沼藤が谷1-9-23", "url": "https://www.kaigokensaku.mhlw.go.jp/14/index.php?action_kouhyou_detail_004_kani=true&JigyosyoCd=1472207479-00&ServiceCd=110&Type=search", "url2": "https://family-hospice.co.jp/" }, "geometry": { "type": "Point", "coordinates": [ 139.4875442, 35.3262492 ] } },
{ "type": "Feature", "properties": { "内容": "訪問介護ステーション湘南こころ【訪問介護】神奈川県藤沢市菖蒲沢1221番2", "url": "https://www.kaigokensaku.mhlw.go.jp/14/index.php?action_kouhyou_detail_004_kani=true&JigyosyoCd=1472207495-00&ServiceCd=110&Type=search", "url2": "https://www.chishinkai-group.jp/" }, "geometry": { "type": "Point", "coordinates": [ 139.442452800000012, 35.3999204 ] } },
{ "type": "Feature", "properties": { "内容": "訪問介護事業所　ニコハート【訪問介護】神奈川県藤沢市亀井野1520-2松嶋荘201", "url": "https://www.kaigokensaku.mhlw.go.jp/14/index.php?action_kouhyou_detail_004_kani=true&JigyosyoCd=1472207503-00&ServiceCd=110&Type=search", "url2": "https://nicoheartfujisawa.wixsite.com>nicoheart" }, "geometry": { "type": "Point", "coordinates": [ 139.479016102423685, 35.384947556294414 ] } },
{ "type": "Feature", "properties": { "内容": "SOMPOケア　辻堂西海岸　訪問介護【訪問介護】神奈川県藤沢市辻堂西海岸2-12-2", "url": "https://www.kaigokensaku.mhlw.go.jp/14/index.php?action_kouhyou_detail_004_kani=true&JigyosyoCd=1472207545-00&ServiceCd=110&Type=search", "url2": "https://www.sompocare.com" }, "geometry": { "type": "Point", "coordinates": [ 139.442495400000013, 35.324062200000022 ] } },
{ "type": "Feature", "properties": { "内容": "A-smile藤沢【訪問介護】神奈川県藤沢市藤沢５７７寿ビル２０１", "url": "https://www.kaigokensaku.mhlw.go.jp/14/index.php?action_kouhyou_detail_004_kani=true&JigyosyoCd=1472207578-00&ServiceCd=110&Type=search", "url2": null }, "geometry": { "type": "Point", "coordinates": [ 139.488418599999989, 35.3416152 ] } },
{ "type": "Feature", "properties": { "内容": "エクセルシオール湘南台ケアサービス【訪問介護】神奈川県藤沢市円行2-8-3", "url": "https://www.kaigokensaku.mhlw.go.jp/14/index.php?action_kouhyou_detail_004_kani=true&JigyosyoCd=1472203429-00&ServiceCd=110&Type=search", "url2": "https://www.excelsior-shonandai.com/" }, "geometry": { "type": "Point", "coordinates": [ 139.459363100000019, 35.3949682 ] } },
{ "type": "Feature", "properties": { "内容": "ヘルパーステーションひまわり　善行【訪問介護】神奈川県藤沢市善行2丁目26-18クエスタ・デル・ラモスⅡ1階", "url": "https://www.kaigokensaku.mhlw.go.jp/14/index.php?action_kouhyou_detail_004_kani=true&JigyosyoCd=1472206539-00&ServiceCd=110&Type=search", "url2": "http://www.s-carelife.com" }, "geometry": { "type": "Point", "coordinates": [ 139.467787600000065, 35.3654823 ] } },
{ "type": "Feature", "properties": { "内容": "かすみ草訪問介護事業所【訪問介護】神奈川県藤沢市遠藤3656-1", "url": "https://www.kaigokensaku.mhlw.go.jp/14/index.php?action_kouhyou_detail_004_kani=true&JigyosyoCd=1472207719-00&ServiceCd=110&Type=search", "url2": null }, "geometry": { "type": "Point", "coordinates": [ 139.438213697145613, 35.39449882912561 ] } },
{ "type": "Feature", "properties": { "内容": "ヘルパーステーションさくら草【訪問介護】神奈川県藤沢市辻堂新町３丁目８－１６湘南コーポＢ棟　２０１号", "url": "https://www.kaigokensaku.mhlw.go.jp/14/index.php?action_kouhyou_detail_004_kani=true&JigyosyoCd=1472204161-00&ServiceCd=110&Type=search", "url2": null }, "geometry": { "type": "Point", "coordinates": [ 139.459044332346025, 35.34124326882101 ] } },
{ "type": "Feature", "properties": { "内容": "藤沢介護ホームヘルプ【訪問介護】神奈川県藤沢市南藤沢９番２３０A号", "url": "https://www.kaigokensaku.mhlw.go.jp/14/index.php?action_kouhyou_detail_004_kani=true&JigyosyoCd=1472206448-00&ServiceCd=110&Type=search", "url2": "https://hujisawa-kaigo.sakura.ne.jp/" }, "geometry": { "type": "Point", "coordinates": [ 139.4923913, 35.3375261 ] } },
{ "type": "Feature", "properties": { "内容": "医心館訪問介護ステーション藤沢【訪問介護】神奈川県藤沢市藤沢1044番地の2", "url": "https://www.kaigokensaku.mhlw.go.jp/14/index.php?action_kouhyou_detail_004_kani=true&JigyosyoCd=1472207420-00&ServiceCd=110&Type=search", "url2": null }, "geometry": { "type": "Point", "coordinates": [ 139.4812193, 35.340452 ] } },
{ "type": "Feature", "properties": { "内容": "ベストリハ訪問介護ステーション藤沢【訪問介護】神奈川県藤沢市朝日町9－4朝日ビル303", "url": "https://www.kaigokensaku.mhlw.go.jp/14/index.php?action_kouhyou_detail_004_kani=true&JigyosyoCd=1472207511-00&ServiceCd=110&Type=search", "url2": null }, "geometry": { "type": "Point", "coordinates": [ 139.4931884, 35.3402697 ] } },
{ "type": "Feature", "properties": { "内容": "優輝さぽーと２４【訪問介護】神奈川県藤沢市高倉929番地の15", "url": "https://www.kaigokensaku.mhlw.go.jp/14/index.php?action_kouhyou_detail_004_kani=true&JigyosyoCd=1472203817-00&ServiceCd=110&Type=search", "url2": "http://j-glitter.seesaa.net/" }, "geometry": { "type": "Point", "coordinates": [ 139.4723315, 35.4153517 ] } },
{ "type": "Feature", "properties": { "内容": "有限会社　ドリームケア・ホーム【訪問介護】神奈川県藤沢市片瀬山4-7-4", "url": "https://www.kaigokensaku.mhlw.go.jp/14/index.php?action_kouhyou_detail_004_kani=true&JigyosyoCd=1472202827-00&ServiceCd=110&Type=search", "url2": null }, "geometry": { "type": "Point", "coordinates": [ 139.4939051, 35.3207582 ] } },
{ "type": "Feature", "properties": { "内容": "ミモザヘルパーステーション藤沢【訪問介護】神奈川県藤沢市円行1-9-13", "url": "https://www.kaigokensaku.mhlw.go.jp/14/index.php?action_kouhyou_detail_004_kani=true&JigyosyoCd=1472204997-00&ServiceCd=110&Type=search", "url2": "https://www.mimoza-care.jp" }, "geometry": { "type": "Point", "coordinates": [ 139.460146971499483, 35.388086319307568 ] } },
{ "type": "Feature", "properties": { "内容": "尽力車　えん【訪問介護】神奈川県藤沢市本藤沢6-5-18", "url": "https://www.kaigokensaku.mhlw.go.jp/14/index.php?action_kouhyou_detail_004_kani=true&JigyosyoCd=1472206414-00&ServiceCd=110&Type=search", "url2": "http://www.jinrikisha.me" }, "geometry": { "type": "Point", "coordinates": [ 139.471490317910934, 35.359567441137074 ] } },
{ "type": "Feature", "properties": { "内容": "藤沢福祉サービス【訪問介護】神奈川県藤沢市石川　6-25-8青木ハイツ102", "url": "https://www.kaigokensaku.mhlw.go.jp/14/index.php?action_kouhyou_detail_004_kani=true&JigyosyoCd=1472202256-00&ServiceCd=110&Type=search", "url2": "https://kensho-medic.com/" }, "geometry": { "type": "Point", "coordinates": [ 139.450336314927654, 35.388714713529595 ] } },
{ "type": "Feature", "properties": { "内容": "訪問介護　サブマリン【訪問介護】神奈川県藤沢市天神町３－５－５サンパークＳⅡ２０２", "url": "https://www.kaigokensaku.mhlw.go.jp/14/index.php?action_kouhyou_detail_004_kani=true&JigyosyoCd=1472207735-00&ServiceCd=110&Type=search", "url2": null }, "geometry": { "type": "Point", "coordinates": [ 139.3515894, 36.4291571 ] } },
{ "type": "Feature", "properties": { "内容": "小田原市社会福祉協議会介護サービスセンター【訪問介護】神奈川県小田原市久野１１５－２おだわら総合医療福祉会館", "url": "https://www.kaigokensaku.mhlw.go.jp/14/index.php?action_kouhyou_detail_004_kani=true&JigyosyoCd=1472300076-00&ServiceCd=110&Type=search", "url2": "https://www.odawarashakyou.or.jp/" }, "geometry": { "type": "Point", "coordinates": [ 139.150306547607471, 35.268128022531045 ] } },
{ "type": "Feature", "properties": { "内容": "株式会社エイチ・エス・エー【訪問介護】神奈川県小田原市扇町5-11-21", "url": "https://www.kaigokensaku.mhlw.go.jp/14/index.php?action_kouhyou_detail_004_kani=true&JigyosyoCd=1472300134-00&ServiceCd=110&Type=search", "url2": "https://www.hsa-w.co.jp" }, "geometry": { "type": "Point", "coordinates": [ 139.155075099999976, 35.2758013 ] } },
{ "type": "Feature", "properties": { "内容": "ニチイケアセンター小田原【訪問介護】神奈川県小田原市曽比３１７０－２", "url": "https://www.kaigokensaku.mhlw.go.jp/14/index.php?action_kouhyou_detail_004_kani=true&JigyosyoCd=1472300209-00&ServiceCd=110&Type=search", "url2": "http://www.nichii-kaigo.jp/base/base-result/05D44/" }, "geometry": { "type": "Point", "coordinates": [ 139.135024899999962, 35.3096401 ] } },
{ "type": "Feature", "properties": { "内容": "ヨウコー相模沼田WEST訪問介護【訪問介護】神奈川県小田原市北ノ窪461-1グレースISHIDA104", "url": "https://www.kaigokensaku.mhlw.go.jp/14/index.php?action_kouhyou_detail_004_kani=true&JigyosyoCd=1472300928-00&ServiceCd=110&Type=search", "url2": "https://rehabili-youko.com/" }, "geometry": { "type": "Point", "coordinates": [ 139.131248963448684, 35.292950872479615 ] } },
{ "type": "Feature", "properties": { "内容": "はる　訪問介護ステーション【訪問介護】神奈川県小田原市東町3丁目6-35", "url": "https://www.kaigokensaku.mhlw.go.jp/14/index.php?action_kouhyou_detail_004_kani=true&JigyosyoCd=1472301017-00&ServiceCd=110&Type=search", "url2": "https://www.maedakaigo.jp/" }, "geometry": { "type": "Point", "coordinates": [ 139.174329400000033, 35.2599372 ] } },
{ "type": "Feature", "properties": { "内容": "愛輪ケアセンター【訪問介護】神奈川県小田原市南町2-1-57-2F", "url": "https://www.kaigokensaku.mhlw.go.jp/14/index.php?action_kouhyou_detail_004_kani=true&JigyosyoCd=1472301082-00&ServiceCd=110&Type=search", "url2": "https://aiwa-kaigo.jimdo.com" }, "geometry": { "type": "Point", "coordinates": [ 139.154615700000022, 35.2470466 ] } },
{ "type": "Feature", "properties": { "内容": "きらら湘南【訪問介護】神奈川県小田原市北ノ窪３８２－１", "url": "https://www.kaigokensaku.mhlw.go.jp/14/index.php?action_kouhyou_detail_004_kani=true&JigyosyoCd=1472301595-00&ServiceCd=110&Type=search", "url2": "http://kirarashounan.co.jp/kirara/" }, "geometry": { "type": "Point", "coordinates": [ 139.159728, 35.2647446 ] } },
{ "type": "Feature", "properties": { "内容": "ヘルパーステーション　ぽっかぽか【訪問介護】神奈川県小田原市小竹662-3", "url": "https://www.kaigokensaku.mhlw.go.jp/14/index.php?action_kouhyou_detail_004_kani=true&JigyosyoCd=1472302494-00&ServiceCd=110&Type=search", "url2": null }, "geometry": { "type": "Point", "coordinates": [ 139.230542600000035, 35.309912200000021 ] } },
{ "type": "Feature", "properties": { "内容": "ケアサポート元気【訪問介護】神奈川県小田原市国府津1725", "url": "https://www.kaigokensaku.mhlw.go.jp/14/index.php?action_kouhyou_detail_004_kani=true&JigyosyoCd=1472302650-00&ServiceCd=110&Type=search", "url2": "http://www.nk-co.biz" }, "geometry": { "type": "Point", "coordinates": [ 139.2062158, 35.2821627 ] } },
{ "type": "Feature", "properties": { "内容": "訪問介護ファミリー・ホスピス小田原【訪問介護】神奈川県小田原市西酒匂2丁目5番18号ファミリー・ホスピス鴨宮ハウス", "url": "https://www.kaigokensaku.mhlw.go.jp/14/index.php?action_kouhyou_detail_004_kani=true&JigyosyoCd=1472302817-00&ServiceCd=110&Type=search", "url2": "http://f-hospice-odw.com/" }, "geometry": { "type": "Point", "coordinates": [ 139.183760342057099, 35.269431417858534 ] } },
{ "type": "Feature", "properties": { "内容": "ライブリーケア中銀小田原【訪問介護】神奈川県小田原市久野455-1ライブリーハウス中銀小田原", "url": "https://www.kaigokensaku.mhlw.go.jp/14/index.php?action_kouhyou_detail_004_kani=true&JigyosyoCd=1472302866-00&ServiceCd=110&Type=search", "url2": "http://www.nakagin.co.jp/kaigo/helper/index.php" }, "geometry": { "type": "Point", "coordinates": [ 139.1491982, 35.268916 ] } },
{ "type": "Feature", "properties": { "内容": "ほたるだ訪問介護【訪問介護】神奈川県小田原市飯田岡95番地フォンテーヌ102号", "url": "https://www.kaigokensaku.mhlw.go.jp/14/index.php?action_kouhyou_detail_004_kani=true&JigyosyoCd=1472303294-00&ServiceCd=110&Type=search", "url2": "http://taka75.wixsite.com/hotarudahoumon" }, "geometry": { "type": "Point", "coordinates": [ 139.147327146310431, 35.292758647310521 ] } },
{ "type": "Feature", "properties": { "内容": "ラシークケア【訪問介護】神奈川県小田原市栢山593メゾン栢山102", "url": "https://www.kaigokensaku.mhlw.go.jp/14/index.php?action_kouhyou_detail_004_kani=true&JigyosyoCd=1472303302-00&ServiceCd=110&Type=search", "url2": null }, "geometry": { "type": "Point", "coordinates": [ 139.1484931, 35.3095072 ] } },
{ "type": "Feature", "properties": { "内容": "スクオ訪問介護【訪問介護】神奈川県小田原市扇町1-15-3", "url": "https://www.kaigokensaku.mhlw.go.jp/14/index.php?action_kouhyou_detail_004_kani=true&JigyosyoCd=1472303344-00&ServiceCd=110&Type=search", "url2": "https://atcompany.jp/squo_saiyo/" }, "geometry": { "type": "Point", "coordinates": [ 139.160425199999963, 35.263208700000021 ] } },
{ "type": "Feature", "properties": { "内容": "訪問介護ステーション‟悠久”【訪問介護】神奈川県小田原市成田462-1", "url": "https://www.kaigokensaku.mhlw.go.jp/14/index.php?action_kouhyou_detail_004_kani=true&JigyosyoCd=1472303369-00&ServiceCd=110&Type=search", "url2": "http://yuukyuu-odawara.jp/" }, "geometry": { "type": "Point", "coordinates": [ 139.1685142, 35.2913494 ] } },
{ "type": "Feature", "properties": { "内容": "エースケアステーション小田原報徳【訪問介護】神奈川県小田原市新屋２４４－２", "url": "https://www.kaigokensaku.mhlw.go.jp/14/index.php?action_kouhyou_detail_004_kani=true&JigyosyoCd=1472303534-00&ServiceCd=110&Type=search", "url2": "https://izuya0827.jimdosite.com/" }, "geometry": { "type": "Point", "coordinates": [ 139.1358282, 35.2993505 ] } },
{ "type": "Feature", "properties": { "内容": "ニチイケアセンターあしこ【訪問介護】神奈川県小田原市荻窪534-4", "url": "https://www.kaigokensaku.mhlw.go.jp/14/index.php?action_kouhyou_detail_004_kani=true&JigyosyoCd=1472303542-00&ServiceCd=110&Type=search", "url2": "https://www.nichii-kaigo.jp/base/base-result/05AT8/" }, "geometry": { "type": "Point", "coordinates": [ 139.1504076, 35.2641042 ] } },
{ "type": "Feature", "properties": { "内容": "ニチイケアセンター　とみず【訪問介護】神奈川県小田原市清水新田１３５－６コマ店舗２階", "url": "https://www.kaigokensaku.mhlw.go.jp/14/index.php?action_kouhyou_detail_004_kani=true&JigyosyoCd=1472303575-00&ServiceCd=110&Type=search", "url2": "https://www.nichii-kaigo.jp/base/base-result/05AV5/" }, "geometry": { "type": "Point", "coordinates": [ 139.141942299999982, 35.294897499999983 ] } },
{ "type": "Feature", "properties": { "内容": "ツクイ小田原【訪問介護】神奈川県小田原市飯泉1432-1", "url": "https://www.kaigokensaku.mhlw.go.jp/14/index.php?action_kouhyou_detail_004_kani=true&JigyosyoCd=1472303658-00&ServiceCd=110&Type=search", "url2": "https://www.tsukui.net/home-care/2012" }, "geometry": { "type": "Point", "coordinates": [ 139.16451697478692, 35.28232984396638 ] } },
{ "type": "Feature", "properties": { "内容": "医心館訪問介護ステーション小田原【訪問介護】神奈川県小田原市成田501-3", "url": "https://www.kaigokensaku.mhlw.go.jp/14/index.php?action_kouhyou_detail_004_kani=true&JigyosyoCd=1472303682-00&ServiceCd=110&Type=search", "url2": null }, "geometry": { "type": "Point", "coordinates": [ 139.1666399, 35.2886728 ] } },
{ "type": "Feature", "properties": { "内容": "ヘルパーステーションフラワー【訪問介護】神奈川県小田原市南鴨宮3-1-5サウス鴨宮103", "url": "https://www.kaigokensaku.mhlw.go.jp/14/index.php?action_kouhyou_detail_004_kani=true&JigyosyoCd=1472303724-00&ServiceCd=110&Type=search", "url2": null }, "geometry": { "type": "Point", "coordinates": [ 139.179365592962654, 35.275325636050539 ] } },
{ "type": "Feature", "properties": { "内容": "ミモザヘルパーステーション小田原板橋【訪問介護】神奈川県小田原市板橋682高木コーポ201号室", "url": "https://www.kaigokensaku.mhlw.go.jp/14/index.php?action_kouhyou_detail_004_kani=true&JigyosyoCd=1472303815-00&ServiceCd=110&Type=search", "url2": "https://mimoza-care.com/facility/home-visit-care/post-3843" }, "geometry": { "type": "Point", "coordinates": [ 139.1457072, 35.2467744 ] } },
{ "type": "Feature", "properties": { "内容": "アクア　小田原【訪問介護】神奈川県小田原市中町二丁目5-3アーバンシティ中町101", "url": "https://www.kaigokensaku.mhlw.go.jp/14/index.php?action_kouhyou_detail_004_kani=true&JigyosyoCd=1472303823-00&ServiceCd=110&Type=search", "url2": "https://aqua-efila.com/" }, "geometry": { "type": "Point", "coordinates": [ 139.163406840788184, 35.25925166098861 ] } },
{ "type": "Feature", "properties": { "内容": "ケアサービス　りんどう【訪問介護】神奈川県小田原市飯田岡68-12", "url": "https://www.kaigokensaku.mhlw.go.jp/14/index.php?action_kouhyou_detail_004_kani=true&JigyosyoCd=1474300652-00&ServiceCd=110&Type=search", "url2": null }, "geometry": { "type": "Point", "coordinates": [ 139.147404200000011, 35.2891014 ] } },
{ "type": "Feature", "properties": { "内容": "エムズサポート【訪問介護】神奈川県小田原市久野33-22階", "url": "https://www.kaigokensaku.mhlw.go.jp/14/index.php?action_kouhyou_detail_004_kani=true&JigyosyoCd=1472303732-00&ServiceCd=110&Type=search", "url2": null }, "geometry": { "type": "Point", "coordinates": [ 139.1538036, 35.2671724 ] } },
{ "type": "Feature", "properties": { "内容": "訪問介護リベル　小田原【訪問介護】神奈川県小田原市久野849番地の7", "url": "https://www.kaigokensaku.mhlw.go.jp/14/index.php?action_kouhyou_detail_004_kani=true&JigyosyoCd=1472304003-00&ServiceCd=110&Type=search", "url2": null }, "geometry": { "type": "Point", "coordinates": [ 139.144606, 35.2690605 ] } },
{ "type": "Feature", "properties": { "内容": "有限会社　シェイクハンズ【訪問介護】神奈川県小田原市東町1-30-35", "url": "https://www.kaigokensaku.mhlw.go.jp/14/index.php?action_kouhyou_detail_004_kani=true&JigyosyoCd=1472300316-00&ServiceCd=110&Type=search", "url2": null }, "geometry": { "type": "Point", "coordinates": [ 139.170680100000027, 35.256193 ] } },
{ "type": "Feature", "properties": { "内容": "ニコニコ介護サービス【訪問介護】神奈川県小田原市曽比2446-6", "url": "https://www.kaigokensaku.mhlw.go.jp/14/index.php?action_kouhyou_detail_004_kani=true&JigyosyoCd=1472300563-00&ServiceCd=110&Type=search", "url2": "https://life-serve.com/index.html" }, "geometry": { "type": "Point", "coordinates": [ 139.135735899999986, 35.3092513 ] } },
{ "type": "Feature", "properties": { "内容": "有限会社　Ｙ・Ｍ企画【訪問介護】神奈川県小田原市鴨宮１８－１", "url": "https://www.kaigokensaku.mhlw.go.jp/14/index.php?action_kouhyou_detail_004_kani=true&JigyosyoCd=1472300613-00&ServiceCd=110&Type=search", "url2": null }, "geometry": { "type": "Point", "coordinates": [ 139.178595545368921, 35.276086520603712 ] } },
{ "type": "Feature", "properties": { "内容": "株式会社エスティサービス　小田原営業所【訪問介護】神奈川県小田原市鴨宮343-2", "url": "https://www.kaigokensaku.mhlw.go.jp/14/index.php?action_kouhyou_detail_004_kani=true&JigyosyoCd=1472300647-00&ServiceCd=110&Type=search", "url2": "http://www.st-service.co.jp" }, "geometry": { "type": "Point", "coordinates": [ 139.180013499999973, 35.280207 ] } },
{ "type": "Feature", "properties": { "内容": "歩歩訪問サービス【訪問介護】神奈川県小田原市柳新田50-3やぎゅうビル2階", "url": "https://www.kaigokensaku.mhlw.go.jp/14/index.php?action_kouhyou_detail_004_kani=true&JigyosyoCd=1472302270-00&ServiceCd=110&Type=search", "url2": "https://popo-huerusi.com" }, "geometry": { "type": "Point", "coordinates": [ 139.1408391, 35.2949147 ] } },
{ "type": "Feature", "properties": { "内容": "ニチイケアセンター西湘【訪問介護】神奈川県小田原市成田222-1", "url": "https://www.kaigokensaku.mhlw.go.jp/14/index.php?action_kouhyou_detail_004_kani=true&JigyosyoCd=1472302361-00&ServiceCd=110&Type=search", "url2": "http://www.nichii-kaigo.jp/base/base-result/05M57/" }, "geometry": { "type": "Point", "coordinates": [ 139.1689108, 35.2894637 ] } },
{ "type": "Feature", "properties": { "内容": "たすけあい小田原【訪問介護】神奈川県小田原市穴部373", "url": "https://www.kaigokensaku.mhlw.go.jp/14/index.php?action_kouhyou_detail_004_kani=true&JigyosyoCd=1472303070-00&ServiceCd=110&Type=search", "url2": null }, "geometry": { "type": "Point", "coordinates": [ 139.156684, 35.309663 ] } },
{ "type": "Feature", "properties": { "内容": "ロイヤル小田原訪問介護ステーション【訪問介護】神奈川県小田原市久野128-1", "url": "https://www.kaigokensaku.mhlw.go.jp/14/index.php?action_kouhyou_detail_004_kani=true&JigyosyoCd=1472303104-00&ServiceCd=110&Type=search", "url2": "http://syasouken.com" }, "geometry": { "type": "Point", "coordinates": [ 139.143962699999946, 35.2675827 ] } },
{ "type": "Feature", "properties": { "内容": "学研ココファン中里ヘルパーセンター【訪問介護】神奈川県小田原市中里82-2ココファンメゾン中里", "url": "https://www.kaigokensaku.mhlw.go.jp/14/index.php?action_kouhyou_detail_004_kani=true&JigyosyoCd=1472303161-00&ServiceCd=110&Type=search", "url2": "https://www.cocofump.co.jp/facilities/detail/cm-nakazato/" }, "geometry": { "type": "Point", "coordinates": [ 139.183052906458073, 35.284663794461423 ] } },
{ "type": "Feature", "properties": { "内容": "ケアステーション　ささえあい【訪問介護】神奈川県小田原市寿町2-1-20", "url": "https://www.kaigokensaku.mhlw.go.jp/14/index.php?action_kouhyou_detail_004_kani=true&JigyosyoCd=1472303211-00&ServiceCd=110&Type=search", "url2": "https://konofuku.co.jp" }, "geometry": { "type": "Point", "coordinates": [ 139.164705421810595, 35.261937724527634 ] } },
{ "type": "Feature", "properties": { "内容": "ケアサービス　みらい【訪問介護】神奈川県小田原市扇町一丁目45番14号若宮ハイツ　203号", "url": "https://www.kaigokensaku.mhlw.go.jp/14/index.php?action_kouhyou_detail_004_kani=true&JigyosyoCd=1472303252-00&ServiceCd=110&Type=search", "url2": null }, "geometry": { "type": "Point", "coordinates": [ 139.156525399999964, 35.2681497 ] } },
{ "type": "Feature", "properties": { "内容": "幸輝【訪問介護】神奈川県小田原市国府津３－１２－３イイジマアパート1", "url": "https://www.kaigokensaku.mhlw.go.jp/14/index.php?action_kouhyou_detail_004_kani=true&JigyosyoCd=1472303401-00&ServiceCd=110&Type=search", "url2": "https://kouki64.webnode.jp" }, "geometry": { "type": "Point", "coordinates": [ 139.210115500000029, 35.2794853 ] } },
{ "type": "Feature", "properties": { "内容": "れもんケアステーション【訪問介護】神奈川県小田原市千代471－1", "url": "https://www.kaigokensaku.mhlw.go.jp/14/index.php?action_kouhyou_detail_004_kani=true&JigyosyoCd=1472303484-00&ServiceCd=110&Type=search", "url2": "http://www.amical-s.jp/" }, "geometry": { "type": "Point", "coordinates": [ 139.178928128206962, 35.298949876441391 ] } },
{ "type": "Feature", "properties": { "内容": "エースケアステーション小田原東町【訪問介護】神奈川県小田原市東町３－３２－１", "url": "https://www.kaigokensaku.mhlw.go.jp/14/index.php?action_kouhyou_detail_004_kani=true&JigyosyoCd=1472303849-00&ServiceCd=110&Type=search", "url2": "https://izuya-corp.com/odawarahigasi/" }, "geometry": { "type": "Point", "coordinates": [ 139.172935200000012, 35.2614195 ] } },
{ "type": "Feature", "properties": { "内容": "HSA訪問介護はればれ【訪問介護】神奈川県小田原市曽比2135-1", "url": "https://www.kaigokensaku.mhlw.go.jp/14/index.php?action_kouhyou_detail_004_kani=true&JigyosyoCd=1472303880-00&ServiceCd=110&Type=search", "url2": "https://www.hsa-w.co.jp/" }, "geometry": { "type": "Point", "coordinates": [ 139.138201814343915, 35.310068759524711 ] } },
{ "type": "Feature", "properties": { "内容": "訪問介護ステーション　ちゃとら【訪問介護】神奈川県小田原市本町4-5-41ホスピカル小田原さいかち", "url": "https://www.kaigokensaku.mhlw.go.jp/14/index.php?action_kouhyou_detail_004_kani=true&JigyosyoCd=1472303914-00&ServiceCd=110&Type=search", "url2": "https://nanao-life.co.jp/" }, "geometry": { "type": "Point", "coordinates": [ 139.155440200000015, 35.245268100000011 ] } },
{ "type": "Feature", "properties": { "内容": "奬生【訪問介護】神奈川県小田原市板橋155-13所沢ビル3階", "url": "https://www.kaigokensaku.mhlw.go.jp/14/index.php?action_kouhyou_detail_004_kani=true&JigyosyoCd=1472303112-00&ServiceCd=110&Type=search", "url2": null }, "geometry": { "type": "Point", "coordinates": [ 139.144383400000038, 35.2458742 ] } },
{ "type": "Feature", "properties": { "内容": "ヘルパーステーションみゅう【訪問介護】神奈川県小田原市久野７００－２", "url": "https://www.kaigokensaku.mhlw.go.jp/14/index.php?action_kouhyou_detail_004_kani=true&JigyosyoCd=1472301918-00&ServiceCd=110&Type=search", "url2": "https://www.myu-npo.com/" }, "geometry": { "type": "Point", "coordinates": [ 139.142278900233464, 35.267479425698774 ] } },
{ "type": "Feature", "properties": { "内容": "介護サービス「銀の鈴」【訪問介護】神奈川県小田原市浜町３－１２－２ＮＩＣアーバンハイム１Ｆ", "url": "https://www.kaigokensaku.mhlw.go.jp/14/index.php?action_kouhyou_detail_004_kani=true&JigyosyoCd=1472303013-00&ServiceCd=110&Type=search", "url2": "http://gin-no-suzu.jp" }, "geometry": { "type": "Point", "coordinates": [ 139.164020100000016, 35.2512935 ] } },
{ "type": "Feature", "properties": { "内容": "Ａｑｕａ　茅ヶ崎【訪問介護】神奈川県茅ヶ崎市松浪二丁目８番19号グレースマンション１階102号室", "url": "https://www.kaigokensaku.mhlw.go.jp/14/index.php?action_kouhyou_detail_004_kani=true&JigyosyoCd=1472403342-00&ServiceCd=110&Type=search", "url2": "https://aqua-andante.com/" }, "geometry": { "type": "Point", "coordinates": [ 139.438135556191639, 35.330022265484942 ] } },
{ "type": "Feature", "properties": { "内容": "訪問介護ステーションHIBISU茅ヶ崎【訪問介護】神奈川県茅ケ崎市浜之郷1165-21HIBISU茅ヶ崎", "url": "https://www.kaigokensaku.mhlw.go.jp/14/index.php?action_kouhyou_detail_004_kani=true&JigyosyoCd=1472403490-00&ServiceCd=110&Type=search", "url2": "https://hibisu.com/chigasaki/" }, "geometry": { "type": "Point", "coordinates": [ 139.394825230024708, 35.334135121619994 ] } },
{ "type": "Feature", "properties": { "内容": "居宅介護支援センター松林【訪問介護】神奈川県茅ケ崎市松林3-9-28", "url": "https://www.kaigokensaku.mhlw.go.jp/14/index.php?action_kouhyou_detail_004_kani=true&JigyosyoCd=1472400074-00&ServiceCd=110&Type=search", "url2": "https://www.chigasaki-keijukai.com/shorin/" }, "geometry": { "type": "Point", "coordinates": [ 139.426828800000067, 35.3461757 ] } },
{ "type": "Feature", "properties": { "内容": "居宅介護支援センターふれあい北口ケアセンター【訪問介護】神奈川県茅ケ崎市茅ケ崎二丁目1番38号ソシエ弐番館206", "url": "https://www.kaigokensaku.mhlw.go.jp/14/index.php?action_kouhyou_detail_004_kani=true&JigyosyoCd=1472400132-00&ServiceCd=110&Type=search", "url2": "http://www.fureai-g.or.jp/kitaguchi-care/" }, "geometry": { "type": "Point", "coordinates": [ 139.406549233204714, 35.333792715307609 ] } },
{ "type": "Feature", "properties": { "内容": "ニチイケアセンター茅ヶ崎【訪問介護】神奈川県茅ケ崎市元町3-17秋田屋ビル3Ｆ", "url": "https://www.kaigokensaku.mhlw.go.jp/14/index.php?action_kouhyou_detail_004_kani=true&JigyosyoCd=1472400140-00&ServiceCd=110&Type=search", "url2": "http://www.nichii-kaigo.jp/base/base-result/05D16/" }, "geometry": { "type": "Point", "coordinates": [ 139.406888500000036, 35.331971 ] } },
{ "type": "Feature", "properties": { "内容": "有限会社茅ケ崎ケアサービス【訪問介護】神奈川県茅ケ崎市東海岸北3-11-60", "url": "https://www.kaigokensaku.mhlw.go.jp/14/index.php?action_kouhyou_detail_004_kani=true&JigyosyoCd=1472400173-00&ServiceCd=110&Type=search", "url2": "http://www.chigasaki-care.jp/" }, "geometry": { "type": "Point", "coordinates": [ 139.413382599999977, 35.3307048 ] } },
{ "type": "Feature", "properties": { "内容": "医療法人徳洲会　茅ヶ崎徳洲会駅前介護センター【訪問介護】神奈川県茅ケ崎市幸町14-1", "url": "https://www.kaigokensaku.mhlw.go.jp/14/index.php?action_kouhyou_detail_004_kani=true&JigyosyoCd=1472400223-00&ServiceCd=110&Type=search", "url2": "https://www.chigasakitokushukai.jp/about/relation/chigasaki-care-center/" }, "geometry": { "type": "Point", "coordinates": [ 139.412572363254526, 35.330866370106634 ] } },
{ "type": "Feature", "properties": { "内容": "社会福祉法人　麗寿会　元町ケアセンター【訪問介護】神奈川県茅ケ崎市元町10-33", "url": "https://www.kaigokensaku.mhlw.go.jp/14/index.php?action_kouhyou_detail_004_kani=true&JigyosyoCd=1472400512-00&ServiceCd=110&Type=search", "url2": "http://www.reijukai.or.jp/motomachi_service03.php" }, "geometry": { "type": "Point", "coordinates": [ 139.4097799, 35.333198800000048 ] } },
{ "type": "Feature", "properties": { "内容": "翔の会小和田ケアセンター　訪問介護【訪問介護】神奈川県茅ケ崎市高田1-11-13", "url": "https://www.kaigokensaku.mhlw.go.jp/14/index.php?action_kouhyou_detail_004_kani=true&JigyosyoCd=1472400603-00&ServiceCd=110&Type=search", "url2": "https://www.syonokai.jp/sisetu/kowada-carecenter.html" }, "geometry": { "type": "Point", "coordinates": [ 139.41405787314568, 35.348556623410957 ] } },
{ "type": "Feature", "properties": { "内容": "ＮＰＯ法人　ワーカーズ　一心【訪問介護】神奈川県茅ケ崎市十間坂2-2-33", "url": "https://www.kaigokensaku.mhlw.go.jp/14/index.php?action_kouhyou_detail_004_kani=true&JigyosyoCd=1472400686-00&ServiceCd=110&Type=search", "url2": "http://www.wco-issin.jp" }, "geometry": { "type": "Point", "coordinates": [ 139.396408033837929, 35.329518268691011 ] } },
{ "type": "Feature", "properties": { "内容": "ホームヘルプ・ライフタウン【訪問介護】神奈川県茅ケ崎市堤42-2", "url": "https://www.kaigokensaku.mhlw.go.jp/14/index.php?action_kouhyou_detail_004_kani=true&JigyosyoCd=1472400728-00&ServiceCd=110&Type=search", "url2": null }, "geometry": { "type": "Point", "coordinates": [ 139.437936799999989, 35.3658374 ] } },
{ "type": "Feature", "properties": { "内容": "有限会社　トータルケア健やか【訪問介護】神奈川県茅ケ崎市南湖2-6-18", "url": "https://www.kaigokensaku.mhlw.go.jp/14/index.php?action_kouhyou_detail_004_kani=true&JigyosyoCd=1472401015-00&ServiceCd=110&Type=search", "url2": null }, "geometry": { "type": "Point", "coordinates": [ 139.391552079592913, 35.325078560452098 ] } },
{ "type": "Feature", "properties": { "内容": "ハッピーハッピー茅ヶ崎【訪問介護】神奈川県茅ヶ崎市今宿589-27", "url": "https://www.kaigokensaku.mhlw.go.jp/14/index.php?action_kouhyou_detail_004_kani=true&JigyosyoCd=1472401080-00&ServiceCd=110&Type=search", "url2": "http://www.8py8py.com" }, "geometry": { "type": "Point", "coordinates": [ 139.3824318, 35.335852799999984 ] } },
{ "type": "Feature", "properties": { "内容": "ケアサポート福寿草【訪問介護】神奈川県茅ケ崎市萩園２１１４－７９", "url": "https://www.kaigokensaku.mhlw.go.jp/14/index.php?action_kouhyou_detail_004_kani=true&JigyosyoCd=1472401148-00&ServiceCd=110&Type=search", "url2": "http://www.fukujuso6685.com" }, "geometry": { "type": "Point", "coordinates": [ 139.385145, 35.3411492 ] } },
{ "type": "Feature", "properties": { "内容": "湘南ベルサイド　ヘルパーステーション【訪問介護】神奈川県茅ケ崎市中島736-1", "url": "https://www.kaigokensaku.mhlw.go.jp/14/index.php?action_kouhyou_detail_004_kani=true&JigyosyoCd=1472401171-00&ServiceCd=110&Type=search", "url2": "http://www.bellside.or.jp/houmon.html" }, "geometry": { "type": "Point", "coordinates": [ 139.372466199999963, 35.3285255 ] } },
{ "type": "Feature", "properties": { "内容": "社会福祉法人　慶寿会　平和町介護サービスセンター【訪問介護】神奈川県茅ケ崎市松ヶ丘1-7-34ZEN茅ヶ崎２F", "url": "https://www.kaigokensaku.mhlw.go.jp/14/index.php?action_kouhyou_detail_004_kani=true&JigyosyoCd=1472401254-00&ServiceCd=110&Type=search", "url2": "https://www.chigasaki-keijukai.com/heiwacho/" }, "geometry": { "type": "Point", "coordinates": [ 139.427268300000037, 35.325272599999984 ] } },
{ "type": "Feature", "properties": { "内容": "セントケア茅ケ崎【訪問介護】神奈川県茅ケ崎市共恵1-16-16", "url": "https://www.kaigokensaku.mhlw.go.jp/14/index.php?action_kouhyou_detail_004_kani=true&JigyosyoCd=1472401502-00&ServiceCd=110&Type=search", "url2": "http://www.saintc-k.com/" }, "geometry": { "type": "Point", "coordinates": [ 139.398869900000022, 35.326549 ] } },
{ "type": "Feature", "properties": { "内容": "へいあんホームケア茅ヶ崎【訪問介護】神奈川県茅ヶ崎市小和田3-3-25", "url": "https://www.kaigokensaku.mhlw.go.jp/14/index.php?action_kouhyou_detail_004_kani=true&JigyosyoCd=1472401619-00&ServiceCd=110&Type=search", "url2": null }, "geometry": { "type": "Point", "coordinates": [ 139.43765350000001, 35.3425794 ] } },
{ "type": "Feature", "properties": { "内容": "湘南シニアサービス【訪問介護】神奈川県茅ケ崎市十間坂3-8-34", "url": "https://www.kaigokensaku.mhlw.go.jp/14/index.php?action_kouhyou_detail_004_kani=true&JigyosyoCd=1472401668-00&ServiceCd=110&Type=search", "url2": "http://www.shonanss.com/" }, "geometry": { "type": "Point", "coordinates": [ 139.398185735772955, 35.331697413198135 ] } },
{ "type": "Feature", "properties": { "内容": "ともえケアステーション【訪問介護】神奈川県茅ヶ崎市共恵1丁目１０番６号ピソウェスト茅ヶ崎１０３", "url": "https://www.kaigokensaku.mhlw.go.jp/14/index.php?action_kouhyou_detail_004_kani=true&JigyosyoCd=1472402476-00&ServiceCd=110&Type=search", "url2": null }, "geometry": { "type": "Point", "coordinates": [ 139.40361391995998, 35.328774651032397 ] } },
{ "type": "Feature", "properties": { "内容": "ヘルパーステーション　リフシア浜之郷【訪問介護】神奈川県茅ケ崎市浜之郷738-1リフシア浜之郷", "url": "https://www.kaigokensaku.mhlw.go.jp/14/index.php?action_kouhyou_detail_004_kani=true&JigyosyoCd=1472402526-00&ServiceCd=110&Type=search", "url2": "http://lifsea.co.jp/" }, "geometry": { "type": "Point", "coordinates": [ 139.39323330000002, 35.3428771 ] } },
{ "type": "Feature", "properties": { "内容": "湘南東部訪問介護事業所【訪問介護】神奈川県茅ケ崎市西久保500湘南東部総合病院　東館", "url": "https://www.kaigokensaku.mhlw.go.jp/14/index.php?action_kouhyou_detail_004_kani=true&JigyosyoCd=1472402906-00&ServiceCd=110&Type=search", "url2": "https://fg-sthp.jp/department/visiting-care/" }, "geometry": { "type": "Point", "coordinates": [ 139.392883745507817, 35.347611103200045 ] } },
{ "type": "Feature", "properties": { "内容": "訪問介護かえで茅ヶ崎サービスセンター【訪問介護】神奈川県茅ヶ崎市本村1-9-6ベルカーサ本村Ａ号室", "url": "https://www.kaigokensaku.mhlw.go.jp/14/index.php?action_kouhyou_detail_004_kani=true&JigyosyoCd=1472403003-00&ServiceCd=110&Type=search", "url2": "http://www.elderly.jp/" }, "geometry": { "type": "Point", "coordinates": [ 139.411599600000045, 35.3334024 ] } },
{ "type": "Feature", "properties": { "内容": "グッドタイムケア・茅ヶ崎【訪問介護】神奈川県茅ケ崎市本宿町3-27グッドタイムホーム・茅ヶ崎", "url": "https://www.kaigokensaku.mhlw.go.jp/14/index.php?action_kouhyou_detail_004_kani=true&JigyosyoCd=1472403037-00&ServiceCd=110&Type=search", "url2": null }, "geometry": { "type": "Point", "coordinates": [ 139.438081600000032, 35.3396155 ] } },
{ "type": "Feature", "properties": { "内容": "木下の介護　茅ヶ崎【訪問介護】神奈川県茅ケ崎市本村4-3-34", "url": "https://www.kaigokensaku.mhlw.go.jp/14/index.php?action_kouhyou_detail_004_kani=true&JigyosyoCd=1472403045-00&ServiceCd=110&Type=search", "url2": "https://www.kinoshita-kaigo.co.jp/" }, "geometry": { "type": "Point", "coordinates": [ 139.412258209787126, 35.33612219902659 ] } },
{ "type": "Feature", "properties": { "内容": "訪問介護ファミリー・ホスピス茅ヶ崎【訪問介護】神奈川県茅ヶ崎市室田3丁目2-70ファミリー・ホスピス茅ヶ崎ハウス", "url": "https://www.kaigokensaku.mhlw.go.jp/14/index.php?action_kouhyou_detail_004_kani=true&JigyosyoCd=1472403052-00&ServiceCd=110&Type=search", "url2": null }, "geometry": { "type": "Point", "coordinates": [ 139.419428971163967, 35.339712678559124 ] } },
{ "type": "Feature", "properties": { "内容": "NPO法人サザンコアラ【訪問介護】神奈川県茅ヶ崎市新栄町13番16-407号茅ヶ崎ダイカンプラザCITY", "url": "https://www.kaigokensaku.mhlw.go.jp/14/index.php?action_kouhyou_detail_004_kani=true&JigyosyoCd=1472403060-00&ServiceCd=110&Type=search", "url2": "https://www.sazankoara-shonan.com/" }, "geometry": { "type": "Point", "coordinates": [ 139.40318510000003, 35.3318311 ] } },
{ "type": "Feature", "properties": { "内容": "ツクイ茅ヶ崎浜見平【訪問介護】神奈川県茅ケ崎市浜見平11-1BRANCH茅ヶ崎　2－Ⅾ", "url": "https://www.kaigokensaku.mhlw.go.jp/14/index.php?action_kouhyou_detail_004_kani=true&JigyosyoCd=1472403094-00&ServiceCd=110&Type=search", "url2": "https://www.tsukui.net" }, "geometry": { "type": "Point", "coordinates": [ 139.3887205, 35.3234153 ] } },
{ "type": "Feature", "properties": { "内容": "訪問介護ステーション　カノン【訪問介護】神奈川県茅ヶ崎市菱沼1－20ー1エメロードヒル湘南103", "url": "https://www.kaigokensaku.mhlw.go.jp/14/index.php?action_kouhyou_detail_004_kani=true&JigyosyoCd=1472403193-00&ServiceCd=110&Type=search", "url2": null }, "geometry": { "type": "Point", "coordinates": [ 139.433163575592545, 35.34545530203291 ] } },
{ "type": "Feature", "properties": { "内容": "学研ココファン茅ヶ崎小桜町ヘルパーセンター【訪問介護】神奈川県茅ヶ崎市小桜町3番5-15号", "url": "https://www.kaigokensaku.mhlw.go.jp/14/index.php?action_kouhyou_detail_004_kani=true&JigyosyoCd=1472403227-00&ServiceCd=110&Type=search", "url2": "https://www.cocofump.co.jp/" }, "geometry": { "type": "Point", "coordinates": [ 139.42509720000001, 35.3363088 ] } },
{ "type": "Feature", "properties": { "内容": "あかりや茅ヶ崎【訪問介護】神奈川県茅ケ崎市萩園2767番地", "url": "https://www.kaigokensaku.mhlw.go.jp/14/index.php?action_kouhyou_detail_004_kani=true&JigyosyoCd=1472403235-00&ServiceCd=110&Type=search", "url2": "https://akariya.ltd/" }, "geometry": { "type": "Point", "coordinates": [ 139.376619799999986, 35.3423806 ] } },
{ "type": "Feature", "properties": { "内容": "サポートサービスひといき【訪問介護】神奈川県茅ケ崎市十間坂2-1-54茅ケ崎ロイヤルハイツ１０１号", "url": "https://www.kaigokensaku.mhlw.go.jp/14/index.php?action_kouhyou_detail_004_kani=true&JigyosyoCd=1472403250-00&ServiceCd=110&Type=search", "url2": null }, "geometry": { "type": "Point", "coordinates": [ 139.397629, 35.3294049 ] } },
{ "type": "Feature", "properties": { "内容": "SOMPOケア　湘南辻堂　訪問介護【訪問介護】神奈川県茅ケ崎市赤松町13－16SOMPOケア　ラヴィーレレジデンス　湘南辻堂", "url": "https://www.kaigokensaku.mhlw.go.jp/14/index.php?action_kouhyou_detail_004_kani=true&JigyosyoCd=1472403300-00&ServiceCd=110&Type=search", "url2": "https://www.sompocare.com/service/zaitaku/kaigo/Z000883" }, "geometry": { "type": "Point", "coordinates": [ 139.442031667597973, 35.33842704326397 ] } },
{ "type": "Feature", "properties": { "内容": "有限会社　南湖サーボ【訪問介護】神奈川県茅ケ崎市南湖7-12984博修館", "url": "https://www.kaigokensaku.mhlw.go.jp/14/index.php?action_kouhyou_detail_004_kani=true&JigyosyoCd=1472400454-00&ServiceCd=110&Type=search", "url2": null }, "geometry": { "type": "Point", "coordinates": [ 139.389902832818649, 35.318620864632017 ] } },
{ "type": "Feature", "properties": { "内容": "訪問介護センターまつなみ【訪問介護】神奈川県茅ケ崎市松浪１－１－１２ホワイトビル１階１号室", "url": "https://www.kaigokensaku.mhlw.go.jp/14/index.php?action_kouhyou_detail_004_kani=true&JigyosyoCd=1472400793-00&ServiceCd=110&Type=search", "url2": "https://npo-matsunami.jimdofree.com" }, "geometry": { "type": "Point", "coordinates": [ 139.433492699999988, 35.3326999 ] } },
{ "type": "Feature", "properties": { "内容": "生活リハビリクラブ茅ケ崎【訪問介護】神奈川県茅ケ崎市茅ヶ崎234-1", "url": "https://www.kaigokensaku.mhlw.go.jp/14/index.php?action_kouhyou_detail_004_kani=true&JigyosyoCd=1472400892-00&ServiceCd=110&Type=search", "url2": null }, "geometry": { "type": "Point", "coordinates": [ 139.409549335581914, 35.339975668430434 ] } },
{ "type": "Feature", "properties": { "内容": "あいる湘南【訪問介護】神奈川県茅ヶ崎市小和田１－１８－３７", "url": "https://www.kaigokensaku.mhlw.go.jp/14/index.php?action_kouhyou_detail_004_kani=true&JigyosyoCd=1472401387-00&ServiceCd=110&Type=search", "url2": "http://aim-shonan.sakura.ne.jp/" }, "geometry": { "type": "Point", "coordinates": [ 139.43187869999997, 35.3381076 ] } },
{ "type": "Feature", "properties": { "内容": "合同会社　在宅介護　りぼん【訪問介護】神奈川県茅ヶ崎市東海岸北2-9-5プライム湘南101", "url": "https://www.kaigokensaku.mhlw.go.jp/14/index.php?action_kouhyou_detail_004_kani=true&JigyosyoCd=1472401742-00&ServiceCd=110&Type=search", "url2": null }, "geometry": { "type": "Point", "coordinates": [ 139.414996699999961, 35.3253082 ] } },
{ "type": "Feature", "properties": { "内容": "チャンティック介護センター【訪問介護】神奈川県茅ケ崎市東海岸北5-15-61", "url": "https://www.kaigokensaku.mhlw.go.jp/14/index.php?action_kouhyou_detail_004_kani=true&JigyosyoCd=1472402138-00&ServiceCd=110&Type=search", "url2": "https://cantikkaigocenter.jimdosite.com/" }, "geometry": { "type": "Point", "coordinates": [ 139.419972061793459, 35.32659382132843 ] } },
{ "type": "Feature", "properties": { "内容": "訪問介護事業所あさがお湘南茅ヶ崎【訪問介護】神奈川県茅ヶ崎市幸町6-21山田テナント101", "url": "https://www.kaigokensaku.mhlw.go.jp/14/index.php?action_kouhyou_detail_004_kani=true&JigyosyoCd=1472402211-00&ServiceCd=110&Type=search", "url2": "https://kaigo.alsok.co.jp" }, "geometry": { "type": "Point", "coordinates": [ 139.4117966, 35.3310769 ] } },
{ "type": "Feature", "properties": { "内容": "茅ケ崎新北陵訪問介護事業所【訪問介護】神奈川県茅ヶ崎市行谷583-1茅ケ崎新北陵病院", "url": "https://www.kaigokensaku.mhlw.go.jp/14/index.php?action_kouhyou_detail_004_kani=true&JigyosyoCd=1472402674-00&ServiceCd=110&Type=search", "url2": "http://www.fureai-g.or.jp/hokuryou/" }, "geometry": { "type": "Point", "coordinates": [ 139.412865399999987, 35.3688494 ] } },
{ "type": "Feature", "properties": { "内容": "学研ココファン浜見平ヘルパーセンター【訪問介護】神奈川県茅ヶ崎市松尾6-72", "url": "https://www.kaigokensaku.mhlw.go.jp/14/index.php?action_kouhyou_detail_004_kani=true&JigyosyoCd=1472402716-00&ServiceCd=110&Type=search", "url2": "https://www.cocofump.co.jp/services/homevisit.html" }, "geometry": { "type": "Point", "coordinates": [ 139.386653728172263, 35.326007010661883 ] } },
{ "type": "Feature", "properties": { "内容": "学研ココファン茅ヶ崎ヘルパーセンター【訪問介護】神奈川県茅ケ崎市菱沼1-9-13", "url": "https://www.kaigokensaku.mhlw.go.jp/14/index.php?action_kouhyou_detail_004_kani=true&JigyosyoCd=1472402765-00&ServiceCd=110&Type=search", "url2": "https://www.cocofump.co.jp/" }, "geometry": { "type": "Point", "coordinates": [ 139.429961, 35.3450041 ] } },
{ "type": "Feature", "properties": { "内容": "学研ココファン本村ヘルパーセンター【訪問介護】神奈川県茅ヶ崎市本村4-16-6ココファンメゾン茅ヶ崎", "url": "https://www.kaigokensaku.mhlw.go.jp/14/index.php?action_kouhyou_detail_004_kani=true&JigyosyoCd=1472402773-00&ServiceCd=110&Type=search", "url2": "https://www.cocofump.co.jp/" }, "geometry": { "type": "Point", "coordinates": [ 139.412651500000038, 35.3377218 ] } },
{ "type": "Feature", "properties": { "内容": "ホームケア茅ヶ崎【訪問介護】神奈川県茅ケ崎市菱沼2-16-12", "url": "https://www.kaigokensaku.mhlw.go.jp/14/index.php?action_kouhyou_detail_004_kani=true&JigyosyoCd=1472402989-00&ServiceCd=110&Type=search", "url2": "https://www.life-silver.com/life-silver/facility/houmonchigasaki/" }, "geometry": { "type": "Point", "coordinates": [ 139.432673099999988, 35.3414072 ] } },
{ "type": "Feature", "properties": { "内容": "ソレイユケアセンター【訪問介護】神奈川県茅ケ崎市高田5-4-36ソレイユケアセンター", "url": "https://www.kaigokensaku.mhlw.go.jp/14/index.php?action_kouhyou_detail_004_kani=true&JigyosyoCd=1472403334-00&ServiceCd=110&Type=search", "url2": null }, "geometry": { "type": "Point", "coordinates": [ 139.4120925, 35.344439 ] } },
{ "type": "Feature", "properties": { "内容": "クレール甘沼ヘルパーセンター【訪問介護】神奈川県茅ケ崎市甘沼594-2", "url": "https://www.kaigokensaku.mhlw.go.jp/14/index.php?action_kouhyou_detail_004_kani=true&JigyosyoCd=1472403409-00&ServiceCd=110&Type=search", "url2": null }, "geometry": { "type": "Point", "coordinates": [ 139.4169363, 35.3514868 ] } },
{ "type": "Feature", "properties": { "内容": "イザカマクラ茅ヶ崎ケアステーション【訪問介護】神奈川県茅ヶ崎市出口町１２－１８メゾンシライⅡ３号室", "url": "https://www.kaigokensaku.mhlw.go.jp/14/index.php?action_kouhyou_detail_004_kani=true&JigyosyoCd=1472403425-00&ServiceCd=110&Type=search", "url2": "https://www.izakamakura.co.jp/" }, "geometry": { "type": "Point", "coordinates": [ 139.4320271, 35.3335573 ] } },
{ "type": "Feature", "properties": { "内容": "ネコロボマン訪問介護茅ヶ崎店【訪問介護】神奈川県茅ケ崎市西久保648-2グリーンハイム105", "url": "https://www.kaigokensaku.mhlw.go.jp/14/index.php?action_kouhyou_detail_004_kani=true&JigyosyoCd=1472403433-00&ServiceCd=110&Type=search", "url2": null }, "geometry": { "type": "Point", "coordinates": [ 139.393819400000012, 35.3454117 ] } },
{ "type": "Feature", "properties": { "内容": "にきっとみずき【訪問介護】神奈川県茅ヶ崎市みずき4-14-7", "url": "https://www.kaigokensaku.mhlw.go.jp/14/index.php?action_kouhyou_detail_004_kani=true&JigyosyoCd=1472403474-00&ServiceCd=110&Type=search", "url2": "https://www.nikit.co.jp/" }, "geometry": { "type": "Point", "coordinates": [ 139.4052092, 35.3586659 ] } },
{ "type": "Feature", "properties": { "内容": "ハレワタル訪問介護【訪問介護】神奈川県茅ヶ崎市東海岸北4-1-8", "url": "https://www.kaigokensaku.mhlw.go.jp/14/index.php?action_kouhyou_detail_004_kani=true&JigyosyoCd=1472403516-00&ServiceCd=110&Type=search", "url2": null }, "geometry": { "type": "Point", "coordinates": [ 139.415537920237739, 35.331336979170608 ] } },
{ "type": "Feature", "properties": { "内容": "逗子病院訪問介護事業所【訪問介護】神奈川県逗子市桜山5-4-7", "url": "https://www.kaigokensaku.mhlw.go.jp/14/index.php?action_kouhyou_detail_004_kani=true&JigyosyoCd=1472500956-00&ServiceCd=110&Type=search", "url2": "http://www.zushi.jp/" }, "geometry": { "type": "Point", "coordinates": [ 139.595277300000021, 35.2969337 ] } },
{ "type": "Feature", "properties": { "内容": "社会福祉法人逗子市社会福祉協議会さくら貝サービス事業所【訪問介護】神奈川県逗子市桜山5-32-1", "url": "https://www.kaigokensaku.mhlw.go.jp/14/index.php?action_kouhyou_detail_004_kani=true&JigyosyoCd=1472500022-00&ServiceCd=110&Type=search", "url2": "http://zushi-shakyo.com/company07/" }, "geometry": { "type": "Point", "coordinates": [ 139.593831234898346, 35.294738863428336 ] } },
{ "type": "Feature", "properties": { "内容": "やさしい手逗子訪問介護事業所【訪問介護】神奈川県逗子市逗子5-6-7興和第二ビル5階", "url": "https://www.kaigokensaku.mhlw.go.jp/14/index.php?action_kouhyou_detail_004_kani=true&JigyosyoCd=1472500097-00&ServiceCd=110&Type=search", "url2": "http://www.yasashiite.com" }, "geometry": { "type": "Point", "coordinates": [ 139.580342200000018, 35.294881 ] } },
{ "type": "Feature", "properties": { "内容": "ケアサポートてん【訪問介護】神奈川県逗子市桜山５－７ー６ＳＴビル２階", "url": "https://www.kaigokensaku.mhlw.go.jp/14/index.php?action_kouhyou_detail_004_kani=true&JigyosyoCd=1472500295-00&ServiceCd=110&Type=search", "url2": "https://ten-zushi.com" }, "geometry": { "type": "Point", "coordinates": [ 139.597788199999968, 35.2972782 ] } },
{ "type": "Feature", "properties": { "内容": "けいすいケアセンター逗子【訪問介護】神奈川県逗子市逗子4-1-22", "url": "https://www.kaigokensaku.mhlw.go.jp/14/index.php?action_kouhyou_detail_004_kani=true&JigyosyoCd=1472500345-00&ServiceCd=110&Type=search", "url2": "https://www.keisuikai.or.jp" }, "geometry": { "type": "Point", "coordinates": [ 139.581558800000039, 35.2953504 ] } },
{ "type": "Feature", "properties": { "内容": "有限会社　猫の手【訪問介護】神奈川県逗子市逗子2-6-26逗子駅前クリニックビル3階", "url": "https://www.kaigokensaku.mhlw.go.jp/14/index.php?action_kouhyou_detail_004_kani=true&JigyosyoCd=1472500428-00&ServiceCd=110&Type=search", "url2": "http://www.kaigo-nekonote.jp" }, "geometry": { "type": "Point", "coordinates": [ 139.580517619341578, 35.296761166561538 ] } },
{ "type": "Feature", "properties": { "内容": "ニチイケアセンター逗子【訪問介護】神奈川県逗子市桜山５－７－６－１０１", "url": "https://www.kaigokensaku.mhlw.go.jp/14/index.php?action_kouhyou_detail_004_kani=true&JigyosyoCd=1472500451-00&ServiceCd=110&Type=search", "url2": "https://www.nichii-kaigo.jp/base/base-result/05L53/" }, "geometry": { "type": "Point", "coordinates": [ 139.597788199999968, 35.2972782 ] } },
{ "type": "Feature", "properties": { "内容": "しらかば支援事業所【訪問介護】神奈川県逗子市逗子４－１－２０逗子コーポラス504号", "url": "https://www.kaigokensaku.mhlw.go.jp/14/index.php?action_kouhyou_detail_004_kani=true&JigyosyoCd=1472500535-00&ServiceCd=110&Type=search", "url2": null }, "geometry": { "type": "Point", "coordinates": [ 139.581572700000038, 35.2955892 ] } },
{ "type": "Feature", "properties": { "内容": "グレイスケア逗子鎌倉【訪問介護】神奈川県逗子市逗子１－８－１５田村ビル3Ｆ", "url": "https://www.kaigokensaku.mhlw.go.jp/14/index.php?action_kouhyou_detail_004_kani=true&JigyosyoCd=1472500550-00&ServiceCd=110&Type=search", "url2": "https://www.gracecare.net/company/" }, "geometry": { "type": "Point", "coordinates": [ 139.576950799999963, 35.2953004 ] } },
{ "type": "Feature", "properties": { "内容": "アプローズ湘南・ケアサービスセンター【訪問介護】神奈川県逗子市新宿１－２－３ニューライフ５１３号", "url": "https://www.kaigokensaku.mhlw.go.jp/14/index.php?action_kouhyou_detail_004_kani=true&JigyosyoCd=1472500568-00&ServiceCd=110&Type=search", "url2": null }, "geometry": { "type": "Point", "coordinates": [ 139.574216100000058, 35.2913889 ] } },
{ "type": "Feature", "properties": { "内容": "福祉クラブ生協訪問介護ステーションよつ葉【訪問介護】神奈川県逗子市池子1-6-7メロディー館逗子葉山", "url": "https://www.kaigokensaku.mhlw.go.jp/14/index.php?action_kouhyou_detail_004_kani=true&JigyosyoCd=1472500592-00&ServiceCd=110&Type=search", "url2": null }, "geometry": { "type": "Point", "coordinates": [ 139.590575375463118, 35.302458069131461 ] } },
{ "type": "Feature", "properties": { "内容": "Ｃｅｒｕｌｅａｎ　ｂｌｕｅ【訪問介護】神奈川県逗子市逗子4-12-19", "url": "https://www.kaigokensaku.mhlw.go.jp/14/index.php?action_kouhyou_detail_004_kani=true&JigyosyoCd=1472500949-00&ServiceCd=110&Type=search", "url2": "http://hp.kaipoke.biz/ger/" }, "geometry": { "type": "Point", "coordinates": [ 139.5811754, 35.291609 ] } },
{ "type": "Feature", "properties": { "内容": "ケアサポート　桜山【訪問介護】神奈川県逗子市桜山5-1-1", "url": "https://www.kaigokensaku.mhlw.go.jp/14/index.php?action_kouhyou_detail_004_kani=true&JigyosyoCd=1472500964-00&ServiceCd=110&Type=search", "url2": null }, "geometry": { "type": "Point", "coordinates": [ 139.591428975918546, 35.296106667503842 ] } },
{ "type": "Feature", "properties": { "内容": "オーバル訪問介護【訪問介護】神奈川県逗子市逗子7-5-12コーポ大島101", "url": "https://www.kaigokensaku.mhlw.go.jp/14/index.php?action_kouhyou_detail_004_kani=true&JigyosyoCd=1472501053-00&ServiceCd=110&Type=search", "url2": "https://npo-oval.com/" }, "geometry": { "type": "Point", "coordinates": [ 139.574619233336392, 35.296212627622566 ] } },
{ "type": "Feature", "properties": { "内容": "チャームヘルパーステーション東逗子【訪問介護】神奈川県逗子市沼間2丁目9番5号", "url": "https://www.kaigokensaku.mhlw.go.jp/14/index.php?action_kouhyou_detail_004_kani=true&JigyosyoCd=1472501087-00&ServiceCd=110&Type=search", "url2": "https://www.charmcc.jp/home/charmsuite_higashizushi/" }, "geometry": { "type": "Point", "coordinates": [ 139.6012275, 35.2995593 ] } },
{ "type": "Feature", "properties": { "内容": "訪問介護　ゆめぽっけ【訪問介護】神奈川県逗子市逗子3－3－8", "url": "https://www.kaigokensaku.mhlw.go.jp/14/index.php?action_kouhyou_detail_004_kani=true&JigyosyoCd=1472501178-00&ServiceCd=110&Type=search", "url2": null }, "geometry": { "type": "Point", "coordinates": [ 139.585008022701828, 35.295887162070343 ] } },
{ "type": "Feature", "properties": { "内容": "ホームスイート訪問介護事業所【訪問介護】神奈川県逗子市桜山8-7-20サニーライフⅡ201", "url": "https://www.kaigokensaku.mhlw.go.jp/14/index.php?action_kouhyou_detail_004_kani=true&JigyosyoCd=1472501202-00&ServiceCd=110&Type=search", "url2": "https://care-net.biz/14/homesweet/" }, "geometry": { "type": "Point", "coordinates": [ 139.5765232, 35.289484 ] } },
{ "type": "Feature", "properties": { "内容": "有限会社　三和ケアサービス鎌倉　逗子ヘルパーステーション【訪問介護】神奈川県逗子市逗子３－１－２６近藤ビル３Ｆ", "url": "https://www.kaigokensaku.mhlw.go.jp/14/index.php?action_kouhyou_detail_004_kani=true&JigyosyoCd=1472500360-00&ServiceCd=110&Type=search", "url2": null }, "geometry": { "type": "Point", "coordinates": [ 139.582090181783997, 35.29610495070785 ] } },
{ "type": "Feature", "properties": { "内容": "グランダ逗子葉山ケアステーション【訪問介護】神奈川県逗子市桜山5-10-32", "url": "https://www.kaigokensaku.mhlw.go.jp/14/index.php?action_kouhyou_detail_004_kani=true&JigyosyoCd=1472501269-00&ServiceCd=110&Type=search", "url2": "https://kaigo.benesse-style-care.co.jp/area_kanagawa/zushi/home_gd-zushihayama" }, "geometry": { "type": "Point", "coordinates": [ 139.599476, 35.2968834 ] } },
{ "type": "Feature", "properties": { "内容": "ケアライフつむぎ訪問介護事業所【訪問介護】神奈川県逗子市池子1−2−2アンシャンテ池子２０１", "url": "https://www.kaigokensaku.mhlw.go.jp/14/index.php?action_kouhyou_detail_004_kani=true&JigyosyoCd=1472501103-00&ServiceCd=110&Type=search", "url2": null }, "geometry": { "type": "Point", "coordinates": [ 139.5894219, 35.301533299999988 ] } },
{ "type": "Feature", "properties": { "内容": "アクア　逗子【訪問介護】神奈川県逗子市逗子5-11-13田所邸2階", "url": "https://www.kaigokensaku.mhlw.go.jp/14/index.php?action_kouhyou_detail_004_kani=true&JigyosyoCd=1472501293-00&ServiceCd=110&Type=search", "url2": "https://aqua-efila.com/" }, "geometry": { "type": "Point", "coordinates": [ 139.5804503, 35.2955726 ] } },
{ "type": "Feature", "properties": { "内容": "イザカマクラ逗子葉山ケアステーション【訪問介護】神奈川県逗子市逗子3-6-7kobori店舗1階左", "url": "https://www.kaigokensaku.mhlw.go.jp/14/index.php?action_kouhyou_detail_004_kani=true&JigyosyoCd=1472500923-00&ServiceCd=110&Type=search", "url2": "https://www.izakamakura.co.jp/" }, "geometry": { "type": "Point", "coordinates": [ 139.583287167756566, 35.296736370069993 ] } },
{ "type": "Feature", "properties": { "内容": "まごころヘルパー【訪問介護】神奈川県逗子市逗子５丁目１１－７ミハルアート逗子海岸２０２", "url": "https://www.kaigokensaku.mhlw.go.jp/14/index.php?action_kouhyou_detail_004_kani=true&JigyosyoCd=1472501285-00&ServiceCd=110&Type=search", "url2": "https://reria.co.jp/" }, "geometry": { "type": "Point", "coordinates": [ 139.5798565, 35.2918084 ] } },
{ "type": "Feature", "properties": { "内容": "特定非営利活動法人　三浦市介護サービスセンター【訪問介護】神奈川県三浦市栄町９番４", "url": "https://www.kaigokensaku.mhlw.go.jp/14/index.php?action_kouhyou_detail_004_kani=true&JigyosyoCd=1472700374-00&ServiceCd=110&Type=search", "url2": "http://care-net.biz/14/npokaigo/index.php" }, "geometry": { "type": "Point", "coordinates": [ 139.628489, 35.1477312 ] } },
{ "type": "Feature", "properties": { "内容": "訪問介護　ロード【訪問介護】神奈川県三浦市南下浦町上宮田３５３４－６", "url": "https://www.kaigokensaku.mhlw.go.jp/14/index.php?action_kouhyou_detail_004_kani=true&JigyosyoCd=1472700788-00&ServiceCd=110&Type=search", "url2": null }, "geometry": { "type": "Point", "coordinates": [ 139.65403850000007, 35.1808981 ] } },
{ "type": "Feature", "properties": { "内容": "マイホーム訪問介護センター【訪問介護】神奈川県三浦市初声町下宮田1050-5", "url": "https://www.kaigokensaku.mhlw.go.jp/14/index.php?action_kouhyou_detail_004_kani=true&JigyosyoCd=1472700952-00&ServiceCd=110&Type=search", "url2": "http://www.myhome-houmonkaigo.center" }, "geometry": { "type": "Point", "coordinates": [ 139.645598104893452, 35.179465255779114 ] } },
{ "type": "Feature", "properties": { "内容": "NPO法人　まごころ【訪問介護】神奈川県三浦市南下浦町上宮田3017番地37", "url": "https://www.kaigokensaku.mhlw.go.jp/14/index.php?action_kouhyou_detail_004_kani=true&JigyosyoCd=1472701224-00&ServiceCd=110&Type=search", "url2": null }, "geometry": { "type": "Point", "coordinates": [ 139.646681299999983, 35.1858096 ] } },
{ "type": "Feature", "properties": { "内容": "クローバーケア事業所【訪問介護】神奈川県三浦市南下浦町上宮田３４１０－２８", "url": "https://www.kaigokensaku.mhlw.go.jp/14/index.php?action_kouhyou_detail_004_kani=true&JigyosyoCd=1472701273-00&ServiceCd=110&Type=search", "url2": null }, "geometry": { "type": "Point", "coordinates": [ 139.654784927647398, 35.183965534100295 ] } },
{ "type": "Feature", "properties": { "内容": "ケアステーション　ゆずのいえ【訪問介護】神奈川県三浦市宮川町1-26-101", "url": "https://www.kaigokensaku.mhlw.go.jp/14/index.php?action_kouhyou_detail_004_kani=true&JigyosyoCd=1472701000-00&ServiceCd=110&Type=search", "url2": null }, "geometry": { "type": "Point", "coordinates": [ 139.629067336770618, 35.143808778889216 ] } },
{ "type": "Feature", "properties": { "内容": "訪問介護はたけ【訪問介護】神奈川県三浦市南下浦町上宮田1408上宮田アパートR号室", "url": "https://www.kaigokensaku.mhlw.go.jp/14/index.php?action_kouhyou_detail_004_kani=true&JigyosyoCd=1472701240-00&ServiceCd=110&Type=search", "url2": "http://hp.kaipoke.biz/bh3/" }, "geometry": { "type": "Point", "coordinates": [ 139.654097, 35.1915827 ] } },
{ "type": "Feature", "properties": { "内容": "みうらヘルパーステーション【訪問介護】神奈川県三浦市南下浦町上宮田3263-1", "url": "https://www.kaigokensaku.mhlw.go.jp/14/index.php?action_kouhyou_detail_004_kani=true&JigyosyoCd=1472700275-00&ServiceCd=110&Type=search", "url2": "https://www.k-minami.or.jp" }, "geometry": { "type": "Point", "coordinates": [ 139.653824500000042, 35.1875422 ] } },
{ "type": "Feature", "properties": { "内容": "訪問介護ステーション　三浦ダン・ダン【訪問介護】神奈川県三浦市三崎町諸磯１９－１", "url": "https://www.kaigokensaku.mhlw.go.jp/14/index.php?action_kouhyou_detail_004_kani=true&JigyosyoCd=1472700291-00&ServiceCd=110&Type=search", "url2": "https://kosumosunoie.jimdosite.com" }, "geometry": { "type": "Point", "coordinates": [ 139.629986, 35.1536473 ] } },
{ "type": "Feature", "properties": { "内容": "ルナランド　介護センター【訪問介護】神奈川県三浦市初声町下宮田601-6あんじゅ三崎口", "url": "https://www.kaigokensaku.mhlw.go.jp/14/index.php?action_kouhyou_detail_004_kani=true&JigyosyoCd=1472700762-00&ServiceCd=110&Type=search", "url2": "http://lunaland.co.jp/anju_misakiguchi/care.html" }, "geometry": { "type": "Point", "coordinates": [ 139.634323699999982, 35.1778427 ] } },
{ "type": "Feature", "properties": { "内容": "さくらんぼ三浦海岸【訪問介護】神奈川県三浦市南下浦町上宮田2637-2", "url": "https://www.kaigokensaku.mhlw.go.jp/14/index.php?action_kouhyou_detail_004_kani=true&JigyosyoCd=1472700994-00&ServiceCd=110&Type=search", "url2": "http://www.care-sakuranbo.jp/facilities/miurakaigan/" }, "geometry": { "type": "Point", "coordinates": [ 139.6456614, 35.1833063 ] } },
{ "type": "Feature", "properties": { "内容": "キムラ訪問介護サービス【訪問介護】神奈川県三浦市南下浦町上宮田3113-4奉仕舎三浦海岸ビル203", "url": "https://www.kaigokensaku.mhlw.go.jp/14/index.php?action_kouhyou_detail_004_kani=true&JigyosyoCd=1472701299-00&ServiceCd=110&Type=search", "url2": null }, "geometry": { "type": "Point", "coordinates": [ 139.65228350000001, 35.187740500000011 ] } },
{ "type": "Feature", "properties": { "内容": "訪問介護サービス　ココロコネクト【訪問介護】神奈川県秦野市寿町4-6コーポ寿201", "url": "https://www.kaigokensaku.mhlw.go.jp/14/index.php?action_kouhyou_detail_004_kani=true&JigyosyoCd=1472801842-00&ServiceCd=110&Type=search", "url2": "http://hp.kaipoke.biz/6s9/" }, "geometry": { "type": "Point", "coordinates": [ 139.228541899999982, 35.3761692 ] } },
{ "type": "Feature", "properties": { "内容": "寿湘ヶ丘居宅介護支援センター【訪問介護】神奈川県秦野市千村497-1", "url": "https://www.kaigokensaku.mhlw.go.jp/14/index.php?action_kouhyou_detail_004_kani=true&JigyosyoCd=1472800075-00&ServiceCd=110&Type=search", "url2": "https://mutsumif.jp/" }, "geometry": { "type": "Point", "coordinates": [ 139.1721139, 35.3654217 ] } },
{ "type": "Feature", "properties": { "内容": "株式会社　エスティサービス秦野営業所【訪問介護】神奈川県秦野市寿町２－１６", "url": "https://www.kaigokensaku.mhlw.go.jp/14/index.php?action_kouhyou_detail_004_kani=true&JigyosyoCd=1472800158-00&ServiceCd=110&Type=search", "url2": "http://www.st-service.co.jp" }, "geometry": { "type": "Point", "coordinates": [ 139.228473, 35.3753611 ] } },
{ "type": "Feature", "properties": { "内容": "有限会社　ウーマンケアサービス【訪問介護】神奈川県秦野市今泉１６４－４", "url": "https://www.kaigokensaku.mhlw.go.jp/14/index.php?action_kouhyou_detail_004_kani=true&JigyosyoCd=1472800380-00&ServiceCd=110&Type=search", "url2": null }, "geometry": { "type": "Point", "coordinates": [ 139.223259699999971, 35.3707281 ] } },
{ "type": "Feature", "properties": { "内容": "特定非営利活動法人みきフレンド・あふり【訪問介護】神奈川県秦野市西田原1237-3", "url": "https://www.kaigokensaku.mhlw.go.jp/14/index.php?action_kouhyou_detail_004_kani=true&JigyosyoCd=1472801750-00&ServiceCd=110&Type=search", "url2": null }, "geometry": { "type": "Point", "coordinates": [ 139.215805277909794, 35.387482246730769 ] } },
{ "type": "Feature", "properties": { "内容": "訪問介護かがやき【訪問介護】神奈川県秦野市千村四丁目3番34号テラスプリムローズ101", "url": "https://www.kaigokensaku.mhlw.go.jp/14/index.php?action_kouhyou_detail_004_kani=true&JigyosyoCd=1472802402-00&ServiceCd=110&Type=search", "url2": "http://hp.kaipoke.biz/dk9" }, "geometry": { "type": "Point", "coordinates": [ 139.1733701, 35.3718784 ] } },
{ "type": "Feature", "properties": { "内容": "医療法人社団　三喜会　介護老人保健施設　ライフプラザ鶴巻【訪問介護】神奈川県秦野市鶴巻北3-1-3", "url": "https://www.kaigokensaku.mhlw.go.jp/14/index.php?action_kouhyou_detail_004_kani=true&JigyosyoCd=1452880029-00&ServiceCd=110&Type=search", "url2": "http://www.sankikai.or.jp/life-tsurumaki/" }, "geometry": { "type": "Point", "coordinates": [ 139.276261799999986, 35.3821278 ] } },
{ "type": "Feature", "properties": { "内容": "ニチイケアセンター秦野【訪問介護】神奈川県秦野市大秦町１－１０アルファビル２Ｆ", "url": "https://www.kaigokensaku.mhlw.go.jp/14/index.php?action_kouhyou_detail_004_kani=true&JigyosyoCd=1472800141-00&ServiceCd=110&Type=search", "url2": "https://www.nichii-kaigo.jp/base/base-result/05D46/" }, "geometry": { "type": "Point", "coordinates": [ 139.22728989999996, 35.370222699999985 ] } },
{ "type": "Feature", "properties": { "内容": "特定非営利活動法人　野の花ネットワーク【訪問介護】神奈川県秦野市名古木402ー2", "url": "https://www.kaigokensaku.mhlw.go.jp/14/index.php?action_kouhyou_detail_004_kani=true&JigyosyoCd=1472800174-00&ServiceCd=110&Type=search", "url2": "http://nonohana.org/" }, "geometry": { "type": "Point", "coordinates": [ 139.241338735581934, 35.381720026232678 ] } },
{ "type": "Feature", "properties": { "内容": "秦野市社会福祉協議会訪問介護事業所【訪問介護】神奈川県秦野市緑町１６番３号秦野市保健福祉センター１階", "url": "https://www.kaigokensaku.mhlw.go.jp/14/index.php?action_kouhyou_detail_004_kani=true&JigyosyoCd=1472800216-00&ServiceCd=110&Type=search", "url2": "http://www.vnhadano.com" }, "geometry": { "type": "Point", "coordinates": [ 139.208830400000011, 35.3737134 ] } },
{ "type": "Feature", "properties": { "内容": "ニチイケアセンターまほろば【訪問介護】神奈川県秦野市鶴巻2166－1", "url": "https://www.kaigokensaku.mhlw.go.jp/14/index.php?action_kouhyou_detail_004_kani=true&JigyosyoCd=1472801677-00&ServiceCd=110&Type=search", "url2": "http://www.nichiigakkan.co.jp" }, "geometry": { "type": "Point", "coordinates": [ 139.270149628836066, 35.381611631589919 ] } },
{ "type": "Feature", "properties": { "内容": "訪問介護　HOPE【訪問介護】神奈川県秦野市堀西26-1岩田店舗2F", "url": "https://www.kaigokensaku.mhlw.go.jp/14/index.php?action_kouhyou_detail_004_kani=true&JigyosyoCd=1472802113-00&ServiceCd=110&Type=search", "url2": "http://hp.kaipoke.biz/145/" }, "geometry": { "type": "Point", "coordinates": [ 139.193478899999945, 35.3764404 ] } },
{ "type": "Feature", "properties": { "内容": "つるかめヘルパーステーション【訪問介護】神奈川県秦野市富士見町６－３４", "url": "https://www.kaigokensaku.mhlw.go.jp/14/index.php?action_kouhyou_detail_004_kani=true&JigyosyoCd=1472802154-00&ServiceCd=110&Type=search", "url2": "http://takumicare.jp" }, "geometry": { "type": "Point", "coordinates": [ 139.211856658369925, 35.378250108932335 ] } },
{ "type": "Feature", "properties": { "内容": "訪問介護みちびき【訪問介護】神奈川県秦野市曽屋2丁目6-30清水ハイツ101", "url": "https://www.kaigokensaku.mhlw.go.jp/14/index.php?action_kouhyou_detail_004_kani=true&JigyosyoCd=1472802162-00&ServiceCd=110&Type=search", "url2": "https://michibiki-care.jp/care-visiting/" }, "geometry": { "type": "Point", "coordinates": [ 139.227352217791008, 35.379932475431154 ] } },
{ "type": "Feature", "properties": { "内容": "介護クラーク秦野【訪問介護】神奈川県秦野市富士見町2番2号", "url": "https://www.kaigokensaku.mhlw.go.jp/14/index.php?action_kouhyou_detail_004_kani=true&JigyosyoCd=1472802428-00&ServiceCd=110&Type=search", "url2": null }, "geometry": { "type": "Point", "coordinates": [ 139.2122024, 35.3766781 ] } },
{ "type": "Feature", "properties": { "内容": "ケアステーション　ひな日和【訪問介護】神奈川県秦野市曽屋3331祇園ハイツⅠ　１０２号室", "url": "https://www.kaigokensaku.mhlw.go.jp/14/index.php?action_kouhyou_detail_004_kani=true&JigyosyoCd=1472802592-00&ServiceCd=110&Type=search", "url2": null }, "geometry": { "type": "Point", "coordinates": [ 139.2346039, 35.3717378 ] } },
{ "type": "Feature", "properties": { "内容": "訪問介護　雅【訪問介護】神奈川県秦野市渋沢2318番地の3", "url": "https://www.kaigokensaku.mhlw.go.jp/14/index.php?action_kouhyou_detail_004_kani=true&JigyosyoCd=1472802626-00&ServiceCd=110&Type=search", "url2": null }, "geometry": { "type": "Point", "coordinates": [ 139.181401987696859, 35.36327116243077 ] } },
{ "type": "Feature", "properties": { "内容": "街角のケア【訪問介護】神奈川県秦野市戸川130-1", "url": "https://www.kaigokensaku.mhlw.go.jp/14/index.php?action_kouhyou_detail_004_kani=true&JigyosyoCd=1472100377-00&ServiceCd=110&Type=search", "url2": null }, "geometry": { "type": "Point", "coordinates": [ 139.19727567992507, 35.388732266959487 ] } },
{ "type": "Feature", "properties": { "内容": "医療法人社団　三喜会　鶴巻ホームヘルプセンター【訪問介護】神奈川県秦野市鶴巻北2-14-2", "url": "https://www.kaigokensaku.mhlw.go.jp/14/index.php?action_kouhyou_detail_004_kani=true&JigyosyoCd=1472800323-00&ServiceCd=110&Type=search", "url2": "https://sankikai.or.jp/ajisai/help.thml" }, "geometry": { "type": "Point", "coordinates": [ 139.279896300000019, 35.3856557 ] } },
{ "type": "Feature", "properties": { "内容": "学研ココファン東海大学前ヘルパーセンター【訪問介護】神奈川県秦野市南矢名1-8-28", "url": "https://www.kaigokensaku.mhlw.go.jp/14/index.php?action_kouhyou_detail_004_kani=true&JigyosyoCd=1472801511-00&ServiceCd=110&Type=search", "url2": "https://www.cocofump.co.jp/" }, "geometry": { "type": "Point", "coordinates": [ 139.2746773, 35.3735459 ] } },
{ "type": "Feature", "properties": { "内容": "学研ココファン渋沢ヘルパーセンター【訪問介護】神奈川県秦野市堀川15", "url": "https://www.kaigokensaku.mhlw.go.jp/14/index.php?action_kouhyou_detail_004_kani=true&JigyosyoCd=1472801586-00&ServiceCd=110&Type=search", "url2": null }, "geometry": { "type": "Point", "coordinates": [ 139.191106799999943, 35.3779151 ] } },
{ "type": "Feature", "properties": { "内容": "思いやりケア【訪問介護】神奈川県秦野市南矢名914-19", "url": "https://www.kaigokensaku.mhlw.go.jp/14/index.php?action_kouhyou_detail_004_kani=true&JigyosyoCd=1472802006-00&ServiceCd=110&Type=search", "url2": "http://omoiyaricare.info/" }, "geometry": { "type": "Point", "coordinates": [ 139.260620503704786, 35.364054727118528 ] } },
{ "type": "Feature", "properties": { "内容": "合同会社訪問介護ステーション海【訪問介護】神奈川県厚木市金田372番地3第1ニュー厚木101", "url": "https://www.kaigokensaku.mhlw.go.jp/14/index.php?action_kouhyou_detail_004_kani=true&JigyosyoCd=1472902756-00&ServiceCd=110&Type=search", "url2": null }, "geometry": { "type": "Point", "coordinates": [ 139.3674368, 35.4606438 ] } },
{ "type": "Feature", "properties": { "内容": "訪問介護まごのて厚木【訪問介護】神奈川県厚木市戸室２丁目23-17YDビル3-B", "url": "https://www.kaigokensaku.mhlw.go.jp/14/index.php?action_kouhyou_detail_004_kani=true&JigyosyoCd=1472903044-00&ServiceCd=110&Type=search", "url2": "https://n-and-n.care" }, "geometry": { "type": "Point", "coordinates": [ 139.350343964418016, 35.445056440482915 ] } },
{ "type": "Feature", "properties": { "内容": "ケアステーション船子【訪問介護】神奈川県厚木市船子1278203号室", "url": "https://www.kaigokensaku.mhlw.go.jp/14/index.php?action_kouhyou_detail_004_kani=true&JigyosyoCd=1472902699-00&ServiceCd=110&Type=search", "url2": "https://care-hunako.com" }, "geometry": { "type": "Point", "coordinates": [ 139.348167699999976, 35.4268978 ] } },
{ "type": "Feature", "properties": { "内容": "訪問サービス　コン・ブリオ【訪問介護】神奈川県厚木市及川1-14-23及川戸建2F", "url": "https://www.kaigokensaku.mhlw.go.jp/14/index.php?action_kouhyou_detail_004_kani=true&JigyosyoCd=1472903101-00&ServiceCd=110&Type=search", "url2": null }, "geometry": { "type": "Point", "coordinates": [ 139.3485964, 35.46853 ] } },
{ "type": "Feature", "properties": { "内容": "にしだケアサービス【訪問介護】神奈川県厚木市妻田西2-22-59サンハイツ妻田202", "url": "https://www.kaigokensaku.mhlw.go.jp/14/index.php?action_kouhyou_detail_004_kani=true&JigyosyoCd=1472903119-00&ServiceCd=110&Type=search", "url2": "https://www.nishida⁻cp.co.jp/34/nishidacarservice.html" }, "geometry": { "type": "Point", "coordinates": [ 139.352618, 35.4602804 ] } },
{ "type": "Feature", "properties": { "内容": "訪問介護事業所昭和の里　厚木戸田【訪問介護】神奈川県厚木市戸田325番地1", "url": "https://www.kaigokensaku.mhlw.go.jp/14/index.php?action_kouhyou_detail_004_kani=true&JigyosyoCd=1472903143-00&ServiceCd=110&Type=search", "url2": "https://d-hlt.co.jp/" }, "geometry": { "type": "Point", "coordinates": [ 139.3645117, 35.407469 ] } },
{ "type": "Feature", "properties": { "内容": "居宅介護支援センター　けいわ荘【訪問介護】神奈川県厚木市下荻野２１１７－２", "url": "https://www.kaigokensaku.mhlw.go.jp/14/index.php?action_kouhyou_detail_004_kani=true&JigyosyoCd=1472900115-00&ServiceCd=110&Type=search", "url2": "https://k-keiwakai.com/info_kyotaku/" }, "geometry": { "type": "Point", "coordinates": [ 139.30857919999994, 35.4884365 ] } },
{ "type": "Feature", "properties": { "内容": "光温会温水ケアセンター【訪問介護】神奈川県厚木市温水704-1", "url": "https://www.kaigokensaku.mhlw.go.jp/14/index.php?action_kouhyou_detail_004_kani=true&JigyosyoCd=1472900131-00&ServiceCd=110&Type=search", "url2": "http://nurumizu-carecenter.com" }, "geometry": { "type": "Point", "coordinates": [ 139.345240099999955, 35.4389707 ] } },
{ "type": "Feature", "properties": { "内容": "スマイルサポート【訪問介護】神奈川県厚木市船子579番地1", "url": "https://www.kaigokensaku.mhlw.go.jp/14/index.php?action_kouhyou_detail_004_kani=true&JigyosyoCd=1472900149-00&ServiceCd=110&Type=search", "url2": "http://www.ims-inc.co.jp/" }, "geometry": { "type": "Point", "coordinates": [ 139.356616700000018, 35.4283304 ] } },
{ "type": "Feature", "properties": { "内容": "ＪＡあつぎすずしろ【訪問介護】神奈川県厚木市水引2-9-2", "url": "https://www.kaigokensaku.mhlw.go.jp/14/index.php?action_kouhyou_detail_004_kani=true&JigyosyoCd=1472900164-00&ServiceCd=110&Type=search", "url2": "https://www.jakanagawa.gr.jp/atsugi/" }, "geometry": { "type": "Point", "coordinates": [ 139.357881, 35.448689399999978 ] } },
{ "type": "Feature", "properties": { "内容": "株式会社　ミュー【訪問介護】神奈川県厚木市戸室1－41－1", "url": "https://www.kaigokensaku.mhlw.go.jp/14/index.php?action_kouhyou_detail_004_kani=true&JigyosyoCd=1472900222-00&ServiceCd=110&Type=search", "url2": "https://www.midori.midorinooka.com/" }, "geometry": { "type": "Point", "coordinates": [ 139.352552273702258, 35.453269556436574 ] } },
{ "type": "Feature", "properties": { "内容": "ケアサポートツマダ【訪問介護】神奈川県厚木市妻田東1-23-6三和ビル202号", "url": "https://www.kaigokensaku.mhlw.go.jp/14/index.php?action_kouhyou_detail_004_kani=true&JigyosyoCd=1472900255-00&ServiceCd=110&Type=search", "url2": "http://sc-planning.co.jp/service/tsumada" }, "geometry": { "type": "Point", "coordinates": [ 139.36267220000002, 35.4584493 ] } },
{ "type": "Feature", "properties": { "内容": "ニチイケアセンター本厚木【訪問介護】神奈川県厚木市旭町１－２－１日本生命本厚木ビル３階", "url": "https://www.kaigokensaku.mhlw.go.jp/14/index.php?action_kouhyou_detail_004_kani=true&JigyosyoCd=1472900289-00&ServiceCd=110&Type=search", "url2": "http://www.nichiigakkan.co.jp" }, "geometry": { "type": "Point", "coordinates": [ 139.364516500000036, 35.4387602 ] } },
{ "type": "Feature", "properties": { "内容": "介護支援センター　なごみ【訪問介護】神奈川県厚木市林２－２９－４９", "url": "https://www.kaigokensaku.mhlw.go.jp/14/index.php?action_kouhyou_detail_004_kani=true&JigyosyoCd=1472900362-00&ServiceCd=110&Type=search", "url2": "http://www.nagomi-k-nagomi.com/" }, "geometry": { "type": "Point", "coordinates": [ 139.344395348796098, 35.453203513237384 ] } },
{ "type": "Feature", "properties": { "内容": "サン・ライフ福祉サービスセンター厚木事業所【訪問介護】神奈川県厚木市戸室4-21-26カーサ･イノウエ・デュエ101", "url": "https://www.kaigokensaku.mhlw.go.jp/14/index.php?action_kouhyou_detail_004_kani=true&JigyosyoCd=1472900396-00&ServiceCd=110&Type=search", "url2": null }, "geometry": { "type": "Point", "coordinates": [ 139.349131599999964, 35.4506833 ] } },
{ "type": "Feature", "properties": { "内容": "特定非営利活動法人　福祉グループコアラ県央【訪問介護】神奈川県厚木市恩名2-22-55コーポ高橋103号", "url": "https://www.kaigokensaku.mhlw.go.jp/14/index.php?action_kouhyou_detail_004_kani=true&JigyosyoCd=1472900743-00&ServiceCd=110&Type=search", "url2": "https://koara-kenou.com/" }, "geometry": { "type": "Point", "coordinates": [ 139.350727531586813, 35.443039083672645 ] } },
{ "type": "Feature", "properties": { "内容": "ケアステーションひだまり【訪問介護】神奈川県厚木市長谷825-8観音坂アパート101", "url": "https://www.kaigokensaku.mhlw.go.jp/14/index.php?action_kouhyou_detail_004_kani=true&JigyosyoCd=1472900826-00&ServiceCd=110&Type=search", "url2": "https://o-soreiyu.jp/" }, "geometry": { "type": "Point", "coordinates": [ 139.332943600000021, 35.4345514 ] } },
{ "type": "Feature", "properties": { "内容": "株式会社ふたばらいふ【訪問介護】神奈川県厚木市中荻野941", "url": "https://www.kaigokensaku.mhlw.go.jp/14/index.php?action_kouhyou_detail_004_kani=true&JigyosyoCd=1472901402-00&ServiceCd=110&Type=search", "url2": "https://www.futabalife.com/" }, "geometry": { "type": "Point", "coordinates": [ 139.321643855819701, 35.483631035567647 ] } },
{ "type": "Feature", "properties": { "内容": "かなめ介護サービス【訪問介護】神奈川県厚木市飯山3356-10", "url": "https://www.kaigokensaku.mhlw.go.jp/14/index.php?action_kouhyou_detail_004_kani=true&JigyosyoCd=1472901790-00&ServiceCd=110&Type=search", "url2": "http://m-kaname.co.jp/" }, "geometry": { "type": "Point", "coordinates": [ 139.327688399999943, 35.4518242 ] } },
{ "type": "Feature", "properties": { "内容": "ヘルパーステーションひなた【訪問介護】神奈川県厚木市中荻野85番-2", "url": "https://www.kaigokensaku.mhlw.go.jp/14/index.php?action_kouhyou_detail_004_kani=true&JigyosyoCd=1472901865-00&ServiceCd=110&Type=search", "url2": null }, "geometry": { "type": "Point", "coordinates": [ 139.32247540000003, 35.4867679 ] } },
{ "type": "Feature", "properties": { "内容": "リビングケア訪問介護ステーション厚木【訪問介護】神奈川県厚木市長谷1294-10", "url": "https://www.kaigokensaku.mhlw.go.jp/14/index.php?action_kouhyou_detail_004_kani=true&JigyosyoCd=1472901899-00&ServiceCd=110&Type=search", "url2": "https://livingcare.jp/homecare/" }, "geometry": { "type": "Point", "coordinates": [ 139.3327295, 35.4361773 ] } },
{ "type": "Feature", "properties": { "内容": "訪問介護　てだすけ【訪問介護】神奈川県厚木市岡田4-5-22", "url": "https://www.kaigokensaku.mhlw.go.jp/14/index.php?action_kouhyou_detail_004_kani=true&JigyosyoCd=1472902129-00&ServiceCd=110&Type=search", "url2": "https://kaigotedasuke.wixsite.com" }, "geometry": { "type": "Point", "coordinates": [ 139.367382499999962, 35.4277642 ] } },
{ "type": "Feature", "properties": { "内容": "ケアステーション森の里こくど【訪問介護】神奈川県厚木市森の里５丁目１８番8ダイヤモンドライフ森の里ヒルズ１階", "url": "https://www.kaigokensaku.mhlw.go.jp/14/index.php?action_kouhyou_detail_004_kani=true&JigyosyoCd=1472902467-00&ServiceCd=110&Type=search", "url2": null }, "geometry": { "type": "Point", "coordinates": [ 139.302832399999943, 35.4516791 ] } },
{ "type": "Feature", "properties": { "内容": "ケアサポート上依知【訪問介護】神奈川県厚木市上依知1594-1", "url": "https://www.kaigokensaku.mhlw.go.jp/14/index.php?action_kouhyou_detail_004_kani=true&JigyosyoCd=1472902475-00&ServiceCd=110&Type=search", "url2": "http://sc-planning.co.jp/" }, "geometry": { "type": "Point", "coordinates": [ 139.36023560000001, 35.5136144 ] } },
{ "type": "Feature", "properties": { "内容": "訪問介護かえで厚木サービスセンター【訪問介護】神奈川県厚木市泉町13-5ﾚｼﾞﾃﾞﾝｽ堀事務所1階", "url": "https://www.kaigokensaku.mhlw.go.jp/14/index.php?action_kouhyou_detail_004_kani=true&JigyosyoCd=1472902673-00&ServiceCd=110&Type=search", "url2": "http://www.elderly.jp/map_list.php?id=29" }, "geometry": { "type": "Point", "coordinates": [ 139.367058499999985, 35.4404771 ] } },
{ "type": "Feature", "properties": { "内容": "ニチイケアセンターやまぎわ【訪問介護】神奈川県厚木市山際407-4MKビル1F101号室", "url": "https://www.kaigokensaku.mhlw.go.jp/14/index.php?action_kouhyou_detail_004_kani=true&JigyosyoCd=1472902715-00&ServiceCd=110&Type=search", "url2": "https://www.nichii-kaigo.jp/base/base-result/05AS7/" }, "geometry": { "type": "Point", "coordinates": [ 139.35704, 35.5017204 ] } },
{ "type": "Feature", "properties": { "内容": "ニチイケアセンター愛甲石田【訪問介護】神奈川県厚木市愛甲4-1-10宮台ビル101", "url": "https://www.kaigokensaku.mhlw.go.jp/14/index.php?action_kouhyou_detail_004_kani=true&JigyosyoCd=1472902723-00&ServiceCd=110&Type=search", "url2": null }, "geometry": { "type": "Point", "coordinates": [ 139.341044399999987, 35.4211023 ] } },
{ "type": "Feature", "properties": { "内容": "訪問介護事業所きせき【訪問介護】神奈川県厚木市愛甲二丁目２３番９号メゾンショージ２番館１０３号室", "url": "https://www.kaigokensaku.mhlw.go.jp/14/index.php?action_kouhyou_detail_004_kani=true&JigyosyoCd=1472902749-00&ServiceCd=110&Type=search", "url2": null }, "geometry": { "type": "Point", "coordinates": [ 139.3433843, 35.422105 ] } },
{ "type": "Feature", "properties": { "内容": "ツクイ厚木【訪問介護】神奈川県厚木市栄町1-1-8ホテルマイステイズ厚木ビル１階", "url": "https://www.kaigokensaku.mhlw.go.jp/14/index.php?action_kouhyou_detail_004_kani=true&JigyosyoCd=1472902798-00&ServiceCd=110&Type=search", "url2": "http://www.tsukui.net" }, "geometry": { "type": "Point", "coordinates": [ 139.358961099999988, 35.4397743 ] } },
{ "type": "Feature", "properties": { "内容": "医心館訪問介護ステーション本厚木【訪問介護】神奈川県厚木市栄町1丁目8番13号", "url": "https://www.kaigokensaku.mhlw.go.jp/14/index.php?action_kouhyou_detail_004_kani=true&JigyosyoCd=1472902905-00&ServiceCd=110&Type=search", "url2": null }, "geometry": { "type": "Point", "coordinates": [ 139.3600797, 35.4412691 ] } },
{ "type": "Feature", "properties": { "内容": "ひまわり介護【訪問介護】神奈川県厚木市愛甲1-7-30ベースキャンプ愛甲", "url": "https://www.kaigokensaku.mhlw.go.jp/14/index.php?action_kouhyou_detail_004_kani=true&JigyosyoCd=1472902970-00&ServiceCd=110&Type=search", "url2": "https://www.biscuss.co.jp" }, "geometry": { "type": "Point", "coordinates": [ 139.341967, 35.4189112 ] } },
{ "type": "Feature", "properties": { "内容": "訪問介護リベル　厚木【訪問介護】神奈川県厚木市恩名3丁目21番8号", "url": "https://www.kaigokensaku.mhlw.go.jp/14/index.php?action_kouhyou_detail_004_kani=true&JigyosyoCd=1472903176-00&ServiceCd=110&Type=search", "url2": null }, "geometry": { "type": "Point", "coordinates": [ 139.349306899999988, 35.4398812 ] } },
{ "type": "Feature", "properties": { "内容": "クレール妻田ヘルパーセンター【訪問介護】神奈川県厚木市妻田北2-3-14", "url": "https://www.kaigokensaku.mhlw.go.jp/14/index.php?action_kouhyou_detail_004_kani=true&JigyosyoCd=1472903184-00&ServiceCd=110&Type=search", "url2": null }, "geometry": { "type": "Point", "coordinates": [ 139.36087280000001, 35.4669556 ] } },
{ "type": "Feature", "properties": { "内容": "いろどりLIFEケア厚木【訪問介護】神奈川県厚木市川県妻田北４丁目８番１１号森電機ビル２０２", "url": "https://www.kaigokensaku.mhlw.go.jp/14/index.php?action_kouhyou_detail_004_kani=true&JigyosyoCd=1472903127-00&ServiceCd=110&Type=search", "url2": "https://www.irodorikango.com/" }, "geometry": { "type": "Point", "coordinates": [ 139.350859700000029, 35.468463399999976 ] } },
{ "type": "Feature", "properties": { "内容": "ニチイケアセンター厚木北【訪問介護】神奈川県厚木市妻田北4丁目5-32", "url": "https://www.kaigokensaku.mhlw.go.jp/14/index.php?action_kouhyou_detail_004_kani=true&JigyosyoCd=1472900495-00&ServiceCd=110&Type=search", "url2": "https://www.nichii-kaigo.jp/base/base-result/05K26/" }, "geometry": { "type": "Point", "coordinates": [ 139.353961799999979, 35.4688563 ] } },
{ "type": "Feature", "properties": { "内容": "小鮎ケアサービス【訪問介護】神奈川県厚木市飯山南四丁目12番29号", "url": "https://www.kaigokensaku.mhlw.go.jp/14/index.php?action_kouhyou_detail_004_kani=true&JigyosyoCd=1472901089-00&ServiceCd=110&Type=search", "url2": "https://www.koayu.co.jp/" }, "geometry": { "type": "Point", "coordinates": [ 139.325094099999973, 35.4618591 ] } },
{ "type": "Feature", "properties": { "内容": "本厚木やわらぎ【訪問介護】神奈川県厚木市林3丁目6番60号有料老人ホーム　サニーライフ本厚木", "url": "https://www.kaigokensaku.mhlw.go.jp/14/index.php?action_kouhyou_detail_004_kani=true&JigyosyoCd=1472901493-00&ServiceCd=110&Type=search", "url2": null }, "geometry": { "type": "Point", "coordinates": [ 139.348248300000023, 35.4575686 ] } },
{ "type": "Feature", "properties": { "内容": "ふらっとケアサービス【訪問介護】神奈川県厚木市三田南２－１９－５２", "url": "https://www.kaigokensaku.mhlw.go.jp/14/index.php?action_kouhyou_detail_004_kani=true&JigyosyoCd=1472901527-00&ServiceCd=110&Type=search", "url2": "https://neovision.info/index.html" }, "geometry": { "type": "Point", "coordinates": [ 139.349470399999973, 35.4706948 ] } },
{ "type": "Feature", "properties": { "内容": "厚木戸室やわらぎ【訪問介護】神奈川県厚木市戸室5-8-9有料老人ホーム　サニーライフ厚木戸室", "url": "https://www.kaigokensaku.mhlw.go.jp/14/index.php?action_kouhyou_detail_004_kani=true&JigyosyoCd=1472901659-00&ServiceCd=110&Type=search", "url2": null }, "geometry": { "type": "Point", "coordinates": [ 139.345496418174321, 35.44909480823214 ] } },
{ "type": "Feature", "properties": { "内容": "めいせいスマイルファミリー【訪問介護】神奈川県厚木市妻田北2丁目24番7号", "url": "https://www.kaigokensaku.mhlw.go.jp/14/index.php?action_kouhyou_detail_004_kani=true&JigyosyoCd=1472902277-00&ServiceCd=110&Type=search", "url2": null }, "geometry": { "type": "Point", "coordinates": [ 139.3592003, 35.4688563 ] } },
{ "type": "Feature", "properties": { "内容": "クローバー【訪問介護】神奈川県厚木市水引２−６−２９", "url": "https://www.kaigokensaku.mhlw.go.jp/14/index.php?action_kouhyou_detail_004_kani=true&JigyosyoCd=1472902558-00&ServiceCd=110&Type=search", "url2": "https://www.sunlife.jp/clover/atsugi/" }, "geometry": { "type": "Point", "coordinates": [ 139.3570949, 35.4467174 ] } },
{ "type": "Feature", "properties": { "内容": "訪問介護ミライ【訪問介護】神奈川県厚木市酒井2158-3すたいる厚木", "url": "https://www.kaigokensaku.mhlw.go.jp/14/index.php?action_kouhyou_detail_004_kani=true&JigyosyoCd=1472902624-00&ServiceCd=110&Type=search", "url2": "https://www.style-care.jp/home" }, "geometry": { "type": "Point", "coordinates": [ 139.363969449073807, 35.413126943948839 ] } },
{ "type": "Feature", "properties": { "内容": "クレール厚木ヘルパーセンター【訪問介護】神奈川県厚木市水引1-9-10", "url": "https://www.kaigokensaku.mhlw.go.jp/14/index.php?action_kouhyou_detail_004_kani=true&JigyosyoCd=1472903010-00&ServiceCd=110&Type=search", "url2": null }, "geometry": { "type": "Point", "coordinates": [ 139.359211031213391, 35.446723158647565 ] } },
{ "type": "Feature", "properties": { "内容": "アクア　本厚木【訪問介護】神奈川県厚木市田村町9-33ACCオフィス1階", "url": "https://www.kaigokensaku.mhlw.go.jp/14/index.php?action_kouhyou_detail_004_kani=true&JigyosyoCd=1472903036-00&ServiceCd=110&Type=search", "url2": "https://aqua-efila.com/" }, "geometry": { "type": "Point", "coordinates": [ 139.359306299999986, 35.4349894 ] } },
{ "type": "Feature", "properties": { "内容": "フルール・ケア【訪問介護】神奈川県厚木市三田2617-7", "url": "https://www.kaigokensaku.mhlw.go.jp/14/index.php?action_kouhyou_detail_004_kani=true&JigyosyoCd=1474101043-00&ServiceCd=110&Type=search", "url2": null }, "geometry": { "type": "Point", "coordinates": [ 139.351850302336061, 35.480117070606546 ] } },
{ "type": "Feature", "properties": { "内容": "みそらホームケア県央【訪問介護】神奈川県厚木市関口959-1ライズ厚木202", "url": "https://www.kaigokensaku.mhlw.go.jp/14/index.php?action_kouhyou_detail_004_kani=true&JigyosyoCd=1472903200-00&ServiceCd=110&Type=search", "url2": "https://www.misorahomecare.com/" }, "geometry": { "type": "Point", "coordinates": [ 139.359248106745923, 35.491108416116866 ] } },
{ "type": "Feature", "properties": { "内容": "MIRACHE【訪問介護】神奈川県大和市大和南1-13-17コーポ富沢201", "url": "https://www.kaigokensaku.mhlw.go.jp/14/index.php?action_kouhyou_detail_004_kani=true&JigyosyoCd=1473003794-00&ServiceCd=110&Type=search", "url2": null }, "geometry": { "type": "Point", "coordinates": [ 139.4662443, 35.4680964 ] } },
{ "type": "Feature", "properties": { "内容": "訪問介護事業所エンジョイライフ【訪問介護】神奈川県大和市福田1‐29‐10メゾンFUJI203", "url": "https://www.kaigokensaku.mhlw.go.jp/14/index.php?action_kouhyou_detail_004_kani=true&JigyosyoCd=1473003802-00&ServiceCd=110&Type=search", "url2": null }, "geometry": { "type": "Point", "coordinates": [ 139.4623106, 35.4511943 ] } },
{ "type": "Feature", "properties": { "内容": "ひばり訪問介護ステーション大和桜ヶ丘【訪問介護】神奈川県大和市福田4-16-7", "url": "https://www.kaigokensaku.mhlw.go.jp/14/index.php?action_kouhyou_detail_004_kani=true&JigyosyoCd=1473003893-00&ServiceCd=110&Type=search", "url2": "https://garden-terrace.jp/yamato-sakuragaoka" }, "geometry": { "type": "Point", "coordinates": [ 139.4630052, 35.4405917 ] } },
{ "type": "Feature", "properties": { "内容": "ワーカーズ想事業所【訪問介護】神奈川県大和市西鶴間1-11-15", "url": "https://www.kaigokensaku.mhlw.go.jp/14/index.php?action_kouhyou_detail_004_kani=true&JigyosyoCd=1473000071-00&ServiceCd=110&Type=search", "url2": "http://www.npo-sou.or.jp" }, "geometry": { "type": "Point", "coordinates": [ 139.44899598531947, 35.491538788903945 ] } },
{ "type": "Feature", "properties": { "内容": "東京海上日動みずたま介護ＳＴ大和【訪問介護】神奈川県大和市中央2-2-1Yフロント5階1", "url": "https://www.kaigokensaku.mhlw.go.jp/14/index.php?action_kouhyou_detail_004_kani=true&JigyosyoCd=1473000923-00&ServiceCd=110&Type=search", "url2": "https://www.tnbls.co.jp/mizutama/" }, "geometry": { "type": "Point", "coordinates": [ 139.459212563793244, 35.470323842384978 ] } },
{ "type": "Feature", "properties": { "内容": "ダームメディカルケアサービス　つきみ野【訪問介護】神奈川県大和市つきみ野５－９－２１", "url": "https://www.kaigokensaku.mhlw.go.jp/14/index.php?action_kouhyou_detail_004_kani=true&JigyosyoCd=1473000949-00&ServiceCd=110&Type=search", "url2": "http://www.dmcares.com/" }, "geometry": { "type": "Point", "coordinates": [ 139.456618099999986, 35.5116513 ] } },
{ "type": "Feature", "properties": { "内容": "セントケア大和【訪問介護】神奈川県大和市つきみ野2-7-18", "url": "https://www.kaigokensaku.mhlw.go.jp/14/index.php?action_kouhyou_detail_004_kani=true&JigyosyoCd=1473001236-00&ServiceCd=110&Type=search", "url2": "https://www.saintc-k.com" }, "geometry": { "type": "Point", "coordinates": [ 139.463329199999947, 35.5051031 ] } },
{ "type": "Feature", "properties": { "内容": "耀やまと【訪問介護】神奈川県大和市福田8-22-20福田憩いの家", "url": "https://www.kaigokensaku.mhlw.go.jp/14/index.php?action_kouhyou_detail_004_kani=true&JigyosyoCd=1473001673-00&ServiceCd=110&Type=search", "url2": "https://www.kagayaki-fukuda.or.jp/" }, "geometry": { "type": "Point", "coordinates": [ 139.45999134470523, 35.453455480773954 ] } },
{ "type": "Feature", "properties": { "内容": "シャロームほっとステーション【訪問介護】神奈川県大和市下鶴間215", "url": "https://www.kaigokensaku.mhlw.go.jp/14/index.php?action_kouhyou_detail_004_kani=true&JigyosyoCd=1473001897-00&ServiceCd=110&Type=search", "url2": null }, "geometry": { "type": "Point", "coordinates": [ 139.458412456205707, 35.519173938134365 ] } },
{ "type": "Feature", "properties": { "内容": "カーサプラチナ大和【訪問介護】神奈川県大和市渋谷6-7-4カーサプラチナ大和", "url": "https://www.kaigokensaku.mhlw.go.jp/14/index.php?action_kouhyou_detail_004_kani=true&JigyosyoCd=1473002168-00&ServiceCd=110&Type=search", "url2": "http://platinum-care.jp/yamato" }, "geometry": { "type": "Point", "coordinates": [ 139.466809600000033, 35.433357500000042 ] } },
{ "type": "Feature", "properties": { "内容": "さわやかケア鶴間・訪問介護【訪問介護】神奈川県大和市西鶴間1-8-14ヌーヴェル南林間101号室", "url": "https://www.kaigokensaku.mhlw.go.jp/14/index.php?action_kouhyou_detail_004_kani=true&JigyosyoCd=1473002184-00&ServiceCd=110&Type=search", "url2": "http://www.welcia-partners.co.jp/office/kanagawa/tsuruma/" }, "geometry": { "type": "Point", "coordinates": [ 139.450152800000069, 35.4919724 ] } },
{ "type": "Feature", "properties": { "内容": "たちばな訪問介護ステーション【訪問介護】神奈川県大和市草柳３丁目3番地2号", "url": "https://www.kaigokensaku.mhlw.go.jp/14/index.php?action_kouhyou_detail_004_kani=true&JigyosyoCd=1473002218-00&ServiceCd=110&Type=search", "url2": "https://tachibana.sakura.ne.jp/jigyo-naze.html" }, "geometry": { "type": "Point", "coordinates": [ 139.458596484804843, 35.458696934615631 ] } },
{ "type": "Feature", "properties": { "内容": "ボンセジュールつきみ野ケアステーション【訪問介護】神奈川県大和市下鶴間438-1", "url": "https://www.kaigokensaku.mhlw.go.jp/14/index.php?action_kouhyou_detail_004_kani=true&JigyosyoCd=1473002325-00&ServiceCd=110&Type=search", "url2": "http://www.benesse-style-care.co.jp/" }, "geometry": { "type": "Point", "coordinates": [ 139.460420800000094, 35.5128458 ] } },
{ "type": "Feature", "properties": { "内容": "おひさまケア　相模【訪問介護】神奈川県大和市桜森3-8-21", "url": "https://www.kaigokensaku.mhlw.go.jp/14/index.php?action_kouhyou_detail_004_kani=true&JigyosyoCd=1473002382-00&ServiceCd=110&Type=search", "url2": "https://a-place520.jp/" }, "geometry": { "type": "Point", "coordinates": [ 139.439958416671772, 35.471115178837437 ] } },
{ "type": "Feature", "properties": { "内容": "ケアステーションゆこす【訪問介護】神奈川県大和市林間2-21-5", "url": "https://www.kaigokensaku.mhlw.go.jp/14/index.php?action_kouhyou_detail_004_kani=true&JigyosyoCd=1473002697-00&ServiceCd=110&Type=search", "url2": "https://ucs-llc.jp/" }, "geometry": { "type": "Point", "coordinates": [ 139.449501079341502, 35.498785370282405 ] } },
{ "type": "Feature", "properties": { "内容": "ミモザヘルパーステーション南林間【訪問介護】神奈川県大和市下鶴間3008番2", "url": "https://www.kaigokensaku.mhlw.go.jp/14/index.php?action_kouhyou_detail_004_kani=true&JigyosyoCd=1473002713-00&ServiceCd=110&Type=search", "url2": "https://mimoza-care.com/facility/home-visit-care/post-800/" }, "geometry": { "type": "Point", "coordinates": [ 139.452669884069792, 35.497881482710518 ] } },
{ "type": "Feature", "properties": { "内容": "ヘルパーステーション　ケアサポートやまと【訪問介護】神奈川県大和市中央林間西6-6-28", "url": "https://www.kaigokensaku.mhlw.go.jp/14/index.php?action_kouhyou_detail_004_kani=true&JigyosyoCd=1473002770-00&ServiceCd=110&Type=search", "url2": "https://www.care-support.biz/facilities/yamato/" }, "geometry": { "type": "Point", "coordinates": [ 139.432127616532881, 35.502064366267462 ] } },
{ "type": "Feature", "properties": { "内容": "みどりの風大和【訪問介護】神奈川県大和市西鶴間6－30－24", "url": "https://www.kaigokensaku.mhlw.go.jp/14/index.php?action_kouhyou_detail_004_kani=true&JigyosyoCd=1473002853-00&ServiceCd=110&Type=search", "url2": "http://midorinokazeyamato.jp/" }, "geometry": { "type": "Point", "coordinates": [ 139.441139799999974, 35.4881011 ] } },
{ "type": "Feature", "properties": { "内容": "学研ココファン鶴間ヘルパーセンター【訪問介護】神奈川県大和市深見西7-4-13", "url": "https://www.kaigokensaku.mhlw.go.jp/14/index.php?action_kouhyou_detail_004_kani=true&JigyosyoCd=1473002986-00&ServiceCd=110&Type=search", "url2": "https://www.cocofump.co.jp/" }, "geometry": { "type": "Point", "coordinates": [ 139.4542669, 35.4841576 ] } },
{ "type": "Feature", "properties": { "内容": "学研ココファン西鶴間ヘルパーセンター【訪問介護】神奈川県大和市西鶴間６丁目１５番２２号ココファン西鶴間", "url": "https://www.kaigokensaku.mhlw.go.jp/14/index.php?action_kouhyou_detail_004_kani=true&JigyosyoCd=1473003224-00&ServiceCd=110&Type=search", "url2": null }, "geometry": { "type": "Point", "coordinates": [ 139.442320863280116, 35.4883349 ] } },
{ "type": "Feature", "properties": { "内容": "ツクイ大和鶴間【訪問介護】神奈川県大和市西鶴間1-12-13ヒルズ鶴間101", "url": "https://www.kaigokensaku.mhlw.go.jp/14/index.php?action_kouhyou_detail_004_kani=true&JigyosyoCd=1473003349-00&ServiceCd=110&Type=search", "url2": "http://www.tsukui.net/" }, "geometry": { "type": "Point", "coordinates": [ 139.4488718, 35.4907487 ] } },
{ "type": "Feature", "properties": { "内容": "コアラ介護ケア【訪問介護】神奈川県大和市林間1-2-15青秋桜604", "url": "https://www.kaigokensaku.mhlw.go.jp/14/index.php?action_kouhyou_detail_004_kani=true&JigyosyoCd=1473003380-00&ServiceCd=110&Type=search", "url2": null }, "geometry": { "type": "Point", "coordinates": [ 139.449774400000024, 35.494033500000015 ] } },
{ "type": "Feature", "properties": { "内容": "ケアサービスひまわり【訪問介護】神奈川県大和市南林間2-13-2銀河ビル2階", "url": "https://www.kaigokensaku.mhlw.go.jp/14/index.php?action_kouhyou_detail_004_kani=true&JigyosyoCd=1473003422-00&ServiceCd=110&Type=search", "url2": "https://jala.co.jp" }, "geometry": { "type": "Point", "coordinates": [ 139.445677, 35.4951351 ] } },
{ "type": "Feature", "properties": { "内容": "訪問介護レジデンス大和【訪問介護】神奈川県大和市上和田2683-1プランドール桜ケ丘201", "url": "https://www.kaigokensaku.mhlw.go.jp/14/index.php?action_kouhyou_detail_004_kani=true&JigyosyoCd=1473003471-00&ServiceCd=110&Type=search", "url2": null }, "geometry": { "type": "Point", "coordinates": [ 139.468144200000012, 35.4423559 ] } },
{ "type": "Feature", "properties": { "内容": "医心館訪問介護ステーション大和【訪問介護】神奈川県大和市深見台１丁目７番４号", "url": "https://www.kaigokensaku.mhlw.go.jp/14/index.php?action_kouhyou_detail_004_kani=true&JigyosyoCd=1473003497-00&ServiceCd=110&Type=search", "url2": null }, "geometry": { "type": "Point", "coordinates": [ 139.467257499999988, 35.4655834 ] } },
{ "type": "Feature", "properties": { "内容": "訪問介護のんな　南林間【訪問介護】神奈川県大和市林間1-5-8ナガラビル4F", "url": "https://www.kaigokensaku.mhlw.go.jp/14/index.php?action_kouhyou_detail_004_kani=true&JigyosyoCd=1473003505-00&ServiceCd=110&Type=search", "url2": "https://www.nonna.gr.jp" }, "geometry": { "type": "Point", "coordinates": [ 139.448437399999989, 35.4964847 ] } },
{ "type": "Feature", "properties": { "内容": "訪問介護事業所　サン・スウィング【訪問介護】神奈川県大和市大和東3丁目8-12ファミールやまと1F", "url": "https://www.kaigokensaku.mhlw.go.jp/14/index.php?action_kouhyou_detail_004_kani=true&JigyosyoCd=1473003554-00&ServiceCd=110&Type=search", "url2": "https://3swing.com/" }, "geometry": { "type": "Point", "coordinates": [ 139.462897, 35.4726507 ] } },
{ "type": "Feature", "properties": { "内容": "敬愛の園桜ヶ丘訪問介護事業所【訪問介護】神奈川県大和市上和田1088-1", "url": "https://www.kaigokensaku.mhlw.go.jp/14/index.php?action_kouhyou_detail_004_kani=true&JigyosyoCd=1473003596-00&ServiceCd=110&Type=search", "url2": "https://www.since1950-keiaikai-yamato.or.jp/facility.html#f-04" }, "geometry": { "type": "Point", "coordinates": [ 139.4745686, 35.4470194 ] } },
{ "type": "Feature", "properties": { "内容": "訪問介護　モリラボ【訪問介護】神奈川県大和市上草柳4-3-6", "url": "https://www.kaigokensaku.mhlw.go.jp/14/index.php?action_kouhyou_detail_004_kani=true&JigyosyoCd=1473003653-00&ServiceCd=110&Type=search", "url2": "https://forest2016.com/station/#mori-yamato" }, "geometry": { "type": "Point", "coordinates": [ 139.45428228031443, 35.477030927453022 ] } },
{ "type": "Feature", "properties": { "内容": "サンウェルズ中央林間ヘルパーステーション【訪問介護】神奈川県大和市中央林間西5丁目6番24号PDハウス中央林間", "url": "https://www.kaigokensaku.mhlw.go.jp/14/index.php?action_kouhyou_detail_004_kani=true&JigyosyoCd=1473003935-00&ServiceCd=110&Type=search", "url2": null }, "geometry": { "type": "Point", "coordinates": [ 139.437068900000014, 35.5035585 ] } },
{ "type": "Feature", "properties": { "内容": "スマイルケア　大和【訪問介護】神奈川県大和市中央6-3-1", "url": "https://www.kaigokensaku.mhlw.go.jp/14/index.php?action_kouhyou_detail_004_kani=true&JigyosyoCd=1473000956-00&ServiceCd=110&Type=search", "url2": null }, "geometry": { "type": "Point", "coordinates": [ 139.4573844, 35.462848 ] } },
{ "type": "Feature", "properties": { "内容": "訪問介護ステーションＣｏｏ【訪問介護】神奈川県大和市下鶴間2749", "url": "https://www.kaigokensaku.mhlw.go.jp/14/index.php?action_kouhyou_detail_004_kani=true&JigyosyoCd=1473003372-00&ServiceCd=110&Type=search", "url2": null }, "geometry": { "type": "Point", "coordinates": [ 139.462961826983616, 35.49293589989729 ] } },
{ "type": "Feature", "properties": { "内容": "ニチイケアセンター大和【訪問介護】神奈川県大和市上和田1878-4", "url": "https://www.kaigokensaku.mhlw.go.jp/14/index.php?action_kouhyou_detail_004_kani=true&JigyosyoCd=1473000337-00&ServiceCd=110&Type=search", "url2": "https://www.nichii-kaigo.jp/base/base-result/05D18/" }, "geometry": { "type": "Point", "coordinates": [ 139.4715036, 35.4425814 ] } },
{ "type": "Feature", "properties": { "内容": "ハピネス　ヘルパーステーション【訪問介護】神奈川県大和市中央林間4-10-16", "url": "https://www.kaigokensaku.mhlw.go.jp/14/index.php?action_kouhyou_detail_004_kani=true&JigyosyoCd=1473001186-00&ServiceCd=110&Type=search", "url2": "https://www.happiness-kaigo.co.jp/" }, "geometry": { "type": "Point", "coordinates": [ 139.446530299999949, 35.5051195 ] } },
{ "type": "Feature", "properties": { "内容": "フェリエ　ドゥ　高座渋谷　訪問介護ステーション【訪問介護】神奈川県大和市渋谷8-1-3", "url": "https://www.kaigokensaku.mhlw.go.jp/14/index.php?action_kouhyou_detail_004_kani=true&JigyosyoCd=1473001541-00&ServiceCd=110&Type=search", "url2": "https://www.like-cn.co.jp/" }, "geometry": { "type": "Point", "coordinates": [ 139.464145899999949, 35.4319826 ] } },
{ "type": "Feature", "properties": { "内容": "アスモ介護サービス大和【訪問介護】神奈川県大和市中央7-4-21", "url": "https://www.kaigokensaku.mhlw.go.jp/14/index.php?action_kouhyou_detail_004_kani=true&JigyosyoCd=1473002119-00&ServiceCd=110&Type=search", "url2": "https://www.asmokaigo.co.jp" }, "geometry": { "type": "Point", "coordinates": [ 139.461149, 35.4655083 ] } },
{ "type": "Feature", "properties": { "内容": "トータルケア健やか大和【訪問介護】神奈川県大和市大和東2-10-3サンハイツ201", "url": "https://www.kaigokensaku.mhlw.go.jp/14/index.php?action_kouhyou_detail_004_kani=true&JigyosyoCd=1473002143-00&ServiceCd=110&Type=search", "url2": null }, "geometry": { "type": "Point", "coordinates": [ 139.459553300000039, 35.4739879 ] } },
{ "type": "Feature", "properties": { "内容": "ドレミファランド介護ステーション【訪問介護】神奈川県大和市西鶴間1-10-7", "url": "https://www.kaigokensaku.mhlw.go.jp/14/index.php?action_kouhyou_detail_004_kani=true&JigyosyoCd=1473002606-00&ServiceCd=110&Type=search", "url2": null }, "geometry": { "type": "Point", "coordinates": [ 139.448206080357068, 35.491211534033006 ] } },
{ "type": "Feature", "properties": { "内容": "ＳＯＭＰＯケア　中央林間　訪問介護【訪問介護】神奈川県大和市中央林間8-7-3コモドビル201号", "url": "https://www.kaigokensaku.mhlw.go.jp/14/index.php?action_kouhyou_detail_004_kani=true&JigyosyoCd=1473003059-00&ServiceCd=110&Type=search", "url2": "https://www.sompocare.com" }, "geometry": { "type": "Point", "coordinates": [ 139.448735427508609, 35.507613151385456 ] } },
{ "type": "Feature", "properties": { "内容": "ケアパートナー大和・ヘルパーステーション【訪問介護】神奈川県大和市中央1-7-7エルダーガーデン大和", "url": "https://www.kaigokensaku.mhlw.go.jp/14/index.php?action_kouhyou_detail_004_kani=true&JigyosyoCd=1473003067-00&ServiceCd=110&Type=search", "url2": "https://www.care-partner.com/" }, "geometry": { "type": "Point", "coordinates": [ 139.462873724515021, 35.465848171076949 ] } },
{ "type": "Feature", "properties": { "内容": "オールド・パル　訪問介護事業所【訪問介護】神奈川県大和市中央林間6－10－5グレースマンション101号室", "url": "https://www.kaigokensaku.mhlw.go.jp/14/index.php?action_kouhyou_detail_004_kani=true&JigyosyoCd=1473003117-00&ServiceCd=110&Type=search", "url2": null }, "geometry": { "type": "Point", "coordinates": [ 139.447332800000027, 35.509724 ] } },
{ "type": "Feature", "properties": { "内容": "訪問介護ステーション　うぃずYouやまと【訪問介護】神奈川県大和市深見西8丁目2-10", "url": "https://www.kaigokensaku.mhlw.go.jp/14/index.php?action_kouhyou_detail_004_kani=true&JigyosyoCd=1473003141-00&ServiceCd=110&Type=search", "url2": "https://j-lifedesign.com/facility/16766" }, "geometry": { "type": "Point", "coordinates": [ 139.458423213491869, 35.486012313377039 ] } },
{ "type": "Feature", "properties": { "内容": "HANA～花～ヘルパーステーション【訪問介護】神奈川県大和市下和田83石井ビル2F", "url": "https://www.kaigokensaku.mhlw.go.jp/14/index.php?action_kouhyou_detail_004_kani=true&JigyosyoCd=1473003174-00&ServiceCd=110&Type=search", "url2": null }, "geometry": { "type": "Point", "coordinates": [ 139.468604, 35.4340213 ] } },
{ "type": "Feature", "properties": { "内容": "ライフサポート大和【訪問介護】神奈川県大和市大和南1-13-17コーポ富沢301", "url": "https://www.kaigokensaku.mhlw.go.jp/14/index.php?action_kouhyou_detail_004_kani=true&JigyosyoCd=1473003703-00&ServiceCd=110&Type=search", "url2": null }, "geometry": { "type": "Point", "coordinates": [ 139.4662443, 35.4680964 ] } },
{ "type": "Feature", "properties": { "内容": "ぷらすわん訪問介護ステーション【訪問介護】神奈川県大和市林間1-3-3南林間駅前店舗2階", "url": "https://www.kaigokensaku.mhlw.go.jp/14/index.php?action_kouhyou_detail_004_kani=true&JigyosyoCd=1473003729-00&ServiceCd=110&Type=search", "url2": "https://plus-one.help/" }, "geometry": { "type": "Point", "coordinates": [ 139.449202, 35.4946526 ] } },
{ "type": "Feature", "properties": { "内容": "訪問介護　エクシオケア　大和【訪問介護】神奈川県大和市深見西8-5-2", "url": "https://www.kaigokensaku.mhlw.go.jp/14/index.php?action_kouhyou_detail_004_kani=true&JigyosyoCd=1473003745-00&ServiceCd=110&Type=search", "url2": null }, "geometry": { "type": "Point", "coordinates": [ 139.460561252778604, 35.485650968036097 ] } },
{ "type": "Feature", "properties": { "内容": "クレール大和ヘルパーセンター【訪問介護】神奈川県大和市上草柳6丁目13-10", "url": "https://www.kaigokensaku.mhlw.go.jp/14/index.php?action_kouhyou_detail_004_kani=true&JigyosyoCd=1473003810-00&ServiceCd=110&Type=search", "url2": null }, "geometry": { "type": "Point", "coordinates": [ 139.448698441139186, 35.478345647068664 ] } },
{ "type": "Feature", "properties": { "内容": "若武者ケア相模　大和事業所【訪問介護】神奈川県大和市中央2‐5‐20YGCビル4F", "url": "https://www.kaigokensaku.mhlw.go.jp/14/index.php?action_kouhyou_detail_004_kani=true&JigyosyoCd=1473003869-00&ServiceCd=110&Type=search", "url2": null }, "geometry": { "type": "Point", "coordinates": [ 139.4602946, 35.4715632 ] } },
{ "type": "Feature", "properties": { "内容": "A-Smile大和【訪問介護】神奈川県大和市大和東３－１－４山根ビル４０２", "url": "https://www.kaigokensaku.mhlw.go.jp/14/index.php?action_kouhyou_detail_004_kani=true&JigyosyoCd=1473003943-00&ServiceCd=110&Type=search", "url2": null }, "geometry": { "type": "Point", "coordinates": [ 139.488418599999989, 35.3416152 ] } },
{ "type": "Feature", "properties": { "内容": "東京海上日動ベターライフサービス株式会社　みずたま介護ST中央林間【訪問介護】神奈川県大和市中央林間4-21-19Heimstaette窈窕館１階", "url": "https://www.kaigokensaku.mhlw.go.jp/14/index.php?action_kouhyou_detail_004_kani=true&JigyosyoCd=1473003919-00&ServiceCd=110&Type=search", "url2": "https://www.tnbls.co.jp/mizutama/stations/chuourinkan/" }, "geometry": { "type": "Point", "coordinates": [ 139.4468929, 35.5054499 ] } },
{ "type": "Feature", "properties": { "内容": "高齢者総合支援センター泉心荘【訪問介護】神奈川県伊勢原市三ノ宮511番地の1", "url": "https://www.kaigokensaku.mhlw.go.jp/14/index.php?action_kouhyou_detail_004_kani=true&JigyosyoCd=1474000039-00&ServiceCd=110&Type=search", "url2": "https://senshinso.or.jp/nursing-service-being#visit" }, "geometry": { "type": "Point", "coordinates": [ 139.288451099999946, 35.4085338 ] } },
{ "type": "Feature", "properties": { "内容": "有限会社　アテンドサービス湘南【訪問介護】神奈川県伊勢原市伊勢原4-670-1プリメール伊勢原306", "url": "https://www.kaigokensaku.mhlw.go.jp/14/index.php?action_kouhyou_detail_004_kani=true&JigyosyoCd=1474000088-00&ServiceCd=110&Type=search", "url2": null }, "geometry": { "type": "Point", "coordinates": [ 139.313873100000023, 35.4004216 ] } },
{ "type": "Feature", "properties": { "内容": "いせはら訪問介護事業所【訪問介護】神奈川県伊勢原市伊勢原２－７－３１伊勢原シティプラザ１階", "url": "https://www.kaigokensaku.mhlw.go.jp/14/index.php?action_kouhyou_detail_004_kani=true&JigyosyoCd=1474000096-00&ServiceCd=110&Type=search", "url2": "http://www.isehara-shakyo.or.jp" }, "geometry": { "type": "Point", "coordinates": [ 139.3080516, 35.3974774 ] } },
{ "type": "Feature", "properties": { "内容": "ケアサポートりんどうヘルパーステーション【訪問介護】神奈川県伊勢原市板戸126-1", "url": "https://www.kaigokensaku.mhlw.go.jp/14/index.php?action_kouhyou_detail_004_kani=true&JigyosyoCd=1474000187-00&ServiceCd=110&Type=search", "url2": "https://www.hbc-rindou.co.jp/officeinfo/isehara/post_9.html" }, "geometry": { "type": "Point", "coordinates": [ 139.297622199999978, 35.4022515 ] } },
{ "type": "Feature", "properties": { "内容": "サン・ライフ福祉サービスセンター伊勢原事業所【訪問介護】神奈川県伊勢原市桜台4-18-5", "url": "https://www.kaigokensaku.mhlw.go.jp/14/index.php?action_kouhyou_detail_004_kani=true&JigyosyoCd=1474000278-00&ServiceCd=110&Type=search", "url2": "https://www.sunlife.jp/" }, "geometry": { "type": "Point", "coordinates": [ 139.3152232, 35.388637 ] } },
{ "type": "Feature", "properties": { "内容": "ケアステーションいたど【訪問介護】神奈川県伊勢原市板戸197", "url": "https://www.kaigokensaku.mhlw.go.jp/14/index.php?action_kouhyou_detail_004_kani=true&JigyosyoCd=1474000385-00&ServiceCd=110&Type=search", "url2": "http://koureikyou-k.com/" }, "geometry": { "type": "Point", "coordinates": [ 139.298051518879646, 35.400109851805098 ] } },
{ "type": "Feature", "properties": { "内容": "ホームヘルプサービス　天使の手【訪問介護】神奈川県伊勢原市小稲葉209-2", "url": "https://www.kaigokensaku.mhlw.go.jp/14/index.php?action_kouhyou_detail_004_kani=true&JigyosyoCd=1474000542-00&ServiceCd=110&Type=search", "url2": "https://blog.goo.ne.jp/angel-hand" }, "geometry": { "type": "Point", "coordinates": [ 139.351057561238122, 35.397075237512297 ] } },
{ "type": "Feature", "properties": { "内容": "株式会社ティー・シー・エス伊勢原営業所【訪問介護】神奈川県伊勢原市田中1154-10ケアプロ２１いせはら", "url": "https://www.kaigokensaku.mhlw.go.jp/14/index.php?action_kouhyou_detail_004_kani=true&JigyosyoCd=1474001029-00&ServiceCd=110&Type=search", "url2": "http://tcs-h.net" }, "geometry": { "type": "Point", "coordinates": [ 139.309875657177741, 35.404745250417712 ] } },
{ "type": "Feature", "properties": { "内容": "２４Hヘルプサービスユッキーハウス【訪問介護】神奈川県伊勢原市高森1185-9", "url": "https://www.kaigokensaku.mhlw.go.jp/14/index.php?action_kouhyou_detail_004_kani=true&JigyosyoCd=1474001177-00&ServiceCd=110&Type=search", "url2": null }, "geometry": { "type": "Point", "coordinates": [ 139.336067899999989, 35.4150508 ] } },
{ "type": "Feature", "properties": { "内容": "訪問介護ケアフルライフ【訪問介護】神奈川県伊勢原市沼目２丁目１６－１１", "url": "https://www.kaigokensaku.mhlw.go.jp/14/index.php?action_kouhyou_detail_004_kani=true&JigyosyoCd=1474001243-00&ServiceCd=110&Type=search", "url2": null }, "geometry": { "type": "Point", "coordinates": [ 139.326521476632223, 35.391993036221258 ] } },
{ "type": "Feature", "properties": { "内容": "ヘルパーステーション絆【訪問介護】神奈川県伊勢原市高森3004-2", "url": "https://www.kaigokensaku.mhlw.go.jp/14/index.php?action_kouhyou_detail_004_kani=true&JigyosyoCd=1474001367-00&ServiceCd=110&Type=search", "url2": "http://www.well-age.com/" }, "geometry": { "type": "Point", "coordinates": [ 139.33196, 35.4091222 ] } },
{ "type": "Feature", "properties": { "内容": "SMCケアステーションいせはら【訪問介護】神奈川県伊勢原市高森3丁目5番12号", "url": "https://www.kaigokensaku.mhlw.go.jp/14/index.php?action_kouhyou_detail_004_kani=true&JigyosyoCd=1474001433-00&ServiceCd=110&Type=search", "url2": "https.//smcg.jp" }, "geometry": { "type": "Point", "coordinates": [ 139.3299467, 35.4121336 ] } },
{ "type": "Feature", "properties": { "内容": "訪問介護ステーション　ピースマイル【訪問介護】神奈川県伊勢原市笠窪423番地13鶴巻フラット204", "url": "https://www.kaigokensaku.mhlw.go.jp/14/index.php?action_kouhyou_detail_004_kani=true&JigyosyoCd=1474001516-00&ServiceCd=110&Type=search", "url2": null }, "geometry": { "type": "Point", "coordinates": [ 139.2803211, 35.3890618 ] } },
{ "type": "Feature", "properties": { "内容": "学研ココファン愛甲石田ヘルパーセンター【訪問介護】神奈川県伊勢原市石田７１３学研ココファン愛甲石田事業所", "url": "https://www.kaigokensaku.mhlw.go.jp/14/index.php?action_kouhyou_detail_004_kani=true&JigyosyoCd=1474000906-00&ServiceCd=110&Type=search", "url2": "https://www.cocofump.co.jp/facilities/detail/aikouishida" }, "geometry": { "type": "Point", "coordinates": [ 139.341692299999977, 35.4145482 ] } },
{ "type": "Feature", "properties": { "内容": "ケアサポートマハロ【訪問介護】神奈川県伊勢原市東大竹939-1", "url": "https://www.kaigokensaku.mhlw.go.jp/14/index.php?action_kouhyou_detail_004_kani=true&JigyosyoCd=1474001573-00&ServiceCd=110&Type=search", "url2": null }, "geometry": { "type": "Point", "coordinates": [ 139.3163515, 35.3840303 ] } },
{ "type": "Feature", "properties": { "内容": "指定訪問介護アットプレオ粟窪【訪問介護】神奈川県伊勢原市粟窪37-5", "url": "https://www.kaigokensaku.mhlw.go.jp/14/index.php?action_kouhyou_detail_004_kani=true&JigyosyoCd=1474001581-00&ServiceCd=110&Type=search", "url2": "https://hospice.at-care.co.jp/" }, "geometry": { "type": "Point", "coordinates": [ 139.317525200000034, 35.4085748 ] } },
{ "type": "Feature", "properties": { "内容": "いろどりLIFEケア伊勢原【訪問介護】神奈川県伊勢原市石田1426-10", "url": "https://www.kaigokensaku.mhlw.go.jp/14/index.php?action_kouhyou_detail_004_kani=true&JigyosyoCd=1474001656-00&ServiceCd=110&Type=search", "url2": null }, "geometry": { "type": "Point", "coordinates": [ 139.3431707, 35.4119448 ] } },
{ "type": "Feature", "properties": { "内容": "クローバー訪問介護いせはら【訪問介護】神奈川県伊勢原市上粕屋2545番地1", "url": "https://www.kaigokensaku.mhlw.go.jp/14/index.php?action_kouhyou_detail_004_kani=true&JigyosyoCd=1474001110-00&ServiceCd=110&Type=search", "url2": "https://jala.co.jp//facility/clover-isehara/" }, "geometry": { "type": "Point", "coordinates": [ 139.29140910000001, 35.4206824 ] } },
{ "type": "Feature", "properties": { "内容": "すまいる【訪問介護】神奈川県伊勢原市板戸204番地の1", "url": "https://www.kaigokensaku.mhlw.go.jp/14/index.php?action_kouhyou_detail_004_kani=true&JigyosyoCd=1474001136-00&ServiceCd=110&Type=search", "url2": null }, "geometry": { "type": "Point", "coordinates": [ 139.298727699999972, 35.3995269 ] } },
{ "type": "Feature", "properties": { "内容": "SOMPOケア伊勢原　訪問介護【訪問介護】神奈川県伊勢原市桜台1丁目15-32グレイスマンション303号室", "url": "https://www.kaigokensaku.mhlw.go.jp/14/index.php?action_kouhyou_detail_004_kani=true&JigyosyoCd=1474001557-00&ServiceCd=110&Type=search", "url2": "https://www.sompocare.com/" }, "geometry": { "type": "Point", "coordinates": [ 139.313369399999971, 35.3943519 ] } },
{ "type": "Feature", "properties": { "内容": "学研ココファン伊勢原ヘルパーセンター【訪問介護】神奈川県伊勢原市桜台4-5-7", "url": "https://www.kaigokensaku.mhlw.go.jp/14/index.php?action_kouhyou_detail_004_kani=true&JigyosyoCd=1474000930-00&ServiceCd=110&Type=search", "url2": "https://www.cocofump.co.jp/facilities/detail/isehara/" }, "geometry": { "type": "Point", "coordinates": [ 139.317356300000029, 35.3898536 ] } },
{ "type": "Feature", "properties": { "内容": "いずみケアステーション海老名【訪問介護】神奈川県海老名市河原口2-30-24ナーシングガーデン海老名2階", "url": "https://www.kaigokensaku.mhlw.go.jp/14/index.php?action_kouhyou_detail_004_kani=true&JigyosyoCd=1474201736-00&ServiceCd=110&Type=search", "url2": null }, "geometry": { "type": "Point", "coordinates": [ 139.3775322, 35.4497774 ] } },
{ "type": "Feature", "properties": { "内容": "訪問介護ケアレジデンス海老名【訪問介護】神奈川県海老名市社家6-11-5ケアレジデンス海老名", "url": "https://www.kaigokensaku.mhlw.go.jp/14/index.php?action_kouhyou_detail_004_kani=true&JigyosyoCd=1474201769-00&ServiceCd=110&Type=search", "url2": null }, "geometry": { "type": "Point", "coordinates": [ 139.376900299999988, 35.418801 ] } },
{ "type": "Feature", "properties": { "内容": "神奈川県ホームヘルプ協会・県央【訪問介護】神奈川県海老名市国分南1-2-16チサンマンション503", "url": "https://www.kaigokensaku.mhlw.go.jp/14/index.php?action_kouhyou_detail_004_kani=true&JigyosyoCd=1473000162-00&ServiceCd=110&Type=search", "url2": "https://care-net.biz/14/homehelp/" }, "geometry": { "type": "Point", "coordinates": [ 139.396484126072693, 35.454352839341098 ] } },
{ "type": "Feature", "properties": { "内容": "ワーカーズ・コレクティブあい【訪問介護】神奈川県海老名市中央２-７-33コーポラスエビナＡ１０７", "url": "https://www.kaigokensaku.mhlw.go.jp/14/index.php?action_kouhyou_detail_004_kani=true&JigyosyoCd=1474200209-00&ServiceCd=110&Type=search", "url2": "http://npoai-92.com/" }, "geometry": { "type": "Point", "coordinates": [ 139.394739809786955, 35.447552089684031 ] } },
{ "type": "Feature", "properties": { "内容": "ふじケアサービス海老名【訪問介護】神奈川県海老名市社家6-11-16ウエルライフガーデン海老名", "url": "https://www.kaigokensaku.mhlw.go.jp/14/index.php?action_kouhyou_detail_004_kani=true&JigyosyoCd=1474200779-00&ServiceCd=110&Type=search", "url2": "http://www.fuji-cs.jp" }, "geometry": { "type": "Point", "coordinates": [ 139.37680194722131, 35.419300008436096 ] } },
{ "type": "Feature", "properties": { "内容": "ケアサポート今泉【訪問介護】神奈川県海老名市上今泉2-10-8コーポPB-5　101", "url": "https://www.kaigokensaku.mhlw.go.jp/14/index.php?action_kouhyou_detail_004_kani=true&JigyosyoCd=1474201025-00&ServiceCd=110&Type=search", "url2": "http://ｓｃ-planning.co.jp" }, "geometry": { "type": "Point", "coordinates": [ 139.397282064802425, 35.466326078473763 ] } },
{ "type": "Feature", "properties": { "内容": "ニチイケアセンター海老名西【訪問介護】神奈川県海老名市中央3-5-10", "url": "https://www.kaigokensaku.mhlw.go.jp/14/index.php?action_kouhyou_detail_004_kani=true&JigyosyoCd=1474201249-00&ServiceCd=110&Type=search", "url2": "http://www.nichiigakkan.co.jp" }, "geometry": { "type": "Point", "coordinates": [ 139.386825600000066, 35.4492121 ] } },
{ "type": "Feature", "properties": { "内容": "学研ココファン海老名ヘルパーセンター【訪問介護】神奈川県海老名市泉2-2-20", "url": "https://www.kaigokensaku.mhlw.go.jp/14/index.php?action_kouhyou_detail_004_kani=true&JigyosyoCd=1474201504-00&ServiceCd=110&Type=search", "url2": "https://www.cocofump.co.jp/" }, "geometry": { "type": "Point", "coordinates": [ 139.3893751, 35.4579268 ] } },
{ "type": "Feature", "properties": { "内容": "さくら介護クラブ海老名【訪問介護】神奈川県海老名市社家6-4-22", "url": "https://www.kaigokensaku.mhlw.go.jp/14/index.php?action_kouhyou_detail_004_kani=true&JigyosyoCd=1474201553-00&ServiceCd=110&Type=search", "url2": "https://jala.co.jp" }, "geometry": { "type": "Point", "coordinates": [ 139.375942261492668, 35.420954615576861 ] } },
{ "type": "Feature", "properties": { "内容": "若武者ケア海老名事業所【訪問介護】神奈川県海老名市浜田町22-9柳田ビル1階・B号室", "url": "https://www.kaigokensaku.mhlw.go.jp/14/index.php?action_kouhyou_detail_004_kani=true&JigyosyoCd=1474201611-00&ServiceCd=110&Type=search", "url2": "https://www.japan-remedy.com/home_care/" }, "geometry": { "type": "Point", "coordinates": [ 139.40066490000001, 35.4422681 ] } },
{ "type": "Feature", "properties": { "内容": "クレール海老名ヘルパーセンター【訪問介護】神奈川県海老名市社家3-13-20", "url": "https://www.kaigokensaku.mhlw.go.jp/14/index.php?action_kouhyou_detail_004_kani=true&JigyosyoCd=1474201785-00&ServiceCd=110&Type=search", "url2": null }, "geometry": { "type": "Point", "coordinates": [ 139.3827867, 35.425976200000022 ] } },
{ "type": "Feature", "properties": { "内容": "ニチイケアセンター海老名【訪問介護】神奈川県海老名市大谷北4丁目5-18", "url": "https://www.kaigokensaku.mhlw.go.jp/14/index.php?action_kouhyou_detail_004_kani=true&JigyosyoCd=1474200167-00&ServiceCd=110&Type=search", "url2": "https://www.nichiigakkan.co.jp" }, "geometry": { "type": "Point", "coordinates": [ 139.400902499999972, 35.4388539 ] } },
{ "type": "Feature", "properties": { "内容": "海老名ほっとステーションかがやき【訪問介護】神奈川県海老名市柏ケ谷4-5-19-2", "url": "https://www.kaigokensaku.mhlw.go.jp/14/index.php?action_kouhyou_detail_004_kani=true&JigyosyoCd=1474200266-00&ServiceCd=110&Type=search", "url2": null }, "geometry": { "type": "Point", "coordinates": [ 139.412049749073702, 35.463331923007203 ] } },
{ "type": "Feature", "properties": { "内容": "えびな北高齢者施設【訪問介護】神奈川県海老名市上今泉４－８－２８", "url": "https://www.kaigokensaku.mhlw.go.jp/14/index.php?action_kouhyou_detail_004_kani=true&JigyosyoCd=1474200605-00&ServiceCd=110&Type=search", "url2": "https://ebinakita.com/" }, "geometry": { "type": "Point", "coordinates": [ 139.402551899999906, 35.4699122 ] } },
{ "type": "Feature", "properties": { "内容": "サンライズ・ヴィラさがみ野　訪問介護ステーション【訪問介護】神奈川県海老名市東柏ヶ谷3-4-8サンライズ・ヴィラさがみ野", "url": "https://www.kaigokensaku.mhlw.go.jp/14/index.php?action_kouhyou_detail_004_kani=true&JigyosyoCd=1474200654-00&ServiceCd=110&Type=search", "url2": "https://www.like-cn.co.jp/" }, "geometry": { "type": "Point", "coordinates": [ 139.430316299999959, 35.4716571 ] } },
{ "type": "Feature", "properties": { "内容": "ヘルパーステーションかいんど【訪問介護】神奈川県海老名市大谷南3-13-5", "url": "https://www.kaigokensaku.mhlw.go.jp/14/index.php?action_kouhyou_detail_004_kani=true&JigyosyoCd=1474200704-00&ServiceCd=110&Type=search", "url2": "http://k-inc.p-kit.com" }, "geometry": { "type": "Point", "coordinates": [ 139.400664100187782, 35.434809721829168 ] } },
{ "type": "Feature", "properties": { "内容": "訪問介護事業所　らくらくナウ【訪問介護】神奈川県海老名市大谷北4丁目13番-28号エトアール浜田2Ｆ", "url": "https://www.kaigokensaku.mhlw.go.jp/14/index.php?action_kouhyou_detail_004_kani=true&JigyosyoCd=1474200894-00&ServiceCd=110&Type=search", "url2": null }, "geometry": { "type": "Point", "coordinates": [ 139.402734457147176, 35.438536628840055 ] } },
{ "type": "Feature", "properties": { "内容": "ライフコート海老名ふるさとさくらんぼ【訪問介護】神奈川県海老名市本郷2666-1ライフコート海老名ふるさと", "url": "https://www.kaigokensaku.mhlw.go.jp/14/index.php?action_kouhyou_detail_004_kani=true&JigyosyoCd=1474201066-00&ServiceCd=110&Type=search", "url2": "http://www.care-sakuranbo.jp" }, "geometry": { "type": "Point", "coordinates": [ 139.3967798, 35.4072169 ] } },
{ "type": "Feature", "properties": { "内容": "いずみ訪問介護ステーション【訪問介護】神奈川県海老名市門沢橋4-3-15", "url": "https://www.kaigokensaku.mhlw.go.jp/14/index.php?action_kouhyou_detail_004_kani=true&JigyosyoCd=1474201116-00&ServiceCd=110&Type=search", "url2": null }, "geometry": { "type": "Point", "coordinates": [ 139.380341600000065, 35.4042639 ] } },
{ "type": "Feature", "properties": { "内容": "ＳＯＭＰＯケア　海老名　訪問介護【訪問介護】神奈川県海老名市社家６－１０－５２", "url": "https://www.kaigokensaku.mhlw.go.jp/14/index.php?action_kouhyou_detail_004_kani=true&JigyosyoCd=1474201371-00&ServiceCd=110&Type=search", "url2": "https://www.sompocare.com" }, "geometry": { "type": "Point", "coordinates": [ 139.375595299999986, 35.4185458 ] } },
{ "type": "Feature", "properties": { "内容": "今里ヘルパーステーション【訪問介護】神奈川県海老名市今里一丁目10-12", "url": "https://www.kaigokensaku.mhlw.go.jp/14/index.php?action_kouhyou_detail_004_kani=true&JigyosyoCd=1474201652-00&ServiceCd=110&Type=search", "url2": "https://jinai.jp/cs/kaigo/helperstation_imazato.html" }, "geometry": { "type": "Point", "coordinates": [ 139.38951320000001, 35.4300484 ] } },
{ "type": "Feature", "properties": { "内容": "医心館訪問介護ステーション海老名【訪問介護】神奈川県海老名市泉一丁目２番１号", "url": "https://www.kaigokensaku.mhlw.go.jp/14/index.php?action_kouhyou_detail_004_kani=true&JigyosyoCd=1474201694-00&ServiceCd=110&Type=search", "url2": null }, "geometry": { "type": "Point", "coordinates": [ 139.3923139, 35.4568447 ] } },
{ "type": "Feature", "properties": { "内容": "ユースタイルケア座間センター【訪問介護】神奈川県座間市東原1-7-13", "url": "https://www.kaigokensaku.mhlw.go.jp/14/index.php?action_kouhyou_detail_004_kani=true&JigyosyoCd=1474101795-00&ServiceCd=110&Type=search", "url2": null }, "geometry": { "type": "Point", "coordinates": [ 132.479822500000012, 34.4429715 ] } },
{ "type": "Feature", "properties": { "内容": "うるわし【訪問介護】神奈川県座間市相武台3-6-24201", "url": "https://www.kaigokensaku.mhlw.go.jp/14/index.php?action_kouhyou_detail_004_kani=true&JigyosyoCd=1474101373-00&ServiceCd=110&Type=search", "url2": null }, "geometry": { "type": "Point", "coordinates": [ 139.416024800000059, 35.50166 ] } },
{ "type": "Feature", "properties": { "内容": "ハートケアステーション・コスモス【訪問介護】神奈川県座間市栗原中央5丁目1-44", "url": "https://www.kaigokensaku.mhlw.go.jp/14/index.php?action_kouhyou_detail_004_kani=true&JigyosyoCd=1464190070-00&ServiceCd=110&Type=search", "url2": "http://www.heart-care-cosmos.net/" }, "geometry": { "type": "Point", "coordinates": [ 139.417894700000033, 35.481388400000014 ] } },
{ "type": "Feature", "properties": { "内容": "座間苑　訪問介護【訪問介護】神奈川県座間市新田宿623番地", "url": "https://www.kaigokensaku.mhlw.go.jp/14/index.php?action_kouhyou_detail_004_kani=true&JigyosyoCd=1474100029-00&ServiceCd=110&Type=search", "url2": "http://www.zamaen.or.jp/publics/index/25/" }, "geometry": { "type": "Point", "coordinates": [ 139.380606690429659, 35.479746260313433 ] } },
{ "type": "Feature", "properties": { "内容": "株式会社スカイプラザ【訪問介護】神奈川県座間市入谷西5丁目3番16号フラット座間402", "url": "https://www.kaigokensaku.mhlw.go.jp/14/index.php?action_kouhyou_detail_004_kani=true&JigyosyoCd=1474100052-00&ServiceCd=110&Type=search", "url2": "https://sky-plaza.co.jp" }, "geometry": { "type": "Point", "coordinates": [ 139.393302400000039, 35.4806855 ] } },
{ "type": "Feature", "properties": { "内容": "特別養護老人ホーム　栗原ホーム【訪問介護】神奈川県座間市栗原中央6-1-18", "url": "https://www.kaigokensaku.mhlw.go.jp/14/index.php?action_kouhyou_detail_004_kani=true&JigyosyoCd=1474100094-00&ServiceCd=110&Type=search", "url2": "http://www.zama-keishinkai.or.jp/" }, "geometry": { "type": "Point", "coordinates": [ 139.416908499999977, 35.4863431 ] } },
{ "type": "Feature", "properties": { "内容": "ワーカーズ・コレクティブ　風【訪問介護】神奈川県座間市入谷東3丁目８番９号", "url": "https://www.kaigokensaku.mhlw.go.jp/14/index.php?action_kouhyou_detail_004_kani=true&JigyosyoCd=1474100292-00&ServiceCd=110&Type=search", "url2": null }, "geometry": { "type": "Point", "coordinates": [ 139.404340300000058, 35.4833352 ] } },
{ "type": "Feature", "properties": { "内容": "あおば福祉サービス【訪問介護】神奈川県座間市四ツ谷638", "url": "https://www.kaigokensaku.mhlw.go.jp/14/index.php?action_kouhyou_detail_004_kani=true&JigyosyoCd=1474100433-00&ServiceCd=110&Type=search", "url2": "http://www.aoba-med.co.jp/" }, "geometry": { "type": "Point", "coordinates": [ 139.3876589, 35.473255600000016 ] } },
{ "type": "Feature", "properties": { "内容": "ケアサービス　サンセール【訪問介護】神奈川県座間市入谷西３－１７－１５アクセス101", "url": "https://www.kaigokensaku.mhlw.go.jp/14/index.php?action_kouhyou_detail_004_kani=true&JigyosyoCd=1474100532-00&ServiceCd=110&Type=search", "url2": "https://care-sincere.com/" }, "geometry": { "type": "Point", "coordinates": [ 139.39972130000001, 35.4818688 ] } },
{ "type": "Feature", "properties": { "内容": "学研ココファン座間ヘルパーセンター【訪問介護】神奈川県座間市東原１－６－１２メディケアビル東原", "url": "https://www.kaigokensaku.mhlw.go.jp/14/index.php?action_kouhyou_detail_004_kani=true&JigyosyoCd=1474100789-00&ServiceCd=110&Type=search", "url2": "http://www.cocofump.co.jp/" }, "geometry": { "type": "Point", "coordinates": [ 139.4240135, 35.4841824 ] } },
{ "type": "Feature", "properties": { "内容": "ひばり訪問介護ステーション小田急相模原【訪問介護】神奈川県座間市相模が丘4-63-7ガーデンテラス小田急相模原", "url": "https://www.kaigokensaku.mhlw.go.jp/14/index.php?action_kouhyou_detail_004_kani=true&JigyosyoCd=1474100896-00&ServiceCd=110&Type=search", "url2": "http://hibari-kaigo.jp/hibari_care/care-service/" }, "geometry": { "type": "Point", "coordinates": [ 139.4264766, 35.5027178 ] } },
{ "type": "Feature", "properties": { "内容": "ヘルパーステーションこもれび【訪問介護】神奈川県座間市相模が丘1-22-22シャトレーシブヤ602号", "url": "https://www.kaigokensaku.mhlw.go.jp/14/index.php?action_kouhyou_detail_004_kani=true&JigyosyoCd=1474101449-00&ServiceCd=110&Type=search", "url2": null }, "geometry": { "type": "Point", "coordinates": [ 139.4203407, 35.5149762 ] } },
{ "type": "Feature", "properties": { "内容": "ケアサポートあおぞら【訪問介護】神奈川県座間市ひばりが丘1-37-18104", "url": "https://www.kaigokensaku.mhlw.go.jp/14/index.php?action_kouhyou_detail_004_kani=true&JigyosyoCd=1474101555-00&ServiceCd=110&Type=search", "url2": null }, "geometry": { "type": "Point", "coordinates": [ 139.433673699999957, 35.4894454 ] } },
{ "type": "Feature", "properties": { "内容": "ニチイケアセンター座間【訪問介護】神奈川県座間市相模が丘5-11-1リベラル・レジデンス102", "url": "https://www.kaigokensaku.mhlw.go.jp/14/index.php?action_kouhyou_detail_004_kani=true&JigyosyoCd=1474101563-00&ServiceCd=110&Type=search", "url2": null }, "geometry": { "type": "Point", "coordinates": [ 139.423072300000058, 35.5116326 ] } },
{ "type": "Feature", "properties": { "内容": "ニチイケアセンター座間入谷【訪問介護】神奈川県座間市入谷西3-21-18大門アパート201", "url": "https://www.kaigokensaku.mhlw.go.jp/14/index.php?action_kouhyou_detail_004_kani=true&JigyosyoCd=1474101571-00&ServiceCd=110&Type=search", "url2": null }, "geometry": { "type": "Point", "coordinates": [ 139.39894792513121, 35.481505673046954 ] } },
{ "type": "Feature", "properties": { "内容": "ライフケア【訪問介護】神奈川県座間市ひばりが丘5-21-46アスカひばりが丘内", "url": "https://www.kaigokensaku.mhlw.go.jp/14/index.php?action_kouhyou_detail_004_kani=true&JigyosyoCd=1474101605-00&ServiceCd=110&Type=search", "url2": "https://www.asuka-care.jp/" }, "geometry": { "type": "Point", "coordinates": [ 139.428640504299153, 35.489402813514424 ] } },
{ "type": "Feature", "properties": { "内容": "訪問介護事業所　スマイルステーション笑楽【訪問介護】神奈川県座間市南栗原2丁目1番地11号", "url": "https://www.kaigokensaku.mhlw.go.jp/14/index.php?action_kouhyou_detail_004_kani=true&JigyosyoCd=1474101670-00&ServiceCd=110&Type=search", "url2": "https://www.smile-station-waraku.info/" }, "geometry": { "type": "Point", "coordinates": [ 139.421206399999988, 35.4781639 ] } },
{ "type": "Feature", "properties": { "内容": "ｍt.view　あおば訪問介護【訪問介護】神奈川県座間市相武台2－36－8Forestar101", "url": "https://www.kaigokensaku.mhlw.go.jp/14/index.php?action_kouhyou_detail_004_kani=true&JigyosyoCd=1474101696-00&ServiceCd=110&Type=search", "url2": "https://www,mt-view-inc,com" }, "geometry": { "type": "Point", "coordinates": [ 139.4122942, 35.5009805 ] } },
{ "type": "Feature", "properties": { "内容": "ウェルサポート【訪問介護】神奈川県座間市相武台3-42-61-208", "url": "https://www.kaigokensaku.mhlw.go.jp/14/index.php?action_kouhyou_detail_004_kani=true&JigyosyoCd=1474101803-00&ServiceCd=110&Type=search", "url2": null }, "geometry": { "type": "Point", "coordinates": [ 139.410428599999989, 35.4995441 ] } },
{ "type": "Feature", "properties": { "内容": "ケアコミュニティ　座間のわっか【訪問介護】神奈川県座間市相武台3-37-11加藤第二コーポ１階", "url": "https://www.kaigokensaku.mhlw.go.jp/14/index.php?action_kouhyou_detail_004_kani=true&JigyosyoCd=1474101399-00&ServiceCd=110&Type=search", "url2": "https://www.c-grow.co.jp" }, "geometry": { "type": "Point", "coordinates": [ 139.413391439252109, 35.498833840527418 ] } },
{ "type": "Feature", "properties": { "内容": "茜ケアサービス有限会社【訪問介護】神奈川県座間市栗原中央1-31-24", "url": "https://www.kaigokensaku.mhlw.go.jp/14/index.php?action_kouhyou_detail_004_kani=true&JigyosyoCd=1474100516-00&ServiceCd=110&Type=search", "url2": null }, "geometry": { "type": "Point", "coordinates": [ 139.415477270357542, 35.48831849395426 ] } },
{ "type": "Feature", "properties": { "内容": "ミモザヘルパーステーション座間【訪問介護】神奈川県座間市緑ヶ丘3丁目29-3朝日プラザ相武台404号室", "url": "https://www.kaigokensaku.mhlw.go.jp/14/index.php?action_kouhyou_detail_004_kani=true&JigyosyoCd=1474101811-00&ServiceCd=110&Type=search", "url2": "https://mimoza-care.com/company" }, "geometry": { "type": "Point", "coordinates": [ 139.4113233, 35.4936952 ] } },
{ "type": "Feature", "properties": { "内容": "やすらぎケアステーション【訪問介護】神奈川県座間市広野台１－２８－１", "url": "https://www.kaigokensaku.mhlw.go.jp/14/index.php?action_kouhyou_detail_004_kani=true&JigyosyoCd=1474100334-00&ServiceCd=110&Type=search", "url2": "https://www.yasuragicare.jp/cont1/3.html" }, "geometry": { "type": "Point", "coordinates": [ 139.419124399999987, 35.5054341 ] } },
{ "type": "Feature", "properties": { "内容": "ひばり介護サービス【訪問介護】神奈川県座間市ひばりが丘1-41-1", "url": "https://www.kaigokensaku.mhlw.go.jp/14/index.php?action_kouhyou_detail_004_kani=true&JigyosyoCd=1474101001-00&ServiceCd=110&Type=search", "url2": null }, "geometry": { "type": "Point", "coordinates": [ 139.434487499999932, 35.4901979 ] } },
{ "type": "Feature", "properties": { "内容": "ひばり訪問介護ステーション座間【訪問介護】神奈川県座間市座間1丁目3412-1ガーデンテラス座間　1階", "url": "https://www.kaigokensaku.mhlw.go.jp/14/index.php?action_kouhyou_detail_004_kani=true&JigyosyoCd=1474101241-00&ServiceCd=110&Type=search", "url2": "https://garden-terrace.jp/zama" }, "geometry": { "type": "Point", "coordinates": [ 139.393296599999985, 35.4904926 ] } },
{ "type": "Feature", "properties": { "内容": "訪問介護事業所チェリーブロッサマーズ悠【訪問介護】神奈川県座間市入谷東2丁目3－1グランバリュー座間410", "url": "https://www.kaigokensaku.mhlw.go.jp/14/index.php?action_kouhyou_detail_004_kani=true&JigyosyoCd=1474101480-00&ServiceCd=110&Type=search", "url2": "https://www.yokohamasakuraza.com/" }, "geometry": { "type": "Point", "coordinates": [ 139.406538418220322, 35.484683786398861 ] } },
{ "type": "Feature", "properties": { "内容": "若武者ケア　座間事業所【訪問介護】神奈川県座間市相模が丘3-34-5しらゆりハイツ1階101号室", "url": "https://www.kaigokensaku.mhlw.go.jp/14/index.php?action_kouhyou_detail_004_kani=true&JigyosyoCd=1474101654-00&ServiceCd=110&Type=search", "url2": "https://www.wakamusha-care.jp/company/profile/" }, "geometry": { "type": "Point", "coordinates": [ 139.4231914, 35.510821 ] } },
{ "type": "Feature", "properties": { "内容": "UchidaMedicalService【訪問介護】神奈川県南足柄市塚原1533-２F", "url": "https://www.kaigokensaku.mhlw.go.jp/14/index.php?action_kouhyou_detail_004_kani=true&JigyosyoCd=1474300587-00&ServiceCd=110&Type=search", "url2": null }, "geometry": { "type": "Point", "coordinates": [ 139.125417500000026, 35.3071013 ] } },
{ "type": "Feature", "properties": { "内容": "訪問介護　ほっとの実【訪問介護】神奈川県南足柄市雨坪411番地サンビレッジ壱番館205号", "url": "https://www.kaigokensaku.mhlw.go.jp/14/index.php?action_kouhyou_detail_004_kani=true&JigyosyoCd=1474300561-00&ServiceCd=110&Type=search", "url2": null }, "geometry": { "type": "Point", "coordinates": [ 139.09693649999997, 35.3237333 ] } },
{ "type": "Feature", "properties": { "内容": "ヘルパーステーション　ふわり【訪問介護】神奈川県南足柄市沼田288-3", "url": "https://www.kaigokensaku.mhlw.go.jp/14/index.php?action_kouhyou_detail_004_kani=true&JigyosyoCd=1474300579-00&ServiceCd=110&Type=search", "url2": null }, "geometry": { "type": "Point", "coordinates": [ 139.1285153, 35.2927702 ] } },
{ "type": "Feature", "properties": { "内容": "ヘルパーステーション　らいむ【訪問介護】神奈川県南足柄市竹松973-2", "url": "https://www.kaigokensaku.mhlw.go.jp/14/index.php?action_kouhyou_detail_004_kani=true&JigyosyoCd=1474300678-00&ServiceCd=110&Type=search", "url2": null }, "geometry": { "type": "Point", "coordinates": [ 139.117292171163939, 35.32449002790149 ] } },
{ "type": "Feature", "properties": { "内容": "ヘルパーステーションいなほ【訪問介護】神奈川県南足柄市岩原５５０ＲＳハウス２０２", "url": "https://www.kaigokensaku.mhlw.go.jp/14/index.php?action_kouhyou_detail_004_kani=true&JigyosyoCd=1474300694-00&ServiceCd=110&Type=search", "url2": null }, "geometry": { "type": "Point", "coordinates": [ 139.125201683654979, 35.297704465628037 ] } },
{ "type": "Feature", "properties": { "内容": "南足柄市社会福祉協議会　訪問介護サービス事業所【訪問介護】神奈川県南足柄市関本４０３－２南足柄市りんどう会館２階", "url": "https://www.kaigokensaku.mhlw.go.jp/14/index.php?action_kouhyou_detail_004_kani=true&JigyosyoCd=1474300025-00&ServiceCd=110&Type=search", "url2": "http://www.minamisyakyo.or.jp" }, "geometry": { "type": "Point", "coordinates": [ 139.100244500000031, 35.3220643 ] } },
{ "type": "Feature", "properties": { "内容": "学研ココファン綾瀬ヘルパーセンター【訪問介護】神奈川県綾瀬市大上4-15-23", "url": "https://www.kaigokensaku.mhlw.go.jp/14/index.php?action_kouhyou_detail_004_kani=true&JigyosyoCd=1474200571-00&ServiceCd=110&Type=search", "url2": "https://www.cocofump.co.jp/facilities/sagamino/" }, "geometry": { "type": "Point", "coordinates": [ 139.4281889, 35.4626138 ] } },
{ "type": "Feature", "properties": { "内容": "道志会居宅介護支援事業所【訪問介護】神奈川県綾瀬市早川城山2-11-3", "url": "https://www.kaigokensaku.mhlw.go.jp/14/index.php?action_kouhyou_detail_004_kani=true&JigyosyoCd=1474400015-00&ServiceCd=110&Type=search", "url2": "https://www.doushikai.or.jp" }, "geometry": { "type": "Point", "coordinates": [ 139.4214485, 35.4361446 ] } },
{ "type": "Feature", "properties": { "内容": "ニチイケアセンター綾瀬【訪問介護】神奈川県綾瀬市深谷上1-13-8", "url": "https://www.kaigokensaku.mhlw.go.jp/14/index.php?action_kouhyou_detail_004_kani=true&JigyosyoCd=1474400254-00&ServiceCd=110&Type=search", "url2": "http://www.nichiigakkan.co.jp" }, "geometry": { "type": "Point", "coordinates": [ 139.428395099999989, 35.440460899999977 ] } },
{ "type": "Feature", "properties": { "内容": "介護隊　本部【訪問介護】神奈川県綾瀬市寺尾台1-1-2笠間第一ビル", "url": "https://www.kaigokensaku.mhlw.go.jp/14/index.php?action_kouhyou_detail_004_kani=true&JigyosyoCd=1474400858-00&ServiceCd=110&Type=search", "url2": "http://kaigotai.com" }, "geometry": { "type": "Point", "coordinates": [ 139.4179954, 35.45560890000003 ] } },
{ "type": "Feature", "properties": { "内容": "さんしゃいんケアサービス【訪問介護】神奈川県綾瀬市吉岡東3-1-7", "url": "https://www.kaigokensaku.mhlw.go.jp/14/index.php?action_kouhyou_detail_004_kani=true&JigyosyoCd=1474400882-00&ServiceCd=110&Type=search", "url2": "https://sunshine-cs.com/" }, "geometry": { "type": "Point", "coordinates": [ 139.421948400000019, 35.4252654 ] } },
{ "type": "Feature", "properties": { "内容": "ヘルパーステーション白組【訪問介護】神奈川県綾瀬市早川3091-2", "url": "https://www.kaigokensaku.mhlw.go.jp/14/index.php?action_kouhyou_detail_004_kani=true&JigyosyoCd=1474401021-00&ServiceCd=110&Type=search", "url2": "https://www.incl-d.jp/helperstation/" }, "geometry": { "type": "Point", "coordinates": [ 139.40901413558197, 35.445654551046594 ] } },
{ "type": "Feature", "properties": { "内容": "プラスワンサポートライラック【訪問介護】神奈川県綾瀬市上土棚中2-17-47ハイツ広田103", "url": "https://www.kaigokensaku.mhlw.go.jp/14/index.php?action_kouhyou_detail_004_kani=true&JigyosyoCd=1474401062-00&ServiceCd=110&Type=search", "url2": null }, "geometry": { "type": "Point", "coordinates": [ 139.4203627, 35.439388 ] } },
{ "type": "Feature", "properties": { "内容": "ヘルパーステーション　Ｍｅｒｃｉ【訪問介護】神奈川県綾瀬市早川2980－8", "url": "https://www.kaigokensaku.mhlw.go.jp/14/index.php?action_kouhyou_detail_004_kani=true&JigyosyoCd=1474401088-00&ServiceCd=110&Type=search", "url2": null }, "geometry": { "type": "Point", "coordinates": [ 139.410982499999989, 35.4440914 ] } },
{ "type": "Feature", "properties": { "内容": "泉の郷綾瀬　訪問介護【訪問介護】神奈川県綾瀬市落合南2丁目3-60", "url": "https://www.kaigokensaku.mhlw.go.jp/14/index.php?action_kouhyou_detail_004_kani=true&JigyosyoCd=1474400635-00&ServiceCd=110&Type=search", "url2": "https://i-seikoukai.or.jp/" }, "geometry": { "type": "Point", "coordinates": [ 139.43586860862365, 35.416951315632325 ] } },
{ "type": "Feature", "properties": { "内容": "ヘルパーステーション　カミーリア【訪問介護】神奈川県綾瀬市深谷中3-6-3", "url": "https://www.kaigokensaku.mhlw.go.jp/14/index.php?action_kouhyou_detail_004_kani=true&JigyosyoCd=1474400924-00&ServiceCd=110&Type=search", "url2": "https://koueikaigo.jp/com/wp-content/uploads/2025/03/important-information-manual_2025.pdf" }, "geometry": { "type": "Point", "coordinates": [ 139.435489299999972, 35.4350396 ] } },
{ "type": "Feature", "properties": { "内容": "訪問介護ステ－ション蘭【訪問介護】神奈川県綾瀬市早川2221-5", "url": "https://www.kaigokensaku.mhlw.go.jp/14/index.php?action_kouhyou_detail_004_kani=true&JigyosyoCd=1474401153-00&ServiceCd=110&Type=search", "url2": null }, "geometry": { "type": "Point", "coordinates": [ 139.4143386, 35.4384292 ] } },
{ "type": "Feature", "properties": { "内容": "葉山町社会福祉協議会介護サ－ビスセンタ－【訪問介護】神奈川県三浦郡葉山町一色２５１２－１４須永マンション2階", "url": "https://www.kaigokensaku.mhlw.go.jp/14/index.php?action_kouhyou_detail_004_kani=true&JigyosyoCd=1471100022-00&ServiceCd=110&Type=search", "url2": "https://www.hayamashakyo.com/" }, "geometry": { "type": "Point", "coordinates": [ 139.568339463613711, 35.26722017393201 ] } },
{ "type": "Feature", "properties": { "内容": "ＨＡＹＡＭＡ　銀の杜【訪問介護】神奈川県三浦郡葉山町堀内1820-3矢島ハウス2F", "url": "https://www.kaigokensaku.mhlw.go.jp/14/index.php?action_kouhyou_detail_004_kani=true&JigyosyoCd=1471100147-00&ServiceCd=110&Type=search", "url2": "http://hayama-ginnomori.net/" }, "geometry": { "type": "Point", "coordinates": [ 139.581269132540911, 35.272215548855826 ] } },
{ "type": "Feature", "properties": { "内容": "ひばり訪問介護ステーション葉山【訪問介護】神奈川県三浦郡葉山町堀内251-1葉山うみのホテルサービスレジデンス", "url": "https://www.kaigokensaku.mhlw.go.jp/14/index.php?action_kouhyou_detail_004_kani=true&JigyosyoCd=1471100402-00&ServiceCd=110&Type=search", "url2": "https://garden-terrace.jp/hayama" }, "geometry": { "type": "Point", "coordinates": [ 139.5707715, 35.280502 ] } },
{ "type": "Feature", "properties": { "内容": "夢花訪問介護ステーション【訪問介護】神奈川県三浦郡葉山町一色1392-45", "url": "https://www.kaigokensaku.mhlw.go.jp/14/index.php?action_kouhyou_detail_004_kani=true&JigyosyoCd=1471100469-00&ServiceCd=110&Type=search", "url2": "https://www.yumehana-hayama.com" }, "geometry": { "type": "Point", "coordinates": [ 139.5832111, 35.2694363 ] } },
{ "type": "Feature", "properties": { "内容": "訪問介護事業所Reach　Out【訪問介護】神奈川三浦郡葉山町堀内751-10カーサ葉山A-101", "url": "https://www.kaigokensaku.mhlw.go.jp/14/index.php?action_kouhyou_detail_004_kani=true&JigyosyoCd=1472501210-00&ServiceCd=110&Type=search", "url2": null }, "geometry": { "type": "Point", "coordinates": [ 139.578450322151184, 35.275825140436091 ] } },
{ "type": "Feature", "properties": { "内容": "むつ花ケアサービス【訪問介護】神奈川県三浦郡葉山町木古庭1744-2スクエア葉山205", "url": "https://www.kaigokensaku.mhlw.go.jp/14/index.php?action_kouhyou_detail_004_kani=true&JigyosyoCd=1471100428-00&ServiceCd=110&Type=search", "url2": null }, "geometry": { "type": "Point", "coordinates": [ 139.6387733, 35.2622108 ] } },
{ "type": "Feature", "properties": { "内容": "生活リハビリクラブ葉山【訪問介護】神奈川県三浦郡葉山町長柄1275-1", "url": "https://www.kaigokensaku.mhlw.go.jp/14/index.php?action_kouhyou_detail_004_kani=true&JigyosyoCd=1471100030-00&ServiceCd=110&Type=search", "url2": "https://kanagawa.seikatsuclub.coop/service/rehabilitation/hayama.html" }, "geometry": { "type": "Point", "coordinates": [ 139.590325835365348, 35.284739294188846 ] } },
{ "type": "Feature", "properties": { "内容": "交欒葉山一色　訪問介護事業所【訪問介護】神奈川県三浦郡葉山町一色2440番地", "url": "https://www.kaigokensaku.mhlw.go.jp/14/index.php?action_kouhyou_detail_004_kani=true&JigyosyoCd=1471100493-00&ServiceCd=110&Type=search", "url2": "http://www.mazeran-web.com/" }, "geometry": { "type": "Point", "coordinates": [ 139.571115099999986, 35.2669789 ] } },
{ "type": "Feature", "properties": { "内容": "安寧ケアステーション【訪問介護】神奈川県高座郡寒川町一之宮４－２２－３２", "url": "https://www.kaigokensaku.mhlw.go.jp/14/index.php?action_kouhyou_detail_004_kani=true&JigyosyoCd=1471200723-00&ServiceCd=110&Type=search", "url2": "https://annei-cs.com/" }, "geometry": { "type": "Point", "coordinates": [ 139.3747181, 35.3669318 ] } },
{ "type": "Feature", "properties": { "内容": "訪問介護事業所　一織庵寒川【訪問介護】神奈川県高座郡寒川町一之宮1-21-32", "url": "https://www.kaigokensaku.mhlw.go.jp/14/index.php?action_kouhyou_detail_004_kani=true&JigyosyoCd=1471200731-00&ServiceCd=110&Type=search", "url2": "https://iorian-dayservice.com/" }, "geometry": { "type": "Point", "coordinates": [ 139.3864787, 35.3644334 ] } },
{ "type": "Feature", "properties": { "内容": "SUN【訪問介護】神奈川県高座郡寒川町一之宮9-19-13", "url": "https://www.kaigokensaku.mhlw.go.jp/14/index.php?action_kouhyou_detail_004_kani=true&JigyosyoCd=1471200756-00&ServiceCd=110&Type=search", "url2": null }, "geometry": { "type": "Point", "coordinates": [ 139.388458500000013, 35.3609765 ] } },
{ "type": "Feature", "properties": { "内容": "ミントステーション【訪問介護】神奈川県高座郡寒川町岡田1153-51F", "url": "https://www.kaigokensaku.mhlw.go.jp/14/index.php?action_kouhyou_detail_004_kani=true&JigyosyoCd=1471200749-00&ServiceCd=110&Type=search", "url2": null }, "geometry": { "type": "Point", "coordinates": [ 139.3849502, 35.369313 ] } },
{ "type": "Feature", "properties": { "内容": "寒川ホーム　ヘルパーサービス【訪問介護】神奈川県高座郡寒川町小谷1-13-5", "url": "https://www.kaigokensaku.mhlw.go.jp/14/index.php?action_kouhyou_detail_004_kani=true&JigyosyoCd=1471200103-00&ServiceCd=110&Type=search", "url2": "http://www.samukawahome.com/work/homehelper/" }, "geometry": { "type": "Point", "coordinates": [ 139.397571400000061, 35.3804528 ] } },
{ "type": "Feature", "properties": { "内容": "株式会社ヘルシーサービス　寒川営業所【訪問介護】神奈川県高座郡寒川町倉見２４２５－３", "url": "https://www.kaigokensaku.mhlw.go.jp/14/index.php?action_kouhyou_detail_004_kani=true&JigyosyoCd=1471200277-00&ServiceCd=110&Type=search", "url2": "http://www.healthy-service.co.jp" }, "geometry": { "type": "Point", "coordinates": [ 139.3933187, 35.3920765 ] } },
{ "type": "Feature", "properties": { "内容": "大樹苑わかば【訪問介護】神奈川県高座郡寒川町倉見2425-10", "url": "https://www.kaigokensaku.mhlw.go.jp/14/index.php?action_kouhyou_detail_004_kani=true&JigyosyoCd=1471200434-00&ServiceCd=110&Type=search", "url2": "http://www.taijuen.jp/index.html" }, "geometry": { "type": "Point", "coordinates": [ 139.393038199999978, 35.3919876 ] } },
{ "type": "Feature", "properties": { "内容": "ニチイケアセンター寒川【訪問介護】神奈川県高座郡寒川町中瀬4-1　セントラルシャローズ1階セントラルシャローズ1階", "url": "https://www.kaigokensaku.mhlw.go.jp/14/index.php?action_kouhyou_detail_004_kani=true&JigyosyoCd=1471200582-00&ServiceCd=110&Type=search", "url2": null }, "geometry": { "type": "Point", "coordinates": [ 139.391002, 35.3642193 ] } },
{ "type": "Feature", "properties": { "内容": "ニチイケアセンター門沢橋【訪問介護】神奈川県高座郡寒川町倉見360-5平山ビル1階", "url": "https://www.kaigokensaku.mhlw.go.jp/14/index.php?action_kouhyou_detail_004_kani=true&JigyosyoCd=1471200590-00&ServiceCd=110&Type=search", "url2": "www.nichiigakkan.co.jp" }, "geometry": { "type": "Point", "coordinates": [ 139.38134660613423, 35.400395264578684 ] } },
{ "type": "Feature", "properties": { "内容": "ゆうケアステーション【訪問介護】神奈川県高座郡寒川町一之宮1ー16ー7メゾン・トミヅカ７号室", "url": "https://www.kaigokensaku.mhlw.go.jp/14/index.php?action_kouhyou_detail_004_kani=true&JigyosyoCd=1471200624-00&ServiceCd=110&Type=search", "url2": "http://hp.kaipoke.biz/z43/" }, "geometry": { "type": "Point", "coordinates": [ 139.386258662040689, 35.365221223024058 ] } },
{ "type": "Feature", "properties": { "内容": "ピンポンケア【訪問介護】神奈川県高座郡寒川町一之宮2-13-11広田アパート101号室", "url": "https://www.kaigokensaku.mhlw.go.jp/14/index.php?action_kouhyou_detail_004_kani=true&JigyosyoCd=1471200632-00&ServiceCd=110&Type=search", "url2": null }, "geometry": { "type": "Point", "coordinates": [ 139.383463299999988, 35.3678401 ] } },
{ "type": "Feature", "properties": { "内容": "ミモザヘルパーステーション寒川【訪問介護】神奈川県高座郡寒川町倉見４９０", "url": "https://www.kaigokensaku.mhlw.go.jp/14/index.php?action_kouhyou_detail_004_kani=true&JigyosyoCd=1471200640-00&ServiceCd=110&Type=search", "url2": null }, "geometry": { "type": "Point", "coordinates": [ 139.3798504, 35.3954665 ] } },
{ "type": "Feature", "properties": { "内容": "あい介護センター【訪問介護】神奈川県高座郡寒川町小谷1-1-3", "url": "https://www.kaigokensaku.mhlw.go.jp/14/index.php?action_kouhyou_detail_004_kani=true&JigyosyoCd=1471200368-00&ServiceCd=110&Type=search", "url2": null }, "geometry": { "type": "Point", "coordinates": [ 139.3960409, 35.3763615 ] } },
{ "type": "Feature", "properties": { "内容": "寒川訪問看護・介護センターなごやか【訪問介護】神奈川県高座郡寒川町一之宮1-9-2", "url": "https://www.kaigokensaku.mhlw.go.jp/14/index.php?action_kouhyou_detail_004_kani=true&JigyosyoCd=1471200459-00&ServiceCd=110&Type=search", "url2": "https://hcstomita.web.fc2.com/" }, "geometry": { "type": "Point", "coordinates": [ 139.387290801496874, 35.366013404959112 ] } },
{ "type": "Feature", "properties": { "内容": "ふじケアサービス寒川【訪問介護】神奈川県高座郡寒川町一之宮2-25-17ウェルライフヴィラ寒川一之宮", "url": "https://www.kaigokensaku.mhlw.go.jp/14/index.php?action_kouhyou_detail_004_kani=true&JigyosyoCd=1471200665-00&ServiceCd=110&Type=search", "url2": "https://www.fuji-cs.jp/" }, "geometry": { "type": "Point", "coordinates": [ 139.382843, 35.3652904 ] } },
{ "type": "Feature", "properties": { "内容": "クローバー訪問介護おおいそ【訪問介護】神奈川県中郡大磯町国府本郷1194-1", "url": "https://www.kaigokensaku.mhlw.go.jp/14/index.php?action_kouhyou_detail_004_kani=true&JigyosyoCd=1471300960-00&ServiceCd=110&Type=search", "url2": "https://jala.co.jp/facility/clover-oiso/" }, "geometry": { "type": "Point", "coordinates": [ 139.2855181, 35.3089755 ] } },
{ "type": "Feature", "properties": { "内容": "介護支援事業所りんどう大磯【訪問介護】神奈川県中郡大磯町国府本郷１１９８", "url": "https://www.kaigokensaku.mhlw.go.jp/14/index.php?action_kouhyou_detail_004_kani=true&JigyosyoCd=1471300176-00&ServiceCd=110&Type=search", "url2": "https://www.hbc-rindou.co.jp/officeinfo/oiso/post_7.html" }, "geometry": { "type": "Point", "coordinates": [ 139.285024499999963, 35.3089328 ] } },
{ "type": "Feature", "properties": { "内容": "こすもす大磯【訪問介護】神奈川県中郡大磯町月京26-8", "url": "https://www.kaigokensaku.mhlw.go.jp/14/index.php?action_kouhyou_detail_004_kani=true&JigyosyoCd=1471300416-00&ServiceCd=110&Type=search", "url2": "http://www.fukujusha-cosmos.com" }, "geometry": { "type": "Point", "coordinates": [ 139.276373387478998, 35.309610603676795 ] } },
{ "type": "Feature", "properties": { "内容": "訪問介護ステーション　百年の杜　大磯【訪問介護】神奈川県中郡大磯町国府本郷88-1", "url": "https://www.kaigokensaku.mhlw.go.jp/14/index.php?action_kouhyou_detail_004_kani=true&JigyosyoCd=1471300697-00&ServiceCd=110&Type=search", "url2": "http://the-kenkoukan.com/publics/index/63/" }, "geometry": { "type": "Point", "coordinates": [ 139.282872099999963, 35.3027334 ] } },
{ "type": "Feature", "properties": { "内容": "二宮町社会福祉協議会　ホームヘルパーステーション【訪問介護】神奈川県中郡二宮町山西5-1", "url": "https://www.kaigokensaku.mhlw.go.jp/14/index.php?action_kouhyou_detail_004_kani=true&JigyosyoCd=1471300077-00&ServiceCd=110&Type=search", "url2": "https://ninomiya-syakyo.jp/senior/h-helper/" }, "geometry": { "type": "Point", "coordinates": [ 139.255505299999982, 35.2968415 ] } },
{ "type": "Feature", "properties": { "内容": "湘南二宮ヘルパーステーションはなの杜【訪問介護】神奈川県中郡二宮町川匂206-1", "url": "https://www.kaigokensaku.mhlw.go.jp/14/index.php?action_kouhyou_detail_004_kani=true&JigyosyoCd=1471300119-00&ServiceCd=110&Type=search", "url2": "http://www.ittokai.or.jp" }, "geometry": { "type": "Point", "coordinates": [ 139.239273, 35.296436 ] } },
{ "type": "Feature", "properties": { "内容": "オリーブヘルパーステーション【訪問介護】神奈川県中郡二宮町川匂３３４－２", "url": "https://www.kaigokensaku.mhlw.go.jp/14/index.php?action_kouhyou_detail_004_kani=true&JigyosyoCd=1471300804-00&ServiceCd=110&Type=search", "url2": "http://www.nccs-olive.com/" }, "geometry": { "type": "Point", "coordinates": [ 139.235967103674227, 35.298865087600063 ] } },
{ "type": "Feature", "properties": { "内容": "訪問介護あいろ【訪問介護】神奈川県中郡二宮町山西1185-1メッセ8　102号室", "url": "https://www.kaigokensaku.mhlw.go.jp/14/index.php?action_kouhyou_detail_004_kani=true&JigyosyoCd=1471300895-00&ServiceCd=110&Type=search", "url2": "https://yourcolor20210311.jimdofree.com" }, "geometry": { "type": "Point", "coordinates": [ 139.246656366312095, 35.295665781924079 ] } },
{ "type": "Feature", "properties": { "内容": "特定非営利活動法人ワーカーズ大空【訪問介護】神奈川県中郡二宮町中里731-3", "url": "https://www.kaigokensaku.mhlw.go.jp/14/index.php?action_kouhyou_detail_004_kani=true&JigyosyoCd=1471300150-00&ServiceCd=110&Type=search", "url2": "http://www.scn-net.ne.jp/~oozora/" }, "geometry": { "type": "Point", "coordinates": [ 139.250908, 35.30892630000001 ] } },
{ "type": "Feature", "properties": { "内容": "湘南ホームフレンド二宮介護サービス【訪問介護】神奈川県中郡二宮町二宮１１６番地ｵﾍﾟﾗｶﾞｰﾃﾞﾝ湘南二宮　内", "url": "https://www.kaigokensaku.mhlw.go.jp/14/index.php?action_kouhyou_detail_004_kani=true&JigyosyoCd=1471300523-00&ServiceCd=110&Type=search", "url2": "http://www.homefriend.co.jp/" }, "geometry": { "type": "Point", "coordinates": [ 139.257968900000037, 35.2969415 ] } },
{ "type": "Feature", "properties": { "内容": "ヘルパーステーション富士【訪問介護】神奈川県足柄上郡中井町久所251-3", "url": "https://www.kaigokensaku.mhlw.go.jp/14/index.php?action_kouhyou_detail_004_kani=true&JigyosyoCd=1471400612-00&ServiceCd=110&Type=search", "url2": null }, "geometry": { "type": "Point", "coordinates": [ 139.222773700000062, 35.3232907 ] } },
{ "type": "Feature", "properties": { "内容": "訪問介護事業所　シニアトラスト【訪問介護】神奈川県足柄上郡中井町北田391", "url": "https://www.kaigokensaku.mhlw.go.jp/14/index.php?action_kouhyou_detail_004_kani=true&JigyosyoCd=1471400745-00&ServiceCd=110&Type=search", "url2": "http://www.seniortrust.jp/" }, "geometry": { "type": "Point", "coordinates": [ 139.223202846557541, 35.320177889523698 ] } },
{ "type": "Feature", "properties": { "内容": "おうちDE介護【訪問介護】神奈川県足柄上郡大井町金子947-3", "url": "https://www.kaigokensaku.mhlw.go.jp/14/index.php?action_kouhyou_detail_004_kani=true&JigyosyoCd=1471400554-00&ServiceCd=110&Type=search", "url2": "http://ouchidekaigo.net" }, "geometry": { "type": "Point", "coordinates": [ 139.146297299999986, 35.3352644 ] } },
{ "type": "Feature", "properties": { "内容": "サニーライフ大井松田　訪問介護事業所【訪問介護】神奈川県足柄上郡大井町金子690-1", "url": "https://www.kaigokensaku.mhlw.go.jp/14/index.php?action_kouhyou_detail_004_kani=true&JigyosyoCd=1471400802-00&ServiceCd=110&Type=search", "url2": null }, "geometry": { "type": "Point", "coordinates": [ 139.149119429361008, 35.340237293851608 ] } },
{ "type": "Feature", "properties": { "内容": "あしがら広域福祉センター【訪問介護】神奈川県足柄上郡大井町西大井1055番地", "url": "https://www.kaigokensaku.mhlw.go.jp/14/index.php?action_kouhyou_detail_004_kani=true&JigyosyoCd=1471400935-00&ServiceCd=110&Type=search", "url2": "http://www.kanagawa-swc.com/hikarinosato/" }, "geometry": { "type": "Point", "coordinates": [ 139.14774239999997, 35.3220331 ] } },
{ "type": "Feature", "properties": { "内容": "訪問介護ステーションつばき大井【訪問介護】神奈川県足柄上郡大井町大井中央203きさらぎホーム大井館", "url": "https://www.kaigokensaku.mhlw.go.jp/14/index.php?action_kouhyou_detail_004_kani=true&JigyosyoCd=1471401016-00&ServiceCd=110&Type=search", "url2": null }, "geometry": { "type": "Point", "coordinates": [ 139.1525365, 35.3288011 ] } },
{ "type": "Feature", "properties": { "内容": "訪問介護まつだ【訪問介護】神奈川県足柄上郡松田町松田惣領５１３コーポえんどうⅡ-２０１", "url": "https://www.kaigokensaku.mhlw.go.jp/14/index.php?action_kouhyou_detail_004_kani=true&JigyosyoCd=1471401008-00&ServiceCd=110&Type=search", "url2": "http://qualitytime-kaigo.com" }, "geometry": { "type": "Point", "coordinates": [ 139.144608799999986, 35.3394635 ] } },
{ "type": "Feature", "properties": { "内容": "ニチイケアセンターあしがら【訪問介護】神奈川県足柄上郡松田町松田惣領1181-7102号室", "url": "https://www.kaigokensaku.mhlw.go.jp/14/index.php?action_kouhyou_detail_004_kani=true&JigyosyoCd=1471401032-00&ServiceCd=110&Type=search", "url2": "https://www.nichii-kaigo.jp/base/base-result/05BW9/" }, "geometry": { "type": "Point", "coordinates": [ 139.140641099999982, 35.346248019403994 ] } },
{ "type": "Feature", "properties": { "内容": "ARS訪問介護ステーション【訪問介護】神奈川県足柄上郡松田町松田惣領1249", "url": "https://www.kaigokensaku.mhlw.go.jp/14/index.php?action_kouhyou_detail_004_kani=true&JigyosyoCd=1471401065-00&ServiceCd=110&Type=search", "url2": "https://ashigara-reha.jp/" }, "geometry": { "type": "Point", "coordinates": [ 139.139516566864785, 35.346708308406761 ] } },
{ "type": "Feature", "properties": { "内容": "在宅福祉ケア　子育サポートすずろ【訪問介護】神奈川県足柄上郡開成町宮台1107－1", "url": "https://www.kaigokensaku.mhlw.go.jp/14/index.php?action_kouhyou_detail_004_kani=true&JigyosyoCd=1471400067-00&ServiceCd=110&Type=search", "url2": "http://www.suzurogroup.com" }, "geometry": { "type": "Point", "coordinates": [ 139.127122, 35.3235211 ] } },
{ "type": "Feature", "properties": { "内容": "訪問介護あゆみ【訪問介護】神奈川県足柄上郡開成町宮台184-3", "url": "https://www.kaigokensaku.mhlw.go.jp/14/index.php?action_kouhyou_detail_004_kani=true&JigyosyoCd=1471400679-00&ServiceCd=110&Type=search", "url2": null }, "geometry": { "type": "Point", "coordinates": [ 139.120698179770699, 35.328534967757754 ] } },
{ "type": "Feature", "properties": { "内容": "ハートフルケアサービス安養【訪問介護】神奈川県足柄下郡箱根町湯本364", "url": "https://www.kaigokensaku.mhlw.go.jp/14/index.php?action_kouhyou_detail_004_kani=true&JigyosyoCd=1471500700-00&ServiceCd=110&Type=search", "url2": "http://hp.kaipoke.biz/vau/12588/index_0003.html" }, "geometry": { "type": "Point", "coordinates": [ 139.107534799999939, 35.2310583 ] } },
{ "type": "Feature", "properties": { "内容": "はこね社協サービスセンター　訪問介護【訪問介護】神奈川県足柄下郡箱根町湯本855", "url": "https://www.kaigokensaku.mhlw.go.jp/14/index.php?action_kouhyou_detail_004_kani=true&JigyosyoCd=1471500916-00&ServiceCd=110&Type=search", "url2": "http://hakone-shakyo.jp" }, "geometry": { "type": "Point", "coordinates": [ 139.110801, 35.2347412 ] } },
{ "type": "Feature", "properties": { "内容": "有限会社　明光サービス【訪問介護】神奈川県足柄下郡湯河原町中央5-15-1", "url": "https://www.kaigokensaku.mhlw.go.jp/14/index.php?action_kouhyou_detail_004_kani=true&JigyosyoCd=1471500148-00&ServiceCd=110&Type=search", "url2": null }, "geometry": { "type": "Point", "coordinates": [ 139.1129608, 35.1485668 ] } },
{ "type": "Feature", "properties": { "内容": "ハピネス【訪問介護】神奈川県足柄下郡湯河原町土肥２－９－３", "url": "https://www.kaigokensaku.mhlw.go.jp/14/index.php?action_kouhyou_detail_004_kani=true&JigyosyoCd=1471500197-00&ServiceCd=110&Type=search", "url2": null }, "geometry": { "type": "Point", "coordinates": [ 139.105461500000047, 35.1450001 ] } },
{ "type": "Feature", "properties": { "内容": "ほのぼのなのはな苑【訪問介護】神奈川県足柄下郡湯河原町中央1-8-3", "url": "https://www.kaigokensaku.mhlw.go.jp/14/index.php?action_kouhyou_detail_004_kani=true&JigyosyoCd=1471500395-00&ServiceCd=110&Type=search", "url2": null }, "geometry": { "type": "Point", "coordinates": [ 139.109104786516554, 35.147120406249414 ] } },
{ "type": "Feature", "properties": { "内容": "鐘丘湯河原訪問介護センター【訪問介護】神奈川県足柄下郡湯河原町土肥4丁目6-14", "url": "https://www.kaigokensaku.mhlw.go.jp/14/index.php?action_kouhyou_detail_004_kani=true&JigyosyoCd=1471500965-00&ServiceCd=110&Type=search", "url2": null }, "geometry": { "type": "Point", "coordinates": [ 139.101856399999974, 35.1430779 ] } },
{ "type": "Feature", "properties": { "内容": "プリミエール湯河原【訪問介護】神奈川県足柄下郡湯河原町宮上７６", "url": "https://www.kaigokensaku.mhlw.go.jp/14/index.php?action_kouhyou_detail_004_kani=true&JigyosyoCd=1471500999-00&ServiceCd=110&Type=search", "url2": null }, "geometry": { "type": "Point", "coordinates": [ 139.089329799999973, 35.1408776 ] } },
{ "type": "Feature", "properties": { "内容": "訪問介護an【訪問介護】神奈川県足柄下郡湯河原町中央1-10-15", "url": "https://www.kaigokensaku.mhlw.go.jp/14/index.php?action_kouhyou_detail_004_kani=true&JigyosyoCd=1471501112-00&ServiceCd=110&Type=search", "url2": null }, "geometry": { "type": "Point", "coordinates": [ 139.1100408, 35.1458858 ] } },
{ "type": "Feature", "properties": { "内容": "ヘルパーステーション　ラビット【訪問介護】神奈川県足柄下郡湯河原町土肥４－１１－１５リブライト湯河原３０３号", "url": "https://www.kaigokensaku.mhlw.go.jp/14/index.php?action_kouhyou_detail_004_kani=true&JigyosyoCd=1471501120-00&ServiceCd=110&Type=search", "url2": null }, "geometry": { "type": "Point", "coordinates": [ 139.102709800000014, 35.142372099999989 ] } },
{ "type": "Feature", "properties": { "内容": "西部ヘルパーステーション【訪問介護】神奈川県足柄下郡湯河原町土肥1-9-6101", "url": "https://www.kaigokensaku.mhlw.go.jp/14/index.php?action_kouhyou_detail_004_kani=true&JigyosyoCd=1471501138-00&ServiceCd=110&Type=search", "url2": "https://richfield.co.jp/index.html" }, "geometry": { "type": "Point", "coordinates": [ 139.101153399999987, 35.144371800000016 ] } },
{ "type": "Feature", "properties": { "内容": "訪問介護一休愛川【訪問介護】神奈川県愛甲郡愛川町中津2031-1CareVilla愛川", "url": "https://www.kaigokensaku.mhlw.go.jp/14/index.php?action_kouhyou_detail_004_kani=true&JigyosyoCd=1471600500-00&ServiceCd=110&Type=search", "url2": null }, "geometry": { "type": "Point", "coordinates": [ 139.341382420227148, 35.527536764178635 ] } },
{ "type": "Feature", "properties": { "内容": "デイ・ケアセンター　ひまわり【訪問介護】神奈川県愛甲郡愛川町中津305番地の3", "url": "https://www.kaigokensaku.mhlw.go.jp/14/index.php?action_kouhyou_detail_004_kani=true&JigyosyoCd=1471600351-00&ServiceCd=110&Type=search", "url2": null }, "geometry": { "type": "Point", "coordinates": [ 139.332186299999989, 35.5186691 ] } },
{ "type": "Feature", "properties": { "内容": "ケアシスパーク愛川訪問介護ステーション【訪問介護】神奈川県愛甲郡愛川町中津字上六倉２７２５－２ケアシスパーク愛川１０１号", "url": "https://www.kaigokensaku.mhlw.go.jp/14/index.php?action_kouhyou_detail_004_kani=true&JigyosyoCd=1471600369-00&ServiceCd=110&Type=search", "url2": "http://caresis-park.com/aikawa/" }, "geometry": { "type": "Point", "coordinates": [ 139.345150399999966, 35.5246879 ] } },
{ "type": "Feature", "properties": { "内容": "＆ケア訪問介護【訪問介護】神奈川県愛甲郡愛川町中津242-1＆ケアホーム愛川", "url": "https://www.kaigokensaku.mhlw.go.jp/14/index.php?action_kouhyou_detail_004_kani=true&JigyosyoCd=1471600419-00&ServiceCd=110&Type=search", "url2": "https://andcarehome-aikawa.jp/" }, "geometry": { "type": "Point", "coordinates": [ 139.333838, 35.5196942 ] } },
{ "type": "Feature", "properties": { "内容": "合同会社ホームケアふじ【訪問介護】神奈川県愛甲郡愛川町中津300-1エスポワールA105", "url": "https://www.kaigokensaku.mhlw.go.jp/14/index.php?action_kouhyou_detail_004_kani=true&JigyosyoCd=1471600468-00&ServiceCd=110&Type=search", "url2": "https://www.homecarefuji.com/" }, "geometry": { "type": "Point", "coordinates": [ 139.33292694940846, 35.518442522342802 ] } },
{ "type": "Feature", "properties": { "内容": "ニチイケアセンタ－愛川【訪問介護】神奈川県愛甲郡愛川町中津731-5アサノビル2階201号室", "url": "https://www.kaigokensaku.mhlw.go.jp/14/index.php?action_kouhyou_detail_004_kani=true&JigyosyoCd=1471600278-00&ServiceCd=110&Type=search", "url2": "http://www.nichii-kaigo.jp/base/base-result/05P29/" }, "geometry": { "type": "Point", "coordinates": [ 139.336326900000017, 35.5140311 ] } }
]
}
