{
"type": "FeatureCollection",
"name": "geo_14_認知症対応型共同生活介護",
"crs": { "type": "name", "properties": { "name": "urn:ogc:def:crs:OGC:1.3:CRS84" } },
"features": [
{ "type": "Feature", "properties": { "内容": "フェローズガーデン獅子ヶ谷【認知症対応型共同生活介護】神奈川県横浜市鶴見区獅子ヶ谷１－４８－２６", "url2": "https://www.kaigokensaku.mhlw.go.jp/14/index.php?action_kouhyou_detail_004_kani=true&JigyosyoCd=1490100086-00&ServiceCd=320&Type=search" }, "geometry": { "type": "Point", "coordinates": [ 139.655758399999968, 35.5193025 ] } },
{ "type": "Feature", "properties": { "内容": "ミモザ横浜岸谷【認知症対応型共同生活介護】神奈川県横浜市鶴見区岸谷１－１０－２７", "url2": "https://www.kaigokensaku.mhlw.go.jp/14/index.php?action_kouhyou_detail_004_kani=true&JigyosyoCd=1490100136-00&ServiceCd=320&Type=search" }, "geometry": { "type": "Point", "coordinates": [ 139.664144399999941, 35.4942775 ] } },
{ "type": "Feature", "properties": { "内容": "グループホーム　クロスハート鶴見・横浜【認知症対応型共同生活介護】神奈川県横浜市鶴見区矢向3-30-1クロスハート鶴見・横浜", "url2": "https://www.kaigokensaku.mhlw.go.jp/14/index.php?action_kouhyou_detail_004_kani=true&JigyosyoCd=1490100185-00&ServiceCd=320&Type=search" }, "geometry": { "type": "Point", "coordinates": [ 139.681318757672102, 35.535440681403728 ] } },
{ "type": "Feature", "properties": { "内容": "グループホーム　横浜鶴見の家【認知症対応型共同生活介護】神奈川県横浜市鶴見区生麦五丁目１２番１０号", "url2": "https://www.kaigokensaku.mhlw.go.jp/14/index.php?action_kouhyou_detail_004_kani=true&JigyosyoCd=1490100193-00&ServiceCd=320&Type=search" }, "geometry": { "type": "Point", "coordinates": [ 139.6754074772808, 35.500674869015064 ] } },
{ "type": "Feature", "properties": { "内容": "グループホームあいしま鶴見【認知症対応型共同生活介護】神奈川県横浜市鶴見区馬場5-15-35グループホームあいしま鶴見", "url2": "https://www.kaigokensaku.mhlw.go.jp/14/index.php?action_kouhyou_detail_004_kani=true&JigyosyoCd=1490100490-00&ServiceCd=320&Type=search" }, "geometry": { "type": "Point", "coordinates": [ 139.656399400000026, 35.5113754 ] } },
{ "type": "Feature", "properties": { "内容": "エクセレント北寺尾アネックス【認知症対応型共同生活介護】神奈川県横浜市鶴見区北寺尾5-2-8", "url2": "https://www.kaigokensaku.mhlw.go.jp/14/index.php?action_kouhyou_detail_004_kani=true&JigyosyoCd=1490100516-00&ServiceCd=320&Type=search" }, "geometry": { "type": "Point", "coordinates": [ 139.655890699999986, 35.5133004 ] } },
{ "type": "Feature", "properties": { "内容": "福寿の里グループホーム【認知症対応型共同生活介護】神奈川県横浜市鶴見区尻手２－４－２１", "url2": "https://www.kaigokensaku.mhlw.go.jp/14/index.php?action_kouhyou_detail_004_kani=true&JigyosyoCd=1470101336-00&ServiceCd=320&Type=search" }, "geometry": { "type": "Point", "coordinates": [ 139.684908777332879, 35.527042785537795 ] } },
{ "type": "Feature", "properties": { "内容": "グループホームちいさな手横浜つるみ【認知症対応型共同生活介護】神奈川県横浜市鶴見区江ケ崎町20-16", "url2": "https://www.kaigokensaku.mhlw.go.jp/14/index.php?action_kouhyou_detail_004_kani=true&JigyosyoCd=1490100292-00&ServiceCd=320&Type=search" }, "geometry": { "type": "Point", "coordinates": [ 139.673588722090102, 35.535414748037184 ] } },
{ "type": "Feature", "properties": { "内容": "グループホーム　菜の花の家【認知症対応型共同生活介護】神奈川県横浜市鶴見区下野谷町３－１２０－２", "url2": "https://www.kaigokensaku.mhlw.go.jp/14/index.php?action_kouhyou_detail_004_kani=true&JigyosyoCd=1470100601-00&ServiceCd=320&Type=search" }, "geometry": { "type": "Point", "coordinates": [ 139.683301, 35.4999715 ] } },
{ "type": "Feature", "properties": { "内容": "グループホーム銀河の詩【認知症対応型共同生活介護】神奈川県横浜市鶴見区鶴見中央3-10-40銀河の詩", "url2": "https://www.kaigokensaku.mhlw.go.jp/14/index.php?action_kouhyou_detail_004_kani=true&JigyosyoCd=1470101286-00&ServiceCd=320&Type=search" }, "geometry": { "type": "Point", "coordinates": [ 139.686000400000012, 35.5111949 ] } },
{ "type": "Feature", "properties": { "内容": "グループホーム　オリーブの家【認知症対応型共同生活介護】神奈川県横浜市鶴見区東寺尾6-33-24", "url2": "https://www.kaigokensaku.mhlw.go.jp/14/index.php?action_kouhyou_detail_004_kani=true&JigyosyoCd=1490100300-00&ServiceCd=320&Type=search" }, "geometry": { "type": "Point", "coordinates": [ 139.662067879099624, 35.510998803032408 ] } },
{ "type": "Feature", "properties": { "内容": "花物語つるみ西【認知症対応型共同生活介護】神奈川県横浜市鶴見区北寺尾7-8-1", "url2": "https://www.kaigokensaku.mhlw.go.jp/14/index.php?action_kouhyou_detail_004_kani=true&JigyosyoCd=1490100631-00&ServiceCd=320&Type=search" }, "geometry": { "type": "Point", "coordinates": [ 139.6421805, 35.512388 ] } },
{ "type": "Feature", "properties": { "内容": "グループホーム　ひまわりの家【認知症対応型共同生活介護】神奈川県横浜市鶴見区下野谷町４－１６３－１", "url2": "https://www.kaigokensaku.mhlw.go.jp/14/index.php?action_kouhyou_detail_004_kani=true&JigyosyoCd=1490100045-00&ServiceCd=320&Type=search" }, "geometry": { "type": "Point", "coordinates": [ 139.6834371, 35.4984689 ] } },
{ "type": "Feature", "properties": { "内容": "グループホームつるみの樹【認知症対応型共同生活介護】神奈川県横浜市鶴見区矢向3-7-30", "url2": "https://www.kaigokensaku.mhlw.go.jp/14/index.php?action_kouhyou_detail_004_kani=true&JigyosyoCd=1490100656-00&ServiceCd=320&Type=search" }, "geometry": { "type": "Point", "coordinates": [ 139.6801889, 35.5321662 ] } },
{ "type": "Feature", "properties": { "内容": "グループホーム　紫恩【認知症対応型共同生活介護】神奈川県横浜市鶴見区駒岡3-6-12", "url2": "https://www.kaigokensaku.mhlw.go.jp/14/index.php?action_kouhyou_detail_004_kani=true&JigyosyoCd=1470101401-00&ServiceCd=320&Type=search" }, "geometry": { "type": "Point", "coordinates": [ 139.6528363, 35.5267516 ] } },
{ "type": "Feature", "properties": { "内容": "グループホームみんなの家　横浜羽沢３【認知症対応型共同生活介護】神奈川県横浜市神奈川区羽沢町990-7", "url2": "https://www.kaigokensaku.mhlw.go.jp/14/index.php?action_kouhyou_detail_004_kani=true&JigyosyoCd=1490200068-00&ServiceCd=320&Type=search" }, "geometry": { "type": "Point", "coordinates": [ 139.590029700000059, 35.4897689 ] } },
{ "type": "Feature", "properties": { "内容": "たのしい家神奈川三枚町【認知症対応型共同生活介護】神奈川県横浜市神奈川区三枚町516-1", "url2": "https://www.kaigokensaku.mhlw.go.jp/14/index.php?action_kouhyou_detail_004_kani=true&JigyosyoCd=1490200134-00&ServiceCd=320&Type=search" }, "geometry": { "type": "Point", "coordinates": [ 139.595631799999978, 35.4905772 ] } },
{ "type": "Feature", "properties": { "内容": "グループホーム　希望【認知症対応型共同生活介護】神奈川県横浜市神奈川区新子安１－２２－１１ＴＫビル", "url2": "https://www.kaigokensaku.mhlw.go.jp/14/index.php?action_kouhyou_detail_004_kani=true&JigyosyoCd=1490200282-00&ServiceCd=320&Type=search" }, "geometry": { "type": "Point", "coordinates": [ 139.653878500000019, 35.4889474 ] } },
{ "type": "Feature", "properties": { "内容": "カルフ【認知症対応型共同生活介護】神奈川県横浜市神奈川区菅田町2516-1", "url2": "https://www.kaigokensaku.mhlw.go.jp/14/index.php?action_kouhyou_detail_004_kani=true&JigyosyoCd=1490200332-00&ServiceCd=320&Type=search" }, "geometry": { "type": "Point", "coordinates": [ 139.597176, 35.498679 ] } },
{ "type": "Feature", "properties": { "内容": "グループホーム　地域の絆　横浜【認知症対応型共同生活介護】神奈川県横浜市神奈川区松ケ丘39-7", "url2": "https://www.kaigokensaku.mhlw.go.jp/14/index.php?action_kouhyou_detail_004_kani=true&JigyosyoCd=1490200357-00&ServiceCd=320&Type=search" }, "geometry": { "type": "Point", "coordinates": [ 139.619104, 35.4730959 ] } },
{ "type": "Feature", "properties": { "内容": "花物語かながわ【認知症対応型共同生活介護】神奈川県横浜市神奈川区羽沢町1196-18", "url2": "https://www.kaigokensaku.mhlw.go.jp/14/index.php?action_kouhyou_detail_004_kani=true&JigyosyoCd=1490200613-00&ServiceCd=320&Type=search" }, "geometry": { "type": "Point", "coordinates": [ 139.57475359999998, 35.4890365 ] } },
{ "type": "Feature", "properties": { "内容": "グループホームにしてらお【認知症対応型共同生活介護】神奈川県横浜市神奈川区西寺尾2-39-18", "url2": "https://www.kaigokensaku.mhlw.go.jp/14/index.php?action_kouhyou_detail_004_kani=true&JigyosyoCd=1490200837-00&ServiceCd=320&Type=search" }, "geometry": { "type": "Point", "coordinates": [ 139.648731796081563, 35.501063354845414 ] } },
{ "type": "Feature", "properties": { "内容": "グループホーム　三ツ沢南の丘【認知症対応型共同生活介護】神奈川県横浜市神奈川区三ッ沢南町１３－３グループホーム三ッ沢南の丘", "url2": "https://www.kaigokensaku.mhlw.go.jp/14/index.php?action_kouhyou_detail_004_kani=true&JigyosyoCd=1470200856-00&ServiceCd=320&Type=search" }, "geometry": { "type": "Point", "coordinates": [ 139.610363399999983, 35.4741819 ] } },
{ "type": "Feature", "properties": { "内容": "グループホーム　よこはま【認知症対応型共同生活介護】神奈川県横浜市神奈川区三ツ沢南町１３番地２号", "url2": "https://www.kaigokensaku.mhlw.go.jp/14/index.php?action_kouhyou_detail_004_kani=true&JigyosyoCd=1470201268-00&ServiceCd=320&Type=search" }, "geometry": { "type": "Point", "coordinates": [ 139.61051329999998, 35.4741764 ] } },
{ "type": "Feature", "properties": { "内容": "グループホームみんなの家・横浜羽沢【認知症対応型共同生活介護】神奈川県横浜市神奈川区羽沢町1652-12", "url2": "https://www.kaigokensaku.mhlw.go.jp/14/index.php?action_kouhyou_detail_004_kani=true&JigyosyoCd=1490200027-00&ServiceCd=320&Type=search" }, "geometry": { "type": "Point", "coordinates": [ 139.591387899999972, 35.4938907 ] } },
{ "type": "Feature", "properties": { "内容": "グループホーム　ゆり苑【認知症対応型共同生活介護】神奈川県横浜市神奈川区六角橋一丁目４番３号ＹＳビル", "url2": "https://www.kaigokensaku.mhlw.go.jp/14/index.php?action_kouhyou_detail_004_kani=true&JigyosyoCd=1470200740-00&ServiceCd=320&Type=search" }, "geometry": { "type": "Point", "coordinates": [ 139.626744899999949, 35.4883081 ] } },
{ "type": "Feature", "properties": { "内容": "愛の家グループホーム新横浜【認知症対応型共同生活介護】神奈川県横浜市神奈川区菅田町2723-2", "url2": "https://www.kaigokensaku.mhlw.go.jp/14/index.php?action_kouhyou_detail_004_kani=true&JigyosyoCd=1490200878-00&ServiceCd=320&Type=search" }, "geometry": { "type": "Point", "coordinates": [ 139.583478, 35.5005227 ] } },
{ "type": "Feature", "properties": { "内容": "ラポール西寺尾【認知症対応型共同生活介護】神奈川県横浜市神奈川区西寺尾３－２２－５", "url2": "https://www.kaigokensaku.mhlw.go.jp/14/index.php?action_kouhyou_detail_004_kani=true&JigyosyoCd=1470200880-00&ServiceCd=320&Type=search" }, "geometry": { "type": "Point", "coordinates": [ 139.651751, 35.4971132 ] } },
{ "type": "Feature", "properties": { "内容": "グループホームわかたけ西菅田【認知症対応型共同生活介護】神奈川県横浜市神奈川区菅田町１０８", "url2": "https://www.kaigokensaku.mhlw.go.jp/14/index.php?action_kouhyou_detail_004_kani=true&JigyosyoCd=1470200955-00&ServiceCd=320&Type=search" }, "geometry": { "type": "Point", "coordinates": [ 139.572961500000019, 35.4957594 ] } },
{ "type": "Feature", "properties": { "内容": "フェローズガーデン西寺尾【認知症対応型共同生活介護】神奈川県横浜市神奈川区西寺尾2-34-7", "url2": "https://www.kaigokensaku.mhlw.go.jp/14/index.php?action_kouhyou_detail_004_kani=true&JigyosyoCd=1470201110-00&ServiceCd=320&Type=search" }, "geometry": { "type": "Point", "coordinates": [ 139.64974559999996, 35.4991519 ] } },
{ "type": "Feature", "properties": { "内容": "ミモザ横浜菅田【認知症対応型共同生活介護】神奈川県横浜市神奈川区菅田町673-1", "url2": "https://www.kaigokensaku.mhlw.go.jp/14/index.php?action_kouhyou_detail_004_kani=true&JigyosyoCd=1470201144-00&ServiceCd=320&Type=search" }, "geometry": { "type": "Point", "coordinates": [ 139.5740836, 35.4940597 ] } },
{ "type": "Feature", "properties": { "内容": "フルハウス六角橋【認知症対応型共同生活介護】神奈川県横浜市神奈川区六角橋6-18-10", "url2": "https://www.kaigokensaku.mhlw.go.jp/14/index.php?action_kouhyou_detail_004_kani=true&JigyosyoCd=1470200302-00&ServiceCd=320&Type=search" }, "geometry": { "type": "Point", "coordinates": [ 139.619737200000031, 35.4934879 ] } },
{ "type": "Feature", "properties": { "内容": "グループホームみんなの家　横浜羽沢２【認知症対応型共同生活介護】神奈川県横浜市神奈川区羽沢町990-8", "url2": "https://www.kaigokensaku.mhlw.go.jp/14/index.php?action_kouhyou_detail_004_kani=true&JigyosyoCd=1490200035-00&ServiceCd=320&Type=search" }, "geometry": { "type": "Point", "coordinates": [ 139.590029700000059, 35.4897689 ] } },
{ "type": "Feature", "properties": { "内容": "愛の家グループホーム横浜菅田【認知症対応型共同生活介護】神奈川県横浜市神奈川区菅田町２９７５－７５", "url2": "https://www.kaigokensaku.mhlw.go.jp/14/index.php?action_kouhyou_detail_004_kani=true&JigyosyoCd=1470201177-00&ServiceCd=320&Type=search" }, "geometry": { "type": "Point", "coordinates": [ 139.601306335581938, 35.492849970580643 ] } },
{ "type": "Feature", "properties": { "内容": "グループホーム　フィニックス【認知症対応型共同生活介護】神奈川県横浜市西区東久保町35-20", "url2": "https://www.kaigokensaku.mhlw.go.jp/14/index.php?action_kouhyou_detail_004_kani=true&JigyosyoCd=1470300441-00&ServiceCd=320&Type=search" }, "geometry": { "type": "Point", "coordinates": [ 139.606128399999989, 35.4473101 ] } },
{ "type": "Feature", "properties": { "内容": "花物語にしよこはま【認知症対応型共同生活介護】神奈川県横浜市西区藤棚町2-178-7", "url2": "https://www.kaigokensaku.mhlw.go.jp/14/index.php?action_kouhyou_detail_004_kani=true&JigyosyoCd=1490300256-00&ServiceCd=320&Type=search" }, "geometry": { "type": "Point", "coordinates": [ 139.6142795, 35.4491543 ] } },
{ "type": "Feature", "properties": { "内容": "花物語　にし【認知症対応型共同生活介護】神奈川県横浜市西区久保町2-11ラ・トゥール西横浜１階・２階", "url2": "https://www.kaigokensaku.mhlw.go.jp/14/index.php?action_kouhyou_detail_004_kani=true&JigyosyoCd=1490300264-00&ServiceCd=320&Type=search" }, "geometry": { "type": "Point", "coordinates": [ 139.606845600000014, 35.4510636 ] } },
{ "type": "Feature", "properties": { "内容": "スカイホーム横浜【認知症対応型共同生活介護】神奈川県横浜市西区岡野２－８－３ＫＭプラザ３・４階", "url2": "https://www.kaigokensaku.mhlw.go.jp/14/index.php?action_kouhyou_detail_004_kani=true&JigyosyoCd=1470300375-00&ServiceCd=320&Type=search" }, "geometry": { "type": "Point", "coordinates": [ 139.614302, 35.4608002 ] } },
{ "type": "Feature", "properties": { "内容": "グループホーム　本牧つばき園【認知症対応型共同生活介護】神奈川県横浜市中区本牧大里町24－10", "url2": "https://www.kaigokensaku.mhlw.go.jp/14/index.php?action_kouhyou_detail_004_kani=true&JigyosyoCd=1490400049-00&ServiceCd=320&Type=search" }, "geometry": { "type": "Point", "coordinates": [ 139.663949099999968, 35.4162338 ] } },
{ "type": "Feature", "properties": { "内容": "グループホーム　ふぁいと山手の丘【認知症対応型共同生活介護】神奈川県横浜市中区西之谷町86－3", "url2": "https://www.kaigokensaku.mhlw.go.jp/14/index.php?action_kouhyou_detail_004_kani=true&JigyosyoCd=1490400254-00&ServiceCd=320&Type=search" }, "geometry": { "type": "Point", "coordinates": [ 139.652977800000031, 35.4300513 ] } },
{ "type": "Feature", "properties": { "内容": "クロスハート本牧・横浜【認知症対応型共同生活介護】神奈川県横浜市中区小港町3-177", "url2": "https://www.kaigokensaku.mhlw.go.jp/14/index.php?action_kouhyou_detail_004_kani=true&JigyosyoCd=1490400403-00&ServiceCd=320&Type=search" }, "geometry": { "type": "Point", "coordinates": [ 139.663134230024696, 35.42971018361132 ] } },
{ "type": "Feature", "properties": { "内容": "グループホームみなみ本牧【認知症対応型共同生活介護】神奈川県横浜市中区本牧町2－329", "url2": "https://www.kaigokensaku.mhlw.go.jp/14/index.php?action_kouhyou_detail_004_kani=true&JigyosyoCd=1490400320-00&ServiceCd=320&Type=search" }, "geometry": { "type": "Point", "coordinates": [ 139.661204199999929, 35.429990599999982 ] } },
{ "type": "Feature", "properties": { "内容": "花物語なか【認知症対応型共同生活介護】神奈川県横浜市中区本牧町2-319-1", "url2": "https://www.kaigokensaku.mhlw.go.jp/14/index.php?action_kouhyou_detail_004_kani=true&JigyosyoCd=1490400478-00&ServiceCd=320&Type=search" }, "geometry": { "type": "Point", "coordinates": [ 139.6617656, 35.4310776 ] } },
{ "type": "Feature", "properties": { "内容": "バナナ園　横浜山手【認知症対応型共同生活介護】神奈川県横浜市中区鷺山88", "url2": "https://www.kaigokensaku.mhlw.go.jp/14/index.php?action_kouhyou_detail_004_kani=true&JigyosyoCd=1490400205-00&ServiceCd=320&Type=search" }, "geometry": { "type": "Point", "coordinates": [ 139.646050400000036, 35.43104 ] } },
{ "type": "Feature", "properties": { "内容": "グループホームみのり若さん・宮さん【認知症対応型共同生活介護】神奈川県横浜市南区若宮町4-81-6", "url2": "https://www.kaigokensaku.mhlw.go.jp/14/index.php?action_kouhyou_detail_004_kani=true&JigyosyoCd=1490500061-00&ServiceCd=320&Type=search" }, "geometry": { "type": "Point", "coordinates": [ 139.603570083432402, 35.423887657786047 ] } },
{ "type": "Feature", "properties": { "内容": "花物語みなみ【認知症対応型共同生活介護】神奈川県横浜市南区大岡3-9-27", "url2": "https://www.kaigokensaku.mhlw.go.jp/14/index.php?action_kouhyou_detail_004_kani=true&JigyosyoCd=1490500517-00&ServiceCd=320&Type=search" }, "geometry": { "type": "Point", "coordinates": [ 139.602149700000041, 35.4163355 ] } },
{ "type": "Feature", "properties": { "内容": "花物語いどがや【認知症対応型共同生活介護】神奈川県横浜市南区井土ヶ谷中町108－1", "url2": "https://www.kaigokensaku.mhlw.go.jp/14/index.php?action_kouhyou_detail_004_kani=true&JigyosyoCd=1490500541-00&ServiceCd=320&Type=search" }, "geometry": { "type": "Point", "coordinates": [ 139.6006408, 35.4295785 ] } },
{ "type": "Feature", "properties": { "内容": "グループホームふぁいと永田【認知症対応型共同生活介護】神奈川県横浜市南区永田みなみ台1－15グループホームふぁいと永田", "url2": "https://www.kaigokensaku.mhlw.go.jp/14/index.php?action_kouhyou_detail_004_kani=true&JigyosyoCd=1490500558-00&ServiceCd=320&Type=search" }, "geometry": { "type": "Point", "coordinates": [ 139.585938199999987, 35.4304633 ] } },
{ "type": "Feature", "properties": { "内容": "グループホーム　クロスハート南・横浜【認知症対応型共同生活介護】神奈川県横浜市南区日枝町１－５", "url2": "https://www.kaigokensaku.mhlw.go.jp/14/index.php?action_kouhyou_detail_004_kani=true&JigyosyoCd=1490500178-00&ServiceCd=320&Type=search" }, "geometry": { "type": "Point", "coordinates": [ 139.620932499999981, 35.4379585 ] } },
{ "type": "Feature", "properties": { "内容": "グループホーム　たまてばこ【認知症対応型共同生活介護】神奈川県横浜市南区六ッ川2-107-43", "url2": "https://www.kaigokensaku.mhlw.go.jp/14/index.php?action_kouhyou_detail_004_kani=true&JigyosyoCd=1470501154-00&ServiceCd=320&Type=search" }, "geometry": { "type": "Point", "coordinates": [ 139.583167399999979, 35.4253682 ] } },
{ "type": "Feature", "properties": { "内容": "グループホームちいさな手横浜みなみ【認知症対応型共同生活介護】神奈川県横浜市南区永田東3丁目9‐8グループホームちいさな手横浜みなみ", "url2": "https://www.kaigokensaku.mhlw.go.jp/14/index.php?action_kouhyou_detail_004_kani=true&JigyosyoCd=1490500442-00&ServiceCd=320&Type=search" }, "geometry": { "type": "Point", "coordinates": [ 139.597839953303492, 35.43811619490031 ] } },
{ "type": "Feature", "properties": { "内容": "花物語しみずがおか【認知症対応型共同生活介護】神奈川県横浜市南区清水ヶ丘97-1花物語しみずがおか", "url2": "https://www.kaigokensaku.mhlw.go.jp/14/index.php?action_kouhyou_detail_004_kani=true&JigyosyoCd=1490500699-00&ServiceCd=320&Type=search" }, "geometry": { "type": "Point", "coordinates": [ 139.605942399999975, 35.4396786 ] } },
{ "type": "Feature", "properties": { "内容": "花物語まいた【認知症対応型共同生活介護】神奈川県横浜市南区花之木町1-15-5KMプラザ2.3F", "url2": "https://www.kaigokensaku.mhlw.go.jp/14/index.php?action_kouhyou_detail_004_kani=true&JigyosyoCd=1490500715-00&ServiceCd=320&Type=search" }, "geometry": { "type": "Point", "coordinates": [ 139.604414100000014, 35.432720600000017 ] } },
{ "type": "Feature", "properties": { "内容": "グループホームふぁいと天神橋【認知症対応型共同生活介護】神奈川県横浜市南区中村町５丁目３１７番地３", "url2": "https://www.kaigokensaku.mhlw.go.jp/14/index.php?action_kouhyou_detail_004_kani=true&JigyosyoCd=1490500103-00&ServiceCd=320&Type=search" }, "geometry": { "type": "Point", "coordinates": [ 139.623526800000036, 35.4280266 ] } },
{ "type": "Feature", "properties": { "内容": "ミモザ横浜永田北【認知症対応型共同生活介護】神奈川県横浜市南区永田北2-16-1", "url2": "https://www.kaigokensaku.mhlw.go.jp/14/index.php?action_kouhyou_detail_004_kani=true&JigyosyoCd=1470501212-00&ServiceCd=320&Type=search" }, "geometry": { "type": "Point", "coordinates": [ 139.5901278, 35.4383446 ] } },
{ "type": "Feature", "properties": { "内容": "セントケアホーム　保土ヶ谷【認知症対応型共同生活介護】神奈川県横浜市保土ヶ谷区上星川2-49-24", "url2": "https://www.kaigokensaku.mhlw.go.jp/14/index.php?action_kouhyou_detail_004_kani=true&JigyosyoCd=1490600028-00&ServiceCd=320&Type=search" }, "geometry": { "type": "Point", "coordinates": [ 139.578422400000022, 35.4747093 ] } },
{ "type": "Feature", "properties": { "内容": "「結」ケアセンターほどがや【認知症対応型共同生活介護】神奈川県横浜市保土ヶ谷区仏向町1380", "url2": "https://www.kaigokensaku.mhlw.go.jp/14/index.php?action_kouhyou_detail_004_kani=true&JigyosyoCd=1490600283-00&ServiceCd=320&Type=search" }, "geometry": { "type": "Point", "coordinates": [ 139.570592799999986, 35.4533033 ] } },
{ "type": "Feature", "properties": { "内容": "花物語　ほどがや【認知症対応型共同生活介護】神奈川県横浜市保土ヶ谷区上菅田町271-1", "url2": "https://www.kaigokensaku.mhlw.go.jp/14/index.php?action_kouhyou_detail_004_kani=true&JigyosyoCd=1490600523-00&ServiceCd=320&Type=search" }, "geometry": { "type": "Point", "coordinates": [ 139.5701944, 35.4859613 ] } },
{ "type": "Feature", "properties": { "内容": "ツクイ横浜保土ヶ谷グループホーム【認知症対応型共同生活介護】神奈川県横浜市保土ヶ谷区狩場町26-19", "url2": "https://www.kaigokensaku.mhlw.go.jp/14/index.php?action_kouhyou_detail_004_kani=true&JigyosyoCd=1490600598-00&ServiceCd=320&Type=search" }, "geometry": { "type": "Point", "coordinates": [ 139.582732820901526, 35.443650784420527 ] } },
{ "type": "Feature", "properties": { "内容": "せらび保土ヶ谷【認知症対応型共同生活介護】神奈川県横浜市保土ヶ谷区川島町1219-1", "url2": "https://www.kaigokensaku.mhlw.go.jp/14/index.php?action_kouhyou_detail_004_kani=true&JigyosyoCd=1490600671-00&ServiceCd=320&Type=search" }, "geometry": { "type": "Point", "coordinates": [ 139.4842887, 35.9924665 ] } },
{ "type": "Feature", "properties": { "内容": "グループホーム　みんなの家・横浜三ツ沢公園【認知症対応型共同生活介護】神奈川県横浜市保土ヶ谷区岡沢町288-30", "url2": "https://www.kaigokensaku.mhlw.go.jp/14/index.php?action_kouhyou_detail_004_kani=true&JigyosyoCd=1490600689-00&ServiceCd=320&Type=search" }, "geometry": { "type": "Point", "coordinates": [ 139.596865487696846, 35.47062948667881 ] } },
{ "type": "Feature", "properties": { "内容": "ミモザ横浜境木【認知症対応型共同生活介護】神奈川県横浜市保土ヶ谷区境木本町7番1号", "url2": "https://www.kaigokensaku.mhlw.go.jp/14/index.php?action_kouhyou_detail_004_kani=true&JigyosyoCd=1490600465-00&ServiceCd=320&Type=search" }, "geometry": { "type": "Point", "coordinates": [ 139.568162600000051, 35.4387189 ] } },
{ "type": "Feature", "properties": { "内容": "天王町グループホームえん【認知症対応型共同生活介護】神奈川県横浜市保土ヶ谷区岩間町1-8-12シーコムビル４階", "url2": "https://www.kaigokensaku.mhlw.go.jp/14/index.php?action_kouhyou_detail_004_kani=true&JigyosyoCd=1490600507-00&ServiceCd=320&Type=search" }, "geometry": { "type": "Point", "coordinates": [ 139.601857, 35.4516218 ] } },
{ "type": "Feature", "properties": { "内容": "グループホーム銀の鈴【認知症対応型共同生活介護】神奈川県横浜市保土ケ谷区今井町880番地", "url2": "https://www.kaigokensaku.mhlw.go.jp/14/index.php?action_kouhyou_detail_004_kani=true&JigyosyoCd=1470600915-00&ServiceCd=320&Type=search" }, "geometry": { "type": "Point", "coordinates": [ 139.556982055155913, 35.44964600069757 ] } },
{ "type": "Feature", "properties": { "内容": "グループホーム銀の鈴２号館【認知症対応型共同生活介護】神奈川県横浜市保土ケ谷区今井町892番地1", "url2": "https://www.kaigokensaku.mhlw.go.jp/14/index.php?action_kouhyou_detail_004_kani=true&JigyosyoCd=1490600077-00&ServiceCd=320&Type=search" }, "geometry": { "type": "Point", "coordinates": [ 139.557055979762254, 35.448974990519375 ] } },
{ "type": "Feature", "properties": { "内容": "グループホームちいさな手陽だまりの丘横浜保土ヶ谷【認知症対応型共同生活介護】神奈川県横浜市保土ヶ谷区仏向町1255-1", "url2": "https://www.kaigokensaku.mhlw.go.jp/14/index.php?action_kouhyou_detail_004_kani=true&JigyosyoCd=1490600135-00&ServiceCd=320&Type=search" }, "geometry": { "type": "Point", "coordinates": [ 139.584658200000035, 35.4634164 ] } },
{ "type": "Feature", "properties": { "内容": "グループホーム若草の丘【認知症対応型共同生活介護】神奈川県横浜市保土ヶ谷区保土ヶ谷町3-192", "url2": "https://www.kaigokensaku.mhlw.go.jp/14/index.php?action_kouhyou_detail_004_kani=true&JigyosyoCd=1490600267-00&ServiceCd=320&Type=search" }, "geometry": { "type": "Point", "coordinates": [ 139.581202159663349, 35.446186138569381 ] } },
{ "type": "Feature", "properties": { "内容": "高齢者グループホーム　かわしまの園【認知症対応型共同生活介護】神奈川県横浜市保土ヶ谷区東川島町１４－２", "url2": "https://www.kaigokensaku.mhlw.go.jp/14/index.php?action_kouhyou_detail_004_kani=true&JigyosyoCd=1470600717-00&ServiceCd=320&Type=search" }, "geometry": { "type": "Point", "coordinates": [ 139.5714147, 35.4735648 ] } },
{ "type": "Feature", "properties": { "内容": "グル－プホ－ム星川園【認知症対応型共同生活介護】神奈川県横浜市保土ヶ谷区峰岡町1-13-1サンワールドビル2・3Ｆ", "url2": "https://www.kaigokensaku.mhlw.go.jp/14/index.php?action_kouhyou_detail_004_kani=true&JigyosyoCd=1490600127-00&ServiceCd=320&Type=search" }, "geometry": { "type": "Point", "coordinates": [ 139.598717800000031, 35.4603614 ] } },
{ "type": "Feature", "properties": { "内容": "グループホームひばり苑花見台【認知症対応型共同生活介護】神奈川県横浜市保土ヶ谷区花見台4-3", "url2": "https://www.kaigokensaku.mhlw.go.jp/14/index.php?action_kouhyou_detail_004_kani=true&JigyosyoCd=1490600440-00&ServiceCd=320&Type=search" }, "geometry": { "type": "Point", "coordinates": [ 139.3144221, 36.0794127 ] } },
{ "type": "Feature", "properties": { "内容": "グループホームみなみ杉田【認知症対応型共同生活介護】神奈川県横浜市磯子区杉田３－１７－１２", "url2": "https://www.kaigokensaku.mhlw.go.jp/14/index.php?action_kouhyou_detail_004_kani=true&JigyosyoCd=1490700083-00&ServiceCd=320&Type=search" }, "geometry": { "type": "Point", "coordinates": [ 139.614889400000038, 35.379083 ] } },
{ "type": "Feature", "properties": { "内容": "グループホーム磯風の謡【認知症対応型共同生活介護】神奈川県横浜市磯子区森５丁目５－５３", "url2": "https://www.kaigokensaku.mhlw.go.jp/14/index.php?action_kouhyou_detail_004_kani=true&JigyosyoCd=1470700327-00&ServiceCd=320&Type=search" }, "geometry": { "type": "Point", "coordinates": [ 139.609236293254071, 35.392761019237611 ] } },
{ "type": "Feature", "properties": { "内容": "グループホーム洋光台【認知症対応型共同生活介護】神奈川県横浜市磯子区上中里町８２０－１", "url2": "https://www.kaigokensaku.mhlw.go.jp/14/index.php?action_kouhyou_detail_004_kani=true&JigyosyoCd=1470700541-00&ServiceCd=320&Type=search" }, "geometry": { "type": "Point", "coordinates": [ 139.6141536, 35.3678816 ] } },
{ "type": "Feature", "properties": { "内容": "グループホーム銀らんの丘【認知症対応型共同生活介護】神奈川県横浜市磯子区広地町１１－４１", "url2": "https://www.kaigokensaku.mhlw.go.jp/14/index.php?action_kouhyou_detail_004_kani=true&JigyosyoCd=1490700018-00&ServiceCd=320&Type=search" }, "geometry": { "type": "Point", "coordinates": [ 139.620588099999964, 35.4186724 ] } },
{ "type": "Feature", "properties": { "内容": "ニチイケアセンター洋光台【認知症対応型共同生活介護】神奈川県横浜市磯子区洋光台3-16-32", "url2": "https://www.kaigokensaku.mhlw.go.jp/14/index.php?action_kouhyou_detail_004_kani=true&JigyosyoCd=1490700091-00&ServiceCd=320&Type=search" }, "geometry": { "type": "Point", "coordinates": [ 139.597343899999942, 35.3800574 ] } },
{ "type": "Feature", "properties": { "内容": "スマイル根岸の家【認知症対応型共同生活介護】神奈川県横浜市磯子区下町11-16", "url2": "https://www.kaigokensaku.mhlw.go.jp/14/index.php?action_kouhyou_detail_004_kani=true&JigyosyoCd=1490700240-00&ServiceCd=320&Type=search" }, "geometry": { "type": "Point", "coordinates": [ 139.63106753495299, 35.418808122917071 ] } },
{ "type": "Feature", "properties": { "内容": "ケアパートナー磯子中原・グループホーム【認知症対応型共同生活介護】神奈川県横浜市磯子区中原三丁目３番11号ケアパートナー磯子中原・グループホーム", "url2": "https://www.kaigokensaku.mhlw.go.jp/14/index.php?action_kouhyou_detail_004_kani=true&JigyosyoCd=1490700356-00&ServiceCd=320&Type=search" }, "geometry": { "type": "Point", "coordinates": [ 139.612051100000031, 35.3896318 ] } },
{ "type": "Feature", "properties": { "内容": "花物語いそご南【認知症対応型共同生活介護】神奈川県横浜市磯子区氷取沢町15-1", "url2": "https://www.kaigokensaku.mhlw.go.jp/14/index.php?action_kouhyou_detail_004_kani=true&JigyosyoCd=1490700372-00&ServiceCd=320&Type=search" }, "geometry": { "type": "Point", "coordinates": [ 139.6101122, 35.365499 ] } },
{ "type": "Feature", "properties": { "内容": "グループホーム　磯子【認知症対応型共同生活介護】神奈川県横浜市磯子区原町3-20", "url2": "https://www.kaigokensaku.mhlw.go.jp/14/index.php?action_kouhyou_detail_004_kani=true&JigyosyoCd=1490700380-00&ServiceCd=320&Type=search" }, "geometry": { "type": "Point", "coordinates": [ 139.722633, 35.6999931 ] } },
{ "type": "Feature", "properties": { "内容": "グループホーム　かぐやひめ【認知症対応型共同生活介護】神奈川県横浜市磯子区氷取沢町451-3", "url2": "https://www.kaigokensaku.mhlw.go.jp/14/index.php?action_kouhyou_detail_004_kani=true&JigyosyoCd=1470700756-00&ServiceCd=320&Type=search" }, "geometry": { "type": "Point", "coordinates": [ 139.609823399999982, 35.362251700000023 ] } },
{ "type": "Feature", "properties": { "内容": "グループホームみのり丸ちゃん山ちゃん【認知症対応型共同生活介護】神奈川県横浜市磯子区丸山1丁目16－5", "url2": "https://www.kaigokensaku.mhlw.go.jp/14/index.php?action_kouhyou_detail_004_kani=true&JigyosyoCd=1490700067-00&ServiceCd=320&Type=search" }, "geometry": { "type": "Point", "coordinates": [ 139.6207187, 35.4248743 ] } },
{ "type": "Feature", "properties": { "内容": "花物語いそご【認知症対応型共同生活介護】神奈川県横浜市磯子区磯子3-2-30", "url2": "https://www.kaigokensaku.mhlw.go.jp/14/index.php?action_kouhyou_detail_004_kani=true&JigyosyoCd=1490700307-00&ServiceCd=320&Type=search" }, "geometry": { "type": "Point", "coordinates": [ 139.759593099999961, 35.5986199 ] } },
{ "type": "Feature", "properties": { "内容": "グループホーム　エクセレント横濱磯子【認知症対応型共同生活介護】神奈川県横浜市磯子区岡村3-2-4", "url2": "https://www.kaigokensaku.mhlw.go.jp/14/index.php?action_kouhyou_detail_004_kani=true&JigyosyoCd=1490700471-00&ServiceCd=320&Type=search" }, "geometry": { "type": "Point", "coordinates": [ 139.6186434, 35.4184385 ] } },
{ "type": "Feature", "properties": { "内容": "ライブラリ横浜丸山【認知症対応型共同生活介護】神奈川県横浜市磯子区丸山1丁目10番地15", "url2": "https://www.kaigokensaku.mhlw.go.jp/14/index.php?action_kouhyou_detail_004_kani=true&JigyosyoCd=1490700505-00&ServiceCd=320&Type=search" }, "geometry": { "type": "Point", "coordinates": [ 139.621850546032704, 35.426403129977402 ] } },
{ "type": "Feature", "properties": { "内容": "カームガーデン磯子杉田【認知症対応型共同生活介護】神奈川県横浜市磯子区中原2-24-15参道口ビル", "url2": "https://www.kaigokensaku.mhlw.go.jp/14/index.php?action_kouhyou_detail_004_kani=true&JigyosyoCd=1490700315-00&ServiceCd=320&Type=search" }, "geometry": { "type": "Point", "coordinates": [ 139.615148, 35.3852782 ] } },
{ "type": "Feature", "properties": { "内容": "グループホーム　つくしの家【認知症対応型共同生活介護】神奈川県横浜市金沢区能見台6-50-1", "url2": "https://www.kaigokensaku.mhlw.go.jp/14/index.php?action_kouhyou_detail_004_kani=true&JigyosyoCd=1490800222-00&ServiceCd=320&Type=search" }, "geometry": { "type": "Point", "coordinates": [ 139.607054466795347, 35.353298236412051 ] } },
{ "type": "Feature", "properties": { "内容": "ミモザ横浜朝比奈【認知症対応型共同生活介護】神奈川県横浜市金沢区東朝比奈三丁目11番33号", "url2": "https://www.kaigokensaku.mhlw.go.jp/14/index.php?action_kouhyou_detail_004_kani=true&JigyosyoCd=1490800388-00&ServiceCd=320&Type=search" }, "geometry": { "type": "Point", "coordinates": [ 139.599666, 35.3254753 ] } },
{ "type": "Feature", "properties": { "内容": "グループホームソラスト西柴【認知症対応型共同生活介護】神奈川県横浜市金沢区西柴2-28-8グループホームソラスト西柴", "url2": "https://www.kaigokensaku.mhlw.go.jp/14/index.php?action_kouhyou_detail_004_kani=true&JigyosyoCd=1490800396-00&ServiceCd=320&Type=search" }, "geometry": { "type": "Point", "coordinates": [ 139.6338101, 35.3490348 ] } },
{ "type": "Feature", "properties": { "内容": "グループホーム　金沢けやき園【認知症対応型共同生活介護】神奈川県横浜市金沢区釜利谷東４－３－２６", "url2": "https://www.kaigokensaku.mhlw.go.jp/14/index.php?action_kouhyou_detail_004_kani=true&JigyosyoCd=1470800820-00&ServiceCd=320&Type=search" }, "geometry": { "type": "Point", "coordinates": [ 139.6127176, 35.3464291 ] } },
{ "type": "Feature", "properties": { "内容": "ニチイケアセンター富岡東【認知症対応型共同生活介護】神奈川県横浜市金沢区富岡東4-2-1ニチイケアセンター富岡東", "url2": "https://www.kaigokensaku.mhlw.go.jp/14/index.php?action_kouhyou_detail_004_kani=true&JigyosyoCd=1470801182-00&ServiceCd=320&Type=search" }, "geometry": { "type": "Point", "coordinates": [ 139.635548800000038, 35.3720233 ] } },
{ "type": "Feature", "properties": { "内容": "グループホームちいさな手横浜かなざわ【認知症対応型共同生活介護】神奈川県横浜市金沢区釜利谷東７－２３－３", "url2": "https://www.kaigokensaku.mhlw.go.jp/14/index.php?action_kouhyou_detail_004_kani=true&JigyosyoCd=1490800016-00&ServiceCd=320&Type=search" }, "geometry": { "type": "Point", "coordinates": [ 139.605426599999987, 35.3418293 ] } },
{ "type": "Feature", "properties": { "内容": "グループホームソラスト富岡【認知症対応型共同生活介護】神奈川県横浜市金沢区富岡西6-43-31", "url2": "https://www.kaigokensaku.mhlw.go.jp/14/index.php?action_kouhyou_detail_004_kani=true&JigyosyoCd=1490800404-00&ServiceCd=320&Type=search" }, "geometry": { "type": "Point", "coordinates": [ 139.618892, 35.363949 ] } },
{ "type": "Feature", "properties": { "内容": "グリーンペペ【認知症対応型共同生活介護】神奈川県横浜市金沢区柳町２６－１５", "url2": "https://www.kaigokensaku.mhlw.go.jp/14/index.php?action_kouhyou_detail_004_kani=true&JigyosyoCd=1470800713-00&ServiceCd=320&Type=search" }, "geometry": { "type": "Point", "coordinates": [ 139.624605400000064, 35.3253903 ] } },
{ "type": "Feature", "properties": { "内容": "グループホームクロスハート金沢・横浜【認知症対応型共同生活介護】神奈川県横浜市金沢区東朝比奈２－５４－２", "url2": "https://www.kaigokensaku.mhlw.go.jp/14/index.php?action_kouhyou_detail_004_kani=true&JigyosyoCd=1470800838-00&ServiceCd=320&Type=search" }, "geometry": { "type": "Point", "coordinates": [ 139.595110799999929, 35.3249585 ] } },
{ "type": "Feature", "properties": { "内容": "リングリング【認知症対応型共同生活介護】神奈川県横浜市金沢区富岡東6-4-29", "url2": "https://www.kaigokensaku.mhlw.go.jp/14/index.php?action_kouhyou_detail_004_kani=true&JigyosyoCd=1470800929-00&ServiceCd=320&Type=search" }, "geometry": { "type": "Point", "coordinates": [ 139.630341, 35.3666017 ] } },
{ "type": "Feature", "properties": { "内容": "グループホームぬくもりの家・金沢文庫【認知症対応型共同生活介護】神奈川県横浜市金沢区寺前２丁目23-35", "url2": "https://www.kaigokensaku.mhlw.go.jp/14/index.php?action_kouhyou_detail_004_kani=true&JigyosyoCd=1470801208-00&ServiceCd=320&Type=search" }, "geometry": { "type": "Point", "coordinates": [ 139.629357700000014, 35.340555399999985 ] } },
{ "type": "Feature", "properties": { "内容": "花物語かなざわ南【認知症対応型共同生活介護】神奈川県横浜市金沢区六浦1-18-2", "url2": "https://www.kaigokensaku.mhlw.go.jp/14/index.php?action_kouhyou_detail_004_kani=true&JigyosyoCd=1490800594-00&ServiceCd=320&Type=search" }, "geometry": { "type": "Point", "coordinates": [ 139.6200255, 35.3246584 ] } },
{ "type": "Feature", "properties": { "内容": "花物語ぼたん【認知症対応型共同生活介護】神奈川県横浜市金沢区町屋町11-16", "url2": "https://www.kaigokensaku.mhlw.go.jp/14/index.php?action_kouhyou_detail_004_kani=true&JigyosyoCd=1490800610-00&ServiceCd=320&Type=search" }, "geometry": { "type": "Point", "coordinates": [ 139.6278235, 35.3356265 ] } },
{ "type": "Feature", "properties": { "内容": "グループホームこのはな富岡東【認知症対応型共同生活介護】神奈川県横浜市金沢区富岡東6-12-3", "url2": "https://www.kaigokensaku.mhlw.go.jp/14/index.php?action_kouhyou_detail_004_kani=true&JigyosyoCd=1490800552-00&ServiceCd=320&Type=search" }, "geometry": { "type": "Point", "coordinates": [ 139.6299874, 35.3637178 ] } },
{ "type": "Feature", "properties": { "内容": "グループホームちいさな手悠木の街横浜かなざわ【認知症対応型共同生活介護】神奈川県横浜市金沢区寺前1-11-32", "url2": "https://www.kaigokensaku.mhlw.go.jp/14/index.php?action_kouhyou_detail_004_kani=true&JigyosyoCd=1490800479-00&ServiceCd=320&Type=search" }, "geometry": { "type": "Point", "coordinates": [ 139.627517200000057, 35.339498 ] } },
{ "type": "Feature", "properties": { "内容": "花物語こうほく中央【認知症対応型共同生活介護】神奈川県横浜市港北区新吉田東8-20-33", "url2": "https://www.kaigokensaku.mhlw.go.jp/14/index.php?action_kouhyou_detail_004_kani=true&JigyosyoCd=1490900832-00&ServiceCd=320&Type=search" }, "geometry": { "type": "Point", "coordinates": [ 139.6121805, 35.5365362 ] } },
{ "type": "Feature", "properties": { "内容": "花物語　こうほく【認知症対応型共同生活介護】神奈川県横浜市港北区新吉田東8-31-13", "url2": "https://www.kaigokensaku.mhlw.go.jp/14/index.php?action_kouhyou_detail_004_kani=true&JigyosyoCd=1490900857-00&ServiceCd=320&Type=search" }, "geometry": { "type": "Point", "coordinates": [ 139.612861, 35.5350238 ] } },
{ "type": "Feature", "properties": { "内容": "高齢者グループホームカメリア壱番館【認知症対応型共同生活介護】神奈川県横浜市港北区新羽町3954-7", "url2": "https://www.kaigokensaku.mhlw.go.jp/14/index.php?action_kouhyou_detail_004_kani=true&JigyosyoCd=1470901248-00&ServiceCd=320&Type=search" }, "geometry": { "type": "Point", "coordinates": [ 139.602146800000014, 35.5308032 ] } },
{ "type": "Feature", "properties": { "内容": "高齢者グループホームカメリア弐番館【認知症対応型共同生活介護】神奈川県横浜市港北区新羽町4092-1", "url2": "https://www.kaigokensaku.mhlw.go.jp/14/index.php?action_kouhyou_detail_004_kani=true&JigyosyoCd=1470901438-00&ServiceCd=320&Type=search" }, "geometry": { "type": "Point", "coordinates": [ 139.602188599999977, 35.5285924 ] } },
{ "type": "Feature", "properties": { "内容": "フェローズガーデン篠原【認知症対応型共同生活介護】神奈川県横浜市港北区篠原町2793-2", "url2": "https://www.kaigokensaku.mhlw.go.jp/14/index.php?action_kouhyou_detail_004_kani=true&JigyosyoCd=1490900360-00&ServiceCd=320&Type=search" }, "geometry": { "type": "Point", "coordinates": [ 139.620864200000028, 35.5079478 ] } },
{ "type": "Feature", "properties": { "内容": "グループホーム　めぐみ【認知症対応型共同生活介護】神奈川県横浜市港北区高田東３－３３－３", "url2": "https://www.kaigokensaku.mhlw.go.jp/14/index.php?action_kouhyou_detail_004_kani=true&JigyosyoCd=1490900212-00&ServiceCd=320&Type=search" }, "geometry": { "type": "Point", "coordinates": [ 139.624651800000038, 35.5546055 ] } },
{ "type": "Feature", "properties": { "内容": "オクセン【認知症対応型共同生活介護】神奈川県横浜市港北区樽町2-10-26", "url2": "https://www.kaigokensaku.mhlw.go.jp/14/index.php?action_kouhyou_detail_004_kani=true&JigyosyoCd=1490900345-00&ServiceCd=320&Type=search" }, "geometry": { "type": "Point", "coordinates": [ 139.634489947238762, 35.53140895315056 ] } },
{ "type": "Feature", "properties": { "内容": "愛の家グループホーム横浜大倉山【認知症対応型共同生活介護】神奈川県横浜市港北区大倉山7-36-8愛の家グループホーム横浜大倉山", "url2": "https://www.kaigokensaku.mhlw.go.jp/14/index.php?action_kouhyou_detail_004_kani=true&JigyosyoCd=1490900402-00&ServiceCd=320&Type=search" }, "geometry": { "type": "Point", "coordinates": [ 139.619108899999986, 35.5235293 ] } },
{ "type": "Feature", "properties": { "内容": "グループホーム　のぞみ【認知症対応型共同生活介護】神奈川県横浜市港北区日吉本町6-66-3", "url2": "https://www.kaigokensaku.mhlw.go.jp/14/index.php?action_kouhyou_detail_004_kani=true&JigyosyoCd=1490900618-00&ServiceCd=320&Type=search" }, "geometry": { "type": "Point", "coordinates": [ 139.6262667, 35.5545367 ] } },
{ "type": "Feature", "properties": { "内容": "グループホームみんなの家・横浜小机【認知症対応型共同生活介護】神奈川県横浜市港北区小机町2170", "url2": "https://www.kaigokensaku.mhlw.go.jp/14/index.php?action_kouhyou_detail_004_kani=true&JigyosyoCd=1490900055-00&ServiceCd=320&Type=search" }, "geometry": { "type": "Point", "coordinates": [ 139.600586499999963, 35.5108609 ] } },
{ "type": "Feature", "properties": { "内容": "花物語ひよし【認知症対応型共同生活介護】神奈川県横浜市港北区日吉本町3-26-17", "url2": "https://www.kaigokensaku.mhlw.go.jp/14/index.php?action_kouhyou_detail_004_kani=true&JigyosyoCd=1490900642-00&ServiceCd=320&Type=search" }, "geometry": { "type": "Point", "coordinates": [ 139.637884899999989, 35.5500161 ] } },
{ "type": "Feature", "properties": { "内容": "グループホームあすなろ【認知症対応型共同生活介護】神奈川県横浜市港北区新吉田東6-15-1", "url2": "https://www.kaigokensaku.mhlw.go.jp/14/index.php?action_kouhyou_detail_004_kani=true&JigyosyoCd=1470901214-00&ServiceCd=320&Type=search" }, "geometry": { "type": "Point", "coordinates": [ 139.621744300000046, 35.5374392 ] } },
{ "type": "Feature", "properties": { "内容": "グループホームわかたけ小机【認知症対応型共同生活介護】神奈川県横浜市港北区鳥山町１０３１", "url2": "https://www.kaigokensaku.mhlw.go.jp/14/index.php?action_kouhyou_detail_004_kani=true&JigyosyoCd=1470901271-00&ServiceCd=320&Type=search" }, "geometry": { "type": "Point", "coordinates": [ 139.604505600000039, 35.5070503 ] } },
{ "type": "Feature", "properties": { "内容": "グループホームあすなろ弐番館【認知症対応型共同生活介護】神奈川県横浜市港北区新吉田東6-15-14", "url2": "https://www.kaigokensaku.mhlw.go.jp/14/index.php?action_kouhyou_detail_004_kani=true&JigyosyoCd=1490900030-00&ServiceCd=320&Type=search" }, "geometry": { "type": "Point", "coordinates": [ 139.621744300000046, 35.537439199999945 ] } },
{ "type": "Feature", "properties": { "内容": "ニチイケアセンター樽町【認知症対応型共同生活介護】神奈川県横浜市港北区樽町4-9-30", "url2": "https://www.kaigokensaku.mhlw.go.jp/14/index.php?action_kouhyou_detail_004_kani=true&JigyosyoCd=1490900154-00&ServiceCd=320&Type=search" }, "geometry": { "type": "Point", "coordinates": [ 139.640779, 35.5280152 ] } },
{ "type": "Feature", "properties": { "内容": "グループホーム日吉あやめ【認知症対応型共同生活介護】神奈川県横浜市港北区日吉本町6-65-5", "url2": "https://www.kaigokensaku.mhlw.go.jp/14/index.php?action_kouhyou_detail_004_kani=true&JigyosyoCd=1490900394-00&ServiceCd=320&Type=search" }, "geometry": { "type": "Point", "coordinates": [ 139.626673899999986, 35.5548777 ] } },
{ "type": "Feature", "properties": { "内容": "ライフケア＠しんよこはま【認知症対応型共同生活介護】神奈川県横浜市港北区鳥山町1047-1ライフケア＠しんよこはま", "url2": "https://www.kaigokensaku.mhlw.go.jp/14/index.php?action_kouhyou_detail_004_kani=true&JigyosyoCd=1490900535-00&ServiceCd=320&Type=search" }, "geometry": { "type": "Point", "coordinates": [ 139.605441599999949, 35.5063726 ] } },
{ "type": "Feature", "properties": { "内容": "グループホームきらら日吉【認知症対応型共同生活介護】神奈川県横浜市港北区箕輪町３－１３－２３", "url2": "https://www.kaigokensaku.mhlw.go.jp/14/index.php?action_kouhyou_detail_004_kani=true&JigyosyoCd=1470901347-00&ServiceCd=320&Type=search" }, "geometry": { "type": "Point", "coordinates": [ 139.643250399999943, 35.5474901 ] } },
{ "type": "Feature", "properties": { "内容": "スマイル住まいる新横浜【認知症対応型共同生活介護】神奈川県横浜市港北区北新横浜２－５－２３", "url2": "https://www.kaigokensaku.mhlw.go.jp/14/index.php?action_kouhyou_detail_004_kani=true&JigyosyoCd=1470901362-00&ServiceCd=320&Type=search" }, "geometry": { "type": "Point", "coordinates": [ 139.616217799999959, 35.5158245 ] } },
{ "type": "Feature", "properties": { "内容": "グループホームみんなの家・横浜綱島【認知症対応型共同生活介護】神奈川県横浜市港北区綱島東4-9-17", "url2": "https://www.kaigokensaku.mhlw.go.jp/14/index.php?action_kouhyou_detail_004_kani=true&JigyosyoCd=1490900741-00&ServiceCd=320&Type=search" }, "geometry": { "type": "Point", "coordinates": [ 139.6446114, 35.5420426 ] } },
{ "type": "Feature", "properties": { "内容": "ニチイケアセンタ－新横浜新羽【認知症対応型共同生活介護】神奈川県横浜市港北区新羽町2363番地なし", "url2": "https://www.kaigokensaku.mhlw.go.jp/14/index.php?action_kouhyou_detail_004_kani=true&JigyosyoCd=1490900758-00&ServiceCd=320&Type=search" }, "geometry": { "type": "Point", "coordinates": [ 139.6089084, 35.5320671 ] } },
{ "type": "Feature", "properties": { "内容": "花物語こうほくナーシング【認知症対応型共同生活介護】神奈川県横浜市港北区篠原町3093-1", "url2": "https://www.kaigokensaku.mhlw.go.jp/14/index.php?action_kouhyou_detail_004_kani=true&JigyosyoCd=1490900469-00&ServiceCd=320&Type=search" }, "geometry": { "type": "Point", "coordinates": [ 139.615438069142101, 35.502649051273309 ] } },
{ "type": "Feature", "properties": { "内容": "もえぎケアセンター幸ヶ丘【認知症対応型共同生活介護】神奈川県横浜市戸塚区下倉田町1516", "url2": "https://www.kaigokensaku.mhlw.go.jp/14/index.php?action_kouhyou_detail_004_kani=true&JigyosyoCd=1491000632-00&ServiceCd=320&Type=search" }, "geometry": { "type": "Point", "coordinates": [ 139.5398348, 35.3840287 ] } },
{ "type": "Feature", "properties": { "内容": "ライフインハウス平戸【認知症対応型共同生活介護】神奈川県横浜市戸塚区平戸町１１５６－２", "url2": "https://www.kaigokensaku.mhlw.go.jp/14/index.php?action_kouhyou_detail_004_kani=true&JigyosyoCd=1491000210-00&ServiceCd=320&Type=search" }, "geometry": { "type": "Point", "coordinates": [ 139.567239484655829, 35.421977485519221 ] } },
{ "type": "Feature", "properties": { "内容": "グループホームみかみ【認知症対応型共同生活介護】神奈川県横浜市戸塚区深谷町１２３４－１", "url2": "https://www.kaigokensaku.mhlw.go.jp/14/index.php?action_kouhyou_detail_004_kani=true&JigyosyoCd=1491000327-00&ServiceCd=320&Type=search" }, "geometry": { "type": "Point", "coordinates": [ 139.498143600000049, 35.3837007 ] } },
{ "type": "Feature", "properties": { "内容": "もえぎケアセンター平戸【認知症対応型共同生活介護】神奈川県横浜市戸塚区平戸町1029-1", "url2": "https://www.kaigokensaku.mhlw.go.jp/14/index.php?action_kouhyou_detail_004_kani=true&JigyosyoCd=1491000608-00&ServiceCd=320&Type=search" }, "geometry": { "type": "Point", "coordinates": [ 129.5201644, 33.3303821 ] } },
{ "type": "Feature", "properties": { "内容": "スマイル汲沢の家【認知症対応型共同生活介護】神奈川県横浜市戸塚区汲沢町1050-3", "url2": "https://www.kaigokensaku.mhlw.go.jp/14/index.php?action_kouhyou_detail_004_kani=true&JigyosyoCd=1491000715-00&ServiceCd=320&Type=search" }, "geometry": { "type": "Point", "coordinates": [ 139.517758800000024, 35.388705 ] } },
{ "type": "Feature", "properties": { "内容": "花物語とつか南【認知症対応型共同生活介護】神奈川県横浜市戸塚区深谷町1414-6", "url2": "https://www.kaigokensaku.mhlw.go.jp/14/index.php?action_kouhyou_detail_004_kani=true&JigyosyoCd=1491000731-00&ServiceCd=320&Type=search" }, "geometry": { "type": "Point", "coordinates": [ 139.4958603, 35.3892461 ] } },
{ "type": "Feature", "properties": { "内容": "オセアンビクトリア南戸塚【認知症対応型共同生活介護】神奈川県横浜市戸塚区戸塚町3352-2オセアンビクトリア南戸塚", "url2": "https://www.kaigokensaku.mhlw.go.jp/14/index.php?action_kouhyou_detail_004_kani=true&JigyosyoCd=1491000764-00&ServiceCd=320&Type=search" }, "geometry": { "type": "Point", "coordinates": [ 139.5257162, 35.3931938 ] } },
{ "type": "Feature", "properties": { "内容": "花物語とつか【認知症対応型共同生活介護】神奈川県横浜市戸塚区上矢部町2926-1", "url2": "https://www.kaigokensaku.mhlw.go.jp/14/index.php?action_kouhyou_detail_004_kani=true&JigyosyoCd=1491000814-00&ServiceCd=320&Type=search" }, "geometry": { "type": "Point", "coordinates": [ 139.533315548600882, 35.413338845055854 ] } },
{ "type": "Feature", "properties": { "内容": "こすずめの里【認知症対応型共同生活介護】神奈川県横浜市戸塚区小雀町２０５８－１１", "url2": "https://www.kaigokensaku.mhlw.go.jp/14/index.php?action_kouhyou_detail_004_kani=true&JigyosyoCd=1471001378-00&ServiceCd=320&Type=search" }, "geometry": { "type": "Point", "coordinates": [ 139.509273099999973, 35.3704249 ] } },
{ "type": "Feature", "properties": { "内容": "シニアウイルおどりば戸塚【認知症対応型共同生活介護】神奈川県横浜市戸塚区汲沢８－３１－１８－１９", "url2": "https://www.kaigokensaku.mhlw.go.jp/14/index.php?action_kouhyou_detail_004_kani=true&JigyosyoCd=1471001626-00&ServiceCd=320&Type=search" }, "geometry": { "type": "Point", "coordinates": [ 139.515742, 35.4014036 ] } },
{ "type": "Feature", "properties": { "内容": "グループホーム　れんげ【認知症対応型共同生活介護】神奈川県横浜市戸塚区戸塚町９０４－２グループホームれんげ", "url2": "https://www.kaigokensaku.mhlw.go.jp/14/index.php?action_kouhyou_detail_004_kani=true&JigyosyoCd=1471001642-00&ServiceCd=320&Type=search" }, "geometry": { "type": "Point", "coordinates": [ 139.5307381, 35.3815567 ] } },
{ "type": "Feature", "properties": { "内容": "株式会社アイシマ　グループホーム　すみれ【認知症対応型共同生活介護】神奈川県横浜市戸塚区戸塚町９０１－２", "url2": "https://www.kaigokensaku.mhlw.go.jp/14/index.php?action_kouhyou_detail_004_kani=true&JigyosyoCd=1491000251-00&ServiceCd=320&Type=search" }, "geometry": { "type": "Point", "coordinates": [ 139.53065122142641, 35.381550784256682 ] } },
{ "type": "Feature", "properties": { "内容": "グループホーム　ふぁいと戸塚ガーデン【認知症対応型共同生活介護】神奈川県横浜市戸塚区上倉田町2116-1", "url2": "https://www.kaigokensaku.mhlw.go.jp/14/index.php?action_kouhyou_detail_004_kani=true&JigyosyoCd=1491000681-00&ServiceCd=320&Type=search" }, "geometry": { "type": "Point", "coordinates": [ 139.545023751551071, 35.396823588043084 ] } },
{ "type": "Feature", "properties": { "内容": "グループホーム　プルメリア【認知症対応型共同生活介護】神奈川県横浜市戸塚区吉田町1047-4", "url2": "https://www.kaigokensaku.mhlw.go.jp/14/index.php?action_kouhyou_detail_004_kani=true&JigyosyoCd=1491000707-00&ServiceCd=320&Type=search" }, "geometry": { "type": "Point", "coordinates": [ 139.540987, 35.4054234 ] } },
{ "type": "Feature", "properties": { "内容": "花物語さくら【認知症対応型共同生活介護】神奈川県横浜市戸塚区川上町837", "url2": "https://www.kaigokensaku.mhlw.go.jp/14/index.php?action_kouhyou_detail_004_kani=true&JigyosyoCd=1491001002-00&ServiceCd=320&Type=search" }, "geometry": { "type": "Point", "coordinates": [ 139.5446073, 35.4368948 ] } },
{ "type": "Feature", "properties": { "内容": "グループホーム横浜汲沢　彩り【認知症対応型共同生活介護】神奈川県横浜市戸塚区汲沢町500－3", "url2": "https://www.kaigokensaku.mhlw.go.jp/14/index.php?action_kouhyou_detail_004_kani=true&JigyosyoCd=1491000178-00&ServiceCd=320&Type=search" }, "geometry": { "type": "Point", "coordinates": [ 139.50682889999996, 35.3953017 ] } },
{ "type": "Feature", "properties": { "内容": "セントケアホーム東戸塚【認知症対応型共同生活介護】神奈川県横浜市戸塚区川上町760", "url2": "https://www.kaigokensaku.mhlw.go.jp/14/index.php?action_kouhyou_detail_004_kani=true&JigyosyoCd=1491000095-00&ServiceCd=320&Type=search" }, "geometry": { "type": "Point", "coordinates": [ 139.5490668, 35.4348662 ] } },
{ "type": "Feature", "properties": { "内容": "もえぎケアセンター下倉田【認知症対応型共同生活介護】神奈川県横浜市戸塚区下倉田町７９４－１", "url2": "https://www.kaigokensaku.mhlw.go.jp/14/index.php?action_kouhyou_detail_004_kani=true&JigyosyoCd=1471000545-00&ServiceCd=320&Type=search" }, "geometry": { "type": "Point", "coordinates": [ 139.539630952114862, 35.383337675778314 ] } },
{ "type": "Feature", "properties": { "内容": "スカイホーム湘南【認知症対応型共同生活介護】神奈川県横浜市戸塚区名瀬町３６－４ＫＭプラザ４・５階", "url2": "https://www.kaigokensaku.mhlw.go.jp/14/index.php?action_kouhyou_detail_004_kani=true&JigyosyoCd=1471000487-00&ServiceCd=320&Type=search" }, "geometry": { "type": "Point", "coordinates": [ 139.539223499999906, 35.4167909 ] } },
{ "type": "Feature", "properties": { "内容": "梨雲ハウス平戸【認知症対応型共同生活介護】神奈川県横浜市戸塚区平戸町１１５６－１", "url2": "https://www.kaigokensaku.mhlw.go.jp/14/index.php?action_kouhyou_detail_004_kani=true&JigyosyoCd=1471001022-00&ServiceCd=320&Type=search" }, "geometry": { "type": "Point", "coordinates": [ 139.567282400000067, 35.4219906 ] } },
{ "type": "Feature", "properties": { "内容": "グループホーム横浜名瀬・彩り【認知症対応型共同生活介護】神奈川県横浜市戸塚区名瀬町７９３－２", "url2": "https://www.kaigokensaku.mhlw.go.jp/14/index.php?action_kouhyou_detail_004_kani=true&JigyosyoCd=1471001303-00&ServiceCd=320&Type=search" }, "geometry": { "type": "Point", "coordinates": [ 139.541073099999949, 35.4338108 ] } },
{ "type": "Feature", "properties": { "内容": "グループホーム　ソフィアとつか【認知症対応型共同生活介護】神奈川県横浜市戸塚区東俣野町959-1", "url2": "https://www.kaigokensaku.mhlw.go.jp/14/index.php?action_kouhyou_detail_004_kani=true&JigyosyoCd=1471001592-00&ServiceCd=320&Type=search" }, "geometry": { "type": "Point", "coordinates": [ 139.496952, 35.3665532 ] } },
{ "type": "Feature", "properties": { "内容": "サリューブルとつか【認知症対応型共同生活介護】神奈川県横浜市戸塚区東俣野町９２７－３", "url2": "https://www.kaigokensaku.mhlw.go.jp/14/index.php?action_kouhyou_detail_004_kani=true&JigyosyoCd=1491000020-00&ServiceCd=320&Type=search" }, "geometry": { "type": "Point", "coordinates": [ 139.494888299999957, 35.3647089 ] } },
{ "type": "Feature", "properties": { "内容": "グループホームみんなの家　横浜緑園都市【認知症対応型共同生活介護】神奈川県横浜市戸塚区名瀬町3039", "url2": "https://www.kaigokensaku.mhlw.go.jp/14/index.php?action_kouhyou_detail_004_kani=true&JigyosyoCd=1491000046-00&ServiceCd=320&Type=search" }, "geometry": { "type": "Point", "coordinates": [ 139.52880438229522, 35.439631574291866 ] } },
{ "type": "Feature", "properties": { "内容": "グループホームやまぶき【認知症対応型共同生活介護】神奈川県横浜市戸塚区矢部町1256", "url2": "https://www.kaigokensaku.mhlw.go.jp/14/index.php?action_kouhyou_detail_004_kani=true&JigyosyoCd=1491000244-00&ServiceCd=320&Type=search" }, "geometry": { "type": "Point", "coordinates": [ 139.525946699999963, 35.4084223 ] } },
{ "type": "Feature", "properties": { "内容": "オセアンビクトリア戸塚【認知症対応型共同生活介護】神奈川県横浜市戸塚区舞岡町647-9", "url2": "https://www.kaigokensaku.mhlw.go.jp/14/index.php?action_kouhyou_detail_004_kani=true&JigyosyoCd=1491000616-00&ServiceCd=320&Type=search" }, "geometry": { "type": "Point", "coordinates": [ 139.544034399999987, 35.4107724 ] } },
{ "type": "Feature", "properties": { "内容": "ニチイケアセンター戸塚柏尾【認知症対応型共同生活介護】神奈川県横浜市戸塚区柏尾町1331番地ニチイケアセンター戸塚柏尾", "url2": "https://www.kaigokensaku.mhlw.go.jp/14/index.php?action_kouhyou_detail_004_kani=true&JigyosyoCd=1491000830-00&ServiceCd=320&Type=search" }, "geometry": { "type": "Point", "coordinates": [ 139.5515536, 35.415662 ] } },
{ "type": "Feature", "properties": { "内容": "マナーハウス元氣村とつか【認知症対応型共同生活介護】神奈川県横浜市戸塚区上倉田町413番地", "url2": "https://www.kaigokensaku.mhlw.go.jp/14/index.php?action_kouhyou_detail_004_kani=true&JigyosyoCd=1491000889-00&ServiceCd=320&Type=search" }, "geometry": { "type": "Point", "coordinates": [ 139.535272, 35.396422 ] } },
{ "type": "Feature", "properties": { "内容": "グループホーム　舞シャンブル【認知症対応型共同生活介護】神奈川県横浜市戸塚区舞岡町１２７３", "url2": "https://www.kaigokensaku.mhlw.go.jp/14/index.php?action_kouhyou_detail_004_kani=true&JigyosyoCd=1471001162-00&ServiceCd=320&Type=search" }, "geometry": { "type": "Point", "coordinates": [ 139.552475700000059, 35.396219 ] } },
{ "type": "Feature", "properties": { "内容": "花物語とつか西【認知症対応型共同生活介護】神奈川県横浜市戸塚区上矢部町2115-6", "url2": "https://www.kaigokensaku.mhlw.go.jp/14/index.php?action_kouhyou_detail_004_kani=true&JigyosyoCd=1491000848-00&ServiceCd=320&Type=search" }, "geometry": { "type": "Point", "coordinates": [ 139.52971, 35.4151128 ] } },
{ "type": "Feature", "properties": { "内容": "グループホーム　ことりの森【認知症対応型共同生活介護】神奈川県横浜市戸塚区名瀬町613-1", "url2": "https://www.kaigokensaku.mhlw.go.jp/14/index.php?action_kouhyou_detail_004_kani=true&JigyosyoCd=1491000012-00&ServiceCd=320&Type=search" }, "geometry": { "type": "Point", "coordinates": [ 139.536190199999965, 35.4287642 ] } },
{ "type": "Feature", "properties": { "内容": "グループホームさくらそう【認知症対応型共同生活介護】神奈川県横浜市港南区港南台１－１０－８", "url2": "https://www.kaigokensaku.mhlw.go.jp/14/index.php?action_kouhyou_detail_004_kani=true&JigyosyoCd=1493100067-00&ServiceCd=320&Type=search" }, "geometry": { "type": "Point", "coordinates": [ 139.57935109999994, 35.3837178 ] } },
{ "type": "Feature", "properties": { "内容": "グループホーム　ききょう【認知症対応型共同生活介護】神奈川県横浜市港南区芹が谷2-19-15", "url2": "https://www.kaigokensaku.mhlw.go.jp/14/index.php?action_kouhyou_detail_004_kani=true&JigyosyoCd=1493100216-00&ServiceCd=320&Type=search" }, "geometry": { "type": "Point", "coordinates": [ 139.5714544, 35.4176746 ] } },
{ "type": "Feature", "properties": { "内容": "プラチナ倶楽部　グループホーム港南台【認知症対応型共同生活介護】神奈川県横浜市港南区港南台6-9-26", "url2": "https://www.kaigokensaku.mhlw.go.jp/14/index.php?action_kouhyou_detail_004_kani=true&JigyosyoCd=1493100364-00&ServiceCd=320&Type=search" }, "geometry": { "type": "Point", "coordinates": [ 139.582223099999965, 35.368103 ] } },
{ "type": "Feature", "properties": { "内容": "グループホーム　にじいろ港南台【認知症対応型共同生活介護】神奈川県横浜市港南区港南台7-9-41", "url2": "https://www.kaigokensaku.mhlw.go.jp/14/index.php?action_kouhyou_detail_004_kani=true&JigyosyoCd=1493100547-00&ServiceCd=320&Type=search" }, "geometry": { "type": "Point", "coordinates": [ 139.586868900000013, 35.3735647 ] } },
{ "type": "Feature", "properties": { "内容": "グループホーム　ふぁいと芹が谷【認知症対応型共同生活介護】神奈川県横浜市港南区芹が谷5-38-11", "url2": "https://www.kaigokensaku.mhlw.go.jp/14/index.php?action_kouhyou_detail_004_kani=true&JigyosyoCd=1493100653-00&ServiceCd=320&Type=search" }, "geometry": { "type": "Point", "coordinates": [ 139.565332262565619, 35.415570968954839 ] } },
{ "type": "Feature", "properties": { "内容": "日限山ホーム【認知症対応型共同生活介護】神奈川県横浜市港南区日限山1丁目66番6号", "url2": "https://www.kaigokensaku.mhlw.go.jp/14/index.php?action_kouhyou_detail_004_kani=true&JigyosyoCd=1473100905-00&ServiceCd=320&Type=search" }, "geometry": { "type": "Point", "coordinates": [ 139.559833499999968, 35.3992604 ] } },
{ "type": "Feature", "properties": { "内容": "グループホーム　ソフィアライフ【認知症対応型共同生活介護】神奈川県横浜市港南区下永谷３－１７－１０", "url2": "https://www.kaigokensaku.mhlw.go.jp/14/index.php?action_kouhyou_detail_004_kani=true&JigyosyoCd=1473100921-00&ServiceCd=320&Type=search" }, "geometry": { "type": "Point", "coordinates": [ 139.561785900000018, 35.4087035 ] } },
{ "type": "Feature", "properties": { "内容": "グループホーム港南【認知症対応型共同生活介護】神奈川県横浜市港南区下永谷４－２－３１", "url2": "https://www.kaigokensaku.mhlw.go.jp/14/index.php?action_kouhyou_detail_004_kani=true&JigyosyoCd=1473100970-00&ServiceCd=320&Type=search" }, "geometry": { "type": "Point", "coordinates": [ 139.5598139, 35.4075981 ] } },
{ "type": "Feature", "properties": { "内容": "グループホームちいさな手横浜こうなん【認知症対応型共同生活介護】神奈川県横浜市港南区最戸1丁目23-23", "url2": "https://www.kaigokensaku.mhlw.go.jp/14/index.php?action_kouhyou_detail_004_kani=true&JigyosyoCd=1493100281-00&ServiceCd=320&Type=search" }, "geometry": { "type": "Point", "coordinates": [ 139.5931498, 35.4132782 ] } },
{ "type": "Feature", "properties": { "内容": "グループホーム　フリージア【認知症対応型共同生活介護】神奈川県横浜市港南区野庭町671-10", "url2": "https://www.kaigokensaku.mhlw.go.jp/14/index.php?action_kouhyou_detail_004_kani=true&JigyosyoCd=1493100471-00&ServiceCd=320&Type=search" }, "geometry": { "type": "Point", "coordinates": [ 139.566500444356052, 35.386020460196008 ] } },
{ "type": "Feature", "properties": { "内容": "セントケアホーム港南【認知症対応型共同生活介護】神奈川県横浜市港南区野庭町２５１０－１", "url2": "https://www.kaigokensaku.mhlw.go.jp/14/index.php?action_kouhyou_detail_004_kani=true&JigyosyoCd=1493100042-00&ServiceCd=320&Type=search" }, "geometry": { "type": "Point", "coordinates": [ 139.563541500000042, 35.3800488 ] } },
{ "type": "Feature", "properties": { "内容": "グループホーム　みんなの家・横浜上永谷松風【認知症対応型共同生活介護】神奈川県横浜市港南区野庭町240", "url2": "https://www.kaigokensaku.mhlw.go.jp/14/index.php?action_kouhyou_detail_004_kani=true&JigyosyoCd=1493100125-00&ServiceCd=320&Type=search" }, "geometry": { "type": "Point", "coordinates": [ 139.575459799999976, 35.3963746 ] } },
{ "type": "Feature", "properties": { "内容": "グループホームちいさな手若葉の丘横浜こうなん【認知症対応型共同生活介護】神奈川県横浜市港南区野庭町672-3", "url2": "https://www.kaigokensaku.mhlw.go.jp/14/index.php?action_kouhyou_detail_004_kani=true&JigyosyoCd=1493100513-00&ServiceCd=320&Type=search" }, "geometry": { "type": "Point", "coordinates": [ 139.565358599999968, 35.387669 ] } },
{ "type": "Feature", "properties": { "内容": "ツクイ横浜大久保グループホーム【認知症対応型共同生活介護】神奈川県横浜市港南区大久保3-38-1", "url2": "https://www.kaigokensaku.mhlw.go.jp/14/index.php?action_kouhyou_detail_004_kani=true&JigyosyoCd=1493100570-00&ServiceCd=320&Type=search" }, "geometry": { "type": "Point", "coordinates": [ 139.7034117, 35.7011486 ] } },
{ "type": "Feature", "properties": { "内容": "グループホームプレゼンス野庭【認知症対応型共同生活介護】神奈川県横浜市港南区野庭町675-20", "url2": "https://www.kaigokensaku.mhlw.go.jp/14/index.php?action_kouhyou_detail_004_kani=true&JigyosyoCd=1493100745-00&ServiceCd=320&Type=search" }, "geometry": { "type": "Point", "coordinates": [ 139.565441380985646, 35.389339369662785 ] } },
{ "type": "Feature", "properties": { "内容": "横浜港南グループホームそよ風【認知症対応型共同生活介護】神奈川県横浜市港南区日野9丁目39-15", "url2": "https://www.kaigokensaku.mhlw.go.jp/14/index.php?action_kouhyou_detail_004_kani=true&JigyosyoCd=1493100307-00&ServiceCd=320&Type=search" }, "geometry": { "type": "Point", "coordinates": [ 139.572007932446127, 35.384727551905243 ] } },
{ "type": "Feature", "properties": { "内容": "花物語こうなん新館【認知症対応型共同生活介護】神奈川県横浜市港南区港南4-4-16花物語こうなん新館", "url2": "https://www.kaigokensaku.mhlw.go.jp/14/index.php?action_kouhyou_detail_004_kani=true&JigyosyoCd=1493100638-00&ServiceCd=320&Type=search" }, "geometry": { "type": "Point", "coordinates": [ 139.9582599, 35.8309625 ] } },
{ "type": "Feature", "properties": { "内容": "花物語こうなん【認知症対応型共同生活介護】神奈川県横浜市港南区港南4-4-19花物語こうなん", "url2": "https://www.kaigokensaku.mhlw.go.jp/14/index.php?action_kouhyou_detail_004_kani=true&JigyosyoCd=1493100646-00&ServiceCd=320&Type=search" }, "geometry": { "type": "Point", "coordinates": [ 139.5960258, 35.3977144 ] } },
{ "type": "Feature", "properties": { "内容": "グループホーム　クロスハート港南・横浜【認知症対応型共同生活介護】神奈川県横浜市港南区東永谷１－３７－５", "url2": "https://www.kaigokensaku.mhlw.go.jp/14/index.php?action_kouhyou_detail_004_kani=true&JigyosyoCd=1473100913-00&ServiceCd=320&Type=search" }, "geometry": { "type": "Point", "coordinates": [ 139.5822981, 35.4078787 ] } },
{ "type": "Feature", "properties": { "内容": "メープル上永谷館【認知症対応型共同生活介護】神奈川県横浜市港南区上永谷2-14-32", "url2": "https://www.kaigokensaku.mhlw.go.jp/14/index.php?action_kouhyou_detail_004_kani=true&JigyosyoCd=1493100489-00&ServiceCd=320&Type=search" }, "geometry": { "type": "Point", "coordinates": [ 139.571670507932708, 35.405774484825805 ] } },
{ "type": "Feature", "properties": { "内容": "花物語こうなん南【認知症対応型共同生活介護】神奈川県横浜市港南区日野9-44-16KMプラザ2F・3F", "url2": "https://www.kaigokensaku.mhlw.go.jp/14/index.php?action_kouhyou_detail_004_kani=true&JigyosyoCd=1493100703-00&ServiceCd=320&Type=search" }, "geometry": { "type": "Point", "coordinates": [ 139.572444200000035, 35.3860651 ] } },
{ "type": "Feature", "properties": { "内容": "グループホーム　ライブラリ横浜日野【認知症対応型共同生活介護】神奈川県横浜市港南区日野6-6-5", "url2": "https://www.kaigokensaku.mhlw.go.jp/14/index.php?action_kouhyou_detail_004_kani=true&JigyosyoCd=1493100588-00&ServiceCd=320&Type=search" }, "geometry": { "type": "Point", "coordinates": [ 139.578796, 35.3901518 ] } },
{ "type": "Feature", "properties": { "内容": "ヒューマンライフケア　下永谷グループホーム【認知症対応型共同生活介護】神奈川県横浜市港南区下永谷2-34-14ヒューマンライフケア下永谷", "url2": "https://www.kaigokensaku.mhlw.go.jp/14/index.php?action_kouhyou_detail_004_kani=true&JigyosyoCd=1493100455-00&ServiceCd=320&Type=search" }, "geometry": { "type": "Point", "coordinates": [ 139.564082900000017, 35.4117809 ] } },
{ "type": "Feature", "properties": { "内容": "グループホームゆうあい【認知症対応型共同生活介護】神奈川県横浜市旭区下川井町204-1", "url2": "https://www.kaigokensaku.mhlw.go.jp/14/index.php?action_kouhyou_detail_004_kani=true&JigyosyoCd=1493200081-00&ServiceCd=320&Type=search" }, "geometry": { "type": "Point", "coordinates": [ 139.5188273, 35.4852878 ] } },
{ "type": "Feature", "properties": { "内容": "高齢者グループホーム　かわしまの里【認知症対応型共同生活介護】神奈川県横浜市旭区川島町１８８２－１", "url2": "https://www.kaigokensaku.mhlw.go.jp/14/index.php?action_kouhyou_detail_004_kani=true&JigyosyoCd=1493200107-00&ServiceCd=320&Type=search" }, "geometry": { "type": "Point", "coordinates": [ 139.553763600000025, 35.4688538 ] } },
{ "type": "Feature", "properties": { "内容": "グループホーム　あさひ別荘【認知症対応型共同生活介護】神奈川県横浜市旭区四季美台68-45", "url2": "https://www.kaigokensaku.mhlw.go.jp/14/index.php?action_kouhyou_detail_004_kani=true&JigyosyoCd=1493200131-00&ServiceCd=320&Type=search" }, "geometry": { "type": "Point", "coordinates": [ 139.53627890000007, 35.47242 ] } },
{ "type": "Feature", "properties": { "内容": "グループホーム　みんなの家・横浜金が谷【認知症対応型共同生活介護】神奈川県横浜市旭区金が谷４７１－１", "url2": "https://www.kaigokensaku.mhlw.go.jp/14/index.php?action_kouhyou_detail_004_kani=true&JigyosyoCd=1493200156-00&ServiceCd=320&Type=search" }, "geometry": { "type": "Point", "coordinates": [ 139.517596899999944, 35.481316 ] } },
{ "type": "Feature", "properties": { "内容": "サン・フローラ上白根【認知症対応型共同生活介護】神奈川県横浜市旭区上白根町163番1", "url2": "https://www.kaigokensaku.mhlw.go.jp/14/index.php?action_kouhyou_detail_004_kani=true&JigyosyoCd=1493200172-00&ServiceCd=320&Type=search" }, "geometry": { "type": "Point", "coordinates": [ 139.535153499999979, 35.4896624 ] } },
{ "type": "Feature", "properties": { "内容": "グループホームみんなの家・横浜今宿【認知症対応型共同生活介護】神奈川県横浜市旭区今宿1-36-25", "url2": "https://www.kaigokensaku.mhlw.go.jp/14/index.php?action_kouhyou_detail_004_kani=true&JigyosyoCd=1493200222-00&ServiceCd=320&Type=search" }, "geometry": { "type": "Point", "coordinates": [ 139.52111, 35.4784455 ] } },
{ "type": "Feature", "properties": { "内容": "グループホーム　横浜旭の家【認知症対応型共同生活介護】神奈川県横浜市旭区白根５－４２－１１", "url2": "https://www.kaigokensaku.mhlw.go.jp/14/index.php?action_kouhyou_detail_004_kani=true&JigyosyoCd=1493200263-00&ServiceCd=320&Type=search" }, "geometry": { "type": "Point", "coordinates": [ 139.541078199999987, 35.483625462968703 ] } },
{ "type": "Feature", "properties": { "内容": "グループホームあしたば【認知症対応型共同生活介護】神奈川県横浜市旭区善部町119-13", "url2": "https://www.kaigokensaku.mhlw.go.jp/14/index.php?action_kouhyou_detail_004_kani=true&JigyosyoCd=1493200552-00&ServiceCd=320&Type=search" }, "geometry": { "type": "Point", "coordinates": [ 139.5207383, 35.4492219 ] } },
{ "type": "Feature", "properties": { "内容": "花物語　あさひ【認知症対応型共同生活介護】神奈川県横浜市旭区上川井町2269花物語　あさひ", "url2": "https://www.kaigokensaku.mhlw.go.jp/14/index.php?action_kouhyou_detail_004_kani=true&JigyosyoCd=1493200628-00&ServiceCd=320&Type=search" }, "geometry": { "type": "Point", "coordinates": [ 139.4967809, 35.5010068 ] } },
{ "type": "Feature", "properties": { "内容": "青い空と緑の大地【認知症対応型共同生活介護】神奈川県横浜市旭区上川井町2911-5", "url2": "https://www.kaigokensaku.mhlw.go.jp/14/index.php?action_kouhyou_detail_004_kani=true&JigyosyoCd=1493200636-00&ServiceCd=320&Type=search" }, "geometry": { "type": "Point", "coordinates": [ 139.5020039, 35.4983997 ] } },
{ "type": "Feature", "properties": { "内容": "グループホーム　エクセレント横濱上白根【認知症対応型共同生活介護】神奈川県横浜市旭区上白根二丁目64番地-11号", "url2": "https://www.kaigokensaku.mhlw.go.jp/14/index.php?action_kouhyou_detail_004_kani=true&JigyosyoCd=1493200693-00&ServiceCd=320&Type=search" }, "geometry": { "type": "Point", "coordinates": [ 139.5352586, 35.495382 ] } },
{ "type": "Feature", "properties": { "内容": "花物語あさひ東【認知症対応型共同生活介護】神奈川県横浜市旭区白根2丁目28-13-2", "url2": "https://www.kaigokensaku.mhlw.go.jp/14/index.php?action_kouhyou_detail_004_kani=true&JigyosyoCd=1493200727-00&ServiceCd=320&Type=search" }, "geometry": { "type": "Point", "coordinates": [ 139.5515991, 35.4817254 ] } },
{ "type": "Feature", "properties": { "内容": "樹林の風【認知症対応型共同生活介護】神奈川県横浜市旭区下川井町218-2", "url2": "https://www.kaigokensaku.mhlw.go.jp/14/index.php?action_kouhyou_detail_004_kani=true&JigyosyoCd=1473200283-00&ServiceCd=320&Type=search" }, "geometry": { "type": "Point", "coordinates": [ 139.516146899999967, 35.4844517 ] } },
{ "type": "Feature", "properties": { "内容": "フレンディ本宿【認知症対応型共同生活介護】神奈川県横浜市旭区本宿町18-14", "url2": "https://www.kaigokensaku.mhlw.go.jp/14/index.php?action_kouhyou_detail_004_kani=true&JigyosyoCd=1473200457-00&ServiceCd=320&Type=search" }, "geometry": { "type": "Point", "coordinates": [ 139.5448616, 35.4681733 ] } },
{ "type": "Feature", "properties": { "内容": "フレンディ都岡【認知症対応型共同生活介護】神奈川県横浜市旭区今宿西町２９６", "url2": "https://www.kaigokensaku.mhlw.go.jp/14/index.php?action_kouhyou_detail_004_kani=true&JigyosyoCd=1473200937-00&ServiceCd=320&Type=search" }, "geometry": { "type": "Point", "coordinates": [ 139.523968500000024, 35.4869849 ] } },
{ "type": "Feature", "properties": { "内容": "グループホーム　ふぁいとパティオつくいけ【認知症対応型共同生活介護】神奈川県横浜市旭区今宿西町３５８番地", "url2": "https://www.kaigokensaku.mhlw.go.jp/14/index.php?action_kouhyou_detail_004_kani=true&JigyosyoCd=1473200986-00&ServiceCd=320&Type=search" }, "geometry": { "type": "Point", "coordinates": [ 139.526818300000059, 35.4854657 ] } },
{ "type": "Feature", "properties": { "内容": "シャローム　ミルトスの木【認知症対応型共同生活介護】神奈川県横浜市旭区上白根町１３２－３", "url2": "https://www.kaigokensaku.mhlw.go.jp/14/index.php?action_kouhyou_detail_004_kani=true&JigyosyoCd=1473201042-00&ServiceCd=320&Type=search" }, "geometry": { "type": "Point", "coordinates": [ 139.533598942327899, 35.487823364164683 ] } },
{ "type": "Feature", "properties": { "内容": "愛の郷グループホーム【認知症対応型共同生活介護】神奈川県横浜市旭区川島町1599-13", "url2": "https://www.kaigokensaku.mhlw.go.jp/14/index.php?action_kouhyou_detail_004_kani=true&JigyosyoCd=1473201224-00&ServiceCd=320&Type=search" }, "geometry": { "type": "Point", "coordinates": [ 139.555807800000025, 35.469226 ] } },
{ "type": "Feature", "properties": { "内容": "グループホーム　ずぅずぅ【認知症対応型共同生活介護】神奈川県横浜市旭区中希望が丘１６５－３", "url2": "https://www.kaigokensaku.mhlw.go.jp/14/index.php?action_kouhyou_detail_004_kani=true&JigyosyoCd=1473201240-00&ServiceCd=320&Type=search" }, "geometry": { "type": "Point", "coordinates": [ 139.508150699999987, 35.4573607 ] } },
{ "type": "Feature", "properties": { "内容": "シャローム・ミルトスの木　鶴ヶ峰本町【認知症対応型共同生活介護】神奈川県横浜市旭区鶴ヶ峰本町２－４１－９", "url2": "https://www.kaigokensaku.mhlw.go.jp/14/index.php?action_kouhyou_detail_004_kani=true&JigyosyoCd=1473201257-00&ServiceCd=320&Type=search" }, "geometry": { "type": "Point", "coordinates": [ 139.545122399999968, 35.4778666 ] } },
{ "type": "Feature", "properties": { "内容": "グループホームみんなの家　横浜上白根【認知症対応型共同生活介護】神奈川県横浜市旭区上白根町977-3", "url2": "https://www.kaigokensaku.mhlw.go.jp/14/index.php?action_kouhyou_detail_004_kani=true&JigyosyoCd=1493200057-00&ServiceCd=320&Type=search" }, "geometry": { "type": "Point", "coordinates": [ 139.530220500000041, 35.4946646 ] } },
{ "type": "Feature", "properties": { "内容": "ニチイケアセンター横浜鶴ヶ峰【認知症対応型共同生活介護】神奈川県横浜市旭区西川島町８２－１４", "url2": "https://www.kaigokensaku.mhlw.go.jp/14/index.php?action_kouhyou_detail_004_kani=true&JigyosyoCd=1493200206-00&ServiceCd=320&Type=search" }, "geometry": { "type": "Point", "coordinates": [ 139.55928229999995, 35.4768335 ] } },
{ "type": "Feature", "properties": { "内容": "高齢者グループホーム　三幸の園【認知症対応型共同生活介護】神奈川県横浜市旭区西川島町127-1", "url2": "https://www.kaigokensaku.mhlw.go.jp/14/index.php?action_kouhyou_detail_004_kani=true&JigyosyoCd=1473200325-00&ServiceCd=320&Type=search" }, "geometry": { "type": "Point", "coordinates": [ 139.558152, 35.4731478 ] } },
{ "type": "Feature", "properties": { "内容": "のぞみの家【認知症対応型共同生活介護】神奈川県横浜市旭区今川町95-10", "url2": "https://www.kaigokensaku.mhlw.go.jp/14/index.php?action_kouhyou_detail_004_kani=true&JigyosyoCd=1473200648-00&ServiceCd=320&Type=search" }, "geometry": { "type": "Point", "coordinates": [ 139.532848599999966, 35.474467 ] } },
{ "type": "Feature", "properties": { "内容": "グループホーム神田園【認知症対応型共同生活介護】神奈川県横浜市旭区西川島町68-11", "url2": "https://www.kaigokensaku.mhlw.go.jp/14/index.php?action_kouhyou_detail_004_kani=true&JigyosyoCd=1473200895-00&ServiceCd=320&Type=search" }, "geometry": { "type": "Point", "coordinates": [ 139.5560216, 35.4738977 ] } },
{ "type": "Feature", "properties": { "内容": "グループホーム華寿園【認知症対応型共同生活介護】神奈川県横浜市旭区市沢町571-1", "url2": "https://www.kaigokensaku.mhlw.go.jp/14/index.php?action_kouhyou_detail_004_kani=true&JigyosyoCd=1473201091-00&ServiceCd=320&Type=search" }, "geometry": { "type": "Point", "coordinates": [ 139.562624, 35.45560560000002 ] } },
{ "type": "Feature", "properties": { "内容": "サリューブルあさひ弐番館【認知症対応型共同生活介護】神奈川県横浜市旭区桐が作1804-16サリューブルあさひ弐番館", "url2": "https://www.kaigokensaku.mhlw.go.jp/14/index.php?action_kouhyou_detail_004_kani=true&JigyosyoCd=1473200978-00&ServiceCd=320&Type=search" }, "geometry": { "type": "Point", "coordinates": [ 139.547228, 35.4589105 ] } },
{ "type": "Feature", "properties": { "内容": "花物語つるがみね【認知症対応型共同生活介護】神奈川県横浜市旭区西川島町29-10", "url2": "https://www.kaigokensaku.mhlw.go.jp/14/index.php?action_kouhyou_detail_004_kani=true&JigyosyoCd=1493200875-00&ServiceCd=320&Type=search" }, "geometry": { "type": "Point", "coordinates": [ 139.557287300000013, 35.476008 ] } },
{ "type": "Feature", "properties": { "内容": "花物語あさひ中央【認知症対応型共同生活介護】神奈川県横浜市旭区下川井町2218-25花物語あさひ中央", "url2": "https://www.kaigokensaku.mhlw.go.jp/14/index.php?action_kouhyou_detail_004_kani=true&JigyosyoCd=1493200917-00&ServiceCd=320&Type=search" }, "geometry": { "type": "Point", "coordinates": [ 139.50972680000001, 35.4893894 ] } },
{ "type": "Feature", "properties": { "内容": "サリューブルあさひ壱番館【認知症対応型共同生活介護】神奈川県横浜市旭区川井本町４５－６サリューブルあさひ壱番館", "url2": "https://www.kaigokensaku.mhlw.go.jp/14/index.php?action_kouhyou_detail_004_kani=true&JigyosyoCd=1473200879-00&ServiceCd=320&Type=search" }, "geometry": { "type": "Point", "coordinates": [ 139.5114135, 35.494675 ] } },
{ "type": "Feature", "properties": { "内容": "花物語　かもい【認知症対応型共同生活介護】神奈川県横浜市緑区鴨居７丁目1-9花物語かもい", "url2": "https://www.kaigokensaku.mhlw.go.jp/14/index.php?action_kouhyou_detail_004_kani=true&JigyosyoCd=1493300162-00&ServiceCd=320&Type=search" }, "geometry": { "type": "Point", "coordinates": [ 139.55958720000001, 35.5010945 ] } },
{ "type": "Feature", "properties": { "内容": "グループホーム友宝【認知症対応型共同生活介護】神奈川県横浜市緑区小山町292-10", "url2": "https://www.kaigokensaku.mhlw.go.jp/14/index.php?action_kouhyou_detail_004_kani=true&JigyosyoCd=1473300612-00&ServiceCd=320&Type=search" }, "geometry": { "type": "Point", "coordinates": [ 139.538986099999988, 35.5195533 ] } },
{ "type": "Feature", "properties": { "内容": "グループホーム和楽の里【認知症対応型共同生活介護】神奈川県横浜市緑区北八朔町1272番2", "url2": "https://www.kaigokensaku.mhlw.go.jp/14/index.php?action_kouhyou_detail_004_kani=true&JigyosyoCd=1473300810-00&ServiceCd=320&Type=search" }, "geometry": { "type": "Point", "coordinates": [ 139.538783299999977, 35.5279606 ] } },
{ "type": "Feature", "properties": { "内容": "グループホーム　結の家【認知症対応型共同生活介護】神奈川県横浜市緑区新治町1476-4", "url2": "https://www.kaigokensaku.mhlw.go.jp/14/index.php?action_kouhyou_detail_004_kani=true&JigyosyoCd=1473300885-00&ServiceCd=320&Type=search" }, "geometry": { "type": "Point", "coordinates": [ 139.520204400000011, 35.5159591 ] } },
{ "type": "Feature", "properties": { "内容": "グループホーム水車の里【認知症対応型共同生活介護】神奈川県横浜市緑区新治町１１０１－２", "url2": "https://www.kaigokensaku.mhlw.go.jp/14/index.php?action_kouhyou_detail_004_kani=true&JigyosyoCd=1493300014-00&ServiceCd=320&Type=search" }, "geometry": { "type": "Point", "coordinates": [ 139.510368800000037, 35.5155164 ] } },
{ "type": "Feature", "properties": { "内容": "グループホームおもとの郷東本郷【認知症対応型共同生活介護】神奈川県横浜市緑区東本郷5-2-19", "url2": "https://www.kaigokensaku.mhlw.go.jp/14/index.php?action_kouhyou_detail_004_kani=true&JigyosyoCd=1493300105-00&ServiceCd=320&Type=search" }, "geometry": { "type": "Point", "coordinates": [ 139.584361281089741, 35.509702295653085 ] } },
{ "type": "Feature", "properties": { "内容": "ミモザ横浜霧が丘【認知症対応型共同生活介護】神奈川県横浜市緑区霧が丘5-25-1", "url2": "https://www.kaigokensaku.mhlw.go.jp/14/index.php?action_kouhyou_detail_004_kani=true&JigyosyoCd=1493300147-00&ServiceCd=320&Type=search" }, "geometry": { "type": "Point", "coordinates": [ 139.5041774, 35.5138604 ] } },
{ "type": "Feature", "properties": { "内容": "花物語なかやま【認知症対応型共同生活介護】神奈川県横浜市緑区中山4-14-31", "url2": "https://www.kaigokensaku.mhlw.go.jp/14/index.php?action_kouhyou_detail_004_kani=true&JigyosyoCd=1493300238-00&ServiceCd=320&Type=search" }, "geometry": { "type": "Point", "coordinates": [ 139.546349196495044, 35.510757108077989 ] } },
{ "type": "Feature", "properties": { "内容": "ツクイ横浜霧が丘【認知症対応型共同生活介護】神奈川県横浜市緑区霧が丘1-17-8ツクイ横浜霧が丘", "url2": "https://www.kaigokensaku.mhlw.go.jp/14/index.php?action_kouhyou_detail_004_kani=true&JigyosyoCd=1493300493-00&ServiceCd=320&Type=search" }, "geometry": { "type": "Point", "coordinates": [ 139.508276200000012, 35.5169989 ] } },
{ "type": "Feature", "properties": { "内容": "花物語みどり【認知症対応型共同生活介護】神奈川県横浜市緑区霧が丘3-1-18", "url2": "https://www.kaigokensaku.mhlw.go.jp/14/index.php?action_kouhyou_detail_004_kani=true&JigyosyoCd=1493300501-00&ServiceCd=320&Type=search" }, "geometry": { "type": "Point", "coordinates": [ 139.506366899999989, 35.5160871 ] } },
{ "type": "Feature", "properties": { "内容": "社会福祉法人ふじ寿か会　高齢者グループホームあすの里【認知症対応型共同生活介護】神奈川県横浜市緑区台村町４０１－２", "url2": "https://www.kaigokensaku.mhlw.go.jp/14/index.php?action_kouhyou_detail_004_kani=true&JigyosyoCd=1473300190-00&ServiceCd=320&Type=search" }, "geometry": { "type": "Point", "coordinates": [ 139.534108800000013, 35.5146788 ] } },
{ "type": "Feature", "properties": { "内容": "コスモス長津田【認知症対応型共同生活介護】神奈川県横浜市緑区長津田みなみ台1-6-7", "url2": "https://www.kaigokensaku.mhlw.go.jp/14/index.php?action_kouhyou_detail_004_kani=true&JigyosyoCd=1473300398-00&ServiceCd=320&Type=search" }, "geometry": { "type": "Point", "coordinates": [ 139.498130299999957, 35.5252634 ] } },
{ "type": "Feature", "properties": { "内容": "医療法人泉心会　グループホームおらんち【認知症対応型共同生活介護】神奈川県横浜市緑区十日市場町８７４－１２", "url2": "https://www.kaigokensaku.mhlw.go.jp/14/index.php?action_kouhyou_detail_004_kani=true&JigyosyoCd=1473300992-00&ServiceCd=320&Type=search" }, "geometry": { "type": "Point", "coordinates": [ 139.51619340000002, 35.5275377 ] } },
{ "type": "Feature", "properties": { "内容": "ニチイケアセンター長津田【認知症対応型共同生活介護】神奈川県横浜市緑区長津田みなみ台5-26-13", "url2": "https://www.kaigokensaku.mhlw.go.jp/14/index.php?action_kouhyou_detail_004_kani=true&JigyosyoCd=1493300097-00&ServiceCd=320&Type=search" }, "geometry": { "type": "Point", "coordinates": [ 139.498291719643362, 35.520875905523816 ] } },
{ "type": "Feature", "properties": { "内容": "高齢者グループホーム　ことぶきの里【認知症対応型共同生活介護】神奈川県横浜市緑区北八朔町1856", "url2": "https://www.kaigokensaku.mhlw.go.jp/14/index.php?action_kouhyou_detail_004_kani=true&JigyosyoCd=1473300182-00&ServiceCd=320&Type=search" }, "geometry": { "type": "Point", "coordinates": [ 139.537366799999972, 35.5265441 ] } },
{ "type": "Feature", "properties": { "内容": "社会福祉法人ふじ寿か会高齢者グループホームふじの里【認知症対応型共同生活介護】神奈川県横浜市緑区北八朔町1857", "url2": "https://www.kaigokensaku.mhlw.go.jp/14/index.php?action_kouhyou_detail_004_kani=true&JigyosyoCd=1473300349-00&ServiceCd=320&Type=search" }, "geometry": { "type": "Point", "coordinates": [ 139.537344599999983, 35.5261691 ] } },
{ "type": "Feature", "properties": { "内容": "グループホーム　みんなの家・横浜三保【認知症対応型共同生活介護】神奈川県横浜市緑区三保町226-3", "url2": "https://www.kaigokensaku.mhlw.go.jp/14/index.php?action_kouhyou_detail_004_kani=true&JigyosyoCd=1473300836-00&ServiceCd=320&Type=search" }, "geometry": { "type": "Point", "coordinates": [ 139.5157491, 35.5063682 ] } },
{ "type": "Feature", "properties": { "内容": "グループホーム　まっとう【認知症対応型共同生活介護】神奈川県横浜市緑区長津田町２３６５番地グループホームまっとう", "url2": "https://www.kaigokensaku.mhlw.go.jp/14/index.php?action_kouhyou_detail_004_kani=true&JigyosyoCd=1473301008-00&ServiceCd=320&Type=search" }, "geometry": { "type": "Point", "coordinates": [ 139.489902700000016, 35.5303059 ] } },
{ "type": "Feature", "properties": { "内容": "グループホームみんなの家・横浜三保２【認知症対応型共同生活介護】神奈川県横浜市緑区三保町994", "url2": "https://www.kaigokensaku.mhlw.go.jp/14/index.php?action_kouhyou_detail_004_kani=true&JigyosyoCd=1493300022-00&ServiceCd=320&Type=search" }, "geometry": { "type": "Point", "coordinates": [ 139.519807200000059, 35.5081933 ] } },
{ "type": "Feature", "properties": { "内容": "グループホーム　あかり【認知症対応型共同生活介護】神奈川県横浜市緑区北八朔町1106-2", "url2": "https://www.kaigokensaku.mhlw.go.jp/14/index.php?action_kouhyou_detail_004_kani=true&JigyosyoCd=1493300030-00&ServiceCd=320&Type=search" }, "geometry": { "type": "Point", "coordinates": [ 139.536508499999968, 35.5302464 ] } },
{ "type": "Feature", "properties": { "内容": "グループホーム　ほのぼの【認知症対応型共同生活介護】神奈川県横浜市瀬谷区阿久和東４－３２－３", "url2": "https://www.kaigokensaku.mhlw.go.jp/14/index.php?action_kouhyou_detail_004_kani=true&JigyosyoCd=1493400178-00&ServiceCd=320&Type=search" }, "geometry": { "type": "Point", "coordinates": [ 139.501262499999939, 35.4475619 ] } },
{ "type": "Feature", "properties": { "内容": "グループホーム　みんなの家・横浜宮沢2【認知症対応型共同生活介護】神奈川県横浜市瀬谷区宮沢4-5-12", "url2": "https://www.kaigokensaku.mhlw.go.jp/14/index.php?action_kouhyou_detail_004_kani=true&JigyosyoCd=1493400095-00&ServiceCd=320&Type=search" }, "geometry": { "type": "Point", "coordinates": [ 139.4927272, 35.4441817 ] } },
{ "type": "Feature", "properties": { "内容": "グループホーム　きずな【認知症対応型共同生活介護】神奈川県横浜市瀬谷区東野台４０", "url2": "https://www.kaigokensaku.mhlw.go.jp/14/index.php?action_kouhyou_detail_004_kani=true&JigyosyoCd=1493400103-00&ServiceCd=320&Type=search" }, "geometry": { "type": "Point", "coordinates": [ 139.500500800000026, 35.4781689 ] } },
{ "type": "Feature", "properties": { "内容": "グループホームみんなの家・横浜宮沢３【認知症対応型共同生活介護】神奈川県横浜市瀬谷区宮沢4-28-8", "url2": "https://www.kaigokensaku.mhlw.go.jp/14/index.php?action_kouhyou_detail_004_kani=true&JigyosyoCd=1493400129-00&ServiceCd=320&Type=search" }, "geometry": { "type": "Point", "coordinates": [ 139.4869582, 35.4439512 ] } },
{ "type": "Feature", "properties": { "内容": "グループホームふぁいと宮沢【認知症対応型共同生活介護】神奈川県横浜市瀬谷区宮沢４丁目１１番地１５", "url2": "https://www.kaigokensaku.mhlw.go.jp/14/index.php?action_kouhyou_detail_004_kani=true&JigyosyoCd=1493400277-00&ServiceCd=320&Type=search" }, "geometry": { "type": "Point", "coordinates": [ 139.490014513491843, 35.44789527188054 ] } },
{ "type": "Feature", "properties": { "内容": "グループホーム　ソラスト瀬谷【認知症対応型共同生活介護】神奈川県横浜市瀬谷区本郷3-49-1", "url2": "https://www.kaigokensaku.mhlw.go.jp/14/index.php?action_kouhyou_detail_004_kani=true&JigyosyoCd=1493400368-00&ServiceCd=320&Type=search" }, "geometry": { "type": "Point", "coordinates": [ 139.474832745572627, 35.472834965749797 ] } },
{ "type": "Feature", "properties": { "内容": "グループホーム朋友【認知症対応型共同生活介護】神奈川県横浜市瀬谷区阿久和東3-55-2グループホーム朋友", "url2": "https://www.kaigokensaku.mhlw.go.jp/14/index.php?action_kouhyou_detail_004_kani=true&JigyosyoCd=1473400123-00&ServiceCd=320&Type=search" }, "geometry": { "type": "Point", "coordinates": [ 139.5088869, 35.4489617 ] } },
{ "type": "Feature", "properties": { "内容": "グループホーム　笑楽庵【認知症対応型共同生活介護】神奈川県横浜市瀬谷区阿久和西2－39－10", "url2": "https://www.kaigokensaku.mhlw.go.jp/14/index.php?action_kouhyou_detail_004_kani=true&JigyosyoCd=1473400453-00&ServiceCd=320&Type=search" }, "geometry": { "type": "Point", "coordinates": [ 139.498721, 35.4517753 ] } },
{ "type": "Feature", "properties": { "内容": "グループホーム　はなもも【認知症対応型共同生活介護】神奈川県横浜市瀬谷区阿久和南3-25-1", "url2": "https://www.kaigokensaku.mhlw.go.jp/14/index.php?action_kouhyou_detail_004_kani=true&JigyosyoCd=1473400529-00&ServiceCd=320&Type=search" }, "geometry": { "type": "Point", "coordinates": [ 139.5020154, 35.437552 ] } },
{ "type": "Feature", "properties": { "内容": "グループホームおり鶴の里【認知症対応型共同生活介護】神奈川県横浜市瀬谷区阿久和西3-31-9", "url2": "https://www.kaigokensaku.mhlw.go.jp/14/index.php?action_kouhyou_detail_004_kani=true&JigyosyoCd=1473400669-00&ServiceCd=320&Type=search" }, "geometry": { "type": "Point", "coordinates": [ 139.49713220000001, 35.4510781 ] } },
{ "type": "Feature", "properties": { "内容": "グループホーム　すもも【認知症対応型共同生活介護】神奈川県横浜市瀬谷区阿久和南2-10-1", "url2": "https://www.kaigokensaku.mhlw.go.jp/14/index.php?action_kouhyou_detail_004_kani=true&JigyosyoCd=1493400038-00&ServiceCd=320&Type=search" }, "geometry": { "type": "Point", "coordinates": [ 139.501157, 35.444029 ] } },
{ "type": "Feature", "properties": { "内容": "サロン・ド・せや【認知症対応型共同生活介護】神奈川県横浜市瀬谷区中屋敷1-37-8", "url2": "https://www.kaigokensaku.mhlw.go.jp/14/index.php?action_kouhyou_detail_004_kani=true&JigyosyoCd=1473400370-00&ServiceCd=320&Type=search" }, "geometry": { "type": "Point", "coordinates": [ 139.471171700000014, 35.48137 ] } },
{ "type": "Feature", "properties": { "内容": "グループホーム　あいらんど【認知症対応型共同生活介護】神奈川県横浜市瀬谷区阿久和南4-11-2", "url2": "https://www.kaigokensaku.mhlw.go.jp/14/index.php?action_kouhyou_detail_004_kani=true&JigyosyoCd=1473400537-00&ServiceCd=320&Type=search" }, "geometry": { "type": "Point", "coordinates": [ 139.500646, 35.4423209 ] } },
{ "type": "Feature", "properties": { "内容": "グループホームこころ【認知症対応型共同生活介護】神奈川県横浜市瀬谷区本郷３－２５－１グループホームこころ", "url2": "https://www.kaigokensaku.mhlw.go.jp/14/index.php?action_kouhyou_detail_004_kani=true&JigyosyoCd=1473400602-00&ServiceCd=320&Type=search" }, "geometry": { "type": "Point", "coordinates": [ 139.478376233729563, 35.472472656287486 ] } },
{ "type": "Feature", "properties": { "内容": "グループホームみんなの家・横浜宮沢【認知症対応型共同生活介護】神奈川県横浜市瀬谷区宮沢3-21-25", "url2": "https://www.kaigokensaku.mhlw.go.jp/14/index.php?action_kouhyou_detail_004_kani=true&JigyosyoCd=1493400087-00&ServiceCd=320&Type=search" }, "geometry": { "type": "Point", "coordinates": [ 139.489810600000027, 35.4484701 ] } },
{ "type": "Feature", "properties": { "内容": "ニチイケアセンター横浜瀬谷【認知症対応型共同生活介護】神奈川県横浜市瀬谷区本郷３－６３－５", "url2": "https://www.kaigokensaku.mhlw.go.jp/14/index.php?action_kouhyou_detail_004_kani=true&JigyosyoCd=1493400194-00&ServiceCd=320&Type=search" }, "geometry": { "type": "Point", "coordinates": [ 139.4727332, 35.4716972 ] } },
{ "type": "Feature", "properties": { "内容": "グループホーム泉の郷　本郷【認知症対応型共同生活介護】神奈川県横浜市瀬谷区本郷1－55－1", "url2": "https://www.kaigokensaku.mhlw.go.jp/14/index.php?action_kouhyou_detail_004_kani=true&JigyosyoCd=1473400313-00&ServiceCd=320&Type=search" }, "geometry": { "type": "Point", "coordinates": [ 139.471974600000067, 35.478704 ] } },
{ "type": "Feature", "properties": { "内容": "グループホーム　みなみ【認知症対応型共同生活介護】神奈川県横浜市瀬谷区阿久和南3-26-3", "url2": "https://www.kaigokensaku.mhlw.go.jp/14/index.php?action_kouhyou_detail_004_kani=true&JigyosyoCd=1473400495-00&ServiceCd=320&Type=search" }, "geometry": { "type": "Point", "coordinates": [ 139.501715500000046, 35.4367854 ] } },
{ "type": "Feature", "properties": { "内容": "サンライズ・ホーム　瀬谷市民の森【認知症対応型共同生活介護】神奈川県横浜市瀬谷区瀬谷町５６３１－１", "url2": "https://www.kaigokensaku.mhlw.go.jp/14/index.php?action_kouhyou_detail_004_kani=true&JigyosyoCd=1473400651-00&ServiceCd=320&Type=search" }, "geometry": { "type": "Point", "coordinates": [ 139.491304099999979, 35.4785352 ] } },
{ "type": "Feature", "properties": { "内容": "愛の家　グループホーム　横浜瀬谷【認知症対応型共同生活介護】神奈川県横浜市瀬谷区下瀬谷３－４１－１", "url2": "https://www.kaigokensaku.mhlw.go.jp/14/index.php?action_kouhyou_detail_004_kani=true&JigyosyoCd=1493400053-00&ServiceCd=320&Type=search" }, "geometry": { "type": "Point", "coordinates": [ 139.479072299999984, 35.4522805 ] } },
{ "type": "Feature", "properties": { "内容": "グループホームせや別荘【認知症対応型共同生活介護】神奈川県横浜市瀬谷区下瀬谷2-25-16", "url2": "https://www.kaigokensaku.mhlw.go.jp/14/index.php?action_kouhyou_detail_004_kani=true&JigyosyoCd=1493400202-00&ServiceCd=320&Type=search" }, "geometry": { "type": "Point", "coordinates": [ 139.484523599999989, 35.4609567 ] } },
{ "type": "Feature", "properties": { "内容": "花物語せや【認知症対応型共同生活介護】神奈川県横浜市瀬谷区相沢4-10-36", "url2": "https://www.kaigokensaku.mhlw.go.jp/14/index.php?action_kouhyou_detail_004_kani=true&JigyosyoCd=1493400459-00&ServiceCd=320&Type=search" }, "geometry": { "type": "Point", "coordinates": [ 139.483266189549227, 35.473387230562878 ] } },
{ "type": "Feature", "properties": { "内容": "グループホーム　みなみの里【認知症対応型共同生活介護】神奈川県横浜市瀬谷区阿久和南3－18－10", "url2": "https://www.kaigokensaku.mhlw.go.jp/14/index.php?action_kouhyou_detail_004_kani=true&JigyosyoCd=1493400137-00&ServiceCd=320&Type=search" }, "geometry": { "type": "Point", "coordinates": [ 139.505962299999965, 35.4391796 ] } },
{ "type": "Feature", "properties": { "内容": "グループホームみなみの風【認知症対応型共同生活介護】神奈川県横浜市瀬谷区阿久和南３－１８－９", "url2": "https://www.kaigokensaku.mhlw.go.jp/14/index.php?action_kouhyou_detail_004_kani=true&JigyosyoCd=1493400061-00&ServiceCd=320&Type=search" }, "geometry": { "type": "Point", "coordinates": [ 139.505554, 35.4391296 ] } },
{ "type": "Feature", "properties": { "内容": "グループホーム友愛【認知症対応型共同生活介護】神奈川県横浜市瀬谷区橋戸3-26-6", "url2": "https://www.kaigokensaku.mhlw.go.jp/14/index.php?action_kouhyou_detail_004_kani=true&JigyosyoCd=1473400487-00&ServiceCd=320&Type=search" }, "geometry": { "type": "Point", "coordinates": [ 139.474371084645554, 35.46411601116349 ] } },
{ "type": "Feature", "properties": { "内容": "グループホーム　みんなの家・横浜瀬谷【認知症対応型共同生活介護】神奈川県横浜市瀬谷区中屋敷2-6-15", "url2": "https://www.kaigokensaku.mhlw.go.jp/14/index.php?action_kouhyou_detail_004_kani=true&JigyosyoCd=1493400046-00&ServiceCd=320&Type=search" }, "geometry": { "type": "Point", "coordinates": [ 139.475643699999978, 35.4813702 ] } },
{ "type": "Feature", "properties": { "内容": "グループホームみんなの家・横浜上瀬谷【認知症対応型共同生活介護】神奈川県横浜市瀬谷区上瀬谷町56-4", "url2": "https://www.kaigokensaku.mhlw.go.jp/14/index.php?action_kouhyou_detail_004_kani=true&JigyosyoCd=1493400079-00&ServiceCd=320&Type=search" }, "geometry": { "type": "Point", "coordinates": [ 139.472224, 35.4917372 ] } },
{ "type": "Feature", "properties": { "内容": "グループホーム　クロスハート上郷・栄【認知症対応型共同生活介護】神奈川県横浜市栄区野七里2-25-18", "url2": "https://www.kaigokensaku.mhlw.go.jp/14/index.php?action_kouhyou_detail_004_kani=true&JigyosyoCd=1493500514-00&ServiceCd=320&Type=search" }, "geometry": { "type": "Point", "coordinates": [ 139.578345636280915, 35.343715807424523 ] } },
{ "type": "Feature", "properties": { "内容": "グループホームちいさな手横浜さかえ【認知症対応型共同生活介護】神奈川県横浜市栄区長沼町４７８－１", "url2": "https://www.kaigokensaku.mhlw.go.jp/14/index.php?action_kouhyou_detail_004_kani=true&JigyosyoCd=1473500690-00&ServiceCd=320&Type=search" }, "geometry": { "type": "Point", "coordinates": [ 139.53630720000001, 35.3760519 ] } },
{ "type": "Feature", "properties": { "内容": "グループホーム　湘南かさま【認知症対応型共同生活介護】神奈川県横浜市栄区笠間　３－２０－２７", "url2": "https://www.kaigokensaku.mhlw.go.jp/14/index.php?action_kouhyou_detail_004_kani=true&JigyosyoCd=1473500708-00&ServiceCd=320&Type=search" }, "geometry": { "type": "Point", "coordinates": [ 139.536135, 35.3623926 ] } },
{ "type": "Feature", "properties": { "内容": "グループホームちいさな手癒しの里横浜さかえ【認知症対応型共同生活介護】神奈川県横浜市栄区桂町716", "url2": "https://www.kaigokensaku.mhlw.go.jp/14/index.php?action_kouhyou_detail_004_kani=true&JigyosyoCd=1493500167-00&ServiceCd=320&Type=search" }, "geometry": { "type": "Point", "coordinates": [ 139.556503199999952, 35.3648117 ] } },
{ "type": "Feature", "properties": { "内容": "グループホーム　はなみずき【認知症対応型共同生活介護】神奈川県横浜市栄区元大橋１-40-12", "url2": "https://www.kaigokensaku.mhlw.go.jp/14/index.php?action_kouhyou_detail_004_kani=true&JigyosyoCd=1493500332-00&ServiceCd=320&Type=search" }, "geometry": { "type": "Point", "coordinates": [ 139.56931869999994, 35.3693834 ] } },
{ "type": "Feature", "properties": { "内容": "のぞみの家　上郷【認知症対応型共同生活介護】神奈川県横浜市栄区上郷町９７２－５", "url2": "https://www.kaigokensaku.mhlw.go.jp/14/index.php?action_kouhyou_detail_004_kani=true&JigyosyoCd=1493500068-00&ServiceCd=320&Type=search" }, "geometry": { "type": "Point", "coordinates": [ 139.580512099999964, 35.3582319 ] } },
{ "type": "Feature", "properties": { "内容": "グループホーム陽春の里【認知症対応型共同生活介護】神奈川県横浜市栄区中野町５６－４", "url2": "https://www.kaigokensaku.mhlw.go.jp/14/index.php?action_kouhyou_detail_004_kani=true&JigyosyoCd=1493500142-00&ServiceCd=320&Type=search" }, "geometry": { "type": "Point", "coordinates": [ 139.563760900000034, 35.3640007 ] } },
{ "type": "Feature", "properties": { "内容": "グループホームちいさな手　花咲く街横浜こすがや【認知症対応型共同生活介護】神奈川県横浜市栄区小菅ヶ谷1丁目27番5号", "url2": "https://www.kaigokensaku.mhlw.go.jp/14/index.php?action_kouhyou_detail_004_kani=true&JigyosyoCd=1493500217-00&ServiceCd=320&Type=search" }, "geometry": { "type": "Point", "coordinates": [ 139.54219850000004, 35.3644118 ] } },
{ "type": "Feature", "properties": { "内容": "花物語さかえ【認知症対応型共同生活介護】神奈川県横浜市栄区小菅ヶ谷4-34-1", "url2": "https://www.kaigokensaku.mhlw.go.jp/14/index.php?action_kouhyou_detail_004_kani=true&JigyosyoCd=1493500456-00&ServiceCd=320&Type=search" }, "geometry": { "type": "Point", "coordinates": [ 139.553300900000011, 35.382134799999989 ] } },
{ "type": "Feature", "properties": { "内容": "グループホーム　クロスハート田谷・栄【認知症対応型共同生活介護】神奈川県横浜市栄区田谷町1249", "url2": "https://www.kaigokensaku.mhlw.go.jp/14/index.php?action_kouhyou_detail_004_kani=true&JigyosyoCd=1473500328-00&ServiceCd=320&Type=search" }, "geometry": { "type": "Point", "coordinates": [ 139.520649899999967, 35.3640507 ] } },
{ "type": "Feature", "properties": { "内容": "グループホーム　さくら園【認知症対応型共同生活介護】神奈川県横浜市栄区金井町１６００", "url2": "https://www.kaigokensaku.mhlw.go.jp/14/index.php?action_kouhyou_detail_004_kani=true&JigyosyoCd=1473500591-00&ServiceCd=320&Type=search" }, "geometry": { "type": "Point", "coordinates": [ 139.520811, 35.3780099 ] } },
{ "type": "Feature", "properties": { "内容": "ニチイケアセンター横浜本郷台【認知症対応型共同生活介護】神奈川県横浜市栄区飯島町2310番地", "url2": "https://www.kaigokensaku.mhlw.go.jp/14/index.php?action_kouhyou_detail_004_kani=true&JigyosyoCd=1493500472-00&ServiceCd=320&Type=search" }, "geometry": { "type": "Point", "coordinates": [ 139.543473400000011, 35.3713904 ] } },
{ "type": "Feature", "properties": { "内容": "ニチイケアセンター長沼町【認知症対応型共同生活介護】神奈川県横浜市栄区長沼町836-4ニチイケアセンター長沼町", "url2": "https://www.kaigokensaku.mhlw.go.jp/14/index.php?action_kouhyou_detail_004_kani=true&JigyosyoCd=1493500092-00&ServiceCd=320&Type=search" }, "geometry": { "type": "Point", "coordinates": [ 139.542079100000024, 35.377424 ] } },
{ "type": "Feature", "properties": { "内容": "グループホーム　みなみ栄【認知症対応型共同生活介護】神奈川県横浜市栄区上之町18-8", "url2": "https://www.kaigokensaku.mhlw.go.jp/14/index.php?action_kouhyou_detail_004_kani=true&JigyosyoCd=1493500225-00&ServiceCd=320&Type=search" }, "geometry": { "type": "Point", "coordinates": [ 139.577876166270499, 35.356533197181484 ] } },
{ "type": "Feature", "properties": { "内容": "花物語いずみ北【認知症対応型共同生活介護】神奈川県横浜市泉区上飯田町4724-3", "url2": "https://www.kaigokensaku.mhlw.go.jp/14/index.php?action_kouhyou_detail_004_kani=true&JigyosyoCd=1493600629-00&ServiceCd=320&Type=search" }, "geometry": { "type": "Point", "coordinates": [ 139.4806686, 35.4445149 ] } },
{ "type": "Feature", "properties": { "内容": "グループホーム　ソフィアいずみ【認知症対応型共同生活介護】神奈川県横浜市泉区和泉町6418-19", "url2": "https://www.kaigokensaku.mhlw.go.jp/14/index.php?action_kouhyou_detail_004_kani=true&JigyosyoCd=1473600656-00&ServiceCd=320&Type=search" }, "geometry": { "type": "Point", "coordinates": [ 139.489224899999954, 35.4287503 ] } },
{ "type": "Feature", "properties": { "内容": "グループホームちいさな手横浜いずみ【認知症対応型共同生活介護】神奈川県横浜市泉区上飯田町１６１８－１", "url2": "https://www.kaigokensaku.mhlw.go.jp/14/index.php?action_kouhyou_detail_004_kani=true&JigyosyoCd=1473601043-00&ServiceCd=320&Type=search" }, "geometry": { "type": "Point", "coordinates": [ 139.476711799999947, 35.4233396 ] } },
{ "type": "Feature", "properties": { "内容": "グループホームいずみ【認知症対応型共同生活介護】神奈川県横浜市泉区和泉町7600-4", "url2": "https://www.kaigokensaku.mhlw.go.jp/14/index.php?action_kouhyou_detail_004_kani=true&JigyosyoCd=1493600066-00&ServiceCd=320&Type=search" }, "geometry": { "type": "Point", "coordinates": [ 139.492271699999947, 35.441496 ] } },
{ "type": "Feature", "properties": { "内容": "グループホーム　ソラストいずみ【認知症対応型共同生活介護】神奈川県横浜市泉区和泉が丘1－16－3", "url2": "https://www.kaigokensaku.mhlw.go.jp/14/index.php?action_kouhyou_detail_004_kani=true&JigyosyoCd=1493600454-00&ServiceCd=320&Type=search" }, "geometry": { "type": "Point", "coordinates": [ 139.497940200000016, 35.4034404 ] } },
{ "type": "Feature", "properties": { "内容": "グループホーム　泉の郷【認知症対応型共同生活介護】神奈川県横浜市泉区上飯田町1221", "url2": "https://www.kaigokensaku.mhlw.go.jp/14/index.php?action_kouhyou_detail_004_kani=true&JigyosyoCd=1473600417-00&ServiceCd=320&Type=search" }, "geometry": { "type": "Point", "coordinates": [ 139.479301477909871, 35.4199179 ] } },
{ "type": "Feature", "properties": { "内容": "弥生台グループホーム【認知症対応型共同生活介護】神奈川県横浜市泉区弥生台55-62", "url2": "https://www.kaigokensaku.mhlw.go.jp/14/index.php?action_kouhyou_detail_004_kani=true&JigyosyoCd=1473600540-00&ServiceCd=320&Type=search" }, "geometry": { "type": "Point", "coordinates": [ 139.503091142327889, 35.425912583085776 ] } },
{ "type": "Feature", "properties": { "内容": "木下の介護グループホーム泉【認知症対応型共同生活介護】神奈川県横浜市泉区和泉中央南5-23-12", "url2": "https://www.kaigokensaku.mhlw.go.jp/14/index.php?action_kouhyou_detail_004_kani=true&JigyosyoCd=1473600649-00&ServiceCd=320&Type=search" }, "geometry": { "type": "Point", "coordinates": [ 139.486439, 35.4111551 ] } },
{ "type": "Feature", "properties": { "内容": "グループホームあいおい【認知症対応型共同生活介護】神奈川県横浜市泉区和泉町７８３２－１", "url2": "https://www.kaigokensaku.mhlw.go.jp/14/index.php?action_kouhyou_detail_004_kani=true&JigyosyoCd=1473600888-00&ServiceCd=320&Type=search" }, "geometry": { "type": "Point", "coordinates": [ 139.496921400000019, 35.4351023 ] } },
{ "type": "Feature", "properties": { "内容": "グループホーム　なでしこ【認知症対応型共同生活介護】神奈川県横浜市泉区和泉が丘1-27-24", "url2": "https://www.kaigokensaku.mhlw.go.jp/14/index.php?action_kouhyou_detail_004_kani=true&JigyosyoCd=1473600938-00&ServiceCd=320&Type=search" }, "geometry": { "type": "Point", "coordinates": [ 139.494488300000057, 35.4030034 ] } },
{ "type": "Feature", "properties": { "内容": "グループホーム　やまもも【認知症対応型共同生活介護】神奈川県横浜市泉区和泉町7737-11", "url2": "https://www.kaigokensaku.mhlw.go.jp/14/index.php?action_kouhyou_detail_004_kani=true&JigyosyoCd=1473600953-00&ServiceCd=320&Type=search" }, "geometry": { "type": "Point", "coordinates": [ 139.497382499999958, 35.4367826 ] } },
{ "type": "Feature", "properties": { "内容": "グループホーム　あいあい【認知症対応型共同生活介護】神奈川県横浜市泉区和泉町３２００－１", "url2": "https://www.kaigokensaku.mhlw.go.jp/14/index.php?action_kouhyou_detail_004_kani=true&JigyosyoCd=1473600946-00&ServiceCd=320&Type=search" }, "geometry": { "type": "Point", "coordinates": [ 139.485544600000026, 35.4074278 ] } },
{ "type": "Feature", "properties": { "内容": "グループホーム　あんず【認知症対応型共同生活介護】神奈川県横浜市泉区弥生台45-4", "url2": "https://www.kaigokensaku.mhlw.go.jp/14/index.php?action_kouhyou_detail_004_kani=true&JigyosyoCd=1473601027-00&ServiceCd=320&Type=search" }, "geometry": { "type": "Point", "coordinates": [ 139.506681699999945, 35.4250757 ] } },
{ "type": "Feature", "properties": { "内容": "清風荘【認知症対応型共同生活介護】神奈川県横浜市泉区上飯田町262番地", "url2": "https://www.kaigokensaku.mhlw.go.jp/14/index.php?action_kouhyou_detail_004_kani=true&JigyosyoCd=1473601068-00&ServiceCd=320&Type=search" }, "geometry": { "type": "Point", "coordinates": [ 139.4826031, 35.4111162 ] } },
{ "type": "Feature", "properties": { "内容": "グループホームゆとり【認知症対応型共同生活介護】神奈川県横浜市泉区和泉町1295", "url2": "https://www.kaigokensaku.mhlw.go.jp/14/index.php?action_kouhyou_detail_004_kani=true&JigyosyoCd=1473601076-00&ServiceCd=320&Type=search" }, "geometry": { "type": "Point", "coordinates": [ 139.488547199999971, 35.4025284 ] } },
{ "type": "Feature", "properties": { "内容": "グループホーム　アカシヤの家【認知症対応型共同生活介護】神奈川県横浜市泉区岡津町2901-1グループホームアカシヤの家", "url2": "https://www.kaigokensaku.mhlw.go.jp/14/index.php?action_kouhyou_detail_004_kani=true&JigyosyoCd=1473601100-00&ServiceCd=320&Type=search" }, "geometry": { "type": "Point", "coordinates": [ 139.522896899999978, 35.4344051 ] } },
{ "type": "Feature", "properties": { "内容": "グループホーム　こてまり【認知症対応型共同生活介護】神奈川県横浜市泉区中田東1-9-28", "url2": "https://www.kaigokensaku.mhlw.go.jp/14/index.php?action_kouhyou_detail_004_kani=true&JigyosyoCd=1473601118-00&ServiceCd=320&Type=search" }, "geometry": { "type": "Point", "coordinates": [ 139.519236099999944, 35.4082972 ] } },
{ "type": "Feature", "properties": { "内容": "グループホーム　泉の郷上飯田【認知症対応型共同生活介護】神奈川県横浜市泉区上飯田町1260", "url2": "https://www.kaigokensaku.mhlw.go.jp/14/index.php?action_kouhyou_detail_004_kani=true&JigyosyoCd=1473600557-00&ServiceCd=320&Type=search" }, "geometry": { "type": "Point", "coordinates": [ 139.48128650000001, 35.4202317 ] } },
{ "type": "Feature", "properties": { "内容": "サリューブルいずみ【認知症対応型共同生活介護】神奈川県横浜市泉区和泉が丘1-6-10", "url2": "https://www.kaigokensaku.mhlw.go.jp/14/index.php?action_kouhyou_detail_004_kani=true&JigyosyoCd=1473600664-00&ServiceCd=320&Type=search" }, "geometry": { "type": "Point", "coordinates": [ 139.501171099999965, 35.4026006 ] } },
{ "type": "Feature", "properties": { "内容": "グループホーム　やすらぎ【認知症対応型共同生活介護】神奈川県横浜市泉区和泉町7315-7いずみ光ビル　2・3階", "url2": "https://www.kaigokensaku.mhlw.go.jp/14/index.php?action_kouhyou_detail_004_kani=true&JigyosyoCd=1473600755-00&ServiceCd=320&Type=search" }, "geometry": { "type": "Point", "coordinates": [ 139.484766700000023, 35.442118 ] } },
{ "type": "Feature", "properties": { "内容": "グループホーム　ちゃんと【認知症対応型共同生活介護】神奈川県横浜市泉区和泉が丘　3-8-7", "url2": "https://www.kaigokensaku.mhlw.go.jp/14/index.php?action_kouhyou_detail_004_kani=true&JigyosyoCd=1473601084-00&ServiceCd=320&Type=search" }, "geometry": { "type": "Point", "coordinates": [ 139.495238299999983, 35.4067279 ] } },
{ "type": "Feature", "properties": { "内容": "グループホームみんなの家・横浜いずみ野【認知症対応型共同生活介護】神奈川県横浜市泉区和泉町7591-18", "url2": "https://www.kaigokensaku.mhlw.go.jp/14/index.php?action_kouhyou_detail_004_kani=true&JigyosyoCd=1493600017-00&ServiceCd=320&Type=search" }, "geometry": { "type": "Point", "coordinates": [ 139.4926012, 35.442487700000058 ] } },
{ "type": "Feature", "properties": { "内容": "いきいきの家　泉【認知症対応型共同生活介護】神奈川県横浜市泉区上飯田町３８０５－６", "url2": "https://www.kaigokensaku.mhlw.go.jp/14/index.php?action_kouhyou_detail_004_kani=true&JigyosyoCd=1493600033-00&ServiceCd=320&Type=search" }, "geometry": { "type": "Point", "coordinates": [ 139.481192100000044, 35.4334273 ] } },
{ "type": "Feature", "properties": { "内容": "グループホームみんなの家・横浜飯田北Ⅱ【認知症対応型共同生活介護】神奈川県横浜市泉区上飯田町3795-1", "url2": "https://www.kaigokensaku.mhlw.go.jp/14/index.php?action_kouhyou_detail_004_kani=true&JigyosyoCd=1493600041-00&ServiceCd=320&Type=search" }, "geometry": { "type": "Point", "coordinates": [ 139.480425500000024, 35.4343299 ] } },
{ "type": "Feature", "properties": { "内容": "グループホームみんなの家・横浜飯田北I【認知症対応型共同生活介護】神奈川県横浜市泉区上飯田町3795-9", "url2": "https://www.kaigokensaku.mhlw.go.jp/14/index.php?action_kouhyou_detail_004_kani=true&JigyosyoCd=1493600058-00&ServiceCd=320&Type=search" }, "geometry": { "type": "Point", "coordinates": [ 139.480417100000068, 35.4345021 ] } },
{ "type": "Feature", "properties": { "内容": "グループホームいずみ別荘２【認知症対応型共同生活介護】神奈川県横浜市泉区和泉町4888-1", "url2": "https://www.kaigokensaku.mhlw.go.jp/14/index.php?action_kouhyou_detail_004_kani=true&JigyosyoCd=1493600116-00&ServiceCd=320&Type=search" }, "geometry": { "type": "Point", "coordinates": [ 139.484305799999987, 35.4254089 ] } },
{ "type": "Feature", "properties": { "内容": "グループホーム風の生活館【認知症対応型共同生活介護】神奈川県横浜市泉区和泉町５９３２－３", "url2": "https://www.kaigokensaku.mhlw.go.jp/14/index.php?action_kouhyou_detail_004_kani=true&JigyosyoCd=1473600425-00&ServiceCd=320&Type=search" }, "geometry": { "type": "Point", "coordinates": [ 139.50076, 35.4232343 ] } },
{ "type": "Feature", "properties": { "内容": "グループホームひめしゃら【認知症対応型共同生活介護】神奈川県横浜市泉区和泉町２６４７－１", "url2": "https://www.kaigokensaku.mhlw.go.jp/14/index.php?action_kouhyou_detail_004_kani=true&JigyosyoCd=1473600839-00&ServiceCd=320&Type=search" }, "geometry": { "type": "Point", "coordinates": [ 139.493741437434437, 35.409711459730566 ] } },
{ "type": "Feature", "properties": { "内容": "グループホーム　しんばしの家【認知症対応型共同生活介護】神奈川県横浜市泉区新橋町１５１５－２", "url2": "https://www.kaigokensaku.mhlw.go.jp/14/index.php?action_kouhyou_detail_004_kani=true&JigyosyoCd=1473600706-00&ServiceCd=320&Type=search" }, "geometry": { "type": "Point", "coordinates": [ 139.514922599999977, 35.4395629 ] } },
{ "type": "Feature", "properties": { "内容": "ほほえみの郷弥生台【認知症対応型共同生活介護】神奈川県横浜市泉区西が岡1-32-6", "url2": "https://www.kaigokensaku.mhlw.go.jp/14/index.php?action_kouhyou_detail_004_kani=true&JigyosyoCd=1493600637-00&ServiceCd=320&Type=search" }, "geometry": { "type": "Point", "coordinates": [ 139.50934239999998, 35.424971 ] } },
{ "type": "Feature", "properties": { "内容": "ミモザ横浜いずみ【認知症対応型共同生活介護】神奈川県横浜市泉区和泉中央北6-5-10", "url2": "https://www.kaigokensaku.mhlw.go.jp/14/index.php?action_kouhyou_detail_004_kani=true&JigyosyoCd=1473600821-00&ServiceCd=320&Type=search" }, "geometry": { "type": "Point", "coordinates": [ 139.491326548832063, 35.42190844568303 ] } },
{ "type": "Feature", "properties": { "内容": "花物語いずみ【認知症対応型共同生活介護】神奈川県横浜市泉区上飯田町3988-6", "url2": "https://www.kaigokensaku.mhlw.go.jp/14/index.php?action_kouhyou_detail_004_kani=true&JigyosyoCd=1493600546-00&ServiceCd=320&Type=search" }, "geometry": { "type": "Point", "coordinates": [ 139.483585500000032, 35.438500500000025 ] } },
{ "type": "Feature", "properties": { "内容": "グループホーム　いずみ別荘【認知症対応型共同生活介護】神奈川県横浜市泉区下飯田町811-4", "url2": "https://www.kaigokensaku.mhlw.go.jp/14/index.php?action_kouhyou_detail_004_kani=true&JigyosyoCd=1493600082-00&ServiceCd=320&Type=search" }, "geometry": { "type": "Point", "coordinates": [ 139.483739199999945, 35.4026117 ] } },
{ "type": "Feature", "properties": { "内容": "医療法人社団　三喜会　グループホーム青葉台【認知症対応型共同生活介護】神奈川県横浜市青葉区しらとり台３－９", "url2": "https://www.kaigokensaku.mhlw.go.jp/14/index.php?action_kouhyou_detail_004_kani=true&JigyosyoCd=1473700258-00&ServiceCd=320&Type=search" }, "geometry": { "type": "Point", "coordinates": [ 139.516329400000018, 35.5377197 ] } },
{ "type": "Feature", "properties": { "内容": "グループホーム　ゆい　青葉【認知症対応型共同生活介護】神奈川県横浜市青葉区荏田町1288", "url2": "https://www.kaigokensaku.mhlw.go.jp/14/index.php?action_kouhyou_detail_004_kani=true&JigyosyoCd=1493700163-00&ServiceCd=320&Type=search" }, "geometry": { "type": "Point", "coordinates": [ 139.555233866270441, 35.559554420577285 ] } },
{ "type": "Feature", "properties": { "内容": "花物語　いちがお【認知症対応型共同生活介護】神奈川県横浜市青葉区荏田西1-12-11", "url2": "https://www.kaigokensaku.mhlw.go.jp/14/index.php?action_kouhyou_detail_004_kani=true&JigyosyoCd=1493700197-00&ServiceCd=320&Type=search" }, "geometry": { "type": "Point", "coordinates": [ 139.546114432575706, 35.551873586959843 ] } },
{ "type": "Feature", "properties": { "内容": "花物語　ふじがおか【認知症対応型共同生活介護】神奈川県横浜市青葉区みたけ台41-5", "url2": "https://www.kaigokensaku.mhlw.go.jp/14/index.php?action_kouhyou_detail_004_kani=true&JigyosyoCd=1493700338-00&ServiceCd=320&Type=search" }, "geometry": { "type": "Point", "coordinates": [ 139.522194899999931, 35.5533987 ] } },
{ "type": "Feature", "properties": { "内容": "花物語　おんだ【認知症対応型共同生活介護】神奈川県横浜市青葉区恩田町3114番地1", "url2": "https://www.kaigokensaku.mhlw.go.jp/14/index.php?action_kouhyou_detail_004_kani=true&JigyosyoCd=1493700361-00&ServiceCd=320&Type=search" }, "geometry": { "type": "Point", "coordinates": [ 139.498559260418659, 35.544013742021875 ] } },
{ "type": "Feature", "properties": { "内容": "グループホーム　ふぁいと青葉【認知症対応型共同生活介護】神奈川県横浜市青葉区奈良町2467-5", "url2": "https://www.kaigokensaku.mhlw.go.jp/14/index.php?action_kouhyou_detail_004_kani=true&JigyosyoCd=1493700676-00&ServiceCd=320&Type=search" }, "geometry": { "type": "Point", "coordinates": [ 139.4770436, 35.568892100000021 ] } },
{ "type": "Feature", "properties": { "内容": "グループホーム　万寿の森【認知症対応型共同生活介護】神奈川県横浜市青葉区元石川町4323-1万寿の森", "url2": "https://www.kaigokensaku.mhlw.go.jp/14/index.php?action_kouhyou_detail_004_kani=true&JigyosyoCd=1473700449-00&ServiceCd=320&Type=search" }, "geometry": { "type": "Point", "coordinates": [ 139.5377929, 35.5736045 ] } },
{ "type": "Feature", "properties": { "内容": "株式会社よこはま夢倶楽部　グループホーム夢美【認知症対応型共同生活介護】神奈川県横浜市青葉区もえぎ野１０－２８", "url2": "https://www.kaigokensaku.mhlw.go.jp/14/index.php?action_kouhyou_detail_004_kani=true&JigyosyoCd=1473701314-00&ServiceCd=320&Type=search" }, "geometry": { "type": "Point", "coordinates": [ 139.522073200000023, 35.5457221 ] } },
{ "type": "Feature", "properties": { "内容": "株式会社よこはま夢倶楽部　グループホーム夢感【認知症対応型共同生活介護】神奈川県横浜市青葉区もえぎ野１０－１１９", "url2": "https://www.kaigokensaku.mhlw.go.jp/14/index.php?action_kouhyou_detail_004_kani=true&JigyosyoCd=1473701363-00&ServiceCd=320&Type=search" }, "geometry": { "type": "Point", "coordinates": [ 139.521809299999973, 35.5458665 ] } },
{ "type": "Feature", "properties": { "内容": "花物語あおば【認知症対応型共同生活介護】神奈川県横浜市青葉区成合町443-2花物語あおば", "url2": "https://www.kaigokensaku.mhlw.go.jp/14/index.php?action_kouhyou_detail_004_kani=true&JigyosyoCd=1493700734-00&ServiceCd=320&Type=search" }, "geometry": { "type": "Point", "coordinates": [ 139.510300017790968, 35.56404568263099 ] } },
{ "type": "Feature", "properties": { "内容": "「結」ケアセンターあおば【認知症対応型共同生活介護】神奈川県横浜市青葉区恩田町2599-1", "url2": "https://www.kaigokensaku.mhlw.go.jp/14/index.php?action_kouhyou_detail_004_kani=true&JigyosyoCd=1493700544-00&ServiceCd=320&Type=search" }, "geometry": { "type": "Point", "coordinates": [ 139.498323190543971, 35.546693250794398 ] } },
{ "type": "Feature", "properties": { "内容": "グループホームみんなの家・横浜市ヶ尾【認知症対応型共同生活介護】神奈川県横浜市青葉区鉄町1224", "url2": "https://www.kaigokensaku.mhlw.go.jp/14/index.php?action_kouhyou_detail_004_kani=true&JigyosyoCd=1493700130-00&ServiceCd=320&Type=search" }, "geometry": { "type": "Point", "coordinates": [ 139.5287078, 35.5632863 ] } },
{ "type": "Feature", "properties": { "内容": "グループホーム　プラチナ・ヴィラ青葉台【認知症対応型共同生活介護】神奈川県横浜市青葉区鴨志田町758-1", "url2": "https://www.kaigokensaku.mhlw.go.jp/14/index.php?action_kouhyou_detail_004_kani=true&JigyosyoCd=1493700726-00&ServiceCd=320&Type=search" }, "geometry": { "type": "Point", "coordinates": [ 139.5108802, 35.5599005 ] } },
{ "type": "Feature", "properties": { "内容": "グループホーム　スマイル青葉【認知症対応型共同生活介護】神奈川県横浜市青葉区恩田町1152番地", "url2": "https://www.kaigokensaku.mhlw.go.jp/14/index.php?action_kouhyou_detail_004_kani=true&JigyosyoCd=1473701488-00&ServiceCd=320&Type=search" }, "geometry": { "type": "Point", "coordinates": [ 139.485633199999938, 35.5365849 ] } },
{ "type": "Feature", "properties": { "内容": "グループホーム　プラチナホーム鴨志田【認知症対応型共同生活介護】神奈川県横浜市青葉区鴨志田町256", "url2": "https://www.kaigokensaku.mhlw.go.jp/14/index.php?action_kouhyou_detail_004_kani=true&JigyosyoCd=1493700213-00&ServiceCd=320&Type=search" }, "geometry": { "type": "Point", "coordinates": [ 139.509875100000045, 35.5659065 ] } },
{ "type": "Feature", "properties": { "内容": "グループホーム　プラチナホーム市ヶ尾Ⅱ【認知症対応型共同生活介護】神奈川県横浜市青葉区市ヶ尾町1849-1", "url2": "https://www.kaigokensaku.mhlw.go.jp/14/index.php?action_kouhyou_detail_004_kani=true&JigyosyoCd=1493700221-00&ServiceCd=320&Type=search" }, "geometry": { "type": "Point", "coordinates": [ 139.533099600000014, 35.5557707 ] } },
{ "type": "Feature", "properties": { "内容": "グループホーム　プラチナホーム市ヶ尾【認知症対応型共同生活介護】神奈川県横浜市青葉区市ヶ尾町1848-1プラチナホーム市ヶ尾", "url2": "https://www.kaigokensaku.mhlw.go.jp/14/index.php?action_kouhyou_detail_004_kani=true&JigyosyoCd=1493700239-00&ServiceCd=320&Type=search" }, "geometry": { "type": "Point", "coordinates": [ 139.533385599999974, 35.5559735 ] } },
{ "type": "Feature", "properties": { "内容": "花物語たまプラーザ【認知症対応型共同生活介護】神奈川県横浜市青葉区美しが丘5-29-3", "url2": "https://www.kaigokensaku.mhlw.go.jp/14/index.php?action_kouhyou_detail_004_kani=true&JigyosyoCd=1493700700-00&ServiceCd=320&Type=search" }, "geometry": { "type": "Point", "coordinates": [ 139.550022500000011, 35.5746606 ] } },
{ "type": "Feature", "properties": { "内容": "花物語いちがお東【認知症対応型共同生活介護】神奈川県横浜市青葉区荏田西3-1-19", "url2": "https://www.kaigokensaku.mhlw.go.jp/14/index.php?action_kouhyou_detail_004_kani=true&JigyosyoCd=1493700759-00&ServiceCd=320&Type=search" }, "geometry": { "type": "Point", "coordinates": [ 139.547316199999983, 35.5501787 ] } },
{ "type": "Feature", "properties": { "内容": "花物語つづき【認知症対応型共同生活介護】神奈川県横浜市都筑区茅ケ崎東５丁目８-１３", "url2": "https://www.kaigokensaku.mhlw.go.jp/14/index.php?action_kouhyou_detail_004_kani=true&JigyosyoCd=1493800674-00&ServiceCd=320&Type=search" }, "geometry": { "type": "Point", "coordinates": [ 139.584576700000014, 35.5471322 ] } },
{ "type": "Feature", "properties": { "内容": "グループホームみんなの家・横浜茅ヶ崎東【認知症対応型共同生活介護】神奈川県横浜市都筑区茅ヶ崎東5-5-18", "url2": "https://www.kaigokensaku.mhlw.go.jp/14/index.php?action_kouhyou_detail_004_kani=true&JigyosyoCd=1493800013-00&ServiceCd=320&Type=search" }, "geometry": { "type": "Point", "coordinates": [ 139.58347619999995, 35.54697 ] } },
{ "type": "Feature", "properties": { "内容": "グループホームみんなの家・横浜荏田東【認知症対応型共同生活介護】神奈川県横浜市都筑区荏田東4-14-12", "url2": "https://www.kaigokensaku.mhlw.go.jp/14/index.php?action_kouhyou_detail_004_kani=true&JigyosyoCd=1493800021-00&ServiceCd=320&Type=search" }, "geometry": { "type": "Point", "coordinates": [ 139.567597, 35.5516913 ] } },
{ "type": "Feature", "properties": { "内容": "グループホームみんなの家・横浜茅ヶ崎東２【認知症対応型共同生活介護】神奈川県横浜市都筑区茅ヶ崎東5-4-4", "url2": "https://www.kaigokensaku.mhlw.go.jp/14/index.php?action_kouhyou_detail_004_kani=true&JigyosyoCd=1493800054-00&ServiceCd=320&Type=search" }, "geometry": { "type": "Point", "coordinates": [ 139.5828679, 35.5470394 ] } },
{ "type": "Feature", "properties": { "内容": "グループホーム蘭寿しらかし【認知症対応型共同生活介護】神奈川県横浜市都筑区折本町１３７３－１", "url2": "https://www.kaigokensaku.mhlw.go.jp/14/index.php?action_kouhyou_detail_004_kani=true&JigyosyoCd=1493800096-00&ServiceCd=320&Type=search" }, "geometry": { "type": "Point", "coordinates": [ 139.591231599999986, 35.5263563 ] } },
{ "type": "Feature", "properties": { "内容": "グループホーム春風の丘【認知症対応型共同生活介護】神奈川県横浜市都筑区牛久保東３－２３－３５", "url2": "https://www.kaigokensaku.mhlw.go.jp/14/index.php?action_kouhyou_detail_004_kani=true&JigyosyoCd=1493800104-00&ServiceCd=320&Type=search" }, "geometry": { "type": "Point", "coordinates": [ 139.590797599999973, 35.5519472 ] } },
{ "type": "Feature", "properties": { "内容": "ｸﾞﾙｰﾌﾟﾎｰﾑ和が家【認知症対応型共同生活介護】神奈川県横浜市都筑区折本町448-3豊幸ビル", "url2": "https://www.kaigokensaku.mhlw.go.jp/14/index.php?action_kouhyou_detail_004_kani=true&JigyosyoCd=1493800245-00&ServiceCd=320&Type=search" }, "geometry": { "type": "Point", "coordinates": [ 139.59560620000002, 35.5234678 ] } },
{ "type": "Feature", "properties": { "内容": "グループホーム　ソラスト勝田【認知症対応型共同生活介護】神奈川県横浜市都筑区勝田町655", "url2": "https://www.kaigokensaku.mhlw.go.jp/14/index.php?action_kouhyou_detail_004_kani=true&JigyosyoCd=1493800336-00&ServiceCd=320&Type=search" }, "geometry": { "type": "Point", "coordinates": [ 139.595073010450733, 35.545746648805356 ] } },
{ "type": "Feature", "properties": { "内容": "グループホーム　ふぁいと南山田【認知症対応型共同生活介護】神奈川県横浜市都筑区南山田町4241", "url2": "https://www.kaigokensaku.mhlw.go.jp/14/index.php?action_kouhyou_detail_004_kani=true&JigyosyoCd=1493800534-00&ServiceCd=320&Type=search" }, "geometry": { "type": "Point", "coordinates": [ 139.5978662, 35.550363 ] } },
{ "type": "Feature", "properties": { "内容": "グループホーム朝日のあたる家【認知症対応型共同生活介護】神奈川県横浜市都筑区北山田2-8-14", "url2": "https://www.kaigokensaku.mhlw.go.jp/14/index.php?action_kouhyou_detail_004_kani=true&JigyosyoCd=1493800591-00&ServiceCd=320&Type=search" }, "geometry": { "type": "Point", "coordinates": [ 139.5926723, 35.5595225 ] } },
{ "type": "Feature", "properties": { "内容": "高齢者グループホームちとせ【認知症対応型共同生活介護】神奈川県横浜市都筑区仲町台１－１２－３１", "url2": "https://www.kaigokensaku.mhlw.go.jp/14/index.php?action_kouhyou_detail_004_kani=true&JigyosyoCd=1473800132-00&ServiceCd=320&Type=search" }, "geometry": { "type": "Point", "coordinates": [ 139.592839499999968, 35.5341054 ] } },
{ "type": "Feature", "properties": { "内容": "高齢者グループホーム　横浜はつらつ【認知症対応型共同生活介護】神奈川県横浜市都筑区大棚町７４－１０", "url2": "https://www.kaigokensaku.mhlw.go.jp/14/index.php?action_kouhyou_detail_004_kani=true&JigyosyoCd=1473800256-00&ServiceCd=320&Type=search" }, "geometry": { "type": "Point", "coordinates": [ 139.597446900000023, 35.5488811 ] } },
{ "type": "Feature", "properties": { "内容": "グループホーム泉の郷川和【認知症対応型共同生活介護】神奈川県横浜市都筑区川和町2309", "url2": "https://www.kaigokensaku.mhlw.go.jp/14/index.php?action_kouhyou_detail_004_kani=true&JigyosyoCd=1473800504-00&ServiceCd=320&Type=search" }, "geometry": { "type": "Point", "coordinates": [ 139.546263673016341, 35.535683882145399 ] } },
{ "type": "Feature", "properties": { "内容": "グループホーム　都筑の丘【認知症対応型共同生活介護】神奈川県横浜市都筑区川和町1705", "url2": "https://www.kaigokensaku.mhlw.go.jp/14/index.php?action_kouhyou_detail_004_kani=true&JigyosyoCd=1473800611-00&ServiceCd=320&Type=search" }, "geometry": { "type": "Point", "coordinates": [ 139.55022120000001, 35.5335488 ] } },
{ "type": "Feature", "properties": { "内容": "グループホーム翠嵐の風【認知症対応型共同生活介護】神奈川県横浜市都筑区中川８－１１－１８", "url2": "https://www.kaigokensaku.mhlw.go.jp/14/index.php?action_kouhyou_detail_004_kani=true&JigyosyoCd=1473800637-00&ServiceCd=320&Type=search" }, "geometry": { "type": "Point", "coordinates": [ 139.572329800000034, 35.5524107 ] } },
{ "type": "Feature", "properties": { "内容": "高齢者グループホーム　横浜ゆうゆう【認知症対応型共同生活介護】神奈川県横浜市都筑区勝田町651番地", "url2": "https://www.kaigokensaku.mhlw.go.jp/14/index.php?action_kouhyou_detail_004_kani=true&JigyosyoCd=1473800678-00&ServiceCd=320&Type=search" }, "geometry": { "type": "Point", "coordinates": [ 139.595294400000057, 35.545776 ] } },
{ "type": "Feature", "properties": { "内容": "グループホーム蘭寿おりもと【認知症対応型共同生活介護】神奈川県横浜市都筑区折本町1374-1", "url2": "https://www.kaigokensaku.mhlw.go.jp/14/index.php?action_kouhyou_detail_004_kani=true&JigyosyoCd=1493800039-00&ServiceCd=320&Type=search" }, "geometry": { "type": "Point", "coordinates": [ 139.5908789, 35.5262007 ] } },
{ "type": "Feature", "properties": { "内容": "ライフケア＠つづき【認知症対応型共同生活介護】神奈川県横浜市都筑区大棚町145番地", "url2": "https://www.kaigokensaku.mhlw.go.jp/14/index.php?action_kouhyou_detail_004_kani=true&JigyosyoCd=1493800435-00&ServiceCd=320&Type=search" }, "geometry": { "type": "Point", "coordinates": [ 139.595769300000029, 35.5493115 ] } },
{ "type": "Feature", "properties": { "内容": "グループホーム　都筑の春【認知症対応型共同生活介護】神奈川県横浜市都筑区中川４－２０－１１", "url2": "https://www.kaigokensaku.mhlw.go.jp/14/index.php?action_kouhyou_detail_004_kani=true&JigyosyoCd=1473800421-00&ServiceCd=320&Type=search" }, "geometry": { "type": "Point", "coordinates": [ 139.567316300000016, 35.55746 ] } },
{ "type": "Feature", "properties": { "内容": "株式会社よこはま夢倶楽部グループホーム夢観【認知症対応型共同生活介護】神奈川県横浜市都筑区荏田南3-14-1", "url2": "https://www.kaigokensaku.mhlw.go.jp/14/index.php?action_kouhyou_detail_004_kani=true&JigyosyoCd=1473800447-00&ServiceCd=320&Type=search" }, "geometry": { "type": "Point", "coordinates": [ 139.553528799999981, 35.5489358 ] } },
{ "type": "Feature", "properties": { "内容": "社会福祉法人　ふじ寿か会　高齢者グループホーム　そまやまの里【認知症対応型共同生活介護】神奈川県横浜市都筑区川和町1813", "url2": "https://www.kaigokensaku.mhlw.go.jp/14/index.php?action_kouhyou_detail_004_kani=true&JigyosyoCd=1473800603-00&ServiceCd=320&Type=search" }, "geometry": { "type": "Point", "coordinates": [ 139.551373900000044, 35.5322823 ] } },
{ "type": "Feature", "properties": { "内容": "医療法人社団　朝菊会　グループホーム池辺【認知症対応型共同生活介護】神奈川県横浜市都筑区池辺町2218", "url2": "https://www.kaigokensaku.mhlw.go.jp/14/index.php?action_kouhyou_detail_004_kani=true&JigyosyoCd=1473800629-00&ServiceCd=320&Type=search" }, "geometry": { "type": "Point", "coordinates": [ 139.56906129999993, 35.5267 ] } },
{ "type": "Feature", "properties": { "内容": "ニチイケアセンター荏田東【認知症対応型共同生活介護】神奈川県横浜市都筑区荏田東４－１８－２３", "url2": "https://www.kaigokensaku.mhlw.go.jp/14/index.php?action_kouhyou_detail_004_kani=true&JigyosyoCd=1493800120-00&ServiceCd=320&Type=search" }, "geometry": { "type": "Point", "coordinates": [ 139.566247200000021, 35.5486833 ] } },
{ "type": "Feature", "properties": { "内容": "ニチイケアセンター横浜南山田【認知症対応型共同生活介護】神奈川県横浜市都筑区南山田町3969", "url2": "https://www.kaigokensaku.mhlw.go.jp/14/index.php?action_kouhyou_detail_004_kani=true&JigyosyoCd=1493800138-00&ServiceCd=320&Type=search" }, "geometry": { "type": "Point", "coordinates": [ 139.6010546, 35.5550024 ] } },
{ "type": "Feature", "properties": { "内容": "川崎大師バナナ園【認知症対応型共同生活介護】神奈川県川崎市川崎区四谷上町　16-7", "url2": "https://www.kaigokensaku.mhlw.go.jp/14/index.php?action_kouhyou_detail_004_kani=true&JigyosyoCd=1475000947-00&ServiceCd=320&Type=search" }, "geometry": { "type": "Point", "coordinates": [ 139.732393199999933, 35.5262427 ] } },
{ "type": "Feature", "properties": { "内容": "グループホーム渡田【認知症対応型共同生活介護】神奈川県川崎市川崎区渡田２－７－１", "url2": "https://www.kaigokensaku.mhlw.go.jp/14/index.php?action_kouhyou_detail_004_kani=true&JigyosyoCd=1475001432-00&ServiceCd=320&Type=search" }, "geometry": { "type": "Point", "coordinates": [ 139.705434500000024, 35.5215459 ] } },
{ "type": "Feature", "properties": { "内容": "医療法人啓和会　グループホーム京町【認知症対応型共同生活介護】神奈川県川崎市川崎区京町３－３２－１", "url2": "https://www.kaigokensaku.mhlw.go.jp/14/index.php?action_kouhyou_detail_004_kani=true&JigyosyoCd=1495000174-00&ServiceCd=320&Type=search" }, "geometry": { "type": "Point", "coordinates": [ 139.698149470638981, 35.50626367219602 ] } },
{ "type": "Feature", "properties": { "内容": "グループホーム　川崎下並木の家【認知症対応型共同生活介護】神奈川県川崎市川崎区下並木58-2", "url2": "https://www.kaigokensaku.mhlw.go.jp/14/index.php?action_kouhyou_detail_004_kani=true&JigyosyoCd=1495000182-00&ServiceCd=320&Type=search" }, "geometry": { "type": "Point", "coordinates": [ 139.6897914, 35.5224571 ] } },
{ "type": "Feature", "properties": { "内容": "医療法人啓和会　グループホーム小田【認知症対応型共同生活介護】神奈川県川崎市川崎区小田４－１１－９", "url2": "https://www.kaigokensaku.mhlw.go.jp/14/index.php?action_kouhyou_detail_004_kani=true&JigyosyoCd=1495000216-00&ServiceCd=320&Type=search" }, "geometry": { "type": "Point", "coordinates": [ 139.702476700000034, 35.5118473 ] } },
{ "type": "Feature", "properties": { "内容": "グループホーム川崎小田の家【認知症対応型共同生活介護】神奈川県川崎市川崎区小田2-8-3", "url2": "https://www.kaigokensaku.mhlw.go.jp/14/index.php?action_kouhyou_detail_004_kani=true&JigyosyoCd=1495000273-00&ServiceCd=320&Type=search" }, "geometry": { "type": "Point", "coordinates": [ 139.697784252114843, 35.514467388583157 ] } },
{ "type": "Feature", "properties": { "内容": "グループホーム銀木犀＜川崎＞【認知症対応型共同生活介護】神奈川県川崎市川崎区中島3-13-7", "url2": "https://www.kaigokensaku.mhlw.go.jp/14/index.php?action_kouhyou_detail_004_kani=true&JigyosyoCd=1495000281-00&ServiceCd=320&Type=search" }, "geometry": { "type": "Point", "coordinates": [ 139.717333300000064, 35.5260563 ] } },
{ "type": "Feature", "properties": { "内容": "医療法人啓和会　グループホーム東小田【認知症対応型共同生活介護】神奈川県川崎市川崎区小田5-19-14ケアビレッジ東小田　2・３階", "url2": "https://www.kaigokensaku.mhlw.go.jp/14/index.php?action_kouhyou_detail_004_kani=true&JigyosyoCd=1495000315-00&ServiceCd=320&Type=search" }, "geometry": { "type": "Point", "coordinates": [ 139.705986961376993, 35.51014506729954 ] } },
{ "type": "Feature", "properties": { "内容": "医療法人啓和会　グループホーム四谷上町【認知症対応型共同生活介護】神奈川県川崎市川崎区四谷上町8-7", "url2": "https://www.kaigokensaku.mhlw.go.jp/14/index.php?action_kouhyou_detail_004_kani=true&JigyosyoCd=1495000414-00&ServiceCd=320&Type=search" }, "geometry": { "type": "Point", "coordinates": [ 139.735175428974912, 35.530497945345886 ] } },
{ "type": "Feature", "properties": { "内容": "グループホームみよの【認知症対応型共同生活介護】神奈川県川崎市川崎区殿町2-14-11グループホームみよの", "url2": "https://www.kaigokensaku.mhlw.go.jp/14/index.php?action_kouhyou_detail_004_kani=true&JigyosyoCd=1495000521-00&ServiceCd=320&Type=search" }, "geometry": { "type": "Point", "coordinates": [ 139.747833192590292, 35.538790751471439 ] } },
{ "type": "Feature", "properties": { "内容": "グループホーム　ライブラリ大師橋【認知症対応型共同生活介護】神奈川県川崎市川崎区日ノ出2丁目3-2", "url2": "https://www.kaigokensaku.mhlw.go.jp/14/index.php?action_kouhyou_detail_004_kani=true&JigyosyoCd=1495000695-00&ServiceCd=320&Type=search" }, "geometry": { "type": "Point", "coordinates": [ 139.743428200000011, 35.532264 ] } },
{ "type": "Feature", "properties": { "内容": "グループホームきらら川崎新町【認知症対応型共同生活介護】神奈川県川崎市川崎区渡田3丁目12番11号", "url2": "https://www.kaigokensaku.mhlw.go.jp/14/index.php?action_kouhyou_detail_004_kani=true&JigyosyoCd=1495000745-00&ServiceCd=320&Type=search" }, "geometry": { "type": "Point", "coordinates": [ 139.70509340000001, 35.5187663 ] } },
{ "type": "Feature", "properties": { "内容": "花物語かわさき南【認知症対応型共同生活介護】神奈川県川崎市川崎区渡田新町3-3-2", "url2": "https://www.kaigokensaku.mhlw.go.jp/14/index.php?action_kouhyou_detail_004_kani=true&JigyosyoCd=1495000752-00&ServiceCd=320&Type=search" }, "geometry": { "type": "Point", "coordinates": [ 139.697804344180298, 35.521194086549016 ] } },
{ "type": "Feature", "properties": { "内容": "グループホームさくらい【認知症対応型共同生活介護】神奈川県川崎市川崎区日ノ出1-12-5グループホームさくらい", "url2": "https://www.kaigokensaku.mhlw.go.jp/14/index.php?action_kouhyou_detail_004_kani=true&JigyosyoCd=1495000885-00&ServiceCd=320&Type=search" }, "geometry": { "type": "Point", "coordinates": [ 139.7423703, 35.5336185 ] } },
{ "type": "Feature", "properties": { "内容": "グループホーム夢楽川崎浜町【認知症対応型共同生活介護】神奈川県川崎市川崎区浜町3-3-2織戸ビル　1・2・3F", "url2": "https://www.kaigokensaku.mhlw.go.jp/14/index.php?action_kouhyou_detail_004_kani=true&JigyosyoCd=1495000927-00&ServiceCd=320&Type=search" }, "geometry": { "type": "Point", "coordinates": [ 139.718618, 35.5186996 ] } },
{ "type": "Feature", "properties": { "内容": "グループホーム殿町【認知症対応型共同生活介護】神奈川県川崎市川崎区殿町2-14-11", "url2": "https://www.kaigokensaku.mhlw.go.jp/14/index.php?action_kouhyou_detail_004_kani=true&JigyosyoCd=1495000398-00&ServiceCd=320&Type=search" }, "geometry": { "type": "Point", "coordinates": [ 139.747806134918164, 35.538819730289724 ] } },
{ "type": "Feature", "properties": { "内容": "花物語かわさき【認知症対応型共同生活介護】神奈川県川崎市川崎区藤崎1-8-5", "url2": "https://www.kaigokensaku.mhlw.go.jp/14/index.php?action_kouhyou_detail_004_kani=true&JigyosyoCd=1495000604-00&ServiceCd=320&Type=search" }, "geometry": { "type": "Point", "coordinates": [ 139.71948569999995, 35.5309501 ] } },
{ "type": "Feature", "properties": { "内容": "グループホーム日の出【認知症対応型共同生活介護】神奈川県川崎市川崎区日ノ出１丁目１２番８グループホーム日の出", "url2": "https://www.kaigokensaku.mhlw.go.jp/14/index.php?action_kouhyou_detail_004_kani=true&JigyosyoCd=1495000653-00&ServiceCd=320&Type=search" }, "geometry": { "type": "Point", "coordinates": [ 139.742370299999948, 35.5336185 ] } },
{ "type": "Feature", "properties": { "内容": "グループホーム啓和【認知症対応型共同生活介護】神奈川県川崎市川崎区渡田2-7-13", "url2": "https://www.kaigokensaku.mhlw.go.jp/14/index.php?action_kouhyou_detail_004_kani=true&JigyosyoCd=1495000737-00&ServiceCd=320&Type=search" }, "geometry": { "type": "Point", "coordinates": [ 139.705300598809487, 35.521470599389417 ] } },
{ "type": "Feature", "properties": { "内容": "グループホーム　おもとの郷川崎藤崎【認知症対応型共同生活介護】神奈川県川崎市川崎区藤崎1-20-2", "url2": "https://www.kaigokensaku.mhlw.go.jp/14/index.php?action_kouhyou_detail_004_kani=true&JigyosyoCd=1495000547-00&ServiceCd=320&Type=search" }, "geometry": { "type": "Point", "coordinates": [ 139.720900645368943, 35.528820602152329 ] } },
{ "type": "Feature", "properties": { "内容": "グループホーム　灯り【認知症対応型共同生活介護】神奈川県川崎市川崎区大島3-15-7", "url2": "https://www.kaigokensaku.mhlw.go.jp/14/index.php?action_kouhyou_detail_004_kani=true&JigyosyoCd=1495000091-00&ServiceCd=320&Type=search" }, "geometry": { "type": "Point", "coordinates": [ 139.71751949999998, 35.5201654 ] } },
{ "type": "Feature", "properties": { "内容": "グループホーム秋桜の里【認知症対応型共同生活介護】神奈川県川崎市川崎区浅田２－１７－２０", "url2": "https://www.kaigokensaku.mhlw.go.jp/14/index.php?action_kouhyou_detail_004_kani=true&JigyosyoCd=1475000731-00&ServiceCd=320&Type=search" }, "geometry": { "type": "Point", "coordinates": [ 139.703229599999986, 35.5058814 ] } },
{ "type": "Feature", "properties": { "内容": "グループホーム　さくら【認知症対応型共同生活介護】神奈川県川崎市川崎区桜本1-9-11", "url2": "https://www.kaigokensaku.mhlw.go.jp/14/index.php?action_kouhyou_detail_004_kani=true&JigyosyoCd=1495000661-00&ServiceCd=320&Type=search" }, "geometry": { "type": "Point", "coordinates": [ 139.722395, 35.5211157 ] } },
{ "type": "Feature", "properties": { "内容": "グループホーム　奏【認知症対応型共同生活介護】神奈川県川崎市幸区小向仲野町1-24", "url2": "https://www.kaigokensaku.mhlw.go.jp/14/index.php?action_kouhyou_detail_004_kani=true&JigyosyoCd=1495100081-00&ServiceCd=320&Type=search" }, "geometry": { "type": "Point", "coordinates": [ 139.69433966071324, 35.550233929046826 ] } },
{ "type": "Feature", "properties": { "内容": "グループホーム　第２バナナ園【認知症対応型共同生活介護】神奈川県川崎市幸区小倉４－６－１２第２バナナ園", "url2": "https://www.kaigokensaku.mhlw.go.jp/14/index.php?action_kouhyou_detail_004_kani=true&JigyosyoCd=1475100119-00&ServiceCd=320&Type=search" }, "geometry": { "type": "Point", "coordinates": [ 139.66953536804499, 35.539192954633435 ] } },
{ "type": "Feature", "properties": { "内容": "グループホーム　みんなの家　新川崎【認知症対応型共同生活介護】神奈川県川崎市幸区小倉3-12-2", "url2": "https://www.kaigokensaku.mhlw.go.jp/14/index.php?action_kouhyou_detail_004_kani=true&JigyosyoCd=1475100838-00&ServiceCd=320&Type=search" }, "geometry": { "type": "Point", "coordinates": [ 139.671673, 35.5418879 ] } },
{ "type": "Feature", "properties": { "内容": "グループホーム　ガーデンコート川崎【認知症対応型共同生活介護】神奈川県川崎市幸区下平間357-2", "url2": "https://www.kaigokensaku.mhlw.go.jp/14/index.php?action_kouhyou_detail_004_kani=true&JigyosyoCd=1495100057-00&ServiceCd=320&Type=search" }, "geometry": { "type": "Point", "coordinates": [ 139.685279900000069, 35.5486143 ] } },
{ "type": "Feature", "properties": { "内容": "ニチイケアセンター川崎小倉【認知症対応型共同生活介護】神奈川県川崎市幸区小倉5-30-46", "url2": "https://www.kaigokensaku.mhlw.go.jp/14/index.php?action_kouhyou_detail_004_kani=true&JigyosyoCd=1495100131-00&ServiceCd=320&Type=search" }, "geometry": { "type": "Point", "coordinates": [ 139.66414050000003, 35.5362558 ] } },
{ "type": "Feature", "properties": { "内容": "グループホーム　川崎幸の家【認知症対応型共同生活介護】神奈川県川崎市幸区鹿島田３丁目１２番４６号", "url2": "https://www.kaigokensaku.mhlw.go.jp/14/index.php?action_kouhyou_detail_004_kani=true&JigyosyoCd=1495100164-00&ServiceCd=320&Type=search" }, "geometry": { "type": "Point", "coordinates": [ 139.669717100000071, 35.5590074 ] } },
{ "type": "Feature", "properties": { "内容": "グループホーム　川崎南加瀬の家【認知症対応型共同生活介護】神奈川県川崎市幸区南加瀬3-9-26", "url2": "https://www.kaigokensaku.mhlw.go.jp/14/index.php?action_kouhyou_detail_004_kani=true&JigyosyoCd=1495100172-00&ServiceCd=320&Type=search" }, "geometry": { "type": "Point", "coordinates": [ 139.661543299999948, 35.5441267 ] } },
{ "type": "Feature", "properties": { "内容": "川崎ナーシングヴィラそよ風【認知症対応型共同生活介護】神奈川県川崎市幸区南加瀬5-18-12", "url2": "https://www.kaigokensaku.mhlw.go.jp/14/index.php?action_kouhyou_detail_004_kani=true&JigyosyoCd=1495100180-00&ServiceCd=320&Type=search" }, "geometry": { "type": "Point", "coordinates": [ 139.66012969999997, 35.5390637 ] } },
{ "type": "Feature", "properties": { "内容": "グループホームさいわいの樹【認知症対応型共同生活介護】神奈川県川崎市幸区小倉5丁目10番24", "url2": "https://www.kaigokensaku.mhlw.go.jp/14/index.php?action_kouhyou_detail_004_kani=true&JigyosyoCd=1495100198-00&ServiceCd=320&Type=search" }, "geometry": { "type": "Point", "coordinates": [ 139.667873399999962, 35.5385358 ] } },
{ "type": "Feature", "properties": { "内容": "花物語さいわい【認知症対応型共同生活介護】神奈川県川崎市幸区下平間340-1", "url2": "https://www.kaigokensaku.mhlw.go.jp/14/index.php?action_kouhyou_detail_004_kani=true&JigyosyoCd=1495100230-00&ServiceCd=320&Type=search" }, "geometry": { "type": "Point", "coordinates": [ 139.684458069311518, 35.548496724437186 ] } },
{ "type": "Feature", "properties": { "内容": "二チイケアセンター川崎御幸【認知症対応型共同生活介護】神奈川県川崎市幸区東古市場22番", "url2": "https://www.kaigokensaku.mhlw.go.jp/14/index.php?action_kouhyou_detail_004_kani=true&JigyosyoCd=1495100255-00&ServiceCd=320&Type=search" }, "geometry": { "type": "Point", "coordinates": [ 139.692632889163207, 35.552420097743209 ] } },
{ "type": "Feature", "properties": { "内容": "夢楽新川崎グループホーム小倉【認知症対応型共同生活介護】神奈川県川崎市幸区小倉3-9-203F", "url2": "https://www.kaigokensaku.mhlw.go.jp/14/index.php?action_kouhyou_detail_004_kani=true&JigyosyoCd=1495100537-00&ServiceCd=320&Type=search" }, "geometry": { "type": "Point", "coordinates": [ 139.66977510000001, 35.5419523 ] } },
{ "type": "Feature", "properties": { "内容": "医療法人社団　三喜会　グループホーム中原【認知症対応型共同生活介護】神奈川県川崎市中原区下小田中３－２－２５", "url2": "https://www.kaigokensaku.mhlw.go.jp/14/index.php?action_kouhyou_detail_004_kani=true&JigyosyoCd=1475200299-00&ServiceCd=320&Type=search" }, "geometry": { "type": "Point", "coordinates": [ 139.64296319999994, 35.5750463 ] } },
{ "type": "Feature", "properties": { "内容": "バナナ園ほりうち家【認知症対応型共同生活介護】神奈川県川崎市中原区小杉陣屋町2-1-12バナナ園ほりうち家", "url2": "https://www.kaigokensaku.mhlw.go.jp/14/index.php?action_kouhyou_detail_004_kani=true&JigyosyoCd=1475200885-00&ServiceCd=320&Type=search" }, "geometry": { "type": "Point", "coordinates": [ 139.656666800000039, 35.5824033 ] } },
{ "type": "Feature", "properties": { "内容": "のぞみの家　宮内【認知症対応型共同生活介護】神奈川県川崎市中原区宮内3-10-3グル－プホームのぞみの家　宮内", "url2": "https://www.kaigokensaku.mhlw.go.jp/14/index.php?action_kouhyou_detail_004_kani=true&JigyosyoCd=1475201107-00&ServiceCd=320&Type=search" }, "geometry": { "type": "Point", "coordinates": [ 139.6425954, 35.5898549 ] } },
{ "type": "Feature", "properties": { "内容": "グループホームゆうらく【認知症対応型共同生活介護】神奈川県川崎市中原区北谷町９１", "url2": "https://www.kaigokensaku.mhlw.go.jp/14/index.php?action_kouhyou_detail_004_kani=true&JigyosyoCd=1475201255-00&ServiceCd=320&Type=search" }, "geometry": { "type": "Point", "coordinates": [ 139.6719779, 35.5634927 ] } },
{ "type": "Feature", "properties": { "内容": "グループホームのぞみの家　ｉ　（あい）【認知症対応型共同生活介護】神奈川県川崎市中原区宮内３－１０－４", "url2": "https://www.kaigokensaku.mhlw.go.jp/14/index.php?action_kouhyou_detail_004_kani=true&JigyosyoCd=1495200089-00&ServiceCd=320&Type=search" }, "geometry": { "type": "Point", "coordinates": [ 139.642539899999946, 35.58963 ] } },
{ "type": "Feature", "properties": { "内容": "花物語なかはら【認知症対応型共同生活介護】神奈川県川崎市中原区宮内2‐17‐36", "url2": "https://www.kaigokensaku.mhlw.go.jp/14/index.php?action_kouhyou_detail_004_kani=true&JigyosyoCd=1495200147-00&ServiceCd=320&Type=search" }, "geometry": { "type": "Point", "coordinates": [ 139.640534399999979, 35.5916658 ] } },
{ "type": "Feature", "properties": { "内容": "花物語なかはら新館【認知症対応型共同生活介護】神奈川県川崎市中原区宮内2-17-35", "url2": "https://www.kaigokensaku.mhlw.go.jp/14/index.php?action_kouhyou_detail_004_kani=true&JigyosyoCd=1495200170-00&ServiceCd=320&Type=search" }, "geometry": { "type": "Point", "coordinates": [ 139.640284400000041, 35.5914047 ] } },
{ "type": "Feature", "properties": { "内容": "愛の家グループホーム中原下小田中【認知症対応型共同生活介護】神奈川県川崎市中原区下小田中3-28-18愛の家グループホーム中原下小田中", "url2": "https://www.kaigokensaku.mhlw.go.jp/14/index.php?action_kouhyou_detail_004_kani=true&JigyosyoCd=1495200188-00&ServiceCd=320&Type=search" }, "geometry": { "type": "Point", "coordinates": [ 139.6425607, 35.5723579 ] } },
{ "type": "Feature", "properties": { "内容": "バナナ園　武蔵小杉【認知症対応型共同生活介護】神奈川県川崎市中原区苅宿８－５４", "url2": "https://www.kaigokensaku.mhlw.go.jp/14/index.php?action_kouhyou_detail_004_kani=true&JigyosyoCd=1495200220-00&ServiceCd=320&Type=search" }, "geometry": { "type": "Point", "coordinates": [ 139.666367535581912, 35.562526680734159 ] } },
{ "type": "Feature", "properties": { "内容": "のんびり－す等々力【認知症対応型共同生活介護】神奈川県川崎市中原区上小田中2-10-1のんびりーす等々力", "url2": "https://www.kaigokensaku.mhlw.go.jp/14/index.php?action_kouhyou_detail_004_kani=true&JigyosyoCd=1495200246-00&ServiceCd=320&Type=search" }, "geometry": { "type": "Point", "coordinates": [ 139.635946489677423, 35.590528603543738 ] } },
{ "type": "Feature", "properties": { "内容": "グループホームゆう和【認知症対応型共同生活介護】神奈川県川崎市中原区宮内3-2-28", "url2": "https://www.kaigokensaku.mhlw.go.jp/14/index.php?action_kouhyou_detail_004_kani=true&JigyosyoCd=1495200378-00&ServiceCd=320&Type=search" }, "geometry": { "type": "Point", "coordinates": [ 139.645828400000028, 35.5902993 ] } },
{ "type": "Feature", "properties": { "内容": "花物語なかはら西【認知症対応型共同生活介護】神奈川県川崎市中原区上小田中2-40-2", "url2": "https://www.kaigokensaku.mhlw.go.jp/14/index.php?action_kouhyou_detail_004_kani=true&JigyosyoCd=1495200444-00&ServiceCd=320&Type=search" }, "geometry": { "type": "Point", "coordinates": [ 139.634804582208972, 35.588781049696941 ] } },
{ "type": "Feature", "properties": { "内容": "ツクイ武蔵中原【認知症対応型共同生活介護】神奈川県川崎市中原区下小田中5-12-22", "url2": "https://www.kaigokensaku.mhlw.go.jp/14/index.php?action_kouhyou_detail_004_kani=true&JigyosyoCd=1495200477-00&ServiceCd=320&Type=search" }, "geometry": { "type": "Point", "coordinates": [ 139.6329092, 35.5748323 ] } },
{ "type": "Feature", "properties": { "内容": "ニチイケアセンター　川崎宮内【認知症対応型共同生活介護】神奈川県川崎市中原区宮内1-7-12", "url2": "https://www.kaigokensaku.mhlw.go.jp/14/index.php?action_kouhyou_detail_004_kani=true&JigyosyoCd=1495200071-00&ServiceCd=320&Type=search" }, "geometry": { "type": "Point", "coordinates": [ 139.6431867, 35.5942681 ] } },
{ "type": "Feature", "properties": { "内容": "グループホーム　のんびりーす【認知症対応型共同生活介護】神奈川県川崎市中原区木月４－５４－１４", "url2": "https://www.kaigokensaku.mhlw.go.jp/14/index.php?action_kouhyou_detail_004_kani=true&JigyosyoCd=1495200048-00&ServiceCd=320&Type=search" }, "geometry": { "type": "Point", "coordinates": [ 139.656832200000053, 35.5564274 ] } },
{ "type": "Feature", "properties": { "内容": "グループホーム　フローレンスケアたかつ【認知症対応型共同生活介護】神奈川県川崎市高津区久末1744-2", "url2": "https://www.kaigokensaku.mhlw.go.jp/14/index.php?action_kouhyou_detail_004_kani=true&JigyosyoCd=1475300693-00&ServiceCd=320&Type=search" }, "geometry": { "type": "Point", "coordinates": [ 139.625434700000028, 35.5672616 ] } },
{ "type": "Feature", "properties": { "内容": "グループホームみんなの家・川崎久地【認知症対応型共同生活介護】神奈川県川崎市高津区久地2-12-22", "url2": "https://www.kaigokensaku.mhlw.go.jp/14/index.php?action_kouhyou_detail_004_kani=true&JigyosyoCd=1475301071-00&ServiceCd=320&Type=search" }, "geometry": { "type": "Point", "coordinates": [ 139.610347700000034, 35.610891 ] } },
{ "type": "Feature", "properties": { "内容": "花物語たかつ【認知症対応型共同生活介護】神奈川県川崎市高津区宇奈根６３５－２", "url2": "https://www.kaigokensaku.mhlw.go.jp/14/index.php?action_kouhyou_detail_004_kani=true&JigyosyoCd=1495300087-00&ServiceCd=320&Type=search" }, "geometry": { "type": "Point", "coordinates": [ 139.600573599999962, 35.6131489 ] } },
{ "type": "Feature", "properties": { "内容": "グループホームみんなの家　川崎久地２【認知症対応型共同生活介護】神奈川県川崎市高津区久地2-12-23", "url2": "https://www.kaigokensaku.mhlw.go.jp/14/index.php?action_kouhyou_detail_004_kani=true&JigyosyoCd=1495300095-00&ServiceCd=320&Type=search" }, "geometry": { "type": "Point", "coordinates": [ 139.610353199999963, 35.6110493 ] } },
{ "type": "Feature", "properties": { "内容": "ヒューマンライフケアグループホーム高津【認知症対応型共同生活介護】神奈川県川崎市高津区上作延3-10-10", "url2": "https://www.kaigokensaku.mhlw.go.jp/14/index.php?action_kouhyou_detail_004_kani=true&JigyosyoCd=1495300103-00&ServiceCd=320&Type=search" }, "geometry": { "type": "Point", "coordinates": [ 139.590214764418107, 35.596184900000239 ] } },
{ "type": "Feature", "properties": { "内容": "愛の家グループホーム高津野川【認知症対応型共同生活介護】神奈川県川崎市高津区東野川2-25-1", "url2": "https://www.kaigokensaku.mhlw.go.jp/14/index.php?action_kouhyou_detail_004_kani=true&JigyosyoCd=1495300137-00&ServiceCd=320&Type=search" }, "geometry": { "type": "Point", "coordinates": [ 139.612218190772637, 35.565723957360454 ] } },
{ "type": "Feature", "properties": { "内容": "ウェルミー宮崎台【認知症対応型共同生活介護】神奈川県川崎市高津区向ヶ丘136－7", "url2": "https://www.kaigokensaku.mhlw.go.jp/14/index.php?action_kouhyou_detail_004_kani=true&JigyosyoCd=1495300186-00&ServiceCd=320&Type=search" }, "geometry": { "type": "Point", "coordinates": [ 139.592723100000057, 35.5943574 ] } },
{ "type": "Feature", "properties": { "内容": "花物語　たかつ新館【認知症対応型共同生活介護】神奈川県川崎市高津区宇奈根　６３７－６", "url2": "https://www.kaigokensaku.mhlw.go.jp/14/index.php?action_kouhyou_detail_004_kani=true&JigyosyoCd=1495300194-00&ServiceCd=320&Type=search" }, "geometry": { "type": "Point", "coordinates": [ 139.600915200000031, 35.61321 ] } },
{ "type": "Feature", "properties": { "内容": "花物語たかつ南【認知症対応型共同生活介護】神奈川県川崎市高津区久末2112-1", "url2": "https://www.kaigokensaku.mhlw.go.jp/14/index.php?action_kouhyou_detail_004_kani=true&JigyosyoCd=1495300244-00&ServiceCd=320&Type=search" }, "geometry": { "type": "Point", "coordinates": [ 139.624474813491787, 35.568387570741365 ] } },
{ "type": "Feature", "properties": { "内容": "ヒューマンライフケア　宇奈根グループホーム【認知症対応型共同生活介護】神奈川県川崎市高津区宇奈根633-2", "url2": "https://www.kaigokensaku.mhlw.go.jp/14/index.php?action_kouhyou_detail_004_kani=true&JigyosyoCd=1495300301-00&ServiceCd=320&Type=search" }, "geometry": { "type": "Point", "coordinates": [ 139.600193, 35.6142459 ] } },
{ "type": "Feature", "properties": { "内容": "花物語たかつナーシング【認知症対応型共同生活介護】神奈川県川崎市高津区子母口777", "url2": "https://www.kaigokensaku.mhlw.go.jp/14/index.php?action_kouhyou_detail_004_kani=true&JigyosyoCd=1495300335-00&ServiceCd=320&Type=search" }, "geometry": { "type": "Point", "coordinates": [ 139.630420299999969, 35.5697361 ] } },
{ "type": "Feature", "properties": { "内容": "花物語たかつの丘【認知症対応型共同生活介護】神奈川県川崎市高津区久末1495-1", "url2": "https://www.kaigokensaku.mhlw.go.jp/14/index.php?action_kouhyou_detail_004_kani=true&JigyosyoCd=1495300392-00&ServiceCd=320&Type=search" }, "geometry": { "type": "Point", "coordinates": [ 139.621415800000023, 35.5627013 ] } },
{ "type": "Feature", "properties": { "内容": "ミモザ川崎たちばな【認知症対応型共同生活介護】神奈川県川崎市高津区子母口999", "url2": "https://www.kaigokensaku.mhlw.go.jp/14/index.php?action_kouhyou_detail_004_kani=true&JigyosyoCd=1495300483-00&ServiceCd=320&Type=search" }, "geometry": { "type": "Point", "coordinates": [ 139.627635974330019, 35.570371710219554 ] } },
{ "type": "Feature", "properties": { "内容": "ミモザ川崎たちばな弐番館【認知症対応型共同生活介護】神奈川県川崎市高津区子母口258番地２", "url2": "https://www.kaigokensaku.mhlw.go.jp/14/index.php?action_kouhyou_detail_004_kani=true&JigyosyoCd=1495300533-00&ServiceCd=320&Type=search" }, "geometry": { "type": "Point", "coordinates": [ 139.627249, 35.5709182 ] } },
{ "type": "Feature", "properties": { "内容": "グループホーム　ライブラリ梶が谷【認知症対応型共同生活介護】神奈川県川崎市高津区梶が谷6丁目2-6", "url2": "https://www.kaigokensaku.mhlw.go.jp/14/index.php?action_kouhyou_detail_004_kani=true&JigyosyoCd=1495300582-00&ServiceCd=320&Type=search" }, "geometry": { "type": "Point", "coordinates": [ 139.6086264, 35.5845513 ] } },
{ "type": "Feature", "properties": { "内容": "花物語たかつ東【認知症対応型共同生活介護】神奈川県川崎市高津区子母口283-1", "url2": "https://www.kaigokensaku.mhlw.go.jp/14/index.php?action_kouhyou_detail_004_kani=true&JigyosyoCd=1495300590-00&ServiceCd=320&Type=search" }, "geometry": { "type": "Point", "coordinates": [ 139.6298698, 35.5719141 ] } },
{ "type": "Feature", "properties": { "内容": "愛の家グル－プホ－ム川崎蟹ケ谷【認知症対応型共同生活介護】神奈川県川崎市高津区蟹ケ谷265番地の5ココファン川崎高津1F", "url2": "https://www.kaigokensaku.mhlw.go.jp/14/index.php?action_kouhyou_detail_004_kani=true&JigyosyoCd=1495300640-00&ServiceCd=320&Type=search" }, "geometry": { "type": "Point", "coordinates": [ 139.63154269325409, 35.566599709051552 ] } },
{ "type": "Feature", "properties": { "内容": "たのしい家川崎溝の口【認知症対応型共同生活介護】神奈川県川崎市高津区上作延1丁目11-17", "url2": "https://www.kaigokensaku.mhlw.go.jp/14/index.php?action_kouhyou_detail_004_kani=true&JigyosyoCd=1495300681-00&ServiceCd=320&Type=search" }, "geometry": { "type": "Point", "coordinates": [ 139.596263727357837, 35.599119039253189 ] } },
{ "type": "Feature", "properties": { "内容": "たのしい家　川崎中原【認知症対応型共同生活介護】神奈川県川崎市中原区上小田中1-6-5", "url2": "https://www.kaigokensaku.mhlw.go.jp/14/index.php?action_kouhyou_detail_004_kani=true&JigyosyoCd=1495200162-00&ServiceCd=320&Type=search" }, "geometry": { "type": "Point", "coordinates": [ 139.6339934, 35.592838 ] } },
{ "type": "Feature", "properties": { "内容": "グループホーム高津くぬぎ園【認知症対応型共同生活介護】神奈川県川崎市高津区北見方1-2-19", "url2": "https://www.kaigokensaku.mhlw.go.jp/14/index.php?action_kouhyou_detail_004_kani=true&JigyosyoCd=1495300210-00&ServiceCd=320&Type=search" }, "geometry": { "type": "Point", "coordinates": [ 139.62618, 35.5976152 ] } },
{ "type": "Feature", "properties": { "内容": "サリューブルたかつ【認知症対応型共同生活介護】神奈川県川崎市高津区子母口４９８－４", "url2": "https://www.kaigokensaku.mhlw.go.jp/14/index.php?action_kouhyou_detail_004_kani=true&JigyosyoCd=1475300602-00&ServiceCd=320&Type=search" }, "geometry": { "type": "Point", "coordinates": [ 139.6320839, 35.572419 ] } },
{ "type": "Feature", "properties": { "内容": "「結」ケアセンターたまがわ【認知症対応型共同生活介護】神奈川県川崎市多摩区中野島１６５５－１", "url2": "https://www.kaigokensaku.mhlw.go.jp/14/index.php?action_kouhyou_detail_004_kani=true&JigyosyoCd=1495400119-00&ServiceCd=320&Type=search" }, "geometry": { "type": "Point", "coordinates": [ 139.56181, 35.6280155 ] } },
{ "type": "Feature", "properties": { "内容": "ニチイケアセンター稲田提【認知症対応型共同生活介護】神奈川県川崎市多摩区菅馬場２－１０－１０", "url2": "https://www.kaigokensaku.mhlw.go.jp/14/index.php?action_kouhyou_detail_004_kani=true&JigyosyoCd=1495400127-00&ServiceCd=320&Type=search" }, "geometry": { "type": "Point", "coordinates": [ 139.537665100000027, 35.62713789999998 ] } },
{ "type": "Feature", "properties": { "内容": "グループホーム　ふぁいと稲田堤【認知症対応型共同生活介護】神奈川県川崎市多摩区菅北浦３丁目２番３１号", "url2": "https://www.kaigokensaku.mhlw.go.jp/14/index.php?action_kouhyou_detail_004_kani=true&JigyosyoCd=1495400143-00&ServiceCd=320&Type=search" }, "geometry": { "type": "Point", "coordinates": [ 139.533307742327906, 35.631195042162084 ] } },
{ "type": "Feature", "properties": { "内容": "ヒューマンライフケア　多摩グループホーム【認知症対応型共同生活介護】神奈川県川崎市多摩区菅馬場1-25-30", "url2": "https://www.kaigokensaku.mhlw.go.jp/14/index.php?action_kouhyou_detail_004_kani=true&JigyosyoCd=1495400309-00&ServiceCd=320&Type=search" }, "geometry": { "type": "Point", "coordinates": [ 139.543022699999938, 35.6311594 ] } },
{ "type": "Feature", "properties": { "内容": "ヒューマンライフケア菅仙谷グループホーム【認知症対応型共同生活介護】神奈川県川崎市多摩区菅仙谷3-7-7", "url2": "https://www.kaigokensaku.mhlw.go.jp/14/index.php?action_kouhyou_detail_004_kani=true&JigyosyoCd=1495400358-00&ServiceCd=320&Type=search" }, "geometry": { "type": "Point", "coordinates": [ 139.526341399999978, 35.6229803 ] } },
{ "type": "Feature", "properties": { "内容": "花物語たま北【認知症対応型共同生活介護】神奈川県川崎市多摩区菅稲田堤3-18-1", "url2": "https://www.kaigokensaku.mhlw.go.jp/14/index.php?action_kouhyou_detail_004_kani=true&JigyosyoCd=1495400440-00&ServiceCd=320&Type=search" }, "geometry": { "type": "Point", "coordinates": [ 139.542611399999942, 35.635042 ] } },
{ "type": "Feature", "properties": { "内容": "ミモザ川崎稲田堤【認知症対応型共同生活介護】神奈川県川崎市多摩区菅北浦3-3-18", "url2": "https://www.kaigokensaku.mhlw.go.jp/14/index.php?action_kouhyou_detail_004_kani=true&JigyosyoCd=1495400606-00&ServiceCd=320&Type=search" }, "geometry": { "type": "Point", "coordinates": [ 139.532931700000063, 35.6304403 ] } },
{ "type": "Feature", "properties": { "内容": "医療・看取り対応型　たまふれあいグループホーム　登戸新町【認知症対応型共同生活介護】神奈川県川崎市多摩区登戸新町186", "url2": "https://www.kaigokensaku.mhlw.go.jp/14/index.php?action_kouhyou_detail_004_kani=true&JigyosyoCd=1495400663-00&ServiceCd=320&Type=search" }, "geometry": { "type": "Point", "coordinates": [ 139.563706500000023, 35.625401656162083 ] } },
{ "type": "Feature", "properties": { "内容": "グループホームノーマライ心の花稲田堤【認知症対応型共同生活介護】神奈川県川崎市多摩区菅稲田堤３－１７－１１", "url2": "https://www.kaigokensaku.mhlw.go.jp/14/index.php?action_kouhyou_detail_004_kani=true&JigyosyoCd=1495400762-00&ServiceCd=320&Type=search" }, "geometry": { "type": "Point", "coordinates": [ 139.541707699999961, 35.6357548 ] } },
{ "type": "Feature", "properties": { "内容": "バナナ園　生田ヒルズ【認知症対応型共同生活介護】神奈川県川崎市多摩区三田5-9083", "url2": "https://www.kaigokensaku.mhlw.go.jp/14/index.php?action_kouhyou_detail_004_kani=true&JigyosyoCd=1475400758-00&ServiceCd=320&Type=search" }, "geometry": { "type": "Point", "coordinates": [ 139.542349300000069, 35.605464 ] } },
{ "type": "Feature", "properties": { "内容": "セントケアホーム川崎多摩【認知症対応型共同生活介護】神奈川県川崎市多摩区宿河原2-21-7セントケアホーム川崎多摩", "url2": "https://www.kaigokensaku.mhlw.go.jp/14/index.php?action_kouhyou_detail_004_kani=true&JigyosyoCd=1495400051-00&ServiceCd=320&Type=search" }, "geometry": { "type": "Point", "coordinates": [ 139.571676499999967, 35.615265 ] } },
{ "type": "Feature", "properties": { "内容": "花物語のぼりと【認知症対応型共同生活介護】神奈川県川崎市多摩区登戸658-2", "url2": "https://www.kaigokensaku.mhlw.go.jp/14/index.php?action_kouhyou_detail_004_kani=true&JigyosyoCd=1495400176-00&ServiceCd=320&Type=search" }, "geometry": { "type": "Point", "coordinates": [ 139.5687431, 35.6201975 ] } },
{ "type": "Feature", "properties": { "内容": "花物語たま南ナーシング【認知症対応型共同生活介護】神奈川県川崎市多摩区南生田4-25-16", "url2": "https://www.kaigokensaku.mhlw.go.jp/14/index.php?action_kouhyou_detail_004_kani=true&JigyosyoCd=1495400192-00&ServiceCd=320&Type=search" }, "geometry": { "type": "Point", "coordinates": [ 139.529917399999931, 35.5986317 ] } },
{ "type": "Feature", "properties": { "内容": "「結」ケアセンターいくた【認知症対応型共同生活介護】神奈川県川崎市多摩区南生田1－31－7", "url2": "https://www.kaigokensaku.mhlw.go.jp/14/index.php?action_kouhyou_detail_004_kani=true&JigyosyoCd=1495400499-00&ServiceCd=320&Type=search" }, "geometry": { "type": "Point", "coordinates": [ 139.527678400000013, 35.6064833 ] } },
{ "type": "Feature", "properties": { "内容": "医療・看取り対応型　たまふれあいグループホーム【認知症対応型共同生活介護】神奈川県川崎市多摩区枡形6-19-8たまふれあいの家　枡形２,３F", "url2": "https://www.kaigokensaku.mhlw.go.jp/14/index.php?action_kouhyou_detail_004_kani=true&JigyosyoCd=1495400523-00&ServiceCd=320&Type=search" }, "geometry": { "type": "Point", "coordinates": [ 139.556553099999974, 35.6142236 ] } },
{ "type": "Feature", "properties": { "内容": "花物語たま西【認知症対応型共同生活介護】神奈川県川崎市多摩区西生田３－２５－５", "url2": "https://www.kaigokensaku.mhlw.go.jp/14/index.php?action_kouhyou_detail_004_kani=true&JigyosyoCd=1495400648-00&ServiceCd=320&Type=search" }, "geometry": { "type": "Point", "coordinates": [ 139.527621700000026, 35.6109069 ] } },
{ "type": "Feature", "properties": { "内容": "グループホームきらら生田【認知症対応型共同生活介護】神奈川県川崎市多摩区栗谷3-9-6", "url2": "https://www.kaigokensaku.mhlw.go.jp/14/index.php?action_kouhyou_detail_004_kani=true&JigyosyoCd=1495400671-00&ServiceCd=320&Type=search" }, "geometry": { "type": "Point", "coordinates": [ 139.537247, 35.612032 ] } },
{ "type": "Feature", "properties": { "内容": "グループホームソラスト川崎多摩【認知症対応型共同生活介護】神奈川県川崎市多摩区宿河原6-30-25", "url2": "https://www.kaigokensaku.mhlw.go.jp/14/index.php?action_kouhyou_detail_004_kani=true&JigyosyoCd=1495400697-00&ServiceCd=320&Type=search" }, "geometry": { "type": "Point", "coordinates": [ 139.58855, 35.610441 ] } },
{ "type": "Feature", "properties": { "内容": "ライブラリ生田【認知症対応型共同生活介護】神奈川県川崎市多摩区生田7-6-5", "url2": "https://www.kaigokensaku.mhlw.go.jp/14/index.php?action_kouhyou_detail_004_kani=true&JigyosyoCd=1495400770-00&ServiceCd=320&Type=search" }, "geometry": { "type": "Point", "coordinates": [ 139.543659005557259, 35.615705409077357 ] } },
{ "type": "Feature", "properties": { "内容": "花物語たま南生田【認知症対応型共同生活介護】神奈川県川崎市多摩区南生田2-16-13花物語たま南生田", "url2": "https://www.kaigokensaku.mhlw.go.jp/14/index.php?action_kouhyou_detail_004_kani=true&JigyosyoCd=1495400812-00&ServiceCd=320&Type=search" }, "geometry": { "type": "Point", "coordinates": [ 139.5318639, 35.603683 ] } },
{ "type": "Feature", "properties": { "内容": "花物語たま東【認知症対応型共同生活介護】神奈川県川崎市多摩区宿河原２－２９－４", "url2": "https://www.kaigokensaku.mhlw.go.jp/14/index.php?action_kouhyou_detail_004_kani=true&JigyosyoCd=1495400234-00&ServiceCd=320&Type=search" }, "geometry": { "type": "Point", "coordinates": [ 139.571401599999945, 35.6145985 ] } },
{ "type": "Feature", "properties": { "内容": "グループホームみんなの家・川崎多摩登戸【認知症対応型共同生活介護】神奈川県川崎市多摩区登戸302", "url2": "https://www.kaigokensaku.mhlw.go.jp/14/index.php?action_kouhyou_detail_004_kani=true&JigyosyoCd=1495400325-00&ServiceCd=320&Type=search" }, "geometry": { "type": "Point", "coordinates": [ 139.5687792, 35.6205085 ] } },
{ "type": "Feature", "properties": { "内容": "ケアタス菅生【認知症対応型共同生活介護】神奈川県川崎市宮前区菅生1-16-21ケアタス菅生", "url2": "https://www.kaigokensaku.mhlw.go.jp/14/index.php?action_kouhyou_detail_004_kani=true&JigyosyoCd=1495500751-00&ServiceCd=320&Type=search" }, "geometry": { "type": "Point", "coordinates": [ 139.556585715344255, 35.6017118 ] } },
{ "type": "Feature", "properties": { "内容": "グループホーム秋桜の丘【認知症対応型共同生活介護】神奈川県川崎市宮前区東有馬５－１６－１", "url2": "https://www.kaigokensaku.mhlw.go.jp/14/index.php?action_kouhyou_detail_004_kani=true&JigyosyoCd=1495500785-00&ServiceCd=320&Type=search" }, "geometry": { "type": "Point", "coordinates": [ 139.5956228, 35.5681719 ] } },
{ "type": "Feature", "properties": { "内容": "はなまるホーム宮前【認知症対応型共同生活介護】神奈川県川崎市宮前区東有馬３－８－７", "url2": "https://www.kaigokensaku.mhlw.go.jp/14/index.php?action_kouhyou_detail_004_kani=true&JigyosyoCd=1475500813-00&ServiceCd=320&Type=search" }, "geometry": { "type": "Point", "coordinates": [ 139.590099799999962, 35.5717636 ] } },
{ "type": "Feature", "properties": { "内容": "はなまるホーム有馬【認知症対応型共同生活介護】神奈川県川崎市宮前区東有馬5-21-24", "url2": "https://www.kaigokensaku.mhlw.go.jp/14/index.php?action_kouhyou_detail_004_kani=true&JigyosyoCd=1475500821-00&ServiceCd=320&Type=search" }, "geometry": { "type": "Point", "coordinates": [ 139.595049300000028, 35.5703694 ] } },
{ "type": "Feature", "properties": { "内容": "花物語みやまえ【認知症対応型共同生活介護】神奈川県川崎市宮前区平２－１９－６２", "url2": "https://www.kaigokensaku.mhlw.go.jp/14/index.php?action_kouhyou_detail_004_kani=true&JigyosyoCd=1495500199-00&ServiceCd=320&Type=search" }, "geometry": { "type": "Point", "coordinates": [ 139.571271333100526, 35.603006127090033 ] } },
{ "type": "Feature", "properties": { "内容": "ヒューマンライフケア株式会社ヒューマンライフケア宮前グループホーム【認知症対応型共同生活介護】神奈川県川崎市宮前区水沢3-14-3", "url2": "https://www.kaigokensaku.mhlw.go.jp/14/index.php?action_kouhyou_detail_004_kani=true&JigyosyoCd=1495500264-00&ServiceCd=320&Type=search" }, "geometry": { "type": "Point", "coordinates": [ 139.538937622229014, 35.594030802906126 ] } },
{ "type": "Feature", "properties": { "内容": "グループホーム　プラチナホーム有馬【認知症対応型共同生活介護】神奈川県川崎市宮前区有馬6-10-25A棟", "url2": "https://www.kaigokensaku.mhlw.go.jp/14/index.php?action_kouhyou_detail_004_kani=true&JigyosyoCd=1495500512-00&ServiceCd=320&Type=search" }, "geometry": { "type": "Point", "coordinates": [ 139.582539499999939, 35.5706165 ] } },
{ "type": "Feature", "properties": { "内容": "花物語みやまえ西【認知症対応型共同生活介護】神奈川県川崎市宮前区菅生3-4-39", "url2": "https://www.kaigokensaku.mhlw.go.jp/14/index.php?action_kouhyou_detail_004_kani=true&JigyosyoCd=1495500603-00&ServiceCd=320&Type=search" }, "geometry": { "type": "Point", "coordinates": [ 139.552345899999978, 35.5947168 ] } },
{ "type": "Feature", "properties": { "内容": "ツクイたまプラーザグループホーム【認知症対応型共同生活介護】神奈川県川崎市宮前区犬蔵2-37-15", "url2": "https://www.kaigokensaku.mhlw.go.jp/14/index.php?action_kouhyou_detail_004_kani=true&JigyosyoCd=1495500637-00&ServiceCd=320&Type=search" }, "geometry": { "type": "Point", "coordinates": [ 139.5618414, 35.5851422 ] } },
{ "type": "Feature", "properties": { "内容": "ラポール菅生【認知症対応型共同生活介護】神奈川県川崎市宮前区菅生6-33-17ラポール菅生", "url2": "https://www.kaigokensaku.mhlw.go.jp/14/index.php?action_kouhyou_detail_004_kani=true&JigyosyoCd=1495500652-00&ServiceCd=320&Type=search" }, "geometry": { "type": "Point", "coordinates": [ 139.561497800000012, 35.5937515 ] } },
{ "type": "Feature", "properties": { "内容": "バナナ園　生田の杜【認知症対応型共同生活介護】神奈川県川崎市宮前区菅生２－２０－３", "url2": "https://www.kaigokensaku.mhlw.go.jp/14/index.php?action_kouhyou_detail_004_kani=true&JigyosyoCd=1495500124-00&ServiceCd=320&Type=search" }, "geometry": { "type": "Point", "coordinates": [ 139.5503182, 35.6022729 ] } },
{ "type": "Feature", "properties": { "内容": "バナナ園　生田の泉【認知症対応型共同生活介護】神奈川県川崎市宮前区菅生2-20-3バナナ園ビル", "url2": "https://www.kaigokensaku.mhlw.go.jp/14/index.php?action_kouhyou_detail_004_kani=true&JigyosyoCd=1495500140-00&ServiceCd=320&Type=search" }, "geometry": { "type": "Point", "coordinates": [ 139.5503182, 35.602234 ] } },
{ "type": "Feature", "properties": { "内容": "グループホームクロスハート宮前・川崎【認知症対応型共同生活介護】神奈川県川崎市宮前区西野川３－１－３", "url2": "https://www.kaigokensaku.mhlw.go.jp/14/index.php?action_kouhyou_detail_004_kani=true&JigyosyoCd=1475500706-00&ServiceCd=320&Type=search" }, "geometry": { "type": "Point", "coordinates": [ 139.606248599999958, 35.578168 ] } },
{ "type": "Feature", "properties": { "内容": "セントケアホーム川崎宮前【認知症対応型共同生活介護】神奈川県川崎市宮前区野川本町1丁目1-8", "url2": "https://www.kaigokensaku.mhlw.go.jp/14/index.php?action_kouhyou_detail_004_kani=true&JigyosyoCd=1495500025-00&ServiceCd=320&Type=search" }, "geometry": { "type": "Point", "coordinates": [ 139.609919200000036, 35.578934700000019 ] } },
{ "type": "Feature", "properties": { "内容": "グループホーム　たのしい家川崎宮前【認知症対応型共同生活介護】神奈川県川崎市宮前区馬絹4-20-2", "url2": "https://www.kaigokensaku.mhlw.go.jp/14/index.php?action_kouhyou_detail_004_kani=true&JigyosyoCd=1495500132-00&ServiceCd=320&Type=search" }, "geometry": { "type": "Point", "coordinates": [ 139.596870699999954, 35.579370799999985 ] } },
{ "type": "Feature", "properties": { "内容": "グループホーム　みんなの家・川崎野川南台【認知症対応型共同生活介護】神奈川県川崎市宮前区南野川2-38-5", "url2": "https://www.kaigokensaku.mhlw.go.jp/14/index.php?action_kouhyou_detail_004_kani=true&JigyosyoCd=1495500157-00&ServiceCd=320&Type=search" }, "geometry": { "type": "Point", "coordinates": [ 139.60817, 35.5677198 ] } },
{ "type": "Feature", "properties": { "内容": "愛の家グループホーム　宮前野川【認知症対応型共同生活介護】神奈川県川崎市宮前区野川本町1丁目１９番３８号", "url2": "https://www.kaigokensaku.mhlw.go.jp/14/index.php?action_kouhyou_detail_004_kani=true&JigyosyoCd=1495500165-00&ServiceCd=320&Type=search" }, "geometry": { "type": "Point", "coordinates": [ 139.614924200000019, 35.5775405 ] } },
{ "type": "Feature", "properties": { "内容": "ミモザ川崎神木本町【認知症対応型共同生活介護】神奈川県川崎市宮前区神木本町1丁目25－12", "url2": "https://www.kaigokensaku.mhlw.go.jp/14/index.php?action_kouhyou_detail_004_kani=true&JigyosyoCd=1495500231-00&ServiceCd=320&Type=search" }, "geometry": { "type": "Point", "coordinates": [ 139.581655625933905, 35.604655800000167 ] } },
{ "type": "Feature", "properties": { "内容": "花物語みやまえナーシング【認知症対応型共同生活介護】神奈川県川崎市宮前区梶ヶ谷1483-1", "url2": "https://www.kaigokensaku.mhlw.go.jp/14/index.php?action_kouhyou_detail_004_kani=true&JigyosyoCd=1495500306-00&ServiceCd=320&Type=search" }, "geometry": { "type": "Point", "coordinates": [ 139.603587716007951, 35.58057693132843 ] } },
{ "type": "Feature", "properties": { "内容": "花物語みやまえ東【認知症対応型共同生活介護】神奈川県川崎市宮前区西野川3丁目10番43号", "url2": "https://www.kaigokensaku.mhlw.go.jp/14/index.php?action_kouhyou_detail_004_kani=true&JigyosyoCd=1495500397-00&ServiceCd=320&Type=search" }, "geometry": { "type": "Point", "coordinates": [ 139.603530488360548, 35.571618032872976 ] } },
{ "type": "Feature", "properties": { "内容": "ミモザ宮前【認知症対応型共同生活介護】神奈川県川崎市宮前区西野川3丁目4番1号", "url2": "https://www.kaigokensaku.mhlw.go.jp/14/index.php?action_kouhyou_detail_004_kani=true&JigyosyoCd=1495500645-00&ServiceCd=320&Type=search" }, "geometry": { "type": "Point", "coordinates": [ 139.6026618, 35.5719813 ] } },
{ "type": "Feature", "properties": { "内容": "愛の家グループホーム宮前宮崎【認知症対応型共同生活介護】神奈川県川崎市宮前区宮崎4－1－5", "url2": "https://www.kaigokensaku.mhlw.go.jp/14/index.php?action_kouhyou_detail_004_kani=true&JigyosyoCd=1495500173-00&ServiceCd=320&Type=search" }, "geometry": { "type": "Point", "coordinates": [ 139.585446199999978, 35.5934714 ] } },
{ "type": "Feature", "properties": { "内容": "愛・グループホーム川崎野川【認知症対応型共同生活介護】神奈川県川崎市宮前区西野川2-31-5", "url2": "https://www.kaigokensaku.mhlw.go.jp/14/index.php?action_kouhyou_detail_004_kani=true&JigyosyoCd=1495500207-00&ServiceCd=320&Type=search" }, "geometry": { "type": "Point", "coordinates": [ 139.608755599999967, 35.5767156 ] } },
{ "type": "Feature", "properties": { "内容": "グループホーム百合ヶ丘【認知症対応型共同生活介護】神奈川県川崎市麻生区百合丘３－２７－２", "url2": "https://www.kaigokensaku.mhlw.go.jp/14/index.php?action_kouhyou_detail_004_kani=true&JigyosyoCd=1475600621-00&ServiceCd=320&Type=search" }, "geometry": { "type": "Point", "coordinates": [ 139.517459899999949, 35.6032864 ] } },
{ "type": "Feature", "properties": { "内容": "セントケアホーム新百合ヶ丘【認知症対応型共同生活介護】神奈川県川崎市麻生区金程1-38-20", "url2": "https://www.kaigokensaku.mhlw.go.jp/14/index.php?action_kouhyou_detail_004_kani=true&JigyosyoCd=1495600023-00&ServiceCd=320&Type=search" }, "geometry": { "type": "Point", "coordinates": [ 139.5025743, 35.610312 ] } },
{ "type": "Feature", "properties": { "内容": "ニチイケアセンター栗平【認知症対応型共同生活介護】神奈川県川崎市麻生区栗平1-2-13", "url2": "https://www.kaigokensaku.mhlw.go.jp/14/index.php?action_kouhyou_detail_004_kani=true&JigyosyoCd=1495600080-00&ServiceCd=320&Type=search" }, "geometry": { "type": "Point", "coordinates": [ 139.479986899999972, 35.6041835 ] } },
{ "type": "Feature", "properties": { "内容": "ニチイケアセンターはるひ野【認知症対応型共同生活介護】神奈川県川崎市麻生区はるひ野1－3－16", "url2": "https://www.kaigokensaku.mhlw.go.jp/14/index.php?action_kouhyou_detail_004_kani=true&JigyosyoCd=1495600106-00&ServiceCd=320&Type=search" }, "geometry": { "type": "Point", "coordinates": [ 139.4697172, 35.6166443 ] } },
{ "type": "Feature", "properties": { "内容": "セントケアホームゆりがおか【認知症対応型共同生活介護】神奈川県川崎市麻生区高石2-20-15", "url2": "https://www.kaigokensaku.mhlw.go.jp/14/index.php?action_kouhyou_detail_004_kani=true&JigyosyoCd=1495600122-00&ServiceCd=320&Type=search" }, "geometry": { "type": "Point", "coordinates": [ 139.513184599999931, 35.6130316 ] } },
{ "type": "Feature", "properties": { "内容": "グループホームみんなの家・川崎新百合ヶ丘【認知症対応型共同生活介護】神奈川県川崎市麻生区千代ヶ丘5-7-12", "url2": "https://www.kaigokensaku.mhlw.go.jp/14/index.php?action_kouhyou_detail_004_kani=true&JigyosyoCd=1495600148-00&ServiceCd=320&Type=search" }, "geometry": { "type": "Point", "coordinates": [ 139.506859900000023, 35.6145421 ] } },
{ "type": "Feature", "properties": { "内容": "ニチイケアセンター麻生黒川【認知症対応型共同生活介護】神奈川県川崎市麻生区黒川２７－１", "url2": "https://www.kaigokensaku.mhlw.go.jp/14/index.php?action_kouhyou_detail_004_kani=true&JigyosyoCd=1495600163-00&ServiceCd=320&Type=search" }, "geometry": { "type": "Point", "coordinates": [ 139.468795099999966, 35.6140085 ] } },
{ "type": "Feature", "properties": { "内容": "花物語あさお【認知症対応型共同生活介護】神奈川県川崎市麻生区片平7－1－1", "url2": "https://www.kaigokensaku.mhlw.go.jp/14/index.php?action_kouhyou_detail_004_kani=true&JigyosyoCd=1495600197-00&ServiceCd=320&Type=search" }, "geometry": { "type": "Point", "coordinates": [ 139.48736729999996, 35.5978349 ] } },
{ "type": "Feature", "properties": { "内容": "サリューブルあさお【認知症対応型共同生活介護】神奈川県川崎市麻生区王禅寺東5-48-16サリューブルあさお", "url2": "https://www.kaigokensaku.mhlw.go.jp/14/index.php?action_kouhyou_detail_004_kani=true&JigyosyoCd=1495600239-00&ServiceCd=320&Type=search" }, "geometry": { "type": "Point", "coordinates": [ 139.514204337364959, 35.578761531636566 ] } },
{ "type": "Feature", "properties": { "内容": "花物語しんゆりナーシング【認知症対応型共同生活介護】神奈川県川崎市麻生区万福寺2－20－1", "url2": "https://www.kaigokensaku.mhlw.go.jp/14/index.php?action_kouhyou_detail_004_kani=true&JigyosyoCd=1495600254-00&ServiceCd=320&Type=search" }, "geometry": { "type": "Point", "coordinates": [ 139.5122629, 35.604933 ] } },
{ "type": "Feature", "properties": { "内容": "ヒューマンライフケア　麻生グループホーム【認知症対応型共同生活介護】神奈川県川崎市麻生区千代ヶ丘7－6－4", "url2": "https://www.kaigokensaku.mhlw.go.jp/14/index.php?action_kouhyou_detail_004_kani=true&JigyosyoCd=1495600270-00&ServiceCd=320&Type=search" }, "geometry": { "type": "Point", "coordinates": [ -90.9305339, 30.30618 ] } },
{ "type": "Feature", "properties": { "内容": "ヒューマンライフケア麻生グループホーム2号館【認知症対応型共同生活介護】神奈川県川崎市麻生区千代ヶ丘3-18-3", "url2": "https://www.kaigokensaku.mhlw.go.jp/14/index.php?action_kouhyou_detail_004_kani=true&JigyosyoCd=1495600338-00&ServiceCd=320&Type=search" }, "geometry": { "type": "Point", "coordinates": [ 139.506329400000027, 35.6128173 ] } },
{ "type": "Feature", "properties": { "内容": "みのりの家麻生【認知症対応型共同生活介護】神奈川県川崎市麻生区下麻生3-41-20", "url2": "https://www.kaigokensaku.mhlw.go.jp/14/index.php?action_kouhyou_detail_004_kani=true&JigyosyoCd=1495600346-00&ServiceCd=320&Type=search" }, "geometry": { "type": "Point", "coordinates": [ 139.510077599999931, 35.5721613 ] } },
{ "type": "Feature", "properties": { "内容": "かわさき柿生グループホームそよ風【認知症対応型共同生活介護】神奈川県川崎市麻生区上麻生7-40-4", "url2": "https://www.kaigokensaku.mhlw.go.jp/14/index.php?action_kouhyou_detail_004_kani=true&JigyosyoCd=1495600411-00&ServiceCd=320&Type=search" }, "geometry": { "type": "Point", "coordinates": [ 139.506094299999972, 35.5794879 ] } },
{ "type": "Feature", "properties": { "内容": "ヒューマンライフケア新百合ヶ丘グループホーム【認知症対応型共同生活介護】神奈川県川崎市麻生区千代ヶ丘1-16-6", "url2": "https://www.kaigokensaku.mhlw.go.jp/14/index.php?action_kouhyou_detail_004_kani=true&JigyosyoCd=1495600452-00&ServiceCd=320&Type=search" }, "geometry": { "type": "Point", "coordinates": [ 139.509123899999963, 35.6095848 ] } },
{ "type": "Feature", "properties": { "内容": "グループホームつなぐ【認知症対応型共同生活介護】神奈川県川崎市麻生区栗木3-6-20", "url2": "https://www.kaigokensaku.mhlw.go.jp/14/index.php?action_kouhyou_detail_004_kani=true&JigyosyoCd=1495600536-00&ServiceCd=320&Type=search" }, "geometry": { "type": "Point", "coordinates": [ 139.4715147, 35.6040832 ] } },
{ "type": "Feature", "properties": { "内容": "ヒューマンライフケア王禅寺グループホーム【認知症対応型共同生活介護】神奈川県川崎市麻生区王禅寺東3-1-24", "url2": "https://www.kaigokensaku.mhlw.go.jp/14/index.php?action_kouhyou_detail_004_kani=true&JigyosyoCd=1495600569-00&ServiceCd=320&Type=search" }, "geometry": { "type": "Point", "coordinates": [ 139.5220538, 35.588669 ] } },
{ "type": "Feature", "properties": { "内容": "グループホームソラスト川崎麻生【認知症対応型共同生活介護】神奈川県川崎市麻生区はるひ野3-2-5", "url2": "https://www.kaigokensaku.mhlw.go.jp/14/index.php?action_kouhyou_detail_004_kani=true&JigyosyoCd=1495600619-00&ServiceCd=320&Type=search" }, "geometry": { "type": "Point", "coordinates": [ 139.4614388, 35.6163858 ] } },
{ "type": "Feature", "properties": { "内容": "ニチイケアセンター川崎麻生【認知症対応型共同生活介護】神奈川県川崎市麻生区東百合丘1-14-8", "url2": "https://www.kaigokensaku.mhlw.go.jp/14/index.php?action_kouhyou_detail_004_kani=true&JigyosyoCd=1495600726-00&ServiceCd=320&Type=search" }, "geometry": { "type": "Point", "coordinates": [ 139.5262208, 35.6013442 ] } },
{ "type": "Feature", "properties": { "内容": "グループホーム　中の郷【認知症対応型共同生活介護】神奈川県相模原市緑区大島1606-1", "url2": "https://www.kaigokensaku.mhlw.go.jp/14/index.php?action_kouhyou_detail_004_kani=true&JigyosyoCd=1472601812-00&ServiceCd=320&Type=search" }, "geometry": { "type": "Point", "coordinates": [ 139.3227587, 35.5752668 ] } },
{ "type": "Feature", "properties": { "内容": "グループホーム　ふじの【認知症対応型共同生活介護】神奈川県相模原市緑区名倉1196-3", "url2": "https://www.kaigokensaku.mhlw.go.jp/14/index.php?action_kouhyou_detail_004_kani=true&JigyosyoCd=1492600182-00&ServiceCd=320&Type=search" }, "geometry": { "type": "Point", "coordinates": [ 139.141435, 35.6135177 ] } },
{ "type": "Feature", "properties": { "内容": "グループホーム夢かご【認知症対応型共同生活介護】神奈川県相模原市緑区佐野川3104-1", "url2": "https://www.kaigokensaku.mhlw.go.jp/14/index.php?action_kouhyou_detail_004_kani=true&JigyosyoCd=1492600422-00&ServiceCd=320&Type=search" }, "geometry": { "type": "Point", "coordinates": [ 139.127016, 35.6429607 ] } },
{ "type": "Feature", "properties": { "内容": "プライミーしろあん【認知症対応型共同生活介護】神奈川県相模原市緑区原宿南2-6-10", "url2": "https://www.kaigokensaku.mhlw.go.jp/14/index.php?action_kouhyou_detail_004_kani=true&JigyosyoCd=1492600448-00&ServiceCd=320&Type=search" }, "geometry": { "type": "Point", "coordinates": [ 139.313267399999972, 35.5935847 ] } },
{ "type": "Feature", "properties": { "内容": "グループホームプレシャス橋本【認知症対応型共同生活介護】神奈川県相模原市緑区東橋本3-15-18グループホームプレシャス橋本", "url2": "https://www.kaigokensaku.mhlw.go.jp/14/index.php?action_kouhyou_detail_004_kani=true&JigyosyoCd=1492600778-00&ServiceCd=320&Type=search" }, "geometry": { "type": "Point", "coordinates": [ 139.3539164, 35.5968134 ] } },
{ "type": "Feature", "properties": { "内容": "ななかまど【認知症対応型共同生活介護】神奈川県相模原市緑区二本松３－８－１５", "url2": "https://www.kaigokensaku.mhlw.go.jp/14/index.php?action_kouhyou_detail_004_kani=true&JigyosyoCd=1472602778-00&ServiceCd=320&Type=search" }, "geometry": { "type": "Point", "coordinates": [ 139.318083600000023, 35.5953871 ] } },
{ "type": "Feature", "properties": { "内容": "愛の家グループホーム相模原下九沢【認知症対応型共同生活介護】神奈川県相模原市緑区下九沢1485-26", "url2": "https://www.kaigokensaku.mhlw.go.jp/14/index.php?action_kouhyou_detail_004_kani=true&JigyosyoCd=1472612116-00&ServiceCd=320&Type=search" }, "geometry": { "type": "Point", "coordinates": [ 139.3378143, 35.5744154 ] } },
{ "type": "Feature", "properties": { "内容": "グループホーム東橋本【認知症対応型共同生活介護】神奈川県相模原市緑区東橋本4-9-4", "url2": "https://www.kaigokensaku.mhlw.go.jp/14/index.php?action_kouhyou_detail_004_kani=true&JigyosyoCd=1492600406-00&ServiceCd=320&Type=search" }, "geometry": { "type": "Point", "coordinates": [ 139.357916100000011, 35.5960773 ] } },
{ "type": "Feature", "properties": { "内容": "グループホームみさき津久井【認知症対応型共同生活介護】神奈川県相模原市緑区太井596-1グループホームみさき津久井", "url2": "https://www.kaigokensaku.mhlw.go.jp/14/index.php?action_kouhyou_detail_004_kani=true&JigyosyoCd=1492600570-00&ServiceCd=320&Type=search" }, "geometry": { "type": "Point", "coordinates": [ 139.273080299999947, 35.5848612 ] } },
{ "type": "Feature", "properties": { "内容": "花物語はしもとナーシング【認知症対応型共同生活介護】神奈川県相模原市緑区東橋本2-27-11", "url2": "https://www.kaigokensaku.mhlw.go.jp/14/index.php?action_kouhyou_detail_004_kani=true&JigyosyoCd=1492600968-00&ServiceCd=320&Type=search" }, "geometry": { "type": "Point", "coordinates": [ 139.352855399999953, 35.5950416 ] } },
{ "type": "Feature", "properties": { "内容": "木下の介護グループホーム城山【認知症対応型共同生活介護】神奈川県相模原市緑区向原3-5-10", "url2": "https://www.kaigokensaku.mhlw.go.jp/14/index.php?action_kouhyou_detail_004_kani=true&JigyosyoCd=1492601040-00&ServiceCd=320&Type=search" }, "geometry": { "type": "Point", "coordinates": [ 139.302674300000035, 35.5878136 ] } },
{ "type": "Feature", "properties": { "内容": "あいはらグループホームそよ風【認知症対応型共同生活介護】神奈川県相模原市緑区相原4丁目２４－８", "url2": "https://www.kaigokensaku.mhlw.go.jp/14/index.php?action_kouhyou_detail_004_kani=true&JigyosyoCd=1492601636-00&ServiceCd=320&Type=search" }, "geometry": { "type": "Point", "coordinates": [ 139.3199587, 35.6029296 ] } },
{ "type": "Feature", "properties": { "内容": "ライブラリ城山【認知症対応型共同生活介護】神奈川県相模原市緑区城山1-2-20", "url2": "https://www.kaigokensaku.mhlw.go.jp/14/index.php?action_kouhyou_detail_004_kani=true&JigyosyoCd=1492601792-00&ServiceCd=320&Type=search" }, "geometry": { "type": "Point", "coordinates": [ 139.2907213, 35.59018 ] } },
{ "type": "Feature", "properties": { "内容": "グループホームゆらり相模原【認知症対応型共同生活介護】神奈川県相模原市緑区大島３２４６グループホームゆらり相模原", "url2": "https://www.kaigokensaku.mhlw.go.jp/14/index.php?action_kouhyou_detail_004_kani=true&JigyosyoCd=1492601909-00&ServiceCd=320&Type=search" }, "geometry": { "type": "Point", "coordinates": [ 139.316662377909864, 35.574575179190262 ] } },
{ "type": "Feature", "properties": { "内容": "花物語さがみ湖【認知症対応型共同生活介護】神奈川県相模原市緑区与瀬719-3", "url2": "https://www.kaigokensaku.mhlw.go.jp/14/index.php?action_kouhyou_detail_004_kani=true&JigyosyoCd=1492600141-00&ServiceCd=320&Type=search" }, "geometry": { "type": "Point", "coordinates": [ 139.184356, 35.6175713 ] } },
{ "type": "Feature", "properties": { "内容": "花物語　さがみ北【認知症対応型共同生活介護】神奈川県相模原市緑区相原3-7-39", "url2": "https://www.kaigokensaku.mhlw.go.jp/14/index.php?action_kouhyou_detail_004_kani=true&JigyosyoCd=1492600307-00&ServiceCd=320&Type=search" }, "geometry": { "type": "Point", "coordinates": [ 139.32243840000001, 35.6048349 ] } },
{ "type": "Feature", "properties": { "内容": "グループホームレガメ三ヶ木【認知症対応型共同生活介護】神奈川県相模原市緑区三ヶ木152-1", "url2": "https://www.kaigokensaku.mhlw.go.jp/14/index.php?action_kouhyou_detail_004_kani=true&JigyosyoCd=1492601644-00&ServiceCd=320&Type=search" }, "geometry": { "type": "Point", "coordinates": [ 139.229837800000013, 35.5843389 ] } },
{ "type": "Feature", "properties": { "内容": "花物語あじさい北【認知症対応型共同生活介護】神奈川県相模原市緑区二本松4-8-7", "url2": "https://www.kaigokensaku.mhlw.go.jp/14/index.php?action_kouhyou_detail_004_kani=true&JigyosyoCd=1492602600-00&ServiceCd=320&Type=search" }, "geometry": { "type": "Point", "coordinates": [ 139.3254044, 35.5962395 ] } },
{ "type": "Feature", "properties": { "内容": "グループホーム梅【認知症対応型共同生活介護】神奈川県相模原市緑区根小屋８番地１", "url2": "https://www.kaigokensaku.mhlw.go.jp/14/index.php?action_kouhyou_detail_004_kani=true&JigyosyoCd=1492600158-00&ServiceCd=320&Type=search" }, "geometry": { "type": "Point", "coordinates": [ 139.272844599999985, 35.5781819 ] } },
{ "type": "Feature", "properties": { "内容": "相模原ケアコミュニティそよ風グループホーム【認知症対応型共同生活介護】神奈川県相模原市中央区矢部1-5-20", "url2": "https://www.kaigokensaku.mhlw.go.jp/14/index.php?action_kouhyou_detail_004_kani=true&JigyosyoCd=1492600497-00&ServiceCd=320&Type=search" }, "geometry": { "type": "Point", "coordinates": [ 139.376076199999943, 35.5731394 ] } },
{ "type": "Feature", "properties": { "内容": "プライムガーデンさがみはら【認知症対応型共同生活介護】神奈川県相模原市中央区田名塩田3-2-47", "url2": "https://www.kaigokensaku.mhlw.go.jp/14/index.php?action_kouhyou_detail_004_kani=true&JigyosyoCd=1472601614-00&ServiceCd=320&Type=search" }, "geometry": { "type": "Point", "coordinates": [ 139.350327099999959, 35.5341642 ] } },
{ "type": "Feature", "properties": { "内容": "グループホームたんぽぽ【認知症対応型共同生活介護】神奈川県相模原市中央区矢部3-14-16", "url2": "https://www.kaigokensaku.mhlw.go.jp/14/index.php?action_kouhyou_detail_004_kani=true&JigyosyoCd=1472601622-00&ServiceCd=320&Type=search" }, "geometry": { "type": "Point", "coordinates": [ 139.3849255, 35.5712809 ] } },
{ "type": "Feature", "properties": { "内容": "グループホームすみれ【認知症対応型共同生活介護】神奈川県相模原市中央区相模原8-6-17", "url2": "https://www.kaigokensaku.mhlw.go.jp/14/index.php?action_kouhyou_detail_004_kani=true&JigyosyoCd=1472602737-00&ServiceCd=320&Type=search" }, "geometry": { "type": "Point", "coordinates": [ 139.366018599999961, 35.5781306 ] } },
{ "type": "Feature", "properties": { "内容": "グループホーム春【認知症対応型共同生活介護】神奈川県相模原市中央区相模原七丁目９番26号", "url2": "https://www.kaigokensaku.mhlw.go.jp/14/index.php?action_kouhyou_detail_004_kani=true&JigyosyoCd=1472603255-00&ServiceCd=320&Type=search" }, "geometry": { "type": "Point", "coordinates": [ 139.370068400000036, 35.5755337 ] } },
{ "type": "Feature", "properties": { "内容": "グループホーム憩【認知症対応型共同生活介護】神奈川県相模原市中央区相模原6-25-7", "url2": "https://www.kaigokensaku.mhlw.go.jp/14/index.php?action_kouhyou_detail_004_kani=true&JigyosyoCd=1492600299-00&ServiceCd=320&Type=search" }, "geometry": { "type": "Point", "coordinates": [ 139.376362299999982, 35.5749085 ] } },
{ "type": "Feature", "properties": { "内容": "まごころホーム＊淵野辺【認知症対応型共同生活介護】神奈川県相模原市中央区淵野辺４丁目１－１９－２まごころホーム＊淵野辺　２F・３F", "url2": "https://www.kaigokensaku.mhlw.go.jp/14/index.php?action_kouhyou_detail_004_kani=true&JigyosyoCd=1492600521-00&ServiceCd=320&Type=search" }, "geometry": { "type": "Point", "coordinates": [ 139.396004250787342, 35.570517894228324 ] } },
{ "type": "Feature", "properties": { "内容": "グループホーム　あいしま相模原【認知症対応型共同生活介護】神奈川県相模原市中央区陽光台2-29-7あいしま相模原", "url2": "https://www.kaigokensaku.mhlw.go.jp/14/index.php?action_kouhyou_detail_004_kani=true&JigyosyoCd=1492600554-00&ServiceCd=320&Type=search" }, "geometry": { "type": "Point", "coordinates": [ 139.374913, 35.5558759 ] } },
{ "type": "Feature", "properties": { "内容": "グループホーム　幸せふくろう並木【認知症対応型共同生活介護】神奈川県相模原市中央区並木1-4-6", "url2": "https://www.kaigokensaku.mhlw.go.jp/14/index.php?action_kouhyou_detail_004_kani=true&JigyosyoCd=1492600620-00&ServiceCd=320&Type=search" }, "geometry": { "type": "Point", "coordinates": [ 139.380251300000026, 35.5587972 ] } },
{ "type": "Feature", "properties": { "内容": "グループホーム　もみじのて中央【認知症対応型共同生活介護】神奈川県相模原市中央区中央1-1-12", "url2": "https://www.kaigokensaku.mhlw.go.jp/14/index.php?action_kouhyou_detail_004_kani=true&JigyosyoCd=1492600695-00&ServiceCd=320&Type=search" }, "geometry": { "type": "Point", "coordinates": [ 139.366959557672089, 35.57506694713291 ] } },
{ "type": "Feature", "properties": { "内容": "アクア淵野辺グループホーム【認知症対応型共同生活介護】神奈川県相模原市中央区淵野辺本町2-19-14", "url2": "https://www.kaigokensaku.mhlw.go.jp/14/index.php?action_kouhyou_detail_004_kani=true&JigyosyoCd=1492600919-00&ServiceCd=320&Type=search" }, "geometry": { "type": "Point", "coordinates": [ 139.404816379762224, 35.57297845314077 ] } },
{ "type": "Feature", "properties": { "内容": "グループホームライブラリ古淵【認知症対応型共同生活介護】神奈川県相模原市中央区東淵野辺3-7-20グループホームライブラリ古淵", "url2": "https://www.kaigokensaku.mhlw.go.jp/14/index.php?action_kouhyou_detail_004_kani=true&JigyosyoCd=1492601800-00&ServiceCd=320&Type=search" }, "geometry": { "type": "Point", "coordinates": [ 139.4149935, 35.5586595 ] } },
{ "type": "Feature", "properties": { "内容": "グループホーム　アルプスの杜「陽光台」【認知症対応型共同生活介護】神奈川県相模原市中央区陽光台5－2－29アルプスの杜陽光台", "url2": "https://www.kaigokensaku.mhlw.go.jp/14/index.php?action_kouhyou_detail_004_kani=true&JigyosyoCd=1492602063-00&ServiceCd=320&Type=search" }, "geometry": { "type": "Point", "coordinates": [ 139.3743388, 35.5503518 ] } },
{ "type": "Feature", "properties": { "内容": "相模原ケアハートガーデン　グループホームあじさい【認知症対応型共同生活介護】神奈川県相模原市中央区東淵野辺1-22-14", "url2": "https://www.kaigokensaku.mhlw.go.jp/14/index.php?action_kouhyou_detail_004_kani=true&JigyosyoCd=1492602550-00&ServiceCd=320&Type=search" }, "geometry": { "type": "Point", "coordinates": [ 139.412542998147586, 35.561791675054323 ] } },
{ "type": "Feature", "properties": { "内容": "グループホームあすなろ淵野辺【認知症対応型共同生活介護】神奈川県相模原市中央区淵野辺本町3ｰ40ｰ15グループホームあすなろ淵野辺", "url2": "https://www.kaigokensaku.mhlw.go.jp/14/index.php?action_kouhyou_detail_004_kani=true&JigyosyoCd=1492602345-00&ServiceCd=320&Type=search" }, "geometry": { "type": "Point", "coordinates": [ 139.408435834515302, 35.57019383323383 ] } },
{ "type": "Feature", "properties": { "内容": "グループホーム桜【認知症対応型共同生活介護】神奈川県相模原市中央区千代田二丁目１番１６号相模ビル２階・３階", "url2": "https://www.kaigokensaku.mhlw.go.jp/14/index.php?action_kouhyou_detail_004_kani=true&JigyosyoCd=1492600018-00&ServiceCd=320&Type=search" }, "geometry": { "type": "Point", "coordinates": [ 139.3708547, 35.5661104 ] } },
{ "type": "Feature", "properties": { "内容": "ニチイケアセンター上溝【認知症対応型共同生活介護】神奈川県相模原市中央区上溝1670－1", "url2": "https://www.kaigokensaku.mhlw.go.jp/14/index.php?action_kouhyou_detail_004_kani=true&JigyosyoCd=1492600208-00&ServiceCd=320&Type=search" }, "geometry": { "type": "Point", "coordinates": [ 139.365880599999969, 35.5491887 ] } },
{ "type": "Feature", "properties": { "内容": "グループホーム　上矢部【認知症対応型共同生活介護】神奈川県相模原市中央区上矢部2-18-18", "url2": "https://www.kaigokensaku.mhlw.go.jp/14/index.php?action_kouhyou_detail_004_kani=true&JigyosyoCd=1492600455-00&ServiceCd=320&Type=search" }, "geometry": { "type": "Point", "coordinates": [ 139.393104900000026, 35.5832206 ] } },
{ "type": "Feature", "properties": { "内容": "グループホームたんぽぽ上溝【認知症対応型共同生活介護】神奈川県相模原市中央区上溝3964-2", "url2": "https://www.kaigokensaku.mhlw.go.jp/14/index.php?action_kouhyou_detail_004_kani=true&JigyosyoCd=1492600786-00&ServiceCd=320&Type=search" }, "geometry": { "type": "Point", "coordinates": [ 139.347795899999937, 35.5602849 ] } },
{ "type": "Feature", "properties": { "内容": "グループホームたんぽぽ水郷田名【認知症対応型共同生活介護】神奈川県相模原市中央区水郷田名2-13-55", "url2": "https://www.kaigokensaku.mhlw.go.jp/14/index.php?action_kouhyou_detail_004_kani=true&JigyosyoCd=1492600802-00&ServiceCd=320&Type=search" }, "geometry": { "type": "Point", "coordinates": [ 139.330220599999961, 35.5453071 ] } },
{ "type": "Feature", "properties": { "内容": "グループホーム宮下本町【認知症対応型共同生活介護】神奈川県相模原市中央区宮下本町2丁目36番4-2", "url2": "https://www.kaigokensaku.mhlw.go.jp/14/index.php?action_kouhyou_detail_004_kani=true&JigyosyoCd=1492601396-00&ServiceCd=320&Type=search" }, "geometry": { "type": "Point", "coordinates": [ 139.368770700000027, 35.5945858 ] } },
{ "type": "Feature", "properties": { "内容": "グループホーム秋桜【認知症対応型共同生活介護】神奈川県相模原市中央区上溝３１７２－１", "url2": "https://www.kaigokensaku.mhlw.go.jp/14/index.php?action_kouhyou_detail_004_kani=true&JigyosyoCd=1472603214-00&ServiceCd=320&Type=search" }, "geometry": { "type": "Point", "coordinates": [ 139.364325, 35.5565764 ] } },
{ "type": "Feature", "properties": { "内容": "花物語さがみ中央【認知症対応型共同生活介護】神奈川県相模原市中央区宮下本町3-1-20", "url2": "https://www.kaigokensaku.mhlw.go.jp/14/index.php?action_kouhyou_detail_004_kani=true&JigyosyoCd=1492601495-00&ServiceCd=320&Type=search" }, "geometry": { "type": "Point", "coordinates": [ 139.364517799999931, 35.593597 ] } },
{ "type": "Feature", "properties": { "内容": "花物語さがみ西【認知症対応型共同生活介護】神奈川県相模原市中央区下九沢987-1", "url2": "https://www.kaigokensaku.mhlw.go.jp/14/index.php?action_kouhyou_detail_004_kani=true&JigyosyoCd=1492601503-00&ServiceCd=320&Type=search" }, "geometry": { "type": "Point", "coordinates": [ 139.345621, 35.5750019799044 ] } },
{ "type": "Feature", "properties": { "内容": "相模グループホーム共和【認知症対応型共同生活介護】神奈川県相模原市中央区共和2-9-13", "url2": "https://www.kaigokensaku.mhlw.go.jp/14/index.php?action_kouhyou_detail_004_kani=true&JigyosyoCd=1492601537-00&ServiceCd=320&Type=search" }, "geometry": { "type": "Point", "coordinates": [ 139.403701299999966, 35.5633377 ] } },
{ "type": "Feature", "properties": { "内容": "花物語あじさい西【認知症対応型共同生活介護】神奈川県相模原市中央区水郷田名2-20-14", "url2": "https://www.kaigokensaku.mhlw.go.jp/14/index.php?action_kouhyou_detail_004_kani=true&JigyosyoCd=1492601727-00&ServiceCd=320&Type=search" }, "geometry": { "type": "Point", "coordinates": [ 139.328232600000035, 35.5444495 ] } },
{ "type": "Feature", "properties": { "内容": "花物語さがみはら【認知症対応型共同生活介護】神奈川県相模原市中央区横山台2-5-1門倉センタービル3F", "url2": "https://www.kaigokensaku.mhlw.go.jp/14/index.php?action_kouhyou_detail_004_kani=true&JigyosyoCd=1492601891-00&ServiceCd=320&Type=search" }, "geometry": { "type": "Point", "coordinates": [ 139.3603573, 35.5664519 ] } },
{ "type": "Feature", "properties": { "内容": "ニチイケアセンター相模原【認知症対応型共同生活介護】神奈川県相模原市中央区上溝4-4-5", "url2": "https://www.kaigokensaku.mhlw.go.jp/14/index.php?action_kouhyou_detail_004_kani=true&JigyosyoCd=1492600216-00&ServiceCd=320&Type=search" }, "geometry": { "type": "Point", "coordinates": [ 139.35403139999994, 35.5609429 ] } },
{ "type": "Feature", "properties": { "内容": "高齢者グループホーム　エクシオおやどり【認知症対応型共同生活介護】神奈川県相模原市中央区上溝7-5-24ﾌﾚﾝﾄﾞﾘｰハイツ", "url2": "https://www.kaigokensaku.mhlw.go.jp/14/index.php?action_kouhyou_detail_004_kani=true&JigyosyoCd=1492602162-00&ServiceCd=320&Type=search" }, "geometry": { "type": "Point", "coordinates": [ 139.3598182, 35.5539789 ] } },
{ "type": "Feature", "properties": { "内容": "プライミーよこよこ【認知症対応型共同生活介護】神奈川県相模原市中央区横山3-22-9", "url2": "https://www.kaigokensaku.mhlw.go.jp/14/index.php?action_kouhyou_detail_004_kani=true&JigyosyoCd=1472602448-00&ServiceCd=320&Type=search" }, "geometry": { "type": "Point", "coordinates": [ 139.3660969, 35.5634556 ] } },
{ "type": "Feature", "properties": { "内容": "グループホーム相模原【認知症対応型共同生活介護】神奈川県相模原市南区大野台５－１３－７", "url2": "https://www.kaigokensaku.mhlw.go.jp/14/index.php?action_kouhyou_detail_004_kani=true&JigyosyoCd=1472601333-00&ServiceCd=320&Type=search" }, "geometry": { "type": "Point", "coordinates": [ 139.408954499999936, 35.5504059 ] } },
{ "type": "Feature", "properties": { "内容": "ＮＰＯ法人　グループホームアダージョ【認知症対応型共同生活介護】神奈川県相模原市南区東大沼３－２２－６", "url2": "https://www.kaigokensaku.mhlw.go.jp/14/index.php?action_kouhyou_detail_004_kani=true&JigyosyoCd=1492600265-00&ServiceCd=320&Type=search" }, "geometry": { "type": "Point", "coordinates": [ 139.419281700000056, 35.539518 ] } },
{ "type": "Feature", "properties": { "内容": "グループホーム芙蓉の園【認知症対応型共同生活介護】神奈川県相模原市南区南台6-9-16", "url2": "https://www.kaigokensaku.mhlw.go.jp/14/index.php?action_kouhyou_detail_004_kani=true&JigyosyoCd=1492600349-00&ServiceCd=320&Type=search" }, "geometry": { "type": "Point", "coordinates": [ 139.41344950000007, 35.5196698 ] } },
{ "type": "Feature", "properties": { "内容": "ニチイケアセンター大野台【認知症対応型共同生活介護】神奈川県相模原市南区大野台３－１５－５０", "url2": "https://www.kaigokensaku.mhlw.go.jp/14/index.php?action_kouhyou_detail_004_kani=true&JigyosyoCd=1492600364-00&ServiceCd=320&Type=search" }, "geometry": { "type": "Point", "coordinates": [ 139.399358, 35.5549749 ] } },
{ "type": "Feature", "properties": { "内容": "花物語　あじさい【認知症対応型共同生活介護】神奈川県相模原市南区南台1-3-12", "url2": "https://www.kaigokensaku.mhlw.go.jp/14/index.php?action_kouhyou_detail_004_kani=true&JigyosyoCd=1492600604-00&ServiceCd=320&Type=search" }, "geometry": { "type": "Point", "coordinates": [ 139.424881599999907, 35.524343300000019 ] } },
{ "type": "Feature", "properties": { "内容": "ヒューマンライフケア大野台グループホーム【認知症対応型共同生活介護】神奈川県相模原市南区大野台6-10-10-2", "url2": "https://www.kaigokensaku.mhlw.go.jp/14/index.php?action_kouhyou_detail_004_kani=true&JigyosyoCd=1492600679-00&ServiceCd=320&Type=search" }, "geometry": { "type": "Point", "coordinates": [ 139.41594185581971, 35.552086326950274 ] } },
{ "type": "Feature", "properties": { "内容": "いこいの郷　花梨・原当麻【認知症対応型共同生活介護】神奈川県相模原市南区当麻765-4", "url2": "https://www.kaigokensaku.mhlw.go.jp/14/index.php?action_kouhyou_detail_004_kani=true&JigyosyoCd=1492601560-00&ServiceCd=320&Type=search" }, "geometry": { "type": "Point", "coordinates": [ 139.371892600000024, 35.5289463 ] } },
{ "type": "Feature", "properties": { "内容": "グループホーム東林間　輝【認知症対応型共同生活介護】神奈川県相模原市南区東林間5-6-21", "url2": "https://www.kaigokensaku.mhlw.go.jp/14/index.php?action_kouhyou_detail_004_kani=true&JigyosyoCd=1492601735-00&ServiceCd=320&Type=search" }, "geometry": { "type": "Point", "coordinates": [ 139.439308399999987, 35.5193089 ] } },
{ "type": "Feature", "properties": { "内容": "ライブラリ東林間【認知症対応型共同生活介護】神奈川県相模原市南区4-39-8", "url2": "https://www.kaigokensaku.mhlw.go.jp/14/index.php?action_kouhyou_detail_004_kani=true&JigyosyoCd=1492601776-00&ServiceCd=320&Type=search" }, "geometry": { "type": "Point", "coordinates": [ 139.4330994, 35.5199941 ] } },
{ "type": "Feature", "properties": { "内容": "グループホームありてい【認知症対応型共同生活介護】神奈川県相模原市南区大野台7-29-4", "url2": "https://www.kaigokensaku.mhlw.go.jp/14/index.php?action_kouhyou_detail_004_kani=true&JigyosyoCd=1492602477-00&ServiceCd=320&Type=search" }, "geometry": { "type": "Point", "coordinates": [ 139.4067373, 35.5530217 ] } },
{ "type": "Feature", "properties": { "内容": "グループホーム　松ヶ枝【認知症対応型共同生活介護】神奈川県相模原市南区松が枝町8-10", "url2": "https://www.kaigokensaku.mhlw.go.jp/14/index.php?action_kouhyou_detail_004_kani=true&JigyosyoCd=1472602612-00&ServiceCd=320&Type=search" }, "geometry": { "type": "Point", "coordinates": [ 139.427037199999972, 35.5164951 ] } },
{ "type": "Feature", "properties": { "内容": "花物語　さがみ【認知症対応型共同生活介護】神奈川県相模原市南区磯部156-1", "url2": "https://www.kaigokensaku.mhlw.go.jp/14/index.php?action_kouhyou_detail_004_kani=true&JigyosyoCd=1472603149-00&ServiceCd=320&Type=search" }, "geometry": { "type": "Point", "coordinates": [ 139.38233880000007, 35.5113034 ] } },
{ "type": "Feature", "properties": { "内容": "花物語　さがみ東【認知症対応型共同生活介護】神奈川県相模原市南区上鶴間本町6-4-7", "url2": "https://www.kaigokensaku.mhlw.go.jp/14/index.php?action_kouhyou_detail_004_kani=true&JigyosyoCd=1492600380-00&ServiceCd=320&Type=search" }, "geometry": { "type": "Point", "coordinates": [ 139.445382399999971, 35.5303168 ] } },
{ "type": "Feature", "properties": { "内容": "アクア東林グループホーム【認知症対応型共同生活介護】神奈川県相模原市南区相南1-7-1", "url2": "https://www.kaigokensaku.mhlw.go.jp/14/index.php?action_kouhyou_detail_004_kani=true&JigyosyoCd=1492601008-00&ServiceCd=320&Type=search" }, "geometry": { "type": "Point", "coordinates": [ 139.434281, 35.5180002 ] } },
{ "type": "Feature", "properties": { "内容": "相模原古淵グループホームそよ風【認知症対応型共同生活介護】神奈川県相模原市南区古淵1-1-21", "url2": "https://www.kaigokensaku.mhlw.go.jp/14/index.php?action_kouhyou_detail_004_kani=true&JigyosyoCd=1492601164-00&ServiceCd=320&Type=search" }, "geometry": { "type": "Point", "coordinates": [ 139.4173535, 35.5581046 ] } },
{ "type": "Feature", "properties": { "内容": "ゆとり庵麻溝グループホーム【認知症対応型共同生活介護】神奈川県相模原市南区下溝1980-2", "url2": "https://www.kaigokensaku.mhlw.go.jp/14/index.php?action_kouhyou_detail_004_kani=true&JigyosyoCd=1492601628-00&ServiceCd=320&Type=search" }, "geometry": { "type": "Point", "coordinates": [ 139.381241499999987, 35.52591 ] } },
{ "type": "Feature", "properties": { "内容": "グループホーム　すずの家　さがみはら【認知症対応型共同生活介護】神奈川県相模原市南区磯部1082-1", "url2": "https://www.kaigokensaku.mhlw.go.jp/14/index.php?action_kouhyou_detail_004_kani=true&JigyosyoCd=1492601651-00&ServiceCd=320&Type=search" }, "geometry": { "type": "Point", "coordinates": [ 139.385643081952793, 35.504637137100374 ] } },
{ "type": "Feature", "properties": { "内容": "ツクイ相模原相武台【認知症対応型共同生活介護】神奈川県相模原市南区新磯野1-32-7", "url2": "https://www.kaigokensaku.mhlw.go.jp/14/index.php?action_kouhyou_detail_004_kani=true&JigyosyoCd=1492601750-00&ServiceCd=320&Type=search" }, "geometry": { "type": "Point", "coordinates": [ 139.40826336344, 35.509229874304566 ] } },
{ "type": "Feature", "properties": { "内容": "グループホーム　えくせれんと相模大野【認知症対応型共同生活介護】神奈川県相模原市南区上鶴間本町1-29-18", "url2": "https://www.kaigokensaku.mhlw.go.jp/14/index.php?action_kouhyou_detail_004_kani=true&JigyosyoCd=1492602402-00&ServiceCd=320&Type=search" }, "geometry": { "type": "Point", "coordinates": [ 139.4380179, 35.5356627 ] } },
{ "type": "Feature", "properties": { "内容": "グループホーム　みさき豊町【認知症対応型共同生活介護】神奈川県相模原市南区豊町１３－１３", "url2": "https://www.kaigokensaku.mhlw.go.jp/14/index.php?action_kouhyou_detail_004_kani=true&JigyosyoCd=1492600737-00&ServiceCd=320&Type=search" }, "geometry": { "type": "Point", "coordinates": [ 139.426063568717154, 35.525296537417056 ] } },
{ "type": "Feature", "properties": { "内容": "ニチイケアセンター御園【認知症対応型共同生活介護】神奈川県相模原市南区御園　5－10－24", "url2": "https://www.kaigokensaku.mhlw.go.jp/14/index.php?action_kouhyou_detail_004_kani=true&JigyosyoCd=1492600224-00&ServiceCd=320&Type=search" }, "geometry": { "type": "Point", "coordinates": [ 139.414574200000061, 35.5258878 ] } },
{ "type": "Feature", "properties": { "内容": "グループホームたんぽぽ相武台【認知症対応型共同生活介護】神奈川県相模原市南区新磯野１－３－５", "url2": "https://www.kaigokensaku.mhlw.go.jp/14/index.php?action_kouhyou_detail_004_kani=true&JigyosyoCd=1492600794-00&ServiceCd=320&Type=search" }, "geometry": { "type": "Point", "coordinates": [ 139.405644233100475, 35.512413229639179 ] } },
{ "type": "Feature", "properties": { "内容": "アクア上鶴間グループホーム【認知症対応型共同生活介護】神奈川県相模原市南区上鶴間１－１２－１５", "url2": "https://www.kaigokensaku.mhlw.go.jp/14/index.php?action_kouhyou_detail_004_kani=true&JigyosyoCd=1492601420-00&ServiceCd=320&Type=search" }, "geometry": { "type": "Point", "coordinates": [ 139.445237109529216, 35.526094171145729 ] } },
{ "type": "Feature", "properties": { "内容": "ライブラリ相模大野【認知症対応型共同生活介護】神奈川県相模原市南区若松4丁目15-5", "url2": "https://www.kaigokensaku.mhlw.go.jp/14/index.php?action_kouhyou_detail_004_kani=true&JigyosyoCd=1492601784-00&ServiceCd=320&Type=search" }, "geometry": { "type": "Point", "coordinates": [ 139.421424699999989, 35.5385633 ] } },
{ "type": "Feature", "properties": { "内容": "ＮＰＯ法人　グループホームシンフォニー【認知症対応型共同生活介護】神奈川県相模原市南区相模台2-3-2村上ビル　２・３階", "url2": "https://www.kaigokensaku.mhlw.go.jp/14/index.php?action_kouhyou_detail_004_kani=true&JigyosyoCd=1472602224-00&ServiceCd=320&Type=search" }, "geometry": { "type": "Point", "coordinates": [ 139.418515800000023, 35.5164176 ] } },
{ "type": "Feature", "properties": { "内容": "グループホーム幸園【認知症対応型共同生活介護】神奈川県相模原市南区上鶴間6-1-30グループホーム幸園", "url2": "https://www.kaigokensaku.mhlw.go.jp/14/index.php?action_kouhyou_detail_004_kani=true&JigyosyoCd=1472601937-00&ServiceCd=320&Type=search" }, "geometry": { "type": "Point", "coordinates": [ 139.440305200000012, 35.5259733 ] } },
{ "type": "Feature", "properties": { "内容": "グループホームいずみ【認知症対応型共同生活介護】神奈川県横須賀市平作8－20－20", "url2": "https://www.kaigokensaku.mhlw.go.jp/14/index.php?action_kouhyou_detail_004_kani=true&JigyosyoCd=1471900678-00&ServiceCd=320&Type=search" }, "geometry": { "type": "Point", "coordinates": [ 139.65000770000006, 35.2626931 ] } },
{ "type": "Feature", "properties": { "内容": "グループホーム　チェリーホーム【認知症対応型共同生活介護】神奈川県横須賀市馬堀町２－１３－１チェリーポートビル２Ｆ", "url2": "https://www.kaigokensaku.mhlw.go.jp/14/index.php?action_kouhyou_detail_004_kani=true&JigyosyoCd=1471900868-00&ServiceCd=320&Type=search" }, "geometry": { "type": "Point", "coordinates": [ 139.706105400000069, 35.2587457 ] } },
{ "type": "Feature", "properties": { "内容": "グループホームとまと【認知症対応型共同生活介護】神奈川県横須賀市西浦賀5-33-7シーサイド池上", "url2": "https://www.kaigokensaku.mhlw.go.jp/14/index.php?action_kouhyou_detail_004_kani=true&JigyosyoCd=1471901304-00&ServiceCd=320&Type=search" }, "geometry": { "type": "Point", "coordinates": [ 139.7228179, 35.2329376 ] } },
{ "type": "Feature", "properties": { "内容": "グループホーム　みうら富士【認知症対応型共同生活介護】神奈川県横須賀市長沢６－４５－６", "url2": "https://www.kaigokensaku.mhlw.go.jp/14/index.php?action_kouhyou_detail_004_kani=true&JigyosyoCd=1471901338-00&ServiceCd=320&Type=search" }, "geometry": { "type": "Point", "coordinates": [ 139.668253400000026, 35.2207641 ] } },
{ "type": "Feature", "properties": { "内容": "グループホーム・美咲の家【認知症対応型共同生活介護】神奈川県横須賀市津久井1-17-7", "url2": "https://www.kaigokensaku.mhlw.go.jp/14/index.php?action_kouhyou_detail_004_kani=true&JigyosyoCd=1471901494-00&ServiceCd=320&Type=search" }, "geometry": { "type": "Point", "coordinates": [ 139.663293674868783, 35.195075551092614 ] } },
{ "type": "Feature", "properties": { "内容": "グループホーム　ゆりの花【認知症対応型共同生活介護】神奈川県横須賀市衣笠栄町1-27三冨ビル4階・6階", "url2": "https://www.kaigokensaku.mhlw.go.jp/14/index.php?action_kouhyou_detail_004_kani=true&JigyosyoCd=1471901700-00&ServiceCd=320&Type=search" }, "geometry": { "type": "Point", "coordinates": [ 139.664986900000031, 35.2565491 ] } },
{ "type": "Feature", "properties": { "内容": "グループホームつばき【認知症対応型共同生活介護】神奈川県横須賀市太田和2-10-3グループホームつばき", "url2": "https://www.kaigokensaku.mhlw.go.jp/14/index.php?action_kouhyou_detail_004_kani=true&JigyosyoCd=1471901734-00&ServiceCd=320&Type=search" }, "geometry": { "type": "Point", "coordinates": [ 139.632531500000027, 35.2243415 ] } },
{ "type": "Feature", "properties": { "内容": "グループホーム秋谷【認知症対応型共同生活介護】神奈川県横須賀市秋谷1-7-22", "url2": "https://www.kaigokensaku.mhlw.go.jp/14/index.php?action_kouhyou_detail_004_kani=true&JigyosyoCd=1471901973-00&ServiceCd=320&Type=search" }, "geometry": { "type": "Point", "coordinates": [ 139.603733499999947, 35.2337454 ] } },
{ "type": "Feature", "properties": { "内容": "グループホームあしたの風【認知症対応型共同生活介護】神奈川県横須賀市佐原3-4-22", "url2": "https://www.kaigokensaku.mhlw.go.jp/14/index.php?action_kouhyou_detail_004_kani=true&JigyosyoCd=1471902039-00&ServiceCd=320&Type=search" }, "geometry": { "type": "Point", "coordinates": [ 139.682907500000027, 35.2407562 ] } },
{ "type": "Feature", "properties": { "内容": "グループホームふれんど【認知症対応型共同生活介護】神奈川県横須賀市大矢部3-30-6", "url2": "https://www.kaigokensaku.mhlw.go.jp/14/index.php?action_kouhyou_detail_004_kani=true&JigyosyoCd=1471902120-00&ServiceCd=320&Type=search" }, "geometry": { "type": "Point", "coordinates": [ 139.674144399999932, 35.2379704 ] } },
{ "type": "Feature", "properties": { "内容": "スマイル住まいる横須賀大矢部【認知症対応型共同生活介護】神奈川県横須賀市大矢部3-18-5", "url2": "https://www.kaigokensaku.mhlw.go.jp/14/index.php?action_kouhyou_detail_004_kani=true&JigyosyoCd=1471902500-00&ServiceCd=320&Type=search" }, "geometry": { "type": "Point", "coordinates": [ 139.677702400000044, 35.2403007 ] } },
{ "type": "Feature", "properties": { "内容": "グループホーム観音崎【認知症対応型共同生活介護】神奈川県横須賀市走水1-6-3", "url2": "https://www.kaigokensaku.mhlw.go.jp/14/index.php?action_kouhyou_detail_004_kani=true&JigyosyoCd=1471902583-00&ServiceCd=320&Type=search" }, "geometry": { "type": "Point", "coordinates": [ 139.727055286508204, 35.263435319920482 ] } },
{ "type": "Feature", "properties": { "内容": "スマイル住まいる走水【認知症対応型共同生活介護】神奈川県横須賀市走水１－１－６", "url2": "https://www.kaigokensaku.mhlw.go.jp/14/index.php?action_kouhyou_detail_004_kani=true&JigyosyoCd=1471902658-00&ServiceCd=320&Type=search" }, "geometry": { "type": "Point", "coordinates": [ 139.717593299999976, 35.2631785 ] } },
{ "type": "Feature", "properties": { "内容": "グループホーム　アイ・ウィッシュ【認知症対応型共同生活介護】神奈川県横須賀市大矢部3丁目１番地３号", "url2": "https://www.kaigokensaku.mhlw.go.jp/14/index.php?action_kouhyou_detail_004_kani=true&JigyosyoCd=1471902690-00&ServiceCd=320&Type=search" }, "geometry": { "type": "Point", "coordinates": [ 139.6722446, 35.2400452 ] } },
{ "type": "Feature", "properties": { "内容": "グループホームチェリーホーム森﨑【認知症対応型共同生活介護】神奈川県横須賀市森﨑1-1-21マルエムビル2.3F", "url2": "https://www.kaigokensaku.mhlw.go.jp/14/index.php?action_kouhyou_detail_004_kani=true&JigyosyoCd=1471902807-00&ServiceCd=320&Type=search" }, "geometry": { "type": "Point", "coordinates": [ 139.678764953347809, 35.25137266510874 ] } },
{ "type": "Feature", "properties": { "内容": "やすらぎの杜【認知症対応型共同生活介護】神奈川県横須賀市浜見台2-14-1", "url2": "https://www.kaigokensaku.mhlw.go.jp/14/index.php?action_kouhyou_detail_004_kani=true&JigyosyoCd=1471902831-00&ServiceCd=320&Type=search" }, "geometry": { "type": "Point", "coordinates": [ 139.629629900000026, 35.3072725 ] } },
{ "type": "Feature", "properties": { "内容": "グループホームゆりの花・森崎【認知症対応型共同生活介護】神奈川県横須賀市森崎1-13-11芳弥ビル2階・3階", "url2": "https://www.kaigokensaku.mhlw.go.jp/14/index.php?action_kouhyou_detail_004_kani=true&JigyosyoCd=1471902849-00&ServiceCd=320&Type=search" }, "geometry": { "type": "Point", "coordinates": [ 139.682046500000069, 35.2476943 ] } },
{ "type": "Feature", "properties": { "内容": "グループホーム　古街の家【認知症対応型共同生活介護】神奈川県横須賀市佐野町6-14-3グループホーム古街の家", "url2": "https://www.kaigokensaku.mhlw.go.jp/14/index.php?action_kouhyou_detail_004_kani=true&JigyosyoCd=1471902880-00&ServiceCd=320&Type=search" }, "geometry": { "type": "Point", "coordinates": [ 139.667597800000067, 35.2591322 ] } },
{ "type": "Feature", "properties": { "内容": "グループホームゆりの花・武【認知症対応型共同生活介護】神奈川県横須賀市武1-10-5", "url2": "https://www.kaigokensaku.mhlw.go.jp/14/index.php?action_kouhyou_detail_004_kani=true&JigyosyoCd=1471902922-00&ServiceCd=320&Type=search" }, "geometry": { "type": "Point", "coordinates": [ 139.6582264, 35.2268412 ] } },
{ "type": "Feature", "properties": { "内容": "ローズホーム【認知症対応型共同生活介護】神奈川県横須賀市長瀬1-13-3", "url2": "https://www.kaigokensaku.mhlw.go.jp/14/index.php?action_kouhyou_detail_004_kani=true&JigyosyoCd=1471902989-00&ServiceCd=320&Type=search" }, "geometry": { "type": "Point", "coordinates": [ 139.716613, 35.2282408 ] } },
{ "type": "Feature", "properties": { "内容": "グループホーム浦上台【認知症対応型共同生活介護】神奈川県横須賀市浦上台３－２－３", "url2": "https://www.kaigokensaku.mhlw.go.jp/14/index.php?action_kouhyou_detail_004_kani=true&JigyosyoCd=1471903045-00&ServiceCd=320&Type=search" }, "geometry": { "type": "Point", "coordinates": [ 139.714505442327891, 35.255455519488279 ] } },
{ "type": "Feature", "properties": { "内容": "グループホーム　ちゃばしら【認知症対応型共同生活介護】神奈川県横須賀市坂本町５－５－１８", "url2": "https://www.kaigokensaku.mhlw.go.jp/14/index.php?action_kouhyou_detail_004_kani=true&JigyosyoCd=1471903052-00&ServiceCd=320&Type=search" }, "geometry": { "type": "Point", "coordinates": [ 139.651704699999982, 35.2698675 ] } },
{ "type": "Feature", "properties": { "内容": "グループホーム　ゆう愛【認知症対応型共同生活介護】神奈川県横須賀市三春町１－９－３４", "url2": "https://www.kaigokensaku.mhlw.go.jp/14/index.php?action_kouhyou_detail_004_kani=true&JigyosyoCd=1471903128-00&ServiceCd=320&Type=search" }, "geometry": { "type": "Point", "coordinates": [ 139.6826992, 35.2697751 ] } },
{ "type": "Feature", "properties": { "内容": "ニチイケアセンター横須賀佐原【認知症対応型共同生活介護】神奈川県横須賀市佐原１－４－２０ニチイケアセンター横須賀佐原", "url2": "https://www.kaigokensaku.mhlw.go.jp/14/index.php?action_kouhyou_detail_004_kani=true&JigyosyoCd=1491900054-00&ServiceCd=320&Type=search" }, "geometry": { "type": "Point", "coordinates": [ 139.678716200000054, 35.2424727 ] } },
{ "type": "Feature", "properties": { "内容": "ニチイケアセンター衣笠【認知症対応型共同生活介護】神奈川県横須賀市平作5-10-7", "url2": "https://www.kaigokensaku.mhlw.go.jp/14/index.php?action_kouhyou_detail_004_kani=true&JigyosyoCd=1491900062-00&ServiceCd=320&Type=search" }, "geometry": { "type": "Point", "coordinates": [ 139.647480099999939, 35.2575157 ] } },
{ "type": "Feature", "properties": { "内容": "小規模多機能ホームゆりの花　南武【認知症対応型共同生活介護】神奈川県横須賀市武4-17-20", "url2": "https://www.kaigokensaku.mhlw.go.jp/14/index.php?action_kouhyou_detail_004_kani=true&JigyosyoCd=1491900112-00&ServiceCd=320&Type=search" }, "geometry": { "type": "Point", "coordinates": [ 139.6426, 35.2254663 ] } },
{ "type": "Feature", "properties": { "内容": "高齢者グループホーム　かもいの家【認知症対応型共同生活介護】神奈川県横須賀市鴨居3－87－31", "url2": "https://www.kaigokensaku.mhlw.go.jp/14/index.php?action_kouhyou_detail_004_kani=true&JigyosyoCd=1491900146-00&ServiceCd=320&Type=search" }, "geometry": { "type": "Point", "coordinates": [ 139.738550199999963, 35.2526022 ] } },
{ "type": "Feature", "properties": { "内容": "花物語よこすか北【認知症対応型共同生活介護】神奈川県横須賀市船越町1-39-3", "url2": "https://www.kaigokensaku.mhlw.go.jp/14/index.php?action_kouhyou_detail_004_kani=true&JigyosyoCd=1491900658-00&ServiceCd=320&Type=search" }, "geometry": { "type": "Point", "coordinates": [ 139.627567, 35.2994739 ] } },
{ "type": "Feature", "properties": { "内容": "花物語はまゆう【認知症対応型共同生活介護】神奈川県横須賀市二葉2－26－2", "url2": "https://www.kaigokensaku.mhlw.go.jp/14/index.php?action_kouhyou_detail_004_kani=true&JigyosyoCd=1491900674-00&ServiceCd=320&Type=search" }, "geometry": { "type": "Point", "coordinates": [ 139.721324699999968, 35.2499818 ] } },
{ "type": "Feature", "properties": { "内容": "グループホーム花物語　よこすか東【認知症対応型共同生活介護】神奈川県横須賀市馬堀町1-11-5", "url2": "https://www.kaigokensaku.mhlw.go.jp/14/index.php?action_kouhyou_detail_004_kani=true&JigyosyoCd=1491900708-00&ServiceCd=320&Type=search" }, "geometry": { "type": "Point", "coordinates": [ 139.701745100000039, 35.2595554 ] } },
{ "type": "Feature", "properties": { "内容": "花物語よこすか中央【認知症対応型共同生活介護】神奈川県横須賀市米が浜通1-5-5横須賀イーストビル　5.6階", "url2": "https://www.kaigokensaku.mhlw.go.jp/14/index.php?action_kouhyou_detail_004_kani=true&JigyosyoCd=1491900724-00&ServiceCd=320&Type=search" }, "geometry": { "type": "Point", "coordinates": [ 139.675146400000017, 35.2784129 ] } },
{ "type": "Feature", "properties": { "内容": "ツクイ横須賀光風台グループホーム【認知症対応型共同生活介護】神奈川県横須賀市光風台29-18ツクイ横須賀光風台グループホーム", "url2": "https://www.kaigokensaku.mhlw.go.jp/14/index.php?action_kouhyou_detail_004_kani=true&JigyosyoCd=1491900765-00&ServiceCd=320&Type=search" }, "geometry": { "type": "Point", "coordinates": [ 139.712539600000014, 35.2401848 ] } },
{ "type": "Feature", "properties": { "内容": "ツクイ津久井浜グループホーム【認知症対応型共同生活介護】神奈川県横須賀市津久井2-17-23津久井浜グループホーム", "url2": "https://www.kaigokensaku.mhlw.go.jp/14/index.php?action_kouhyou_detail_004_kani=true&JigyosyoCd=1491900773-00&ServiceCd=320&Type=search" }, "geometry": { "type": "Point", "coordinates": [ 139.66649670000001, 35.1984505 ] } },
{ "type": "Feature", "properties": { "内容": "花物語よこすかナーシング【認知症対応型共同生活介護】神奈川県横須賀市長沢1-8-23はるかぜハウス２階", "url2": "https://www.kaigokensaku.mhlw.go.jp/14/index.php?action_kouhyou_detail_004_kani=true&JigyosyoCd=1491900922-00&ServiceCd=320&Type=search" }, "geometry": { "type": "Point", "coordinates": [ 139.671936500000015, 35.200033 ] } },
{ "type": "Feature", "properties": { "内容": "太陽の家公郷【認知症対応型共同生活介護】神奈川県横須賀市公郷町1-55-2", "url2": "https://www.kaigokensaku.mhlw.go.jp/14/index.php?action_kouhyou_detail_004_kani=true&JigyosyoCd=1491901003-00&ServiceCd=320&Type=search" }, "geometry": { "type": "Point", "coordinates": [ 139.674106093254096, 35.254387008570845 ] } },
{ "type": "Feature", "properties": { "内容": "花物語よこすか南【認知症対応型共同生活介護】神奈川県横須賀市長沢１－３４－１５グループホーム花物語よこすか南", "url2": "https://www.kaigokensaku.mhlw.go.jp/14/index.php?action_kouhyou_detail_004_kani=true&JigyosyoCd=1491901011-00&ServiceCd=320&Type=search" }, "geometry": { "type": "Point", "coordinates": [ 139.6751462, 35.2048295 ] } },
{ "type": "Feature", "properties": { "内容": "花物語よこすか浦郷【認知症対応型共同生活介護】神奈川県横須賀市浦郷町4-1-2", "url2": "https://www.kaigokensaku.mhlw.go.jp/14/index.php?action_kouhyou_detail_004_kani=true&JigyosyoCd=1491901037-00&ServiceCd=320&Type=search" }, "geometry": { "type": "Point", "coordinates": [ 139.6373587, 35.3149215 ] } },
{ "type": "Feature", "properties": { "内容": "花物語はまゆう三春町【認知症対応型共同生活介護】神奈川県横須賀市三春町６－85－39", "url2": "https://www.kaigokensaku.mhlw.go.jp/14/index.php?action_kouhyou_detail_004_kani=true&JigyosyoCd=1491901094-00&ServiceCd=320&Type=search" }, "geometry": { "type": "Point", "coordinates": [ 139.6824131, 35.2615417 ] } },
{ "type": "Feature", "properties": { "内容": "エクセレント横須賀【認知症対応型共同生活介護】神奈川県横須賀市佐原3丁目17番13号", "url2": "https://www.kaigokensaku.mhlw.go.jp/14/index.php?action_kouhyou_detail_004_kani=true&JigyosyoCd=1491901102-00&ServiceCd=320&Type=search" }, "geometry": { "type": "Point", "coordinates": [ 139.680473557008355, 35.238670415914555 ] } },
{ "type": "Feature", "properties": { "内容": "花物語はまゆう根岸町【認知症対応型共同生活介護】神奈川県横須賀市根岸町4-10-10", "url2": "https://www.kaigokensaku.mhlw.go.jp/14/index.php?action_kouhyou_detail_004_kani=true&JigyosyoCd=1491901110-00&ServiceCd=320&Type=search" }, "geometry": { "type": "Point", "coordinates": [ 139.6787352, 35.2559936 ] } },
{ "type": "Feature", "properties": { "内容": "花物語はまゆう追浜【認知症対応型共同生活介護】神奈川県横須賀市追浜東町1-32追浜ケアセンター2階", "url2": "https://www.kaigokensaku.mhlw.go.jp/14/index.php?action_kouhyou_detail_004_kani=true&JigyosyoCd=1491901169-00&ServiceCd=320&Type=search" }, "geometry": { "type": "Point", "coordinates": [ 139.630708, 35.308103 ] } },
{ "type": "Feature", "properties": { "内容": "グループホーム　ひなたぼっこ【認知症対応型共同生活介護】神奈川県横須賀市津久井2-2-51和賀ビル2階", "url2": "https://www.kaigokensaku.mhlw.go.jp/14/index.php?action_kouhyou_detail_004_kani=true&JigyosyoCd=1471901254-00&ServiceCd=320&Type=search" }, "geometry": { "type": "Point", "coordinates": [ 139.670635413430091, 35.199114180465216 ] } },
{ "type": "Feature", "properties": { "内容": "グループホーム　吉井の郷【認知症対応型共同生活介護】神奈川県横須賀市吉井１－９－３", "url2": "https://www.kaigokensaku.mhlw.go.jp/14/index.php?action_kouhyou_detail_004_kani=true&JigyosyoCd=1471903102-00&ServiceCd=320&Type=search" }, "geometry": { "type": "Point", "coordinates": [ 139.7017836, 35.2454861 ] } },
{ "type": "Feature", "properties": { "内容": "さくらの家二番館【認知症対応型共同生活介護】神奈川県横須賀市小矢部4-15-8", "url2": "https://www.kaigokensaku.mhlw.go.jp/14/index.php?action_kouhyou_detail_004_kani=true&JigyosyoCd=1471901411-00&ServiceCd=320&Type=search" }, "geometry": { "type": "Point", "coordinates": [ 139.6625371, 35.250522 ] } },
{ "type": "Feature", "properties": { "内容": "さくらの家三番館【認知症対応型共同生活介護】神奈川県横須賀市小矢部4-15-7", "url2": "https://www.kaigokensaku.mhlw.go.jp/14/index.php?action_kouhyou_detail_004_kani=true&JigyosyoCd=1471902963-00&ServiceCd=320&Type=search" }, "geometry": { "type": "Point", "coordinates": [ 139.662829983467077, 35.250474042750525 ] } },
{ "type": "Feature", "properties": { "内容": "グループホーム来夢の家【認知症対応型共同生活介護】神奈川県横須賀市西逸見町１－３８", "url2": "https://www.kaigokensaku.mhlw.go.jp/14/index.php?action_kouhyou_detail_004_kani=true&JigyosyoCd=1471903136-00&ServiceCd=320&Type=search" }, "geometry": { "type": "Point", "coordinates": [ 139.651133, 35.2847578 ] } },
{ "type": "Feature", "properties": { "内容": "グループホーム湘南安居花樹庵【認知症対応型共同生活介護】神奈川県平塚市飯島５０６－１", "url2": "https://www.kaigokensaku.mhlw.go.jp/14/index.php?action_kouhyou_detail_004_kani=true&JigyosyoCd=1472000577-00&ServiceCd=320&Type=search" }, "geometry": { "type": "Point", "coordinates": [ 139.304585800000041, 35.3586904 ] } },
{ "type": "Feature", "properties": { "内容": "グループホームMOMO【認知症対応型共同生活介護】神奈川県平塚市新町9-7新町ビル　1Ｆ", "url2": "https://www.kaigokensaku.mhlw.go.jp/14/index.php?action_kouhyou_detail_004_kani=true&JigyosyoCd=1472000601-00&ServiceCd=320&Type=search" }, "geometry": { "type": "Point", "coordinates": [ 139.338171500000044, 35.3456258 ] } },
{ "type": "Feature", "properties": { "内容": "グループホーム　エレクト【認知症対応型共同生活介護】神奈川県平塚市南金目833-1グループホームエレクト", "url2": "https://www.kaigokensaku.mhlw.go.jp/14/index.php?action_kouhyou_detail_004_kani=true&JigyosyoCd=1472000627-00&ServiceCd=320&Type=search" }, "geometry": { "type": "Point", "coordinates": [ 139.2879725, 35.3608637 ] } },
{ "type": "Feature", "properties": { "内容": "グループホーム　「へいあん　なでしこ」【認知症対応型共同生活介護】神奈川県平塚市撫子原6-30", "url2": "https://www.kaigokensaku.mhlw.go.jp/14/index.php?action_kouhyou_detail_004_kani=true&JigyosyoCd=1472000775-00&ServiceCd=320&Type=search" }, "geometry": { "type": "Point", "coordinates": [ 139.332081199999948, 35.3192844 ] } },
{ "type": "Feature", "properties": { "内容": "グループホーム　幸せふくろう【認知症対応型共同生活介護】神奈川県平塚市岡崎5927-1", "url2": "https://www.kaigokensaku.mhlw.go.jp/14/index.php?action_kouhyou_detail_004_kani=true&JigyosyoCd=1472000817-00&ServiceCd=320&Type=search" }, "geometry": { "type": "Point", "coordinates": [ 139.304952299999968, 35.3776741 ] } },
{ "type": "Feature", "properties": { "内容": "グループホーム悠悠苑平塚事業所【認知症対応型共同生活介護】神奈川県平塚市大神5丁目19-8", "url2": "https://www.kaigokensaku.mhlw.go.jp/14/index.php?action_kouhyou_detail_004_kani=true&JigyosyoCd=1472000932-00&ServiceCd=320&Type=search" }, "geometry": { "type": "Point", "coordinates": [ 139.367076, 35.3888432 ] } },
{ "type": "Feature", "properties": { "内容": "ミモザ平塚南原【認知症対応型共同生活介護】神奈川県平塚市南原3-8-17-6", "url2": "https://www.kaigokensaku.mhlw.go.jp/14/index.php?action_kouhyou_detail_004_kani=true&JigyosyoCd=1472000981-00&ServiceCd=320&Type=search" }, "geometry": { "type": "Point", "coordinates": [ 139.323911800000019, 35.3404652 ] } },
{ "type": "Feature", "properties": { "内容": "ニチイケアセンター平塚湘南【認知症対応型共同生活介護】神奈川県平塚市東真土一丁目1番77号", "url2": "https://www.kaigokensaku.mhlw.go.jp/14/index.php?action_kouhyou_detail_004_kani=true&JigyosyoCd=1492000060-00&ServiceCd=320&Type=search" }, "geometry": { "type": "Point", "coordinates": [ 139.3508478, 35.3530086 ] } },
{ "type": "Feature", "properties": { "内容": "ミモザ平塚徳延【認知症対応型共同生活介護】神奈川県平塚市徳延１７７－１", "url2": "https://www.kaigokensaku.mhlw.go.jp/14/index.php?action_kouhyou_detail_004_kani=true&JigyosyoCd=1492000086-00&ServiceCd=320&Type=search" }, "geometry": { "type": "Point", "coordinates": [ 139.317055213491841, 35.338260046643605 ] } },
{ "type": "Feature", "properties": { "内容": "ニチイケアセンターごてん【認知症対応型共同生活介護】神奈川県平塚市御殿2丁目19-9", "url2": "https://www.kaigokensaku.mhlw.go.jp/14/index.php?action_kouhyou_detail_004_kani=true&JigyosyoCd=1492000201-00&ServiceCd=320&Type=search" }, "geometry": { "type": "Point", "coordinates": [ 139.327819699999964, 35.3427066 ] } },
{ "type": "Feature", "properties": { "内容": "えくせれんと湘南平塚【認知症対応型共同生活介護】神奈川県平塚市入野294-7", "url2": "https://www.kaigokensaku.mhlw.go.jp/14/index.php?action_kouhyou_detail_004_kani=true&JigyosyoCd=1492000235-00&ServiceCd=320&Type=search" }, "geometry": { "type": "Point", "coordinates": [ 139.315807363809995, 35.350640056419685 ] } },
{ "type": "Feature", "properties": { "内容": "グループホームゆとり庵長持【認知症対応型共同生活介護】神奈川県平塚市長持441", "url2": "https://www.kaigokensaku.mhlw.go.jp/14/index.php?action_kouhyou_detail_004_kani=true&JigyosyoCd=1492000466-00&ServiceCd=320&Type=search" }, "geometry": { "type": "Point", "coordinates": [ 139.32061269999997, 35.3481113 ] } },
{ "type": "Feature", "properties": { "内容": "花物語ひらつかナーシング【認知症対応型共同生活介護】神奈川県平塚市代官町20-3花物語ひらつかナーシング", "url2": "https://www.kaigokensaku.mhlw.go.jp/14/index.php?action_kouhyou_detail_004_kani=true&JigyosyoCd=1492000482-00&ServiceCd=320&Type=search" }, "geometry": { "type": "Point", "coordinates": [ 139.355488700000024, 35.3264343 ] } },
{ "type": "Feature", "properties": { "内容": "グループホーム　はな畑【認知症対応型共同生活介護】神奈川県平塚市横内3115", "url2": "https://www.kaigokensaku.mhlw.go.jp/14/index.php?action_kouhyou_detail_004_kani=true&JigyosyoCd=1492000599-00&ServiceCd=320&Type=search" }, "geometry": { "type": "Point", "coordinates": [ 139.3464954, 35.3692886 ] } },
{ "type": "Feature", "properties": { "内容": "えくせれんと湘南シーサイド【認知症対応型共同生活介護】神奈川県平塚市馬入本町12-15", "url2": "https://www.kaigokensaku.mhlw.go.jp/14/index.php?action_kouhyou_detail_004_kani=true&JigyosyoCd=1492000615-00&ServiceCd=320&Type=search" }, "geometry": { "type": "Point", "coordinates": [ 139.36227070000001, 35.3313733 ] } },
{ "type": "Feature", "properties": { "内容": "グループホームしん　すみれ荘【認知症対応型共同生活介護】神奈川県平塚市菫平9－29－2", "url2": "https://www.kaigokensaku.mhlw.go.jp/14/index.php?action_kouhyou_detail_004_kani=true&JigyosyoCd=1492000136-00&ServiceCd=320&Type=search" }, "geometry": { "type": "Point", "coordinates": [ 139.340744399999949, 35.3192538 ] } },
{ "type": "Feature", "properties": { "内容": "湘央グループホームえん【認知症対応型共同生活介護】神奈川県平塚市豊原町14-17", "url2": "https://www.kaigokensaku.mhlw.go.jp/14/index.php?action_kouhyou_detail_004_kani=true&JigyosyoCd=1492000300-00&ServiceCd=320&Type=search" }, "geometry": { "type": "Point", "coordinates": [ 139.337727399999949, 35.3317635 ] } },
{ "type": "Feature", "properties": { "内容": "グループホーム幸せふくろう万田【認知症対応型共同生活介護】神奈川県平塚市万田1-16-1", "url2": "https://www.kaigokensaku.mhlw.go.jp/14/index.php?action_kouhyou_detail_004_kani=true&JigyosyoCd=1492000359-00&ServiceCd=320&Type=search" }, "geometry": { "type": "Point", "coordinates": [ 139.310443599999985, 35.3347381 ] } },
{ "type": "Feature", "properties": { "内容": "ツクイ平塚徳延グループホーム【認知症対応型共同生活介護】神奈川県平塚市徳延631-1", "url2": "https://www.kaigokensaku.mhlw.go.jp/14/index.php?action_kouhyou_detail_004_kani=true&JigyosyoCd=1472001328-00&ServiceCd=320&Type=search" }, "geometry": { "type": "Point", "coordinates": [ 139.3196901, 35.3325023 ] } },
{ "type": "Feature", "properties": { "内容": "グループホーム　鎌倉常盤の家【認知症対応型共同生活介護】神奈川県鎌倉市常盤615番地3", "url2": "https://www.kaigokensaku.mhlw.go.jp/14/index.php?action_kouhyou_detail_004_kani=true&JigyosyoCd=1472100864-00&ServiceCd=320&Type=search" }, "geometry": { "type": "Point", "coordinates": [ 139.530279699999937, 35.3223193 ] } },
{ "type": "Feature", "properties": { "内容": "グループホーム虹の家【認知症対応型共同生活介護】神奈川県鎌倉市稲村ガ崎4-5-19", "url2": "https://www.kaigokensaku.mhlw.go.jp/14/index.php?action_kouhyou_detail_004_kani=true&JigyosyoCd=1472100914-00&ServiceCd=320&Type=search" }, "geometry": { "type": "Point", "coordinates": [ 139.520852600000012, 35.3067789 ] } },
{ "type": "Feature", "properties": { "内容": "グループホーム　クロスハート二階堂・鎌倉【認知症対応型共同生活介護】神奈川県鎌倉市二階堂267-67", "url2": "https://www.kaigokensaku.mhlw.go.jp/14/index.php?action_kouhyou_detail_004_kani=true&JigyosyoCd=1472101235-00&ServiceCd=320&Type=search" }, "geometry": { "type": "Point", "coordinates": [ 139.5656606, 35.3310685 ] } },
{ "type": "Feature", "properties": { "内容": "グループホーム　ふぁいと山崎の里【認知症対応型共同生活介護】神奈川県鎌倉市山崎５６０番地", "url2": "https://www.kaigokensaku.mhlw.go.jp/14/index.php?action_kouhyou_detail_004_kani=true&JigyosyoCd=1492100043-00&ServiceCd=320&Type=search" }, "geometry": { "type": "Point", "coordinates": [ 139.5250079, 35.3445141 ] } },
{ "type": "Feature", "properties": { "内容": "グループホーム　ちいさな手　鎌倉の杜【認知症対応型共同生活介護】神奈川県鎌倉市山崎756－2グループホームちいさな手　鎌倉の杜", "url2": "https://www.kaigokensaku.mhlw.go.jp/14/index.php?action_kouhyou_detail_004_kani=true&JigyosyoCd=1492100092-00&ServiceCd=320&Type=search" }, "geometry": { "type": "Point", "coordinates": [ 139.524727399999961, 35.3424366 ] } },
{ "type": "Feature", "properties": { "内容": "グループホーム　クロスハート十二所・鎌倉【認知症対応型共同生活介護】神奈川県鎌倉市十二所937-8", "url2": "https://www.kaigokensaku.mhlw.go.jp/14/index.php?action_kouhyou_detail_004_kani=true&JigyosyoCd=1492100134-00&ServiceCd=320&Type=search" }, "geometry": { "type": "Point", "coordinates": [ 139.577120599999944, 35.3192311 ] } },
{ "type": "Feature", "properties": { "内容": "グループホーム鎌倉材木座の家【認知症対応型共同生活介護】神奈川県鎌倉市材木座３丁目１６番１７号", "url2": "https://www.kaigokensaku.mhlw.go.jp/14/index.php?action_kouhyou_detail_004_kani=true&JigyosyoCd=1492100217-00&ServiceCd=320&Type=search" }, "geometry": { "type": "Point", "coordinates": [ 139.552597607409638, 35.308238230408918 ] } },
{ "type": "Feature", "properties": { "内容": "グループホーム　ふぁいと今泉の里　ANNEX【認知症対応型共同生活介護】神奈川県鎌倉市今泉1-10-5", "url2": "https://www.kaigokensaku.mhlw.go.jp/14/index.php?action_kouhyou_detail_004_kani=true&JigyosyoCd=1492100225-00&ServiceCd=320&Type=search" }, "geometry": { "type": "Point", "coordinates": [ 139.550997372947023, 35.348857473329232 ] } },
{ "type": "Feature", "properties": { "内容": "グループホーム華花【認知症対応型共同生活介護】神奈川県鎌倉市上町屋265番地２", "url2": "https://www.kaigokensaku.mhlw.go.jp/14/index.php?action_kouhyou_detail_004_kani=true&JigyosyoCd=1492100399-00&ServiceCd=320&Type=search" }, "geometry": { "type": "Point", "coordinates": [ 139.519179889820379, 35.338822257592959 ] } },
{ "type": "Feature", "properties": { "内容": "ソレスタ大船栗田【認知症対応型共同生活介護】神奈川県鎌倉市岩瀬１－１０－２１", "url2": "https://www.kaigokensaku.mhlw.go.jp/14/index.php?action_kouhyou_detail_004_kani=true&JigyosyoCd=1492100449-00&ServiceCd=320&Type=search" }, "geometry": { "type": "Point", "coordinates": [ 139.541185899999988, 35.3558666 ] } },
{ "type": "Feature", "properties": { "内容": "花物語かまくら北【認知症対応型共同生活介護】神奈川県鎌倉市玉縄1-13-5", "url2": "https://www.kaigokensaku.mhlw.go.jp/14/index.php?action_kouhyou_detail_004_kani=true&JigyosyoCd=1492100514-00&ServiceCd=320&Type=search" }, "geometry": { "type": "Point", "coordinates": [ 139.521025, 35.3506572 ] } },
{ "type": "Feature", "properties": { "内容": "のぞみの家鎌倉【認知症対応型共同生活介護】神奈川県鎌倉市関谷６５７－１", "url2": "https://www.kaigokensaku.mhlw.go.jp/14/index.php?action_kouhyou_detail_004_kani=true&JigyosyoCd=1492100530-00&ServiceCd=320&Type=search" }, "geometry": { "type": "Point", "coordinates": [ 139.512111, 35.3611845 ] } },
{ "type": "Feature", "properties": { "内容": "鎌倉ケアハートガーデン湘南笛田【認知症対応型共同生活介護】神奈川県鎌倉市笛田1-8-54", "url2": "https://www.kaigokensaku.mhlw.go.jp/14/index.php?action_kouhyou_detail_004_kani=true&JigyosyoCd=1492100571-00&ServiceCd=320&Type=search" }, "geometry": { "type": "Point", "coordinates": [ 139.5086018, 35.3317781 ] } },
{ "type": "Feature", "properties": { "内容": "鎌倉グループホームえん【認知症対応型共同生活介護】神奈川県鎌倉市今泉3-18-7", "url2": "https://www.kaigokensaku.mhlw.go.jp/14/index.php?action_kouhyou_detail_004_kani=true&JigyosyoCd=1492100480-00&ServiceCd=320&Type=search" }, "geometry": { "type": "Point", "coordinates": [ 139.5607024, 35.3443689 ] } },
{ "type": "Feature", "properties": { "内容": "グループホームちいさな手ききょうの花鎌倉【認知症対応型共同生活介護】神奈川県鎌倉市台３－９－５", "url2": "https://www.kaigokensaku.mhlw.go.jp/14/index.php?action_kouhyou_detail_004_kani=true&JigyosyoCd=1492100183-00&ServiceCd=320&Type=search" }, "geometry": { "type": "Point", "coordinates": [ 139.530952, 35.3451141 ] } },
{ "type": "Feature", "properties": { "内容": "花物語かまくら【認知症対応型共同生活介護】神奈川県鎌倉市津西１丁目６番１１号", "url2": "https://www.kaigokensaku.mhlw.go.jp/14/index.php?action_kouhyou_detail_004_kani=true&JigyosyoCd=1492100407-00&ServiceCd=320&Type=search" }, "geometry": { "type": "Point", "coordinates": [ 139.501570799999968, 35.3151863 ] } },
{ "type": "Feature", "properties": { "内容": "ミモザ湘南台【認知症対応型共同生活介護】神奈川県藤沢市円行1-9-13", "url2": "https://www.kaigokensaku.mhlw.go.jp/14/index.php?action_kouhyou_detail_004_kani=true&JigyosyoCd=1472200375-00&ServiceCd=320&Type=search" }, "geometry": { "type": "Point", "coordinates": [ 139.460174300000062, 35.3880413 ] } },
{ "type": "Feature", "properties": { "内容": "グループホーム結【認知症対応型共同生活介護】神奈川県藤沢市亀井野4-12-93", "url2": "https://www.kaigokensaku.mhlw.go.jp/14/index.php?action_kouhyou_detail_004_kani=true&JigyosyoCd=1472201027-00&ServiceCd=320&Type=search" }, "geometry": { "type": "Point", "coordinates": [ 139.477309200000036, 35.3858391 ] } },
{ "type": "Feature", "properties": { "内容": "グループホーム花樹【認知症対応型共同生活介護】神奈川県藤沢市並木台2丁目８－９", "url2": "https://www.kaigokensaku.mhlw.go.jp/14/index.php?action_kouhyou_detail_004_kani=true&JigyosyoCd=1472201670-00&ServiceCd=320&Type=search" }, "geometry": { "type": "Point", "coordinates": [ 139.503325033135212, 35.353222642551238 ] } },
{ "type": "Feature", "properties": { "内容": "ホームフレンド　藤沢【認知症対応型共同生活介護】神奈川県藤沢市大庭5448-2ホームフレンド藤沢", "url2": "https://www.kaigokensaku.mhlw.go.jp/14/index.php?action_kouhyou_detail_004_kani=true&JigyosyoCd=1472201951-00&ServiceCd=320&Type=search" }, "geometry": { "type": "Point", "coordinates": [ 139.452053100000057, 35.366527 ] } },
{ "type": "Feature", "properties": { "内容": "ミモザ藤沢いしかわ【認知症対応型共同生活介護】神奈川県藤沢市石川4-8-22", "url2": "https://www.kaigokensaku.mhlw.go.jp/14/index.php?action_kouhyou_detail_004_kani=true&JigyosyoCd=1472202272-00&ServiceCd=320&Type=search" }, "geometry": { "type": "Point", "coordinates": [ 139.4491974, 35.3804918 ] } },
{ "type": "Feature", "properties": { "内容": "グループホーム葡萄畑【認知症対応型共同生活介護】神奈川県藤沢市辻堂新町２－１２－３４", "url2": "https://www.kaigokensaku.mhlw.go.jp/14/index.php?action_kouhyou_detail_004_kani=true&JigyosyoCd=1472202306-00&ServiceCd=320&Type=search" }, "geometry": { "type": "Point", "coordinates": [ 139.45783890000007, 35.3408581 ] } },
{ "type": "Feature", "properties": { "内容": "のぞみの家　とみ丘【認知症対応型共同生活介護】神奈川県藤沢市村岡東4-21-5", "url2": "https://www.kaigokensaku.mhlw.go.jp/14/index.php?action_kouhyou_detail_004_kani=true&JigyosyoCd=1472202348-00&ServiceCd=320&Type=search" }, "geometry": { "type": "Point", "coordinates": [ 139.508920399999965, 35.345103 ] } },
{ "type": "Feature", "properties": { "内容": "ホームフレンド　湘南台【認知症対応型共同生活介護】神奈川県藤沢市円行1-10-20", "url2": "https://www.kaigokensaku.mhlw.go.jp/14/index.php?action_kouhyou_detail_004_kani=true&JigyosyoCd=1472202355-00&ServiceCd=320&Type=search" }, "geometry": { "type": "Point", "coordinates": [ 139.459891, 35.3887551 ] } },
{ "type": "Feature", "properties": { "内容": "ホームフレンド　辻堂【認知症対応型共同生活介護】神奈川県藤沢市辻堂元町４－１１－６", "url2": "https://www.kaigokensaku.mhlw.go.jp/14/index.php?action_kouhyou_detail_004_kani=true&JigyosyoCd=1492200108-00&ServiceCd=320&Type=search" }, "geometry": { "type": "Point", "coordinates": [ 139.45529190000002, 35.3315366 ] } },
{ "type": "Feature", "properties": { "内容": "ことりの森　ふじさわ【認知症対応型共同生活介護】神奈川県藤沢市菖蒲沢７９０", "url2": "https://www.kaigokensaku.mhlw.go.jp/14/index.php?action_kouhyou_detail_004_kani=true&JigyosyoCd=1492200249-00&ServiceCd=320&Type=search" }, "geometry": { "type": "Point", "coordinates": [ 139.442241700000068, 35.4010473 ] } },
{ "type": "Feature", "properties": { "内容": "ウイル長後【認知症対応型共同生活介護】神奈川県藤沢市下土棚350-5", "url2": "https://www.kaigokensaku.mhlw.go.jp/14/index.php?action_kouhyou_detail_004_kani=true&JigyosyoCd=1492200256-00&ServiceCd=320&Type=search" }, "geometry": { "type": "Point", "coordinates": [ 139.4619877, 35.4082804 ] } },
{ "type": "Feature", "properties": { "内容": "愛の家グループホーム藤沢遠藤【認知症対応型共同生活介護】神奈川県藤沢市遠藤3013", "url2": "https://www.kaigokensaku.mhlw.go.jp/14/index.php?action_kouhyou_detail_004_kani=true&JigyosyoCd=1492200264-00&ServiceCd=320&Type=search" }, "geometry": { "type": "Point", "coordinates": [ 139.442217, 35.3847131 ] } },
{ "type": "Feature", "properties": { "内容": "ニチイケアセンター藤沢【認知症対応型共同生活介護】神奈川県藤沢市柄沢2-6-1", "url2": "https://www.kaigokensaku.mhlw.go.jp/14/index.php?action_kouhyou_detail_004_kani=true&JigyosyoCd=1492200272-00&ServiceCd=320&Type=search" }, "geometry": { "type": "Point", "coordinates": [ 139.4991351, 35.3526104 ] } },
{ "type": "Feature", "properties": { "内容": "クロスハート円行・藤沢【認知症対応型共同生活介護】神奈川県藤沢市円行２－１３－１", "url2": "https://www.kaigokensaku.mhlw.go.jp/14/index.php?action_kouhyou_detail_004_kani=true&JigyosyoCd=1492200298-00&ServiceCd=320&Type=search" }, "geometry": { "type": "Point", "coordinates": [ 139.4603075, 35.3930851 ] } },
{ "type": "Feature", "properties": { "内容": "リフシア神明【認知症対応型共同生活介護】神奈川県藤沢市鵠沼神明2-12-17", "url2": "https://www.kaigokensaku.mhlw.go.jp/14/index.php?action_kouhyou_detail_004_kani=true&JigyosyoCd=1492200306-00&ServiceCd=320&Type=search" }, "geometry": { "type": "Point", "coordinates": [ 139.471049171163969, 35.34247561289348 ] } },
{ "type": "Feature", "properties": { "内容": "ラ・プラージュ湘南【認知症対応型共同生活介護】神奈川県藤沢市鵠沼海岸6-7-14", "url2": "https://www.kaigokensaku.mhlw.go.jp/14/index.php?action_kouhyou_detail_004_kani=true&JigyosyoCd=1492200371-00&ServiceCd=320&Type=search" }, "geometry": { "type": "Point", "coordinates": [ 139.465546499999959, 35.3272234 ] } },
{ "type": "Feature", "properties": { "内容": "愛の家グループホーム藤沢長後【認知症対応型共同生活介護】神奈川県藤沢市長後1346-4愛の家グループホーム　藤沢長後", "url2": "https://www.kaigokensaku.mhlw.go.jp/14/index.php?action_kouhyou_detail_004_kani=true&JigyosyoCd=1492200389-00&ServiceCd=320&Type=search" }, "geometry": { "type": "Point", "coordinates": [ 139.465912500000059, 35.4232255 ] } },
{ "type": "Feature", "properties": { "内容": "愛の家グループホーム藤沢片瀬【認知症対応型共同生活介護】神奈川県藤沢市片瀬1-4-7", "url2": "https://www.kaigokensaku.mhlw.go.jp/14/index.php?action_kouhyou_detail_004_kani=true&JigyosyoCd=1492200421-00&ServiceCd=320&Type=search" }, "geometry": { "type": "Point", "coordinates": [ 139.489473327261294, 35.32750948225177 ] } },
{ "type": "Feature", "properties": { "内容": "リフシア善行【認知症対応型共同生活介護】神奈川県藤沢市善行3-10-4", "url2": "https://www.kaigokensaku.mhlw.go.jp/14/index.php?action_kouhyou_detail_004_kani=true&JigyosyoCd=1492200470-00&ServiceCd=320&Type=search" }, "geometry": { "type": "Point", "coordinates": [ 139.468660099999965, 35.3691245 ] } },
{ "type": "Feature", "properties": { "内容": "「結」ケアセンターふじさわ【認知症対応型共同生活介護】神奈川県藤沢市辻堂元町6-3-8", "url2": "https://www.kaigokensaku.mhlw.go.jp/14/index.php?action_kouhyou_detail_004_kani=true&JigyosyoCd=1492200488-00&ServiceCd=320&Type=search" }, "geometry": { "type": "Point", "coordinates": [ 139.46153019999997, 35.3355144 ] } },
{ "type": "Feature", "properties": { "内容": "セントケア鵠沼【認知症対応型共同生活介護】神奈川県藤沢市鵠沼藤が谷4-19-57", "url2": "https://www.kaigokensaku.mhlw.go.jp/14/index.php?action_kouhyou_detail_004_kani=true&JigyosyoCd=1492200520-00&ServiceCd=320&Type=search" }, "geometry": { "type": "Point", "coordinates": [ 139.480814600000031, 35.3277878 ] } },
{ "type": "Feature", "properties": { "内容": "ココファンホーム湘南台【認知症対応型共同生活介護】神奈川県藤沢市石川6-25-3ココファンレジデンス湘南台", "url2": "https://www.kaigokensaku.mhlw.go.jp/14/index.php?action_kouhyou_detail_004_kani=true&JigyosyoCd=1492200595-00&ServiceCd=320&Type=search" }, "geometry": { "type": "Point", "coordinates": [ 139.450172100000032, 35.3891575 ] } },
{ "type": "Feature", "properties": { "内容": "グループホーム「へいあん片瀬鵠沼」【認知症対応型共同生活介護】神奈川県藤沢市片瀬390-15", "url2": "https://www.kaigokensaku.mhlw.go.jp/14/index.php?action_kouhyou_detail_004_kani=true&JigyosyoCd=1492200710-00&ServiceCd=320&Type=search" }, "geometry": { "type": "Point", "coordinates": [ 139.487793572769192, 35.329131690077581 ] } },
{ "type": "Feature", "properties": { "内容": "グループホームえん【認知症対応型共同生活介護】神奈川県藤沢市大庭5137-1", "url2": "https://www.kaigokensaku.mhlw.go.jp/14/index.php?action_kouhyou_detail_004_kani=true&JigyosyoCd=1492200744-00&ServiceCd=320&Type=search" }, "geometry": { "type": "Point", "coordinates": [ 139.450147600000037, 35.3587945 ] } },
{ "type": "Feature", "properties": { "内容": "湘南グループホームえん【認知症対応型共同生活介護】神奈川県藤沢市宮前３７１－５", "url2": "https://www.kaigokensaku.mhlw.go.jp/14/index.php?action_kouhyou_detail_004_kani=true&JigyosyoCd=1492200751-00&ServiceCd=320&Type=search" }, "geometry": { "type": "Point", "coordinates": [ 139.509225900000047, 35.3352013 ] } },
{ "type": "Feature", "properties": { "内容": "桜庵辻堂【認知症対応型共同生活介護】神奈川県藤沢市城南5-4-5桜庵辻堂", "url2": "https://www.kaigokensaku.mhlw.go.jp/14/index.php?action_kouhyou_detail_004_kani=true&JigyosyoCd=1492200926-00&ServiceCd=320&Type=search" }, "geometry": { "type": "Point", "coordinates": [ 139.455081400000012, 35.3469403 ] } },
{ "type": "Feature", "properties": { "内容": "ぐるーぷ藤　音・楽【認知症対応型共同生活介護】神奈川県藤沢市柄沢2-2-2ぐるーぷ藤三番館奏", "url2": "https://www.kaigokensaku.mhlw.go.jp/14/index.php?action_kouhyou_detail_004_kani=true&JigyosyoCd=1492201056-00&ServiceCd=320&Type=search" }, "geometry": { "type": "Point", "coordinates": [ 139.499369800000039, 35.354236100000016 ] } },
{ "type": "Feature", "properties": { "内容": "メールブルー鵠沼【認知症対応型共同生活介護】神奈川県藤沢市本鵠沼3-13-2", "url2": "https://www.kaigokensaku.mhlw.go.jp/14/index.php?action_kouhyou_detail_004_kani=true&JigyosyoCd=1472201514-00&ServiceCd=320&Type=search" }, "geometry": { "type": "Point", "coordinates": [ 139.468718399999943, 35.3286206 ] } },
{ "type": "Feature", "properties": { "内容": "偕老ホーム【認知症対応型共同生活介護】神奈川県藤沢市獺郷65-1", "url2": "https://www.kaigokensaku.mhlw.go.jp/14/index.php?action_kouhyou_detail_004_kani=true&JigyosyoCd=1472201647-00&ServiceCd=320&Type=search" }, "geometry": { "type": "Point", "coordinates": [ 139.413522155603033, 35.399552338857362 ] } },
{ "type": "Feature", "properties": { "内容": "グループホーム　クロスハート本鵠沼・藤沢【認知症対応型共同生活介護】神奈川県藤沢市本鵠沼３－１１－３９", "url2": "https://www.kaigokensaku.mhlw.go.jp/14/index.php?action_kouhyou_detail_004_kani=true&JigyosyoCd=1472202223-00&ServiceCd=320&Type=search" }, "geometry": { "type": "Point", "coordinates": [ 139.470062800000051, 35.3305428 ] } },
{ "type": "Feature", "properties": { "内容": "リフシア大庭【認知症対応型共同生活介護】神奈川県藤沢市大庭5142-7", "url2": "https://www.kaigokensaku.mhlw.go.jp/14/index.php?action_kouhyou_detail_004_kani=true&JigyosyoCd=1492200819-00&ServiceCd=320&Type=search" }, "geometry": { "type": "Point", "coordinates": [ 139.451305899999966, 35.3569337 ] } },
{ "type": "Feature", "properties": { "内容": "グループホーム「へいあん善行」【認知症対応型共同生活介護】神奈川県藤沢市善行2-23-8", "url2": "https://www.kaigokensaku.mhlw.go.jp/14/index.php?action_kouhyou_detail_004_kani=true&JigyosyoCd=1492200355-00&ServiceCd=320&Type=search" }, "geometry": { "type": "Point", "coordinates": [ 139.4682712, 35.3664665 ] } },
{ "type": "Feature", "properties": { "内容": "グループホーム　はーもにー【認知症対応型共同生活介護】神奈川県小田原市北ノ窪395-1", "url2": "https://www.kaigokensaku.mhlw.go.jp/14/index.php?action_kouhyou_detail_004_kani=true&JigyosyoCd=1472300480-00&ServiceCd=320&Type=search" }, "geometry": { "type": "Point", "coordinates": [ 139.133892800000012, 35.2903902 ] } },
{ "type": "Feature", "properties": { "内容": "ハーティオセアン小田原【認知症対応型共同生活介護】神奈川県小田原市別堀８５", "url2": "https://www.kaigokensaku.mhlw.go.jp/14/index.php?action_kouhyou_detail_004_kani=true&JigyosyoCd=1472301066-00&ServiceCd=320&Type=search" }, "geometry": { "type": "Point", "coordinates": [ 139.190129395700865, 35.290851868727323 ] } },
{ "type": "Feature", "properties": { "内容": "グループホーム　ぽぽ箱根板橋【認知症対応型共同生活介護】神奈川県小田原市板橋933-3", "url2": "https://www.kaigokensaku.mhlw.go.jp/14/index.php?action_kouhyou_detail_004_kani=true&JigyosyoCd=1472301074-00&ServiceCd=320&Type=search" }, "geometry": { "type": "Point", "coordinates": [ 139.142119500000035, 35.2491071 ] } },
{ "type": "Feature", "properties": { "内容": "グループホーム「へいあん鴨宮」【認知症対応型共同生活介護】神奈川県小田原市鴨宮820", "url2": "https://www.kaigokensaku.mhlw.go.jp/14/index.php?action_kouhyou_detail_004_kani=true&JigyosyoCd=1472301165-00&ServiceCd=320&Type=search" }, "geometry": { "type": "Point", "coordinates": [ 139.171511799999962, 35.2790125 ] } },
{ "type": "Feature", "properties": { "内容": "グループホームめろでぃー【認知症対応型共同生活介護】神奈川県小田原市酒匂1399番地の1", "url2": "https://www.kaigokensaku.mhlw.go.jp/14/index.php?action_kouhyou_detail_004_kani=true&JigyosyoCd=1492300049-00&ServiceCd=320&Type=search" }, "geometry": { "type": "Point", "coordinates": [ 139.182777100000067, 35.2794433 ] } },
{ "type": "Feature", "properties": { "内容": "グループホーム❝悠久❞ほたるだ【認知症対応型共同生活介護】神奈川県小田原市蓮正寺347番地2", "url2": "https://www.kaigokensaku.mhlw.go.jp/14/index.php?action_kouhyou_detail_004_kani=true&JigyosyoCd=1492300072-00&ServiceCd=320&Type=search" }, "geometry": { "type": "Point", "coordinates": [ 139.153769099999977, 35.2856415 ] } },
{ "type": "Feature", "properties": { "内容": "潤生園よりあいどころ田島【認知症対応型共同生活介護】神奈川県小田原市田島１２０５－１", "url2": "https://www.kaigokensaku.mhlw.go.jp/14/index.php?action_kouhyou_detail_004_kani=true&JigyosyoCd=1492300080-00&ServiceCd=320&Type=search" }, "geometry": { "type": "Point", "coordinates": [ 139.1989992, 35.2943442 ] } },
{ "type": "Feature", "properties": { "内容": "愛の家グループホーム小田原前川【認知症対応型共同生活介護】神奈川県小田原市前川１５４－１", "url2": "https://www.kaigokensaku.mhlw.go.jp/14/index.php?action_kouhyou_detail_004_kani=true&JigyosyoCd=1492300106-00&ServiceCd=320&Type=search" }, "geometry": { "type": "Point", "coordinates": [ 139.190970772265729, 35.280207219069197 ] } },
{ "type": "Feature", "properties": { "内容": "グループホーム「へいあん荻窪」【認知症対応型共同生活介護】神奈川県小田原市荻窪887", "url2": "https://www.kaigokensaku.mhlw.go.jp/14/index.php?action_kouhyou_detail_004_kani=true&JigyosyoCd=1492300130-00&ServiceCd=320&Type=search" }, "geometry": { "type": "Point", "coordinates": [ 139.150431700000013, 35.2645333 ] } },
{ "type": "Feature", "properties": { "内容": "愛の家グループホーム小田原久野【認知症対応型共同生活介護】神奈川県小田原市久野169-2", "url2": "https://www.kaigokensaku.mhlw.go.jp/14/index.php?action_kouhyou_detail_004_kani=true&JigyosyoCd=1492300148-00&ServiceCd=320&Type=search" }, "geometry": { "type": "Point", "coordinates": [ 139.152445199999988, 35.2685912 ] } },
{ "type": "Feature", "properties": { "内容": "グループホームみさき前川【認知症対応型共同生活介護】神奈川県小田原市前川５４０－５", "url2": "https://www.kaigokensaku.mhlw.go.jp/14/index.php?action_kouhyou_detail_004_kani=true&JigyosyoCd=1492300163-00&ServiceCd=320&Type=search" }, "geometry": { "type": "Point", "coordinates": [ 139.229815799999983, 35.2865928 ] } },
{ "type": "Feature", "properties": { "内容": "西湘グループホームえん【認知症対応型共同生活介護】神奈川県小田原市飯泉1070-1", "url2": "https://www.kaigokensaku.mhlw.go.jp/14/index.php?action_kouhyou_detail_004_kani=true&JigyosyoCd=1492300296-00&ServiceCd=320&Type=search" }, "geometry": { "type": "Point", "coordinates": [ 139.164145839919996, 35.277051240847442 ] } },
{ "type": "Feature", "properties": { "内容": "オセアンビクトリア小田原【認知症対応型共同生活介護】神奈川県小田原市栢山1121-8オセアンビクトリア小田原", "url2": "https://www.kaigokensaku.mhlw.go.jp/14/index.php?action_kouhyou_detail_004_kani=true&JigyosyoCd=1492300387-00&ServiceCd=320&Type=search" }, "geometry": { "type": "Point", "coordinates": [ 139.148927911678953, 35.300700856308431 ] } },
{ "type": "Feature", "properties": { "内容": "ツクイ小田原富水グループホーム【認知症対応型共同生活介護】神奈川県小田原市新屋8-1", "url2": "https://www.kaigokensaku.mhlw.go.jp/14/index.php?action_kouhyou_detail_004_kani=true&JigyosyoCd=1492300403-00&ServiceCd=320&Type=search" }, "geometry": { "type": "Point", "coordinates": [ 139.1385343, 35.2970345 ] } },
{ "type": "Feature", "properties": { "内容": "潤生園よりあいどころ螢田【認知症対応型共同生活介護】神奈川県小田原市蓮正寺997-4", "url2": "https://www.kaigokensaku.mhlw.go.jp/14/index.php?action_kouhyou_detail_004_kani=true&JigyosyoCd=1492300460-00&ServiceCd=320&Type=search" }, "geometry": { "type": "Point", "coordinates": [ 139.1486689, 35.2847687 ] } },
{ "type": "Feature", "properties": { "内容": "花物語おだわら【認知症対応型共同生活介護】神奈川県小田原市南町2-3-34", "url2": "https://www.kaigokensaku.mhlw.go.jp/14/index.php?action_kouhyou_detail_004_kani=true&JigyosyoCd=1492300478-00&ServiceCd=320&Type=search" }, "geometry": { "type": "Point", "coordinates": [ 139.1530285, 35.2447721 ] } },
{ "type": "Feature", "properties": { "内容": "グループホームローズハウス【認知症対応型共同生活介護】神奈川県小田原市寿町４－１４－１９", "url2": "https://www.kaigokensaku.mhlw.go.jp/14/index.php?action_kouhyou_detail_004_kani=true&JigyosyoCd=1472301025-00&ServiceCd=320&Type=search" }, "geometry": { "type": "Point", "coordinates": [ 139.171029500000031, 35.2637922 ] } },
{ "type": "Feature", "properties": { "内容": "社会福祉法人　麗寿会　ふれあいの家みのり【認知症対応型共同生活介護】神奈川県茅ヶ崎市南湖6-2-24", "url2": "https://www.kaigokensaku.mhlw.go.jp/14/index.php?action_kouhyou_detail_004_kani=true&JigyosyoCd=1472400280-00&ServiceCd=320&Type=search" }, "geometry": { "type": "Point", "coordinates": [ 139.393489433404511, 35.321071657646549 ] } },
{ "type": "Feature", "properties": { "内容": "ミモザ茅ヶ崎萩園【認知症対応型共同生活介護】神奈川県茅ヶ崎市萩園1202", "url2": "https://www.kaigokensaku.mhlw.go.jp/14/index.php?action_kouhyou_detail_004_kani=true&JigyosyoCd=1472401338-00&ServiceCd=320&Type=search" }, "geometry": { "type": "Point", "coordinates": [ 139.377365, 35.3456568 ] } },
{ "type": "Feature", "properties": { "内容": "グループホーム「へいあん小和田」【認知症対応型共同生活介護】神奈川県茅ヶ崎市小和田３丁目３番２５号", "url2": "https://www.kaigokensaku.mhlw.go.jp/14/index.php?action_kouhyou_detail_004_kani=true&JigyosyoCd=1492400021-00&ServiceCd=320&Type=search" }, "geometry": { "type": "Point", "coordinates": [ 139.43765350000001, 35.3425794 ] } },
{ "type": "Feature", "properties": { "内容": "セントケアホーム茅ヶ崎【認知症対応型共同生活介護】神奈川県茅ヶ崎市平和町1-39", "url2": "https://www.kaigokensaku.mhlw.go.jp/14/index.php?action_kouhyou_detail_004_kani=true&JigyosyoCd=1492400054-00&ServiceCd=320&Type=search" }, "geometry": { "type": "Point", "coordinates": [ 139.427968100000044, 35.3275807 ] } },
{ "type": "Feature", "properties": { "内容": "リフシア香川【認知症対応型共同生活介護】神奈川県茅ヶ崎市香川3-29-7", "url2": "https://www.kaigokensaku.mhlw.go.jp/14/index.php?action_kouhyou_detail_004_kani=true&JigyosyoCd=1492400153-00&ServiceCd=320&Type=search" }, "geometry": { "type": "Point", "coordinates": [ 139.400818800000025, 35.3553951 ] } },
{ "type": "Feature", "properties": { "内容": "グループホーム円蔵【認知症対応型共同生活介護】神奈川県茅ヶ崎市円蔵2-7-6", "url2": "https://www.kaigokensaku.mhlw.go.jp/14/index.php?action_kouhyou_detail_004_kani=true&JigyosyoCd=1492400161-00&ServiceCd=320&Type=search" }, "geometry": { "type": "Point", "coordinates": [ 139.4051882, 35.3445915 ] } },
{ "type": "Feature", "properties": { "内容": "いこいの郷　花梨・赤羽根【認知症対応型共同生活介護】神奈川県茅ヶ崎市赤羽根2384-2", "url2": "https://www.kaigokensaku.mhlw.go.jp/14/index.php?action_kouhyou_detail_004_kani=true&JigyosyoCd=1492400203-00&ServiceCd=320&Type=search" }, "geometry": { "type": "Point", "coordinates": [ 139.435883286630315, 35.347767682941232 ] } },
{ "type": "Feature", "properties": { "内容": "ココファンホーム湘南の杜【認知症対応型共同生活介護】神奈川県茅ケ崎市甘沼272", "url2": "https://www.kaigokensaku.mhlw.go.jp/14/index.php?action_kouhyou_detail_004_kani=true&JigyosyoCd=1492400237-00&ServiceCd=320&Type=search" }, "geometry": { "type": "Point", "coordinates": [ 139.418829100000039, 35.3528744 ] } },
{ "type": "Feature", "properties": { "内容": "リフシア矢畑【認知症対応型共同生活介護】神奈川県茅ケ崎市矢畑63-1", "url2": "https://www.kaigokensaku.mhlw.go.jp/14/index.php?action_kouhyou_detail_004_kani=true&JigyosyoCd=1492400252-00&ServiceCd=320&Type=search" }, "geometry": { "type": "Point", "coordinates": [ 139.393261299999949, 35.3360587 ] } },
{ "type": "Feature", "properties": { "内容": "愛の家グループホーム茅ヶ崎平和町【認知症対応型共同生活介護】神奈川県茅ヶ崎市平和町10-10", "url2": "https://www.kaigokensaku.mhlw.go.jp/14/index.php?action_kouhyou_detail_004_kani=true&JigyosyoCd=1492400401-00&ServiceCd=320&Type=search" }, "geometry": { "type": "Point", "coordinates": [ 139.429286, 35.3266752 ] } },
{ "type": "Feature", "properties": { "内容": "茅ヶ崎松尾グループホームそよ風【認知症対応型共同生活介護】神奈川県茅ケ崎市松尾６－３４", "url2": "https://www.kaigokensaku.mhlw.go.jp/14/index.php?action_kouhyou_detail_004_kani=true&JigyosyoCd=1492400369-00&ServiceCd=320&Type=search" }, "geometry": { "type": "Point", "coordinates": [ 139.3863596, 35.3244521 ] } },
{ "type": "Feature", "properties": { "内容": "花物語ちがさき【認知症対応型共同生活介護】神奈川県茅ヶ崎市浜竹2丁目8-55", "url2": "https://www.kaigokensaku.mhlw.go.jp/14/index.php?action_kouhyou_detail_004_kani=true&JigyosyoCd=1492400468-00&ServiceCd=320&Type=search" }, "geometry": { "type": "Point", "coordinates": [ 139.4387083, 35.3347506 ] } },
{ "type": "Feature", "properties": { "内容": "グループホーム「櫻」【認知症対応型共同生活介護】神奈川県逗子市桜山6-1326グループホーム「櫻」", "url2": "https://www.kaigokensaku.mhlw.go.jp/14/index.php?action_kouhyou_detail_004_kani=true&JigyosyoCd=1472500477-00&ServiceCd=320&Type=search" }, "geometry": { "type": "Point", "coordinates": [ 139.5904332, 35.292572899999989 ] } },
{ "type": "Feature", "properties": { "内容": "グループホーム　みんなの家・逗子【認知症対応型共同生活介護】神奈川県逗子市新宿4-16-1", "url2": "https://www.kaigokensaku.mhlw.go.jp/14/index.php?action_kouhyou_detail_004_kani=true&JigyosyoCd=1492500028-00&ServiceCd=320&Type=search" }, "geometry": { "type": "Point", "coordinates": [ 139.564148899999964, 35.299872200000017 ] } },
{ "type": "Feature", "properties": { "内容": "愛の家グループホーム　逗子沼間【認知症対応型共同生活介護】神奈川県逗子市沼間3丁目4-26", "url2": "https://www.kaigokensaku.mhlw.go.jp/14/index.php?action_kouhyou_detail_004_kani=true&JigyosyoCd=1492500069-00&ServiceCd=320&Type=search" }, "geometry": { "type": "Point", "coordinates": [ 139.605189300000035, 35.296280800000034 ] } },
{ "type": "Feature", "properties": { "内容": "けいすいグループホームみるいろ【認知症対応型共同生活介護】神奈川県逗子市桜山4-5-21", "url2": "https://www.kaigokensaku.mhlw.go.jp/14/index.php?action_kouhyou_detail_004_kani=true&JigyosyoCd=1492500150-00&ServiceCd=320&Type=search" }, "geometry": { "type": "Point", "coordinates": [ 139.5985402, 35.2981803 ] } },
{ "type": "Feature", "properties": { "内容": "花物語みうら中央【認知症対応型共同生活介護】神奈川県三浦市南下浦町菊名1258-3", "url2": "https://www.kaigokensaku.mhlw.go.jp/14/index.php?action_kouhyou_detail_004_kani=true&JigyosyoCd=1492700271-00&ServiceCd=320&Type=search" }, "geometry": { "type": "Point", "coordinates": [ 139.6436749, 35.1663875 ] } },
{ "type": "Feature", "properties": { "内容": "グループホーム　チェリーホーム油壷【認知症対応型共同生活介護】神奈川県三浦市三崎町小網代１３３１－１", "url2": "https://www.kaigokensaku.mhlw.go.jp/14/index.php?action_kouhyou_detail_004_kani=true&JigyosyoCd=1472700325-00&ServiceCd=320&Type=search" }, "geometry": { "type": "Point", "coordinates": [ 139.622928099999939, 35.1601941 ] } },
{ "type": "Feature", "properties": { "内容": "グループホーム　みづき【認知症対応型共同生活介護】神奈川県三浦市三崎町諸磯42-5", "url2": "https://www.kaigokensaku.mhlw.go.jp/14/index.php?action_kouhyou_detail_004_kani=true&JigyosyoCd=1472700499-00&ServiceCd=320&Type=search" }, "geometry": { "type": "Point", "coordinates": [ 139.630058100000042, 35.1548778 ] } },
{ "type": "Feature", "properties": { "内容": "スマイル住まいる三浦【認知症対応型共同生活介護】神奈川県三浦市初声町下宮田601-7", "url2": "https://www.kaigokensaku.mhlw.go.jp/14/index.php?action_kouhyou_detail_004_kani=true&JigyosyoCd=1472700523-00&ServiceCd=320&Type=search" }, "geometry": { "type": "Point", "coordinates": [ 139.634643099999948, 35.1777761 ] } },
{ "type": "Feature", "properties": { "内容": "グループホーム宮川【認知症対応型共同生活介護】神奈川県三浦市宮川町17-19", "url2": "https://www.kaigokensaku.mhlw.go.jp/14/index.php?action_kouhyou_detail_004_kani=true&JigyosyoCd=1472700580-00&ServiceCd=320&Type=search" }, "geometry": { "type": "Point", "coordinates": [ 139.634160800000018, 35.1450202 ] } },
{ "type": "Feature", "properties": { "内容": "花物語みうら南【認知症対応型共同生活介護】神奈川県三浦市三崎町小網代２０－１グループホーム花物語みうら南", "url2": "https://www.kaigokensaku.mhlw.go.jp/14/index.php?action_kouhyou_detail_004_kani=true&JigyosyoCd=1492700156-00&ServiceCd=320&Type=search" }, "geometry": { "type": "Point", "coordinates": [ 139.6384835, 35.159456 ] } },
{ "type": "Feature", "properties": { "内容": "花物語　みうら【認知症対応型共同生活介護】神奈川県三浦市南下浦町上宮田3444", "url2": "https://www.kaigokensaku.mhlw.go.jp/14/index.php?action_kouhyou_detail_004_kani=true&JigyosyoCd=1492700164-00&ServiceCd=320&Type=search" }, "geometry": { "type": "Point", "coordinates": [ 139.651461, 35.1831918 ] } },
{ "type": "Feature", "properties": { "内容": "ツクイ三浦グループホーム【認知症対応型共同生活介護】神奈川県三浦市三崎町諸磯858-1", "url2": "https://www.kaigokensaku.mhlw.go.jp/14/index.php?action_kouhyou_detail_004_kani=true&JigyosyoCd=1492700198-00&ServiceCd=320&Type=search" }, "geometry": { "type": "Point", "coordinates": [ 139.6279092, 35.1500931 ] } },
{ "type": "Feature", "properties": { "内容": "花物語はまゆう南【認知症対応型共同生活介護】神奈川県三浦市初声町高円坊1452", "url2": "https://www.kaigokensaku.mhlw.go.jp/14/index.php?action_kouhyou_detail_004_kani=true&JigyosyoCd=1492700214-00&ServiceCd=320&Type=search" }, "geometry": { "type": "Point", "coordinates": [ 139.6429656, 35.2035883 ] } },
{ "type": "Feature", "properties": { "内容": "花物語みうら西【認知症対応型共同生活介護】神奈川県三浦市天神町4--12", "url2": "https://www.kaigokensaku.mhlw.go.jp/14/index.php?action_kouhyou_detail_004_kani=true&JigyosyoCd=1492700222-00&ServiceCd=320&Type=search" }, "geometry": { "type": "Point", "coordinates": [ 139.6236927, 35.146732900000039 ] } },
{ "type": "Feature", "properties": { "内容": "グループホーム　ひなたぼっこ菊名【認知症対応型共同生活介護】神奈川県三浦市南下浦町上宮田3490", "url2": "https://www.kaigokensaku.mhlw.go.jp/14/index.php?action_kouhyou_detail_004_kani=true&JigyosyoCd=1472700515-00&ServiceCd=320&Type=search" }, "geometry": { "type": "Point", "coordinates": [ 139.653008099999965, 35.1813425 ] } },
{ "type": "Feature", "properties": { "内容": "グループホーム花ぐれ【認知症対応型共同生活介護】神奈川県三浦市三崎3-2-7", "url2": "https://www.kaigokensaku.mhlw.go.jp/14/index.php?action_kouhyou_detail_004_kani=true&JigyosyoCd=1472700564-00&ServiceCd=320&Type=search" }, "geometry": { "type": "Point", "coordinates": [ 139.619149830278218, 35.140798649579544 ] } },
{ "type": "Feature", "properties": { "内容": "医療法人社団三喜会　グループホーム渋沢【認知症対応型共同生活介護】神奈川県秦野市渋沢上1-13-28", "url2": "https://www.kaigokensaku.mhlw.go.jp/14/index.php?action_kouhyou_detail_004_kani=true&JigyosyoCd=1472800364-00&ServiceCd=320&Type=search" }, "geometry": { "type": "Point", "coordinates": [ 139.178444, 35.3701379 ] } },
{ "type": "Feature", "properties": { "内容": "グループホームそば【認知症対応型共同生活介護】神奈川県秦野市渋沢１８５６－１", "url2": "https://www.kaigokensaku.mhlw.go.jp/14/index.php?action_kouhyou_detail_004_kani=true&JigyosyoCd=1472800398-00&ServiceCd=320&Type=search" }, "geometry": { "type": "Point", "coordinates": [ 139.18898779999995, 35.3666247 ] } },
{ "type": "Feature", "properties": { "内容": "ソレスタ秦野【認知症対応型共同生活介護】神奈川県秦野市戸川130-1ソレスタ秦野", "url2": "https://www.kaigokensaku.mhlw.go.jp/14/index.php?action_kouhyou_detail_004_kani=true&JigyosyoCd=1492800048-00&ServiceCd=320&Type=search" }, "geometry": { "type": "Point", "coordinates": [ 139.1971671, 35.388653 ] } },
{ "type": "Feature", "properties": { "内容": "グループホーム　いきいきの家　今泉【認知症対応型共同生活介護】神奈川県秦野市今泉２５４－２", "url2": "https://www.kaigokensaku.mhlw.go.jp/14/index.php?action_kouhyou_detail_004_kani=true&JigyosyoCd=1492800097-00&ServiceCd=320&Type=search" }, "geometry": { "type": "Point", "coordinates": [ 139.2199544, 35.3714085 ] } },
{ "type": "Feature", "properties": { "内容": "花物語はだの南【認知症対応型共同生活介護】神奈川県秦野市今泉698-1花物語はだの南", "url2": "https://www.kaigokensaku.mhlw.go.jp/14/index.php?action_kouhyou_detail_004_kani=true&JigyosyoCd=1492800311-00&ServiceCd=320&Type=search" }, "geometry": { "type": "Point", "coordinates": [ 139.216989399999989, 35.3658753 ] } },
{ "type": "Feature", "properties": { "内容": "グループホーム　おおね【認知症対応型共同生活介護】神奈川県秦野市南矢名2-12-1ぬくもりの家　2階", "url2": "https://www.kaigokensaku.mhlw.go.jp/14/index.php?action_kouhyou_detail_004_kani=true&JigyosyoCd=1472800265-00&ServiceCd=320&Type=search" }, "geometry": { "type": "Point", "coordinates": [ 139.272297, 35.3701935 ] } },
{ "type": "Feature", "properties": { "内容": "グループホーム　あかつき【認知症対応型共同生活介護】神奈川県秦野市曽屋555-1", "url2": "https://www.kaigokensaku.mhlw.go.jp/14/index.php?action_kouhyou_detail_004_kani=true&JigyosyoCd=1472800349-00&ServiceCd=320&Type=search" }, "geometry": { "type": "Point", "coordinates": [ 139.210311359756929, 35.38267073453634 ] } },
{ "type": "Feature", "properties": { "内容": "医療法人社団　三喜会　グループホーム鶴巻【認知症対応型共同生活介護】神奈川県秦野市鶴巻北2-14-2", "url2": "https://www.kaigokensaku.mhlw.go.jp/14/index.php?action_kouhyou_detail_004_kani=true&JigyosyoCd=1492800063-00&ServiceCd=320&Type=search" }, "geometry": { "type": "Point", "coordinates": [ 139.279896300000019, 35.3856557 ] } },
{ "type": "Feature", "properties": { "内容": "セントケアホーム桃の木原【認知症対応型共同生活介護】神奈川県秦野市堀山下510", "url2": "https://www.kaigokensaku.mhlw.go.jp/14/index.php?action_kouhyou_detail_004_kani=true&JigyosyoCd=1492800139-00&ServiceCd=320&Type=search" }, "geometry": { "type": "Point", "coordinates": [ 139.183818200000019, 35.3878443 ] } },
{ "type": "Feature", "properties": { "内容": "愛の家グループホーム秦野鶴巻【認知症対応型共同生活介護】神奈川県秦野市鶴巻南4-10-39", "url2": "https://www.kaigokensaku.mhlw.go.jp/14/index.php?action_kouhyou_detail_004_kani=true&JigyosyoCd=1492800154-00&ServiceCd=320&Type=search" }, "geometry": { "type": "Point", "coordinates": [ 139.280468499999984, 35.3791954 ] } },
{ "type": "Feature", "properties": { "内容": "愛の家グループホーム秦野大けやき【認知症対応型共同生活介護】神奈川県秦野市鶴巻南4-22-34", "url2": "https://www.kaigokensaku.mhlw.go.jp/14/index.php?action_kouhyou_detail_004_kani=true&JigyosyoCd=1492800212-00&ServiceCd=320&Type=search" }, "geometry": { "type": "Point", "coordinates": [ 139.278818192590279, 35.378187952756754 ] } },
{ "type": "Feature", "properties": { "内容": "グループホームこ・みかん【認知症対応型共同生活介護】神奈川県秦野市柳町一丁目20番10号", "url2": "https://www.kaigokensaku.mhlw.go.jp/14/index.php?action_kouhyou_detail_004_kani=true&JigyosyoCd=1492800147-00&ServiceCd=320&Type=search" }, "geometry": { "type": "Point", "coordinates": [ 139.186707299999966, 35.3750903 ] } },
{ "type": "Feature", "properties": { "内容": "花物語　はだの【認知症対応型共同生活介護】神奈川県秦野市緑町　12-2", "url2": "https://www.kaigokensaku.mhlw.go.jp/14/index.php?action_kouhyou_detail_004_kani=true&JigyosyoCd=1492800188-00&ServiceCd=320&Type=search" }, "geometry": { "type": "Point", "coordinates": [ 139.195601, 35.3736547 ] } },
{ "type": "Feature", "properties": { "内容": "どんぐり庵【認知症対応型共同生活介護】神奈川県厚木市飯山南４－２２－１０", "url2": "https://www.kaigokensaku.mhlw.go.jp/14/index.php?action_kouhyou_detail_004_kani=true&JigyosyoCd=1472900719-00&ServiceCd=320&Type=search" }, "geometry": { "type": "Point", "coordinates": [ 139.3262052, 35.4635033 ] } },
{ "type": "Feature", "properties": { "内容": "オーババーズセキ【認知症対応型共同生活介護】神奈川県厚木市戸室1-26-13", "url2": "https://www.kaigokensaku.mhlw.go.jp/14/index.php?action_kouhyou_detail_004_kani=true&JigyosyoCd=1472900727-00&ServiceCd=320&Type=search" }, "geometry": { "type": "Point", "coordinates": [ 139.352546990876789, 35.450290230043272 ] } },
{ "type": "Feature", "properties": { "内容": "花物語あつぎ【認知症対応型共同生活介護】神奈川県厚木市下依知3-6-20", "url2": "https://www.kaigokensaku.mhlw.go.jp/14/index.php?action_kouhyou_detail_004_kani=true&JigyosyoCd=1472900800-00&ServiceCd=320&Type=search" }, "geometry": { "type": "Point", "coordinates": [ 139.373912799999971, 35.471656 ] } },
{ "type": "Feature", "properties": { "内容": "どんぐり庵さんだ【認知症対応型共同生活介護】神奈川県厚木市三田2-1-38", "url2": "https://www.kaigokensaku.mhlw.go.jp/14/index.php?action_kouhyou_detail_004_kani=true&JigyosyoCd=1492900079-00&ServiceCd=320&Type=search" }, "geometry": { "type": "Point", "coordinates": [ 139.344712500000014, 35.4769551 ] } },
{ "type": "Feature", "properties": { "内容": "ニチイケアセンター厚木愛甲【認知症対応型共同生活介護】神奈川県厚木市愛甲1丁目12番20号", "url2": "https://www.kaigokensaku.mhlw.go.jp/14/index.php?action_kouhyou_detail_004_kani=true&JigyosyoCd=1492900087-00&ServiceCd=320&Type=search" }, "geometry": { "type": "Point", "coordinates": [ 139.340917600000012, 35.420578100000029 ] } },
{ "type": "Feature", "properties": { "内容": "高松山グリーンホーム【認知症対応型共同生活介護】神奈川県厚木市愛名1170-1", "url2": "https://www.kaigokensaku.mhlw.go.jp/14/index.php?action_kouhyou_detail_004_kani=true&JigyosyoCd=1492900129-00&ServiceCd=320&Type=search" }, "geometry": { "type": "Point", "coordinates": [ 139.327244, 35.4433974 ] } },
{ "type": "Feature", "properties": { "内容": "あつぎポポログループホーム【認知症対応型共同生活介護】神奈川県厚木市東町7-2-2あつぎポポロ5階", "url2": "https://www.kaigokensaku.mhlw.go.jp/14/index.php?action_kouhyou_detail_004_kani=true&JigyosyoCd=1492900137-00&ServiceCd=320&Type=search" }, "geometry": { "type": "Point", "coordinates": [ 139.369200322014166, 35.445804543687231 ] } },
{ "type": "Feature", "properties": { "内容": "愛甲グリーンホーム【認知症対応型共同生活介護】神奈川県厚木市愛甲3-18-25", "url2": "https://www.kaigokensaku.mhlw.go.jp/14/index.php?action_kouhyou_detail_004_kani=true&JigyosyoCd=1492900178-00&ServiceCd=320&Type=search" }, "geometry": { "type": "Point", "coordinates": [ 139.346020100000032, 35.4237695 ] } },
{ "type": "Feature", "properties": { "内容": "花物語あつぎ南【認知症対応型共同生活介護】神奈川県厚木市岡田3-2-1", "url2": "https://www.kaigokensaku.mhlw.go.jp/14/index.php?action_kouhyou_detail_004_kani=true&JigyosyoCd=1492900350-00&ServiceCd=320&Type=search" }, "geometry": { "type": "Point", "coordinates": [ 139.364505729447927, 35.424693574709885 ] } },
{ "type": "Feature", "properties": { "内容": "花物語あつぎ北【認知症対応型共同生活介護】神奈川県厚木市三田122番地2", "url2": "https://www.kaigokensaku.mhlw.go.jp/14/index.php?action_kouhyou_detail_004_kani=true&JigyosyoCd=1492900459-00&ServiceCd=320&Type=search" }, "geometry": { "type": "Point", "coordinates": [ 139.34291428945545, 35.488966053332931 ] } },
{ "type": "Feature", "properties": { "内容": "オーババーズセキ　サテライト【認知症対応型共同生活介護】神奈川県厚木市戸室1-41-1　3F・4F", "url2": "https://www.kaigokensaku.mhlw.go.jp/14/index.php?action_kouhyou_detail_004_kani=true&JigyosyoCd=1492900590-00&ServiceCd=320&Type=search" }, "geometry": { "type": "Point", "coordinates": [ 139.3525728, 35.4532184 ] } },
{ "type": "Feature", "properties": { "内容": "アースサポートグループホーム厚木【認知症対応型共同生活介護】神奈川県厚木市関口234番地4号", "url2": "https://www.kaigokensaku.mhlw.go.jp/14/index.php?action_kouhyou_detail_004_kani=true&JigyosyoCd=1492900319-00&ServiceCd=320&Type=search" }, "geometry": { "type": "Point", "coordinates": [ 139.365899500000069, 35.4856127 ] } },
{ "type": "Feature", "properties": { "内容": "花物語あつぎ中央【認知症対応型共同生活介護】神奈川県厚木市妻田西3-22-18花物語あつぎ中央", "url2": "https://www.kaigokensaku.mhlw.go.jp/14/index.php?action_kouhyou_detail_004_kani=true&JigyosyoCd=1492900343-00&ServiceCd=320&Type=search" }, "geometry": { "type": "Point", "coordinates": [ 139.352101299999987, 35.4654923 ] } },
{ "type": "Feature", "properties": { "内容": "ツクイ厚木荻野グループホーム【認知症対応型共同生活介護】神奈川県厚木市下荻野1110-1ツクイ厚木荻野グループホーム", "url2": "https://www.kaigokensaku.mhlw.go.jp/14/index.php?action_kouhyou_detail_004_kani=true&JigyosyoCd=1492900483-00&ServiceCd=320&Type=search" }, "geometry": { "type": "Point", "coordinates": [ 139.3418375, 35.4791165 ] } },
{ "type": "Feature", "properties": { "内容": "愛の家グループホーム大和高座渋谷【認知症対応型共同生活介護】神奈川県大和市渋谷7-24-1", "url2": "https://www.kaigokensaku.mhlw.go.jp/14/index.php?action_kouhyou_detail_004_kani=true&JigyosyoCd=1493000655-00&ServiceCd=320&Type=search" }, "geometry": { "type": "Point", "coordinates": [ 139.465668523942554, 35.431232136008759 ] } },
{ "type": "Feature", "properties": { "内容": "大和ＹＭＣＡグループホーム【認知症対応型共同生活介護】神奈川県大和市大和東3-3-16", "url2": "https://www.kaigokensaku.mhlw.go.jp/14/index.php?action_kouhyou_detail_004_kani=true&JigyosyoCd=1473000584-00&ServiceCd=320&Type=search" }, "geometry": { "type": "Point", "coordinates": [ 139.4638754, 35.4719497 ] } },
{ "type": "Feature", "properties": { "内容": "グループホームひだまり弐番館【認知症対応型共同生活介護】神奈川県大和市代官２－７－７", "url2": "https://www.kaigokensaku.mhlw.go.jp/14/index.php?action_kouhyou_detail_004_kani=true&JigyosyoCd=1473000691-00&ServiceCd=320&Type=search" }, "geometry": { "type": "Point", "coordinates": [ 139.45756, 35.441084 ] } },
{ "type": "Feature", "properties": { "内容": "グループホーム欅【認知症対応型共同生活介護】神奈川県大和市福田１８４２番地", "url2": "https://www.kaigokensaku.mhlw.go.jp/14/index.php?action_kouhyou_detail_004_kani=true&JigyosyoCd=1473000758-00&ServiceCd=320&Type=search" }, "geometry": { "type": "Point", "coordinates": [ 139.459177917166159, 35.431584136413903 ] } },
{ "type": "Feature", "properties": { "内容": "グループホーム晃風園【認知症対応型共同生活介護】神奈川県大和市深見東3-2-5", "url2": "https://www.kaigokensaku.mhlw.go.jp/14/index.php?action_kouhyou_detail_004_kani=true&JigyosyoCd=1473000865-00&ServiceCd=320&Type=search" }, "geometry": { "type": "Point", "coordinates": [ 139.4655692, 35.4827167 ] } },
{ "type": "Feature", "properties": { "内容": "社会福祉法人プレマ会　そよ風【認知症対応型共同生活介護】神奈川県大和市桜森3-4-4", "url2": "https://www.kaigokensaku.mhlw.go.jp/14/index.php?action_kouhyou_detail_004_kani=true&JigyosyoCd=1493000101-00&ServiceCd=320&Type=search" }, "geometry": { "type": "Point", "coordinates": [ 139.44159609999997, 35.4721906 ] } },
{ "type": "Feature", "properties": { "内容": "ニチイケアセンター大和桜森【認知症対応型共同生活介護】神奈川県大和市桜森二丁目２６番４号", "url2": "https://www.kaigokensaku.mhlw.go.jp/14/index.php?action_kouhyou_detail_004_kani=true&JigyosyoCd=1493000119-00&ServiceCd=320&Type=search" }, "geometry": { "type": "Point", "coordinates": [ 139.437285400000064, 35.470788 ] } },
{ "type": "Feature", "properties": { "内容": "ニチイケアセンター大和南【認知症対応型共同生活介護】神奈川県大和市大和南2-8-19", "url2": "https://www.kaigokensaku.mhlw.go.jp/14/index.php?action_kouhyou_detail_004_kani=true&JigyosyoCd=1493000135-00&ServiceCd=320&Type=search" }, "geometry": { "type": "Point", "coordinates": [ 139.465197699999976, 35.4659701 ] } },
{ "type": "Feature", "properties": { "内容": "花物語　やまと西【認知症対応型共同生活介護】神奈川県大和市南林間9-1-7", "url2": "https://www.kaigokensaku.mhlw.go.jp/14/index.php?action_kouhyou_detail_004_kani=true&JigyosyoCd=1493000143-00&ServiceCd=320&Type=search" }, "geometry": { "type": "Point", "coordinates": [ 139.436778799999956, 35.4949164 ] } },
{ "type": "Feature", "properties": { "内容": "ヴィラ愛成【認知症対応型共同生活介護】神奈川県大和市大和東１－１３－１７ヴィラ愛成", "url2": "https://www.kaigokensaku.mhlw.go.jp/14/index.php?action_kouhyou_detail_004_kani=true&JigyosyoCd=1493000218-00&ServiceCd=320&Type=search" }, "geometry": { "type": "Point", "coordinates": [ 139.467078, 35.4710888 ] } },
{ "type": "Feature", "properties": { "内容": "エスケアホーム大和【認知症対応型共同生活介護】神奈川県大和市中央林間六丁目8番6号", "url2": "https://www.kaigokensaku.mhlw.go.jp/14/index.php?action_kouhyou_detail_004_kani=true&JigyosyoCd=1493000234-00&ServiceCd=320&Type=search" }, "geometry": { "type": "Point", "coordinates": [ 139.446677300000033, 35.5109515 ] } },
{ "type": "Feature", "properties": { "内容": "グループホーム　あいしま大和【認知症対応型共同生活介護】神奈川県大和市福田１６８１－１", "url2": "https://www.kaigokensaku.mhlw.go.jp/14/index.php?action_kouhyou_detail_004_kani=true&JigyosyoCd=1493000267-00&ServiceCd=320&Type=search" }, "geometry": { "type": "Point", "coordinates": [ 139.464445775671408, 35.428353922909274 ] } },
{ "type": "Feature", "properties": { "内容": "グループホーム　ソラストつきみ野【認知症対応型共同生活介護】神奈川県大和市下鶴間１２－２", "url2": "https://www.kaigokensaku.mhlw.go.jp/14/index.php?action_kouhyou_detail_004_kani=true&JigyosyoCd=1493000325-00&ServiceCd=320&Type=search" }, "geometry": { "type": "Point", "coordinates": [ 139.454446019643427, 35.518859821749757 ] } },
{ "type": "Feature", "properties": { "内容": "花物語やまと南【認知症対応型共同生活介護】神奈川県大和市福田8-19-37", "url2": "https://www.kaigokensaku.mhlw.go.jp/14/index.php?action_kouhyou_detail_004_kani=true&JigyosyoCd=1493000341-00&ServiceCd=320&Type=search" }, "geometry": { "type": "Point", "coordinates": [ 139.460059499999943, 35.452743800000022 ] } },
{ "type": "Feature", "properties": { "内容": "グループホームゆらり大和【認知症対応型共同生活介護】神奈川県大和市中央6-12-4", "url2": "https://www.kaigokensaku.mhlw.go.jp/14/index.php?action_kouhyou_detail_004_kani=true&JigyosyoCd=1493000515-00&ServiceCd=320&Type=search" }, "geometry": { "type": "Point", "coordinates": [ 139.4594673, 35.46052 ] } },
{ "type": "Feature", "properties": { "内容": "花物語やまと東【認知症対応型共同生活介護】神奈川県大和市深見台1-10-15", "url2": "https://www.kaigokensaku.mhlw.go.jp/14/index.php?action_kouhyou_detail_004_kani=true&JigyosyoCd=1493000580-00&ServiceCd=320&Type=search" }, "geometry": { "type": "Point", "coordinates": [ 139.469394, 35.4647295 ] } },
{ "type": "Feature", "properties": { "内容": "グループホームひだまり【認知症対応型共同生活介護】神奈川県大和市上草柳４６４－２５", "url2": "https://www.kaigokensaku.mhlw.go.jp/14/index.php?action_kouhyou_detail_004_kani=true&JigyosyoCd=1473000451-00&ServiceCd=320&Type=search" }, "geometry": { "type": "Point", "coordinates": [ 139.437565599999971, 35.4769229 ] } },
{ "type": "Feature", "properties": { "内容": "グループホーム「やすらぎの家　大和渋谷」【認知症対応型共同生活介護】神奈川県大和市渋谷5丁目1-2", "url2": "https://www.kaigokensaku.mhlw.go.jp/14/index.php?action_kouhyou_detail_004_kani=true&JigyosyoCd=1473000881-00&ServiceCd=320&Type=search" }, "geometry": { "type": "Point", "coordinates": [ 139.4646014, 35.4361042 ] } },
{ "type": "Feature", "properties": { "内容": "花物語やまと【認知症対応型共同生活介護】神奈川県大和市下鶴間2973-2", "url2": "https://www.kaigokensaku.mhlw.go.jp/14/index.php?action_kouhyou_detail_004_kani=true&JigyosyoCd=1493000085-00&ServiceCd=320&Type=search" }, "geometry": { "type": "Point", "coordinates": [ 139.457901900000024, 35.4988875 ] } },
{ "type": "Feature", "properties": { "内容": "ニチイケアセンター大和西鶴間【認知症対応型共同生活介護】神奈川県大和市西鶴間7-9-17", "url2": "https://www.kaigokensaku.mhlw.go.jp/14/index.php?action_kouhyou_detail_004_kani=true&JigyosyoCd=1493000127-00&ServiceCd=320&Type=search" }, "geometry": { "type": "Point", "coordinates": [ 139.4389539, 35.4880511 ] } },
{ "type": "Feature", "properties": { "内容": "すずらん【認知症対応型共同生活介護】神奈川県伊勢原市沼目6-1200-1", "url2": "https://www.kaigokensaku.mhlw.go.jp/14/index.php?action_kouhyou_detail_004_kani=true&JigyosyoCd=1474000336-00&ServiceCd=320&Type=search" }, "geometry": { "type": "Point", "coordinates": [ 139.331863, 35.3889484 ] } },
{ "type": "Feature", "properties": { "内容": "愛の家グループホーム伊勢原神戸【認知症対応型共同生活介護】神奈川県伊勢原市神戸581‐8", "url2": "https://www.kaigokensaku.mhlw.go.jp/14/index.php?action_kouhyou_detail_004_kani=true&JigyosyoCd=1474001490-00&ServiceCd=320&Type=search" }, "geometry": { "type": "Point", "coordinates": [ 139.288613201852456, 35.394576357348463 ] } },
{ "type": "Feature", "properties": { "内容": "ピースフルライフ　さくら草【認知症対応型共同生活介護】神奈川県伊勢原市桜台3-9-32", "url2": "https://www.kaigokensaku.mhlw.go.jp/14/index.php?action_kouhyou_detail_004_kani=true&JigyosyoCd=1494000035-00&ServiceCd=320&Type=search" }, "geometry": { "type": "Point", "coordinates": [ 139.318539500000043, 35.3919672 ] } },
{ "type": "Feature", "properties": { "内容": "ニチイケアセンター峰岸【認知症対応型共同生活介護】神奈川県伊勢原市上粕屋392-1", "url2": "https://www.kaigokensaku.mhlw.go.jp/14/index.php?action_kouhyou_detail_004_kani=true&JigyosyoCd=1494000092-00&ServiceCd=320&Type=search" }, "geometry": { "type": "Point", "coordinates": [ 139.301866199999949, 35.4051763 ] } },
{ "type": "Feature", "properties": { "内容": "ツクイ伊勢原高森グループホーム【認知症対応型共同生活介護】神奈川県伊勢原市高森4-13-14ツクイ伊勢原高森グループホーム", "url2": "https://www.kaigokensaku.mhlw.go.jp/14/index.php?action_kouhyou_detail_004_kani=true&JigyosyoCd=1494000191-00&ServiceCd=320&Type=search" }, "geometry": { "type": "Point", "coordinates": [ 139.328658499999989, 35.4172184 ] } },
{ "type": "Feature", "properties": { "内容": "花物語ききょう【認知症対応型共同生活介護】神奈川県伊勢原市岡崎6784-7花物語ききょう", "url2": "https://www.kaigokensaku.mhlw.go.jp/14/index.php?action_kouhyou_detail_004_kani=true&JigyosyoCd=1494000209-00&ServiceCd=320&Type=search" }, "geometry": { "type": "Point", "coordinates": [ 139.307139400000011, 35.3863393 ] } },
{ "type": "Feature", "properties": { "内容": "グループホームグリーンハウス【認知症対応型共同生活介護】神奈川県海老名市河原口1丁目10番10号", "url2": "https://www.kaigokensaku.mhlw.go.jp/14/index.php?action_kouhyou_detail_004_kani=true&JigyosyoCd=1474200183-00&ServiceCd=320&Type=search" }, "geometry": { "type": "Point", "coordinates": [ 139.3752849, 35.4448458 ] } },
{ "type": "Feature", "properties": { "内容": "グループホーム　えがお【認知症対応型共同生活介護】神奈川県海老名市門沢橋４-１-１０", "url2": "https://www.kaigokensaku.mhlw.go.jp/14/index.php?action_kouhyou_detail_004_kani=true&JigyosyoCd=1474200324-00&ServiceCd=320&Type=search" }, "geometry": { "type": "Point", "coordinates": [ 139.380548555172709, 35.405871054877714 ] } },
{ "type": "Feature", "properties": { "内容": "グループホームちいさな手海老名ふれあいの丘【認知症対応型共同生活介護】神奈川県海老名市杉久保北２－１８－２５", "url2": "https://www.kaigokensaku.mhlw.go.jp/14/index.php?action_kouhyou_detail_004_kani=true&JigyosyoCd=1494200023-00&ServiceCd=320&Type=search" }, "geometry": { "type": "Point", "coordinates": [ 139.397758, 35.4273982 ] } },
{ "type": "Feature", "properties": { "内容": "「結」ケアセンターえびな【認知症対応型共同生活介護】神奈川県海老名市大谷北4-12-27", "url2": "https://www.kaigokensaku.mhlw.go.jp/14/index.php?action_kouhyou_detail_004_kani=true&JigyosyoCd=1494200064-00&ServiceCd=320&Type=search" }, "geometry": { "type": "Point", "coordinates": [ 139.401073991401603, 35.437554014690789 ] } },
{ "type": "Feature", "properties": { "内容": "グループホーム　プラチナホーム海老名【認知症対応型共同生活介護】神奈川県海老名市扇町4-6プラチナホーム海老名・プラチナコミュニティ海老名", "url2": "https://www.kaigokensaku.mhlw.go.jp/14/index.php?action_kouhyou_detail_004_kani=true&JigyosyoCd=1494200098-00&ServiceCd=320&Type=search" }, "geometry": { "type": "Point", "coordinates": [ 139.3873714, 35.454696984117895 ] } },
{ "type": "Feature", "properties": { "内容": "おせあんびくとりあえびな【認知症対応型共同生活介護】神奈川県海老名市本郷3071ｰ1", "url2": "https://www.kaigokensaku.mhlw.go.jp/14/index.php?action_kouhyou_detail_004_kani=true&JigyosyoCd=1494200155-00&ServiceCd=320&Type=search" }, "geometry": { "type": "Point", "coordinates": [ 139.7600967, 35.7088306 ] } },
{ "type": "Feature", "properties": { "内容": "SOMPOケア　そんぽの家GH海老名　グループホーム【認知症対応型共同生活介護】神奈川県海老名市社家6-10-52", "url2": "https://www.kaigokensaku.mhlw.go.jp/14/index.php?action_kouhyou_detail_004_kani=true&JigyosyoCd=1494200072-00&ServiceCd=320&Type=search" }, "geometry": { "type": "Point", "coordinates": [ 139.375595299999986, 35.4185458 ] } },
{ "type": "Feature", "properties": { "内容": "グループホーム　あかりの家【認知症対応型共同生活介護】神奈川県海老名市大谷260番地", "url2": "https://www.kaigokensaku.mhlw.go.jp/14/index.php?action_kouhyou_detail_004_kani=true&JigyosyoCd=1494200114-00&ServiceCd=320&Type=search" }, "geometry": { "type": "Point", "coordinates": [ 139.39589245347949, 35.437982474179684 ] } },
{ "type": "Feature", "properties": { "内容": "アースサポートグループホーム海老名【認知症対応型共同生活介護】神奈川県海老名市中野1丁目20番1号", "url2": "https://www.kaigokensaku.mhlw.go.jp/14/index.php?action_kouhyou_detail_004_kani=true&JigyosyoCd=1494200080-00&ServiceCd=320&Type=search" }, "geometry": { "type": "Point", "coordinates": [ 139.374861799999962, 35.4126019 ] } },
{ "type": "Feature", "properties": { "内容": "グループホーム　イー・ケア座間【認知症対応型共同生活介護】神奈川県座間市栗原中央3-10-1", "url2": "https://www.kaigokensaku.mhlw.go.jp/14/index.php?action_kouhyou_detail_004_kani=true&JigyosyoCd=1494100090-00&ServiceCd=320&Type=search" }, "geometry": { "type": "Point", "coordinates": [ 139.41392559999997, 35.4801164 ] } },
{ "type": "Feature", "properties": { "内容": "グループホームすずの家ざま【認知症対応型共同生活介護】神奈川県座間市栗原１２９５－１", "url2": "https://www.kaigokensaku.mhlw.go.jp/14/index.php?action_kouhyou_detail_004_kani=true&JigyosyoCd=1494100256-00&ServiceCd=320&Type=search" }, "geometry": { "type": "Point", "coordinates": [ 139.41685635886077, 35.500700670530925 ] } },
{ "type": "Feature", "properties": { "内容": "医療法人神奈川せいわ会　グループホームあいち【認知症対応型共同生活介護】神奈川県座間市相武台１－１１－５", "url2": "https://www.kaigokensaku.mhlw.go.jp/14/index.php?action_kouhyou_detail_004_kani=true&JigyosyoCd=1494100033-00&ServiceCd=320&Type=search" }, "geometry": { "type": "Point", "coordinates": [ 139.412247200000024, 35.5066146 ] } },
{ "type": "Feature", "properties": { "内容": "愛の家グループホーム座間【認知症対応型共同生活介護】神奈川県座間市座間2-2884", "url2": "https://www.kaigokensaku.mhlw.go.jp/14/index.php?action_kouhyou_detail_004_kani=true&JigyosyoCd=1494100074-00&ServiceCd=320&Type=search" }, "geometry": { "type": "Point", "coordinates": [ 139.3921997, 35.4845295 ] } },
{ "type": "Feature", "properties": { "内容": "愛の家グループホーム座間西栗原【認知症対応型共同生活介護】神奈川県座間市西栗原2-15-58", "url2": "https://www.kaigokensaku.mhlw.go.jp/14/index.php?action_kouhyou_detail_004_kani=true&JigyosyoCd=1494100082-00&ServiceCd=320&Type=search" }, "geometry": { "type": "Point", "coordinates": [ 139.408873500000027, 35.472873 ] } },
{ "type": "Feature", "properties": { "内容": "花物語ざま【認知症対応型共同生活介護】神奈川県座間市南栗原4-30-40花物語ざま", "url2": "https://www.kaigokensaku.mhlw.go.jp/14/index.php?action_kouhyou_detail_004_kani=true&JigyosyoCd=1494100132-00&ServiceCd=320&Type=search" }, "geometry": { "type": "Point", "coordinates": [ 139.419922600000064, 35.46926 ] } },
{ "type": "Feature", "properties": { "内容": "グループホーム小松原【認知症対応型共同生活介護】神奈川県座間市小松原1－28－14", "url2": "https://www.kaigokensaku.mhlw.go.jp/14/index.php?action_kouhyou_detail_004_kani=true&JigyosyoCd=1494100199-00&ServiceCd=320&Type=search" }, "geometry": { "type": "Point", "coordinates": [ 139.429702899999938, 35.4964745 ] } },
{ "type": "Feature", "properties": { "内容": "はなまるホーム座間【認知症対応型共同生活介護】神奈川県座間市入谷東4-10-2", "url2": "https://www.kaigokensaku.mhlw.go.jp/14/index.php?action_kouhyou_detail_004_kani=true&JigyosyoCd=1494100215-00&ServiceCd=320&Type=search" }, "geometry": { "type": "Point", "coordinates": [ 139.407332599999989, 35.477223 ] } },
{ "type": "Feature", "properties": { "内容": "グループホーム四季の丘【認知症対応型共同生活介護】神奈川県南足柄市岩原６９７－１", "url2": "https://www.kaigokensaku.mhlw.go.jp/14/index.php?action_kouhyou_detail_004_kani=true&JigyosyoCd=1474300199-00&ServiceCd=320&Type=search" }, "geometry": { "type": "Point", "coordinates": [ 139.124956405294711, 35.294797695629477 ] } },
{ "type": "Feature", "properties": { "内容": "グループホーム　和らぎ【認知症対応型共同生活介護】神奈川県南足柄市和田河原475-1", "url2": "https://www.kaigokensaku.mhlw.go.jp/14/index.php?action_kouhyou_detail_004_kani=true&JigyosyoCd=1494300054-00&ServiceCd=320&Type=search" }, "geometry": { "type": "Point", "coordinates": [ 139.123045, 35.3161388 ] } },
{ "type": "Feature", "properties": { "内容": "グループホームすいふようの郷【認知症対応型共同生活介護】神奈川県南足柄市関本707", "url2": "https://www.kaigokensaku.mhlw.go.jp/14/index.php?action_kouhyou_detail_004_kani=true&JigyosyoCd=1494300195-00&ServiceCd=320&Type=search" }, "geometry": { "type": "Point", "coordinates": [ 139.1058003, 35.3174984 ] } },
{ "type": "Feature", "properties": { "内容": "ニチイケアセンター綾瀬寺尾【認知症対応型共同生活介護】神奈川県綾瀬市寺尾北２－１７－３１－２", "url2": "https://www.kaigokensaku.mhlw.go.jp/14/index.php?action_kouhyou_detail_004_kani=true&JigyosyoCd=1494400029-00&ServiceCd=320&Type=search" }, "geometry": { "type": "Point", "coordinates": [ 139.4206226, 35.4670242 ] } },
{ "type": "Feature", "properties": { "内容": "医療法人社団　慈広会　グループホーム楓【認知症対応型共同生活介護】神奈川県綾瀬市深谷中３－１２－１５", "url2": "https://www.kaigokensaku.mhlw.go.jp/14/index.php?action_kouhyou_detail_004_kani=true&JigyosyoCd=1494400110-00&ServiceCd=320&Type=search" }, "geometry": { "type": "Point", "coordinates": [ 139.4360499969589, 35.431924187138684 ] } },
{ "type": "Feature", "properties": { "内容": "グループホーム　すずの家【認知症対応型共同生活介護】神奈川県綾瀬市落合南２－１－５", "url2": "https://www.kaigokensaku.mhlw.go.jp/14/index.php?action_kouhyou_detail_004_kani=true&JigyosyoCd=1494400128-00&ServiceCd=320&Type=search" }, "geometry": { "type": "Point", "coordinates": [ 139.43509210000002, 35.417525200000021 ] } },
{ "type": "Feature", "properties": { "内容": "グループホーム若葉【認知症対応型共同生活介護】神奈川県綾瀬市落合北6-8-4", "url2": "https://www.kaigokensaku.mhlw.go.jp/14/index.php?action_kouhyou_detail_004_kani=true&JigyosyoCd=1494400144-00&ServiceCd=320&Type=search" }, "geometry": { "type": "Point", "coordinates": [ 139.436784452778625, 35.426113011616131 ] } },
{ "type": "Feature", "properties": { "内容": "花物語あやせ【認知症対応型共同生活介護】神奈川県綾瀬市上土棚北3丁目25-21", "url2": "https://www.kaigokensaku.mhlw.go.jp/14/index.php?action_kouhyou_detail_004_kani=true&JigyosyoCd=1494400177-00&ServiceCd=320&Type=search" }, "geometry": { "type": "Point", "coordinates": [ 139.4461346, 35.4206805 ] } },
{ "type": "Feature", "properties": { "内容": "愛の家グループホーム綾瀬小園【認知症対応型共同生活介護】神奈川県綾瀬市小園320-2愛の家グループホーム綾瀬小園", "url2": "https://www.kaigokensaku.mhlw.go.jp/14/index.php?action_kouhyou_detail_004_kani=true&JigyosyoCd=1494400045-00&ServiceCd=320&Type=search" }, "geometry": { "type": "Point", "coordinates": [ 139.410784899999953, 35.4527202 ] } },
{ "type": "Feature", "properties": { "内容": "グループホーム　葉山の里【認知症対応型共同生活介護】神奈川県三浦郡葉山町長柄253-1", "url2": "https://www.kaigokensaku.mhlw.go.jp/14/index.php?action_kouhyou_detail_004_kani=true&JigyosyoCd=1471100139-00&ServiceCd=320&Type=search" }, "geometry": { "type": "Point", "coordinates": [ 139.578669699999978, 35.280835 ] } },
{ "type": "Feature", "properties": { "内容": "グループホーム　寒川かえで園【認知症対応型共同生活介護】神奈川県高座郡寒川町一之宮　９丁目２５番４７号グループホーム寒川かえで園", "url2": "https://www.kaigokensaku.mhlw.go.jp/14/index.php?action_kouhyou_detail_004_kani=true&JigyosyoCd=1491200018-00&ServiceCd=320&Type=search" }, "geometry": { "type": "Point", "coordinates": [ 139.390055061901904, 35.359585088501149 ] } },
{ "type": "Feature", "properties": { "内容": "花物語さむかわ【認知症対応型共同生活介護】神奈川県高座郡寒川町岡田7-3-3こすもすの郷1階2階", "url2": "https://www.kaigokensaku.mhlw.go.jp/14/index.php?action_kouhyou_detail_004_kani=true&JigyosyoCd=1491200067-00&ServiceCd=320&Type=search" }, "geometry": { "type": "Point", "coordinates": [ 139.396846399999987, 35.3752598 ] } },
{ "type": "Feature", "properties": { "内容": "グループホーム悠悠苑大磯事業所【認知症対応型共同生活介護】神奈川県中郡大磯町高麗2-19-18", "url2": "https://www.kaigokensaku.mhlw.go.jp/14/index.php?action_kouhyou_detail_004_kani=true&JigyosyoCd=1471300382-00&ServiceCd=320&Type=search" }, "geometry": { "type": "Point", "coordinates": [ 139.327546413491859, 35.323724449789019 ] } },
{ "type": "Feature", "properties": { "内容": "りんどうグループホーム【認知症対応型共同生活介護】神奈川県中郡大磯町国府本郷87りんどうケアタウン大磯", "url2": "https://www.kaigokensaku.mhlw.go.jp/14/index.php?action_kouhyou_detail_004_kani=true&JigyosyoCd=1491300040-00&ServiceCd=320&Type=search" }, "geometry": { "type": "Point", "coordinates": [ 139.282308238098153, 35.30257128151225 ] } },
{ "type": "Feature", "properties": { "内容": "花物語おおいそ【認知症対応型共同生活介護】神奈川県中郡大磯町国府本郷1194-1花物語おおいそ", "url2": "https://www.kaigokensaku.mhlw.go.jp/14/index.php?action_kouhyou_detail_004_kani=true&JigyosyoCd=1491300107-00&ServiceCd=320&Type=search" }, "geometry": { "type": "Point", "coordinates": [ 139.2855293, 35.3089737 ] } },
{ "type": "Feature", "properties": { "内容": "グループホームはなの家【認知症対応型共同生活介護】神奈川県中郡二宮町二宮４９０－１", "url2": "https://www.kaigokensaku.mhlw.go.jp/14/index.php?action_kouhyou_detail_004_kani=true&JigyosyoCd=1471300424-00&ServiceCd=320&Type=search" }, "geometry": { "type": "Point", "coordinates": [ 139.263726600000041, 35.3008719 ] } },
{ "type": "Feature", "properties": { "内容": "花物語にのみや【認知症対応型共同生活介護】神奈川県中郡二宮町川匂177-1", "url2": "https://www.kaigokensaku.mhlw.go.jp/14/index.php?action_kouhyou_detail_004_kani=true&JigyosyoCd=1491300099-00&ServiceCd=320&Type=search" }, "geometry": { "type": "Point", "coordinates": [ 139.238791099999958, 35.2943807 ] } },
{ "type": "Feature", "properties": { "内容": "グループホーム　はなの里【認知症対応型共同生活介護】神奈川県足柄上郡中井町北田414", "url2": "https://www.kaigokensaku.mhlw.go.jp/14/index.php?action_kouhyou_detail_004_kani=true&JigyosyoCd=1491400097-00&ServiceCd=320&Type=search" }, "geometry": { "type": "Point", "coordinates": [ 139.222659799999974, 35.3196773 ] } },
{ "type": "Feature", "properties": { "内容": "セントケアホームあしがら【認知症対応型共同生活介護】神奈川県足柄上郡松田町松田庶子373-1", "url2": "https://www.kaigokensaku.mhlw.go.jp/14/index.php?action_kouhyou_detail_004_kani=true&JigyosyoCd=1491400055-00&ServiceCd=320&Type=search" }, "geometry": { "type": "Point", "coordinates": [ 139.132850800000028, 35.3497174 ] } },
{ "type": "Feature", "properties": { "内容": "グループホーム　みやまの里【認知症対応型共同生活介護】神奈川県足柄上郡松田町寄４１６５", "url2": "https://www.kaigokensaku.mhlw.go.jp/14/index.php?action_kouhyou_detail_004_kani=true&JigyosyoCd=1471400182-00&ServiceCd=320&Type=search" }, "geometry": { "type": "Point", "coordinates": [ 139.13674709999998, 35.4075371 ] } },
{ "type": "Feature", "properties": { "内容": "グループホームやまきた【認知症対応型共同生活介護】神奈川県足柄上郡山北町山北785", "url2": "https://www.kaigokensaku.mhlw.go.jp/14/index.php?action_kouhyou_detail_004_kani=true&JigyosyoCd=1471400372-00&ServiceCd=320&Type=search" }, "geometry": { "type": "Point", "coordinates": [ 139.089155399999981, 35.3592692 ] } },
{ "type": "Feature", "properties": { "内容": "バーデンライフ山北【認知症対応型共同生活介護】神奈川県足柄上郡山北町山北２０２番地", "url2": "https://www.kaigokensaku.mhlw.go.jp/14/index.php?action_kouhyou_detail_004_kani=true&JigyosyoCd=1471400380-00&ServiceCd=320&Type=search" }, "geometry": { "type": "Point", "coordinates": [ 139.089899699999933, 35.3624937 ] } },
{ "type": "Feature", "properties": { "内容": "グループホーム　アミーゴ【認知症対応型共同生活介護】神奈川県足柄上郡山北町山北　1861-1", "url2": "https://www.kaigokensaku.mhlw.go.jp/14/index.php?action_kouhyou_detail_004_kani=true&JigyosyoCd=1491400071-00&ServiceCd=320&Type=search" }, "geometry": { "type": "Point", "coordinates": [ 139.078667699999983, 35.3617213 ] } },
{ "type": "Feature", "properties": { "内容": "グループホーム　大和【認知症対応型共同生活介護】神奈川県足柄上郡開成町吉田島4454番地3", "url2": "https://www.kaigokensaku.mhlw.go.jp/14/index.php?action_kouhyou_detail_004_kani=true&JigyosyoCd=1491400030-00&ServiceCd=320&Type=search" }, "geometry": { "type": "Point", "coordinates": [ 139.134026899999981, 35.3234297 ] } },
{ "type": "Feature", "properties": { "内容": "グループホーム　はなの路【認知症対応型共同生活介護】神奈川県足柄上郡開成町延沢685-1", "url2": "https://www.kaigokensaku.mhlw.go.jp/14/index.php?action_kouhyou_detail_004_kani=true&JigyosyoCd=1491400048-00&ServiceCd=320&Type=search" }, "geometry": { "type": "Point", "coordinates": [ 139.120438499999977, 35.3367244 ] } },
{ "type": "Feature", "properties": { "内容": "グループホーム泉の郷　仙石原【認知症対応型共同生活介護】神奈川県足柄下郡箱根町仙石原１２８５－３６８", "url2": "https://www.kaigokensaku.mhlw.go.jp/14/index.php?action_kouhyou_detail_004_kani=true&JigyosyoCd=1471500304-00&ServiceCd=320&Type=search" }, "geometry": { "type": "Point", "coordinates": [ 139.0211766, 35.2632369 ] } },
{ "type": "Feature", "properties": { "内容": "花物語まなづる【認知症対応型共同生活介護】神奈川県足柄下郡真鶴町岩779-4", "url2": "https://www.kaigokensaku.mhlw.go.jp/14/index.php?action_kouhyou_detail_004_kani=true&JigyosyoCd=1491500144-00&ServiceCd=320&Type=search" }, "geometry": { "type": "Point", "coordinates": [ 139.1356619, 35.1670992 ] } },
{ "type": "Feature", "properties": { "内容": "ツクイ湯河原グループホーム【認知症対応型共同生活介護】神奈川県足柄下郡湯河原町福浦220-1", "url2": "https://www.kaigokensaku.mhlw.go.jp/14/index.php?action_kouhyou_detail_004_kani=true&JigyosyoCd=1491500029-00&ServiceCd=320&Type=search" }, "geometry": { "type": "Point", "coordinates": [ 139.1315922, 35.1547343 ] } },
{ "type": "Feature", "properties": { "内容": "ミモザ湯河原温々【認知症対応型共同生活介護】神奈川県足柄下郡湯河原町中央二丁目８－３", "url2": "https://www.kaigokensaku.mhlw.go.jp/14/index.php?action_kouhyou_detail_004_kani=true&JigyosyoCd=1491500060-00&ServiceCd=320&Type=search" }, "geometry": { "type": "Point", "coordinates": [ 139.109537001543458, 35.148549754638111 ] } },
{ "type": "Feature", "properties": { "内容": "湯河原温泉ケアセンターそよ風【認知症対応型共同生活介護】神奈川県足柄下郡湯河原町宮上771-24", "url2": "https://www.kaigokensaku.mhlw.go.jp/14/index.php?action_kouhyou_detail_004_kani=true&JigyosyoCd=1471500320-00&ServiceCd=320&Type=search" }, "geometry": { "type": "Point", "coordinates": [ 139.067823099999941, 35.1449043 ] } },
{ "type": "Feature", "properties": { "内容": "医療法人　聖和会　グループホームさくら愛川【認知症対応型共同生活介護】神奈川県愛甲郡愛川町半原３４０番地", "url2": "https://www.kaigokensaku.mhlw.go.jp/14/index.php?action_kouhyou_detail_004_kani=true&JigyosyoCd=1491600019-00&ServiceCd=320&Type=search" }, "geometry": { "type": "Point", "coordinates": [ 139.280531099999962, 35.5331444 ] } },
{ "type": "Feature", "properties": { "内容": "グループホーム　あいかわ【認知症対応型共同生活介護】神奈川県愛甲郡愛川町中津2328", "url2": "https://www.kaigokensaku.mhlw.go.jp/14/index.php?action_kouhyou_detail_004_kani=true&JigyosyoCd=1491600027-00&ServiceCd=320&Type=search" }, "geometry": { "type": "Point", "coordinates": [ 139.341768265334281, 35.528401033281646 ] } },
{ "type": "Feature", "properties": { "内容": "KCCグループホーム【認知症対応型共同生活介護】神奈川県愛甲郡春日台3ｰ6ｰ38春日台センターセンター", "url2": "https://www.kaigokensaku.mhlw.go.jp/14/index.php?action_kouhyou_detail_004_kani=true&JigyosyoCd=1491600092-00&ServiceCd=320&Type=search" }, "geometry": { "type": "Point", "coordinates": [ 139.3328999, 35.5242916 ] } },
{ "type": "Feature", "properties": { "内容": "花物語きよかわ【認知症対応型共同生活介護】神奈川県愛甲郡清川村煤ヶ谷17-1", "url2": "https://www.kaigokensaku.mhlw.go.jp/14/index.php?action_kouhyou_detail_004_kani=true&JigyosyoCd=1491600076-00&ServiceCd=320&Type=search" }, "geometry": { "type": "Point", "coordinates": [ 139.2944219, 35.4789457 ] } }
]
}
