{
"type": "FeatureCollection",
"name": "geo_14_居宅介護支援",
"crs": { "type": "name", "properties": { "name": "urn:ogc:def:crs:OGC:1.3:CRS84" } },
"features": [
{ "type": "Feature", "properties": { "内容": "えがお居宅介護支援事業所【居宅介護支援】神奈川県横浜市鶴見区生麦4-25-17ビラメープル", "url": "https://www.kaigokensaku.mhlw.go.jp/14/index.php?action_kouhyou_detail_004_kani=true&JigyosyoCd=1470102326-00&ServiceCd=430&Type=search", "url2": "http://hp.kaipoke.biz/hd2/link.html" }, "geometry": { "type": "Point", "coordinates": [ 139.672002099999986, 35.4954522 ] } },
{ "type": "Feature", "properties": { "内容": "ケアプラン　どれみ【居宅介護支援】神奈川県横浜市鶴見区北寺尾1-19-20ヒルトップ寺尾203号室", "url": "https://www.kaigokensaku.mhlw.go.jp/14/index.php?action_kouhyou_detail_004_kani=true&JigyosyoCd=1470104264-00&ServiceCd=430&Type=search", "url2": null }, "geometry": { "type": "Point", "coordinates": [ 139.6614775, 35.515107 ] } },
{ "type": "Feature", "properties": { "内容": "平和会　在宅支援センターひなたぼっこ【居宅介護支援】神奈川県横浜市鶴見区東寺尾中台30-2清和寮1階", "url": "https://www.kaigokensaku.mhlw.go.jp/14/index.php?action_kouhyou_detail_004_kani=true&JigyosyoCd=1460190066-00&ServiceCd=430&Type=search", "url2": "http://www.heiwakai.com/institution/institution1.html" }, "geometry": { "type": "Point", "coordinates": [ 139.664230797344999, 35.506720668239687 ] } },
{ "type": "Feature", "properties": { "内容": "鶴見区医師会介護支援ステーション【居宅介護支援】神奈川県横浜市鶴見区鶴見中央３－４－２２鶴見区休日急患診療所　3階", "url": "https://www.kaigokensaku.mhlw.go.jp/14/index.php?action_kouhyou_detail_004_kani=true&JigyosyoCd=1470100049-00&ServiceCd=430&Type=search", "url2": "https://www.sawayaka-tsurumi.jp/homecare.html" }, "geometry": { "type": "Point", "coordinates": [ 139.68339745585024, 35.510742219426504 ] } },
{ "type": "Feature", "properties": { "内容": "やまゆりホ－ム【居宅介護支援】神奈川県横浜市鶴見区獅子ケ谷二丁目１５番１８号", "url": "https://www.kaigokensaku.mhlw.go.jp/14/index.php?action_kouhyou_detail_004_kani=true&JigyosyoCd=1470100056-00&ServiceCd=430&Type=search", "url2": "http://www.y-kakuseikai.or.jp/yamayuri_top/yamayuri_jigyou/yamayuri_kyotaku/" }, "geometry": { "type": "Point", "coordinates": [ 139.648675700000013, 35.5204273 ] } },
{ "type": "Feature", "properties": { "内容": "横浜市潮田地域ケアプラザ【居宅介護支援】神奈川県横浜市鶴見区本町通4-171-23潮田交流プラザ内", "url": "https://www.kaigokensaku.mhlw.go.jp/14/index.php?action_kouhyou_detail_004_kani=true&JigyosyoCd=1470100064-00&ServiceCd=430&Type=search", "url2": "https://www.yokohamashakyo.jp/ushioda/index.html" }, "geometry": { "type": "Point", "coordinates": [ 139.6850703, 35.5003575 ] } },
{ "type": "Feature", "properties": { "内容": "横浜市矢向地域ケアプラザ【居宅介護支援】神奈川県横浜市鶴見区矢向４－３２－１１", "url": "https://www.kaigokensaku.mhlw.go.jp/14/index.php?action_kouhyou_detail_004_kani=true&JigyosyoCd=1470100072-00&ServiceCd=430&Type=search", "url2": "http://www.hama-wel.or.jp" }, "geometry": { "type": "Point", "coordinates": [ 139.6825083, 35.5363024 ] } },
{ "type": "Feature", "properties": { "内容": "有限会社　ひかりケアサービス【居宅介護支援】神奈川県横浜市鶴見区豊岡町35-2パールコート鶴見2階", "url": "https://www.kaigokensaku.mhlw.go.jp/14/index.php?action_kouhyou_detail_004_kani=true&JigyosyoCd=1470100122-00&ServiceCd=430&Type=search", "url2": "http://www.hikari-care.com/business/caremanage01.html" }, "geometry": { "type": "Point", "coordinates": [ 139.674259119078442, 35.512268892367885 ] } },
{ "type": "Feature", "properties": { "内容": "笹島ケアプラン【居宅介護支援】神奈川県横浜市鶴見区市場富士見町9番35号笹島ビル1階", "url": "https://www.kaigokensaku.mhlw.go.jp/14/index.php?action_kouhyou_detail_004_kani=true&JigyosyoCd=1470100163-00&ServiceCd=430&Type=search", "url2": "http://www.sasajima.co.jp/" }, "geometry": { "type": "Point", "coordinates": [ 139.689569300000016, 35.5174717 ] } },
{ "type": "Feature", "properties": { "内容": "横浜市東寺尾地域ケアプラザ【居宅介護支援】神奈川県横浜市鶴見区東寺尾１－１２－３", "url": "https://www.kaigokensaku.mhlw.go.jp/14/index.php?action_kouhyou_detail_004_kani=true&JigyosyoCd=1470100510-00&ServiceCd=430&Type=search", "url2": "http://www.higashiterao-cp.wakatake.net" }, "geometry": { "type": "Point", "coordinates": [ 139.647145799999947, 35.5024848 ] } },
{ "type": "Feature", "properties": { "内容": "横浜市駒岡地域ケアプラザ【居宅介護支援】神奈川県横浜市鶴見区駒岡4-28-5", "url": "https://www.kaigokensaku.mhlw.go.jp/14/index.php?action_kouhyou_detail_004_kani=true&JigyosyoCd=1470100593-00&ServiceCd=430&Type=search", "url2": "http://www.y-kakuseikai.or.jp/kococp/" }, "geometry": { "type": "Point", "coordinates": [ 139.654047100000071, 35.532101 ] } },
{ "type": "Feature", "properties": { "内容": "有限会社　駒岡介護ステーション【居宅介護支援】神奈川県横浜市鶴見区駒岡４－１６－４８アミューズB101", "url": "https://www.kaigokensaku.mhlw.go.jp/14/index.php?action_kouhyou_detail_004_kani=true&JigyosyoCd=1470100726-00&ServiceCd=430&Type=search", "url2": null }, "geometry": { "type": "Point", "coordinates": [ 139.656607799999961, 35.5365587 ] } },
{ "type": "Feature", "properties": { "内容": "野いちごケアセンター【居宅介護支援】神奈川県横浜市鶴見区本町通2-85-2ﾆｯｸﾊｲﾑ鶴見第6-101", "url": "https://www.kaigokensaku.mhlw.go.jp/14/index.php?action_kouhyou_detail_004_kani=true&JigyosyoCd=1470100916-00&ServiceCd=430&Type=search", "url2": "http://noichigo.co.jp" }, "geometry": { "type": "Point", "coordinates": [ 139.682689500000038, 35.5019256 ] } },
{ "type": "Feature", "properties": { "内容": "エリヤ【居宅介護支援】神奈川県横浜市鶴見区獅子ケ谷１－５６－１２", "url": "https://www.kaigokensaku.mhlw.go.jp/14/index.php?action_kouhyou_detail_004_kani=true&JigyosyoCd=1470101054-00&ServiceCd=430&Type=search", "url2": "http://eriya-kaigo.ciao.jp" }, "geometry": { "type": "Point", "coordinates": [ 139.6542002, 35.5203163 ] } },
{ "type": "Feature", "properties": { "内容": "銀河の詩介護保険センター【居宅介護支援】神奈川県横浜市鶴見区鶴見中央4-32-1UNEXビル801", "url": "https://www.kaigokensaku.mhlw.go.jp/14/index.php?action_kouhyou_detail_004_kani=true&JigyosyoCd=1470101088-00&ServiceCd=430&Type=search", "url2": "http://www.shuhokai.or.jp" }, "geometry": { "type": "Point", "coordinates": [ 139.680353479515134, 35.508034336803327 ] } },
{ "type": "Feature", "properties": { "内容": "居宅介護支援事業所あしほ【居宅介護支援】神奈川県横浜市鶴見区鶴見中央３－２１－３エミネンス鶴見中央ウィズ・ビー１０２", "url": "https://www.kaigokensaku.mhlw.go.jp/14/index.php?action_kouhyou_detail_004_kani=true&JigyosyoCd=1470101179-00&ServiceCd=430&Type=search", "url2": "http://www.ashiho.sakura.ne.jp/plan.html" }, "geometry": { "type": "Point", "coordinates": [ 139.68360171617735, 35.508391210616004 ] } },
{ "type": "Feature", "properties": { "内容": "アクセス　ケア【居宅介護支援】神奈川県横浜市鶴見区上末吉3-2-20", "url": "https://www.kaigokensaku.mhlw.go.jp/14/index.php?action_kouhyou_detail_004_kani=true&JigyosyoCd=1470101211-00&ServiceCd=430&Type=search", "url2": "https://access-care.jimdo.com/" }, "geometry": { "type": "Point", "coordinates": [ 139.6707735, 35.528951 ] } },
{ "type": "Feature", "properties": { "内容": "福寿の里ケアプランサービス【居宅介護支援】神奈川県横浜市鶴見区尻手2-4-21", "url": "https://www.kaigokensaku.mhlw.go.jp/14/index.php?action_kouhyou_detail_004_kani=true&JigyosyoCd=1470101344-00&ServiceCd=430&Type=search", "url2": null }, "geometry": { "type": "Point", "coordinates": [ 139.684705600000029, 35.5270537 ] } },
{ "type": "Feature", "properties": { "内容": "横浜市鶴見市場地域ケアプラザ　居宅介護支援事業所【居宅介護支援】神奈川県横浜市鶴見区市場下町11-5", "url": "https://www.kaigokensaku.mhlw.go.jp/14/index.php?action_kouhyou_detail_004_kani=true&JigyosyoCd=1470101369-00&ServiceCd=430&Type=search", "url2": "http://www.taiju.or.jp" }, "geometry": { "type": "Point", "coordinates": [ 139.68219220000006, 35.518218900000015 ] } },
{ "type": "Feature", "properties": { "内容": "横浜市鶴見中央地域ケアプラザ【居宅介護支援】神奈川県横浜市鶴見区鶴見中央１－２３－２６", "url": "https://www.kaigokensaku.mhlw.go.jp/14/index.php?action_kouhyou_detail_004_kani=true&JigyosyoCd=1470101583-00&ServiceCd=430&Type=search", "url2": "https://www.yokohamaymca.org/facility/tsurumi-care/" }, "geometry": { "type": "Point", "coordinates": [ 139.679676, 35.5091425 ] } },
{ "type": "Feature", "properties": { "内容": "葵【居宅介護支援】神奈川県横浜市鶴見区鶴見中央３－２－１横浜鶴見共同ビル３０１", "url": "https://www.kaigokensaku.mhlw.go.jp/14/index.php?action_kouhyou_detail_004_kani=true&JigyosyoCd=1470101609-00&ServiceCd=430&Type=search", "url2": "https://www.socius-mc.com" }, "geometry": { "type": "Point", "coordinates": [ 139.681420300000013, 35.5090369 ] } },
{ "type": "Feature", "properties": { "内容": "うしおだ介護支援センター【居宅介護支援】神奈川県横浜市鶴見区下野谷町4-163-1", "url": "https://www.kaigokensaku.mhlw.go.jp/14/index.php?action_kouhyou_detail_004_kani=true&JigyosyoCd=1470101674-00&ServiceCd=430&Type=search", "url2": "http://shafuku-ushioda.or.jp/" }, "geometry": { "type": "Point", "coordinates": [ 139.683425733204672, 35.498440438337447 ] } },
{ "type": "Feature", "properties": { "内容": "ふれあい鶴見居宅介護支援センター【居宅介護支援】神奈川県横浜市鶴見区東寺尾4-4-22", "url": "https://www.kaigokensaku.mhlw.go.jp/14/index.php?action_kouhyou_detail_004_kani=true&JigyosyoCd=1470101682-00&ServiceCd=430&Type=search", "url2": "http://www.fureai-g.or.jp/tsu/" }, "geometry": { "type": "Point", "coordinates": [ 139.658655899999985, 35.496244 ] } },
{ "type": "Feature", "properties": { "内容": "あまやどり【居宅介護支援】神奈川県横浜市鶴見区市場大和町6-13嶋崎ビル202", "url": "https://www.kaigokensaku.mhlw.go.jp/14/index.php?action_kouhyou_detail_004_kani=true&JigyosyoCd=1470102128-00&ServiceCd=430&Type=search", "url2": null }, "geometry": { "type": "Point", "coordinates": [ 139.6876112, 35.517938299999983 ] } },
{ "type": "Feature", "properties": { "内容": "横浜市生麦地域ケアプラザ【居宅介護支援】神奈川県横浜市鶴見区生麦4-6-4", "url": "https://www.kaigokensaku.mhlw.go.jp/14/index.php?action_kouhyou_detail_004_kani=true&JigyosyoCd=1470102243-00&ServiceCd=430&Type=search", "url2": "https://www.yokohamaymca.org" }, "geometry": { "type": "Point", "coordinates": [ 139.669635500000027, 35.4965051 ] } },
{ "type": "Feature", "properties": { "内容": "介護相談所　かがやき【居宅介護支援】神奈川県横浜市鶴見区平安町2-28-1ヨコハマアイランドガーデン162", "url": "https://www.kaigokensaku.mhlw.go.jp/14/index.php?action_kouhyou_detail_004_kani=true&JigyosyoCd=1470102805-00&ServiceCd=430&Type=search", "url2": "https://www.kyoumaru.co.jp/" }, "geometry": { "type": "Point", "coordinates": [ 139.693078211500506, 35.507746897505726 ] } },
{ "type": "Feature", "properties": { "内容": "横浜市福祉サービス協会　ケアマネステーションつるみ【居宅介護支援】神奈川県横浜市鶴見区鶴見中央1-28-2ニッコービル1階", "url": "https://www.kaigokensaku.mhlw.go.jp/14/index.php?action_kouhyou_detail_004_kani=true&JigyosyoCd=1470102961-00&ServiceCd=430&Type=search", "url2": "http://www.hama-wel.or.jp" }, "geometry": { "type": "Point", "coordinates": [ 139.678810819712794, 35.50859125954991 ] } },
{ "type": "Feature", "properties": { "内容": "横浜市馬場地域ケアプラザ介護保険センター【居宅介護支援】神奈川県横浜市鶴見区馬場7-11-23", "url": "https://www.kaigokensaku.mhlw.go.jp/14/index.php?action_kouhyou_detail_004_kani=true&JigyosyoCd=1470103043-00&ServiceCd=430&Type=search", "url2": "https://shuhokai.or.jp/office/tsurumi-ku/cm-baba.php" }, "geometry": { "type": "Point", "coordinates": [ 139.642541002377357, 35.508349711274967 ] } },
{ "type": "Feature", "properties": { "内容": "えにしあケアプラン【居宅介護支援】神奈川県横浜市鶴見区市場富士見町1-23サイトウビル1F", "url": "https://www.kaigokensaku.mhlw.go.jp/14/index.php?action_kouhyou_detail_004_kani=true&JigyosyoCd=1470103282-00&ServiceCd=430&Type=search", "url2": "http://www.enishia.jp/careplan.html" }, "geometry": { "type": "Point", "coordinates": [ 139.687889478337098, 35.515777692045646 ] } },
{ "type": "Feature", "properties": { "内容": "ケアステーションきらら鶴見居宅介護支援事業所【居宅介護支援】神奈川県横浜市鶴見区佃野町26-10吉川ビル1階", "url": "https://www.kaigokensaku.mhlw.go.jp/14/index.php?action_kouhyou_detail_004_kani=true&JigyosyoCd=1470103308-00&ServiceCd=430&Type=search", "url2": "https://www.starts-care.jp/kirara_tsurumi_cs_k/" }, "geometry": { "type": "Point", "coordinates": [ 139.6738292, 35.5151834 ] } },
{ "type": "Feature", "properties": { "内容": "かおる居宅介護支援事業所【居宅介護支援】神奈川県横浜市鶴見区潮田町2丁目113-8", "url": "https://www.kaigokensaku.mhlw.go.jp/14/index.php?action_kouhyou_detail_004_kani=true&JigyosyoCd=1470103332-00&ServiceCd=430&Type=search", "url2": null }, "geometry": { "type": "Point", "coordinates": [ 139.686445, 35.5038516 ] } },
{ "type": "Feature", "properties": { "内容": "うしおだケアサービス【居宅介護支援】神奈川県横浜市鶴見区矢向1-5-29うしおだ総合ケアセンタービル4F", "url": "https://www.kaigokensaku.mhlw.go.jp/14/index.php?action_kouhyou_detail_004_kani=true&JigyosyoCd=1470103340-00&ServiceCd=430&Type=search", "url2": "https://www.ushioda-care.jp/care/" }, "geometry": { "type": "Point", "coordinates": [ 139.678746149737549, 35.529015149880316 ] } },
{ "type": "Feature", "properties": { "内容": "福祉協会つるみ【居宅介護支援】神奈川県横浜市鶴見区豊岡町7-10パーライトビル8階", "url": "https://www.kaigokensaku.mhlw.go.jp/14/index.php?action_kouhyou_detail_004_kani=true&JigyosyoCd=1470103357-00&ServiceCd=430&Type=search", "url2": "https://home-help.jp" }, "geometry": { "type": "Point", "coordinates": [ 139.67447930000003, 35.5079538 ] } },
{ "type": "Feature", "properties": { "内容": "よりそい看護ケアセンター　居宅介護支援事業部【居宅介護支援】神奈川県横浜市鶴見区鶴見中央5-2-11アバンサーダ鶴見101", "url": "https://www.kaigokensaku.mhlw.go.jp/14/index.php?action_kouhyou_detail_004_kani=true&JigyosyoCd=1470103431-00&ServiceCd=430&Type=search", "url2": "http://www.yorisoi-kango.com/" }, "geometry": { "type": "Point", "coordinates": [ 139.67608697948458, 35.505261600141075 ] } },
{ "type": "Feature", "properties": { "内容": "ケアステーション　さいとう【居宅介護支援】神奈川県横浜市鶴見区寺谷1-3-40602", "url": "https://www.kaigokensaku.mhlw.go.jp/14/index.php?action_kouhyou_detail_004_kani=true&JigyosyoCd=1470103555-00&ServiceCd=430&Type=search", "url2": null }, "geometry": { "type": "Point", "coordinates": [ 139.671717199999989, 35.5107144 ] } },
{ "type": "Feature", "properties": { "内容": "フリージアケア【居宅介護支援】神奈川県横浜市鶴見区尻手2-7-12尻手ビル101", "url": "https://www.kaigokensaku.mhlw.go.jp/14/index.php?action_kouhyou_detail_004_kani=true&JigyosyoCd=1470103571-00&ServiceCd=430&Type=search", "url2": "https://www.big-advance.site/s/157/2849" }, "geometry": { "type": "Point", "coordinates": [ 139.684158866131582, 35.528750076282527 ] } },
{ "type": "Feature", "properties": { "内容": "ぴぃす【居宅介護支援】神奈川県横浜市鶴見区馬場四丁目21番30号", "url": "https://www.kaigokensaku.mhlw.go.jp/14/index.php?action_kouhyou_detail_004_kani=true&JigyosyoCd=1470103753-00&ServiceCd=430&Type=search", "url2": null }, "geometry": { "type": "Point", "coordinates": [ 139.656668, 35.5095376 ] } },
{ "type": "Feature", "properties": { "内容": "居宅介護支援センターひまわり畑【居宅介護支援】神奈川県横浜市鶴見区馬場３－１８－２２", "url": "https://www.kaigokensaku.mhlw.go.jp/14/index.php?action_kouhyou_detail_004_kani=true&JigyosyoCd=1470103779-00&ServiceCd=430&Type=search", "url2": null }, "geometry": { "type": "Point", "coordinates": [ 139.652642199999946, 35.5079208 ] } },
{ "type": "Feature", "properties": { "内容": "ももたろう居宅介護支援事業所【居宅介護支援】神奈川県横浜市鶴見区寺谷一丁目７番１３号寺谷ビル１F", "url": "https://www.kaigokensaku.mhlw.go.jp/14/index.php?action_kouhyou_detail_004_kani=true&JigyosyoCd=1470103787-00&ServiceCd=430&Type=search", "url2": "http://momotarou-kaigo.com" }, "geometry": { "type": "Point", "coordinates": [ 139.670401199999986, 35.5096734 ] } },
{ "type": "Feature", "properties": { "内容": "ツクイ横浜鶴見ケアプランセンター【居宅介護支援】神奈川県横浜市鶴見区鶴見中央３－２－１横浜鶴見共同ビル2階", "url": "https://www.kaigokensaku.mhlw.go.jp/14/index.php?action_kouhyou_detail_004_kani=true&JigyosyoCd=1470103860-00&ServiceCd=430&Type=search", "url2": "https://www.tsukui.net/home-care/2009/" }, "geometry": { "type": "Point", "coordinates": [ 139.681351799999987, 35.5090011 ] } },
{ "type": "Feature", "properties": { "内容": "あんしんケア鶴見【居宅介護支援】神奈川県横浜市鶴見区鶴見中央1-21-11ニックハイム鶴見渡辺ビル１F", "url": "https://www.kaigokensaku.mhlw.go.jp/14/index.php?action_kouhyou_detail_004_kani=true&JigyosyoCd=1470103993-00&ServiceCd=430&Type=search", "url2": "https://www.an-shin.co.jp/" }, "geometry": { "type": "Point", "coordinates": [ 139.679070007409649, 35.510022729266751 ] } },
{ "type": "Feature", "properties": { "内容": "サニーライフ東寺尾　居宅介護支援事業所【居宅介護支援】神奈川県横浜市鶴見区東寺尾6-2-1", "url": "https://www.kaigokensaku.mhlw.go.jp/14/index.php?action_kouhyou_detail_004_kani=true&JigyosyoCd=1470104041-00&ServiceCd=430&Type=search", "url2": "http://www.sunnylife-group.co.jp" }, "geometry": { "type": "Point", "coordinates": [ 139.660993, 35.5035725 ] } },
{ "type": "Feature", "properties": { "内容": "ケアマネステーション　サポート空【居宅介護支援】神奈川県横浜市鶴見区馬場二丁目18番10号", "url": "https://www.kaigokensaku.mhlw.go.jp/14/index.php?action_kouhyou_detail_004_kani=true&JigyosyoCd=1470104116-00&ServiceCd=430&Type=search", "url2": null }, "geometry": { "type": "Point", "coordinates": [ 139.6486964, 35.5095311 ] } },
{ "type": "Feature", "properties": { "内容": "有限会社　江ケ崎薬局【居宅介護支援】神奈川県横浜市鶴見区江ケ崎町20-23", "url": "https://www.kaigokensaku.mhlw.go.jp/14/index.php?action_kouhyou_detail_004_kani=true&JigyosyoCd=1440101154-00&ServiceCd=430&Type=search", "url2": "http://egasaki.com/kaigo.html" }, "geometry": { "type": "Point", "coordinates": [ 139.674086326545677, 35.535217487362473 ] } },
{ "type": "Feature", "properties": { "内容": "社会福祉法人　横浜市福祉サービス協会　新鶴見ホーム【居宅介護支援】神奈川県横浜市鶴見区江ケ崎町2番42号", "url": "https://www.kaigokensaku.mhlw.go.jp/14/index.php?action_kouhyou_detail_004_kani=true&JigyosyoCd=1470100353-00&ServiceCd=430&Type=search", "url2": "https://www.hama-wel.or.jp/branch/shinturumi/" }, "geometry": { "type": "Point", "coordinates": [ 139.67589780000003, 35.5353222 ] } },
{ "type": "Feature", "properties": { "内容": "ミザール居宅介護支援事業所【居宅介護支援】神奈川県横浜市鶴見区栄町通１－８－１２ミザール　フタバ1階", "url": "https://www.kaigokensaku.mhlw.go.jp/14/index.php?action_kouhyou_detail_004_kani=true&JigyosyoCd=1470100437-00&ServiceCd=430&Type=search", "url2": "https://www.miza-ru.co.jp" }, "geometry": { "type": "Point", "coordinates": [ 139.689631207409633, 35.508060905589737 ] } },
{ "type": "Feature", "properties": { "内容": "さんぜ居宅介護支援事業所【居宅介護支援】神奈川県横浜市鶴見区上末吉1-1-16", "url": "https://www.kaigokensaku.mhlw.go.jp/14/index.php?action_kouhyou_detail_004_kani=true&JigyosyoCd=1470101500-00&ServiceCd=430&Type=search", "url2": null }, "geometry": { "type": "Point", "coordinates": [ 139.668256217993672, 35.523984361104723 ] } },
{ "type": "Feature", "properties": { "内容": "介護の相談所　ひばり【居宅介護支援】神奈川県横浜市鶴見区生麦1-7-16ライオンズマンション生麦第3　102号室・103号室", "url": "https://www.kaigokensaku.mhlw.go.jp/14/index.php?action_kouhyou_detail_004_kani=true&JigyosyoCd=1470101849-00&ServiceCd=430&Type=search", "url2": "http://kaigo-hibari.com/service-homecare/" }, "geometry": { "type": "Point", "coordinates": [ 139.664908200000013, 35.4934332 ] } },
{ "type": "Feature", "properties": { "内容": "ケアサポートつるみ居宅介護支援事業所【居宅介護支援】神奈川県横浜市鶴見区駒岡2-14-20", "url": "https://www.kaigokensaku.mhlw.go.jp/14/index.php?action_kouhyou_detail_004_kani=true&JigyosyoCd=1470103712-00&ServiceCd=430&Type=search", "url2": "http://www.care-support.biz" }, "geometry": { "type": "Point", "coordinates": [ 139.6478993, 35.5298874 ] } },
{ "type": "Feature", "properties": { "内容": "無憂樹ケアステーション【居宅介護支援】神奈川県横浜市鶴見区東寺尾2-16-22", "url": "https://www.kaigokensaku.mhlw.go.jp/14/index.php?action_kouhyou_detail_004_kani=true&JigyosyoCd=1470100577-00&ServiceCd=430&Type=search", "url2": "http://www.muyujyu.com/carestation.html" }, "geometry": { "type": "Point", "coordinates": [ 139.6546717, 35.5047005 ] } },
{ "type": "Feature", "properties": { "内容": "ＮＰＯ法人ワーコレたすけあいつるみ【居宅介護支援】神奈川県横浜市鶴見区馬場2-12-21", "url": "https://www.kaigokensaku.mhlw.go.jp/14/index.php?action_kouhyou_detail_004_kani=true&JigyosyoCd=1470100767-00&ServiceCd=430&Type=search", "url2": "https://www.tasukeai-tsurumi.com/nursing-insurance" }, "geometry": { "type": "Point", "coordinates": [ 139.6523618, 35.5094064 ] } },
{ "type": "Feature", "properties": { "内容": "明日香居宅介護支援事業所【居宅介護支援】神奈川県横浜市鶴見区平安町２－４－２８", "url": "https://www.kaigokensaku.mhlw.go.jp/14/index.php?action_kouhyou_detail_004_kani=true&JigyosyoCd=1470101468-00&ServiceCd=430&Type=search", "url2": null }, "geometry": { "type": "Point", "coordinates": [ 139.691519299999982, 35.512889 ] } },
{ "type": "Feature", "properties": { "内容": "ニチイケアセンター鶴見中央【居宅介護支援】神奈川県横浜市鶴見区鶴見中央4-16-3トミヤビル7F", "url": "https://www.kaigokensaku.mhlw.go.jp/14/index.php?action_kouhyou_detail_004_kani=true&JigyosyoCd=1470101872-00&ServiceCd=430&Type=search", "url2": "https://www.nichiigakkan.co.jp/" }, "geometry": { "type": "Point", "coordinates": [ 139.678351199999952, 35.5067234 ] } },
{ "type": "Feature", "properties": { "内容": "クレイン在宅ケアセンター響橋【居宅介護支援】神奈川県横浜市鶴見区東寺尾6-41-7", "url": "https://www.kaigokensaku.mhlw.go.jp/14/index.php?action_kouhyou_detail_004_kani=true&JigyosyoCd=1470103167-00&ServiceCd=430&Type=search", "url2": "http://www.npo-crane.or.jp" }, "geometry": { "type": "Point", "coordinates": [ 139.6598361, 35.5123172 ] } },
{ "type": "Feature", "properties": { "内容": "オリーブの家【居宅介護支援】神奈川県横浜市鶴見区東寺尾6-33-24", "url": "https://www.kaigokensaku.mhlw.go.jp/14/index.php?action_kouhyou_detail_004_kani=true&JigyosyoCd=1470103183-00&ServiceCd=430&Type=search", "url2": "https://yotsubakai.jp/olive/about/#link32" }, "geometry": { "type": "Point", "coordinates": [ 139.662125080740253, 35.510975714662543 ] } },
{ "type": "Feature", "properties": { "内容": "陽だまりケア横浜矢向【居宅介護支援】神奈川県横浜市鶴見区矢向5-1-27矢向朝日ビル2階", "url": "https://www.kaigokensaku.mhlw.go.jp/14/index.php?action_kouhyou_detail_004_kani=true&JigyosyoCd=1470104181-00&ServiceCd=430&Type=search", "url2": "https://hidamari-inc.com" }, "geometry": { "type": "Point", "coordinates": [ 139.6829763, 35.5364398 ] } },
{ "type": "Feature", "properties": { "内容": "富士ライフケアネット株式会社鶴見あんしん館【居宅介護支援】神奈川県横浜市鶴見区豊岡町２６－２０ニッセイ鶴見ビル５F", "url": "https://www.kaigokensaku.mhlw.go.jp/14/index.php?action_kouhyou_detail_004_kani=true&JigyosyoCd=1470100908-00&ServiceCd=430&Type=search", "url2": null }, "geometry": { "type": "Point", "coordinates": [ 139.675914263368213, 35.512418451958986 ] } },
{ "type": "Feature", "properties": { "内容": "ハートプラス　ケアプラン鶴見【居宅介護支援】神奈川県横浜市鶴見区本町通2-85-2ニックハイム第6　104号室", "url": "https://www.kaigokensaku.mhlw.go.jp/14/index.php?action_kouhyou_detail_004_kani=true&JigyosyoCd=1470104298-00&ServiceCd=430&Type=search", "url2": null }, "geometry": { "type": "Point", "coordinates": [ 139.6829799, 35.5018262 ] } },
{ "type": "Feature", "properties": { "内容": "きずな介護相談【居宅介護支援】神奈川県横浜市鶴見区北寺尾6-26-5２階", "url": "https://www.kaigokensaku.mhlw.go.jp/14/index.php?action_kouhyou_detail_004_kani=true&JigyosyoCd=1470104314-00&ServiceCd=430&Type=search", "url2": null }, "geometry": { "type": "Point", "coordinates": [ 139.6468802, 35.5139349 ] } },
{ "type": "Feature", "properties": { "内容": "四季介護支援センター【居宅介護支援】神奈川県横浜市鶴見区市場東中町8-25", "url": "https://www.kaigokensaku.mhlw.go.jp/14/index.php?action_kouhyou_detail_004_kani=true&JigyosyoCd=1470104017-00&ServiceCd=430&Type=search", "url2": null }, "geometry": { "type": "Point", "coordinates": [ 139.6854084, 35.519322699999982 ] } },
{ "type": "Feature", "properties": { "内容": "クレイン在宅ケアセンター【居宅介護支援】神奈川県横浜市鶴見区下末吉2-12-15", "url": "https://www.kaigokensaku.mhlw.go.jp/14/index.php?action_kouhyou_detail_004_kani=true&JigyosyoCd=1470101021-00&ServiceCd=430&Type=search", "url2": "http://www.npo-crane.or.jp/" }, "geometry": { "type": "Point", "coordinates": [ 139.67281014113928, 35.520587934758034 ] } },
{ "type": "Feature", "properties": { "内容": "ケアステーションよつ葉【居宅介護支援】神奈川県横浜市鶴見区矢向六丁目6-1サクラス矢向２階", "url": "https://www.kaigokensaku.mhlw.go.jp/14/index.php?action_kouhyou_detail_004_kani=true&JigyosyoCd=1460190280-00&ServiceCd=430&Type=search", "url2": "https://kenshi-kai.jp/group/yotsuba.html" }, "geometry": { "type": "Point", "coordinates": [ 139.679513046353151, 35.538988135884765 ] } },
{ "type": "Feature", "properties": { "内容": "かりゆし居宅介護支援事業所【居宅介護支援】神奈川県横浜市神奈川区羽沢町1696-9", "url": "https://www.kaigokensaku.mhlw.go.jp/14/index.php?action_kouhyou_detail_004_kani=true&JigyosyoCd=1470202506-00&ServiceCd=430&Type=search", "url2": "http://kariyusi.yokohama/" }, "geometry": { "type": "Point", "coordinates": [ 139.58848260000002, 35.4866388 ] } },
{ "type": "Feature", "properties": { "内容": "大口訪問看護ステーション【居宅介護支援】神奈川県横浜市神奈川区入江2-19-1", "url": "https://www.kaigokensaku.mhlw.go.jp/14/index.php?action_kouhyou_detail_004_kani=true&JigyosyoCd=1460290056-00&ServiceCd=430&Type=search", "url2": "http://www.jikei-o.or.jp/hokanst/" }, "geometry": { "type": "Point", "coordinates": [ 139.6475298, 35.492266700000016 ] } },
{ "type": "Feature", "properties": { "内容": "若竹苑【居宅介護支援】神奈川県横浜市神奈川区羽沢町550番地1", "url": "https://www.kaigokensaku.mhlw.go.jp/14/index.php?action_kouhyou_detail_004_kani=true&JigyosyoCd=1470200013-00&ServiceCd=430&Type=search", "url2": "https://www.wakatake.net/category/facility/wakatakeen" }, "geometry": { "type": "Point", "coordinates": [ 139.5767558, 35.482663899999977 ] } },
{ "type": "Feature", "properties": { "内容": "横浜市反町地域ケアプラザ【居宅介護支援】神奈川県横浜市神奈川区反町1-11-2", "url": "https://www.kaigokensaku.mhlw.go.jp/14/index.php?action_kouhyou_detail_004_kani=true&JigyosyoCd=1470200039-00&ServiceCd=430&Type=search", "url2": "https://www.yokohamashakyo.jp/tanmachi/" }, "geometry": { "type": "Point", "coordinates": [ 139.627642, 35.4752457 ] } },
{ "type": "Feature", "properties": { "内容": "有限会社　神奈川ケア・サービス【居宅介護支援】神奈川県横浜市神奈川区西神奈川3-17-22", "url": "https://www.kaigokensaku.mhlw.go.jp/14/index.php?action_kouhyou_detail_004_kani=true&JigyosyoCd=1470200146-00&ServiceCd=430&Type=search", "url2": "http://www.kanagawa-care.com" }, "geometry": { "type": "Point", "coordinates": [ 139.627755900000011, 35.4854195 ] } },
{ "type": "Feature", "properties": { "内容": "神奈川区医師会居宅介護支援センター【居宅介護支援】神奈川県横浜市神奈川区反町1-8-4はーと友神奈川", "url": "https://www.kaigokensaku.mhlw.go.jp/14/index.php?action_kouhyou_detail_004_kani=true&JigyosyoCd=1470200161-00&ServiceCd=430&Type=search", "url2": "https://kanamed.net" }, "geometry": { "type": "Point", "coordinates": [ 139.628992115621912, 35.474533470098471 ] } },
{ "type": "Feature", "properties": { "内容": "ケアマネージメントセンター・クルー【居宅介護支援】神奈川県横浜市神奈川区台町１４－１５栄ビル１階", "url": "https://www.kaigokensaku.mhlw.go.jp/14/index.php?action_kouhyou_detail_004_kani=true&JigyosyoCd=1470200179-00&ServiceCd=430&Type=search", "url2": "http://www.crew.ne.jp" }, "geometry": { "type": "Point", "coordinates": [ 139.619123400000035, 35.470038 ] } },
{ "type": "Feature", "properties": { "内容": "横浜市福祉サービス協会　神奈川介護事務所【居宅介護支援】神奈川県横浜市神奈川区反町1-7-1US-1ビル７階", "url": "https://www.kaigokensaku.mhlw.go.jp/14/index.php?action_kouhyou_detail_004_kani=true&JigyosyoCd=1470200310-00&ServiceCd=430&Type=search", "url2": "http://www.hama-wel.or.jp" }, "geometry": { "type": "Point", "coordinates": [ 139.6284336, 35.4743002 ] } },
{ "type": "Feature", "properties": { "内容": "ケアサービスとまと【居宅介護支援】神奈川県横浜市神奈川区西神奈川3-11-1サライパーク203", "url": "https://www.kaigokensaku.mhlw.go.jp/14/index.php?action_kouhyou_detail_004_kani=true&JigyosyoCd=1470200534-00&ServiceCd=430&Type=search", "url2": "https://www.cstomato.com" }, "geometry": { "type": "Point", "coordinates": [ 139.627729358860734, 35.486774345260557 ] } },
{ "type": "Feature", "properties": { "内容": "居宅介護支援センター　けやき荘【居宅介護支援】神奈川県横浜市神奈川区菅田町1-1", "url": "https://www.kaigokensaku.mhlw.go.jp/14/index.php?action_kouhyou_detail_004_kani=true&JigyosyoCd=1470200567-00&ServiceCd=430&Type=search", "url2": "http://www.keyakisou.jp/2_service/index1.html" }, "geometry": { "type": "Point", "coordinates": [ 139.5740836, 35.4940597 ] } },
{ "type": "Feature", "properties": { "内容": "横浜介護支援センターライフ・フレンド【居宅介護支援】神奈川県横浜市神奈川区松ケ丘39番地7", "url": "https://www.kaigokensaku.mhlw.go.jp/14/index.php?action_kouhyou_detail_004_kani=true&JigyosyoCd=1470200625-00&ServiceCd=430&Type=search", "url2": "http://life-friend.biz-agora.com" }, "geometry": { "type": "Point", "coordinates": [ 139.619305165676138, 35.473189827387785 ] } },
{ "type": "Feature", "properties": { "内容": "エニィタイムプラン【居宅介護支援】神奈川県横浜市神奈川区六角橋１－１８－１８松本ビル２F", "url": "https://www.kaigokensaku.mhlw.go.jp/14/index.php?action_kouhyou_detail_004_kani=true&JigyosyoCd=1470201029-00&ServiceCd=430&Type=search", "url2": "https://anytime-at-all.co.jp/" }, "geometry": { "type": "Point", "coordinates": [ 139.6252922, 35.4887108 ] } },
{ "type": "Feature", "properties": { "内容": "ニチイケアセンター大口【居宅介護支援】神奈川県横浜市神奈川区大口通135-5", "url": "https://www.kaigokensaku.mhlw.go.jp/14/index.php?action_kouhyou_detail_004_kani=true&JigyosyoCd=1470201052-00&ServiceCd=430&Type=search", "url2": "http://www.nichiigakkan.co.jp" }, "geometry": { "type": "Point", "coordinates": [ 139.645879299999933, 35.491172 ] } },
{ "type": "Feature", "properties": { "内容": "居宅介護支援事業所　羽沢の家【居宅介護支援】神奈川県横浜市神奈川区羽沢町1602ハイツ1602-101", "url": "https://www.kaigokensaku.mhlw.go.jp/14/index.php?action_kouhyou_detail_004_kani=true&JigyosyoCd=1470201680-00&ServiceCd=430&Type=search", "url2": "https://hazawanoie.com/" }, "geometry": { "type": "Point", "coordinates": [ 139.591356220237685, 35.492625436837663 ] } },
{ "type": "Feature", "properties": { "内容": "椚の大樹介護保険センター【居宅介護支援】神奈川県横浜市神奈川区西神奈川１－９－２グレース竹和壱番館２階", "url": "https://www.kaigokensaku.mhlw.go.jp/14/index.php?action_kouhyou_detail_004_kani=true&JigyosyoCd=1470201714-00&ServiceCd=430&Type=search", "url2": "https://shuhokai.or.jp" }, "geometry": { "type": "Point", "coordinates": [ 139.630794398147628, 35.478958010823895 ] } },
{ "type": "Feature", "properties": { "内容": "横浜なでしこ介護支援センター【居宅介護支援】神奈川県横浜市神奈川区西寺尾一丁目14-19シティコープ西寺尾２Ｅ", "url": "https://www.kaigokensaku.mhlw.go.jp/14/index.php?action_kouhyou_detail_004_kani=true&JigyosyoCd=1470201763-00&ServiceCd=430&Type=search", "url2": null }, "geometry": { "type": "Point", "coordinates": [ 139.644816613491798, 35.50067623609894 ] } },
{ "type": "Feature", "properties": { "内容": "横浜市六角橋地域ケアプラザ【居宅介護支援】神奈川県横浜市神奈川区六角橋3-3-13山室八左衛門ビル", "url": "https://www.kaigokensaku.mhlw.go.jp/14/index.php?action_kouhyou_detail_004_kani=true&JigyosyoCd=1470201961-00&ServiceCd=430&Type=search", "url2": "https://rokkakubashi-cp.wakatake.net/" }, "geometry": { "type": "Point", "coordinates": [ 139.622475799999961, 35.4865554 ] } },
{ "type": "Feature", "properties": { "内容": "ケアマネジメントはな【居宅介護支援】神奈川県横浜市神奈川区三ツ沢中町１７－３５第２フジハイツ１０１", "url": "https://www.kaigokensaku.mhlw.go.jp/14/index.php?action_kouhyou_detail_004_kani=true&JigyosyoCd=1470202209-00&ServiceCd=430&Type=search", "url2": null }, "geometry": { "type": "Point", "coordinates": [ 139.609641199999942, 35.4784758 ] } },
{ "type": "Feature", "properties": { "内容": "ケアプランセンター　ラポール西寺尾【居宅介護支援】神奈川県横浜市神奈川区西寺尾３－２５－１９ラ・クラッセ西寺尾４０１号室", "url": "https://www.kaigokensaku.mhlw.go.jp/14/index.php?action_kouhyou_detail_004_kani=true&JigyosyoCd=1470202241-00&ServiceCd=430&Type=search", "url2": "http://www.rapport.or.jp" }, "geometry": { "type": "Point", "coordinates": [ 139.653700800000053, 35.49613 ] } },
{ "type": "Feature", "properties": { "内容": "新横浜リハビリテーション病院　居宅介護支援センター【居宅介護支援】神奈川県横浜市神奈川区菅田町2628-4", "url": "https://www.kaigokensaku.mhlw.go.jp/14/index.php?action_kouhyou_detail_004_kani=true&JigyosyoCd=1470202308-00&ServiceCd=430&Type=search", "url2": "http://www.syr-h.com" }, "geometry": { "type": "Point", "coordinates": [ 139.59715940000001, 35.4977235 ] } },
{ "type": "Feature", "properties": { "内容": "ゆたかなビレッジ　ケアマネジメント【居宅介護支援】神奈川県横浜市神奈川区松本町3－27－5坂口ビル２０1", "url": "https://www.kaigokensaku.mhlw.go.jp/14/index.php?action_kouhyou_detail_004_kani=true&JigyosyoCd=1470202316-00&ServiceCd=430&Type=search", "url2": "http://yutakanamura.com/" }, "geometry": { "type": "Point", "coordinates": [ 139.620469058474782, 35.476486632588085 ] } },
{ "type": "Feature", "properties": { "内容": "Myクリニック居宅介護支援事業所【居宅介護支援】神奈川県横浜市神奈川区六角橋4丁目1番1号", "url": "https://www.kaigokensaku.mhlw.go.jp/14/index.php?action_kouhyou_detail_004_kani=true&JigyosyoCd=1470202852-00&ServiceCd=430&Type=search", "url2": "http://www.myc-kambeiin.com/houmon/" }, "geometry": { "type": "Point", "coordinates": [ 139.619330499999933, 35.4866729 ] } },
{ "type": "Feature", "properties": { "内容": "福祉クラブ生協オプティ神奈川【居宅介護支援】神奈川県横浜市神奈川区菅田町1781-1リアンかながわ", "url": "https://www.kaigokensaku.mhlw.go.jp/14/index.php?action_kouhyou_detail_004_kani=true&JigyosyoCd=1470202902-00&ServiceCd=430&Type=search", "url2": "https://www.fukushi-club.net/" }, "geometry": { "type": "Point", "coordinates": [ 139.5893488917377, 35.500926069092131 ] } },
{ "type": "Feature", "properties": { "内容": "居宅介護支援事業所しんあい【居宅介護支援】神奈川県横浜市神奈川区菅田町1122", "url": "https://www.kaigokensaku.mhlw.go.jp/14/index.php?action_kouhyou_detail_004_kani=true&JigyosyoCd=1470202928-00&ServiceCd=430&Type=search", "url2": null }, "geometry": { "type": "Point", "coordinates": [ 139.581680300000016, 35.4972095 ] } },
{ "type": "Feature", "properties": { "内容": "らいむ訪問看護ステーション　居宅介護支援事業所【居宅介護支援】神奈川県横浜市神奈川区青木町1-10ステラレジデンス横浜206号室", "url": "https://www.kaigokensaku.mhlw.go.jp/14/index.php?action_kouhyou_detail_004_kani=true&JigyosyoCd=1470203082-00&ServiceCd=430&Type=search", "url2": "https://www.raimu-kango.com" }, "geometry": { "type": "Point", "coordinates": [ 139.6279958, 35.4703506 ] } },
{ "type": "Feature", "properties": { "内容": "ひだまり＋【居宅介護支援】神奈川県横浜市神奈川区六角橋2-30-2スペースひだまり", "url": "https://www.kaigokensaku.mhlw.go.jp/14/index.php?action_kouhyou_detail_004_kani=true&JigyosyoCd=1470203140-00&ServiceCd=430&Type=search", "url2": null }, "geometry": { "type": "Point", "coordinates": [ 139.6219199, 35.4890421 ] } },
{ "type": "Feature", "properties": { "内容": "いきいきケアステーション【居宅介護支援】神奈川県横浜市神奈川区広台太田町2-4", "url": "https://www.kaigokensaku.mhlw.go.jp/14/index.php?action_kouhyou_detail_004_kani=true&JigyosyoCd=1470203157-00&ServiceCd=430&Type=search", "url2": "https://te-te.co.jp/" }, "geometry": { "type": "Point", "coordinates": [ 139.6289515, 35.4779196 ] } },
{ "type": "Feature", "properties": { "内容": "万陽ケアセンター　居宅介護支援【居宅介護支援】神奈川県横浜市神奈川区神奈川２－１７－１ルピナス東神奈川７０２号室", "url": "https://www.kaigokensaku.mhlw.go.jp/14/index.php?action_kouhyou_detail_004_kani=true&JigyosyoCd=1470203249-00&ServiceCd=430&Type=search", "url2": null }, "geometry": { "type": "Point", "coordinates": [ 139.633868, 35.474563 ] } },
{ "type": "Feature", "properties": { "内容": "Ａ-Smile横浜ケアプランセンター【居宅介護支援】神奈川県横浜市神奈川区台町8‐14ベイシティ滝川301", "url": "https://www.kaigokensaku.mhlw.go.jp/14/index.php?action_kouhyou_detail_004_kani=true&JigyosyoCd=1470402296-00&ServiceCd=430&Type=search", "url2": "https://akarie.co.jp/" }, "geometry": { "type": "Point", "coordinates": [ 139.6246367, 35.4703018 ] } },
{ "type": "Feature", "properties": { "内容": "ＧＣＩケアリング芍薬【居宅介護支援】神奈川県横浜市神奈川区三ツ沢下町6-16", "url": "https://www.kaigokensaku.mhlw.go.jp/14/index.php?action_kouhyou_detail_004_kani=true&JigyosyoCd=1473801908-00&ServiceCd=430&Type=search", "url2": "https://www.gci-zaitaku.co.jp/" }, "geometry": { "type": "Point", "coordinates": [ 139.61300609476217, 35.476372180786633 ] } },
{ "type": "Feature", "properties": { "内容": "横浜市片倉三枚地域ケアプラザ【居宅介護支援】神奈川県横浜市神奈川区三枚町199-4", "url": "https://www.kaigokensaku.mhlw.go.jp/14/index.php?action_kouhyou_detail_004_kani=true&JigyosyoCd=1470200427-00&ServiceCd=430&Type=search", "url2": "https://wakatake.net/category/facility/carekatakura/" }, "geometry": { "type": "Point", "coordinates": [ 139.603400299999947, 35.4936768 ] } },
{ "type": "Feature", "properties": { "内容": "横浜市新子安地域ケアプラザ【居宅介護支援】神奈川県横浜市神奈川区新子安１－２－４オルトヨコハマビジネスセンター１Ｆ", "url": "https://www.kaigokensaku.mhlw.go.jp/14/index.php?action_kouhyou_detail_004_kani=true&JigyosyoCd=1470200500-00&ServiceCd=430&Type=search", "url2": "https://www.hama-wel.or.jp/branch/shinkoyasu/" }, "geometry": { "type": "Point", "coordinates": [ 139.653656299999966, 35.487167 ] } },
{ "type": "Feature", "properties": { "内容": "ケアプランナー　みどり【居宅介護支援】神奈川県横浜市神奈川区神之木町19-17トキワハイム101", "url": "https://www.kaigokensaku.mhlw.go.jp/14/index.php?action_kouhyou_detail_004_kani=true&JigyosyoCd=1470200757-00&ServiceCd=430&Type=search", "url2": "http://www.care-midori.net/" }, "geometry": { "type": "Point", "coordinates": [ 139.647690199999943, 35.4949689 ] } },
{ "type": "Feature", "properties": { "内容": "マナケアプラン【居宅介護支援】神奈川県横浜市神奈川区神之木町1-6プラザ大口202", "url": "https://www.kaigokensaku.mhlw.go.jp/14/index.php?action_kouhyou_detail_004_kani=true&JigyosyoCd=1470202589-00&ServiceCd=430&Type=search", "url2": "https://www.makuahine.jp/" }, "geometry": { "type": "Point", "coordinates": [ 139.6464444831131, 35.493525120497956 ] } },
{ "type": "Feature", "properties": { "内容": "ＮＰＯつばさ・ぷらん【居宅介護支援】神奈川県横浜市神奈川区羽沢町904-4有田ビル1階", "url": "https://www.kaigokensaku.mhlw.go.jp/14/index.php?action_kouhyou_detail_004_kani=true&JigyosyoCd=1470202670-00&ServiceCd=430&Type=search", "url2": "http://www.tsubasa-care.jp/careplan.html" }, "geometry": { "type": "Point", "coordinates": [ 139.589972821565226, 35.486282146167085 ] } },
{ "type": "Feature", "properties": { "内容": "合同会社いえざき　やまきケアプラン【居宅介護支援】神奈川県横浜市神奈川区七島町162ゆたか荘102", "url": "https://www.kaigokensaku.mhlw.go.jp/14/index.php?action_kouhyou_detail_004_kani=true&JigyosyoCd=1470203462-00&ServiceCd=430&Type=search", "url2": "https://sites.google.com/view/iezaki/" }, "geometry": { "type": "Point", "coordinates": [ 139.644561599999946, 35.488419 ] } },
{ "type": "Feature", "properties": { "内容": "そら色ケアプラン横浜【居宅介護支援】神奈川県横浜市神奈川区入江2-1-30モンステラ入江102", "url": "https://www.kaigokensaku.mhlw.go.jp/14/index.php?action_kouhyou_detail_004_kani=true&JigyosyoCd=1470203546-00&ServiceCd=430&Type=search", "url2": "https://sorairo-careplan-yokohama.com/" }, "geometry": { "type": "Point", "coordinates": [ 139.6468734, 35.4908034 ] } },
{ "type": "Feature", "properties": { "内容": "たもん神奈川【居宅介護支援】神奈川県横浜市神奈川区大口通137-9第一山内ビル401", "url": "https://www.kaigokensaku.mhlw.go.jp/14/index.php?action_kouhyou_detail_004_kani=true&JigyosyoCd=1470203553-00&ServiceCd=430&Type=search", "url2": "https://tamonkanagawa.jimdosite.com" }, "geometry": { "type": "Point", "coordinates": [ 139.645478200000014, 35.4915161 ] } },
{ "type": "Feature", "properties": { "内容": "介護老人保健施設　ラ・クラルテ【居宅介護支援】神奈川県横浜市神奈川区菅田町656番地１", "url": "https://www.kaigokensaku.mhlw.go.jp/14/index.php?action_kouhyou_detail_004_kani=true&JigyosyoCd=1450280016-00&ServiceCd=430&Type=search", "url2": "https://hc-mugi.com/" }, "geometry": { "type": "Point", "coordinates": [ 139.573880899999949, 35.4951262 ] } },
{ "type": "Feature", "properties": { "内容": "済生会かながわ訪問看護ステーション【居宅介護支援】神奈川県横浜市神奈川区西神奈川1-13-10済生会東神奈川リハビリテーション病院　別館2Ｆ", "url": "https://www.kaigokensaku.mhlw.go.jp/14/index.php?action_kouhyou_detail_004_kani=true&JigyosyoCd=1460290031-00&ServiceCd=430&Type=search", "url2": "https://kanagawa-saiseikai.com" }, "geometry": { "type": "Point", "coordinates": [ 139.631033339920009, 35.480334388061287 ] } },
{ "type": "Feature", "properties": { "内容": "エム・アップ　ケアサービス【居宅介護支援】神奈川県横浜市神奈川区西神奈川3-17-7", "url": "https://www.kaigokensaku.mhlw.go.jp/14/index.php?action_kouhyou_detail_004_kani=true&JigyosyoCd=1470200765-00&ServiceCd=430&Type=search", "url2": "http://www.m-app.co.jp" }, "geometry": { "type": "Point", "coordinates": [ 139.627328199999965, 35.4854334 ] } },
{ "type": "Feature", "properties": { "内容": "横浜市沢渡三ツ沢地域ケアプラザ【居宅介護支援】神奈川県横浜市神奈川区沢渡56-1", "url": "https://www.kaigokensaku.mhlw.go.jp/14/index.php?action_kouhyou_detail_004_kani=true&JigyosyoCd=1470201383-00&ServiceCd=430&Type=search", "url2": "https://wakatake.net/category/facility/caresawatari/" }, "geometry": { "type": "Point", "coordinates": [ 139.613582400000041, 35.4726377 ] } },
{ "type": "Feature", "properties": { "内容": "心笑【居宅介護支援】神奈川県横浜市神奈川区西神奈川1-1-8", "url": "https://www.kaigokensaku.mhlw.go.jp/14/index.php?action_kouhyou_detail_004_kani=true&JigyosyoCd=1470201995-00&ServiceCd=430&Type=search", "url2": "https://www.cocoe.org" }, "geometry": { "type": "Point", "coordinates": [ 139.632299900000021, 35.4779315 ] } },
{ "type": "Feature", "properties": { "内容": "オリーブマネージメント【居宅介護支援】神奈川県横浜市神奈川区白幡東町4-8", "url": "https://www.kaigokensaku.mhlw.go.jp/14/index.php?action_kouhyou_detail_004_kani=true&JigyosyoCd=1470202118-00&ServiceCd=430&Type=search", "url2": "http://www.himawari-kaigo.co.jp/" }, "geometry": { "type": "Point", "coordinates": [ 139.637629948532094, 35.486883446627758 ] } },
{ "type": "Feature", "properties": { "内容": "わかたけケアプラン【居宅介護支援】神奈川県横浜市神奈川区平川町2-4", "url": "https://www.kaigokensaku.mhlw.go.jp/14/index.php?action_kouhyou_detail_004_kani=true&JigyosyoCd=1470202696-00&ServiceCd=430&Type=search", "url2": null }, "geometry": { "type": "Point", "coordinates": [ 139.628755800000022, 35.4794425 ] } },
{ "type": "Feature", "properties": { "内容": "ステップ介護【居宅介護支援】神奈川県横浜市神奈川区西神奈川3-9-1末広園ビル401", "url": "https://www.kaigokensaku.mhlw.go.jp/14/index.php?action_kouhyou_detail_004_kani=true&JigyosyoCd=1470203405-00&ServiceCd=430&Type=search", "url2": "https://step-kaigo.net" }, "geometry": { "type": "Point", "coordinates": [ 139.6263519, 35.4864705 ] } },
{ "type": "Feature", "properties": { "内容": "ぬくまる介護【居宅介護支援】神奈川県横浜市神奈川区西神奈川3丁目9番地1末廣園ﾋﾞﾙ501号室", "url": "https://www.kaigokensaku.mhlw.go.jp/14/index.php?action_kouhyou_detail_004_kani=true&JigyosyoCd=1470203447-00&ServiceCd=430&Type=search", "url2": null }, "geometry": { "type": "Point", "coordinates": [ 139.6262623, 35.486587 ] } },
{ "type": "Feature", "properties": { "内容": "横浜市菅田地域ケアプラザ【居宅介護支援】神奈川県横浜市神奈川区菅田町1718-1", "url": "https://www.kaigokensaku.mhlw.go.jp/14/index.php?action_kouhyou_detail_004_kani=true&JigyosyoCd=1470200054-00&ServiceCd=430&Type=search", "url2": "https://skanagawa-saiseikai.jp/facility/13.html" }, "geometry": { "type": "Point", "coordinates": [ 139.585466895059199, 35.501431834941485 ] } },
{ "type": "Feature", "properties": { "内容": "神奈川苑居宅介護支援事業所【居宅介護支援】神奈川県横浜市神奈川区菅田町1989", "url": "https://www.kaigokensaku.mhlw.go.jp/14/index.php?action_kouhyou_detail_004_kani=true&JigyosyoCd=1470202704-00&ServiceCd=430&Type=search", "url2": "https://www.kanagawaen.com/" }, "geometry": { "type": "Point", "coordinates": [ 139.588768699999946, 35.495846 ] } },
{ "type": "Feature", "properties": { "内容": "まひる之ケアプラン【居宅介護支援】神奈川県横浜市西区楠町11番5号ウイング横浜301号", "url": "https://www.kaigokensaku.mhlw.go.jp/14/index.php?action_kouhyou_detail_004_kani=true&JigyosyoCd=1470301845-00&ServiceCd=430&Type=search", "url2": "https://zaitakunohito.com/" }, "geometry": { "type": "Point", "coordinates": [ 139.6143912, 35.4687103 ] } },
{ "type": "Feature", "properties": { "内容": "セコム横浜訪問看護ステーション【居宅介護支援】神奈川県横浜市西区北幸2－8－19横浜西口Ｋビル2階", "url": "https://www.kaigokensaku.mhlw.go.jp/14/index.php?action_kouhyou_detail_004_kani=true&JigyosyoCd=1460390062-00&ServiceCd=430&Type=search", "url2": "http://medical.secom.co.jp/" }, "geometry": { "type": "Point", "coordinates": [ 139.614530599999966, 35.4667377 ] } },
{ "type": "Feature", "properties": { "内容": "トライドケアマネジメント【居宅介護支援】神奈川県横浜市西区久保町20-17RTビル１階", "url": "https://www.kaigokensaku.mhlw.go.jp/14/index.php?action_kouhyou_detail_004_kani=true&JigyosyoCd=1470202811-00&ServiceCd=430&Type=search", "url2": "https://tried-management.co.jp/" }, "geometry": { "type": "Point", "coordinates": [ 139.621204400000011, 35.448043400000024 ] } },
{ "type": "Feature", "properties": { "内容": "浅間台地域ケアプラザ【居宅介護支援】神奈川県横浜市西区浅間台６番地", "url": "https://www.kaigokensaku.mhlw.go.jp/14/index.php?action_kouhyou_detail_004_kani=true&JigyosyoCd=1470300052-00&ServiceCd=430&Type=search", "url2": "https://www.hamano.or.jp/sengendai" }, "geometry": { "type": "Point", "coordinates": [ 139.609188511931961, 35.464859675282966 ] } },
{ "type": "Feature", "properties": { "内容": "横浜市藤棚地域ケアプラザ【居宅介護支援】神奈川県横浜市西区藤棚町２－１９８", "url": "https://www.kaigokensaku.mhlw.go.jp/14/index.php?action_kouhyou_detail_004_kani=true&JigyosyoCd=1470300094-00&ServiceCd=430&Type=search", "url2": "http://www.hama-wel.or.jp/branch/fujidana/" }, "geometry": { "type": "Point", "coordinates": [ 139.61358580000001, 35.4489572 ] } },
{ "type": "Feature", "properties": { "内容": "横浜市西区医師会居宅支援ステーション【居宅介護支援】神奈川県横浜市西区中央1-15-18", "url": "https://www.kaigokensaku.mhlw.go.jp/14/index.php?action_kouhyou_detail_004_kani=true&JigyosyoCd=1470300193-00&ServiceCd=430&Type=search", "url2": "https://yokohama-nishiku-med.org/home-support/" }, "geometry": { "type": "Point", "coordinates": [ 139.616784601810252, 35.45415341727589 ] } },
{ "type": "Feature", "properties": { "内容": "横浜市戸部本町地域ケアプラザ【居宅介護支援】神奈川県横浜市西区戸部本町50-33", "url": "https://www.kaigokensaku.mhlw.go.jp/14/index.php?action_kouhyou_detail_004_kani=true&JigyosyoCd=1470300409-00&ServiceCd=430&Type=search", "url2": "http://www.hama-wel.or.jp" }, "geometry": { "type": "Point", "coordinates": [ 139.618135, 35.4573451 ] } },
{ "type": "Feature", "properties": { "内容": "横浜市福祉サービス協会　ヘルパーステーションにし【居宅介護支援】神奈川県横浜市西区桜木町6丁目31番地5階", "url": "https://www.kaigokensaku.mhlw.go.jp/14/index.php?action_kouhyou_detail_004_kani=true&JigyosyoCd=1470300730-00&ServiceCd=430&Type=search", "url2": "http://www.hama-wel.or.jp" }, "geometry": { "type": "Point", "coordinates": [ 139.619193099999961, 35.4616279 ] } },
{ "type": "Feature", "properties": { "内容": "あんしんケア【居宅介護支援】神奈川県横浜市西区高島2-10-13横浜東口ビル202", "url": "https://www.kaigokensaku.mhlw.go.jp/14/index.php?action_kouhyou_detail_004_kani=true&JigyosyoCd=1470300771-00&ServiceCd=430&Type=search", "url2": "http://www.an-shin.co.jp" }, "geometry": { "type": "Point", "coordinates": [ 139.622015, 35.4622806 ] } },
{ "type": "Feature", "properties": { "内容": "居宅介護支援　南風【居宅介護支援】神奈川県横浜市西区南浅間町26-18", "url": "https://www.kaigokensaku.mhlw.go.jp/14/index.php?action_kouhyou_detail_004_kani=true&JigyosyoCd=1470301092-00&ServiceCd=430&Type=search", "url2": null }, "geometry": { "type": "Point", "coordinates": [ 139.6068725, 35.4555314 ] } },
{ "type": "Feature", "properties": { "内容": "ケアプランセンター　かのこ【居宅介護支援】神奈川県横浜市西区戸部本町9-6ポートサイド戸部2階", "url": "https://www.kaigokensaku.mhlw.go.jp/14/index.php?action_kouhyou_detail_004_kani=true&JigyosyoCd=1470301597-00&ServiceCd=430&Type=search", "url2": "http://www.kanoko-kaigo.com/index.html" }, "geometry": { "type": "Point", "coordinates": [ 139.620312600000034, 35.4554758 ] } },
{ "type": "Feature", "properties": { "内容": "すまいる　ケアマネジメント　オフィス【居宅介護支援】神奈川県横浜市西区戸部町６－２１７陽光ビル１F", "url": "https://www.kaigokensaku.mhlw.go.jp/14/index.php?action_kouhyou_detail_004_kani=true&JigyosyoCd=1470301688-00&ServiceCd=430&Type=search", "url2": "http://hp.kaipoke.biz/z47/" }, "geometry": { "type": "Point", "coordinates": [ 139.624053695770272, 35.456277997186938 ] } },
{ "type": "Feature", "properties": { "内容": "ケアサポート　あさがお【居宅介護支援】神奈川県横浜市西区平沼1-5-2アールケープラザ横浜202号", "url": "https://www.kaigokensaku.mhlw.go.jp/14/index.php?action_kouhyou_detail_004_kani=true&JigyosyoCd=1470301779-00&ServiceCd=430&Type=search", "url2": null }, "geometry": { "type": "Point", "coordinates": [ 139.620215100000024, 35.4596202 ] } },
{ "type": "Feature", "properties": { "内容": "居宅介護支援事業所　神奈川サポートセンター【居宅介護支援】神奈川県横浜市西区高島2-5-12横浜DKビル　１F", "url": "https://www.kaigokensaku.mhlw.go.jp/14/index.php?action_kouhyou_detail_004_kani=true&JigyosyoCd=1473202545-00&ServiceCd=430&Type=search", "url2": null }, "geometry": { "type": "Point", "coordinates": [ 139.622678800000017, 35.4615279 ] } },
{ "type": "Feature", "properties": { "内容": "パークサイド岡野ホーム【居宅介護支援】神奈川県横浜市西区岡野2-15-6", "url": "https://www.kaigokensaku.mhlw.go.jp/14/index.php?action_kouhyou_detail_004_kani=true&JigyosyoCd=1470301852-00&ServiceCd=430&Type=search", "url2": "http://www.kanagawa-doen.jp/parkside-okano/" }, "geometry": { "type": "Point", "coordinates": [ 139.6125395, 35.4622971 ] } },
{ "type": "Feature", "properties": { "内容": "銀鈴の詩介護保険センター【居宅介護支援】神奈川県横浜市西区平沼1-1-15ルピナス平沼2階", "url": "https://www.kaigokensaku.mhlw.go.jp/14/index.php?action_kouhyou_detail_004_kani=true&JigyosyoCd=1470300508-00&ServiceCd=430&Type=search", "url2": "https://shuhokai.or.jp/" }, "geometry": { "type": "Point", "coordinates": [ 139.621662300000054, 35.4608419 ] } },
{ "type": "Feature", "properties": { "内容": "居宅介護支援センター横浜【居宅介護支援】神奈川県横浜市西区戸部本町40-10　1階", "url": "https://www.kaigokensaku.mhlw.go.jp/14/index.php?action_kouhyou_detail_004_kani=true&JigyosyoCd=1470301001-00&ServiceCd=430&Type=search", "url2": "http://www.c-sweet.jp" }, "geometry": { "type": "Point", "coordinates": [ 139.621802631903279, 35.4576186802921 ] } },
{ "type": "Feature", "properties": { "内容": "医療法人社団愛友会　ハートケア横浜　指定居宅介護支援事業所【居宅介護支援】神奈川県横浜市西区高島1丁目4-18", "url": "https://www.kaigokensaku.mhlw.go.jp/14/index.php?action_kouhyou_detail_004_kani=true&JigyosyoCd=1470301464-00&ServiceCd=430&Type=search", "url2": "https://www.hcyokohama.jp" }, "geometry": { "type": "Point", "coordinates": [ 139.624512099999947, 35.4595559 ] } },
{ "type": "Feature", "properties": { "内容": "ソーシャルケア　インクル【居宅介護支援】神奈川県横浜市西区浅間町1-4-3ウィザード202", "url": "https://www.kaigokensaku.mhlw.go.jp/14/index.php?action_kouhyou_detail_004_kani=true&JigyosyoCd=1470301472-00&ServiceCd=430&Type=search", "url2": "https://www.socialcare-incle.com" }, "geometry": { "type": "Point", "coordinates": [ 139.612871499999983, 35.4651497 ] } },
{ "type": "Feature", "properties": { "内容": "ＳＯＭＰＯケア　横浜西　居宅介護支援【居宅介護支援】神奈川県横浜市西区浅間町4-338-2藤和シティコープ浅間町102号室", "url": "https://www.kaigokensaku.mhlw.go.jp/14/index.php?action_kouhyou_detail_004_kani=true&JigyosyoCd=1470301639-00&ServiceCd=430&Type=search", "url2": "https://www.sompocare.com/" }, "geometry": { "type": "Point", "coordinates": [ 139.6074724, 35.4582922 ] } },
{ "type": "Feature", "properties": { "内容": "ケアサービス6B【居宅介護支援】神奈川県横浜市西区伊勢町1-25-1ロクビービル2F", "url": "https://www.kaigokensaku.mhlw.go.jp/14/index.php?action_kouhyou_detail_004_kani=true&JigyosyoCd=1470301647-00&ServiceCd=430&Type=search", "url2": null }, "geometry": { "type": "Point", "coordinates": [ 139.623418, 35.449957 ] } },
{ "type": "Feature", "properties": { "内容": "ケアマネLETUS【居宅介護支援】神奈川県横浜市西区西戸部町３丁目２８０－７３", "url": "https://www.kaigokensaku.mhlw.go.jp/14/index.php?action_kouhyou_detail_004_kani=true&JigyosyoCd=1470301803-00&ServiceCd=430&Type=search", "url2": null }, "geometry": { "type": "Point", "coordinates": [ 139.61785660000001, 35.4509631 ] } },
{ "type": "Feature", "properties": { "内容": "居宅介護支援しらゆり【居宅介護支援】神奈川県横浜市西区浅間町３－１６７－３", "url": "https://www.kaigokensaku.mhlw.go.jp/14/index.php?action_kouhyou_detail_004_kani=true&JigyosyoCd=1470301837-00&ServiceCd=430&Type=search", "url2": null }, "geometry": { "type": "Point", "coordinates": [ 139.6095621, 35.4609478 ] } },
{ "type": "Feature", "properties": { "内容": "横浜市宮崎地域ケアプラザ【居宅介護支援】神奈川県横浜市西区宮崎町2番地", "url": "https://www.kaigokensaku.mhlw.go.jp/14/index.php?action_kouhyou_detail_004_kani=true&JigyosyoCd=1470300151-00&ServiceCd=430&Type=search", "url2": "http://www.hamano.or.jp" }, "geometry": { "type": "Point", "coordinates": [ 139.628178700000035, 35.4515569 ] } },
{ "type": "Feature", "properties": { "内容": "ケアサービス縁園【居宅介護支援】神奈川県横浜市中区本牧和田11-17パークハイム本牧101B", "url": "https://www.kaigokensaku.mhlw.go.jp/14/index.php?action_kouhyou_detail_004_kani=true&JigyosyoCd=1470401975-00&ServiceCd=430&Type=search", "url2": null }, "geometry": { "type": "Point", "coordinates": [ 139.662463099999968, 35.4222968 ] } },
{ "type": "Feature", "properties": { "内容": "あおぞら【居宅介護支援】神奈川県横浜市中区伊勢佐木町5-129-1ライオンズマンション伊勢佐木町通り705号", "url": "https://www.kaigokensaku.mhlw.go.jp/14/index.php?action_kouhyou_detail_004_kani=true&JigyosyoCd=1470403088-00&ServiceCd=430&Type=search", "url2": null }, "geometry": { "type": "Point", "coordinates": [ 139.633254599999987, 35.4447393 ] } },
{ "type": "Feature", "properties": { "内容": "彩陽サービス【居宅介護支援】神奈川県横浜市中区本牧間門3-82階", "url": "https://www.kaigokensaku.mhlw.go.jp/14/index.php?action_kouhyou_detail_004_kani=true&JigyosyoCd=1470403252-00&ServiceCd=430&Type=search", "url2": null }, "geometry": { "type": "Point", "coordinates": [ 139.6604276, 35.4211133 ] } },
{ "type": "Feature", "properties": { "内容": "横浜市新山下地域ケアプラザ【居宅介護支援】神奈川県横浜市中区新山下3-15-5", "url": "https://www.kaigokensaku.mhlw.go.jp/14/index.php?action_kouhyou_detail_004_kani=true&JigyosyoCd=1470400043-00&ServiceCd=430&Type=search", "url2": "https://yoko-fukushi.or.jp" }, "geometry": { "type": "Point", "coordinates": [ 139.661896162565682, 35.435638682320395 ] } },
{ "type": "Feature", "properties": { "内容": "横浜市不老町地域ケアプラザ【居宅介護支援】神奈川県横浜市中区不老町3-15-2", "url": "https://www.kaigokensaku.mhlw.go.jp/14/index.php?action_kouhyou_detail_004_kani=true&JigyosyoCd=1470400050-00&ServiceCd=430&Type=search", "url2": "http://www.yoko-fukushi.or.jp/furouchou_care/index.html" }, "geometry": { "type": "Point", "coordinates": [ 139.635373100000038, 35.4399499 ] } },
{ "type": "Feature", "properties": { "内容": "有限会社　ケアサービスコパン【居宅介護支援】神奈川県横浜市中区山下町70番-15ライオンズマンション山下公園901号", "url": "https://www.kaigokensaku.mhlw.go.jp/14/index.php?action_kouhyou_detail_004_kani=true&JigyosyoCd=1470400076-00&ServiceCd=430&Type=search", "url2": "https://www.copains.info/" }, "geometry": { "type": "Point", "coordinates": [ 139.643747299999973, 35.445579800000019 ] } },
{ "type": "Feature", "properties": { "内容": "中区医師会居宅支援センター【居宅介護支援】神奈川県横浜市中区本牧町２－３５３中区医師会３階", "url": "https://www.kaigokensaku.mhlw.go.jp/14/index.php?action_kouhyou_detail_004_kani=true&JigyosyoCd=1470400100-00&ServiceCd=430&Type=search", "url2": "https://yokohama-nakaku-med.org/center" }, "geometry": { "type": "Point", "coordinates": [ 139.661346771827766, 35.429312930290578 ] } },
{ "type": "Feature", "properties": { "内容": "医療法人社団　三井会　横浜ケアオフィス【居宅介護支援】神奈川県横浜市中区山下町１１８エトワール山下１０５", "url": "https://www.kaigokensaku.mhlw.go.jp/14/index.php?action_kouhyou_detail_004_kani=true&JigyosyoCd=1470400209-00&ServiceCd=430&Type=search", "url2": "https://www.facebook.com/profile.php?id=61560171516710" }, "geometry": { "type": "Point", "coordinates": [ 139.64582023862306, 35.441069639303713 ] } },
{ "type": "Feature", "properties": { "内容": "横浜市福祉サービス協会　中介護事務所【居宅介護支援】神奈川県横浜市中区扇町2-5-15リラックスビル３階", "url": "https://www.kaigokensaku.mhlw.go.jp/14/index.php?action_kouhyou_detail_004_kani=true&JigyosyoCd=1470400837-00&ServiceCd=430&Type=search", "url2": "http://www.hama-wel.or.jp/branch/detail/kannai2/" }, "geometry": { "type": "Point", "coordinates": [ 139.638306819428294, 35.440616410465417 ] } },
{ "type": "Feature", "properties": { "内容": "山手まごころの会【居宅介護支援】神奈川県横浜市中区上野町２－６７２階", "url": "https://www.kaigokensaku.mhlw.go.jp/14/index.php?action_kouhyou_detail_004_kani=true&JigyosyoCd=1470400886-00&ServiceCd=430&Type=search", "url2": "http://www.kaigo-magokoro.jp/" }, "geometry": { "type": "Point", "coordinates": [ 139.652311199999986, 35.4325093 ] } },
{ "type": "Feature", "properties": { "内容": "テルウェル東日本　神奈川ケアプランセンタ【居宅介護支援】神奈川県横浜市中区山下町１６２－１横浜飛栄ビル２０２号", "url": "https://www.kaigokensaku.mhlw.go.jp/14/index.php?action_kouhyou_detail_004_kani=true&JigyosyoCd=1470401355-00&ServiceCd=430&Type=search", "url2": "http://www.telwel-kaigo.com/" }, "geometry": { "type": "Point", "coordinates": [ 139.645103, 35.4406165 ] } },
{ "type": "Feature", "properties": { "内容": "フルライフ関内【居宅介護支援】神奈川県横浜市中区山下町225横浜ＹＷＣＡ会館301", "url": "https://www.kaigokensaku.mhlw.go.jp/14/index.php?action_kouhyou_detail_004_kani=true&JigyosyoCd=1470401678-00&ServiceCd=430&Type=search", "url2": "https://www.fulllife.co.jp" }, "geometry": { "type": "Point", "coordinates": [ 139.641858700000057, 35.4423163 ] } },
{ "type": "Feature", "properties": { "内容": "横浜市福祉サービス協会　ヘルパーステーション寿【居宅介護支援】神奈川県横浜市中区寿町２－８－９ホテル山榮新館1階", "url": "https://www.kaigokensaku.mhlw.go.jp/14/index.php?action_kouhyou_detail_004_kani=true&JigyosyoCd=1470401991-00&ServiceCd=430&Type=search", "url2": "https://www.hama-wel.or.jp" }, "geometry": { "type": "Point", "coordinates": [ 139.639362101188681, 35.439435928160499 ] } },
{ "type": "Feature", "properties": { "内容": "らんらんケアマネ事務所【居宅介護支援】神奈川県横浜市中区山元町4丁目170森ビル　B号室", "url": "https://www.kaigokensaku.mhlw.go.jp/14/index.php?action_kouhyou_detail_004_kani=true&JigyosyoCd=1470402098-00&ServiceCd=430&Type=search", "url2": null }, "geometry": { "type": "Point", "coordinates": [ 139.639954870084438, 35.426497172755163 ] } },
{ "type": "Feature", "properties": { "内容": "しえんて関内【居宅介護支援】神奈川県横浜市中区山下町252グランベル横浜ビル５階A室", "url": "https://www.kaigokensaku.mhlw.go.jp/14/index.php?action_kouhyou_detail_004_kani=true&JigyosyoCd=1470402254-00&ServiceCd=430&Type=search", "url2": "http://www.yoko-fukushi.or.jp/facility/shiente/" }, "geometry": { "type": "Point", "coordinates": [ 139.641126883905315, 35.442367816408826 ] } },
{ "type": "Feature", "properties": { "内容": "シフティーン居宅介護【居宅介護支援】神奈川県横浜市中区日ノ出町2-134-1-102", "url": "https://www.kaigokensaku.mhlw.go.jp/14/index.php?action_kouhyou_detail_004_kani=true&JigyosyoCd=1470402569-00&ServiceCd=430&Type=search", "url2": "https://www.shiftine.jp/" }, "geometry": { "type": "Point", "coordinates": [ 139.625234800000044, 35.443574500000011 ] } },
{ "type": "Feature", "properties": { "内容": "ケアサービス　ホクゼン関内【居宅介護支援】神奈川県横浜市中区翁町2丁目7番地の１０関内フレックスビル207号室", "url": "https://www.kaigokensaku.mhlw.go.jp/14/index.php?action_kouhyou_detail_004_kani=true&JigyosyoCd=1470402684-00&ServiceCd=430&Type=search", "url2": "http://www.hokuzen.co.jp" }, "geometry": { "type": "Point", "coordinates": [ 139.6373539, 35.4407202 ] } },
{ "type": "Feature", "properties": { "内容": "エール福祉協会・中【居宅介護支援】神奈川県横浜市中区千歳町１－２横浜ＴＨビル６０８号室", "url": "https://www.kaigokensaku.mhlw.go.jp/14/index.php?action_kouhyou_detail_004_kani=true&JigyosyoCd=1470402767-00&ServiceCd=430&Type=search", "url2": "http://yale-fukushi.jp/" }, "geometry": { "type": "Point", "coordinates": [ 139.6351817, 35.4378918 ] } },
{ "type": "Feature", "properties": { "内容": "ケアベース居宅介護支援事業所【居宅介護支援】神奈川県横浜市中区寿町1-1-11興和ビル504号室", "url": "https://www.kaigokensaku.mhlw.go.jp/14/index.php?action_kouhyou_detail_004_kani=true&JigyosyoCd=1470402791-00&ServiceCd=430&Type=search", "url2": null }, "geometry": { "type": "Point", "coordinates": [ 139.640976200000011, 35.4405754 ] } },
{ "type": "Feature", "properties": { "内容": "ツクイ横浜根岸ケアプランセンター【居宅介護支援】神奈川県横浜市中区根岸町2-85-5ハートビートベース横濱根岸", "url": "https://www.kaigokensaku.mhlw.go.jp/14/index.php?action_kouhyou_detail_004_kani=true&JigyosyoCd=1470402825-00&ServiceCd=430&Type=search", "url2": "https://www.tsukui.net/home-care/2114/" }, "geometry": { "type": "Point", "coordinates": [ 139.644231244933081, 35.418364145237007 ] } },
{ "type": "Feature", "properties": { "内容": "きのえね居宅支援センター【居宅介護支援】神奈川県横浜市中区山下町１６１－１日神プラザ元町７０４号", "url": "https://www.kaigokensaku.mhlw.go.jp/14/index.php?action_kouhyou_detail_004_kani=true&JigyosyoCd=1470403054-00&ServiceCd=430&Type=search", "url2": "https://cyanmule8.sakura.ne.jp/hanaorient/index.html" }, "geometry": { "type": "Point", "coordinates": [ 139.645139940707793, 35.440222114849469 ] } },
{ "type": "Feature", "properties": { "内容": "元町ケアサービス【居宅介護支援】神奈川県横浜市中区元町２丁目９１番地", "url": "https://www.kaigokensaku.mhlw.go.jp/14/index.php?action_kouhyou_detail_004_kani=true&JigyosyoCd=1470400142-00&ServiceCd=430&Type=search", "url2": "http://care-net.biz/14/m-care/" }, "geometry": { "type": "Point", "coordinates": [ 139.64925560000006, 35.4406637 ] } },
{ "type": "Feature", "properties": { "内容": "横浜市麦田地域ケアプラザ【居宅介護支援】神奈川県横浜市中区麦田町１－２６－２", "url": "https://www.kaigokensaku.mhlw.go.jp/14/index.php?action_kouhyou_detail_004_kani=true&JigyosyoCd=1470400357-00&ServiceCd=430&Type=search", "url2": "https://www.yokohamashakyo.jp/mugita/" }, "geometry": { "type": "Point", "coordinates": [ 139.645581, 35.4339174 ] } },
{ "type": "Feature", "properties": { "内容": "ケアプランサービス横浜【居宅介護支援】神奈川県横浜市中区太田町6-84-2大樹生命横浜桜木町ビル5F", "url": "https://www.kaigokensaku.mhlw.go.jp/14/index.php?action_kouhyou_detail_004_kani=true&JigyosyoCd=1470400654-00&ServiceCd=430&Type=search", "url2": "https://www.care-plan.co.jp" }, "geometry": { "type": "Point", "coordinates": [ 139.634617299999945, 35.4489905 ] } },
{ "type": "Feature", "properties": { "内容": "株式会社　ケアステーション大樹　横浜センター【居宅介護支援】神奈川県横浜市中区不老町１－６－１０苗場ビル５F-A", "url": "https://www.kaigokensaku.mhlw.go.jp/14/index.php?action_kouhyou_detail_004_kani=true&JigyosyoCd=1470400746-00&ServiceCd=430&Type=search", "url2": "http://www.cs-taiju.co.jp/" }, "geometry": { "type": "Point", "coordinates": [ 139.637076248020009, 35.441911145344129 ] } },
{ "type": "Feature", "properties": { "内容": "特定非営利活動法人　ことぶき介護【居宅介護支援】神奈川県横浜市中区寿町4-15-4寿ヒカリビル", "url": "https://www.kaigokensaku.mhlw.go.jp/14/index.php?action_kouhyou_detail_004_kani=true&JigyosyoCd=1470400753-00&ServiceCd=430&Type=search", "url2": "http://www.kotobukikaigo.com" }, "geometry": { "type": "Point", "coordinates": [ 139.6377843, 35.437848900000034 ] } },
{ "type": "Feature", "properties": { "内容": "さわやかケア関内・居宅介護支援【居宅介護支援】神奈川県横浜市中区山下町73山下ポートハイツ102号", "url": "https://www.kaigokensaku.mhlw.go.jp/14/index.php?action_kouhyou_detail_004_kani=true&JigyosyoCd=1470401181-00&ServiceCd=430&Type=search", "url2": "http://www.tepco-partners.co.jp/" }, "geometry": { "type": "Point", "coordinates": [ 139.6447528, 35.445346500000014 ] } },
{ "type": "Feature", "properties": { "内容": "銀杏の大樹介護保険センター【居宅介護支援】神奈川県横浜市中区山下町252グランベル横浜ビル3-EＦ", "url": "https://www.kaigokensaku.mhlw.go.jp/14/index.php?action_kouhyou_detail_004_kani=true&JigyosyoCd=1470401249-00&ServiceCd=430&Type=search", "url2": "https://shuhokai.or.jp/office/naka-ku/cm-icho.php" }, "geometry": { "type": "Point", "coordinates": [ 139.641075399999977, 35.4423913 ] } },
{ "type": "Feature", "properties": { "内容": "ゆうゆうassist居宅介護支援センター【居宅介護支援】神奈川県横浜市中区長者町4-9-1", "url": "https://www.kaigokensaku.mhlw.go.jp/14/index.php?action_kouhyou_detail_004_kani=true&JigyosyoCd=1470401926-00&ServiceCd=430&Type=search", "url2": "https://www.yuyuassist.co.jp" }, "geometry": { "type": "Point", "coordinates": [ 139.6342621, 35.4404832 ] } },
{ "type": "Feature", "properties": { "内容": "楽々生活　さくらんぼ【居宅介護支援】神奈川県横浜市中区翁町1-6-7関内伊藤ビル４－Ｃ", "url": "https://www.kaigokensaku.mhlw.go.jp/14/index.php?action_kouhyou_detail_004_kani=true&JigyosyoCd=1470402395-00&ServiceCd=430&Type=search", "url2": "http://sakura-nurse.jp/" }, "geometry": { "type": "Point", "coordinates": [ 139.637597099745562, 35.441133552487273 ] } },
{ "type": "Feature", "properties": { "内容": "アイアイケア【居宅介護支援】神奈川県横浜市中区新山下3丁目15番新山下ﾍﾞｲｼﾃｨ6-218", "url": "https://www.kaigokensaku.mhlw.go.jp/14/index.php?action_kouhyou_detail_004_kani=true&JigyosyoCd=1470402403-00&ServiceCd=430&Type=search", "url2": "http://aiaicare.boo.jp/" }, "geometry": { "type": "Point", "coordinates": [ 139.662030612966873, 35.435001469752088 ] } },
{ "type": "Feature", "properties": { "内容": "居宅介護支援　ふぁいと　寿【居宅介護支援】神奈川県横浜市中区不老町３丁目１４番２号ライオンズマンション伊勢佐木長者町４階４０４号", "url": "https://www.kaigokensaku.mhlw.go.jp/14/index.php?action_kouhyou_detail_004_kani=true&JigyosyoCd=1470402411-00&ServiceCd=430&Type=search", "url2": "http://hakujukai.co.jp/" }, "geometry": { "type": "Point", "coordinates": [ 139.635591080382227, 35.440488710672099 ] } },
{ "type": "Feature", "properties": { "内容": "愛を繋ぐケアデザイン【居宅介護支援】神奈川県横浜市中区本郷町3丁目232番地3山の手館1階", "url": "https://www.kaigokensaku.mhlw.go.jp/14/index.php?action_kouhyou_detail_004_kani=true&JigyosyoCd=1470403096-00&ServiceCd=430&Type=search", "url2": "https://www.mmmarks.com/" }, "geometry": { "type": "Point", "coordinates": [ 139.65452, 35.42922 ] } },
{ "type": "Feature", "properties": { "内容": "和おんケアプランニング【居宅介護支援】神奈川県横浜市中区長者町２丁目５－１４セントラルビル４０６", "url": "https://www.kaigokensaku.mhlw.go.jp/14/index.php?action_kouhyou_detail_004_kani=true&JigyosyoCd=1470403153-00&ServiceCd=430&Type=search", "url2": null }, "geometry": { "type": "Point", "coordinates": [ 139.635359428172336, 35.439451243335768 ] } },
{ "type": "Feature", "properties": { "内容": "ケアマネオフィス　ありがとう【居宅介護支援】神奈川県横浜市中区富士見町２番地６コルニッシュ横浜２Ａ", "url": "https://www.kaigokensaku.mhlw.go.jp/14/index.php?action_kouhyou_detail_004_kani=true&JigyosyoCd=1470403179-00&ServiceCd=430&Type=search", "url2": null }, "geometry": { "type": "Point", "coordinates": [ 139.6324099, 35.4396323 ] } },
{ "type": "Feature", "properties": { "内容": "こはく【居宅介護支援】神奈川県横浜市中区長者町2-5-14セントラルビル702", "url": "https://www.kaigokensaku.mhlw.go.jp/14/index.php?action_kouhyou_detail_004_kani=true&JigyosyoCd=1470203298-00&ServiceCd=430&Type=search", "url2": null }, "geometry": { "type": "Point", "coordinates": [ 139.642051, 35.4868899 ] } },
{ "type": "Feature", "properties": { "内容": "大石自立介護相談室【居宅介護支援】神奈川県横浜市中区弥生町4-40-15階", "url": "https://www.kaigokensaku.mhlw.go.jp/14/index.php?action_kouhyou_detail_004_kani=true&JigyosyoCd=1470400027-00&ServiceCd=430&Type=search", "url2": null }, "geometry": { "type": "Point", "coordinates": [ 139.625358277246022, 35.437643459555929 ] } },
{ "type": "Feature", "properties": { "内容": "横浜市簑沢地域ケアプラザ【居宅介護支援】神奈川県横浜市中区簑沢１３－２０４", "url": "https://www.kaigokensaku.mhlw.go.jp/14/index.php?action_kouhyou_detail_004_kani=true&JigyosyoCd=1470400605-00&ServiceCd=430&Type=search", "url2": "http://www.ysjk.jp/minosawa/" }, "geometry": { "type": "Point", "coordinates": [ 139.634642799999938, 35.4230996 ] } },
{ "type": "Feature", "properties": { "内容": "ふれあい横浜居宅介護支援センター【居宅介護支援】神奈川県横浜市中区万代町2丁目3番地3", "url": "https://www.kaigokensaku.mhlw.go.jp/14/index.php?action_kouhyou_detail_004_kani=true&JigyosyoCd=1470402015-00&ServiceCd=430&Type=search", "url2": "https://www.fureai-g.or.jp/fyh/homecare.htm" }, "geometry": { "type": "Point", "coordinates": [ 139.635607952778628, 35.442439985913104 ] } },
{ "type": "Feature", "properties": { "内容": "ふじけあ　居宅支援ステーション【居宅介護支援】神奈川県横浜市中区末吉町　4-71-3グレイシャスK　１F", "url": "https://www.kaigokensaku.mhlw.go.jp/14/index.php?action_kouhyou_detail_004_kani=true&JigyosyoCd=1470402577-00&ServiceCd=430&Type=search", "url2": "https://www.dream-rights.jp" }, "geometry": { "type": "Point", "coordinates": [ 139.623340592590324, 35.439090152490166 ] } },
{ "type": "Feature", "properties": { "内容": "横浜市本牧和田地域ケアプラザ【居宅介護支援】神奈川県横浜市中区本牧和田35ｰ13", "url": "https://www.kaigokensaku.mhlw.go.jp/14/index.php?action_kouhyou_detail_004_kani=true&JigyosyoCd=1470402924-00&ServiceCd=430&Type=search", "url2": "https://yoko-fukushi.or.jp/facility/honmokuwada_care/" }, "geometry": { "type": "Point", "coordinates": [ 139.656082, 35.4218919 ] } },
{ "type": "Feature", "properties": { "内容": "横浜市本牧原地域ケアプラザ【居宅介護支援】神奈川県横浜市中区本牧原６－１", "url": "https://www.kaigokensaku.mhlw.go.jp/14/index.php?action_kouhyou_detail_004_kani=true&JigyosyoCd=1470400415-00&ServiceCd=430&Type=search", "url2": "https://www.hama-wel.or.jp" }, "geometry": { "type": "Point", "coordinates": [ 139.668234799999937, 35.425749 ] } },
{ "type": "Feature", "properties": { "内容": "ケアサービス　ホクゼン本牧【居宅介護支援】神奈川県横浜市中区本牧三之谷16-12", "url": "https://www.kaigokensaku.mhlw.go.jp/14/index.php?action_kouhyou_detail_004_kani=true&JigyosyoCd=1470401223-00&ServiceCd=430&Type=search", "url2": "http://www.hokuzen.co.jp" }, "geometry": { "type": "Point", "coordinates": [ 139.664234069558717, 35.420074026757142 ] } },
{ "type": "Feature", "properties": { "内容": "ふれあいの家居宅介護支援ステーション【居宅介護支援】神奈川県横浜市中区尾上町３－３５LISTEASTBLD.６階６Ｈ", "url": "https://www.kaigokensaku.mhlw.go.jp/14/index.php?action_kouhyou_detail_004_kani=true&JigyosyoCd=1470403278-00&ServiceCd=430&Type=search", "url2": "https://www.michotto.jp/facility01/" }, "geometry": { "type": "Point", "coordinates": [ 139.636426300000011, 35.4457457 ] } },
{ "type": "Feature", "properties": { "内容": "浜っ子サービス【居宅介護支援】神奈川県横浜市中区松影町2-7-3クレハ・マネージメントビル901", "url": "https://www.kaigokensaku.mhlw.go.jp/14/index.php?action_kouhyou_detail_004_kani=true&JigyosyoCd=1470402437-00&ServiceCd=430&Type=search", "url2": "http://www.y-carecenter.jp" }, "geometry": { "type": "Point", "coordinates": [ 139.640708577280776, 35.438578197026438 ] } },
{ "type": "Feature", "properties": { "内容": "ケアプラン・コンパス【居宅介護支援】神奈川県横浜市中区本郷町1-1-1", "url": "https://www.kaigokensaku.mhlw.go.jp/14/index.php?action_kouhyou_detail_004_kani=true&JigyosyoCd=1470402551-00&ServiceCd=430&Type=search", "url2": "https://www.careplan-compass.info/" }, "geometry": { "type": "Point", "coordinates": [ 137.000808199999938, 36.7567653 ] } },
{ "type": "Feature", "properties": { "内容": "迎　相談室【居宅介護支援】千歳町１－２横浜ＴＨビル６１2", "url": "https://www.kaigokensaku.mhlw.go.jp/14/index.php?action_kouhyou_detail_004_kani=true&JigyosyoCd=1470403336-00&ServiceCd=430&Type=search", "url2": "https://www.kaigomukae.com/" }, "geometry": { "type": "Point", "coordinates": [ 129.8616288, 32.7883919 ] } },
{ "type": "Feature", "properties": { "内容": "アイナースケアマネステーション　石川町【居宅介護支援】神奈川県横浜市中区松影町三丁目11番地2三和物産松影町ビル102", "url": "https://www.kaigokensaku.mhlw.go.jp/14/index.php?action_kouhyou_detail_004_kani=true&JigyosyoCd=1470403344-00&ServiceCd=430&Type=search", "url2": "https://inurse.life/" }, "geometry": { "type": "Point", "coordinates": [ 139.639252, 35.438182 ] } },
{ "type": "Feature", "properties": { "内容": "ケアステーション　ランタン【居宅介護支援】神奈川県横浜市南区八幡町72-18", "url": "https://www.kaigokensaku.mhlw.go.jp/14/index.php?action_kouhyou_detail_004_kani=true&JigyosyoCd=1470502624-00&ServiceCd=430&Type=search", "url2": null }, "geometry": { "type": "Point", "coordinates": [ 139.629168099999987, 35.4305318 ] } },
{ "type": "Feature", "properties": { "内容": "居宅介護ケアプランセンターはぴねす横浜永田【居宅介護支援】神奈川県横浜市南区永田北1-31-19", "url": "https://www.kaigokensaku.mhlw.go.jp/14/index.php?action_kouhyou_detail_004_kani=true&JigyosyoCd=1470503309-00&ServiceCd=430&Type=search", "url2": "http://villa-life-support.co.jp" }, "geometry": { "type": "Point", "coordinates": [ 139.5893012, 35.4418431 ] } },
{ "type": "Feature", "properties": { "内容": "アール・クラ横浜ベイ　居宅介護支援事業所【居宅介護支援】神奈川県横浜市南区南太田3-5-8横浜南YKビル4階", "url": "https://www.kaigokensaku.mhlw.go.jp/14/index.php?action_kouhyou_detail_004_kani=true&JigyosyoCd=1470503523-00&ServiceCd=430&Type=search", "url2": "https://www.recare-1001.com/index.html" }, "geometry": { "type": "Point", "coordinates": [ 139.6056676, 35.4338793 ] } },
{ "type": "Feature", "properties": { "内容": "おはなケアマネステーション【居宅介護支援】神奈川県横浜市南区弘明寺町112-12ネオックス弘明寺102", "url": "https://www.kaigokensaku.mhlw.go.jp/14/index.php?action_kouhyou_detail_004_kani=true&JigyosyoCd=1470503564-00&ServiceCd=430&Type=search", "url2": "https://shadan-ohana.jp" }, "geometry": { "type": "Point", "coordinates": [ 139.59943770000001, 35.4246672 ] } },
{ "type": "Feature", "properties": { "内容": "りあんケアプランセンター東戸塚【居宅介護支援】神奈川県横浜市南区六ッ川4丁目1171番地", "url": "https://www.kaigokensaku.mhlw.go.jp/14/index.php?action_kouhyou_detail_004_kani=true&JigyosyoCd=1470301795-00&ServiceCd=430&Type=search", "url2": "https://www.ns-care.jp/careplan_nsk.php" }, "geometry": { "type": "Point", "coordinates": [ 139.570066237134284, 35.425556821453405 ] } },
{ "type": "Feature", "properties": { "内容": "居宅介護支援事業所　はんどケア【居宅介護支援】神奈川県横浜市南区永楽町１丁目１６番地５ハイツ横浜２階２０４号室", "url": "https://www.kaigokensaku.mhlw.go.jp/14/index.php?action_kouhyou_detail_004_kani=true&JigyosyoCd=1470402734-00&ServiceCd=430&Type=search", "url2": "http://hp.kaipoke.biz/99n/" }, "geometry": { "type": "Point", "coordinates": [ 139.631623653013548, 35.437920593320165 ] } },
{ "type": "Feature", "properties": { "内容": "横浜市福祉サービス協会　南介護事務所【居宅介護支援】神奈川県横浜市南区通町４-77浜銀弘明寺ビル３階", "url": "https://www.kaigokensaku.mhlw.go.jp/14/index.php?action_kouhyou_detail_004_kani=true&JigyosyoCd=1470500024-00&ServiceCd=430&Type=search", "url2": "https://www.hama-wel.or.jp/" }, "geometry": { "type": "Point", "coordinates": [ 139.602648600000066, 35.4251268 ] } },
{ "type": "Feature", "properties": { "内容": "居宅介護支援センター　白朋苑【居宅介護支援】神奈川県横浜市南区大岡5-14-21", "url": "https://www.kaigokensaku.mhlw.go.jp/14/index.php?action_kouhyou_detail_004_kani=true&JigyosyoCd=1470500057-00&ServiceCd=430&Type=search", "url2": "https://hakuhouen.or.jp/kyotaku.html" }, "geometry": { "type": "Point", "coordinates": [ 139.59834909999995, 35.4125284 ] } },
{ "type": "Feature", "properties": { "内容": "横浜市大岡地域ケアプラザ【居宅介護支援】神奈川県横浜市南区大岡1-14-1", "url": "https://www.kaigokensaku.mhlw.go.jp/14/index.php?action_kouhyou_detail_004_kani=true&JigyosyoCd=1470500065-00&ServiceCd=430&Type=search", "url2": "https://www.ysjk.jp/oooka/" }, "geometry": { "type": "Point", "coordinates": [ 139.605023299999971, 35.4237965 ] } },
{ "type": "Feature", "properties": { "内容": "一般社団法人南区医師会　居宅介護支援センター【居宅介護支援】神奈川県横浜市南区宿町四丁目76番地の１2F", "url": "https://www.kaigokensaku.mhlw.go.jp/14/index.php?action_kouhyou_detail_004_kani=true&JigyosyoCd=1470500123-00&ServiceCd=430&Type=search", "url2": "http://www.bekkoame.ne.jp/~minami.dns/" }, "geometry": { "type": "Point", "coordinates": [ 139.608001734193635, 35.429410992154246 ] } },
{ "type": "Feature", "properties": { "内容": "横浜市永田地域ケアプラザ【居宅介護支援】神奈川県横浜市南区永田南2-16-31", "url": "https://www.kaigokensaku.mhlw.go.jp/14/index.php?action_kouhyou_detail_004_kani=true&JigyosyoCd=1470500131-00&ServiceCd=430&Type=search", "url2": "https://yoko-fukushi.or.jp/" }, "geometry": { "type": "Point", "coordinates": [ 139.592083199999934, 35.4300484 ] } },
{ "type": "Feature", "properties": { "内容": "フルライフ横浜【居宅介護支援】神奈川県横浜市南区山王町3-24-8港横浜ビル4階", "url": "https://www.kaigokensaku.mhlw.go.jp/14/index.php?action_kouhyou_detail_004_kani=true&JigyosyoCd=1470500164-00&ServiceCd=430&Type=search", "url2": "https://www.fulllife.co.jp/" }, "geometry": { "type": "Point", "coordinates": [ 139.619244023339888, 35.436171898093313 ] } },
{ "type": "Feature", "properties": { "内容": "横浜市六ツ川地域ケアプラザ【居宅介護支援】神奈川県横浜市南区六ツ川2-3-211", "url": "https://www.kaigokensaku.mhlw.go.jp/14/index.php?action_kouhyou_detail_004_kani=true&JigyosyoCd=1470500248-00&ServiceCd=430&Type=search", "url2": "https://www.mutukawa.net/careplan.html" }, "geometry": { "type": "Point", "coordinates": [ 139.5832868, 35.420691 ] } },
{ "type": "Feature", "properties": { "内容": "横浜市浦舟地域ケアプラザ【居宅介護支援】神奈川県横浜市南区浦舟町3-46浦舟複合福祉施設", "url": "https://www.kaigokensaku.mhlw.go.jp/14/index.php?action_kouhyou_detail_004_kani=true&JigyosyoCd=1470500933-00&ServiceCd=430&Type=search", "url2": "http://www.hama-wel.or.jp/office/urafunecare/" }, "geometry": { "type": "Point", "coordinates": [ 139.625907200000029, 35.4341535 ] } },
{ "type": "Feature", "properties": { "内容": "桜樹の森介護保険センター【居宅介護支援】神奈川県横浜市南区通町4-94神奈中弘明寺ビル2階", "url": "https://www.kaigokensaku.mhlw.go.jp/14/index.php?action_kouhyou_detail_004_kani=true&JigyosyoCd=1470500941-00&ServiceCd=430&Type=search", "url2": "http://www.shuhokai.or.jp" }, "geometry": { "type": "Point", "coordinates": [ 139.602209799999969, 35.4242436 ] } },
{ "type": "Feature", "properties": { "内容": "まごの手介護サービス【居宅介護支援】神奈川県横浜市南区吉野町2-5-1石田ビル702", "url": "https://www.kaigokensaku.mhlw.go.jp/14/index.php?action_kouhyou_detail_004_kani=true&JigyosyoCd=1470500966-00&ServiceCd=430&Type=search", "url2": null }, "geometry": { "type": "Point", "coordinates": [ 139.6208825, 35.4358865 ] } },
{ "type": "Feature", "properties": { "内容": "香樹の里サポートセンター【居宅介護支援】神奈川県横浜市南区六ツ川4丁目1234番45", "url": "https://www.kaigokensaku.mhlw.go.jp/14/index.php?action_kouhyou_detail_004_kani=true&JigyosyoCd=1470501196-00&ServiceCd=430&Type=search", "url2": "http://www.kusunoki.or.jp/" }, "geometry": { "type": "Point", "coordinates": [ 139.576080652114911, 35.422654098666989 ] } },
{ "type": "Feature", "properties": { "内容": "横浜市福祉サービス協会　はーとプランみなみ【居宅介護支援】神奈川県横浜市南区通町４-77浜銀弘明寺ビル３階", "url": "https://www.kaigokensaku.mhlw.go.jp/14/index.php?action_kouhyou_detail_004_kani=true&JigyosyoCd=1470501501-00&ServiceCd=430&Type=search", "url2": "https://www.hama-wel.or.jp/" }, "geometry": { "type": "Point", "coordinates": [ 139.602648600000066, 35.4251268 ] } },
{ "type": "Feature", "properties": { "内容": "セントケア横浜【居宅介護支援】神奈川県横浜市南区永田東1-1-7アーバンフラット井土ヶ谷2F", "url": "https://www.kaigokensaku.mhlw.go.jp/14/index.php?action_kouhyou_detail_004_kani=true&JigyosyoCd=1470501527-00&ServiceCd=430&Type=search", "url2": "http://www.saintc-k.com/" }, "geometry": { "type": "Point", "coordinates": [ 139.600343299999963, 35.434134 ] } },
{ "type": "Feature", "properties": { "内容": "ケアウェルサポート横浜【居宅介護支援】神奈川県横浜市南区花之木町2-28-1ハイツ花之木210号室", "url": "https://www.kaigokensaku.mhlw.go.jp/14/index.php?action_kouhyou_detail_004_kani=true&JigyosyoCd=1470501675-00&ServiceCd=430&Type=search", "url2": "http://www.carewell.co.jp/" }, "geometry": { "type": "Point", "coordinates": [ 139.610688490614649, 35.433410310730331 ] } },
{ "type": "Feature", "properties": { "内容": "ケアマネジメントサービス・こみゅにてぃ【居宅介護支援】神奈川県横浜市南区南太田３丁目2-15", "url": "https://www.kaigokensaku.mhlw.go.jp/14/index.php?action_kouhyou_detail_004_kani=true&JigyosyoCd=1470501956-00&ServiceCd=430&Type=search", "url2": "http://hp.kaipoke.biz/zf2/" }, "geometry": { "type": "Point", "coordinates": [ 139.606208043017034, 35.434805686560743 ] } },
{ "type": "Feature", "properties": { "内容": "さかえケアステーション【居宅介護支援】神奈川県横浜市南区中村町1-10-1", "url": "https://www.kaigokensaku.mhlw.go.jp/14/index.php?action_kouhyou_detail_004_kani=true&JigyosyoCd=1470502087-00&ServiceCd=430&Type=search", "url2": null }, "geometry": { "type": "Point", "coordinates": [ 139.6343872, 35.4355977 ] } },
{ "type": "Feature", "properties": { "内容": "ケアステーション　すみれ　居宅介護支援事業部【居宅介護支援】神奈川県横浜市南区宿町2-53秋本ビル201", "url": "https://www.kaigokensaku.mhlw.go.jp/14/index.php?action_kouhyou_detail_004_kani=true&JigyosyoCd=1470502145-00&ServiceCd=430&Type=search", "url2": null }, "geometry": { "type": "Point", "coordinates": [ 139.6085951, 35.4301484 ] } },
{ "type": "Feature", "properties": { "内容": "ケアプラン　りんく【居宅介護支援】神奈川県横浜市南区宿町1-18野田ビル2F", "url": "https://www.kaigokensaku.mhlw.go.jp/14/index.php?action_kouhyou_detail_004_kani=true&JigyosyoCd=1470502178-00&ServiceCd=430&Type=search", "url2": "http://www.sakura-tv.info/index.html/" }, "geometry": { "type": "Point", "coordinates": [ 139.612297500000068, 35.4328481 ] } },
{ "type": "Feature", "properties": { "内容": "カイトケアサービス【居宅介護支援】神奈川県横浜市南区六ッ川1丁目693-73サンシティビル201", "url": "https://www.kaigokensaku.mhlw.go.jp/14/index.php?action_kouhyou_detail_004_kani=true&JigyosyoCd=1470502384-00&ServiceCd=430&Type=search", "url2": "http://care-net.biz/14/kaito/" }, "geometry": { "type": "Point", "coordinates": [ 139.584975791311081, 35.424006511765043 ] } },
{ "type": "Feature", "properties": { "内容": "居宅介護支援ワン【居宅介護支援】神奈川県横浜市南区永田みなみ台1番1-607号南永田団地1番1-607号", "url": "https://www.kaigokensaku.mhlw.go.jp/14/index.php?action_kouhyou_detail_004_kani=true&JigyosyoCd=1470502467-00&ServiceCd=430&Type=search", "url2": "ワン.com" }, "geometry": { "type": "Point", "coordinates": [ 139.585042199999947, 35.430867600000042 ] } },
{ "type": "Feature", "properties": { "内容": "居宅介護支援事業所　ささえ【居宅介護支援】神奈川県横浜市南区永田北二丁目５４番６号ボンエルフ１０７号", "url": "https://www.kaigokensaku.mhlw.go.jp/14/index.php?action_kouhyou_detail_004_kani=true&JigyosyoCd=1470502475-00&ServiceCd=430&Type=search", "url2": null }, "geometry": { "type": "Point", "coordinates": [ 139.5883225, 35.4382529 ] } },
{ "type": "Feature", "properties": { "内容": "横浜市清水ケ丘地域ケアプラザ【居宅介護支援】神奈川県横浜市南区清水ヶ丘49番地", "url": "https://www.kaigokensaku.mhlw.go.jp/14/index.php?action_kouhyou_detail_004_kani=true&JigyosyoCd=1470502889-00&ServiceCd=430&Type=search", "url2": "http://www.hama-wel.or.jp/office/shimizugaoka/" }, "geometry": { "type": "Point", "coordinates": [ 139.609494899999959, 35.4391111 ] } },
{ "type": "Feature", "properties": { "内容": "居宅介護支援あいりす【居宅介護支援】神奈川県横浜市南区永田北1-16-8", "url": "https://www.kaigokensaku.mhlw.go.jp/14/index.php?action_kouhyou_detail_004_kani=true&JigyosyoCd=1470502897-00&ServiceCd=430&Type=search", "url2": "http://hp.kaipoke.biz/6ke/" }, "geometry": { "type": "Point", "coordinates": [ 139.591674900000044, 35.4389861 ] } },
{ "type": "Feature", "properties": { "内容": "ぴぃすサポート【居宅介護支援】神奈川県横浜市南区大橋町2-37メゾン・ルレーヴ　1階", "url": "https://www.kaigokensaku.mhlw.go.jp/14/index.php?action_kouhyou_detail_004_kani=true&JigyosyoCd=1470503036-00&ServiceCd=430&Type=search", "url2": "https://www.ps-minami.net/" }, "geometry": { "type": "Point", "coordinates": [ 139.601046599999989, 35.4267061 ] } },
{ "type": "Feature", "properties": { "内容": "若武者ケア南　居宅介護支援事業所【居宅介護支援】神奈川県横浜市南区南太田1-32-21JF　ISHIWATA　401", "url": "https://www.kaigokensaku.mhlw.go.jp/14/index.php?action_kouhyou_detail_004_kani=true&JigyosyoCd=1470503085-00&ServiceCd=430&Type=search", "url2": null }, "geometry": { "type": "Point", "coordinates": [ 139.616186385319452, 35.438451076612374 ] } },
{ "type": "Feature", "properties": { "内容": "相談支援センターにじ【居宅介護支援】神奈川県横浜市南区山王町四丁目28-1ライオンズマンション吉野町105", "url": "https://www.kaigokensaku.mhlw.go.jp/14/index.php?action_kouhyou_detail_004_kani=true&JigyosyoCd=1470503119-00&ServiceCd=430&Type=search", "url2": "http://www.rainbow-yokohamasouthward.com" }, "geometry": { "type": "Point", "coordinates": [ 139.6176734, 35.4357306 ] } },
{ "type": "Feature", "properties": { "内容": "横浜市別所地域ケアプラザ【居宅介護支援】神奈川県横浜市南区別所1-7-23", "url": "https://www.kaigokensaku.mhlw.go.jp/14/index.php?action_kouhyou_detail_004_kani=true&JigyosyoCd=1470503143-00&ServiceCd=430&Type=search", "url2": "https://bessho-cp.net/" }, "geometry": { "type": "Point", "coordinates": [ 139.596887849737527, 35.416442923112754 ] } },
{ "type": "Feature", "properties": { "内容": "ツクイ横浜上大岡【居宅介護支援】神奈川県横浜市南区別所1-2-5KESビル1階", "url": "https://www.kaigokensaku.mhlw.go.jp/14/index.php?action_kouhyou_detail_004_kani=true&JigyosyoCd=1470503150-00&ServiceCd=430&Type=search", "url2": "https://www.tsukui.net/home-care/2098/" }, "geometry": { "type": "Point", "coordinates": [ 139.5986991, 35.416551 ] } },
{ "type": "Feature", "properties": { "内容": "レストア横浜居宅介護支援センター【居宅介護支援】神奈川県横浜市南区六ッ川3-5-1", "url": "https://www.kaigokensaku.mhlw.go.jp/14/index.php?action_kouhyou_detail_004_kani=true&JigyosyoCd=1470503275-00&ServiceCd=430&Type=search", "url2": "https://restore-y.jp/" }, "geometry": { "type": "Point", "coordinates": [ 139.581439499999988, 35.4209326 ] } },
{ "type": "Feature", "properties": { "内容": "ケアサポート【居宅介護支援】神奈川県横浜市南区六ッ川２丁目123－13サウスMYビル２階", "url": "https://www.kaigokensaku.mhlw.go.jp/14/index.php?action_kouhyou_detail_004_kani=true&JigyosyoCd=1470503317-00&ServiceCd=430&Type=search", "url2": "https://tomiihouse2019.jp/" }, "geometry": { "type": "Point", "coordinates": [ 139.579650314332241, 35.426793231009235 ] } },
{ "type": "Feature", "properties": { "内容": "藍華ケアプランセンター【居宅介護支援】神奈川県横浜市南区六ツ川2-122-2ハタノビル３階", "url": "https://www.kaigokensaku.mhlw.go.jp/14/index.php?action_kouhyou_detail_004_kani=true&JigyosyoCd=1470503341-00&ServiceCd=430&Type=search", "url2": "https://www.aika-care.net/" }, "geometry": { "type": "Point", "coordinates": [ 139.580166316238831, 35.426766098418391 ] } },
{ "type": "Feature", "properties": { "内容": "居宅介護支援センター陽だまり【居宅介護支援】神奈川県横浜市南区堀ノ内町2-132", "url": "https://www.kaigokensaku.mhlw.go.jp/14/index.php?action_kouhyou_detail_004_kani=true&JigyosyoCd=1470701705-00&ServiceCd=430&Type=search", "url2": "http://www.yui-yui.net" }, "geometry": { "type": "Point", "coordinates": [ 139.615542794887602, 35.42804638614264 ] } },
{ "type": "Feature", "properties": { "内容": "マザーライクケアセンター南【居宅介護支援】神奈川県横浜市南区井土ヶ谷中町44-3ライオンズマンションワイドリバー井土ヶ谷102号", "url": "https://www.kaigokensaku.mhlw.go.jp/14/index.php?action_kouhyou_detail_004_kani=true&JigyosyoCd=1470502343-00&ServiceCd=430&Type=search", "url2": "https://www.motherlike.co.jp/" }, "geometry": { "type": "Point", "coordinates": [ 139.603387399999974, 35.4306622 ] } },
{ "type": "Feature", "properties": { "内容": "アズミメディケアサービス神奈川【居宅介護支援】神奈川県横浜市南区真金町１－７エスティハイム１階", "url": "https://www.kaigokensaku.mhlw.go.jp/14/index.php?action_kouhyou_detail_004_kani=true&JigyosyoCd=1460590067-00&ServiceCd=430&Type=search", "url2": null }, "geometry": { "type": "Point", "coordinates": [ 139.6307458, 35.436467 ] } },
{ "type": "Feature", "properties": { "内容": "ケアシップ【居宅介護支援】神奈川県横浜市南区前里町3-55フロムファースト1Ｆ", "url": "https://www.kaigokensaku.mhlw.go.jp/14/index.php?action_kouhyou_detail_004_kani=true&JigyosyoCd=1470402445-00&ServiceCd=430&Type=search", "url2": "https://www.care-ship.com" }, "geometry": { "type": "Point", "coordinates": [ 139.619780239781221, 35.439474536682184 ] } },
{ "type": "Feature", "properties": { "内容": "横浜市睦地域ケアプラザ　居宅介護支援センター【居宅介護支援】神奈川県横浜市南区睦町1-31-1", "url": "https://www.kaigokensaku.mhlw.go.jp/14/index.php?action_kouhyou_detail_004_kani=true&JigyosyoCd=1470500750-00&ServiceCd=430&Type=search", "url2": "http://www.yui-yui.net/" }, "geometry": { "type": "Point", "coordinates": [ 139.6174191, 35.4302818 ] } },
{ "type": "Feature", "properties": { "内容": "居宅介護支援事業所　ソラスト横浜【居宅介護支援】神奈川県横浜市南区前里町4-102高山ビル202", "url": "https://www.kaigokensaku.mhlw.go.jp/14/index.php?action_kouhyou_detail_004_kani=true&JigyosyoCd=1470500800-00&ServiceCd=430&Type=search", "url2": "https://www.solasto.co.jp" }, "geometry": { "type": "Point", "coordinates": [ 139.61705, 35.438131 ] } },
{ "type": "Feature", "properties": { "内容": "ゆめのぞみ南　居宅介護支援事業所【居宅介護支援】神奈川県横浜市南区井土ケ谷中町161大八ビル302", "url": "https://www.kaigokensaku.mhlw.go.jp/14/index.php?action_kouhyou_detail_004_kani=true&JigyosyoCd=1470501311-00&ServiceCd=430&Type=search", "url2": "https://www.regiol.co.jp/" }, "geometry": { "type": "Point", "coordinates": [ 139.601024814155608, 35.433641516558289 ] } },
{ "type": "Feature", "properties": { "内容": "横浜市中村地域ケアプラザ　介護保険センター【居宅介護支援】神奈川県横浜市南区中村町2-120-3", "url": "https://www.kaigokensaku.mhlw.go.jp/14/index.php?action_kouhyou_detail_004_kani=true&JigyosyoCd=1470501402-00&ServiceCd=430&Type=search", "url2": "https://shuhokai.or.jp/office/minami-ku/cm-nakamura.php" }, "geometry": { "type": "Point", "coordinates": [ 139.632412400000021, 35.4345756 ] } },
{ "type": "Feature", "properties": { "内容": "在宅支援センター薫【居宅介護支援】神奈川県横浜市南区南太田２－１－５５ルビーハイム101", "url": "https://www.kaigokensaku.mhlw.go.jp/14/index.php?action_kouhyou_detail_004_kani=true&JigyosyoCd=1470501766-00&ServiceCd=430&Type=search", "url2": "https://www.shouei-care.com" }, "geometry": { "type": "Point", "coordinates": [ 139.6112726, 35.4358865 ] } },
{ "type": "Feature", "properties": { "内容": "南永田桜樹の森介護保険センター【居宅介護支援】神奈川県横浜市南区永田南1-2-37", "url": "https://www.kaigokensaku.mhlw.go.jp/14/index.php?action_kouhyou_detail_004_kani=true&JigyosyoCd=1470501824-00&ServiceCd=430&Type=search", "url2": "https://shuhokai.or.jp" }, "geometry": { "type": "Point", "coordinates": [ 139.597143700000061, 35.4287763 ] } },
{ "type": "Feature", "properties": { "内容": "ケアサービス　ホクゼン南【居宅介護支援】神奈川県横浜市南区南吉田町5丁目45番地岡田ビル1Ｆ", "url": "https://www.kaigokensaku.mhlw.go.jp/14/index.php?action_kouhyou_detail_004_kani=true&JigyosyoCd=1470502327-00&ServiceCd=430&Type=search", "url2": "https://www.hokuzen.co.jp" }, "geometry": { "type": "Point", "coordinates": [ 139.616934319712897, 35.435988251372059 ] } },
{ "type": "Feature", "properties": { "内容": "あんしんケア南【居宅介護支援】神奈川県横浜市南区万世町2-23-1ポートヴィラAK1F", "url": "https://www.kaigokensaku.mhlw.go.jp/14/index.php?action_kouhyou_detail_004_kani=true&JigyosyoCd=1470502376-00&ServiceCd=430&Type=search", "url2": "https://www.an-shin.co.jp/" }, "geometry": { "type": "Point", "coordinates": [ 139.631451299999981, 35.4360948 ] } },
{ "type": "Feature", "properties": { "内容": "マイケアプラン　みのり【居宅介護支援】神奈川県横浜市南区堀ノ内町2-136-3", "url": "https://www.kaigokensaku.mhlw.go.jp/14/index.php?action_kouhyou_detail_004_kani=true&JigyosyoCd=1470502855-00&ServiceCd=430&Type=search", "url2": "http://minori-care.jp/publics/index/27/" }, "geometry": { "type": "Point", "coordinates": [ 139.615685809219741, 35.429554407927846 ] } },
{ "type": "Feature", "properties": { "内容": "りずむ・居宅介護支援みなみ【居宅介護支援】神奈川県横浜市南区宮元町1丁目9-1クリオ吉野町弐番館　705号室", "url": "https://www.kaigokensaku.mhlw.go.jp/14/index.php?action_kouhyou_detail_004_kani=true&JigyosyoCd=1470503051-00&ServiceCd=430&Type=search", "url2": null }, "geometry": { "type": "Point", "coordinates": [ 139.614973599999985, 35.4333926 ] } },
{ "type": "Feature", "properties": { "内容": "居宅介護支援事業所つばさ【居宅介護支援】神奈川県横浜市南区永田東2-4-21", "url": "https://www.kaigokensaku.mhlw.go.jp/14/index.php?action_kouhyou_detail_004_kani=true&JigyosyoCd=1470503069-00&ServiceCd=430&Type=search", "url2": null }, "geometry": { "type": "Point", "coordinates": [ 139.596482700000024, 35.436136500000039 ] } },
{ "type": "Feature", "properties": { "内容": "ひとはな　南【居宅介護支援】神奈川県横浜市南区井土ヶ谷上町16-20サウスネスト1F", "url": "https://www.kaigokensaku.mhlw.go.jp/14/index.php?action_kouhyou_detail_004_kani=true&JigyosyoCd=1470503432-00&ServiceCd=430&Type=search", "url2": "https://hitohana.co.jp/cmminami.html" }, "geometry": { "type": "Point", "coordinates": [ 139.597476900000032, 35.431445600000011 ] } },
{ "type": "Feature", "properties": { "内容": "エール福祉協会・南【居宅介護支援】神奈川県横浜市南区宮元町３－５９飯倉ビル302号", "url": "https://www.kaigokensaku.mhlw.go.jp/14/index.php?action_kouhyou_detail_004_kani=true&JigyosyoCd=1470503499-00&ServiceCd=430&Type=search", "url2": "http://yale-fukushi.jp/access" }, "geometry": { "type": "Point", "coordinates": [ 139.60993160000001, 35.4296906 ] } },
{ "type": "Feature", "properties": { "内容": "ケアオフィス・とく【居宅介護支援】神奈川県横浜市南区井土ヶ谷下町１９－１糸川マンション４０３号", "url": "https://www.kaigokensaku.mhlw.go.jp/14/index.php?action_kouhyou_detail_004_kani=true&JigyosyoCd=1470701507-00&ServiceCd=430&Type=search", "url2": null }, "geometry": { "type": "Point", "coordinates": [ 139.603347894324571, 35.4325373513879 ] } },
{ "type": "Feature", "properties": { "内容": "Ｅａｒｔｈ【居宅介護支援】神奈川県横浜市南区白妙町5-69アタックビル3F", "url": "https://www.kaigokensaku.mhlw.go.jp/14/index.php?action_kouhyou_detail_004_kani=true&JigyosyoCd=1470503556-00&ServiceCd=430&Type=search", "url2": "https://r-free.co.jp/#feature" }, "geometry": { "type": "Point", "coordinates": [ 139.623543399999988, 35.4346071 ] } },
{ "type": "Feature", "properties": { "内容": "ケアマネ愛あいリハビリ訪問看護ステーション【居宅介護支援】神奈川県横浜市南区六ツ川2－10－13", "url": "https://www.kaigokensaku.mhlw.go.jp/14/index.php?action_kouhyou_detail_004_kani=true&JigyosyoCd=1460590166-00&ServiceCd=430&Type=search", "url2": "http://www.aiaikango.net/" }, "geometry": { "type": "Point", "coordinates": [ 139.5847728, 35.4222548 ] } },
{ "type": "Feature", "properties": { "内容": "有限会社ドリームアップサービス【居宅介護支援】神奈川県横浜市保土ケ谷区西谷3-4-8", "url": "https://www.kaigokensaku.mhlw.go.jp/14/index.php?action_kouhyou_detail_004_kani=true&JigyosyoCd=1470600253-00&ServiceCd=430&Type=search", "url2": "http://hp.kaipoke.biz/19x/" }, "geometry": { "type": "Point", "coordinates": [ 139.571363857672196, 35.475036819716365 ] } },
{ "type": "Feature", "properties": { "内容": "アール・クラ横浜ヒルズ　居宅介護支援事業所【居宅介護支援】神奈川県横浜市保土ケ谷区東川島町２０－１６雅ビルド１０１", "url": "https://www.kaigokensaku.mhlw.go.jp/14/index.php?action_kouhyou_detail_004_kani=true&JigyosyoCd=1470602952-00&ServiceCd=430&Type=search", "url2": "https://www.recare-1001.com" }, "geometry": { "type": "Point", "coordinates": [ 139.5742439, 35.4730134 ] } },
{ "type": "Feature", "properties": { "内容": "ケアマネジメント　ボンド【居宅介護支援】神奈川県横浜市保土ヶ谷区西久保町544A", "url": "https://www.kaigokensaku.mhlw.go.jp/14/index.php?action_kouhyou_detail_004_kani=true&JigyosyoCd=1470602960-00&ServiceCd=430&Type=search", "url2": null }, "geometry": { "type": "Point", "coordinates": [ 139.603199499999988, 35.4503865 ] } },
{ "type": "Feature", "properties": { "内容": "マザーライクケアセンター保土ヶ谷【居宅介護支援】神奈川県横浜市保土ヶ谷区新井町463ニューハイツ石井B13", "url": "https://www.kaigokensaku.mhlw.go.jp/14/index.php?action_kouhyou_detail_004_kani=true&JigyosyoCd=1470601780-00&ServiceCd=430&Type=search", "url2": "http://www.motherlike.co.jp" }, "geometry": { "type": "Point", "coordinates": [ 139.552057161871318, 35.491119996810674 ] } },
{ "type": "Feature", "properties": { "内容": "介護老人保健施設ユトリアム【居宅介護支援】神奈川県横浜市保土ケ谷区狩場町200-7", "url": "https://www.kaigokensaku.mhlw.go.jp/14/index.php?action_kouhyou_detail_004_kani=true&JigyosyoCd=1450680009-00&ServiceCd=430&Type=search", "url2": "http://yutoriam.com/" }, "geometry": { "type": "Point", "coordinates": [ 139.576157880950859, 35.440579472032418 ] } },
{ "type": "Feature", "properties": { "内容": "あおぞら・てらん訪問看護ステーション【居宅介護支援】神奈川県横浜市保土ケ谷区新井町463番地3ウエルストーン1階A-23", "url": "https://www.kaigokensaku.mhlw.go.jp/14/index.php?action_kouhyou_detail_004_kani=true&JigyosyoCd=1460690016-00&ServiceCd=430&Type=search", "url2": "https://ateran-web.jimdosite.com/" }, "geometry": { "type": "Point", "coordinates": [ 139.552033503667928, 35.490796819639577 ] } },
{ "type": "Feature", "properties": { "内容": "みんなの訪問看護リハビリステーション【居宅介護支援】神奈川県横浜市保土ヶ谷区境木町114-1", "url": "https://www.kaigokensaku.mhlw.go.jp/14/index.php?action_kouhyou_detail_004_kani=true&JigyosyoCd=1460690099-00&ServiceCd=430&Type=search", "url2": "http://www.minnano-kango.jp/" }, "geometry": { "type": "Point", "coordinates": [ 139.560729029475624, 35.437061016285064 ] } },
{ "type": "Feature", "properties": { "内容": "よつば苑ケアプランセンター【居宅介護支援】神奈川県横浜市保土ヶ谷区狩場町200-9", "url": "https://www.kaigokensaku.mhlw.go.jp/14/index.php?action_kouhyou_detail_004_kani=true&JigyosyoCd=1470503010-00&ServiceCd=430&Type=search", "url2": "http://www.fuku-ikuseikai.com" }, "geometry": { "type": "Point", "coordinates": [ 139.576550399999974, 35.4406558 ] } },
{ "type": "Feature", "properties": { "内容": "さわやか苑【居宅介護支援】神奈川県横浜市保土ケ谷区上菅田町1723-1", "url": "https://www.kaigokensaku.mhlw.go.jp/14/index.php?action_kouhyou_detail_004_kani=true&JigyosyoCd=1470600022-00&ServiceCd=430&Type=search", "url2": "http://seikoukai-fukushi.or.jp" }, "geometry": { "type": "Point", "coordinates": [ 139.551229700000022, 35.4951034 ] } },
{ "type": "Feature", "properties": { "内容": "上菅田地域ケアプラザ【居宅介護支援】神奈川県横浜市保土ケ谷区上菅田町１６９６", "url": "https://www.kaigokensaku.mhlw.go.jp/14/index.php?action_kouhyou_detail_004_kani=true&JigyosyoCd=1470600048-00&ServiceCd=430&Type=search", "url2": "http://www.douaikai.com/" }, "geometry": { "type": "Point", "coordinates": [ 139.553371199999987, 35.4950312 ] } },
{ "type": "Feature", "properties": { "内容": "あっぷる保土ヶ谷ケアステーション【居宅介護支援】神奈川県横浜市保土ケ谷区天王町2-45-51あっぷるビル3階", "url": "https://www.kaigokensaku.mhlw.go.jp/14/index.php?action_kouhyou_detail_004_kani=true&JigyosyoCd=1470600055-00&ServiceCd=430&Type=search", "url2": "http://www.apple-kaigo.co.jp" }, "geometry": { "type": "Point", "coordinates": [ 139.60208149999994, 35.454426 ] } },
{ "type": "Feature", "properties": { "内容": "横浜市岩崎地域ケアプラザ【居宅介護支援】神奈川県横浜市保土ケ谷区岩崎町37番5号", "url": "https://www.kaigokensaku.mhlw.go.jp/14/index.php?action_kouhyou_detail_004_kani=true&JigyosyoCd=1470600063-00&ServiceCd=430&Type=search", "url2": "https://nadeshiko.or.jp/" }, "geometry": { "type": "Point", "coordinates": [ 139.58185320000004, 35.447996 ] } },
{ "type": "Feature", "properties": { "内容": "横浜市今井地域ケアプラザ【居宅介護支援】神奈川県横浜市保土ケ谷区今井町412-8", "url": "https://www.kaigokensaku.mhlw.go.jp/14/index.php?action_kouhyou_detail_004_kani=true&JigyosyoCd=1470600071-00&ServiceCd=430&Type=search", "url2": "https://seikoukai-group.or.jp/" }, "geometry": { "type": "Point", "coordinates": [ 139.559813100000014, 35.4520532 ] } },
{ "type": "Feature", "properties": { "内容": "指定居宅介護支援事業者　かわしまホーム【居宅介護支援】神奈川県横浜市保土ケ谷区川島町1514-2", "url": "https://www.kaigokensaku.mhlw.go.jp/14/index.php?action_kouhyou_detail_004_kani=true&JigyosyoCd=1470600089-00&ServiceCd=430&Type=search", "url2": "http://www.fukushi-kousaikai.or.jp" }, "geometry": { "type": "Point", "coordinates": [ 139.563751599999932, 35.466596 ] } },
{ "type": "Feature", "properties": { "内容": "保土ケ谷区医師会　居宅支援センター【居宅介護支援】神奈川県横浜市保土ケ谷区天王町1-21", "url": "https://www.kaigokensaku.mhlw.go.jp/14/index.php?action_kouhyou_detail_004_kani=true&JigyosyoCd=1470600105-00&ServiceCd=430&Type=search", "url2": "http://www.hodogaya-med.org" }, "geometry": { "type": "Point", "coordinates": [ 139.602667691148099, 35.457536834756588 ] } },
{ "type": "Feature", "properties": { "内容": "横浜白光会　今井の郷【居宅介護支援】神奈川県横浜市保土ケ谷区今井町７３３－２", "url": "https://www.kaigokensaku.mhlw.go.jp/14/index.php?action_kouhyou_detail_004_kani=true&JigyosyoCd=1470600154-00&ServiceCd=430&Type=search", "url2": "http://www.imainosato.jp/" }, "geometry": { "type": "Point", "coordinates": [ 139.5515749, 35.4496644 ] } },
{ "type": "Feature", "properties": { "内容": "横浜市星川地域ケアプラザ【居宅介護支援】神奈川県横浜市保土ケ谷区川辺町５－１１", "url": "https://www.kaigokensaku.mhlw.go.jp/14/index.php?action_kouhyou_detail_004_kani=true&JigyosyoCd=1470600501-00&ServiceCd=430&Type=search", "url2": "http://www.hama-wel.or.jp/office/hoshikawa/" }, "geometry": { "type": "Point", "coordinates": [ 139.595346, 35.4594087 ] } },
{ "type": "Feature", "properties": { "内容": "横浜市福祉サービス協会　保土ケ谷介護事務所【居宅介護支援】神奈川県横浜市保土ヶ谷区宮田町1-5-10高梨医療ビル4階", "url": "https://www.kaigokensaku.mhlw.go.jp/14/index.php?action_kouhyou_detail_004_kani=true&JigyosyoCd=1470600519-00&ServiceCd=430&Type=search", "url2": "http://www.hama-wel.or.jp/branch/detail/hodogaya/" }, "geometry": { "type": "Point", "coordinates": [ 139.6044561, 35.4581755 ] } },
{ "type": "Feature", "properties": { "内容": "居宅介護支援事業所　リ・ボーン【居宅介護支援】神奈川県横浜市保土ケ谷区仏向町247-1", "url": "https://www.kaigokensaku.mhlw.go.jp/14/index.php?action_kouhyou_detail_004_kani=true&JigyosyoCd=1470600873-00&ServiceCd=430&Type=search", "url2": null }, "geometry": { "type": "Point", "coordinates": [ 139.581687852114896, 35.463808407595465 ] } },
{ "type": "Feature", "properties": { "内容": "介護支援センターひまわり【居宅介護支援】神奈川県横浜市保土ケ谷区天王町1-16-1山崎ビル1階101号", "url": "https://www.kaigokensaku.mhlw.go.jp/14/index.php?action_kouhyou_detail_004_kani=true&JigyosyoCd=1470601194-00&ServiceCd=430&Type=search", "url2": "https://www.himawari-center.co.jb" }, "geometry": { "type": "Point", "coordinates": [ 139.604395, 35.4566229 ] } },
{ "type": "Feature", "properties": { "内容": "豊穣の大地介護保険センター【居宅介護支援】神奈川県横浜市保土ヶ谷区和田1丁目13番1朋和ビル201号室", "url": "https://www.kaigokensaku.mhlw.go.jp/14/index.php?action_kouhyou_detail_004_kani=true&JigyosyoCd=1470601269-00&ServiceCd=430&Type=search", "url2": "http://www.shuhokai.or.jp" }, "geometry": { "type": "Point", "coordinates": [ 139.58878, 35.4646608 ] } },
{ "type": "Feature", "properties": { "内容": "介護相談センター　シンパシー星川【居宅介護支援】神奈川県横浜市保土ヶ谷区星川３－３－２０クリーンコーポ２０１", "url": "https://www.kaigokensaku.mhlw.go.jp/14/index.php?action_kouhyou_detail_004_kani=true&JigyosyoCd=1470601483-00&ServiceCd=430&Type=search", "url2": null }, "geometry": { "type": "Point", "coordinates": [ 139.588974499999949, 35.4626777 ] } },
{ "type": "Feature", "properties": { "内容": "横浜市川島地域ケアプラザ【居宅介護支援】神奈川県横浜市保土ケ谷区川島町360-2", "url": "https://www.kaigokensaku.mhlw.go.jp/14/index.php?action_kouhyou_detail_004_kani=true&JigyosyoCd=1470601582-00&ServiceCd=430&Type=search", "url2": "http://www.apollon.or.jp" }, "geometry": { "type": "Point", "coordinates": [ 139.57297010000002, 35.4705152 ] } },
{ "type": "Feature", "properties": { "内容": "プランプラン横浜【居宅介護支援】神奈川県横浜市保土ヶ谷区岩井町２５ＳＴビル３０２号室", "url": "https://www.kaigokensaku.mhlw.go.jp/14/index.php?action_kouhyou_detail_004_kani=true&JigyosyoCd=1470601962-00&ServiceCd=430&Type=search", "url2": null }, "geometry": { "type": "Point", "coordinates": [ 139.597629500000039, 35.4455048 ] } },
{ "type": "Feature", "properties": { "内容": "介護保険センター　寿　上菅田【居宅介護支援】神奈川県横浜市保土ケ谷区西谷4-8-6庄子ビル２F", "url": "https://www.kaigokensaku.mhlw.go.jp/14/index.php?action_kouhyou_detail_004_kani=true&JigyosyoCd=1470602036-00&ServiceCd=430&Type=search", "url2": null }, "geometry": { "type": "Point", "coordinates": [ 139.565598751103977, 35.477140887684129 ] } },
{ "type": "Feature", "properties": { "内容": "居宅介護支援事業所　さくら【居宅介護支援】神奈川県横浜市保土ヶ谷区川島町1515-3", "url": "https://www.kaigokensaku.mhlw.go.jp/14/index.php?action_kouhyou_detail_004_kani=true&JigyosyoCd=1470602382-00&ServiceCd=430&Type=search", "url2": "http://www.fukushi-kousaikai.or.jp" }, "geometry": { "type": "Point", "coordinates": [ 139.564026499999954, 35.4662266 ] } },
{ "type": "Feature", "properties": { "内容": "介護の子鹿【居宅介護支援】神奈川県横浜市保土ヶ谷区西谷3丁目24-27", "url": "https://www.kaigokensaku.mhlw.go.jp/14/index.php?action_kouhyou_detail_004_kani=true&JigyosyoCd=1470602390-00&ServiceCd=430&Type=search", "url2": "http://www.acup.info/kojika/" }, "geometry": { "type": "Point", "coordinates": [ 139.569498655722214, 35.476105353784241 ] } },
{ "type": "Feature", "properties": { "内容": "居宅介護支援事業所はな【居宅介護支援】神奈川県横浜市保土ヶ谷区天王町1－16－1山崎ビル４０３", "url": "https://www.kaigokensaku.mhlw.go.jp/14/index.php?action_kouhyou_detail_004_kani=true&JigyosyoCd=1470602424-00&ServiceCd=430&Type=search", "url2": null }, "geometry": { "type": "Point", "coordinates": [ 139.603336799999965, 35.4560202 ] } },
{ "type": "Feature", "properties": { "内容": "ひとはな　ほどがや【居宅介護支援】神奈川県横浜市保土ケ谷区星川3丁目16-9星川山本ビル1F号室", "url": "https://www.kaigokensaku.mhlw.go.jp/14/index.php?action_kouhyou_detail_004_kani=true&JigyosyoCd=1470602531-00&ServiceCd=430&Type=search", "url2": "https://www.hitohana.co.jp/" }, "geometry": { "type": "Point", "coordinates": [ 139.590236063521871, 35.461011760948992 ] } },
{ "type": "Feature", "properties": { "内容": "シーユーシーケアプランセンター保土ヶ谷【居宅介護支援】神奈川県横浜市保土ヶ谷区東川島町16-10ReHOPE保土ヶ谷事務所内", "url": "https://www.kaigokensaku.mhlw.go.jp/14/index.php?action_kouhyou_detail_004_kani=true&JigyosyoCd=1470602556-00&ServiceCd=430&Type=search", "url2": "https://cuc-hospice.com/" }, "geometry": { "type": "Point", "coordinates": [ 139.57185370000002, 35.4745431 ] } },
{ "type": "Feature", "properties": { "内容": "ツクイ横浜中央ケアプランセンター【居宅介護支援】神奈川県横浜市保土ケ谷区和田1-12-17ホーユウパレス和田町202", "url": "https://www.kaigokensaku.mhlw.go.jp/14/index.php?action_kouhyou_detail_004_kani=true&JigyosyoCd=1470602580-00&ServiceCd=430&Type=search", "url2": "https://www.tsukui.net/company/about.html" }, "geometry": { "type": "Point", "coordinates": [ 139.588551, 35.4650904 ] } },
{ "type": "Feature", "properties": { "内容": "いろり【居宅介護支援】神奈川県横浜市保土ヶ谷区保土ケ谷町1-33ｰ102", "url": "https://www.kaigokensaku.mhlw.go.jp/14/index.php?action_kouhyou_detail_004_kani=true&JigyosyoCd=1470602697-00&ServiceCd=430&Type=search", "url2": null }, "geometry": { "type": "Point", "coordinates": [ 139.594349200000011, 35.4445564 ] } },
{ "type": "Feature", "properties": { "内容": "きてケアプランセンター【居宅介護支援】神奈川県横浜市保土ケ谷区天王町2-42-15光洋天王町ビル306", "url": "https://www.kaigokensaku.mhlw.go.jp/14/index.php?action_kouhyou_detail_004_kani=true&JigyosyoCd=1470602754-00&ServiceCd=430&Type=search", "url2": "https://www.kiteartfactory.jp" }, "geometry": { "type": "Point", "coordinates": [ 139.601178674222382, 35.456500050006802 ] } },
{ "type": "Feature", "properties": { "内容": "かわいいさかなやさんケアマネステーション【居宅介護支援】神奈川県横浜市保土ケ谷区狩場町303－349", "url": "https://www.kaigokensaku.mhlw.go.jp/14/index.php?action_kouhyou_detail_004_kani=true&JigyosyoCd=1470602762-00&ServiceCd=430&Type=search", "url2": "https://hp.kaipoke.biz/23m/index.html" }, "geometry": { "type": "Point", "coordinates": [ 139.5830267, 35.4374069 ] } },
{ "type": "Feature", "properties": { "内容": "ケアマネージメントMORI【居宅介護支援】神奈川県横浜市保土ヶ谷区西谷3-16-3", "url": "https://www.kaigokensaku.mhlw.go.jp/14/index.php?action_kouhyou_detail_004_kani=true&JigyosyoCd=1470602796-00&ServiceCd=430&Type=search", "url2": null }, "geometry": { "type": "Point", "coordinates": [ 139.5674476, 35.4771634 ] } },
{ "type": "Feature", "properties": { "内容": "ツクイ横浜東戸塚ケアプランセンター【居宅介護支援】神奈川県横浜市保土ヶ谷区権太坂3丁目6-1デュオセーヌ横濱東戸塚", "url": "https://www.kaigokensaku.mhlw.go.jp/14/index.php?action_kouhyou_detail_004_kani=true&JigyosyoCd=1471003762-00&ServiceCd=430&Type=search", "url2": "https://www.tsukui.net/" }, "geometry": { "type": "Point", "coordinates": [ 139.574054238755423, 35.43722487070562 ] } },
{ "type": "Feature", "properties": { "内容": "ケアマネジメント・クループラスワン【居宅介護支援】神奈川県横浜市保土ケ谷区西谷３－３５－２２", "url": "https://www.kaigokensaku.mhlw.go.jp/14/index.php?action_kouhyou_detail_004_kani=true&JigyosyoCd=1470600584-00&ServiceCd=430&Type=search", "url2": null }, "geometry": { "type": "Point", "coordinates": [ 139.567508717195039, 35.475779906627679 ] } },
{ "type": "Feature", "properties": { "内容": "あゆみケア【居宅介護支援】神奈川県横浜市保土ケ谷区天王町１－８－６ルミネンス天王町１０２号室", "url": "https://www.kaigokensaku.mhlw.go.jp/14/index.php?action_kouhyou_detail_004_kani=true&JigyosyoCd=1470600600-00&ServiceCd=430&Type=search", "url2": null }, "geometry": { "type": "Point", "coordinates": [ 139.603861482695038, 35.455800035982548 ] } },
{ "type": "Feature", "properties": { "内容": "フルライフ保土ヶ谷【居宅介護支援】神奈川県横浜市保土ケ谷区岩井町1-7保土ヶ谷駅ビル6階", "url": "https://www.kaigokensaku.mhlw.go.jp/14/index.php?action_kouhyou_detail_004_kani=true&JigyosyoCd=1470600790-00&ServiceCd=430&Type=search", "url2": "https://www.fulllife.co.jp" }, "geometry": { "type": "Point", "coordinates": [ 139.599432709617645, 35.447025636449276 ] } },
{ "type": "Feature", "properties": { "内容": "横浜市常盤台地域ケアプラザ【居宅介護支援】神奈川県横浜市保土ケ谷区常盤台５３－２", "url": "https://www.kaigokensaku.mhlw.go.jp/14/index.php?action_kouhyou_detail_004_kani=true&JigyosyoCd=1470601400-00&ServiceCd=430&Type=search", "url2": "http://www.nadeshiko.or.jp/" }, "geometry": { "type": "Point", "coordinates": [ 139.585755100000029, 35.4730403 ] } },
{ "type": "Feature", "properties": { "内容": "風の道ケアサービス【居宅介護支援】神奈川県横浜市保土ヶ谷区坂本町314-6", "url": "https://www.kaigokensaku.mhlw.go.jp/14/index.php?action_kouhyou_detail_004_kani=true&JigyosyoCd=1470602184-00&ServiceCd=430&Type=search", "url2": null }, "geometry": { "type": "Point", "coordinates": [ 139.574734, 35.4629356 ] } },
{ "type": "Feature", "properties": { "内容": "あんしんケア保土ヶ谷【居宅介護支援】神奈川県横浜市保土ヶ谷区岩間町1-6-17レスカル天王町1F", "url": "https://www.kaigokensaku.mhlw.go.jp/14/index.php?action_kouhyou_detail_004_kani=true&JigyosyoCd=1470602200-00&ServiceCd=430&Type=search", "url2": "https://www.an-shin.co.jp" }, "geometry": { "type": "Point", "coordinates": [ 139.602622283602813, 35.453045005890758 ] } },
{ "type": "Feature", "properties": { "内容": "ケアサポート　ファイト【居宅介護支援】神奈川県横浜市保土ケ谷区川島町1498", "url": "https://www.kaigokensaku.mhlw.go.jp/14/index.php?action_kouhyou_detail_004_kani=true&JigyosyoCd=1470602242-00&ServiceCd=430&Type=search", "url2": "https://fightnursing.com/2023/05/23/fight3/" }, "geometry": { "type": "Point", "coordinates": [ 139.561412096078271, 35.467768295704424 ] } },
{ "type": "Feature", "properties": { "内容": "愛パワー【居宅介護支援】神奈川県横浜市保土ヶ谷区星川1-5-25サクラテラス102", "url": "https://www.kaigokensaku.mhlw.go.jp/14/index.php?action_kouhyou_detail_004_kani=true&JigyosyoCd=1470602440-00&ServiceCd=430&Type=search", "url2": null }, "geometry": { "type": "Point", "coordinates": [ 139.594632364715579, 35.457430124039142 ] } },
{ "type": "Feature", "properties": { "内容": "横浜市保土ケ谷地域ケアプラザ【居宅介護支援】神奈川県横浜市保土ケ谷区岩井町143番地2", "url": "https://www.kaigokensaku.mhlw.go.jp/14/index.php?action_kouhyou_detail_004_kani=true&JigyosyoCd=1470602812-00&ServiceCd=430&Type=search", "url2": "https://nadeshiko.or.jp/" }, "geometry": { "type": "Point", "coordinates": [ 139.600312300000013, 35.4460476 ] } },
{ "type": "Feature", "properties": { "内容": "はまいろ居宅介護支援事業所【居宅介護支援】神奈川県横浜市保土ケ谷区新桜ケ丘一丁目28-5-1階", "url": "https://www.kaigokensaku.mhlw.go.jp/14/index.php?action_kouhyou_detail_004_kani=true&JigyosyoCd=1470602820-00&ServiceCd=430&Type=search", "url2": "https://hamairo.jp" }, "geometry": { "type": "Point", "coordinates": [ 139.566197687696871, 35.450661525319113 ] } },
{ "type": "Feature", "properties": { "内容": "いきいきケアステーション保土ケ谷【居宅介護支援】神奈川県横浜市保土ケ谷区天王町1丁目13番地7", "url": "https://www.kaigokensaku.mhlw.go.jp/14/index.php?action_kouhyou_detail_004_kani=true&JigyosyoCd=1470602879-00&ServiceCd=430&Type=search", "url2": "https://te-te.co.jp/" }, "geometry": { "type": "Point", "coordinates": [ 139.6036446, 35.456604 ] } },
{ "type": "Feature", "properties": { "内容": "横浜市仏向地域ケアプラザ【居宅介護支援】神奈川県横浜市保土ケ谷区仏向町1262-3", "url": "https://www.kaigokensaku.mhlw.go.jp/14/index.php?action_kouhyou_detail_004_kani=true&JigyosyoCd=1470601061-00&ServiceCd=430&Type=search", "url2": "https://seikoukai-group.or.jp/bukkoucare/" }, "geometry": { "type": "Point", "coordinates": [ 139.5753535, 35.4559643 ] } },
{ "type": "Feature", "properties": { "内容": "指定居宅介護支援事業所　いちょう【居宅介護支援】神奈川県横浜市保土ケ谷区東川島町14-5", "url": "https://www.kaigokensaku.mhlw.go.jp/14/index.php?action_kouhyou_detail_004_kani=true&JigyosyoCd=1470602846-00&ServiceCd=430&Type=search", "url2": "http://www.fukushi-kousaikai.or.jp" }, "geometry": { "type": "Point", "coordinates": [ 139.5712141, 35.4737281 ] } },
{ "type": "Feature", "properties": { "内容": "おかもとケアプラン横浜【居宅介護支援】神奈川県横浜市保土ケ谷区上菅田町559番地曽根テラス2階", "url": "https://www.kaigokensaku.mhlw.go.jp/14/index.php?action_kouhyou_detail_004_kani=true&JigyosyoCd=1470603000-00&ServiceCd=430&Type=search", "url2": "https://okamoto-hns.com/" }, "geometry": { "type": "Point", "coordinates": [ 139.5737517, 35.4879721 ] } },
{ "type": "Feature", "properties": { "内容": "居宅介護支援事業所けいあい【居宅介護支援】神奈川県横浜市保土ケ谷区西谷町１０１８－２", "url": "https://www.kaigokensaku.mhlw.go.jp/14/index.php?action_kouhyou_detail_004_kani=true&JigyosyoCd=1470601186-00&ServiceCd=430&Type=search", "url2": "http://keishikai.jp/keiai" }, "geometry": { "type": "Point", "coordinates": [ 139.565087299999959, 35.4805416 ] } },
{ "type": "Feature", "properties": { "内容": "ケアプランセンターどれみ【居宅介護支援】神奈川県横浜市保土ケ谷区峰沢町35-1林ビル1階", "url": "https://www.kaigokensaku.mhlw.go.jp/14/index.php?action_kouhyou_detail_004_kani=true&JigyosyoCd=1470203363-00&ServiceCd=430&Type=search", "url2": null }, "geometry": { "type": "Point", "coordinates": [ 139.601351099999988, 35.4770594 ] } },
{ "type": "Feature", "properties": { "内容": "ペンタスケアマネジメント【居宅介護支援】神奈川県横浜市保土ヶ谷区東川島町６２番地２", "url": "https://www.kaigokensaku.mhlw.go.jp/14/index.php?action_kouhyou_detail_004_kani=true&JigyosyoCd=1470602713-00&ServiceCd=430&Type=search", "url2": "https://sites.google.com/pentascare.com/web" }, "geometry": { "type": "Point", "coordinates": [ 139.5785434, 35.476537900000032 ] } },
{ "type": "Feature", "properties": { "内容": "居宅介護支援事業所　ピースサイン【居宅介護支援】神奈川県横浜市保土ヶ谷区上星川1-2-13", "url": "https://www.kaigokensaku.mhlw.go.jp/14/index.php?action_kouhyou_detail_004_kani=true&JigyosyoCd=1470603042-00&ServiceCd=430&Type=search", "url2": null }, "geometry": { "type": "Point", "coordinates": [ 139.579697900000014, 35.4681371 ] } },
{ "type": "Feature", "properties": { "内容": "ケアセンター西谷【居宅介護支援】神奈川県横浜市保土ヶ谷区西谷3-21-7", "url": "https://www.kaigokensaku.mhlw.go.jp/14/index.php?action_kouhyou_detail_004_kani=true&JigyosyoCd=1470601855-00&ServiceCd=430&Type=search", "url2": "http://www.care22.syscrew.ne.jp/" }, "geometry": { "type": "Point", "coordinates": [ 139.568232747221373, 35.476840791094894 ] } },
{ "type": "Feature", "properties": { "内容": "Cizケアプランセンター【居宅介護支援】神奈川県横浜市保土ケ谷区坂本町106-1シーズメディカルホーム保土ヶ谷", "url": "https://www.kaigokensaku.mhlw.go.jp/14/index.php?action_kouhyou_detail_004_kani=true&JigyosyoCd=1470603034-00&ServiceCd=430&Type=search", "url2": "https://medicalhome.citech.co.jp/" }, "geometry": { "type": "Point", "coordinates": [ 139.5791903, 35.4656087 ] } },
{ "type": "Feature", "properties": { "内容": "さくらんぼ【居宅介護支援】神奈川県横浜市磯子区上町１０－８", "url": "https://www.kaigokensaku.mhlw.go.jp/14/index.php?action_kouhyou_detail_004_kani=true&JigyosyoCd=1470701275-00&ServiceCd=430&Type=search", "url2": null }, "geometry": { "type": "Point", "coordinates": [ 139.624505491893046, 35.425952097552504 ] } },
{ "type": "Feature", "properties": { "内容": "株式会社ケアセンターかたかご【居宅介護支援】神奈川県横浜市磯子区氷取沢町１９２－７４", "url": "https://www.kaigokensaku.mhlw.go.jp/14/index.php?action_kouhyou_detail_004_kani=true&JigyosyoCd=1470701168-00&ServiceCd=430&Type=search", "url2": null }, "geometry": { "type": "Point", "coordinates": [ 139.602904599999988, 35.3627875 ] } },
{ "type": "Feature", "properties": { "内容": "ひとはな　ISOGO【居宅介護支援】神奈川県横浜市磯子区西町14番20根岸駅前共同ビル4階403号室", "url": "https://www.kaigokensaku.mhlw.go.jp/14/index.php?action_kouhyou_detail_004_kani=true&JigyosyoCd=1470702232-00&ServiceCd=430&Type=search", "url2": "https://www.hitohana.co.jp/" }, "geometry": { "type": "Point", "coordinates": [ 139.6331251, 35.4157905 ] } },
{ "type": "Feature", "properties": { "内容": "中原苑【居宅介護支援】神奈川県横浜市磯子区中原3-6-10", "url": "https://www.kaigokensaku.mhlw.go.jp/14/index.php?action_kouhyou_detail_004_kani=true&JigyosyoCd=1470700012-00&ServiceCd=430&Type=search", "url2": "https://nakaharaen.com/service/yobou/" }, "geometry": { "type": "Point", "coordinates": [ 139.612428300000033, 35.3887373 ] } },
{ "type": "Feature", "properties": { "内容": "森が丘介護支援センター【居宅介護支援】神奈川県横浜市磯子区森が丘１－１３－１１", "url": "https://www.kaigokensaku.mhlw.go.jp/14/index.php?action_kouhyou_detail_004_kani=true&JigyosyoCd=1470700020-00&ServiceCd=430&Type=search", "url2": null }, "geometry": { "type": "Point", "coordinates": [ 139.601343199999974, 35.4004245 ] } },
{ "type": "Feature", "properties": { "内容": "横浜市根岸地域ケアプラザ【居宅介護支援】神奈川県横浜市磯子区馬場町１－４２", "url": "https://www.kaigokensaku.mhlw.go.jp/14/index.php?action_kouhyou_detail_004_kani=true&JigyosyoCd=1470700038-00&ServiceCd=430&Type=search", "url2": "http://www.houmon-no-ie.or.jp/cp-negisi/index.php" }, "geometry": { "type": "Point", "coordinates": [ 139.625798900000063, 35.4214526 ] } },
{ "type": "Feature", "properties": { "内容": "横浜市新杉田地域ケアプラザ【居宅介護支援】神奈川県横浜市磯子区新杉田町8-72階", "url": "https://www.kaigokensaku.mhlw.go.jp/14/index.php?action_kouhyou_detail_004_kani=true&JigyosyoCd=1470700046-00&ServiceCd=430&Type=search", "url2": "https://www.denkikanagawa.or.jp/" }, "geometry": { "type": "Point", "coordinates": [ 139.620552500000031, 35.3855713 ] } },
{ "type": "Feature", "properties": { "内容": "横浜市洋光台地域ケアプラザ【居宅介護支援】神奈川県横浜市磯子区洋光台6-7-1", "url": "https://www.kaigokensaku.mhlw.go.jp/14/index.php?action_kouhyou_detail_004_kani=true&JigyosyoCd=1470700053-00&ServiceCd=430&Type=search", "url2": "https://www.y-chojukai.or.jp" }, "geometry": { "type": "Point", "coordinates": [ 139.596182900000031, 35.3731776 ] } },
{ "type": "Feature", "properties": { "内容": "南介護保険センター【居宅介護支援】神奈川県横浜市磯子区磯子3-8-20サムティレジデンス横濱磯子1階", "url": "https://www.kaigokensaku.mhlw.go.jp/14/index.php?action_kouhyou_detail_004_kani=true&JigyosyoCd=1470700129-00&ServiceCd=430&Type=search", "url2": "https://shuhokai.or.jp/" }, "geometry": { "type": "Point", "coordinates": [ 139.61942160000001, 35.4047884 ] } },
{ "type": "Feature", "properties": { "内容": "ベネッセ介護センター磯子【居宅介護支援】神奈川県横浜市磯子区中原2-3-28セシリア新杉田１階", "url": "https://www.kaigokensaku.mhlw.go.jp/14/index.php?action_kouhyou_detail_004_kani=true&JigyosyoCd=1470700277-00&ServiceCd=430&Type=search", "url2": "https://zaitaku.benesse-style-care.co.jp/base/kc-isogo" }, "geometry": { "type": "Point", "coordinates": [ 139.6177778, 35.3872182 ] } },
{ "type": "Feature", "properties": { "内容": "たすけあい磯子　介護支援センター【居宅介護支援】神奈川県横浜市磯子区洋光台4-6-8", "url": "https://www.kaigokensaku.mhlw.go.jp/14/index.php?action_kouhyou_detail_004_kani=true&JigyosyoCd=1470700335-00&ServiceCd=430&Type=search", "url2": "http://www1a.biglobe.ne.jp/npoisogo/" }, "geometry": { "type": "Point", "coordinates": [ 139.598432055603354, 35.378864830794697 ] } },
{ "type": "Feature", "properties": { "内容": "居宅介護支援事業所　たけとり【居宅介護支援】神奈川県横浜市磯子区杉田５－２１－４１", "url": "https://www.kaigokensaku.mhlw.go.jp/14/index.php?action_kouhyou_detail_004_kani=true&JigyosyoCd=1470700772-00&ServiceCd=430&Type=search", "url2": null }, "geometry": { "type": "Point", "coordinates": [ 139.622860800000012, 35.3800665 ] } },
{ "type": "Feature", "properties": { "内容": "セントケア磯子【居宅介護支援】神奈川県横浜市磯子区中原2-1-17サンライトツチヤビル１階", "url": "https://www.kaigokensaku.mhlw.go.jp/14/index.php?action_kouhyou_detail_004_kani=true&JigyosyoCd=1470701101-00&ServiceCd=430&Type=search", "url2": "http://www.saintc-k.com/" }, "geometry": { "type": "Point", "coordinates": [ 139.617055599999958, 35.3884958 ] } },
{ "type": "Feature", "properties": { "内容": "ひとりざわ【居宅介護支援】神奈川県横浜市磯子区氷取沢町80-1", "url": "https://www.kaigokensaku.mhlw.go.jp/14/index.php?action_kouhyou_detail_004_kani=true&JigyosyoCd=1470701226-00&ServiceCd=430&Type=search", "url2": "https://yutokukai.jp" }, "geometry": { "type": "Point", "coordinates": [ 139.608972087835724, 35.363756891662049 ] } },
{ "type": "Feature", "properties": { "内容": "横浜市上笹下地域ケアプラザ居宅介護支援事業所【居宅介護支援】神奈川県横浜市磯子区氷取沢町60番17", "url": "https://www.kaigokensaku.mhlw.go.jp/14/index.php?action_kouhyou_detail_004_kani=true&JigyosyoCd=1470701333-00&ServiceCd=430&Type=search", "url2": "http://www.kamisasage.com/" }, "geometry": { "type": "Point", "coordinates": [ 139.607776400000034, 35.3647818 ] } },
{ "type": "Feature", "properties": { "内容": "みらいケアサービス【居宅介護支援】神奈川県横浜市磯子区岡村7-17-6", "url": "https://www.kaigokensaku.mhlw.go.jp/14/index.php?action_kouhyou_detail_004_kani=true&JigyosyoCd=1470701374-00&ServiceCd=430&Type=search", "url2": "http://hp.kaipoke.biz/tnh/55774/index_0001.html" }, "geometry": { "type": "Point", "coordinates": [ 139.615977599999951, 35.4122511 ] } },
{ "type": "Feature", "properties": { "内容": "悠の木ケアリングセンター【居宅介護支援】神奈川県横浜市磯子区原町6-15ライオンズマンション根岸102", "url": "https://www.kaigokensaku.mhlw.go.jp/14/index.php?action_kouhyou_detail_004_kani=true&JigyosyoCd=1470701549-00&ServiceCd=430&Type=search", "url2": "http://www.yu-noki.co.jp/kyotaku/" }, "geometry": { "type": "Point", "coordinates": [ 139.628271896293654, 35.417420054188803 ] } },
{ "type": "Feature", "properties": { "内容": "ケアマネセンター竜宮小宮【居宅介護支援】神奈川県横浜市磯子区上中里町397番地66", "url": "https://www.kaigokensaku.mhlw.go.jp/14/index.php?action_kouhyou_detail_004_kani=true&JigyosyoCd=1470701556-00&ServiceCd=430&Type=search", "url2": null }, "geometry": { "type": "Point", "coordinates": [ 139.610085142327875, 35.372836710109269 ] } },
{ "type": "Feature", "properties": { "内容": "横浜市福祉サービス協会　ヘルパーステーション磯子【居宅介護支援】神奈川県横浜市磯子区磯子三丁目３番21号磯子江戸徳ビル１階", "url": "https://www.kaigokensaku.mhlw.go.jp/14/index.php?action_kouhyou_detail_004_kani=true&JigyosyoCd=1470701713-00&ServiceCd=430&Type=search", "url2": "https://www.hama-wel.or.jp/" }, "geometry": { "type": "Point", "coordinates": [ 139.635712, 35.416862 ] } },
{ "type": "Feature", "properties": { "内容": "横浜カインド居宅介護支援センター【居宅介護支援】神奈川県横浜市磯子区森4丁目9-12-104号", "url": "https://www.kaigokensaku.mhlw.go.jp/14/index.php?action_kouhyou_detail_004_kani=true&JigyosyoCd=1470701895-00&ServiceCd=430&Type=search", "url2": "http://yokohama-kind.sakura.ne.jp" }, "geometry": { "type": "Point", "coordinates": [ 139.607972313376877, 35.394329620648023 ] } },
{ "type": "Feature", "properties": { "内容": "やさしい手磯子居宅介護支援事業所【居宅介護支援】神奈川県横浜市磯子区中原２丁目７－２ニッコービル磯子1階", "url": "https://www.kaigokensaku.mhlw.go.jp/14/index.php?action_kouhyou_detail_004_kani=true&JigyosyoCd=1470701903-00&ServiceCd=430&Type=search", "url2": "http://www.yasashiite.com" }, "geometry": { "type": "Point", "coordinates": [ 139.616972300000043, 35.3872321 ] } },
{ "type": "Feature", "properties": { "内容": "汐見台病院居宅介護支援センター【居宅介護支援】神奈川県横浜市磯子区汐見台1-6-5", "url": "https://www.kaigokensaku.mhlw.go.jp/14/index.php?action_kouhyou_detail_004_kani=true&JigyosyoCd=1470701945-00&ServiceCd=430&Type=search", "url2": "https://www.fg-kshp.jp/" }, "geometry": { "type": "Point", "coordinates": [ 139.607795200000055, 35.4014746 ] } },
{ "type": "Feature", "properties": { "内容": "株式会社介護サービス手のひら【居宅介護支援】神奈川県横浜市磯子区中原3-11-34-301号", "url": "https://www.kaigokensaku.mhlw.go.jp/14/index.php?action_kouhyou_detail_004_kani=true&JigyosyoCd=1470701952-00&ServiceCd=430&Type=search", "url2": null }, "geometry": { "type": "Point", "coordinates": [ 139.611025700000027, 35.3873875 ] } },
{ "type": "Feature", "properties": { "内容": "めぐむケアプラン【居宅介護支援】神奈川県横浜市磯子区岡村5丁目1番14号", "url": "https://www.kaigokensaku.mhlw.go.jp/14/index.php?action_kouhyou_detail_004_kani=true&JigyosyoCd=1470702059-00&ServiceCd=430&Type=search", "url2": null }, "geometry": { "type": "Point", "coordinates": [ 139.609372600000029, 35.4153696 ] } },
{ "type": "Feature", "properties": { "内容": "ツクイ横浜南ケアプランセンター【居宅介護支援】神奈川県横浜市磯子区洋光台3-23-20", "url": "https://www.kaigokensaku.mhlw.go.jp/14/index.php?action_kouhyou_detail_004_kani=true&JigyosyoCd=1470702109-00&ServiceCd=430&Type=search", "url2": "https://www.tsukui.net/" }, "geometry": { "type": "Point", "coordinates": [ 139.596429699999987, 35.3825027 ] } },
{ "type": "Feature", "properties": { "内容": "福祉の森【居宅介護支援】神奈川県横浜市磯子区森3-9-12", "url": "https://www.kaigokensaku.mhlw.go.jp/14/index.php?action_kouhyou_detail_004_kani=true&JigyosyoCd=1470702133-00&ServiceCd=430&Type=search", "url2": "http://fukushinomori.co.jp/service/house-care.html" }, "geometry": { "type": "Point", "coordinates": [ 139.6144667, 35.3917593 ] } },
{ "type": "Feature", "properties": { "内容": "樹介護支援センター【居宅介護支援】神奈川県横浜市磯子区磯子台２１番２４号", "url": "https://www.kaigokensaku.mhlw.go.jp/14/index.php?action_kouhyou_detail_004_kani=true&JigyosyoCd=1470801158-00&ServiceCd=430&Type=search", "url2": "http://www.npo-arbre.jp/" }, "geometry": { "type": "Point", "coordinates": [ 139.614713, 35.404665 ] } },
{ "type": "Feature", "properties": { "内容": "アスモ介護サービス神奈川【居宅介護支援】神奈川県横浜市磯子区田中2-1-2KKビル301号", "url": "https://www.kaigokensaku.mhlw.go.jp/14/index.php?action_kouhyou_detail_004_kani=true&JigyosyoCd=1473202560-00&ServiceCd=430&Type=search", "url2": null }, "geometry": { "type": "Point", "coordinates": [ 139.602111, 35.385528 ] } },
{ "type": "Feature", "properties": { "内容": "ケアマネステーションネクストケア【居宅介護支援】神奈川県横浜市磯子区杉田6-5-27レイアール101", "url": "https://www.kaigokensaku.mhlw.go.jp/14/index.php?action_kouhyou_detail_004_kani=true&JigyosyoCd=1470702240-00&ServiceCd=430&Type=search", "url2": "http://nextcareinfo.com/" }, "geometry": { "type": "Point", "coordinates": [ 139.618485480286694, 35.377628988145162 ] } },
{ "type": "Feature", "properties": { "内容": "居宅介護支援事業所　桜【居宅介護支援】神奈川県横浜市磯子区磯子3-1-46西川ビル601", "url": "https://www.kaigokensaku.mhlw.go.jp/14/index.php?action_kouhyou_detail_004_kani=true&JigyosyoCd=1470702257-00&ServiceCd=430&Type=search", "url2": "https://sakura-grit.com/care-management/" }, "geometry": { "type": "Point", "coordinates": [ 139.6206694, 35.4059167 ] } },
{ "type": "Feature", "properties": { "内容": "横浜市磯子地域ケアプラザ【居宅介護支援】神奈川県横浜市磯子区磯子3-1-22", "url": "https://www.kaigokensaku.mhlw.go.jp/14/index.php?action_kouhyou_detail_004_kani=true&JigyosyoCd=1470700194-00&ServiceCd=430&Type=search", "url2": "https://www.hama-wel.or.jp/" }, "geometry": { "type": "Point", "coordinates": [ 139.620727, 35.4052217 ] } },
{ "type": "Feature", "properties": { "内容": "磯子区医師会　居宅支援センター【居宅介護支援】神奈川県横浜市磯子区磯子一丁目3番13号", "url": "https://www.kaigokensaku.mhlw.go.jp/14/index.php?action_kouhyou_detail_004_kani=true&JigyosyoCd=1470700251-00&ServiceCd=430&Type=search", "url2": "http://isogo-med.org/contents/kyotakukaigo.html" }, "geometry": { "type": "Point", "coordinates": [ 139.625143293141264, 35.412485541454998 ] } },
{ "type": "Feature", "properties": { "内容": "介護保険センターゆかり【居宅介護支援】神奈川県横浜市磯子区滝頭３－６－１１福島ハイツ１０３", "url": "https://www.kaigokensaku.mhlw.go.jp/14/index.php?action_kouhyou_detail_004_kani=true&JigyosyoCd=1470700590-00&ServiceCd=430&Type=search", "url2": null }, "geometry": { "type": "Point", "coordinates": [ 139.623954499999968, 35.4179753 ] } },
{ "type": "Feature", "properties": { "内容": "横浜市滝頭地域ケアプラザ【居宅介護支援】神奈川県横浜市磯子区滝頭2-30-1", "url": "https://www.kaigokensaku.mhlw.go.jp/14/index.php?action_kouhyou_detail_004_kani=true&JigyosyoCd=1470700608-00&ServiceCd=430&Type=search", "url2": "https://careplaza.chikubukai.jp/service" }, "geometry": { "type": "Point", "coordinates": [ 139.622518500000069, 35.4202056 ] } },
{ "type": "Feature", "properties": { "内容": "NPO法人　汐見台福祉コミュニティ介護支援センター【居宅介護支援】神奈川県横浜市磯子区汐見台2-4-5", "url": "https://www.kaigokensaku.mhlw.go.jp/14/index.php?action_kouhyou_detail_004_kani=true&JigyosyoCd=1470701036-00&ServiceCd=430&Type=search", "url2": "https://care-net.biz/14/shiomi/" }, "geometry": { "type": "Point", "coordinates": [ 139.609806099999986, 35.4017079 ] } },
{ "type": "Feature", "properties": { "内容": "横浜市屏風ヶ浦地域ケアプラザ【居宅介護支援】神奈川県横浜市磯子区森4-1-17", "url": "https://www.kaigokensaku.mhlw.go.jp/14/index.php?action_kouhyou_detail_004_kani=true&JigyosyoCd=1470701051-00&ServiceCd=430&Type=search", "url2": "https://www.shinkoufukushikai.com/care/care-plaza/byobugaura" }, "geometry": { "type": "Point", "coordinates": [ 139.609095199999956, 35.3956559 ] } },
{ "type": "Feature", "properties": { "内容": "ウィル　ケアサービス【居宅介護支援】神奈川県横浜市磯子区岡村3-1-2", "url": "https://www.kaigokensaku.mhlw.go.jp/14/index.php?action_kouhyou_detail_004_kani=true&JigyosyoCd=1470701440-00&ServiceCd=430&Type=search", "url2": null }, "geometry": { "type": "Point", "coordinates": [ 139.619549351605997, 35.418991394697237 ] } },
{ "type": "Feature", "properties": { "内容": "居宅介護支援事業所　せんじゅ【居宅介護支援】神奈川県横浜市磯子区上中里町785-8", "url": "https://www.kaigokensaku.mhlw.go.jp/14/index.php?action_kouhyou_detail_004_kani=true&JigyosyoCd=1470701796-00&ServiceCd=430&Type=search", "url2": null }, "geometry": { "type": "Point", "coordinates": [ 139.611889799999972, 35.3749362 ] } },
{ "type": "Feature", "properties": { "内容": "ハートケア磯子居宅介護支援センター【居宅介護支援】神奈川県横浜市磯子区磯子2-20-45", "url": "https://www.kaigokensaku.mhlw.go.jp/14/index.php?action_kouhyou_detail_004_kani=true&JigyosyoCd=1470702208-00&ServiceCd=430&Type=search", "url2": "http://www.isogohp.jp" }, "geometry": { "type": "Point", "coordinates": [ 139.6212227, 35.4072132 ] } },
{ "type": "Feature", "properties": { "内容": "みんなの訪問看護リハビリステーション磯子【居宅介護支援】神奈川県横浜市磯子区洋光台6-18-7-1", "url": "https://www.kaigokensaku.mhlw.go.jp/14/index.php?action_kouhyou_detail_004_kani=true&JigyosyoCd=1470702224-00&ServiceCd=430&Type=search", "url2": "https://minnano-kango.jp/" }, "geometry": { "type": "Point", "coordinates": [ 139.597843399999988, 35.3698729 ] } },
{ "type": "Feature", "properties": { "内容": "居宅介護支援事業所フルライフなでしこ【居宅介護支援】神奈川県横浜市磯子区磯子3-3-21磯子江戸徳ビル1階山側事務所3", "url": "https://www.kaigokensaku.mhlw.go.jp/14/index.php?action_kouhyou_detail_004_kani=true&JigyosyoCd=1470702281-00&ServiceCd=430&Type=search", "url2": "https://www.fulllife.co.jp/" }, "geometry": { "type": "Point", "coordinates": [ 139.6197886, 35.4036189 ] } },
{ "type": "Feature", "properties": { "内容": "居宅介護支援事業所　あんぶれら【居宅介護支援】神奈川県横浜市磯子区中原2丁目3-29セシリア新杉田101号", "url": "https://www.kaigokensaku.mhlw.go.jp/14/index.php?action_kouhyou_detail_004_kani=true&JigyosyoCd=1470702323-00&ServiceCd=430&Type=search", "url2": null }, "geometry": { "type": "Point", "coordinates": [ 139.3348943, 35.3461591 ] } },
{ "type": "Feature", "properties": { "内容": "アイナースケアマネステーション　磯子【居宅介護支援】神奈川県横浜市磯子区上町1-28", "url": "https://www.kaigokensaku.mhlw.go.jp/14/index.php?action_kouhyou_detail_004_kani=true&JigyosyoCd=1470702331-00&ServiceCd=430&Type=search", "url2": "https://inurse.life/" }, "geometry": { "type": "Point", "coordinates": [ 139.6238464, 35.4256366 ] } },
{ "type": "Feature", "properties": { "内容": "介護支援センターあゆむ【居宅介護支援】神奈川県横浜市金沢区町屋町3-30金沢中央サンハイツ508号室", "url": "https://www.kaigokensaku.mhlw.go.jp/14/index.php?action_kouhyou_detail_004_kani=true&JigyosyoCd=1470802958-00&ServiceCd=430&Type=search", "url2": "https://ao-society.or.jp/" }, "geometry": { "type": "Point", "coordinates": [ 139.626117753689613, 35.337179804176266 ] } },
{ "type": "Feature", "properties": { "内容": "横浜市福祉サービス協会　金沢介護事務所【居宅介護支援】神奈川県横浜市金沢区泥亀1-17-15大西第3ビル2階", "url": "https://www.kaigokensaku.mhlw.go.jp/14/index.php?action_kouhyou_detail_004_kani=true&JigyosyoCd=1470800010-00&ServiceCd=430&Type=search", "url2": "https://www.hama-wel.or.jp/branch/kanazawa/" }, "geometry": { "type": "Point", "coordinates": [ 139.62360549999994, 35.3402388 ] } },
{ "type": "Feature", "properties": { "内容": "医療法人社団　柴健会　介護支援事業所のぞみ【居宅介護支援】神奈川県横浜市金沢区柴町284-7", "url": "https://www.kaigokensaku.mhlw.go.jp/14/index.php?action_kouhyou_detail_004_kani=true&JigyosyoCd=1470800036-00&ServiceCd=430&Type=search", "url2": "http://www.kodani.jp/" }, "geometry": { "type": "Point", "coordinates": [ 139.638782512272655, 35.34571089957727 ] } },
{ "type": "Feature", "properties": { "内容": "横浜市泥亀地域ケアプラザ【居宅介護支援】神奈川県横浜市金沢区泥亀１－２１－５いきいきセンター金沢内", "url": "https://www.kaigokensaku.mhlw.go.jp/14/index.php?action_kouhyou_detail_004_kani=true&JigyosyoCd=1470800069-00&ServiceCd=430&Type=search", "url2": "http://www.hama-wel.or.jp" }, "geometry": { "type": "Point", "coordinates": [ 139.621777899999984, 35.3392056 ] } },
{ "type": "Feature", "properties": { "内容": "居宅介護支援事業所　わかくさ【居宅介護支援】神奈川県横浜市金沢区泥亀2-12-1", "url": "https://www.kaigokensaku.mhlw.go.jp/14/index.php?action_kouhyou_detail_004_kani=true&JigyosyoCd=1470800077-00&ServiceCd=430&Type=search", "url2": "https://saiseikai-wakakusa.jp" }, "geometry": { "type": "Point", "coordinates": [ 139.630707600000051, 35.3327258 ] } },
{ "type": "Feature", "properties": { "内容": "横浜市釜利谷地域ケアプラザ【居宅介護支援】神奈川県横浜市金沢区釜利谷南二丁目８番１号", "url": "https://www.kaigokensaku.mhlw.go.jp/14/index.php?action_kouhyou_detail_004_kani=true&JigyosyoCd=1470800358-00&ServiceCd=430&Type=search", "url2": "https://www.suminasu.or.jp/kamariya/" }, "geometry": { "type": "Point", "coordinates": [ 139.606809800000065, 35.3374494 ] } },
{ "type": "Feature", "properties": { "内容": "横浜市能見台地域ケアプラザ【居宅介護支援】神奈川県横浜市金沢区能見台東2-1", "url": "https://www.kaigokensaku.mhlw.go.jp/14/index.php?action_kouhyou_detail_004_kani=true&JigyosyoCd=1470800382-00&ServiceCd=430&Type=search", "url2": "http://park15.wakwak.com/~noukendai/index.html" }, "geometry": { "type": "Point", "coordinates": [ 139.626535800000056, 35.3594249 ] } },
{ "type": "Feature", "properties": { "内容": "横浜市西金沢地域ケアプラザ【居宅介護支援】神奈川県横浜市金沢区釜利谷南３－２２－３", "url": "https://www.kaigokensaku.mhlw.go.jp/14/index.php?action_kouhyou_detail_004_kani=true&JigyosyoCd=1470800598-00&ServiceCd=430&Type=search", "url2": "https://www.subaru-fukushi.or.jp/facility/nishikanazawa_n/service/" }, "geometry": { "type": "Point", "coordinates": [ 139.59584689999997, 35.3386125 ] } },
{ "type": "Feature", "properties": { "内容": "陽光の大地介護保険センター【居宅介護支援】神奈川県横浜市金沢区釜利谷東2-3-10いしかたビル4階", "url": "https://www.kaigokensaku.mhlw.go.jp/14/index.php?action_kouhyou_detail_004_kani=true&JigyosyoCd=1470801455-00&ServiceCd=430&Type=search", "url2": "http://www.shuhokai.or.jp/" }, "geometry": { "type": "Point", "coordinates": [ 139.618327309014802, 35.342748556179082 ] } },
{ "type": "Feature", "properties": { "内容": "けいすいケアセンターかなざわ【居宅介護支援】神奈川県横浜市金沢区泥亀2-13-1金沢八景第1京急ビル1階", "url": "https://www.kaigokensaku.mhlw.go.jp/14/index.php?action_kouhyou_detail_004_kani=true&JigyosyoCd=1470801521-00&ServiceCd=430&Type=search", "url2": "http://www.keisuikai.or.jp/houmon/" }, "geometry": { "type": "Point", "coordinates": [ 139.624150482690794, 35.336188248832563 ] } },
{ "type": "Feature", "properties": { "内容": "やさしい手金沢文庫居宅介護支援事業所【居宅介護支援】神奈川県横浜市金沢区釜利谷東2-16-30高野ビル3階　1301号室", "url": "https://www.kaigokensaku.mhlw.go.jp/14/index.php?action_kouhyou_detail_004_kani=true&JigyosyoCd=1470801745-00&ServiceCd=430&Type=search", "url2": "http://www.yasashiite.com" }, "geometry": { "type": "Point", "coordinates": [ 139.61992250000003, 35.3429966 ] } },
{ "type": "Feature", "properties": { "内容": "居宅介護支援事業所あさひな【居宅介護支援】神奈川県横浜市金沢区朝比奈町107", "url": "https://www.kaigokensaku.mhlw.go.jp/14/index.php?action_kouhyou_detail_004_kani=true&JigyosyoCd=1470802123-00&ServiceCd=430&Type=search", "url2": "https://www.rouken-asahina.jp/service.html#menu06" }, "geometry": { "type": "Point", "coordinates": [ 139.591725, 35.3315187 ] } },
{ "type": "Feature", "properties": { "内容": "ケアサポートかなざわ居宅介護支援事業所【居宅介護支援】神奈川県横浜市金沢区大道1-12-31", "url": "https://www.kaigokensaku.mhlw.go.jp/14/index.php?action_kouhyou_detail_004_kani=true&JigyosyoCd=1470802537-00&ServiceCd=430&Type=search", "url2": "http://www.care-support.biz" }, "geometry": { "type": "Point", "coordinates": [ 139.608441800247562, 35.328601572534758 ] } },
{ "type": "Feature", "properties": { "内容": "居宅介護支援ゆい【居宅介護支援】神奈川県横浜市金沢区洲崎町1-5", "url": "https://www.kaigokensaku.mhlw.go.jp/14/index.php?action_kouhyou_detail_004_kani=true&JigyosyoCd=1470802594-00&ServiceCd=430&Type=search", "url2": null }, "geometry": { "type": "Point", "coordinates": [ 139.625929039286774, 35.334923571362317 ] } },
{ "type": "Feature", "properties": { "内容": "居宅介護支援事業所　ランタン【居宅介護支援】神奈川県横浜市金沢区六浦5-5-13メゾン南糧301", "url": "https://www.kaigokensaku.mhlw.go.jp/14/index.php?action_kouhyou_detail_004_kani=true&JigyosyoCd=1470802602-00&ServiceCd=430&Type=search", "url2": null }, "geometry": { "type": "Point", "coordinates": [ 139.620973413352999, 35.330465247186424 ] } },
{ "type": "Feature", "properties": { "内容": "ケアプランこのはな金沢文庫【居宅介護支援】神奈川県横浜市金沢区谷津町352-1君が崎ビル", "url": "https://www.kaigokensaku.mhlw.go.jp/14/index.php?action_kouhyou_detail_004_kani=true&JigyosyoCd=1470802701-00&ServiceCd=430&Type=search", "url2": "https://konohana-care.net/" }, "geometry": { "type": "Point", "coordinates": [ 139.623212363229356, 35.341674069297049 ] } },
{ "type": "Feature", "properties": { "内容": "横浜かなざわ居宅介護支援事業所【居宅介護支援】神奈川県横浜市金沢区釜利谷東七丁目14番43号", "url": "https://www.kaigokensaku.mhlw.go.jp/14/index.php?action_kouhyou_detail_004_kani=true&JigyosyoCd=1470802750-00&ServiceCd=430&Type=search", "url2": null }, "geometry": { "type": "Point", "coordinates": [ 139.6081777, 35.3411039 ] } },
{ "type": "Feature", "properties": { "内容": "医心館居宅介護支援事業所金沢文庫【居宅介護支援】神奈川県横浜市金沢区釜利谷東2丁目3番7号", "url": "https://www.kaigokensaku.mhlw.go.jp/14/index.php?action_kouhyou_detail_004_kani=true&JigyosyoCd=1470802818-00&ServiceCd=430&Type=search", "url2": null }, "geometry": { "type": "Point", "coordinates": [ 139.6179562, 35.3428536 ] } },
{ "type": "Feature", "properties": { "内容": "ケアマネセンターもこりた横浜金沢【居宅介護支援】神奈川県横浜市金沢区能見台通5-18パークハイム能見台201", "url": "https://www.kaigokensaku.mhlw.go.jp/14/index.php?action_kouhyou_detail_004_kani=true&JigyosyoCd=1470802859-00&ServiceCd=430&Type=search", "url2": "http://www.mokorita.co.jp/" }, "geometry": { "type": "Point", "coordinates": [ 139.6285133, 35.3599264 ] } },
{ "type": "Feature", "properties": { "内容": "西柴地域ケアプラザ【居宅介護支援】神奈川県横浜市金沢区柴町343番地の5", "url": "https://www.kaigokensaku.mhlw.go.jp/14/index.php?action_kouhyou_detail_004_kani=true&JigyosyoCd=1470802875-00&ServiceCd=430&Type=search", "url2": "https://www.subaru-fukushi.or.jp/facility/nishishiba/" }, "geometry": { "type": "Point", "coordinates": [ 139.637500499999987, 35.3439518 ] } },
{ "type": "Feature", "properties": { "内容": "介護支援サービス　守の会【居宅介護支援】神奈川県横浜市金沢区乙舳10-24オープスト野島107号室", "url": "https://www.kaigokensaku.mhlw.go.jp/14/index.php?action_kouhyou_detail_004_kani=true&JigyosyoCd=1470800309-00&ServiceCd=430&Type=search", "url2": "http://www.morinokai.yokohama/" }, "geometry": { "type": "Point", "coordinates": [ 139.632178799999963, 35.328744 ] } },
{ "type": "Feature", "properties": { "内容": "青空ケアセンター【居宅介護支援】神奈川県横浜市金沢区泥亀１－１５－２ひいちやビル３Ｆ", "url": "https://www.kaigokensaku.mhlw.go.jp/14/index.php?action_kouhyou_detail_004_kani=true&JigyosyoCd=1470800655-00&ServiceCd=430&Type=search", "url2": "http://www.aozora-care.com" }, "geometry": { "type": "Point", "coordinates": [ 139.622152799999981, 35.3415108 ] } },
{ "type": "Feature", "properties": { "内容": "横浜市並木地域ケアプラザ【居宅介護支援】神奈川県横浜市金沢区富岡東2-5-31", "url": "https://www.kaigokensaku.mhlw.go.jp/14/index.php?action_kouhyou_detail_004_kani=true&JigyosyoCd=1470800044-00&ServiceCd=430&Type=search", "url2": "https://www.yokohamashakyo.jp/namiki/" }, "geometry": { "type": "Point", "coordinates": [ 139.6390735, 35.3758896 ] } },
{ "type": "Feature", "properties": { "内容": "横浜市六浦地域ケアプラザ【居宅介護支援】神奈川県横浜市金沢区六浦5-20-2", "url": "https://www.kaigokensaku.mhlw.go.jp/14/index.php?action_kouhyou_detail_004_kani=true&JigyosyoCd=1470800051-00&ServiceCd=430&Type=search", "url2": "https://mutuura-careplaza.jp/" }, "geometry": { "type": "Point", "coordinates": [ 139.6121121, 35.3256759 ] } },
{ "type": "Feature", "properties": { "内容": "アースサポート金沢八景【居宅介護支援】神奈川県横浜市金沢区六浦1丁目12番21号", "url": "https://www.kaigokensaku.mhlw.go.jp/14/index.php?action_kouhyou_detail_004_kani=true&JigyosyoCd=1470800945-00&ServiceCd=430&Type=search", "url2": "http://www.earthsupport.co.jp" }, "geometry": { "type": "Point", "coordinates": [ 139.6203974, 35.3253236 ] } },
{ "type": "Feature", "properties": { "内容": "横浜市富岡東地域ケアプラザ【居宅介護支援】神奈川県横浜市金沢区富岡東4-13-3", "url": "https://www.kaigokensaku.mhlw.go.jp/14/index.php?action_kouhyou_detail_004_kani=true&JigyosyoCd=1470801067-00&ServiceCd=430&Type=search", "url2": "https://wakatake.net/" }, "geometry": { "type": "Point", "coordinates": [ 139.636322699999909, 35.36715860000001 ] } },
{ "type": "Feature", "properties": { "内容": "あやめの里【居宅介護支援】神奈川県横浜市金沢区平潟町13-8ハイツビーンズエルA101", "url": "https://www.kaigokensaku.mhlw.go.jp/14/index.php?action_kouhyou_detail_004_kani=true&JigyosyoCd=1470801505-00&ServiceCd=430&Type=search", "url2": null }, "geometry": { "type": "Point", "coordinates": [ 139.631615900000043, 35.3330202 ] } },
{ "type": "Feature", "properties": { "内容": "介護老人保健施設　能見台パートリア【居宅介護支援】神奈川県横浜市金沢区能見台東10-1", "url": "https://www.kaigokensaku.mhlw.go.jp/14/index.php?action_kouhyou_detail_004_kani=true&JigyosyoCd=1450880013-00&ServiceCd=430&Type=search", "url2": "http://www.kowakai-patria.com/" }, "geometry": { "type": "Point", "coordinates": [ 139.624294299999974, 35.3575584 ] } },
{ "type": "Feature", "properties": { "内容": "社会福祉法人　倖和会　金沢美浜ホーム【居宅介護支援】神奈川県横浜市金沢区釜利谷東４－１２－１特別養護老人ホーム　金沢美浜ホーム", "url": "https://www.kaigokensaku.mhlw.go.jp/14/index.php?action_kouhyou_detail_004_kani=true&JigyosyoCd=1470800168-00&ServiceCd=430&Type=search", "url2": null }, "geometry": { "type": "Point", "coordinates": [ 139.614648, 35.3514007 ] } },
{ "type": "Feature", "properties": { "内容": "横浜市富岡地域ケアプラザ【居宅介護支援】神奈川県横浜市金沢区富岡西7丁目16番1号", "url": "https://www.kaigokensaku.mhlw.go.jp/14/index.php?action_kouhyou_detail_004_kani=true&JigyosyoCd=1470800283-00&ServiceCd=430&Type=search", "url2": "http://shafuku-doujinkai.or.jp/facility/care‐plaza/tomioka/" }, "geometry": { "type": "Point", "coordinates": [ 139.624052602516144, 35.365604109345291 ] } },
{ "type": "Feature", "properties": { "内容": "金沢居宅支援センター【居宅介護支援】神奈川県横浜市金沢区六浦4-11-37ハイツロポーム103", "url": "https://www.kaigokensaku.mhlw.go.jp/14/index.php?action_kouhyou_detail_004_kani=true&JigyosyoCd=1470801273-00&ServiceCd=430&Type=search", "url2": null }, "geometry": { "type": "Point", "coordinates": [ 139.616547468668131, 35.327955185743086 ] } },
{ "type": "Feature", "properties": { "内容": "横浜市柳町地域ケアプラザ【居宅介護支援】神奈川県横浜市金沢区柳町１－４", "url": "https://www.kaigokensaku.mhlw.go.jp/14/index.php?action_kouhyou_detail_004_kani=true&JigyosyoCd=1470801588-00&ServiceCd=430&Type=search", "url2": "http://www.suminasu.or.jp/yanagicho/" }, "geometry": { "type": "Point", "coordinates": [ 139.621136299999989, 35.3262291 ] } },
{ "type": "Feature", "properties": { "内容": "オーキッドケアプランセンター【居宅介護支援】神奈川県横浜市金沢区釜利谷南一丁目1-11グレイスコート金沢文庫403号", "url": "https://www.kaigokensaku.mhlw.go.jp/14/index.php?action_kouhyou_detail_004_kani=true&JigyosyoCd=1470802263-00&ServiceCd=430&Type=search", "url2": "https://www.loco-orchid.com" }, "geometry": { "type": "Point", "coordinates": [ 139.612240299999939, 35.342267299999989 ] } },
{ "type": "Feature", "properties": { "内容": "居宅介護支援介護ネットプラザ【居宅介護支援】神奈川県横浜市金沢区泥亀２－７－３", "url": "https://www.kaigokensaku.mhlw.go.jp/14/index.php?action_kouhyou_detail_004_kani=true&JigyosyoCd=1470802487-00&ServiceCd=430&Type=search", "url2": "https://www.kaigonet.biz/" }, "geometry": { "type": "Point", "coordinates": [ 139.625810799999954, 35.3381335 ] } },
{ "type": "Feature", "properties": { "内容": "たすかる介護【居宅介護支援】神奈川県横浜市横浜市金沢区富岡西２－３－1野本ビル３階", "url": "https://www.kaigokensaku.mhlw.go.jp/14/index.php?action_kouhyou_detail_004_kani=true&JigyosyoCd=1470802917-00&ServiceCd=430&Type=search", "url2": null }, "geometry": { "type": "Point", "coordinates": [ 139.628678503075832, 35.367408906579243 ] } },
{ "type": "Feature", "properties": { "内容": "私のケアプラン【居宅介護支援】神奈川県横浜市港北区新羽町1659フラッシュビル　403", "url": "https://www.kaigokensaku.mhlw.go.jp/14/index.php?action_kouhyou_detail_004_kani=true&JigyosyoCd=1470903723-00&ServiceCd=430&Type=search", "url2": null }, "geometry": { "type": "Point", "coordinates": [ 139.616320200000018, 35.5286621 ] } },
{ "type": "Feature", "properties": { "内容": "港北区医師会ケアマネジメントステーション【居宅介護支援】神奈川県横浜市港北区菊名７－８－２７", "url": "https://www.kaigokensaku.mhlw.go.jp/14/index.php?action_kouhyou_detail_004_kani=true&JigyosyoCd=1470900067-00&ServiceCd=430&Type=search", "url2": "http://www.kohoku-doctors.com/care-management/" }, "geometry": { "type": "Point", "coordinates": [ 139.627298762643477, 35.515881987217789 ] } },
{ "type": "Feature", "properties": { "内容": "ツクイ横浜新吉田（居宅）【居宅介護支援】神奈川県横浜市港北区新吉田東５丁目71-10", "url": "https://www.kaigokensaku.mhlw.go.jp/14/index.php?action_kouhyou_detail_004_kani=true&JigyosyoCd=1470904382-00&ServiceCd=430&Type=search", "url2": "https://www.tsukui.net/" }, "geometry": { "type": "Point", "coordinates": [ 139.6160451, 35.5386697 ] } },
{ "type": "Feature", "properties": { "内容": "有限会社竹洞ソーシャルワーカー事務所【居宅介護支援】神奈川県横浜市港北区日吉本町1-16-11日吉マノワール105号室", "url": "https://www.kaigokensaku.mhlw.go.jp/14/index.php?action_kouhyou_detail_004_kani=true&JigyosyoCd=1470904408-00&ServiceCd=430&Type=search", "url2": "https://www.takehora0062.com" }, "geometry": { "type": "Point", "coordinates": [ 139.6436639, 35.5538319 ] } },
{ "type": "Feature", "properties": { "内容": "医心館居宅介護支援事業所新横浜【居宅介護支援】神奈川県横浜市港北区岸根町455-1", "url": "https://www.kaigokensaku.mhlw.go.jp/14/index.php?action_kouhyou_detail_004_kani=true&JigyosyoCd=1470904424-00&ServiceCd=430&Type=search", "url2": null }, "geometry": { "type": "Point", "coordinates": [ 139.615305, 35.4960102 ] } },
{ "type": "Feature", "properties": { "内容": "介護老人保健施設　ウェルケア新吉田【居宅介護支援】神奈川県横浜市港北区新吉田町6028-1", "url": "https://www.kaigokensaku.mhlw.go.jp/14/index.php?action_kouhyou_detail_004_kani=true&JigyosyoCd=1450980011-00&ServiceCd=430&Type=search", "url2": "https://www.welcare.or.jp/" }, "geometry": { "type": "Point", "coordinates": [ 139.603858649737475, 35.539160213877359 ] } },
{ "type": "Feature", "properties": { "内容": "ひよこ訪問看護ステーション【居宅介護支援】神奈川県横浜市港北区日吉本町1-20-16日吉教養センタービル", "url": "https://www.kaigokensaku.mhlw.go.jp/14/index.php?action_kouhyou_detail_004_kani=true&JigyosyoCd=1460990036-00&ServiceCd=430&Type=search", "url2": "http://himawari-kai.org" }, "geometry": { "type": "Point", "coordinates": [ 139.645847199999906, 35.5532252 ] } },
{ "type": "Feature", "properties": { "内容": "やすらぎ訪問看護ステーション【居宅介護支援】神奈川県横浜市港北区高田町2503-1", "url": "https://www.kaigokensaku.mhlw.go.jp/14/index.php?action_kouhyou_detail_004_kani=true&JigyosyoCd=1460990085-00&ServiceCd=430&Type=search", "url2": "https://www.yamamoto-kinen.or.jp/yasuragi_houmon/" }, "geometry": { "type": "Point", "coordinates": [ 139.614194600000019, 35.5584436 ] } },
{ "type": "Feature", "properties": { "内容": "新吉田訪問看護ステーション【居宅介護支援】神奈川県横浜市港北区新吉田東8丁目23-1", "url": "https://www.kaigokensaku.mhlw.go.jp/14/index.php?action_kouhyou_detail_004_kani=true&JigyosyoCd=1460990101-00&ServiceCd=430&Type=search", "url2": "http://www.yamamoto-kinen.or.jp/shinyoshida_houmon" }, "geometry": { "type": "Point", "coordinates": [ 139.612664528836035, 35.536003401908296 ] } },
{ "type": "Feature", "properties": { "内容": "ショウエイ訪問看護ステーションたかた【居宅介護支援】神奈川県横浜市港北区高田東1-31-10サンヴィレッジ１３－１０２", "url": "https://www.kaigokensaku.mhlw.go.jp/14/index.php?action_kouhyou_detail_004_kani=true&JigyosyoCd=1460990200-00&ServiceCd=430&Type=search", "url2": "http://www.syoei-group.jp/category/1458627.html" }, "geometry": { "type": "Point", "coordinates": [ 139.623643799999968, 35.5470596 ] } },
{ "type": "Feature", "properties": { "内容": "社会福祉法人　横浜共生会　新吉田地域ケアプラザ【居宅介護支援】神奈川県横浜市港北区新吉田町６００１－６", "url": "https://www.kaigokensaku.mhlw.go.jp/14/index.php?action_kouhyou_detail_004_kani=true&JigyosyoCd=1470900018-00&ServiceCd=430&Type=search", "url2": "http://www.y-kyousei.or.jp" }, "geometry": { "type": "Point", "coordinates": [ 139.602824199999986, 35.5406103 ] } },
{ "type": "Feature", "properties": { "内容": "横浜市福祉サービス協会　港北介護事務所【居宅介護支援】神奈川県横浜市港北区新横浜2-5-9新横浜フジカビル8階", "url": "https://www.kaigokensaku.mhlw.go.jp/14/index.php?action_kouhyou_detail_004_kani=true&JigyosyoCd=1470900026-00&ServiceCd=430&Type=search", "url2": "https://www.hama-wel.or.jp/branch/detail/kouhoku/" }, "geometry": { "type": "Point", "coordinates": [ 139.615577681665883, 35.509726331747544 ] } },
{ "type": "Feature", "properties": { "内容": "アテンド　ケアプラン【居宅介護支援】神奈川県横浜市港北区樽町１－２２－２６", "url": "https://www.kaigokensaku.mhlw.go.jp/14/index.php?action_kouhyou_detail_004_kani=true&JigyosyoCd=1470900059-00&ServiceCd=430&Type=search", "url2": null }, "geometry": { "type": "Point", "coordinates": [ 139.634598899999986, 35.52964 ] } },
{ "type": "Feature", "properties": { "内容": "横浜市篠原地域ケアプラザ【居宅介護支援】神奈川県横浜市港北区篠原東2-15-27", "url": "https://www.kaigokensaku.mhlw.go.jp/14/index.php?action_kouhyou_detail_004_kani=true&JigyosyoCd=1470900075-00&ServiceCd=430&Type=search", "url2": "https://www.yokohamashakyo.jp/shinohara/index.html" }, "geometry": { "type": "Point", "coordinates": [ 139.625456100000065, 35.4990457 ] } },
{ "type": "Feature", "properties": { "内容": "ＬＬＴ介護サービスセンター【居宅介護支援】神奈川県横浜市港北区新横浜2-7-20ＮＫＹ新横浜ビル7階", "url": "https://www.kaigokensaku.mhlw.go.jp/14/index.php?action_kouhyou_detail_004_kani=true&JigyosyoCd=1470900083-00&ServiceCd=430&Type=search", "url2": "http://www.llt.co.jp/" }, "geometry": { "type": "Point", "coordinates": [ 139.61298510000006, 35.5072725 ] } },
{ "type": "Feature", "properties": { "内容": "ハウネス福祉センター【居宅介護支援】神奈川県横浜市港北区菊名３－２２－１５", "url": "https://www.kaigokensaku.mhlw.go.jp/14/index.php?action_kouhyou_detail_004_kani=true&JigyosyoCd=1470900109-00&ServiceCd=430&Type=search", "url2": "http://www.hawness.co.jp" }, "geometry": { "type": "Point", "coordinates": [ 139.633435800000029, 35.5088254 ] } },
{ "type": "Feature", "properties": { "内容": "YMG居宅介護支援センター新横浜【居宅介護支援】神奈川県横浜市港北区大豆戸町６６６番地１新横浜YMGアネックス１F", "url": "https://www.kaigokensaku.mhlw.go.jp/14/index.php?action_kouhyou_detail_004_kani=true&JigyosyoCd=1470900166-00&ServiceCd=430&Type=search", "url2": "http://shinyoko-zaitaku.com/" }, "geometry": { "type": "Point", "coordinates": [ 139.622453299999961, 35.513147 ] } },
{ "type": "Feature", "properties": { "内容": "横浜市高田地域ケアプラザ【居宅介護支援】神奈川県横浜市港北区高田西２－１４－６", "url": "https://www.kaigokensaku.mhlw.go.jp/14/index.php?action_kouhyou_detail_004_kani=true&JigyosyoCd=1470900208-00&ServiceCd=430&Type=search", "url2": "http://www.ryokuhokai.or.jp" }, "geometry": { "type": "Point", "coordinates": [ 139.618394299999977, 35.5506589 ] } },
{ "type": "Feature", "properties": { "内容": "ゴールドケアサービス【居宅介護支援】神奈川県横浜市港北区綱島西3-28-33スカイパレス川原101号", "url": "https://www.kaigokensaku.mhlw.go.jp/14/index.php?action_kouhyou_detail_004_kani=true&JigyosyoCd=1470900315-00&ServiceCd=430&Type=search", "url2": null }, "geometry": { "type": "Point", "coordinates": [ 139.628161679297818, 35.53997980668138 ] } },
{ "type": "Feature", "properties": { "内容": "株式会社　ゆい【居宅介護支援】神奈川県横浜市港北区日吉本町1-27-37", "url": "https://www.kaigokensaku.mhlw.go.jp/14/index.php?action_kouhyou_detail_004_kani=true&JigyosyoCd=1470900687-00&ServiceCd=430&Type=search", "url2": "http://www.welfare-yui.com/" }, "geometry": { "type": "Point", "coordinates": [ 139.644716799999969, 35.5524031 ] } },
{ "type": "Feature", "properties": { "内容": "社会福祉法人　横浜共生会　横浜市樽町地域ケアプラザ【居宅介護支援】神奈川県横浜市港北区樽町１－２２－４６", "url": "https://www.kaigokensaku.mhlw.go.jp/14/index.php?action_kouhyou_detail_004_kani=true&JigyosyoCd=1470900703-00&ServiceCd=430&Type=search", "url2": "https://www.y-kyousei.or.jp/tarumachi-cp/" }, "geometry": { "type": "Point", "coordinates": [ 139.63556, 35.5295623 ] } },
{ "type": "Feature", "properties": { "内容": "コープケアサポートセンター港北【居宅介護支援】神奈川県横浜市港北区新横浜3-13-6新横浜葉山第3ビル　601号", "url": "https://www.kaigokensaku.mhlw.go.jp/14/index.php?action_kouhyou_detail_004_kani=true&JigyosyoCd=1470900752-00&ServiceCd=430&Type=search", "url2": "http://www.ucoop.or.jp" }, "geometry": { "type": "Point", "coordinates": [ 139.620896541273822, 35.513861309964142 ] } },
{ "type": "Feature", "properties": { "内容": "港北ケアプラン【居宅介護支援】神奈川県横浜市港北区大倉山6-5-14", "url": "https://www.kaigokensaku.mhlw.go.jp/14/index.php?action_kouhyou_detail_004_kani=true&JigyosyoCd=1470900976-00&ServiceCd=430&Type=search", "url2": "http://www.k-careplan.co.jp" }, "geometry": { "type": "Point", "coordinates": [ 139.619586726149265, 35.528561932207104 ] } },
{ "type": "Feature", "properties": { "内容": "日総ニフティ株式会社【居宅介護支援】神奈川県横浜市港北区新横浜1-4-1日総工産新横浜ビル", "url": "https://www.kaigokensaku.mhlw.go.jp/14/index.php?action_kouhyou_detail_004_kani=true&JigyosyoCd=1470901016-00&ServiceCd=430&Type=search", "url2": "http://www.sweetpea.co.jp/" }, "geometry": { "type": "Point", "coordinates": [ 139.612004800000022, 35.5033423 ] } },
{ "type": "Feature", "properties": { "内容": "居宅介護支援センター　カメリア【居宅介護支援】神奈川県横浜市港北区新羽町4076-5", "url": "https://www.kaigokensaku.mhlw.go.jp/14/index.php?action_kouhyou_detail_004_kani=true&JigyosyoCd=1470901040-00&ServiceCd=430&Type=search", "url2": "http://www.camellia-kanei.or.jp/" }, "geometry": { "type": "Point", "coordinates": [ 139.601935799999978, 35.5293201 ] } },
{ "type": "Feature", "properties": { "内容": "福祉クラブ生協　オプティ港北【居宅介護支援】神奈川県横浜市港北区日吉5-24-33Ｄａｙひよし", "url": "https://www.kaigokensaku.mhlw.go.jp/14/index.php?action_kouhyou_detail_004_kani=true&JigyosyoCd=1470901099-00&ServiceCd=430&Type=search", "url2": null }, "geometry": { "type": "Point", "coordinates": [ 139.655818700000026, 35.5486316 ] } },
{ "type": "Feature", "properties": { "内容": "横浜市城郷小机地域ケアプラザ介護保険センター【居宅介護支援】神奈川県横浜市港北区小机町2484-4横浜市城郷小机地域ケアプラザ", "url": "https://www.kaigokensaku.mhlw.go.jp/14/index.php?action_kouhyou_detail_004_kani=true&JigyosyoCd=1470901172-00&ServiceCd=430&Type=search", "url2": "http://www.shuhokai.or.jp" }, "geometry": { "type": "Point", "coordinates": [ 139.599014500000067, 35.5086917 ] } },
{ "type": "Feature", "properties": { "内容": "ニチイケアセンター日吉【居宅介護支援】神奈川県横浜市港北区日吉本町１－２１－３薄井日吉駅前ビル３階", "url": "https://www.kaigokensaku.mhlw.go.jp/14/index.php?action_kouhyou_detail_004_kani=true&JigyosyoCd=1470901180-00&ServiceCd=430&Type=search", "url2": "https://www.nichii-kaigo.jp/base/base-result/05L39/" }, "geometry": { "type": "Point", "coordinates": [ 139.646133299999974, 35.5532752 ] } },
{ "type": "Feature", "properties": { "内容": "有限会社　城郷ケアサービス【居宅介護支援】神奈川県横浜市港北区小机町1185", "url": "https://www.kaigokensaku.mhlw.go.jp/14/index.php?action_kouhyou_detail_004_kani=true&JigyosyoCd=1470901206-00&ServiceCd=430&Type=search", "url2": null }, "geometry": { "type": "Point", "coordinates": [ 139.594370799999979, 35.5036895 ] } },
{ "type": "Feature", "properties": { "内容": "横浜市日吉本町地域ケアプラザ【居宅介護支援】神奈川県横浜市港北区日吉本町４－１０－Ａ", "url": "https://www.kaigokensaku.mhlw.go.jp/14/index.php?action_kouhyou_detail_004_kani=true&JigyosyoCd=1470901727-00&ServiceCd=430&Type=search", "url2": "http://www.ryokuhokai.or.jp/~hiyosi/index.html" }, "geometry": { "type": "Point", "coordinates": [ 139.636756670619747, 35.545761227883901 ] } },
{ "type": "Feature", "properties": { "内容": "ケアウェルサポート港北【居宅介護支援】神奈川県横浜市港北区大豆戸町1020-5第４西山ビル103号", "url": "https://www.kaigokensaku.mhlw.go.jp/14/index.php?action_kouhyou_detail_004_kani=true&JigyosyoCd=1470902261-00&ServiceCd=430&Type=search", "url2": "http://carewell.co.jp" }, "geometry": { "type": "Point", "coordinates": [ 139.6272444, 35.5171134 ] } },
{ "type": "Feature", "properties": { "内容": "師岡ケアプランサービス【居宅介護支援】神奈川県横浜市港北区師岡町405番地14", "url": "https://www.kaigokensaku.mhlw.go.jp/14/index.php?action_kouhyou_detail_004_kani=true&JigyosyoCd=1470902865-00&ServiceCd=430&Type=search", "url2": null }, "geometry": { "type": "Point", "coordinates": [ 139.638729399999988, 35.5204827 ] } },
{ "type": "Feature", "properties": { "内容": "グリ－ンケア横浜　支援事業部【居宅介護支援】神奈川県横浜市港北区綱島西3-21-25南武ビル402", "url": "https://www.kaigokensaku.mhlw.go.jp/14/index.php?action_kouhyou_detail_004_kani=true&JigyosyoCd=1470902915-00&ServiceCd=430&Type=search", "url2": null }, "geometry": { "type": "Point", "coordinates": [ 139.6287519, 35.5394388 ] } },
{ "type": "Feature", "properties": { "内容": "横浜市新羽地域ケアプラザ【居宅介護支援】神奈川県横浜市港北区新羽町1240-1", "url": "https://www.kaigokensaku.mhlw.go.jp/14/index.php?action_kouhyou_detail_004_kani=true&JigyosyoCd=1470903038-00&ServiceCd=430&Type=search", "url2": "https://www.y-kyousei.or.jp/nippa-cpch/" }, "geometry": { "type": "Point", "coordinates": [ 139.612272489688166, 35.526906554563226 ] } },
{ "type": "Feature", "properties": { "内容": "にじいろ介護サポートセンター【居宅介護支援】神奈川県横浜市港北区綱島東1-14-3", "url": "https://www.kaigokensaku.mhlw.go.jp/14/index.php?action_kouhyou_detail_004_kani=true&JigyosyoCd=1470903129-00&ServiceCd=430&Type=search", "url2": "http://nijiirokaigo.com/" }, "geometry": { "type": "Point", "coordinates": [ 139.637929, 35.5366143 ] } },
{ "type": "Feature", "properties": { "内容": "ケアステーションきらら大倉山　居宅介護支援事業所【居宅介護支援】神奈川県横浜市港北区大曽根1-16-14大倉山武田ビル2階", "url": "https://www.kaigokensaku.mhlw.go.jp/14/index.php?action_kouhyou_detail_004_kani=true&JigyosyoCd=1470903368-00&ServiceCd=430&Type=search", "url2": "https://www.starts.co.jp/kirara_ookurayama_cs_k" }, "geometry": { "type": "Point", "coordinates": [ 139.632588100000021, 35.5261709 ] } },
{ "type": "Feature", "properties": { "内容": "福祉協会たすけあい【居宅介護支援】神奈川県横浜市港北区菊名6-2-11", "url": "https://www.kaigokensaku.mhlw.go.jp/14/index.php?action_kouhyou_detail_004_kani=true&JigyosyoCd=1470903392-00&ServiceCd=430&Type=search", "url2": "hptts://home-help:jp" }, "geometry": { "type": "Point", "coordinates": [ 139.631510899999938, 35.511114100000029 ] } },
{ "type": "Feature", "properties": { "内容": "ホリスティックケア港北【居宅介護支援】神奈川県横浜市港北区高田東3-9-10Mクロスロード103号", "url": "https://www.kaigokensaku.mhlw.go.jp/14/index.php?action_kouhyou_detail_004_kani=true&JigyosyoCd=1470903426-00&ServiceCd=430&Type=search", "url2": "http://www.kohoku-chiryoin.com" }, "geometry": { "type": "Point", "coordinates": [ 139.62138559999994, 35.5496842 ] } },
{ "type": "Feature", "properties": { "内容": "居宅介護支援事業所　ワゲン新横浜【居宅介護支援】神奈川県横浜市港北区大豆戸町724-4特別養護老人ホームワゲン新横浜", "url": "https://www.kaigokensaku.mhlw.go.jp/14/index.php?action_kouhyou_detail_004_kani=true&JigyosyoCd=1470903582-00&ServiceCd=430&Type=search", "url2": "http://www.wagen-zaitaku.com/shinyokohama/" }, "geometry": { "type": "Point", "coordinates": [ 139.6222477, 35.514858 ] } },
{ "type": "Feature", "properties": { "内容": "やさしい手日吉居宅介護支援事業所【居宅介護支援】神奈川県横浜市港北区日吉本町1-4-12H&Aヒルズ1階", "url": "https://www.kaigokensaku.mhlw.go.jp/14/index.php?action_kouhyou_detail_004_kani=true&JigyosyoCd=1470903673-00&ServiceCd=430&Type=search", "url2": "http://www.yasashiite.com/subdomains/section/490/" }, "geometry": { "type": "Point", "coordinates": [ 139.645380499999987, 35.5544972 ] } },
{ "type": "Feature", "properties": { "内容": "楡の大樹介護保険センター【居宅介護支援】神奈川県横浜市港北区新横浜2-4-17新横浜千歳観光第2ビル3階", "url": "https://www.kaigokensaku.mhlw.go.jp/14/index.php?action_kouhyou_detail_004_kani=true&JigyosyoCd=1470904051-00&ServiceCd=430&Type=search", "url2": "https://www.shuhokai.or.jp/office/kohoku-ku/cm-nire.php" }, "geometry": { "type": "Point", "coordinates": [ 139.6166895, 35.5088504 ] } },
{ "type": "Feature", "properties": { "内容": "バックアップ【居宅介護支援】神奈川県横浜市港北区大豆戸町538HARU菊名1,501号室", "url": "https://www.kaigokensaku.mhlw.go.jp/14/index.php?action_kouhyou_detail_004_kani=true&JigyosyoCd=1470904077-00&ServiceCd=430&Type=search", "url2": null }, "geometry": { "type": "Point", "coordinates": [ 139.6249315, 35.5169052 ] } },
{ "type": "Feature", "properties": { "内容": "Lau`Aina【居宅介護支援】神奈川県横浜市港北区樽町2-12-37", "url": "https://www.kaigokensaku.mhlw.go.jp/14/index.php?action_kouhyou_detail_004_kani=true&JigyosyoCd=1470904168-00&ServiceCd=430&Type=search", "url2": "https://lauaina.alex-rabbit.com" }, "geometry": { "type": "Point", "coordinates": [ 139.6335933, 35.5303465 ] } },
{ "type": "Feature", "properties": { "内容": "すこやか訪問看護ステーション【居宅介護支援】神奈川県横浜市港北区高田西2-7-32", "url": "https://www.kaigokensaku.mhlw.go.jp/14/index.php?action_kouhyou_detail_004_kani=true&JigyosyoCd=1460990051-00&ServiceCd=430&Type=search", "url2": "https://sukoyaka-takada.com/visitingnursing/" }, "geometry": { "type": "Point", "coordinates": [ 139.6203107, 35.5521198 ] } },
{ "type": "Feature", "properties": { "内容": "ひまわり訪問看護ステーション【居宅介護支援】神奈川県横浜市港北区新羽町1659フラッシュビル201", "url": "https://www.kaigokensaku.mhlw.go.jp/14/index.php?action_kouhyou_detail_004_kani=true&JigyosyoCd=1460990127-00&ServiceCd=430&Type=search", "url2": "https://www5.hp-ez.com/hp/homecre/" }, "geometry": { "type": "Point", "coordinates": [ 139.616320200000018, 35.5286621 ] } },
{ "type": "Feature", "properties": { "内容": "横浜市下田地域ケアプラザ【居宅介護支援】神奈川県横浜市港北区下田町4-1-1", "url": "https://www.kaigokensaku.mhlw.go.jp/14/index.php?action_kouhyou_detail_004_kani=true&JigyosyoCd=1470900471-00&ServiceCd=430&Type=search", "url2": "https://www.y-kyousei.or.jp/shimoda-cp/" }, "geometry": { "type": "Point", "coordinates": [ 139.631528900000035, 35.5572328 ] } },
{ "type": "Feature", "properties": { "内容": "合同会社きらきら星ケアステーション【居宅介護支援】神奈川県横浜市港北区綱島東6丁目9-17-2", "url": "https://www.kaigokensaku.mhlw.go.jp/14/index.php?action_kouhyou_detail_004_kani=true&JigyosyoCd=1470901586-00&ServiceCd=430&Type=search", "url2": null }, "geometry": { "type": "Point", "coordinates": [ 139.644731099999944, 35.537708600000016 ] } },
{ "type": "Feature", "properties": { "内容": "欅の大樹介護保険センター【居宅介護支援】神奈川県横浜市港北区綱島西1-10-10第5吉田ビル3階", "url": "https://www.kaigokensaku.mhlw.go.jp/14/index.php?action_kouhyou_detail_004_kani=true&JigyosyoCd=1470902048-00&ServiceCd=430&Type=search", "url2": "https://www.shuhokai.or.jp/office/kohoku-ku/cm-keyaki.php" }, "geometry": { "type": "Point", "coordinates": [ 139.6323933, 35.5370142 ] } },
{ "type": "Feature", "properties": { "内容": "SOMPOケア新横浜篠原居宅介護支援【居宅介護支援】神奈川県横浜市港北区篠原町3083-1", "url": "https://www.kaigokensaku.mhlw.go.jp/14/index.php?action_kouhyou_detail_004_kani=true&JigyosyoCd=1470902741-00&ServiceCd=430&Type=search", "url2": null }, "geometry": { "type": "Point", "coordinates": [ 139.616254300000037, 35.5030812 ] } },
{ "type": "Feature", "properties": { "内容": "ふくまるケアプラン【居宅介護支援】神奈川県横浜市港北区小机町1223-3ファミールガーデン横浜・小机2番館702", "url": "https://www.kaigokensaku.mhlw.go.jp/14/index.php?action_kouhyou_detail_004_kani=true&JigyosyoCd=1470904192-00&ServiceCd=430&Type=search", "url2": "http://brown994698.studio.site." }, "geometry": { "type": "Point", "coordinates": [ 139.591837600000019, 35.5031975 ] } },
{ "type": "Feature", "properties": { "内容": "ケアサポートふくゆめ【居宅介護支援】神奈川県横浜市港北区綱島西５丁目３番１６号綱島住宅１１５", "url": "https://www.kaigokensaku.mhlw.go.jp/14/index.php?action_kouhyou_detail_004_kani=true&JigyosyoCd=1470904200-00&ServiceCd=430&Type=search", "url2": "https://fukuyume-care.com/" }, "geometry": { "type": "Point", "coordinates": [ 139.6274575, 35.5445293 ] } },
{ "type": "Feature", "properties": { "内容": "居宅介護支援事業所ベルディーナ【居宅介護支援】神奈川県横浜市港北区高田西三丁目1-12", "url": "https://www.kaigokensaku.mhlw.go.jp/14/index.php?action_kouhyou_detail_004_kani=true&JigyosyoCd=1470904291-00&ServiceCd=430&Type=search", "url2": "https://kanagawa-chiga.jp/" }, "geometry": { "type": "Point", "coordinates": [ 139.6207997, 35.5539433 ] } },
{ "type": "Feature", "properties": { "内容": "居宅介護支援事業所まるっとけあ新横浜【居宅介護支援】神奈川県横浜市港北区新横浜2-2-15パレアナビル3階", "url": "https://www.kaigokensaku.mhlw.go.jp/14/index.php?action_kouhyou_detail_004_kani=true&JigyosyoCd=1470904333-00&ServiceCd=430&Type=search", "url2": "https://maruttocare-homecare.com/" }, "geometry": { "type": "Point", "coordinates": [ 139.6137738, 35.5067475 ] } },
{ "type": "Feature", "properties": { "内容": "ハロー・ケアマネジメントステーション【居宅介護支援】神奈川県横浜市港北区日吉本町1丁目20番16日吉教養センタービル6階", "url": "https://www.kaigokensaku.mhlw.go.jp/14/index.php?action_kouhyou_detail_004_kani=true&JigyosyoCd=1470900893-00&ServiceCd=430&Type=search", "url2": "http://www.hello-yokohama.com" }, "geometry": { "type": "Point", "coordinates": [ 139.645836713756921, 35.553326371204875 ] } },
{ "type": "Feature", "properties": { "内容": "横浜市大豆戸地域ケアプラザ【居宅介護支援】神奈川県横浜市港北区大豆戸町３１６－１", "url": "https://www.kaigokensaku.mhlw.go.jp/14/index.php?action_kouhyou_detail_004_kani=true&JigyosyoCd=1470900489-00&ServiceCd=430&Type=search", "url2": "https://www.hama-wel.or.jp/branch/mamedo/" }, "geometry": { "type": "Point", "coordinates": [ 139.627844399999958, 35.5147442 ] } },
{ "type": "Feature", "properties": { "内容": "学研ココファン横浜ケアプランセンター【居宅介護支援】神奈川県横浜市港北区日吉本町4-10-50", "url": "https://www.kaigokensaku.mhlw.go.jp/14/index.php?action_kouhyou_detail_004_kani=true&JigyosyoCd=1470902139-00&ServiceCd=430&Type=search", "url2": "https://www.cocofump.co.jp/" }, "geometry": { "type": "Point", "coordinates": [ 139.634962569311483, 35.545971437109557 ] } },
{ "type": "Feature", "properties": { "内容": "株式会社　あい愛ケアプラン【居宅介護支援】神奈川県横浜市港北区樽町2-2-16A棟", "url": "https://www.kaigokensaku.mhlw.go.jp/14/index.php?action_kouhyou_detail_004_kani=true&JigyosyoCd=1470902600-00&ServiceCd=430&Type=search", "url2": "http://www4.point.ne.jp/aiai/" }, "geometry": { "type": "Point", "coordinates": [ 139.6371292, 35.531426 ] } },
{ "type": "Feature", "properties": { "内容": "ケアプランセンター　あすた【居宅介護支援】神奈川県横浜市港北区大曽根二丁目２３－４COCO大倉山　地上１階A号室", "url": "https://www.kaigokensaku.mhlw.go.jp/14/index.php?action_kouhyou_detail_004_kani=true&JigyosyoCd=1470902659-00&ServiceCd=430&Type=search", "url2": null }, "geometry": { "type": "Point", "coordinates": [ 139.631432600000039, 35.5286457 ] } },
{ "type": "Feature", "properties": { "内容": "だいあん介護相談所【居宅介護支援】神奈川県横浜市港北区新吉田東6-48-8グリーン・ピース１F", "url": "https://www.kaigokensaku.mhlw.go.jp/14/index.php?action_kouhyou_detail_004_kani=true&JigyosyoCd=1470903699-00&ServiceCd=430&Type=search", "url2": "http://daian-kango.jp/" }, "geometry": { "type": "Point", "coordinates": [ 139.617039156448755, 35.535946409227499 ] } },
{ "type": "Feature", "properties": { "内容": "あけびケア【居宅介護支援】神奈川県横浜市港北区日吉本町二丁目31番2‐413号日吉台マンション", "url": "https://www.kaigokensaku.mhlw.go.jp/14/index.php?action_kouhyou_detail_004_kani=true&JigyosyoCd=1470903806-00&ServiceCd=430&Type=search", "url2": "http://www.akebicare.sakura.ne.jp/wp/" }, "geometry": { "type": "Point", "coordinates": [ 139.638342511747737, 35.552319771523777 ] } },
{ "type": "Feature", "properties": { "内容": "CALMケアプランセンター【居宅介護支援】神奈川県横浜市港北区樽町2-4-5ウエストヴァリー樽町202", "url": "https://www.kaigokensaku.mhlw.go.jp/14/index.php?action_kouhyou_detail_004_kani=true&JigyosyoCd=1470904325-00&ServiceCd=430&Type=search", "url2": null }, "geometry": { "type": "Point", "coordinates": [ 139.639294799999988, 35.5317049 ] } },
{ "type": "Feature", "properties": { "内容": "医心館居宅介護支援事業所日吉【居宅介護支援】神奈川県横浜市港北区日吉三丁目２番８号", "url": "https://www.kaigokensaku.mhlw.go.jp/14/index.php?action_kouhyou_detail_004_kani=true&JigyosyoCd=1470904358-00&ServiceCd=430&Type=search", "url2": null }, "geometry": { "type": "Point", "coordinates": [ 139.6498622, 35.5576364 ] } },
{ "type": "Feature", "properties": { "内容": "福祉クラブ生協オプティ新羽【居宅介護支援】神奈川県横浜市港北区新羽町868", "url": "https://www.kaigokensaku.mhlw.go.jp/14/index.php?action_kouhyou_detail_004_kani=true&JigyosyoCd=1470902691-00&ServiceCd=430&Type=search", "url2": null }, "geometry": { "type": "Point", "coordinates": [ 139.614411099999984, 35.52394240000001 ] } },
{ "type": "Feature", "properties": { "内容": "居宅介護支援事業所　ひより【居宅介護支援】神奈川県横浜市戸塚区深谷町1412-11介護老人保健施設　うららの里", "url": "https://www.kaigokensaku.mhlw.go.jp/14/index.php?action_kouhyou_detail_004_kani=true&JigyosyoCd=1471003986-00&ServiceCd=430&Type=search", "url2": "http://www.kenyoukai.or.jp." }, "geometry": { "type": "Point", "coordinates": [ 139.494709199999988, 35.3895989 ] } },
{ "type": "Feature", "properties": { "内容": "ケアマネステーション戸塚【居宅介護支援】神奈川県横浜市戸塚区矢部町29カイビル本館5F7号室", "url": "https://www.kaigokensaku.mhlw.go.jp/14/index.php?action_kouhyou_detail_004_kani=true&JigyosyoCd=1471004067-00&ServiceCd=430&Type=search", "url2": "https://www.zaitakukango.net/" }, "geometry": { "type": "Point", "coordinates": [ 139.5369629, 35.4045706 ] } },
{ "type": "Feature", "properties": { "内容": "介護老人保健施設　ハートケア横浜小雀【居宅介護支援】神奈川県横浜市戸塚区小雀町2248番地1", "url": "https://www.kaigokensaku.mhlw.go.jp/14/index.php?action_kouhyou_detail_004_kani=true&JigyosyoCd=1451080035-00&ServiceCd=430&Type=search", "url2": "https://www.hc-kosuzume.jp" }, "geometry": { "type": "Point", "coordinates": [ 139.5058103, 35.3716991 ] } },
{ "type": "Feature", "properties": { "内容": "ともろー訪問看護ステーション南舞岡【居宅介護支援】神奈川県横浜市戸塚区南舞岡3-2-7", "url": "https://www.kaigokensaku.mhlw.go.jp/14/index.php?action_kouhyou_detail_004_kani=true&JigyosyoCd=1461090034-00&ServiceCd=430&Type=search", "url2": "https://tomorrow-kango.jp/" }, "geometry": { "type": "Point", "coordinates": [ 139.55649638465573, 35.393892429388096 ] } },
{ "type": "Feature", "properties": { "内容": "医療法人横浜未来ヘルスケアシステム　戸塚共立訪問看護ステーション【居宅介護支援】神奈川県横浜市戸塚区戸塚町4130番地5R・K・BLD.TotsukaⅡ　2階", "url": "https://www.kaigokensaku.mhlw.go.jp/14/index.php?action_kouhyou_detail_004_kani=true&JigyosyoCd=1461090125-00&ServiceCd=430&Type=search", "url2": "http://www.tmg-houmonkango.jp/totsuka/" }, "geometry": { "type": "Point", "coordinates": [ 139.530644771531371, 35.398327357521154 ] } },
{ "type": "Feature", "properties": { "内容": "横浜市福祉サービス協会　戸塚介護事務所【居宅介護支援】神奈川県横浜市戸塚区上倉田町４９８－１１第五吉本ビル４階", "url": "https://www.kaigokensaku.mhlw.go.jp/14/index.php?action_kouhyou_detail_004_kani=true&JigyosyoCd=1471000016-00&ServiceCd=430&Type=search", "url2": "https://www.hama-wel.or.jp/" }, "geometry": { "type": "Point", "coordinates": [ 139.536093400000027, 35.400393 ] } },
{ "type": "Feature", "properties": { "内容": "汲沢地域ケアプラザ【居宅介護支援】神奈川県横浜市戸塚区汲沢町986番地", "url": "https://www.kaigokensaku.mhlw.go.jp/14/index.php?action_kouhyou_detail_004_kani=true&JigyosyoCd=1471000024-00&ServiceCd=430&Type=search", "url2": "https://www.hakuhoukai.jp" }, "geometry": { "type": "Point", "coordinates": [ 139.515803099999971, 35.3919328 ] } },
{ "type": "Feature", "properties": { "内容": "西横浜国際総合病院　ケアプランセンターにしよこはま【居宅介護支援】神奈川県横浜市戸塚区汲沢町56番地西横浜国際総合病院", "url": "https://www.kaigokensaku.mhlw.go.jp/14/index.php?action_kouhyou_detail_004_kani=true&JigyosyoCd=1471000032-00&ServiceCd=430&Type=search", "url2": "http://www.nishiyokohama.or.jp" }, "geometry": { "type": "Point", "coordinates": [ 139.514311499999963, 35.3847061 ] } },
{ "type": "Feature", "properties": { "内容": "高齢者介護総合センター　聖母の園【居宅介護支援】神奈川県横浜市戸塚区原宿4-35-3", "url": "https://www.kaigokensaku.mhlw.go.jp/14/index.php?action_kouhyou_detail_004_kani=true&JigyosyoCd=1471000040-00&ServiceCd=430&Type=search", "url2": "https://www.seibonosono.jp/" }, "geometry": { "type": "Point", "coordinates": [ 139.501984900000025, 35.3757269 ] } },
{ "type": "Feature", "properties": { "内容": "横浜市東戸塚地域ケアプラザ【居宅介護支援】神奈川県横浜市戸塚区川上町4-4", "url": "https://www.kaigokensaku.mhlw.go.jp/14/index.php?action_kouhyou_detail_004_kani=true&JigyosyoCd=1471000099-00&ServiceCd=430&Type=search", "url2": "https://www.yokohamashakyo.jp/higashitotsuka/index.html" }, "geometry": { "type": "Point", "coordinates": [ 139.555266399999937, 35.4286866 ] } },
{ "type": "Feature", "properties": { "内容": "横浜市上倉田地域ケアプラザ【居宅介護支援】神奈川県横浜市戸塚区上倉田町259-11９号棟　１階", "url": "https://www.kaigokensaku.mhlw.go.jp/14/index.php?action_kouhyou_detail_004_kani=true&JigyosyoCd=1471000107-00&ServiceCd=430&Type=search", "url2": "https://www.hirakukaicp.or.jp/kamikurata/" }, "geometry": { "type": "Point", "coordinates": [ 139.534168499999964, 35.3966213 ] } },
{ "type": "Feature", "properties": { "内容": "横浜市平戸地域ケアプラザ【居宅介護支援】神奈川県横浜市戸塚区平戸2-33-57", "url": "https://www.kaigokensaku.mhlw.go.jp/14/index.php?action_kouhyou_detail_004_kani=true&JigyosyoCd=1471000115-00&ServiceCd=430&Type=search", "url2": "http://www.hiruda.or.jp/hirado-home/" }, "geometry": { "type": "Point", "coordinates": [ 139.572687500000029, 35.4303174 ] } },
{ "type": "Feature", "properties": { "内容": "横浜市原宿地域ケアプラザ【居宅介護支援】神奈川県横浜市戸塚区原宿4-36-1", "url": "https://www.kaigokensaku.mhlw.go.jp/14/index.php?action_kouhyou_detail_004_kani=true&JigyosyoCd=1471000123-00&ServiceCd=430&Type=search", "url2": "http://www.harajyuku-cp.jp/" }, "geometry": { "type": "Point", "coordinates": [ 139.503153715606487, 35.374697500465558 ] } },
{ "type": "Feature", "properties": { "内容": "アイブレイン【居宅介護支援】神奈川県横浜市戸塚区戸塚町３９２９渡辺ビル304号", "url": "https://www.kaigokensaku.mhlw.go.jp/14/index.php?action_kouhyou_detail_004_kani=true&JigyosyoCd=1471000347-00&ServiceCd=430&Type=search", "url2": null }, "geometry": { "type": "Point", "coordinates": [ 139.530515899999955, 35.3960879 ] } },
{ "type": "Feature", "properties": { "内容": "しなの森のさと【居宅介護支援】神奈川県横浜市戸塚区品濃町1386-1特別養護老人ホーム　しなの森のさと", "url": "https://www.kaigokensaku.mhlw.go.jp/14/index.php?action_kouhyou_detail_004_kani=true&JigyosyoCd=1471000495-00&ServiceCd=430&Type=search", "url2": "http://www.sinanomori.jp/" }, "geometry": { "type": "Point", "coordinates": [ 139.55152496389843, 35.437782663305583 ] } },
{ "type": "Feature", "properties": { "内容": "あい薬局　居宅介護支援事業部【居宅介護支援】神奈川県横浜市戸塚区矢部町232熊谷ビル1階", "url": "https://www.kaigokensaku.mhlw.go.jp/14/index.php?action_kouhyou_detail_004_kani=true&JigyosyoCd=1471000511-00&ServiceCd=430&Type=search", "url2": null }, "geometry": { "type": "Point", "coordinates": [ 139.533335099999931, 35.4082252 ] } },
{ "type": "Feature", "properties": { "内容": "コープケアサポートセンター戸塚【居宅介護支援】神奈川県横浜市戸塚区戸塚町１５７フタバビル　２０２号室", "url": "https://www.kaigokensaku.mhlw.go.jp/14/index.php?action_kouhyou_detail_004_kani=true&JigyosyoCd=1471001071-00&ServiceCd=430&Type=search", "url2": "http://www.ucoop.or.jp" }, "geometry": { "type": "Point", "coordinates": [ 139.5316547, 35.396499 ] } },
{ "type": "Feature", "properties": { "内容": "横浜ケアセンターそよ風【居宅介護支援】神奈川県横浜市戸塚区戸塚町1978-1クラシックコミュニティ横浜", "url": "https://www.kaigokensaku.mhlw.go.jp/14/index.php?action_kouhyou_detail_004_kani=true&JigyosyoCd=1471001402-00&ServiceCd=430&Type=search", "url2": "https://corp.sykz.co.jp/" }, "geometry": { "type": "Point", "coordinates": [ 139.516180800000029, 35.384595 ] } },
{ "type": "Feature", "properties": { "内容": "医療生協かながわ生活協同組合　ケアセンターよこはま【居宅介護支援】神奈川県横浜市戸塚区戸塚町１６７まこと第２ビル", "url": "https://www.kaigokensaku.mhlw.go.jp/14/index.php?action_kouhyou_detail_004_kani=true&JigyosyoCd=1471001469-00&ServiceCd=430&Type=search", "url2": "https://mc-kanagawa.or.jp/network/c-care/390" }, "geometry": { "type": "Point", "coordinates": [ 139.532168722491519, 35.39576730643099 ] } },
{ "type": "Feature", "properties": { "内容": "ヒルズまいおか【居宅介護支援】神奈川県横浜市戸塚区舞岡町３３３８－７", "url": "https://www.kaigokensaku.mhlw.go.jp/14/index.php?action_kouhyou_detail_004_kani=true&JigyosyoCd=1471001824-00&ServiceCd=430&Type=search", "url2": "http://www.hoshokai.jp" }, "geometry": { "type": "Point", "coordinates": [ 139.555133699999942, 35.4085174 ] } },
{ "type": "Feature", "properties": { "内容": "介護老人保健施設ヒルズ東戸塚居宅介護支援事業所【居宅介護支援】神奈川県横浜市戸塚区上品濃１６－７", "url": "https://www.kaigokensaku.mhlw.go.jp/14/index.php?action_kouhyou_detail_004_kani=true&JigyosyoCd=1471001907-00&ServiceCd=430&Type=search", "url2": "http://www.fureai-g.or.jp/hills/" }, "geometry": { "type": "Point", "coordinates": [ 139.547491900000068, 35.4388129 ] } },
{ "type": "Feature", "properties": { "内容": "シオン【居宅介護支援】神奈川県横浜市戸塚区品濃町５１５－１南の街４－２０１", "url": "https://www.kaigokensaku.mhlw.go.jp/14/index.php?action_kouhyou_detail_004_kani=true&JigyosyoCd=1471001915-00&ServiceCd=430&Type=search", "url2": null }, "geometry": { "type": "Point", "coordinates": [ 139.55746350000004, 35.4279368 ] } },
{ "type": "Feature", "properties": { "内容": "横浜市名瀬地域ケアプラザ　居宅介護支援事業所【居宅介護支援】神奈川県横浜市戸塚区名瀬町791-14", "url": "https://www.kaigokensaku.mhlw.go.jp/14/index.php?action_kouhyou_detail_004_kani=true&JigyosyoCd=1471002053-00&ServiceCd=430&Type=search", "url2": "https://apollon.or.jp/" }, "geometry": { "type": "Point", "coordinates": [ 139.54431169999998, 35.4335886 ] } },
{ "type": "Feature", "properties": { "内容": "ケアサービス春【居宅介護支援】神奈川県横浜市戸塚区南舞岡４－１－５舞岡テラスA号", "url": "https://www.kaigokensaku.mhlw.go.jp/14/index.php?action_kouhyou_detail_004_kani=true&JigyosyoCd=1471002111-00&ServiceCd=430&Type=search", "url2": "http://haru.kai5.jp/" }, "geometry": { "type": "Point", "coordinates": [ 139.555667200000016, 35.394816400000011 ] } },
{ "type": "Feature", "properties": { "内容": "ふれあい東戸塚居宅介護支援センター【居宅介護支援】神奈川県横浜市戸塚区上品濃16番8", "url": "https://www.kaigokensaku.mhlw.go.jp/14/index.php?action_kouhyou_detail_004_kani=true&JigyosyoCd=1471002806-00&ServiceCd=430&Type=search", "url2": "http://www.fureai-g.or.jp/ht-hosp/" }, "geometry": { "type": "Point", "coordinates": [ 139.548108500000012, 35.4388657 ] } },
{ "type": "Feature", "properties": { "内容": "花りんの樹【居宅介護支援】神奈川県横浜市戸塚区品濃町296ﾌﾚｱｶｰｻｰ105", "url": "https://www.kaigokensaku.mhlw.go.jp/14/index.php?action_kouhyou_detail_004_kani=true&JigyosyoCd=1471002897-00&ServiceCd=430&Type=search", "url2": "http://www.wcomysol.com" }, "geometry": { "type": "Point", "coordinates": [ 139.559728827511435, 35.426249493322274 ] } },
{ "type": "Feature", "properties": { "内容": "居宅介護支援ひなた【居宅介護支援】神奈川県横浜市戸塚区平戸1-3-11", "url": "https://www.kaigokensaku.mhlw.go.jp/14/index.php?action_kouhyou_detail_004_kani=true&JigyosyoCd=1471002970-00&ServiceCd=430&Type=search", "url2": null }, "geometry": { "type": "Point", "coordinates": [ 139.5740485, 35.428812 ] } },
{ "type": "Feature", "properties": { "内容": "ケアプラン　空の音【居宅介護支援】神奈川県横浜市戸塚区吉田町1368-4コーポ和光101号室", "url": "https://www.kaigokensaku.mhlw.go.jp/14/index.php?action_kouhyou_detail_004_kani=true&JigyosyoCd=1471003242-00&ServiceCd=430&Type=search", "url2": null }, "geometry": { "type": "Point", "coordinates": [ 139.543648399999938, 35.4058647 ] } },
{ "type": "Feature", "properties": { "内容": "株式会社福祉サポート推進センター【居宅介護支援】神奈川県横浜市戸塚区戸塚町4948-4", "url": "https://www.kaigokensaku.mhlw.go.jp/14/index.php?action_kouhyou_detail_004_kani=true&JigyosyoCd=1471003283-00&ServiceCd=430&Type=search", "url2": "http://hp.kaipoke.biz/kye/" }, "geometry": { "type": "Point", "coordinates": [ 139.530822834640531, 35.402386693269939 ] } },
{ "type": "Feature", "properties": { "内容": "ベネッセ介護センター横浜【居宅介護支援】神奈川県横浜市戸塚区上倉田町447-1プラージュ戸塚303", "url": "https://www.kaigokensaku.mhlw.go.jp/14/index.php?action_kouhyou_detail_004_kani=true&JigyosyoCd=1471003325-00&ServiceCd=430&Type=search", "url2": "http://www.benesse-style-care.co.jp" }, "geometry": { "type": "Point", "coordinates": [ 139.536154500000066, 35.3983211 ] } },
{ "type": "Feature", "properties": { "内容": "横浜市深谷俣野地域ケアプラザ【居宅介護支援】神奈川県横浜市戸塚区深谷町１４３２－１１", "url": "https://www.kaigokensaku.mhlw.go.jp/14/index.php?action_kouhyou_detail_004_kani=true&JigyosyoCd=1471003382-00&ServiceCd=430&Type=search", "url2": "https://www.fm-cp.jp/kyotaku" }, "geometry": { "type": "Point", "coordinates": [ 139.496062471452433, 35.390623179076506 ] } },
{ "type": "Feature", "properties": { "内容": "よりそい介護プラン相談室【居宅介護支援】神奈川県横浜市戸塚区名瀬町２６－１ニックハイム戸塚208号室", "url": "https://www.kaigokensaku.mhlw.go.jp/14/index.php?action_kouhyou_detail_004_kani=true&JigyosyoCd=1471003432-00&ServiceCd=430&Type=search", "url2": null }, "geometry": { "type": "Point", "coordinates": [ 139.539526300000034, 35.4160966 ] } },
{ "type": "Feature", "properties": { "内容": "医心館居宅介護支援事業所東戸塚【居宅介護支援】神奈川県横浜市戸塚区品濃町５５４－２", "url": "https://www.kaigokensaku.mhlw.go.jp/14/index.php?action_kouhyou_detail_004_kani=true&JigyosyoCd=1471003531-00&ServiceCd=430&Type=search", "url2": null }, "geometry": { "type": "Point", "coordinates": [ 139.562986300000034, 35.4303467 ] } },
{ "type": "Feature", "properties": { "内容": "ひとはな　とつか【居宅介護支援】神奈川県横浜市戸塚区原宿三丁目5番24号青木貸店舗２階", "url": "https://www.kaigokensaku.mhlw.go.jp/14/index.php?action_kouhyou_detail_004_kani=true&JigyosyoCd=1471003572-00&ServiceCd=430&Type=search", "url2": "https://hitohana.co.jp/cmtotsuka.html" }, "geometry": { "type": "Point", "coordinates": [ 139.507165400115269, 35.379196256450832 ] } },
{ "type": "Feature", "properties": { "内容": "若武者ケア戸塚　居宅介護支援事業所【居宅介護支援】神奈川県横浜市戸塚区戸塚町4820番地6中山ビル401号室", "url": "https://www.kaigokensaku.mhlw.go.jp/14/index.php?action_kouhyou_detail_004_kani=true&JigyosyoCd=1471003580-00&ServiceCd=430&Type=search", "url2": "https://www.wakamusha-care.jp/" }, "geometry": { "type": "Point", "coordinates": [ 139.528366442327894, 35.401199647010685 ] } },
{ "type": "Feature", "properties": { "内容": "戸塚区医師会居宅介護支援事業所【居宅介護支援】神奈川県横浜市戸塚区戸塚町4141-1", "url": "https://www.kaigokensaku.mhlw.go.jp/14/index.php?action_kouhyou_detail_004_kani=true&JigyosyoCd=1471003812-00&ServiceCd=430&Type=search", "url2": "https://www.totsuka-med.org/" }, "geometry": { "type": "Point", "coordinates": [ 139.5305535, 35.3978381 ] } },
{ "type": "Feature", "properties": { "内容": "桜ケアプラン東戸塚【居宅介護支援】神奈川県横浜市戸塚区前田町501-4マンションウイステリア103", "url": "https://www.kaigokensaku.mhlw.go.jp/14/index.php?action_kouhyou_detail_004_kani=true&JigyosyoCd=1471003838-00&ServiceCd=430&Type=search", "url2": "https://jala.co.jp/" }, "geometry": { "type": "Point", "coordinates": [ 139.555556200000012, 35.4265071 ] } },
{ "type": "Feature", "properties": { "内容": "ケアプランセンターゆうあい【居宅介護支援】神奈川県横浜市戸塚区品濃町513-7清光ビル2階", "url": "https://www.kaigokensaku.mhlw.go.jp/14/index.php?action_kouhyou_detail_004_kani=true&JigyosyoCd=1471003879-00&ServiceCd=430&Type=search", "url2": "https://shonanyuuaikai.or.jp/careplancenteryuuai.html" }, "geometry": { "type": "Point", "coordinates": [ 139.558813977909864, 35.427701011845201 ] } },
{ "type": "Feature", "properties": { "内容": "ケアプランセンター　てとてと戸塚【居宅介護支援】神奈川県横浜市戸塚区戸塚町550番地平成横浜病院内　1階", "url": "https://www.kaigokensaku.mhlw.go.jp/14/index.php?action_kouhyou_detail_004_kani=true&JigyosyoCd=1471003903-00&ServiceCd=430&Type=search", "url2": "https://tetote.to/office/totsuka-care/" }, "geometry": { "type": "Point", "coordinates": [ 139.5302801, 35.3891789 ] } },
{ "type": "Feature", "properties": { "内容": "居宅介護支援事業所　ラフィングゲート【居宅介護支援】神奈川県横浜市戸塚区矢部町571-4", "url": "https://www.kaigokensaku.mhlw.go.jp/14/index.php?action_kouhyou_detail_004_kani=true&JigyosyoCd=1471003911-00&ServiceCd=430&Type=search", "url2": "https://laughing-gate-yokohama.amebaownd.com/" }, "geometry": { "type": "Point", "coordinates": [ 139.533190200000035, 35.4109717 ] } },
{ "type": "Feature", "properties": { "内容": "横浜市下倉田地域ケアプラザ【居宅介護支援】神奈川県横浜市戸塚区下倉田町１９５１－８", "url": "https://www.kaigokensaku.mhlw.go.jp/14/index.php?action_kouhyou_detail_004_kani=true&JigyosyoCd=1471001014-00&ServiceCd=430&Type=search", "url2": "http://www.hirakukaicp.or.jp/" }, "geometry": { "type": "Point", "coordinates": [ 139.545923300000027, 35.3781989 ] } },
{ "type": "Feature", "properties": { "内容": "ＳＯＭＰＯケア　横浜戸塚いずみ　居宅介護支援【居宅介護支援】神奈川県横浜市戸塚区吉田町1623ｰ24", "url": "https://www.kaigokensaku.mhlw.go.jp/14/index.php?action_kouhyou_detail_004_kani=true&JigyosyoCd=1471003481-00&ServiceCd=430&Type=search", "url2": "https://www.sompocare.com/" }, "geometry": { "type": "Point", "coordinates": [ 139.545057182890901, 35.401906381037769 ] } },
{ "type": "Feature", "properties": { "内容": "ケアプランひまわり【居宅介護支援】神奈川県横浜市戸塚区上倉田町232-1美松ハイツA棟205", "url": "https://www.kaigokensaku.mhlw.go.jp/14/index.php?action_kouhyou_detail_004_kani=true&JigyosyoCd=1471004075-00&ServiceCd=430&Type=search", "url2": null }, "geometry": { "type": "Point", "coordinates": [ 139.535315700000012, 35.3936777 ] } },
{ "type": "Feature", "properties": { "内容": "介護支援　わたぼうし【居宅介護支援】神奈川県横浜市戸塚区汲沢町９９９番地１２", "url": "https://www.kaigokensaku.mhlw.go.jp/14/index.php?action_kouhyou_detail_004_kani=true&JigyosyoCd=1473501540-00&ServiceCd=430&Type=search", "url2": "http://www.jinrikisha.me" }, "geometry": { "type": "Point", "coordinates": [ 139.515090500000014, 35.390625 ] } },
{ "type": "Feature", "properties": { "内容": "ソフィア横浜居宅介護支援センター【居宅介護支援】神奈川県横浜市戸塚区東俣野町９１１", "url": "https://www.kaigokensaku.mhlw.go.jp/14/index.php?action_kouhyou_detail_004_kani=true&JigyosyoCd=1471000255-00&ServiceCd=430&Type=search", "url2": "https://www.sophia-pma.jp/pages/80/" }, "geometry": { "type": "Point", "coordinates": [ 139.492585700000063, 35.3643645 ] } },
{ "type": "Feature", "properties": { "内容": "みんなの訪問看護リハビリステーション戸塚【居宅介護支援】神奈川県横浜市戸塚区小雀町1465-16", "url": "https://www.kaigokensaku.mhlw.go.jp/14/index.php?action_kouhyou_detail_004_kani=true&JigyosyoCd=1471003648-00&ServiceCd=430&Type=search", "url2": "https://minnano-kango.jp" }, "geometry": { "type": "Point", "coordinates": [ 139.520233478910001, 35.377101644054889 ] } },
{ "type": "Feature", "properties": { "内容": "愛ケアステーション戸塚【居宅介護支援】神奈川県横浜市戸塚区深谷町851-3プリムヴェールA棟", "url": "https://www.kaigokensaku.mhlw.go.jp/14/index.php?action_kouhyou_detail_004_kani=true&JigyosyoCd=1471003515-00&ServiceCd=430&Type=search", "url2": "https://yuukei.info/" }, "geometry": { "type": "Point", "coordinates": [ 139.505352159351105, 35.391072772313358 ] } },
{ "type": "Feature", "properties": { "内容": "指定相談支援アットコレット小雀町【居宅介護支援】神奈川県横浜市戸塚区小雀町2314", "url": "https://www.kaigokensaku.mhlw.go.jp/14/index.php?action_kouhyou_detail_004_kani=true&JigyosyoCd=1471004232-00&ServiceCd=430&Type=search", "url2": "https://collet.at-care.co.jp/" }, "geometry": { "type": "Point", "coordinates": [ 139.503413200000011, 35.3684291 ] } },
{ "type": "Feature", "properties": { "内容": "横浜市南戸塚地域ケアプラザ【居宅介護支援】神奈川県横浜市戸塚区戸塚町2626-13", "url": "https://www.kaigokensaku.mhlw.go.jp/14/index.php?action_kouhyou_detail_004_kani=true&JigyosyoCd=1471004240-00&ServiceCd=430&Type=search", "url2": "https://www.apollon.or.jp/minamitotsuka-cp" }, "geometry": { "type": "Point", "coordinates": [ 139.5281406, 35.3831271 ] } },
{ "type": "Feature", "properties": { "内容": "ナースケア　オリーブ【居宅介護支援】神奈川県横浜市戸塚区柏尾町10122階201号室", "url": "https://www.kaigokensaku.mhlw.go.jp/14/index.php?action_kouhyou_detail_004_kani=true&JigyosyoCd=1461090299-00&ServiceCd=430&Type=search", "url2": "http://full-life.main.jp/oli1.html" }, "geometry": { "type": "Point", "coordinates": [ 139.542312199999969, 35.413863600000035 ] } },
{ "type": "Feature", "properties": { "内容": "横浜市舞岡柏尾地域ケアプラザ【居宅介護支援】神奈川県横浜市戸塚区舞岡町３７０５－１０", "url": "https://www.kaigokensaku.mhlw.go.jp/14/index.php?action_kouhyou_detail_004_kani=true&JigyosyoCd=1471000370-00&ServiceCd=430&Type=search", "url2": "http://www.hama-wel.or.jp/office/maioka/" }, "geometry": { "type": "Point", "coordinates": [ 139.546937, 35.4113585 ] } },
{ "type": "Feature", "properties": { "内容": "有限会社　ことぶき【居宅介護支援】神奈川県横浜市戸塚区矢部町1674-3セラピー踊場503号", "url": "https://www.kaigokensaku.mhlw.go.jp/14/index.php?action_kouhyou_detail_004_kani=true&JigyosyoCd=1471000982-00&ServiceCd=430&Type=search", "url2": null }, "geometry": { "type": "Point", "coordinates": [ 139.521394200000032, 35.4043615 ] } },
{ "type": "Feature", "properties": { "内容": "医療法人社団明芳会　ｲﾑｽ横浜東戸塚総合リハビリテーション病院居宅介護支援センター【居宅介護支援】神奈川県横浜市戸塚区川上町６９０－２ｲﾑｽ横浜東戸塚総合リハビリテーション病院", "url": "https://www.kaigokensaku.mhlw.go.jp/14/index.php?action_kouhyou_detail_004_kani=true&JigyosyoCd=1471000990-00&ServiceCd=430&Type=search", "url2": "https://ims.gr.jp/yokohama_higashitotsuka_reha/outpatient/insurance.html" }, "geometry": { "type": "Point", "coordinates": [ 139.544272800000044, 35.4344468 ] } },
{ "type": "Feature", "properties": { "内容": "居宅介護支援センター　こすずめの里【居宅介護支援】神奈川県横浜市戸塚区深谷町15番2ひだまり苑こすずめ深谷４階", "url": "https://www.kaigokensaku.mhlw.go.jp/14/index.php?action_kouhyou_detail_004_kani=true&JigyosyoCd=1471001741-00&ServiceCd=430&Type=search", "url2": "https://kosuzumenosato.com/" }, "geometry": { "type": "Point", "coordinates": [ 139.49761860000001, 35.3788403 ] } },
{ "type": "Feature", "properties": { "内容": "さぽーとめぐみ【居宅介護支援】神奈川県横浜市戸塚区川上町464-29新晃ビル1F", "url": "https://www.kaigokensaku.mhlw.go.jp/14/index.php?action_kouhyou_detail_004_kani=true&JigyosyoCd=1471002160-00&ServiceCd=430&Type=search", "url2": "http://www.supportmegumi.org" }, "geometry": { "type": "Point", "coordinates": [ 139.545336613044697, 35.427255440373514 ] } },
{ "type": "Feature", "properties": { "内容": "ゆあーず　サポートセンター【居宅介護支援】神奈川県横浜市戸塚区名瀬町187", "url": "https://www.kaigokensaku.mhlw.go.jp/14/index.php?action_kouhyou_detail_004_kani=true&JigyosyoCd=1471002194-00&ServiceCd=430&Type=search", "url2": "http://yourscare.info/" }, "geometry": { "type": "Point", "coordinates": [ 139.53924840000002, 35.420907 ] } },
{ "type": "Feature", "properties": { "内容": "居宅介護支援事業所　ももい【居宅介護支援】神奈川県横浜市戸塚区上柏尾町399-8", "url": "https://www.kaigokensaku.mhlw.go.jp/14/index.php?action_kouhyou_detail_004_kani=true&JigyosyoCd=1471002202-00&ServiceCd=430&Type=search", "url2": null }, "geometry": { "type": "Point", "coordinates": [ 139.5577194, 35.4164857 ] } },
{ "type": "Feature", "properties": { "内容": "希望の大地介護保険センター【居宅介護支援】神奈川県横浜市戸塚区品濃町542-6東戸塚東口ビルディング6階B", "url": "https://www.kaigokensaku.mhlw.go.jp/14/index.php?action_kouhyou_detail_004_kani=true&JigyosyoCd=1471002541-00&ServiceCd=430&Type=search", "url2": "http://www.shuhokai.or.jp/" }, "geometry": { "type": "Point", "coordinates": [ 139.557670703727581, 35.432287101143366 ] } },
{ "type": "Feature", "properties": { "内容": "えいあん東戸塚ケアセンター【居宅介護支援】神奈川県横浜市戸塚区名瀬町504番1", "url": "https://www.kaigokensaku.mhlw.go.jp/14/index.php?action_kouhyou_detail_004_kani=true&JigyosyoCd=1471002731-00&ServiceCd=430&Type=search", "url2": null }, "geometry": { "type": "Point", "coordinates": [ 139.540931058860821, 35.426302026390431 ] } },
{ "type": "Feature", "properties": { "内容": "ケアステーション　みかみ【居宅介護支援】神奈川県横浜市戸塚区深谷町１４０８－２４", "url": "https://www.kaigokensaku.mhlw.go.jp/14/index.php?action_kouhyou_detail_004_kani=true&JigyosyoCd=1471003978-00&ServiceCd=430&Type=search", "url2": null }, "geometry": { "type": "Point", "coordinates": [ 139.4950541, 35.388563 ] } },
{ "type": "Feature", "properties": { "内容": "在宅療養支援ケアプランセンター楓の風【居宅介護支援】神奈川県横浜市戸塚区平戸町678-1ルボール東戸塚１階", "url": "https://www.kaigokensaku.mhlw.go.jp/14/index.php?action_kouhyou_detail_004_kani=true&JigyosyoCd=1471004000-00&ServiceCd=430&Type=search", "url2": "https://kaede-homenursing.co.jp" }, "geometry": { "type": "Point", "coordinates": [ 139.5601069, 35.4254208 ] } },
{ "type": "Feature", "properties": { "内容": "とまと居宅介護支援ステーション戸塚平戸【居宅介護支援】神奈川県横浜市戸塚区平戸1-3-21平戸ビル　1F", "url": "https://www.kaigokensaku.mhlw.go.jp/14/index.php?action_kouhyou_detail_004_kani=true&JigyosyoCd=1471004042-00&ServiceCd=430&Type=search", "url2": "https://www.cluster-medical.co.jp" }, "geometry": { "type": "Point", "coordinates": [ 129.5536778, 33.3680242 ] } },
{ "type": "Feature", "properties": { "内容": "パレッテルケアステーション【居宅介護支援】神奈川県横浜市戸塚区上矢部町2444番地6", "url": "https://www.kaigokensaku.mhlw.go.jp/14/index.php?action_kouhyou_detail_004_kani=true&JigyosyoCd=1471004216-00&ServiceCd=430&Type=search", "url2": "https://www.palletell-care-station.com" }, "geometry": { "type": "Point", "coordinates": [ 139.524612, 35.4182437 ] } },
{ "type": "Feature", "properties": { "内容": "訪問リハビリ看護ステーションビオラ【居宅介護支援】神奈川県横浜市港南区上大岡西３－１－１１サンシャインビル３階", "url": "https://www.kaigokensaku.mhlw.go.jp/14/index.php?action_kouhyou_detail_004_kani=true&JigyosyoCd=1463190121-00&ServiceCd=430&Type=search", "url2": null }, "geometry": { "type": "Point", "coordinates": [ 139.594638499999974, 35.4040127 ] } },
{ "type": "Feature", "properties": { "内容": "済生会南部訪問看護ステーション【居宅介護支援】神奈川県横浜市港南区港南台3-11-29", "url": "https://www.kaigokensaku.mhlw.go.jp/14/index.php?action_kouhyou_detail_004_kani=true&JigyosyoCd=1463190014-00&ServiceCd=430&Type=search", "url2": "https://www.nanbu-saiseikai.com" }, "geometry": { "type": "Point", "coordinates": [ 139.58011769999996, 35.3777185 ] } },
{ "type": "Feature", "properties": { "内容": "医療法人健生会　あさくら訪問看護ステーション【居宅介護支援】神奈川県横浜市港南区上大岡西2-8-20柳下ビル201号", "url": "https://www.kaigokensaku.mhlw.go.jp/14/index.php?action_kouhyou_detail_004_kani=true&JigyosyoCd=1463190030-00&ServiceCd=430&Type=search", "url2": "http://asakura-houkan.com/" }, "geometry": { "type": "Point", "coordinates": [ 139.594271799999973, 35.4054431 ] } },
{ "type": "Feature", "properties": { "内容": "プチハウス【居宅介護支援】神奈川県横浜市港南区下永谷６－８－４", "url": "https://www.kaigokensaku.mhlw.go.jp/14/index.php?action_kouhyou_detail_004_kani=true&JigyosyoCd=1471002780-00&ServiceCd=430&Type=search", "url2": "http://www.puchi-house.com" }, "geometry": { "type": "Point", "coordinates": [ 139.540390300000013, 35.3986351 ] } },
{ "type": "Feature", "properties": { "内容": "特別養護老人ホーム芙蓉苑【居宅介護支援】神奈川県横浜市港南区下永谷４－２１－１０", "url": "https://www.kaigokensaku.mhlw.go.jp/14/index.php?action_kouhyou_detail_004_kani=true&JigyosyoCd=1473100020-00&ServiceCd=430&Type=search", "url2": "https://shafuku-doujinkai.or.jp/facility/nursing-home/fuyouen#gaiyo" }, "geometry": { "type": "Point", "coordinates": [ 139.557355899999948, 35.4013573 ] } },
{ "type": "Feature", "properties": { "内容": "横浜市港南台地域ケアプラザ【居宅介護支援】神奈川県横浜市港南区港南台三丁目３番1号港南台214ビル1階", "url": "https://www.kaigokensaku.mhlw.go.jp/14/index.php?action_kouhyou_detail_004_kani=true&JigyosyoCd=1473100038-00&ServiceCd=430&Type=search", "url2": "https://www.nanbu.saiseikai.or.jp/depts/welfare/care-plaza/" }, "geometry": { "type": "Point", "coordinates": [ 139.579727927838348, 35.374275776762723 ] } },
{ "type": "Feature", "properties": { "内容": "横浜市下永谷地域ケアプラザ【居宅介護支援】神奈川県横浜市港南区下永谷３－３３－５", "url": "https://www.kaigokensaku.mhlw.go.jp/14/index.php?action_kouhyou_detail_004_kani=true&JigyosyoCd=1473100053-00&ServiceCd=430&Type=search", "url2": "https://shafuku-doujinkai.or.jp/facility/care-plaza/shimonagaya" }, "geometry": { "type": "Point", "coordinates": [ 139.563816399999951, 35.4058262 ] } },
{ "type": "Feature", "properties": { "内容": "港南区医師会居宅介護支援ステーション【居宅介護支援】神奈川県横浜市港南区港南中央通７－２９", "url": "https://www.kaigokensaku.mhlw.go.jp/14/index.php?action_kouhyou_detail_004_kani=true&JigyosyoCd=1473100129-00&ServiceCd=430&Type=search", "url2": "https://kounanmed.org/" }, "geometry": { "type": "Point", "coordinates": [ 139.588217, 35.3992965 ] } },
{ "type": "Feature", "properties": { "内容": "横浜市日下地域ケアプラザ【居宅介護支援】神奈川県横浜市港南区笹下3-11-1", "url": "https://www.kaigokensaku.mhlw.go.jp/14/index.php?action_kouhyou_detail_004_kani=true&JigyosyoCd=1473100327-00&ServiceCd=430&Type=search", "url2": "http://le-pli.jp/facility/hishita-careplaza/" }, "geometry": { "type": "Point", "coordinates": [ 139.600232399999982, 35.3922005 ] } },
{ "type": "Feature", "properties": { "内容": "横浜市港南中央地域ケアプラザ【居宅介護支援】神奈川県横浜市港南区港南4-2-7", "url": "https://www.kaigokensaku.mhlw.go.jp/14/index.php?action_kouhyou_detail_004_kani=true&JigyosyoCd=1473100343-00&ServiceCd=430&Type=search", "url2": "https://www.hama-wel.or.jp/branch/kounann/" }, "geometry": { "type": "Point", "coordinates": [ 139.593483099999958, 35.4010992 ] } },
{ "type": "Feature", "properties": { "内容": "ケアサポート　プラチナ倶楽部【居宅介護支援】神奈川県横浜市港南区港南台6-9-11", "url": "https://www.kaigokensaku.mhlw.go.jp/14/index.php?action_kouhyou_detail_004_kani=true&JigyosyoCd=1473100392-00&ServiceCd=430&Type=search", "url2": "https://puratina-club.com/" }, "geometry": { "type": "Point", "coordinates": [ 139.5894141, 35.3686057 ] } },
{ "type": "Feature", "properties": { "内容": "コープケアサポートセンター港南【居宅介護支援】神奈川県横浜市港南区上大岡西2-2-10MK第2ビル５０１号室", "url": "https://www.kaigokensaku.mhlw.go.jp/14/index.php?action_kouhyou_detail_004_kani=true&JigyosyoCd=1473101002-00&ServiceCd=430&Type=search", "url2": "http://www.ucoop.or.jp" }, "geometry": { "type": "Point", "coordinates": [ 139.595457799999963, 35.4057737 ] } },
{ "type": "Feature", "properties": { "内容": "セントケア港南【居宅介護支援】神奈川県横浜市港南区丸山台3-30-10関場ビル2階", "url": "https://www.kaigokensaku.mhlw.go.jp/14/index.php?action_kouhyou_detail_004_kani=true&JigyosyoCd=1473101218-00&ServiceCd=430&Type=search", "url2": "http://www.saintc-k.com/" }, "geometry": { "type": "Point", "coordinates": [ 139.566652281210622, 35.397384123987102 ] } },
{ "type": "Feature", "properties": { "内容": "横浜市福祉サービス協会　ヘルパーステーションこうなん【居宅介護支援】神奈川県横浜市港南区横浜市港南区上大岡西1-12-5朝日生命上大岡ビル4F", "url": "https://www.kaigokensaku.mhlw.go.jp/14/index.php?action_kouhyou_detail_004_kani=true&JigyosyoCd=1473101556-00&ServiceCd=430&Type=search", "url2": "http://www.hama-wel.or.jp/branch/detail/hps_kounan/" }, "geometry": { "type": "Point", "coordinates": [ 139.588317, 35.3994992 ] } },
{ "type": "Feature", "properties": { "内容": "アットイーズケアプラン【居宅介護支援】神奈川県横浜市港南区港南台3-6-33テラス港南台２０３", "url": "https://www.kaigokensaku.mhlw.go.jp/14/index.php?action_kouhyou_detail_004_kani=true&JigyosyoCd=1473101606-00&ServiceCd=430&Type=search", "url2": null }, "geometry": { "type": "Point", "coordinates": [ 139.578962140583826, 35.376052047162155 ] } },
{ "type": "Feature", "properties": { "内容": "フルライフ港南【居宅介護支援】神奈川県横浜市港南区丸山台1-3-1京急サービス株式会社上永谷ビル2階", "url": "https://www.kaigokensaku.mhlw.go.jp/14/index.php?action_kouhyou_detail_004_kani=true&JigyosyoCd=1473101721-00&ServiceCd=430&Type=search", "url2": "https://www.fulllife.co.jp/branch/service_cat/careplan/" }, "geometry": { "type": "Point", "coordinates": [ 139.572124799999983, 35.402628299999989 ] } },
{ "type": "Feature", "properties": { "内容": "横浜市芹が谷地域ケアプラザ居宅介護支援事業所【居宅介護支援】神奈川県横浜市港南区芹が谷2-16-12", "url": "https://www.kaigokensaku.mhlw.go.jp/14/index.php?action_kouhyou_detail_004_kani=true&JigyosyoCd=1473101747-00&ServiceCd=430&Type=search", "url2": "https://shinzen-fukushi.jp/serigaya/" }, "geometry": { "type": "Point", "coordinates": [ 139.571523800000023, 35.41941880000001 ] } },
{ "type": "Feature", "properties": { "内容": "桜会居宅介護支援事業所　港南【居宅介護支援】神奈川県横浜市港南区笹下2-1-11Mステージ港南中央101", "url": "https://www.kaigokensaku.mhlw.go.jp/14/index.php?action_kouhyou_detail_004_kani=true&JigyosyoCd=1473102232-00&ServiceCd=430&Type=search", "url2": null }, "geometry": { "type": "Point", "coordinates": [ 139.5977641, 35.395485 ] } },
{ "type": "Feature", "properties": { "内容": "ケアプラン　つむぎ【居宅介護支援】神奈川県横浜市港南区上大岡西一丁目12番2号パルポート上大岡804号", "url": "https://www.kaigokensaku.mhlw.go.jp/14/index.php?action_kouhyou_detail_004_kani=true&JigyosyoCd=1473102521-00&ServiceCd=430&Type=search", "url2": null }, "geometry": { "type": "Point", "coordinates": [ 139.5961522, 35.4116757 ] } },
{ "type": "Feature", "properties": { "内容": "ケアプランセンター笹の風【居宅介護支援】神奈川県横浜市港南区笹下四丁目12番35号", "url": "https://www.kaigokensaku.mhlw.go.jp/14/index.php?action_kouhyou_detail_004_kani=true&JigyosyoCd=1473102547-00&ServiceCd=430&Type=search", "url2": "https://www.jurakuen.jp/" }, "geometry": { "type": "Point", "coordinates": [ 139.596991104454872, 35.388619006338409 ] } },
{ "type": "Feature", "properties": { "内容": "在宅看護センター横浜ケアマネステーション【居宅介護支援】神奈川県横浜市港南区上大岡西２－１０－２９－２F", "url": "https://www.kaigokensaku.mhlw.go.jp/14/index.php?action_kouhyou_detail_004_kani=true&JigyosyoCd=1473102646-00&ServiceCd=430&Type=search", "url2": "www.zaitakukango.net" }, "geometry": { "type": "Point", "coordinates": [ 139.594236474204962, 35.40629569489198 ] } },
{ "type": "Feature", "properties": { "内容": "こゆみケアマネ事務所【居宅介護支援】神奈川県横浜市港南区港南中央通2-20", "url": "https://www.kaigokensaku.mhlw.go.jp/14/index.php?action_kouhyou_detail_004_kani=true&JigyosyoCd=1473102653-00&ServiceCd=430&Type=search", "url2": null }, "geometry": { "type": "Point", "coordinates": [ 139.592047099999945, 35.4028739 ] } },
{ "type": "Feature", "properties": { "内容": "居宅介護支援事業所　まちのかいごや【居宅介護支援】神奈川県横浜市港南区芹が谷5-55-2山中ビル１階10-D号室", "url": "https://www.kaigokensaku.mhlw.go.jp/14/index.php?action_kouhyou_detail_004_kani=true&JigyosyoCd=1473102810-00&ServiceCd=430&Type=search", "url2": "https://www.ohisama-ie.com/works.html#link001" }, "geometry": { "type": "Point", "coordinates": [ 139.5665725, 35.4153643 ] } },
{ "type": "Feature", "properties": { "内容": "ベイテラス居宅介護ステーション【居宅介護支援】神奈川県横浜市港南区港南三丁目5-15横浜ベイテラス港南中央405号室", "url": "https://www.kaigokensaku.mhlw.go.jp/14/index.php?action_kouhyou_detail_004_kani=true&JigyosyoCd=1473103016-00&ServiceCd=430&Type=search", "url2": "https://kyotaku.bayterrace.co.jp/" }, "geometry": { "type": "Point", "coordinates": [ 139.587590400000011, 35.4018008 ] } },
{ "type": "Feature", "properties": { "内容": "あったかケアマネステーション【居宅介護支援】神奈川県横浜市港南区港南台3-11-12", "url": "https://www.kaigokensaku.mhlw.go.jp/14/index.php?action_kouhyou_detail_004_kani=true&JigyosyoCd=1473103040-00&ServiceCd=430&Type=search", "url2": "https://attaka-st.com/course/homecare" }, "geometry": { "type": "Point", "coordinates": [ 139.5796391, 35.3782493 ] } },
{ "type": "Feature", "properties": { "内容": "Parcaケアマネ事務所【居宅介護支援】神奈川県横浜市港南区上大岡西1-17-26KTM505", "url": "https://www.kaigokensaku.mhlw.go.jp/14/index.php?action_kouhyou_detail_004_kani=true&JigyosyoCd=1473103156-00&ServiceCd=430&Type=search", "url2": "https://parca.co.jp" }, "geometry": { "type": "Point", "coordinates": [ 139.59470774973758, 35.408476837231085 ] } },
{ "type": "Feature", "properties": { "内容": "若武者ケア港南　居宅介護支援事業所【居宅介護支援】神奈川県横浜市港南区日野南1-5-13　102勇吉サンハイツ102号室", "url": "https://www.kaigokensaku.mhlw.go.jp/14/index.php?action_kouhyou_detail_004_kani=true&JigyosyoCd=1473101515-00&ServiceCd=430&Type=search", "url2": "http://www.wakamusha-care.jp/" }, "geometry": { "type": "Point", "coordinates": [ 139.5780904800705, 35.381280588065081 ] } },
{ "type": "Feature", "properties": { "内容": "温陽ケアステーション【居宅介護支援】神奈川県横浜市港南区東永谷3-31-17", "url": "https://www.kaigokensaku.mhlw.go.jp/14/index.php?action_kouhyou_detail_004_kani=true&JigyosyoCd=1470501998-00&ServiceCd=430&Type=search", "url2": "http://yanasuke-onyo.com/" }, "geometry": { "type": "Point", "coordinates": [ 139.577787299999954, 35.41054230000001 ] } },
{ "type": "Feature", "properties": { "内容": "横浜市東永谷地域ケアプラザ【居宅介護支援】神奈川県横浜市港南区東永谷1-1-12", "url": "https://www.kaigokensaku.mhlw.go.jp/14/index.php?action_kouhyou_detail_004_kani=true&JigyosyoCd=1473100046-00&ServiceCd=430&Type=search", "url2": "https://www.yokohamashakyo.jp/higashinagaya/" }, "geometry": { "type": "Point", "coordinates": [ 139.582448099999965, 35.4062151 ] } },
{ "type": "Feature", "properties": { "内容": "港南たすけあい心【居宅介護支援】神奈川県横浜市港南区野庭町６１０2-202", "url": "https://www.kaigokensaku.mhlw.go.jp/14/index.php?action_kouhyou_detail_004_kani=true&JigyosyoCd=1473100277-00&ServiceCd=430&Type=search", "url2": "https://www.tasukeaikokoro.com/" }, "geometry": { "type": "Point", "coordinates": [ 139.570243600000026, 35.3910808 ] } },
{ "type": "Feature", "properties": { "内容": "有限会社　宇佐美治療院【居宅介護支援】神奈川県横浜市港南区大久保３－７－２", "url": "https://www.kaigokensaku.mhlw.go.jp/14/index.php?action_kouhyou_detail_004_kani=true&JigyosyoCd=1473100707-00&ServiceCd=430&Type=search", "url2": null }, "geometry": { "type": "Point", "coordinates": [ 139.5833202, 35.4065567 ] } },
{ "type": "Feature", "properties": { "内容": "瑞穂の大地介護保険センター【居宅介護支援】神奈川県横浜市港南区日野1-9-33ＮＴＴ港南ビル１階", "url": "https://www.kaigokensaku.mhlw.go.jp/14/index.php?action_kouhyou_detail_004_kani=true&JigyosyoCd=1473100889-00&ServiceCd=430&Type=search", "url2": "https://shuhokai.or.jp/office/konan-ku/cm-mizuho.php" }, "geometry": { "type": "Point", "coordinates": [ 139.586706373680045, 35.39591144463035 ] } },
{ "type": "Feature", "properties": { "内容": "ケアプランくらき【居宅介護支援】神奈川県横浜市港南区上大岡西三丁目10-6エクセルマンション102", "url": "https://www.kaigokensaku.mhlw.go.jp/14/index.php?action_kouhyou_detail_004_kani=true&JigyosyoCd=1473100962-00&ServiceCd=430&Type=search", "url2": "https://kuraki.care" }, "geometry": { "type": "Point", "coordinates": [ 139.597693599999957, 35.4035823 ] } },
{ "type": "Feature", "properties": { "内容": "ケアサービス　ホクゼン港南【居宅介護支援】神奈川県横浜市港南区日野1-9-19グローリハイツ101号", "url": "https://www.kaigokensaku.mhlw.go.jp/14/index.php?action_kouhyou_detail_004_kani=true&JigyosyoCd=1473102240-00&ServiceCd=430&Type=search", "url2": "https://www.hokuzen.co.jp/business/care/" }, "geometry": { "type": "Point", "coordinates": [ 139.587453200000027, 35.3958996 ] } },
{ "type": "Feature", "properties": { "内容": "横浜市日限山地域ケアプラザ【居宅介護支援】神奈川県横浜市港南区日限山１－６６－５５", "url": "https://www.kaigokensaku.mhlw.go.jp/14/index.php?action_kouhyou_detail_004_kani=true&JigyosyoCd=1473102448-00&ServiceCd=430&Type=search", "url2": "https://shafuku-doujinkai.or.jp/facility/care-plaza/higiriyama" }, "geometry": { "type": "Point", "coordinates": [ 139.561271843690065, 35.39834526123466 ] } },
{ "type": "Feature", "properties": { "内容": "ケアプラン　二人三脚【居宅介護支援】神奈川県横浜市港南区日野八丁目4番2号アライハイツ102号室", "url": "https://www.kaigokensaku.mhlw.go.jp/14/index.php?action_kouhyou_detail_004_kani=true&JigyosyoCd=1473102885-00&ServiceCd=430&Type=search", "url2": null }, "geometry": { "type": "Point", "coordinates": [ 139.5789189, 35.3843247 ] } },
{ "type": "Feature", "properties": { "内容": "ツクイ横浜港南【居宅介護支援】神奈川県横浜市港南区日野中央2-29-8", "url": "https://www.kaigokensaku.mhlw.go.jp/14/index.php?action_kouhyou_detail_004_kani=true&JigyosyoCd=1473102935-00&ServiceCd=430&Type=search", "url2": "https://www.tsukui.net/home-care/2010/" }, "geometry": { "type": "Point", "coordinates": [ 139.584007300000025, 35.3843729 ] } },
{ "type": "Feature", "properties": { "内容": "有限会社　悠ゆう　居宅介護支援事業部【居宅介護支援】神奈川県横浜市港南区日野南5－30－20", "url": "https://www.kaigokensaku.mhlw.go.jp/14/index.php?action_kouhyou_detail_004_kani=true&JigyosyoCd=1473500484-00&ServiceCd=430&Type=search", "url2": null }, "geometry": { "type": "Point", "coordinates": [ 139.565493790768443, 35.378421781106425 ] } },
{ "type": "Feature", "properties": { "内容": "ホームケアクリニック横浜港南【居宅介護支援】神奈川県横浜市港南区港南台3-22-15", "url": "https://www.kaigokensaku.mhlw.go.jp/14/index.php?action_kouhyou_detail_004_kani=true&JigyosyoCd=1413105798-00&ServiceCd=430&Type=search", "url2": "https://www.homecare-cl.jp/" }, "geometry": { "type": "Point", "coordinates": [ 139.578426979002046, 35.379508453865128 ] } },
{ "type": "Feature", "properties": { "内容": "横浜市日野南地域ケアプラザ【居宅介護支援】神奈川県横浜市港南区日野南3-1-11", "url": "https://www.kaigokensaku.mhlw.go.jp/14/index.php?action_kouhyou_detail_004_kani=true&JigyosyoCd=1473101465-00&ServiceCd=430&Type=search", "url2": "https://www.soyokaze.or.jp/publics/index/115/" }, "geometry": { "type": "Point", "coordinates": [ 139.570129700000052, 35.378390600000024 ] } },
{ "type": "Feature", "properties": { "内容": "上永谷デイサービスセンターすずかけの郷【居宅介護支援】神奈川県横浜市港南区上永谷1丁目4番23号", "url": "https://www.kaigokensaku.mhlw.go.jp/14/index.php?action_kouhyou_detail_004_kani=true&JigyosyoCd=1473101473-00&ServiceCd=430&Type=search", "url2": "https://www.subaru-fukushi.or.jp" }, "geometry": { "type": "Point", "coordinates": [ 139.580817700000011, 35.4039098 ] } },
{ "type": "Feature", "properties": { "内容": "なごやかケアプラン芹が谷【居宅介護支援】神奈川県横浜市港南区芹が谷5-57-10", "url": "https://www.kaigokensaku.mhlw.go.jp/14/index.php?action_kouhyou_detail_004_kani=true&JigyosyoCd=1473102422-00&ServiceCd=430&Type=search", "url2": null }, "geometry": { "type": "Point", "coordinates": [ 139.5659465, 35.4177606 ] } },
{ "type": "Feature", "properties": { "内容": "在宅ケアサービス　絆【居宅介護支援】神奈川県横浜市港南区野庭町675‐18", "url": "https://www.kaigokensaku.mhlw.go.jp/14/index.php?action_kouhyou_detail_004_kani=true&JigyosyoCd=1473102729-00&ServiceCd=430&Type=search", "url2": "https://www.kizuna250218-adorable-pooh.com/" }, "geometry": { "type": "Point", "coordinates": [ 139.565365304644018, 35.389485349542824 ] } },
{ "type": "Feature", "properties": { "内容": "SOMPOケア　横浜港南日野　居宅介護支援【居宅介護支援】神奈川県横浜市港南区日野2-1-13榎本ビル203", "url": "https://www.kaigokensaku.mhlw.go.jp/14/index.php?action_kouhyou_detail_004_kani=true&JigyosyoCd=1473102760-00&ServiceCd=430&Type=search", "url2": "https://www.sompocare.com/" }, "geometry": { "type": "Point", "coordinates": [ 139.5871727, 35.3982327 ] } },
{ "type": "Feature", "properties": { "内容": "アール・クラ横浜居宅介護支援事業所【居宅介護支援】神奈川県横浜市港南区野庭町610番地野庭団地センター2-203", "url": "https://www.kaigokensaku.mhlw.go.jp/14/index.php?action_kouhyou_detail_004_kani=true&JigyosyoCd=1473103263-00&ServiceCd=430&Type=search", "url2": "https://recare-group.jp/" }, "geometry": { "type": "Point", "coordinates": [ 139.570121242991604, 35.390930480969608 ] } },
{ "type": "Feature", "properties": { "内容": "なごみ介護相談所【居宅介護支援】神奈川県横浜市港南区上永谷五丁目５番２５号ロータスポンド１０１", "url": "https://www.kaigokensaku.mhlw.go.jp/14/index.php?action_kouhyou_detail_004_kani=true&JigyosyoCd=1473103271-00&ServiceCd=430&Type=search", "url2": null }, "geometry": { "type": "Point", "coordinates": [ 139.5678461, 35.4051027 ] } },
{ "type": "Feature", "properties": { "内容": "横浜市上永谷駅前地域ケアプラザ【居宅介護支援】神奈川県横浜市港南区丸山台1-9-10", "url": "https://www.kaigokensaku.mhlw.go.jp/14/index.php?action_kouhyou_detail_004_kani=true&JigyosyoCd=1473103289-00&ServiceCd=430&Type=search", "url2": "https://shafuku-doujinkai.or.jp/facility/care-plaza/kaminagayaekimae" }, "geometry": { "type": "Point", "coordinates": [ 139.57332800304107, 35.399560738182963 ] } },
{ "type": "Feature", "properties": { "内容": "居宅介護支援事業所ねっこ【居宅介護支援】神奈川県横浜市港南区野庭町675-20", "url": "https://www.kaigokensaku.mhlw.go.jp/14/index.php?action_kouhyou_detail_004_kani=true&JigyosyoCd=1473103297-00&ServiceCd=430&Type=search", "url2": "https://presence-care.com/nekko/" }, "geometry": { "type": "Point", "coordinates": [ 139.5654159, 35.3896438 ] } },
{ "type": "Feature", "properties": { "内容": "居宅介護支援クロスハート港南・横浜【居宅介護支援】神奈川県横浜市港南区東永谷1-37-7桜ビル202", "url": "https://www.kaigokensaku.mhlw.go.jp/14/index.php?action_kouhyou_detail_004_kani=true&JigyosyoCd=1473103305-00&ServiceCd=430&Type=search", "url2": "http://www.shinkoufukushikai.com" }, "geometry": { "type": "Point", "coordinates": [ 75.9579358, 30.6210553 ] } },
{ "type": "Feature", "properties": { "内容": "AOステップケア【居宅介護支援】神奈川県横浜市旭区笹野台4-31-16クレストヒルズ102", "url": "https://www.kaigokensaku.mhlw.go.jp/14/index.php?action_kouhyou_detail_004_kani=true&JigyosyoCd=1473203931-00&ServiceCd=430&Type=search", "url2": "https://ao-stepcare.yokohama" }, "geometry": { "type": "Point", "coordinates": [ 139.5113845, 35.4705636 ] } },
{ "type": "Feature", "properties": { "内容": "ともろー訪問看護ステーション　市沢【居宅介護支援】神奈川県横浜市旭区市沢町262-11NKビル1階", "url": "https://www.kaigokensaku.mhlw.go.jp/14/index.php?action_kouhyou_detail_004_kani=true&JigyosyoCd=1463290111-00&ServiceCd=430&Type=search", "url2": "https://tomorrow-kango.jp/" }, "geometry": { "type": "Point", "coordinates": [ 139.564572445893873, 35.463332165521102 ] } },
{ "type": "Feature", "properties": { "内容": "たすけあい　あさひ【居宅介護支援】神奈川県横浜市旭区四季美台28-1", "url": "https://www.kaigokensaku.mhlw.go.jp/14/index.php?action_kouhyou_detail_004_kani=true&JigyosyoCd=1473200028-00&ServiceCd=430&Type=search", "url2": "http://tasukeaiasahi.or.jp" }, "geometry": { "type": "Point", "coordinates": [ 139.5428962153442, 35.473903660337555 ] } },
{ "type": "Feature", "properties": { "内容": "万騎が原地域ケアプラザ【居宅介護支援】神奈川県横浜市旭区万騎が原４", "url": "https://www.kaigokensaku.mhlw.go.jp/14/index.php?action_kouhyou_detail_004_kani=true&JigyosyoCd=1473200044-00&ServiceCd=430&Type=search", "url2": "http://makigahara-cp.jp/" }, "geometry": { "type": "Point", "coordinates": [ 139.536692899999906, 35.455835900000011 ] } },
{ "type": "Feature", "properties": { "内容": "横浜市上白根地域ケアプラザ【居宅介護支援】神奈川県横浜市旭区上白根町112", "url": "https://www.kaigokensaku.mhlw.go.jp/14/index.php?action_kouhyou_detail_004_kani=true&JigyosyoCd=1473200069-00&ServiceCd=430&Type=search", "url2": "https://www.yokohamashakyo.jp/kamishirane/" }, "geometry": { "type": "Point", "coordinates": [ 139.535548, 35.4882653 ] } },
{ "type": "Feature", "properties": { "内容": "横浜市川井地域ケアプラザ【居宅介護支援】神奈川県横浜市旭区川井本町57-8", "url": "https://www.kaigokensaku.mhlw.go.jp/14/index.php?action_kouhyou_detail_004_kani=true&JigyosyoCd=1473200085-00&ServiceCd=430&Type=search", "url2": "http://www.shuhokai.or.jp" }, "geometry": { "type": "Point", "coordinates": [ 139.509990788885489, 35.493709131448753 ] } },
{ "type": "Feature", "properties": { "内容": "横浜市若葉台地域ケアプラザ【居宅介護支援】神奈川県横浜市旭区若葉台4-16-1", "url": "https://www.kaigokensaku.mhlw.go.jp/14/index.php?action_kouhyou_detail_004_kani=true&JigyosyoCd=1473200093-00&ServiceCd=430&Type=search", "url2": "https://wakabadai-cｐ.com" }, "geometry": { "type": "Point", "coordinates": [ 139.49707520000004, 35.5062831 ] } },
{ "type": "Feature", "properties": { "内容": "旭区医師会居宅支援センター【居宅介護支援】神奈川県横浜市旭区二俣川１－８８－２４", "url": "https://www.kaigokensaku.mhlw.go.jp/14/index.php?action_kouhyou_detail_004_kani=true&JigyosyoCd=1473200127-00&ServiceCd=430&Type=search", "url2": "http://www.asahi-medical.org/zaitaku/" }, "geometry": { "type": "Point", "coordinates": [ 139.525396699999988, 35.467279 ] } },
{ "type": "Feature", "properties": { "内容": "医療法人　社団恵生会　介護老人保健施設　リハセンターさわやか　ケアマネステーション【居宅介護支援】神奈川県横浜市旭区白根町９３２－１", "url": "https://www.kaigokensaku.mhlw.go.jp/14/index.php?action_kouhyou_detail_004_kani=true&JigyosyoCd=1473200440-00&ServiceCd=430&Type=search", "url2": "http://www.med-keiseikai.or.jp/riha/" }, "geometry": { "type": "Point", "coordinates": [ 139.548932599999944, 35.4984558 ] } },
{ "type": "Feature", "properties": { "内容": "介護保険センター生活デザイン館【居宅介護支援】神奈川県横浜市旭区笹野台1-1-22第1櫻ビル1F", "url": "https://www.kaigokensaku.mhlw.go.jp/14/index.php?action_kouhyou_detail_004_kani=true&JigyosyoCd=1473200473-00&ServiceCd=430&Type=search", "url2": "https://shuhokai.or.jp/office/asahi-ku/cm-design.php" }, "geometry": { "type": "Point", "coordinates": [ 139.504139699999968, 35.468989900000011 ] } },
{ "type": "Feature", "properties": { "内容": "ニチイケアセンター旭【居宅介護支援】神奈川県横浜市旭区鶴ケ峰本町１－３４－１２サンシティ赤坂２　１Ｆ", "url": "https://www.kaigokensaku.mhlw.go.jp/14/index.php?action_kouhyou_detail_004_kani=true&JigyosyoCd=1473200523-00&ServiceCd=430&Type=search", "url2": "http://www.nichiigakkan.co.jp" }, "geometry": { "type": "Point", "coordinates": [ 139.543558699999949, 35.4758585 ] } },
{ "type": "Feature", "properties": { "内容": "横浜市ひかりが丘地域ケアプラザ【居宅介護支援】神奈川県横浜市旭区上白根町８０７－２", "url": "https://www.kaigokensaku.mhlw.go.jp/14/index.php?action_kouhyou_detail_004_kani=true&JigyosyoCd=1473200580-00&ServiceCd=430&Type=search", "url2": "https://www.adventist-welfare.jp/hikarigaoka/" }, "geometry": { "type": "Point", "coordinates": [ 139.5342978, 35.4983669 ] } },
{ "type": "Feature", "properties": { "内容": "コープケアサポートセンター旭【居宅介護支援】神奈川県横浜市旭区鶴ケ峰１－２５－９嶋田ビル２階", "url": "https://www.kaigokensaku.mhlw.go.jp/14/index.php?action_kouhyou_detail_004_kani=true&JigyosyoCd=1473201109-00&ServiceCd=430&Type=search", "url2": "http://www.ucoop.or.jp/" }, "geometry": { "type": "Point", "coordinates": [ 139.549044399999985, 35.473674577362608 ] } },
{ "type": "Feature", "properties": { "内容": "泉の郷　南希望が丘　居宅介護【居宅介護支援】神奈川県横浜市旭区南希望が丘68-11", "url": "https://www.kaigokensaku.mhlw.go.jp/14/index.php?action_kouhyou_detail_004_kani=true&JigyosyoCd=1473201430-00&ServiceCd=430&Type=search", "url2": "http://www.seikoukai.info/seikoukaihp/index.html" }, "geometry": { "type": "Point", "coordinates": [ 139.514142439286843, 35.453442671943989 ] } },
{ "type": "Feature", "properties": { "内容": "銀の舞介護保険センター【居宅介護支援】神奈川県横浜市旭区二俣川２丁目５０番地14コプレ二俣川オフィス905号室", "url": "https://www.kaigokensaku.mhlw.go.jp/14/index.php?action_kouhyou_detail_004_kani=true&JigyosyoCd=1473201497-00&ServiceCd=430&Type=search", "url2": "http://shuhokai.or.jp/" }, "geometry": { "type": "Point", "coordinates": [ 139.532765465606644, 35.463354873725407 ] } },
{ "type": "Feature", "properties": { "内容": "横浜市福祉サービス協会　ヘルパーステーション旭【居宅介護支援】神奈川県横浜市旭区柏町１３１－５", "url": "https://www.kaigokensaku.mhlw.go.jp/14/index.php?action_kouhyou_detail_004_kani=true&JigyosyoCd=1473201992-00&ServiceCd=430&Type=search", "url2": "http://www.hama-wel.or.jp/branch/detail/hps_asahi/" }, "geometry": { "type": "Point", "coordinates": [ 139.527379800000062, 35.451858600000016 ] } },
{ "type": "Feature", "properties": { "内容": "横浜市今宿西地域ケアプラザ【居宅介護支援】神奈川県横浜市旭区今宿西町410-1", "url": "https://www.kaigokensaku.mhlw.go.jp/14/index.php?action_kouhyou_detail_004_kani=true&JigyosyoCd=1473202065-00&ServiceCd=430&Type=search", "url2": "https://seikoukai-group.or.jp/imanishicare/service.html" }, "geometry": { "type": "Point", "coordinates": [ 139.5278793, 35.4843103 ] } },
{ "type": "Feature", "properties": { "内容": "わかば介護保険センター【居宅介護支援】神奈川県横浜市旭区上川井町2287番地", "url": "https://www.kaigokensaku.mhlw.go.jp/14/index.php?action_kouhyou_detail_004_kani=true&JigyosyoCd=1473202073-00&ServiceCd=430&Type=search", "url2": "https://adachihome.net" }, "geometry": { "type": "Point", "coordinates": [ 139.496242, 35.5014033 ] } },
{ "type": "Feature", "properties": { "内容": "なないろサポートセンター希望が丘【居宅介護支援】神奈川県横浜市旭区南希望が丘57-1", "url": "https://www.kaigokensaku.mhlw.go.jp/14/index.php?action_kouhyou_detail_004_kani=true&JigyosyoCd=1473202156-00&ServiceCd=430&Type=search", "url2": null }, "geometry": { "type": "Point", "coordinates": [ 139.5148107965409, 35.455136837237291 ] } },
{ "type": "Feature", "properties": { "内容": "居宅介護支援事業所　ほほえみりぼん【居宅介護支援】神奈川県横浜市旭区下川井町254-2フォレストヴィラC", "url": "https://www.kaigokensaku.mhlw.go.jp/14/index.php?action_kouhyou_detail_004_kani=true&JigyosyoCd=1473202503-00&ServiceCd=430&Type=search", "url2": "http://www.hohoemi-sato.com/?page_id=908" }, "geometry": { "type": "Point", "coordinates": [ 139.520528736437797, 35.483688930395083 ] } },
{ "type": "Feature", "properties": { "内容": "横浜市白根地域ケアプラザ介護保険センター【居宅介護支援】神奈川県横浜市旭区白根2-3-18パール横浜白根ビル2階", "url": "https://www.kaigokensaku.mhlw.go.jp/14/index.php?action_kouhyou_detail_004_kani=true&JigyosyoCd=1473202644-00&ServiceCd=430&Type=search", "url2": "http://www.shuhokai.or.jp/" }, "geometry": { "type": "Point", "coordinates": [ 139.556838, 35.4798414 ] } },
{ "type": "Feature", "properties": { "内容": "医療法人社団恵生会　上白根病院ケアマネステーション【居宅介護支援】神奈川県横浜市旭区上白根2-65-1", "url": "https://www.kaigokensaku.mhlw.go.jp/14/index.php?action_kouhyou_detail_004_kani=true&JigyosyoCd=1473202693-00&ServiceCd=430&Type=search", "url2": "http://www.med-keiseikai.or.jp/kami/" }, "geometry": { "type": "Point", "coordinates": [ 139.534809, 35.4941174 ] } },
{ "type": "Feature", "properties": { "内容": "サンファーストケア左近山【居宅介護支援】神奈川県横浜市旭区市沢町848-3", "url": "https://www.kaigokensaku.mhlw.go.jp/14/index.php?action_kouhyou_detail_004_kani=true&JigyosyoCd=1473202719-00&ServiceCd=430&Type=search", "url2": "http://www.sun-first.biz/" }, "geometry": { "type": "Point", "coordinates": [ 139.559665273014929, 35.460309824157221 ] } },
{ "type": "Feature", "properties": { "内容": "ユーミー横浜　在宅介護支援センター【居宅介護支援】神奈川県横浜市旭区上川井町２０６番１エスポワールA　１０１", "url": "https://www.kaigokensaku.mhlw.go.jp/14/index.php?action_kouhyou_detail_004_kani=true&JigyosyoCd=1473202750-00&ServiceCd=430&Type=search", "url2": "https://youme.yokohama" }, "geometry": { "type": "Point", "coordinates": [ 139.5051, 35.496066 ] } },
{ "type": "Feature", "properties": { "内容": "医療法人社団協友会　ハートケア左近山指定居宅介護支援事業所【居宅介護支援】神奈川県横浜市旭区市沢町971-1介護老人保健施設　ハートケア左近山", "url": "https://www.kaigokensaku.mhlw.go.jp/14/index.php?action_kouhyou_detail_004_kani=true&JigyosyoCd=1473202925-00&ServiceCd=430&Type=search", "url2": "https://hcsakonyama.jp" }, "geometry": { "type": "Point", "coordinates": [ 139.5611721, 35.4544683 ] } },
{ "type": "Feature", "properties": { "内容": "にこまる【居宅介護支援】神奈川県横浜市旭区本宿町47B-1", "url": "https://www.kaigokensaku.mhlw.go.jp/14/index.php?action_kouhyou_detail_004_kani=true&JigyosyoCd=1473203105-00&ServiceCd=430&Type=search", "url2": null }, "geometry": { "type": "Point", "coordinates": [ 139.545350974868796, 35.465728986339606 ] } },
{ "type": "Feature", "properties": { "内容": "メディケアプラン希望が丘【居宅介護支援】神奈川県横浜市旭区中希望が丘113-9", "url": "https://www.kaigokensaku.mhlw.go.jp/14/index.php?action_kouhyou_detail_004_kani=true&JigyosyoCd=1473203113-00&ServiceCd=430&Type=search", "url2": "https://ikari-medipharma.co.jp" }, "geometry": { "type": "Point", "coordinates": [ 139.514946018281222, 35.456883511454237 ] } },
{ "type": "Feature", "properties": { "内容": "小糸居宅介護支援事業所【居宅介護支援】神奈川県横浜市旭区川島町2150-15", "url": "https://www.kaigokensaku.mhlw.go.jp/14/index.php?action_kouhyou_detail_004_kani=true&JigyosyoCd=1473203121-00&ServiceCd=430&Type=search", "url2": null }, "geometry": { "type": "Point", "coordinates": [ 139.548461299999985, 35.4676067 ] } },
{ "type": "Feature", "properties": { "内容": "フレンドシップあさひ介護サービス【居宅介護支援】神奈川県横浜市旭区鶴ヶ峰本町1-19-21ミヤビ鶴ヶ峰ビル二階", "url": "https://www.kaigokensaku.mhlw.go.jp/14/index.php?action_kouhyou_detail_004_kani=true&JigyosyoCd=1473203147-00&ServiceCd=430&Type=search", "url2": "http://fs-asahi.com/" }, "geometry": { "type": "Point", "coordinates": [ 139.538311900000053, 35.4776361 ] } },
{ "type": "Feature", "properties": { "内容": "ひまわり居宅介護支援事業所【居宅介護支援】神奈川県横浜市旭区今宿1-28-2パールハイツ1階", "url": "https://www.kaigokensaku.mhlw.go.jp/14/index.php?action_kouhyou_detail_004_kani=true&JigyosyoCd=1473203436-00&ServiceCd=430&Type=search", "url2": "http://www.himawari-kango.com" }, "geometry": { "type": "Point", "coordinates": [ 139.5225206, 35.475403 ] } },
{ "type": "Feature", "properties": { "内容": "ユーミー旭区在宅介護支援センター【居宅介護支援】神奈川県横浜市旭区さちが丘7番14", "url": "https://www.kaigokensaku.mhlw.go.jp/14/index.php?action_kouhyou_detail_004_kani=true&JigyosyoCd=1473203485-00&ServiceCd=430&Type=search", "url2": null }, "geometry": { "type": "Point", "coordinates": [ 139.5253909, 35.4618772 ] } },
{ "type": "Feature", "properties": { "内容": "ひとはな　あさ陽【居宅介護支援】神奈川県横浜市旭区柏町126番地2ﾌｫﾚｽﾄ・ｳﾞｨﾗ南万騎が原1階107号室", "url": "https://www.kaigokensaku.mhlw.go.jp/14/index.php?action_kouhyou_detail_004_kani=true&JigyosyoCd=1473203535-00&ServiceCd=430&Type=search", "url2": "https://hitohana.co.jp/cmasahi.html" }, "geometry": { "type": "Point", "coordinates": [ 139.5252553, 35.4530873 ] } },
{ "type": "Feature", "properties": { "内容": "サポートセンター　オリーブ【居宅介護支援】神奈川県横浜市旭区本宿町86-24クレール二俣川Ⅱ　101号", "url": "https://www.kaigokensaku.mhlw.go.jp/14/index.php?action_kouhyou_detail_004_kani=true&JigyosyoCd=1473203568-00&ServiceCd=430&Type=search", "url2": "https://mrk-group.jp/" }, "geometry": { "type": "Point", "coordinates": [ 139.5391376, 35.4664567 ] } },
{ "type": "Feature", "properties": { "内容": "はまリハケアプランセンター若葉台【居宅介護支援】神奈川県横浜市旭区若葉台3-3-1", "url": "https://www.kaigokensaku.mhlw.go.jp/14/index.php?action_kouhyou_detail_004_kani=true&JigyosyoCd=1473203626-00&ServiceCd=430&Type=search", "url2": "https://hama-reha.co.jp/" }, "geometry": { "type": "Point", "coordinates": [ 139.498609643655357, 35.50528139933477 ] } },
{ "type": "Feature", "properties": { "内容": "横浜鶴ヶ峰病院居宅介護支援事業所かえで【居宅介護支援】神奈川県横浜市旭区川島町1764アネックス地域医療", "url": "https://www.kaigokensaku.mhlw.go.jp/14/index.php?action_kouhyou_detail_004_kani=true&JigyosyoCd=1473203659-00&ServiceCd=430&Type=search", "url2": null }, "geometry": { "type": "Point", "coordinates": [ 139.553597282139606, 35.470337619179539 ] } },
{ "type": "Feature", "properties": { "内容": "あすは居宅介護支援事業所【居宅介護支援】神奈川県横浜市旭区白根７丁目１５番地14号岩崎ガーデン1階103号室", "url": "https://www.kaigokensaku.mhlw.go.jp/14/index.php?action_kouhyou_detail_004_kani=true&JigyosyoCd=1473203675-00&ServiceCd=430&Type=search", "url2": "https://l-l-asuha.com/" }, "geometry": { "type": "Point", "coordinates": [ 139.5541603, 35.4872113 ] } },
{ "type": "Feature", "properties": { "内容": "居宅介護支援事業所すずかぜ　あさひ【居宅介護支援】神奈川県横浜市旭区東希望が丘100-19加瀬ビル191-401", "url": "https://www.kaigokensaku.mhlw.go.jp/14/index.php?action_kouhyou_detail_004_kani=true&JigyosyoCd=1473203741-00&ServiceCd=430&Type=search", "url2": "https://suzukaze-yokohama.jp" }, "geometry": { "type": "Point", "coordinates": [ 139.5156098, 35.4607694 ] } },
{ "type": "Feature", "properties": { "内容": "居宅介護支援事業所　和み【居宅介護支援】神奈川県横浜市旭区下川井町2326-9", "url": "https://www.kaigokensaku.mhlw.go.jp/14/index.php?action_kouhyou_detail_004_kani=true&JigyosyoCd=1473802096-00&ServiceCd=430&Type=search", "url2": "http://www.nagomi.yokohama/" }, "geometry": { "type": "Point", "coordinates": [ 139.509244960307115, 35.489379917461477 ] } },
{ "type": "Feature", "properties": { "内容": "横浜市左近山地域ケアプラザ【居宅介護支援】神奈川県横浜市旭区左近山1186-2", "url": "https://www.kaigokensaku.mhlw.go.jp/14/index.php?action_kouhyou_detail_004_kani=true&JigyosyoCd=1473200077-00&ServiceCd=430&Type=search", "url2": "http://www.fukushi-kousaikai.or.jp/careplaza" }, "geometry": { "type": "Point", "coordinates": [ 139.555277299999943, 35.4558748 ] } },
{ "type": "Feature", "properties": { "内容": "横浜市今宿地域ケアプラザ【居宅介護支援】神奈川県横浜市旭区今宿町2647-2", "url": "https://www.kaigokensaku.mhlw.go.jp/14/index.php?action_kouhyou_detail_004_kani=true&JigyosyoCd=1473200465-00&ServiceCd=430&Type=search", "url2": "https://www.imajuku-cp.jp/" }, "geometry": { "type": "Point", "coordinates": [ 139.516286199999968, 35.4699842 ] } },
{ "type": "Feature", "properties": { "内容": "横浜市鶴ケ峰地域ケアプラザ【居宅介護支援】神奈川県横浜市旭区鶴ケ峰１－３８－３", "url": "https://www.kaigokensaku.mhlw.go.jp/14/index.php?action_kouhyou_detail_004_kani=true&JigyosyoCd=1473200432-00&ServiceCd=430&Type=search", "url2": "https://www.hama-wel.or.jp/office/tsurugamine/" }, "geometry": { "type": "Point", "coordinates": [ 139.550649900000053, 35.4723645 ] } },
{ "type": "Feature", "properties": { "内容": "あっぷる旭ケアステーション【居宅介護支援】神奈川県横浜市旭区鶴ヶ峰本町1-26-13カームヒルズ2Ｆ", "url": "https://www.kaigokensaku.mhlw.go.jp/14/index.php?action_kouhyou_detail_004_kani=true&JigyosyoCd=1473200770-00&ServiceCd=430&Type=search", "url2": "https://www.apple-kaigo.co.jp/" }, "geometry": { "type": "Point", "coordinates": [ 139.537875799999938, 35.4787887 ] } },
{ "type": "Feature", "properties": { "内容": "居宅介護支援センター　パラダイス水の郷【居宅介護支援】神奈川県横浜市旭区上川井町3059", "url": "https://www.kaigokensaku.mhlw.go.jp/14/index.php?action_kouhyou_detail_004_kani=true&JigyosyoCd=1473201638-00&ServiceCd=430&Type=search", "url2": "https://www.mizunosato.or.jp/" }, "geometry": { "type": "Point", "coordinates": [ 139.507583100000033, 35.4978437 ] } },
{ "type": "Feature", "properties": { "内容": "横浜市南希望が丘地域ケアプラザ【居宅介護支援】神奈川県横浜市旭区南希望が丘７２－３", "url": "https://www.kaigokensaku.mhlw.go.jp/14/index.php?action_kouhyou_detail_004_kani=true&JigyosyoCd=1473201646-00&ServiceCd=430&Type=search", "url2": "https://www.seikoukai.or.jp/" }, "geometry": { "type": "Point", "coordinates": [ 139.515050299999984, 35.452578 ] } },
{ "type": "Feature", "properties": { "内容": "トーケン【居宅介護支援】神奈川県横浜市旭区上白根1丁目33番1号", "url": "https://www.kaigokensaku.mhlw.go.jp/14/index.php?action_kouhyou_detail_004_kani=true&JigyosyoCd=1473201778-00&ServiceCd=430&Type=search", "url2": "http://www.token.yokohama/" }, "geometry": { "type": "Point", "coordinates": [ 139.536941048409972, 35.486675107886114 ] } },
{ "type": "Feature", "properties": { "内容": "アットホームケア介護支援事業所【居宅介護支援】神奈川県横浜市旭区二俣川2丁目32の49", "url": "https://www.kaigokensaku.mhlw.go.jp/14/index.php?action_kouhyou_detail_004_kani=true&JigyosyoCd=1473201810-00&ServiceCd=430&Type=search", "url2": "https://www.atr3386.com" }, "geometry": { "type": "Point", "coordinates": [ 139.535105933543377, 35.459402109851048 ] } },
{ "type": "Feature", "properties": { "内容": "横浜市笹野台地域ケアプラザ介護保険センター【居宅介護支援】神奈川県横浜市旭区笹野台2-32-1", "url": "https://www.kaigokensaku.mhlw.go.jp/14/index.php?action_kouhyou_detail_004_kani=true&JigyosyoCd=1473202412-00&ServiceCd=430&Type=search", "url2": "https://shuhokai.or.jp/" }, "geometry": { "type": "Point", "coordinates": [ 139.5027397, 35.4735225 ] } },
{ "type": "Feature", "properties": { "内容": "横浜市二俣川地域ケアプラザ介護保険センター【居宅介護支援】神奈川県横浜市旭区二俣川2-50-14コプレ二俣川商業業務棟6階", "url": "https://www.kaigokensaku.mhlw.go.jp/14/index.php?action_kouhyou_detail_004_kani=true&JigyosyoCd=1473203246-00&ServiceCd=430&Type=search", "url2": "https://shuhokai.or.jp/office/asahi-ku/cm-futamatagawa.php" }, "geometry": { "type": "Point", "coordinates": [ 139.532990400000017, 35.4636516 ] } },
{ "type": "Feature", "properties": { "内容": "ＳＯＭＰＯケア　横浜希望が丘　居宅介護支援【居宅介護支援】神奈川県横浜市旭区南希望が丘68三輪ビル１階１号室", "url": "https://www.kaigokensaku.mhlw.go.jp/14/index.php?action_kouhyou_detail_004_kani=true&JigyosyoCd=1473203279-00&ServiceCd=430&Type=search", "url2": "https://www.sompocare.com/service/zaitaku/kaigo/Z000176?service=kaigo" }, "geometry": { "type": "Point", "coordinates": [ 139.514150100000052, 35.4533363 ] } },
{ "type": "Feature", "properties": { "内容": "エスケイケアプラン【居宅介護支援】神奈川県横浜市旭区本宿町18-14", "url": "https://www.kaigokensaku.mhlw.go.jp/14/index.php?action_kouhyou_detail_004_kani=true&JigyosyoCd=1473203295-00&ServiceCd=430&Type=search", "url2": null }, "geometry": { "type": "Point", "coordinates": [ 139.5448616, 35.4681733 ] } },
{ "type": "Feature", "properties": { "内容": "タツミケアプランセンター鶴ヶ峰【居宅介護支援】神奈川県横浜市旭区鶴ヶ峰1-30-11", "url": "https://www.kaigokensaku.mhlw.go.jp/14/index.php?action_kouhyou_detail_004_kani=true&JigyosyoCd=1473203790-00&ServiceCd=430&Type=search", "url2": "https://www.medi-p.jp/" }, "geometry": { "type": "Point", "coordinates": [ 139.54854610000001, 35.4714636 ] } },
{ "type": "Feature", "properties": { "内容": "ラッチケア【居宅介護支援】神奈川県横浜市旭区川島町1585-21", "url": "https://www.kaigokensaku.mhlw.go.jp/14/index.php?action_kouhyou_detail_004_kani=true&JigyosyoCd=1473203840-00&ServiceCd=430&Type=search", "url2": null }, "geometry": { "type": "Point", "coordinates": [ 139.556151199999988, 35.4675481 ] } },
{ "type": "Feature", "properties": { "内容": "指定居宅介護支援事業所たんぽぽ四季の森【居宅介護支援】神奈川県横浜市旭区上白根町774－181", "url": "https://www.kaigokensaku.mhlw.go.jp/14/index.php?action_kouhyou_detail_004_kani=true&JigyosyoCd=1473203873-00&ServiceCd=430&Type=search", "url2": null }, "geometry": { "type": "Point", "coordinates": [ 139.5374266, 35.4988207 ] } },
{ "type": "Feature", "properties": { "内容": "ケアプラン　緑園【居宅介護支援】神奈川県横浜市旭区万騎が原80-7", "url": "https://www.kaigokensaku.mhlw.go.jp/14/index.php?action_kouhyou_detail_004_kani=true&JigyosyoCd=1473601670-00&ServiceCd=430&Type=search", "url2": null }, "geometry": { "type": "Point", "coordinates": [ 139.53218597111686, 35.453136771540272 ] } },
{ "type": "Feature", "properties": { "内容": "居宅介護支援事業所　あさがお【居宅介護支援】神奈川県横浜市旭区若葉台3-5-1", "url": "https://www.kaigokensaku.mhlw.go.jp/14/index.php?action_kouhyou_detail_004_kani=true&JigyosyoCd=1473202958-00&ServiceCd=430&Type=search", "url2": "http://www.akaedakai.com/facility.html" }, "geometry": { "type": "Point", "coordinates": [ 139.498331745368915, 35.506131961596665 ] } },
{ "type": "Feature", "properties": { "内容": "介護老人保健施設　みどりの杜【居宅介護支援】神奈川県横浜市緑区西八朔町99-1", "url": "https://www.kaigokensaku.mhlw.go.jp/14/index.php?action_kouhyou_detail_004_kani=true&JigyosyoCd=1453380011-00&ServiceCd=430&Type=search", "url2": "http://www.midorinokaze.biz" }, "geometry": { "type": "Point", "coordinates": [ 139.5313701, 35.5267968 ] } },
{ "type": "Feature", "properties": { "内容": "医療法人社団　三喜会　新緑訪問看護ステーション長津田【居宅介護支援】神奈川県横浜市緑区長津田6-7-5", "url": "https://www.kaigokensaku.mhlw.go.jp/14/index.php?action_kouhyou_detail_004_kani=true&JigyosyoCd=1463390044-00&ServiceCd=430&Type=search", "url2": "http://www.sankikai.or.jp/houkan/nagatsuta/index.html" }, "geometry": { "type": "Point", "coordinates": [ 139.497354930688516, 35.53002804088365 ] } },
{ "type": "Feature", "properties": { "内容": "横浜市十日市場地域ケアプラザ【居宅介護支援】神奈川県横浜市緑区十日市場町８２５－１", "url": "https://www.kaigokensaku.mhlw.go.jp/14/index.php?action_kouhyou_detail_004_kani=true&JigyosyoCd=1473300034-00&ServiceCd=430&Type=search", "url2": "http://kyosaikai.jp/tokaichiba-cp/" }, "geometry": { "type": "Point", "coordinates": [ 139.517782300000022, 35.5242355 ] } },
{ "type": "Feature", "properties": { "内容": "横浜市長津田地域ケアプラザ【居宅介護支援】神奈川県横浜市緑区長津田2-11-2", "url": "https://www.kaigokensaku.mhlw.go.jp/14/index.php?action_kouhyou_detail_004_kani=true&JigyosyoCd=1473300042-00&ServiceCd=430&Type=search", "url2": "https://www.yokohamashakyo.jp/nagatsuta/" }, "geometry": { "type": "Point", "coordinates": [ 139.495919100000037, 35.5337867 ] } },
{ "type": "Feature", "properties": { "内容": "横浜市中山地域ケアプラザ【居宅介護支援】神奈川県横浜市緑区中山2丁目1-1", "url": "https://www.kaigokensaku.mhlw.go.jp/14/index.php?action_kouhyou_detail_004_kani=true&JigyosyoCd=1473300059-00&ServiceCd=430&Type=search", "url2": "https://www.hama-wel.or.jp/branch/nakayama/" }, "geometry": { "type": "Point", "coordinates": [ 139.543626399999965, 35.5164536 ] } },
{ "type": "Feature", "properties": { "内容": "ケアセンターメゾンヴェルト【居宅介護支援】神奈川県横浜市緑区鴨居七丁目19番1号", "url": "https://www.kaigokensaku.mhlw.go.jp/14/index.php?action_kouhyou_detail_004_kani=true&JigyosyoCd=1473300109-00&ServiceCd=430&Type=search", "url2": "https://www.maisonverte.jp/" }, "geometry": { "type": "Point", "coordinates": [ 139.554371, 35.4982114 ] } },
{ "type": "Feature", "properties": { "内容": "愛コムネット【居宅介護支援】神奈川県横浜市緑区中山一丁目７番１６号", "url": "https://www.kaigokensaku.mhlw.go.jp/14/index.php?action_kouhyou_detail_004_kani=true&JigyosyoCd=1473300299-00&ServiceCd=430&Type=search", "url2": "https://rokumeikan-icomnet.com" }, "geometry": { "type": "Point", "coordinates": [ 139.54203102307892, 35.514733039585451 ] } },
{ "type": "Feature", "properties": { "内容": "緑区医師会居宅支援センター【居宅介護支援】神奈川県横浜市緑区中山3丁目16番2号緑区医師会館2階", "url": "https://www.kaigokensaku.mhlw.go.jp/14/index.php?action_kouhyou_detail_004_kani=true&JigyosyoCd=1473300406-00&ServiceCd=430&Type=search", "url2": "http://www.midorikuishikai.com/" }, "geometry": { "type": "Point", "coordinates": [ 139.547799199999986, 35.513609500000037 ] } },
{ "type": "Feature", "properties": { "内容": "有限会社　ふれあいハート【居宅介護支援】神奈川県横浜市緑区鴨居３丁目１７番１２号", "url": "https://www.kaigokensaku.mhlw.go.jp/14/index.php?action_kouhyou_detail_004_kani=true&JigyosyoCd=1473300448-00&ServiceCd=430&Type=search", "url2": "http://www.fureai-heart.co.jp" }, "geometry": { "type": "Point", "coordinates": [ 139.568269309971583, 35.50603315271097 ] } },
{ "type": "Feature", "properties": { "内容": "翡翠の舞　介護保険センター【居宅介護支援】神奈川県横浜市緑区台村町337台和ビル1階", "url": "https://www.kaigokensaku.mhlw.go.jp/14/index.php?action_kouhyou_detail_004_kani=true&JigyosyoCd=1473300729-00&ServiceCd=430&Type=search", "url2": "https://shuhokai.or.jp/office/midori-ku/cm-hisui.php" }, "geometry": { "type": "Point", "coordinates": [ 139.537627899999961, 35.5132901 ] } },
{ "type": "Feature", "properties": { "内容": "あゆみ【居宅介護支援】神奈川県横浜市緑区台村町296-1緑センターⅢ　101号", "url": "https://www.kaigokensaku.mhlw.go.jp/14/index.php?action_kouhyou_detail_004_kani=true&JigyosyoCd=1473300901-00&ServiceCd=430&Type=search", "url2": "https://ayumi-kaigo.net" }, "geometry": { "type": "Point", "coordinates": [ 139.5388, 35.5135956 ] } },
{ "type": "Feature", "properties": { "内容": "横浜市鴨居地域ケアプラザ【居宅介護支援】神奈川県横浜市緑区鴨居5-29-8", "url": "https://www.kaigokensaku.mhlw.go.jp/14/index.php?action_kouhyou_detail_004_kani=true&JigyosyoCd=1473301248-00&ServiceCd=430&Type=search", "url2": "https://kamoicare.seikoukai-group.or.jp" }, "geometry": { "type": "Point", "coordinates": [ 139.563409200000024, 35.5043498 ] } },
{ "type": "Feature", "properties": { "内容": "横浜市霧が丘地域ケアプラザ居宅介護支援事業所【居宅介護支援】神奈川県横浜市緑区霧が丘3-23", "url": "https://www.kaigokensaku.mhlw.go.jp/14/index.php?action_kouhyou_detail_004_kani=true&JigyosyoCd=1473301305-00&ServiceCd=430&Type=search", "url2": "http://www.kirigaoka.foryou.or.jp" }, "geometry": { "type": "Point", "coordinates": [ 139.504555200000027, 35.51626 ] } },
{ "type": "Feature", "properties": { "内容": "福祉クラブ生協　オプティ緑【居宅介護支援】神奈川県横浜市緑区十日市場町840-3", "url": "https://www.kaigokensaku.mhlw.go.jp/14/index.php?action_kouhyou_detail_004_kani=true&JigyosyoCd=1473301560-00&ServiceCd=430&Type=search", "url2": "http://www.fukushi-club.net/careplan_s/index.html" }, "geometry": { "type": "Point", "coordinates": [ 139.514629937434364, 35.523463716551085 ] } },
{ "type": "Feature", "properties": { "内容": "横浜セラトピア居宅介護支援事業所【居宅介護支援】神奈川県横浜市緑区北八朔町1323", "url": "https://www.kaigokensaku.mhlw.go.jp/14/index.php?action_kouhyou_detail_004_kani=true&JigyosyoCd=1473301644-00&ServiceCd=430&Type=search", "url2": "https://www.oueikai.or.jp" }, "geometry": { "type": "Point", "coordinates": [ 139.5410554, 35.5252331 ] } },
{ "type": "Feature", "properties": { "内容": "ささゆりケアプラン【居宅介護支援】神奈川県横浜市緑区長津田町2316コウヤビル307", "url": "https://www.kaigokensaku.mhlw.go.jp/14/index.php?action_kouhyou_detail_004_kani=true&JigyosyoCd=1473301966-00&ServiceCd=430&Type=search", "url2": null }, "geometry": { "type": "Point", "coordinates": [ 139.494146300000011, 35.5300893 ] } },
{ "type": "Feature", "properties": { "内容": "あおぞらサポート【居宅介護支援】神奈川県横浜市緑区霧が丘4-23-18", "url": "https://www.kaigokensaku.mhlw.go.jp/14/index.php?action_kouhyou_detail_004_kani=true&JigyosyoCd=1473302253-00&ServiceCd=430&Type=search", "url2": "http://www.yuuchan.jp/publics/index/2/" }, "geometry": { "type": "Point", "coordinates": [ 139.503222, 35.5105302 ] } },
{ "type": "Feature", "properties": { "内容": "横浜市東本郷地域ケアプラザ【居宅介護支援】神奈川県横浜市緑区東本郷5-5-6", "url": "https://www.kaigokensaku.mhlw.go.jp/14/index.php?action_kouhyou_detail_004_kani=true&JigyosyoCd=1473302279-00&ServiceCd=430&Type=search", "url2": "https://www.yokohamaymca.org/facility/hhongo-care/" }, "geometry": { "type": "Point", "coordinates": [ 139.585604900000021, 35.508936 ] } },
{ "type": "Feature", "properties": { "内容": "INS　横浜緑居宅支援事業所【居宅介護支援】神奈川県横浜市緑区中山1-6-11トーレ・アチェ・イー　201号室", "url": "https://www.kaigokensaku.mhlw.go.jp/14/index.php?action_kouhyou_detail_004_kani=true&JigyosyoCd=1473302287-00&ServiceCd=430&Type=search", "url2": "https://www.ins-kaigo.com" }, "geometry": { "type": "Point", "coordinates": [ 139.541463033755377, 35.515946398933323 ] } },
{ "type": "Feature", "properties": { "内容": "東京海上日動みずたま介護ＳＴ十日市場ケアプランセンター【居宅介護支援】神奈川県横浜市緑区十日市場町805-1十日市場佐藤ビル301", "url": "https://www.kaigokensaku.mhlw.go.jp/14/index.php?action_kouhyou_detail_004_kani=true&JigyosyoCd=1473302303-00&ServiceCd=430&Type=search", "url2": "https://www.mizutama-kaigo.jp/stations/tokaichiba/" }, "geometry": { "type": "Point", "coordinates": [ 139.516022580950903, 35.525854643888103 ] } },
{ "type": "Feature", "properties": { "内容": "みどり野診療所【居宅介護支援】神奈川県横浜市緑区十日市場町915-14みどり野診療所", "url": "https://www.kaigokensaku.mhlw.go.jp/14/index.php?action_kouhyou_detail_004_kani=true&JigyosyoCd=1473302410-00&ServiceCd=430&Type=search", "url2": "http://www.ushioda.org" }, "geometry": { "type": "Point", "coordinates": [ 139.5202266, 35.5223194 ] } },
{ "type": "Feature", "properties": { "内容": "ふくろくケアプランセンター【居宅介護支援】神奈川県横浜市緑区中山1-6-5静銀中山ビル　5F", "url": "https://www.kaigokensaku.mhlw.go.jp/14/index.php?action_kouhyou_detail_004_kani=true&JigyosyoCd=1473302428-00&ServiceCd=430&Type=search", "url2": "https://cs-nakayama.wixsite.com/fkrk" }, "geometry": { "type": "Point", "coordinates": [ 139.54095540000003, 35.5154954 ] } },
{ "type": "Feature", "properties": { "内容": "よさこいケアプランセンター【居宅介護支援】神奈川県横浜市緑区北八朔町１３６８番１", "url": "https://www.kaigokensaku.mhlw.go.jp/14/index.php?action_kouhyou_detail_004_kani=true&JigyosyoCd=1473302444-00&ServiceCd=430&Type=search", "url2": "http://yosakoi-home.com/" }, "geometry": { "type": "Point", "coordinates": [ 139.542610800000034, 35.5249109 ] } },
{ "type": "Feature", "properties": { "内容": "陽だまりケアプラン【居宅介護支援】神奈川県横浜市緑区中山1-9-2和知ビル２F", "url": "https://www.kaigokensaku.mhlw.go.jp/14/index.php?action_kouhyou_detail_004_kani=true&JigyosyoCd=1473302667-00&ServiceCd=430&Type=search", "url2": "https://futureone.jp/" }, "geometry": { "type": "Point", "coordinates": [ 139.541697992920604, 35.515879335886162 ] } },
{ "type": "Feature", "properties": { "内容": "つながる訪問看護ケアセンター居宅介護支援部【居宅介護支援】神奈川県横浜市緑区中山１丁目22-13ホワイトヒルズ201", "url": "https://www.kaigokensaku.mhlw.go.jp/14/index.php?action_kouhyou_detail_004_kani=true&JigyosyoCd=1473302691-00&ServiceCd=430&Type=search", "url2": "https://momonursing.com/" }, "geometry": { "type": "Point", "coordinates": [ 139.539887569172663, 35.516085102578273 ] } },
{ "type": "Feature", "properties": { "内容": "ツクイ横浜緑ケアプランセンター【居宅介護支援】神奈川県横浜市緑区寺山町87-14", "url": "https://www.kaigokensaku.mhlw.go.jp/14/index.php?action_kouhyou_detail_004_kani=true&JigyosyoCd=1473302816-00&ServiceCd=430&Type=search", "url2": "https://www.tsukui.net/" }, "geometry": { "type": "Point", "coordinates": [ 139.539117299999987, 35.5137589 ] } },
{ "type": "Feature", "properties": { "内容": "おひさま在宅介護支援【居宅介護支援】神奈川県横浜市緑区小山町503-1", "url": "https://www.kaigokensaku.mhlw.go.jp/14/index.php?action_kouhyou_detail_004_kani=true&JigyosyoCd=1473302832-00&ServiceCd=430&Type=search", "url2": null }, "geometry": { "type": "Point", "coordinates": [ 139.5336675, 35.524255 ] } },
{ "type": "Feature", "properties": { "内容": "しろかもケアプラン【居宅介護支援】神奈川県横浜市緑区白山2-15-5白山テラス1-3", "url": "https://www.kaigokensaku.mhlw.go.jp/14/index.php?action_kouhyou_detail_004_kani=true&JigyosyoCd=1473302949-00&ServiceCd=430&Type=search", "url2": "https://careplan.shirokamo.com/" }, "geometry": { "type": "Point", "coordinates": [ 139.560085500000014, 35.5065375 ] } },
{ "type": "Feature", "properties": { "内容": "医療法人社団三喜会　介護老人保健施設　ライフプラザ新緑【居宅介護支援】神奈川県横浜市緑区長津田町5708", "url": "https://www.kaigokensaku.mhlw.go.jp/14/index.php?action_kouhyou_detail_004_kani=true&JigyosyoCd=1453380029-00&ServiceCd=430&Type=search", "url2": "https://www.sankikai.or.jp/life-shinmidori/kyotaku.html" }, "geometry": { "type": "Point", "coordinates": [ 139.482561799999985, 35.5120419 ] } },
{ "type": "Feature", "properties": { "内容": "生活リハビリクラブ鴨居【居宅介護支援】神奈川県横浜市緑区鴨居町2430-1", "url": "https://www.kaigokensaku.mhlw.go.jp/14/index.php?action_kouhyou_detail_004_kani=true&JigyosyoCd=1473300067-00&ServiceCd=430&Type=search", "url2": "https://kanagawa.seikatsuclub.coop/" }, "geometry": { "type": "Point", "coordinates": [ 139.565075799999931, 35.4997754 ] } },
{ "type": "Feature", "properties": { "内容": "横浜市福祉サービス協会　緑介護事務所【居宅介護支援】神奈川県横浜市緑区中山一丁目6番5号静銀中山ビル3階", "url": "https://www.kaigokensaku.mhlw.go.jp/14/index.php?action_kouhyou_detail_004_kani=true&JigyosyoCd=1473300562-00&ServiceCd=430&Type=search", "url2": "https://www.hama-wel.or.jp/service/careplan/" }, "geometry": { "type": "Point", "coordinates": [ 139.54095222883609, 35.515643027384833 ] } },
{ "type": "Feature", "properties": { "内容": "居宅介護支援事業所　白くま【居宅介護支援】神奈川県横浜市緑区東本郷４－１－２２プログレセ鴨居１階", "url": "https://www.kaigokensaku.mhlw.go.jp/14/index.php?action_kouhyou_detail_004_kani=true&JigyosyoCd=1473300596-00&ServiceCd=430&Type=search", "url2": null }, "geometry": { "type": "Point", "coordinates": [ 139.576963699999965, 35.5111605 ] } },
{ "type": "Feature", "properties": { "内容": "あいしんケアサービス【居宅介護支援】神奈川県横浜市緑区十日市場町834-1ヤマトビル201", "url": "https://www.kaigokensaku.mhlw.go.jp/14/index.php?action_kouhyou_detail_004_kani=true&JigyosyoCd=1473300687-00&ServiceCd=430&Type=search", "url2": null }, "geometry": { "type": "Point", "coordinates": [ 139.521059499999978, 35.5241513 ] } },
{ "type": "Feature", "properties": { "内容": "あいばな　ケアセンター【居宅介護支援】神奈川県横浜市緑区十日市場町1864-1十日市場店舗", "url": "https://www.kaigokensaku.mhlw.go.jp/14/index.php?action_kouhyou_detail_004_kani=true&JigyosyoCd=1473302493-00&ServiceCd=430&Type=search", "url2": "https://www.aibana.jp/" }, "geometry": { "type": "Point", "coordinates": [ 139.505977748734495, 35.520428991756155 ] } },
{ "type": "Feature", "properties": { "内容": "居宅介護支援事業所すずかぜ　みどり【居宅介護支援】神奈川県横浜市緑区中山1丁目22番地22ITM408", "url": "https://www.kaigokensaku.mhlw.go.jp/14/index.php?action_kouhyou_detail_004_kani=true&JigyosyoCd=1473303004-00&ServiceCd=430&Type=search", "url2": "https://suzukaze-yokohama.jp/support" }, "geometry": { "type": "Point", "coordinates": [ 139.540273164397973, 35.515582039627539 ] } },
{ "type": "Feature", "properties": { "内容": "ケアプランセンターバディ横浜【居宅介護支援】神奈川県横浜市緑区長津田5-5-13長津田メディカルスクエア3階", "url": "https://www.kaigokensaku.mhlw.go.jp/14/index.php?action_kouhyou_detail_004_kani=true&JigyosyoCd=1473303020-00&ServiceCd=430&Type=search", "url2": "https://buddymedical.jp/menu/medical03/" }, "geometry": { "type": "Point", "coordinates": [ 139.496886757672115, 35.531420320192368 ] } },
{ "type": "Feature", "properties": { "内容": "グレース居宅介護支援事業所横浜【居宅介護支援】神奈川県横浜市緑区長津田7-6-20", "url": "https://www.kaigokensaku.mhlw.go.jp/14/index.php?action_kouhyou_detail_004_kani=true&JigyosyoCd=1473303053-00&ServiceCd=430&Type=search", "url2": "https://www.a-hmc.com/facilities" }, "geometry": { "type": "Point", "coordinates": [ 139.4933756, 35.5279335 ] } },
{ "type": "Feature", "properties": { "内容": "横浜市山下地域ケアプラザ居宅介護【居宅介護支援】神奈川県横浜市緑区北八朔218-13", "url": "https://www.kaigokensaku.mhlw.go.jp/14/index.php?action_kouhyou_detail_004_kani=true&JigyosyoCd=1473300018-00&ServiceCd=430&Type=search", "url2": "http://fujizuka.com/yamashita" }, "geometry": { "type": "Point", "coordinates": [ 139.542473406837416, 35.532663306175515 ] } },
{ "type": "Feature", "properties": { "内容": "ひとはな　みどり【居宅介護支援】神奈川県横浜市緑区中山１－５－２５廣田ビル２階", "url": "https://www.kaigokensaku.mhlw.go.jp/14/index.php?action_kouhyou_detail_004_kani=true&JigyosyoCd=1473302923-00&ServiceCd=430&Type=search", "url2": "https://hitohana.co.jp/cmmidori.html" }, "geometry": { "type": "Point", "coordinates": [ 139.541575174173175, 35.514477305054271 ] } },
{ "type": "Feature", "properties": { "内容": "居宅介護支援事業所　おとなりさん【居宅介護支援】神奈川県横浜市緑区十日市場町808-2", "url": "https://www.kaigokensaku.mhlw.go.jp/14/index.php?action_kouhyou_detail_004_kani=true&JigyosyoCd=1473301081-00&ServiceCd=430&Type=search", "url2": null }, "geometry": { "type": "Point", "coordinates": [ 139.515346300000033, 35.5244685 ] } },
{ "type": "Feature", "properties": { "内容": "ガーデニアホーム　居宅介護支援事業所【居宅介護支援】神奈川県横浜市緑区新治町497", "url": "https://www.kaigokensaku.mhlw.go.jp/14/index.php?action_kouhyou_detail_004_kani=true&JigyosyoCd=1473303145-00&ServiceCd=430&Type=search", "url2": null }, "geometry": { "type": "Point", "coordinates": [ 139.528002, 35.5212278 ] } },
{ "type": "Feature", "properties": { "内容": "あいケアマネジメントサービス【居宅介護支援】神奈川県横浜市緑区長津田４丁目２０番ウォルトンズコート長津田Ⅾ棟１０１２号室", "url": "https://www.kaigokensaku.mhlw.go.jp/14/index.php?action_kouhyou_detail_004_kani=true&JigyosyoCd=1473701272-00&ServiceCd=430&Type=search", "url2": null }, "geometry": { "type": "Point", "coordinates": [ 139.492998980191487, 35.534462669799538 ] } },
{ "type": "Feature", "properties": { "内容": "瀬谷区医師会訪問看護ステーション【居宅介護支援】神奈川県横浜市瀬谷区二ツ橋町489-46瀬谷区休日救急診療所内　2F", "url": "https://www.kaigokensaku.mhlw.go.jp/14/index.php?action_kouhyou_detail_004_kani=true&JigyosyoCd=1463490000-00&ServiceCd=430&Type=search", "url2": "http://www.seyamedical-houmonkango.com/care/" }, "geometry": { "type": "Point", "coordinates": [ 139.496776327739013, 35.472718947826586 ] } },
{ "type": "Feature", "properties": { "内容": "なじみ訪問看護ステーション【居宅介護支援】神奈川県横浜市瀬谷区阿久和南３丁目８番地１３", "url": "https://www.kaigokensaku.mhlw.go.jp/14/index.php?action_kouhyou_detail_004_kani=true&JigyosyoCd=1463490190-00&ServiceCd=430&Type=search", "url2": "https://najimi-care.com/" }, "geometry": { "type": "Point", "coordinates": [ 139.502554199999963, 35.440782200000015 ] } },
{ "type": "Feature", "properties": { "内容": "よりそい　元氣村【居宅介護支援】神奈川県横浜市瀬谷区瀬谷1-30-10", "url": "https://www.kaigokensaku.mhlw.go.jp/14/index.php?action_kouhyou_detail_004_kani=true&JigyosyoCd=1473201174-00&ServiceCd=430&Type=search", "url2": "https://genkimura-group.jp" }, "geometry": { "type": "Point", "coordinates": [ 139.539714799999956, 35.4664541 ] } },
{ "type": "Feature", "properties": { "内容": "横浜市阿久和地域ケアプラザ【居宅介護支援】神奈川県横浜市瀬谷区阿久和南２－９－２", "url": "https://www.kaigokensaku.mhlw.go.jp/14/index.php?action_kouhyou_detail_004_kani=true&JigyosyoCd=1473400040-00&ServiceCd=430&Type=search", "url2": "http://shonanyuuaikai.or.jp/careplaza.html" }, "geometry": { "type": "Point", "coordinates": [ 139.500746, 35.44447060000001 ] } },
{ "type": "Feature", "properties": { "内容": "横浜市下瀬谷地域ケアプラザ【居宅介護支援】神奈川県横浜市瀬谷区下瀬谷２－４４－６なし", "url": "https://www.kaigokensaku.mhlw.go.jp/14/index.php?action_kouhyou_detail_004_kani=true&JigyosyoCd=1473400131-00&ServiceCd=430&Type=search", "url2": "https://shafuku-doujinkai.or.jp/facility/care-plaza/shimoseya" }, "geometry": { "type": "Point", "coordinates": [ 139.482510899999966, 35.454497 ] } },
{ "type": "Feature", "properties": { "内容": "横浜市中屋敷地域ケアプラザ【居宅介護支援】神奈川県横浜市瀬谷区中屋敷2-18-6", "url": "https://www.kaigokensaku.mhlw.go.jp/14/index.php?action_kouhyou_detail_004_kani=true&JigyosyoCd=1473400149-00&ServiceCd=430&Type=search", "url2": "https://i-seikoukai.or.jp" }, "geometry": { "type": "Point", "coordinates": [ 139.47658249999995, 35.4838336 ] } },
{ "type": "Feature", "properties": { "内容": "わくわくケアサポート【居宅介護支援】神奈川県横浜市瀬谷区南台１－１７－３", "url": "https://www.kaigokensaku.mhlw.go.jp/14/index.php?action_kouhyou_detail_004_kani=true&JigyosyoCd=1473400164-00&ServiceCd=430&Type=search", "url2": "https://wakuwaku-seya.org" }, "geometry": { "type": "Point", "coordinates": [ 139.489751770175218, 35.462843969545382 ] } },
{ "type": "Feature", "properties": { "内容": "はらっぱ【居宅介護支援】神奈川県横浜市瀬谷区阿久和東4-21-7", "url": "https://www.kaigokensaku.mhlw.go.jp/14/index.php?action_kouhyou_detail_004_kani=true&JigyosyoCd=1473400180-00&ServiceCd=430&Type=search", "url2": "http://matsuda-ms.com/kaigo.html" }, "geometry": { "type": "Point", "coordinates": [ 139.499475037805695, 35.449155626831654 ] } },
{ "type": "Feature", "properties": { "内容": "居宅介護支援センター　みなみの苑【居宅介護支援】神奈川県横浜市瀬谷区阿久和南三丁目28番地3特別養護老人ホームみなみの苑内", "url": "https://www.kaigokensaku.mhlw.go.jp/14/index.php?action_kouhyou_detail_004_kani=true&JigyosyoCd=1473400263-00&ServiceCd=430&Type=search", "url2": "http://www.aikokai-minamigp.or.jp/" }, "geometry": { "type": "Point", "coordinates": [ 139.503518100000065, 35.437402 ] } },
{ "type": "Feature", "properties": { "内容": "横浜市二ツ橋第二地域ケアプラザ【居宅介護支援】神奈川県横浜市瀬谷区二ツ橋町４６９せやまる・ふれあい館", "url": "https://www.kaigokensaku.mhlw.go.jp/14/index.php?action_kouhyou_detail_004_kani=true&JigyosyoCd=1473401097-00&ServiceCd=430&Type=search", "url2": "https://www.yokohamashakyo.jp/futatsubashi2/" }, "geometry": { "type": "Point", "coordinates": [ 139.496204846696514, 35.472232181737461 ] } },
{ "type": "Feature", "properties": { "内容": "ケアまりーん横浜【居宅介護支援】神奈川県横浜市瀬谷区本郷4-1-1", "url": "https://www.kaigokensaku.mhlw.go.jp/14/index.php?action_kouhyou_detail_004_kani=true&JigyosyoCd=1473401477-00&ServiceCd=430&Type=search", "url2": "http://caremarine.yokohama/" }, "geometry": { "type": "Point", "coordinates": [ 139.4807353, 35.4764853 ] } },
{ "type": "Feature", "properties": { "内容": "居宅介護支援事業所　みずのと【居宅介護支援】神奈川県横浜市瀬谷区瀬谷4-20-4ステラS1F", "url": "https://www.kaigokensaku.mhlw.go.jp/14/index.php?action_kouhyou_detail_004_kani=true&JigyosyoCd=1473401642-00&ServiceCd=430&Type=search", "url2": "https://alfa-mizunoto.jp/" }, "geometry": { "type": "Point", "coordinates": [ 139.481585465686095, 35.467154166684757 ] } },
{ "type": "Feature", "properties": { "内容": "ケアプランセンターみらくる【居宅介護支援】神奈川県横浜市瀬谷区南台1丁目10-3", "url": "https://www.kaigokensaku.mhlw.go.jp/14/index.php?action_kouhyou_detail_004_kani=true&JigyosyoCd=1473401824-00&ServiceCd=430&Type=search", "url2": "https://welfare-takeone.jp/" }, "geometry": { "type": "Point", "coordinates": [ 139.489960549598692, 35.461894179943378 ] } },
{ "type": "Feature", "properties": { "内容": "居宅介護支援事業所　すずかぜ【居宅介護支援】神奈川県横浜市瀬谷区三ツ境166番地9", "url": "https://www.kaigokensaku.mhlw.go.jp/14/index.php?action_kouhyou_detail_004_kani=true&JigyosyoCd=1473401873-00&ServiceCd=430&Type=search", "url2": "https://suzukaze-yokohama.jp" }, "geometry": { "type": "Point", "coordinates": [ 139.499588399999965, 35.4592191 ] } },
{ "type": "Feature", "properties": { "内容": "ベストライフ横浜瀬谷居宅介護支援事業所【居宅介護支援】神奈川県横浜市瀬谷区本郷2-7-7", "url": "https://www.kaigokensaku.mhlw.go.jp/14/index.php?action_kouhyou_detail_004_kani=true&JigyosyoCd=1473401899-00&ServiceCd=430&Type=search", "url2": null }, "geometry": { "type": "Point", "coordinates": [ 139.477469500000012, 35.4749087 ] } },
{ "type": "Feature", "properties": { "内容": "居宅介護支援事業所　てのひら【居宅介護支援】神奈川県横浜市瀬谷区中央35-5", "url": "https://www.kaigokensaku.mhlw.go.jp/14/index.php?action_kouhyou_detail_004_kani=true&JigyosyoCd=1473401949-00&ServiceCd=430&Type=search", "url2": "https://www.tenohira-seya.com/" }, "geometry": { "type": "Point", "coordinates": [ 139.480687618314136, 35.475524570605749 ] } },
{ "type": "Feature", "properties": { "内容": "介護相談センター　ひとはな【居宅介護支援】神奈川県横浜市瀬谷区阿久和西3-3-4神谷ビル１階", "url": "https://www.kaigokensaku.mhlw.go.jp/14/index.php?action_kouhyou_detail_004_kani=true&JigyosyoCd=1473201612-00&ServiceCd=430&Type=search", "url2": "https://hitohana.co.jp/" }, "geometry": { "type": "Point", "coordinates": [ 139.4984571, 35.4523447 ] } },
{ "type": "Feature", "properties": { "内容": "みんなのケアマネステーション瀬谷【居宅介護支援】神奈川県横浜市瀬谷区三ツ境21番大岡ビル207号", "url": "https://www.kaigokensaku.mhlw.go.jp/14/index.php?action_kouhyou_detail_004_kani=true&JigyosyoCd=1473402129-00&ServiceCd=430&Type=search", "url2": "https://minnano-kango.jp/about_us/seya/" }, "geometry": { "type": "Point", "coordinates": [ 139.50172812672821, 35.464287138521975 ] } },
{ "type": "Feature", "properties": { "内容": "あいざわ訪問看護リハビリステーション【居宅介護支援】神奈川県横浜市瀬谷区相沢4-10-36ハーベスト1F", "url": "https://www.kaigokensaku.mhlw.go.jp/14/index.php?action_kouhyou_detail_004_kani=true&JigyosyoCd=1463490166-00&ServiceCd=430&Type=search", "url2": "https://aizawa-hks.com" }, "geometry": { "type": "Point", "coordinates": [ 139.483266642327834, 35.473377159205924 ] } },
{ "type": "Feature", "properties": { "内容": "あっぷる三ツ境ケアステーション【居宅介護支援】神奈川県横浜市瀬谷区三ツ境108-3サンライズビル三ツ境　２階", "url": "https://www.kaigokensaku.mhlw.go.jp/14/index.php?action_kouhyou_detail_004_kani=true&JigyosyoCd=1473400107-00&ServiceCd=430&Type=search", "url2": "https://www.apple-kaigo.co.jp/" }, "geometry": { "type": "Point", "coordinates": [ 139.5006794, 35.4674994 ] } },
{ "type": "Feature", "properties": { "内容": "サニーライフ瀬谷【居宅介護支援】神奈川県横浜市瀬谷区橋戸1-27-1", "url": "https://www.kaigokensaku.mhlw.go.jp/14/index.php?action_kouhyou_detail_004_kani=true&JigyosyoCd=1473400743-00&ServiceCd=430&Type=search", "url2": "https://www.sunnylife-group.co.jp" }, "geometry": { "type": "Point", "coordinates": [ 139.483185971163948, 35.4630603931219 ] } },
{ "type": "Feature", "properties": { "内容": "からし菜居宅介護【居宅介護支援】神奈川県横浜市瀬谷区瀬谷4-44-9アジュール101", "url": "https://www.kaigokensaku.mhlw.go.jp/14/index.php?action_kouhyou_detail_004_kani=true&JigyosyoCd=1473400917-00&ServiceCd=430&Type=search", "url2": "http://karashina.net/" }, "geometry": { "type": "Point", "coordinates": [ 139.483753807860722, 35.466556014746608 ] } },
{ "type": "Feature", "properties": { "内容": "横浜市福祉サービス協会　ヘルパーステーション瀬谷【居宅介護支援】神奈川県横浜市瀬谷区三ツ境100-6海發ビル１階", "url": "https://www.kaigokensaku.mhlw.go.jp/14/index.php?action_kouhyou_detail_004_kani=true&JigyosyoCd=1473400982-00&ServiceCd=430&Type=search", "url2": "https://www.hama-wel.or.jp" }, "geometry": { "type": "Point", "coordinates": [ 139.501596604668492, 35.466884409708449 ] } },
{ "type": "Feature", "properties": { "内容": "アサーティブワールド【居宅介護支援】神奈川県横浜市瀬谷区瀬谷5-14-9ハイム芝本201", "url": "https://www.kaigokensaku.mhlw.go.jp/14/index.php?action_kouhyou_detail_004_kani=true&JigyosyoCd=1473401212-00&ServiceCd=430&Type=search", "url2": "https://www.nanokolover.com" }, "geometry": { "type": "Point", "coordinates": [ 139.485541476661865, 35.467773624107146 ] } },
{ "type": "Feature", "properties": { "内容": "あいしま居宅介護支援事業所【居宅介護支援】神奈川県横浜市瀬谷区三ツ境73-7", "url": "https://www.kaigokensaku.mhlw.go.jp/14/index.php?action_kouhyou_detail_004_kani=true&JigyosyoCd=1473401238-00&ServiceCd=430&Type=search", "url2": "http://www.aishima.co.jp/" }, "geometry": { "type": "Point", "coordinates": [ 139.504764151589967, 35.46151328859596 ] } },
{ "type": "Feature", "properties": { "内容": "にじたろう居宅介護【居宅介護支援】神奈川県横浜市瀬谷区宮沢1-7-12本橋荘101", "url": "https://www.kaigokensaku.mhlw.go.jp/14/index.php?action_kouhyou_detail_004_kani=true&JigyosyoCd=1473401527-00&ServiceCd=430&Type=search", "url2": null }, "geometry": { "type": "Point", "coordinates": [ 139.493036730059401, 35.464934484357819 ] } },
{ "type": "Feature", "properties": { "内容": "風【居宅介護支援】神奈川県横浜市瀬谷区瀬谷5-3-24", "url": "https://www.kaigokensaku.mhlw.go.jp/14/index.php?action_kouhyou_detail_004_kani=true&JigyosyoCd=1473401741-00&ServiceCd=430&Type=search", "url2": "http://www.dekkaisora.jp/" }, "geometry": { "type": "Point", "coordinates": [ 139.478869, 35.4694284 ] } },
{ "type": "Feature", "properties": { "内容": "居宅介護支援事業所　アイケア瀬谷【居宅介護支援】神奈川県横浜市瀬谷区瀬谷1-28-2", "url": "https://www.kaigokensaku.mhlw.go.jp/14/index.php?action_kouhyou_detail_004_kani=true&JigyosyoCd=1473402103-00&ServiceCd=430&Type=search", "url2": null }, "geometry": { "type": "Point", "coordinates": [ 139.4936782, 35.4674407 ] } },
{ "type": "Feature", "properties": { "内容": "輝の杜【居宅介護支援】神奈川県横浜市瀬谷区五貫目町10-38", "url": "https://www.kaigokensaku.mhlw.go.jp/14/index.php?action_kouhyou_detail_004_kani=true&JigyosyoCd=1473400289-00&ServiceCd=430&Type=search", "url2": "https://www.gsen.or.jp/kagayaki/" }, "geometry": { "type": "Point", "coordinates": [ 139.470632099999989, 35.4989632 ] } },
{ "type": "Feature", "properties": { "内容": "セントラル介護　栄事業所【居宅介護支援】神奈川県横浜市栄区庄戸５－１９－１３", "url": "https://www.kaigokensaku.mhlw.go.jp/14/index.php?action_kouhyou_detail_004_kani=true&JigyosyoCd=1473500211-00&ServiceCd=430&Type=search", "url2": null }, "geometry": { "type": "Point", "coordinates": [ 139.58765040000003, 35.3498524 ] } },
{ "type": "Feature", "properties": { "内容": "居宅介護支援事業所アクセス・ケア【居宅介護支援】神奈川県横浜市栄区桂町688-1らいぶマンション502", "url": "https://www.kaigokensaku.mhlw.go.jp/14/index.php?action_kouhyou_detail_004_kani=true&JigyosyoCd=1473501557-00&ServiceCd=430&Type=search", "url2": null }, "geometry": { "type": "Point", "coordinates": [ 139.5563532, 35.3644229 ] } },
{ "type": "Feature", "properties": { "内容": "ハートフルリハ【居宅介護支援】神奈川県横浜市栄区笠間2-7-8", "url": "https://www.kaigokensaku.mhlw.go.jp/14/index.php?action_kouhyou_detail_004_kani=true&JigyosyoCd=1473501839-00&ServiceCd=430&Type=search", "url2": "http://www.heartful-k.co.jp/" }, "geometry": { "type": "Point", "coordinates": [ 139.53789, 35.3577984 ] } },
{ "type": "Feature", "properties": { "内容": "あっとほーむケアー居宅介護支援ステーション【居宅介護支援】神奈川県横浜市栄区上郷町84-12港南台カワマヒルズ102", "url": "https://www.kaigokensaku.mhlw.go.jp/14/index.php?action_kouhyou_detail_004_kani=true&JigyosyoCd=1473501862-00&ServiceCd=430&Type=search", "url2": "https://at-homecare.life/" }, "geometry": { "type": "Point", "coordinates": [ 139.567323, 35.364429 ] } },
{ "type": "Feature", "properties": { "内容": "ケアリンク中野【居宅介護支援】神奈川県横浜市栄区上郷町84-9杜のさぽーと館１階", "url": "https://www.kaigokensaku.mhlw.go.jp/14/index.php?action_kouhyou_detail_004_kani=true&JigyosyoCd=1473501870-00&ServiceCd=430&Type=search", "url2": "https://le-pli.jp/" }, "geometry": { "type": "Point", "coordinates": [ 139.5671125, 35.3644203 ] } },
{ "type": "Feature", "properties": { "内容": "ゆきケアマネステーション【居宅介護支援】神奈川県横浜市栄区野七里２丁目１４番３号", "url": "https://www.kaigokensaku.mhlw.go.jp/14/index.php?action_kouhyou_detail_004_kani=true&JigyosyoCd=1473501888-00&ServiceCd=430&Type=search", "url2": "https://www.yuki-houmonkango.com" }, "geometry": { "type": "Point", "coordinates": [ 139.58113130000001, 35.3456736 ] } },
{ "type": "Feature", "properties": { "内容": "横浜市笠間地域ケアプラザ【居宅介護支援】神奈川県横浜市栄区笠間1－1－1", "url": "https://www.kaigokensaku.mhlw.go.jp/14/index.php?action_kouhyou_detail_004_kani=true&JigyosyoCd=1473500245-00&ServiceCd=430&Type=search", "url2": "https://shafuku-doujinkai.or.jp/facility/care-plaza/kasama" }, "geometry": { "type": "Point", "coordinates": [ 139.5325825, 35.3555017 ] } },
{ "type": "Feature", "properties": { "内容": "水明の大地介護保険センター【居宅介護支援】神奈川県横浜市栄区笠間2-17-4土居ビル1階", "url": "https://www.kaigokensaku.mhlw.go.jp/14/index.php?action_kouhyou_detail_004_kani=true&JigyosyoCd=1473501342-00&ServiceCd=430&Type=search", "url2": "https://shuhokai.or.jp/office/sakae-ku/cm-suimei.php" }, "geometry": { "type": "Point", "coordinates": [ 139.534751799999981, 35.3586513 ] } },
{ "type": "Feature", "properties": { "内容": "栄区居宅支援センター【居宅介護支援】神奈川県横浜市栄区公田町635-15", "url": "https://www.kaigokensaku.mhlw.go.jp/14/index.php?action_kouhyou_detail_004_kani=true&JigyosyoCd=1473500021-00&ServiceCd=430&Type=search", "url2": "https://sakae-med.org" }, "geometry": { "type": "Point", "coordinates": [ 139.553966659524605, 35.361650403787117 ] } },
{ "type": "Feature", "properties": { "内容": "横浜市豊田地域ケアプラザ【居宅介護支援】神奈川県横浜市栄区飯島町1368-10", "url": "https://www.kaigokensaku.mhlw.go.jp/14/index.php?action_kouhyou_detail_004_kani=true&JigyosyoCd=1473500039-00&ServiceCd=430&Type=search", "url2": "https://www.yokohamashakyo.jp/toyoda/index.html" }, "geometry": { "type": "Point", "coordinates": [ 139.539090399999964, 35.3751437 ] } },
{ "type": "Feature", "properties": { "内容": "横浜市中野地域ケアプラザ【居宅介護支援】神奈川県横浜市栄区中野町400番地2", "url": "https://www.kaigokensaku.mhlw.go.jp/14/index.php?action_kouhyou_detail_004_kani=true&JigyosyoCd=1473500047-00&ServiceCd=430&Type=search", "url2": "http://le-pli.jp/" }, "geometry": { "type": "Point", "coordinates": [ 139.567093900000032, 35.3646978 ] } },
{ "type": "Feature", "properties": { "内容": "横浜市桂台地域ケアプラザ【居宅介護支援】神奈川県横浜市栄区桂台中4-5", "url": "https://www.kaigokensaku.mhlw.go.jp/14/index.php?action_kouhyou_detail_004_kani=true&JigyosyoCd=1473500054-00&ServiceCd=430&Type=search", "url2": "https://www.houmon-no-ie.or.jp/cp-katuradai/index.php" }, "geometry": { "type": "Point", "coordinates": [ 139.564363599999979, 35.353152 ] } },
{ "type": "Feature", "properties": { "内容": "上郷苑【居宅介護支援】神奈川県横浜市栄区野七里1-36-1", "url": "https://www.kaigokensaku.mhlw.go.jp/14/index.php?action_kouhyou_detail_004_kani=true&JigyosyoCd=1473500062-00&ServiceCd=430&Type=search", "url2": "https://www.y-chojukai.or.jp/kamigou/homecare/" }, "geometry": { "type": "Point", "coordinates": [ 139.576368099999968, 35.3476832 ] } },
{ "type": "Feature", "properties": { "内容": "福祉クラブ生協オプティ栄【居宅介護支援】神奈川県横浜市栄区犬山町53-18", "url": "https://www.kaigokensaku.mhlw.go.jp/14/index.php?action_kouhyou_detail_004_kani=true&JigyosyoCd=1473500583-00&ServiceCd=430&Type=search", "url2": "http://www.fukushi-club.net/" }, "geometry": { "type": "Point", "coordinates": [ 139.571111044180299, 35.353147143355166 ] } },
{ "type": "Feature", "properties": { "内容": "居宅介護支援　地域サポート虹【居宅介護支援】神奈川県横浜市栄区桂町７４番１７号サンパレス本郷台１０７号", "url": "https://www.kaigokensaku.mhlw.go.jp/14/index.php?action_kouhyou_detail_004_kani=true&JigyosyoCd=1473500633-00&ServiceCd=430&Type=search", "url2": "https://www.chiiki-support-niji.com/niji_space/Kaigo/niji/n-niji.htm" }, "geometry": { "type": "Point", "coordinates": [ 139.549075899999906, 35.3624287 ] } },
{ "type": "Feature", "properties": { "内容": "居宅介護支援センター　MISONO【居宅介護支援】神奈川県横浜市栄区桂町675-7グランソレイユ１階", "url": "https://www.kaigokensaku.mhlw.go.jp/14/index.php?action_kouhyou_detail_004_kani=true&JigyosyoCd=1473500930-00&ServiceCd=430&Type=search", "url2": "http://kotokukai.or.jp/kyotaku/" }, "geometry": { "type": "Point", "coordinates": [ 139.55764517696835, 35.364920449164551 ] } },
{ "type": "Feature", "properties": { "内容": "横浜市福祉サービス協会　ケアマネステーション栄【居宅介護支援】神奈川県横浜市栄区桂町728-1セルディ本郷台　１階", "url": "https://www.kaigokensaku.mhlw.go.jp/14/index.php?action_kouhyou_detail_004_kani=true&JigyosyoCd=1473501383-00&ServiceCd=430&Type=search", "url2": "https://www.hama-wel.or.jp/branch/care_sakae/" }, "geometry": { "type": "Point", "coordinates": [ 139.5572231570778, 35.364702930222734 ] } },
{ "type": "Feature", "properties": { "内容": "介護支援サービス　はっぴー【居宅介護支援】神奈川県横浜市栄区庄戸1-23-6", "url": "https://www.kaigokensaku.mhlw.go.jp/14/index.php?action_kouhyou_detail_004_kani=true&JigyosyoCd=1473501490-00&ServiceCd=430&Type=search", "url2": null }, "geometry": { "type": "Point", "coordinates": [ 139.585595, 35.3549323 ] } },
{ "type": "Feature", "properties": { "内容": "横浜市本郷台駅前地域ケアプラザ【居宅介護支援】神奈川県横浜市栄区小菅ケ谷一丁目5番4号", "url": "https://www.kaigokensaku.mhlw.go.jp/14/index.php?action_kouhyou_detail_004_kani=true&JigyosyoCd=1473501680-00&ServiceCd=430&Type=search", "url2": "https://www.hama-wel.or.jp/branch/hongodaiekimae/" }, "geometry": { "type": "Point", "coordinates": [ 139.550919887583575, 35.365679507787689 ] } },
{ "type": "Feature", "properties": { "内容": "ルネサンス　ケアステーション戸塚【居宅介護支援】神奈川県横浜市栄区長沼町198", "url": "https://www.kaigokensaku.mhlw.go.jp/14/index.php?action_kouhyou_detail_004_kani=true&JigyosyoCd=1473501722-00&ServiceCd=430&Type=search", "url2": "https://www.s-re.jp/" }, "geometry": { "type": "Point", "coordinates": [ 139.53681, 35.3807224 ] } },
{ "type": "Feature", "properties": { "内容": "かいご相談センターはな笑み【居宅介護支援】神奈川県横浜市栄区上之町48番1号", "url": "https://www.kaigokensaku.mhlw.go.jp/14/index.php?action_kouhyou_detail_004_kani=true&JigyosyoCd=1473501755-00&ServiceCd=430&Type=search", "url2": null }, "geometry": { "type": "Point", "coordinates": [ 139.57685140000001, 35.3535868 ] } },
{ "type": "Feature", "properties": { "内容": "にこにこ訪問看護ステーション【居宅介護支援】神奈川県横浜市栄区小菅ヶ谷4-9-38グランシード田中102", "url": "https://www.kaigokensaku.mhlw.go.jp/14/index.php?action_kouhyou_detail_004_kani=true&JigyosyoCd=1463590031-00&ServiceCd=430&Type=search", "url2": "http://nikonikohoumonst.com" }, "geometry": { "type": "Point", "coordinates": [ 139.551246243516545, 35.374189590991904 ] } },
{ "type": "Feature", "properties": { "内容": "横浜市小菅ケ谷地域ケアプラザ【居宅介護支援】神奈川県横浜市栄区小菅ケ谷3-32-12", "url": "https://www.kaigokensaku.mhlw.go.jp/14/index.php?action_kouhyou_detail_004_kani=true&JigyosyoCd=1473500229-00&ServiceCd=430&Type=search", "url2": "http://www.hama-wel.or.jp/" }, "geometry": { "type": "Point", "coordinates": [ 139.5539867, 35.369308400000016 ] } },
{ "type": "Feature", "properties": { "内容": "ケアウェルサポート栄上郷【居宅介護支援】神奈川県横浜市栄区上郷町1220-16", "url": "https://www.kaigokensaku.mhlw.go.jp/14/index.php?action_kouhyou_detail_004_kani=true&JigyosyoCd=1473501052-00&ServiceCd=430&Type=search", "url2": "https://www.carewell.co.jp" }, "geometry": { "type": "Point", "coordinates": [ 139.580162200000018, 35.3553517 ] } },
{ "type": "Feature", "properties": { "内容": "介護支援センター　ほほ笑み【居宅介護支援】神奈川県横浜市栄区桂台西二丁目12番13号", "url": "https://www.kaigokensaku.mhlw.go.jp/14/index.php?action_kouhyou_detail_004_kani=true&JigyosyoCd=1473501110-00&ServiceCd=430&Type=search", "url2": "http://sukai-hohoemi.com/hohoemi-kyotaku/" }, "geometry": { "type": "Point", "coordinates": [ 139.563260327227738, 35.355436093073571 ] } },
{ "type": "Feature", "properties": { "内容": "医療法人社団協友会リハビリポート横浜　指定居宅介護支援事業所【居宅介護支援】神奈川県横浜市栄区公田町1050-2介護老人保健施設　リハビリポート横浜", "url": "https://www.kaigokensaku.mhlw.go.jp/14/index.php?action_kouhyou_detail_004_kani=true&JigyosyoCd=1473501375-00&ServiceCd=430&Type=search", "url2": "https://rp-yokohama.jp/" }, "geometry": { "type": "Point", "coordinates": [ 139.561780499999941, 35.3499079 ] } },
{ "type": "Feature", "properties": { "内容": "SOMPOケア　横浜本郷台　居宅介護支援【居宅介護支援】神奈川県横浜市栄区小菅ヶ谷1‐22‐5", "url": "https://www.kaigokensaku.mhlw.go.jp/14/index.php?action_kouhyou_detail_004_kani=true&JigyosyoCd=1473501813-00&ServiceCd=430&Type=search", "url2": "https://www.sompocare.com" }, "geometry": { "type": "Point", "coordinates": [ 139.5449797, 35.3648936 ] } },
{ "type": "Feature", "properties": { "内容": "横浜市野七里地域ケアプラザ【居宅介護支援】神奈川県横浜市栄区野七里1-2-31", "url": "https://www.kaigokensaku.mhlw.go.jp/14/index.php?action_kouhyou_detail_004_kani=true&JigyosyoCd=1473500856-00&ServiceCd=430&Type=search", "url2": "https://www.shinkoufukushikai.com/care/192/" }, "geometry": { "type": "Point", "coordinates": [ 139.576687499999906, 35.3492275 ] } },
{ "type": "Feature", "properties": { "内容": "居宅介護支援事業所　さなか【居宅介護支援】神奈川県横浜市栄区飯島町2180須藤ハイツ102号", "url": "https://www.kaigokensaku.mhlw.go.jp/14/index.php?action_kouhyou_detail_004_kani=true&JigyosyoCd=1473501763-00&ServiceCd=430&Type=search", "url2": "https://www.sanaka2023.com" }, "geometry": { "type": "Point", "coordinates": [ 139.541874728888018, 35.370567855538539 ] } },
{ "type": "Feature", "properties": { "内容": "サン・ケアプラン栄【居宅介護支援】神奈川県横浜市栄区犬山町70－14", "url": "https://www.kaigokensaku.mhlw.go.jp/14/index.php?action_kouhyou_detail_004_kani=true&JigyosyoCd=1473500971-00&ServiceCd=430&Type=search", "url2": null }, "geometry": { "type": "Point", "coordinates": [ 139.541515300000043, 35.370322200000011 ] } },
{ "type": "Feature", "properties": { "内容": "Villa立場はぎまる介護支援相談センター【居宅介護支援】神奈川県横浜市泉区中田西1-20-1Villa立場はぎまる", "url": "https://www.kaigokensaku.mhlw.go.jp/14/index.php?action_kouhyou_detail_004_kani=true&JigyosyoCd=1473602678-00&ServiceCd=430&Type=search", "url2": null }, "geometry": { "type": "Point", "coordinates": [ 139.501544288360606, 35.407629083837335 ] } },
{ "type": "Feature", "properties": { "内容": "ともろー訪問看護ステーション　弥生台【居宅介護支援】神奈川県横浜市泉区弥生台55-55", "url": "https://www.kaigokensaku.mhlw.go.jp/14/index.php?action_kouhyou_detail_004_kani=true&JigyosyoCd=1463690047-00&ServiceCd=430&Type=search", "url2": "http://www.keiseikai-med.jp/group/houmon/care.html" }, "geometry": { "type": "Point", "coordinates": [ 139.503479199999987, 35.4260839 ] } },
{ "type": "Feature", "properties": { "内容": "居宅介護支援センター　希望苑【居宅介護支援】神奈川県横浜市泉区池の谷3901-1", "url": "https://www.kaigokensaku.mhlw.go.jp/14/index.php?action_kouhyou_detail_004_kani=true&JigyosyoCd=1473600045-00&ServiceCd=430&Type=search", "url2": "https://www.yokohama-kibouen.com/" }, "geometry": { "type": "Point", "coordinates": [ 139.519097200000033, 35.4486312 ] } },
{ "type": "Feature", "properties": { "内容": "横浜市上飯田地域ケアプラザ【居宅介護支援】神奈川県横浜市泉区上飯田町1338－１", "url": "https://www.kaigokensaku.mhlw.go.jp/14/index.php?action_kouhyou_detail_004_kani=true&JigyosyoCd=1473600052-00&ServiceCd=430&Type=search", "url2": "http://www.kamiiida.sakuraweb.com/care/" }, "geometry": { "type": "Point", "coordinates": [ 139.478903299999956, 35.4203511 ] } },
{ "type": "Feature", "properties": { "内容": "横浜市下和泉地域ケアプラザ【居宅介護支援】神奈川県横浜市泉区和泉が丘一丁目26番1号", "url": "https://www.kaigokensaku.mhlw.go.jp/14/index.php?action_kouhyou_detail_004_kani=true&JigyosyoCd=1473600060-00&ServiceCd=430&Type=search", "url2": "https://www.yokohamashakyo.jp/shimoizumi/" }, "geometry": { "type": "Point", "coordinates": [ 139.495456925794997, 35.4033006151245 ] } },
{ "type": "Feature", "properties": { "内容": "横浜市踊場地域ケアプラザ【居宅介護支援】神奈川県横浜市泉区中田東１－４－６", "url": "https://www.kaigokensaku.mhlw.go.jp/14/index.php?action_kouhyou_detail_004_kani=true&JigyosyoCd=1473600078-00&ServiceCd=430&Type=search", "url2": "https://kyosaikai.jp" }, "geometry": { "type": "Point", "coordinates": [ 139.5182251, 35.4061807 ] } },
{ "type": "Feature", "properties": { "内容": "特別養護老人ホーム相生荘【居宅介護支援】神奈川県横浜市泉区新橋町1805", "url": "https://www.kaigokensaku.mhlw.go.jp/14/index.php?action_kouhyou_detail_004_kani=true&JigyosyoCd=1473600151-00&ServiceCd=430&Type=search", "url2": "http://www.aioisou.com/" }, "geometry": { "type": "Point", "coordinates": [ 139.5108646, 35.44154039999998 ] } },
{ "type": "Feature", "properties": { "内容": "特別養護老人ホーム　いずみ芙蓉苑【居宅介護支援】神奈川県横浜市泉区上飯田町４６３１", "url": "https://www.kaigokensaku.mhlw.go.jp/14/index.php?action_kouhyou_detail_004_kani=true&JigyosyoCd=1473600177-00&ServiceCd=430&Type=search", "url2": "http://www.shafuku-doujinkai.or.jp/" }, "geometry": { "type": "Point", "coordinates": [ 139.480978099999987, 35.4417457 ] } },
{ "type": "Feature", "properties": { "内容": "しんぜんケアプランセンター【居宅介護支援】神奈川県横浜市泉区西が岡1-29-1", "url": "https://www.kaigokensaku.mhlw.go.jp/14/index.php?action_kouhyou_detail_004_kani=true&JigyosyoCd=1473600201-00&ServiceCd=430&Type=search", "url2": "https://www.shinzen-fukushi.jp/" }, "geometry": { "type": "Point", "coordinates": [ 139.5122861276474, 35.422391330159769 ] } },
{ "type": "Feature", "properties": { "内容": "横浜市いずみ中央地域ケアプラザ【居宅介護支援】神奈川県横浜市泉区和泉中央北５－１４－１", "url": "https://www.kaigokensaku.mhlw.go.jp/14/index.php?action_kouhyou_detail_004_kani=true&JigyosyoCd=1473600383-00&ServiceCd=430&Type=search", "url2": "http://www.hama-wel.or.jp/office/izumityuuou/" }, "geometry": { "type": "Point", "coordinates": [ 139.485839, 35.417396 ] } },
{ "type": "Feature", "properties": { "内容": "居宅介護支援センター　天王森の郷【居宅介護支援】神奈川県横浜市泉区和泉町７３３", "url": "https://www.kaigokensaku.mhlw.go.jp/14/index.php?action_kouhyou_detail_004_kani=true&JigyosyoCd=1473600490-00&ServiceCd=430&Type=search", "url2": "https://tenmori733.jp/pc/" }, "geometry": { "type": "Point", "coordinates": [ 139.487612684655772, 35.396213240474182 ] } },
{ "type": "Feature", "properties": { "内容": "特定非営利活動法人だんだんの樹【居宅介護支援】神奈川県横浜市泉区弥生台27-2", "url": "https://www.kaigokensaku.mhlw.go.jp/14/index.php?action_kouhyou_detail_004_kani=true&JigyosyoCd=1473600508-00&ServiceCd=430&Type=search", "url2": "https://dandannoki.com/" }, "geometry": { "type": "Point", "coordinates": [ 139.508476, 35.4268588 ] } },
{ "type": "Feature", "properties": { "内容": "たすけあい泉ケアデザインセンター居宅介護支援事業所【居宅介護支援】神奈川県横浜市泉区中田南３－２４－９", "url": "https://www.kaigokensaku.mhlw.go.jp/14/index.php?action_kouhyou_detail_004_kani=true&JigyosyoCd=1473600714-00&ServiceCd=430&Type=search", "url2": "https://tasukeai-izumi.net" }, "geometry": { "type": "Point", "coordinates": [ 139.508998099999985, 35.4078667 ] } },
{ "type": "Feature", "properties": { "内容": "居宅介護支援銀河ステーション【居宅介護支援】神奈川県横浜市泉区中田南3-6-1希光ビル302", "url": "https://www.kaigokensaku.mhlw.go.jp/14/index.php?action_kouhyou_detail_004_kani=true&JigyosyoCd=1473600789-00&ServiceCd=430&Type=search", "url2": null }, "geometry": { "type": "Point", "coordinates": [ 139.51032859999998, 35.4114023 ] } },
{ "type": "Feature", "properties": { "内容": "あおぞらステーション【居宅介護支援】神奈川県横浜市泉区中田南３－６－４１Ｆ", "url": "https://www.kaigokensaku.mhlw.go.jp/14/index.php?action_kouhyou_detail_004_kani=true&JigyosyoCd=1473600862-00&ServiceCd=430&Type=search", "url2": "https://www.st-aozora.com/" }, "geometry": { "type": "Point", "coordinates": [ 139.510561899999971, 35.4113107 ] } },
{ "type": "Feature", "properties": { "内容": "泉ケアリング【居宅介護支援】神奈川県横浜市泉区和泉中央南二丁目2番3長後ダイヤモンドマンション　306号", "url": "https://www.kaigokensaku.mhlw.go.jp/14/index.php?action_kouhyou_detail_004_kani=true&JigyosyoCd=1473601324-00&ServiceCd=430&Type=search", "url2": "http://kounancare.com/izumi/index.html" }, "geometry": { "type": "Point", "coordinates": [ 139.496578118524212, 35.414809853064071 ] } },
{ "type": "Feature", "properties": { "内容": "ハートケアいずみ居宅介護支援センター【居宅介護支援】神奈川県横浜市泉区和泉町７３１５－７４階", "url": "https://www.kaigokensaku.mhlw.go.jp/14/index.php?action_kouhyou_detail_004_kani=true&JigyosyoCd=1473601852-00&ServiceCd=430&Type=search", "url2": "https://izumidai.net/hckyotaku" }, "geometry": { "type": "Point", "coordinates": [ 139.484713055819697, 35.44212237040076 ] } },
{ "type": "Feature", "properties": { "内容": "居宅介護支援事業所横浜敬寿園【居宅介護支援】神奈川県横浜市泉区和泉町5019-1", "url": "https://www.kaigokensaku.mhlw.go.jp/14/index.php?action_kouhyou_detail_004_kani=true&JigyosyoCd=1473602108-00&ServiceCd=430&Type=search", "url2": "https://keijuen.or.jp/yokohama/" }, "geometry": { "type": "Point", "coordinates": [ 139.487825, 35.42506740000001 ] } },
{ "type": "Feature", "properties": { "内容": "横浜市いずみ野地域ケアプラザ【居宅介護支援】神奈川県横浜市泉区和泉町6214-1相鉄いずみ野駅北口ビル２F", "url": "https://www.kaigokensaku.mhlw.go.jp/14/index.php?action_kouhyou_detail_004_kani=true&JigyosyoCd=1473602132-00&ServiceCd=430&Type=search", "url2": "http://www.hama-wel.or.jp/office/izumino/" }, "geometry": { "type": "Point", "coordinates": [ 139.495459286508208, 35.430728395023607 ] } },
{ "type": "Feature", "properties": { "内容": "横浜市岡津地域ケアプラザ【居宅介護支援】神奈川県横浜市泉区岡津町1228番地3", "url": "https://www.kaigokensaku.mhlw.go.jp/14/index.php?action_kouhyou_detail_004_kani=true&JigyosyoCd=1473602330-00&ServiceCd=430&Type=search", "url2": "https://i-seikoukai.or.jp/" }, "geometry": { "type": "Point", "coordinates": [ 139.518937604893495, 35.421892731639751 ] } },
{ "type": "Feature", "properties": { "内容": "泉の郷居宅介護支援【居宅介護支援】神奈川県横浜市泉区上飯田町2079-1新ステージビル", "url": "https://www.kaigokensaku.mhlw.go.jp/14/index.php?action_kouhyou_detail_004_kani=true&JigyosyoCd=1473602397-00&ServiceCd=430&Type=search", "url2": "http://www.seikoukai.info" }, "geometry": { "type": "Point", "coordinates": [ 139.48408280000001, 35.4237282 ] } },
{ "type": "Feature", "properties": { "内容": "横浜市泉区医師会居宅介護支援センター【居宅介護支援】神奈川県横浜市泉区和泉中央北５丁目１番５号", "url": "https://www.kaigokensaku.mhlw.go.jp/14/index.php?action_kouhyou_detail_004_kani=true&JigyosyoCd=1473602405-00&ServiceCd=430&Type=search", "url2": "https://zaitaku.izumiku-med.org/homecare.html" }, "geometry": { "type": "Point", "coordinates": [ 139.489392286597763, 35.419068464384203 ] } },
{ "type": "Feature", "properties": { "内容": "生活維持向上倶楽部「栞」【居宅介護支援】神奈川県横浜市泉区中田東２－３－２５ブルージュ１階", "url": "https://www.kaigokensaku.mhlw.go.jp/14/index.php?action_kouhyou_detail_004_kani=true&JigyosyoCd=1473602496-00&ServiceCd=430&Type=search", "url2": "https://ngup.jp/" }, "geometry": { "type": "Point", "coordinates": [ 139.512453365398386, 35.41204181881367 ] } },
{ "type": "Feature", "properties": { "内容": "ケアウェルサポートいずみ【居宅介護支援】神奈川県横浜市泉区和泉中央北4-30-7それいゆ泉1階", "url": "https://www.kaigokensaku.mhlw.go.jp/14/index.php?action_kouhyou_detail_004_kani=true&JigyosyoCd=1473602561-00&ServiceCd=430&Type=search", "url2": "https://www.carewell.co.jp/service/homenursing" }, "geometry": { "type": "Point", "coordinates": [ 139.4888613, 35.4169496 ] } },
{ "type": "Feature", "properties": { "内容": "ケアプランさとわ【居宅介護支援】神奈川県横浜市泉区白百合三丁目１４番２号", "url": "https://www.kaigokensaku.mhlw.go.jp/14/index.php?action_kouhyou_detail_004_kani=true&JigyosyoCd=1473602579-00&ServiceCd=430&Type=search", "url2": null }, "geometry": { "type": "Point", "coordinates": [ 139.516726299999988, 35.418586 ] } },
{ "type": "Feature", "properties": { "内容": "介護老人保健施設　ゆめが丘【居宅介護支援】神奈川県横浜市泉区和泉町１２０２", "url": "https://www.kaigokensaku.mhlw.go.jp/14/index.php?action_kouhyou_detail_004_kani=true&JigyosyoCd=1453680071-00&ServiceCd=430&Type=search", "url2": "https://www.rou-yumegaoka.jp/" }, "geometry": { "type": "Point", "coordinates": [ 139.486547800000011, 35.3994631 ] } },
{ "type": "Feature", "properties": { "内容": "ケアセンターいちえ居宅介護支援事業所【居宅介護支援】神奈川県横浜市泉区中田東1-1-25いずみ野踊場ビル　２F", "url": "https://www.kaigokensaku.mhlw.go.jp/14/index.php?action_kouhyou_detail_004_kani=true&JigyosyoCd=1473602769-00&ServiceCd=430&Type=search", "url2": "https://www.ichi-e.info" }, "geometry": { "type": "Point", "coordinates": [ 139.5191125, 35.4054833 ] } },
{ "type": "Feature", "properties": { "内容": "ケアプランセンターひとえ【居宅介護支援】神奈川県横浜市泉区和泉中央北1丁目23-28サンハイム101号", "url": "https://www.kaigokensaku.mhlw.go.jp/14/index.php?action_kouhyou_detail_004_kani=true&JigyosyoCd=1473602777-00&ServiceCd=430&Type=search", "url2": null }, "geometry": { "type": "Point", "coordinates": [ 139.496141900000026, 35.4208816 ] } },
{ "type": "Feature", "properties": { "内容": "花の生活館介護保険センター【居宅介護支援】神奈川県横浜市泉区弥生台13-4横山ビル202", "url": "https://www.kaigokensaku.mhlw.go.jp/14/index.php?action_kouhyou_detail_004_kani=true&JigyosyoCd=1473600292-00&ServiceCd=430&Type=search", "url2": "https://shuhokai.or.jp/office/izumi-ku/cm-hanakan.php" }, "geometry": { "type": "Point", "coordinates": [ 139.50658169999997, 35.428217 ] } },
{ "type": "Feature", "properties": { "内容": "ケアセンター　メヌエット【居宅介護支援】神奈川県横浜市泉区緑園２－７－１１", "url": "https://www.kaigokensaku.mhlw.go.jp/14/index.php?action_kouhyou_detail_004_kani=true&JigyosyoCd=1473600631-00&ServiceCd=430&Type=search", "url2": "https://24old.crayonsite.info/" }, "geometry": { "type": "Point", "coordinates": [ 139.5188, 35.4381075 ] } },
{ "type": "Feature", "properties": { "内容": "むつみ在宅介護【居宅介護支援】神奈川県横浜市泉区上飯田2468-12F", "url": "https://www.kaigokensaku.mhlw.go.jp/14/index.php?action_kouhyou_detail_004_kani=true&JigyosyoCd=1473601167-00&ServiceCd=430&Type=search", "url2": "https://www.regiol.co.jp/" }, "geometry": { "type": "Point", "coordinates": [ 139.479445, 35.4252505 ] } },
{ "type": "Feature", "properties": { "内容": "セントケア横浜泉【居宅介護支援】神奈川県横浜市泉区和泉中央南4-1-1ストリームプラザ2C", "url": "https://www.kaigokensaku.mhlw.go.jp/14/index.php?action_kouhyou_detail_004_kani=true&JigyosyoCd=1473601225-00&ServiceCd=430&Type=search", "url2": "https://www.saintc-k.com/" }, "geometry": { "type": "Point", "coordinates": [ 139.488122200000021, 35.4165962 ] } },
{ "type": "Feature", "properties": { "内容": "横浜市福祉サービス協会　ヘルパーステーション泉【居宅介護支援】神奈川県横浜市泉区和泉中央南4-1-3武藤ビル２階", "url": "https://www.kaigokensaku.mhlw.go.jp/14/index.php?action_kouhyou_detail_004_kani=true&JigyosyoCd=1473601399-00&ServiceCd=430&Type=search", "url2": "https://www.hama-wel.or.jp/branch/detail/hps_izumi/" }, "geometry": { "type": "Point", "coordinates": [ 139.488369400000011, 35.41671 ] } },
{ "type": "Feature", "properties": { "内容": "横浜市新橋地域ケアプラザ【居宅介護支援】神奈川県横浜市泉区新橋町33-1", "url": "https://www.kaigokensaku.mhlw.go.jp/14/index.php?action_kouhyou_detail_004_kani=true&JigyosyoCd=1473601449-00&ServiceCd=430&Type=search", "url2": "http://www.hirakukaicp.or.jp/" }, "geometry": { "type": "Point", "coordinates": [ 139.517522399999962, 35.4312555 ] } },
{ "type": "Feature", "properties": { "内容": "花みずき居宅介護支援事業所【居宅介護支援】神奈川県横浜市泉区西が岡2-26-19", "url": "https://www.kaigokensaku.mhlw.go.jp/14/index.php?action_kouhyou_detail_004_kani=true&JigyosyoCd=1473602025-00&ServiceCd=430&Type=search", "url2": null }, "geometry": { "type": "Point", "coordinates": [ 139.517514, 35.4212345 ] } },
{ "type": "Feature", "properties": { "内容": "介護相談センター　ひとはな　いずみ【居宅介護支援】神奈川県横浜市泉区和泉中央南3丁目7-9横山電器ビル1階", "url": "https://www.kaigokensaku.mhlw.go.jp/14/index.php?action_kouhyou_detail_004_kani=true&JigyosyoCd=1473602223-00&ServiceCd=430&Type=search", "url2": "https://hitohana.co.jp/cmizumi.html" }, "geometry": { "type": "Point", "coordinates": [ 139.495230080611833, 35.415141635931001 ] } },
{ "type": "Feature", "properties": { "内容": "ぐらんまケアマネステーション【居宅介護支援】神奈川県横浜市泉区和泉町7566ガーデンプレイス弐番館206号", "url": "https://www.kaigokensaku.mhlw.go.jp/14/index.php?action_kouhyou_detail_004_kani=true&JigyosyoCd=1473602603-00&ServiceCd=430&Type=search", "url2": null }, "geometry": { "type": "Point", "coordinates": [ 139.4900369, 35.440251 ] } },
{ "type": "Feature", "properties": { "内容": "居宅介護支援事業所すずかぜ　いずみ【居宅介護支援】神奈川県横浜市泉区弥生台25-1弥生台石川ビル303", "url": "https://www.kaigokensaku.mhlw.go.jp/14/index.php?action_kouhyou_detail_004_kani=true&JigyosyoCd=1473602652-00&ServiceCd=430&Type=search", "url2": "https://suzukaze-yokohama.jp/company/" }, "geometry": { "type": "Point", "coordinates": [ 139.507002, 35.4282005 ] } },
{ "type": "Feature", "properties": { "内容": "愛ケアステーション【居宅介護支援】神奈川県横浜市泉区和泉町7413-7", "url": "https://www.kaigokensaku.mhlw.go.jp/14/index.php?action_kouhyou_detail_004_kani=true&JigyosyoCd=1473601456-00&ServiceCd=430&Type=search", "url2": "http://ai-station.info/" }, "geometry": { "type": "Point", "coordinates": [ 139.486907503782618, 35.440098449548834 ] } },
{ "type": "Feature", "properties": { "内容": "あざみ野ケアサービス【居宅介護支援】横浜市青葉区あざみ野3－2－15－101", "url": "https://www.kaigokensaku.mhlw.go.jp/14/index.php?action_kouhyou_detail_004_kani=true&JigyosyoCd=1473702320-00&ServiceCd=430&Type=search", "url2": null }, "geometry": { "type": "Point", "coordinates": [ 139.540668392491995, 35.5702397801061 ] } },
{ "type": "Feature", "properties": { "内容": "居宅介護支援　テンアント【居宅介護支援】神奈川県横浜市青葉区黒須田24-42階", "url": "https://www.kaigokensaku.mhlw.go.jp/14/index.php?action_kouhyou_detail_004_kani=true&JigyosyoCd=1473704656-00&ServiceCd=430&Type=search", "url2": null }, "geometry": { "type": "Point", "coordinates": [ 139.5304032, 35.5712542 ] } },
{ "type": "Feature", "properties": { "内容": "そらりす居宅介護支援事業所【居宅介護支援】神奈川県横浜市青葉区たちばな台１－３－８", "url": "https://www.kaigokensaku.mhlw.go.jp/14/index.php?action_kouhyou_detail_004_kani=true&JigyosyoCd=1473704664-00&ServiceCd=430&Type=search", "url2": null }, "geometry": { "type": "Point", "coordinates": [ 139.5156811, 35.5541241 ] } },
{ "type": "Feature", "properties": { "内容": "ミライリハケアプラン青葉【居宅介護支援】神奈川県横浜市青葉区元石川町3712-11ファボールあざみ野101号室", "url": "https://www.kaigokensaku.mhlw.go.jp/14/index.php?action_kouhyou_detail_004_kani=true&JigyosyoCd=1473704672-00&ServiceCd=430&Type=search", "url2": "https://mirairiha-aoba.com" }, "geometry": { "type": "Point", "coordinates": [ 139.545706959524523, 35.577349347815719 ] } },
{ "type": "Feature", "properties": { "内容": "つながりケアプランニング【居宅介護支援】神奈川県横浜市青葉区すみよし台27番地20", "url": "https://www.kaigokensaku.mhlw.go.jp/14/index.php?action_kouhyou_detail_004_kani=true&JigyosyoCd=1473704706-00&ServiceCd=430&Type=search", "url2": "https://tsunagari-group.com/kyotakukaigo" }, "geometry": { "type": "Point", "coordinates": [ 139.491338399999989, 35.5534583 ] } },
{ "type": "Feature", "properties": { "内容": "脇田整形外科【居宅介護支援】神奈川県横浜市青葉区あざみ野２－９－１１サンサーラあざみ野ビル４階", "url": "https://www.kaigokensaku.mhlw.go.jp/14/index.php?action_kouhyou_detail_004_kani=true&JigyosyoCd=1413305083-00&ServiceCd=430&Type=search", "url2": "http://www.wakitaseikeigeka.com" }, "geometry": { "type": "Point", "coordinates": [ 139.552350499999989, 35.5680113 ] } },
{ "type": "Feature", "properties": { "内容": "あおば整形外科【居宅介護支援】神奈川県横浜市青葉区しらとり台１－１２グリーングラスビル4階", "url": "https://www.kaigokensaku.mhlw.go.jp/14/index.php?action_kouhyou_detail_004_kani=true&JigyosyoCd=1413702263-00&ServiceCd=430&Type=search", "url2": null }, "geometry": { "type": "Point", "coordinates": [ 139.516479299999986, 35.538989 ] } },
{ "type": "Feature", "properties": { "内容": "医療法人社団晃進会訪問看護ステーションよろこび【居宅介護支援】神奈川県横浜市青葉区美しが丘西3丁目64番地10メゾンベールたまプラーザ101号", "url": "https://www.kaigokensaku.mhlw.go.jp/14/index.php?action_kouhyou_detail_004_kani=true&JigyosyoCd=1463790045-00&ServiceCd=430&Type=search", "url2": "https://houmon-yorokobi.com" }, "geometry": { "type": "Point", "coordinates": [ 139.532507901331655, 35.587775048720637 ] } },
{ "type": "Feature", "properties": { "内容": "奈良地域ケアプラザ【居宅介護支援】神奈川県横浜市青葉区奈良町1757-3", "url": "https://www.kaigokensaku.mhlw.go.jp/14/index.php?action_kouhyou_detail_004_kani=true&JigyosyoCd=1473700019-00&ServiceCd=430&Type=search", "url2": "https://le-pli.jp" }, "geometry": { "type": "Point", "coordinates": [ 139.478062499999965, 35.5660754 ] } },
{ "type": "Feature", "properties": { "内容": "緑の郷【居宅介護支援】神奈川県横浜市青葉区鉄町2075番地3", "url": "https://www.kaigokensaku.mhlw.go.jp/14/index.php?action_kouhyou_detail_004_kani=true&JigyosyoCd=1473700027-00&ServiceCd=430&Type=search", "url2": "https://ryokuseikai-yokohama.jp" }, "geometry": { "type": "Point", "coordinates": [ 139.526460400000019, 35.5695631 ] } },
{ "type": "Feature", "properties": { "内容": "横浜市荏田地域ケアプラザ【居宅介護支援】神奈川県横浜市青葉区荏田町494-7", "url": "https://www.kaigokensaku.mhlw.go.jp/14/index.php?action_kouhyou_detail_004_kani=true&JigyosyoCd=1473700035-00&ServiceCd=430&Type=search", "url2": "https://www.yokohamashakyo.jp/eda" }, "geometry": { "type": "Point", "coordinates": [ 139.561922301852377, 35.559991711942551 ] } },
{ "type": "Feature", "properties": { "内容": "やさしい手　あざみ野居宅介護支援事業所【居宅介護支援】神奈川県横浜市青葉区美しが丘５－３５－２インペリアルＭビル４０７", "url": "https://www.kaigokensaku.mhlw.go.jp/14/index.php?action_kouhyou_detail_004_kani=true&JigyosyoCd=1473700092-00&ServiceCd=430&Type=search", "url2": "https://www.yasashiite.com" }, "geometry": { "type": "Point", "coordinates": [ 139.5530698, 35.5714664 ] } },
{ "type": "Feature", "properties": { "内容": "横浜市さつきが丘地域ケアプラザ【居宅介護支援】神奈川県横浜市青葉区さつきが丘12-1", "url": "https://www.kaigokensaku.mhlw.go.jp/14/index.php?action_kouhyou_detail_004_kani=true&JigyosyoCd=1473700126-00&ServiceCd=430&Type=search", "url2": "https://midorifukushikai.or.jp/facility/satsuki/" }, "geometry": { "type": "Point", "coordinates": [ 139.522390399999949, 35.533371 ] } },
{ "type": "Feature", "properties": { "内容": "コープケアサポートセンター青葉【居宅介護支援】神奈川県横浜市青葉区荏田西２－１４－３ハーモス荏田２階", "url": "https://www.kaigokensaku.mhlw.go.jp/14/index.php?action_kouhyou_detail_004_kani=true&JigyosyoCd=1473700134-00&ServiceCd=430&Type=search", "url2": "http://www.ucoop.or.jp" }, "geometry": { "type": "Point", "coordinates": [ 139.55437029999996, 35.5554795 ] } },
{ "type": "Feature", "properties": { "内容": "有限会社　シーガルケアサービス【居宅介護支援】神奈川県横浜市青葉区市ヶ尾町524-12ﾛｻﾌﾞﾗﾝｶ102", "url": "https://www.kaigokensaku.mhlw.go.jp/14/index.php?action_kouhyou_detail_004_kani=true&JigyosyoCd=1473700480-00&ServiceCd=430&Type=search", "url2": null }, "geometry": { "type": "Point", "coordinates": [ 139.543572284794664, 35.543936911950361 ] } },
{ "type": "Feature", "properties": { "内容": "横浜市美しが丘地域ケアプラザ【居宅介護支援】神奈川県横浜市青葉区美しが丘４－３２－７", "url": "https://www.kaigokensaku.mhlw.go.jp/14/index.php?action_kouhyou_detail_004_kani=true&JigyosyoCd=1473700506-00&ServiceCd=430&Type=search", "url2": "http://www.midorinosato.or.jp/plaza/about/" }, "geometry": { "type": "Point", "coordinates": [ 139.5489361, 35.5820536 ] } },
{ "type": "Feature", "properties": { "内容": "横浜市大場地域ケアプラザ【居宅介護支援】神奈川県横浜市青葉区大場町３８３番地の３", "url": "https://www.kaigokensaku.mhlw.go.jp/14/index.php?action_kouhyou_detail_004_kani=true&JigyosyoCd=1473700522-00&ServiceCd=430&Type=search", "url2": "http://www.hama-wel.or.jp/office/ooba/" }, "geometry": { "type": "Point", "coordinates": [ 139.538135, 35.5629726 ] } },
{ "type": "Feature", "properties": { "内容": "あおば居宅介護支援事業所【居宅介護支援】神奈川県横浜市青葉区元石川町6568番地介護老人保健施設青葉の丘内", "url": "https://www.kaigokensaku.mhlw.go.jp/14/index.php?action_kouhyou_detail_004_kani=true&JigyosyoCd=1473700712-00&ServiceCd=430&Type=search", "url2": null }, "geometry": { "type": "Point", "coordinates": [ 139.537598844180394, 35.58358606945383 ] } },
{ "type": "Feature", "properties": { "内容": "ユニバーサルケア介護保険センター【居宅介護支援】神奈川県横浜市青葉区奈良5-1-10プリマベーラ参番館203", "url": "https://www.kaigokensaku.mhlw.go.jp/14/index.php?action_kouhyou_detail_004_kani=true&JigyosyoCd=1473701249-00&ServiceCd=430&Type=search", "url2": "http://www.universal-care.co.jp/" }, "geometry": { "type": "Point", "coordinates": [ 139.485904099999971, 35.5583434 ] } },
{ "type": "Feature", "properties": { "内容": "希【居宅介護支援】神奈川県横浜市青葉区荏田町111-1Ｔ’ｓgardenあざみ野1F", "url": "https://www.kaigokensaku.mhlw.go.jp/14/index.php?action_kouhyou_detail_004_kani=true&JigyosyoCd=1473701728-00&ServiceCd=430&Type=search", "url2": "https://www.socius-mc.com/service/homecare/index.html#modal-homes" }, "geometry": { "type": "Point", "coordinates": [ 139.56444360341041, 35.566617887421351 ] } },
{ "type": "Feature", "properties": { "内容": "セントケアサポート青葉【居宅介護支援】神奈川県横浜市青葉区市ケ尾町529-4第一小吹ビル104", "url": "https://www.kaigokensaku.mhlw.go.jp/14/index.php?action_kouhyou_detail_004_kani=true&JigyosyoCd=1473701744-00&ServiceCd=430&Type=search", "url2": "http:/www.csas.co.jp" }, "geometry": { "type": "Point", "coordinates": [ 139.544830226042222, 35.544473437096102 ] } },
{ "type": "Feature", "properties": { "内容": "居宅介護支援プレシャスボックス【居宅介護支援】神奈川県横浜市青葉区新石川2-10-29", "url": "https://www.kaigokensaku.mhlw.go.jp/14/index.php?action_kouhyou_detail_004_kani=true&JigyosyoCd=1473701769-00&ServiceCd=430&Type=search", "url2": null }, "geometry": { "type": "Point", "coordinates": [ 139.559105300000027, 35.5737855 ] } },
{ "type": "Feature", "properties": { "内容": "グループたすけあい居宅介護支援事業所【居宅介護支援】神奈川県横浜市青葉区市ヶ尾町1062-5グランドハイツ森302", "url": "https://www.kaigokensaku.mhlw.go.jp/14/index.php?action_kouhyou_detail_004_kani=true&JigyosyoCd=1473701801-00&ServiceCd=430&Type=search", "url2": "http://www.tasukeai.server-shared.com/~3317/index.html" }, "geometry": { "type": "Point", "coordinates": [ 139.541613, 35.5508715 ] } },
{ "type": "Feature", "properties": { "内容": "ビオラ市ケ尾地域ケアプラザ居宅介護支援事業所【居宅介護支援】神奈川県横浜市青葉区市ケ尾町２５－６", "url": "https://www.kaigokensaku.mhlw.go.jp/14/index.php?action_kouhyou_detail_004_kani=true&JigyosyoCd=1473701850-00&ServiceCd=430&Type=search", "url2": "https://nakagawa-tokushokai.com/" }, "geometry": { "type": "Point", "coordinates": [ 139.538535599999932, 35.5492551 ] } },
{ "type": "Feature", "properties": { "内容": "ゆい青葉　居宅介護支援【居宅介護支援】神奈川県横浜市青葉区荏田町1286番地１りんく荏田アネックス１階", "url": "https://www.kaigokensaku.mhlw.go.jp/14/index.php?action_kouhyou_detail_004_kani=true&JigyosyoCd=1473702130-00&ServiceCd=430&Type=search", "url2": "http://www.welfare-yui.com/" }, "geometry": { "type": "Point", "coordinates": [ 139.555389775046137, 35.55938700016231 ] } },
{ "type": "Feature", "properties": { "内容": "青葉台地域ケアプラザ【居宅介護支援】神奈川県横浜市青葉区青葉台2-8-22", "url": "https://www.kaigokensaku.mhlw.go.jp/14/index.php?action_kouhyou_detail_004_kani=true&JigyosyoCd=1473702221-00&ServiceCd=430&Type=search", "url2": "http://www.le-pli.jp" }, "geometry": { "type": "Point", "coordinates": [ 139.514273499999945, 35.5443157 ] } },
{ "type": "Feature", "properties": { "内容": "青葉の大地　介護保険センター【居宅介護支援】神奈川県横浜市青葉区しらとり台1-7ヴァンテアンビル3階", "url": "https://www.kaigokensaku.mhlw.go.jp/14/index.php?action_kouhyou_detail_004_kani=true&JigyosyoCd=1473702270-00&ServiceCd=430&Type=search", "url2": "https://shuhokai.or.jp/office/aoba-ku/cm-aoba.php" }, "geometry": { "type": "Point", "coordinates": [ 139.516571, 35.5394861 ] } },
{ "type": "Feature", "properties": { "内容": "医療法人社団一成会　たちばな台クリニック【居宅介護支援】神奈川県横浜市青葉区たちばな台2-7-1", "url": "https://www.kaigokensaku.mhlw.go.jp/14/index.php?action_kouhyou_detail_004_kani=true&JigyosyoCd=1473702288-00&ServiceCd=430&Type=search", "url2": "https://tachibanadai-clinic.jp/inhome-care/" }, "geometry": { "type": "Point", "coordinates": [ 139.513659, 35.5545641 ] } },
{ "type": "Feature", "properties": { "内容": "横浜市恩田地域ケアプラザ【居宅介護支援】神奈川県横浜市青葉区あかね台2-8-4", "url": "https://www.kaigokensaku.mhlw.go.jp/14/index.php?action_kouhyou_detail_004_kani=true&JigyosyoCd=1473702437-00&ServiceCd=430&Type=search", "url2": "https://midorifukushikai.or.jp/facility/onda/" }, "geometry": { "type": "Point", "coordinates": [ 139.484246799999909, 35.5415453 ] } },
{ "type": "Feature", "properties": { "内容": "居宅介護支援アビリティーズ奈良北【居宅介護支援】神奈川県横浜市青葉区奈良町2913奈良北団地1号棟108号", "url": "https://www.kaigokensaku.mhlw.go.jp/14/index.php?action_kouhyou_detail_004_kani=true&JigyosyoCd=1473702759-00&ServiceCd=430&Type=search", "url2": "https://www.abilities.jp/" }, "geometry": { "type": "Point", "coordinates": [ 139.47587864629233, 35.562615036847525 ] } },
{ "type": "Feature", "properties": { "内容": "フォレストケアサービス【居宅介護支援】神奈川県横浜市青葉区鴨志田町564-8レジデンス鴨清1F", "url": "https://www.kaigokensaku.mhlw.go.jp/14/index.php?action_kouhyou_detail_004_kani=true&JigyosyoCd=1473703005-00&ServiceCd=430&Type=search", "url2": null }, "geometry": { "type": "Point", "coordinates": [ 139.5055423, 35.559854 ] } },
{ "type": "Feature", "properties": { "内容": "青葉区医師会　居宅介護支援事業所【居宅介護支援】神奈川県横浜市青葉区田奈町13-1　フォレスト1F", "url": "https://www.kaigokensaku.mhlw.go.jp/14/index.php?action_kouhyou_detail_004_kani=true&JigyosyoCd=1473703104-00&ServiceCd=430&Type=search", "url2": "https://www.aobakumc.or.jp/homecare.html" }, "geometry": { "type": "Point", "coordinates": [ 139.507226901567293, 35.536905087504344 ] } },
{ "type": "Feature", "properties": { "内容": "居宅介護支援事業所　桔梗【居宅介護支援】神奈川県横浜市青葉区荏子田３-１２-５荏子田ビル203号", "url": "https://www.kaigokensaku.mhlw.go.jp/14/index.php?action_kouhyou_detail_004_kani=true&JigyosyoCd=1473703112-00&ServiceCd=430&Type=search", "url2": "https://www.lifedesign-ohashi.com/" }, "geometry": { "type": "Point", "coordinates": [ 139.533376703704789, 35.573967506582299 ] } },
{ "type": "Feature", "properties": { "内容": "ベネッセ介護センターたまプラーザ【居宅介護支援】神奈川県横浜市青葉区美しが丘5－7－41美しが丘5丁目店舗１F", "url": "https://www.kaigokensaku.mhlw.go.jp/14/index.php?action_kouhyou_detail_004_kani=true&JigyosyoCd=1473703153-00&ServiceCd=430&Type=search", "url2": "https://www.benesse-style-care.co.jp/" }, "geometry": { "type": "Point", "coordinates": [ 139.552628, 35.5778397 ] } },
{ "type": "Feature", "properties": { "内容": "横溝さふみ居宅介護支援事業所【居宅介護支援】神奈川県横浜市青葉区美しが丘5-29-5-113美しが丘アーバン113号", "url": "https://www.kaigokensaku.mhlw.go.jp/14/index.php?action_kouhyou_detail_004_kani=true&JigyosyoCd=1473703187-00&ServiceCd=430&Type=search", "url2": "https://www.kyotaku-yokomizo.com/" }, "geometry": { "type": "Point", "coordinates": [ 139.54986788752359, 35.575060036568473 ] } },
{ "type": "Feature", "properties": { "内容": "横浜市すすき野地域ケアプラザ【居宅介護支援】神奈川県横浜市青葉区すすき野1-8-21", "url": "https://www.kaigokensaku.mhlw.go.jp/14/index.php?action_kouhyou_detail_004_kani=true&JigyosyoCd=1473703633-00&ServiceCd=430&Type=search", "url2": "https://wakatake.net/" }, "geometry": { "type": "Point", "coordinates": [ 139.529949271163929, 35.57436525499174 ] } },
{ "type": "Feature", "properties": { "内容": "ベア・オリーブ居宅介護支援事業所【居宅介護支援】神奈川県横浜市青葉区松風台48-16メリーケアステーション", "url": "https://www.kaigokensaku.mhlw.go.jp/14/index.php?action_kouhyou_detail_004_kani=true&JigyosyoCd=1473703674-00&ServiceCd=430&Type=search", "url2": "http://www.bear-olive.co.jp/" }, "geometry": { "type": "Point", "coordinates": [ 139.50812302698364, 35.547917434417599 ] } },
{ "type": "Feature", "properties": { "内容": "居宅介護支援センター　あおい【居宅介護支援】神奈川県横浜市青葉区荏田町366-11", "url": "https://www.kaigokensaku.mhlw.go.jp/14/index.php?action_kouhyou_detail_004_kani=true&JigyosyoCd=1473703880-00&ServiceCd=430&Type=search", "url2": null }, "geometry": { "type": "Point", "coordinates": [ 139.561272199999962, 35.5619065 ] } },
{ "type": "Feature", "properties": { "内容": "IRIE　LIFE居宅介護支援【居宅介護支援】神奈川県横浜市青葉区藤が丘2-29-11ロイヤルハイツ藤が丘1階1B号室", "url": "https://www.kaigokensaku.mhlw.go.jp/14/index.php?action_kouhyou_detail_004_kani=true&JigyosyoCd=1473704144-00&ServiceCd=430&Type=search", "url2": "https://irielife.co.jp/" }, "geometry": { "type": "Point", "coordinates": [ 139.524643968712496, 35.53893219701682 ] } },
{ "type": "Feature", "properties": { "内容": "ゆずり葉ケアサービス【居宅介護支援】神奈川県横浜市青葉区藤が丘２－４５－３５ハイツ３５　１階１０２号室", "url": "https://www.kaigokensaku.mhlw.go.jp/14/index.php?action_kouhyou_detail_004_kani=true&JigyosyoCd=1473704185-00&ServiceCd=430&Type=search", "url2": "https://www.yuzuriha-no-kai.jp" }, "geometry": { "type": "Point", "coordinates": [ 139.5271535, 35.537914 ] } },
{ "type": "Feature", "properties": { "内容": "アミカ市ヶ尾介護センター【居宅介護支援】神奈川県横浜市青葉区市ケ尾町1173-10ターニップパレス105号", "url": "https://www.kaigokensaku.mhlw.go.jp/14/index.php?action_kouhyou_detail_004_kani=true&JigyosyoCd=1473704268-00&ServiceCd=430&Type=search", "url2": null }, "geometry": { "type": "Point", "coordinates": [ 139.539359600000012, 35.5531615 ] } },
{ "type": "Feature", "properties": { "内容": "エルズライフプラン【居宅介護支援】神奈川県横浜市青葉区美しが丘4丁目52番地64", "url": "https://www.kaigokensaku.mhlw.go.jp/14/index.php?action_kouhyou_detail_004_kani=true&JigyosyoCd=1473704284-00&ServiceCd=430&Type=search", "url2": null }, "geometry": { "type": "Point", "coordinates": [ 139.5438912, 35.5850879 ] } },
{ "type": "Feature", "properties": { "内容": "パークスフロントケア【居宅介護支援】神奈川県横浜市青葉区もみの木台23番地33", "url": "https://www.kaigokensaku.mhlw.go.jp/14/index.php?action_kouhyou_detail_004_kani=true&JigyosyoCd=1473704318-00&ServiceCd=430&Type=search", "url2": "http://hp.kaipoke.biz/1th/index.html" }, "geometry": { "type": "Point", "coordinates": [ 139.5251558, 35.5717199 ] } },
{ "type": "Feature", "properties": { "内容": "めっくけあぷらんたまぷらーざ【居宅介護支援】神奈川県横浜市青葉区新石川3-14-5メックテラスたまプラーザ", "url": "https://www.kaigokensaku.mhlw.go.jp/14/index.php?action_kouhyou_detail_004_kani=true&JigyosyoCd=1473704441-00&ServiceCd=430&Type=search", "url2": null }, "geometry": { "type": "Point", "coordinates": [ 139.5608207, 35.5761563 ] } },
{ "type": "Feature", "properties": { "内容": "ケアプランつながり【居宅介護支援】神奈川県横浜市青葉区市ケ尾町1065-7市ヶ尾森ビル八番館111", "url": "https://www.kaigokensaku.mhlw.go.jp/14/index.php?action_kouhyou_detail_004_kani=true&JigyosyoCd=1473704730-00&ServiceCd=430&Type=search", "url2": "https://rise-g.co.jp/care/zaitaku-kango-care" }, "geometry": { "type": "Point", "coordinates": [ 139.5429842, 35.5508848 ] } },
{ "type": "Feature", "properties": { "内容": "みどり福祉会ひかり苑居宅支援センター　居宅介護支援【居宅介護支援】神奈川県横浜市青葉区さつきが丘8-4", "url": "https://www.kaigokensaku.mhlw.go.jp/14/index.php?action_kouhyou_detail_004_kani=true&JigyosyoCd=1473703922-00&ServiceCd=430&Type=search", "url2": "http://www.midorifukushikai.or.jp/facility/hikarien/hikarien-kyotaku/" }, "geometry": { "type": "Point", "coordinates": [ 139.518701700000065, 35.5318875 ] } },
{ "type": "Feature", "properties": { "内容": "SOMPOケア青葉台居宅介護支援【居宅介護支援】神奈川県横浜市青葉区みたけ台22番16SOMPOケアラヴィーレレジデンス青葉台", "url": "https://www.kaigokensaku.mhlw.go.jp/14/index.php?action_kouhyou_detail_004_kani=true&JigyosyoCd=1473704490-00&ServiceCd=430&Type=search", "url2": "https://www.sompocare.com/" }, "geometry": { "type": "Point", "coordinates": [ 139.517728, 35.558384 ] } },
{ "type": "Feature", "properties": { "内容": "ケアプランよつ葉【居宅介護支援】神奈川県横浜市青葉区すすき野2-5-4東急ストアすすき野店２階", "url": "https://www.kaigokensaku.mhlw.go.jp/14/index.php?action_kouhyou_detail_004_kani=true&JigyosyoCd=1473704557-00&ServiceCd=430&Type=search", "url2": "https://www.aobareha-houmon.com/" }, "geometry": { "type": "Point", "coordinates": [ 139.526634252004015, 35.576862611979216 ] } },
{ "type": "Feature", "properties": { "内容": "居宅介護支援事業所　万寿の森【居宅介護支援】神奈川県横浜市青葉区元石川町4323-1", "url": "https://www.kaigokensaku.mhlw.go.jp/14/index.php?action_kouhyou_detail_004_kani=true&JigyosyoCd=1473702866-00&ServiceCd=430&Type=search", "url2": "http://manjunomori.com/" }, "geometry": { "type": "Point", "coordinates": [ 139.5377929, 35.5736045 ] } },
{ "type": "Feature", "properties": { "内容": "ハックドラッグ美しが丘店介護の相談窓口【居宅介護支援】神奈川県横浜市青葉区美しが丘西3-65-3", "url": "https://www.kaigokensaku.mhlw.go.jp/14/index.php?action_kouhyou_detail_004_kani=true&JigyosyoCd=1473704755-00&ServiceCd=430&Type=search", "url2": "https://www.welcia-yakkyoku.co.jp/" }, "geometry": { "type": "Point", "coordinates": [ 139.534120800000011, 35.5878676 ] } },
{ "type": "Feature", "properties": { "内容": "テラスケアサポートたまプラ【居宅介護支援】神奈川県横浜市青葉区美しが丘2-20-6フォーレスト506", "url": "https://www.kaigokensaku.mhlw.go.jp/14/index.php?action_kouhyou_detail_004_kani=true&JigyosyoCd=1473704763-00&ServiceCd=430&Type=search", "url2": "https://care-tamapura.com/" }, "geometry": { "type": "Point", "coordinates": [ 140.161391, 35.6552032 ] } },
{ "type": "Feature", "properties": { "内容": "あさひ介護センター【居宅介護支援】神奈川県横浜市青葉区美しが丘5-14-10ラ・エレガンス1階", "url": "https://www.kaigokensaku.mhlw.go.jp/14/index.php?action_kouhyou_detail_004_kani=true&JigyosyoCd=1473700894-00&ServiceCd=430&Type=search", "url2": "http://www.asahi-kkc.co.jp/" }, "geometry": { "type": "Point", "coordinates": [ 139.554217832799424, 35.571256239376517 ] } },
{ "type": "Feature", "properties": { "内容": "横浜市鴨志田地域ケアプラザ　居宅介護支援【居宅介護支援】神奈川県横浜市青葉区鴨志田町547-3", "url": "https://www.kaigokensaku.mhlw.go.jp/14/index.php?action_kouhyou_detail_004_kani=true&JigyosyoCd=1473700977-00&ServiceCd=430&Type=search", "url2": "http://www.fujizuka.com/plaza" }, "geometry": { "type": "Point", "coordinates": [ 139.501817299999971, 35.5618505 ] } },
{ "type": "Feature", "properties": { "内容": "横浜市福祉サービス協会　ヘルパーステーション青葉【居宅介護支援】神奈川県横浜市青葉区市ケ尾町1053ー７サンライズ301", "url": "https://www.kaigokensaku.mhlw.go.jp/14/index.php?action_kouhyou_detail_004_kani=true&JigyosyoCd=1473702023-00&ServiceCd=430&Type=search", "url2": "https://www.hama-wel.or.jp/service/careplan/" }, "geometry": { "type": "Point", "coordinates": [ 139.5403576, 35.54951890000001 ] } },
{ "type": "Feature", "properties": { "内容": "横浜市たまプラーザ地域ケアプラザ【居宅介護支援】神奈川県横浜市青葉区新石川2丁目1-15たまプラーザテラスリンクプラザ4F", "url": "https://www.kaigokensaku.mhlw.go.jp/14/index.php?action_kouhyou_detail_004_kani=true&JigyosyoCd=1473702692-00&ServiceCd=430&Type=search", "url2": "http://ryokuseikai-yokohama.jp/" }, "geometry": { "type": "Point", "coordinates": [ 139.557580199999961, 35.5766295 ] } },
{ "type": "Feature", "properties": { "内容": "医療法人社団協友会　横浜あおばの里　指定居宅介護支援事業所【居宅介護支援】神奈川県横浜市青葉区鉄町1375番地", "url": "https://www.kaigokensaku.mhlw.go.jp/14/index.php?action_kouhyou_detail_004_kani=true&JigyosyoCd=1473703351-00&ServiceCd=430&Type=search", "url2": "http://aobanosato.com/" }, "geometry": { "type": "Point", "coordinates": [ 139.524758099999985, 35.5635917 ] } },
{ "type": "Feature", "properties": { "内容": "わかたけケアプラン青葉【居宅介護支援】神奈川県横浜市青葉区奈良4-6-15", "url": "https://www.kaigokensaku.mhlw.go.jp/14/index.php?action_kouhyou_detail_004_kani=true&JigyosyoCd=1473703948-00&ServiceCd=430&Type=search", "url2": "https://wakatake.net/" }, "geometry": { "type": "Point", "coordinates": [ 139.4824444551559, 35.551677431408976 ] } },
{ "type": "Feature", "properties": { "内容": "あいばな　ケアセンター青葉【居宅介護支援】神奈川県横浜市青葉区藤が丘1-48-19プリミエール藤が丘301号室", "url": "https://www.kaigokensaku.mhlw.go.jp/14/index.php?action_kouhyou_detail_004_kani=true&JigyosyoCd=1473704508-00&ServiceCd=430&Type=search", "url2": "https://www.aibana.jp/cont1/5.html" }, "geometry": { "type": "Point", "coordinates": [ 139.532905, 35.543994599999984 ] } },
{ "type": "Feature", "properties": { "内容": "青葉なごみ【居宅介護支援】神奈川県横浜市青葉区市ヶ尾町834", "url": "https://www.kaigokensaku.mhlw.go.jp/14/index.php?action_kouhyou_detail_004_kani=true&JigyosyoCd=1473704524-00&ServiceCd=430&Type=search", "url2": null }, "geometry": { "type": "Point", "coordinates": [ 139.54110412698364, 35.546641076941462 ] } },
{ "type": "Feature", "properties": { "内容": "介護支援センター　蒼【居宅介護支援】神奈川県横浜市青葉区市ヶ尾町1168-1カーサウチノ201号室", "url": "https://www.kaigokensaku.mhlw.go.jp/14/index.php?action_kouhyou_detail_004_kani=true&JigyosyoCd=1473704540-00&ServiceCd=430&Type=search", "url2": "https://ao-society.or.jp" }, "geometry": { "type": "Point", "coordinates": [ 139.54060910000004, 35.5533884 ] } },
{ "type": "Feature", "properties": { "内容": "ケアプランセンターモリラボ横浜【居宅介護支援】神奈川県横浜市都筑区中川3-29-18ラリーグラス001", "url": "https://www.kaigokensaku.mhlw.go.jp/14/index.php?action_kouhyou_detail_004_kani=true&JigyosyoCd=1473802971-00&ServiceCd=430&Type=search", "url2": null }, "geometry": { "type": "Point", "coordinates": [ 139.5647648, 35.5600433 ] } },
{ "type": "Feature", "properties": { "内容": "ベルーガケアマネジメント横浜【居宅介護支援】神奈川県横浜市都筑区茅ケ崎中央24-12ライオンズプラザ港北ニュータウン201", "url": "https://www.kaigokensaku.mhlw.go.jp/14/index.php?action_kouhyou_detail_004_kani=true&JigyosyoCd=1473802989-00&ServiceCd=430&Type=search", "url2": "http://beluga226.ict-jig.com/" }, "geometry": { "type": "Point", "coordinates": [ 139.57086240000001, 35.5436267 ] } },
{ "type": "Feature", "properties": { "内容": "ケアステーションすみれが丘【居宅介護支援】神奈川県横浜市都筑区すみれが丘13-3", "url": "https://www.kaigokensaku.mhlw.go.jp/14/index.php?action_kouhyou_detail_004_kani=true&JigyosyoCd=1473802229-00&ServiceCd=430&Type=search", "url2": "http://www.yamamoto-kinen.or.jp/" }, "geometry": { "type": "Point", "coordinates": [ 139.576672150926242, 35.565796600924557 ] } },
{ "type": "Feature", "properties": { "内容": "こころケアマネステーション【居宅介護支援】神奈川県横浜市都筑区東山2-3-9グレイス弐番館B-302", "url": "https://www.kaigokensaku.mhlw.go.jp/14/index.php?action_kouhyou_detail_004_kani=true&JigyosyoCd=1473802997-00&ServiceCd=430&Type=search", "url2": null }, "geometry": { "type": "Point", "coordinates": [ 139.603139700000014, 35.5619889 ] } },
{ "type": "Feature", "properties": { "内容": "医療法人社団　若葉会　指定居宅介護支援事業所　わかば【居宅介護支援】神奈川県横浜市都筑区川和町２６７４－８３", "url": "https://www.kaigokensaku.mhlw.go.jp/14/index.php?action_kouhyou_detail_004_kani=true&JigyosyoCd=1473800017-00&ServiceCd=430&Type=search", "url2": "http://www.e-wakaba.jp/" }, "geometry": { "type": "Point", "coordinates": [ 139.548343499999987, 35.5387009 ] } },
{ "type": "Feature", "properties": { "内容": "都筑区医師会居宅支援センター【居宅介護支援】神奈川県横浜市都筑区牛久保西１－２３－４", "url": "https://www.kaigokensaku.mhlw.go.jp/14/index.php?action_kouhyou_detail_004_kani=true&JigyosyoCd=1473800033-00&ServiceCd=430&Type=search", "url2": "http://www.tsuzuki-med.org/" }, "geometry": { "type": "Point", "coordinates": [ 139.5812234, 35.5565019 ] } },
{ "type": "Feature", "properties": { "内容": "東山田地域ケアプラザ【居宅介護支援】神奈川県横浜市都筑区東山田町２７０", "url": "https://www.kaigokensaku.mhlw.go.jp/14/index.php?action_kouhyou_detail_004_kani=true&JigyosyoCd=1473800041-00&ServiceCd=430&Type=search", "url2": "http://www.yamabikonosato.jp/yamata/" }, "geometry": { "type": "Point", "coordinates": [ 139.6050957, 35.5560884 ] } },
{ "type": "Feature", "properties": { "内容": "横浜市葛が谷地域ケアプラザ【居宅介護支援】神奈川県横浜市都筑区葛が谷16-3", "url": "https://www.kaigokensaku.mhlw.go.jp/14/index.php?action_kouhyou_detail_004_kani=true&JigyosyoCd=1473800066-00&ServiceCd=430&Type=search", "url2": "https://www.yokohamashakyo.jp/kuzugaya/index.html" }, "geometry": { "type": "Point", "coordinates": [ 139.564158799999944, 35.5354738 ] } },
{ "type": "Feature", "properties": { "内容": "横浜市加賀原地域ケアプラザ【居宅介護支援】神奈川県横浜市都筑区加賀原１－２２－３２横浜市加賀原地域ケアプラザ", "url": "https://www.kaigokensaku.mhlw.go.jp/14/index.php?action_kouhyou_detail_004_kani=true&JigyosyoCd=1473800074-00&ServiceCd=430&Type=search", "url2": "http://www.nakagawa-tokushokai.com" }, "geometry": { "type": "Point", "coordinates": [ 139.558173300000021, 35.5241611 ] } },
{ "type": "Feature", "properties": { "内容": "介護老人福祉施設　中川の里【居宅介護支援】神奈川県横浜市都筑区南山田２－３９－３５", "url": "https://www.kaigokensaku.mhlw.go.jp/14/index.php?action_kouhyou_detail_004_kani=true&JigyosyoCd=1473800124-00&ServiceCd=430&Type=search", "url2": "http://www.nakagawa-tokushokai.com/" }, "geometry": { "type": "Point", "coordinates": [ 139.591839, 35.555585499999985 ] } },
{ "type": "Feature", "properties": { "内容": "横浜市新栄地域ケアプラザ【居宅介護支援】神奈川県横浜市都筑区新栄町１９－１９", "url": "https://www.kaigokensaku.mhlw.go.jp/14/index.php?action_kouhyou_detail_004_kani=true&JigyosyoCd=1473800264-00&ServiceCd=430&Type=search", "url2": "http://www.hama-wel.or.jp" }, "geometry": { "type": "Point", "coordinates": [ 139.595480700000053, 35.5403185 ] } },
{ "type": "Feature", "properties": { "内容": "ゆうらいふ横浜居宅介護支援事業所【居宅介護支援】神奈川県横浜市都筑区仲町台5-7-8", "url": "https://www.kaigokensaku.mhlw.go.jp/14/index.php?action_kouhyou_detail_004_kani=true&JigyosyoCd=1473800348-00&ServiceCd=430&Type=search", "url2": "https://solasto-kaigo.com" }, "geometry": { "type": "Point", "coordinates": [ 139.586761873788447, 35.536990846980075 ] } },
{ "type": "Feature", "properties": { "内容": "みなみかぜケア【居宅介護支援】神奈川県横浜市都筑区東山田町237番地アサマハイツC号", "url": "https://www.kaigokensaku.mhlw.go.jp/14/index.php?action_kouhyou_detail_004_kani=true&JigyosyoCd=1473800371-00&ServiceCd=430&Type=search", "url2": "http://npo-minamikaze.or.jp" }, "geometry": { "type": "Point", "coordinates": [ 139.605788100000041, 35.5549672 ] } },
{ "type": "Feature", "properties": { "内容": "支援センターふれあい都筑【居宅介護支援】神奈川県横浜市都筑区荏田南５－８－１７", "url": "https://www.kaigokensaku.mhlw.go.jp/14/index.php?action_kouhyou_detail_004_kani=true&JigyosyoCd=1473800413-00&ServiceCd=430&Type=search", "url2": "https://fureaitsuzuki.com" }, "geometry": { "type": "Point", "coordinates": [ 139.561125400000037, 35.5479333 ] } },
{ "type": "Feature", "properties": { "内容": "ライブリーケア中銀　仲町台【居宅介護支援】神奈川県横浜市都筑区新栄町14-1中銀ライフケア横浜港北345", "url": "https://www.kaigokensaku.mhlw.go.jp/14/index.php?action_kouhyou_detail_004_kani=true&JigyosyoCd=1473800744-00&ServiceCd=430&Type=search", "url2": null }, "geometry": { "type": "Point", "coordinates": [ 139.595164100000034, 35.5392659 ] } },
{ "type": "Feature", "properties": { "内容": "コープケアサポートセンター都筑【居宅介護支援】神奈川県横浜市都筑区牛久保2-19-1", "url": "https://www.kaigokensaku.mhlw.go.jp/14/index.php?action_kouhyou_detail_004_kani=true&JigyosyoCd=1473801064-00&ServiceCd=430&Type=search", "url2": "http://www.ucoop.or.jp" }, "geometry": { "type": "Point", "coordinates": [ 139.5774513, 35.5635759 ] } },
{ "type": "Feature", "properties": { "内容": "荏田やわらぎ【居宅介護支援】神奈川県横浜市都筑区荏田南3-28-1", "url": "https://www.kaigokensaku.mhlw.go.jp/14/index.php?action_kouhyou_detail_004_kani=true&JigyosyoCd=1473801452-00&ServiceCd=430&Type=search", "url2": null }, "geometry": { "type": "Point", "coordinates": [ 139.55417609999995, 35.545028 ] } },
{ "type": "Feature", "properties": { "内容": "安在居宅介護支援事業所【居宅介護支援】神奈川県横浜市都筑区東山田町1490-72", "url": "https://www.kaigokensaku.mhlw.go.jp/14/index.php?action_kouhyou_detail_004_kani=true&JigyosyoCd=1473801460-00&ServiceCd=430&Type=search", "url2": "https://kskoubou.com/" }, "geometry": { "type": "Point", "coordinates": [ 139.610231200000044, 35.5559885 ] } },
{ "type": "Feature", "properties": { "内容": "ケアプランセンター　桜草【居宅介護支援】神奈川県横浜市都筑区中川中央1-8-3プリムローズ303", "url": "https://www.kaigokensaku.mhlw.go.jp/14/index.php?action_kouhyou_detail_004_kani=true&JigyosyoCd=1473801825-00&ServiceCd=430&Type=search", "url2": null }, "geometry": { "type": "Point", "coordinates": [ 139.577157199999988, 35.5520414 ] } },
{ "type": "Feature", "properties": { "内容": "都筑ケアサービス【居宅介護支援】神奈川県横浜市都筑区茅ヶ崎南一丁目3番203号", "url": "https://www.kaigokensaku.mhlw.go.jp/14/index.php?action_kouhyou_detail_004_kani=true&JigyosyoCd=1473802104-00&ServiceCd=430&Type=search", "url2": null }, "geometry": { "type": "Point", "coordinates": [ 139.584648600000037, 35.5394489 ] } },
{ "type": "Feature", "properties": { "内容": "医心館居宅介護支援事業所横浜都筑【居宅介護支援】神奈川県横浜市都筑区早淵3丁目34-60", "url": "https://www.kaigokensaku.mhlw.go.jp/14/index.php?action_kouhyou_detail_004_kani=true&JigyosyoCd=1473802427-00&ServiceCd=430&Type=search", "url2": null }, "geometry": { "type": "Point", "coordinates": [ 139.604015900000036, 35.5510794 ] } },
{ "type": "Feature", "properties": { "内容": "はればれ【居宅介護支援】神奈川県横浜市都筑区茅ヶ崎東4-9-18", "url": "https://www.kaigokensaku.mhlw.go.jp/14/index.php?action_kouhyou_detail_004_kani=true&JigyosyoCd=1473802468-00&ServiceCd=430&Type=search", "url2": "http://www.ni-care.jp/" }, "geometry": { "type": "Point", "coordinates": [ 139.579346686168464, 35.546202433920527 ] } },
{ "type": "Feature", "properties": { "内容": "若武者ケア都筑　居宅介護支援事業所【居宅介護支援】神奈川県横浜市都筑区茅ヶ崎中央17番26号ビクトリアセンター南　503号室", "url": "https://www.kaigokensaku.mhlw.go.jp/14/index.php?action_kouhyou_detail_004_kani=true&JigyosyoCd=1473802666-00&ServiceCd=430&Type=search", "url2": "https://www.wakamusha-care.jp/" }, "geometry": { "type": "Point", "coordinates": [ 139.571945599999907, 35.5421184 ] } },
{ "type": "Feature", "properties": { "内容": "横浜市都田地域ケアプラザ介護保険センター【居宅介護支援】神奈川県横浜市都筑区東方町655-4横浜市都田地域ケアプラザ", "url": "https://www.kaigokensaku.mhlw.go.jp/14/index.php?action_kouhyou_detail_004_kani=true&JigyosyoCd=1473802815-00&ServiceCd=430&Type=search", "url2": "https://www.shuhokai.or.jp/office/tsuzuki-ku/cp-tsuda.php" }, "geometry": { "type": "Point", "coordinates": [ 139.581264649215683, 35.520607346698306 ] } },
{ "type": "Feature", "properties": { "内容": "あい・プラス介護支援センター都筑【居宅介護支援】神奈川県横浜市都筑区中川中央1‐37‐6セントラルヴィラ402", "url": "https://www.kaigokensaku.mhlw.go.jp/14/index.php?action_kouhyou_detail_004_kani=true&JigyosyoCd=1473802856-00&ServiceCd=430&Type=search", "url2": null }, "geometry": { "type": "Point", "coordinates": [ 139.5795884, 35.555462 ] } },
{ "type": "Feature", "properties": { "内容": "ホームケア横浜【居宅介護支援】神奈川県横浜市都筑区茅ヶ崎中央40-3グランクレールセンター南3階", "url": "https://www.kaigokensaku.mhlw.go.jp/14/index.php?action_kouhyou_detail_004_kani=true&JigyosyoCd=1473702171-00&ServiceCd=430&Type=search", "url2": "https://homecare.grancreer.com/access/homecare_yokohama.html" }, "geometry": { "type": "Point", "coordinates": [ 139.57231421815186, 35.547260021317889 ] } },
{ "type": "Feature", "properties": { "内容": "指定居宅介護支援事業所　かけはし【居宅介護支援】神奈川県横浜市都筑区大棚町74-9介護老人保健施設　都筑ハートフルステーション内", "url": "https://www.kaigokensaku.mhlw.go.jp/14/index.php?action_kouhyou_detail_004_kani=true&JigyosyoCd=1473800298-00&ServiceCd=430&Type=search", "url2": "https://katsujinkai-kh.com/" }, "geometry": { "type": "Point", "coordinates": [ 139.597396900000035, 35.5492533 ] } },
{ "type": "Feature", "properties": { "内容": "居宅介護支援事業所　ひなたね【居宅介護支援】神奈川県横浜市都筑区折本町1331", "url": "https://www.kaigokensaku.mhlw.go.jp/14/index.php?action_kouhyou_detail_004_kani=true&JigyosyoCd=1473801577-00&ServiceCd=430&Type=search", "url2": null }, "geometry": { "type": "Point", "coordinates": [ 139.593750699999987, 35.5281533 ] } },
{ "type": "Feature", "properties": { "内容": "介護老人保健施設都筑シニアセンター【居宅介護支援】神奈川県横浜市都筑区東山田町1357", "url": "https://www.kaigokensaku.mhlw.go.jp/14/index.php?action_kouhyou_detail_004_kani=true&JigyosyoCd=1453880002-00&ServiceCd=430&Type=search", "url2": "https://tuduki-senior-c.com" }, "geometry": { "type": "Point", "coordinates": [ 139.604321917860347, 35.559560035950007 ] } },
{ "type": "Feature", "properties": { "内容": "ケアステーション　ハピネス都筑【居宅介護支援】神奈川県横浜市都筑区牛久保町１８０８－３", "url": "https://www.kaigokensaku.mhlw.go.jp/14/index.php?action_kouhyou_detail_004_kani=true&JigyosyoCd=1473801254-00&ServiceCd=430&Type=search", "url2": "https://www.family-wf.jp/happiness_tsuzuki/service#ttl-kyotaku" }, "geometry": { "type": "Point", "coordinates": [ 139.570687899999939, 35.5680836 ] } },
{ "type": "Feature", "properties": { "内容": "医療法人健水会指定居宅介護支援事業所　ケアマネステーション　あすなろ【居宅介護支援】神奈川県横浜市都筑区荏田南町4247", "url": "https://www.kaigokensaku.mhlw.go.jp/14/index.php?action_kouhyou_detail_004_kani=true&JigyosyoCd=1473801262-00&ServiceCd=430&Type=search", "url2": "http://www.kensuikai-asunaro.or.jp" }, "geometry": { "type": "Point", "coordinates": [ 139.565044299999954, 35.5553102 ] } },
{ "type": "Feature", "properties": { "内容": "横浜市中川地域ケアプラザ【居宅介護支援】神奈川県横浜市都筑区中川1-1-1", "url": "https://www.kaigokensaku.mhlw.go.jp/14/index.php?action_kouhyou_detail_004_kani=true&JigyosyoCd=1473801270-00&ServiceCd=430&Type=search", "url2": "https://wakatake.net/category/facility/carenakagawa/" }, "geometry": { "type": "Point", "coordinates": [ 139.569635299999959, 35.5630037 ] } },
{ "type": "Feature", "properties": { "内容": "楠の大樹介護保険センター【居宅介護支援】神奈川県横浜市都筑区茅ヶ崎中央48-11ミオカステーロセンター南202", "url": "https://www.kaigokensaku.mhlw.go.jp/14/index.php?action_kouhyou_detail_004_kani=true&JigyosyoCd=1473801775-00&ServiceCd=430&Type=search", "url2": "http://www.shuhokai.or.jp/" }, "geometry": { "type": "Point", "coordinates": [ 139.5744603681228, 35.5464726469109 ] } },
{ "type": "Feature", "properties": { "内容": "GTLケアプランセンター　センター南【居宅介護支援】神奈川県横浜市都筑区茅ヶ崎中央56ｰ9", "url": "https://www.kaigokensaku.mhlw.go.jp/14/index.php?action_kouhyou_detail_004_kani=true&JigyosyoCd=1473802278-00&ServiceCd=430&Type=search", "url2": null }, "geometry": { "type": "Point", "coordinates": [ 139.574388099999965, 35.547853 ] } },
{ "type": "Feature", "properties": { "内容": "タカノ株式会社　スプリングケアプラン【居宅介護支援】神奈川県横浜市都筑区川和町639", "url": "https://www.kaigokensaku.mhlw.go.jp/14/index.php?action_kouhyou_detail_004_kani=true&JigyosyoCd=1473802310-00&ServiceCd=430&Type=search", "url2": "https://www.takano-hw.com/heartworks/shop/" }, "geometry": { "type": "Point", "coordinates": [ 139.5514705, 35.5235993 ] } },
{ "type": "Feature", "properties": { "内容": "北山田ケアセンター【居宅介護支援】神奈川県横浜市都筑区北山田1-1-52カーサパルマスB1F", "url": "https://www.kaigokensaku.mhlw.go.jp/14/index.php?action_kouhyou_detail_004_kani=true&JigyosyoCd=1473802575-00&ServiceCd=430&Type=search", "url2": "https://care.shinryoku-izumi.com/" }, "geometry": { "type": "Point", "coordinates": [ 139.590558399999964, 35.5617596 ] } },
{ "type": "Feature", "properties": { "内容": "ツクイ・サンフォレスト横浜センター北（居宅）【居宅介護支援】神奈川県横浜市都筑区中川中央1-39-44", "url": "https://www.kaigokensaku.mhlw.go.jp/14/index.php?action_kouhyou_detail_004_kani=true&JigyosyoCd=1473802872-00&ServiceCd=430&Type=search", "url2": "https://www.tsukui.net/service/centerkita/" }, "geometry": { "type": "Point", "coordinates": [ 139.5813354, 35.554931 ] } },
{ "type": "Feature", "properties": { "内容": "ケアプランセンター　ひまわり【居宅介護支援】神奈川県横浜市都筑区茅ヶ崎南2-20-11内野ルネスビル1階", "url": "https://www.kaigokensaku.mhlw.go.jp/14/index.php?action_kouhyou_detail_004_kani=true&JigyosyoCd=1473802914-00&ServiceCd=430&Type=search", "url2": "https://www.himawaricare.net" }, "geometry": { "type": "Point", "coordinates": [ 139.57992680000001, 35.5379001 ] } },
{ "type": "Feature", "properties": { "内容": "横浜市福祉サービス協会　ヘルパーステーション都筑【居宅介護支援】神奈川県横浜市都筑区茅ケ崎中央17-26ビクトリアセンター南403", "url": "https://www.kaigokensaku.mhlw.go.jp/14/index.php?action_kouhyou_detail_004_kani=true&JigyosyoCd=1473801387-00&ServiceCd=430&Type=search", "url2": "https://www.hama-wel.or.jp/branch/hps_tuduki/" }, "geometry": { "type": "Point", "coordinates": [ 139.571871086338945, 35.542211034810578 ] } },
{ "type": "Feature", "properties": { "内容": "川崎大師訪問看護ステーション【居宅介護支援】神奈川県川崎市川崎区大師駅前1-2-9ﾃﾞｨｱｰﾅ川崎大師３階", "url": "https://www.kaigokensaku.mhlw.go.jp/14/index.php?action_kouhyou_detail_004_kani=true&JigyosyoCd=1465090014-00&ServiceCd=430&Type=search", "url2": "https://daishist.org/" }, "geometry": { "type": "Point", "coordinates": [ 139.726622362318579, 35.533684482965285 ] } },
{ "type": "Feature", "properties": { "内容": "サポートライフ・結【居宅介護支援】神奈川県川崎市川崎区貝塚1-3-17シャンボール第2川崎202", "url": "https://www.kaigokensaku.mhlw.go.jp/14/index.php?action_kouhyou_detail_004_kani=true&JigyosyoCd=1465090154-00&ServiceCd=430&Type=search", "url2": "https://s-l-yui.co.jp/" }, "geometry": { "type": "Point", "coordinates": [ 139.7016367, 35.5258369 ] } },
{ "type": "Feature", "properties": { "内容": "社会福祉法人セイワ　桜寿園居宅介護支援センター【居宅介護支援】神奈川県川崎市川崎区桜本2-39-4", "url": "https://www.kaigokensaku.mhlw.go.jp/14/index.php?action_kouhyou_detail_004_kani=true&JigyosyoCd=1475000020-00&ServiceCd=430&Type=search", "url2": "https://seiwa-oujyuen.jp" }, "geometry": { "type": "Point", "coordinates": [ 139.726366, 35.5211848 ] } },
{ "type": "Feature", "properties": { "内容": "川崎市社会福祉協議会　かわさき訪問介護支援事業所【居宅介護支援】神奈川県川崎市川崎区富士見１－６－３読売川崎富士見ビルＢ－１棟６階", "url": "https://www.kaigokensaku.mhlw.go.jp/14/index.php?action_kouhyou_detail_004_kani=true&JigyosyoCd=1475000046-00&ServiceCd=430&Type=search", "url2": "http://www.csw-kawasaki.or.jp" }, "geometry": { "type": "Point", "coordinates": [ 139.711625700000013, 35.5305867 ] } },
{ "type": "Feature", "properties": { "内容": "地域サービスセンター　ことぶき【居宅介護支援】神奈川県川崎市川崎区大島１－４－８イーストブルー１０１", "url": "https://www.kaigokensaku.mhlw.go.jp/14/index.php?action_kouhyou_detail_004_kani=true&JigyosyoCd=1475000152-00&ServiceCd=430&Type=search", "url2": "http://www.kawasakiseifu.or.jp/" }, "geometry": { "type": "Point", "coordinates": [ 139.711123838084433, 35.525211032030043 ] } },
{ "type": "Feature", "properties": { "内容": "柳田居宅介護支援事業所【居宅介護支援】神奈川県川崎市川崎区旭町2-21-10", "url": "https://www.kaigokensaku.mhlw.go.jp/14/index.php?action_kouhyou_detail_004_kani=true&JigyosyoCd=1475000517-00&ServiceCd=430&Type=search", "url2": "https://www.yanagida-kaigo.co.jp/shien/" }, "geometry": { "type": "Point", "coordinates": [ 139.718595378465523, 35.53218890680062 ] } },
{ "type": "Feature", "properties": { "内容": "トータルケアサービス川崎田島事業所【居宅介護支援】神奈川県川崎市川崎区田島町２３－１", "url": "https://www.kaigokensaku.mhlw.go.jp/14/index.php?action_kouhyou_detail_004_kani=true&JigyosyoCd=1475001838-00&ServiceCd=430&Type=search", "url2": "http://www.total-care-servise.co.jp/" }, "geometry": { "type": "Point", "coordinates": [ 139.710392500000012, 35.5149384 ] } },
{ "type": "Feature", "properties": { "内容": "たいしん居宅介護支援事業所【居宅介護支援】神奈川県川崎市川崎区渡田2-10-3", "url": "https://www.kaigokensaku.mhlw.go.jp/14/index.php?action_kouhyou_detail_004_kani=true&JigyosyoCd=1475001846-00&ServiceCd=430&Type=search", "url2": null }, "geometry": { "type": "Point", "coordinates": [ 139.706709300000057, 35.5216792 ] } },
{ "type": "Feature", "properties": { "内容": "ケアプラン　サニースポット【居宅介護支援】神奈川県川崎市川崎区追分町2-2ウィステリアヒルズ601", "url": "https://www.kaigokensaku.mhlw.go.jp/14/index.php?action_kouhyou_detail_004_kani=true&JigyosyoCd=1475002315-00&ServiceCd=430&Type=search", "url2": "http://www.s-spot.jp" }, "geometry": { "type": "Point", "coordinates": [ 139.7135032, 35.5207709 ] } },
{ "type": "Feature", "properties": { "内容": "けんせいケアプランサービス【居宅介護支援】神奈川県川崎市川崎区大島上町17-2iランド川崎101", "url": "https://www.kaigokensaku.mhlw.go.jp/14/index.php?action_kouhyou_detail_004_kani=true&JigyosyoCd=1475002372-00&ServiceCd=430&Type=search", "url2": null }, "geometry": { "type": "Point", "coordinates": [ 139.711222799999973, 35.5222679 ] } },
{ "type": "Feature", "properties": { "内容": "ミューズケアサービス【居宅介護支援】神奈川県川崎市川崎区渡田新町三丁目2番地8号かわさき保育会館", "url": "https://www.kaigokensaku.mhlw.go.jp/14/index.php?action_kouhyou_detail_004_kani=true&JigyosyoCd=1475002406-00&ServiceCd=430&Type=search", "url2": "https://muse-care.jp/" }, "geometry": { "type": "Point", "coordinates": [ 139.696532499999989, 35.5206406 ] } },
{ "type": "Feature", "properties": { "内容": "スマイルマシーンズ【居宅介護支援】神奈川県川崎市川崎区東門前１－１７－３", "url": "https://www.kaigokensaku.mhlw.go.jp/14/index.php?action_kouhyou_detail_004_kani=true&JigyosyoCd=1475002539-00&ServiceCd=430&Type=search", "url2": null }, "geometry": { "type": "Point", "coordinates": [ 139.734633434176658, 35.536235759824464 ] } },
{ "type": "Feature", "properties": { "内容": "川崎南部・あおいホームケアサービス【居宅介護支援】神奈川県川崎市川崎区田町ニ丁目９番２号", "url": "https://www.kaigokensaku.mhlw.go.jp/14/index.php?action_kouhyou_detail_004_kani=true&JigyosyoCd=1475002893-00&ServiceCd=430&Type=search", "url2": null }, "geometry": { "type": "Point", "coordinates": [ 139.746016512164317, 35.533593431289439 ] } },
{ "type": "Feature", "properties": { "内容": "ケアプラン　ほっと・ほっと【居宅介護支援】神奈川県川崎市川崎区日進町26-11トーア川崎マンション209", "url": "https://www.kaigokensaku.mhlw.go.jp/14/index.php?action_kouhyou_detail_004_kani=true&JigyosyoCd=1475002919-00&ServiceCd=430&Type=search", "url2": null }, "geometry": { "type": "Point", "coordinates": [ 139.69336880000003, 35.5231708 ] } },
{ "type": "Feature", "properties": { "内容": "医療法人啓和会　ケアセンター小田本通り【居宅介護支援】神奈川県川崎市川崎区小田2丁目18番19号", "url": "https://www.kaigokensaku.mhlw.go.jp/14/index.php?action_kouhyou_detail_004_kani=true&JigyosyoCd=1475002943-00&ServiceCd=430&Type=search", "url2": "http://keiwa-kai.or.jp/kaigo/care-center/" }, "geometry": { "type": "Point", "coordinates": [ 139.701799056221034, 35.512558486516056 ] } },
{ "type": "Feature", "properties": { "内容": "かりん【居宅介護支援】神奈川県川崎市川崎区藤崎4-21-1", "url": "https://www.kaigokensaku.mhlw.go.jp/14/index.php?action_kouhyou_detail_004_kani=true&JigyosyoCd=1475002992-00&ServiceCd=430&Type=search", "url2": "http://www.medi-hope.or.jp" }, "geometry": { "type": "Point", "coordinates": [ 139.722221799999943, 35.523351 ] } },
{ "type": "Feature", "properties": { "内容": "ラポール　ケアプラン【居宅介護支援】神奈川県川崎市川崎区京町1-10-10崎山ビル1階", "url": "https://www.kaigokensaku.mhlw.go.jp/14/index.php?action_kouhyou_detail_004_kani=true&JigyosyoCd=1475003016-00&ServiceCd=430&Type=search", "url2": "https://rapportcareplan.wixsite.com/my-site-7" }, "geometry": { "type": "Point", "coordinates": [ 139.694385600000032, 35.517791 ] } },
{ "type": "Feature", "properties": { "内容": "ライフ・ケアプラン川崎【居宅介護支援】神奈川県川崎市川崎区大島3-23-1", "url": "https://www.kaigokensaku.mhlw.go.jp/14/index.php?action_kouhyou_detail_004_kani=true&JigyosyoCd=1475003057-00&ServiceCd=430&Type=search", "url2": "http://laefucommunityservice.web.fc2.com/" }, "geometry": { "type": "Point", "coordinates": [ 139.718081938935484, 35.520387174360685 ] } },
{ "type": "Feature", "properties": { "内容": "アイスタッフ　ケアステーション　大師【居宅介護支援】神奈川県川崎市川崎区大師町10-6アイスタッフビル", "url": "https://www.kaigokensaku.mhlw.go.jp/14/index.php?action_kouhyou_detail_004_kani=true&JigyosyoCd=1475003131-00&ServiceCd=430&Type=search", "url2": "http://www.athlete-all.co.jp" }, "geometry": { "type": "Point", "coordinates": [ 139.731883484670561, 35.534202743826377 ] } },
{ "type": "Feature", "properties": { "内容": "ひまわりケア大島ケアプランサービス事業所【居宅介護支援】神奈川県川崎市川崎区大島２－１５－１６", "url": "https://www.kaigokensaku.mhlw.go.jp/14/index.php?action_kouhyou_detail_004_kani=true&JigyosyoCd=1475003156-00&ServiceCd=430&Type=search", "url2": "http://www.himawari-care1.jp/" }, "geometry": { "type": "Point", "coordinates": [ 139.71540165889553, 35.520871127049205 ] } },
{ "type": "Feature", "properties": { "内容": "ヒロ・ケアプラン【居宅介護支援】神奈川県川崎市川崎区小田６－１１－２４望星ビル２０３", "url": "https://www.kaigokensaku.mhlw.go.jp/14/index.php?action_kouhyou_detail_004_kani=true&JigyosyoCd=1475003230-00&ServiceCd=430&Type=search", "url2": null }, "geometry": { "type": "Point", "coordinates": [ 139.705123700000058, 35.5097725 ] } },
{ "type": "Feature", "properties": { "内容": "おおしまケアプランセンター【居宅介護支援】神奈川県川崎市川崎区大島3-21-15クラルテ市川", "url": "https://www.kaigokensaku.mhlw.go.jp/14/index.php?action_kouhyou_detail_004_kani=true&JigyosyoCd=1475003255-00&ServiceCd=430&Type=search", "url2": "http://www.kai-go.org/" }, "geometry": { "type": "Point", "coordinates": [ 139.718962899999951, 35.5202357 ] } },
{ "type": "Feature", "properties": { "内容": "ケンコーホームケアサービス【居宅介護支援】神奈川県川崎市川崎区大島1-4-8イーストブルー204", "url": "https://www.kaigokensaku.mhlw.go.jp/14/index.php?action_kouhyou_detail_004_kani=true&JigyosyoCd=1475003354-00&ServiceCd=430&Type=search", "url2": null }, "geometry": { "type": "Point", "coordinates": [ 139.710745, 35.524942600000017 ] } },
{ "type": "Feature", "properties": { "内容": "居宅介護支援事業所sowaka【居宅介護支援】神奈川県川崎市川崎区大島4-7₋12仲谷ビル2F", "url": "https://www.kaigokensaku.mhlw.go.jp/14/index.php?action_kouhyou_detail_004_kani=true&JigyosyoCd=1475003362-00&ServiceCd=430&Type=search", "url2": null }, "geometry": { "type": "Point", "coordinates": [ 139.715790700000014, 35.5257709 ] } },
{ "type": "Feature", "properties": { "内容": "エヌヱスビーケアプランセンター【居宅介護支援】神奈川県川崎市川崎区渡田３丁目２番１６号", "url": "https://www.kaigokensaku.mhlw.go.jp/14/index.php?action_kouhyou_detail_004_kani=true&JigyosyoCd=1475003578-00&ServiceCd=430&Type=search", "url2": null }, "geometry": { "type": "Point", "coordinates": [ 139.703883220089693, 35.519843540965326 ] } },
{ "type": "Feature", "properties": { "内容": "どんぐり【居宅介護支援】神奈川県川崎市川崎区浜町2丁目22番9－103号ビッグヴァンステイツ川崎第二", "url": "https://www.kaigokensaku.mhlw.go.jp/14/index.php?action_kouhyou_detail_004_kani=true&JigyosyoCd=1475003586-00&ServiceCd=430&Type=search", "url2": null }, "geometry": { "type": "Point", "coordinates": [ 139.71932530602848, 35.514295789654675 ] } },
{ "type": "Feature", "properties": { "内容": "きよらケア【居宅介護支援】神奈川県川崎市川崎区日進町27-5ピアンタ川崎1階", "url": "https://www.kaigokensaku.mhlw.go.jp/14/index.php?action_kouhyou_detail_004_kani=true&JigyosyoCd=1475003693-00&ServiceCd=430&Type=search", "url2": null }, "geometry": { "type": "Point", "coordinates": [ 139.693877435966613, 35.522544908574389 ] } },
{ "type": "Feature", "properties": { "内容": "縁　居宅サービスセンター【居宅介護支援】神奈川県川崎市川崎区中島3-19-7", "url": "https://www.kaigokensaku.mhlw.go.jp/14/index.php?action_kouhyou_detail_004_kani=true&JigyosyoCd=1475003735-00&ServiceCd=430&Type=search", "url2": "https://www.majima-fukushikai.jp/" }, "geometry": { "type": "Point", "coordinates": [ 139.718274800000017, 35.527833799999989 ] } },
{ "type": "Feature", "properties": { "内容": "ケアプランなっちゃん【居宅介護支援】神奈川県川崎市川崎区藤崎4-1-5平林マンション302", "url": "https://www.kaigokensaku.mhlw.go.jp/14/index.php?action_kouhyou_detail_004_kani=true&JigyosyoCd=1475003750-00&ServiceCd=430&Type=search", "url2": "https://colorful-natsu.studio.site/" }, "geometry": { "type": "Point", "coordinates": [ 139.71942583134819, 35.524051273164986 ] } },
{ "type": "Feature", "properties": { "内容": "ＳＯＭＰＯケア　川崎日進　居宅介護支援【居宅介護支援】神奈川県川崎市川崎区日進町22-3吉田貸事務所", "url": "https://www.kaigokensaku.mhlw.go.jp/14/index.php?action_kouhyou_detail_004_kani=true&JigyosyoCd=1475003818-00&ServiceCd=430&Type=search", "url2": "http://www.sompocare.com" }, "geometry": { "type": "Point", "coordinates": [ 139.696607399999948, 35.5240512 ] } },
{ "type": "Feature", "properties": { "内容": "訪問介護かえで　川崎サービスセンター【居宅介護支援】神奈川県川崎市川崎区南町1-8林ビル川崎205", "url": "https://www.kaigokensaku.mhlw.go.jp/14/index.php?action_kouhyou_detail_004_kani=true&JigyosyoCd=1475003974-00&ServiceCd=430&Type=search", "url2": "http://www.elderly.jp" }, "geometry": { "type": "Point", "coordinates": [ 139.700583, 35.5271034 ] } },
{ "type": "Feature", "properties": { "内容": "花花ケアプラン【居宅介護支援】神奈川県川崎市川崎区堀之内町9-20宇田川マンション101", "url": "https://www.kaigokensaku.mhlw.go.jp/14/index.php?action_kouhyou_detail_004_kani=true&JigyosyoCd=1475004063-00&ServiceCd=430&Type=search", "url2": "https://www.big-advance.site/s/157/1689" }, "geometry": { "type": "Point", "coordinates": [ 139.704775595631446, 35.532515300985125 ] } },
{ "type": "Feature", "properties": { "内容": "ツクイ川崎中島【居宅介護支援】神奈川県川崎市川崎区中島3-7-3落合店舗１階", "url": "https://www.kaigokensaku.mhlw.go.jp/14/index.php?action_kouhyou_detail_004_kani=true&JigyosyoCd=1475004121-00&ServiceCd=430&Type=search", "url2": "http://www.tsukui.net" }, "geometry": { "type": "Point", "coordinates": [ 138.8432994, 37.4537277 ] } },
{ "type": "Feature", "properties": { "内容": "ネクストプランニング【居宅介護支援】神奈川県川崎市川崎区中島3丁目4-19ルセーヌ川崎501", "url": "https://www.kaigokensaku.mhlw.go.jp/14/index.php?action_kouhyou_detail_004_kani=true&JigyosyoCd=1475004196-00&ServiceCd=430&Type=search", "url2": "https://www.nextlife-nextplanning.com/" }, "geometry": { "type": "Point", "coordinates": [ 139.716220365897726, 35.527034053115706 ] } },
{ "type": "Feature", "properties": { "内容": "ケアプランまほろば【居宅介護支援】神奈川県川崎市川崎区浅田3-10-22ユナイト浅田ジェシカ・ウォルター102号室", "url": "https://www.kaigokensaku.mhlw.go.jp/14/index.php?action_kouhyou_detail_004_kani=true&JigyosyoCd=1475004311-00&ServiceCd=430&Type=search", "url2": null }, "geometry": { "type": "Point", "coordinates": [ 139.6999356, 35.5074936 ] } },
{ "type": "Feature", "properties": { "内容": "あかつきケアプラン【居宅介護支援】神奈川県川崎市川崎区藤崎4-22-11", "url": "https://www.kaigokensaku.mhlw.go.jp/14/index.php?action_kouhyou_detail_004_kani=true&JigyosyoCd=1475004394-00&ServiceCd=430&Type=search", "url2": "https://hp.kaipoke.biz/dk3/" }, "geometry": { "type": "Point", "coordinates": [ 139.7225963, 35.523223 ] } },
{ "type": "Feature", "properties": { "内容": "ぴいすらいふ【居宅介護支援】神奈川県川崎市川崎区台町５－４", "url": "https://www.kaigokensaku.mhlw.go.jp/14/index.php?action_kouhyou_detail_004_kani=true&JigyosyoCd=1475004402-00&ServiceCd=430&Type=search", "url2": null }, "geometry": { "type": "Point", "coordinates": [ 139.7327807, 35.5291219 ] } },
{ "type": "Feature", "properties": { "内容": "ケアプランはれサポ【居宅介護支援】神奈川県川崎市川崎区新川通1番11－202号", "url": "https://www.kaigokensaku.mhlw.go.jp/14/index.php?action_kouhyou_detail_004_kani=true&JigyosyoCd=1475004444-00&ServiceCd=430&Type=search", "url2": null }, "geometry": { "type": "Point", "coordinates": [ 139.7034525, 35.5266578 ] } },
{ "type": "Feature", "properties": { "内容": "なないろケアプラン【居宅介護支援】神奈川県川崎市川崎区小田５丁目２番８", "url": "https://www.kaigokensaku.mhlw.go.jp/14/index.php?action_kouhyou_detail_004_kani=true&JigyosyoCd=1475004212-00&ServiceCd=430&Type=search", "url2": null }, "geometry": { "type": "Point", "coordinates": [ 139.703493448953566, 35.510966001492378 ] } },
{ "type": "Feature", "properties": { "内容": "川崎・あおいホームケアサービス【居宅介護支援】神奈川県川崎市川崎区小田栄二丁目１番６号", "url": "https://www.kaigokensaku.mhlw.go.jp/14/index.php?action_kouhyou_detail_004_kani=true&JigyosyoCd=1475001580-00&ServiceCd=430&Type=search", "url2": null }, "geometry": { "type": "Point", "coordinates": [ 139.709287200000063, 35.5126026 ] } },
{ "type": "Feature", "properties": { "内容": "青空ケアサービス【居宅介護支援】神奈川県川崎市川崎区大師駅前1-8-5山川ビル２階", "url": "https://www.kaigokensaku.mhlw.go.jp/14/index.php?action_kouhyou_detail_004_kani=true&JigyosyoCd=1475002034-00&ServiceCd=430&Type=search", "url2": null }, "geometry": { "type": "Point", "coordinates": [ 139.726816726883413, 35.534055734730963 ] } },
{ "type": "Feature", "properties": { "内容": "居宅介護支援センタービオラ川崎【居宅介護支援】神奈川県川崎市川崎区小田栄２－１－７", "url": "https://www.kaigokensaku.mhlw.go.jp/14/index.php?action_kouhyou_detail_004_kani=true&JigyosyoCd=1475002679-00&ServiceCd=430&Type=search", "url2": "https://www.nakagawa-tokushokai.com/main/office/violakawasaki.html" }, "geometry": { "type": "Point", "coordinates": [ 139.709809299999961, 35.5123804 ] } },
{ "type": "Feature", "properties": { "内容": "社会福祉法人　青丘社　ほっとライン【居宅介護支援】神奈川県川崎市川崎区桜本1-8-22", "url": "https://www.kaigokensaku.mhlw.go.jp/14/index.php?action_kouhyou_detail_004_kani=true&JigyosyoCd=1475002745-00&ServiceCd=430&Type=search", "url2": "http://www.seikyu-sha.com/hotline/" }, "geometry": { "type": "Point", "coordinates": [ 139.721253057077746, 35.520658713732232 ] } },
{ "type": "Feature", "properties": { "内容": "たちばなケア【居宅介護支援】神奈川県川崎市川崎区大島2-7-13スカイビレッジ702号室", "url": "https://www.kaigokensaku.mhlw.go.jp/14/index.php?action_kouhyou_detail_004_kani=true&JigyosyoCd=1475003925-00&ServiceCd=430&Type=search", "url2": null }, "geometry": { "type": "Point", "coordinates": [ 139.715103817263184, 35.523342149062913 ] } },
{ "type": "Feature", "properties": { "内容": "SOMPOケア　川崎新町　居宅介護支援【居宅介護支援】神奈川県川崎市川崎区小田栄2丁目3番2号", "url": "https://www.kaigokensaku.mhlw.go.jp/14/index.php?action_kouhyou_detail_004_kani=true&JigyosyoCd=1475004543-00&ServiceCd=430&Type=search", "url2": "https://www.sompocare.com" }, "geometry": { "type": "Point", "coordinates": [ 139.7059561, 35.5145552 ] } },
{ "type": "Feature", "properties": { "内容": "icoiケア【居宅介護支援】神奈川県川崎市川崎区川中島1-16-3", "url": "https://www.kaigokensaku.mhlw.go.jp/14/index.php?action_kouhyou_detail_004_kani=true&JigyosyoCd=1475004592-00&ServiceCd=430&Type=search", "url2": null }, "geometry": { "type": "Point", "coordinates": [ 139.7268666, 35.5325064 ] } },
{ "type": "Feature", "properties": { "内容": "居宅介護支援事業所　BLUE　BLUE【居宅介護支援】神奈川県川崎市川崎区京町2-8-16", "url": "https://www.kaigokensaku.mhlw.go.jp/14/index.php?action_kouhyou_detail_004_kani=true&JigyosyoCd=1475004642-00&ServiceCd=430&Type=search", "url2": "https://www.blueblue333.com/" }, "geometry": { "type": "Point", "coordinates": [ 139.6949836, 35.5153963 ] } },
{ "type": "Feature", "properties": { "内容": "ミントケアプラン川崎【居宅介護支援】神奈川県川崎市川崎区砂子２－８－１シャンボール互恵ビル５０２号室", "url": "https://www.kaigokensaku.mhlw.go.jp/14/index.php?action_kouhyou_detail_004_kani=true&JigyosyoCd=1475004683-00&ServiceCd=430&Type=search", "url2": null }, "geometry": { "type": "Point", "coordinates": [ 139.7010803, 35.5282855 ] } },
{ "type": "Feature", "properties": { "内容": "あっぷるケアプランセンター川崎【居宅介護支援】神奈川県川崎市川崎区元木１丁目6番8号ホクドウビル3F", "url": "https://www.kaigokensaku.mhlw.go.jp/14/index.php?action_kouhyou_detail_004_kani=true&JigyosyoCd=1475102362-00&ServiceCd=430&Type=search", "url2": "https://cs-apple.jp/" }, "geometry": { "type": "Point", "coordinates": [ 139.687969, 35.535308 ] } },
{ "type": "Feature", "properties": { "内容": "居宅介護支援事業所わたぐも【居宅介護支援】神奈川県川崎市川崎区池田１－１２－１３プラスナカタ２０１", "url": "https://www.kaigokensaku.mhlw.go.jp/14/index.php?action_kouhyou_detail_004_kani=true&JigyosyoCd=1475004774-00&ServiceCd=430&Type=search", "url2": null }, "geometry": { "type": "Point", "coordinates": [ 139.692283300000014, 35.5219031 ] } },
{ "type": "Feature", "properties": { "内容": "ケアプラン　リュエル・シャンテール【居宅介護支援】神奈川県川崎市川崎区浜町4-6-19", "url": "https://www.kaigokensaku.mhlw.go.jp/14/index.php?action_kouhyou_detail_004_kani=true&JigyosyoCd=1475002877-00&ServiceCd=430&Type=search", "url2": null }, "geometry": { "type": "Point", "coordinates": [ 139.721911, 35.51487430000001 ] } },
{ "type": "Feature", "properties": { "内容": "ティエルプランセンター【居宅介護支援】神奈川県川崎市川崎区本町一丁目８番２号トラストビル2F", "url": "https://www.kaigokensaku.mhlw.go.jp/14/index.php?action_kouhyou_detail_004_kani=true&JigyosyoCd=1475003479-00&ServiceCd=430&Type=search", "url2": "https://tielu-station.com/" }, "geometry": { "type": "Point", "coordinates": [ 139.702681599999977, 35.5323861 ] } },
{ "type": "Feature", "properties": { "内容": "ケアプランニジイロ【居宅介護支援】神奈川県川崎市川崎区渡田向町26－8", "url": "https://www.kaigokensaku.mhlw.go.jp/14/index.php?action_kouhyou_detail_004_kani=true&JigyosyoCd=1475003941-00&ServiceCd=430&Type=search", "url2": null }, "geometry": { "type": "Point", "coordinates": [ 139.697349199999962, 35.5164301 ] } },
{ "type": "Feature", "properties": { "内容": "ケアプランセンター百福【居宅介護支援】神奈川県川崎市川崎区大島上町26-12", "url": "https://www.kaigokensaku.mhlw.go.jp/14/index.php?action_kouhyou_detail_004_kani=true&JigyosyoCd=1475004527-00&ServiceCd=430&Type=search", "url2": "http://hyaku-fuku.com/" }, "geometry": { "type": "Point", "coordinates": [ 139.7094783, 35.5197862 ] } },
{ "type": "Feature", "properties": { "内容": "ケアプランオフィスひろもと【居宅介護支援】神奈川県川崎市川崎区殿町2丁目14番7-2号", "url": "https://www.kaigokensaku.mhlw.go.jp/14/index.php?action_kouhyou_detail_004_kani=true&JigyosyoCd=1475004535-00&ServiceCd=430&Type=search", "url2": null }, "geometry": { "type": "Point", "coordinates": [ 139.748053568717182, 35.539310217441184 ] } },
{ "type": "Feature", "properties": { "内容": "しおん居宅介護支援センター【居宅介護支援】神奈川県川崎市川崎区本町１－１－１愛育会館黎明", "url": "https://www.kaigokensaku.mhlw.go.jp/14/index.php?action_kouhyou_detail_004_kani=true&JigyosyoCd=1475004709-00&ServiceCd=430&Type=search", "url2": "https://www.heartful-k.org/facility/shion-kyotaku" }, "geometry": { "type": "Point", "coordinates": [ 139.7017873, 35.5331927 ] } },
{ "type": "Feature", "properties": { "内容": "フイルケア居宅介護支援センター川崎【居宅介護支援】神奈川県川崎市川崎区宮前町4-12ニューユーフォリア杉山301", "url": "https://www.kaigokensaku.mhlw.go.jp/14/index.php?action_kouhyou_detail_004_kani=true&JigyosyoCd=1475004840-00&ServiceCd=430&Type=search", "url2": null }, "geometry": { "type": "Point", "coordinates": [ 139.7046396, 35.5277829 ] } },
{ "type": "Feature", "properties": { "内容": "ジャパウイン・ケアサービス【居宅介護支援】神奈川県川崎市川崎区渡田3-2-16㈱水口内", "url": "https://www.kaigokensaku.mhlw.go.jp/14/index.php?action_kouhyou_detail_004_kani=true&JigyosyoCd=1475001192-00&ServiceCd=430&Type=search", "url2": "https://www.japawin.jp/" }, "geometry": { "type": "Point", "coordinates": [ 139.703827757104932, 35.51985674430999 ] } },
{ "type": "Feature", "properties": { "内容": "ライフケアじゅん【居宅介護支援】神奈川県川崎市川崎区大島三丁目15番地18号", "url": "https://www.kaigokensaku.mhlw.go.jp/14/index.php?action_kouhyou_detail_004_kani=true&JigyosyoCd=1475004006-00&ServiceCd=430&Type=search", "url2": "https://www.lifecare-jun.info" }, "geometry": { "type": "Point", "coordinates": [ 139.717698716567611, 35.519670061760131 ] } },
{ "type": "Feature", "properties": { "内容": "シュシュ　けあぷらん【居宅介護支援】神奈川県川崎市幸区南加瀬二丁目4番9-2号", "url": "https://www.kaigokensaku.mhlw.go.jp/14/index.php?action_kouhyou_detail_004_kani=true&JigyosyoCd=1475101919-00&ServiceCd=430&Type=search", "url2": null }, "geometry": { "type": "Point", "coordinates": [ 139.66102090000004, 35.5500507 ] } },
{ "type": "Feature", "properties": { "内容": "ケアプランセンター　きびたき【居宅介護支援】神奈川県川崎市幸区北加瀬2-11-5", "url": "https://www.kaigokensaku.mhlw.go.jp/14/index.php?action_kouhyou_detail_004_kani=true&JigyosyoCd=1475102750-00&ServiceCd=430&Type=search", "url2": "https://www.cmcare.co.jp/" }, "geometry": { "type": "Point", "coordinates": [ 139.6629857, 35.5512157 ] } },
{ "type": "Feature", "properties": { "内容": "フルライフ川崎【居宅介護支援】神奈川県川崎市幸区幸町2-593モリファーストビル3階B", "url": "https://www.kaigokensaku.mhlw.go.jp/14/index.php?action_kouhyou_detail_004_kani=true&JigyosyoCd=1475100218-00&ServiceCd=430&Type=search", "url2": "https://www.fulllife.co.jp/branch/" }, "geometry": { "type": "Point", "coordinates": [ 139.699012932601931, 35.537559416062194 ] } },
{ "type": "Feature", "properties": { "内容": "千の風・川崎　居宅介護支援センター【居宅介護支援】神奈川県川崎市幸区小向町6-14メゾンタカハシ101号", "url": "https://www.kaigokensaku.mhlw.go.jp/14/index.php?action_kouhyou_detail_004_kani=true&JigyosyoCd=1475101844-00&ServiceCd=430&Type=search", "url2": "http://www.kenjin.or.jp/sennokaze/kawasaki/" }, "geometry": { "type": "Point", "coordinates": [ 139.695099388816033, 35.548440579446421 ] } },
{ "type": "Feature", "properties": { "内容": "介護サービス双葉　居宅介護支援【居宅介護支援】神奈川県川崎市幸区小向町17-22", "url": "https://www.kaigokensaku.mhlw.go.jp/14/index.php?action_kouhyou_detail_004_kani=true&JigyosyoCd=1475102115-00&ServiceCd=430&Type=search", "url2": null }, "geometry": { "type": "Point", "coordinates": [ 139.695516652778679, 35.547222858480929 ] } },
{ "type": "Feature", "properties": { "内容": "社会福祉法人セイワ　幸風苑居宅介護支援センター【居宅介護支援】神奈川県川崎市幸区都町64-1", "url": "https://www.kaigokensaku.mhlw.go.jp/14/index.php?action_kouhyou_detail_004_kani=true&JigyosyoCd=1475100010-00&ServiceCd=430&Type=search", "url2": "https://seiwa-koufuen.jp/guide/index.html" }, "geometry": { "type": "Point", "coordinates": [ 139.687349499999982, 35.5366494 ] } },
{ "type": "Feature", "properties": { "内容": "生活リハビリクラブ幸【居宅介護支援】神奈川県川崎市幸区南幸町2-4-2ビクセル川崎101", "url": "https://www.kaigokensaku.mhlw.go.jp/14/index.php?action_kouhyou_detail_004_kani=true&JigyosyoCd=1475100028-00&ServiceCd=430&Type=search", "url2": "https://kanagawa.seikatsuclub.coop/" }, "geometry": { "type": "Point", "coordinates": [ 139.691647757147138, 35.534231473561604 ] } },
{ "type": "Feature", "properties": { "内容": "新川崎居宅介護支援事業所【居宅介護支援】神奈川県川崎市幸区新塚越２０１ルリエ新川崎６階", "url": "https://www.kaigokensaku.mhlw.go.jp/14/index.php?action_kouhyou_detail_004_kani=true&JigyosyoCd=1475100036-00&ServiceCd=430&Type=search", "url2": "https://sekishinkai-zaitaku.jp" }, "geometry": { "type": "Point", "coordinates": [ 139.6758807, 35.5504698 ] } },
{ "type": "Feature", "properties": { "内容": "川崎市社会福祉協議会さいわい訪問介護支援事業所【居宅介護支援】神奈川県川崎市幸区戸手本町1-11-5", "url": "https://www.kaigokensaku.mhlw.go.jp/14/index.php?action_kouhyou_detail_004_kani=true&JigyosyoCd=1475100044-00&ServiceCd=430&Type=search", "url2": "http://www.csw-kawasaki.or.jp/" }, "geometry": { "type": "Point", "coordinates": [ 139.686802100000023, 35.5439289 ] } },
{ "type": "Feature", "properties": { "内容": "夢見ケ崎　居宅介護支援センター【居宅介護支援】神奈川県川崎市幸区南加瀬1-7-14", "url": "https://www.kaigokensaku.mhlw.go.jp/14/index.php?action_kouhyou_detail_004_kani=true&JigyosyoCd=1475100143-00&ServiceCd=430&Type=search", "url2": "warakukai.or.jp" }, "geometry": { "type": "Point", "coordinates": [ 139.6677482, 35.5469511 ] } },
{ "type": "Feature", "properties": { "内容": "幸ケアステーション　そよ風【居宅介護支援】神奈川県川崎市幸区南加瀬5-18-12", "url": "https://www.kaigokensaku.mhlw.go.jp/14/index.php?action_kouhyou_detail_004_kani=true&JigyosyoCd=1475100309-00&ServiceCd=430&Type=search", "url2": null }, "geometry": { "type": "Point", "coordinates": [ 139.659335, 35.5505228 ] } },
{ "type": "Feature", "properties": { "内容": "福祉クラブ生協オプティ幸【居宅介護支援】神奈川県川崎市幸区下平間214‐1住宅供給公社フロール川崎下平間", "url": "https://www.kaigokensaku.mhlw.go.jp/14/index.php?action_kouhyou_detail_004_kani=true&JigyosyoCd=1475100705-00&ServiceCd=430&Type=search", "url2": "http://www.fukushi-club.net/" }, "geometry": { "type": "Point", "coordinates": [ 139.6804803, 35.54872 ] } },
{ "type": "Feature", "properties": { "内容": "グレイスケア【居宅介護支援】神奈川県川崎市幸区鹿島田1-6-16", "url": "https://www.kaigokensaku.mhlw.go.jp/14/index.php?action_kouhyou_detail_004_kani=true&JigyosyoCd=1475100713-00&ServiceCd=430&Type=search", "url2": "https://gracecare-saiwai.com/" }, "geometry": { "type": "Point", "coordinates": [ 139.672419799999943, 35.5521029 ] } },
{ "type": "Feature", "properties": { "内容": "介護サービス　木村整形外科リハビリデイセンター【居宅介護支援】神奈川県川崎市幸区南加瀬３－１－１", "url": "https://www.kaigokensaku.mhlw.go.jp/14/index.php?action_kouhyou_detail_004_kani=true&JigyosyoCd=1475100796-00&ServiceCd=430&Type=search", "url2": "http://www.kimuraseikeigeka.com/rehabilitation/" }, "geometry": { "type": "Point", "coordinates": [ 139.667726, 35.5450597 ] } },
{ "type": "Feature", "properties": { "内容": "ゆず居宅介護支援事業所【居宅介護支援】神奈川県川崎市幸区古市場1740-1サンハイツ105", "url": "https://www.kaigokensaku.mhlw.go.jp/14/index.php?action_kouhyou_detail_004_kani=true&JigyosyoCd=1475101059-00&ServiceCd=430&Type=search", "url2": null }, "geometry": { "type": "Point", "coordinates": [ 139.6859187, 35.5494225 ] } },
{ "type": "Feature", "properties": { "内容": "合資会社ライフパートナーさいわい【居宅介護支援】神奈川県川崎市幸区都町１６番地３－１０２", "url": "https://www.kaigokensaku.mhlw.go.jp/14/index.php?action_kouhyou_detail_004_kani=true&JigyosyoCd=1475101372-00&ServiceCd=430&Type=search", "url2": null }, "geometry": { "type": "Point", "coordinates": [ 139.69123410136217, 35.537832627879411 ] } },
{ "type": "Feature", "properties": { "内容": "ケアプランセンターさいわい【居宅介護支援】神奈川県川崎市幸区小倉2-26-13高田事務所1階", "url": "https://www.kaigokensaku.mhlw.go.jp/14/index.php?action_kouhyou_detail_004_kani=true&JigyosyoCd=1475101836-00&ServiceCd=430&Type=search", "url2": "https://acp-co.jp/saiwai/" }, "geometry": { "type": "Point", "coordinates": [ 139.66846780000003, 35.5396967 ] } },
{ "type": "Feature", "properties": { "内容": "アークス居宅介護支援事業所【居宅介護支援】神奈川県川崎市幸区塚越4－345－3セントラルコーポ127", "url": "https://www.kaigokensaku.mhlw.go.jp/14/index.php?action_kouhyou_detail_004_kani=true&JigyosyoCd=1475101851-00&ServiceCd=430&Type=search", "url2": null }, "geometry": { "type": "Point", "coordinates": [ 139.679878923139967, 35.541685161021761 ] } },
{ "type": "Feature", "properties": { "内容": "歩ケア【居宅介護支援】神奈川県川崎市幸区戸手本町1-123-12ドルフ5　203号室", "url": "https://www.kaigokensaku.mhlw.go.jp/14/index.php?action_kouhyou_detail_004_kani=true&JigyosyoCd=1475102149-00&ServiceCd=430&Type=search", "url2": null }, "geometry": { "type": "Point", "coordinates": [ 139.688153238368727, 35.541700138635655 ] } },
{ "type": "Feature", "properties": { "内容": "トータルケアプラン矢向【居宅介護支援】神奈川県川崎市幸区鹿島田2-7-17プラザ新川崎208", "url": "https://www.kaigokensaku.mhlw.go.jp/14/index.php?action_kouhyou_detail_004_kani=true&JigyosyoCd=1475102412-00&ServiceCd=430&Type=search", "url2": null }, "geometry": { "type": "Point", "coordinates": [ 139.6788047, 35.5398137 ] } },
{ "type": "Feature", "properties": { "内容": "株式会社ケアネット　ケアステーション幸【居宅介護支援】神奈川県川崎市幸区下平間144プラザ鹿島田301", "url": "https://www.kaigokensaku.mhlw.go.jp/14/index.php?action_kouhyou_detail_004_kani=true&JigyosyoCd=1475102446-00&ServiceCd=430&Type=search", "url2": null }, "geometry": { "type": "Point", "coordinates": [ 139.677018742327874, 35.551025567226844 ] } },
{ "type": "Feature", "properties": { "内容": "サニーライフ日吉　居宅介護支援事業所【居宅介護支援】神奈川県川崎市幸区矢上15-8有料老人ホーム　サニーライフ日吉", "url": "https://www.kaigokensaku.mhlw.go.jp/14/index.php?action_kouhyou_detail_004_kani=true&JigyosyoCd=1475102479-00&ServiceCd=430&Type=search", "url2": "https://www.sunnylife-group.co.jp/" }, "geometry": { "type": "Point", "coordinates": [ 139.6593985, 35.5543365 ] } },
{ "type": "Feature", "properties": { "内容": "福寿草居宅介護支援事業所【居宅介護支援】神奈川県川崎市幸区南加瀬2-8-15新川崎ロイヤルパレス1階", "url": "https://www.kaigokensaku.mhlw.go.jp/14/index.php?action_kouhyou_detail_004_kani=true&JigyosyoCd=1475102495-00&ServiceCd=430&Type=search", "url2": "https://fukujusou.amebaownd.com/" }, "geometry": { "type": "Point", "coordinates": [ 139.6594241, 35.548944 ] } },
{ "type": "Feature", "properties": { "内容": "ケアプランこみち【居宅介護支援】神奈川県川崎市幸区小向仲野町11-11", "url": "https://www.kaigokensaku.mhlw.go.jp/14/index.php?action_kouhyou_detail_004_kani=true&JigyosyoCd=1475102792-00&ServiceCd=430&Type=search", "url2": null }, "geometry": { "type": "Point", "coordinates": [ 139.697433499999988, 35.5508204 ] } },
{ "type": "Feature", "properties": { "内容": "居宅介護支援　ハートフルコスモライフケア【居宅介護支援】神奈川県川崎市幸区小向町4-11", "url": "https://www.kaigokensaku.mhlw.go.jp/14/index.php?action_kouhyou_detail_004_kani=true&JigyosyoCd=1475100457-00&ServiceCd=430&Type=search", "url2": "http://www7b.biglobe.ne.jp/~iwa-heart-wara/" }, "geometry": { "type": "Point", "coordinates": [ 139.694604, 35.5490531 ] } },
{ "type": "Feature", "properties": { "内容": "ひまわり調剤薬局株式会社　ひまわりケアセンター【居宅介護支援】神奈川県川崎市幸区大宮町6-4ＴＭビル4階", "url": "https://www.kaigokensaku.mhlw.go.jp/14/index.php?action_kouhyou_detail_004_kani=true&JigyosyoCd=1475100549-00&ServiceCd=430&Type=search", "url2": "http://www.himawari-kk.com/carecenter" }, "geometry": { "type": "Point", "coordinates": [ 139.693435435581961, 35.531244210000331 ] } },
{ "type": "Feature", "properties": { "内容": "奏　居宅サービスセンター【居宅介護支援】神奈川県川崎市幸区小向仲野町1-24", "url": "https://www.kaigokensaku.mhlw.go.jp/14/index.php?action_kouhyou_detail_004_kani=true&JigyosyoCd=1475101968-00&ServiceCd=430&Type=search", "url2": "https://www.majima-fukushikai.jp" }, "geometry": { "type": "Point", "coordinates": [ 139.694484500000044, 35.5502252 ] } },
{ "type": "Feature", "properties": { "内容": "第二国道居宅介護支援事業所【居宅介護支援】神奈川県川崎市幸区南幸町3-95", "url": "https://www.kaigokensaku.mhlw.go.jp/14/index.php?action_kouhyou_detail_004_kani=true&JigyosyoCd=1475102339-00&ServiceCd=430&Type=search", "url2": "https://www.dai2kokudou.com" }, "geometry": { "type": "Point", "coordinates": [ 139.685852599999947, 35.5311642 ] } },
{ "type": "Feature", "properties": { "内容": "カームケアプラン【居宅介護支援】神奈川県川崎市幸区戸手３丁目2-10-302", "url": "https://www.kaigokensaku.mhlw.go.jp/14/index.php?action_kouhyou_detail_004_kani=true&JigyosyoCd=1475102636-00&ServiceCd=430&Type=search", "url2": null }, "geometry": { "type": "Point", "coordinates": [ 139.694527599999986, 35.5456481 ] } },
{ "type": "Feature", "properties": { "内容": "ホームケア・紬【居宅介護支援】神奈川県川崎市幸区小倉2-32-27みどり荘103号", "url": "https://www.kaigokensaku.mhlw.go.jp/14/index.php?action_kouhyou_detail_004_kani=true&JigyosyoCd=1475102669-00&ServiceCd=430&Type=search", "url2": null }, "geometry": { "type": "Point", "coordinates": [ 139.666195399999964, 35.5406111 ] } },
{ "type": "Feature", "properties": { "内容": "しらかばケアプランセンター【居宅介護支援】神奈川県川崎市幸区塚越2‐195パステルハイム33", "url": "https://www.kaigokensaku.mhlw.go.jp/14/index.php?action_kouhyou_detail_004_kani=true&JigyosyoCd=1475102677-00&ServiceCd=430&Type=search", "url2": "https://www.shira-kaba.com/company.html" }, "geometry": { "type": "Point", "coordinates": [ 139.6813309, 35.545526 ] } },
{ "type": "Feature", "properties": { "内容": "まいまいケアプラン【居宅介護支援】神奈川県川崎市幸区小向西町4-17", "url": "https://www.kaigokensaku.mhlw.go.jp/14/index.php?action_kouhyou_detail_004_kani=true&JigyosyoCd=1475102727-00&ServiceCd=430&Type=search", "url2": null }, "geometry": { "type": "Point", "coordinates": [ 139.6897318, 35.5462259 ] } },
{ "type": "Feature", "properties": { "内容": "居宅介護支援事業所つなぐ【居宅介護支援】神奈川県川崎市幸区東小倉12-10メゾン新川崎102", "url": "https://www.kaigokensaku.mhlw.go.jp/14/index.php?action_kouhyou_detail_004_kani=true&JigyosyoCd=1475102818-00&ServiceCd=430&Type=search", "url2": null }, "geometry": { "type": "Point", "coordinates": [ 139.6766963, 35.5443835 ] } },
{ "type": "Feature", "properties": { "内容": "ほがらか介護【居宅介護支援】神奈川県川崎市幸区南加瀬２－２０－１南加瀬ビル１１０", "url": "https://www.kaigokensaku.mhlw.go.jp/14/index.php?action_kouhyou_detail_004_kani=true&JigyosyoCd=1475100580-00&ServiceCd=430&Type=search", "url2": null }, "geometry": { "type": "Point", "coordinates": [ 139.663310542327849, 35.545466864782931 ] } },
{ "type": "Feature", "properties": { "内容": "さわやかケア川崎・居宅介護支援【居宅介護支援】神奈川県川崎市幸区柳町7ー2丸登三ビル１階", "url": "https://www.kaigokensaku.mhlw.go.jp/14/index.php?action_kouhyou_detail_004_kani=true&JigyosyoCd=1475100903-00&ServiceCd=430&Type=search", "url2": "https://www.welcia-partners.co.jp/" }, "geometry": { "type": "Point", "coordinates": [ 139.687491300000033, 35.531408599999985 ] } },
{ "type": "Feature", "properties": { "内容": "アラモアナ【居宅介護支援】神奈川県川崎市中原区今井南町19番-47号碧仙堂ビル", "url": "https://www.kaigokensaku.mhlw.go.jp/14/index.php?action_kouhyou_detail_004_kani=true&JigyosyoCd=1475200265-00&ServiceCd=430&Type=search", "url2": null }, "geometry": { "type": "Point", "coordinates": [ 139.655851100000064, 35.5722662 ] } },
{ "type": "Feature", "properties": { "内容": "テラスケアサポート【居宅介護支援】神奈川県川崎市中原区新城1-13-7クレーシェ新城２F", "url": "https://www.kaigokensaku.mhlw.go.jp/14/index.php?action_kouhyou_detail_004_kani=true&JigyosyoCd=1475203434-00&ServiceCd=430&Type=search", "url2": "https://terasu-care.com" }, "geometry": { "type": "Point", "coordinates": [ 139.6308263, 35.5843463 ] } },
{ "type": "Feature", "properties": { "内容": "S－LIFE【居宅介護支援】神奈川県川崎市中原区木月１－３５－７元住吉ＧＳビル３０１", "url": "https://www.kaigokensaku.mhlw.go.jp/14/index.php?action_kouhyou_detail_004_kani=true&JigyosyoCd=1475003768-00&ServiceCd=430&Type=search", "url2": "https://sbs-life.com/" }, "geometry": { "type": "Point", "coordinates": [ 139.701637500000089, 35.525837 ] } },
{ "type": "Feature", "properties": { "内容": "さいわい福祉ケアマネジメントセンター【居宅介護支援】神奈川県川崎市中原区田尻町29-1ライオンズプラザ平間駅前206号室", "url": "https://www.kaigokensaku.mhlw.go.jp/14/index.php?action_kouhyou_detail_004_kani=true&JigyosyoCd=1475102032-00&ServiceCd=430&Type=search", "url2": "http://hp.kaipoke.biz/60r/97860/index_0001.html" }, "geometry": { "type": "Point", "coordinates": [ 139.672154697377181, 35.560608722565725 ] } },
{ "type": "Feature", "properties": { "内容": "アースサポート川崎【居宅介護支援】神奈川県川崎市中原区新丸子町761番地5号", "url": "https://www.kaigokensaku.mhlw.go.jp/14/index.php?action_kouhyou_detail_004_kani=true&JigyosyoCd=1475200018-00&ServiceCd=430&Type=search", "url2": "https://www.earthsupport.co.jp/" }, "geometry": { "type": "Point", "coordinates": [ 139.660394499999938, 35.5796899 ] } },
{ "type": "Feature", "properties": { "内容": "社会福祉法人セイワ　すみよし居宅介護支援センター【居宅介護支援】神奈川県川崎市中原区木月祗園町2-1", "url": "https://www.kaigokensaku.mhlw.go.jp/14/index.php?action_kouhyou_detail_004_kani=true&JigyosyoCd=1475200026-00&ServiceCd=430&Type=search", "url2": "http://www.seiwa-sumiyoshi.jp" }, "geometry": { "type": "Point", "coordinates": [ 139.648685399999977, 35.5689918 ] } },
{ "type": "Feature", "properties": { "内容": "特別養護老人ホームひらまの里　居宅介護支援センター【居宅介護支援】神奈川県川崎市中原区上平間６１１－１", "url": "https://www.kaigokensaku.mhlw.go.jp/14/index.php?action_kouhyou_detail_004_kani=true&JigyosyoCd=1475200083-00&ServiceCd=430&Type=search", "url2": "https://www.kfj.or.jp/shisetsu/kourei/index.html#hirama" }, "geometry": { "type": "Point", "coordinates": [ 139.681368900000052, 35.5568548 ] } },
{ "type": "Feature", "properties": { "内容": "いしん居宅介護支援事業所【居宅介護支援】神奈川県川崎市中原区下小田中２－２－１ピアオオタニ５０４", "url": "https://www.kaigokensaku.mhlw.go.jp/14/index.php?action_kouhyou_detail_004_kani=true&JigyosyoCd=1475200497-00&ServiceCd=430&Type=search", "url2": "http://www.freerun.ne.jp" }, "geometry": { "type": "Point", "coordinates": [ 139.641710200000034, 35.5799705 ] } },
{ "type": "Feature", "properties": { "内容": "株式会社　ケアネット　川崎サービスセンター【居宅介護支援】神奈川県川崎市中原区上小田中4丁目1番1号", "url": "https://www.kaigokensaku.mhlw.go.jp/14/index.php?action_kouhyou_detail_004_kani=true&JigyosyoCd=1475200505-00&ServiceCd=430&Type=search", "url2": "http://www.carenet.fujitsu.com/" }, "geometry": { "type": "Point", "coordinates": [ 139.639954499999931, 35.5833977 ] } },
{ "type": "Feature", "properties": { "内容": "居宅介護支援事業所　ソラスト武蔵小杉【居宅介護支援】神奈川県川崎市中原区小杉町2-227ITOビルII", "url": "https://www.kaigokensaku.mhlw.go.jp/14/index.php?action_kouhyou_detail_004_kani=true&JigyosyoCd=1475200844-00&ServiceCd=430&Type=search", "url2": "http://www.solasto.co.jp/" }, "geometry": { "type": "Point", "coordinates": [ 139.655195100000043, 35.5782874 ] } },
{ "type": "Feature", "properties": { "内容": "ナイスケアたまがわ介護センター【居宅介護支援】神奈川県川崎市中原区中丸子558髙橋ビル1階", "url": "https://www.kaigokensaku.mhlw.go.jp/14/index.php?action_kouhyou_detail_004_kani=true&JigyosyoCd=1475200935-00&ServiceCd=430&Type=search", "url2": "http://www.nice-care.co.jp" }, "geometry": { "type": "Point", "coordinates": [ 139.673758200000066, 35.565298 ] } },
{ "type": "Feature", "properties": { "内容": "東京海上日動みずたま介護ＳＴ元住吉ケアプランセンター【居宅介護支援】神奈川県川崎市中原区木月2-2-3メゾンミール元住吉101号室", "url": "https://www.kaigokensaku.mhlw.go.jp/14/index.php?action_kouhyou_detail_004_kani=true&JigyosyoCd=1475201024-00&ServiceCd=430&Type=search", "url2": "https://www.tnbls.co.jp/mizutama/stations/motosumiyoshi/" }, "geometry": { "type": "Point", "coordinates": [ 139.655042588593233, 35.565801378090462 ] } },
{ "type": "Feature", "properties": { "内容": "有限会社　さくら福祉サービス【居宅介護支援】神奈川県川崎市中原区小杉町1-360-11", "url": "https://www.kaigokensaku.mhlw.go.jp/14/index.php?action_kouhyou_detail_004_kani=true&JigyosyoCd=1475201040-00&ServiceCd=430&Type=search", "url2": "https://sakurafukushisa-bisu.com/operation-details/" }, "geometry": { "type": "Point", "coordinates": [ 139.658333399999947, 35.5815896 ] } },
{ "type": "Feature", "properties": { "内容": "サンケアサービス【居宅介護支援】神奈川県川崎市中原区小杉町1-526-8スカイコート武蔵小杉104号室", "url": "https://www.kaigokensaku.mhlw.go.jp/14/index.php?action_kouhyou_detail_004_kani=true&JigyosyoCd=1475202600-00&ServiceCd=430&Type=search", "url2": null }, "geometry": { "type": "Point", "coordinates": [ 139.659703, 35.5783402 ] } },
{ "type": "Feature", "properties": { "内容": "メロウクラブ居宅介護支援事業所【居宅介護支援】神奈川県川崎市中原区中丸子３４１ファミリエ川崎中丸子１０１", "url": "https://www.kaigokensaku.mhlw.go.jp/14/index.php?action_kouhyou_detail_004_kani=true&JigyosyoCd=1475202634-00&ServiceCd=430&Type=search", "url2": "http://mellow-club.jp/" }, "geometry": { "type": "Point", "coordinates": [ 139.668823317010407, 35.568137210325872 ] } },
{ "type": "Feature", "properties": { "内容": "SOMPOケア元住吉西　居宅介護支援【居宅介護支援】神奈川県川崎市中原区井田2丁目34-22", "url": "https://www.kaigokensaku.mhlw.go.jp/14/index.php?action_kouhyou_detail_004_kani=true&JigyosyoCd=1475202758-00&ServiceCd=430&Type=search", "url2": null }, "geometry": { "type": "Point", "coordinates": [ 139.640149520762634, 35.562790128420325 ] } },
{ "type": "Feature", "properties": { "内容": "居宅介護支援事業所　中川【居宅介護支援】神奈川県川崎市中原区下新城3丁目4番10号ドエルみよし301", "url": "https://www.kaigokensaku.mhlw.go.jp/14/index.php?action_kouhyou_detail_004_kani=true&JigyosyoCd=1475202881-00&ServiceCd=430&Type=search", "url2": null }, "geometry": { "type": "Point", "coordinates": [ 139.630154400000038, 35.5806122 ] } },
{ "type": "Feature", "properties": { "内容": "ツクイ川崎中原【居宅介護支援】神奈川県川崎市中原区木月2-8-5MKビル1階B", "url": "https://www.kaigokensaku.mhlw.go.jp/14/index.php?action_kouhyou_detail_004_kani=true&JigyosyoCd=1475203061-00&ServiceCd=430&Type=search", "url2": "https://www.tsukui.net/home-care/2042/" }, "geometry": { "type": "Point", "coordinates": [ 139.654859, 35.5644245 ] } },
{ "type": "Feature", "properties": { "内容": "医療法人社団　悠悠会　島居宅介護支援センター【居宅介護支援】神奈川県川崎市中原区井田1－2－1スノードーム105号室", "url": "https://www.kaigokensaku.mhlw.go.jp/14/index.php?action_kouhyou_detail_004_kani=true&JigyosyoCd=1475203087-00&ServiceCd=430&Type=search", "url2": "http://www.shima.clinic.com" }, "geometry": { "type": "Point", "coordinates": [ 139.6461856, 35.5627874 ] } },
{ "type": "Feature", "properties": { "内容": "ラフターケア武蔵小杉【居宅介護支援】神奈川県川崎市中原区今井南町26-11パティオ101", "url": "https://www.kaigokensaku.mhlw.go.jp/14/index.php?action_kouhyou_detail_004_kani=true&JigyosyoCd=1475203095-00&ServiceCd=430&Type=search", "url2": null }, "geometry": { "type": "Point", "coordinates": [ 139.655630800000012, 35.571031 ] } },
{ "type": "Feature", "properties": { "内容": "喫茶去居宅介護支援センター【居宅介護支援】神奈川県川崎市中原区新城３－１５－２４", "url": "https://www.kaigokensaku.mhlw.go.jp/14/index.php?action_kouhyou_detail_004_kani=true&JigyosyoCd=1475203129-00&ServiceCd=430&Type=search", "url2": null }, "geometry": { "type": "Point", "coordinates": [ 139.630014593254089, 35.584722626460675 ] } },
{ "type": "Feature", "properties": { "内容": "在宅サポートアンブレラ【居宅介護支援】神奈川県川崎市中原区上丸子天神町69-5アーバンハイツNAⅡ　106", "url": "https://www.kaigokensaku.mhlw.go.jp/14/index.php?action_kouhyou_detail_004_kani=true&JigyosyoCd=1475203228-00&ServiceCd=430&Type=search", "url2": null }, "geometry": { "type": "Point", "coordinates": [ 139.661384093254071, 35.586377374053434 ] } },
{ "type": "Feature", "properties": { "内容": "ケアセンターカノア【居宅介護支援】神奈川県川崎市中原区井田１丁目７番３０号", "url": "https://www.kaigokensaku.mhlw.go.jp/14/index.php?action_kouhyou_detail_004_kani=true&JigyosyoCd=1475203244-00&ServiceCd=430&Type=search", "url2": "https://www.kanoa-care.co.jp" }, "geometry": { "type": "Point", "coordinates": [ 139.6482182, 35.5605906 ] } },
{ "type": "Feature", "properties": { "内容": "ケアプランK【居宅介護支援】神奈川県川崎市中原区下沼部1778", "url": "https://www.kaigokensaku.mhlw.go.jp/14/index.php?action_kouhyou_detail_004_kani=true&JigyosyoCd=1475203251-00&ServiceCd=430&Type=search", "url2": null }, "geometry": { "type": "Point", "coordinates": [ 139.6685077, 35.5717219 ] } },
{ "type": "Feature", "properties": { "内容": "ケアマネステーションはな平間【居宅介護支援】神奈川県川崎市中原区北谷町693番地堀内第二ビル201", "url": "https://www.kaigokensaku.mhlw.go.jp/14/index.php?action_kouhyou_detail_004_kani=true&JigyosyoCd=1475203269-00&ServiceCd=430&Type=search", "url2": "http://hanahirama.com" }, "geometry": { "type": "Point", "coordinates": [ 139.669979471163941, 35.563980920424704 ] } },
{ "type": "Feature", "properties": { "内容": "ふぃーるけあマネジメント【居宅介護支援】神奈川県川崎市中原区井田1-13-48青山コーポ102", "url": "https://www.kaigokensaku.mhlw.go.jp/14/index.php?action_kouhyou_detail_004_kani=true&JigyosyoCd=1475203384-00&ServiceCd=430&Type=search", "url2": null }, "geometry": { "type": "Point", "coordinates": [ 139.645717499999989, 35.5622953 ] } },
{ "type": "Feature", "properties": { "内容": "なかはらケアプランセンター【居宅介護支援】神奈川県川崎市中原区上平間1264メデイホープなかはらビル", "url": "https://www.kaigokensaku.mhlw.go.jp/14/index.php?action_kouhyou_detail_004_kani=true&JigyosyoCd=1475202485-00&ServiceCd=430&Type=search", "url2": "http://www.kai-go.org/" }, "geometry": { "type": "Point", "coordinates": [ 139.679718395770266, 35.557331382289192 ] } },
{ "type": "Feature", "properties": { "内容": "川崎市社会福祉協議会なかはら訪問介護支援事業所【居宅介護支援】神奈川県川崎市中原区今井上町1-34和田ビル1階", "url": "https://www.kaigokensaku.mhlw.go.jp/14/index.php?action_kouhyou_detail_004_kani=true&JigyosyoCd=1475200042-00&ServiceCd=430&Type=search", "url2": "http://www.csw-kawasaki.or.jp/" }, "geometry": { "type": "Point", "coordinates": [ 139.653514596295167, 35.576935635282204 ] } },
{ "type": "Feature", "properties": { "内容": "ライト居宅介護支援センター【居宅介護支援】神奈川県川崎市中原区上小田中3-23-41-1F", "url": "https://www.kaigokensaku.mhlw.go.jp/14/index.php?action_kouhyou_detail_004_kani=true&JigyosyoCd=1475203459-00&ServiceCd=430&Type=search", "url2": "https://light-st.com/" }, "geometry": { "type": "Point", "coordinates": [ 139.6329263, 35.5865379 ] } },
{ "type": "Feature", "properties": { "内容": "ヘルパーステーション　たんぽぽ【居宅介護支援】神奈川県川崎市中原区小杉町3-428小杉山協ビル405", "url": "https://www.kaigokensaku.mhlw.go.jp/14/index.php?action_kouhyou_detail_004_kani=true&JigyosyoCd=1475200240-00&ServiceCd=430&Type=search", "url2": null }, "geometry": { "type": "Point", "coordinates": [ 139.658426476057485, 35.575535815552115 ] } },
{ "type": "Feature", "properties": { "内容": "テレサ介護サービス【居宅介護支援】神奈川県川崎市中原区上丸子八幡町796－4テレサケアホーム新丸子1階", "url": "https://www.kaigokensaku.mhlw.go.jp/14/index.php?action_kouhyou_detail_004_kani=true&JigyosyoCd=1475200356-00&ServiceCd=430&Type=search", "url2": "https://www.teresa.in-the-ocean.com" }, "geometry": { "type": "Point", "coordinates": [ 139.663058099999944, 35.5802371 ] } },
{ "type": "Feature", "properties": { "内容": "社会福祉法人セイワ　みやうち居宅介護支援センター【居宅介護支援】神奈川県川崎市中原区宮内１－２５－１", "url": "https://www.kaigokensaku.mhlw.go.jp/14/index.php?action_kouhyou_detail_004_kani=true&JigyosyoCd=1475200604-00&ServiceCd=430&Type=search", "url2": "https://seiwa-miyauchi.jp/" }, "geometry": { "type": "Point", "coordinates": [ 139.641070200000058, 35.5944209 ] } },
{ "type": "Feature", "properties": { "内容": "なの花ケアセンター【居宅介護支援】神奈川県川崎市中原区宮内4-27-8アメニティ1F", "url": "https://www.kaigokensaku.mhlw.go.jp/14/index.php?action_kouhyou_detail_004_kani=true&JigyosyoCd=1475201131-00&ServiceCd=430&Type=search", "url2": null }, "geometry": { "type": "Point", "coordinates": [ 139.642473399999972, 35.5875248 ] } },
{ "type": "Feature", "properties": { "内容": "社会福祉法人春日会　居宅介護支援事業所等々力【居宅介護支援】神奈川県川崎市中原区宮内4丁目19番26号特別養護老人ホーム内", "url": "https://www.kaigokensaku.mhlw.go.jp/14/index.php?action_kouhyou_detail_004_kani=true&JigyosyoCd=1475201289-00&ServiceCd=430&Type=search", "url2": "https://kasugakai1.wixsite.com/kasugakai" }, "geometry": { "type": "Point", "coordinates": [ 139.644850799999972, 35.5886273 ] } },
{ "type": "Feature", "properties": { "内容": "ケアプランTACK【居宅介護支援】神奈川県川崎市中原区宮内２－１５－１５", "url": "https://www.kaigokensaku.mhlw.go.jp/14/index.php?action_kouhyou_detail_004_kani=true&JigyosyoCd=1475201370-00&ServiceCd=430&Type=search", "url2": null }, "geometry": { "type": "Point", "coordinates": [ 139.639465100000052, 35.5908715 ] } },
{ "type": "Feature", "properties": { "内容": "居宅介護支援事業所　ほりかわ【居宅介護支援】神奈川県川崎市中原区宮内3-19-21", "url": "https://www.kaigokensaku.mhlw.go.jp/14/index.php?action_kouhyou_detail_004_kani=true&JigyosyoCd=1475201453-00&ServiceCd=430&Type=search", "url2": null }, "geometry": { "type": "Point", "coordinates": [ 139.6423036, 35.5917768 ] } },
{ "type": "Feature", "properties": { "内容": "ホッとスペース中原【居宅介護支援】神奈川県川崎市中原区下小田中1-19-21", "url": "https://www.kaigokensaku.mhlw.go.jp/14/index.php?action_kouhyou_detail_004_kani=true&JigyosyoCd=1475201743-00&ServiceCd=430&Type=search", "url2": "https://hotspacenakahara.org/service/elderly_support/consignment_care/" }, "geometry": { "type": "Point", "coordinates": [ 139.637355435191807, 35.579641462691939 ] } },
{ "type": "Feature", "properties": { "内容": "よもぎ屋ライフアンドヘルス居宅介護支援事業所【居宅介護支援】神奈川県川崎市中原区上丸子山王町２－１３７３山王ビル1Ｆ", "url": "https://www.kaigokensaku.mhlw.go.jp/14/index.php?action_kouhyou_detail_004_kani=true&JigyosyoCd=1475201859-00&ServiceCd=430&Type=search", "url2": "https://yomogiya-lh.sakura.ne.jp/service/support" }, "geometry": { "type": "Point", "coordinates": [ 139.666647729100106, 35.576262649281325 ] } },
{ "type": "Feature", "properties": { "内容": "アイポケットケアセンター【居宅介護支援】神奈川県川崎市中原区上小田中3-23-１美春ビル101・102", "url": "https://www.kaigokensaku.mhlw.go.jp/14/index.php?action_kouhyou_detail_004_kani=true&JigyosyoCd=1475201891-00&ServiceCd=430&Type=search", "url2": "https://ipoket-kaigo.com" }, "geometry": { "type": "Point", "coordinates": [ 139.6329558, 35.586056700000015 ] } },
{ "type": "Feature", "properties": { "内容": "居宅介護支援　なかはら介護相談所【居宅介護支援】神奈川県川崎市中原区下小田中5丁目11-47斉藤貸事務所", "url": "https://www.kaigokensaku.mhlw.go.jp/14/index.php?action_kouhyou_detail_004_kani=true&JigyosyoCd=1475202493-00&ServiceCd=430&Type=search", "url2": null }, "geometry": { "type": "Point", "coordinates": [ 139.633528100000035, 35.5743326 ] } },
{ "type": "Feature", "properties": { "内容": "アップル居宅介護支援【居宅介護支援】神奈川県川崎市中原区宮内3-4-21", "url": "https://www.kaigokensaku.mhlw.go.jp/14/index.php?action_kouhyou_detail_004_kani=true&JigyosyoCd=1475202840-00&ServiceCd=430&Type=search", "url2": null }, "geometry": { "type": "Point", "coordinates": [ 139.645204469492114, 35.590348060420617 ] } },
{ "type": "Feature", "properties": { "内容": "居宅介護支援事業所Tulip【居宅介護支援】神奈川県川崎市中原区上丸子八幡町596メイアパート102", "url": "https://www.kaigokensaku.mhlw.go.jp/14/index.php?action_kouhyou_detail_004_kani=true&JigyosyoCd=1475203301-00&ServiceCd=430&Type=search", "url2": null }, "geometry": { "type": "Point", "coordinates": [ 139.6661226, 35.582706 ] } },
{ "type": "Feature", "properties": { "内容": "樫の大樹介護保険センター【居宅介護支援】神奈川県川崎市中原区上丸子八幡町1473プラスワンビル1階", "url": "https://www.kaigokensaku.mhlw.go.jp/14/index.php?action_kouhyou_detail_004_kani=true&JigyosyoCd=1475203335-00&ServiceCd=430&Type=search", "url2": "https://shuhokai.or.jp/office/nakahara-ku/cm-kashi.php" }, "geometry": { "type": "Point", "coordinates": [ 139.666287399999987, 35.5803824 ] } },
{ "type": "Feature", "properties": { "内容": "ソフィアメディケアプラン武蔵小杉【居宅介護支援】神奈川県川崎市中原区小杉町1-547COURAGE戸建", "url": "https://www.kaigokensaku.mhlw.go.jp/14/index.php?action_kouhyou_detail_004_kani=true&JigyosyoCd=1475203483-00&ServiceCd=430&Type=search", "url2": "https://www.sophiamedi.co.jp/" }, "geometry": { "type": "Point", "coordinates": [ 139.6593719, 35.5821987 ] } },
{ "type": "Feature", "properties": { "内容": "介護老人保健施設　たかつ【居宅介護支援】神奈川県川崎市高津区子母口４９８－２", "url": "https://www.kaigokensaku.mhlw.go.jp/14/index.php?action_kouhyou_detail_004_kani=true&JigyosyoCd=1455380001-00&ServiceCd=430&Type=search", "url2": "http://www.sounkai.com" }, "geometry": { "type": "Point", "coordinates": [ 139.6324727, 35.5724079 ] } },
{ "type": "Feature", "properties": { "内容": "住吉ヘルパーステーション【居宅介護支援】神奈川県川崎市高津区子母口879-8テラス子母口１－Ｄ", "url": "https://www.kaigokensaku.mhlw.go.jp/14/index.php?action_kouhyou_detail_004_kani=true&JigyosyoCd=1475201669-00&ServiceCd=430&Type=search", "url2": "http://www.sumiyoshi-helperstation.jp/" }, "geometry": { "type": "Point", "coordinates": [ 139.628583442891539, 35.570174192027999 ] } },
{ "type": "Feature", "properties": { "内容": "西口接骨院　居宅介護支援事業所【居宅介護支援】神奈川県川崎市高津区新作6-7-32ハイツ双葉102号", "url": "https://www.kaigokensaku.mhlw.go.jp/14/index.php?action_kouhyou_detail_004_kani=true&JigyosyoCd=1475202006-00&ServiceCd=430&Type=search", "url2": null }, "geometry": { "type": "Point", "coordinates": [ 139.624383644288656, 35.58589187390654 ] } },
{ "type": "Feature", "properties": { "内容": "フジケンシルバーサービス【居宅介護支援】神奈川県川崎市高津区下野毛3-2-8", "url": "https://www.kaigokensaku.mhlw.go.jp/14/index.php?action_kouhyou_detail_004_kani=true&JigyosyoCd=1475300024-00&ServiceCd=430&Type=search", "url2": null }, "geometry": { "type": "Point", "coordinates": [ 139.615877165389946, 35.599551804481976 ] } },
{ "type": "Feature", "properties": { "内容": "社会福祉法人セイワ　すえなが居宅介護支援センター【居宅介護支援】神奈川県川崎市高津区末長1-3-13", "url": "https://www.kaigokensaku.mhlw.go.jp/14/index.php?action_kouhyou_detail_004_kani=true&JigyosyoCd=1475300032-00&ServiceCd=430&Type=search", "url2": "https://www.seiwa-suenaga.jp/" }, "geometry": { "type": "Point", "coordinates": [ 139.608646099999987, 35.5953073 ] } },
{ "type": "Feature", "properties": { "内容": "川崎市社会福祉協議会たかつ訪問介護支援事業所【居宅介護支援】神奈川県川崎市高津区久本3-1-26エムビルディング1階", "url": "https://www.kaigokensaku.mhlw.go.jp/14/index.php?action_kouhyou_detail_004_kani=true&JigyosyoCd=1475300057-00&ServiceCd=430&Type=search", "url2": "http://www.csw-kawasaki.or.jp" }, "geometry": { "type": "Point", "coordinates": [ 139.613198199999943, 35.5978152 ] } },
{ "type": "Feature", "properties": { "内容": "たすけあいだんだん【居宅介護支援】神奈川県川崎市高津区下作延2-20－2コーポ窪倉２０２号室", "url": "https://www.kaigokensaku.mhlw.go.jp/14/index.php?action_kouhyou_detail_004_kani=true&JigyosyoCd=1475300370-00&ServiceCd=430&Type=search", "url2": null }, "geometry": { "type": "Point", "coordinates": [ 139.6080488, 35.5986318 ] } },
{ "type": "Feature", "properties": { "内容": "生活協同組合パルシステム神奈川ぬくもり川崎【居宅介護支援】神奈川県川崎市高津区子母口274-1セントラルハイツ102号", "url": "https://www.kaigokensaku.mhlw.go.jp/14/index.php?action_kouhyou_detail_004_kani=true&JigyosyoCd=1475300453-00&ServiceCd=430&Type=search", "url2": "https://nukumori.palsystem-kanagawa.coop/area/" }, "geometry": { "type": "Point", "coordinates": [ 139.6297313, 35.571985800000022 ] } },
{ "type": "Feature", "properties": { "内容": "虹をさがす会居宅介護支援センター【居宅介護支援】神奈川県川崎市高津区子母口458-2パールハイツ201号室", "url": "https://www.kaigokensaku.mhlw.go.jp/14/index.php?action_kouhyou_detail_004_kani=true&JigyosyoCd=1475300867-00&ServiceCd=430&Type=search", "url2": null }, "geometry": { "type": "Point", "coordinates": [ 139.631011271966599, 35.574108070451913 ] } },
{ "type": "Feature", "properties": { "内容": "川崎医療生活協同組合　溝の口ケアプランセンター【居宅介護支援】神奈川県川崎市高津区久地4-19-83階", "url": "https://www.kaigokensaku.mhlw.go.jp/14/index.php?action_kouhyou_detail_004_kani=true&JigyosyoCd=1475301030-00&ServiceCd=430&Type=search", "url2": "http://www.kai-go.org/" }, "geometry": { "type": "Point", "coordinates": [ 139.593755660718358, 35.609201861881594 ] } },
{ "type": "Feature", "properties": { "内容": "七樹居宅介護支援センター【居宅介護支援】神奈川県川崎市高津区坂戸1-6-23グレース秀栄101", "url": "https://www.kaigokensaku.mhlw.go.jp/14/index.php?action_kouhyou_detail_004_kani=true&JigyosyoCd=1475301048-00&ServiceCd=430&Type=search", "url2": "http://www.nanaki-kaigo.com/" }, "geometry": { "type": "Point", "coordinates": [ 139.619599854596345, 35.598585741007263 ] } },
{ "type": "Feature", "properties": { "内容": "ケアパートナー優心【居宅介護支援】神奈川県川崎市高津区子母口７０１番地２号アメニティハイム１０１号室", "url": "https://www.kaigokensaku.mhlw.go.jp/14/index.php?action_kouhyou_detail_004_kani=true&JigyosyoCd=1475301360-00&ServiceCd=430&Type=search", "url2": null }, "geometry": { "type": "Point", "coordinates": [ 139.634129724112, 35.56895365562454 ] } },
{ "type": "Feature", "properties": { "内容": "あっぷるケアプランセンター溝の口【居宅介護支援】神奈川県川崎市高津区下作延2-7-41コロナーデ溝口206", "url": "https://www.kaigokensaku.mhlw.go.jp/14/index.php?action_kouhyou_detail_004_kani=true&JigyosyoCd=1475301402-00&ServiceCd=430&Type=search", "url2": "http://www.ceremonia.co.jp" }, "geometry": { "type": "Point", "coordinates": [ 139.60706, 35.5995344 ] } },
{ "type": "Feature", "properties": { "内容": "にこりけあ橘【居宅介護支援】神奈川県川崎市高津区子母口1018番地1カーサ・イトーB101", "url": "https://www.kaigokensaku.mhlw.go.jp/14/index.php?action_kouhyou_detail_004_kani=true&JigyosyoCd=1475302046-00&ServiceCd=430&Type=search", "url2": null }, "geometry": { "type": "Point", "coordinates": [ 139.626429, 35.5698889 ] } },
{ "type": "Feature", "properties": { "内容": "久末居宅介護支援センター【居宅介護支援】神奈川県川崎市高津区東野川2-33-7コーポ吉澤2F", "url": "https://www.kaigokensaku.mhlw.go.jp/14/index.php?action_kouhyou_detail_004_kani=true&JigyosyoCd=1475302228-00&ServiceCd=430&Type=search", "url2": "https://www.foryou.or.jp/corp4/hisasuekyotaku/" }, "geometry": { "type": "Point", "coordinates": [ 139.614357068509008, 35.565976874839066 ] } },
{ "type": "Feature", "properties": { "内容": "和楽館居宅サービスセンター【居宅介護支援】神奈川県川崎市高津区千年141-2特別養護老人ホーム和楽館", "url": "https://www.kaigokensaku.mhlw.go.jp/14/index.php?action_kouhyou_detail_004_kani=true&JigyosyoCd=1475302244-00&ServiceCd=430&Type=search", "url2": "https://www.warakukai.or.jp/" }, "geometry": { "type": "Point", "coordinates": [ 139.62111546997528, 35.574462523569487 ] } },
{ "type": "Feature", "properties": { "内容": "ケアプランしのき【居宅介護支援】神奈川県川崎市高津区下作延4-22-38ワコーレ溝の口405", "url": "https://www.kaigokensaku.mhlw.go.jp/14/index.php?action_kouhyou_detail_004_kani=true&JigyosyoCd=1475302269-00&ServiceCd=430&Type=search", "url2": null }, "geometry": { "type": "Point", "coordinates": [ 139.6023411, 35.5985651 ] } },
{ "type": "Feature", "properties": { "内容": "指定相談支援　アットコレット新城【居宅介護支援】神奈川県川崎市高津区末長4-26-44　井上ビル2階", "url": "https://www.kaigokensaku.mhlw.go.jp/14/index.php?action_kouhyou_detail_004_kani=true&JigyosyoCd=1475302657-00&ServiceCd=430&Type=search", "url2": "https://collet.at-care.co.jp/" }, "geometry": { "type": "Point", "coordinates": [ 139.628264374850858, 35.588131029569709 ] } },
{ "type": "Feature", "properties": { "内容": "にじの里　居宅介護支援センター【居宅介護支援】神奈川県川崎市高津区溝口2丁目14番地4号ＭＳ第２ﾋﾞﾙ2階", "url": "https://www.kaigokensaku.mhlw.go.jp/14/index.php?action_kouhyou_detail_004_kani=true&JigyosyoCd=1475302780-00&ServiceCd=430&Type=search", "url2": null }, "geometry": { "type": "Point", "coordinates": [ 139.611974104103638, 35.601497267237647 ] } },
{ "type": "Feature", "properties": { "内容": "SOMPOケア　川崎高津　居宅介護支援【居宅介護支援】神奈川県川崎市高津区溝口3－11－17溝口パークホームズ2-A", "url": "https://www.kaigokensaku.mhlw.go.jp/14/index.php?action_kouhyou_detail_004_kani=true&JigyosyoCd=1475302913-00&ServiceCd=430&Type=search", "url2": "https://www.sompocare.com/" }, "geometry": { "type": "Point", "coordinates": [ 139.613116600000012, 35.6031006 ] } },
{ "type": "Feature", "properties": { "内容": "椿の大樹介護保険センター【居宅介護支援】神奈川県川崎市高津区久本3-3-2溝の口第一生命ビルディング2階", "url": "https://www.kaigokensaku.mhlw.go.jp/14/index.php?action_kouhyou_detail_004_kani=true&JigyosyoCd=1475302962-00&ServiceCd=430&Type=search", "url2": "http://shuhokai.or.jp/" }, "geometry": { "type": "Point", "coordinates": [ 139.613896956047483, 35.597181875584411 ] } },
{ "type": "Feature", "properties": { "内容": "セルフサポート溝の口【居宅介護支援】神奈川県川崎市高津区下作延2-14-15-211", "url": "https://www.kaigokensaku.mhlw.go.jp/14/index.php?action_kouhyou_detail_004_kani=true&JigyosyoCd=1475303127-00&ServiceCd=430&Type=search", "url2": null }, "geometry": { "type": "Point", "coordinates": [ 139.607110799999987, 35.5987835 ] } },
{ "type": "Feature", "properties": { "内容": "高津山桜の森介護保険センター【居宅介護支援】神奈川県川崎市高津区久末1510-10高津山桜の森", "url": "https://www.kaigokensaku.mhlw.go.jp/14/index.php?action_kouhyou_detail_004_kani=true&JigyosyoCd=1475303168-00&ServiceCd=430&Type=search", "url2": "https://shuhokai.or.jp/" }, "geometry": { "type": "Point", "coordinates": [ 139.622466783991968, 35.562851625484399 ] } },
{ "type": "Feature", "properties": { "内容": "ピースケアサービス【居宅介護支援】神奈川県川崎市高津区梶ヶ谷4-1-1クロスポイント梶ヶ谷101", "url": "https://www.kaigokensaku.mhlw.go.jp/14/index.php?action_kouhyou_detail_004_kani=true&JigyosyoCd=1475303176-00&ServiceCd=430&Type=search", "url2": null }, "geometry": { "type": "Point", "coordinates": [ 139.604443366080915, 35.588420033642393 ] } },
{ "type": "Feature", "properties": { "内容": "アミカちとせ介護センタ―【居宅介護支援】神奈川県川崎市高津区千年７６", "url": "https://www.kaigokensaku.mhlw.go.jp/14/index.php?action_kouhyou_detail_004_kani=true&JigyosyoCd=1475303309-00&ServiceCd=430&Type=search", "url2": null }, "geometry": { "type": "Point", "coordinates": [ 139.6285332, 35.576925 ] } },
{ "type": "Feature", "properties": { "内容": "ケアプラン　ウィル【居宅介護支援】神奈川県川崎市高津区子母口403-1第6たちばなビル103", "url": "https://www.kaigokensaku.mhlw.go.jp/14/index.php?action_kouhyou_detail_004_kani=true&JigyosyoCd=1475303366-00&ServiceCd=430&Type=search", "url2": null }, "geometry": { "type": "Point", "coordinates": [ 139.6284082, 35.5753635 ] } },
{ "type": "Feature", "properties": { "内容": "桜ケアプラン川崎【居宅介護支援】神奈川県川崎市高津区宇奈根635－2", "url": "https://www.kaigokensaku.mhlw.go.jp/14/index.php?action_kouhyou_detail_004_kani=true&JigyosyoCd=1475303374-00&ServiceCd=430&Type=search", "url2": "https://jala.co.jp/facility/sakura-care-kawasaki/" }, "geometry": { "type": "Point", "coordinates": [ 139.600438700000012, 35.6130883 ] } },
{ "type": "Feature", "properties": { "内容": "パナソニックエイジフリーケアセンター川崎ちとせ・ケアマネジメント【居宅介護支援】神奈川県川崎市高津区千年768", "url": "https://www.kaigokensaku.mhlw.go.jp/14/index.php?action_kouhyou_detail_004_kani=true&JigyosyoCd=1475303440-00&ServiceCd=430&Type=search", "url2": "https://sumai.panasonic.jp/agefree/map/detail.php?id=412" }, "geometry": { "type": "Point", "coordinates": [ 139.627334499999989, 35.579791670198738 ] } },
{ "type": "Feature", "properties": { "内容": "合同会社わかばケア【居宅介護支援】神奈川県川崎市高津区久末1894番地3", "url": "https://www.kaigokensaku.mhlw.go.jp/14/index.php?action_kouhyou_detail_004_kani=true&JigyosyoCd=1475301956-00&ServiceCd=430&Type=search", "url2": null }, "geometry": { "type": "Point", "coordinates": [ 139.628736540722684, 35.56767262349198 ] } },
{ "type": "Feature", "properties": { "内容": "あおばケアサービス【居宅介護支援】神奈川県川崎市高津区久地4-12-1川辺ビル201", "url": "https://www.kaigokensaku.mhlw.go.jp/14/index.php?action_kouhyou_detail_004_kani=true&JigyosyoCd=1475303739-00&ServiceCd=430&Type=search", "url2": "http://noichigo.co.jp/あおばケアサービス%e3%80%80居宅介護支援事業/" }, "geometry": { "type": "Point", "coordinates": [ 139.5922089, 35.6108454 ] } },
{ "type": "Feature", "properties": { "内容": "ユニスマイル薬局溝口中央店【居宅介護支援】神奈川県川崎市高津区溝口１－１６－３", "url": "https://www.kaigokensaku.mhlw.go.jp/14/index.php?action_kouhyou_detail_004_kani=true&JigyosyoCd=1445381181-00&ServiceCd=430&Type=search", "url2": "https://unismile.co.jp/shop/mizonokuchichuou-kyotaku/" }, "geometry": { "type": "Point", "coordinates": [ 139.612770299999966, 35.6008926 ] } },
{ "type": "Feature", "properties": { "内容": "川崎市恵楽園居宅介護支援センター【居宅介護支援】神奈川県川崎市高津区下作延2-26－１", "url": "https://www.kaigokensaku.mhlw.go.jp/14/index.php?action_kouhyou_detail_004_kani=true&JigyosyoCd=1475301105-00&ServiceCd=430&Type=search", "url2": "https://kawasakiseifu.or.jp/" }, "geometry": { "type": "Point", "coordinates": [ 139.605621400000018, 35.5972875 ] } },
{ "type": "Feature", "properties": { "内容": "居宅介護支援センターアズサ【居宅介護支援】神奈川県川崎市高津区諏訪1-8-3", "url": "https://www.kaigokensaku.mhlw.go.jp/14/index.php?action_kouhyou_detail_004_kani=true&JigyosyoCd=1475301154-00&ServiceCd=430&Type=search", "url2": "http://www.azusa-care.jp/252378493" }, "geometry": { "type": "Point", "coordinates": [ 139.623207073619994, 35.606293343243216 ] } },
{ "type": "Feature", "properties": { "内容": "ケアプランステーション　ふわり【居宅介護支援】神奈川県川崎市高津区二子5-11-16201", "url": "https://www.kaigokensaku.mhlw.go.jp/14/index.php?action_kouhyou_detail_004_kani=true&JigyosyoCd=1475301980-00&ServiceCd=430&Type=search", "url2": "http://www.medixasia.co.jp/" }, "geometry": { "type": "Point", "coordinates": [ 139.617614412441981, 35.601286533146073 ] } },
{ "type": "Feature", "properties": { "内容": "あおぞらケアサービス【居宅介護支援】神奈川県川崎市高津区東野川2-23-1ハイホーム鷺沼東1006", "url": "https://www.kaigokensaku.mhlw.go.jp/14/index.php?action_kouhyou_detail_004_kani=true&JigyosyoCd=1475302541-00&ServiceCd=430&Type=search", "url2": "https://www.kss-care.jp" }, "geometry": { "type": "Point", "coordinates": [ 139.6132778, 35.5668422 ] } },
{ "type": "Feature", "properties": { "内容": "たちばなケアプランセンター【居宅介護支援】神奈川県川崎市高津区千年141-3", "url": "https://www.kaigokensaku.mhlw.go.jp/14/index.php?action_kouhyou_detail_004_kani=true&JigyosyoCd=1475303093-00&ServiceCd=430&Type=search", "url2": "https://www.warakukai.or.jp" }, "geometry": { "type": "Point", "coordinates": [ 139.6208848, 35.5747854 ] } },
{ "type": "Feature", "properties": { "内容": "エリーズケアサポート【居宅介護支援】神奈川県川崎市高津区溝口2-26-6プロプリエテール三田103", "url": "https://www.kaigokensaku.mhlw.go.jp/14/index.php?action_kouhyou_detail_004_kani=true&JigyosyoCd=1475303689-00&ServiceCd=430&Type=search", "url2": "https://www.ericare1533.info/" }, "geometry": { "type": "Point", "coordinates": [ 139.610715199999987, 35.60215 ] } },
{ "type": "Feature", "properties": { "内容": "若武者ケア高津　居宅介護支援事業所【居宅介護支援】神奈川県川崎市高津区下作延5-5-1", "url": "https://www.kaigokensaku.mhlw.go.jp/14/index.php?action_kouhyou_detail_004_kani=true&JigyosyoCd=1475303606-00&ServiceCd=430&Type=search", "url2": null }, "geometry": { "type": "Point", "coordinates": [ 139.6191911, 35.5982501 ] } },
{ "type": "Feature", "properties": { "内容": "居宅支援事業所すげのさと【居宅介護支援】神奈川県川崎市多摩区菅北浦３－１０－２０", "url": "https://www.kaigokensaku.mhlw.go.jp/14/index.php?action_kouhyou_detail_004_kani=true&JigyosyoCd=1475400055-00&ServiceCd=430&Type=search", "url2": "https://tokushin-suge.com" }, "geometry": { "type": "Point", "coordinates": [ 139.5323237, 35.6314816 ] } },
{ "type": "Feature", "properties": { "内容": "特別養護老人ホーム多摩川の里居宅介護支援センター【居宅介護支援】神奈川県川崎市多摩区中野島6-13-5", "url": "https://www.kaigokensaku.mhlw.go.jp/14/index.php?action_kouhyou_detail_004_kani=true&JigyosyoCd=1475400105-00&ServiceCd=430&Type=search", "url2": "http://www.kfj.or.jp/" }, "geometry": { "type": "Point", "coordinates": [ 139.5517691, 35.632287 ] } },
{ "type": "Feature", "properties": { "内容": "よみうりランド居宅介護支援事業所【居宅介護支援】神奈川県川崎市多摩区菅仙谷4-1-3", "url": "https://www.kaigokensaku.mhlw.go.jp/14/index.php?action_kouhyou_detail_004_kani=true&JigyosyoCd=1475402028-00&ServiceCd=430&Type=search", "url2": "http://www.landcare.jp/" }, "geometry": { "type": "Point", "coordinates": [ 139.522674507687384, 35.621814158445886 ] } },
{ "type": "Feature", "properties": { "内容": "ケアマネステーションタウンナース【居宅介護支援】神奈川県川崎市多摩区菅北浦二丁目17番8号エスポワール21　1F", "url": "https://www.kaigokensaku.mhlw.go.jp/14/index.php?action_kouhyou_detail_004_kani=true&JigyosyoCd=1475402630-00&ServiceCd=430&Type=search", "url2": "http://www.town-nurse.co.jp/" }, "geometry": { "type": "Point", "coordinates": [ 139.535426199999961, 35.6312399 ] } },
{ "type": "Feature", "properties": { "内容": "彩ケアーズ居宅介護支援事業所【居宅介護支援】神奈川県川崎市多摩区中野島三丁目16-48シャトル・ド・浅谷305", "url": "https://www.kaigokensaku.mhlw.go.jp/14/index.php?action_kouhyou_detail_004_kani=true&JigyosyoCd=1475402663-00&ServiceCd=430&Type=search", "url2": null }, "geometry": { "type": "Point", "coordinates": [ 139.550510728836088, 35.628357520533079 ] } },
{ "type": "Feature", "properties": { "内容": "リリアンケア稲田堤【居宅介護支援】神奈川県川崎市多摩区菅稲田堤1-13-30プランドール101", "url": "https://www.kaigokensaku.mhlw.go.jp/14/index.php?action_kouhyou_detail_004_kani=true&JigyosyoCd=1475403018-00&ServiceCd=430&Type=search", "url2": "https://lc-care.lilyancare.com/" }, "geometry": { "type": "Point", "coordinates": [ 139.535264899999987, 35.6374417 ] } },
{ "type": "Feature", "properties": { "内容": "医療法人社団三医会　訪問看護ステーション長沢ひまわり【居宅介護支援】神奈川県川崎市多摩区長沢１－２７－７２階", "url": "https://www.kaigokensaku.mhlw.go.jp/14/index.php?action_kouhyou_detail_004_kani=true&JigyosyoCd=1465490008-00&ServiceCd=430&Type=search", "url2": "https://tsurukawakinen.or.jp/visit-nurse/" }, "geometry": { "type": "Point", "coordinates": [ 139.544182407497686, 35.604108274558698 ] } },
{ "type": "Feature", "properties": { "内容": "あうん介護センター【居宅介護支援】神奈川県川崎市多摩区桝形2－23－4ミエコート101", "url": "https://www.kaigokensaku.mhlw.go.jp/14/index.php?action_kouhyou_detail_004_kani=true&JigyosyoCd=1475400022-00&ServiceCd=430&Type=search", "url2": null }, "geometry": { "type": "Point", "coordinates": [ 139.5570214, 35.6188 ] } },
{ "type": "Feature", "properties": { "内容": "川崎市社会福祉協議会たま・あさお訪問介護支援事業所【居宅介護支援】神奈川県川崎市多摩区登戸1891第３井出ビル３階", "url": "https://www.kaigokensaku.mhlw.go.jp/14/index.php?action_kouhyou_detail_004_kani=true&JigyosyoCd=1475400030-00&ServiceCd=430&Type=search", "url2": "http://www.csw-kawasaki.or.jp" }, "geometry": { "type": "Point", "coordinates": [ 139.560796699999969, 35.6199781 ] } },
{ "type": "Feature", "properties": { "内容": "アリスケアプランセンター【居宅介護支援】神奈川県川崎市多摩区堰1-22-1メゾンドール多摩川・330", "url": "https://www.kaigokensaku.mhlw.go.jp/14/index.php?action_kouhyou_detail_004_kani=true&JigyosyoCd=1475401343-00&ServiceCd=430&Type=search", "url2": null }, "geometry": { "type": "Point", "coordinates": [ 139.59601, 35.6159039 ] } },
{ "type": "Feature", "properties": { "内容": "リリアン・ケアサービス【居宅介護支援】神奈川県川崎市多摩区西生田2-6-21リリアンビル４F", "url": "https://www.kaigokensaku.mhlw.go.jp/14/index.php?action_kouhyou_detail_004_kani=true&JigyosyoCd=1475401574-00&ServiceCd=430&Type=search", "url2": "http://www.lilyancare.com/" }, "geometry": { "type": "Point", "coordinates": [ 139.547052050926141, 35.622848905679355 ] } },
{ "type": "Feature", "properties": { "内容": "ゆりが丘ケアスタッフ【居宅介護支援】神奈川県川崎市多摩区登戸3375-1第2TSSビル701", "url": "https://www.kaigokensaku.mhlw.go.jp/14/index.php?action_kouhyou_detail_004_kani=true&JigyosyoCd=1475401905-00&ServiceCd=430&Type=search", "url2": "yurigaoka-carestaff4166.jp" }, "geometry": { "type": "Point", "coordinates": [ 139.568916415344233, 35.619604981689129 ] } },
{ "type": "Feature", "properties": { "内容": "くるみケアプラン【居宅介護支援】神奈川県川崎市多摩区登戸３０３１第一登戸コーポ１階", "url": "https://www.kaigokensaku.mhlw.go.jp/14/index.php?action_kouhyou_detail_004_kani=true&JigyosyoCd=1475402044-00&ServiceCd=430&Type=search", "url2": null }, "geometry": { "type": "Point", "coordinates": [ 139.568929300000036, 35.6177979 ] } },
{ "type": "Feature", "properties": { "内容": "たまふれあい居宅介護支援事業所【居宅介護支援】神奈川県川崎市多摩区登戸1763ライフガーデン向ヶ丘2階", "url": "https://www.kaigokensaku.mhlw.go.jp/14/index.php?action_kouhyou_detail_004_kani=true&JigyosyoCd=1475402531-00&ServiceCd=430&Type=search", "url2": "http://tama-fureai.com/" }, "geometry": { "type": "Point", "coordinates": [ 139.557356826597584, 35.61840896754655 ] } },
{ "type": "Feature", "properties": { "内容": "のぞみケアプランニングチーム登戸【居宅介護支援】神奈川県川崎市多摩区宿河原２丁目３０番４号GS向ヶ丘２０１", "url": "https://www.kaigokensaku.mhlw.go.jp/14/index.php?action_kouhyou_detail_004_kani=true&JigyosyoCd=1475402549-00&ServiceCd=430&Type=search", "url2": "https://nozomi-medical.co.jp" }, "geometry": { "type": "Point", "coordinates": [ 139.570654399999967, 35.6143902 ] } },
{ "type": "Feature", "properties": { "内容": "株式会社　せりたぷらんいんく【居宅介護支援】神奈川県川崎市多摩区登戸2931ルシヤ301", "url": "https://www.kaigokensaku.mhlw.go.jp/14/index.php?action_kouhyou_detail_004_kani=true&JigyosyoCd=1475402622-00&ServiceCd=430&Type=search", "url2": null }, "geometry": { "type": "Point", "coordinates": [ 139.5675407, 35.6159399 ] } },
{ "type": "Feature", "properties": { "内容": "ウィズ・ユー川崎居宅介護支援事業所【居宅介護支援】神奈川県川崎市多摩区西生田2-1-4", "url": "https://www.kaigokensaku.mhlw.go.jp/14/index.php?action_kouhyou_detail_004_kani=true&JigyosyoCd=1475402739-00&ServiceCd=430&Type=search", "url2": null }, "geometry": { "type": "Point", "coordinates": [ 139.539371100000011, 35.61515090000001 ] } },
{ "type": "Feature", "properties": { "内容": "ケアプランオフィスなごみ【居宅介護支援】神奈川県川崎市多摩区登戸122番地1マイキャッスル中野島参番館206", "url": "https://www.kaigokensaku.mhlw.go.jp/14/index.php?action_kouhyou_detail_004_kani=true&JigyosyoCd=1475402747-00&ServiceCd=430&Type=search", "url2": null }, "geometry": { "type": "Point", "coordinates": [ 139.551790799999907, 35.6230107 ] } },
{ "type": "Feature", "properties": { "内容": "けあぷらん森【居宅介護支援】神奈川県川崎市多摩区宿河原3-4-8-202", "url": "https://www.kaigokensaku.mhlw.go.jp/14/index.php?action_kouhyou_detail_004_kani=true&JigyosyoCd=1475402804-00&ServiceCd=430&Type=search", "url2": null }, "geometry": { "type": "Point", "coordinates": [ 139.5800514, 35.6151117 ] } },
{ "type": "Feature", "properties": { "内容": "多摩の空ケアプランハウス【居宅介護支援】神奈川県川崎市多摩区登戸1770ヴァンベール89・303号", "url": "https://www.kaigokensaku.mhlw.go.jp/14/index.php?action_kouhyou_detail_004_kani=true&JigyosyoCd=1475402820-00&ServiceCd=430&Type=search", "url2": "https://www.tamanosora.co.jp" }, "geometry": { "type": "Point", "coordinates": [ 139.561719957672096, 35.620417885601881 ] } },
{ "type": "Feature", "properties": { "内容": "ツクイ川崎よみうりランド【居宅介護支援】神奈川県川崎市多摩区西生田3-9-29横浜銀行読売ランド駅前支店ビル2階", "url": "https://www.kaigokensaku.mhlw.go.jp/14/index.php?action_kouhyou_detail_004_kani=true&JigyosyoCd=1475402879-00&ServiceCd=430&Type=search", "url2": "https://www.tsukui.net/" }, "geometry": { "type": "Point", "coordinates": [ 139.5286575, 35.6144132 ] } },
{ "type": "Feature", "properties": { "内容": "うるる多摩ケアプランセンター【居宅介護支援】神奈川県川崎市多摩区登戸1801‐1瑞穂第一ビル1階", "url": "https://www.kaigokensaku.mhlw.go.jp/14/index.php?action_kouhyou_detail_004_kani=true&JigyosyoCd=1475402929-00&ServiceCd=430&Type=search", "url2": null }, "geometry": { "type": "Point", "coordinates": [ 139.5621926, 35.6189053 ] } },
{ "type": "Feature", "properties": { "内容": "カサブランカ　ケア【居宅介護支援】神奈川県川崎市多摩区登戸1914-2デュオステージ向ヶ丘遊園602", "url": "https://www.kaigokensaku.mhlw.go.jp/14/index.php?action_kouhyou_detail_004_kani=true&JigyosyoCd=1475402986-00&ServiceCd=430&Type=search", "url2": null }, "geometry": { "type": "Point", "coordinates": [ 139.563043533343517, 35.617927891796178 ] } },
{ "type": "Feature", "properties": { "内容": "ケアプラン近藤【居宅介護支援】神奈川県川崎市多摩区宿河原1-29-13", "url": "https://www.kaigokensaku.mhlw.go.jp/14/index.php?action_kouhyou_detail_004_kani=true&JigyosyoCd=1475403034-00&ServiceCd=430&Type=search", "url2": null }, "geometry": { "type": "Point", "coordinates": [ 139.5743837, 35.6190952 ] } },
{ "type": "Feature", "properties": { "内容": "フジ・ケア多摩ケアプランサービス【居宅介護支援】神奈川県川崎市多摩区登戸185マルヨマンション2-102", "url": "https://www.kaigokensaku.mhlw.go.jp/14/index.php?action_kouhyou_detail_004_kani=true&JigyosyoCd=1475403224-00&ServiceCd=430&Type=search", "url2": "https://www.fujicaretama.com/cont3/main.html" }, "geometry": { "type": "Point", "coordinates": [ 139.555151200000012, 35.6218068 ] } },
{ "type": "Feature", "properties": { "内容": "遊花園　居宅介護支援事業所【居宅介護支援】神奈川県川崎市多摩区枡形6-4-25", "url": "https://www.kaigokensaku.mhlw.go.jp/14/index.php?action_kouhyou_detail_004_kani=true&JigyosyoCd=1475403240-00&ServiceCd=430&Type=search", "url2": "https://www.aoikai.jp/yuukaen/" }, "geometry": { "type": "Point", "coordinates": [ 139.560291735581984, 35.613200199709375 ] } },
{ "type": "Feature", "properties": { "内容": "Luxemケアプランサービス川崎多摩【居宅介護支援】神奈川県川崎市多摩区登戸2832広瀬ビル2F", "url": "https://www.kaigokensaku.mhlw.go.jp/14/index.php?action_kouhyou_detail_004_kani=true&JigyosyoCd=1475402366-00&ServiceCd=430&Type=search", "url2": "https://luxem.co.jp/facilitys/careplan/" }, "geometry": { "type": "Point", "coordinates": [ 139.567924099999971, 35.613939800000011 ] } },
{ "type": "Feature", "properties": { "内容": "さわやかケア生田・居宅介護支援【居宅介護支援】神奈川県川崎市多摩区生田7-7-13", "url": "https://www.kaigokensaku.mhlw.go.jp/14/index.php?action_kouhyou_detail_004_kani=true&JigyosyoCd=1475400873-00&ServiceCd=430&Type=search", "url2": "https://www.welcia-partners.co.jp" }, "geometry": { "type": "Point", "coordinates": [ 139.543132, 35.615237300000018 ] } },
{ "type": "Feature", "properties": { "内容": "ケアプランサービス川崎【居宅介護支援】神奈川県川崎市多摩区登戸3398-1大樹生命登戸ビル3F", "url": "https://www.kaigokensaku.mhlw.go.jp/14/index.php?action_kouhyou_detail_004_kani=true&JigyosyoCd=1475401434-00&ServiceCd=430&Type=search", "url2": "https://www.care-plan.co.jp/" }, "geometry": { "type": "Point", "coordinates": [ 139.569123600000012, 35.6198698 ] } },
{ "type": "Feature", "properties": { "内容": "ハートプラン【居宅介護支援】神奈川県川崎市多摩区西生田4-16-26Ａハウス　102", "url": "https://www.kaigokensaku.mhlw.go.jp/14/index.php?action_kouhyou_detail_004_kani=true&JigyosyoCd=1475401756-00&ServiceCd=430&Type=search", "url2": null }, "geometry": { "type": "Point", "coordinates": [ 139.5244894, 35.6129432 ] } },
{ "type": "Feature", "properties": { "内容": "介護相談センター　生田広場【居宅介護支援】神奈川県川崎市多摩区西生田5-24-2", "url": "https://www.kaigokensaku.mhlw.go.jp/14/index.php?action_kouhyou_detail_004_kani=true&JigyosyoCd=1475402283-00&ServiceCd=430&Type=search", "url2": "https://yotsubakai.jp/ikutahiroba/home-care/" }, "geometry": { "type": "Point", "coordinates": [ 139.5258258, 35.6058473 ] } },
{ "type": "Feature", "properties": { "内容": "やまねこ福祉相談所【居宅介護支援】神奈川県川崎市多摩区中野島1-20-1", "url": "https://www.kaigokensaku.mhlw.go.jp/14/index.php?action_kouhyou_detail_004_kani=true&JigyosyoCd=1475403091-00&ServiceCd=430&Type=search", "url2": "https://yamaneko.office-animalia.com/" }, "geometry": { "type": "Point", "coordinates": [ 139.5474404, 35.6266138 ] } },
{ "type": "Feature", "properties": { "内容": "いちごケアプラン【居宅介護支援】神奈川県川崎市多摩区中野島4-16-10大庭ビル2F", "url": "https://www.kaigokensaku.mhlw.go.jp/14/index.php?action_kouhyou_detail_004_kani=true&JigyosyoCd=1475403109-00&ServiceCd=430&Type=search", "url2": null }, "geometry": { "type": "Point", "coordinates": [ 139.554288, 35.6301106 ] } },
{ "type": "Feature", "properties": { "内容": "トリプルケアいなだ【居宅介護支援】神奈川県川崎市多摩区菅4-3-35セリシールミツ1F", "url": "https://www.kaigokensaku.mhlw.go.jp/14/index.php?action_kouhyou_detail_004_kani=true&JigyosyoCd=1475403133-00&ServiceCd=430&Type=search", "url2": null }, "geometry": { "type": "Point", "coordinates": [ 139.53067426256564, 35.634188801659896 ] } },
{ "type": "Feature", "properties": { "内容": "セレニティケアプランセンター登戸【居宅介護支援】神奈川県川崎市多摩区登戸3262", "url": "https://www.kaigokensaku.mhlw.go.jp/14/index.php?action_kouhyou_detail_004_kani=true&JigyosyoCd=1475403265-00&ServiceCd=430&Type=search", "url2": "https://www.ns-care.jp/" }, "geometry": { "type": "Point", "coordinates": [ 139.57022588608379, 35.618303068021206 ] } },
{ "type": "Feature", "properties": { "内容": "スノーステラ【居宅介護支援】神奈川県川崎市多摩区登戸2777N100ビル302号室", "url": "https://www.kaigokensaku.mhlw.go.jp/14/index.php?action_kouhyou_detail_004_kani=true&JigyosyoCd=1475403281-00&ServiceCd=430&Type=search", "url2": null }, "geometry": { "type": "Point", "coordinates": [ 139.5657732, 35.6148877 ] } },
{ "type": "Feature", "properties": { "内容": "いろどり居宅介護支援事業所【居宅介護支援】神奈川県川崎市宮前区平6丁目5−3グレース宮前101号", "url": "https://www.kaigokensaku.mhlw.go.jp/14/index.php?action_kouhyou_detail_004_kani=true&JigyosyoCd=1475502942-00&ServiceCd=430&Type=search", "url2": "https://shoubu-irodori.site" }, "geometry": { "type": "Point", "coordinates": [ 139.5804244, 35.5949126 ] } },
{ "type": "Feature", "properties": { "内容": "秋桜の丘介護保険センター【居宅介護支援】神奈川県川崎市宮前区東有馬5-16-1", "url": "https://www.kaigokensaku.mhlw.go.jp/14/index.php?action_kouhyou_detail_004_kani=true&JigyosyoCd=1475502967-00&ServiceCd=430&Type=search", "url2": "https://shuhokai.or.jp/" }, "geometry": { "type": "Point", "coordinates": [ 139.5956228, 35.5681719 ] } },
{ "type": "Feature", "properties": { "内容": "宮前平訪問看護ステーション【居宅介護支援】神奈川県川崎市宮前区宮前平1-9-24ニューウェルテラス宮前平A301", "url": "https://www.kaigokensaku.mhlw.go.jp/14/index.php?action_kouhyou_detail_004_kani=true&JigyosyoCd=1465590013-00&ServiceCd=430&Type=search", "url2": "https://www.miyamaedaira-kango.jp/" }, "geometry": { "type": "Point", "coordinates": [ 139.584121800000048, 35.5849866 ] } },
{ "type": "Feature", "properties": { "内容": "東京海上日動みずたま介護ST鷺沼ケアプランセンター【居宅介護支援】神奈川県川崎市宮前区鷺沼１丁目25-1アーベル鷺沼303号", "url": "https://www.kaigokensaku.mhlw.go.jp/14/index.php?action_kouhyou_detail_004_kani=true&JigyosyoCd=1475302053-00&ServiceCd=430&Type=search", "url2": "https://www.tnbls.co.jp/mizutama/stations/saginuma/" }, "geometry": { "type": "Point", "coordinates": [ 139.572044754820212, 35.575091660738785 ] } },
{ "type": "Feature", "properties": { "内容": "社会福祉法人セイワ　鷲ケ峯居宅介護支援センター【居宅介護支援】神奈川県川崎市宮前区菅生ケ丘13番1号", "url": "https://www.kaigokensaku.mhlw.go.jp/14/index.php?action_kouhyou_detail_004_kani=true&JigyosyoCd=1475500110-00&ServiceCd=430&Type=search", "url2": "https://www.seiwa-washigamine.jp/guide/index.html" }, "geometry": { "type": "Point", "coordinates": [ 139.545427300000028, 35.597107 ] } },
{ "type": "Feature", "properties": { "内容": "ベネッセ介護センター鷺沼【居宅介護支援】神奈川県川崎市宮前区宮前平1-7-5プラムフィールド405", "url": "https://www.kaigokensaku.mhlw.go.jp/14/index.php?action_kouhyou_detail_004_kani=true&JigyosyoCd=1475500250-00&ServiceCd=430&Type=search", "url2": "http://www.benesse-style-care.co.jp" }, "geometry": { "type": "Point", "coordinates": [ 139.586725916702306, 35.583807359191098 ] } },
{ "type": "Feature", "properties": { "内容": "メディケア鍼灸マッサージセンター　居宅介護支援事業所【居宅介護支援】神奈川県川崎市宮前区有馬1-20-1", "url": "https://www.kaigokensaku.mhlw.go.jp/14/index.php?action_kouhyou_detail_004_kani=true&JigyosyoCd=1475500292-00&ServiceCd=430&Type=search", "url2": "https://e-mdcare.com" }, "geometry": { "type": "Point", "coordinates": [ 139.57721825277099, 35.577158776491324 ] } },
{ "type": "Feature", "properties": { "内容": "福祉クラブ生協オプティ宮前【居宅介護支援】神奈川県川崎市宮前区宮前平3-12-3富士通ハイツ　Ｂ-127", "url": "https://www.kaigokensaku.mhlw.go.jp/14/index.php?action_kouhyou_detail_004_kani=true&JigyosyoCd=1475500649-00&ServiceCd=430&Type=search", "url2": null }, "geometry": { "type": "Point", "coordinates": [ 139.58566975040128, 35.587220726360115 ] } },
{ "type": "Feature", "properties": { "内容": "泉ケアステーション【居宅介護支援】神奈川県川崎市宮前区けやき平１－３８ー１０４", "url": "https://www.kaigokensaku.mhlw.go.jp/14/index.php?action_kouhyou_detail_004_kani=true&JigyosyoCd=1475501092-00&ServiceCd=430&Type=search", "url2": null }, "geometry": { "type": "Point", "coordinates": [ 139.574689306984993, 35.593381719203286 ] } },
{ "type": "Feature", "properties": { "内容": "ケアサポート　宮前【居宅介護支援】神奈川県川崎市宮前区水沢２－２０－１", "url": "https://www.kaigokensaku.mhlw.go.jp/14/index.php?action_kouhyou_detail_004_kani=true&JigyosyoCd=1475501209-00&ServiceCd=430&Type=search", "url2": "http://www.rouken-miyamae.jp/" }, "geometry": { "type": "Point", "coordinates": [ 139.538414200000034, 35.5921215 ] } },
{ "type": "Feature", "properties": { "内容": "宮前ネットケアサポート【居宅介護支援】神奈川県川崎市宮前区菅生2-1-1コーポさるはし304", "url": "https://www.kaigokensaku.mhlw.go.jp/14/index.php?action_kouhyou_detail_004_kani=true&JigyosyoCd=1475501407-00&ServiceCd=430&Type=search", "url2": null }, "geometry": { "type": "Point", "coordinates": [ 139.5550515, 35.5961572 ] } },
{ "type": "Feature", "properties": { "内容": "訪問介護ステーション　プラチナコミュニティ宮前平【居宅介護支援】神奈川県川崎市宮前区平3-2-25", "url": "https://www.kaigokensaku.mhlw.go.jp/14/index.php?action_kouhyou_detail_004_kani=true&JigyosyoCd=1475501605-00&ServiceCd=430&Type=search", "url2": "http://www.platinum-care.jp/" }, "geometry": { "type": "Point", "coordinates": [ 139.568819128836026, 35.600280113003976 ] } },
{ "type": "Feature", "properties": { "内容": "らいふたまプラーザ指定居宅介護支援事業所【居宅介護支援】神奈川県川崎市宮前区犬蔵２－１２－２５", "url": "https://www.kaigokensaku.mhlw.go.jp/14/index.php?action_kouhyou_detail_004_kani=true&JigyosyoCd=1475501829-00&ServiceCd=430&Type=search", "url2": "http://www.life-silver.com" }, "geometry": { "type": "Point", "coordinates": [ 139.565273572491463, 35.58511577796861 ] } },
{ "type": "Feature", "properties": { "内容": "ＳＯＭＰＯケア　川崎鷺沼　居宅介護支援【居宅介護支援】神奈川県川崎市宮前区有馬1-7-5サンプラザ鷺沼１階", "url": "https://www.kaigokensaku.mhlw.go.jp/14/index.php?action_kouhyou_detail_004_kani=true&JigyosyoCd=1475502223-00&ServiceCd=430&Type=search", "url2": "https://www.sompocare.com" }, "geometry": { "type": "Point", "coordinates": [ 139.577892099999985, 35.5793263 ] } },
{ "type": "Feature", "properties": { "内容": "シーユーシーケアプランセンター鷺沼【居宅介護支援】神奈川県川崎市宮前区鷺沼1-5-1鷺沼貸事務所201", "url": "https://www.kaigokensaku.mhlw.go.jp/14/index.php?action_kouhyou_detail_004_kani=true&JigyosyoCd=1475502520-00&ServiceCd=430&Type=search", "url2": null }, "geometry": { "type": "Point", "coordinates": [ 139.575689862647835, 35.577309385398834 ] } },
{ "type": "Feature", "properties": { "内容": "楽坊・居宅支援事業所【居宅介護支援】神奈川県川崎市宮前区菅生4-15-18", "url": "https://www.kaigokensaku.mhlw.go.jp/14/index.php?action_kouhyou_detail_004_kani=true&JigyosyoCd=1475502553-00&ServiceCd=430&Type=search", "url2": null }, "geometry": { "type": "Point", "coordinates": [ 139.549145506745901, 35.592853757465519 ] } },
{ "type": "Feature", "properties": { "内容": "居宅介護支援事務所　ライトハウスケア宮前【居宅介護支援】神奈川県川崎市宮前区土橋2-11-12向山ビル３F", "url": "https://www.kaigokensaku.mhlw.go.jp/14/index.php?action_kouhyou_detail_004_kani=true&JigyosyoCd=1475502637-00&ServiceCd=430&Type=search", "url2": "https://www.care-partner.com/place/居宅介護支援事務所ライトハウスケア宮前/" }, "geometry": { "type": "Point", "coordinates": [ 139.576031300000011, 35.5859978 ] } },
{ "type": "Feature", "properties": { "内容": "レストア川崎居宅介護支援センター【居宅介護支援】神奈川県川崎市宮前区犬蔵2-25-9", "url": "https://www.kaigokensaku.mhlw.go.jp/14/index.php?action_kouhyou_detail_004_kani=true&JigyosyoCd=1475502769-00&ServiceCd=430&Type=search", "url2": "https://restore-k.jp/" }, "geometry": { "type": "Point", "coordinates": [ 139.5599484, 35.5861285 ] } },
{ "type": "Feature", "properties": { "内容": "川崎市社会福祉協議会みやまえ訪問介護支援事業所【居宅介護支援】神奈川県川崎市宮前区宮崎2-6-10宮崎台ガーデンオフィス4階", "url": "https://www.kaigokensaku.mhlw.go.jp/14/index.php?action_kouhyou_detail_004_kani=true&JigyosyoCd=1475500045-00&ServiceCd=430&Type=search", "url2": "http://www.csw-kawasaki.or.jp" }, "geometry": { "type": "Point", "coordinates": [ 139.58911, 35.5879501 ] } },
{ "type": "Feature", "properties": { "内容": "帝京大学居宅介護支援センター【居宅介護支援】神奈川県川崎市宮前区野川本町２－１３－６", "url": "https://www.kaigokensaku.mhlw.go.jp/14/index.php?action_kouhyou_detail_004_kani=true&JigyosyoCd=1475500060-00&ServiceCd=430&Type=search", "url2": "https://teikyo.jp/teikyo-rouken/" }, "geometry": { "type": "Point", "coordinates": [ 139.616142282803366, 35.576018181236805 ] } },
{ "type": "Feature", "properties": { "内容": "セントケア川崎宮前【居宅介護支援】神奈川県川崎市宮前区馬絹6-10-9アズマ宮崎台マンション201", "url": "https://www.kaigokensaku.mhlw.go.jp/14/index.php?action_kouhyou_detail_004_kani=true&JigyosyoCd=1475500987-00&ServiceCd=430&Type=search", "url2": "http://www.saintc-k.com/" }, "geometry": { "type": "Point", "coordinates": [ 139.5947069, 35.5822815 ] } },
{ "type": "Feature", "properties": { "内容": "Fineケア【居宅介護支援】神奈川県川崎市宮前区西野川1-7-6ヒルトップ108号", "url": "https://www.kaigokensaku.mhlw.go.jp/14/index.php?action_kouhyou_detail_004_kani=true&JigyosyoCd=1475502678-00&ServiceCd=430&Type=search", "url2": "https://kenko-mori.hp-jasic.jp/aboutus/" }, "geometry": { "type": "Point", "coordinates": [ 139.597525787031486, 35.577450244784394 ] } },
{ "type": "Feature", "properties": { "内容": "野川ケアプランセンター【居宅介護支援】神奈川県川崎市宮前区野川本町2-2-11サンセール梶ケ谷203", "url": "https://www.kaigokensaku.mhlw.go.jp/14/index.php?action_kouhyou_detail_004_kani=true&JigyosyoCd=1475502694-00&ServiceCd=430&Type=search", "url2": "https://re-care.net/" }, "geometry": { "type": "Point", "coordinates": [ 139.611753, 35.5773879 ] } },
{ "type": "Feature", "properties": { "内容": "あいばな　ケアセンター宮前【居宅介護支援】神奈川県川崎市宮前区西野川1丁目7番6ヒルトップ手塚208", "url": "https://www.kaigokensaku.mhlw.go.jp/14/index.php?action_kouhyou_detail_004_kani=true&JigyosyoCd=1475502728-00&ServiceCd=430&Type=search", "url2": "https://hp.kaipoke.biz/hub/index.html" }, "geometry": { "type": "Point", "coordinates": [ 139.597542381614716, 35.57743677097357 ] } },
{ "type": "Feature", "properties": { "内容": "Luxemケアプランサービス川崎宮前【居宅介護支援】神奈川県川崎市宮前区宮崎2-7-51リーセントパレス宮崎203", "url": "https://www.kaigokensaku.mhlw.go.jp/14/index.php?action_kouhyou_detail_004_kani=true&JigyosyoCd=1475502819-00&ServiceCd=430&Type=search", "url2": "https://luxem.co.jp/facilitys/careplan_miyamae/" }, "geometry": { "type": "Point", "coordinates": [ 139.59148452883602, 35.588603123840642 ] } },
{ "type": "Feature", "properties": { "内容": "椿【居宅介護支援】神奈川県川崎市宮前区宮崎2-8-26第5マルティビル501", "url": "https://www.kaigokensaku.mhlw.go.jp/14/index.php?action_kouhyou_detail_004_kani=true&JigyosyoCd=1475501118-00&ServiceCd=430&Type=search", "url2": "https://www.socius-mc.com/about/index.html#office" }, "geometry": { "type": "Point", "coordinates": [ 139.590823699999987, 35.587439 ] } },
{ "type": "Feature", "properties": { "内容": "ケアサービス　くじら雲【居宅介護支援】神奈川県川崎市宮前区けやき平1-16-308宮前平グリーンハイツ16号棟308号室", "url": "https://www.kaigokensaku.mhlw.go.jp/14/index.php?action_kouhyou_detail_004_kani=true&JigyosyoCd=1475501134-00&ServiceCd=430&Type=search", "url2": null }, "geometry": { "type": "Point", "coordinates": [ 139.576939109262071, 35.59361024538974 ] } },
{ "type": "Feature", "properties": { "内容": "ニチイケアセンター宮前平【居宅介護支援】神奈川県川崎市宮前区宮崎5-14-1サバーバントーワ１階", "url": "https://www.kaigokensaku.mhlw.go.jp/14/index.php?action_kouhyou_detail_004_kani=true&JigyosyoCd=1475501159-00&ServiceCd=430&Type=search", "url2": "https://www.nichiigakkan.co.jp/" }, "geometry": { "type": "Point", "coordinates": [ 139.5866907, 35.5899609 ] } },
{ "type": "Feature", "properties": { "内容": "あいいる居宅介護支援センター【居宅介護支援】神奈川県川崎市宮前区西野川1-6-6", "url": "https://www.kaigokensaku.mhlw.go.jp/14/index.php?action_kouhyou_detail_004_kani=true&JigyosyoCd=1475501910-00&ServiceCd=430&Type=search", "url2": "http://www.hakuresha.com/" }, "geometry": { "type": "Point", "coordinates": [ 139.597730082785233, 35.577053028627105 ] } },
{ "type": "Feature", "properties": { "内容": "サニーライフ川崎宮前　居宅介護支援事業所【居宅介護支援】神奈川県川崎市宮前区潮見台8-21", "url": "https://www.kaigokensaku.mhlw.go.jp/14/index.php?action_kouhyou_detail_004_kani=true&JigyosyoCd=1475501944-00&ServiceCd=430&Type=search", "url2": "https://www.sunnylife-group.co.jp/kanagawa/141364/kawasakimiyamae" }, "geometry": { "type": "Point", "coordinates": [ 139.52805920000003, 35.5939962 ] } },
{ "type": "Feature", "properties": { "内容": "フジケア【居宅介護支援】神奈川県川崎市宮前区鷺沼1丁目18-11ニューウェル404", "url": "https://www.kaigokensaku.mhlw.go.jp/14/index.php?action_kouhyou_detail_004_kani=true&JigyosyoCd=1475502181-00&ServiceCd=430&Type=search", "url2": null }, "geometry": { "type": "Point", "coordinates": [ 139.570612300000022, 35.5778199 ] } },
{ "type": "Feature", "properties": { "内容": "クリップ　ケア【居宅介護支援】神奈川県川崎市宮前区潮見台15-18", "url": "https://www.kaigokensaku.mhlw.go.jp/14/index.php?action_kouhyou_detail_004_kani=true&JigyosyoCd=1473701942-00&ServiceCd=430&Type=search", "url2": null }, "geometry": { "type": "Point", "coordinates": [ 139.535547800000018, 35.5913771 ] } },
{ "type": "Feature", "properties": { "内容": "ケアプランセンター青鷺【居宅介護支援】神奈川県川崎市宮前区野川台3丁目7番1号", "url": "https://www.kaigokensaku.mhlw.go.jp/14/index.php?action_kouhyou_detail_004_kani=true&JigyosyoCd=1475500979-00&ServiceCd=430&Type=search", "url2": "http://www.jurakuen.jp/kawasaki/awosagi.html" }, "geometry": { "type": "Point", "coordinates": [ 139.604139600000053, 35.5749437 ] } },
{ "type": "Feature", "properties": { "内容": "ケアステーションWith【居宅介護支援】神奈川県川崎市宮前区南平台10-22LМ619号", "url": "https://www.kaigokensaku.mhlw.go.jp/14/index.php?action_kouhyou_detail_004_kani=true&JigyosyoCd=1475502041-00&ServiceCd=430&Type=search", "url2": null }, "geometry": { "type": "Point", "coordinates": [ 139.566872900000021, 35.592946500000011 ] } },
{ "type": "Feature", "properties": { "内容": "ワンビリーブ居宅介護支援センター【居宅介護支援】神奈川県川崎市宮前区有馬6-6-27川野レジデンス103", "url": "https://www.kaigokensaku.mhlw.go.jp/14/index.php?action_kouhyou_detail_004_kani=true&JigyosyoCd=1475502371-00&ServiceCd=430&Type=search", "url2": "https://www.onebelieve.jp/" }, "geometry": { "type": "Point", "coordinates": [ 139.584800299999984, 35.5714248 ] } },
{ "type": "Feature", "properties": { "内容": "すいふよう【居宅介護支援】神奈川県川崎市宮前区南野川1-6-19三和電材ビル303", "url": "https://www.kaigokensaku.mhlw.go.jp/14/index.php?action_kouhyou_detail_004_kani=true&JigyosyoCd=1475502413-00&ServiceCd=430&Type=search", "url2": "http://fujimuracare.com/caremanager" }, "geometry": { "type": "Point", "coordinates": [ 139.59861079999996, 35.5714365 ] } },
{ "type": "Feature", "properties": { "内容": "ねこの手【居宅介護支援】神奈川県川崎市麻生区白鳥1-15-17電話番号", "url": "https://www.kaigokensaku.mhlw.go.jp/14/index.php?action_kouhyou_detail_004_kani=true&JigyosyoCd=1475602791-00&ServiceCd=430&Type=search", "url2": "https://www.kaigonekonote.com/" }, "geometry": { "type": "Point", "coordinates": [ 139.4869089, 35.6031363 ] } },
{ "type": "Feature", "properties": { "内容": "栗木台居宅介護支援事業所【居宅介護支援】神奈川県川崎市麻生区栗木台1-13-5", "url": "https://www.kaigokensaku.mhlw.go.jp/14/index.php?action_kouhyou_detail_004_kani=true&JigyosyoCd=1475600019-00&ServiceCd=430&Type=search", "url2": "http://www.heartful-k.org/" }, "geometry": { "type": "Point", "coordinates": [ 139.476517703041054, 35.608025842964288 ] } },
{ "type": "Feature", "properties": { "内容": "川崎市社会福祉協議会　あさお居宅介護支援事業所【居宅介護支援】神奈川県川崎市麻生区万福寺1-2-2新百合21ビル1階", "url": "https://www.kaigokensaku.mhlw.go.jp/14/index.php?action_kouhyou_detail_004_kani=true&JigyosyoCd=1475600035-00&ServiceCd=430&Type=search", "url2": "https://csw-kawasaki.or.jp" }, "geometry": { "type": "Point", "coordinates": [ 139.505805099999947, 35.6029052 ] } },
{ "type": "Feature", "properties": { "内容": "居宅介護支援センター虹の里【居宅介護支援】神奈川県川崎市麻生区王禅寺963-26", "url": "https://www.kaigokensaku.mhlw.go.jp/14/index.php?action_kouhyou_detail_004_kani=true&JigyosyoCd=1475600068-00&ServiceCd=430&Type=search", "url2": "http://nijinosato.or.jp/" }, "geometry": { "type": "Point", "coordinates": [ 139.523276799999962, 35.5839529 ] } },
{ "type": "Feature", "properties": { "内容": "地域福祉センター金井原苑【居宅介護支援】神奈川県川崎市麻生区片平1430", "url": "https://www.kaigokensaku.mhlw.go.jp/14/index.php?action_kouhyou_detail_004_kani=true&JigyosyoCd=1475600241-00&ServiceCd=430&Type=search", "url2": "https://kanaibara.or.jp" }, "geometry": { "type": "Point", "coordinates": [ 139.479475800000046, 35.6023864 ] } },
{ "type": "Feature", "properties": { "内容": "特定非営利活動法人　ケアセンター介護福祉士会【居宅介護支援】神奈川県川崎市麻生区百合丘２－９－７百合丘ハイデンス１Ｄ", "url": "https://www.kaigokensaku.mhlw.go.jp/14/index.php?action_kouhyou_detail_004_kani=true&JigyosyoCd=1475600290-00&ServiceCd=430&Type=search", "url2": "https://carecenterkaigohukusisikai.jimdosite.com/" }, "geometry": { "type": "Point", "coordinates": [ 139.516923799999972, 35.6031169 ] } },
{ "type": "Feature", "properties": { "内容": "スマイル・アイ・ケアプランサービス【居宅介護支援】神奈川県川崎市麻生区百合丘１－２３－4百合ヶ丘ダイヤマンション２０２", "url": "https://www.kaigokensaku.mhlw.go.jp/14/index.php?action_kouhyou_detail_004_kani=true&JigyosyoCd=1475600753-00&ServiceCd=430&Type=search", "url2": null }, "geometry": { "type": "Point", "coordinates": [ 139.516842900000029, 35.609679600000014 ] } },
{ "type": "Feature", "properties": { "内容": "アクアピア百合丘【居宅介護支援】神奈川県川崎市麻生区百合丘3-27-1アクアピアビル・２F", "url": "https://www.kaigokensaku.mhlw.go.jp/14/index.php?action_kouhyou_detail_004_kani=true&JigyosyoCd=1475601124-00&ServiceCd=430&Type=search", "url2": "https://www.apua-care.jp" }, "geometry": { "type": "Point", "coordinates": [ 139.5172516, 35.603353 ] } },
{ "type": "Feature", "properties": { "内容": "居宅介護支援事業所　てるてる【居宅介護支援】神奈川県川崎市麻生区多摩美2－13－20", "url": "https://www.kaigokensaku.mhlw.go.jp/14/index.php?action_kouhyou_detail_004_kani=true&JigyosyoCd=1475601215-00&ServiceCd=430&Type=search", "url2": null }, "geometry": { "type": "Point", "coordinates": [ 139.520256, 35.6198752 ] } },
{ "type": "Feature", "properties": { "内容": "ケアサポート　ヒロ【居宅介護支援】神奈川県川崎市麻生区百合丘１－３－３PLAZA百合ヶ丘105", "url": "https://www.kaigokensaku.mhlw.go.jp/14/index.php?action_kouhyou_detail_004_kani=true&JigyosyoCd=1475601249-00&ServiceCd=430&Type=search", "url2": null }, "geometry": { "type": "Point", "coordinates": [ 139.51771789999998, 35.6087715 ] } },
{ "type": "Feature", "properties": { "内容": "総生会居宅介護支援センター【居宅介護支援】神奈川県川崎市麻生区上麻生6-26-16ＡＳＡＯビル2階", "url": "https://www.kaigokensaku.mhlw.go.jp/14/index.php?action_kouhyou_detail_004_kani=true&JigyosyoCd=1475601256-00&ServiceCd=430&Type=search", "url2": "https://souseikai.net/kyotaku/index.html" }, "geometry": { "type": "Point", "coordinates": [ 139.496441883828766, 35.585422325626681 ] } },
{ "type": "Feature", "properties": { "内容": "医療法人　定玲会　ケアサポートセンター【居宅介護支援】神奈川県川崎市麻生区上麻生　5-43-18T.Sビル101", "url": "https://www.kaigokensaku.mhlw.go.jp/14/index.php?action_kouhyou_detail_004_kani=true&JigyosyoCd=1475601447-00&ServiceCd=430&Type=search", "url2": null }, "geometry": { "type": "Point", "coordinates": [ 139.49757755568092, 35.588938850107688 ] } },
{ "type": "Feature", "properties": { "内容": "GTLケアプランセンター新百合ヶ丘【居宅介護支援】神奈川県川崎市麻生区万福寺1丁目12番7号山田ビル3階", "url": "https://www.kaigokensaku.mhlw.go.jp/14/index.php?action_kouhyou_detail_004_kani=true&JigyosyoCd=1475601587-00&ServiceCd=430&Type=search", "url2": null }, "geometry": { "type": "Point", "coordinates": [ 139.503971800000045, 35.6035216 ] } },
{ "type": "Feature", "properties": { "内容": "居宅支援センターゆらりん【居宅介護支援】神奈川県川崎市麻生区岡上4-2-26", "url": "https://www.kaigokensaku.mhlw.go.jp/14/index.php?action_kouhyou_detail_004_kani=true&JigyosyoCd=1475601694-00&ServiceCd=430&Type=search", "url2": "http://yurarin.jp/" }, "geometry": { "type": "Point", "coordinates": [ 139.480903969311498, 35.580367861674681 ] } },
{ "type": "Feature", "properties": { "内容": "結う縁～ケアマネの事務所～【居宅介護支援】神奈川県川崎市麻生区上麻生6-39-38鈴木ビル　2F", "url": "https://www.kaigokensaku.mhlw.go.jp/14/index.php?action_kouhyou_detail_004_kani=true&JigyosyoCd=1475601959-00&ServiceCd=430&Type=search", "url2": null }, "geometry": { "type": "Point", "coordinates": [ 139.4974612, 35.588019700000011 ] } },
{ "type": "Feature", "properties": { "内容": "生活協同組合パルシステム神奈川ぬくもり麻生【居宅介護支援】神奈川県川崎市麻生区王禅寺西五丁目2番地14", "url": "https://www.kaigokensaku.mhlw.go.jp/14/index.php?action_kouhyou_detail_004_kani=true&JigyosyoCd=1475601967-00&ServiceCd=430&Type=search", "url2": "https://www.palsystem-kanagawa.coop/takuhai-kurashi/nukumori/" }, "geometry": { "type": "Point", "coordinates": [ 139.507796800000051, 35.594142200000014 ] } },
{ "type": "Feature", "properties": { "内容": "プレストコート麻生栗木台居宅介護支援事業所【居宅介護支援】神奈川県川崎市麻生区栗木台2-14-7", "url": "https://www.kaigokensaku.mhlw.go.jp/14/index.php?action_kouhyou_detail_004_kani=true&JigyosyoCd=1475602312-00&ServiceCd=430&Type=search", "url2": null }, "geometry": { "type": "Point", "coordinates": [ 139.471707599999945, 35.6112718 ] } },
{ "type": "Feature", "properties": { "内容": "ケアプラン花束【居宅介護支援】神奈川県川崎市麻生区向原2-26-7-605", "url": "https://www.kaigokensaku.mhlw.go.jp/14/index.php?action_kouhyou_detail_004_kani=true&JigyosyoCd=1475602338-00&ServiceCd=430&Type=search", "url2": null }, "geometry": { "type": "Point", "coordinates": [ 139.4968226, 35.617677 ] } },
{ "type": "Feature", "properties": { "内容": "ツクイ・サンフォレスト川崎麻生【居宅介護支援】神奈川県川崎市麻生区上麻生7-11-5", "url": "https://www.kaigokensaku.mhlw.go.jp/14/index.php?action_kouhyou_detail_004_kani=true&JigyosyoCd=1475602395-00&ServiceCd=430&Type=search", "url2": "https://www.tsukui.net" }, "geometry": { "type": "Point", "coordinates": [ 139.497172016752359, 35.582605827905645 ] } },
{ "type": "Feature", "properties": { "内容": "ヴィラージュ虹ヶ丘　居宅介護支援事業所【居宅介護支援】神奈川県川崎市麻生区虹ケ丘1-22-1-2", "url": "https://www.kaigokensaku.mhlw.go.jp/14/index.php?action_kouhyou_detail_004_kani=true&JigyosyoCd=1475602437-00&ServiceCd=430&Type=search", "url2": "https://www.v-niji.rexw.jp/" }, "geometry": { "type": "Point", "coordinates": [ 139.5202401, 35.5796943 ] } },
{ "type": "Feature", "properties": { "内容": "サニーライフ川崎麻生　居宅介護支援事業所【居宅介護支援】神奈川県川崎市麻生区片平５丁目３３番1号", "url": "https://www.kaigokensaku.mhlw.go.jp/14/index.php?action_kouhyou_detail_004_kani=true&JigyosyoCd=1475602478-00&ServiceCd=430&Type=search", "url2": "https://www.sunnylife-group.co.jp/" }, "geometry": { "type": "Point", "coordinates": [ 139.4929117, 35.5958207 ] } },
{ "type": "Feature", "properties": { "内容": "樹樹居宅介護支援センター【居宅介護支援】神奈川県川崎市麻生区細山4-10-5", "url": "https://www.kaigokensaku.mhlw.go.jp/14/index.php?action_kouhyou_detail_004_kani=true&JigyosyoCd=1475602494-00&ServiceCd=430&Type=search", "url2": "https://kiki-net.jp" }, "geometry": { "type": "Point", "coordinates": [ 139.5149355, 35.6199999 ] } },
{ "type": "Feature", "properties": { "内容": "リス居宅介護支援事業所【居宅介護支援】神奈川県川崎市麻生区千代ヶ丘5-7-1ヴェルシャンブル208", "url": "https://www.kaigokensaku.mhlw.go.jp/14/index.php?action_kouhyou_detail_004_kani=true&JigyosyoCd=1475602502-00&ServiceCd=430&Type=search", "url2": "http://unimedico.jp/" }, "geometry": { "type": "Point", "coordinates": [ 139.507515615949757, 35.614724959605944 ] } },
{ "type": "Feature", "properties": { "内容": "居宅介護支援ジョイフルライフ【居宅介護支援】神奈川県川崎市麻生区上麻生７丁目４３番１８ミラヴェル麻生４０３", "url": "https://www.kaigokensaku.mhlw.go.jp/14/index.php?action_kouhyou_detail_004_kani=true&JigyosyoCd=1475602569-00&ServiceCd=430&Type=search", "url2": "https://www.joyful-life.net" }, "geometry": { "type": "Point", "coordinates": [ 139.504290700000013, 35.5783541 ] } },
{ "type": "Feature", "properties": { "内容": "Luxemケアプランサービス川崎麻生【居宅介護支援】神奈川県川崎市麻生区上麻生6-27-10サンヒルガーデンスズキ102", "url": "https://www.kaigokensaku.mhlw.go.jp/14/index.php?action_kouhyou_detail_004_kani=true&JigyosyoCd=1475602577-00&ServiceCd=430&Type=search", "url2": "https://luxem.co.jp/" }, "geometry": { "type": "Point", "coordinates": [ 139.495995875598823, 35.586464968200218 ] } },
{ "type": "Feature", "properties": { "内容": "ふきのとう　居宅介護支援事業所【居宅介護支援】神奈川県川崎市麻生区百合丘３－２－９", "url": "https://www.kaigokensaku.mhlw.go.jp/14/index.php?action_kouhyou_detail_004_kani=true&JigyosyoCd=1475602585-00&ServiceCd=430&Type=search", "url2": null }, "geometry": { "type": "Point", "coordinates": [ 139.5181167, 35.6043808 ] } },
{ "type": "Feature", "properties": { "内容": "ベネッセ介護センター読売ランド前【居宅介護支援】神奈川県川崎市麻生区多摩美1-3-11-B", "url": "https://www.kaigokensaku.mhlw.go.jp/14/index.php?action_kouhyou_detail_004_kani=true&JigyosyoCd=1475402143-00&ServiceCd=430&Type=search", "url2": "https://zaitaku.benesse-style-care.co.jp/base/kc-ikuta" }, "geometry": { "type": "Point", "coordinates": [ 139.5423793, 35.6153734 ] } },
{ "type": "Feature", "properties": { "内容": "ケア工房・真謝【居宅介護支援】神奈川県川崎市麻生区王禅寺西1-44-1第二芙蓉ビル102号室", "url": "https://www.kaigokensaku.mhlw.go.jp/14/index.php?action_kouhyou_detail_004_kani=true&JigyosyoCd=1465690060-00&ServiceCd=430&Type=search", "url2": "http://www.care-koubou.jp/" }, "geometry": { "type": "Point", "coordinates": [ 139.514049099999966, 35.5982728 ] } },
{ "type": "Feature", "properties": { "内容": "特定非営利活動法人　ワーカーズコレクティブグループとも【居宅介護支援】神奈川県川崎市麻生区王禅寺西３－２６－６", "url": "https://www.kaigokensaku.mhlw.go.jp/14/index.php?action_kouhyou_detail_004_kani=true&JigyosyoCd=1475600449-00&ServiceCd=430&Type=search", "url2": "https://web-k2.jp/gr-tomo/" }, "geometry": { "type": "Point", "coordinates": [ 139.517774, 35.5965983 ] } },
{ "type": "Feature", "properties": { "内容": "生活リハビリクラブ麻生居宅介護支援事業所【居宅介護支援】神奈川県川崎市麻生区東百合丘3-17-4るーむら麻生2F", "url": "https://www.kaigokensaku.mhlw.go.jp/14/index.php?action_kouhyou_detail_004_kani=true&JigyosyoCd=1475600969-00&ServiceCd=430&Type=search", "url2": "https://kanagawa.seikatsuclub.coop/service/rehabilitation/asao.html" }, "geometry": { "type": "Point", "coordinates": [ 139.526685660570138, 35.596585542609887 ] } },
{ "type": "Feature", "properties": { "内容": "ケアプランソーシャル【居宅介護支援】神奈川県川崎市麻生区王禅寺西7-4-14101", "url": "https://www.kaigokensaku.mhlw.go.jp/14/index.php?action_kouhyou_detail_004_kani=true&JigyosyoCd=1475600993-00&ServiceCd=430&Type=search", "url2": null }, "geometry": { "type": "Point", "coordinates": [ 139.504610899999989, 35.5879842 ] } },
{ "type": "Feature", "properties": { "内容": "特別養護老人ホーム　潮見台みどりの丘【居宅介護支援】神奈川県川崎市麻生区王禅寺１２４１番地３８号", "url": "https://www.kaigokensaku.mhlw.go.jp/14/index.php?action_kouhyou_detail_004_kani=true&JigyosyoCd=1475601033-00&ServiceCd=430&Type=search", "url2": "https://www.midorinooka.jp/" }, "geometry": { "type": "Point", "coordinates": [ 139.525768, 35.5918075 ] } },
{ "type": "Feature", "properties": { "内容": "「結」ケアセンターかきお【居宅介護支援】神奈川県川崎市麻生区上麻生6-31-1", "url": "https://www.kaigokensaku.mhlw.go.jp/14/index.php?action_kouhyou_detail_004_kani=true&JigyosyoCd=1475601769-00&ServiceCd=430&Type=search", "url2": "https://yui.shin-yuri.co.jp/kaigo/" }, "geometry": { "type": "Point", "coordinates": [ 139.497918571466528, 35.586783773247554 ] } },
{ "type": "Feature", "properties": { "内容": "ケアサポート・ハーモニー【居宅介護支援】神奈川県川崎市麻生区王禅寺東1-26-12", "url": "https://www.kaigokensaku.mhlw.go.jp/14/index.php?action_kouhyou_detail_004_kani=true&JigyosyoCd=1475601835-00&ServiceCd=430&Type=search", "url2": null }, "geometry": { "type": "Point", "coordinates": [ 139.51172459999998, 35.5794413 ] } },
{ "type": "Feature", "properties": { "内容": "ケアハーバー新緑　居宅介護支援事業所【居宅介護支援】神奈川県川崎市麻生区王禅寺西5丁目1番30号フォレスター新百合ヶ丘203号", "url": "https://www.kaigokensaku.mhlw.go.jp/14/index.php?action_kouhyou_detail_004_kani=true&JigyosyoCd=1475602171-00&ServiceCd=430&Type=search", "url2": "https://www.tsm-asao.com" }, "geometry": { "type": "Point", "coordinates": [ 139.509190699999976, 35.5950625 ] } },
{ "type": "Feature", "properties": { "内容": "SOMPOケア川崎新百合ヶ丘居宅介護支援【居宅介護支援】神奈川県川崎市麻生区万福寺4-1-8グラードビュウ百合丘2階201号室", "url": "https://www.kaigokensaku.mhlw.go.jp/14/index.php?action_kouhyou_detail_004_kani=true&JigyosyoCd=1475602197-00&ServiceCd=430&Type=search", "url2": "https://www.sompocare.com" }, "geometry": { "type": "Point", "coordinates": [ 139.512740345963266, 35.608110548781106 ] } },
{ "type": "Feature", "properties": { "内容": "ケアセンターみらい【居宅介護支援】神奈川県川崎市麻生区高石4-16-21ライオンズマンション百合ヶ丘607号", "url": "https://www.kaigokensaku.mhlw.go.jp/14/index.php?action_kouhyou_detail_004_kani=true&JigyosyoCd=1475602254-00&ServiceCd=430&Type=search", "url2": "https://www.soerute.co.jp" }, "geometry": { "type": "Point", "coordinates": [ 139.521375965895572, 35.611156167786767 ] } },
{ "type": "Feature", "properties": { "内容": "医療法人社団晃進会たま日吉台病院居宅介護支援事業所【居宅介護支援】神奈川県川崎市麻生区王禅寺東３－２６－４－Ｂ－２王禅寺ショッピングプラザＢ棟", "url": "https://www.kaigokensaku.mhlw.go.jp/14/index.php?action_kouhyou_detail_004_kani=true&JigyosyoCd=1475602288-00&ServiceCd=430&Type=search", "url2": "http://www.ｔamahiyoshi.or.jp" }, "geometry": { "type": "Point", "coordinates": [ 139.515128059486301, 35.58800144803574 ] } },
{ "type": "Feature", "properties": { "内容": "すてきな介護さぽーと21【居宅介護支援】神奈川県川崎市麻生区上麻生２－１－８", "url": "https://www.kaigokensaku.mhlw.go.jp/14/index.php?action_kouhyou_detail_004_kani=true&JigyosyoCd=1475602601-00&ServiceCd=430&Type=search", "url2": null }, "geometry": { "type": "Point", "coordinates": [ 139.5106013, 35.6026335 ] } },
{ "type": "Feature", "properties": { "内容": "リリアンケア百合ヶ丘【居宅介護支援】神奈川県川崎市麻生区百合丘3-19-9メゾン・ド・ユリ103", "url": "https://www.kaigokensaku.mhlw.go.jp/14/index.php?action_kouhyou_detail_004_kani=true&JigyosyoCd=1475602734-00&ServiceCd=430&Type=search", "url2": "https://lc.lilyancare.com/yurigaoka/" }, "geometry": { "type": "Point", "coordinates": [ 139.5202975, 35.6000449 ] } },
{ "type": "Feature", "properties": { "内容": "ＯＲＣケアマネジャー事務所【居宅介護支援】神奈川県相模原市緑区下九沢2873-3", "url": "https://www.kaigokensaku.mhlw.go.jp/14/index.php?action_kouhyou_detail_004_kani=true&JigyosyoCd=1472602489-00&ServiceCd=430&Type=search", "url2": null }, "geometry": { "type": "Point", "coordinates": [ 139.319922600000041, 35.5865308 ] } },
{ "type": "Feature", "properties": { "内容": "ケアセンターじぇーど【居宅介護支援】神奈川県相模原市緑区相原4-12-5小川事務所2階", "url": "https://www.kaigokensaku.mhlw.go.jp/14/index.php?action_kouhyou_detail_004_kani=true&JigyosyoCd=1472612553-00&ServiceCd=430&Type=search", "url2": "https://nursecompany.co.jp/jade/" }, "geometry": { "type": "Point", "coordinates": [ 139.3218493, 35.5986954 ] } },
{ "type": "Feature", "properties": { "内容": "ケアステーションらいふ【居宅介護支援】神奈川県相模原市緑区中野1351-1", "url": "https://www.kaigokensaku.mhlw.go.jp/14/index.php?action_kouhyou_detail_004_kani=true&JigyosyoCd=1472612561-00&ServiceCd=430&Type=search", "url2": null }, "geometry": { "type": "Point", "coordinates": [ 139.6694446, 35.7056767 ] } },
{ "type": "Feature", "properties": { "内容": "けあぷらんせんたーらん【居宅介護支援】神奈川県相模原市緑区二本松１丁目６番３３号", "url": "https://www.kaigokensaku.mhlw.go.jp/14/index.php?action_kouhyou_detail_004_kani=true&JigyosyoCd=1472612595-00&ServiceCd=430&Type=search", "url2": null }, "geometry": { "type": "Point", "coordinates": [ 139.32540370000001, 35.5927098 ] } },
{ "type": "Feature", "properties": { "内容": "コッカテイル【居宅介護支援】神奈川県相模原市緑区相原4-12-3クレールメナージュ202", "url": "https://www.kaigokensaku.mhlw.go.jp/14/index.php?action_kouhyou_detail_004_kani=true&JigyosyoCd=1472612637-00&ServiceCd=430&Type=search", "url2": null }, "geometry": { "type": "Point", "coordinates": [ 139.322158300000012, 35.598658 ] } },
{ "type": "Feature", "properties": { "内容": "介護ほっと相談　めーぷる【居宅介護支援】神奈川県相模原市緑区原宿南１丁目１番地６", "url": "https://www.kaigokensaku.mhlw.go.jp/14/index.php?action_kouhyou_detail_004_kani=true&JigyosyoCd=1472612652-00&ServiceCd=430&Type=search", "url2": "https://gk-itsuki.com/" }, "geometry": { "type": "Point", "coordinates": [ 139.315000700000013, 35.5960976 ] } },
{ "type": "Feature", "properties": { "内容": "ワンズタイム【居宅介護支援】神奈川県相模原市緑区橋本２－７－４", "url": "https://www.kaigokensaku.mhlw.go.jp/14/index.php?action_kouhyou_detail_004_kani=true&JigyosyoCd=1472603115-00&ServiceCd=430&Type=search", "url2": "https://clover8.com/" }, "geometry": { "type": "Point", "coordinates": [ 139.341694698863336, 35.595644158379159 ] } },
{ "type": "Feature", "properties": { "内容": "ケアマネジメント　紗羅の木【居宅介護支援】神奈川県相模原市緑区長竹2813番地2", "url": "https://www.kaigokensaku.mhlw.go.jp/14/index.php?action_kouhyou_detail_004_kani=true&JigyosyoCd=1472604774-00&ServiceCd=430&Type=search", "url2": null }, "geometry": { "type": "Point", "coordinates": [ 139.262637600000062, 35.5549517 ] } },
{ "type": "Feature", "properties": { "内容": "ケアリングサポートセンター　グランシェル【居宅介護支援】神奈川県相模原市緑区根小屋2489-17", "url": "https://www.kaigokensaku.mhlw.go.jp/14/index.php?action_kouhyou_detail_004_kani=true&JigyosyoCd=1472606365-00&ServiceCd=430&Type=search", "url2": "https://granshel.com/" }, "geometry": { "type": "Point", "coordinates": [ 139.263406609543949, 35.576486831628515 ] } },
{ "type": "Feature", "properties": { "内容": "ライフコート相模原下九沢　さくらんぼ【居宅介護支援】神奈川県相模原市緑区下九沢1915-1ライフコート相模原下九沢1階", "url": "https://www.kaigokensaku.mhlw.go.jp/14/index.php?action_kouhyou_detail_004_kani=true&JigyosyoCd=1472608130-00&ServiceCd=430&Type=search", "url2": "http://www.care-sakuranbo.jp/facilities/sagamiharashimokuzawa/" }, "geometry": { "type": "Point", "coordinates": [ 139.333034925131187, 35.579086788856849 ] } },
{ "type": "Feature", "properties": { "内容": "サポート・ユー居宅介護支援センター【居宅介護支援】神奈川県相模原市緑区城山4-2-43", "url": "https://www.kaigokensaku.mhlw.go.jp/14/index.php?action_kouhyou_detail_004_kani=true&JigyosyoCd=1472608270-00&ServiceCd=430&Type=search", "url2": "https://aim-act.co.jp/bussiness/" }, "geometry": { "type": "Point", "coordinates": [ 139.290331705418339, 35.591552547412576 ] } },
{ "type": "Feature", "properties": { "内容": "晃友ケアプランステーション【居宅介護支援】神奈川県相模原市緑区中野1365-1", "url": "https://www.kaigokensaku.mhlw.go.jp/14/index.php?action_kouhyou_detail_004_kani=true&JigyosyoCd=1472611761-00&ServiceCd=430&Type=search", "url2": "https://koyu.or.jp/" }, "geometry": { "type": "Point", "coordinates": [ 139.2521198, 35.589015 ] } },
{ "type": "Feature", "properties": { "内容": "ケアプラン　はるか【居宅介護支援】神奈川県相模原市緑区下九沢２４９５－５レモンホームⅢ２０３", "url": "https://www.kaigokensaku.mhlw.go.jp/14/index.php?action_kouhyou_detail_004_kani=true&JigyosyoCd=1472611928-00&ServiceCd=430&Type=search", "url2": null }, "geometry": { "type": "Point", "coordinates": [ 139.3230212, 35.583997 ] } },
{ "type": "Feature", "properties": { "内容": "ＳＯＭＰＯケア　橋本　居宅介護支援【居宅介護支援】神奈川県相模原市緑区西橋本1丁目4番8号", "url": "https://www.kaigokensaku.mhlw.go.jp/14/index.php?action_kouhyou_detail_004_kani=true&JigyosyoCd=1472612017-00&ServiceCd=430&Type=search", "url2": "https://www.sompocare.com/" }, "geometry": { "type": "Point", "coordinates": [ 139.3407188, 35.5913976 ] } },
{ "type": "Feature", "properties": { "内容": "ボーナビール二本松ケアセンター【居宅介護支援】神奈川県相模原市緑区二本松2－30－39", "url": "https://www.kaigokensaku.mhlw.go.jp/14/index.php?action_kouhyou_detail_004_kani=true&JigyosyoCd=1472609633-00&ServiceCd=430&Type=search", "url2": "http://tokyo.busonkai.or.jp" }, "geometry": { "type": "Point", "coordinates": [ 139.315582146032739, 35.591634210224917 ] } },
{ "type": "Feature", "properties": { "内容": "瀬戸の森　居宅介護支援センター【居宅介護支援】神奈川県相模原市緑区与瀬1091", "url": "https://www.kaigokensaku.mhlw.go.jp/14/index.php?action_kouhyou_detail_004_kani=true&JigyosyoCd=1471700276-00&ServiceCd=430&Type=search", "url2": null }, "geometry": { "type": "Point", "coordinates": [ 139.190258299999982, 35.616441 ] } },
{ "type": "Feature", "properties": { "内容": "ケアプランこうま【居宅介護支援】神奈川県相模原市緑区澤井194番地", "url": "https://www.kaigokensaku.mhlw.go.jp/14/index.php?action_kouhyou_detail_004_kani=true&JigyosyoCd=1472609369-00&ServiceCd=430&Type=search", "url2": null }, "geometry": { "type": "Point", "coordinates": [ 139.153252400000014, 35.6212513 ] } },
{ "type": "Feature", "properties": { "内容": "相模湖病院【居宅介護支援】神奈川県相模原市緑区寸沢嵐3092-1", "url": "https://www.kaigokensaku.mhlw.go.jp/14/index.php?action_kouhyou_detail_004_kani=true&JigyosyoCd=1412606978-00&ServiceCd=430&Type=search", "url2": "https://sounkai.com/" }, "geometry": { "type": "Point", "coordinates": [ 139.20586579999997, 35.59412269999995 ] } },
{ "type": "Feature", "properties": { "内容": "旭ケ丘居宅介護支援センター【居宅介護支援】神奈川県相模原市緑区根小屋2363番地2", "url": "https://www.kaigokensaku.mhlw.go.jp/14/index.php?action_kouhyou_detail_004_kani=true&JigyosyoCd=1471700029-00&ServiceCd=430&Type=search", "url2": "https://www.asahigaoka-h.jp/" }, "geometry": { "type": "Point", "coordinates": [ 139.262464899999941, 35.5800898 ] } },
{ "type": "Feature", "properties": { "内容": "ライフホーム城山【居宅介護支援】神奈川県相模原市緑区小倉1620", "url": "https://www.kaigokensaku.mhlw.go.jp/14/index.php?action_kouhyou_detail_004_kani=true&JigyosyoCd=1471700037-00&ServiceCd=430&Type=search", "url2": "http://lifehomeshiroyama.com/" }, "geometry": { "type": "Point", "coordinates": [ 139.307355, 35.5731143 ] } },
{ "type": "Feature", "properties": { "内容": "ほのぼのケアプランセンター【居宅介護支援】神奈川県相模原市緑区中野277-2", "url": "https://www.kaigokensaku.mhlw.go.jp/14/index.php?action_kouhyou_detail_004_kani=true&JigyosyoCd=1471700300-00&ServiceCd=430&Type=search", "url2": "http://www.tsukuifukushikai.info/index.html" }, "geometry": { "type": "Point", "coordinates": [ 139.259706351806699, 35.583931556411578 ] } },
{ "type": "Feature", "properties": { "内容": "グリーンヒルズ居宅介護支援事業所【居宅介護支援】神奈川県相模原市緑区大島１５８３－１", "url": "https://www.kaigokensaku.mhlw.go.jp/14/index.php?action_kouhyou_detail_004_kani=true&JigyosyoCd=1472600103-00&ServiceCd=430&Type=search", "url2": "https://koyu.or.jp/" }, "geometry": { "type": "Point", "coordinates": [ 139.3242864, 35.5752418 ] } },
{ "type": "Feature", "properties": { "内容": "居宅介護支援センター中の郷【居宅介護支援】神奈川県相模原市緑区大島１５５６", "url": "https://www.kaigokensaku.mhlw.go.jp/14/index.php?action_kouhyou_detail_004_kani=true&JigyosyoCd=1472600244-00&ServiceCd=430&Type=search", "url2": "http://www.nakanogou.org/" }, "geometry": { "type": "Point", "coordinates": [ 139.32347249999998, 35.576 ] } },
{ "type": "Feature", "properties": { "内容": "株式会社共立ケアセンターケアプランサービス【居宅介護支援】神奈川県相模原市緑区西橋本2丁目21-16-103グリーンアルス103", "url": "https://www.kaigokensaku.mhlw.go.jp/14/index.php?action_kouhyou_detail_004_kani=true&JigyosyoCd=1472600400-00&ServiceCd=430&Type=search", "url2": "http://care-net.biz/14/kyoritsucare/index.php" }, "geometry": { "type": "Point", "coordinates": [ 139.337177061822103, 35.592706087993541 ] } },
{ "type": "Feature", "properties": { "内容": "わかば介護サービス【居宅介護支援】神奈川県相模原市緑区橋本5-33-8コーポ古堅102号", "url": "https://www.kaigokensaku.mhlw.go.jp/14/index.php?action_kouhyou_detail_004_kani=true&JigyosyoCd=1472602331-00&ServiceCd=430&Type=search", "url2": "http://www.kaigo-shien.com/index.html" }, "geometry": { "type": "Point", "coordinates": [ 139.342708899999934, 35.6023292 ] } },
{ "type": "Feature", "properties": { "内容": "森田病院居宅介護支援事業所【居宅介護支援】神奈川県相模原市緑区三ヶ木６２７", "url": "https://www.kaigokensaku.mhlw.go.jp/14/index.php?action_kouhyou_detail_004_kani=true&JigyosyoCd=1472603834-00&ServiceCd=430&Type=search", "url2": "https://moritahp.com/home_medical/#02" }, "geometry": { "type": "Point", "coordinates": [ 139.231114, 35.5902048 ] } },
{ "type": "Feature", "properties": { "内容": "なごみの里ケアセンター【居宅介護支援】神奈川県相模原市緑区牧野８１１０－２", "url": "https://www.kaigokensaku.mhlw.go.jp/14/index.php?action_kouhyou_detail_004_kani=true&JigyosyoCd=1472603891-00&ServiceCd=430&Type=search", "url2": "https://www.fujino-hp.or.jp/care" }, "geometry": { "type": "Point", "coordinates": [ 139.133264100000019, 35.5920842 ] } },
{ "type": "Feature", "properties": { "内容": "銀の館　居宅介護支援センター【居宅介護支援】神奈川県相模原市緑区佐野川2575", "url": "https://www.kaigokensaku.mhlw.go.jp/14/index.php?action_kouhyou_detail_004_kani=true&JigyosyoCd=1472604303-00&ServiceCd=430&Type=search", "url2": "https://raphaelkai.com/gin.html" }, "geometry": { "type": "Point", "coordinates": [ 139.1317405, 35.6411246 ] } },
{ "type": "Feature", "properties": { "内容": "居宅介護支援事業所　つみき【居宅介護支援】神奈川県相模原市緑区下九沢１７３５", "url": "https://www.kaigokensaku.mhlw.go.jp/14/index.php?action_kouhyou_detail_004_kani=true&JigyosyoCd=1472604998-00&ServiceCd=430&Type=search", "url2": null }, "geometry": { "type": "Point", "coordinates": [ 139.337768500000038, 35.5760575 ] } },
{ "type": "Feature", "properties": { "内容": "ケアステーション　暖【居宅介護支援】神奈川県相模原市緑区大山町8-13井上産業ビル１０１", "url": "https://www.kaigokensaku.mhlw.go.jp/14/index.php?action_kouhyou_detail_004_kani=true&JigyosyoCd=1472605524-00&ServiceCd=430&Type=search", "url2": "http://hachifuku.com/" }, "geometry": { "type": "Point", "coordinates": [ 139.34546469999998, 35.5875185 ] } },
{ "type": "Feature", "properties": { "内容": "ケアセンター　ブーケ【居宅介護支援】神奈川県相模原市緑区三井646-8", "url": "https://www.kaigokensaku.mhlw.go.jp/14/index.php?action_kouhyou_detail_004_kani=true&JigyosyoCd=1472605540-00&ServiceCd=430&Type=search", "url2": null }, "geometry": { "type": "Point", "coordinates": [ 139.262289399999986, 35.5945846 ] } },
{ "type": "Feature", "properties": { "内容": "介護の相談所　ゆいまーる【居宅介護支援】神奈川県相模原市緑区大島1183-3", "url": "https://www.kaigokensaku.mhlw.go.jp/14/index.php?action_kouhyou_detail_004_kani=true&JigyosyoCd=1472605615-00&ServiceCd=430&Type=search", "url2": "http://yuimaaru.co.jp/" }, "geometry": { "type": "Point", "coordinates": [ 139.315751, 35.5808099 ] } },
{ "type": "Feature", "properties": { "内容": "アロハ　居宅介護支援センター【居宅介護支援】神奈川県相模原市緑区橋本３－２１－１０", "url": "https://www.kaigokensaku.mhlw.go.jp/14/index.php?action_kouhyou_detail_004_kani=true&JigyosyoCd=1472605862-00&ServiceCd=430&Type=search", "url2": null }, "geometry": { "type": "Point", "coordinates": [ 139.348630800000024, 35.596583 ] } },
{ "type": "Feature", "properties": { "内容": "笑み　支援事業所【居宅介護支援】神奈川県相模原市緑区寸沢嵐787番地4", "url": "https://www.kaigokensaku.mhlw.go.jp/14/index.php?action_kouhyou_detail_004_kani=true&JigyosyoCd=1472607447-00&ServiceCd=430&Type=search", "url2": null }, "geometry": { "type": "Point", "coordinates": [ 139.221731379206858, 35.601661256797151 ] } },
{ "type": "Feature", "properties": { "内容": "合の家ケアステーション【居宅介護支援】神奈川県相模原市緑区谷が原1-11-6", "url": "https://www.kaigokensaku.mhlw.go.jp/14/index.php?action_kouhyou_detail_004_kani=true&JigyosyoCd=1472611621-00&ServiceCd=430&Type=search", "url2": "https://www.ainoie.net/sagamihara" }, "geometry": { "type": "Point", "coordinates": [ 139.295869900000014, 35.5918622 ] } },
{ "type": "Feature", "properties": { "内容": "ケアプランほほえみ【居宅介護支援】神奈川県相模原市緑区小渕1613－1モナークふじのB棟203号室", "url": "https://www.kaigokensaku.mhlw.go.jp/14/index.php?action_kouhyou_detail_004_kani=true&JigyosyoCd=1472610144-00&ServiceCd=430&Type=search", "url2": null }, "geometry": { "type": "Point", "coordinates": [ 139.152322, 35.6164493 ] } },
{ "type": "Feature", "properties": { "内容": "相原居宅介護支援事業所【居宅介護支援】神奈川県相模原市緑区相原5-12-6", "url": "https://www.kaigokensaku.mhlw.go.jp/14/index.php?action_kouhyou_detail_004_kani=true&JigyosyoCd=1472612868-00&ServiceCd=430&Type=search", "url2": "https://imsgroup.jp/aihara-hp/outline/units/homon-kango/" }, "geometry": { "type": "Point", "coordinates": [ 139.3167253, 35.5984924 ] } },
{ "type": "Feature", "properties": { "内容": "在宅ケア原宿【居宅介護支援】神奈川県相模原市緑区原宿４－１２－２０メゾン熊野Ⅱー１０１", "url": "https://www.kaigokensaku.mhlw.go.jp/14/index.php?action_kouhyou_detail_004_kani=true&JigyosyoCd=1472612181-00&ServiceCd=430&Type=search", "url2": null }, "geometry": { "type": "Point", "coordinates": [ 139.307409100000029, 35.5990624 ] } },
{ "type": "Feature", "properties": { "内容": "グリーンフォレストケアプランセンター【居宅介護支援】神奈川県相模原市緑区東橋本3-16-8601", "url": "https://www.kaigokensaku.mhlw.go.jp/14/index.php?action_kouhyou_detail_004_kani=true&JigyosyoCd=1472612264-00&ServiceCd=430&Type=search", "url2": "https://www.greenforest0813.com/care-plan.php" }, "geometry": { "type": "Point", "coordinates": [ 139.3534018, 35.5960907 ] } },
{ "type": "Feature", "properties": { "内容": "ケアプランカミヤ【居宅介護支援】神奈川県相模原市中央区青葉1-1-27コア青葉1F", "url": "https://www.kaigokensaku.mhlw.go.jp/14/index.php?action_kouhyou_detail_004_kani=true&JigyosyoCd=1472612330-00&ServiceCd=430&Type=search", "url2": null }, "geometry": { "type": "Point", "coordinates": [ 139.3875103, 35.5542999 ] } },
{ "type": "Feature", "properties": { "内容": "LinoaStyle【居宅介護支援】神奈川県相模原市中央区中央3-14-7相模原セントラルビル507", "url": "https://www.kaigokensaku.mhlw.go.jp/14/index.php?action_kouhyou_detail_004_kani=true&JigyosyoCd=1472612355-00&ServiceCd=430&Type=search", "url2": null }, "geometry": { "type": "Point", "coordinates": [ 139.3723483, 35.5691782 ] } },
{ "type": "Feature", "properties": { "内容": "ハッピーケア【居宅介護支援】神奈川県相模原市中央区相生4-1-17第一SKビル3C", "url": "https://www.kaigokensaku.mhlw.go.jp/14/index.php?action_kouhyou_detail_004_kani=true&JigyosyoCd=1472612421-00&ServiceCd=430&Type=search", "url2": null }, "geometry": { "type": "Point", "coordinates": [ 139.383509800000013, 35.565313 ] } },
{ "type": "Feature", "properties": { "内容": "ラウンド＆ケア居宅介護支援事業所相模原【居宅介護支援】神奈川県相模原市中央区相模原2-8-11MIYAビル1階", "url": "https://www.kaigokensaku.mhlw.go.jp/14/index.php?action_kouhyou_detail_004_kani=true&JigyosyoCd=1472612538-00&ServiceCd=430&Type=search", "url2": "https://www.r-care.jp/" }, "geometry": { "type": "Point", "coordinates": [ 139.3680133, 35.5794612 ] } },
{ "type": "Feature", "properties": { "内容": "総合相模更生病院　居宅介護支援事業所【居宅介護支援】神奈川県相模原市中央区氷川町17-11ナーシングホームゆたか", "url": "https://www.kaigokensaku.mhlw.go.jp/14/index.php?action_kouhyou_detail_004_kani=true&JigyosyoCd=1472612579-00&ServiceCd=430&Type=search", "url2": null }, "geometry": { "type": "Point", "coordinates": [ 139.362188896775109, 35.582677480007433 ] } },
{ "type": "Feature", "properties": { "内容": "相和会訪問看護ステーション【居宅介護支援】神奈川県相模原市中央区淵野辺3-3-6第5ＳＫビル", "url": "https://www.kaigokensaku.mhlw.go.jp/14/index.php?action_kouhyou_detail_004_kani=true&JigyosyoCd=1462690030-00&ServiceCd=430&Type=search", "url2": "https://www.sowa.or.jp/sowa_houmon/" }, "geometry": { "type": "Point", "coordinates": [ 139.392418585138387, 35.571291213737567 ] } },
{ "type": "Feature", "properties": { "内容": "リバーサイド田名ホーム居宅支援センター【居宅介護支援】神奈川県相模原市中央区田名8511-1", "url": "https://www.kaigokensaku.mhlw.go.jp/14/index.php?action_kouhyou_detail_004_kani=true&JigyosyoCd=1472600038-00&ServiceCd=430&Type=search", "url2": "http://aisenkai-riverside.jp/publics/index/42" }, "geometry": { "type": "Point", "coordinates": [ 139.347229470010006, 35.536391656941284 ] } },
{ "type": "Feature", "properties": { "内容": "イマジニクス【居宅介護支援】神奈川県相模原市中央区矢部3-4-6ヤベ141ビル204", "url": "https://www.kaigokensaku.mhlw.go.jp/14/index.php?action_kouhyou_detail_004_kani=true&JigyosyoCd=1472600368-00&ServiceCd=430&Type=search", "url2": null }, "geometry": { "type": "Point", "coordinates": [ 139.385272969311529, 35.572416906658752 ] } },
{ "type": "Feature", "properties": { "内容": "株式会社　サガミケアサポート【居宅介護支援】神奈川県相模原市中央区富士見６－１５－９", "url": "https://www.kaigokensaku.mhlw.go.jp/14/index.php?action_kouhyou_detail_004_kani=true&JigyosyoCd=1472600566-00&ServiceCd=430&Type=search", "url2": "https://www.sagami-care.co.jp/" }, "geometry": { "type": "Point", "coordinates": [ 139.375963787835673, 35.567260716083062 ] } },
{ "type": "Feature", "properties": { "内容": "特別養護老人ホーム　塩田ホーム【居宅介護支援】神奈川県相模原市中央区田名塩田２－５－２４", "url": "https://www.kaigokensaku.mhlw.go.jp/14/index.php?action_kouhyou_detail_004_kani=true&JigyosyoCd=1472600657-00&ServiceCd=430&Type=search", "url2": "https://www.daichinokai.jp/business/care-support/" }, "geometry": { "type": "Point", "coordinates": [ 139.356845799999974, 35.534939 ] } },
{ "type": "Feature", "properties": { "内容": "ケアプランセンター花みずき【居宅介護支援】神奈川県相模原市中央区淵野辺3-12-7", "url": "https://www.kaigokensaku.mhlw.go.jp/14/index.php?action_kouhyou_detail_004_kani=true&JigyosyoCd=1472602505-00&ServiceCd=430&Type=search", "url2": "https://www.hanamizuki-c.jp/care.html" }, "geometry": { "type": "Point", "coordinates": [ 139.393766300000038, 35.5727499 ] } },
{ "type": "Feature", "properties": { "内容": "まちづくり公社介護支援センター【居宅介護支援】神奈川県相模原市中央区矢部2-4-17", "url": "https://www.kaigokensaku.mhlw.go.jp/14/index.php?action_kouhyou_detail_004_kani=true&JigyosyoCd=1472602513-00&ServiceCd=430&Type=search", "url2": "https://machizukurikousya.com/about/" }, "geometry": { "type": "Point", "coordinates": [ 139.381453500000021, 35.574625 ] } },
{ "type": "Feature", "properties": { "内容": "ネストケアセンター【居宅介護支援】神奈川県相模原市中央区氷川町１３番１号２階", "url": "https://www.kaigokensaku.mhlw.go.jp/14/index.php?action_kouhyou_detail_004_kani=true&JigyosyoCd=1472603925-00&ServiceCd=430&Type=search", "url2": null }, "geometry": { "type": "Point", "coordinates": [ 139.363635400000021, 35.5823438 ] } },
{ "type": "Feature", "properties": { "内容": "ケアステーション優縁【居宅介護支援】神奈川県相模原市中央区淵野辺4-37-12ラテイブビル201", "url": "https://www.kaigokensaku.mhlw.go.jp/14/index.php?action_kouhyou_detail_004_kani=true&JigyosyoCd=1472604121-00&ServiceCd=430&Type=search", "url2": "https://www.e-m.co.jp/care/" }, "geometry": { "type": "Point", "coordinates": [ 139.398677099999986, 35.5688977 ] } },
{ "type": "Feature", "properties": { "内容": "福祉村居宅介護支援センター【居宅介護支援】神奈川県相模原市中央区田名7691番地1", "url": "https://www.kaigokensaku.mhlw.go.jp/14/index.php?action_kouhyou_detail_004_kani=true&JigyosyoCd=1472604154-00&ServiceCd=430&Type=search", "url2": "https://fukushimura.or.jp/facilities/enjoy/" }, "geometry": { "type": "Point", "coordinates": [ 139.345618899999977, 35.5457651 ] } },
{ "type": "Feature", "properties": { "内容": "相模原ケアコミュニティそよ風【居宅介護支援】神奈川県相模原市中央区矢部１－５－２０", "url": "https://www.kaigokensaku.mhlw.go.jp/14/index.php?action_kouhyou_detail_004_kani=true&JigyosyoCd=1472606639-00&ServiceCd=430&Type=search", "url2": "https://www.sykz.co.jp/" }, "geometry": { "type": "Point", "coordinates": [ 139.376109600000063, 35.5731588 ] } },
{ "type": "Feature", "properties": { "内容": "エスケアステーション相模原中央　居宅介護支援【居宅介護支援】神奈川県相模原市中央区淵野辺本町二丁目7番9号", "url": "https://www.kaigokensaku.mhlw.go.jp/14/index.php?action_kouhyou_detail_004_kani=true&JigyosyoCd=1472607041-00&ServiceCd=430&Type=search", "url2": "https://www.s-caremate.co.jp/service/jigyousyo/14_kanagawa/sagamihara_st.html" }, "geometry": { "type": "Point", "coordinates": [ 139.401248278718867, 35.572726620534759 ] } },
{ "type": "Feature", "properties": { "内容": "居宅介護支援　もみじのて中央【居宅介護支援】神奈川県相模原市中央区中央1-1-12", "url": "https://www.kaigokensaku.mhlw.go.jp/14/index.php?action_kouhyou_detail_004_kani=true&JigyosyoCd=1472607991-00&ServiceCd=430&Type=search", "url2": "http://www.maplehand.co.jp/publics/index/60/" }, "geometry": { "type": "Point", "coordinates": [ 139.36693809999997, 35.575167300000018 ] } },
{ "type": "Feature", "properties": { "内容": "シフティーン相模原　居宅介護支援事業所【居宅介護支援】神奈川県相模原市中央区田名2723グループハウス相模原田名内", "url": "https://www.kaigokensaku.mhlw.go.jp/14/index.php?action_kouhyou_detail_004_kani=true&JigyosyoCd=1472609468-00&ServiceCd=430&Type=search", "url2": "http://www.life-shift.com" }, "geometry": { "type": "Point", "coordinates": [ 139.335500397024248, 35.570423975649206 ] } },
{ "type": "Feature", "properties": { "内容": "居宅介護支援事業所コルク【居宅介護支援】神奈川県相模原市中央区田名3585-5", "url": "https://www.kaigokensaku.mhlw.go.jp/14/index.php?action_kouhyou_detail_004_kani=true&JigyosyoCd=1472609492-00&ServiceCd=430&Type=search", "url2": null }, "geometry": { "type": "Point", "coordinates": [ 139.343905735998561, 35.565156275890203 ] } },
{ "type": "Feature", "properties": { "内容": "あやめ介護【居宅介護支援】神奈川県相模原市中央区富士見6-13-18コーポ中山103", "url": "https://www.kaigokensaku.mhlw.go.jp/14/index.php?action_kouhyou_detail_004_kani=true&JigyosyoCd=1472609559-00&ServiceCd=430&Type=search", "url2": null }, "geometry": { "type": "Point", "coordinates": [ 139.374720900000057, 35.5678682 ] } },
{ "type": "Feature", "properties": { "内容": "居宅介護支援事業所　ともしび【居宅介護支援】東淵野辺2-6-30", "url": "https://www.kaigokensaku.mhlw.go.jp/14/index.php?action_kouhyou_detail_004_kani=true&JigyosyoCd=1472610078-00&ServiceCd=430&Type=search", "url2": null }, "geometry": { "type": "Point", "coordinates": [ 139.412512600000014, 35.5629704 ] } },
{ "type": "Feature", "properties": { "内容": "ツクイ相模原矢部【居宅介護支援】神奈川県相模原市中央区矢部2-6-5", "url": "https://www.kaigokensaku.mhlw.go.jp/14/index.php?action_kouhyou_detail_004_kani=true&JigyosyoCd=1472610706-00&ServiceCd=430&Type=search", "url2": "https://www.tsukui.net/home-care/2153/" }, "geometry": { "type": "Point", "coordinates": [ 139.382642, 35.573608 ] } },
{ "type": "Feature", "properties": { "内容": "桜ケアプラン相模原【居宅介護支援】神奈川県相模原市中央区相模原6-26-14シャルテ相模原１F103号室", "url": "https://www.kaigokensaku.mhlw.go.jp/14/index.php?action_kouhyou_detail_004_kani=true&JigyosyoCd=1472611134-00&ServiceCd=430&Type=search", "url2": "https://jala.co.jp/facility/sakura-care-sagamihara/" }, "geometry": { "type": "Point", "coordinates": [ 139.3769893, 35.5759655 ] } },
{ "type": "Feature", "properties": { "内容": "指定相談支援アットコレット矢部【居宅介護支援】神奈川県相模原市中央区淵野辺1-2-38タケモトビル101", "url": "https://www.kaigokensaku.mhlw.go.jp/14/index.php?action_kouhyou_detail_004_kani=true&JigyosyoCd=1472611514-00&ServiceCd=430&Type=search", "url2": "https://collet.at-care.co.jp/" }, "geometry": { "type": "Point", "coordinates": [ 139.354797005653381, 35.5806970350841 ] } },
{ "type": "Feature", "properties": { "内容": "ライブラリ淵野辺居宅介護支援事業所【居宅介護支援】神奈川県相模原市中央区淵野辺四丁目35-1ライブラリ淵野辺四丁目", "url": "https://www.kaigokensaku.mhlw.go.jp/14/index.php?action_kouhyou_detail_004_kani=true&JigyosyoCd=1472611654-00&ServiceCd=430&Type=search", "url2": null }, "geometry": { "type": "Point", "coordinates": [ 139.399434600000035, 35.5689618 ] } },
{ "type": "Feature", "properties": { "内容": "あかりの森ケアプランセンター【居宅介護支援】神奈川県相模原市中央区弥栄1-8-19ウイングA-22", "url": "https://www.kaigokensaku.mhlw.go.jp/14/index.php?action_kouhyou_detail_004_kani=true&JigyosyoCd=1472611712-00&ServiceCd=430&Type=search", "url2": "https://akarinomori.jp/" }, "geometry": { "type": "Point", "coordinates": [ 139.367020649914366, 35.572338010403506 ] } },
{ "type": "Feature", "properties": { "内容": "居宅介護支援レジデンス相模原【居宅介護支援】神奈川県相模原市中央区星が丘1-1-25住宅型有料老人ホーム　レジデンス相模原星が丘", "url": "https://www.kaigokensaku.mhlw.go.jp/14/index.php?action_kouhyou_detail_004_kani=true&JigyosyoCd=1472612215-00&ServiceCd=430&Type=search", "url2": null }, "geometry": { "type": "Point", "coordinates": [ 139.369475727445888, 35.564429649630952 ] } },
{ "type": "Feature", "properties": { "内容": "ふみいり　ケアプラン【居宅介護支援】神奈川県相模原市中央区陽光台1-6-18", "url": "https://www.kaigokensaku.mhlw.go.jp/14/index.php?action_kouhyou_detail_004_kani=true&JigyosyoCd=1472603602-00&ServiceCd=430&Type=search", "url2": null }, "geometry": { "type": "Point", "coordinates": [ 139.3660026, 35.5568346 ] } },
{ "type": "Feature", "properties": { "内容": "居宅介護支援センター　きずな【居宅介護支援】神奈川県相模原市中央区矢部2-20-7", "url": "https://www.kaigokensaku.mhlw.go.jp/14/index.php?action_kouhyou_detail_004_kani=true&JigyosyoCd=1472605722-00&ServiceCd=430&Type=search", "url2": null }, "geometry": { "type": "Point", "coordinates": [ 139.3821924, 35.571069899999983 ] } },
{ "type": "Feature", "properties": { "内容": "ＨＡＬ介護サービス【居宅介護支援】神奈川県相模原市中央区緑が丘2-18-5", "url": "https://www.kaigokensaku.mhlw.go.jp/14/index.php?action_kouhyou_detail_004_kani=true&JigyosyoCd=1472606571-00&ServiceCd=430&Type=search", "url2": null }, "geometry": { "type": "Point", "coordinates": [ 139.385076, 35.5525814 ] } },
{ "type": "Feature", "properties": { "内容": "渕野辺総合病院居宅介護支援センター【居宅介護支援】神奈川県相模原市中央区淵野辺3-20-15淵野辺コート1階", "url": "https://www.kaigokensaku.mhlw.go.jp/14/index.php?action_kouhyou_detail_004_kani=true&JigyosyoCd=1472608072-00&ServiceCd=430&Type=search", "url2": "https://www.sowa.or.jp/fuchinobe/section/home-care/" }, "geometry": { "type": "Point", "coordinates": [ 139.39556540000001, 35.5702022 ] } },
{ "type": "Feature", "properties": { "内容": "ケアステーションぴー寿【居宅介護支援】神奈川県相模原市中央区相模原6-7-14アルパインメゾン901", "url": "https://www.kaigokensaku.mhlw.go.jp/14/index.php?action_kouhyou_detail_004_kani=true&JigyosyoCd=1472609591-00&ServiceCd=430&Type=search", "url2": null }, "geometry": { "type": "Point", "coordinates": [ 139.373043100000018, 35.5737256 ] } },
{ "type": "Feature", "properties": { "内容": "SOMPOケア　相模原中央　居宅介護支援【居宅介護支援】神奈川県相模原市中央区中央１丁目1-1ジブラルタ生命相模原ビル203", "url": "https://www.kaigokensaku.mhlw.go.jp/14/index.php?action_kouhyou_detail_004_kani=true&JigyosyoCd=1472609815-00&ServiceCd=430&Type=search", "url2": "https://www.sompocare.com/service/zaitaku/kaigoshien/z000248" }, "geometry": { "type": "Point", "coordinates": [ 139.367378707307694, 35.575830663518104 ] } },
{ "type": "Feature", "properties": { "内容": "アウトリーチ【居宅介護支援】神奈川県相模原市中央区富士見5-2-14竹井ビル1階", "url": "https://www.kaigokensaku.mhlw.go.jp/14/index.php?action_kouhyou_detail_004_kani=true&JigyosyoCd=1472609831-00&ServiceCd=430&Type=search", "url2": "http://llc-force.co.jp/" }, "geometry": { "type": "Point", "coordinates": [ 139.376162499999964, 35.5669044 ] } },
{ "type": "Feature", "properties": { "内容": "木下の介護　相模原【居宅介護支援】神奈川県相模原市中央区相模原5丁目4-3リアンレーヴ相模原", "url": "https://www.kaigokensaku.mhlw.go.jp/14/index.php?action_kouhyou_detail_004_kani=true&JigyosyoCd=1472610011-00&ServiceCd=430&Type=search", "url2": "https://www.kinoshita-kaigo.co.jp/facility/care_management/sagamihara.html" }, "geometry": { "type": "Point", "coordinates": [ 139.373680599999943, 35.5778131 ] } },
{ "type": "Feature", "properties": { "内容": "ケアマネジメントMirai【居宅介護支援】神奈川県相模原市中央区並木3-2-12", "url": "https://www.kaigokensaku.mhlw.go.jp/14/index.php?action_kouhyou_detail_004_kani=true&JigyosyoCd=1472611993-00&ServiceCd=430&Type=search", "url2": "https://mirai-heart.jimdofree.com" }, "geometry": { "type": "Point", "coordinates": [ 139.384342299999958, 35.556570700000037 ] } },
{ "type": "Feature", "properties": { "内容": "社会福祉法人　上溝緑寿会　コスモスセンター【居宅介護支援】神奈川県相模原市中央区上溝5423-5", "url": "https://www.kaigokensaku.mhlw.go.jp/14/index.php?action_kouhyou_detail_004_kani=true&JigyosyoCd=1472600020-00&ServiceCd=430&Type=search", "url2": "https://cosmos-c.or.jp/2024wp/cosmos-center/" }, "geometry": { "type": "Point", "coordinates": [ 139.366652599999952, 35.5545766 ] } },
{ "type": "Feature", "properties": { "内容": "アイネットさがみはら【居宅介護支援】神奈川県相模原市中央区上溝１６７１－３１", "url": "https://www.kaigokensaku.mhlw.go.jp/14/index.php?action_kouhyou_detail_004_kani=true&JigyosyoCd=1472600871-00&ServiceCd=430&Type=search", "url2": null }, "geometry": { "type": "Point", "coordinates": [ 139.3652835, 35.5496803 ] } },
{ "type": "Feature", "properties": { "内容": "株式会社ファミリーホーム【居宅介護支援】神奈川県相模原市中央区横山台1-43-17", "url": "https://www.kaigokensaku.mhlw.go.jp/14/index.php?action_kouhyou_detail_004_kani=true&JigyosyoCd=1472604923-00&ServiceCd=430&Type=search", "url2": null }, "geometry": { "type": "Point", "coordinates": [ 139.352297037837189, 35.569423522680637 ] } },
{ "type": "Feature", "properties": { "内容": "ファミリークリニックケアプランセンター【居宅介護支援】神奈川県相模原市中央区上溝5-14-19ダイエー上溝店３F", "url": "https://www.kaigokensaku.mhlw.go.jp/14/index.php?action_kouhyou_detail_004_kani=true&JigyosyoCd=1472607900-00&ServiceCd=430&Type=search", "url2": "https://sagamiharafamily-cl.hayabusa-zaitaku.org/caplan-center/" }, "geometry": { "type": "Point", "coordinates": [ 139.361358230818524, 35.558013433486863 ] } },
{ "type": "Feature", "properties": { "内容": "介護のウエルカム【居宅介護支援】神奈川県相模原市中央区上溝４３山紀ビル４Ｆ４Ａ", "url": "https://www.kaigokensaku.mhlw.go.jp/14/index.php?action_kouhyou_detail_004_kani=true&JigyosyoCd=1472609278-00&ServiceCd=430&Type=search", "url2": "http://hp.kaipoke.biz/717/" }, "geometry": { "type": "Point", "coordinates": [ 139.3688449, 35.5373305 ] } },
{ "type": "Feature", "properties": { "内容": "ケアプランこころ【居宅介護支援】神奈川県相模原市中央区上溝3-10-3-102", "url": "https://www.kaigokensaku.mhlw.go.jp/14/index.php?action_kouhyou_detail_004_kani=true&JigyosyoCd=1472609286-00&ServiceCd=430&Type=search", "url2": null }, "geometry": { "type": "Point", "coordinates": [ 139.354323642653611, 35.558309261997081 ] } },
{ "type": "Feature", "properties": { "内容": "居宅介護支援センター　プログレス【居宅介護支援】神奈川県相模原市中央区高根2-12-12コスモパレス大沢101", "url": "https://www.kaigokensaku.mhlw.go.jp/14/index.php?action_kouhyou_detail_004_kani=true&JigyosyoCd=1472610540-00&ServiceCd=430&Type=search", "url2": null }, "geometry": { "type": "Point", "coordinates": [ 139.3911745, 35.562309 ] } },
{ "type": "Feature", "properties": { "内容": "ケアプラン海【居宅介護支援】神奈川県相模原市中央区横山台１－１８－８", "url": "https://www.kaigokensaku.mhlw.go.jp/14/index.php?action_kouhyou_detail_004_kani=true&JigyosyoCd=1472610946-00&ServiceCd=430&Type=search", "url2": null }, "geometry": { "type": "Point", "coordinates": [ 139.357329747221371, 35.568545471744244 ] } },
{ "type": "Feature", "properties": { "内容": "ケアプラン　アメリ【居宅介護支援】神奈川県相模原市中央区千代田4-6-15ラフォーレS.K1階", "url": "https://www.kaigokensaku.mhlw.go.jp/14/index.php?action_kouhyou_detail_004_kani=true&JigyosyoCd=1472610961-00&ServiceCd=430&Type=search", "url2": "https://pg-sagami.com/counselingcare/" }, "geometry": { "type": "Point", "coordinates": [ 139.381004451009488, 35.562601513980262 ] } },
{ "type": "Feature", "properties": { "内容": "ケアプランyou【居宅介護支援】神奈川県相模原市中央区青葉1-10-27ぐりーんりーふ105", "url": "https://www.kaigokensaku.mhlw.go.jp/14/index.php?action_kouhyou_detail_004_kani=true&JigyosyoCd=1472610987-00&ServiceCd=430&Type=search", "url2": null }, "geometry": { "type": "Point", "coordinates": [ 139.386954800000012, 35.5523922 ] } },
{ "type": "Feature", "properties": { "内容": "あかね介護サービス【居宅介護支援】神奈川県相模原市中央区上溝1964-1", "url": "https://www.kaigokensaku.mhlw.go.jp/14/index.php?action_kouhyou_detail_004_kani=true&JigyosyoCd=1472611522-00&ServiceCd=430&Type=search", "url2": null }, "geometry": { "type": "Point", "coordinates": [ 139.362181600000014, 35.5499446 ] } },
{ "type": "Feature", "properties": { "内容": "サクラケアプランニング上溝【居宅介護支援】神奈川県相模原市中央区上溝1-5-11", "url": "https://www.kaigokensaku.mhlw.go.jp/14/index.php?action_kouhyou_detail_004_kani=true&JigyosyoCd=1472612140-00&ServiceCd=430&Type=search", "url2": null }, "geometry": { "type": "Point", "coordinates": [ 139.352320338028704, 35.563775769929691 ] } },
{ "type": "Feature", "properties": { "内容": "ケアプラン彩【居宅介護支援】神奈川県相模原市中央区上溝2-4-25", "url": "https://www.kaigokensaku.mhlw.go.jp/14/index.php?action_kouhyou_detail_004_kani=true&JigyosyoCd=1472612223-00&ServiceCd=430&Type=search", "url2": null }, "geometry": { "type": "Point", "coordinates": [ 139.351571, 35.5624341 ] } },
{ "type": "Feature", "properties": { "内容": "みらいえ居宅介護【居宅介護支援】神奈川県相模原市中央区共和2-16-22", "url": "https://www.kaigokensaku.mhlw.go.jp/14/index.php?action_kouhyou_detail_004_kani=true&JigyosyoCd=1472610953-00&ServiceCd=430&Type=search", "url2": null }, "geometry": { "type": "Point", "coordinates": [ 139.404395599999987, 35.5620605 ] } },
{ "type": "Feature", "properties": { "内容": "いちごケアプランセンター【居宅介護支援】神奈川県相模原市中央区矢部2-22-8クリーンハイツ201", "url": "https://www.kaigokensaku.mhlw.go.jp/14/index.php?action_kouhyou_detail_004_kani=true&JigyosyoCd=1472612819-00&ServiceCd=430&Type=search", "url2": null }, "geometry": { "type": "Point", "coordinates": [ 139.3824603, 35.5717982 ] } },
{ "type": "Feature", "properties": { "内容": "青葉の郷　居宅介護支援センター【居宅介護支援】神奈川県相模原市中央区青葉3-36-1介護老人保健施設　青葉の郷内", "url": "https://www.kaigokensaku.mhlw.go.jp/14/index.php?action_kouhyou_detail_004_kani=true&JigyosyoCd=1472601242-00&ServiceCd=430&Type=search", "url2": "http://www.sowa-kai.jp" }, "geometry": { "type": "Point", "coordinates": [ 139.389723, 35.5486652 ] } },
{ "type": "Feature", "properties": { "内容": "ケアプラン周和【居宅介護支援】神奈川県相模原市中央区星が丘１－２０－５", "url": "https://www.kaigokensaku.mhlw.go.jp/14/index.php?action_kouhyou_detail_004_kani=true&JigyosyoCd=1472606274-00&ServiceCd=430&Type=search", "url2": "https://melvina8171.hocoos.com/" }, "geometry": { "type": "Point", "coordinates": [ 139.3692744, 35.5617668 ] } },
{ "type": "Feature", "properties": { "内容": "ビーケアケアプランセンター【居宅介護支援】神奈川県相模原市中央区相模原4-8-19アコルデ相模原3F", "url": "https://www.kaigokensaku.mhlw.go.jp/14/index.php?action_kouhyou_detail_004_kani=true&JigyosyoCd=1472609724-00&ServiceCd=430&Type=search", "url2": "https://www.bee-care.jp/care-plan-center/" }, "geometry": { "type": "Point", "coordinates": [ 139.37546013798439, 35.578449360824543 ] } },
{ "type": "Feature", "properties": { "内容": "わんらいふ医療・介護相談室【居宅介護支援】神奈川県相模原市中央区清新1-6-14二幸ビル１F", "url": "https://www.kaigokensaku.mhlw.go.jp/14/index.php?action_kouhyou_detail_004_kani=true&JigyosyoCd=1472609856-00&ServiceCd=430&Type=search", "url2": "https://onelife-corp.com/office/medical_care/" }, "geometry": { "type": "Point", "coordinates": [ 139.36386674921269, 35.581829522847123 ] } },
{ "type": "Feature", "properties": { "内容": "のぞみケアプランセンター【居宅介護支援】神奈川県相模原市中央区相模原２－４－５M＆Mビル３０１", "url": "https://www.kaigokensaku.mhlw.go.jp/14/index.php?action_kouhyou_detail_004_kani=true&JigyosyoCd=1472609989-00&ServiceCd=430&Type=search", "url2": "https://taiseikai-web.com/060/062.html" }, "geometry": { "type": "Point", "coordinates": [ 139.368862799999988, 35.5801746 ] } },
{ "type": "Feature", "properties": { "内容": "きずなケアプランセンター【居宅介護支援】神奈川県相模原市中央区星が丘2-16-5", "url": "https://www.kaigokensaku.mhlw.go.jp/14/index.php?action_kouhyou_detail_004_kani=true&JigyosyoCd=1472612009-00&ServiceCd=430&Type=search", "url2": "https://mistralservice.co.jp" }, "geometry": { "type": "Point", "coordinates": [ 139.373906299999987, 35.5616267 ] } },
{ "type": "Feature", "properties": { "内容": "ケアプランさんご【居宅介護支援】神奈川県相模原市中央区共和4-10-3ラークタカ共和A103", "url": "https://www.kaigokensaku.mhlw.go.jp/14/index.php?action_kouhyou_detail_004_kani=true&JigyosyoCd=1472612041-00&ServiceCd=430&Type=search", "url2": "https://sango-kaigo.com" }, "geometry": { "type": "Point", "coordinates": [ 139.395767951822734, 35.564519304491455 ] } },
{ "type": "Feature", "properties": { "内容": "ツクイ・サンフォレスト相模原【居宅介護支援】神奈川県相模原市中央区相模原3-7-17", "url": "https://www.kaigokensaku.mhlw.go.jp/14/index.php?action_kouhyou_detail_004_kani=true&JigyosyoCd=1472610680-00&ServiceCd=430&Type=search", "url2": "https://www.tsukui.net/home-care/7012S/" }, "geometry": { "type": "Point", "coordinates": [ 139.3711018, 35.5778352 ] } },
{ "type": "Feature", "properties": { "内容": "ケアプランセンター　maruco【居宅介護支援】神奈川県相模原市中央区田名1903番地20ライル相模原A棟106", "url": "https://www.kaigokensaku.mhlw.go.jp/14/index.php?action_kouhyou_detail_004_kani=true&JigyosyoCd=1472612827-00&ServiceCd=430&Type=search", "url2": null }, "geometry": { "type": "Point", "coordinates": [ 139.3335995, 35.5531601 ] } },
{ "type": "Feature", "properties": { "内容": "居宅介護支援サービスセンター　みたけ【居宅介護支援】神奈川県相模原市中央区下九沢980", "url": "https://www.kaigokensaku.mhlw.go.jp/14/index.php?action_kouhyou_detail_004_kani=true&JigyosyoCd=1472601879-00&ServiceCd=430&Type=search", "url2": "https://mitake.or.jp" }, "geometry": { "type": "Point", "coordinates": [ 139.345678899999939, 35.5744324 ] } },
{ "type": "Feature", "properties": { "内容": "フミールケアセンター【居宅介護支援】神奈川県相模原市中央区横山台２-２５-１９", "url": "https://www.kaigokensaku.mhlw.go.jp/14/index.php?action_kouhyou_detail_004_kani=true&JigyosyoCd=1472604501-00&ServiceCd=430&Type=search", "url2": null }, "geometry": { "type": "Point", "coordinates": [ 139.357117099999982, 35.5653336 ] } },
{ "type": "Feature", "properties": { "内容": "さがみ仁和会ケアマネステーション【居宅介護支援】神奈川県相模原市中央区相模原4-11-5", "url": "https://www.kaigokensaku.mhlw.go.jp/14/index.php?action_kouhyou_detail_004_kani=true&JigyosyoCd=1472612892-00&ServiceCd=430&Type=search", "url2": "https://jinwakai.com" }, "geometry": { "type": "Point", "coordinates": [ 139.377834498882294, 35.577113449589426 ] } },
{ "type": "Feature", "properties": { "内容": "千代田介護支援センター【居宅介護支援】神奈川県相模原市中央区千代田2-2-15メイプルビル3F", "url": "https://www.kaigokensaku.mhlw.go.jp/14/index.php?action_kouhyou_detail_004_kani=true&JigyosyoCd=1472602372-00&ServiceCd=430&Type=search", "url2": "http://yuhokai-kaigo.com/caresupport/" }, "geometry": { "type": "Point", "coordinates": [ 139.370402, 35.5652189 ] } },
{ "type": "Feature", "properties": { "内容": "アンダンテ居宅介護支援事業所【居宅介護支援】神奈川県相模原市中央区宮下本町1-43-32ヴィラ橋本東103", "url": "https://www.kaigokensaku.mhlw.go.jp/14/index.php?action_kouhyou_detail_004_kani=true&JigyosyoCd=1472611027-00&ServiceCd=430&Type=search", "url2": "http://www.andante01.com" }, "geometry": { "type": "Point", "coordinates": [ 139.381375310781692, 35.588686915606779 ] } },
{ "type": "Feature", "properties": { "内容": "居宅介護支援事業所　ゆずの樹【居宅介護支援】神奈川県相模原市南区下溝509-7", "url": "https://www.kaigokensaku.mhlw.go.jp/14/index.php?action_kouhyou_detail_004_kani=true&JigyosyoCd=1472610938-00&ServiceCd=430&Type=search", "url2": null }, "geometry": { "type": "Point", "coordinates": [ 139.378641, 35.5311214 ] } },
{ "type": "Feature", "properties": { "内容": "おかもとケアプラン相模原【居宅介護支援】神奈川県相模原市南区相模台3-11-4", "url": "https://www.kaigokensaku.mhlw.go.jp/14/index.php?action_kouhyou_detail_004_kani=true&JigyosyoCd=1472612439-00&ServiceCd=430&Type=search", "url2": "https://okamoto-hns.com/station/#02" }, "geometry": { "type": "Point", "coordinates": [ 139.4137781, 35.5129463 ] } },
{ "type": "Feature", "properties": { "内容": "ケアマネオフィス　アド【居宅介護支援】神奈川県相模原市南区相模大野6-15-12メゾン藤田１０２", "url": "https://www.kaigokensaku.mhlw.go.jp/14/index.php?action_kouhyou_detail_004_kani=true&JigyosyoCd=1472612280-00&ServiceCd=430&Type=search", "url2": null }, "geometry": { "type": "Point", "coordinates": [ 139.432561099999987, 35.5303595 ] } },
{ "type": "Feature", "properties": { "内容": "シルバータウン大野台ケアセンター【居宅介護支援】神奈川県相模原市南区大野台5-19-15", "url": "https://www.kaigokensaku.mhlw.go.jp/14/index.php?action_kouhyou_detail_004_kani=true&JigyosyoCd=1472600145-00&ServiceCd=430&Type=search", "url2": "http://www.kanagawa-doen.jp/silvertownoonodai-carecenter/" }, "geometry": { "type": "Point", "coordinates": [ 139.408060100000057, 35.550056 ] } },
{ "type": "Feature", "properties": { "内容": "居宅介護支援センター　幸園【居宅介護支援】神奈川県相模原市南区相模大野9-12-22", "url": "https://www.kaigokensaku.mhlw.go.jp/14/index.php?action_kouhyou_detail_004_kani=true&JigyosyoCd=1472600293-00&ServiceCd=430&Type=search", "url2": "https://saiwai-kai.com/" }, "geometry": { "type": "Point", "coordinates": [ 139.440160699999979, 35.5264593 ] } },
{ "type": "Feature", "properties": { "内容": "居宅介護支援センター　相模大野【居宅介護支援】神奈川県相模原市南区豊町17-36", "url": "https://www.kaigokensaku.mhlw.go.jp/14/index.php?action_kouhyou_detail_004_kani=true&JigyosyoCd=1472600939-00&ServiceCd=430&Type=search", "url2": "https://www.sagamioono.or.jp" }, "geometry": { "type": "Point", "coordinates": [ 139.427386800000022, 35.5282729 ] } },
{ "type": "Feature", "properties": { "内容": "ケアマネステーション大空【居宅介護支援】神奈川県相模原市南区東林間1-4-1", "url": "https://www.kaigokensaku.mhlw.go.jp/14/index.php?action_kouhyou_detail_004_kani=true&JigyosyoCd=1472601697-00&ServiceCd=430&Type=search", "url2": "http://tairin-care.com/ohzora.html" }, "geometry": { "type": "Point", "coordinates": [ 139.436094525435237, 35.525164199850195 ] } },
{ "type": "Feature", "properties": { "内容": "コープケアサポートセンター相模原【居宅介護支援】神奈川県相模原市南区相模大野7-11-2リプロ相模大野2階リプロ相模大野2階", "url": "https://www.kaigokensaku.mhlw.go.jp/14/index.php?action_kouhyou_detail_004_kani=true&JigyosyoCd=1472602802-00&ServiceCd=430&Type=search", "url2": "http://www.ucoop.or.jp/" }, "geometry": { "type": "Point", "coordinates": [ 139.439372346666005, 35.531296636492208 ] } },
{ "type": "Feature", "properties": { "内容": "居宅介護支援事業所　ひまわり【居宅介護支援】神奈川県相模原市南区相模台3-16-22", "url": "https://www.kaigokensaku.mhlw.go.jp/14/index.php?action_kouhyou_detail_004_kani=true&JigyosyoCd=1472604170-00&ServiceCd=430&Type=search", "url2": null }, "geometry": { "type": "Point", "coordinates": [ 139.4130692, 35.5105609 ] } },
{ "type": "Feature", "properties": { "内容": "あすとケアマネ介護事務所【居宅介護支援】神奈川県相模原市南区相模大野６－１－１８エクセレント相模大野２１１", "url": "https://www.kaigokensaku.mhlw.go.jp/14/index.php?action_kouhyou_detail_004_kani=true&JigyosyoCd=1472605011-00&ServiceCd=430&Type=search", "url2": null }, "geometry": { "type": "Point", "coordinates": [ 139.429886600000032, 35.5290116 ] } },
{ "type": "Feature", "properties": { "内容": "ヤングハート【居宅介護支援】神奈川県相模原市南区東大沼３－２－１２", "url": "https://www.kaigokensaku.mhlw.go.jp/14/index.php?action_kouhyou_detail_004_kani=true&JigyosyoCd=1472605425-00&ServiceCd=430&Type=search", "url2": "http://hp.kaipoke.biz/youngheart/index.html" }, "geometry": { "type": "Point", "coordinates": [ 139.418206700000042, 35.5414456 ] } },
{ "type": "Feature", "properties": { "内容": "おもいやりの郷【居宅介護支援】神奈川県相模原市南区麻溝台7-28-13ハイツ井上101号", "url": "https://www.kaigokensaku.mhlw.go.jp/14/index.php?action_kouhyou_detail_004_kani=true&JigyosyoCd=1472605565-00&ServiceCd=430&Type=search", "url2": null }, "geometry": { "type": "Point", "coordinates": [ 139.402476399058486, 35.526429710237331 ] } },
{ "type": "Feature", "properties": { "内容": "ケアプランメイツ【居宅介護支援】神奈川県相模原市南区相模大野5丁目27-17エミナンサガミ　3F", "url": "https://www.kaigokensaku.mhlw.go.jp/14/index.php?action_kouhyou_detail_004_kani=true&JigyosyoCd=1472605656-00&ServiceCd=430&Type=search", "url2": "http://care-net.biz/14/careplanmates/" }, "geometry": { "type": "Point", "coordinates": [ 139.433822837434377, 35.532200210138946 ] } },
{ "type": "Feature", "properties": { "内容": "あさみぞ居宅介護支援事業所【居宅介護支援】神奈川県相模原市南区当麻８９３番地８", "url": "https://www.kaigokensaku.mhlw.go.jp/14/index.php?action_kouhyou_detail_004_kani=true&JigyosyoCd=1472606779-00&ServiceCd=430&Type=search", "url2": "https://www.kirakukai.or.jp/jigyou/kyotaku/" }, "geometry": { "type": "Point", "coordinates": [ 139.367674755119424, 35.533194798368498 ] } },
{ "type": "Feature", "properties": { "内容": "ケアマネ工房　イオーラ【居宅介護支援】神奈川県相模原市南区東林間5-4-9希和マノアール301", "url": "https://www.kaigokensaku.mhlw.go.jp/14/index.php?action_kouhyou_detail_004_kani=true&JigyosyoCd=1472607280-00&ServiceCd=430&Type=search", "url2": null }, "geometry": { "type": "Point", "coordinates": [ 139.4384139, 35.519797 ] } },
{ "type": "Feature", "properties": { "内容": "相模原すみれ園　居宅介護支援事業所【居宅介護支援】神奈川県相模原市南区東大沼3-29-47-1", "url": "https://www.kaigokensaku.mhlw.go.jp/14/index.php?action_kouhyou_detail_004_kani=true&JigyosyoCd=1472607769-00&ServiceCd=430&Type=search", "url2": "https://sagamihara-sumire.jp/index.html" }, "geometry": { "type": "Point", "coordinates": [ 139.417851331508473, 35.538980161735878 ] } },
{ "type": "Feature", "properties": { "内容": "アクアケアプラン【居宅介護支援】神奈川県相模原市南区東林間１－４－１", "url": "https://www.kaigokensaku.mhlw.go.jp/14/index.php?action_kouhyou_detail_004_kani=true&JigyosyoCd=1472608692-00&ServiceCd=430&Type=search", "url2": "https://www.exeo-japan.com/" }, "geometry": { "type": "Point", "coordinates": [ 139.4374184789597, 35.522827219149285 ] } },
{ "type": "Feature", "properties": { "内容": "徳福　ケアセンター【居宅介護支援】神奈川県相模原市南区麻溝台7丁目19番４", "url": "https://www.kaigokensaku.mhlw.go.jp/14/index.php?action_kouhyou_detail_004_kani=true&JigyosyoCd=1472608809-00&ServiceCd=430&Type=search", "url2": null }, "geometry": { "type": "Point", "coordinates": [ 139.400647709821669, 35.527847225258753 ] } },
{ "type": "Feature", "properties": { "内容": "てるてかいご【居宅介護支援】神奈川県相模原市南区東林間2-22-12-1-A", "url": "https://www.kaigokensaku.mhlw.go.jp/14/index.php?action_kouhyou_detail_004_kani=true&JigyosyoCd=1472608890-00&ServiceCd=430&Type=search", "url2": "https://seijinkk.com/" }, "geometry": { "type": "Point", "coordinates": [ 139.427598499999988, 35.518480600000011 ] } },
{ "type": "Feature", "properties": { "内容": "居宅介護支援事業所ケアプランだんだん【居宅介護支援】神奈川県相模原市南区南台5-13-10　アマノビル3B", "url": "https://www.kaigokensaku.mhlw.go.jp/14/index.php?action_kouhyou_detail_004_kani=true&JigyosyoCd=1472609054-00&ServiceCd=430&Type=search", "url2": null }, "geometry": { "type": "Point", "coordinates": [ 139.419312248309296, 35.516469880430165 ] } },
{ "type": "Feature", "properties": { "内容": "ケアプランサービス相模原【居宅介護支援】神奈川県相模原市南区相模大野7-1-6相模大野第一生命ビル5Ｆ", "url": "https://www.kaigokensaku.mhlw.go.jp/14/index.php?action_kouhyou_detail_004_kani=true&JigyosyoCd=1472609351-00&ServiceCd=430&Type=search", "url2": "https://care-plan.co.jp/" }, "geometry": { "type": "Point", "coordinates": [ 139.438544099999945, 35.5317054 ] } },
{ "type": "Feature", "properties": { "内容": "相模大野南居宅介護支援センター【居宅介護支援】神奈川県相模原市南区相模大野7-24-12大倉グリーンマンション202号室", "url": "https://www.kaigokensaku.mhlw.go.jp/14/index.php?action_kouhyou_detail_004_kani=true&JigyosyoCd=1472610177-00&ServiceCd=430&Type=search", "url2": "https://yma-sagamihara.jp/" }, "geometry": { "type": "Point", "coordinates": [ 139.438693924022743, 35.529432595515786 ] } },
{ "type": "Feature", "properties": { "内容": "ケアプランニング　ルーセント【居宅介護支援】神奈川県相模原市南区南台5-14-15トータスハウス店舗No.5", "url": "https://www.kaigokensaku.mhlw.go.jp/14/index.php?action_kouhyou_detail_004_kani=true&JigyosyoCd=1472610219-00&ServiceCd=430&Type=search", "url2": null }, "geometry": { "type": "Point", "coordinates": [ 139.418919208455236, 35.516702614960522 ] } },
{ "type": "Feature", "properties": { "内容": "かたくり相模台【居宅介護支援】神奈川県相模原市南区相模台団地5-7", "url": "https://www.kaigokensaku.mhlw.go.jp/14/index.php?action_kouhyou_detail_004_kani=true&JigyosyoCd=1472610656-00&ServiceCd=430&Type=search", "url2": null }, "geometry": { "type": "Point", "coordinates": [ 139.411117049702852, 35.517837775857259 ] } },
{ "type": "Feature", "properties": { "内容": "ツクイ相模台【居宅介護支援】神奈川県相模原市南区相模台3-17-9ユニハイトビル1階", "url": "https://www.kaigokensaku.mhlw.go.jp/14/index.php?action_kouhyou_detail_004_kani=true&JigyosyoCd=1472610813-00&ServiceCd=430&Type=search", "url2": "https://www.tsukui.net/home-care/2069/" }, "geometry": { "type": "Point", "coordinates": [ 139.414369, 35.5101308 ] } },
{ "type": "Feature", "properties": { "内容": "ケアプランみさと【居宅介護支援】神奈川県相模原市南区南台4-8-15コーポさがみの101号", "url": "https://www.kaigokensaku.mhlw.go.jp/14/index.php?action_kouhyou_detail_004_kani=true&JigyosyoCd=1472610862-00&ServiceCd=430&Type=search", "url2": null }, "geometry": { "type": "Point", "coordinates": [ 139.422456899999986, 35.5211449 ] } },
{ "type": "Feature", "properties": { "内容": "すきっぷケアプラン【居宅介護支援】神奈川県相模原市南区相模大野5-10-223階", "url": "https://www.kaigokensaku.mhlw.go.jp/14/index.php?action_kouhyou_detail_004_kani=true&JigyosyoCd=1472611068-00&ServiceCd=430&Type=search", "url2": "https://sshomecare.jp/" }, "geometry": { "type": "Point", "coordinates": [ 139.4265859, 35.5301871 ] } },
{ "type": "Feature", "properties": { "内容": "居宅支援事業所　縁の花【居宅介護支援】神奈川県相模原市南区相模大野3-13-15第三タカビル3階", "url": "https://www.kaigokensaku.mhlw.go.jp/14/index.php?action_kouhyou_detail_004_kani=true&JigyosyoCd=1472611308-00&ServiceCd=430&Type=search", "url2": "http://lifetive.com" }, "geometry": { "type": "Point", "coordinates": [ 139.4355473, 35.5321257 ] } },
{ "type": "Feature", "properties": { "内容": "ケアプランくるみ居宅介護支援事業所【居宅介護支援】神奈川県相模原市南区大野台１-１８-３", "url": "https://www.kaigokensaku.mhlw.go.jp/14/index.php?action_kouhyou_detail_004_kani=true&JigyosyoCd=1472612124-00&ServiceCd=430&Type=search", "url2": null }, "geometry": { "type": "Point", "coordinates": [ 139.401132499999989, 35.55724 ] } },
{ "type": "Feature", "properties": { "内容": "指定相談支援アットコレット小田急相模原【居宅介護支援】神奈川県相模原市南区南台3-16-17ハーヴェスト南台101", "url": "https://www.kaigokensaku.mhlw.go.jp/14/index.php?action_kouhyou_detail_004_kani=true&JigyosyoCd=1472612256-00&ServiceCd=430&Type=search", "url2": "https://collet.at-care.co.jp/" }, "geometry": { "type": "Point", "coordinates": [ 139.4225155, 35.5169245 ] } },
{ "type": "Feature", "properties": { "内容": "マキ介護サービス居宅介護支援事業所【居宅介護支援】神奈川県相模原市南区南台3-9-11-1", "url": "https://www.kaigokensaku.mhlw.go.jp/14/index.php?action_kouhyou_detail_004_kani=true&JigyosyoCd=1472609476-00&ServiceCd=430&Type=search", "url2": null }, "geometry": { "type": "Point", "coordinates": [ 139.424717900000019, 35.5192667 ] } },
{ "type": "Feature", "properties": { "内容": "訪問看護ステーションさがみ【居宅介護支援】神奈川県相模原市南区相模台2-10-15", "url": "https://www.kaigokensaku.mhlw.go.jp/14/index.php?action_kouhyou_detail_004_kani=true&JigyosyoCd=1462690089-00&ServiceCd=430&Type=search", "url2": null }, "geometry": { "type": "Point", "coordinates": [ 139.415766870888888, 35.51675887444739 ] } },
{ "type": "Feature", "properties": { "内容": "居宅サービスセンター　モモ【居宅介護支援】神奈川県相模原市南区鵜野森１－２２－１７", "url": "https://www.kaigokensaku.mhlw.go.jp/14/index.php?action_kouhyou_detail_004_kani=true&JigyosyoCd=1472600301-00&ServiceCd=430&Type=search", "url2": "https://sosaykai.org/facility/servicecenter-momo/" }, "geometry": { "type": "Point", "coordinates": [ 139.429647199999977, 35.5463199 ] } },
{ "type": "Feature", "properties": { "内容": "居宅介護支援センター東林間シニアクラブ【居宅介護支援】神奈川県相模原市南区上鶴間6-6-1", "url": "https://www.kaigokensaku.mhlw.go.jp/14/index.php?action_kouhyou_detail_004_kani=true&JigyosyoCd=1472600855-00&ServiceCd=430&Type=search", "url2": "https://www.yamahisakai.jp/" }, "geometry": { "type": "Point", "coordinates": [ 139.4428967, 35.5235711 ] } },
{ "type": "Feature", "properties": { "内容": "新戸居宅介護支援センター【居宅介護支援】神奈川県相模原市南区新戸１７１６番地１", "url": "https://www.kaigokensaku.mhlw.go.jp/14/index.php?action_kouhyou_detail_004_kani=true&JigyosyoCd=1472600954-00&ServiceCd=430&Type=search", "url2": "https://www.shohoku-fukushigou.net/" }, "geometry": { "type": "Point", "coordinates": [ 139.385586099999955, 35.4938756 ] } },
{ "type": "Feature", "properties": { "内容": "生活協同組合パルシステム神奈川ぬくもり東林間【居宅介護支援】神奈川県相模原市南区上鶴間7-20-10", "url": "https://www.kaigokensaku.mhlw.go.jp/14/index.php?action_kouhyou_detail_004_kani=true&JigyosyoCd=1472601093-00&ServiceCd=430&Type=search", "url2": "https://www.palsystem-kanagawa.coop/takuhai-kurashi/nukumori/" }, "geometry": { "type": "Point", "coordinates": [ 139.4434857, 35.517639 ] } },
{ "type": "Feature", "properties": { "内容": "あおぞら居宅介護支援事業所【居宅介護支援】神奈川県相模原市南区西大沼2－2１－15", "url": "https://www.kaigokensaku.mhlw.go.jp/14/index.php?action_kouhyou_detail_004_kani=true&JigyosyoCd=1472603842-00&ServiceCd=430&Type=search", "url2": "https://sawayaka-smile.com" }, "geometry": { "type": "Point", "coordinates": [ 139.417366181614653, 35.545024164726904 ] } },
{ "type": "Feature", "properties": { "内容": "ケアプラン　フレンズ【居宅介護支援】神奈川県相模原市南区相武台3-3-25プレステージ相武台１Ｆ", "url": "https://www.kaigokensaku.mhlw.go.jp/14/index.php?action_kouhyou_detail_004_kani=true&JigyosyoCd=1472603933-00&ServiceCd=430&Type=search", "url2": null }, "geometry": { "type": "Point", "coordinates": [ 139.410511199999974, 35.5081421 ] } },
{ "type": "Feature", "properties": { "内容": "介護サービスわだつみ【居宅介護支援】神奈川県相模原市南区新磯野５ー１０－５－１", "url": "https://www.kaigokensaku.mhlw.go.jp/14/index.php?action_kouhyou_detail_004_kani=true&JigyosyoCd=1472604113-00&ServiceCd=430&Type=search", "url2": null }, "geometry": { "type": "Point", "coordinates": [ 139.40213646322934, 35.510260167414685 ] } },
{ "type": "Feature", "properties": { "内容": "ここあん【居宅介護支援】神奈川県相模原市南区下溝452-6グリーンハイツB101", "url": "https://www.kaigokensaku.mhlw.go.jp/14/index.php?action_kouhyou_detail_004_kani=true&JigyosyoCd=1472605268-00&ServiceCd=430&Type=search", "url2": "http://www.cluster35.com/kyotaku/cocoan/" }, "geometry": { "type": "Point", "coordinates": [ 139.377866300000051, 35.5291278 ] } },
{ "type": "Feature", "properties": { "内容": "相陽台ホーム【居宅介護支援】神奈川県相模原市南区下溝4303", "url": "https://www.kaigokensaku.mhlw.go.jp/14/index.php?action_kouhyou_detail_004_kani=true&JigyosyoCd=1472605532-00&ServiceCd=430&Type=search", "url2": "https://www.souyoudaihome.com/" }, "geometry": { "type": "Point", "coordinates": [ 139.386779499999989, 35.5235119 ] } },
{ "type": "Feature", "properties": { "内容": "ケアプランセンター　ポピー【居宅介護支援】神奈川県相模原市南区古淵4-36-9", "url": "https://www.kaigokensaku.mhlw.go.jp/14/index.php?action_kouhyou_detail_004_kani=true&JigyosyoCd=1472606894-00&ServiceCd=430&Type=search", "url2": null }, "geometry": { "type": "Point", "coordinates": [ 139.426777799999968, 35.5528219 ] } },
{ "type": "Feature", "properties": { "内容": "さいわいケアプラン【居宅介護支援】神奈川県相模原市南区古淵6-6-16バイオレットビル3階3号", "url": "https://www.kaigokensaku.mhlw.go.jp/14/index.php?action_kouhyou_detail_004_kani=true&JigyosyoCd=1472607082-00&ServiceCd=430&Type=search", "url2": null }, "geometry": { "type": "Point", "coordinates": [ 139.424558700000034, 35.5499389 ] } },
{ "type": "Feature", "properties": { "内容": "ケアプラン　すみれ【居宅介護支援】神奈川県相模原市南区相模台1-16-27パティオＭ102", "url": "https://www.kaigokensaku.mhlw.go.jp/14/index.php?action_kouhyou_detail_004_kani=true&JigyosyoCd=1472607306-00&ServiceCd=430&Type=search", "url2": null }, "geometry": { "type": "Point", "coordinates": [ 139.41418, 35.5177064 ] } },
{ "type": "Feature", "properties": { "内容": "ケアプラン　マイスペ【居宅介護支援】神奈川県相模原市南区松が枝町14-8ニイヤハイツ　101", "url": "https://www.kaigokensaku.mhlw.go.jp/14/index.php?action_kouhyou_detail_004_kani=true&JigyosyoCd=1472607553-00&ServiceCd=430&Type=search", "url2": "https://myspe.co.jp/about-careplan/" }, "geometry": { "type": "Point", "coordinates": [ 139.426025212689183, 35.516929655538171 ] } },
{ "type": "Feature", "properties": { "内容": "有限会社　北湘アシスト【居宅介護支援】神奈川県相模原市南区下溝1404‐1", "url": "https://www.kaigokensaku.mhlw.go.jp/14/index.php?action_kouhyou_detail_004_kani=true&JigyosyoCd=1472609013-00&ServiceCd=430&Type=search", "url2": null }, "geometry": { "type": "Point", "coordinates": [ 139.380218027647402, 35.517870132053226 ] } },
{ "type": "Feature", "properties": { "内容": "あいケア【居宅介護支援】神奈川県相模原市南区相武台1-25-6セイゴビル2Ｆ", "url": "https://www.kaigokensaku.mhlw.go.jp/14/index.php?action_kouhyou_detail_004_kani=true&JigyosyoCd=1472609096-00&ServiceCd=430&Type=search", "url2": "http://kos.work/" }, "geometry": { "type": "Point", "coordinates": [ 139.406920099999951, 35.4993495 ] } },
{ "type": "Feature", "properties": { "内容": "らしく　ライフプラン　相模原南【居宅介護支援】神奈川県相模原市南区相武台団地２－３－９コンチェラート相武台１０２", "url": "https://www.kaigokensaku.mhlw.go.jp/14/index.php?action_kouhyou_detail_004_kani=true&JigyosyoCd=1472609229-00&ServiceCd=430&Type=search", "url2": "https://www.seniorlife.or.jp/" }, "geometry": { "type": "Point", "coordinates": [ 139.411505499999947, 35.5094445 ] } },
{ "type": "Feature", "properties": { "内容": "けやきライフさがみ【居宅介護支援】神奈川県相模原市南区下溝602-27", "url": "https://www.kaigokensaku.mhlw.go.jp/14/index.php?action_kouhyou_detail_004_kani=true&JigyosyoCd=1472610425-00&ServiceCd=430&Type=search", "url2": null }, "geometry": { "type": "Point", "coordinates": [ 139.3742297, 35.5313447 ] } },
{ "type": "Feature", "properties": { "内容": "ライブラリ相模原居宅介護支援事業所【居宅介護支援】神奈川県相模原市南区上鶴間本町4丁目22番35号ライブラリ相模大野東", "url": "https://www.kaigokensaku.mhlw.go.jp/14/index.php?action_kouhyou_detail_004_kani=true&JigyosyoCd=1472610797-00&ServiceCd=430&Type=search", "url2": "http://www.living-platform.com/" }, "geometry": { "type": "Point", "coordinates": [ 139.444365, 35.533194 ] } },
{ "type": "Feature", "properties": { "内容": "居宅介護支援事業所　ワゲン相模台【居宅介護支援】神奈川県相模原市南区新磯野3-10-18", "url": "https://www.kaigokensaku.mhlw.go.jp/14/index.php?action_kouhyou_detail_004_kani=true&JigyosyoCd=1472611167-00&ServiceCd=430&Type=search", "url2": "http://www.wagen-zaitaku.com" }, "geometry": { "type": "Point", "coordinates": [ 139.404669532274198, 35.505550912219661 ] } },
{ "type": "Feature", "properties": { "内容": "ケアセンター　アルプスの杜「さがみ」【居宅介護支援】神奈川県相模原市南区下溝684-1", "url": "https://www.kaigokensaku.mhlw.go.jp/14/index.php?action_kouhyou_detail_004_kani=true&JigyosyoCd=1472611423-00&ServiceCd=430&Type=search", "url2": "https://www.living-platform.com/" }, "geometry": { "type": "Point", "coordinates": [ 139.37697940000001, 35.5283952 ] } },
{ "type": "Feature", "properties": { "内容": "居宅介護支援事業所すきっぷ双葉【居宅介護支援】神奈川県相模原市南区双葉１丁目７番４号２Ｆ", "url": "https://www.kaigokensaku.mhlw.go.jp/14/index.php?action_kouhyou_detail_004_kani=true&JigyosyoCd=1472611589-00&ServiceCd=430&Type=search", "url2": null }, "geometry": { "type": "Point", "coordinates": [ 139.411416599999967, 35.5269966 ] } },
{ "type": "Feature", "properties": { "内容": "生活支援ステーションじょんのび【居宅介護支援】神奈川県相模原市南区松が枝町21-2ArthurB", "url": "https://www.kaigokensaku.mhlw.go.jp/14/index.php?action_kouhyou_detail_004_kani=true&JigyosyoCd=1472610524-00&ServiceCd=430&Type=search", "url2": "https://jonnovi.net" }, "geometry": { "type": "Point", "coordinates": [ 139.42372560000004, 35.5157119 ] } },
{ "type": "Feature", "properties": { "内容": "浅川居宅介護支援事業所【居宅介護支援】神奈川県相模原市南区鵜野森2-25-35-205ハイネス町田205号", "url": "https://www.kaigokensaku.mhlw.go.jp/14/index.php?action_kouhyou_detail_004_kani=true&JigyosyoCd=1472612769-00&ServiceCd=430&Type=search", "url2": null }, "geometry": { "type": "Point", "coordinates": [ 139.4341656, 35.5452622 ] } },
{ "type": "Feature", "properties": { "内容": "介護計画　まきば【居宅介護支援】神奈川県相模原市南区古淵6-17-1", "url": "https://www.kaigokensaku.mhlw.go.jp/14/index.php?action_kouhyou_detail_004_kani=true&JigyosyoCd=1472611019-00&ServiceCd=430&Type=search", "url2": null }, "geometry": { "type": "Point", "coordinates": [ 139.424974955006746, 35.548455353316136 ] } },
{ "type": "Feature", "properties": { "内容": "東林間福祉事務所【居宅介護支援】神奈川県相模原市南区上鶴間6-31-9加瀬ビル219　2階", "url": "https://www.kaigokensaku.mhlw.go.jp/14/index.php?action_kouhyou_detail_004_kani=true&JigyosyoCd=1472611092-00&ServiceCd=430&Type=search", "url2": null }, "geometry": { "type": "Point", "coordinates": [ 139.438932980381452, 35.521108140502186 ] } },
{ "type": "Feature", "properties": { "内容": "スマイル介護サービス【居宅介護支援】神奈川県相模原市南区大野台3-15-27", "url": "https://www.kaigokensaku.mhlw.go.jp/14/index.php?action_kouhyou_detail_004_kani=true&JigyosyoCd=1472602109-00&ServiceCd=430&Type=search", "url2": "https://www.smile-kaigo-service.com" }, "geometry": { "type": "Point", "coordinates": [ 139.399796509674786, 35.554589640276646 ] } },
{ "type": "Feature", "properties": { "内容": "わかくさ【居宅介護支援】神奈川県相模原市南区相模台１－９－１コープさがみ台１－Ｂ", "url": "https://www.kaigokensaku.mhlw.go.jp/14/index.php?action_kouhyou_detail_004_kani=true&JigyosyoCd=1472603263-00&ServiceCd=430&Type=search", "url2": "http://www.jz-magic.co.jp" }, "geometry": { "type": "Point", "coordinates": [ 139.41364109999995, 35.5192394 ] } },
{ "type": "Feature", "properties": { "内容": "さわやかケア東林間・居宅介護支援【居宅介護支援】神奈川県相模原市南区東林間５－３－９ユニハイト東林間ビル４階", "url": "https://www.kaigokensaku.mhlw.go.jp/14/index.php?action_kouhyou_detail_004_kani=true&JigyosyoCd=1472603354-00&ServiceCd=430&Type=search", "url2": "https://www.tepco-partners.co.jp/office/kanagawa/higashi-rinkan/" }, "geometry": { "type": "Point", "coordinates": [ 139.438285728836036, 35.52016362625502 ] } },
{ "type": "Feature", "properties": { "内容": "居宅介護支援センター芙蓉の園【居宅介護支援】神奈川県相模原市南区南台5-12-5", "url": "https://www.kaigokensaku.mhlw.go.jp/14/index.php?action_kouhyou_detail_004_kani=true&JigyosyoCd=1472603537-00&ServiceCd=430&Type=search", "url2": "http://www.rissho.or.jp/wp/" }, "geometry": { "type": "Point", "coordinates": [ 139.420789825672841, 35.516360242491331 ] } },
{ "type": "Feature", "properties": { "内容": "ケアプランもみじ【居宅介護支援】神奈川県相模原市南区麻溝台4-8-1", "url": "https://www.kaigokensaku.mhlw.go.jp/14/index.php?action_kouhyou_detail_004_kani=true&JigyosyoCd=1472604741-00&ServiceCd=430&Type=search", "url2": null }, "geometry": { "type": "Point", "coordinates": [ 139.405883099999983, 35.5322507 ] } },
{ "type": "Feature", "properties": { "内容": "居宅介護支援センター　大野台幸園【居宅介護支援】神奈川県相模原市南区大野台3-14-11", "url": "https://www.kaigokensaku.mhlw.go.jp/14/index.php?action_kouhyou_detail_004_kani=true&JigyosyoCd=1472608353-00&ServiceCd=430&Type=search", "url2": "https://www.saiwai-kai.com/" }, "geometry": { "type": "Point", "coordinates": [ 139.398283699999979, 35.554141 ] } },
{ "type": "Feature", "properties": { "内容": "ケアプラン　たいよう【居宅介護支援】神奈川県相模原市南区相模大野9-7-1博雅マンション1-B", "url": "https://www.kaigokensaku.mhlw.go.jp/14/index.php?action_kouhyou_detail_004_kani=true&JigyosyoCd=1472609906-00&ServiceCd=430&Type=search", "url2": null }, "geometry": { "type": "Point", "coordinates": [ 139.438494200000036, 35.5278424 ] } },
{ "type": "Feature", "properties": { "内容": "地域・訪問ケアプランセンター【居宅介護支援】神奈川県相模原市南区東大沼３－２７－１３シャーレ共和２F", "url": "https://www.kaigokensaku.mhlw.go.jp/14/index.php?action_kouhyou_detail_004_kani=true&JigyosyoCd=1472611795-00&ServiceCd=430&Type=search", "url2": "https://www.kotonear.com/chiikihoumon/" }, "geometry": { "type": "Point", "coordinates": [ 139.4164788, 35.5399149 ] } },
{ "type": "Feature", "properties": { "内容": "居宅介護支援事業所ココプラン【居宅介護支援】神奈川県相模原市南区相模台2-4-9-304", "url": "https://www.kaigokensaku.mhlw.go.jp/14/index.php?action_kouhyou_detail_004_kani=true&JigyosyoCd=1472611845-00&ServiceCd=430&Type=search", "url2": null }, "geometry": { "type": "Point", "coordinates": [ 139.420015400000011, 35.5154456 ] } },
{ "type": "Feature", "properties": { "内容": "アズノケア【居宅介護支援】神奈川県相模原市南区相模台3−3−14ドエル相模原1ーD", "url": "https://www.kaigokensaku.mhlw.go.jp/14/index.php?action_kouhyou_detail_004_kani=true&JigyosyoCd=1472611902-00&ServiceCd=430&Type=search", "url2": "https://www.azsrings.com" }, "geometry": { "type": "Point", "coordinates": [ 139.4160058, 35.5121023 ] } },
{ "type": "Feature", "properties": { "内容": "居宅介護支援事業所　ありてい【居宅介護支援】神奈川県相模原市南区大野台5-27-20", "url": "https://www.kaigokensaku.mhlw.go.jp/14/index.php?action_kouhyou_detail_004_kani=true&JigyosyoCd=1472612074-00&ServiceCd=430&Type=search", "url2": "https://eiki-corp.com/care/" }, "geometry": { "type": "Point", "coordinates": [ 139.4068236, 35.5485348 ] } },
{ "type": "Feature", "properties": { "内容": "ほろわ介護センター【居宅介護支援】神奈川県相模原市南区東林間6-8-9", "url": "https://www.kaigokensaku.mhlw.go.jp/14/index.php?action_kouhyou_detail_004_kani=true&JigyosyoCd=1472603610-00&ServiceCd=430&Type=search", "url2": null }, "geometry": { "type": "Point", "coordinates": [ 139.437891799999989, 35.5178669 ] } },
{ "type": "Feature", "properties": { "内容": "みんなの訪問看護リハビリステーション相模原【居宅介護支援】神奈川県相模原市南区相模原市南区新磯野2丁目1番5号アネックス新磯野ビル2階", "url": "https://www.kaigokensaku.mhlw.go.jp/14/index.php?action_kouhyou_detail_004_kani=true&JigyosyoCd=1462690428-00&ServiceCd=430&Type=search", "url2": "http://www.minnano-kango.jp/" }, "geometry": { "type": "Point", "coordinates": [ 139.406068317196628, 35.515364964867111 ] } },
{ "type": "Feature", "properties": { "内容": "セントケア相模大野【居宅介護支援】神奈川県相模原市南区上鶴間本町4-50-30プラザ野澤1Ｆ", "url": "https://www.kaigokensaku.mhlw.go.jp/14/index.php?action_kouhyou_detail_004_kani=true&JigyosyoCd=1472603792-00&ServiceCd=430&Type=search", "url2": "https://www.saintc-k.com/office/1079.html" }, "geometry": { "type": "Point", "coordinates": [ 139.444885200000044, 35.5314804 ] } },
{ "type": "Feature", "properties": { "内容": "まりもケアセンター【居宅介護支援】神奈川県相模原市南区新磯野3-30-1", "url": "https://www.kaigokensaku.mhlw.go.jp/14/index.php?action_kouhyou_detail_004_kani=true&JigyosyoCd=1472604378-00&ServiceCd=430&Type=search", "url2": "https://www.marimo-yakkyoku.com/carecenter" }, "geometry": { "type": "Point", "coordinates": [ 139.406292200000053, 35.50549 ] } },
{ "type": "Feature", "properties": { "内容": "さわやかケア相模原・居宅介護支援【居宅介護支援】神奈川県相模原市南区相模台2-3-6", "url": "https://www.kaigokensaku.mhlw.go.jp/14/index.php?action_kouhyou_detail_004_kani=true&JigyosyoCd=1472603347-00&ServiceCd=430&Type=search", "url2": "https://www.welcia-partners.co.jp/office/kanagawa/sagamihara/" }, "geometry": { "type": "Point", "coordinates": [ 139.419304248371787, 35.51631675721103 ] } },
{ "type": "Feature", "properties": { "内容": "Ｅ介護【居宅介護支援】神奈川県相模原市南区下溝600-8", "url": "https://www.kaigokensaku.mhlw.go.jp/14/index.php?action_kouhyou_detail_004_kani=true&JigyosyoCd=1472603529-00&ServiceCd=430&Type=search", "url2": null }, "geometry": { "type": "Point", "coordinates": [ 139.376005725148644, 35.530842664987595 ] } },
{ "type": "Feature", "properties": { "内容": "ケアプラン柊【居宅介護支援】神奈川県相模原市南区御園2-13-4", "url": "https://www.kaigokensaku.mhlw.go.jp/14/index.php?action_kouhyou_detail_004_kani=true&JigyosyoCd=1472603644-00&ServiceCd=430&Type=search", "url2": null }, "geometry": { "type": "Point", "coordinates": [ 139.421237715747111, 35.530255108661557 ] } },
{ "type": "Feature", "properties": { "内容": "居宅介護支援事業所　一竿風月【居宅介護支援】神奈川県相模原市南区西大沼1-24-9", "url": "https://www.kaigokensaku.mhlw.go.jp/14/index.php?action_kouhyou_detail_004_kani=true&JigyosyoCd=1472603685-00&ServiceCd=430&Type=search", "url2": null }, "geometry": { "type": "Point", "coordinates": [ 139.41590670000005, 35.5491364 ] } },
{ "type": "Feature", "properties": { "内容": "居宅介護支援事業所　相模原敬寿園【居宅介護支援】神奈川県相模原市南区磯部4507-1", "url": "https://www.kaigokensaku.mhlw.go.jp/14/index.php?action_kouhyou_detail_004_kani=true&JigyosyoCd=1472605995-00&ServiceCd=430&Type=search", "url2": "https://keijuen.or.jp/sagamihara/service/kyotaku/" }, "geometry": { "type": "Point", "coordinates": [ 139.39106270000002, 35.5146025 ] } },
{ "type": "Feature", "properties": { "内容": "居宅介護支援事業所　ワゲン麻溝【居宅介護支援】神奈川県相模原市南区下溝3411-4", "url": "https://www.kaigokensaku.mhlw.go.jp/14/index.php?action_kouhyou_detail_004_kani=true&JigyosyoCd=1472606290-00&ServiceCd=430&Type=search", "url2": "https://www.wagen-zaitaku.com" }, "geometry": { "type": "Point", "coordinates": [ 139.382200937534293, 35.52154622795576 ] } },
{ "type": "Feature", "properties": { "内容": "ケアプラン　ゆかり【居宅介護支援】神奈川県相模原市南区相南４－１－１０－２Ｆ", "url": "https://www.kaigokensaku.mhlw.go.jp/14/index.php?action_kouhyou_detail_004_kani=true&JigyosyoCd=1472608098-00&ServiceCd=430&Type=search", "url2": "https://www.anshinseikatsu.co.jp/居宅介護支援のご案内/" }, "geometry": { "type": "Point", "coordinates": [ 139.427066300000035, 35.5148343 ] } },
{ "type": "Feature", "properties": { "内容": "居宅介護支援あすか【居宅介護支援】神奈川県相模原市南区相武台2-21-5相武台ビル1Ｆ", "url": "https://www.kaigokensaku.mhlw.go.jp/14/index.php?action_kouhyou_detail_004_kani=true&JigyosyoCd=1472608106-00&ServiceCd=430&Type=search", "url2": null }, "geometry": { "type": "Point", "coordinates": [ 139.4055664, 35.499706 ] } },
{ "type": "Feature", "properties": { "内容": "ケアステーション　ナナ【居宅介護支援】神奈川県相模原市南区鵜野森1-16-15", "url": "https://www.kaigokensaku.mhlw.go.jp/14/index.php?action_kouhyou_detail_004_kani=true&JigyosyoCd=1472609179-00&ServiceCd=430&Type=search", "url2": "https://sosaykai.org/overview/" }, "geometry": { "type": "Point", "coordinates": [ 139.431319300000041, 35.5440507 ] } },
{ "type": "Feature", "properties": { "内容": "訪問介護ステーション　アイビー【居宅介護支援】神奈川県相模原市南区若松4-12-5ドリームハウス１F", "url": "https://www.kaigokensaku.mhlw.go.jp/14/index.php?action_kouhyou_detail_004_kani=true&JigyosyoCd=1472609864-00&ServiceCd=430&Type=search", "url2": null }, "geometry": { "type": "Point", "coordinates": [ 139.4238664, 35.5378154 ] } },
{ "type": "Feature", "properties": { "内容": "居宅介護支援事業所　モーメント【居宅介護支援】神奈川県相模原市南区磯部1450-32階", "url": "https://www.kaigokensaku.mhlw.go.jp/14/index.php?action_kouhyou_detail_004_kani=true&JigyosyoCd=1472609922-00&ServiceCd=430&Type=search", "url2": "https://www.bravelife-jojo.com/" }, "geometry": { "type": "Point", "coordinates": [ 139.384194, 35.5139417 ] } },
{ "type": "Feature", "properties": { "内容": "訪問看護リハビリステーション　あるふぁ相模大野【居宅介護支援】神奈川県相模原市南区文京１－４－５ピアレジ文京１－Ｂ", "url": "https://www.kaigokensaku.mhlw.go.jp/14/index.php?action_kouhyou_detail_004_kani=true&JigyosyoCd=1462690337-00&ServiceCd=430&Type=search", "url2": "https://arcwell.jp" }, "geometry": { "type": "Point", "coordinates": [ 139.429497500000025, 35.5373931 ] } },
{ "type": "Feature", "properties": { "内容": "福【居宅介護支援】神奈川県相模原市南区東林間５丁目６番４号田澤ビル201", "url": "https://www.kaigokensaku.mhlw.go.jp/14/index.php?action_kouhyou_detail_004_kani=true&JigyosyoCd=1472612587-00&ServiceCd=430&Type=search", "url2": null }, "geometry": { "type": "Point", "coordinates": [ 139.4391535, 35.5190867 ] } },
{ "type": "Feature", "properties": { "内容": "ケアプラン虹の谷【居宅介護支援】神奈川県横須賀市鴨居１－１７－１６神脇ビル", "url": "https://www.kaigokensaku.mhlw.go.jp/14/index.php?action_kouhyou_detail_004_kani=true&JigyosyoCd=1471907277-00&ServiceCd=430&Type=search", "url2": null }, "geometry": { "type": "Point", "coordinates": [ 139.7280614, 35.2522224 ] } },
{ "type": "Feature", "properties": { "内容": "コスモスケア【居宅介護支援】神奈川県横須賀市佐野町6-16コーポ藤原102", "url": "https://www.kaigokensaku.mhlw.go.jp/14/index.php?action_kouhyou_detail_004_kani=true&JigyosyoCd=1471907889-00&ServiceCd=430&Type=search", "url2": null }, "geometry": { "type": "Point", "coordinates": [ 139.666974210361531, 35.259277601036246 ] } },
{ "type": "Feature", "properties": { "内容": "アプローチケア【居宅介護支援】神奈川県横須賀市湘南鷹取４丁目１３番１４号", "url": "https://www.kaigokensaku.mhlw.go.jp/14/index.php?action_kouhyou_detail_004_kani=true&JigyosyoCd=1471907863-00&ServiceCd=430&Type=search", "url2": null }, "geometry": { "type": "Point", "coordinates": [ 139.613415300000014, 35.3088798 ] } },
{ "type": "Feature", "properties": { "内容": "介護老人保健施設　ハートケア湘南・芦名【居宅介護支援】神奈川県横須賀市芦名１－１６－１２", "url": "https://www.kaigokensaku.mhlw.go.jp/14/index.php?action_kouhyou_detail_004_kani=true&JigyosyoCd=1451980036-00&ServiceCd=430&Type=search", "url2": "http://www.hc-ashina.jp" }, "geometry": { "type": "Point", "coordinates": [ 139.603902799999986, 35.2290849 ] } },
{ "type": "Feature", "properties": { "内容": "ニチイケアセンター横須賀中央【居宅介護支援】神奈川県横須賀市若松町3-5レジーナ・タワー101号室", "url": "https://www.kaigokensaku.mhlw.go.jp/14/index.php?action_kouhyou_detail_004_kani=true&JigyosyoCd=1471900017-00&ServiceCd=430&Type=search", "url2": "https://www.nichii-kaigo.jp/base/base-result/05D48/" }, "geometry": { "type": "Point", "coordinates": [ 139.672994799999969, 35.2790024 ] } },
{ "type": "Feature", "properties": { "内容": "共楽荘居宅支援センター【居宅介護支援】神奈川県横須賀市衣笠栄町4丁目14番地", "url": "https://www.kaigokensaku.mhlw.go.jp/14/index.php?action_kouhyou_detail_004_kani=true&JigyosyoCd=1471900025-00&ServiceCd=430&Type=search", "url2": "https://kyourakusou.jp/" }, "geometry": { "type": "Point", "coordinates": [ 139.655962700000032, 35.2637375 ] } },
{ "type": "Feature", "properties": { "内容": "衣笠病院ケアセンター【居宅介護支援】神奈川県横須賀市小矢部２－２３－１", "url": "https://www.kaigokensaku.mhlw.go.jp/14/index.php?action_kouhyou_detail_004_kani=true&JigyosyoCd=1471900058-00&ServiceCd=430&Type=search", "url2": "http://www.kinugasa.or.jp/" }, "geometry": { "type": "Point", "coordinates": [ 139.661653800000067, 35.2554021 ] } },
{ "type": "Feature", "properties": { "内容": "つばき園居宅介護支援センター【居宅介護支援】神奈川県横須賀市太田和2-3-21", "url": "https://www.kaigokensaku.mhlw.go.jp/14/index.php?action_kouhyou_detail_004_kani=true&JigyosyoCd=1471900082-00&ServiceCd=430&Type=search", "url2": "http://soutokukai.com/" }, "geometry": { "type": "Point", "coordinates": [ 139.632142599999952, 35.223611 ] } },
{ "type": "Feature", "properties": { "内容": "聖ヨゼフ居宅介護支援事業所【居宅介護支援】神奈川県横須賀市緑が丘28", "url": "https://www.kaigokensaku.mhlw.go.jp/14/index.php?action_kouhyou_detail_004_kani=true&JigyosyoCd=1471900090-00&ServiceCd=430&Type=search", "url2": "http://www.st-joseph.jp/" }, "geometry": { "type": "Point", "coordinates": [ 139.666428928697201, 35.280838531172833 ] } },
{ "type": "Feature", "properties": { "内容": "高齢者総合福祉センターヒューマン【居宅介護支援】神奈川県横須賀市佐島3-12-15", "url": "https://www.kaigokensaku.mhlw.go.jp/14/index.php?action_kouhyou_detail_004_kani=true&JigyosyoCd=1471900132-00&ServiceCd=430&Type=search", "url2": "https://www.human-fujimi.jp/" }, "geometry": { "type": "Point", "coordinates": [ 139.604763899999966, 35.2287405 ] } },
{ "type": "Feature", "properties": { "内容": "聖ルカ会介護保険センター【居宅介護支援】神奈川県横須賀市野比5-7-2パシフィックホスピタル内", "url": "https://www.kaigokensaku.mhlw.go.jp/14/index.php?action_kouhyou_detail_004_kani=true&JigyosyoCd=1471900173-00&ServiceCd=430&Type=search", "url2": "http://pacific-hospital.jp" }, "geometry": { "type": "Point", "coordinates": [ 139.711530700000026, 35.2116452 ] } },
{ "type": "Feature", "properties": { "内容": "医療生協　在宅福祉センター【居宅介護支援】神奈川県横須賀市平作7-10-27", "url": "https://www.kaigokensaku.mhlw.go.jp/14/index.php?action_kouhyou_detail_004_kani=true&JigyosyoCd=1471900199-00&ServiceCd=430&Type=search", "url2": "http://www.k-minami.or.jp/" }, "geometry": { "type": "Point", "coordinates": [ 139.65284070000007, 35.2586269 ] } },
{ "type": "Feature", "properties": { "内容": "横須賀老人ホーム　かなえる居宅介護支援【居宅介護支援】神奈川県横須賀市野比５－５－６", "url": "https://www.kaigokensaku.mhlw.go.jp/14/index.php?action_kouhyou_detail_004_kani=true&JigyosyoCd=1471900231-00&ServiceCd=430&Type=search", "url2": "http://www.kanagawa-swc.com/yokosuka" }, "geometry": { "type": "Point", "coordinates": [ 139.706681099999969, 35.2120009 ] } },
{ "type": "Feature", "properties": { "内容": "恵徳苑居宅介護サービスセンター【居宅介護支援】神奈川県横須賀市東逸見町4－16－70", "url": "https://www.kaigokensaku.mhlw.go.jp/14/index.php?action_kouhyou_detail_004_kani=true&JigyosyoCd=1471900280-00&ServiceCd=430&Type=search", "url2": "http://www.keitokuen.or.jp" }, "geometry": { "type": "Point", "coordinates": [ 139.645363699999962, 35.27092 ] } },
{ "type": "Feature", "properties": { "内容": "居宅介護支援センターやまびこ【居宅介護支援】神奈川県横須賀市武３－３９－２", "url": "https://www.kaigokensaku.mhlw.go.jp/14/index.php?action_kouhyou_detail_004_kani=true&JigyosyoCd=1471900322-00&ServiceCd=430&Type=search", "url2": "http://www.yamabiko.com" }, "geometry": { "type": "Point", "coordinates": [ 139.64876060000006, 35.2212724 ] } },
{ "type": "Feature", "properties": { "内容": "有限会社　中央ライフ・ケア【居宅介護支援】神奈川県横須賀市佐野町2-36", "url": "https://www.kaigokensaku.mhlw.go.jp/14/index.php?action_kouhyou_detail_004_kani=true&JigyosyoCd=1471900421-00&ServiceCd=430&Type=search", "url2": null }, "geometry": { "type": "Point", "coordinates": [ 139.6678283, 35.2663536 ] } },
{ "type": "Feature", "properties": { "内容": "さくらの里【居宅介護支援】神奈川県横須賀市小矢部4－19－4", "url": "https://www.kaigokensaku.mhlw.go.jp/14/index.php?action_kouhyou_detail_004_kani=true&JigyosyoCd=1471900686-00&ServiceCd=430&Type=search", "url2": "http://sakura2000.jp/publics/index/6/" }, "geometry": { "type": "Point", "coordinates": [ 139.661173299999973, 35.2498582 ] } },
{ "type": "Feature", "properties": { "内容": "愛加那【居宅介護支援】神奈川県横須賀市津久井４－１９－１１", "url": "https://www.kaigokensaku.mhlw.go.jp/14/index.php?action_kouhyou_detail_004_kani=true&JigyosyoCd=1471900801-00&ServiceCd=430&Type=search", "url2": "http://care-net.biz/14/aikana/" }, "geometry": { "type": "Point", "coordinates": [ 139.664370700000063, 35.1986721 ] } },
{ "type": "Feature", "properties": { "内容": "聖隷ケアプランセンター横須賀【居宅介護支援】神奈川県横須賀市武3-39-1", "url": "https://www.kaigokensaku.mhlw.go.jp/14/index.php?action_kouhyou_detail_004_kani=true&JigyosyoCd=1471900835-00&ServiceCd=430&Type=search", "url2": "http://www.seirei.or.jp/hq/facility/home/kaigo/yokosuka/index.html" }, "geometry": { "type": "Point", "coordinates": [ 139.64872170000001, 35.2207586 ] } },
{ "type": "Feature", "properties": { "内容": "ＮＰＯ法人サポート横須賀居宅介護支援【居宅介護支援】神奈川県横須賀市大津町１－１８－１１", "url": "https://www.kaigokensaku.mhlw.go.jp/14/index.php?action_kouhyou_detail_004_kani=true&JigyosyoCd=1471901148-00&ServiceCd=430&Type=search", "url2": "http://www.support-yokosuka.com/" }, "geometry": { "type": "Point", "coordinates": [ 139.696066299999984, 35.2624017 ] } },
{ "type": "Feature", "properties": { "内容": "衣笠病院長瀬ケアセンター【居宅介護支援】神奈川県横須賀市長瀬３－６－２", "url": "https://www.kaigokensaku.mhlw.go.jp/14/index.php?action_kouhyou_detail_004_kani=true&JigyosyoCd=1471901676-00&ServiceCd=430&Type=search", "url2": "http://www.kinugasa.or.jp/" }, "geometry": { "type": "Point", "coordinates": [ 139.72330420000003, 35.227938 ] } },
{ "type": "Feature", "properties": { "内容": "特定非営利活動法人　居宅介護支援事業所　ふれんど【居宅介護支援】神奈川県横須賀市大矢部3-30-6", "url": "https://www.kaigokensaku.mhlw.go.jp/14/index.php?action_kouhyou_detail_004_kani=true&JigyosyoCd=1471902344-00&ServiceCd=430&Type=search", "url2": null }, "geometry": { "type": "Point", "coordinates": [ 139.674259894789856, 35.237918802637232 ] } },
{ "type": "Feature", "properties": { "内容": "ケアステーションかもめ【居宅介護支援】神奈川県横須賀市長沢1-26-10", "url": "https://www.kaigokensaku.mhlw.go.jp/14/index.php?action_kouhyou_detail_004_kani=true&JigyosyoCd=1471902492-00&ServiceCd=430&Type=search", "url2": null }, "geometry": { "type": "Point", "coordinates": [ 139.676847599999974, 35.2043966 ] } },
{ "type": "Feature", "properties": { "内容": "太陽の家　居宅介護支援センター【居宅介護支援】神奈川県横須賀市浦賀2-3-20", "url": "https://www.kaigokensaku.mhlw.go.jp/14/index.php?action_kouhyou_detail_004_kani=true&JigyosyoCd=1471902633-00&ServiceCd=430&Type=search", "url2": "http://www.ui21.or.jp/" }, "geometry": { "type": "Point", "coordinates": [ 139.708719, 35.2538907 ] } },
{ "type": "Feature", "properties": { "内容": "医療法人社団相光会居宅介護支援事業所すずらん【居宅介護支援】神奈川県横須賀市大矢部５－１２－７", "url": "https://www.kaigokensaku.mhlw.go.jp/14/index.php?action_kouhyou_detail_004_kani=true&JigyosyoCd=1471902799-00&ServiceCd=430&Type=search", "url2": "https://soukoukai.jp/pages/38/" }, "geometry": { "type": "Point", "coordinates": [ 139.67081410000003, 35.2400369 ] } },
{ "type": "Feature", "properties": { "内容": "セントケア横須賀ケアセンター【居宅介護支援】神奈川県横須賀市野比3-3-1トーク湘南野比101", "url": "https://www.kaigokensaku.mhlw.go.jp/14/index.php?action_kouhyou_detail_004_kani=true&JigyosyoCd=1471903508-00&ServiceCd=430&Type=search", "url2": "http://www.saintc-k.com/" }, "geometry": { "type": "Point", "coordinates": [ 139.661337499999945, 35.2810609 ] } },
{ "type": "Feature", "properties": { "内容": "居宅介護支援事業所　トータルケアサービス【居宅介護支援】神奈川県横須賀市久里浜５－１６－２２仲屋ビル３Ｆ", "url": "https://www.kaigokensaku.mhlw.go.jp/14/index.php?action_kouhyou_detail_004_kani=true&JigyosyoCd=1471903672-00&ServiceCd=430&Type=search", "url2": null }, "geometry": { "type": "Point", "coordinates": [ 139.702061599999979, 35.2277409 ] } },
{ "type": "Feature", "properties": { "内容": "こう来居宅介護支援事業所【居宅介護支援】神奈川県横須賀市公郷町５丁目３２番地４５", "url": "https://www.kaigokensaku.mhlw.go.jp/14/index.php?action_kouhyou_detail_004_kani=true&JigyosyoCd=1471903813-00&ServiceCd=430&Type=search", "url2": null }, "geometry": { "type": "Point", "coordinates": [ 139.679416100000026, 35.2618538 ] } },
{ "type": "Feature", "properties": { "内容": "介護相談センター　たんぽぽ【居宅介護支援】神奈川県横須賀市上町３－５０", "url": "https://www.kaigokensaku.mhlw.go.jp/14/index.php?action_kouhyou_detail_004_kani=true&JigyosyoCd=1471904043-00&ServiceCd=430&Type=search", "url2": null }, "geometry": { "type": "Point", "coordinates": [ 139.669830899999965, 35.2686145 ] } },
{ "type": "Feature", "properties": { "内容": "インプレッション　ケアプラン【居宅介護支援】神奈川県横須賀市粟田2-17-6", "url": "https://www.kaigokensaku.mhlw.go.jp/14/index.php?action_kouhyou_detail_004_kani=true&JigyosyoCd=1471904118-00&ServiceCd=430&Type=search", "url2": null }, "geometry": { "type": "Point", "coordinates": [ 139.702367483081019, 35.229206776071585 ] } },
{ "type": "Feature", "properties": { "内容": "よこすか居宅介護支援センター【居宅介護支援】神奈川県横須賀市三春町2丁目12番地三春コミュニティセンター内", "url": "https://www.kaigokensaku.mhlw.go.jp/14/index.php?action_kouhyou_detail_004_kani=true&JigyosyoCd=1471904209-00&ServiceCd=430&Type=search", "url2": "http://kenkoufukushi.sakura.ne.jp/kyotaku.html" }, "geometry": { "type": "Point", "coordinates": [ 139.685612299999974, 35.2669716 ] } },
{ "type": "Feature", "properties": { "内容": "ゆうなぎ介護相談センター【居宅介護支援】神奈川県横須賀市太田和1-2-6", "url": "https://www.kaigokensaku.mhlw.go.jp/14/index.php?action_kouhyou_detail_004_kani=true&JigyosyoCd=1471904266-00&ServiceCd=430&Type=search", "url2": null }, "geometry": { "type": "Point", "coordinates": [ 139.634509700000024, 35.220609900000021 ] } },
{ "type": "Feature", "properties": { "内容": "ハビタスカーマ居宅介護支援事業所【居宅介護支援】神奈川県横須賀市西浦賀５－３２－２", "url": "https://www.kaigokensaku.mhlw.go.jp/14/index.php?action_kouhyou_detail_004_kani=true&JigyosyoCd=1471904506-00&ServiceCd=430&Type=search", "url2": "http://habitasu.co.jp/" }, "geometry": { "type": "Point", "coordinates": [ 139.72132350000004, 35.2344096 ] } },
{ "type": "Feature", "properties": { "内容": "ナーシングケアプラン【居宅介護支援】神奈川県横須賀市太田和1丁目31番10号", "url": "https://www.kaigokensaku.mhlw.go.jp/14/index.php?action_kouhyou_detail_004_kani=true&JigyosyoCd=1471905131-00&ServiceCd=430&Type=search", "url2": null }, "geometry": { "type": "Point", "coordinates": [ 139.635900600000014, 35.220458600000015 ] } },
{ "type": "Feature", "properties": { "内容": "ケアプランオフィス　轍【居宅介護支援】神奈川県横須賀市衣笠栄町3-12", "url": "https://www.kaigokensaku.mhlw.go.jp/14/index.php?action_kouhyou_detail_004_kani=true&JigyosyoCd=1471905263-00&ServiceCd=430&Type=search", "url2": null }, "geometry": { "type": "Point", "coordinates": [ 139.65701260000003, 35.259124 ] } },
{ "type": "Feature", "properties": { "内容": "介護相談室　ききょう【居宅介護支援】神奈川県横須賀市桜が丘2-23-27", "url": "https://www.kaigokensaku.mhlw.go.jp/14/index.php?action_kouhyou_detail_004_kani=true&JigyosyoCd=1471905339-00&ServiceCd=430&Type=search", "url2": "http://hp.kaipoke.biz/yd8/77780/index_0001.html" }, "geometry": { "type": "Point", "coordinates": [ 139.704619399999956, 35.2536268 ] } },
{ "type": "Feature", "properties": { "内容": "ごめい　介護ステーションステーション【居宅介護支援】神奈川県横須賀市公郷町5-32-28", "url": "https://www.kaigokensaku.mhlw.go.jp/14/index.php?action_kouhyou_detail_004_kani=true&JigyosyoCd=1471905347-00&ServiceCd=430&Type=search", "url2": null }, "geometry": { "type": "Point", "coordinates": [ 139.6788828, 35.2620566 ] } },
{ "type": "Feature", "properties": { "内容": "訪問介護ほたる【居宅介護支援】神奈川県横須賀市長井5-23-10", "url": "https://www.kaigokensaku.mhlw.go.jp/14/index.php?action_kouhyou_detail_004_kani=true&JigyosyoCd=1471905396-00&ServiceCd=430&Type=search", "url2": null }, "geometry": { "type": "Point", "coordinates": [ 139.609984151577606, 35.205246023877216 ] } },
{ "type": "Feature", "properties": { "内容": "といろ【居宅介護支援】神奈川県横須賀市小矢部2-2-20", "url": "https://www.kaigokensaku.mhlw.go.jp/14/index.php?action_kouhyou_detail_004_kani=true&JigyosyoCd=1471905453-00&ServiceCd=430&Type=search", "url2": null }, "geometry": { "type": "Point", "coordinates": [ 139.664908230024707, 35.254868628098443 ] } },
{ "type": "Feature", "properties": { "内容": "こてつ介護サービス【居宅介護支援】神奈川県横須賀市佐原3-12-20-2B", "url": "https://www.kaigokensaku.mhlw.go.jp/14/index.php?action_kouhyou_detail_004_kani=true&JigyosyoCd=1471905529-00&ServiceCd=430&Type=search", "url2": null }, "geometry": { "type": "Point", "coordinates": [ 139.6809981775707, 35.2404365169903 ] } },
{ "type": "Feature", "properties": { "内容": "虹の音介護相談【居宅介護支援】神奈川県横須賀市安浦町3-25", "url": "https://www.kaigokensaku.mhlw.go.jp/14/index.php?action_kouhyou_detail_004_kani=true&JigyosyoCd=1471905560-00&ServiceCd=430&Type=search", "url2": null }, "geometry": { "type": "Point", "coordinates": [ 139.679917752114875, 35.269656735434914 ] } },
{ "type": "Feature", "properties": { "内容": "グループライフサービス　花の国支援センター【居宅介護支援】神奈川県横須賀市久村471番地101", "url": "https://www.kaigokensaku.mhlw.go.jp/14/index.php?action_kouhyou_detail_004_kani=true&JigyosyoCd=1471905602-00&ServiceCd=430&Type=search", "url2": "http://grouplife.co.jp" }, "geometry": { "type": "Point", "coordinates": [ 139.692409600000019, 35.2314989 ] } },
{ "type": "Feature", "properties": { "内容": "ローズピアーノ【居宅介護支援】神奈川県横須賀市長瀬１－１３－３　３Ｆローズホーム", "url": "https://www.kaigokensaku.mhlw.go.jp/14/index.php?action_kouhyou_detail_004_kani=true&JigyosyoCd=1471906212-00&ServiceCd=430&Type=search", "url2": "https://rose-h.co.jp" }, "geometry": { "type": "Point", "coordinates": [ 139.716613, 35.2282408 ] } },
{ "type": "Feature", "properties": { "内容": "ケアプランセンター大矢部接骨院【居宅介護支援】神奈川県横須賀市大矢部３－１－３", "url": "https://www.kaigokensaku.mhlw.go.jp/14/index.php?action_kouhyou_detail_004_kani=true&JigyosyoCd=1471906253-00&ServiceCd=430&Type=search", "url2": "https://www.victory-good.co.jp" }, "geometry": { "type": "Point", "coordinates": [ 139.6722446, 35.2400452 ] } },
{ "type": "Feature", "properties": { "内容": "古川ケアステーション【居宅介護支援】神奈川県横須賀市小矢部1-35-2", "url": "https://www.kaigokensaku.mhlw.go.jp/14/index.php?action_kouhyou_detail_004_kani=true&JigyosyoCd=1471906287-00&ServiceCd=430&Type=search", "url2": null }, "geometry": { "type": "Point", "coordinates": [ 139.667947700000013, 35.2504775 ] } },
{ "type": "Feature", "properties": { "内容": "りんく介護事業所【居宅介護支援】神奈川県横須賀市若松町3-9プライムレーベル横須賀中央3階", "url": "https://www.kaigokensaku.mhlw.go.jp/14/index.php?action_kouhyou_detail_004_kani=true&JigyosyoCd=1471906295-00&ServiceCd=430&Type=search", "url2": "http://hp.kaipoke.biz/3ch/" }, "geometry": { "type": "Point", "coordinates": [ 139.672553099999959, 35.2786442 ] } },
{ "type": "Feature", "properties": { "内容": "まる和ケアサポート【居宅介護支援】神奈川県横須賀市衣笠町7番9号", "url": "https://www.kaigokensaku.mhlw.go.jp/14/index.php?action_kouhyou_detail_004_kani=true&JigyosyoCd=1471906345-00&ServiceCd=430&Type=search", "url2": null }, "geometry": { "type": "Point", "coordinates": [ 139.661469993254059, 35.243519058143328 ] } },
{ "type": "Feature", "properties": { "内容": "笑がおのケアマネジャー【居宅介護支援】神奈川県横須賀市衣笠町44-5", "url": "https://www.kaigokensaku.mhlw.go.jp/14/index.php?action_kouhyou_detail_004_kani=true&JigyosyoCd=1471906436-00&ServiceCd=430&Type=search", "url2": "https://www.hanakotoba.co.jp/" }, "geometry": { "type": "Point", "coordinates": [ 139.660834499999964, 35.237401 ] } },
{ "type": "Feature", "properties": { "内容": "やさしい手横須賀居宅介護支援事業所【居宅介護支援】神奈川県横須賀市日の出町1丁目7番地", "url": "https://www.kaigokensaku.mhlw.go.jp/14/index.php?action_kouhyou_detail_004_kani=true&JigyosyoCd=1471906568-00&ServiceCd=430&Type=search", "url2": "http://www.yasashiite.com" }, "geometry": { "type": "Point", "coordinates": [ 139.674668962040641, 35.279527022974854 ] } },
{ "type": "Feature", "properties": { "内容": "特定非営利活動法人ニコニコ介護【居宅介護支援】神奈川県横須賀市小川町13-20横須賀中央ビル6階", "url": "https://www.kaigokensaku.mhlw.go.jp/14/index.php?action_kouhyou_detail_004_kani=true&JigyosyoCd=1471906576-00&ServiceCd=430&Type=search", "url2": "https://nikonikokaigo.jp" }, "geometry": { "type": "Point", "coordinates": [ 139.671253400000069, 35.2824189 ] } },
{ "type": "Feature", "properties": { "内容": "津久井浜ケアセンター居宅介護支援【居宅介護支援】神奈川県横須賀市津久井1丁目2番3号", "url": "https://www.kaigokensaku.mhlw.go.jp/14/index.php?action_kouhyou_detail_004_kani=true&JigyosyoCd=1471906618-00&ServiceCd=430&Type=search", "url2": null }, "geometry": { "type": "Point", "coordinates": [ 139.667270599999938, 35.1961612 ] } },
{ "type": "Feature", "properties": { "内容": "つぶあん【居宅介護支援】神奈川県横須賀市坂本町2-22", "url": "https://www.kaigokensaku.mhlw.go.jp/14/index.php?action_kouhyou_detail_004_kani=true&JigyosyoCd=1471906642-00&ServiceCd=430&Type=search", "url2": "http://www.cluster35.com/kyotaku/haruan/" }, "geometry": { "type": "Point", "coordinates": [ 139.656944405522466, 35.274320664084151 ] } },
{ "type": "Feature", "properties": { "内容": "ケアプラン友愛【居宅介護支援】神奈川県横須賀市長瀬１丁目１番２-102号", "url": "https://www.kaigokensaku.mhlw.go.jp/14/index.php?action_kouhyou_detail_004_kani=true&JigyosyoCd=1471906691-00&ServiceCd=430&Type=search", "url2": null }, "geometry": { "type": "Point", "coordinates": [ 139.7148132, 35.2273653 ] } },
{ "type": "Feature", "properties": { "内容": "あいと　居宅介護支援事業所【居宅介護支援】神奈川県横須賀市池田町一丁目10番12号スカイライト北久里浜302", "url": "https://www.kaigokensaku.mhlw.go.jp/14/index.php?action_kouhyou_detail_004_kani=true&JigyosyoCd=1471906717-00&ServiceCd=430&Type=search", "url2": "http://aito-kaigo.com" }, "geometry": { "type": "Point", "coordinates": [ 139.694956400000024, 35.2532074 ] } },
{ "type": "Feature", "properties": { "内容": "居宅介護支援事業所ライトハウス【居宅介護支援】神奈川県横須賀市追浜東町2-3-1ザ・パークハウス追浜　C-608", "url": "https://www.kaigokensaku.mhlw.go.jp/14/index.php?action_kouhyou_detail_004_kani=true&JigyosyoCd=1471906949-00&ServiceCd=430&Type=search", "url2": null }, "geometry": { "type": "Point", "coordinates": [ 139.630684699999961, 35.311508 ] } },
{ "type": "Feature", "properties": { "内容": "小磯診療所　なんでも福祉相談室【居宅介護支援】神奈川県横須賀市鴨居2-78-9", "url": "https://www.kaigokensaku.mhlw.go.jp/14/index.php?action_kouhyou_detail_004_kani=true&JigyosyoCd=1471906956-00&ServiceCd=430&Type=search", "url2": null }, "geometry": { "type": "Point", "coordinates": [ 139.731224200000071, 35.242774300000015 ] } },
{ "type": "Feature", "properties": { "内容": "こねこケアセンター【居宅介護支援】神奈川県横須賀市武2丁目12番地40ホワイトマンション206", "url": "https://www.kaigokensaku.mhlw.go.jp/14/index.php?action_kouhyou_detail_004_kani=true&JigyosyoCd=1471907046-00&ServiceCd=430&Type=search", "url2": null }, "geometry": { "type": "Point", "coordinates": [ 139.651167500000042, 35.2289722 ] } },
{ "type": "Feature", "properties": { "内容": "ケアステーション　サニーアワーズ【居宅介護支援】神奈川県横須賀市大津町4丁目7番31号早坂ビル1階", "url": "https://www.kaigokensaku.mhlw.go.jp/14/index.php?action_kouhyou_detail_004_kani=true&JigyosyoCd=1471907061-00&ServiceCd=430&Type=search", "url2": "https://www.sunny-hours.jp/" }, "geometry": { "type": "Point", "coordinates": [ 139.689767599999982, 35.2577626 ] } },
{ "type": "Feature", "properties": { "内容": "居宅介護支援事業所　空【居宅介護支援】神奈川県横須賀市小川町１３－３なかむら不動産ビル6F", "url": "https://www.kaigokensaku.mhlw.go.jp/14/index.php?action_kouhyou_detail_004_kani=true&JigyosyoCd=1471907079-00&ServiceCd=430&Type=search", "url2": null }, "geometry": { "type": "Point", "coordinates": [ 139.67123730000003, 35.2822276 ] } },
{ "type": "Feature", "properties": { "内容": "さんふらわぁ介護相談センター【居宅介護支援】神奈川県横須賀市野比3-10-21", "url": "https://www.kaigokensaku.mhlw.go.jp/14/index.php?action_kouhyou_detail_004_kani=true&JigyosyoCd=1471907095-00&ServiceCd=430&Type=search", "url2": "https://www.tsugai2003.com" }, "geometry": { "type": "Point", "coordinates": [ 139.692573300000049, 35.213201 ] } },
{ "type": "Feature", "properties": { "内容": "居宅介護　平野屋【居宅介護支援】神奈川県横須賀市根岸町4-22-35", "url": "https://www.kaigokensaku.mhlw.go.jp/14/index.php?action_kouhyou_detail_004_kani=true&JigyosyoCd=1471907111-00&ServiceCd=430&Type=search", "url2": null }, "geometry": { "type": "Point", "coordinates": [ 139.679423988861856, 35.252575546987288 ] } },
{ "type": "Feature", "properties": { "内容": "ぴーす・とーく　地域福祉相談センター【居宅介護支援】神奈川県横須賀市武四丁目１番４相川事務所202", "url": "https://www.kaigokensaku.mhlw.go.jp/14/index.php?action_kouhyou_detail_004_kani=true&JigyosyoCd=1471907129-00&ServiceCd=430&Type=search", "url2": "https://www.peace-talk.net/" }, "geometry": { "type": "Point", "coordinates": [ 139.647647635473618, 35.226075653288859 ] } },
{ "type": "Feature", "properties": { "内容": "りのケアプランセンター【居宅介護支援】神奈川県横須賀市久里浜7-7-2", "url": "https://www.kaigokensaku.mhlw.go.jp/14/index.php?action_kouhyou_detail_004_kani=true&JigyosyoCd=1471907145-00&ServiceCd=430&Type=search", "url2": null }, "geometry": { "type": "Point", "coordinates": [ 139.712499, 35.2262608 ] } },
{ "type": "Feature", "properties": { "内容": "ツクイ横須賀【居宅介護支援】神奈川県横須賀市池上２－１０－１５", "url": "https://www.kaigokensaku.mhlw.go.jp/14/index.php?action_kouhyou_detail_004_kani=true&JigyosyoCd=1471907194-00&ServiceCd=430&Type=search", "url2": "https://www.tsukui.net/home-care/2024/" }, "geometry": { "type": "Point", "coordinates": [ 139.647112199999981, 35.264336300000011 ] } },
{ "type": "Feature", "properties": { "内容": "桜ケアプラン横須賀【居宅介護支援】神奈川県横須賀市長沢1-30-142階", "url": "https://www.kaigokensaku.mhlw.go.jp/14/index.php?action_kouhyou_detail_004_kani=true&JigyosyoCd=1471907376-00&ServiceCd=430&Type=search", "url2": "https://jala.co.jp" }, "geometry": { "type": "Point", "coordinates": [ 139.6744056, 35.204606 ] } },
{ "type": "Feature", "properties": { "内容": "めぐみ介護相談室【居宅介護支援】神奈川県横須賀市根岸町4－10－31安田ハイツ1F", "url": "https://www.kaigokensaku.mhlw.go.jp/14/index.php?action_kouhyou_detail_004_kani=true&JigyosyoCd=1471907392-00&ServiceCd=430&Type=search", "url2": "https://megumi-kaigo-sodanshitsu.studio.site" }, "geometry": { "type": "Point", "coordinates": [ 139.6778209, 35.2559303 ] } },
{ "type": "Feature", "properties": { "内容": "ケアマネオフィスはまゆう【居宅介護支援】神奈川県横須賀市鷹取2ｰ12－5", "url": "https://www.kaigokensaku.mhlw.go.jp/14/index.php?action_kouhyou_detail_004_kani=true&JigyosyoCd=1471907459-00&ServiceCd=430&Type=search", "url2": "https://hamayu-nurse.com/" }, "geometry": { "type": "Point", "coordinates": [ 139.619450599476011, 35.316553986687879 ] } },
{ "type": "Feature", "properties": { "内容": "ケアプラン青い鳥Ｑｕｅｓｔ【居宅介護支援】神奈川県横須賀市船越町１－４５－９ｸﾞﾗﾝ･ﾍﾞﾙﾃﾞ202", "url": "https://www.kaigokensaku.mhlw.go.jp/14/index.php?action_kouhyou_detail_004_kani=true&JigyosyoCd=1471907509-00&ServiceCd=430&Type=search", "url2": "https://aoitori-yamanowa.co.jp/" }, "geometry": { "type": "Point", "coordinates": [ 139.626992957533275, 35.2998979591462 ] } },
{ "type": "Feature", "properties": { "内容": "石井ケアプランセンター【居宅介護支援】神奈川県横須賀市野比4-7-13", "url": "https://www.kaigokensaku.mhlw.go.jp/14/index.php?action_kouhyou_detail_004_kani=true&JigyosyoCd=1471907558-00&ServiceCd=430&Type=search", "url2": null }, "geometry": { "type": "Point", "coordinates": [ 139.6966616, 35.2145645 ] } },
{ "type": "Feature", "properties": { "内容": "ケアプラン結【居宅介護支援】神奈川県横須賀市武2丁目2番11号ダイアパレスサザンヒルズ衣笠604", "url": "https://www.kaigokensaku.mhlw.go.jp/14/index.php?action_kouhyou_detail_004_kani=true&JigyosyoCd=1471907632-00&ServiceCd=430&Type=search", "url2": null }, "geometry": { "type": "Point", "coordinates": [ 139.6549161, 35.2308055 ] } },
{ "type": "Feature", "properties": { "内容": "横須賀あじさい園　ケアプランセンタ－【居宅介護支援】神奈川県横須賀市粟田2-20-1", "url": "https://www.kaigokensaku.mhlw.go.jp/14/index.php?action_kouhyou_detail_004_kani=true&JigyosyoCd=1471901767-00&ServiceCd=430&Type=search", "url2": "http://www.ajisaikai.com/" }, "geometry": { "type": "Point", "coordinates": [ 139.682351756344588, 35.225917882107744 ] } },
{ "type": "Feature", "properties": { "内容": "シャロームケアプランセンター【居宅介護支援】神奈川県横須賀市走水１－３５", "url": "https://www.kaigokensaku.mhlw.go.jp/14/index.php?action_kouhyou_detail_004_kani=true&JigyosyoCd=1471901882-00&ServiceCd=430&Type=search", "url2": "http://www.yokosuka-shalom.jp/" }, "geometry": { "type": "Point", "coordinates": [ 139.72847138413087, 35.263489208445876 ] } },
{ "type": "Feature", "properties": { "内容": "塚山居宅介護支援センター【居宅介護支援】神奈川県横須賀市吉倉町2-24-1", "url": "https://www.kaigokensaku.mhlw.go.jp/14/index.php?action_kouhyou_detail_004_kani=true&JigyosyoCd=1471901916-00&ServiceCd=430&Type=search", "url2": "https://tsukayama-home.com" }, "geometry": { "type": "Point", "coordinates": [ 139.644955699999969, 35.2829162 ] } },
{ "type": "Feature", "properties": { "内容": "スマイル介護相談所　横須賀【居宅介護支援】神奈川県横須賀市長坂３－９－７", "url": "https://www.kaigokensaku.mhlw.go.jp/14/index.php?action_kouhyou_detail_004_kani=true&JigyosyoCd=1471901924-00&ServiceCd=430&Type=search", "url2": "https://smile-kaigo.net/publics/index/330/" }, "geometry": { "type": "Point", "coordinates": [ 139.62693749999994, 35.2250941 ] } },
{ "type": "Feature", "properties": { "内容": "居宅介護支援事業所　あしたの風【居宅介護支援】神奈川県横須賀市佐原３－４－２３１Ｆ", "url": "https://www.kaigokensaku.mhlw.go.jp/14/index.php?action_kouhyou_detail_004_kani=true&JigyosyoCd=1471902005-00&ServiceCd=430&Type=search", "url2": "http://michi-kaigo.com" }, "geometry": { "type": "Point", "coordinates": [ 139.683008599999965, 35.2409514 ] } },
{ "type": "Feature", "properties": { "内容": "たづ介護センター【居宅介護支援】神奈川県横須賀市平作２－２２－４", "url": "https://www.kaigokensaku.mhlw.go.jp/14/index.php?action_kouhyou_detail_004_kani=true&JigyosyoCd=1471902260-00&ServiceCd=430&Type=search", "url2": null }, "geometry": { "type": "Point", "coordinates": [ 139.655326599999967, 35.2531385 ] } },
{ "type": "Feature", "properties": { "内容": "来夢のこころ【居宅介護支援】神奈川県横須賀市汐入町２－４２－１０", "url": "https://www.kaigokensaku.mhlw.go.jp/14/index.php?action_kouhyou_detail_004_kani=true&JigyosyoCd=1471903177-00&ServiceCd=430&Type=search", "url2": null }, "geometry": { "type": "Point", "coordinates": [ 139.662640199999942, 35.2801748 ] } },
{ "type": "Feature", "properties": { "内容": "ナイスケアプランセンター【居宅介護支援】神奈川県横須賀市武５－８－４", "url": "https://www.kaigokensaku.mhlw.go.jp/14/index.php?action_kouhyou_detail_004_kani=true&JigyosyoCd=1471903250-00&ServiceCd=430&Type=search", "url2": "https://ooba-syo.in.coocan.jp/nice/" }, "geometry": { "type": "Point", "coordinates": [ 139.649424400000044, 35.2290576 ] } },
{ "type": "Feature", "properties": { "内容": "特定非営利活動法人　くろふね【居宅介護支援】神奈川県横須賀市汐入町２－１０半蔵ビル", "url": "https://www.kaigokensaku.mhlw.go.jp/14/index.php?action_kouhyou_detail_004_kani=true&JigyosyoCd=1471903417-00&ServiceCd=430&Type=search", "url2": null }, "geometry": { "type": "Point", "coordinates": [ 139.6601015, 35.281349800000022 ] } },
{ "type": "Feature", "properties": { "内容": "訪問介護のぞみ【居宅介護支援】神奈川県横須賀市長坂2-9-36赤羽ビル2F", "url": "https://www.kaigokensaku.mhlw.go.jp/14/index.php?action_kouhyou_detail_004_kani=true&JigyosyoCd=1471903433-00&ServiceCd=430&Type=search", "url2": "http://www.regiol.co.jp/" }, "geometry": { "type": "Point", "coordinates": [ 139.620812590957712, 35.22851428078382 ] } },
{ "type": "Feature", "properties": { "内容": "居宅介護支援オフィス　咲き花【居宅介護支援】神奈川県横須賀市浦賀丘2-19-1", "url": "https://www.kaigokensaku.mhlw.go.jp/14/index.php?action_kouhyou_detail_004_kani=true&JigyosyoCd=1471903946-00&ServiceCd=430&Type=search", "url2": null }, "geometry": { "type": "Point", "coordinates": [ 139.712924199999946, 35.2432059 ] } },
{ "type": "Feature", "properties": { "内容": "野比ケアプランセンター【居宅介護支援】神奈川県横須賀市野比3-14-402", "url": "https://www.kaigokensaku.mhlw.go.jp/14/index.php?action_kouhyou_detail_004_kani=true&JigyosyoCd=1471904829-00&ServiceCd=430&Type=search", "url2": null }, "geometry": { "type": "Point", "coordinates": [ 139.68975658769682, 35.217015973667714 ] } },
{ "type": "Feature", "properties": { "内容": "居宅介護支援事業所　フィオーレ久里浜　いえじ【居宅介護支援】神奈川県横須賀市神明町1028-7", "url": "https://www.kaigokensaku.mhlw.go.jp/14/index.php?action_kouhyou_detail_004_kani=true&JigyosyoCd=1471904845-00&ServiceCd=430&Type=search", "url2": "http://www.shofukai.or.jp/ieji.html" }, "geometry": { "type": "Point", "coordinates": [ 139.69795929999998, 35.2224999 ] } },
{ "type": "Feature", "properties": { "内容": "しんわ福祉サービス居宅【居宅介護支援】神奈川県横須賀市安浦町3-16しんわ本社ビル5階", "url": "https://www.kaigokensaku.mhlw.go.jp/14/index.php?action_kouhyou_detail_004_kani=true&JigyosyoCd=1471905065-00&ServiceCd=430&Type=search", "url2": "http://shinwag.jp" }, "geometry": { "type": "Point", "coordinates": [ 139.689029953580985, 35.239469864354142 ] } },
{ "type": "Feature", "properties": { "内容": "アミカルケアサービス【居宅介護支援】神奈川県横須賀市田浦町３－１－２０", "url": "https://www.kaigokensaku.mhlw.go.jp/14/index.php?action_kouhyou_detail_004_kani=true&JigyosyoCd=1471906006-00&ServiceCd=430&Type=search", "url2": "https://amical-care.co.jp" }, "geometry": { "type": "Point", "coordinates": [ 139.633362600000027, 35.2930736 ] } },
{ "type": "Feature", "properties": { "内容": "居宅介護支援事業所　フィオーレ久里浜　あかり【居宅介護支援】神奈川県横須賀市久里浜4-11-15102号", "url": "https://www.kaigokensaku.mhlw.go.jp/14/index.php?action_kouhyou_detail_004_kani=true&JigyosyoCd=1471906162-00&ServiceCd=430&Type=search", "url2": "http://www.shofukai.or.jp/" }, "geometry": { "type": "Point", "coordinates": [ 139.703586299999984, 35.2314655 ] } },
{ "type": "Feature", "properties": { "内容": "ケアマネオフィス　薫風【居宅介護支援】神奈川県横須賀市池田町5-10-22", "url": "https://www.kaigokensaku.mhlw.go.jp/14/index.php?action_kouhyou_detail_004_kani=true&JigyosyoCd=1471906188-00&ServiceCd=430&Type=search", "url2": null }, "geometry": { "type": "Point", "coordinates": [ 139.688734699999941, 35.2454084 ] } },
{ "type": "Feature", "properties": { "内容": "ケアプラン青い鳥【居宅介護支援】神奈川県横須賀市追浜町3-14-8ひらビル2階", "url": "https://www.kaigokensaku.mhlw.go.jp/14/index.php?action_kouhyou_detail_004_kani=true&JigyosyoCd=1471906204-00&ServiceCd=430&Type=search", "url2": "https://aoitori-yamanowa.co.jp/" }, "geometry": { "type": "Point", "coordinates": [ 139.627248342693946, 35.316290217467277 ] } },
{ "type": "Feature", "properties": { "内容": "ジョイライフけあセンター【居宅介護支援】神奈川県横須賀市大矢部１丁目１０番４ー１０２号", "url": "https://www.kaigokensaku.mhlw.go.jp/14/index.php?action_kouhyou_detail_004_kani=true&JigyosyoCd=1471906907-00&ServiceCd=430&Type=search", "url2": "https://www.joylife-visithomecare.com" }, "geometry": { "type": "Point", "coordinates": [ 139.668508800000012, 35.2409034 ] } },
{ "type": "Feature", "properties": { "内容": "ケアマネの部屋　喜樂【居宅介護支援】神奈川県横須賀市長浦町3-101", "url": "https://www.kaigokensaku.mhlw.go.jp/14/index.php?action_kouhyou_detail_004_kani=true&JigyosyoCd=1471906923-00&ServiceCd=430&Type=search", "url2": null }, "geometry": { "type": "Point", "coordinates": [ 139.641275860695742, 35.283563543056545 ] } },
{ "type": "Feature", "properties": { "内容": "湘南山手介護保険センター【居宅介護支援】神奈川県横須賀市吉井3丁目６番７号", "url": "https://www.kaigokensaku.mhlw.go.jp/14/index.php?action_kouhyou_detail_004_kani=true&JigyosyoCd=1471907640-00&ServiceCd=430&Type=search", "url2": null }, "geometry": { "type": "Point", "coordinates": [ 139.6975809, 35.2494502 ] } },
{ "type": "Feature", "properties": { "内容": "かわせみふくし相談室【居宅介護支援】神奈川県横須賀市鴨居1-6-3", "url": "https://www.kaigokensaku.mhlw.go.jp/14/index.php?action_kouhyou_detail_004_kani=true&JigyosyoCd=1471907657-00&ServiceCd=430&Type=search", "url2": null }, "geometry": { "type": "Point", "coordinates": [ 139.729268600000012, 35.2493985 ] } },
{ "type": "Feature", "properties": { "内容": "ケアプラン　すみれ【居宅介護支援】神奈川県横須賀市森崎二丁目４番１１号", "url": "https://www.kaigokensaku.mhlw.go.jp/14/index.php?action_kouhyou_detail_004_kani=true&JigyosyoCd=1471907665-00&ServiceCd=430&Type=search", "url2": null }, "geometry": { "type": "Point", "coordinates": [ 139.678024, 35.2502609 ] } },
{ "type": "Feature", "properties": { "内容": "セカンドアルバムたまゆら【居宅介護支援】神奈川県横須賀市坂本町5-1", "url": "https://www.kaigokensaku.mhlw.go.jp/14/index.php?action_kouhyou_detail_004_kani=true&JigyosyoCd=1471907673-00&ServiceCd=430&Type=search", "url2": null }, "geometry": { "type": "Point", "coordinates": [ 139.652360499999986, 35.2705642 ] } },
{ "type": "Feature", "properties": { "内容": "ながさわケアプランセンター【居宅介護支援】神奈川県横須賀市長沢１－４７－２４アドニス（２）２０５", "url": "https://www.kaigokensaku.mhlw.go.jp/14/index.php?action_kouhyou_detail_004_kani=true&JigyosyoCd=1471907699-00&ServiceCd=430&Type=search", "url2": null }, "geometry": { "type": "Point", "coordinates": [ 139.674365990789994, 35.20915719383315 ] } },
{ "type": "Feature", "properties": { "内容": "ケアリリーフ【居宅介護支援】神奈川県横須賀市根岸町4-39-21田中サンライズビル202", "url": "https://www.kaigokensaku.mhlw.go.jp/14/index.php?action_kouhyou_detail_004_kani=true&JigyosyoCd=1471907731-00&ServiceCd=430&Type=search", "url2": null }, "geometry": { "type": "Point", "coordinates": [ 139.681586, 35.2524165 ] } },
{ "type": "Feature", "properties": { "内容": "若武者ケア横須賀居宅介護支援事業所【居宅介護支援】神奈川県横須賀市岩戸３－３８－４第一ベストビル２F", "url": "https://www.kaigokensaku.mhlw.go.jp/14/index.php?action_kouhyou_detail_004_kani=true&JigyosyoCd=1471907798-00&ServiceCd=430&Type=search", "url2": null }, "geometry": { "type": "Point", "coordinates": [ 139.6721943, 35.2332202 ] } },
{ "type": "Feature", "properties": { "内容": "ヴィーナス・プラーン【居宅介護支援】神奈川県横須賀市佐野町3-14101", "url": "https://www.kaigokensaku.mhlw.go.jp/14/index.php?action_kouhyou_detail_004_kani=true&JigyosyoCd=1471907954-00&ServiceCd=430&Type=search", "url2": null }, "geometry": { "type": "Point", "coordinates": [ 140.4729198, 39.4708761 ] } },
{ "type": "Feature", "properties": { "内容": "太田和湘南ホーム　居宅介護支援センター【居宅介護支援】神奈川県横須賀市太田和5丁目500番地", "url": "https://www.kaigokensaku.mhlw.go.jp/14/index.php?action_kouhyou_detail_004_kani=true&JigyosyoCd=1471907988-00&ServiceCd=430&Type=search", "url2": "https://daitomi.org/service/shonan" }, "geometry": { "type": "Point", "coordinates": [ 139.645668, 35.2310012 ] } },
{ "type": "Feature", "properties": { "内容": "けいすいケアセンター北久里浜【居宅介護支援】神奈川県横須賀市根岸町3-9-9", "url": "https://www.kaigokensaku.mhlw.go.jp/14/index.php?action_kouhyou_detail_004_kani=true&JigyosyoCd=1471902591-00&ServiceCd=430&Type=search", "url2": "https://www.keisuikai.or.jp" }, "geometry": { "type": "Point", "coordinates": [ 139.684293499999967, 35.2494191 ] } },
{ "type": "Feature", "properties": { "内容": "しんわ居宅【居宅介護支援】神奈川県横須賀市佐原4-8-23しんわビル佐原", "url": "https://www.kaigokensaku.mhlw.go.jp/14/index.php?action_kouhyou_detail_004_kani=true&JigyosyoCd=1471907996-00&ServiceCd=430&Type=search", "url2": null }, "geometry": { "type": "Point", "coordinates": [ 139.689049899999986, 35.239511 ] } },
{ "type": "Feature", "properties": { "内容": "つかさ介護支援センター【居宅介護支援】神奈川県横須賀市森崎4-21-6", "url": "https://www.kaigokensaku.mhlw.go.jp/14/index.php?action_kouhyou_detail_004_kani=true&JigyosyoCd=1471908002-00&ServiceCd=430&Type=search", "url2": null }, "geometry": { "type": "Point", "coordinates": [ 139.6746578, 35.2484475 ] } },
{ "type": "Feature", "properties": { "内容": "宝夢ケア【居宅介護支援】神奈川県横須賀市武3－5－17", "url": "https://www.kaigokensaku.mhlw.go.jp/14/index.php?action_kouhyou_detail_004_kani=true&JigyosyoCd=1471907301-00&ServiceCd=430&Type=search", "url2": "https://home0901.co.jp" }, "geometry": { "type": "Point", "coordinates": [ 139.645587799999987, 35.2240735 ] } },
{ "type": "Feature", "properties": { "内容": "青い空ケアプランセンター平塚【居宅介護支援】神奈川県平塚市横内3758-3パールハウス2　101", "url": "https://www.kaigokensaku.mhlw.go.jp/14/index.php?action_kouhyou_detail_004_kani=true&JigyosyoCd=1472004975-00&ServiceCd=430&Type=search", "url2": null }, "geometry": { "type": "Point", "coordinates": [ 139.3500276, 35.3663893 ] } },
{ "type": "Feature", "properties": { "内容": "ケアプラン　あんしん元気　平塚【居宅介護支援】神奈川県平塚市中里１１番１号プレビューフジミ１０１", "url": "https://www.kaigokensaku.mhlw.go.jp/14/index.php?action_kouhyou_detail_004_kani=true&JigyosyoCd=1472004553-00&ServiceCd=430&Type=search", "url2": "https://www.anshin-genki.jp/" }, "geometry": { "type": "Point", "coordinates": [ 139.334890976450708, 35.331353532094198 ] } },
{ "type": "Feature", "properties": { "内容": "ケアプランいろどり平塚【居宅介護支援】神奈川県平塚市横内3244-1パティオコミヤ3105号室", "url": "https://www.kaigokensaku.mhlw.go.jp/14/index.php?action_kouhyou_detail_004_kani=true&JigyosyoCd=1472005048-00&ServiceCd=430&Type=search", "url2": "https://www.irodorikango.com/" }, "geometry": { "type": "Point", "coordinates": [ 139.3499581, 35.3691912 ] } },
{ "type": "Feature", "properties": { "内容": "ケアプランセンターHIBISU【居宅介護支援】神奈川県平塚市横内2022ドミールA102", "url": "https://www.kaigokensaku.mhlw.go.jp/14/index.php?action_kouhyou_detail_004_kani=true&JigyosyoCd=1472005055-00&ServiceCd=430&Type=search", "url2": "https://hibisu.com/care-plan/" }, "geometry": { "type": "Point", "coordinates": [ 139.3525251, 35.3759654 ] } },
{ "type": "Feature", "properties": { "内容": "小春ケアマネステーション【居宅介護支援】神奈川県平塚市東真土2-20-69コーポ真土101", "url": "https://www.kaigokensaku.mhlw.go.jp/14/index.php?action_kouhyou_detail_004_kani=true&JigyosyoCd=1472004918-00&ServiceCd=430&Type=search", "url2": null }, "geometry": { "type": "Point", "coordinates": [ 139.3542792, 35.3586901 ] } },
{ "type": "Feature", "properties": { "内容": "しんど老人保健施設【居宅介護支援】神奈川県平塚市東真土4-5-27", "url": "https://www.kaigokensaku.mhlw.go.jp/14/index.php?action_kouhyou_detail_004_kani=true&JigyosyoCd=1452080018-00&ServiceCd=430&Type=search", "url2": "http://www.kuratakai.or.jp/" }, "geometry": { "type": "Point", "coordinates": [ 139.352827899999966, 35.3609995 ] } },
{ "type": "Feature", "properties": { "内容": "介護老人保健施設　なでしこの里　リハビリひらつか【居宅介護支援】神奈川県平塚市東八幡四丁目１９番３号", "url": "https://www.kaigokensaku.mhlw.go.jp/14/index.php?action_kouhyou_detail_004_kani=true&JigyosyoCd=1452080060-00&ServiceCd=430&Type=search", "url2": "https://www.tomei.or.jp/fukushi/nadeshiko/" }, "geometry": { "type": "Point", "coordinates": [ 139.359690499999942, 35.3512285 ] } },
{ "type": "Feature", "properties": { "内容": "平塚市医師会訪問看護ステーション【居宅介護支援】神奈川県平塚市東豊田448番地の3平塚市保健センター内", "url": "https://www.kaigokensaku.mhlw.go.jp/14/index.php?action_kouhyou_detail_004_kani=true&JigyosyoCd=1462090017-00&ServiceCd=430&Type=search", "url2": "http://hiratsuka-med.jp/" }, "geometry": { "type": "Point", "coordinates": [ 139.3423014, 35.3606438 ] } },
{ "type": "Feature", "properties": { "内容": "医療生協かながわ生活協同組合訪問看護ステーションひらつか【居宅介護支援】神奈川県平塚市代官町21-4SEA平塚ビル2階", "url": "https://www.kaigokensaku.mhlw.go.jp/14/index.php?action_kouhyou_detail_004_kani=true&JigyosyoCd=1462090025-00&ServiceCd=430&Type=search", "url2": "https://mc-kanagawa.or.jp/" }, "geometry": { "type": "Point", "coordinates": [ 139.35641256815336, 35.325853007462527 ] } },
{ "type": "Feature", "properties": { "内容": "済生会平塚訪問看護ステーション【居宅介護支援】神奈川県平塚市宮松町18番1号", "url": "https://www.kaigokensaku.mhlw.go.jp/14/index.php?action_kouhyou_detail_004_kani=true&JigyosyoCd=1462090033-00&ServiceCd=430&Type=search", "url2": "https://www.hiratsuka.saiseikai.or.jp/visiting_nursing" }, "geometry": { "type": "Point", "coordinates": [ 139.630707600000051, 35.3327258 ] } },
{ "type": "Feature", "properties": { "内容": "サンレジデンス湘南居宅介護サービス【居宅介護支援】神奈川県平塚市田村2-11-5", "url": "https://www.kaigokensaku.mhlw.go.jp/14/index.php?action_kouhyou_detail_004_kani=true&JigyosyoCd=1472000015-00&ServiceCd=430&Type=search", "url2": "https://keishin-kai-honbu.jp/" }, "geometry": { "type": "Point", "coordinates": [ 139.3585326, 35.3717317 ] } },
{ "type": "Feature", "properties": { "内容": "サン・ライフ福祉サービスセンター　湘南事業所【居宅介護支援】神奈川県平塚市馬入本町13-2-1", "url": "https://www.kaigokensaku.mhlw.go.jp/14/index.php?action_kouhyou_detail_004_kani=true&JigyosyoCd=1472000023-00&ServiceCd=430&Type=search", "url2": "https://www.sunlife.jp/care/menu03.html" }, "geometry": { "type": "Point", "coordinates": [ 139.361278199999987, 35.3311665 ] } },
{ "type": "Feature", "properties": { "内容": "高根台居宅介護支援センター【居宅介護支援】神奈川県平塚市高村203番地高村団地13号棟103号室", "url": "https://www.kaigokensaku.mhlw.go.jp/14/index.php?action_kouhyou_detail_004_kani=true&JigyosyoCd=1472000049-00&ServiceCd=430&Type=search", "url2": "http://www.takanedaihome.or.jp/center.html" }, "geometry": { "type": "Point", "coordinates": [ 139.307882799999987, 35.3334799 ] } },
{ "type": "Feature", "properties": { "内容": "高齢者福祉総合施設　豊田敬愛ホーム【居宅介護支援】神奈川県平塚市南豊田85番1", "url": "https://www.kaigokensaku.mhlw.go.jp/14/index.php?action_kouhyou_detail_004_kani=true&JigyosyoCd=1472000213-00&ServiceCd=430&Type=search", "url2": "https://kanagawa-koureikyo.or.jp/toyoda/" }, "geometry": { "type": "Point", "coordinates": [ 139.3268392, 35.3551052 ] } },
{ "type": "Feature", "properties": { "内容": "桜ヶ丘ケアセンター【居宅介護支援】神奈川県平塚市桜ケ丘9-41", "url": "https://www.kaigokensaku.mhlw.go.jp/14/index.php?action_kouhyou_detail_004_kani=true&JigyosyoCd=1472000254-00&ServiceCd=430&Type=search", "url2": "http://www.kubota-group.jp/sakuragaoka/" }, "geometry": { "type": "Point", "coordinates": [ 139.328867299999956, 35.3254198 ] } },
{ "type": "Feature", "properties": { "内容": "平塚富士白苑指定居宅介護支援センター【居宅介護支援】神奈川県平塚市唐ケ原１番地", "url": "https://www.kaigokensaku.mhlw.go.jp/14/index.php?action_kouhyou_detail_004_kani=true&JigyosyoCd=1472000304-00&ServiceCd=430&Type=search", "url2": "http://www.fujishiro-group.com" }, "geometry": { "type": "Point", "coordinates": [ 139.329520499999944, 35.3141878 ] } },
{ "type": "Feature", "properties": { "内容": "ケアサービス　エレクト【居宅介護支援】神奈川県平塚市南原２－１－１２２階", "url": "https://www.kaigokensaku.mhlw.go.jp/14/index.php?action_kouhyou_detail_004_kani=true&JigyosyoCd=1472000478-00&ServiceCd=430&Type=search", "url2": "https://www.ml-care.co.jp/" }, "geometry": { "type": "Point", "coordinates": [ 139.330475299999989, 35.338354700000011 ] } },
{ "type": "Feature", "properties": { "内容": "カミヤ【居宅介護支援】神奈川県平塚市袖ケ浜16-62第三ヤマイチビル", "url": "https://www.kaigokensaku.mhlw.go.jp/14/index.php?action_kouhyou_detail_004_kani=true&JigyosyoCd=1472000940-00&ServiceCd=430&Type=search", "url2": "http://www.c-kamiya.co.jp/" }, "geometry": { "type": "Point", "coordinates": [ 139.350668600000063, 35.3199482 ] } },
{ "type": "Feature", "properties": { "内容": "特定非営利活動法人ワーカーズ・コレクティブういず【居宅介護支援】神奈川県平塚市南原1-12-16ウインディ笹尾II101", "url": "https://www.kaigokensaku.mhlw.go.jp/14/index.php?action_kouhyou_detail_004_kani=true&JigyosyoCd=1472001161-00&ServiceCd=430&Type=search", "url2": "http://www.scn-net.ne.jp/~uizu/index.html" }, "geometry": { "type": "Point", "coordinates": [ 139.3280059, 35.3382016 ] } },
{ "type": "Feature", "properties": { "内容": "ニチイケアセンター湘南神田【居宅介護支援】神奈川県平塚市大神1-10-8", "url": "https://www.kaigokensaku.mhlw.go.jp/14/index.php?action_kouhyou_detail_004_kani=true&JigyosyoCd=1472001302-00&ServiceCd=430&Type=search", "url2": "http://www.nichiigakkan.co.jp" }, "geometry": { "type": "Point", "coordinates": [ 139.361104299999937, 35.384118800000017 ] } },
{ "type": "Feature", "properties": { "内容": "サンステージ湘南居宅介護サービス【居宅介護支援】神奈川県平塚市中堂8-1", "url": "https://www.kaigokensaku.mhlw.go.jp/14/index.php?action_kouhyou_detail_004_kani=true&JigyosyoCd=1472001849-00&ServiceCd=430&Type=search", "url2": "https://keishin-kai-honbu.jp" }, "geometry": { "type": "Point", "coordinates": [ 139.358600499999966, 35.3344494 ] } },
{ "type": "Feature", "properties": { "内容": "ＳＭＣ居宅介護支援事業所さなだ【居宅介護支援】神奈川県平塚市真田２丁目６番２７号", "url": "https://www.kaigokensaku.mhlw.go.jp/14/index.php?action_kouhyou_detail_004_kani=true&JigyosyoCd=1472001872-00&ServiceCd=430&Type=search", "url2": "http://www.smcg.jp/home_care_sanada/outline.html" }, "geometry": { "type": "Point", "coordinates": [ 139.283529300000026, 35.3717853 ] } },
{ "type": "Feature", "properties": { "内容": "サニーライフ平塚御殿　居宅介護支援事業所【居宅介護支援】神奈川県平塚市御殿1丁目32番32号", "url": "https://www.kaigokensaku.mhlw.go.jp/14/index.php?action_kouhyou_detail_004_kani=true&JigyosyoCd=1472002466-00&ServiceCd=430&Type=search", "url2": null }, "geometry": { "type": "Point", "coordinates": [ 139.330827057672082, 35.340042685725635 ] } },
{ "type": "Feature", "properties": { "内容": "ハートケア港【居宅介護支援】神奈川県平塚市札場町12ー12樹ハイツ102", "url": "https://www.kaigokensaku.mhlw.go.jp/14/index.php?action_kouhyou_detail_004_kani=true&JigyosyoCd=1472002599-00&ServiceCd=430&Type=search", "url2": "https://care-minato.jp/" }, "geometry": { "type": "Point", "coordinates": [ 139.361459200000013, 35.322637 ] } },
{ "type": "Feature", "properties": { "内容": "ふれあい平塚居宅介護支援事業所【居宅介護支援】神奈川県平塚市袖ヶ浜1-12ふれあい平塚ホスピタル", "url": "https://www.kaigokensaku.mhlw.go.jp/14/index.php?action_kouhyou_detail_004_kani=true&JigyosyoCd=1472002987-00&ServiceCd=430&Type=search", "url2": "http://www.fureai-g.or.jp/" }, "geometry": { "type": "Point", "coordinates": [ 139.352796300000023, 35.3195538 ] } },
{ "type": "Feature", "properties": { "内容": "ケアサポートはまぼう【居宅介護支援】神奈川県平塚市中里52-14", "url": "https://www.kaigokensaku.mhlw.go.jp/14/index.php?action_kouhyou_detail_004_kani=true&JigyosyoCd=1472003134-00&ServiceCd=430&Type=search", "url2": null }, "geometry": { "type": "Point", "coordinates": [ 139.326953300000014, 35.3332966 ] } },
{ "type": "Feature", "properties": { "内容": "エスケアステーション平塚　居宅介護支援【居宅介護支援】神奈川県平塚市桜ケ丘1番17号", "url": "https://www.kaigokensaku.mhlw.go.jp/14/index.php?action_kouhyou_detail_004_kani=true&JigyosyoCd=1472003175-00&ServiceCd=430&Type=search", "url2": "http://www.s-caremate.co.jp" }, "geometry": { "type": "Point", "coordinates": [ 139.329132619288657, 35.325980156447045 ] } },
{ "type": "Feature", "properties": { "内容": "居宅介護支援事業所　結【居宅介護支援】神奈川県平塚市諏訪町13-36", "url": "https://www.kaigokensaku.mhlw.go.jp/14/index.php?action_kouhyou_detail_004_kani=true&JigyosyoCd=1472003233-00&ServiceCd=430&Type=search", "url2": "http://hp.kaipoke.biz/482/" }, "geometry": { "type": "Point", "coordinates": [ 139.33213330000001, 35.338476599999979 ] } },
{ "type": "Feature", "properties": { "内容": "はるケアサービス居宅介護支援事業所【居宅介護支援】神奈川県平塚市中原１丁目２０－１１さくらビル２階", "url": "https://www.kaigokensaku.mhlw.go.jp/14/index.php?action_kouhyou_detail_004_kani=true&JigyosyoCd=1472003258-00&ServiceCd=430&Type=search", "url2": "http://www.shouwaclinic.com/" }, "geometry": { "type": "Point", "coordinates": [ 139.334069199999931, 35.3415707 ] } },
{ "type": "Feature", "properties": { "内容": "居宅介護支援　ケアステーションあさがお【居宅介護支援】神奈川県平塚市見附町9-10石川ビル１階", "url": "https://www.kaigokensaku.mhlw.go.jp/14/index.php?action_kouhyou_detail_004_kani=true&JigyosyoCd=1472004017-00&ServiceCd=430&Type=search", "url2": "http://www.dream-kaigo.com/houmon.html" }, "geometry": { "type": "Point", "coordinates": [ 139.343152, 35.3320495 ] } },
{ "type": "Feature", "properties": { "内容": "イリーゼ湘南ひらつか居宅介護支援事業所【居宅介護支援】神奈川県平塚市東真土4-11-45", "url": "https://www.kaigokensaku.mhlw.go.jp/14/index.php?action_kouhyou_detail_004_kani=true&JigyosyoCd=1472004157-00&ServiceCd=430&Type=search", "url2": null }, "geometry": { "type": "Point", "coordinates": [ 139.355638143586049, 35.36149479099511 ] } },
{ "type": "Feature", "properties": { "内容": "百笑ケアサービス【居宅介護支援】神奈川県平塚市入野318-3-301", "url": "https://www.kaigokensaku.mhlw.go.jp/14/index.php?action_kouhyou_detail_004_kani=true&JigyosyoCd=1472004173-00&ServiceCd=430&Type=search", "url2": null }, "geometry": { "type": "Point", "coordinates": [ 139.3166347, 35.3514027 ] } },
{ "type": "Feature", "properties": { "内容": "居宅支援事業所あすなろ【居宅介護支援】神奈川県平塚市片岡50番1", "url": "https://www.kaigokensaku.mhlw.go.jp/14/index.php?action_kouhyou_detail_004_kani=true&JigyosyoCd=1472004215-00&ServiceCd=430&Type=search", "url2": "https://www.hhtdk333-hiratsuka-asunaro.com/blank-7" }, "geometry": { "type": "Point", "coordinates": [ 139.297867065433394, 35.363494247619322 ] } },
{ "type": "Feature", "properties": { "内容": "望　ケアサポート【居宅介護支援】神奈川県平塚市西八幡3-2-11", "url": "https://www.kaigokensaku.mhlw.go.jp/14/index.php?action_kouhyou_detail_004_kani=true&JigyosyoCd=1472004249-00&ServiceCd=430&Type=search", "url2": null }, "geometry": { "type": "Point", "coordinates": [ 139.352547020886476, 35.34581749164726 ] } },
{ "type": "Feature", "properties": { "内容": "居宅介護支援事業所ファミリー・ホスピス四之宮【居宅介護支援】神奈川県平塚市四之宮2-23-19", "url": "https://www.kaigokensaku.mhlw.go.jp/14/index.php?action_kouhyou_detail_004_kani=true&JigyosyoCd=1472004298-00&ServiceCd=430&Type=search", "url2": "https://family-hospice.co.jp/facility/283/" }, "geometry": { "type": "Point", "coordinates": [ 139.355890319712898, 35.352742794783964 ] } },
{ "type": "Feature", "properties": { "内容": "居宅介護支援事業所　ミント【居宅介護支援】神奈川県平塚市徳延334‐47ピソ・ノーザンライト205", "url": "https://www.kaigokensaku.mhlw.go.jp/14/index.php?action_kouhyou_detail_004_kani=true&JigyosyoCd=1472004504-00&ServiceCd=430&Type=search", "url2": "http://www.scn-net.ne.jp\\~mint" }, "geometry": { "type": "Point", "coordinates": [ 139.316332599999981, 35.3362996 ] } },
{ "type": "Feature", "properties": { "内容": "居宅介護支援事業所まつがおか【居宅介護支援】神奈川県平塚市東中原２丁目２番５６－２号", "url": "https://www.kaigokensaku.mhlw.go.jp/14/index.php?action_kouhyou_detail_004_kani=true&JigyosyoCd=1472004520-00&ServiceCd=430&Type=search", "url2": "http://www.shinseikai-roujin-kanagawa.jp/" }, "geometry": { "type": "Point", "coordinates": [ 139.3371019, 35.3514627 ] } },
{ "type": "Feature", "properties": { "内容": "ひなた居宅介護支援事業所【居宅介護支援】神奈川県平塚市日向岡２－１７-１２", "url": "https://www.kaigokensaku.mhlw.go.jp/14/index.php?action_kouhyou_detail_004_kani=true&JigyosyoCd=1472004637-00&ServiceCd=430&Type=search", "url2": "https://www.hinatahoumonkango.com" }, "geometry": { "type": "Point", "coordinates": [ 139.297675664418023, 35.341942785846449 ] } },
{ "type": "Feature", "properties": { "内容": "居宅介護支援　ひよりプラン【居宅介護支援】神奈川県平塚市南原3-8-10", "url": "https://www.kaigokensaku.mhlw.go.jp/14/index.php?action_kouhyou_detail_004_kani=true&JigyosyoCd=1472004645-00&ServiceCd=430&Type=search", "url2": "https://www.hiyori-care.net/" }, "geometry": { "type": "Point", "coordinates": [ 139.3236248, 35.3402252 ] } },
{ "type": "Feature", "properties": { "内容": "おひさまケアプラン【居宅介護支援】神奈川県平塚市幸町26-4", "url": "https://www.kaigokensaku.mhlw.go.jp/14/index.php?action_kouhyou_detail_004_kani=true&JigyosyoCd=1472004660-00&ServiceCd=430&Type=search", "url2": "https://www.ohisama-care.com/" }, "geometry": { "type": "Point", "coordinates": [ 139.3623997, 35.3212504 ] } },
{ "type": "Feature", "properties": { "内容": "あさひケアプランセンター【居宅介護支援】神奈川県平塚市根坂間218-7湘公ビル202号", "url": "https://www.kaigokensaku.mhlw.go.jp/14/index.php?action_kouhyou_detail_004_kani=true&JigyosyoCd=1472004694-00&ServiceCd=430&Type=search", "url2": "http//www.takanedaihome.or.jp" }, "geometry": { "type": "Point", "coordinates": [ 139.3082726, 35.33577 ] } },
{ "type": "Feature", "properties": { "内容": "ケアプランアムレ【居宅介護支援】神奈川県平塚市岡崎3365-1", "url": "https://www.kaigokensaku.mhlw.go.jp/14/index.php?action_kouhyou_detail_004_kani=true&JigyosyoCd=1472004728-00&ServiceCd=430&Type=search", "url2": "amure-0481.com/form.html" }, "geometry": { "type": "Point", "coordinates": [ 139.307916799999987, 35.3735504 ] } },
{ "type": "Feature", "properties": { "内容": "さちケアマネステーションひらつか【居宅介護支援】神奈川県平塚市上吉沢105-6", "url": "https://www.kaigokensaku.mhlw.go.jp/14/index.php?action_kouhyou_detail_004_kani=true&JigyosyoCd=1472004785-00&ServiceCd=430&Type=search", "url2": "https://sachihoukan.jp/" }, "geometry": { "type": "Point", "coordinates": [ 139.29564640000001, 35.3431477 ] } },
{ "type": "Feature", "properties": { "内容": "株式会社　ヘルシーサービス　平塚営業所【居宅介護支援】神奈川県平塚市万田１－１１－３０", "url": "https://www.kaigokensaku.mhlw.go.jp/14/index.php?action_kouhyou_detail_004_kani=true&JigyosyoCd=1472000676-00&ServiceCd=430&Type=search", "url2": "http://healthy-service.co.jp" }, "geometry": { "type": "Point", "coordinates": [ 139.311790800000068, 35.33308 ] } },
{ "type": "Feature", "properties": { "内容": "さゆらぎ【居宅介護支援】神奈川県平塚市立野町10-5", "url": "https://www.kaigokensaku.mhlw.go.jp/14/index.php?action_kouhyou_detail_004_kani=true&JigyosyoCd=1472003225-00&ServiceCd=430&Type=search", "url2": null }, "geometry": { "type": "Point", "coordinates": [ 139.342255700000038, 35.333718900000015 ] } },
{ "type": "Feature", "properties": { "内容": "万田ケアプランセンター【居宅介護支援】神奈川県平塚市万田三丁目15番5号", "url": "https://www.kaigokensaku.mhlw.go.jp/14/index.php?action_kouhyou_detail_004_kani=true&JigyosyoCd=1472003951-00&ServiceCd=430&Type=search", "url2": "http://www.takanedaihome.or.jp" }, "geometry": { "type": "Point", "coordinates": [ 139.306524193254063, 35.325426697472516 ] } },
{ "type": "Feature", "properties": { "内容": "ローズヒルケアセンター【居宅介護支援】神奈川県平塚市土屋2198-7", "url": "https://www.kaigokensaku.mhlw.go.jp/14/index.php?action_kouhyou_detail_004_kani=true&JigyosyoCd=1472000072-00&ServiceCd=430&Type=search", "url2": "https://www.rosehill.or.jp/" }, "geometry": { "type": "Point", "coordinates": [ 139.270763799999941, 35.3463637 ] } },
{ "type": "Feature", "properties": { "内容": "居宅介護支援事業所　あおば【居宅介護支援】神奈川県平塚市入野３２３－１", "url": "https://www.kaigokensaku.mhlw.go.jp/14/index.php?action_kouhyou_detail_004_kani=true&JigyosyoCd=1472001450-00&ServiceCd=430&Type=search", "url2": null }, "geometry": { "type": "Point", "coordinates": [ 139.317948399999977, 35.3503167 ] } },
{ "type": "Feature", "properties": { "内容": "デイケアセンター花宿【居宅介護支援】神奈川県平塚市中原下宿1174-16", "url": "https://www.kaigokensaku.mhlw.go.jp/14/index.php?action_kouhyou_detail_004_kani=true&JigyosyoCd=1472001971-00&ServiceCd=430&Type=search", "url2": null }, "geometry": { "type": "Point", "coordinates": [ 139.322370299999989, 35.3471116 ] } },
{ "type": "Feature", "properties": { "内容": "ケアプラン悠悠苑【居宅介護支援】神奈川県平塚市大神5-19-8", "url": "https://www.kaigokensaku.mhlw.go.jp/14/index.php?action_kouhyou_detail_004_kani=true&JigyosyoCd=1472002003-00&ServiceCd=430&Type=search", "url2": "http://hlcare.net/information/cp-yuyu/" }, "geometry": { "type": "Point", "coordinates": [ 139.367076, 35.3888432 ] } },
{ "type": "Feature", "properties": { "内容": "居宅介護支援事業所フィオーレ湘南真田ともしび【居宅介護支援】神奈川県平塚市真田3-1-1介護老人保健施設フィオーレ湘南真田内", "url": "https://www.kaigokensaku.mhlw.go.jp/14/index.php?action_kouhyou_detail_004_kani=true&JigyosyoCd=1472002755-00&ServiceCd=430&Type=search", "url2": "http://www.shofukai.or.jp/" }, "geometry": { "type": "Point", "coordinates": [ 139.283430100000032, 35.3728226 ] } },
{ "type": "Feature", "properties": { "内容": "ケアプラン　あしたば【居宅介護支援】神奈川県平塚市広川841-1", "url": "https://www.kaigokensaku.mhlw.go.jp/14/index.php?action_kouhyou_detail_004_kani=true&JigyosyoCd=1472003571-00&ServiceCd=430&Type=search", "url2": null }, "geometry": { "type": "Point", "coordinates": [ 139.30054169999994, 35.356299 ] } },
{ "type": "Feature", "properties": { "内容": "介護相談ひらつか【居宅介護支援】神奈川県平塚市花水台12-8", "url": "https://www.kaigokensaku.mhlw.go.jp/14/index.php?action_kouhyou_detail_004_kani=true&JigyosyoCd=1472003738-00&ServiceCd=430&Type=search", "url2": null }, "geometry": { "type": "Point", "coordinates": [ 139.334925399999946, 35.3192344 ] } },
{ "type": "Feature", "properties": { "内容": "ケアサポート　グローリー【居宅介護支援】神奈川県平塚市徳延3-11-32ウエストビル１F-B", "url": "https://www.kaigokensaku.mhlw.go.jp/14/index.php?action_kouhyou_detail_004_kani=true&JigyosyoCd=1472004397-00&ServiceCd=430&Type=search", "url2": "https://area-g.hp.peraichi.com" }, "geometry": { "type": "Point", "coordinates": [ 139.316756899999973, 35.3397791 ] } },
{ "type": "Feature", "properties": { "内容": "居宅介護支援事業所　フィオーレ湘南真田　かもめ【居宅介護支援】神奈川県平塚市八重咲町26番19号ブルーハイツ高風荘101号室", "url": "https://www.kaigokensaku.mhlw.go.jp/14/index.php?action_kouhyou_detail_004_kani=true&JigyosyoCd=1472004462-00&ServiceCd=430&Type=search", "url2": "http://www.shofukai.or.jp/" }, "geometry": { "type": "Point", "coordinates": [ 139.35109060000002, 35.3244921 ] } },
{ "type": "Feature", "properties": { "内容": "居宅介護支援事業所　さくら【居宅介護支援】神奈川県平塚市四之宮6丁目2番20号", "url": "https://www.kaigokensaku.mhlw.go.jp/14/index.php?action_kouhyou_detail_004_kani=true&JigyosyoCd=1472004884-00&ServiceCd=430&Type=search", "url2": "https://sakura-sw.jimdofree.com/" }, "geometry": { "type": "Point", "coordinates": [ 139.3569286, 35.359032800000016 ] } },
{ "type": "Feature", "properties": { "内容": "藍ケアマネ事業所【居宅介護支援】神奈川県平塚市幸町11-6幸町フラット201号室", "url": "https://www.kaigokensaku.mhlw.go.jp/14/index.php?action_kouhyou_detail_004_kani=true&JigyosyoCd=1472004892-00&ServiceCd=430&Type=search", "url2": null }, "geometry": { "type": "Point", "coordinates": [ 139.358978400000012, 35.3209166 ] } },
{ "type": "Feature", "properties": { "内容": "ウィルケアサポート【居宅介護支援】神奈川県平塚市河内57-1メゾネット21　A-2", "url": "https://www.kaigokensaku.mhlw.go.jp/14/index.php?action_kouhyou_detail_004_kani=true&JigyosyoCd=1472004926-00&ServiceCd=430&Type=search", "url2": null }, "geometry": { "type": "Point", "coordinates": [ 139.3087701, 35.3431595 ] } },
{ "type": "Feature", "properties": { "内容": "居宅介護支援事業所ピクシー【居宅介護支援】神奈川県平塚市土屋2295-28", "url": "https://www.kaigokensaku.mhlw.go.jp/14/index.php?action_kouhyou_detail_004_kani=true&JigyosyoCd=1472003753-00&ServiceCd=430&Type=search", "url2": null }, "geometry": { "type": "Point", "coordinates": [ 139.265194899999983, 35.3467051 ] } },
{ "type": "Feature", "properties": { "内容": "へいあんホームケア平塚【居宅介護支援】神奈川県平塚市桜ヶ丘1-35", "url": "https://www.kaigokensaku.mhlw.go.jp/14/index.php?action_kouhyou_detail_004_kani=true&JigyosyoCd=1472001740-00&ServiceCd=430&Type=search", "url2": "http://www.heian-homecare.jp/" }, "geometry": { "type": "Point", "coordinates": [ 139.329486699999961, 35.326594600000021 ] } },
{ "type": "Feature", "properties": { "内容": "絆【居宅介護支援】神奈川県平塚市虹ケ浜20-14VentoVerde１F", "url": "https://www.kaigokensaku.mhlw.go.jp/14/index.php?action_kouhyou_detail_004_kani=true&JigyosyoCd=1472001930-00&ServiceCd=430&Type=search", "url2": "https://www.socius-mc.com/service/homecare/index.html" }, "geometry": { "type": "Point", "coordinates": [ 139.336809867842845, 35.315129120391823 ] } },
{ "type": "Feature", "properties": { "内容": "つるかめ居宅介護支援センター【居宅介護支援】神奈川県平塚市虹ケ浜24番25ダイアパレス湘南虹ケ浜オーシャンビュー710号", "url": "https://www.kaigokensaku.mhlw.go.jp/14/index.php?action_kouhyou_detail_004_kani=true&JigyosyoCd=1472002748-00&ServiceCd=430&Type=search", "url2": "http://takumicare.jp" }, "geometry": { "type": "Point", "coordinates": [ 139.3347867, 35.3153377 ] } },
{ "type": "Feature", "properties": { "内容": "ツクイ平塚中原【居宅介護支援】神奈川県平塚市中原1-21-15", "url": "https://www.kaigokensaku.mhlw.go.jp/14/index.php?action_kouhyou_detail_004_kani=true&JigyosyoCd=1472003902-00&ServiceCd=430&Type=search", "url2": "https://www.tsukui.net" }, "geometry": { "type": "Point", "coordinates": [ 139.3350107, 35.342559500000021 ] } },
{ "type": "Feature", "properties": { "内容": "マザーケアプラン【居宅介護支援】神奈川県平塚市夕陽ヶ丘４番３４号１０３", "url": "https://www.kaigokensaku.mhlw.go.jp/14/index.php?action_kouhyou_detail_004_kani=true&JigyosyoCd=1472004801-00&ServiceCd=430&Type=search", "url2": null }, "geometry": { "type": "Point", "coordinates": [ 139.3529589, 35.3221638 ] } },
{ "type": "Feature", "properties": { "内容": "ケアプランありのまま【居宅介護支援】神奈川県平塚市日向岡1-14-34", "url": "https://www.kaigokensaku.mhlw.go.jp/14/index.php?action_kouhyou_detail_004_kani=true&JigyosyoCd=1472005113-00&ServiceCd=430&Type=search", "url2": "http://arinomamatama.com/" }, "geometry": { "type": "Point", "coordinates": [ 139.297345211639396, 35.337307061747651 ] } },
{ "type": "Feature", "properties": { "内容": "タツミケアプランセンター平塚【居宅介護支援】神奈川県平塚市中里47-39湘南中里ビル３B", "url": "https://www.kaigokensaku.mhlw.go.jp/14/index.php?action_kouhyou_detail_004_kani=true&JigyosyoCd=1472005121-00&ServiceCd=430&Type=search", "url2": "https://www.medi-p.jp/corporate/cat-station/home-care/7682/" }, "geometry": { "type": "Point", "coordinates": [ 139.327272288461785, 35.330957314687403 ] } },
{ "type": "Feature", "properties": { "内容": "ケアサポート歩【居宅介護支援】神奈川県平塚市四之宮1-2-14-110", "url": "https://www.kaigokensaku.mhlw.go.jp/14/index.php?action_kouhyou_detail_004_kani=true&JigyosyoCd=1472003415-00&ServiceCd=430&Type=search", "url2": "http://www.ayumi-corp.jp/" }, "geometry": { "type": "Point", "coordinates": [ 139.348064900000054, 35.3469258 ] } },
{ "type": "Feature", "properties": { "内容": "クララケア【居宅介護支援】神奈川県平塚市四之宮一丁目３番５３号", "url": "https://www.kaigokensaku.mhlw.go.jp/14/index.php?action_kouhyou_detail_004_kani=true&JigyosyoCd=1472005162-00&ServiceCd=430&Type=search", "url2": null }, "geometry": { "type": "Point", "coordinates": [ 139.350952, 35.347256 ] } },
{ "type": "Feature", "properties": { "内容": "指定相談支援アットコレット平塚【居宅介護支援】神奈川県平塚市代官町9-26M宮代会館5AB号室", "url": "https://www.kaigokensaku.mhlw.go.jp/14/index.php?action_kouhyou_detail_004_kani=true&JigyosyoCd=1472005188-00&ServiceCd=430&Type=search", "url2": "https://collet.at-care.co.jp/" }, "geometry": { "type": "Point", "coordinates": [ 139.3525251, 35.3270103 ] } },
{ "type": "Feature", "properties": { "内容": "ケアプラン　絵夢【居宅介護支援】神奈川県平塚市東真土２丁目13-44コーポイーグルⅡ　１０１号室", "url": "https://www.kaigokensaku.mhlw.go.jp/14/index.php?action_kouhyou_detail_004_kani=true&JigyosyoCd=1472004850-00&ServiceCd=430&Type=search", "url2": "https://trichrocare.com" }, "geometry": { "type": "Point", "coordinates": [ 139.3547069, 35.357989 ] } },
{ "type": "Feature", "properties": { "内容": "平塚栗原ホ－ム【居宅介護支援】神奈川県平塚市立野町３１番２０号平塚栗原ホーム", "url": "https://www.kaigokensaku.mhlw.go.jp/14/index.php?action_kouhyou_detail_004_kani=true&JigyosyoCd=1472000130-00&ServiceCd=430&Type=search", "url2": "https://www.hiratsukasyakyo.jp/business/senior/kyotakukaigo.html" }, "geometry": { "type": "Point", "coordinates": [ 139.339493800000014, 35.3355241 ] } },
{ "type": "Feature", "properties": { "内容": "一般財団法人　鎌倉病院【居宅介護支援】神奈川県鎌倉市長谷３－１－８", "url": "https://www.kaigokensaku.mhlw.go.jp/14/index.php?action_kouhyou_detail_004_kani=true&JigyosyoCd=1412100907-00&ServiceCd=430&Type=search", "url2": "http://kamakurahospital.or.jp/" }, "geometry": { "type": "Point", "coordinates": [ 139.534843200000068, 35.315395 ] } },
{ "type": "Feature", "properties": { "内容": "夢はこべ　居宅介護支援【居宅介護支援】神奈川県鎌倉市今泉2丁目15番5号", "url": "https://www.kaigokensaku.mhlw.go.jp/14/index.php?action_kouhyou_detail_004_kani=true&JigyosyoCd=1472103462-00&ServiceCd=430&Type=search", "url2": null }, "geometry": { "type": "Point", "coordinates": [ 139.552917900000011, 35.3459559 ] } },
{ "type": "Feature", "properties": { "内容": "柏木介護ケアプランサービス【居宅介護支援】神奈川県鎌倉市腰越1009-2柏木接骨院　1F", "url": "https://www.kaigokensaku.mhlw.go.jp/14/index.php?action_kouhyou_detail_004_kani=true&JigyosyoCd=1472101847-00&ServiceCd=430&Type=search", "url2": "http://www.kashiwagi-sekkotsu.com" }, "geometry": { "type": "Point", "coordinates": [ 139.503743100000065, 35.3184445 ] } },
{ "type": "Feature", "properties": { "内容": "ふれあい鎌倉ホスピタル【居宅介護支援】神奈川県鎌倉市御成町9-5", "url": "https://www.kaigokensaku.mhlw.go.jp/14/index.php?action_kouhyou_detail_004_kani=true&JigyosyoCd=1412100972-00&ServiceCd=430&Type=search", "url2": "https://www.fureai-g.or.jp/kamakura-hp/" }, "geometry": { "type": "Point", "coordinates": [ 139.5489241, 35.3177798 ] } },
{ "type": "Feature", "properties": { "内容": "介護老人保健施設　鎌倉幸寿苑【居宅介護支援】神奈川県鎌倉市関谷918", "url": "https://www.kaigokensaku.mhlw.go.jp/14/index.php?action_kouhyou_detail_004_kani=true&JigyosyoCd=1452180016-00&ServiceCd=430&Type=search", "url2": "http://www.koujukai.com/" }, "geometry": { "type": "Point", "coordinates": [ 139.510586900000021, 35.3616371 ] } },
{ "type": "Feature", "properties": { "内容": "医療生協かながわ生活協同組合訪問看護ステーションふかさわ【居宅介護支援】神奈川県鎌倉市手広３－１－３６", "url": "https://www.kaigokensaku.mhlw.go.jp/14/index.php?action_kouhyou_detail_004_kani=true&JigyosyoCd=1462190023-00&ServiceCd=430&Type=search", "url2": "http://www.mc-kanagawa.or.jp/" }, "geometry": { "type": "Point", "coordinates": [ 139.5090037, 35.3310434 ] } },
{ "type": "Feature", "properties": { "内容": "鎌倉静養館由比ガ浜居宅支援センター【居宅介護支援】神奈川県鎌倉市由比ガ浜４－４－３０", "url": "https://www.kaigokensaku.mhlw.go.jp/14/index.php?action_kouhyou_detail_004_kani=true&JigyosyoCd=1472100062-00&ServiceCd=430&Type=search", "url2": "http://www.seiyokan.jp/" }, "geometry": { "type": "Point", "coordinates": [ 139.544447900000023, 35.310418 ] } },
{ "type": "Feature", "properties": { "内容": "鎌倉プライエムきしろ【居宅介護支援】神奈川県鎌倉市関谷１７８１", "url": "https://www.kaigokensaku.mhlw.go.jp/14/index.php?action_kouhyou_detail_004_kani=true&JigyosyoCd=1472100088-00&ServiceCd=430&Type=search", "url2": "http://www.kishiro.or.jp" }, "geometry": { "type": "Point", "coordinates": [ 139.4993796, 35.3632813 ] } },
{ "type": "Feature", "properties": { "内容": "台高齢者相談支援センター【居宅介護支援】神奈川県鎌倉市台2-8-1", "url": "https://www.kaigokensaku.mhlw.go.jp/14/index.php?action_kouhyou_detail_004_kani=true&JigyosyoCd=1472100096-00&ServiceCd=430&Type=search", "url2": "http://www.seiterejiakai.com" }, "geometry": { "type": "Point", "coordinates": [ 139.528749400000038, 35.3478471 ] } },
{ "type": "Feature", "properties": { "内容": "七里ガ浜高齢者相談支援センタ－【居宅介護支援】神奈川県鎌倉市腰越1-2-1", "url": "https://www.kaigokensaku.mhlw.go.jp/14/index.php?action_kouhyou_detail_004_kani=true&JigyosyoCd=1472100104-00&ServiceCd=430&Type=search", "url2": "https://www.seiterejiakai.com" }, "geometry": { "type": "Point", "coordinates": [ 139.50064951111446, 35.307687073156274 ] } },
{ "type": "Feature", "properties": { "内容": "さとうクリニック　鎌倉北居宅介護支援センター【居宅介護支援】神奈川県鎌倉市台5-8-29いけだビル2階", "url": "https://www.kaigokensaku.mhlw.go.jp/14/index.php?action_kouhyou_detail_004_kani=true&JigyosyoCd=1472100138-00&ServiceCd=430&Type=search", "url2": "http://www.sy-sato-cl.com/" }, "geometry": { "type": "Point", "coordinates": [ 139.536715529361004, 35.341843265125846 ] } },
{ "type": "Feature", "properties": { "内容": "居宅介護支援事業者　ささりんどう鎌倉【居宅介護支援】神奈川県鎌倉市城廻270-2", "url": "https://www.kaigokensaku.mhlw.go.jp/14/index.php?action_kouhyou_detail_004_kani=true&JigyosyoCd=1472100625-00&ServiceCd=430&Type=search", "url2": "https://www.sasa-care.com/all-services" }, "geometry": { "type": "Point", "coordinates": [ 139.5093981, 35.3565544 ] } },
{ "type": "Feature", "properties": { "内容": "セコムケアステーション鎌倉【居宅介護支援】神奈川県鎌倉市浄明寺5-1-24", "url": "https://www.kaigokensaku.mhlw.go.jp/14/index.php?action_kouhyou_detail_004_kani=true&JigyosyoCd=1472100690-00&ServiceCd=430&Type=search", "url2": "http://medical.secom.co.jp/" }, "geometry": { "type": "Point", "coordinates": [ 139.571929299999965, 35.319947700000021 ] } },
{ "type": "Feature", "properties": { "内容": "セントケア大船【居宅介護支援】神奈川県鎌倉市大船２－１７－３ヨシダビル２階", "url": "https://www.kaigokensaku.mhlw.go.jp/14/index.php?action_kouhyou_detail_004_kani=true&JigyosyoCd=1472101714-00&ServiceCd=430&Type=search", "url2": "http://www.saintc-k.com/" }, "geometry": { "type": "Point", "coordinates": [ 139.534311431584513, 35.35353698395749 ] } },
{ "type": "Feature", "properties": { "内容": "セントケア鎌倉【居宅介護支援】神奈川県鎌倉市大町1-10-21カマクラガーデンハウス１F", "url": "https://www.kaigokensaku.mhlw.go.jp/14/index.php?action_kouhyou_detail_004_kani=true&JigyosyoCd=1472101722-00&ServiceCd=430&Type=search", "url2": "http://www.saintc-k.com/" }, "geometry": { "type": "Point", "coordinates": [ 139.5538444, 35.3146566 ] } },
{ "type": "Feature", "properties": { "内容": "ヒース・ケア【居宅介護支援】神奈川県鎌倉市津西1-5-1", "url": "https://www.kaigokensaku.mhlw.go.jp/14/index.php?action_kouhyou_detail_004_kani=true&JigyosyoCd=1472101805-00&ServiceCd=430&Type=search", "url2": null }, "geometry": { "type": "Point", "coordinates": [ 139.501894200000038, 35.3151111 ] } },
{ "type": "Feature", "properties": { "内容": "特別養護老人ホーム　かまくら愛の郷【居宅介護支援】神奈川県鎌倉市岡本1022-32", "url": "https://www.kaigokensaku.mhlw.go.jp/14/index.php?action_kouhyou_detail_004_kani=true&JigyosyoCd=1472101920-00&ServiceCd=430&Type=search", "url2": "http://www.s-aishinkai.jp/ainosato/index.html" }, "geometry": { "type": "Point", "coordinates": [ 139.51969494501347, 35.346230594949233 ] } },
{ "type": "Feature", "properties": { "内容": "あんの家【居宅介護支援】神奈川県鎌倉市大町三丁目３番４号", "url": "https://www.kaigokensaku.mhlw.go.jp/14/index.php?action_kouhyou_detail_004_kani=true&JigyosyoCd=1472102217-00&ServiceCd=430&Type=search", "url2": "https://www.anne-no-ie.com" }, "geometry": { "type": "Point", "coordinates": [ 139.556933100000037, 35.313329 ] } },
{ "type": "Feature", "properties": { "内容": "ハートケア鎌倉居宅介護支援センター【居宅介護支援】神奈川県鎌倉市笛田5-2-15", "url": "https://www.kaigokensaku.mhlw.go.jp/14/index.php?action_kouhyou_detail_004_kani=true&JigyosyoCd=1472102308-00&ServiceCd=430&Type=search", "url2": "https://kamakurahilo.jp/医療法人-光陽会/" }, "geometry": { "type": "Point", "coordinates": [ 139.525416594110823, 35.322725979801426 ] } },
{ "type": "Feature", "properties": { "内容": "サニーライフ鎌倉　居宅介護支援事業所【居宅介護支援】神奈川県鎌倉市上町屋214-4有料老人ホーム　サニーライフ鎌倉", "url": "https://www.kaigokensaku.mhlw.go.jp/14/index.php?action_kouhyou_detail_004_kani=true&JigyosyoCd=1472102910-00&ServiceCd=430&Type=search", "url2": null }, "geometry": { "type": "Point", "coordinates": [ 139.5202888, 35.338414900000011 ] } },
{ "type": "Feature", "properties": { "内容": "テルウェル東日本　鎌倉ケアプランセンタ【居宅介護支援】神奈川県鎌倉市岩瀬1-23-19ウエリスオリーブ鎌倉岩瀬", "url": "https://www.kaigokensaku.mhlw.go.jp/14/index.php?action_kouhyou_detail_004_kani=true&JigyosyoCd=1472103132-00&ServiceCd=430&Type=search", "url2": "https://www.telwel-kaigo.com/" }, "geometry": { "type": "Point", "coordinates": [ 139.543002971185274, 35.355846746459214 ] } },
{ "type": "Feature", "properties": { "内容": "みゅーず鎌倉【居宅介護支援】神奈川県鎌倉市梶原４丁目3-36", "url": "https://www.kaigokensaku.mhlw.go.jp/14/index.php?action_kouhyou_detail_004_kani=true&JigyosyoCd=1472103173-00&ServiceCd=430&Type=search", "url2": "https://musekamikura.wixsite/my-site" }, "geometry": { "type": "Point", "coordinates": [ 139.529420538238355, 35.327854649427543 ] } },
{ "type": "Feature", "properties": { "内容": "マナケアステーション鎌倉【居宅介護支援】神奈川県鎌倉市由比ガ浜2-24-21ヴィラ若宮2-R", "url": "https://www.kaigokensaku.mhlw.go.jp/14/index.php?action_kouhyou_detail_004_kani=true&JigyosyoCd=1472103181-00&ServiceCd=430&Type=search", "url2": "https://manahoumonkango.wixsite.com/kamakura-houmonkango" }, "geometry": { "type": "Point", "coordinates": [ 139.548148200000014, 35.3112671 ] } },
{ "type": "Feature", "properties": { "内容": "福祉クラブ生協オプティ大町【居宅介護支援】神奈川県鎌倉市大町1-17-2", "url": "https://www.kaigokensaku.mhlw.go.jp/14/index.php?action_kouhyou_detail_004_kani=true&JigyosyoCd=1472103207-00&ServiceCd=430&Type=search", "url2": "https://www.fukushi-club.net" }, "geometry": { "type": "Point", "coordinates": [ 139.55432780000001, 35.3182784 ] } },
{ "type": "Feature", "properties": { "内容": "湘南おおふな居宅介護支援事業所【居宅介護支援】神奈川県鎌倉市大船2-24-28金子ビル102", "url": "https://www.kaigokensaku.mhlw.go.jp/14/index.php?action_kouhyou_detail_004_kani=true&JigyosyoCd=1472103371-00&ServiceCd=430&Type=search", "url2": "https://shonan-clinic.net/" }, "geometry": { "type": "Point", "coordinates": [ 139.536547947082482, 35.352261209772898 ] } },
{ "type": "Feature", "properties": { "内容": "介護相談センターつくし【居宅介護支援】神奈川県鎌倉市今泉台7丁目19番地16号", "url": "https://www.kaigokensaku.mhlw.go.jp/14/index.php?action_kouhyou_detail_004_kani=true&JigyosyoCd=1472103405-00&ServiceCd=430&Type=search", "url2": "https://peraichi.com/landing_pages/view/lgapa" }, "geometry": { "type": "Point", "coordinates": [ 139.566248300000012, 35.338980700000015 ] } },
{ "type": "Feature", "properties": { "内容": "ツクイ鎌倉【居宅介護支援】神奈川県鎌倉市岡本2-1-19第二日信ビル101", "url": "https://www.kaigokensaku.mhlw.go.jp/14/index.php?action_kouhyou_detail_004_kani=true&JigyosyoCd=1472103439-00&ServiceCd=430&Type=search", "url2": "http://www.tsukui.net" }, "geometry": { "type": "Point", "coordinates": [ 139.5282975, 35.3516787 ] } },
{ "type": "Feature", "properties": { "内容": "リーフケア【居宅介護支援】神奈川県鎌倉市笛田1-5-8湯本ハイツ湘南202", "url": "https://www.kaigokensaku.mhlw.go.jp/14/index.php?action_kouhyou_detail_004_kani=true&JigyosyoCd=1472103470-00&ServiceCd=430&Type=search", "url2": null }, "geometry": { "type": "Point", "coordinates": [ 139.509527879270053, 35.33232437825275 ] } },
{ "type": "Feature", "properties": { "内容": "湘南鎌倉介護相談室【居宅介護支援】神奈川県鎌倉市山崎1202-1", "url": "https://www.kaigokensaku.mhlw.go.jp/14/index.php?action_kouhyou_detail_004_kani=true&JigyosyoCd=1472103546-00&ServiceCd=430&Type=search", "url2": "https://www.tokushukai.or.jp/introduction/facility/ns-syonankamakurasoudan" }, "geometry": { "type": "Point", "coordinates": [ 139.5269441, 35.3425231 ] } },
{ "type": "Feature", "properties": { "内容": "居宅介護支援事業所　はぴけあ鎌倉【居宅介護支援】神奈川県鎌倉市岡本2-19-15", "url": "https://www.kaigokensaku.mhlw.go.jp/14/index.php?action_kouhyou_detail_004_kani=true&JigyosyoCd=1472103587-00&ServiceCd=430&Type=search", "url2": "https://okika-kamakura.com" }, "geometry": { "type": "Point", "coordinates": [ 139.5230216, 35.348071 ] } },
{ "type": "Feature", "properties": { "内容": "医療法人徳洲会居宅介護支援事業所かまくらしるばーほーむ【居宅介護支援】神奈川県鎌倉市雪ノ下1-10-1", "url": "https://www.kaigokensaku.mhlw.go.jp/14/index.php?action_kouhyou_detail_004_kani=true&JigyosyoCd=1472103629-00&ServiceCd=430&Type=search", "url2": "https://kiyokawa-hp.or.jp/silverhome/" }, "geometry": { "type": "Point", "coordinates": [ 139.554176194785981, 35.32210564785774 ] } },
{ "type": "Feature", "properties": { "内容": "カナの介護【居宅介護支援】神奈川県鎌倉市笛田4－2－29ニューハイム大塚101", "url": "https://www.kaigokensaku.mhlw.go.jp/14/index.php?action_kouhyou_detail_004_kani=true&JigyosyoCd=1472103637-00&ServiceCd=430&Type=search", "url2": null }, "geometry": { "type": "Point", "coordinates": [ 139.52393360588465, 35.325788487575167 ] } },
{ "type": "Feature", "properties": { "内容": "ケアサロン　すりーる【居宅介護支援】神奈川県鎌倉市雪ノ下3-4-2ベルテラン・オークラ203", "url": "https://www.kaigokensaku.mhlw.go.jp/14/index.php?action_kouhyou_detail_004_kani=true&JigyosyoCd=1472102878-00&ServiceCd=430&Type=search", "url2": null }, "geometry": { "type": "Point", "coordinates": [ 139.558504519573916, 35.323776892736205 ] } },
{ "type": "Feature", "properties": { "内容": "鎌倉ケアハートガーデン【居宅介護支援】神奈川県鎌倉市植木624-3", "url": "https://www.kaigokensaku.mhlw.go.jp/14/index.php?action_kouhyou_detail_004_kani=true&JigyosyoCd=1472103835-00&ServiceCd=430&Type=search", "url2": "https://www.careheart-garden.com/" }, "geometry": { "type": "Point", "coordinates": [ 139.5146128, 35.347609 ] } },
{ "type": "Feature", "properties": { "内容": "あさひ訪問介護ステーション【居宅介護支援】神奈川県鎌倉市大船２-１-３ミサオビル2F", "url": "https://www.kaigokensaku.mhlw.go.jp/14/index.php?action_kouhyou_detail_004_kani=true&JigyosyoCd=1462190056-00&ServiceCd=430&Type=search", "url2": "https://www.asahi-kenkoufukushi.jp/" }, "geometry": { "type": "Point", "coordinates": [ 139.533563, 35.3508162 ] } },
{ "type": "Feature", "properties": { "内容": "鎌倉市医師会鎌倉居宅介護支援事業所【居宅介護支援】神奈川県鎌倉市材木座３－５－３５鎌倉市地域医療センター内", "url": "https://www.kaigokensaku.mhlw.go.jp/14/index.php?action_kouhyou_detail_004_kani=true&JigyosyoCd=1472100401-00&ServiceCd=430&Type=search", "url2": "https://www.kamakuramed3.com/" }, "geometry": { "type": "Point", "coordinates": [ 139.5484698, 35.310643100000014 ] } },
{ "type": "Feature", "properties": { "内容": "福祉クラブ生協オプティ鎌倉【居宅介護支援】神奈川県鎌倉市台5-3-14第二マルモビル2階", "url": "https://www.kaigokensaku.mhlw.go.jp/14/index.php?action_kouhyou_detail_004_kani=true&JigyosyoCd=1472100880-00&ServiceCd=430&Type=search", "url2": null }, "geometry": { "type": "Point", "coordinates": [ 139.5346323, 35.3432893 ] } },
{ "type": "Feature", "properties": { "内容": "けいすいケアセンター湘南【居宅介護支援】神奈川県鎌倉市小袋谷1-4-20ピオニー鎌倉　203号室", "url": "https://www.kaigokensaku.mhlw.go.jp/14/index.php?action_kouhyou_detail_004_kani=true&JigyosyoCd=1472101391-00&ServiceCd=430&Type=search", "url2": "https://www.keisuikai.or.jp" }, "geometry": { "type": "Point", "coordinates": [ 139.531815093454043, 35.348360195223357 ] } },
{ "type": "Feature", "properties": { "内容": "ライフケアファミリーエステル【居宅介護支援】神奈川県鎌倉市小袋谷2-23-9メゾン北鎌倉301", "url": "https://www.kaigokensaku.mhlw.go.jp/14/index.php?action_kouhyou_detail_004_kani=true&JigyosyoCd=1472101425-00&ServiceCd=430&Type=search", "url2": "https://x.gd/FiKoI" }, "geometry": { "type": "Point", "coordinates": [ 139.537981970573327, 35.341615336868465 ] } },
{ "type": "Feature", "properties": { "内容": "メディカルゆう居宅支援事業所【居宅介護支援】神奈川県鎌倉市手広4丁目７番5号", "url": "https://www.kaigokensaku.mhlw.go.jp/14/index.php?action_kouhyou_detail_004_kani=true&JigyosyoCd=1472101656-00&ServiceCd=430&Type=search", "url2": "https://you-medical.sakura.ne.jp/homecare.html" }, "geometry": { "type": "Point", "coordinates": [ 139.509137, 35.327621500000014 ] } },
{ "type": "Feature", "properties": { "内容": "居宅介護支援事業ふれあいの泉【居宅介護支援】神奈川県鎌倉市今泉2-4-10", "url": "https://www.kaigokensaku.mhlw.go.jp/14/index.php?action_kouhyou_detail_004_kani=true&JigyosyoCd=1472101672-00&ServiceCd=430&Type=search", "url2": "https://www.reijukai.or.jp/事業所案内/ふれあいの泉/" }, "geometry": { "type": "Point", "coordinates": [ 139.551445199999989, 35.3471444 ] } },
{ "type": "Feature", "properties": { "内容": "アシスタンス【居宅介護支援】神奈川県鎌倉市大船3-6-2新道ビル１A,２A-2", "url": "https://www.kaigokensaku.mhlw.go.jp/14/index.php?action_kouhyou_detail_004_kani=true&JigyosyoCd=1472102571-00&ServiceCd=430&Type=search", "url2": "https://assistance2004.co.jp/" }, "geometry": { "type": "Point", "coordinates": [ 139.532982157639566, 35.348579376305231 ] } },
{ "type": "Feature", "properties": { "内容": "すばるケアプランセンター【居宅介護支援】神奈川県鎌倉市笛田2-1-35", "url": "https://www.kaigokensaku.mhlw.go.jp/14/index.php?action_kouhyou_detail_004_kani=true&JigyosyoCd=1472103025-00&ServiceCd=430&Type=search", "url2": "https://hermano.co.jp/scpc.html" }, "geometry": { "type": "Point", "coordinates": [ 139.517430226983606, 35.329815493772919 ] } },
{ "type": "Feature", "properties": { "内容": "トリトン鎌倉【居宅介護支援】神奈川県鎌倉市七里ガ浜1-19-7セブンハイツ1B", "url": "https://www.kaigokensaku.mhlw.go.jp/14/index.php?action_kouhyou_detail_004_kani=true&JigyosyoCd=1472103298-00&ServiceCd=430&Type=search", "url2": null }, "geometry": { "type": "Point", "coordinates": [ 139.511321556448706, 35.307874006036194 ] } },
{ "type": "Feature", "properties": { "内容": "合同会社　金澤プランニング【居宅介護支援】神奈川県鎌倉市台2-11-17", "url": "https://www.kaigokensaku.mhlw.go.jp/14/index.php?action_kouhyou_detail_004_kani=true&JigyosyoCd=1472103686-00&ServiceCd=430&Type=search", "url2": null }, "geometry": { "type": "Point", "coordinates": [ 139.5284172, 35.3479961 ] } },
{ "type": "Feature", "properties": { "内容": "アベニールカルドケアプランセンター【居宅介護支援】神奈川県鎌倉市常盤115番1号深沢ホワイトプラザ２F", "url": "https://www.kaigokensaku.mhlw.go.jp/14/index.php?action_kouhyou_detail_004_kani=true&JigyosyoCd=1472103710-00&ServiceCd=430&Type=search", "url2": "https://www.free-avenir.jp/" }, "geometry": { "type": "Point", "coordinates": [ 139.5188033, 35.3317038 ] } },
{ "type": "Feature", "properties": { "内容": "サニーライフ鎌倉玉縄　居宅介護支援事業所【居宅介護支援】神奈川県鎌倉市玉縄四丁目2番1", "url": "https://www.kaigokensaku.mhlw.go.jp/14/index.php?action_kouhyou_detail_004_kani=true&JigyosyoCd=1472103769-00&ServiceCd=430&Type=search", "url2": null }, "geometry": { "type": "Point", "coordinates": [ 139.5196483, 35.3576328 ] } },
{ "type": "Feature", "properties": { "内容": "お日様プラン相談所【居宅介護支援】神奈川県鎌倉市梶原1丁目4-5プチメゾン深沢201", "url": "https://www.kaigokensaku.mhlw.go.jp/14/index.php?action_kouhyou_detail_004_kani=true&JigyosyoCd=1472103124-00&ServiceCd=430&Type=search", "url2": "https://www.ohisamaplan.jp/" }, "geometry": { "type": "Point", "coordinates": [ 139.519215883073684, 35.333015433171752 ] } },
{ "type": "Feature", "properties": { "内容": "まごころけあ【居宅介護支援】神奈川県藤沢市亀井野1850-24", "url": "https://www.kaigokensaku.mhlw.go.jp/14/index.php?action_kouhyou_detail_004_kani=true&JigyosyoCd=1472207040-00&ServiceCd=430&Type=search", "url2": null }, "geometry": { "type": "Point", "coordinates": [ 139.469899700000013, 35.3824704 ] } },
{ "type": "Feature", "properties": { "内容": "ALSOKホームケアらいふ湘南藤沢SST居宅介護支援【居宅介護支援】神奈川県藤沢市辻堂元町六丁目15-1", "url": "https://www.kaigokensaku.mhlw.go.jp/14/index.php?action_kouhyou_detail_004_kani=true&JigyosyoCd=1472207594-00&ServiceCd=430&Type=search", "url2": "https://www.life-silver.com/life-silver/facility/kyotakufujisawasst/" }, "geometry": { "type": "Point", "coordinates": [ 139.464893658335882, 35.336923021695085 ] } },
{ "type": "Feature", "properties": { "内容": "ケアプランセンターアカシア【居宅介護支援】神奈川県藤沢市辻堂元町5‐8‐3それいゆ湘南101", "url": "https://www.kaigokensaku.mhlw.go.jp/14/index.php?action_kouhyou_detail_004_kani=true&JigyosyoCd=1472207644-00&ServiceCd=430&Type=search", "url2": null }, "geometry": { "type": "Point", "coordinates": [ 139.4580166, 35.3341569 ] } },
{ "type": "Feature", "properties": { "内容": "公益社団法人神奈川県看護協会かがやき訪問看護ステーション【居宅介護支援】神奈川県藤沢市藤沢１０２７てはーとビル５Ｆ", "url": "https://www.kaigokensaku.mhlw.go.jp/14/index.php?action_kouhyou_detail_004_kani=true&JigyosyoCd=1462290021-00&ServiceCd=430&Type=search", "url2": "https://www.kana-kango.or.jp/index.html" }, "geometry": { "type": "Point", "coordinates": [ 139.482411599999978, 35.3400839 ] } },
{ "type": "Feature", "properties": { "内容": "若林会居宅介護支援事業所【居宅介護支援】神奈川県藤沢市羽鳥１丁目３番４３号（湘南中央病院２階）", "url": "https://www.kaigokensaku.mhlw.go.jp/14/index.php?action_kouhyou_detail_004_kani=true&JigyosyoCd=1472200011-00&ServiceCd=430&Type=search", "url2": "https://swg.or.jp/wakabagroup/wgcaresupport/" }, "geometry": { "type": "Point", "coordinates": [ 139.449750399999942, 35.3428715 ] } },
{ "type": "Feature", "properties": { "内容": "グリーンライフ湘南【居宅介護支援】神奈川県藤沢市石川3928－5", "url": "https://www.kaigokensaku.mhlw.go.jp/14/index.php?action_kouhyou_detail_004_kani=true&JigyosyoCd=1472200037-00&ServiceCd=430&Type=search", "url2": "https://www.kijyu.or.jp" }, "geometry": { "type": "Point", "coordinates": [ 139.464642527769286, 35.367396213453254 ] } },
{ "type": "Feature", "properties": { "内容": "医療法人長谷川会　ケアポート湘南【居宅介護支援】神奈川県藤沢市辻堂3-10-11", "url": "https://www.kaigokensaku.mhlw.go.jp/14/index.php?action_kouhyou_detail_004_kani=true&JigyosyoCd=1472200045-00&ServiceCd=430&Type=search", "url2": "https://www.shohos.org/branch/careport/" }, "geometry": { "type": "Point", "coordinates": [ 139.444464499999981, 35.3330029 ] } },
{ "type": "Feature", "properties": { "内容": "居宅介護支援センター　鵠生園【居宅介護支援】神奈川県藤沢市片瀬海岸1-7-9", "url": "https://www.kaigokensaku.mhlw.go.jp/14/index.php?action_kouhyou_detail_004_kani=true&JigyosyoCd=1472200078-00&ServiceCd=430&Type=search", "url2": "http://www.kouseien-fu.or.jp/" }, "geometry": { "type": "Point", "coordinates": [ 139.487575099999958, 35.3085287 ] } },
{ "type": "Feature", "properties": { "内容": "ケアプランセンター　ラポール【居宅介護支援】神奈川県藤沢市稲荷345", "url": "https://www.kaigokensaku.mhlw.go.jp/14/index.php?action_kouhyou_detail_004_kani=true&JigyosyoCd=1472200094-00&ServiceCd=430&Type=search", "url2": "http://www.rapport.or.jp/service/fujisawa/kyotaku.html" }, "geometry": { "type": "Point", "coordinates": [ 139.460533100000021, 35.3521318 ] } },
{ "type": "Feature", "properties": { "内容": "共生会居宅サ－ビスセンタ－【居宅介護支援】神奈川県藤沢市鵠沼１５５９番地", "url": "https://www.kaigokensaku.mhlw.go.jp/14/index.php?action_kouhyou_detail_004_kani=true&JigyosyoCd=1472200136-00&ServiceCd=430&Type=search", "url2": "http://www.kyouseikai.com" }, "geometry": { "type": "Point", "coordinates": [ 139.4797036, 35.3405421 ] } },
{ "type": "Feature", "properties": { "内容": "一般財団法人同友会　藤沢湘南台病院居宅介護支援センター【居宅介護支援】神奈川県藤沢市高倉2345", "url": "https://www.kaigokensaku.mhlw.go.jp/14/index.php?action_kouhyou_detail_004_kani=true&JigyosyoCd=1472200219-00&ServiceCd=430&Type=search", "url2": "http://www.fj-shonandai.jp/" }, "geometry": { "type": "Point", "coordinates": [ 139.471003800000062, 35.4162766 ] } },
{ "type": "Feature", "properties": { "内容": "医療法人誠翔会　中沢内科医院在宅事業部【居宅介護支援】神奈川県藤沢市湘南台2-25-4中澤第一ビル2Ｆ", "url": "https://www.kaigokensaku.mhlw.go.jp/14/index.php?action_kouhyou_detail_004_kani=true&JigyosyoCd=1472200284-00&ServiceCd=430&Type=search", "url2": "http://seishoukai.net/" }, "geometry": { "type": "Point", "coordinates": [ 139.465155205418341, 35.392886772243806 ] } },
{ "type": "Feature", "properties": { "内容": "藤沢市保健医療センター居宅介護支援事業所【居宅介護支援】神奈川県藤沢市大庭５５２７－１", "url": "https://www.kaigokensaku.mhlw.go.jp/14/index.php?action_kouhyou_detail_004_kani=true&JigyosyoCd=1472200292-00&ServiceCd=430&Type=search", "url2": "http://iryo.city.fujisawa.kanagawa.jp" }, "geometry": { "type": "Point", "coordinates": [ 139.4481171, 35.368271 ] } },
{ "type": "Feature", "properties": { "内容": "有限会社　湘南ケアサービス【居宅介護支援】神奈川県藤沢市鵠沼桜が岡3-5-26", "url": "https://www.kaigokensaku.mhlw.go.jp/14/index.php?action_kouhyou_detail_004_kani=true&JigyosyoCd=1472200359-00&ServiceCd=430&Type=search", "url2": "https://care-net.biz/14/shonan-care/" }, "geometry": { "type": "Point", "coordinates": [ 139.47500679999996, 35.3302902 ] } },
{ "type": "Feature", "properties": { "内容": "芭蕉苑介護老人福祉施設【居宅介護支援】神奈川県藤沢市遠藤35", "url": "https://www.kaigokensaku.mhlw.go.jp/14/index.php?action_kouhyou_detail_004_kani=true&JigyosyoCd=1472200466-00&ServiceCd=430&Type=search", "url2": "https://bashoen.chikubukai.jp/service/home-care-support/" }, "geometry": { "type": "Point", "coordinates": [ 139.433592399999952, 35.3813158 ] } },
{ "type": "Feature", "properties": { "内容": "メディケアーケアプランニングセンター【居宅介護支援】神奈川県藤沢市藤沢1027", "url": "https://www.kaigokensaku.mhlw.go.jp/14/index.php?action_kouhyou_detail_004_kani=true&JigyosyoCd=1472201159-00&ServiceCd=430&Type=search", "url2": "http://www.mc-tehart.com" }, "geometry": { "type": "Point", "coordinates": [ 139.482411599999978, 35.3400839 ] } },
{ "type": "Feature", "properties": { "内容": "介えん隊【居宅介護支援】神奈川県藤沢市下土棚612-11F-3", "url": "https://www.kaigokensaku.mhlw.go.jp/14/index.php?action_kouhyou_detail_004_kani=true&JigyosyoCd=1472201241-00&ServiceCd=430&Type=search", "url2": "http://www.kaigoshientai.jp/" }, "geometry": { "type": "Point", "coordinates": [ 139.458632299999977, 35.4107994 ] } },
{ "type": "Feature", "properties": { "内容": "ハートランドふじさわ【居宅介護支援】神奈川県藤沢市鵠沼松が岡5-10-26榛葉ハイツ102", "url": "https://www.kaigokensaku.mhlw.go.jp/14/index.php?action_kouhyou_detail_004_kani=true&JigyosyoCd=1472201316-00&ServiceCd=430&Type=search", "url2": null }, "geometry": { "type": "Point", "coordinates": [ 139.472248700000023, 35.3249655 ] } },
{ "type": "Feature", "properties": { "内容": "居宅介護支援センター　かりん【居宅介護支援】神奈川県藤沢市城南1-22-7", "url": "https://www.kaigokensaku.mhlw.go.jp/14/index.php?action_kouhyou_detail_004_kani=true&JigyosyoCd=1472201779-00&ServiceCd=430&Type=search", "url2": "https://www.eijyukai-karin.com/" }, "geometry": { "type": "Point", "coordinates": [ 139.442489499999965, 35.3477761 ] } },
{ "type": "Feature", "properties": { "内容": "ぐるーぷ藤　ケアマネジメント【居宅介護支援】神奈川県藤沢市柄沢2-1-14ぐるーぷ藤二番館・アクア棟", "url": "https://www.kaigokensaku.mhlw.go.jp/14/index.php?action_kouhyou_detail_004_kani=true&JigyosyoCd=1472202082-00&ServiceCd=430&Type=search", "url2": "https://www.npo-fuji.com/caremana" }, "geometry": { "type": "Point", "coordinates": [ 139.497487768116343, 35.353033137764271 ] } },
{ "type": "Feature", "properties": { "内容": "グレイスケア湘南　居宅介護支援事業所【居宅介護支援】神奈川県藤沢市鵠沼橘１－５－１サニー２１ビル３Ｆ", "url": "https://www.kaigokensaku.mhlw.go.jp/14/index.php?action_kouhyou_detail_004_kani=true&JigyosyoCd=1472202868-00&ServiceCd=430&Type=search", "url2": "http://www.gracecare.net" }, "geometry": { "type": "Point", "coordinates": [ 139.486003, 35.3348819 ] } },
{ "type": "Feature", "properties": { "内容": "地域福祉支援センター　亀吉【居宅介護支援】神奈川県藤沢市鵠沼海岸7-20-21", "url": "https://www.kaigokensaku.mhlw.go.jp/14/index.php?action_kouhyou_detail_004_kani=true&JigyosyoCd=1472202926-00&ServiceCd=430&Type=search", "url2": "https://slt.tanemaki.fun" }, "geometry": { "type": "Point", "coordinates": [ 139.465457500663746, 35.322758720151725 ] } },
{ "type": "Feature", "properties": { "内容": "学研ココファン藤沢【居宅介護支援】神奈川県藤沢市大庭5560-1ココファン湘南内", "url": "https://www.kaigokensaku.mhlw.go.jp/14/index.php?action_kouhyou_detail_004_kani=true&JigyosyoCd=1472203064-00&ServiceCd=430&Type=search", "url2": "https://www.cocofump.co.jp/facilities/shonan/" }, "geometry": { "type": "Point", "coordinates": [ 139.440914871163926, 35.36512911700023 ] } },
{ "type": "Feature", "properties": { "内容": "聖隷ケアプランセンター藤沢【居宅介護支援】神奈川県藤沢市大庭5526-2聖隷藤沢ウエルフェアタウン", "url": "https://www.kaigokensaku.mhlw.go.jp/14/index.php?action_kouhyou_detail_004_kani=true&JigyosyoCd=1472203676-00&ServiceCd=430&Type=search", "url2": "http://www.seirei.or.jp/welfare/" }, "geometry": { "type": "Point", "coordinates": [ 139.4482504, 35.3669378 ] } },
{ "type": "Feature", "properties": { "内容": "辻居宅介護支援事業所【居宅介護支援】神奈川県藤沢市羽鳥5-8-24", "url": "https://www.kaigokensaku.mhlw.go.jp/14/index.php?action_kouhyou_detail_004_kani=true&JigyosyoCd=1472203783-00&ServiceCd=430&Type=search", "url2": null }, "geometry": { "type": "Point", "coordinates": [ 139.466034612564044, 35.342394004595896 ] } },
{ "type": "Feature", "properties": { "内容": "ゆとりプランセンター【居宅介護支援】神奈川県藤沢市藤が岡１－６－１０１階", "url": "https://www.kaigokensaku.mhlw.go.jp/14/index.php?action_kouhyou_detail_004_kani=true&JigyosyoCd=1472203882-00&ServiceCd=430&Type=search", "url2": "http://www.kango-yutori.com" }, "geometry": { "type": "Point", "coordinates": [ 139.49102759521125, 35.344965266100679 ] } },
{ "type": "Feature", "properties": { "内容": "藤の実【居宅介護支援】神奈川県藤沢市鵠沼石上2-1-2鵠沼フラワーマンション502", "url": "https://www.kaigokensaku.mhlw.go.jp/14/index.php?action_kouhyou_detail_004_kani=true&JigyosyoCd=1472204328-00&ServiceCd=430&Type=search", "url2": "http://fujinomi.com/" }, "geometry": { "type": "Point", "coordinates": [ 139.486419599999977, 35.3347708 ] } },
{ "type": "Feature", "properties": { "内容": "サンライズ・ヴィラ　藤沢羽鳥　居宅介護支援センター【居宅介護支援】神奈川県藤沢市羽鳥5-5-46", "url": "https://www.kaigokensaku.mhlw.go.jp/14/index.php?action_kouhyou_detail_004_kani=true&JigyosyoCd=1472204724-00&ServiceCd=430&Type=search", "url2": null }, "geometry": { "type": "Point", "coordinates": [ 139.462977300000034, 35.3423636 ] } },
{ "type": "Feature", "properties": { "内容": "サニーライフ湘南藤沢　居宅介護支援事業所【居宅介護支援】神奈川県藤沢市藤が岡2丁目10番19号有料老人ホーム　サニーライフ湘南藤沢", "url": "https://www.kaigokensaku.mhlw.go.jp/14/index.php?action_kouhyou_detail_004_kani=true&JigyosyoCd=1472204765-00&ServiceCd=430&Type=search", "url2": null }, "geometry": { "type": "Point", "coordinates": [ 139.494394336770625, 35.347271140242931 ] } },
{ "type": "Feature", "properties": { "内容": "ケアプランサービス藤沢【居宅介護支援】神奈川県藤沢市湘南台2丁目7番9号ナリタビル304号室", "url": "https://www.kaigokensaku.mhlw.go.jp/14/index.php?action_kouhyou_detail_004_kani=true&JigyosyoCd=1472204864-00&ServiceCd=430&Type=search", "url2": "http://www.care-plan.co.jp/fujisawa.html" }, "geometry": { "type": "Point", "coordinates": [ 139.464496100000019, 35.397120500000014 ] } },
{ "type": "Feature", "properties": { "内容": "あすなろケアプラン【居宅介護支援】神奈川県藤沢市善行6丁目１９番１１号", "url": "https://www.kaigokensaku.mhlw.go.jp/14/index.php?action_kouhyou_detail_004_kani=true&JigyosyoCd=1472204898-00&ServiceCd=430&Type=search", "url2": "http://www.asunarocareplan.com/" }, "geometry": { "type": "Point", "coordinates": [ 139.478339799999958, 35.3663446 ] } },
{ "type": "Feature", "properties": { "内容": "いきるけあ【居宅介護支援】神奈川県藤沢市善行7-8-30", "url": "https://www.kaigokensaku.mhlw.go.jp/14/index.php?action_kouhyou_detail_004_kani=true&JigyosyoCd=1472204922-00&ServiceCd=430&Type=search", "url2": "https://www.fzfc.jp" }, "geometry": { "type": "Point", "coordinates": [ 139.477461982825901, 35.364380416483435 ] } },
{ "type": "Feature", "properties": { "内容": "居宅介護支援事業所　ほほえみ【居宅介護支援】神奈川県藤沢市亀井野1-22-14山口宅", "url": "https://www.kaigokensaku.mhlw.go.jp/14/index.php?action_kouhyou_detail_004_kani=true&JigyosyoCd=1472205077-00&ServiceCd=430&Type=search", "url2": "https://kaigohohoemi.com" }, "geometry": { "type": "Point", "coordinates": [ 139.470637500000066, 35.3851474 ] } },
{ "type": "Feature", "properties": { "内容": "ケアステーション空飛ぶペンギン【居宅介護支援】神奈川県藤沢市城南２－１２－５", "url": "https://www.kaigokensaku.mhlw.go.jp/14/index.php?action_kouhyou_detail_004_kani=true&JigyosyoCd=1472205093-00&ServiceCd=430&Type=search", "url2": "https://www.soratobupengin8284.com" }, "geometry": { "type": "Point", "coordinates": [ 139.454139571345564, 35.348818388529232 ] } },
{ "type": "Feature", "properties": { "内容": "ケアプランセンターひまわり　湘南台【居宅介護支援】神奈川県藤沢市湘南台6-34-10グランドール湘南台2階", "url": "https://www.kaigokensaku.mhlw.go.jp/14/index.php?action_kouhyou_detail_004_kani=true&JigyosyoCd=1472205473-00&ServiceCd=430&Type=search", "url2": "http://www.s-carelife.com" }, "geometry": { "type": "Point", "coordinates": [ 139.469915, 35.4015424 ] } },
{ "type": "Feature", "properties": { "内容": "ラウンジヒル湘南台　居宅介護支援事業所【居宅介護支援】神奈川県藤沢市円行1-13-17", "url": "https://www.kaigokensaku.mhlw.go.jp/14/index.php?action_kouhyou_detail_004_kani=true&JigyosyoCd=1472205499-00&ServiceCd=430&Type=search", "url2": "http://www.lounge-hill.com/" }, "geometry": { "type": "Point", "coordinates": [ 139.457643662565573, 35.388442152553637 ] } },
{ "type": "Feature", "properties": { "内容": "テルウェル東日本　鵠沼ケアプランセンタ【居宅介護支援】神奈川県藤沢市鵠沼松が岡2-3-8ウエリスオリーブ鵠沼松が岡", "url": "https://www.kaigokensaku.mhlw.go.jp/14/index.php?action_kouhyou_detail_004_kani=true&JigyosyoCd=1472205622-00&ServiceCd=430&Type=search", "url2": "https://www.telwel-kaigo.com/" }, "geometry": { "type": "Point", "coordinates": [ 139.479594697749462, 35.322607077132744 ] } },
{ "type": "Feature", "properties": { "内容": "湘南ホームフレンド居宅介護支援事業所【居宅介護支援】神奈川県藤沢市辻堂元町4丁目17番22号門倉ビル3階門倉ビル3階", "url": "https://www.kaigokensaku.mhlw.go.jp/14/index.php?action_kouhyou_detail_004_kani=true&JigyosyoCd=1472205754-00&ServiceCd=430&Type=search", "url2": "http://www.homefriend.co.jp" }, "geometry": { "type": "Point", "coordinates": [ 139.45872148156738, 35.331609119924103 ] } },
{ "type": "Feature", "properties": { "内容": "居宅介護支援事業所　ゴールドエイジ長後【居宅介護支援】神奈川県藤沢市長後706ゴールドエイジ藤沢212", "url": "https://www.kaigokensaku.mhlw.go.jp/14/index.php?action_kouhyou_detail_004_kani=true&JigyosyoCd=1472205770-00&ServiceCd=430&Type=search", "url2": "http://goldage.co.jp/" }, "geometry": { "type": "Point", "coordinates": [ 139.466332914155601, 35.414809340495275 ] } },
{ "type": "Feature", "properties": { "内容": "みどりの園村岡宮前【居宅介護支援】神奈川県藤沢市宮前380-1", "url": "https://www.kaigokensaku.mhlw.go.jp/14/index.php?action_kouhyou_detail_004_kani=true&JigyosyoCd=1472205788-00&ServiceCd=430&Type=search", "url2": "http://www.midorinosono.or.jp/" }, "geometry": { "type": "Point", "coordinates": [ 139.508747256181522, 35.334149217022741 ] } },
{ "type": "Feature", "properties": { "内容": "ケアプラン　スクナ【居宅介護支援】神奈川県藤沢市亀井野2-47-4フルール湘南207", "url": "https://www.kaigokensaku.mhlw.go.jp/14/index.php?action_kouhyou_detail_004_kani=true&JigyosyoCd=1472205929-00&ServiceCd=430&Type=search", "url2": null }, "geometry": { "type": "Point", "coordinates": [ 139.4749372, 35.3791622 ] } },
{ "type": "Feature", "properties": { "内容": "Ｆｕｊｉケアセンター【居宅介護支援】神奈川県藤沢市大鋸1-3-7FJ大鋸ビル2F", "url": "https://www.kaigokensaku.mhlw.go.jp/14/index.php?action_kouhyou_detail_004_kani=true&JigyosyoCd=1472205952-00&ServiceCd=430&Type=search", "url2": null }, "geometry": { "type": "Point", "coordinates": [ 139.493521747479235, 35.341263604076488 ] } },
{ "type": "Feature", "properties": { "内容": "湘南ケアプラン　えん【居宅介護支援】神奈川県藤沢市辻堂二丁目1-8エバーズ第11辻堂ビル地下1階", "url": "https://www.kaigokensaku.mhlw.go.jp/14/index.php?action_kouhyou_detail_004_kani=true&JigyosyoCd=1472206109-00&ServiceCd=430&Type=search", "url2": "http://shonannoen.com/shonancareplanen/cp/" }, "geometry": { "type": "Point", "coordinates": [ 139.44565562331502, 35.336598168875966 ] } },
{ "type": "Feature", "properties": { "内容": "オリジナルケアプラン　「晴れる屋」【居宅介護支援】神奈川県藤沢市下土棚223-1第3広田モンドハイツ101", "url": "https://www.kaigokensaku.mhlw.go.jp/14/index.php?action_kouhyou_detail_004_kani=true&JigyosyoCd=1472206505-00&ServiceCd=430&Type=search", "url2": null }, "geometry": { "type": "Point", "coordinates": [ 139.464694799999961, 35.405346 ] } },
{ "type": "Feature", "properties": { "内容": "ケアプラン宝命藤沢【居宅介護支援】神奈川県藤沢市辻堂新町3-7-28第3さつきハイム201", "url": "https://www.kaigokensaku.mhlw.go.jp/14/index.php?action_kouhyou_detail_004_kani=true&JigyosyoCd=1472206513-00&ServiceCd=430&Type=search", "url2": "https://homeikango.com" }, "geometry": { "type": "Point", "coordinates": [ 139.458388, 35.3387036 ] } },
{ "type": "Feature", "properties": { "内容": "ミモザ居宅介護支援藤沢【居宅介護支援】神奈川県藤沢市湘南台3-25-22アメニティ湘南台101号", "url": "https://www.kaigokensaku.mhlw.go.jp/14/index.php?action_kouhyou_detail_004_kani=true&JigyosyoCd=1472206562-00&ServiceCd=430&Type=search", "url2": "https://www.mimoza-care.jp/base/search_result.php" }, "geometry": { "type": "Point", "coordinates": [ 139.463485200000036, 35.3895559 ] } },
{ "type": "Feature", "properties": { "内容": "ぐるんとびーケアプランセンター【居宅介護支援】神奈川県藤沢市石川693-6", "url": "https://www.kaigokensaku.mhlw.go.jp/14/index.php?action_kouhyou_detail_004_kani=true&JigyosyoCd=1472206661-00&ServiceCd=430&Type=search", "url2": "https://www.grundtvig.co.jp/" }, "geometry": { "type": "Point", "coordinates": [ 139.448952207036228, 35.370134481331675 ] } },
{ "type": "Feature", "properties": { "内容": "村岡ケアステーション【居宅介護支援】神奈川県藤沢市渡内3-8-60", "url": "https://www.kaigokensaku.mhlw.go.jp/14/index.php?action_kouhyou_detail_004_kani=true&JigyosyoCd=1472206695-00&ServiceCd=430&Type=search", "url2": "https://www.kijyu.or.jp" }, "geometry": { "type": "Point", "coordinates": [ 139.5091511, 35.3484393 ] } },
{ "type": "Feature", "properties": { "内容": "コーラル居宅介護【居宅介護支援】神奈川県藤沢市大庭7961-2", "url": "https://www.kaigokensaku.mhlw.go.jp/14/index.php?action_kouhyou_detail_004_kani=true&JigyosyoCd=1472206869-00&ServiceCd=430&Type=search", "url2": null }, "geometry": { "type": "Point", "coordinates": [ 139.460957185398428, 35.364728725940545 ] } },
{ "type": "Feature", "properties": { "内容": "居宅介護支援　クロスハート藤沢本町【居宅介護支援】神奈川藤沢市白旗１-１２-２６", "url": "https://www.kaigokensaku.mhlw.go.jp/14/index.php?action_kouhyou_detail_004_kani=true&JigyosyoCd=1472206877-00&ServiceCd=430&Type=search", "url2": "https://www.shinkoufukushikai.com" }, "geometry": { "type": "Point", "coordinates": [ 139.479449400000021, 35.3528605 ] } },
{ "type": "Feature", "properties": { "内容": "ツクイ藤沢ケアプランセンター【居宅介護支援】神奈川県藤沢市鵠沼石上1-13-15レオーダ藤沢", "url": "https://www.kaigokensaku.mhlw.go.jp/14/index.php?action_kouhyou_detail_004_kani=true&JigyosyoCd=1472206901-00&ServiceCd=430&Type=search", "url2": "https://www.tsukui.net/" }, "geometry": { "type": "Point", "coordinates": [ 139.4866288, 35.335387 ] } },
{ "type": "Feature", "properties": { "内容": "福祉クラブ生協オプティ辻堂【居宅介護支援】神奈川県藤沢市辻堂元町6-3-9みのり藤沢1階", "url": "https://www.kaigokensaku.mhlw.go.jp/14/index.php?action_kouhyou_detail_004_kani=true&JigyosyoCd=1472207123-00&ServiceCd=430&Type=search", "url2": "https://opty-akane.jimdofree.com" }, "geometry": { "type": "Point", "coordinates": [ 139.46147395952454, 35.335629232810327 ] } },
{ "type": "Feature", "properties": { "内容": "ブランシエール藤沢居宅介護支援事業所【居宅介護支援】神奈川県藤沢市大鋸1-9－13コートリヴィエラ2-103号室コートリビエラ2-103号室", "url": "https://www.kaigokensaku.mhlw.go.jp/14/index.php?action_kouhyou_detail_004_kani=true&JigyosyoCd=1472207156-00&ServiceCd=430&Type=search", "url2": null }, "geometry": { "type": "Point", "coordinates": [ 139.495293230670001, 35.339245057471814 ] } },
{ "type": "Feature", "properties": { "内容": "光優【居宅介護支援】神奈川県藤沢市亀井野975-8-101", "url": "https://www.kaigokensaku.mhlw.go.jp/14/index.php?action_kouhyou_detail_004_kani=true&JigyosyoCd=1472207305-00&ServiceCd=430&Type=search", "url2": null }, "geometry": { "type": "Point", "coordinates": [ 139.4673741, 35.3824357 ] } },
{ "type": "Feature", "properties": { "内容": "にきっと湘南【居宅介護支援】神奈川県藤沢市大庭5559-8ハイツ青木店舗101", "url": "https://www.kaigokensaku.mhlw.go.jp/14/index.php?action_kouhyou_detail_004_kani=true&JigyosyoCd=1472207313-00&ServiceCd=430&Type=search", "url2": "https://www.nikit.co.jp/" }, "geometry": { "type": "Point", "coordinates": [ 139.440734348410075, 35.365651916461786 ] } },
{ "type": "Feature", "properties": { "内容": "医療法人　徳洲会　湘南藤沢徳洲会介護センター【居宅介護支援】神奈川県藤沢市辻堂神台1-5-1", "url": "https://www.kaigokensaku.mhlw.go.jp/14/index.php?action_kouhyou_detail_004_kani=true&JigyosyoCd=1472401056-00&ServiceCd=430&Type=search", "url2": "https://www.tokushukai.or.jp/" }, "geometry": { "type": "Point", "coordinates": [ 139.444806795350587, 35.34110496040477 ] } },
{ "type": "Feature", "properties": { "内容": "グレース居宅介護支援事業所　湘南台【居宅介護支援】神奈川県藤沢市湘南台2-17-17グランドメゾン湘南302", "url": "https://www.kaigokensaku.mhlw.go.jp/14/index.php?action_kouhyou_detail_004_kani=true&JigyosyoCd=1472207669-00&ServiceCd=430&Type=search", "url2": null }, "geometry": { "type": "Point", "coordinates": [ 139.466661499999987, 35.394424200000017 ] } },
{ "type": "Feature", "properties": { "内容": "介護サポート藤沢【居宅介護支援】神奈川県藤沢市長後1089", "url": "https://www.kaigokensaku.mhlw.go.jp/14/index.php?action_kouhyou_detail_004_kani=true&JigyosyoCd=1472206083-00&ServiceCd=430&Type=search", "url2": "https://care-biz.site/" }, "geometry": { "type": "Point", "coordinates": [ 139.4628626, 35.4222895 ] } },
{ "type": "Feature", "properties": { "内容": "ケアプランセンターえんじゅ【居宅介護支援】神奈川県藤沢市用田820", "url": "https://www.kaigokensaku.mhlw.go.jp/14/index.php?action_kouhyou_detail_004_kani=true&JigyosyoCd=1472200144-00&ServiceCd=430&Type=search", "url2": "https://issekikai.net/enjyu" }, "geometry": { "type": "Point", "coordinates": [ 139.41800841219478, 35.409722470173953 ] } },
{ "type": "Feature", "properties": { "内容": "ガーデニア・ごしょみ居宅支援センター【居宅介護支援】神奈川県藤沢市獺郷218番地", "url": "https://www.kaigokensaku.mhlw.go.jp/14/index.php?action_kouhyou_detail_004_kani=true&JigyosyoCd=1472201043-00&ServiceCd=430&Type=search", "url2": "https://gardenia.or.jp/goshomi/service" }, "geometry": { "type": "Point", "coordinates": [ 139.410265500000037, 35.396449 ] } },
{ "type": "Feature", "properties": { "内容": "湘南ヒューマンケア【居宅介護支援】神奈川県藤沢市弥勒寺一丁目7番8トミーライフ湘南101号", "url": "https://www.kaigokensaku.mhlw.go.jp/14/index.php?action_kouhyou_detail_004_kani=true&JigyosyoCd=1472204575-00&ServiceCd=430&Type=search", "url2": null }, "geometry": { "type": "Point", "coordinates": [ 139.497736955125447, 35.337691126841356 ] } },
{ "type": "Feature", "properties": { "内容": "やさしい手　辻堂居宅介護支援事業所【居宅介護支援】神奈川県藤沢市辻堂元町2-17-21第３つつじハイム201号室", "url": "https://www.kaigokensaku.mhlw.go.jp/14/index.php?action_kouhyou_detail_004_kani=true&JigyosyoCd=1472207677-00&ServiceCd=430&Type=search", "url2": "https://search.yasashiite.com/detail/kyotakukaigo_tsujidou/" }, "geometry": { "type": "Point", "coordinates": [ 139.459400100000011, 35.3364769 ] } },
{ "type": "Feature", "properties": { "内容": "きちケアプランセンター【居宅介護支援】神奈川県藤沢市辻堂元町5丁目5番11号ヌーベルバーグ湘南202", "url": "https://www.kaigokensaku.mhlw.go.jp/14/index.php?action_kouhyou_detail_004_kani=true&JigyosyoCd=1472200870-00&ServiceCd=430&Type=search", "url2": null }, "geometry": { "type": "Point", "coordinates": [ 139.4599081, 35.3323367 ] } },
{ "type": "Feature", "properties": { "内容": "特別養護老人ホームみどりの園【居宅介護支援】神奈川県藤沢市小塚370-1", "url": "https://www.kaigokensaku.mhlw.go.jp/14/index.php?action_kouhyou_detail_004_kani=true&JigyosyoCd=1472200896-00&ServiceCd=430&Type=search", "url2": "https://midorinosono.or.jp/７．ケアマネジャーへの相談" }, "geometry": { "type": "Point", "coordinates": [ 139.505556800000022, 35.3344292 ] } },
{ "type": "Feature", "properties": { "内容": "福祉クラブ生協　オプティ藤沢【居宅介護支援】神奈川県藤沢市善行6-19-51福祉クラブ生協藤沢センター", "url": "https://www.kaigokensaku.mhlw.go.jp/14/index.php?action_kouhyou_detail_004_kani=true&JigyosyoCd=1472201431-00&ServiceCd=430&Type=search", "url2": "https://www.fukushi-club.net" }, "geometry": { "type": "Point", "coordinates": [ 139.478709200000026, 35.3662918 ] } },
{ "type": "Feature", "properties": { "内容": "デイ・リハスタジオ【居宅介護支援】神奈川県藤沢市藤沢226", "url": "https://www.kaigokensaku.mhlw.go.jp/14/index.php?action_kouhyou_detail_004_kani=true&JigyosyoCd=1472202215-00&ServiceCd=430&Type=search", "url2": "http://dayrehanet.wix.com/reha" }, "geometry": { "type": "Point", "coordinates": [ 139.454152, 35.41754 ] } },
{ "type": "Feature", "properties": { "内容": "ケアプランセンター育心【居宅介護支援】神奈川県藤沢市下土棚556-33", "url": "https://www.kaigokensaku.mhlw.go.jp/14/index.php?action_kouhyou_detail_004_kani=true&JigyosyoCd=1472202504-00&ServiceCd=430&Type=search", "url2": "http://www.ikusinreha.com" }, "geometry": { "type": "Point", "coordinates": [ 139.461609899999985, 35.4118965 ] } },
{ "type": "Feature", "properties": { "内容": "ケアプラン　たんぽぽ【居宅介護支援】神奈川県藤沢市羽鳥4-1-43ルピナス内", "url": "https://www.kaigokensaku.mhlw.go.jp/14/index.php?action_kouhyou_detail_004_kani=true&JigyosyoCd=1472203296-00&ServiceCd=430&Type=search", "url2": null }, "geometry": { "type": "Point", "coordinates": [ 139.45929150296277, 35.341549822689281 ] } },
{ "type": "Feature", "properties": { "内容": "エクセルシオール湘南台ケアサービス【居宅介護支援】神奈川県藤沢市円行２－８－３", "url": "https://www.kaigokensaku.mhlw.go.jp/14/index.php?action_kouhyou_detail_004_kani=true&JigyosyoCd=1472203429-00&ServiceCd=430&Type=search", "url2": "https://www.excelsior-shonandai.com/" }, "geometry": { "type": "Point", "coordinates": [ 139.459383077384928, 35.394991321160454 ] } },
{ "type": "Feature", "properties": { "内容": "居宅介護支援事業所　ケアプラン　ゆめの樹【居宅介護支援】神奈川県藤沢市大庭5067-12", "url": "https://www.kaigokensaku.mhlw.go.jp/14/index.php?action_kouhyou_detail_004_kani=true&JigyosyoCd=1472204153-00&ServiceCd=430&Type=search", "url2": null }, "geometry": { "type": "Point", "coordinates": [ 139.443919599999987, 35.3567983 ] } },
{ "type": "Feature", "properties": { "内容": "学研ココファン藤沢SST【居宅介護支援】神奈川県藤沢市辻堂元町6-17-1ココファン藤沢SST", "url": "https://www.kaigokensaku.mhlw.go.jp/14/index.php?action_kouhyou_detail_004_kani=true&JigyosyoCd=1472205309-00&ServiceCd=430&Type=search", "url2": "https://www.cocofump.co.jp/services/long-term_care_support/" }, "geometry": { "type": "Point", "coordinates": [ 139.463654365345292, 35.336604501775525 ] } },
{ "type": "Feature", "properties": { "内容": "クローバー居宅介護支援事業所【居宅介護支援】神奈川県藤沢市鵠沼神明3-1-1", "url": "https://www.kaigokensaku.mhlw.go.jp/14/index.php?action_kouhyou_detail_004_kani=true&JigyosyoCd=1472205358-00&ServiceCd=430&Type=search", "url2": "http://www.clover-villa.jp/" }, "geometry": { "type": "Point", "coordinates": [ 139.468961584655744, 35.338947639990451 ] } },
{ "type": "Feature", "properties": { "内容": "ココライフ介護サービス【居宅介護支援】神奈川県藤沢市南藤沢7-6クレスト藤沢202", "url": "https://www.kaigokensaku.mhlw.go.jp/14/index.php?action_kouhyou_detail_004_kani=true&JigyosyoCd=1472205390-00&ServiceCd=430&Type=search", "url2": "https://kokolife.co.jp" }, "geometry": { "type": "Point", "coordinates": [ 139.46526750000001, 35.334417800000011 ] } },
{ "type": "Feature", "properties": { "内容": "湘南慶育居宅介護支援事業所【居宅介護支援】神奈川県藤沢市稲荷1-9-40ライフケアガーデン湘南内", "url": "https://www.kaigokensaku.mhlw.go.jp/14/index.php?action_kouhyou_detail_004_kani=true&JigyosyoCd=1472206208-00&ServiceCd=430&Type=search", "url2": "https://keiiku-zaitaku.com/service/home-care-support/" }, "geometry": { "type": "Point", "coordinates": [ 139.466588099999967, 35.3524653 ] } },
{ "type": "Feature", "properties": { "内容": "ＳＯＭＰＯケア　湘南台　居宅介護支援【居宅介護支援】神奈川県藤沢市湘南台４丁目26番1号", "url": "https://www.kaigokensaku.mhlw.go.jp/14/index.php?action_kouhyou_detail_004_kani=true&JigyosyoCd=1472206281-00&ServiceCd=430&Type=search", "url2": "https://www.sompocare.com" }, "geometry": { "type": "Point", "coordinates": [ 139.463920899999948, 35.4015924 ] } },
{ "type": "Feature", "properties": { "内容": "ホームケア湘南藤沢【居宅介護支援】神奈川県藤沢市遠藤855-4", "url": "https://www.kaigokensaku.mhlw.go.jp/14/index.php?action_kouhyou_detail_004_kani=true&JigyosyoCd=1472206299-00&ServiceCd=430&Type=search", "url2": null }, "geometry": { "type": "Point", "coordinates": [ 139.437047900000039, 35.3751556 ] } },
{ "type": "Feature", "properties": { "内容": "サンライズ・ヴィラ藤沢六会　居宅介護支援センター【居宅介護支援】神奈川県藤沢市亀井野259-1", "url": "https://www.kaigokensaku.mhlw.go.jp/14/index.php?action_kouhyou_detail_004_kani=true&JigyosyoCd=1472206380-00&ServiceCd=430&Type=search", "url2": "https://www.like-cn.co.jp/" }, "geometry": { "type": "Point", "coordinates": [ 139.473012199999971, 35.3881304 ] } },
{ "type": "Feature", "properties": { "内容": "ツクイ藤沢羽鳥（居宅）【居宅介護支援】神奈川県藤沢市羽鳥3-17-22", "url": "https://www.kaigokensaku.mhlw.go.jp/14/index.php?action_kouhyou_detail_004_kani=true&JigyosyoCd=1472207487-00&ServiceCd=430&Type=search", "url2": "https://www.tsukui.net/" }, "geometry": { "type": "Point", "coordinates": [ 139.458240899999964, 35.3462293 ] } },
{ "type": "Feature", "properties": { "内容": "ケアプランセンター　涼風【居宅介護支援】神奈川県藤沢市長後1352-14", "url": "https://www.kaigokensaku.mhlw.go.jp/14/index.php?action_kouhyou_detail_004_kani=true&JigyosyoCd=1472207560-00&ServiceCd=430&Type=search", "url2": null }, "geometry": { "type": "Point", "coordinates": [ 139.466703617897423, 35.422003998937875 ] } },
{ "type": "Feature", "properties": { "内容": "介護の相談　「チャイム」【居宅介護支援】神奈川県藤沢市石川3-21-5シェトワ湘南Ⅱ201", "url": "https://www.kaigokensaku.mhlw.go.jp/14/index.php?action_kouhyou_detail_004_kani=true&JigyosyoCd=1472900867-00&ServiceCd=430&Type=search", "url2": null }, "geometry": { "type": "Point", "coordinates": [ 139.452754353859291, 35.375244999418967 ] } },
{ "type": "Feature", "properties": { "内容": "居宅介護支援センターあかり【居宅介護支援】神奈川県藤沢市湘南台5-37-14湘南台マンション21　202号室", "url": "https://www.kaigokensaku.mhlw.go.jp/14/index.php?action_kouhyou_detail_004_kani=true&JigyosyoCd=1472207362-00&ServiceCd=430&Type=search", "url2": null }, "geometry": { "type": "Point", "coordinates": [ 139.469519100000042, 35.404667500000031 ] } },
{ "type": "Feature", "properties": { "内容": "ケアパーク湘南台居宅介護支援センター【居宅介護支援】神奈川県藤沢市円行９９１番地", "url": "https://www.kaigokensaku.mhlw.go.jp/14/index.php?action_kouhyou_detail_004_kani=true&JigyosyoCd=1472201803-00&ServiceCd=430&Type=search", "url2": "http://www.muratakai.or.jp/cpark/index.html" }, "geometry": { "type": "Point", "coordinates": [ 139.460163200000039, 35.387060900000023 ] } },
{ "type": "Feature", "properties": { "内容": "へいあんホームケア藤沢【居宅介護支援】神奈川藤沢市亀井野3286", "url": "https://www.kaigokensaku.mhlw.go.jp/14/index.php?action_kouhyou_detail_004_kani=true&JigyosyoCd=1472202991-00&ServiceCd=430&Type=search", "url2": "https://heian-hc.jp/homecare" }, "geometry": { "type": "Point", "coordinates": [ 139.479678599999943, 35.3681944 ] } },
{ "type": "Feature", "properties": { "内容": "春風ケアステーション【居宅介護支援】神奈川県藤沢市本鵠沼2--2-20", "url": "https://www.kaigokensaku.mhlw.go.jp/14/index.php?action_kouhyou_detail_004_kani=true&JigyosyoCd=1472201662-00&ServiceCd=430&Type=search", "url2": null }, "geometry": { "type": "Point", "coordinates": [ 139.475491461988639, 35.333064621491985 ] } },
{ "type": "Feature", "properties": { "内容": "かさまケアマネージメント【居宅介護支援】神奈川県藤沢市藤沢３－６－１６ヘルスビル２F", "url": "https://www.kaigokensaku.mhlw.go.jp/14/index.php?action_kouhyou_detail_004_kani=true&JigyosyoCd=1472202728-00&ServiceCd=430&Type=search", "url2": null }, "geometry": { "type": "Point", "coordinates": [ 139.475282322684478, 35.349749098197833 ] } },
{ "type": "Feature", "properties": { "内容": "ケアプランセンター　草ほたる【居宅介護支援】神奈川県藤沢市本町２－７－１０マンション蔵１０１", "url": "https://www.kaigokensaku.mhlw.go.jp/14/index.php?action_kouhyou_detail_004_kani=true&JigyosyoCd=1472203999-00&ServiceCd=430&Type=search", "url2": null }, "geometry": { "type": "Point", "coordinates": [ 139.480315086806428, 35.342429603820243 ] } },
{ "type": "Feature", "properties": { "内容": "ケアプランセンター湘南片瀬【居宅介護支援】神奈川県藤沢市片瀬4−8−13−3", "url": "https://www.kaigokensaku.mhlw.go.jp/14/index.php?action_kouhyou_detail_004_kani=true&JigyosyoCd=1472207529-00&ServiceCd=430&Type=search", "url2": null }, "geometry": { "type": "Point", "coordinates": [ 139.4823476, 35.3162067 ] } },
{ "type": "Feature", "properties": { "内容": "ケアプランすみれ【居宅介護支援】神奈川県藤沢市藤沢3800", "url": "https://www.kaigokensaku.mhlw.go.jp/14/index.php?action_kouhyou_detail_004_kani=true&JigyosyoCd=1472207248-00&ServiceCd=430&Type=search", "url2": "https://www.kaigo-sumire.net/" }, "geometry": { "type": "Point", "coordinates": [ 139.4678336, 35.3662017 ] } },
{ "type": "Feature", "properties": { "内容": "ケアプラン相談室　りあん【居宅介護支援】神奈川県藤沢市石川３－２１－３０シェトワ湘南Ⅰ　２０１", "url": "https://www.kaigokensaku.mhlw.go.jp/14/index.php?action_kouhyou_detail_004_kani=true&JigyosyoCd=1472207743-00&ServiceCd=430&Type=search", "url2": null }, "geometry": { "type": "Point", "coordinates": [ 139.452481799999987, 35.3750976 ] } },
{ "type": "Feature", "properties": { "内容": "ケアプラン　美来【居宅介護支援】神奈川県小田原市扇町1-45-14若宮ハイツ203", "url": "https://www.kaigokensaku.mhlw.go.jp/14/index.php?action_kouhyou_detail_004_kani=true&JigyosyoCd=1472302585-00&ServiceCd=430&Type=search", "url2": null }, "geometry": { "type": "Point", "coordinates": [ 139.156380899999931, 35.268124700000016 ] } },
{ "type": "Feature", "properties": { "内容": "株式会社　ケア・サポート光【居宅介護支援】神奈川県小田原市蓮正寺470番地の136ロッキーホーム蓮正寺104", "url": "https://www.kaigokensaku.mhlw.go.jp/14/index.php?action_kouhyou_detail_004_kani=true&JigyosyoCd=1472301942-00&ServiceCd=430&Type=search", "url2": "http://hp.kaipoke.biz/cf3/index.html" }, "geometry": { "type": "Point", "coordinates": [ 139.156418799999983, 35.2853833 ] } },
{ "type": "Feature", "properties": { "内容": "スクオ居宅介護支援センター【居宅介護支援】神奈川県小田原市扇町１丁目１５番３号２F", "url": "https://www.kaigokensaku.mhlw.go.jp/14/index.php?action_kouhyou_detail_004_kani=true&JigyosyoCd=1472303989-00&ServiceCd=430&Type=search", "url2": "https://atcompany.jp/squo_saiyo/" }, "geometry": { "type": "Point", "coordinates": [ 139.1606688, 35.2631618 ] } },
{ "type": "Feature", "properties": { "内容": "小田原医師会訪問看護ステーション【居宅介護支援】神奈川県小田原市酒匂２－３２－１６小田原市保健センター", "url": "https://www.kaigokensaku.mhlw.go.jp/14/index.php?action_kouhyou_detail_004_kani=true&JigyosyoCd=1462390003-00&ServiceCd=430&Type=search", "url2": "https://www.odawara.kanagawa.med.or.jp/houkan/" }, "geometry": { "type": "Point", "coordinates": [ 139.184910899999977, 35.2685032 ] } },
{ "type": "Feature", "properties": { "内容": "山近記念総合病院居宅介護支援事業所【居宅介護支援】神奈川県小田原市小八幡３－６－２２", "url": "https://www.kaigokensaku.mhlw.go.jp/14/index.php?action_kouhyou_detail_004_kani=true&JigyosyoCd=1462390037-00&ServiceCd=430&Type=search", "url2": "https://www.yamachika-hp.jp/about/kanren.php" }, "geometry": { "type": "Point", "coordinates": [ 139.201386100000036, 35.2764106 ] } },
{ "type": "Feature", "properties": { "内容": "早川高齢者ふれあいセンター【居宅介護支援】神奈川県小田原市早川853番地", "url": "https://www.kaigokensaku.mhlw.go.jp/14/index.php?action_kouhyou_detail_004_kani=true&JigyosyoCd=1472300027-00&ServiceCd=430&Type=search", "url2": "http://www.seisyou.or.jp" }, "geometry": { "type": "Point", "coordinates": [ 139.14427337672123, 35.23922982812558 ] } },
{ "type": "Feature", "properties": { "内容": "ルビーセンター【居宅介護支援】神奈川県小田原市曽我光海２番１", "url": "https://www.kaigokensaku.mhlw.go.jp/14/index.php?action_kouhyou_detail_004_kani=true&JigyosyoCd=1472300050-00&ServiceCd=430&Type=search", "url2": "https://rubyhome.or.jp/" }, "geometry": { "type": "Point", "coordinates": [ 139.181912099999977, 35.3001985 ] } },
{ "type": "Feature", "properties": { "内容": "陽光の園　介護サ－ビスセンタ－【居宅介護支援】神奈川県小田原市入生田４７５番地", "url": "https://www.kaigokensaku.mhlw.go.jp/14/index.php?action_kouhyou_detail_004_kani=true&JigyosyoCd=1472300068-00&ServiceCd=430&Type=search", "url2": "https://kanagawa-koureikyo.or.jp/tyoujyu/youkou/kyotaku/index.html" }, "geometry": { "type": "Point", "coordinates": [ 139.118094338761921, 35.241980437977325 ] } },
{ "type": "Feature", "properties": { "内容": "前田介護相談所【居宅介護支援】神奈川県小田原市東町2-5-9", "url": "https://www.kaigokensaku.mhlw.go.jp/14/index.php?action_kouhyou_detail_004_kani=true&JigyosyoCd=1472300084-00&ServiceCd=430&Type=search", "url2": "https://www.maedakaigo.jp/" }, "geometry": { "type": "Point", "coordinates": [ 139.17416860000003, 35.257068 ] } },
{ "type": "Feature", "properties": { "内容": "ジョイアスらいふケアセンター【居宅介護支援】神奈川県小田原市小船213番地1", "url": "https://www.kaigokensaku.mhlw.go.jp/14/index.php?action_kouhyou_detail_004_kani=true&JigyosyoCd=1472300092-00&ServiceCd=430&Type=search", "url2": "http://www.sakimura-group.com/carelifecenter/" }, "geometry": { "type": "Point", "coordinates": [ 139.220532300000059, 35.3018827 ] } },
{ "type": "Feature", "properties": { "内容": "小田原市鴨宮ケアセンター【居宅介護支援】神奈川県小田原市南鴨宮2-27-19", "url": "https://www.kaigokensaku.mhlw.go.jp/14/index.php?action_kouhyou_detail_004_kani=true&JigyosyoCd=1472300217-00&ServiceCd=430&Type=search", "url2": "https://junseien.jp" }, "geometry": { "type": "Point", "coordinates": [ 139.17744760000005, 35.2715193 ] } },
{ "type": "Feature", "properties": { "内容": "有限会社　シェイクハンズ【居宅介護支援】神奈川県小田原市東町１－３０－３５", "url": "https://www.kaigokensaku.mhlw.go.jp/14/index.php?action_kouhyou_detail_004_kani=true&JigyosyoCd=1472300316-00&ServiceCd=430&Type=search", "url2": null }, "geometry": { "type": "Point", "coordinates": [ 139.170680100000027, 35.256193 ] } },
{ "type": "Feature", "properties": { "内容": "トゥ・スマイルケアセンター【居宅介護支援】神奈川県小田原市曽比2840番地の1", "url": "https://www.kaigokensaku.mhlw.go.jp/14/index.php?action_kouhyou_detail_004_kani=true&JigyosyoCd=1472300423-00&ServiceCd=430&Type=search", "url2": null }, "geometry": { "type": "Point", "coordinates": [ 139.132972500000022, 35.3186249 ] } },
{ "type": "Feature", "properties": { "内容": "オギクボ薬局介護支援センター【居宅介護支援】神奈川県小田原市城山2‐3‐1城山コーポラス201号室", "url": "https://www.kaigokensaku.mhlw.go.jp/14/index.php?action_kouhyou_detail_004_kani=true&JigyosyoCd=1472300464-00&ServiceCd=430&Type=search", "url2": null }, "geometry": { "type": "Point", "coordinates": [ 139.152411257382539, 35.257372153027035 ] } },
{ "type": "Feature", "properties": { "内容": "居宅介護支援事業所　“悠久”【居宅介護支援】神奈川県小田原市成田462番地1", "url": "https://www.kaigokensaku.mhlw.go.jp/14/index.php?action_kouhyou_detail_004_kani=true&JigyosyoCd=1472301454-00&ServiceCd=430&Type=search", "url2": "http://yuukyuu-odawara.jp/in_home_care.html" }, "geometry": { "type": "Point", "coordinates": [ 139.168563204476868, 35.291008465420909 ] } },
{ "type": "Feature", "properties": { "内容": "へいあんホームケア小田原【居宅介護支援】神奈川県小田原市矢作5-1", "url": "https://www.kaigokensaku.mhlw.go.jp/14/index.php?action_kouhyou_detail_004_kani=true&JigyosyoCd=1472301512-00&ServiceCd=430&Type=search", "url2": "http://www.heian-homecare.jp/" }, "geometry": { "type": "Point", "coordinates": [ 139.181674199999946, 35.28274 ] } },
{ "type": "Feature", "properties": { "内容": "ケアプラン　フラワー【居宅介護支援】神奈川県小田原市板橋712", "url": "https://www.kaigokensaku.mhlw.go.jp/14/index.php?action_kouhyou_detail_004_kani=true&JigyosyoCd=1472301835-00&ServiceCd=430&Type=search", "url2": null }, "geometry": { "type": "Point", "coordinates": [ 139.147255299999983, 35.246652 ] } },
{ "type": "Feature", "properties": { "内容": "ＮＰＯ法人　ぽっかぽか【居宅介護支援】神奈川県小田原市小竹662-3", "url": "https://www.kaigokensaku.mhlw.go.jp/14/index.php?action_kouhyou_detail_004_kani=true&JigyosyoCd=1472302486-00&ServiceCd=430&Type=search", "url2": null }, "geometry": { "type": "Point", "coordinates": [ 20.024946799999952, 60.0894548 ] } },
{ "type": "Feature", "properties": { "内容": "しきさい館【居宅介護支援】神奈川県小田原市高田680-2", "url": "https://www.kaigokensaku.mhlw.go.jp/14/index.php?action_kouhyou_detail_004_kani=true&JigyosyoCd=1472302841-00&ServiceCd=430&Type=search", "url2": null }, "geometry": { "type": "Point", "coordinates": [ 139.188859368327229, 35.293585802256345 ] } },
{ "type": "Feature", "properties": { "内容": "潤生園れんげの里ケアマネジメントセンター【居宅介護支援】神奈川県小田原市蓮正寺997－1", "url": "https://www.kaigokensaku.mhlw.go.jp/14/index.php?action_kouhyou_detail_004_kani=true&JigyosyoCd=1472303278-00&ServiceCd=430&Type=search", "url2": "http://www.junseien.jp" }, "geometry": { "type": "Point", "coordinates": [ 139.148525100000029, 35.2848331 ] } },
{ "type": "Feature", "properties": { "内容": "ラシークケア【居宅介護支援】神奈川県小田原市栢山593メゾン栢山102", "url": "https://www.kaigokensaku.mhlw.go.jp/14/index.php?action_kouhyou_detail_004_kani=true&JigyosyoCd=1472303302-00&ServiceCd=430&Type=search", "url2": null }, "geometry": { "type": "Point", "coordinates": [ 139.1484931, 35.3095072 ] } },
{ "type": "Feature", "properties": { "内容": "居宅介護支援事業所　ケアプラン　つながり【居宅介護支援】神奈川県小田原市栄町3-20-10", "url": "https://www.kaigokensaku.mhlw.go.jp/14/index.php?action_kouhyou_detail_004_kani=true&JigyosyoCd=1472303377-00&ServiceCd=430&Type=search", "url2": "https://konofuku.co.jp/index.html" }, "geometry": { "type": "Point", "coordinates": [ 139.160417100000018, 35.2597563 ] } },
{ "type": "Feature", "properties": { "内容": "居宅介護支援事業所　リッチライト【居宅介護支援】神奈川県小田原市曽我大沢１２０－１", "url": "https://www.kaigokensaku.mhlw.go.jp/14/index.php?action_kouhyou_detail_004_kani=true&JigyosyoCd=1472303526-00&ServiceCd=430&Type=search", "url2": "http://www.richlight.jp" }, "geometry": { "type": "Point", "coordinates": [ 139.167757, 35.31989260000001 ] } },
{ "type": "Feature", "properties": { "内容": "ケアプラン　ドリーミン【居宅介護支援】神奈川県小田原市中新田269-4", "url": "https://www.kaigokensaku.mhlw.go.jp/14/index.php?action_kouhyou_detail_004_kani=true&JigyosyoCd=1472303625-00&ServiceCd=430&Type=search", "url2": "http://hp.kaipoke.biz/c8u/" }, "geometry": { "type": "Point", "coordinates": [ 139.1678756, 35.2739078 ] } },
{ "type": "Feature", "properties": { "内容": "ツクイ小田原【居宅介護支援】神奈川県小田原市飯泉1432-1", "url": "https://www.kaigokensaku.mhlw.go.jp/14/index.php?action_kouhyou_detail_004_kani=true&JigyosyoCd=1472303658-00&ServiceCd=430&Type=search", "url2": "https://www.tsukui.net/home-care/2012/" }, "geometry": { "type": "Point", "coordinates": [ 139.164490152778626, 35.282347360200504 ] } },
{ "type": "Feature", "properties": { "内容": "小田原・あおいホームケアサービス【居宅介護支援】神奈川県小田原市曽比字前河原1350", "url": "https://www.kaigokensaku.mhlw.go.jp/14/index.php?action_kouhyou_detail_004_kani=true&JigyosyoCd=1472303773-00&ServiceCd=430&Type=search", "url2": "https://www.aoikai.jp/odawara/" }, "geometry": { "type": "Point", "coordinates": [ 139.1365204, 35.3178867 ] } },
{ "type": "Feature", "properties": { "内容": "介護支援センターゆい小田原【居宅介護支援】神奈川県小田原市久野13-1職員寮101号室", "url": "https://www.kaigokensaku.mhlw.go.jp/14/index.php?action_kouhyou_detail_004_kani=true&JigyosyoCd=1472303799-00&ServiceCd=430&Type=search", "url2": "https://www.kenseikai-group.or.jp/facility/k-yuiodawara/" }, "geometry": { "type": "Point", "coordinates": [ 139.154750056483465, 35.266441321772639 ] } },
{ "type": "Feature", "properties": { "内容": "居宅介護支援　がじゅまるの木【居宅介護支援】神奈川県小田原市久野1654番地の10", "url": "https://www.kaigokensaku.mhlw.go.jp/14/index.php?action_kouhyou_detail_004_kani=true&JigyosyoCd=1472303831-00&ServiceCd=430&Type=search", "url2": null }, "geometry": { "type": "Point", "coordinates": [ 139.137742800000012, 35.2703157 ] } },
{ "type": "Feature", "properties": { "内容": "ぱーそんらいふ居宅介護支援事業所【居宅介護支援】神奈川県小田原市栢山４０４－１", "url": "https://www.kaigokensaku.mhlw.go.jp/14/index.php?action_kouhyou_detail_004_kani=true&JigyosyoCd=1472303997-00&ServiceCd=430&Type=search", "url2": null }, "geometry": { "type": "Point", "coordinates": [ 139.1441204, 35.3105696 ] } },
{ "type": "Feature", "properties": { "内容": "ニチイケアセンターおだわら【居宅介護支援】神奈川県小田原市曽比3170-2", "url": "https://www.kaigokensaku.mhlw.go.jp/14/index.php?action_kouhyou_detail_004_kani=true&JigyosyoCd=1472300597-00&ServiceCd=430&Type=search", "url2": "https://www.nichii-kaigo.jp/base/base-result/05D44/" }, "geometry": { "type": "Point", "coordinates": [ 139.135024899999962, 35.3096401 ] } },
{ "type": "Feature", "properties": { "内容": "株式会社　エイチ・エス・エー居宅介護支援センター【居宅介護支援】神奈川県小田原市扇町5-11-21", "url": "https://www.kaigokensaku.mhlw.go.jp/14/index.php?action_kouhyou_detail_004_kani=true&JigyosyoCd=1472300605-00&ServiceCd=430&Type=search", "url2": "http://www.hsa-w.co.jp" }, "geometry": { "type": "Point", "coordinates": [ 139.155075099999976, 35.2758013 ] } },
{ "type": "Feature", "properties": { "内容": "歩歩　居宅介護支援事業所【居宅介護支援】神奈川県小田原市柳新田５０－３やぎゅうビル２階", "url": "https://www.kaigokensaku.mhlw.go.jp/14/index.php?action_kouhyou_detail_004_kani=true&JigyosyoCd=1472301181-00&ServiceCd=430&Type=search", "url2": "https://popo-huerusi.com" }, "geometry": { "type": "Point", "coordinates": [ 139.1408391, 35.2949147 ] } },
{ "type": "Feature", "properties": { "内容": "社会福祉士事務所　あしすと【居宅介護支援】神奈川県小田原市酒匂5-4-18-13", "url": "https://www.kaigokensaku.mhlw.go.jp/14/index.php?action_kouhyou_detail_004_kani=true&JigyosyoCd=1472301256-00&ServiceCd=430&Type=search", "url2": "https://asisut.jp/#kyotaku" }, "geometry": { "type": "Point", "coordinates": [ 139.190723444607556, 35.267648817292688 ] } },
{ "type": "Feature", "properties": { "内容": "もみの木居宅介護支援事業所【居宅介護支援】神奈川県小田原市蓮正寺132-8", "url": "https://www.kaigokensaku.mhlw.go.jp/14/index.php?action_kouhyou_detail_004_kani=true&JigyosyoCd=1472302304-00&ServiceCd=430&Type=search", "url2": null }, "geometry": { "type": "Point", "coordinates": [ 139.150171428517694, 35.28823633755885 ] } },
{ "type": "Feature", "properties": { "内容": "あいわ　さくら館【居宅介護支援】神奈川県小田原市西酒匂1-3-11", "url": "https://www.kaigokensaku.mhlw.go.jp/14/index.php?action_kouhyou_detail_004_kani=true&JigyosyoCd=1472303096-00&ServiceCd=430&Type=search", "url2": "https://aiwa-kaigo.jimdo.com" }, "geometry": { "type": "Point", "coordinates": [ 139.181839200000013, 35.2661145 ] } },
{ "type": "Feature", "properties": { "内容": "ニコニコプラン【居宅介護支援】神奈川県小田原市栢山152-1", "url": "https://www.kaigokensaku.mhlw.go.jp/14/index.php?action_kouhyou_detail_004_kani=true&JigyosyoCd=1472303237-00&ServiceCd=430&Type=search", "url2": "https://life-serve.com/" }, "geometry": { "type": "Point", "coordinates": [ 139.1460376, 35.31274 ] } },
{ "type": "Feature", "properties": { "内容": "ほたるだ居宅介護支援事業所【居宅介護支援】神奈川県小田原市飯田岡95番地フォンテーヌ102号", "url": "https://www.kaigokensaku.mhlw.go.jp/14/index.php?action_kouhyou_detail_004_kani=true&JigyosyoCd=1472303294-00&ServiceCd=430&Type=search", "url2": "https://taka75.wixsite.com/hotarudahoumon" }, "geometry": { "type": "Point", "coordinates": [ 139.147308100000032, 35.2927513 ] } },
{ "type": "Feature", "properties": { "内容": "あすなろ治療院居宅介護支援事業所【居宅介護支援】神奈川県小田原市国府津2474-1", "url": "https://www.kaigokensaku.mhlw.go.jp/14/index.php?action_kouhyou_detail_004_kani=true&JigyosyoCd=1472303450-00&ServiceCd=430&Type=search", "url2": null }, "geometry": { "type": "Point", "coordinates": [ 139.204324400000019, 35.2816127 ] } },
{ "type": "Feature", "properties": { "内容": "居宅介護支援事業所れもんケアステーション【居宅介護支援】神奈川県小田原市千代471-1", "url": "https://www.kaigokensaku.mhlw.go.jp/14/index.php?action_kouhyou_detail_004_kani=true&JigyosyoCd=1472303484-00&ServiceCd=430&Type=search", "url2": "http://www.amical-s.jp/" }, "geometry": { "type": "Point", "coordinates": [ 139.179013400000031, 35.2989667 ] } },
{ "type": "Feature", "properties": { "内容": "ケアプランセンターナースの森小田原【居宅介護支援】神奈川県小田原市前川177-6", "url": "https://www.kaigokensaku.mhlw.go.jp/14/index.php?action_kouhyou_detail_004_kani=true&JigyosyoCd=1472303930-00&ServiceCd=430&Type=search", "url2": "https://na-sunomori.jp" }, "geometry": { "type": "Point", "coordinates": [ 139.190229609839093, 35.28050298541708 ] } },
{ "type": "Feature", "properties": { "内容": "小田原居宅介護支援センター【居宅介護支援】神奈川県小田原市国府津2521-1飯塚商事ビル2F", "url": "https://www.kaigokensaku.mhlw.go.jp/14/index.php?action_kouhyou_detail_004_kani=true&JigyosyoCd=1472303948-00&ServiceCd=430&Type=search", "url2": null }, "geometry": { "type": "Point", "coordinates": [ 139.2029071, 35.2800727 ] } },
{ "type": "Feature", "properties": { "内容": "アクアマリン居宅介護支援事業所【居宅介護支援】神奈川県小田原市北ノ窪382-1", "url": "https://www.kaigokensaku.mhlw.go.jp/14/index.php?action_kouhyou_detail_004_kani=true&JigyosyoCd=1472302973-00&ServiceCd=430&Type=search", "url2": "http://kirarashounan.co.jp/kirara" }, "geometry": { "type": "Point", "coordinates": [ 139.134081154570083, 35.290652066811035 ] } },
{ "type": "Feature", "properties": { "内容": "居宅介護支援事業所　こあじさし【居宅介護支援】神奈川県小田原市南鴨宮3-19-13", "url": "https://www.kaigokensaku.mhlw.go.jp/14/index.php?action_kouhyou_detail_004_kani=true&JigyosyoCd=1472303310-00&ServiceCd=430&Type=search", "url2": "http://shofukai.or.jp/koajisashi.html" }, "geometry": { "type": "Point", "coordinates": [ 139.181353618524099, 35.272201370613594 ] } },
{ "type": "Feature", "properties": { "内容": "みのり【居宅介護支援】神奈川県茅ヶ崎市甘沼993-2", "url": "https://www.kaigokensaku.mhlw.go.jp/14/index.php?action_kouhyou_detail_004_kani=true&JigyosyoCd=1472403375-00&ServiceCd=430&Type=search", "url2": null }, "geometry": { "type": "Point", "coordinates": [ 139.411034, 35.3549843 ] } },
{ "type": "Feature", "properties": { "内容": "ニッショウ　ケアマネステーション【居宅介護支援】茅ヶ崎市高田4-24-30", "url": "https://www.kaigokensaku.mhlw.go.jp/14/index.php?action_kouhyou_detail_004_kani=true&JigyosyoCd=1472403482-00&ServiceCd=430&Type=search", "url2": "https://www.nissho-inc.com/" }, "geometry": { "type": "Point", "coordinates": [ 139.4126025, 35.340816 ] } },
{ "type": "Feature", "properties": { "内容": "茅ケ崎新北陵病院【居宅介護支援】神奈川県茅ケ崎市行谷583-1", "url": "https://www.kaigokensaku.mhlw.go.jp/14/index.php?action_kouhyou_detail_004_kani=true&JigyosyoCd=1412401610-00&ServiceCd=430&Type=search", "url2": "http://www.fureai-g.or.jp/hokuryou/" }, "geometry": { "type": "Point", "coordinates": [ 139.412818199999947, 35.3687605 ] } },
{ "type": "Feature", "properties": { "内容": "社会福祉法人　麗寿会　ふれあいの森【居宅介護支援】神奈川県茅ケ崎市下寺尾１９２８", "url": "https://www.kaigokensaku.mhlw.go.jp/14/index.php?action_kouhyou_detail_004_kani=true&JigyosyoCd=1472400033-00&ServiceCd=430&Type=search", "url2": "https://www.reijukai.or.jp/" }, "geometry": { "type": "Point", "coordinates": [ 139.4105988, 35.3649554 ] } },
{ "type": "Feature", "properties": { "内容": "居宅介護支援センターアザリアホーム【居宅介護支援】神奈川県茅ケ崎市堤691", "url": "https://www.kaigokensaku.mhlw.go.jp/14/index.php?action_kouhyou_detail_004_kani=true&JigyosyoCd=1472400058-00&ServiceCd=430&Type=search", "url2": "http://www.azariahome.com/top.html" }, "geometry": { "type": "Point", "coordinates": [ 139.428512100000034, 35.3639455 ] } },
{ "type": "Feature", "properties": { "内容": "居宅介護支援センター松林【居宅介護支援】神奈川県茅ケ崎市松林3-9-28", "url": "https://www.kaigokensaku.mhlw.go.jp/14/index.php?action_kouhyou_detail_004_kani=true&JigyosyoCd=1472400074-00&ServiceCd=430&Type=search", "url2": "https://www.chigasaki-keijukai.com/shorin/" }, "geometry": { "type": "Point", "coordinates": [ 139.426828800000067, 35.3461757 ] } },
{ "type": "Feature", "properties": { "内容": "居宅介護支援センターふれあい北口ケアセンター【居宅介護支援】神奈川県茅ケ崎市茅ケ崎二丁目1番38号ソシエ弐番館206", "url": "https://www.kaigokensaku.mhlw.go.jp/14/index.php?action_kouhyou_detail_004_kani=true&JigyosyoCd=1472400132-00&ServiceCd=430&Type=search", "url2": "http://www.fureai-g.or.jp/kitaguchi-care/" }, "geometry": { "type": "Point", "coordinates": [ 139.406574135720803, 35.333815769518473 ] } },
{ "type": "Feature", "properties": { "内容": "医療法人徳洲会　茅ヶ崎徳洲会駅前介護センター【居宅介護支援】神奈川県茅ヶ崎市幸町14-1", "url": "https://www.kaigokensaku.mhlw.go.jp/14/index.php?action_kouhyou_detail_004_kani=true&JigyosyoCd=1472400223-00&ServiceCd=430&Type=search", "url2": "https://www.chigasakitokushukai.jp/about/relation/chigasaki-care-center/" }, "geometry": { "type": "Point", "coordinates": [ 139.41262541736603, 35.330895560899407 ] } },
{ "type": "Feature", "properties": { "内容": "元町ケアセンター【居宅介護支援】神奈川県茅ケ崎市元町10-33", "url": "https://www.kaigokensaku.mhlw.go.jp/14/index.php?action_kouhyou_detail_004_kani=true&JigyosyoCd=1472400512-00&ServiceCd=430&Type=search", "url2": "http://www.reijukai.or.jp/" }, "geometry": { "type": "Point", "coordinates": [ 139.4097799, 35.3331988 ] } },
{ "type": "Feature", "properties": { "内容": "翔の会　萩園ケアセンター居宅介護支援【居宅介護支援】神奈川県茅ケ崎市萩園1215-4", "url": "https://www.kaigokensaku.mhlw.go.jp/14/index.php?action_kouhyou_detail_004_kani=true&JigyosyoCd=1472400520-00&ServiceCd=430&Type=search", "url2": "https://www.syonokai.jp/sisetu/hagizono-carecenter.html" }, "geometry": { "type": "Point", "coordinates": [ 139.378401100000019, 35.3449791 ] } },
{ "type": "Feature", "properties": { "内容": "ハッピーハッピー茅ヶ崎【居宅介護支援】神奈川県茅ケ崎市今宿５８９ー２７", "url": "https://www.kaigokensaku.mhlw.go.jp/14/index.php?action_kouhyou_detail_004_kani=true&JigyosyoCd=1472401080-00&ServiceCd=430&Type=search", "url2": "http://www.8py8py.com" }, "geometry": { "type": "Point", "coordinates": [ 139.382409279926264, 35.335875529312581 ] } },
{ "type": "Feature", "properties": { "内容": "ケアサポート福寿草【居宅介護支援】神奈川県茅ケ崎市萩園２１１４－７９", "url": "https://www.kaigokensaku.mhlw.go.jp/14/index.php?action_kouhyou_detail_004_kani=true&JigyosyoCd=1472401148-00&ServiceCd=430&Type=search", "url2": "http://www.fukujuso6685.com" }, "geometry": { "type": "Point", "coordinates": [ 139.385145, 35.3411492 ] } },
{ "type": "Feature", "properties": { "内容": "社会福祉法人慶寿会　平和町介護サービスセンター【居宅介護支援】神奈川県茅ヶ崎市松が丘1-7-34ZEN茅ヶ崎2階", "url": "https://www.kaigokensaku.mhlw.go.jp/14/index.php?action_kouhyou_detail_004_kani=true&JigyosyoCd=1472401254-00&ServiceCd=430&Type=search", "url2": "http://chigasaki-keijukai.com/heiwacho/" }, "geometry": { "type": "Point", "coordinates": [ 139.420272063195512, 35.325282687420241 ] } },
{ "type": "Feature", "properties": { "内容": "日本福祉相談所【居宅介護支援】神奈川県茅ケ崎市南湖５丁目１８番４６号", "url": "https://www.kaigokensaku.mhlw.go.jp/14/index.php?action_kouhyou_detail_004_kani=true&JigyosyoCd=1472401262-00&ServiceCd=430&Type=search", "url2": null }, "geometry": { "type": "Point", "coordinates": [ 139.390156976196295, 35.323352173645681 ] } },
{ "type": "Feature", "properties": { "内容": "セントケア茅ケ崎【居宅介護支援】神奈川県茅ケ崎市共恵1-16-16", "url": "https://www.kaigokensaku.mhlw.go.jp/14/index.php?action_kouhyou_detail_004_kani=true&JigyosyoCd=1472401502-00&ServiceCd=430&Type=search", "url2": "http://www.saintc-k.com/" }, "geometry": { "type": "Point", "coordinates": [ 139.398869900000022, 35.326549 ] } },
{ "type": "Feature", "properties": { "内容": "へいあんホームケア茅ヶ崎【居宅介護支援】神奈川県茅ヶ崎市小和田3-3-25", "url": "https://www.kaigokensaku.mhlw.go.jp/14/index.php?action_kouhyou_detail_004_kani=true&JigyosyoCd=1472401619-00&ServiceCd=430&Type=search", "url2": null }, "geometry": { "type": "Point", "coordinates": [ 139.437659599999989, 35.342576 ] } },
{ "type": "Feature", "properties": { "内容": "居宅介護支援事業所さくら倶楽部【居宅介護支援】神奈川県茅ヶ崎市甘沼668-5番地", "url": "https://www.kaigokensaku.mhlw.go.jp/14/index.php?action_kouhyou_detail_004_kani=true&JigyosyoCd=1472401627-00&ServiceCd=430&Type=search", "url2": null }, "geometry": { "type": "Point", "coordinates": [ 139.413237363997268, 35.351577402123368 ] } },
{ "type": "Feature", "properties": { "内容": "MIKOMA湘南【居宅介護支援】神奈川県茅ヶ崎市中島110-1", "url": "https://www.kaigokensaku.mhlw.go.jp/14/index.php?action_kouhyou_detail_004_kani=true&JigyosyoCd=1472402609-00&ServiceCd=430&Type=search", "url2": null }, "geometry": { "type": "Point", "coordinates": [ 139.371668799999952, 35.334417556121998 ] } },
{ "type": "Feature", "properties": { "内容": "介護相談室　一歩【居宅介護支援】神奈川県茅ケ崎市東海岸南6-2-13", "url": "https://www.kaigokensaku.mhlw.go.jp/14/index.php?action_kouhyou_detail_004_kani=true&JigyosyoCd=1472402922-00&ServiceCd=430&Type=search", "url2": "https://www.ayumi-ippo.jp" }, "geometry": { "type": "Point", "coordinates": [ 139.416294099999959, 35.3218364 ] } },
{ "type": "Feature", "properties": { "内容": "訪問介護かえで茅ケ崎サービスセンター【居宅介護支援】神奈川県茅ケ崎市本村1-9-6ベルカーサ本村A号室", "url": "https://www.kaigokensaku.mhlw.go.jp/14/index.php?action_kouhyou_detail_004_kani=true&JigyosyoCd=1472403003-00&ServiceCd=430&Type=search", "url2": "http://www.elderly.jp/" }, "geometry": { "type": "Point", "coordinates": [ 139.411599600000045, 35.3334024 ] } },
{ "type": "Feature", "properties": { "内容": "株式会社木下の介護茅ケ崎居宅介護支援事業所【居宅介護支援】神奈川県茅ヶ崎市本村4-3-34株式会社木下の介護リアンレーヴ茅ケ崎", "url": "https://www.kaigokensaku.mhlw.go.jp/14/index.php?action_kouhyou_detail_004_kani=true&JigyosyoCd=1472403045-00&ServiceCd=430&Type=search", "url2": null }, "geometry": { "type": "Point", "coordinates": [ 139.412344100000041, 35.3361459 ] } },
{ "type": "Feature", "properties": { "内容": "ツクイ茅ヶ崎室田【居宅介護支援】神奈川県茅ケ崎市室田2-14-12", "url": "https://www.kaigokensaku.mhlw.go.jp/14/index.php?action_kouhyou_detail_004_kani=true&JigyosyoCd=1472403136-00&ServiceCd=430&Type=search", "url2": "https://www.tsukui.net/" }, "geometry": { "type": "Point", "coordinates": [ 139.4205772, 35.3428633 ] } },
{ "type": "Feature", "properties": { "内容": "居宅介護支援センターまつぼっくり【居宅介護支援】神奈川県茅ケ崎市白浜町１番３－３５号2階", "url": "https://www.kaigokensaku.mhlw.go.jp/14/index.php?action_kouhyou_detail_004_kani=true&JigyosyoCd=1472403219-00&ServiceCd=430&Type=search", "url2": null }, "geometry": { "type": "Point", "coordinates": [ 139.421682800000013, 35.320283 ] } },
{ "type": "Feature", "properties": { "内容": "居宅介護支援事業所　ここふる【居宅介護支援】神奈川県茅ヶ崎市香川5－4－24コミュニティ香川　Ｂ棟2階", "url": "https://www.kaigokensaku.mhlw.go.jp/14/index.php?action_kouhyou_detail_004_kani=true&JigyosyoCd=1472403276-00&ServiceCd=430&Type=search", "url2": null }, "geometry": { "type": "Point", "coordinates": [ 139.3987798, 35.3569623 ] } },
{ "type": "Feature", "properties": { "内容": "長岡病院介護支援センター【居宅介護支援】神奈川県茅ケ崎市赤羽根3685", "url": "https://www.kaigokensaku.mhlw.go.jp/14/index.php?action_kouhyou_detail_004_kani=true&JigyosyoCd=1412401551-00&ServiceCd=430&Type=search", "url2": "http://www.nagaoka-hp.com/" }, "geometry": { "type": "Point", "coordinates": [ 139.43384869999997, 35.3529997 ] } },
{ "type": "Feature", "properties": { "内容": "湘南東部総合病院【居宅介護支援】神奈川県茅ケ崎市西久保500", "url": "https://www.kaigokensaku.mhlw.go.jp/14/index.php?action_kouhyou_detail_004_kani=true&JigyosyoCd=1412402501-00&ServiceCd=430&Type=search", "url2": "https://fg-sthp.jp/department/homecare-support/" }, "geometry": { "type": "Point", "coordinates": [ 139.392205500000046, 35.3474125 ] } },
{ "type": "Feature", "properties": { "内容": "きずな訪問看護ステーション【居宅介護支援】神奈川県茅ヶ崎市萩園2349番15", "url": "https://www.kaigokensaku.mhlw.go.jp/14/index.php?action_kouhyou_detail_004_kani=true&JigyosyoCd=1462490068-00&ServiceCd=430&Type=search", "url2": null }, "geometry": { "type": "Point", "coordinates": [ 139.382745300000011, 35.3381996 ] } },
{ "type": "Feature", "properties": { "内容": "特別養護老人ホーム　湘南ベルサイド【居宅介護支援】神奈川県茅ケ崎市中島７３６－１", "url": "https://www.kaigokensaku.mhlw.go.jp/14/index.php?action_kouhyou_detail_004_kani=true&JigyosyoCd=1472400439-00&ServiceCd=430&Type=search", "url2": "http://www.bellside.or.jp" }, "geometry": { "type": "Point", "coordinates": [ 139.372466199999963, 35.3285255 ] } },
{ "type": "Feature", "properties": { "内容": "有限会社　南湖サーボ【居宅介護支援】神奈川県茅ケ崎市南湖7-12984博修館", "url": "https://www.kaigokensaku.mhlw.go.jp/14/index.php?action_kouhyou_detail_004_kani=true&JigyosyoCd=1472400454-00&ServiceCd=430&Type=search", "url2": null }, "geometry": { "type": "Point", "coordinates": [ 139.389983299089096, 35.318896621185026 ] } },
{ "type": "Feature", "properties": { "内容": "ＮＰＯ法人　ワーカーズ　一心【居宅介護支援】神奈川県茅ケ崎市十間坂2-2-33", "url": "https://www.kaigokensaku.mhlw.go.jp/14/index.php?action_kouhyou_detail_004_kani=true&JigyosyoCd=1472400686-00&ServiceCd=430&Type=search", "url2": "https://www.wco-issin.jp/" }, "geometry": { "type": "Point", "coordinates": [ 139.396467042436257, 35.329522645196462 ] } },
{ "type": "Feature", "properties": { "内容": "香川在宅介護よろず相談所　結【居宅介護支援】神奈川県茅ケ崎市香川５－４－２４", "url": "https://www.kaigokensaku.mhlw.go.jp/14/index.php?action_kouhyou_detail_004_kani=true&JigyosyoCd=1472400835-00&ServiceCd=430&Type=search", "url2": "https://www.yui-web.net/" }, "geometry": { "type": "Point", "coordinates": [ 139.398733762716546, 35.356962090623099 ] } },
{ "type": "Feature", "properties": { "内容": "生活リハビリクラブ茅ヶ崎【居宅介護支援】神奈川県茅ケ崎市茅ケ崎234-1", "url": "https://www.kaigokensaku.mhlw.go.jp/14/index.php?action_kouhyou_detail_004_kani=true&JigyosyoCd=1472400892-00&ServiceCd=430&Type=search", "url2": "https://kanagawa.seikatsuclub.coop/" }, "geometry": { "type": "Point", "coordinates": [ 139.409554699999944, 35.3400063 ] } },
{ "type": "Feature", "properties": { "内容": "いきいき【居宅介護支援】神奈川県茅ヶ崎市本村4-19-48", "url": "https://www.kaigokensaku.mhlw.go.jp/14/index.php?action_kouhyou_detail_004_kani=true&JigyosyoCd=1472400900-00&ServiceCd=430&Type=search", "url2": "https://funlife-inc.jp/careplan/" }, "geometry": { "type": "Point", "coordinates": [ 139.413237799999933, 35.3364376 ] } },
{ "type": "Feature", "properties": { "内容": "つるみね介護センター【居宅介護支援】神奈川県茅ケ崎市西久保５９６", "url": "https://www.kaigokensaku.mhlw.go.jp/14/index.php?action_kouhyou_detail_004_kani=true&JigyosyoCd=1472401346-00&ServiceCd=430&Type=search", "url2": "https://tokuyouturumine.com" }, "geometry": { "type": "Point", "coordinates": [ 139.391747200000026, 35.3446157 ] } },
{ "type": "Feature", "properties": { "内容": "湘南シニアサービス【居宅介護支援】神奈川県茅ヶ崎市十間坂3-8-34", "url": "https://www.kaigokensaku.mhlw.go.jp/14/index.php?action_kouhyou_detail_004_kani=true&JigyosyoCd=1472401668-00&ServiceCd=430&Type=search", "url2": "http://www.shonanss.com/" }, "geometry": { "type": "Point", "coordinates": [ 139.398136785458433, 35.331702336622939 ] } },
{ "type": "Feature", "properties": { "内容": "合同会社　在宅介護　りぼん【居宅介護支援】神奈川県茅ヶ崎市東海岸北2-9-5プライム湘南101", "url": "https://www.kaigokensaku.mhlw.go.jp/14/index.php?action_kouhyou_detail_004_kani=true&JigyosyoCd=1472401742-00&ServiceCd=430&Type=search", "url2": null }, "geometry": { "type": "Point", "coordinates": [ 139.414996699999961, 35.3253082 ] } },
{ "type": "Feature", "properties": { "内容": "居宅介護支援センター富士見【居宅介護支援】神奈川県茅ヶ崎市富士見町14-4", "url": "https://www.kaigokensaku.mhlw.go.jp/14/index.php?action_kouhyou_detail_004_kani=true&JigyosyoCd=1472401775-00&ServiceCd=430&Type=search", "url2": null }, "geometry": { "type": "Point", "coordinates": [ 139.435706699999969, 35.3262727 ] } },
{ "type": "Feature", "properties": { "内容": "居宅介護支援事業所ハピネス茅ヶ崎【居宅介護支援】神奈川県茅ヶ崎市赤羽根155", "url": "https://www.kaigokensaku.mhlw.go.jp/14/index.php?action_kouhyou_detail_004_kani=true&JigyosyoCd=1472401783-00&ServiceCd=430&Type=search", "url2": "https://happiness-chigasaki.or.jp" }, "geometry": { "type": "Point", "coordinates": [ 139.4167522, 35.350056600000023 ] } },
{ "type": "Feature", "properties": { "内容": "ケアプラン　リフシア【居宅介護支援】神奈川県茅ケ崎市萩園２８２２－１", "url": "https://www.kaigokensaku.mhlw.go.jp/14/index.php?action_kouhyou_detail_004_kani=true&JigyosyoCd=1472401841-00&ServiceCd=430&Type=search", "url2": "https://lifsea.co.jp/" }, "geometry": { "type": "Point", "coordinates": [ 139.376693, 35.344429 ] } },
{ "type": "Feature", "properties": { "内容": "居宅介護支援　だいち【居宅介護支援】神奈川県茅ケ崎市柳島1-9-8", "url": "https://www.kaigokensaku.mhlw.go.jp/14/index.php?action_kouhyou_detail_004_kani=true&JigyosyoCd=1472402161-00&ServiceCd=430&Type=search", "url2": "https://mothershonan.com/" }, "geometry": { "type": "Point", "coordinates": [ 139.38376631045071, 35.324284390259287 ] } },
{ "type": "Feature", "properties": { "内容": "居宅介護支援センター　湘南茅ヶ崎【居宅介護支援】神奈川県茅ヶ崎市平和町１０－９コーポ平和２０２", "url": "https://www.kaigokensaku.mhlw.go.jp/14/index.php?action_kouhyou_detail_004_kani=true&JigyosyoCd=1472402237-00&ServiceCd=430&Type=search", "url2": "https://care-net.co.jp/visiting-service/kyotaku-shonan-chigasaki/" }, "geometry": { "type": "Point", "coordinates": [ 139.433856800000058, 35.3271837 ] } },
{ "type": "Feature", "properties": { "内容": "相談センターまつなみ【居宅介護支援】神奈川県茅ケ崎市松浪１ー１ー１２ホワイトビル1階1号室", "url": "https://www.kaigokensaku.mhlw.go.jp/14/index.php?action_kouhyou_detail_004_kani=true&JigyosyoCd=1472402641-00&ServiceCd=430&Type=search", "url2": "https://npo-matsunami.jimdofree.com" }, "geometry": { "type": "Point", "coordinates": [ 139.433589259524524, 35.332699900000243 ] } },
{ "type": "Feature", "properties": { "内容": "ケアパーク茅ヶ崎居宅介護支援センター【居宅介護支援】神奈川県茅ケ崎市甘沼151番地介護老人保健施設ケアパーク茅ヶ崎", "url": "https://www.kaigokensaku.mhlw.go.jp/14/index.php?action_kouhyou_detail_004_kani=true&JigyosyoCd=1472402690-00&ServiceCd=430&Type=search", "url2": "http://www.muratakai.or.jp" }, "geometry": { "type": "Point", "coordinates": [ 139.420842900000025, 35.3561546 ] } },
{ "type": "Feature", "properties": { "内容": "社会福祉法人麗寿会　ふれあいの麗寿【居宅介護支援】神奈川県茅ヶ崎市南湖1-6-15", "url": "https://www.kaigokensaku.mhlw.go.jp/14/index.php?action_kouhyou_detail_004_kani=true&JigyosyoCd=1472402849-00&ServiceCd=430&Type=search", "url2": "https://www.reijukai.or.jp" }, "geometry": { "type": "Point", "coordinates": [ 139.390528666934216, 35.328405362487814 ] } },
{ "type": "Feature", "properties": { "内容": "ホームケア茅ヶ崎【居宅介護支援】神奈川県茅ヶ崎市菱沼2-16-12", "url": "https://www.kaigokensaku.mhlw.go.jp/14/index.php?action_kouhyou_detail_004_kani=true&JigyosyoCd=1472402997-00&ServiceCd=430&Type=search", "url2": "https://www.life-silver.com/life-silver/facility/kyotakuchigasaki/" }, "geometry": { "type": "Point", "coordinates": [ 139.432673099999988, 35.3414072 ] } },
{ "type": "Feature", "properties": { "内容": "灯【居宅介護支援】神奈川県茅ケ崎市出口町12-68", "url": "https://www.kaigokensaku.mhlw.go.jp/14/index.php?action_kouhyou_detail_004_kani=true&JigyosyoCd=1472403391-00&ServiceCd=430&Type=search", "url2": "https://stella-akari.com/" }, "geometry": { "type": "Point", "coordinates": [ 139.4311535, 35.3329046 ] } },
{ "type": "Feature", "properties": { "内容": "ケアプラン綾【居宅介護支援】神奈川県茅ケ崎市若松町3-20アクセス若松町202", "url": "https://www.kaigokensaku.mhlw.go.jp/14/index.php?action_kouhyou_detail_004_kani=true&JigyosyoCd=1472403458-00&ServiceCd=430&Type=search", "url2": null }, "geometry": { "type": "Point", "coordinates": [ 139.415540705804432, 35.332764171087383 ] } },
{ "type": "Feature", "properties": { "内容": "逗葉地域医療センター訪問看護ステーション【居宅介護支援】神奈川県逗子市池子字桟敷戸１８９２－６", "url": "https://www.kaigokensaku.mhlw.go.jp/14/index.php?action_kouhyou_detail_004_kani=true&JigyosyoCd=1462590008-00&ServiceCd=430&Type=search", "url2": "http://zuyou.jp/index.html" }, "geometry": { "type": "Point", "coordinates": [ 139.5978606, 35.3038082 ] } },
{ "type": "Feature", "properties": { "内容": "社会福祉法人逗子市社会福祉協議会さくら貝サービス事業所【居宅介護支援】神奈川県逗子市桜山5-32-1", "url": "https://www.kaigokensaku.mhlw.go.jp/14/index.php?action_kouhyou_detail_004_kani=true&JigyosyoCd=1472500022-00&ServiceCd=430&Type=search", "url2": "http://zushi-shakyo.com/company07/" }, "geometry": { "type": "Point", "coordinates": [ 139.593775176521234, 35.29477739326088 ] } },
{ "type": "Feature", "properties": { "内容": "湘南の凪【居宅介護支援】神奈川県逗子市桜山9-3-53支援センター凪", "url": "https://www.kaigokensaku.mhlw.go.jp/14/index.php?action_kouhyou_detail_004_kani=true&JigyosyoCd=1472500030-00&ServiceCd=430&Type=search", "url2": "https://www.shounan-nagi.or.jp/" }, "geometry": { "type": "Point", "coordinates": [ 139.574412821473743, 35.28618951768167 ] } },
{ "type": "Feature", "properties": { "内容": "やさしい手逗子居宅介護支援事業所【居宅介護支援】神奈川県逗子市逗子5-6-7興和第二ビル５階", "url": "https://www.kaigokensaku.mhlw.go.jp/14/index.php?action_kouhyou_detail_004_kani=true&JigyosyoCd=1472500048-00&ServiceCd=430&Type=search", "url2": "http://www.yasashiite.com" }, "geometry": { "type": "Point", "coordinates": [ 139.580342200000018, 35.294881 ] } },
{ "type": "Feature", "properties": { "内容": "逗子清寿苑　居宅介護支援事業所【居宅介護支援】神奈川県逗子市久木8-1290-1", "url": "https://www.kaigokensaku.mhlw.go.jp/14/index.php?action_kouhyou_detail_004_kani=true&JigyosyoCd=1472500212-00&ServiceCd=430&Type=search", "url2": "https://www.hakuou.or.jp/zushi/" }, "geometry": { "type": "Point", "coordinates": [ 139.578306633729539, 35.313689958468927 ] } },
{ "type": "Feature", "properties": { "内容": "ケアサポートてん【居宅介護支援】神奈川県逗子市桜山５－７ー６ＳＴビル２階", "url": "https://www.kaigokensaku.mhlw.go.jp/14/index.php?action_kouhyou_detail_004_kani=true&JigyosyoCd=1472500295-00&ServiceCd=430&Type=search", "url2": "https://ten-zushi.com" }, "geometry": { "type": "Point", "coordinates": [ 139.597776752778628, 35.297328604239155 ] } },
{ "type": "Feature", "properties": { "内容": "逗子ぬくもりの家居宅介護支援事業所【居宅介護支援】神奈川県逗子市沼間6-15-10", "url": "https://www.kaigokensaku.mhlw.go.jp/14/index.php?action_kouhyou_detail_004_kani=true&JigyosyoCd=1472500311-00&ServiceCd=430&Type=search", "url2": null }, "geometry": { "type": "Point", "coordinates": [ 139.617544700000053, 35.2957593 ] } },
{ "type": "Feature", "properties": { "内容": "有限会社　猫の手【居宅介護支援】神奈川県逗子市逗子2-6-26逗子駅前クリニックビル3階", "url": "https://www.kaigokensaku.mhlw.go.jp/14/index.php?action_kouhyou_detail_004_kani=true&JigyosyoCd=1472500428-00&ServiceCd=430&Type=search", "url2": "http://www.kaigo-nekonote.jp" }, "geometry": { "type": "Point", "coordinates": [ 139.580537306745924, 35.296813355615569 ] } },
{ "type": "Feature", "properties": { "内容": "グレイスケア逗子鎌倉【居宅介護支援】神奈川県逗子市逗子1-8-15田村ビル3階", "url": "https://www.kaigokensaku.mhlw.go.jp/14/index.php?action_kouhyou_detail_004_kani=true&JigyosyoCd=1472500550-00&ServiceCd=430&Type=search", "url2": "http://www.gracecare.net/company/" }, "geometry": { "type": "Point", "coordinates": [ 139.576950799999963, 35.2953004 ] } },
{ "type": "Feature", "properties": { "内容": "福祉クラブ生協オプティ逗子葉山【居宅介護支援】神奈川県逗子市池子1-6-7メロデイー館逗子葉山", "url": "https://www.kaigokensaku.mhlw.go.jp/14/index.php?action_kouhyou_detail_004_kani=true&JigyosyoCd=1472500733-00&ServiceCd=430&Type=search", "url2": "http://www.fukushi-club.net/careplan_s/index.html" }, "geometry": { "type": "Point", "coordinates": [ 139.590405700000019, 35.3019971 ] } },
{ "type": "Feature", "properties": { "内容": "介護相談　ライム【居宅介護支援】神奈川県逗子市小坪６－２－１９", "url": "https://www.kaigokensaku.mhlw.go.jp/14/index.php?action_kouhyou_detail_004_kani=true&JigyosyoCd=1472500758-00&ServiceCd=430&Type=search", "url2": null }, "geometry": { "type": "Point", "coordinates": [ 139.556160500000033, 35.3008082 ] } },
{ "type": "Feature", "properties": { "内容": "特別養護老人ホーム　逗子杜の郷【居宅介護支援】神奈川県逗子市沼間1-23-1", "url": "https://www.kaigokensaku.mhlw.go.jp/14/index.php?action_kouhyou_detail_004_kani=true&JigyosyoCd=1472500857-00&ServiceCd=430&Type=search", "url2": "http://www.s-aishinkai.jp/morinosato/" }, "geometry": { "type": "Point", "coordinates": [ 139.604648699999984, 35.2969923 ] } },
{ "type": "Feature", "properties": { "内容": "Ｃｅｒｕｌｅａｎ　ｂｌｕｅ【居宅介護支援】神奈川県逗子市逗子4-12-19", "url": "https://www.kaigokensaku.mhlw.go.jp/14/index.php?action_kouhyou_detail_004_kani=true&JigyosyoCd=1472500949-00&ServiceCd=430&Type=search", "url2": null }, "geometry": { "type": "Point", "coordinates": [ 139.5811754, 35.291609 ] } },
{ "type": "Feature", "properties": { "内容": "湘南ケアプラン【居宅介護支援】神奈川県逗子市逗子1-8-6逗子共同ビル502号", "url": "https://www.kaigokensaku.mhlw.go.jp/14/index.php?action_kouhyou_detail_004_kani=true&JigyosyoCd=1472500998-00&ServiceCd=430&Type=search", "url2": null }, "geometry": { "type": "Point", "coordinates": [ 139.57752419673335, 35.295143207191842 ] } },
{ "type": "Feature", "properties": { "内容": "オーバル　居宅介護支援事業【居宅介護支援】神奈川県逗子市逗子7-5-12　101", "url": "https://www.kaigokensaku.mhlw.go.jp/14/index.php?action_kouhyou_detail_004_kani=true&JigyosyoCd=1472501038-00&ServiceCd=430&Type=search", "url2": "https://npo-oval.com/" }, "geometry": { "type": "Point", "coordinates": [ 139.574631716367094, 35.296216456550319 ] } },
{ "type": "Feature", "properties": { "内容": "チャームケアプランセンター東逗子【居宅介護支援】神奈川県逗子市沼間2丁目9番5号", "url": "https://www.kaigokensaku.mhlw.go.jp/14/index.php?action_kouhyou_detail_004_kani=true&JigyosyoCd=1472501079-00&ServiceCd=430&Type=search", "url2": "https://www.charmcc.jp/home/charmsuite_higashizushi/" }, "geometry": { "type": "Point", "coordinates": [ 139.6012275, 35.2995593 ] } },
{ "type": "Feature", "properties": { "内容": "レジットケアプランセンター【居宅介護支援】神奈川県逗子市新宿2-14-14202", "url": "https://www.kaigokensaku.mhlw.go.jp/14/index.php?action_kouhyou_detail_004_kani=true&JigyosyoCd=1472501095-00&ServiceCd=430&Type=search", "url2": null }, "geometry": { "type": "Point", "coordinates": [ 139.5692789, 35.2952768 ] } },
{ "type": "Feature", "properties": { "内容": "逗子ケアマネジメントオフィス【居宅介護支援】神奈川県逗子市池子2丁目4-79　逗子クレール202逗子クレール202", "url": "https://www.kaigokensaku.mhlw.go.jp/14/index.php?action_kouhyou_detail_004_kani=true&JigyosyoCd=1472501145-00&ServiceCd=430&Type=search", "url2": "zushi-isukia.com" }, "geometry": { "type": "Point", "coordinates": [ 139.592766399999988, 35.3024445 ] } },
{ "type": "Feature", "properties": { "内容": "ケアプラン青い鳥さくら【居宅介護支援】神奈川県逗子市桜山6-1-8メゾンドールコウチ103", "url": "https://www.kaigokensaku.mhlw.go.jp/14/index.php?action_kouhyou_detail_004_kani=true&JigyosyoCd=1472501277-00&ServiceCd=430&Type=search", "url2": "https://aoitori-yamanowa.co.jp/" }, "geometry": { "type": "Point", "coordinates": [ 139.5865667, 35.2950425 ] } },
{ "type": "Feature", "properties": { "内容": "けいすいケアセンター逗子【居宅介護支援】神奈川県逗子市逗子4－1－22", "url": "https://www.kaigokensaku.mhlw.go.jp/14/index.php?action_kouhyou_detail_004_kani=true&JigyosyoCd=1472500345-00&ServiceCd=430&Type=search", "url2": "http://www.keisuikai.or.jp" }, "geometry": { "type": "Point", "coordinates": [ 139.581558800000039, 35.2953504 ] } },
{ "type": "Feature", "properties": { "内容": "山本メディカルセンター居宅介護支援事業所【居宅介護支援】神奈川県逗子市桜山3丁目16番1号", "url": "https://www.kaigokensaku.mhlw.go.jp/14/index.php?action_kouhyou_detail_004_kani=true&JigyosyoCd=1472501228-00&ServiceCd=430&Type=search", "url2": "https://yamamoto-kyotaku.jp/" }, "geometry": { "type": "Point", "coordinates": [ 139.592624574621595, 35.297365920687611 ] } },
{ "type": "Feature", "properties": { "内容": "青木病院在宅支援センター【居宅介護支援】神奈川県逗子市沼間1-2-6", "url": "https://www.kaigokensaku.mhlw.go.jp/14/index.php?action_kouhyou_detail_004_kani=true&JigyosyoCd=1472500014-00&ServiceCd=430&Type=search", "url2": null }, "geometry": { "type": "Point", "coordinates": [ 139.603352508828692, 35.298426519265483 ] } },
{ "type": "Feature", "properties": { "内容": "ケアライフつむぎ居宅介護支援事業所【居宅介護支援】神奈川県逗子市池子１−２−２アンシャンテ池子２０１", "url": "https://www.kaigokensaku.mhlw.go.jp/14/index.php?action_kouhyou_detail_004_kani=true&JigyosyoCd=1472501244-00&ServiceCd=430&Type=search", "url2": null }, "geometry": { "type": "Point", "coordinates": [ 139.5915832, 35.3027866 ] } },
{ "type": "Feature", "properties": { "内容": "湘南記念小坪クリニック居宅介護支援部【居宅介護支援】神奈川県逗子市小坪2-3-3", "url": "https://www.kaigokensaku.mhlw.go.jp/14/index.php?action_kouhyou_detail_004_kani=true&JigyosyoCd=1472500972-00&ServiceCd=430&Type=search", "url2": "http://www.syonan-rh.jp" }, "geometry": { "type": "Point", "coordinates": [ 139.560579700000062, 35.3004638 ] } },
{ "type": "Feature", "properties": { "内容": "美山居宅支援センター【居宅介護支援】神奈川県三浦市初声町下宮田１８４６", "url": "https://www.kaigokensaku.mhlw.go.jp/14/index.php?action_kouhyou_detail_004_kani=true&JigyosyoCd=1472700010-00&ServiceCd=430&Type=search", "url2": "https://miyamaho-mu.jp/" }, "geometry": { "type": "Point", "coordinates": [ 139.6356955, 35.1889115 ] } },
{ "type": "Feature", "properties": { "内容": "特定非営利活動法人　三浦市介護サービスセンター【居宅介護支援】神奈川県三浦市栄町9-4", "url": "https://www.kaigokensaku.mhlw.go.jp/14/index.php?action_kouhyou_detail_004_kani=true&JigyosyoCd=1472700374-00&ServiceCd=430&Type=search", "url2": "http://care-net.biz/14/npokaigo/index.php" }, "geometry": { "type": "Point", "coordinates": [ 139.628489, 35.1477312 ] } },
{ "type": "Feature", "properties": { "内容": "居宅介護支援事業所なのはな【居宅介護支援】神奈川県三浦市初声町高円坊1040-2", "url": "https://www.kaigokensaku.mhlw.go.jp/14/index.php?action_kouhyou_detail_004_kani=true&JigyosyoCd=1472700812-00&ServiceCd=430&Type=search", "url2": "http://www.bmk.or.jp/kyotakunanohana/index.html" }, "geometry": { "type": "Point", "coordinates": [ 139.644863699999974, 35.2032162 ] } },
{ "type": "Feature", "properties": { "内容": "ケアホーム三浦居宅介護支援事業所【居宅介護支援】神奈川県三浦市初声町下宮田3516番地1", "url": "https://www.kaigokensaku.mhlw.go.jp/14/index.php?action_kouhyou_detail_004_kani=true&JigyosyoCd=1472701067-00&ServiceCd=430&Type=search", "url2": "https://miura.tokuyou.jp/" }, "geometry": { "type": "Point", "coordinates": [ 139.63014964967644, 35.186390551173666 ] } },
{ "type": "Feature", "properties": { "内容": "サンライズ居宅介護支援事業所【居宅介護支援】神奈川県三浦市三崎町諸磯24-1", "url": "https://www.kaigokensaku.mhlw.go.jp/14/index.php?action_kouhyou_detail_004_kani=true&JigyosyoCd=1472701166-00&ServiceCd=430&Type=search", "url2": "http://www.unimedico.jp/sunrise/" }, "geometry": { "type": "Point", "coordinates": [ 139.629367994214419, 35.151722187279731 ] } },
{ "type": "Feature", "properties": { "内容": "遊楽の丘　居宅介護支援センター【居宅介護支援】神奈川県三浦市南下浦町上宮田3451", "url": "https://www.kaigokensaku.mhlw.go.jp/14/index.php?action_kouhyou_detail_004_kani=true&JigyosyoCd=1472701216-00&ServiceCd=430&Type=search", "url2": "http://miura-koujyukai.or.jp/" }, "geometry": { "type": "Point", "coordinates": [ 139.651286496958932, 35.181103899999989 ] } },
{ "type": "Feature", "properties": { "内容": "はまかぜ介護相談室三浦【居宅介護支援】神奈川県三浦市南下浦町金田1025ソレイユヒシヌマ203号", "url": "https://www.kaigokensaku.mhlw.go.jp/14/index.php?action_kouhyou_detail_004_kani=true&JigyosyoCd=1472701232-00&ServiceCd=430&Type=search", "url2": null }, "geometry": { "type": "Point", "coordinates": [ 139.658358099999987, 35.1622751 ] } },
{ "type": "Feature", "properties": { "内容": "介護相談センターつくる【居宅介護支援】神奈川県三浦市岬陽町21-26301", "url": "https://www.kaigokensaku.mhlw.go.jp/14/index.php?action_kouhyou_detail_004_kani=true&JigyosyoCd=1472701257-00&ServiceCd=430&Type=search", "url2": null }, "geometry": { "type": "Point", "coordinates": [ 139.6304557, 35.1465875 ] } },
{ "type": "Feature", "properties": { "内容": "キムラ介護支援サービス【居宅介護支援】神奈川県三浦市原町２－２３相澤ビル　１階", "url": "https://www.kaigokensaku.mhlw.go.jp/14/index.php?action_kouhyou_detail_004_kani=true&JigyosyoCd=1472700713-00&ServiceCd=430&Type=search", "url2": "https://www.kimurakaigo.co.jp/" }, "geometry": { "type": "Point", "coordinates": [ 139.626178200000027, 35.146148 ] } },
{ "type": "Feature", "properties": { "内容": "はまゆう高齢者ケアプラザ介護保険相談室【居宅介護支援】神奈川県三浦市三崎町諸磯１４１１－１", "url": "https://www.kaigokensaku.mhlw.go.jp/14/index.php?action_kouhyou_detail_004_kani=true&JigyosyoCd=1472700135-00&ServiceCd=430&Type=search", "url2": "http://www.mkeiseikai.or.jp" }, "geometry": { "type": "Point", "coordinates": [ 139.621359, 35.1512199 ] } },
{ "type": "Feature", "properties": { "内容": "介護老人保健施設　なぎさ【居宅介護支援】神奈川県三浦市南下浦町上宮田１３０８", "url": "https://www.kaigokensaku.mhlw.go.jp/14/index.php?action_kouhyou_detail_004_kani=true&JigyosyoCd=1452780013-00&ServiceCd=430&Type=search", "url2": "https://www.shinjinkai.or.jp/nagisa/riyou/care.html" }, "geometry": { "type": "Point", "coordinates": [ 139.651755, 35.1926641 ] } },
{ "type": "Feature", "properties": { "内容": "みうら訪問看護ステーション【居宅介護支援】神奈川県三浦市南下浦町上宮田3263-1", "url": "https://www.kaigokensaku.mhlw.go.jp/14/index.php?action_kouhyou_detail_004_kani=true&JigyosyoCd=1462790004-00&ServiceCd=430&Type=search", "url2": "https://www.k-minami.or.jp/" }, "geometry": { "type": "Point", "coordinates": [ 139.653824500000042, 35.1875422 ] } },
{ "type": "Feature", "properties": { "内容": "ケアセンター南下浦・羊の家けあまね【居宅介護支援】神奈川県三浦市南下浦町上宮田3195-1", "url": "https://www.kaigokensaku.mhlw.go.jp/14/index.php?action_kouhyou_detail_004_kani=true&JigyosyoCd=1472700705-00&ServiceCd=430&Type=search", "url2": "https://hitsujinoie.shafuku.com" }, "geometry": { "type": "Point", "coordinates": [ 139.64982770000006, 35.1852812 ] } },
{ "type": "Feature", "properties": { "内容": "居宅介護支援事業所アンド【居宅介護支援】神奈川県三浦市南下浦町菊名1258-3三浦市社会福祉協議会安心館", "url": "https://www.kaigokensaku.mhlw.go.jp/14/index.php?action_kouhyou_detail_004_kani=true&JigyosyoCd=1472700903-00&ServiceCd=430&Type=search", "url2": "https://shakyo-miura.com/" }, "geometry": { "type": "Point", "coordinates": [ 139.643264899999963, 35.1663018 ] } },
{ "type": "Feature", "properties": { "内容": "居宅介護支援事業所　秦野陽光園【居宅介護支援】神奈川県秦野市曽屋1177-1", "url": "https://www.kaigokensaku.mhlw.go.jp/14/index.php?action_kouhyou_detail_004_kani=true&JigyosyoCd=1472802485-00&ServiceCd=430&Type=search", "url2": "http://hakuju-kai.com" }, "geometry": { "type": "Point", "coordinates": [ 139.217590699999988, 35.382183699999977 ] } },
{ "type": "Feature", "properties": { "内容": "居宅支援サービス　ココロコネクト【居宅介護支援】神奈川県秦野市萩が丘4-22", "url": "https://www.kaigokensaku.mhlw.go.jp/14/index.php?action_kouhyou_detail_004_kani=true&JigyosyoCd=1472802147-00&ServiceCd=430&Type=search", "url2": null }, "geometry": { "type": "Point", "coordinates": [ 139.181610958507349, 35.370690004709985 ] } },
{ "type": "Feature", "properties": { "内容": "秦野伊勢原医師会居宅介護支援事業所【居宅介護支援】神奈川県秦野市曽屋11番地", "url": "https://www.kaigokensaku.mhlw.go.jp/14/index.php?action_kouhyou_detail_004_kani=true&JigyosyoCd=1472800034-00&ServiceCd=430&Type=search", "url2": "http://hadanoisehara-med.or.jp/index.html" }, "geometry": { "type": "Point", "coordinates": [ 139.200853, 35.3829205 ] } },
{ "type": "Feature", "properties": { "内容": "寿湘ヶ丘居宅介護支援センター【居宅介護支援】神奈川県秦野市千村497-1", "url": "https://www.kaigokensaku.mhlw.go.jp/14/index.php?action_kouhyou_detail_004_kani=true&JigyosyoCd=1472800075-00&ServiceCd=430&Type=search", "url2": "https://mutsumif.jp/" }, "geometry": { "type": "Point", "coordinates": [ 139.1721139, 35.3654217 ] } },
{ "type": "Feature", "properties": { "内容": "有限会社ナカニシ薬局介護サービス【居宅介護支援】神奈川県秦野市曲松1-4-12", "url": "https://www.kaigokensaku.mhlw.go.jp/14/index.php?action_kouhyou_detail_004_kani=true&JigyosyoCd=1472800836-00&ServiceCd=430&Type=search", "url2": null }, "geometry": { "type": "Point", "coordinates": [ 139.183921400000031, 35.3732044 ] } },
{ "type": "Feature", "properties": { "内容": "ハーモニーケアぷらん【居宅介護支援】神奈川県秦野市下大槻５６－１４", "url": "https://www.kaigokensaku.mhlw.go.jp/14/index.php?action_kouhyou_detail_004_kani=true&JigyosyoCd=1472801420-00&ServiceCd=430&Type=search", "url2": "https://har-mony-care.com/" }, "geometry": { "type": "Point", "coordinates": [ 139.2515072, 35.3630328 ] } },
{ "type": "Feature", "properties": { "内容": "特定非営利活動法人みきフレンド・あふり【居宅介護支援】神奈川県秦野市西田原１２３７-３", "url": "https://www.kaigokensaku.mhlw.go.jp/14/index.php?action_kouhyou_detail_004_kani=true&JigyosyoCd=1472801750-00&ServiceCd=430&Type=search", "url2": null }, "geometry": { "type": "Point", "coordinates": [ 139.215832099999943, 35.3874735 ] } },
{ "type": "Feature", "properties": { "内容": "マルイ・ケア【居宅介護支援】神奈川県秦野市戸川1038番地1", "url": "https://www.kaigokensaku.mhlw.go.jp/14/index.php?action_kouhyou_detail_004_kani=true&JigyosyoCd=1472802105-00&ServiceCd=430&Type=search", "url2": null }, "geometry": { "type": "Point", "coordinates": [ 139.179636852778629, 35.396787805708399 ] } },
{ "type": "Feature", "properties": { "内容": "医療法人社団　佑樹会　居宅介護支援事業所　めぐみの里【居宅介護支援】神奈川県秦野市渋沢1296番地の1", "url": "https://www.kaigokensaku.mhlw.go.jp/14/index.php?action_kouhyou_detail_004_kani=true&JigyosyoCd=1472802188-00&ServiceCd=430&Type=search", "url2": "http://www.yuuki-kai.com" }, "geometry": { "type": "Point", "coordinates": [ 139.195120310381327, 35.367042641789851 ] } },
{ "type": "Feature", "properties": { "内容": "医療法人社団　佑樹会　居宅介護支援事業所　ひまわりの里【居宅介護支援】神奈川県秦野市西大竹914番地の1", "url": "https://www.kaigokensaku.mhlw.go.jp/14/index.php?action_kouhyou_detail_004_kani=true&JigyosyoCd=1472802469-00&ServiceCd=430&Type=search", "url2": null }, "geometry": { "type": "Point", "coordinates": [ 139.2333893, 35.3541977 ] } },
{ "type": "Feature", "properties": { "内容": "まこじろう福祉事務所【居宅介護支援】神奈川県秦野市菖蒲1105-3", "url": "https://www.kaigokensaku.mhlw.go.jp/14/index.php?action_kouhyou_detail_004_kani=true&JigyosyoCd=1472802584-00&ServiceCd=430&Type=search", "url2": null }, "geometry": { "type": "Point", "coordinates": [ 140.37097270000001, 38.1029326 ] } },
{ "type": "Feature", "properties": { "内容": "医療法人社団三喜会　鶴巻訪問看護ステーション居宅介護支援センター【居宅介護支援】神奈川県秦野市鶴巻北二丁目１４番２号", "url": "https://www.kaigokensaku.mhlw.go.jp/14/index.php?action_kouhyou_detail_004_kani=true&JigyosyoCd=1472800042-00&ServiceCd=430&Type=search", "url2": "http://www.sankikai.or.jp/ajisai/" }, "geometry": { "type": "Point", "coordinates": [ 139.279896300000019, 35.3856557 ] } },
{ "type": "Feature", "properties": { "内容": "医療法人社団　三喜会　鶴巻訪問看護ステーションはだの居宅介護支援センター【居宅介護支援】神奈川県秦野市本町3-9-43", "url": "https://www.kaigokensaku.mhlw.go.jp/14/index.php?action_kouhyou_detail_004_kani=true&JigyosyoCd=1472800471-00&ServiceCd=430&Type=search", "url2": "http://www.sankikai.or.jp" }, "geometry": { "type": "Point", "coordinates": [ 139.233145062282972, 35.369875916903894 ] } },
{ "type": "Feature", "properties": { "内容": "ＪＡデイサービスセンターはだの【居宅介護支援】神奈川県秦野市平沢４３５", "url": "https://www.kaigokensaku.mhlw.go.jp/14/index.php?action_kouhyou_detail_004_kani=true&JigyosyoCd=1472800687-00&ServiceCd=430&Type=search", "url2": "http://www.kouseiren.net/kenkou/content/fukusi/hadano.html" }, "geometry": { "type": "Point", "coordinates": [ 139.201068, 35.3715874 ] } },
{ "type": "Feature", "properties": { "内容": "ケアプランゆう【居宅介護支援】神奈川県秦野市鶴巻南１－１９－１メゾンドナナン２号室", "url": "https://www.kaigokensaku.mhlw.go.jp/14/index.php?action_kouhyou_detail_004_kani=true&JigyosyoCd=1472802378-00&ServiceCd=430&Type=search", "url2": null }, "geometry": { "type": "Point", "coordinates": [ 139.275979146488197, 35.376056839230891 ] } },
{ "type": "Feature", "properties": { "内容": "居宅支援事業所HOPE【居宅介護支援】神奈川県秦野市堀西26-1岩田店舗2F", "url": "https://www.kaigokensaku.mhlw.go.jp/14/index.php?action_kouhyou_detail_004_kani=true&JigyosyoCd=1472802386-00&ServiceCd=430&Type=search", "url2": "http://hp.kaipoke.biz/145/144968/index_0001.html" }, "geometry": { "type": "Point", "coordinates": [ 139.191283565012384, 35.374329916658944 ] } },
{ "type": "Feature", "properties": { "内容": "ホームケアcocoro【居宅介護支援】神奈川県秦野市緑町15-22", "url": "https://www.kaigokensaku.mhlw.go.jp/14/index.php?action_kouhyou_detail_004_kani=true&JigyosyoCd=1472802451-00&ServiceCd=430&Type=search", "url2": "https://homecare.kiraku-cocoro.com" }, "geometry": { "type": "Point", "coordinates": [ 139.209280564418009, 35.375406831132921 ] } },
{ "type": "Feature", "properties": { "内容": "ケアプランｆ【居宅介護支援】神奈川県秦野市室町7-4ガーデンハイツ201", "url": "https://www.kaigokensaku.mhlw.go.jp/14/index.php?action_kouhyou_detail_004_kani=true&JigyosyoCd=1472802600-00&ServiceCd=430&Type=search", "url2": "https://home-nursing-f.com/cp" }, "geometry": { "type": "Point", "coordinates": [ 139.230835458335889, 35.366830225515635 ] } },
{ "type": "Feature", "properties": { "内容": "海音居宅介護支援事業所【居宅介護支援】神奈川県泰野市鶴巻南2-44-10鶴巻南貸店舗1階", "url": "https://www.kaigokensaku.mhlw.go.jp/14/index.php?action_kouhyou_detail_004_kani=true&JigyosyoCd=1472802618-00&ServiceCd=430&Type=search", "url2": "https://www.umine-care.com/" }, "geometry": { "type": "Point", "coordinates": [ 139.2763067, 35.3744493 ] } },
{ "type": "Feature", "properties": { "内容": "ケアプラン銀河【居宅介護支援】神奈川県秦野市渋沢２丁目６番３号栗原くんぞうビル１階", "url": "https://www.kaigokensaku.mhlw.go.jp/14/index.php?action_kouhyou_detail_004_kani=true&JigyosyoCd=1472801651-00&ServiceCd=430&Type=search", "url2": null }, "geometry": { "type": "Point", "coordinates": [ 139.192265917999293, 35.371662979518419 ] } },
{ "type": "Feature", "properties": { "内容": "つるかめ居宅介護支援センター秦野【居宅介護支援】神奈川県秦野市富士見町6-34", "url": "https://www.kaigokensaku.mhlw.go.jp/14/index.php?action_kouhyou_detail_004_kani=true&JigyosyoCd=1472802030-00&ServiceCd=430&Type=search", "url2": "http://takumicare.jp" }, "geometry": { "type": "Point", "coordinates": [ 139.21180908467565, 35.378323431598979 ] } },
{ "type": "Feature", "properties": { "内容": "医療法人社団　三喜会　介護老人保健施設　ライフプラザ鶴巻【居宅介護支援】神奈川県秦野市鶴巻北3-1-3", "url": "https://www.kaigokensaku.mhlw.go.jp/14/index.php?action_kouhyou_detail_004_kani=true&JigyosyoCd=1452880029-00&ServiceCd=430&Type=search", "url2": "https://www.sankikai.or.jp/life-tsurumaki/" }, "geometry": { "type": "Point", "coordinates": [ 139.276205, 35.3821172 ] } },
{ "type": "Feature", "properties": { "内容": "有限会社ウーマンケアサービス【居宅介護支援】神奈川県秦野市今泉164-4", "url": "https://www.kaigokensaku.mhlw.go.jp/14/index.php?action_kouhyou_detail_004_kani=true&JigyosyoCd=1472800380-00&ServiceCd=430&Type=search", "url2": null }, "geometry": { "type": "Point", "coordinates": [ 139.223259699999971, 35.3707281 ] } },
{ "type": "Feature", "properties": { "内容": "湘南老人ホーム　居宅介護支援【居宅介護支援】神奈川県秦野市下大槻173", "url": "https://www.kaigokensaku.mhlw.go.jp/14/index.php?action_kouhyou_detail_004_kani=true&JigyosyoCd=1472800562-00&ServiceCd=430&Type=search", "url2": "http://www.kanagawa-swc.com/shonan/" }, "geometry": { "type": "Point", "coordinates": [ 139.260734100000036, 35.362327600000015 ] } },
{ "type": "Feature", "properties": { "内容": "はだの松寿苑　ケアサービスセンター【居宅介護支援】神奈川県秦野市戸川381-12", "url": "https://www.kaigokensaku.mhlw.go.jp/14/index.php?action_kouhyou_detail_004_kani=true&JigyosyoCd=1472800950-00&ServiceCd=430&Type=search", "url2": "http://www.hadanosyojuen.com" }, "geometry": { "type": "Point", "coordinates": [ 139.1868402, 35.3904746 ] } },
{ "type": "Feature", "properties": { "内容": "特定非営利活動法人野の花ネットワーク・ひまわり【居宅介護支援】神奈川県秦野市尾尻５００－６", "url": "https://www.kaigokensaku.mhlw.go.jp/14/index.php?action_kouhyou_detail_004_kani=true&JigyosyoCd=1472800976-00&ServiceCd=430&Type=search", "url2": "http://nonohana.org/" }, "geometry": { "type": "Point", "coordinates": [ 139.226365, 35.364115200000022 ] } },
{ "type": "Feature", "properties": { "内容": "学研ココファン渋沢【居宅介護支援】神奈川県秦野市堀川15", "url": "https://www.kaigokensaku.mhlw.go.jp/14/index.php?action_kouhyou_detail_004_kani=true&JigyosyoCd=1472801578-00&ServiceCd=430&Type=search", "url2": null }, "geometry": { "type": "Point", "coordinates": [ 139.191106799999943, 35.3779151 ] } },
{ "type": "Feature", "properties": { "内容": "ケアマネ湖【居宅介護支援】神奈川県秦野市柳町1-20-7こ・みかんビル3階", "url": "https://www.kaigokensaku.mhlw.go.jp/14/index.php?action_kouhyou_detail_004_kani=true&JigyosyoCd=1472801891-00&ServiceCd=430&Type=search", "url2": "https://www.hadano.or.jp" }, "geometry": { "type": "Point", "coordinates": [ 139.186531330059438, 35.374908706488881 ] } },
{ "type": "Feature", "properties": { "内容": "むつみケアプランセンター【居宅介護支援】神奈川県秦野市平沢1750-1", "url": "https://www.kaigokensaku.mhlw.go.jp/14/index.php?action_kouhyou_detail_004_kani=true&JigyosyoCd=1472802253-00&ServiceCd=430&Type=search", "url2": "https://mutsumif.jp/care_center/about/1/" }, "geometry": { "type": "Point", "coordinates": [ 139.210122, 35.3653506 ] } },
{ "type": "Feature", "properties": { "内容": "居宅介護支援にじいろ【居宅介護支援】神奈川県秦野市千村四丁目3番34号テラスプリムローズ101", "url": "https://www.kaigokensaku.mhlw.go.jp/14/index.php?action_kouhyou_detail_004_kani=true&JigyosyoCd=1472802402-00&ServiceCd=430&Type=search", "url2": "https://www.kagayakinijiiro.com" }, "geometry": { "type": "Point", "coordinates": [ 139.173364746882328, 35.371940610141685 ] } },
{ "type": "Feature", "properties": { "内容": "くず葉台ケアセンター【居宅介護支援】神奈川県秦野市東田原４１９番地１", "url": "https://www.kaigokensaku.mhlw.go.jp/14/index.php?action_kouhyou_detail_004_kani=true&JigyosyoCd=1472802535-00&ServiceCd=430&Type=search", "url2": "https://www.subaru-fukushi.or.jp/" }, "geometry": { "type": "Point", "coordinates": [ 139.223457599999989, 35.3852182 ] } },
{ "type": "Feature", "properties": { "内容": "アーク居宅介護支援事業所【居宅介護支援】神奈川県秦野市栃窪600-1", "url": "https://www.kaigokensaku.mhlw.go.jp/14/index.php?action_kouhyou_detail_004_kani=true&JigyosyoCd=1472802493-00&ServiceCd=430&Type=search", "url2": null }, "geometry": { "type": "Point", "coordinates": [ 139.195136682520598, 35.372212859126016 ] } },
{ "type": "Feature", "properties": { "内容": "りぼん　居宅介護支援事業所【居宅介護支援】神奈川県厚木市温水1060温水TBハイツ302", "url": "https://www.kaigokensaku.mhlw.go.jp/14/index.php?action_kouhyou_detail_004_kani=true&JigyosyoCd=1472902780-00&ServiceCd=430&Type=search", "url2": null }, "geometry": { "type": "Point", "coordinates": [ 139.340751399999988, 35.438356100000021 ] } },
{ "type": "Feature", "properties": { "内容": "ほんあつケアプランセンター【居宅介護支援】神奈川県厚木市栄町1-17-16GreatConstrucionWord301", "url": "https://www.kaigokensaku.mhlw.go.jp/14/index.php?action_kouhyou_detail_004_kani=true&JigyosyoCd=1472903150-00&ServiceCd=430&Type=search", "url2": null }, "geometry": { "type": "Point", "coordinates": [ 139.360586759524523, 35.443193456828737 ] } },
{ "type": "Feature", "properties": { "内容": "居宅介護支援事業所プランタン厚木【居宅介護支援】神奈川県厚木市愛甲1丁目10番３号金沢荘201号", "url": "https://www.kaigokensaku.mhlw.go.jp/14/index.php?action_kouhyou_detail_004_kani=true&JigyosyoCd=1472903168-00&ServiceCd=430&Type=search", "url2": "https://www.smk.care" }, "geometry": { "type": "Point", "coordinates": [ 139.3426293, 35.4197989 ] } },
{ "type": "Feature", "properties": { "内容": "仁厚会訪問看護ステーション【居宅介護支援】神奈川県厚木市中町3-18-5ソーケン本厚木ビル4階", "url": "https://www.kaigokensaku.mhlw.go.jp/14/index.php?action_kouhyou_detail_004_kani=true&JigyosyoCd=1462990075-00&ServiceCd=430&Type=search", "url2": "http://www.jinkohkai.or.jp/kaigo.html" }, "geometry": { "type": "Point", "coordinates": [ 139.361818563368161, 35.44176309978139 ] } },
{ "type": "Feature", "properties": { "内容": "なごみ訪問看護リハビリステーション厚木南【居宅介護支援】神奈川県厚木市旭町5-18-7清水店舗1Ｆ北側", "url": "https://www.kaigokensaku.mhlw.go.jp/14/index.php?action_kouhyou_detail_004_kani=true&JigyosyoCd=1462990141-00&ServiceCd=430&Type=search", "url2": "https://nagomi-atsugi.com/" }, "geometry": { "type": "Point", "coordinates": [ 139.365277193659267, 35.433968525061125 ] } },
{ "type": "Feature", "properties": { "内容": "東名厚木病院居宅介護支援センター【居宅介護支援】神奈川県厚木市船子322-1", "url": "https://www.kaigokensaku.mhlw.go.jp/14/index.php?action_kouhyou_detail_004_kani=true&JigyosyoCd=1472900057-00&ServiceCd=430&Type=search", "url2": "https//www.tomei.or.jp/" }, "geometry": { "type": "Point", "coordinates": [ 139.354995240475461, 35.427606095922158 ] } },
{ "type": "Feature", "properties": { "内容": "ムツアイホーム　やすらぎ【居宅介護支援】神奈川県厚木市下川入1296", "url": "https://www.kaigokensaku.mhlw.go.jp/14/index.php?action_kouhyou_detail_004_kani=true&JigyosyoCd=1472900065-00&ServiceCd=430&Type=search", "url2": "http://www.mutuaihome.or.jp/" }, "geometry": { "type": "Point", "coordinates": [ 139.352900800000043, 35.4915314 ] } },
{ "type": "Feature", "properties": { "内容": "玉川グリ－ンホ－ム【居宅介護支援】神奈川県厚木市小野７３４－２", "url": "https://www.kaigokensaku.mhlw.go.jp/14/index.php?action_kouhyou_detail_004_kani=true&JigyosyoCd=1472900107-00&ServiceCd=430&Type=search", "url2": "https://seiryukai1989.com" }, "geometry": { "type": "Point", "coordinates": [ 139.313148100000035, 35.4340259 ] } },
{ "type": "Feature", "properties": { "内容": "居宅介護支援センター　けいわ荘【居宅介護支援】神奈川県厚木市下荻野２１１７－２", "url": "https://www.kaigokensaku.mhlw.go.jp/14/index.php?action_kouhyou_detail_004_kani=true&JigyosyoCd=1472900115-00&ServiceCd=430&Type=search", "url2": "https://k-keiwakai.com/info_kyotaku/" }, "geometry": { "type": "Point", "coordinates": [ 139.30857919999994, 35.4884365 ] } },
{ "type": "Feature", "properties": { "内容": "介護支援センター　なごみ【居宅介護支援】神奈川県厚木市林2-29-49", "url": "https://www.kaigokensaku.mhlw.go.jp/14/index.php?action_kouhyou_detail_004_kani=true&JigyosyoCd=1472900362-00&ServiceCd=430&Type=search", "url2": "https://www.nagomi-k-nagomi.com/" }, "geometry": { "type": "Point", "coordinates": [ 139.344448992976396, 35.453207883036576 ] } },
{ "type": "Feature", "properties": { "内容": "サン・ライフ福祉サービスセンター厚木事業所【居宅介護支援】神奈川県厚木市戸室4-21-26カーサ・イノウエ・デュエ101", "url": "https://www.kaigokensaku.mhlw.go.jp/14/index.php?action_kouhyou_detail_004_kani=true&JigyosyoCd=1472900396-00&ServiceCd=430&Type=search", "url2": "http://www.sunlife.jp" }, "geometry": { "type": "Point", "coordinates": [ 139.349131599999964, 35.4506833 ] } },
{ "type": "Feature", "properties": { "内容": "ニチイケアセンター厚木北【居宅介護支援】神奈川県厚木市妻田北４-5-32", "url": "https://www.kaigokensaku.mhlw.go.jp/14/index.php?action_kouhyou_detail_004_kani=true&JigyosyoCd=1472900495-00&ServiceCd=430&Type=search", "url2": "https://www.nichii-kaigo.jp/base/base-result/05K26/" }, "geometry": { "type": "Point", "coordinates": [ 139.353961799999979, 35.4688563 ] } },
{ "type": "Feature", "properties": { "内容": "コミュニティーハウス　あゆらす【居宅介護支援】神奈川県厚木市妻田東１－１２－７", "url": "https://www.kaigokensaku.mhlw.go.jp/14/index.php?action_kouhyou_detail_004_kani=true&JigyosyoCd=1472900552-00&ServiceCd=430&Type=search", "url2": "http://hp.kaipoke.biz/ayulas/" }, "geometry": { "type": "Point", "coordinates": [ 139.3641943, 35.4561941 ] } },
{ "type": "Feature", "properties": { "内容": "サニーライフ本厚木【居宅介護支援】神奈川県厚木市林3-6-60", "url": "https://www.kaigokensaku.mhlw.go.jp/14/index.php?action_kouhyou_detail_004_kani=true&JigyosyoCd=1472900958-00&ServiceCd=430&Type=search", "url2": null }, "geometry": { "type": "Point", "coordinates": [ 139.34756219999997, 35.4573464 ] } },
{ "type": "Feature", "properties": { "内容": "居宅介護支援事業所　えまーぶる【居宅介護支援】神奈川県厚木市中町3-11-4小島第10ビル　4階", "url": "https://www.kaigokensaku.mhlw.go.jp/14/index.php?action_kouhyou_detail_004_kani=true&JigyosyoCd=1472900966-00&ServiceCd=430&Type=search", "url2": "http://k-keiwakai.com/aimable/" }, "geometry": { "type": "Point", "coordinates": [ 139.361753284359764, 35.441637758937034 ] } },
{ "type": "Feature", "properties": { "内容": "森の里【居宅介護支援】神奈川県厚木市下古沢193", "url": "https://www.kaigokensaku.mhlw.go.jp/14/index.php?action_kouhyou_detail_004_kani=true&JigyosyoCd=1472901014-00&ServiceCd=430&Type=search", "url2": "https://www.morinosato.jp/morinosato/" }, "geometry": { "type": "Point", "coordinates": [ 139.322981955167279, 35.45053722830275 ] } },
{ "type": "Feature", "properties": { "内容": "介護支援事業所　田中san【居宅介護支援】神奈川県厚木市愛名930番地16", "url": "https://www.kaigokensaku.mhlw.go.jp/14/index.php?action_kouhyou_detail_004_kani=true&JigyosyoCd=1472901238-00&ServiceCd=430&Type=search", "url2": null }, "geometry": { "type": "Point", "coordinates": [ 139.324205300000017, 35.4375064 ] } },
{ "type": "Feature", "properties": { "内容": "こまち居宅介護支援事業所【居宅介護支援】神奈川県厚木市小野763-1", "url": "https://www.kaigokensaku.mhlw.go.jp/14/index.php?action_kouhyou_detail_004_kani=true&JigyosyoCd=1472901477-00&ServiceCd=430&Type=search", "url2": "http://www.touwakai.com/komachi" }, "geometry": { "type": "Point", "coordinates": [ 139.312019289024391, 35.433507283475265 ] } },
{ "type": "Feature", "properties": { "内容": "ケアプランセンターけいわ【居宅介護支援】神奈川県厚木市戸室1-11-10レジデンス清水先　Ｂ203", "url": "https://www.kaigokensaku.mhlw.go.jp/14/index.php?action_kouhyou_detail_004_kani=true&JigyosyoCd=1472901808-00&ServiceCd=430&Type=search", "url2": null }, "geometry": { "type": "Point", "coordinates": [ 139.352649147885131, 35.448962719995144 ] } },
{ "type": "Feature", "properties": { "内容": "かなめ介護サービス居宅介護支援【居宅介護支援】神奈川県厚木市飯山3356-10", "url": "https://www.kaigokensaku.mhlw.go.jp/14/index.php?action_kouhyou_detail_004_kani=true&JigyosyoCd=1472901816-00&ServiceCd=430&Type=search", "url2": "https://m-kaname.co.jp/free/kaname-kyotaku" }, "geometry": { "type": "Point", "coordinates": [ 139.327688399999943, 35.4518242 ] } },
{ "type": "Feature", "properties": { "内容": "こあゆ【居宅介護支援】神奈川県厚木市下川入65-1", "url": "https://www.kaigokensaku.mhlw.go.jp/14/index.php?action_kouhyou_detail_004_kani=true&JigyosyoCd=1472901980-00&ServiceCd=430&Type=search", "url2": "https://www.koayu.co.jp" }, "geometry": { "type": "Point", "coordinates": [ 139.352528600000028, 35.5037355 ] } },
{ "type": "Feature", "properties": { "内容": "ケアプランすぽると厚木【居宅介護支援】神奈川県厚木市愛甲2丁目17－23アネックス石井Ⅱ102号室", "url": "https://www.kaigokensaku.mhlw.go.jp/14/index.php?action_kouhyou_detail_004_kani=true&JigyosyoCd=1472902079-00&ServiceCd=430&Type=search", "url2": null }, "geometry": { "type": "Point", "coordinates": [ 139.345022800000038, 35.420783700000015 ] } },
{ "type": "Feature", "properties": { "内容": "ひかりデイサービス妻田【居宅介護支援】神奈川県厚木市妻田南1-7-33", "url": "https://www.kaigokensaku.mhlw.go.jp/14/index.php?action_kouhyou_detail_004_kani=true&JigyosyoCd=1472902178-00&ServiceCd=430&Type=search", "url2": "https://www.big-advance.site/s/142/1651" }, "geometry": { "type": "Point", "coordinates": [ 139.362155600000051, 35.451272500000016 ] } },
{ "type": "Feature", "properties": { "内容": "ケアセンターあさひ　在宅支援【居宅介護支援】神奈川県厚木市旭町2ー3-13", "url": "https://www.kaigokensaku.mhlw.go.jp/14/index.php?action_kouhyou_detail_004_kani=true&JigyosyoCd=1472902400-00&ServiceCd=430&Type=search", "url2": "http://www.tosetsukai.com" }, "geometry": { "type": "Point", "coordinates": [ 139.368045557147155, 35.438584606030084 ] } },
{ "type": "Feature", "properties": { "内容": "亀田居宅介護支援事業所森の里【居宅介護支援】神奈川県厚木市森の里3-1-1", "url": "https://www.kaigokensaku.mhlw.go.jp/14/index.php?action_kouhyou_detail_004_kani=true&JigyosyoCd=1472902814-00&ServiceCd=430&Type=search", "url2": "https://medical.kameda.com/morinosato" }, "geometry": { "type": "Point", "coordinates": [ 139.3105737, 35.4462375 ] } },
{ "type": "Feature", "properties": { "内容": "居宅介護支援センター　メイサムホール【居宅介護支援】神奈川県厚木市愛甲２２０８番１", "url": "https://www.kaigokensaku.mhlw.go.jp/14/index.php?action_kouhyou_detail_004_kani=true&JigyosyoCd=1472902848-00&ServiceCd=430&Type=search", "url2": "https://meisam.jp/" }, "geometry": { "type": "Point", "coordinates": [ 139.3527264, 35.4225436 ] } },
{ "type": "Feature", "properties": { "内容": "居宅介護支援事業所　モーメント厚木【居宅介護支援】神奈川県厚木市下荻野848-2", "url": "https://www.kaigokensaku.mhlw.go.jp/14/index.php?action_kouhyou_detail_004_kani=true&JigyosyoCd=1472902889-00&ServiceCd=430&Type=search", "url2": "http://bravelife-jojo.com" }, "geometry": { "type": "Point", "coordinates": [ 139.339163399999961, 35.4868144 ] } },
{ "type": "Feature", "properties": { "内容": "フルール・ケアマネジメント【居宅介護支援】神奈川県厚木市三田2617-7", "url": "https://www.kaigokensaku.mhlw.go.jp/14/index.php?action_kouhyou_detail_004_kani=true&JigyosyoCd=1474101100-00&ServiceCd=430&Type=search", "url2": null }, "geometry": { "type": "Point", "coordinates": [ 139.351860695957157, 35.480103370271635 ] } },
{ "type": "Feature", "properties": { "内容": "特別養護老人ホーム　甘露苑【居宅介護支援】神奈川県厚木市山際1350-1", "url": "https://www.kaigokensaku.mhlw.go.jp/14/index.php?action_kouhyou_detail_004_kani=true&JigyosyoCd=1472900214-00&ServiceCd=430&Type=search", "url2": "http://www.kanroen.net" }, "geometry": { "type": "Point", "coordinates": [ 139.365146500000037, 35.5061378 ] } },
{ "type": "Feature", "properties": { "内容": "デイ・サービス　モック【居宅介護支援】神奈川県厚木市下荻野８３６－１", "url": "https://www.kaigokensaku.mhlw.go.jp/14/index.php?action_kouhyou_detail_004_kani=true&JigyosyoCd=1472900487-00&ServiceCd=430&Type=search", "url2": "http://day-mokku.co.jp/care.html" }, "geometry": { "type": "Point", "coordinates": [ 139.3392407, 35.4859513 ] } },
{ "type": "Feature", "properties": { "内容": "居宅介護支援事業所　さくら【居宅介護支援】神奈川県厚木市上古沢1702番地", "url": "https://www.kaigokensaku.mhlw.go.jp/14/index.php?action_kouhyou_detail_004_kani=true&JigyosyoCd=1472900859-00&ServiceCd=430&Type=search", "url2": "https://sakura-seiwa.com/sakura_satellite/" }, "geometry": { "type": "Point", "coordinates": [ 139.309256600000026, 35.4636861 ] } },
{ "type": "Feature", "properties": { "内容": "リビングケア居宅介護支援事業所厚木【居宅介護支援】神奈川県厚木市長谷1294-10", "url": "https://www.kaigokensaku.mhlw.go.jp/14/index.php?action_kouhyou_detail_004_kani=true&JigyosyoCd=1472901576-00&ServiceCd=430&Type=search", "url2": "http://livingcare.jp/" }, "geometry": { "type": "Point", "coordinates": [ 139.332648797362481, 35.436294200107035 ] } },
{ "type": "Feature", "properties": { "内容": "まごの手ケアプランセンター厚木【居宅介護支援】神奈川県厚木市温水2238-3", "url": "https://www.kaigokensaku.mhlw.go.jp/14/index.php?action_kouhyou_detail_004_kani=true&JigyosyoCd=1472901691-00&ServiceCd=430&Type=search", "url2": "https://magonote.co.jp/" }, "geometry": { "type": "Point", "coordinates": [ 139.332935300000031, 35.450119 ] } },
{ "type": "Feature", "properties": { "内容": "訪問介護てだすけ【居宅介護支援】神奈川県厚木市岡田4-5-22", "url": "https://www.kaigokensaku.mhlw.go.jp/14/index.php?action_kouhyou_detail_004_kani=true&JigyosyoCd=1472902129-00&ServiceCd=430&Type=search", "url2": "https://kaigotedasuke.wixsite.com/tedasuke" }, "geometry": { "type": "Point", "coordinates": [ 139.367211784655751, 35.427781240621904 ] } },
{ "type": "Feature", "properties": { "内容": "ケアプラン船子【居宅介護支援】神奈川県厚木市船子1278武藤ビル203", "url": "https://www.kaigokensaku.mhlw.go.jp/14/index.php?action_kouhyou_detail_004_kani=true&JigyosyoCd=1472902202-00&ServiceCd=430&Type=search", "url2": "http://care-funako.com" }, "geometry": { "type": "Point", "coordinates": [ 139.347870109549177, 35.426914743012887 ] } },
{ "type": "Feature", "properties": { "内容": "ケアプラン　さくらなみき【居宅介護支援】神奈川県厚木市妻田東3-16-22", "url": "https://www.kaigokensaku.mhlw.go.jp/14/index.php?action_kouhyou_detail_004_kani=true&JigyosyoCd=1472902285-00&ServiceCd=430&Type=search", "url2": "http://www.yuyusukoyakakai.com/" }, "geometry": { "type": "Point", "coordinates": [ 139.362447505793028, 35.458917805706761 ] } },
{ "type": "Feature", "properties": { "内容": "ケアプラングランモールさくら及川【居宅介護支援】神奈川県厚木市及川字柳流７９３", "url": "https://www.kaigokensaku.mhlw.go.jp/14/index.php?action_kouhyou_detail_004_kani=true&JigyosyoCd=1472902574-00&ServiceCd=430&Type=search", "url2": "https://www.sakura-seiwa.jp" }, "geometry": { "type": "Point", "coordinates": [ 139.348738300000036, 35.4636806 ] } },
{ "type": "Feature", "properties": { "内容": "ケアプラン　きみどり【居宅介護支援】神奈川県厚木市戸室1-26-11", "url": "https://www.kaigokensaku.mhlw.go.jp/14/index.php?action_kouhyou_detail_004_kani=true&JigyosyoCd=1472902590-00&ServiceCd=430&Type=search", "url2": "https://www.atsugimidorikai.com/ケアプランきみどり" }, "geometry": { "type": "Point", "coordinates": [ 139.349589899999955, 35.4504001 ] } },
{ "type": "Feature", "properties": { "内容": "ケアネット　奏音【居宅介護支援】神奈川県厚木市長谷1235-14", "url": "https://www.kaigokensaku.mhlw.go.jp/14/index.php?action_kouhyou_detail_004_kani=true&JigyosyoCd=1472902608-00&ServiceCd=430&Type=search", "url2": null }, "geometry": { "type": "Point", "coordinates": [ 139.336537799999974, 35.4327184 ] } },
{ "type": "Feature", "properties": { "内容": "ケアプラン　わさび【居宅介護支援】神奈川県厚木市戸室1－41－1", "url": "https://www.kaigokensaku.mhlw.go.jp/14/index.php?action_kouhyou_detail_004_kani=true&JigyosyoCd=1472902996-00&ServiceCd=430&Type=search", "url2": "https://www.midori.midorinooka.com/" }, "geometry": { "type": "Point", "coordinates": [ 139.3525728, 35.4532184 ] } },
{ "type": "Feature", "properties": { "内容": "ルーセントあつぎ【居宅介護支援】神奈川県厚木市下川入405-5", "url": "https://www.kaigokensaku.mhlw.go.jp/14/index.php?action_kouhyou_detail_004_kani=true&JigyosyoCd=1472903051-00&ServiceCd=430&Type=search", "url2": "https://care-lucent.com/about" }, "geometry": { "type": "Point", "coordinates": [ 139.354954, 35.5006092 ] } },
{ "type": "Feature", "properties": { "内容": "生活支援ステーションじょんのび　あつぎ【居宅介護支援】神奈川県厚木市中依知72-2東邦ハイツA", "url": "https://www.kaigokensaku.mhlw.go.jp/14/index.php?action_kouhyou_detail_004_kani=true&JigyosyoCd=1472903069-00&ServiceCd=430&Type=search", "url2": "https://www.jonnovi.net/" }, "geometry": { "type": "Point", "coordinates": [ 139.366033532610317, 35.481090839863391 ] } },
{ "type": "Feature", "properties": { "内容": "ケアマネのぞみ【居宅介護支援】神奈川県厚木市愛甲東一丁目11番8号", "url": "https://www.kaigokensaku.mhlw.go.jp/14/index.php?action_kouhyou_detail_004_kani=true&JigyosyoCd=1472901162-00&ServiceCd=430&Type=search", "url2": "http://www.nozomi-kaigo.jp" }, "geometry": { "type": "Point", "coordinates": [ 139.34706129999995, 35.4157648 ] } },
{ "type": "Feature", "properties": { "内容": "サニーライフ厚木戸室　居宅介護支援事業所【居宅介護支援】神奈川県厚木市戸室5-8-9有料老人ホームｻﾆｰﾗｲﾌ厚木戸室", "url": "https://www.kaigokensaku.mhlw.go.jp/14/index.php?action_kouhyou_detail_004_kani=true&JigyosyoCd=1472901592-00&ServiceCd=430&Type=search", "url2": null }, "geometry": { "type": "Point", "coordinates": [ 139.3454762, 35.4491056 ] } },
{ "type": "Feature", "properties": { "内容": "つきみ野かりん【居宅介護支援】神奈川県大和市下鶴間２１６０－１", "url": "https://www.kaigokensaku.mhlw.go.jp/14/index.php?action_kouhyou_detail_004_kani=true&JigyosyoCd=1473001269-00&ServiceCd=430&Type=search", "url2": "http://tsukiminokarin.wixsite.com/tsukiminokarin" }, "geometry": { "type": "Point", "coordinates": [ 139.4603548, 35.4953107 ] } },
{ "type": "Feature", "properties": { "内容": "ケアプランセンターふくすけ【居宅介護支援】神奈川県大和市渋谷4-12-3エル26　101号室", "url": "https://www.kaigokensaku.mhlw.go.jp/14/index.php?action_kouhyou_detail_004_kani=true&JigyosyoCd=1473003851-00&ServiceCd=430&Type=search", "url2": null }, "geometry": { "type": "Point", "coordinates": [ 139.4603046, 35.4341546 ] } },
{ "type": "Feature", "properties": { "内容": "おがげさま【居宅介護支援】神奈川県大和市中央林間1-13-19", "url": "https://www.kaigokensaku.mhlw.go.jp/14/index.php?action_kouhyou_detail_004_kani=true&JigyosyoCd=1473003877-00&ServiceCd=430&Type=search", "url2": null }, "geometry": { "type": "Point", "coordinates": [ 139.441020400000014, 35.5024879 ] } },
{ "type": "Feature", "properties": { "内容": "ケアプラン　Bambee【居宅介護支援】神奈川県大和市中央5-6-29第2ソーヨービル　2-503", "url": "https://www.kaigokensaku.mhlw.go.jp/14/index.php?action_kouhyou_detail_004_kani=true&JigyosyoCd=1473003885-00&ServiceCd=430&Type=search", "url2": null }, "geometry": { "type": "Point", "coordinates": [ 139.4567294, 35.4682485 ] } },
{ "type": "Feature", "properties": { "内容": "東京海上日動みずたま介護ST中央林間ケアプランセンター【居宅介護支援】神奈川県大和市中央林間4-21-19Heimstaette窈窕館1階", "url": "https://www.kaigokensaku.mhlw.go.jp/14/index.php?action_kouhyou_detail_004_kani=true&JigyosyoCd=1473003901-00&ServiceCd=430&Type=search", "url2": "https://www.tnbls.co.jp/mizutama/stations/chuourinkan/" }, "geometry": { "type": "Point", "coordinates": [ 139.4468929, 35.5054499 ] } },
{ "type": "Feature", "properties": { "内容": "南大和クリニック居宅介護支援事業所【居宅介護支援】神奈川県大和市下和田940-1南大和クリニック3F", "url": "https://www.kaigokensaku.mhlw.go.jp/14/index.php?action_kouhyou_detail_004_kani=true&JigyosyoCd=1413001054-00&ServiceCd=430&Type=search", "url2": "http://www.minamiyamato-hosp.or.jp/zaitaku/care.html" }, "geometry": { "type": "Point", "coordinates": [ 139.468354, 35.4315355 ] } },
{ "type": "Feature", "properties": { "内容": "ロゼホームつきみ野【居宅介護支援】神奈川県大和市下鶴間418-2", "url": "https://www.kaigokensaku.mhlw.go.jp/14/index.php?action_kouhyou_detail_004_kani=true&JigyosyoCd=1473000014-00&ServiceCd=430&Type=search", "url2": "http://www.rozehome.com/" }, "geometry": { "type": "Point", "coordinates": [ 139.461395700000025, 35.5132208 ] } },
{ "type": "Feature", "properties": { "内容": "医療法人徳洲会　大和徳洲会介護センター【居宅介護支援】神奈川県大和市中央1丁目1-15たつみビル２階", "url": "https://www.kaigokensaku.mhlw.go.jp/14/index.php?action_kouhyou_detail_004_kani=true&JigyosyoCd=1473000030-00&ServiceCd=430&Type=search", "url2": "http://www.yth.or.jp" }, "geometry": { "type": "Point", "coordinates": [ 139.460827600000016, 35.4688847 ] } },
{ "type": "Feature", "properties": { "内容": "居宅介護支援センター　サンホーム鶴間【居宅介護支援】神奈川県大和市西鶴間８－１－２", "url": "https://www.kaigokensaku.mhlw.go.jp/14/index.php?action_kouhyou_detail_004_kani=true&JigyosyoCd=1473000063-00&ServiceCd=430&Type=search", "url2": "http://sunhome.life.coocan.jp" }, "geometry": { "type": "Point", "coordinates": [ 139.441195599999986, 35.4842547 ] } },
{ "type": "Feature", "properties": { "内容": "ワーカーズ想事業所【居宅介護支援】神奈川県大和市西鶴間1-11-15", "url": "https://www.kaigokensaku.mhlw.go.jp/14/index.php?action_kouhyou_detail_004_kani=true&JigyosyoCd=1473000071-00&ServiceCd=430&Type=search", "url2": "http://www.npo-sou.or.jp/publics/index/32/" }, "geometry": { "type": "Point", "coordinates": [ 139.448722399999951, 35.4910365 ] } },
{ "type": "Feature", "properties": { "内容": "晃風園　居宅介護支援センター【居宅介護支援】神奈川県大和市草柳２－１５－１", "url": "https://www.kaigokensaku.mhlw.go.jp/14/index.php?action_kouhyou_detail_004_kani=true&JigyosyoCd=1473000089-00&ServiceCd=430&Type=search", "url2": "http://www.kofuen.jp/" }, "geometry": { "type": "Point", "coordinates": [ 139.4582289, 35.46044 ] } },
{ "type": "Feature", "properties": { "内容": "社会福祉法人　敬愛会【居宅介護支援】神奈川県大和市福田1551", "url": "https://www.kaigokensaku.mhlw.go.jp/14/index.php?action_kouhyou_detail_004_kani=true&JigyosyoCd=1473000097-00&ServiceCd=430&Type=search", "url2": "https://www.since1950-keiaikai-yamato.or.jp" }, "geometry": { "type": "Point", "coordinates": [ 139.4637126, 35.4238865 ] } },
{ "type": "Feature", "properties": { "内容": "大和市医師会　居宅介護支援事業所【居宅介護支援】神奈川県大和市鶴間１－２８－５大和市地域医療センター２F", "url": "https://www.kaigokensaku.mhlw.go.jp/14/index.php?action_kouhyou_detail_004_kani=true&JigyosyoCd=1473000220-00&ServiceCd=430&Type=search", "url2": "http://www.kanagawa.med.or.jp/yamato/hospital/kaigo.html" }, "geometry": { "type": "Point", "coordinates": [ 139.45561710000004, 35.4898098 ] } },
{ "type": "Feature", "properties": { "内容": "大和ＹＭＣＡケアプランセンター【居宅介護支援】神奈川県大和市大和東三丁目３番１６号", "url": "https://www.kaigokensaku.mhlw.go.jp/14/index.php?action_kouhyou_detail_004_kani=true&JigyosyoCd=1473000493-00&ServiceCd=430&Type=search", "url2": "https://www.yokohamaymca.org/facility/yamato-support/" }, "geometry": { "type": "Point", "coordinates": [ 139.4638754, 35.471949699999989 ] } },
{ "type": "Feature", "properties": { "内容": "東京海上日動みずたま介護ＳＴ大和ケアプランセンター【居宅介護支援】神奈川県大和市中央2－2－1Yフロント5階1", "url": "https://www.kaigokensaku.mhlw.go.jp/14/index.php?action_kouhyou_detail_004_kani=true&JigyosyoCd=1473001004-00&ServiceCd=430&Type=search", "url2": "https://www.tnbls.co.jp/mizutama/" }, "geometry": { "type": "Point", "coordinates": [ 139.459210443338748, 35.470318614215792 ] } },
{ "type": "Feature", "properties": { "内容": "ケアプラン　ハピネス【居宅介護支援】神奈川県大和市中央林間4丁目10番16号", "url": "https://www.kaigokensaku.mhlw.go.jp/14/index.php?action_kouhyou_detail_004_kani=true&JigyosyoCd=1473001186-00&ServiceCd=430&Type=search", "url2": "http://www.happiness-kaigo.co.jp/" }, "geometry": { "type": "Point", "coordinates": [ 139.446540899999945, 35.5051157 ] } },
{ "type": "Feature", "properties": { "内容": "居宅介護支援センター　ひまわりの郷【居宅介護支援】神奈川県大和市上和田3467-1", "url": "https://www.kaigokensaku.mhlw.go.jp/14/index.php?action_kouhyou_detail_004_kani=true&JigyosyoCd=1473001301-00&ServiceCd=430&Type=search", "url2": "https://www.himawarinosato.jp" }, "geometry": { "type": "Point", "coordinates": [ 139.468415099999987, 35.4368681 ] } },
{ "type": "Feature", "properties": { "内容": "せいわ居宅介護支援センター【居宅介護支援】神奈川県大和市南林間9-8-9成和ナーシングプラザ4階成和ナーシングプラザ", "url": "https://www.kaigokensaku.mhlw.go.jp/14/index.php?action_kouhyou_detail_004_kani=true&JigyosyoCd=1473001863-00&ServiceCd=430&Type=search", "url2": "https://www.fureai-g.or.jp/seiwa-np/" }, "geometry": { "type": "Point", "coordinates": [ 139.434732324293918, 35.495056610582985 ] } },
{ "type": "Feature", "properties": { "内容": "カーサプラチナ大和【居宅介護支援】神奈川県大和市渋谷6-7-4", "url": "https://www.kaigokensaku.mhlw.go.jp/14/index.php?action_kouhyou_detail_004_kani=true&JigyosyoCd=1473002168-00&ServiceCd=430&Type=search", "url2": "http://platinum-care.jp/yamato" }, "geometry": { "type": "Point", "coordinates": [ 139.466809600000033, 35.433357500000042 ] } },
{ "type": "Feature", "properties": { "内容": "さわやかケア鶴間・居宅介護支援【居宅介護支援】神奈川県大和市西鶴間1-8-14ヌーヴェル南林間101号室", "url": "https://www.kaigokensaku.mhlw.go.jp/14/index.php?action_kouhyou_detail_004_kani=true&JigyosyoCd=1473002192-00&ServiceCd=430&Type=search", "url2": "https://www.welcia-partners.co.jp/" }, "geometry": { "type": "Point", "coordinates": [ 139.447993495360578, 35.492325490587703 ] } },
{ "type": "Feature", "properties": { "内容": "おひさまケア　相模【居宅介護支援】神奈川県大和市桜森3-8-21", "url": "https://www.kaigokensaku.mhlw.go.jp/14/index.php?action_kouhyou_detail_004_kani=true&JigyosyoCd=1473002382-00&ServiceCd=430&Type=search", "url2": "https://a-place520.jp/" }, "geometry": { "type": "Point", "coordinates": [ 139.439931594581623, 35.471097703532152 ] } },
{ "type": "Feature", "properties": { "内容": "居宅介護支援事業所　グレイス【居宅介護支援】神奈川県大和市南林間6-4-25", "url": "https://www.kaigokensaku.mhlw.go.jp/14/index.php?action_kouhyou_detail_004_kani=true&JigyosyoCd=1473002465-00&ServiceCd=430&Type=search", "url2": null }, "geometry": { "type": "Point", "coordinates": [ 139.441475699999955, 35.4928279 ] } },
{ "type": "Feature", "properties": { "内容": "居宅支援　ゆこす【居宅介護支援】神奈川県大和市林間2-21-5", "url": "https://www.kaigokensaku.mhlw.go.jp/14/index.php?action_kouhyou_detail_004_kani=true&JigyosyoCd=1473002689-00&ServiceCd=430&Type=search", "url2": "https://ucs-llc.jp/" }, "geometry": { "type": "Point", "coordinates": [ 139.449504312445697, 35.498788758742158 ] } },
{ "type": "Feature", "properties": { "内容": "居宅介護支援事業所生きがい工房【居宅介護支援】神奈川県大和市上和田2412", "url": "https://www.kaigokensaku.mhlw.go.jp/14/index.php?action_kouhyou_detail_004_kani=true&JigyosyoCd=1473002721-00&ServiceCd=430&Type=search", "url2": "http://www.ikigai-koubou.com/" }, "geometry": { "type": "Point", "coordinates": [ 139.472723099999939, 35.4383514 ] } },
{ "type": "Feature", "properties": { "内容": "居宅介護支援相談室　未来【居宅介護支援】神奈川県大和市上和田９４２－１３", "url": "https://www.kaigokensaku.mhlw.go.jp/14/index.php?action_kouhyou_detail_004_kani=true&JigyosyoCd=1473002820-00&ServiceCd=430&Type=search", "url2": null }, "geometry": { "type": "Point", "coordinates": [ 139.468000800000027, 35.4518497 ] } },
{ "type": "Feature", "properties": { "内容": "喫茶マチカド介護とくらしの相談所【居宅介護支援】神奈川県大和市南林間1-18-16白杉店舗201号室", "url": "https://www.kaigokensaku.mhlw.go.jp/14/index.php?action_kouhyou_detail_004_kani=true&JigyosyoCd=1473003281-00&ServiceCd=430&Type=search", "url2": "https://machikado-cafe.com" }, "geometry": { "type": "Point", "coordinates": [ 139.445980501852404, 35.493986532178823 ] } },
{ "type": "Feature", "properties": { "内容": "居宅介護支援　ハイスポ【居宅介護支援】神奈川県大和市中央林間2-10-17メゾン中央林間Ⅱ103号", "url": "https://www.kaigokensaku.mhlw.go.jp/14/index.php?action_kouhyou_detail_004_kani=true&JigyosyoCd=1473003299-00&ServiceCd=430&Type=search", "url2": null }, "geometry": { "type": "Point", "coordinates": [ 139.4466301, 35.5038936 ] } },
{ "type": "Feature", "properties": { "内容": "ケアプランオーレ【居宅介護支援】神奈川県大和市中央林間一丁目１０番２１号エンゼルハイム２０２", "url": "https://www.kaigokensaku.mhlw.go.jp/14/index.php?action_kouhyou_detail_004_kani=true&JigyosyoCd=1473003315-00&ServiceCd=430&Type=search", "url2": null }, "geometry": { "type": "Point", "coordinates": [ 139.442807499999986, 35.5020643 ] } },
{ "type": "Feature", "properties": { "内容": "ツクイやまと【居宅介護支援】神奈川県大和市上草柳1-7-24", "url": "https://www.kaigokensaku.mhlw.go.jp/14/index.php?action_kouhyou_detail_004_kani=true&JigyosyoCd=1473003331-00&ServiceCd=430&Type=search", "url2": "https://www.tsukui.net/home-care/2250/" }, "geometry": { "type": "Point", "coordinates": [ 139.4556926, 35.4762801 ] } },
{ "type": "Feature", "properties": { "内容": "さちケアマネステーション【居宅介護支援】神奈川県大和市西鶴間1-19-16ソレイユⅡ201号", "url": "https://www.kaigokensaku.mhlw.go.jp/14/index.php?action_kouhyou_detail_004_kani=true&JigyosyoCd=1473003398-00&ServiceCd=430&Type=search", "url2": null }, "geometry": { "type": "Point", "coordinates": [ 139.4493709, 35.4896404 ] } },
{ "type": "Feature", "properties": { "内容": "居宅介護支援事業所　ケアプランわかみどり【居宅介護支援】神奈川県大和市中央２－７－２ＨＢビル３階", "url": "https://www.kaigokensaku.mhlw.go.jp/14/index.php?action_kouhyou_detail_004_kani=true&JigyosyoCd=1473003406-00&ServiceCd=430&Type=search", "url2": "https://www.ipc-project.jp" }, "geometry": { "type": "Point", "coordinates": [ 139.459224685748239, 35.471320060135085 ] } },
{ "type": "Feature", "properties": { "内容": "居宅介護支援ステーションはな【居宅介護支援】神奈川県大和市南林間2-13-2銀河ビル2階", "url": "https://www.kaigokensaku.mhlw.go.jp/14/index.php?action_kouhyou_detail_004_kani=true&JigyosyoCd=1473003414-00&ServiceCd=430&Type=search", "url2": "https://sakura-jpn.jala.co.jp/hana/" }, "geometry": { "type": "Point", "coordinates": [ 139.445677, 35.4951351 ] } },
{ "type": "Feature", "properties": { "内容": "ケアプランセンターモリラボ【居宅介護支援】神奈川県大和市上草柳4-3-6", "url": "https://www.kaigokensaku.mhlw.go.jp/14/index.php?action_kouhyou_detail_004_kani=true&JigyosyoCd=1473003455-00&ServiceCd=430&Type=search", "url2": "https://forest2016.com" }, "geometry": { "type": "Point", "coordinates": [ 139.454301916095886, 35.477031123136015 ] } },
{ "type": "Feature", "properties": { "内容": "プレマ会ケアプランセンター【居宅介護支援】神奈川県大和市上草柳186-3GANESH１階", "url": "https://www.kaigokensaku.mhlw.go.jp/14/index.php?action_kouhyou_detail_004_kani=true&JigyosyoCd=1473003463-00&ServiceCd=430&Type=search", "url2": "http://www.puremakai.or.jp/index.php/careplan/" }, "geometry": { "type": "Point", "coordinates": [ 139.442966399999989, 35.473062 ] } },
{ "type": "Feature", "properties": { "内容": "合同会社ケアプランセンターきずな【居宅介護支援】神奈川県大和市桜森3-7-4ニューハイツ桜森103", "url": "https://www.kaigokensaku.mhlw.go.jp/14/index.php?action_kouhyou_detail_004_kani=true&JigyosyoCd=1473003489-00&ServiceCd=430&Type=search", "url2": null }, "geometry": { "type": "Point", "coordinates": [ 139.4398687, 35.4717373 ] } },
{ "type": "Feature", "properties": { "内容": "ワークスケア千本桜【居宅介護支援】神奈川県大和市福田3595-37", "url": "https://www.kaigokensaku.mhlw.go.jp/14/index.php?action_kouhyou_detail_004_kani=true&JigyosyoCd=1473003547-00&ServiceCd=430&Type=search", "url2": null }, "geometry": { "type": "Point", "coordinates": [ 139.458959, 35.4380181 ] } },
{ "type": "Feature", "properties": { "内容": "ケアプラザ田園【居宅介護支援】神奈川県大和市林間1-20-15プライム林間１F", "url": "https://www.kaigokensaku.mhlw.go.jp/14/index.php?action_kouhyou_detail_004_kani=true&JigyosyoCd=1473003562-00&ServiceCd=430&Type=search", "url2": "https://www.yco.co.jp/" }, "geometry": { "type": "Point", "coordinates": [ 139.4517558, 35.498189 ] } },
{ "type": "Feature", "properties": { "内容": "ケアステーション　はくあ【居宅介護支援】神奈川県大和市上和田2412上和田団地2-14-101", "url": "https://www.kaigokensaku.mhlw.go.jp/14/index.php?action_kouhyou_detail_004_kani=true&JigyosyoCd=1473003620-00&ServiceCd=430&Type=search", "url2": null }, "geometry": { "type": "Point", "coordinates": [ 139.472375814819344, 35.436746108650361 ] } },
{ "type": "Feature", "properties": { "内容": "あいばな　ケアセンター大和【居宅介護支援】神奈川県大和市大和南2-10-4山善ビル203号", "url": "https://www.kaigokensaku.mhlw.go.jp/14/index.php?action_kouhyou_detail_004_kani=true&JigyosyoCd=1473003927-00&ServiceCd=430&Type=search", "url2": "https://www.aibana.jp/cont1/19.html" }, "geometry": { "type": "Point", "coordinates": [ 139.466284, 35.4658893 ] } },
{ "type": "Feature", "properties": { "内容": "居宅介護支援事業所　泉心会【居宅介護支援】神奈川県大和市中央林間9-3-35　kk-1長谷川ビル3階", "url": "https://www.kaigokensaku.mhlw.go.jp/14/index.php?action_kouhyou_detail_004_kani=true&JigyosyoCd=1483000020-00&ServiceCd=430&Type=search", "url2": null }, "geometry": { "type": "Point", "coordinates": [ 139.4496777, 35.5103404 ] } },
{ "type": "Feature", "properties": { "内容": "サニーケア居宅介護支援事業所【居宅介護支援】神奈川県大和市南林間4-4-1カーサグレイス103", "url": "https://www.kaigokensaku.mhlw.go.jp/14/index.php?action_kouhyou_detail_004_kani=true&JigyosyoCd=1473001376-00&ServiceCd=430&Type=search", "url2": null }, "geometry": { "type": "Point", "coordinates": [ 139.445280899999943, 35.4930861 ] } },
{ "type": "Feature", "properties": { "内容": "介護老人保健施設　しょうじゅの里大和【居宅介護支援】神奈川県大和市上和田2633", "url": "https://www.kaigokensaku.mhlw.go.jp/14/index.php?action_kouhyou_detail_004_kani=true&JigyosyoCd=1453080025-00&ServiceCd=430&Type=search", "url2": "http://www.akaedakai.com/yamato/pr/kyotaku.html" }, "geometry": { "type": "Point", "coordinates": [ 139.470909200000051, 35.4416454 ] } },
{ "type": "Feature", "properties": { "内容": "特別養護老人ホーム　和喜園【居宅介護支援】神奈川県大和市下和田字下ノ原822-1", "url": "https://www.kaigokensaku.mhlw.go.jp/14/index.php?action_kouhyou_detail_004_kani=true&JigyosyoCd=1473000261-00&ServiceCd=430&Type=search", "url2": "https://wakien.jp" }, "geometry": { "type": "Point", "coordinates": [ 139.470117800000025, 35.426439 ] } },
{ "type": "Feature", "properties": { "内容": "フェリエ　ドゥ　高座渋谷　居宅介護支援センター【居宅介護支援】神奈川県大和市渋谷8-1-3", "url": "https://www.kaigokensaku.mhlw.go.jp/14/index.php?action_kouhyou_detail_004_kani=true&JigyosyoCd=1473001558-00&ServiceCd=430&Type=search", "url2": "http://www.like-cn.co.jp/" }, "geometry": { "type": "Point", "coordinates": [ 139.464145899999949, 35.4319826 ] } },
{ "type": "Feature", "properties": { "内容": "ケアサポート　ゆかりの里【居宅介護支援】神奈川県大和市福田5-5-30", "url": "https://www.kaigokensaku.mhlw.go.jp/14/index.php?action_kouhyou_detail_004_kani=true&JigyosyoCd=1473002598-00&ServiceCd=430&Type=search", "url2": null }, "geometry": { "type": "Point", "coordinates": [ 139.4626151, 35.4462946 ] } },
{ "type": "Feature", "properties": { "内容": "HOT相談センター「Ｉ・ハート」【居宅介護支援】神奈川県大和市鶴間1‐28‐12中村ビル203号", "url": "https://www.kaigokensaku.mhlw.go.jp/14/index.php?action_kouhyou_detail_004_kani=true&JigyosyoCd=1473003018-00&ServiceCd=430&Type=search", "url2": null }, "geometry": { "type": "Point", "coordinates": [ 139.455943696908776, 35.489384007237376 ] } },
{ "type": "Feature", "properties": { "内容": "ＳＯＭＰＯケア　大和鶴間　居宅介護支援【居宅介護支援】神奈川県大和市鶴間2-11-29第2大和クリニックモール3階", "url": "https://www.kaigokensaku.mhlw.go.jp/14/index.php?action_kouhyou_detail_004_kani=true&JigyosyoCd=1473003109-00&ServiceCd=430&Type=search", "url2": "https://www.sompocare.com/" }, "geometry": { "type": "Point", "coordinates": [ 139.452961, 35.490581 ] } },
{ "type": "Feature", "properties": { "内容": "ケアプランセンター　うぃずYouやまと【居宅介護支援】神奈川県大和市深見西8－2－10", "url": "https://www.kaigokensaku.mhlw.go.jp/14/index.php?action_kouhyou_detail_004_kani=true&JigyosyoCd=1473003141-00&ServiceCd=430&Type=search", "url2": "https://j-lifedesign.com/facility/16766" }, "geometry": { "type": "Point", "coordinates": [ 139.458455400000048, 35.4857546 ] } },
{ "type": "Feature", "properties": { "内容": "おむすび居宅介護支援事業所【居宅介護支援】神奈川県大和市深見3539-1大和ビタビレッヂB棟　301号室", "url": "https://www.kaigokensaku.mhlw.go.jp/14/index.php?action_kouhyou_detail_004_kani=true&JigyosyoCd=1473003786-00&ServiceCd=430&Type=search", "url2": "https://www.omusubikango.com/" }, "geometry": { "type": "Point", "coordinates": [ 139.468380599999989, 35.4632665 ] } },
{ "type": "Feature", "properties": { "内容": "桜ヶ丘駅前居宅介護支援事業所【居宅介護支援】神奈川県大和市福田1-9-4ライオンズマンション桜ヶ丘駅前103号室", "url": "https://www.kaigokensaku.mhlw.go.jp/14/index.php?action_kouhyou_detail_004_kani=true&JigyosyoCd=1473003828-00&ServiceCd=430&Type=search", "url2": "https://www.since1950-keiaikai-yamato.or.jp/" }, "geometry": { "type": "Point", "coordinates": [ 139.464213699999988, 35.4507014 ] } },
{ "type": "Feature", "properties": { "内容": "フラステーション居宅介護支援事業所【居宅介護支援】神奈川県大和市上和田188-6", "url": "https://www.kaigokensaku.mhlw.go.jp/14/index.php?action_kouhyou_detail_004_kani=true&JigyosyoCd=1473003364-00&ServiceCd=430&Type=search", "url2": "https://flastation.com/" }, "geometry": { "type": "Point", "coordinates": [ 139.4732292, 35.4576852 ] } },
{ "type": "Feature", "properties": { "内容": "アテンドケアプラン湘南【居宅介護支援】神奈川県伊勢原市伊勢原４丁目６７０番地１プリメール伊勢原３０６", "url": "https://www.kaigokensaku.mhlw.go.jp/14/index.php?action_kouhyou_detail_004_kani=true&JigyosyoCd=1474001623-00&ServiceCd=430&Type=search", "url2": null }, "geometry": { "type": "Point", "coordinates": [ 139.313836, 35.4004171 ] } },
{ "type": "Feature", "properties": { "内容": "医療法人社団　松和会　介護老人保健施設ききょう苑【居宅介護支援】神奈川県伊勢原市沼目6-1237", "url": "https://www.kaigokensaku.mhlw.go.jp/14/index.php?action_kouhyou_detail_004_kani=true&JigyosyoCd=1454080016-00&ServiceCd=430&Type=search", "url2": "http://www.mtnet.jp/kikyo-en/" }, "geometry": { "type": "Point", "coordinates": [ 139.331438, 35.388304 ] } },
{ "type": "Feature", "properties": { "内容": "介護支援事業所りんどう【居宅介護支援】神奈川県伊勢原市板戸126-1", "url": "https://www.kaigokensaku.mhlw.go.jp/14/index.php?action_kouhyou_detail_004_kani=true&JigyosyoCd=1474000021-00&ServiceCd=430&Type=search", "url2": "https://www.hbc-rindou.co.jp/officeinfo/isehara/post_10.html" }, "geometry": { "type": "Point", "coordinates": [ 139.297734370000626, 35.402291246582131 ] } },
{ "type": "Feature", "properties": { "内容": "高齢者総合支援センター泉心荘【居宅介護支援】神奈川県伊勢原市三ノ宮511番地の1", "url": "https://www.kaigokensaku.mhlw.go.jp/14/index.php?action_kouhyou_detail_004_kani=true&JigyosyoCd=1474000039-00&ServiceCd=430&Type=search", "url2": "https://senshinso.or.jp/nursing-service-being#caremanager" }, "geometry": { "type": "Point", "coordinates": [ 139.288451099999946, 35.4085338 ] } },
{ "type": "Feature", "properties": { "内容": "高齢者生活支援センター　らんの里【居宅介護支援】神奈川県伊勢原市沼目６－１２５７", "url": "https://www.kaigokensaku.mhlw.go.jp/14/index.php?action_kouhyou_detail_004_kani=true&JigyosyoCd=1474000062-00&ServiceCd=430&Type=search", "url2": "http://showyoukai.com/" }, "geometry": { "type": "Point", "coordinates": [ 139.330338200000028, 35.3885651 ] } },
{ "type": "Feature", "properties": { "内容": "だいろく介護支援センター【居宅介護支援】神奈川県伊勢原市子易１２５４－４", "url": "https://www.kaigokensaku.mhlw.go.jp/14/index.php?action_kouhyou_detail_004_kani=true&JigyosyoCd=1474000070-00&ServiceCd=430&Type=search", "url2": "http://www.dairoku.org" }, "geometry": { "type": "Point", "coordinates": [ 139.268904420901436, 35.41722612906964 ] } },
{ "type": "Feature", "properties": { "内容": "医療法人社団三喜会鶴巻訪問看護ステーションいせはら居宅介護支援センター【居宅介護支援】神奈川県伊勢原市桜台1-13-13丸興ビル202", "url": "https://www.kaigokensaku.mhlw.go.jp/14/index.php?action_kouhyou_detail_004_kani=true&JigyosyoCd=1474000302-00&ServiceCd=430&Type=search", "url2": "http://www.sankikai.or.jp" }, "geometry": { "type": "Point", "coordinates": [ 139.314349146032782, 35.393809928493923 ] } },
{ "type": "Feature", "properties": { "内容": "居宅介護支援のい【居宅介護支援】神奈川県伊勢原市西富岡729-206", "url": "https://www.kaigokensaku.mhlw.go.jp/14/index.php?action_kouhyou_detail_004_kani=true&JigyosyoCd=1474000633-00&ServiceCd=430&Type=search", "url2": "https://noikango-isehara.com/" }, "geometry": { "type": "Point", "coordinates": [ 139.299141942644496, 35.428940438244958 ] } },
{ "type": "Feature", "properties": { "内容": "センチュリー東大竹居宅介護支援事業所【居宅介護支援】神奈川県伊勢原市東大竹2-25-1センチュリーガーデンズ東大竹内", "url": "https://www.kaigokensaku.mhlw.go.jp/14/index.php?action_kouhyou_detail_004_kani=true&JigyosyoCd=1474000963-00&ServiceCd=430&Type=search", "url2": "http://www.century-gdns.com/kyotaku_service.html" }, "geometry": { "type": "Point", "coordinates": [ 139.306426979386515, 35.394611498986514 ] } },
{ "type": "Feature", "properties": { "内容": "ケアプラン宝命【居宅介護支援】神奈川県伊勢原市下糟屋3005-2", "url": "https://www.kaigokensaku.mhlw.go.jp/14/index.php?action_kouhyou_detail_004_kani=true&JigyosyoCd=1474001045-00&ServiceCd=430&Type=search", "url2": "https://homeikango.com" }, "geometry": { "type": "Point", "coordinates": [ 139.320352678589103, 35.406805179475924 ] } },
{ "type": "Feature", "properties": { "内容": "居宅介護支援事業所　湘南けやきの郷【居宅介護支援】神奈川県伊勢原市小稲葉1281", "url": "https://www.kaigokensaku.mhlw.go.jp/14/index.php?action_kouhyou_detail_004_kani=true&JigyosyoCd=1474001086-00&ServiceCd=430&Type=search", "url2": "http://www.inabakai.or.jp" }, "geometry": { "type": "Point", "coordinates": [ 139.351160599999957, 35.3919399 ] } },
{ "type": "Feature", "properties": { "内容": "居宅介護支援事業所　きずな【居宅介護支援】神奈川県伊勢原市高森4丁目19-34", "url": "https://www.kaigokensaku.mhlw.go.jp/14/index.php?action_kouhyou_detail_004_kani=true&JigyosyoCd=1474001227-00&ServiceCd=430&Type=search", "url2": "https://well-age.com/" }, "geometry": { "type": "Point", "coordinates": [ 139.331014893917882, 35.418284758084326 ] } },
{ "type": "Feature", "properties": { "内容": "SMC居宅介護支援事業所いせはら【居宅介護支援】神奈川県伊勢原市高森３丁目5番２０号", "url": "https://www.kaigokensaku.mhlw.go.jp/14/index.php?action_kouhyou_detail_004_kani=true&JigyosyoCd=1474001383-00&ServiceCd=430&Type=search", "url2": "http://www.smcg.jp" }, "geometry": { "type": "Point", "coordinates": [ 139.3303472, 35.4123094 ] } },
{ "type": "Feature", "properties": { "内容": "医療法人社団　佑樹会　居宅介護支援事業所　あゆみの里【居宅介護支援】神奈川県伊勢原市石田1710番地", "url": "https://www.kaigokensaku.mhlw.go.jp/14/index.php?action_kouhyou_detail_004_kani=true&JigyosyoCd=1474001466-00&ServiceCd=430&Type=search", "url2": "http://yuuki-kai.com/ayumi_top/" }, "geometry": { "type": "Point", "coordinates": [ 139.347067210056963, 35.407925097711555 ] } },
{ "type": "Feature", "properties": { "内容": "桜ケアプラン伊勢原【居宅介護支援】神奈川県伊勢原市小稲葉2611", "url": "https://www.kaigokensaku.mhlw.go.jp/14/index.php?action_kouhyou_detail_004_kani=true&JigyosyoCd=1474001474-00&ServiceCd=430&Type=search", "url2": "https://sakura-jpn.jala.co.jp/sakura/sakura-care.html" }, "geometry": { "type": "Point", "coordinates": [ 139.3558722, 35.3887039 ] } },
{ "type": "Feature", "properties": { "内容": "風の丘　居宅支援事業所【居宅介護支援】神奈川県伊勢原市高森台2-7-11", "url": "https://www.kaigokensaku.mhlw.go.jp/14/index.php?action_kouhyou_detail_004_kani=true&JigyosyoCd=1474000484-00&ServiceCd=430&Type=search", "url2": "www.ichigo-ichie.com" }, "geometry": { "type": "Point", "coordinates": [ 139.331327947885171, 35.423681727926208 ] } },
{ "type": "Feature", "properties": { "内容": "学研ココファン伊勢原【居宅介護支援】神奈川県伊勢原市桜台4-5-7", "url": "https://www.kaigokensaku.mhlw.go.jp/14/index.php?action_kouhyou_detail_004_kani=true&JigyosyoCd=1474000914-00&ServiceCd=430&Type=search", "url2": "https://www.cocofump.co.jp/facilities/detail/isehara/" }, "geometry": { "type": "Point", "coordinates": [ 139.317356300000029, 35.3898536 ] } },
{ "type": "Feature", "properties": { "内容": "天使の手　居宅介護支援事業所【居宅介護支援】神奈川県伊勢原市小稲葉209-2", "url": "https://www.kaigokensaku.mhlw.go.jp/14/index.php?action_kouhyou_detail_004_kani=true&JigyosyoCd=1474001219-00&ServiceCd=430&Type=search", "url2": null }, "geometry": { "type": "Point", "coordinates": [ 139.351967700000017, 35.396039 ] } },
{ "type": "Feature", "properties": { "内容": "指定相談支援アットコレット伊勢原【居宅介護支援】神奈川県伊勢原市田中268-1多田ビル004号室", "url": "https://www.kaigokensaku.mhlw.go.jp/14/index.php?action_kouhyou_detail_004_kani=true&JigyosyoCd=1474001607-00&ServiceCd=430&Type=search", "url2": "https://at-care.co.jp/" }, "geometry": { "type": "Point", "coordinates": [ 139.3152428, 35.4016152 ] } },
{ "type": "Feature", "properties": { "内容": "介護老人保健施設ほほえみの丘【居宅介護支援】神奈川県伊勢原市下平間700番地", "url": "https://www.kaigokensaku.mhlw.go.jp/14/index.php?action_kouhyou_detail_004_kani=true&JigyosyoCd=1454080008-00&ServiceCd=430&Type=search", "url2": "http://www.kouseiren.net/hohoemi/" }, "geometry": { "type": "Point", "coordinates": [ 139.32021450000002, 35.3835766 ] } },
{ "type": "Feature", "properties": { "内容": "ゆめいろケアプラン【居宅介護支援】神奈川県伊勢原市池端２５５－１明昭ハイツ２０１号", "url": "https://www.kaigokensaku.mhlw.go.jp/14/index.php?action_kouhyou_detail_004_kani=true&JigyosyoCd=1474000872-00&ServiceCd=430&Type=search", "url2": null }, "geometry": { "type": "Point", "coordinates": [ 139.318739199999982, 35.3990664 ] } },
{ "type": "Feature", "properties": { "内容": "SOMPOケア伊勢原　居宅介護支援【居宅介護支援】神奈川県伊勢原市桜台1丁目15-32ｸﾞﾚｲｽﾏﾝｼｮﾝ303", "url": "https://www.kaigokensaku.mhlw.go.jp/14/index.php?action_kouhyou_detail_004_kani=true&JigyosyoCd=1474001540-00&ServiceCd=430&Type=search", "url2": "https://www.sompocare.com/" }, "geometry": { "type": "Point", "coordinates": [ 139.3133694, 35.3943519 ] } },
{ "type": "Feature", "properties": { "内容": "医心館居宅介護支援事業所海老名【居宅介護支援】神奈川県海老名市泉一丁目２番１号", "url": "https://www.kaigokensaku.mhlw.go.jp/14/index.php?action_kouhyou_detail_004_kani=true&JigyosyoCd=1474201702-00&ServiceCd=430&Type=search", "url2": null }, "geometry": { "type": "Point", "coordinates": [ 139.3923139, 35.4568447 ] } },
{ "type": "Feature", "properties": { "内容": "指定相談支援アットコレットかしわ台【居宅介護支援】神奈川県海老名市上今泉6-47-36", "url": "https://www.kaigokensaku.mhlw.go.jp/14/index.php?action_kouhyou_detail_004_kani=true&JigyosyoCd=1474201728-00&ServiceCd=430&Type=search", "url2": "https://at-care.co.jp/" }, "geometry": { "type": "Point", "coordinates": [ 139.414869399999986, 35.469129 ] } },
{ "type": "Feature", "properties": { "内容": "タツミケアプランセンター海老名【居宅介護支援】神奈川県海老名市中央3-3-32グランドール海老名702号室", "url": "https://www.kaigokensaku.mhlw.go.jp/14/index.php?action_kouhyou_detail_004_kani=true&JigyosyoCd=1474201777-00&ServiceCd=430&Type=search", "url2": "https://www.medi-p.jp/corporate/cat-station/home-care/7684/" }, "geometry": { "type": "Point", "coordinates": [ 139.389020499999987, 35.4505401 ] } },
{ "type": "Feature", "properties": { "内容": "老人保健施設　えびな【居宅介護支援】神奈川県海老名市柏ケ谷6-9-3", "url": "https://www.kaigokensaku.mhlw.go.jp/14/index.php?action_kouhyou_detail_004_kani=true&JigyosyoCd=1454280004-00&ServiceCd=430&Type=search", "url2": "http://www.hanashi-seikeigeka.com/" }, "geometry": { "type": "Point", "coordinates": [ 139.410559599999971, 35.4649659 ] } },
{ "type": "Feature", "properties": { "内容": "ケアネット海老名第I【居宅介護支援】神奈川県海老名市中央4-16-1海老名総合病院", "url": "https://www.kaigokensaku.mhlw.go.jp/14/index.php?action_kouhyou_detail_004_kani=true&JigyosyoCd=1474200019-00&ServiceCd=430&Type=search", "url2": "http://www.jinai.jp/carenet_ebina/" }, "geometry": { "type": "Point", "coordinates": [ 139.386103067937654, 35.447675775736727 ] } },
{ "type": "Feature", "properties": { "内容": "ほほえみケアネット【居宅介護支援】神奈川県海老名市中河内1227-1", "url": "https://www.kaigokensaku.mhlw.go.jp/14/index.php?action_kouhyou_detail_004_kani=true&JigyosyoCd=1474200126-00&ServiceCd=430&Type=search", "url2": "http://www.shinnaikai-medical.or.jp/shinnaikai/index.html" }, "geometry": { "type": "Point", "coordinates": [ 139.391655300000025, 35.4198072 ] } },
{ "type": "Feature", "properties": { "内容": "ワーカーズ・コレクティブあい居宅支援【居宅介護支援】神奈川県海老名市中央2-7の33コーポラスエビナA107コーポラスエビナA107", "url": "https://www.kaigokensaku.mhlw.go.jp/14/index.php?action_kouhyou_detail_004_kani=true&JigyosyoCd=1474200712-00&ServiceCd=430&Type=search", "url2": "http://npoai-92.com/" }, "geometry": { "type": "Point", "coordinates": [ 139.3949222, 35.447565200000021 ] } },
{ "type": "Feature", "properties": { "内容": "ケアネット海老名第II【居宅介護支援】神奈川県海老名市杉久保南2-13-13海老名杉久保ステーション", "url": "https://www.kaigokensaku.mhlw.go.jp/14/index.php?action_kouhyou_detail_004_kani=true&JigyosyoCd=1474200720-00&ServiceCd=430&Type=search", "url2": "http://www.jinai.jp/carenet_ebina/" }, "geometry": { "type": "Point", "coordinates": [ 139.40148225533261, 35.423475879552917 ] } },
{ "type": "Feature", "properties": { "内容": "ケアサポート結【居宅介護支援】神奈川県海老名市今里3-11-35", "url": "https://www.kaigokensaku.mhlw.go.jp/14/index.php?action_kouhyou_detail_004_kani=true&JigyosyoCd=1474200936-00&ServiceCd=430&Type=search", "url2": null }, "geometry": { "type": "Point", "coordinates": [ 139.3865753, 35.4283286 ] } },
{ "type": "Feature", "properties": { "内容": "サンライズ・ヴィラさがみ野居宅介護支援センター【居宅介護支援】神奈川県海老名市東柏ケ谷3-4-8", "url": "https://www.kaigokensaku.mhlw.go.jp/14/index.php?action_kouhyou_detail_004_kani=true&JigyosyoCd=1474200969-00&ServiceCd=430&Type=search", "url2": null }, "geometry": { "type": "Point", "coordinates": [ 139.430316299999959, 35.4716571 ] } },
{ "type": "Feature", "properties": { "内容": "クオール海老名【居宅介護支援】神奈川県海老名市中新田3-9-51プレーヂオ’99106号", "url": "https://www.kaigokensaku.mhlw.go.jp/14/index.php?action_kouhyou_detail_004_kani=true&JigyosyoCd=1474201041-00&ServiceCd=430&Type=search", "url2": null }, "geometry": { "type": "Point", "coordinates": [ 139.380833996676188, 35.439711057231598 ] } },
{ "type": "Feature", "properties": { "内容": "ケアプラン　クローバー【居宅介護支援】神奈川県海老名市国分南3-21-13", "url": "https://www.kaigokensaku.mhlw.go.jp/14/index.php?action_kouhyou_detail_004_kani=true&JigyosyoCd=1474201231-00&ServiceCd=430&Type=search", "url2": null }, "geometry": { "type": "Point", "coordinates": [ 139.400622040805956, 35.449358022003402 ] } },
{ "type": "Feature", "properties": { "内容": "ケアプラン　ライフラボ【居宅介護支援】神奈川県海老名市杉久保南1-6-1大貫事務所1F", "url": "https://www.kaigokensaku.mhlw.go.jp/14/index.php?action_kouhyou_detail_004_kani=true&JigyosyoCd=1474201272-00&ServiceCd=430&Type=search", "url2": "http://hp.kaipoke.biz/4as/" }, "geometry": { "type": "Point", "coordinates": [ 139.378014300000018, 35.4117076 ] } },
{ "type": "Feature", "properties": { "内容": "LEAケアステーション【居宅介護支援】神奈川県海老名市下今泉4丁目2番地14号グランツ海老名2階", "url": "https://www.kaigokensaku.mhlw.go.jp/14/index.php?action_kouhyou_detail_004_kani=true&JigyosyoCd=1474201306-00&ServiceCd=430&Type=search", "url2": null }, "geometry": { "type": "Point", "coordinates": [ 139.389036060713238, 35.467996324956736 ] } },
{ "type": "Feature", "properties": { "内容": "けやきライフ海老名【居宅介護支援】神奈川県海老名市中新田4-8-26海老名ロイヤルマンション101号室", "url": "https://www.kaigokensaku.mhlw.go.jp/14/index.php?action_kouhyou_detail_004_kani=true&JigyosyoCd=1474201314-00&ServiceCd=430&Type=search", "url2": null }, "geometry": { "type": "Point", "coordinates": [ 139.383185599999933, 35.429651 ] } },
{ "type": "Feature", "properties": { "内容": "桜ケアプラン海老名【居宅介護支援】神奈川県海老名市社家6-4-22", "url": "https://www.kaigokensaku.mhlw.go.jp/14/index.php?action_kouhyou_detail_004_kani=true&JigyosyoCd=1474201546-00&ServiceCd=430&Type=search", "url2": "https://sakura-jpn.jala.co.jp/sakura/sakura-care.html" }, "geometry": { "type": "Point", "coordinates": [ 139.3780083, 35.4217289 ] } },
{ "type": "Feature", "properties": { "内容": "プラン　ここはる【居宅介護支援】神奈川県海老名市柏ケ谷3-5-25-201田野口第一ビル201", "url": "https://www.kaigokensaku.mhlw.go.jp/14/index.php?action_kouhyou_detail_004_kani=true&JigyosyoCd=1474201587-00&ServiceCd=430&Type=search", "url2": null }, "geometry": { "type": "Point", "coordinates": [ 139.411126899999971, 35.4639859 ] } },
{ "type": "Feature", "properties": { "内容": "ケアプラン愛【居宅介護支援】神奈川県海老名市望地2-3-27ファミリアM-A　101", "url": "https://www.kaigokensaku.mhlw.go.jp/14/index.php?action_kouhyou_detail_004_kani=true&JigyosyoCd=1474201595-00&ServiceCd=430&Type=search", "url2": null }, "geometry": { "type": "Point", "coordinates": [ 139.4054076, 35.4535256 ] } },
{ "type": "Feature", "properties": { "内容": "ｌanaケアマネステーション【居宅介護支援】神奈川県海老名市上今泉2-8-22", "url": "https://www.kaigokensaku.mhlw.go.jp/14/index.php?action_kouhyou_detail_004_kani=true&JigyosyoCd=1474201629-00&ServiceCd=430&Type=search", "url2": null }, "geometry": { "type": "Point", "coordinates": [ 139.399012086508151, 35.466594597948962 ] } },
{ "type": "Feature", "properties": { "内容": "ケアフレンドえびな【居宅介護支援】神奈川県海老名市柏ケ谷一丁目６番１404号", "url": "https://www.kaigokensaku.mhlw.go.jp/14/index.php?action_kouhyou_detail_004_kani=true&JigyosyoCd=1474201637-00&ServiceCd=430&Type=search", "url2": "http://cfe.life.coocan.jp" }, "geometry": { "type": "Point", "coordinates": [ 139.4178852411913, 35.46815421551765 ] } },
{ "type": "Feature", "properties": { "内容": "手と手ケアマネ事務所【居宅介護支援】神奈川県海老名市中野１－７－１９メゾン寿202", "url": "https://www.kaigokensaku.mhlw.go.jp/14/index.php?action_kouhyou_detail_004_kani=true&JigyosyoCd=1474201645-00&ServiceCd=430&Type=search", "url2": "https://www.tetote-care.com/" }, "geometry": { "type": "Point", "coordinates": [ 139.373799600000012, 35.4142622 ] } },
{ "type": "Feature", "properties": { "内容": "えびな北高齢者施設【居宅介護支援】神奈川県海老名市上今泉4-8-28", "url": "https://www.kaigokensaku.mhlw.go.jp/14/index.php?action_kouhyou_detail_004_kani=true&JigyosyoCd=1474200605-00&ServiceCd=430&Type=search", "url2": "https://ebinakita.com/" }, "geometry": { "type": "Point", "coordinates": [ 139.402551899999906, 35.4699122 ] } },
{ "type": "Feature", "properties": { "内容": "ケアプラン　エンゼルあきちゃん【居宅介護支援】神奈川県海老名市大谷北2-23-50", "url": "https://www.kaigokensaku.mhlw.go.jp/14/index.php?action_kouhyou_detail_004_kani=true&JigyosyoCd=1474200639-00&ServiceCd=430&Type=search", "url2": "https://angel-akichan.jimdofree.com/ケアプラン/" }, "geometry": { "type": "Point", "coordinates": [ 139.398999190043696, 35.444440745455395 ] } },
{ "type": "Feature", "properties": { "内容": "サポートステーションえびな【居宅介護支援】神奈川県海老名市大谷北3－20－3－2", "url": "https://www.kaigokensaku.mhlw.go.jp/14/index.php?action_kouhyou_detail_004_kani=true&JigyosyoCd=1474201157-00&ServiceCd=430&Type=search", "url2": "http://www3.hp-ez.com/hp/socialwork-office/" }, "geometry": { "type": "Point", "coordinates": [ 139.399374524497944, 35.440428652415726 ] } },
{ "type": "Feature", "properties": { "内容": "たんぽぽケアプラン【居宅介護支援】神奈川県海老名市国分寺台5-17-8ビューハイツ201", "url": "https://www.kaigokensaku.mhlw.go.jp/14/index.php?action_kouhyou_detail_004_kani=true&JigyosyoCd=1474201421-00&ServiceCd=430&Type=search", "url2": null }, "geometry": { "type": "Point", "coordinates": [ 139.388914, 35.4260149 ] } },
{ "type": "Feature", "properties": { "内容": "ケアプランいろどり【居宅介護支援】神奈川県海老名市下今泉1−8−32マルベリー202号室", "url": "https://www.kaigokensaku.mhlw.go.jp/14/index.php?action_kouhyou_detail_004_kani=true&JigyosyoCd=1474201686-00&ServiceCd=430&Type=search", "url2": "https://www.irodorikango.com/" }, "geometry": { "type": "Point", "coordinates": [ 139.3871656, 35.4611733 ] } },
{ "type": "Feature", "properties": { "内容": "ルリエケアサポート【居宅介護支援】神奈川県海老名市中央３丁目４-３ライオンズマンション海老名第三　1004号", "url": "https://www.kaigokensaku.mhlw.go.jp/14/index.php?action_kouhyou_detail_004_kani=true&JigyosyoCd=1474201710-00&ServiceCd=430&Type=search", "url2": null }, "geometry": { "type": "Point", "coordinates": [ 139.3884094, 35.4502249 ] } },
{ "type": "Feature", "properties": { "内容": "Withケア【居宅介護支援】神奈川県座間市相武台3-42-61それいゆ相武台208号室", "url": "https://www.kaigokensaku.mhlw.go.jp/14/index.php?action_kouhyou_detail_004_kani=true&JigyosyoCd=1474101787-00&ServiceCd=430&Type=search", "url2": null }, "geometry": { "type": "Point", "coordinates": [ 139.410428599999989, 35.4995441 ] } },
{ "type": "Feature", "properties": { "内容": "ハートケアステーション・コスモス【居宅介護支援】神奈川県座間市栗原中央5丁目1-44", "url": "https://www.kaigokensaku.mhlw.go.jp/14/index.php?action_kouhyou_detail_004_kani=true&JigyosyoCd=1464190070-00&ServiceCd=430&Type=search", "url2": "http://www.heart-care-cosmos.net/" }, "geometry": { "type": "Point", "coordinates": [ 139.417894700000033, 35.481388400000014 ] } },
{ "type": "Feature", "properties": { "内容": "ベルホーム居宅支援センター【居宅介護支援】神奈川県座間市栗原１２６１－１", "url": "https://www.kaigokensaku.mhlw.go.jp/14/index.php?action_kouhyou_detail_004_kani=true&JigyosyoCd=1474100011-00&ServiceCd=430&Type=search", "url2": "https://www.bellhome.or.jp/" }, "geometry": { "type": "Point", "coordinates": [ 139.417760700000031, 35.5011739 ] } },
{ "type": "Feature", "properties": { "内容": "座間苑　居宅介護支援事業所【居宅介護支援】神奈川県座間市新田宿623", "url": "https://www.kaigokensaku.mhlw.go.jp/14/index.php?action_kouhyou_detail_004_kani=true&JigyosyoCd=1474100029-00&ServiceCd=430&Type=search", "url2": "http://www.zamaen.or.jp/" }, "geometry": { "type": "Point", "coordinates": [ 139.380607032821473, 35.479751843800443 ] } },
{ "type": "Feature", "properties": { "内容": "居宅介護支援事業センター　栗原ホーム【居宅介護支援】神奈川県座間市栗原中央6-1-18", "url": "https://www.kaigokensaku.mhlw.go.jp/14/index.php?action_kouhyou_detail_004_kani=true&JigyosyoCd=1474100037-00&ServiceCd=430&Type=search", "url2": "http://www.zama-keishinkai.or.jp/" }, "geometry": { "type": "Point", "coordinates": [ 139.416908499999977, 35.4863431 ] } },
{ "type": "Feature", "properties": { "内容": "座間市社協居宅介護支援事業所【居宅介護支援】神奈川県座間市相武台4丁目15-53", "url": "https://www.kaigokensaku.mhlw.go.jp/14/index.php?action_kouhyou_detail_004_kani=true&JigyosyoCd=1474100045-00&ServiceCd=430&Type=search", "url2": "http://www.zamashakyo.jp/" }, "geometry": { "type": "Point", "coordinates": [ 139.409938618748896, 35.498665844177317 ] } },
{ "type": "Feature", "properties": { "内容": "医療法人社団　恭雅会　座間ケアプランセンター【居宅介護支援】神奈川県座間市立野台2-20-24座間小児科診療所内", "url": "https://www.kaigokensaku.mhlw.go.jp/14/index.php?action_kouhyou_detail_004_kani=true&JigyosyoCd=1474100128-00&ServiceCd=430&Type=search", "url2": null }, "geometry": { "type": "Point", "coordinates": [ 139.411395299999981, 35.4802663 ] } },
{ "type": "Feature", "properties": { "内容": "居宅介護支援事業所　憩【居宅介護支援】神奈川県座間市相武台三丁目27番60号", "url": "https://www.kaigokensaku.mhlw.go.jp/14/index.php?action_kouhyou_detail_004_kani=true&JigyosyoCd=1474100276-00&ServiceCd=430&Type=search", "url2": "https://www.kenkouigaku.co.jp/kyotaku_ikoi/" }, "geometry": { "type": "Point", "coordinates": [ 139.4131195, 35.5009463 ] } },
{ "type": "Feature", "properties": { "内容": "ワーカーズ・コレクティブ風【居宅介護支援】神奈川県座間市入谷東3丁目8番9号", "url": "https://www.kaigokensaku.mhlw.go.jp/14/index.php?action_kouhyou_detail_004_kani=true&JigyosyoCd=1474100292-00&ServiceCd=430&Type=search", "url2": null }, "geometry": { "type": "Point", "coordinates": [ 139.404340300000058, 35.4833352 ] } },
{ "type": "Feature", "properties": { "内容": "あおば福祉サービス【居宅介護支援】神奈川県座間市四ツ谷638", "url": "https://www.kaigokensaku.mhlw.go.jp/14/index.php?action_kouhyou_detail_004_kani=true&JigyosyoCd=1474100433-00&ServiceCd=430&Type=search", "url2": "http://www.aoba-med.co.jp" }, "geometry": { "type": "Point", "coordinates": [ 139.3876557828535, 35.473256543271674 ] } },
{ "type": "Feature", "properties": { "内容": "介護サポートAz【居宅介護支援】神奈川県座間市広野台1-25-11", "url": "https://www.kaigokensaku.mhlw.go.jp/14/index.php?action_kouhyou_detail_004_kani=true&JigyosyoCd=1474100490-00&ServiceCd=430&Type=search", "url2": null }, "geometry": { "type": "Point", "coordinates": [ 139.418227782079725, 35.505725651843889 ] } },
{ "type": "Feature", "properties": { "内容": "茜ケアサービス有限会社【居宅介護支援】神奈川県座間市栗原中央1-31-24", "url": "https://www.kaigokensaku.mhlw.go.jp/14/index.php?action_kouhyou_detail_004_kani=true&JigyosyoCd=1474100516-00&ServiceCd=430&Type=search", "url2": null }, "geometry": { "type": "Point", "coordinates": [ 139.415522399999958, 35.4883206 ] } },
{ "type": "Feature", "properties": { "内容": "ケアサービス　サンセール【居宅介護支援】神奈川県座間市入谷西３－１７－１５アクセス１０１", "url": "https://www.kaigokensaku.mhlw.go.jp/14/index.php?action_kouhyou_detail_004_kani=true&JigyosyoCd=1474100532-00&ServiceCd=430&Type=search", "url2": "https://care-sincere.com/caremanager/" }, "geometry": { "type": "Point", "coordinates": [ 139.3997372, 35.481864800000032 ] } },
{ "type": "Feature", "properties": { "内容": "愛みんケアセンター【居宅介護支援】神奈川県座間市入谷東4-16-3", "url": "https://www.kaigokensaku.mhlw.go.jp/14/index.php?action_kouhyou_detail_004_kani=true&JigyosyoCd=1474101126-00&ServiceCd=430&Type=search", "url2": null }, "geometry": { "type": "Point", "coordinates": [ 139.407002871945082, 35.476723665416593 ] } },
{ "type": "Feature", "properties": { "内容": "ケアネット座間【居宅介護支援】神奈川県座間市相武台1-50-1座間総合病院内", "url": "https://www.kaigokensaku.mhlw.go.jp/14/index.php?action_kouhyou_detail_004_kani=true&JigyosyoCd=1474101407-00&ServiceCd=430&Type=search", "url2": "https://www.jinai.jp/carenet_zama" }, "geometry": { "type": "Point", "coordinates": [ 139.4007004, 35.4941544 ] } },
{ "type": "Feature", "properties": { "内容": "ワークスケア【居宅介護支援】神奈川県座間市小松原1-22-12", "url": "https://www.kaigokensaku.mhlw.go.jp/14/index.php?action_kouhyou_detail_004_kani=true&JigyosyoCd=1474101530-00&ServiceCd=430&Type=search", "url2": "http://hp.kaipoke.biz/yh8/" }, "geometry": { "type": "Point", "coordinates": [ 139.42863090000003, 35.5010569 ] } },
{ "type": "Feature", "properties": { "内容": "あおば福祉サービス相武台居宅介護支援事業所【居宅介護支援】神奈川県座間市相武台2-36-8Forester202号室", "url": "https://www.kaigokensaku.mhlw.go.jp/14/index.php?action_kouhyou_detail_004_kani=true&JigyosyoCd=1474101613-00&ServiceCd=430&Type=search", "url2": "https://www.mt-view-inc.com" }, "geometry": { "type": "Point", "coordinates": [ 139.4097638, 35.5020422 ] } },
{ "type": "Feature", "properties": { "内容": "あおば福祉サービス　ひばりが丘【居宅介護支援】神奈川県座間市ひばりが丘5-11-14", "url": "https://www.kaigokensaku.mhlw.go.jp/14/index.php?action_kouhyou_detail_004_kani=true&JigyosyoCd=1474101621-00&ServiceCd=430&Type=search", "url2": "https://mt-view.crayonsite.com" }, "geometry": { "type": "Point", "coordinates": [ 139.431241600000021, 35.4909965 ] } },
{ "type": "Feature", "properties": { "内容": "ケアサポートひばり【居宅介護支援】神奈川県座間市ひばりが丘5-25-9２階", "url": "https://www.kaigokensaku.mhlw.go.jp/14/index.php?action_kouhyou_detail_004_kani=true&JigyosyoCd=1474101639-00&ServiceCd=430&Type=search", "url2": null }, "geometry": { "type": "Point", "coordinates": [ 139.4305103, 35.4900142 ] } },
{ "type": "Feature", "properties": { "内容": "居宅介護支援事業所　ワースリビング座間【居宅介護支援】神奈川県座間市緑ヶ丘6-5-11", "url": "https://www.kaigokensaku.mhlw.go.jp/14/index.php?action_kouhyou_detail_004_kani=true&JigyosyoCd=1464190161-00&ServiceCd=430&Type=search", "url2": null }, "geometry": { "type": "Point", "coordinates": [ 139.403734705557213, 35.494428967747361 ] } },
{ "type": "Feature", "properties": { "内容": "やすらぎケアステーション【居宅介護支援】神奈川県座間市広野台１－２８－１", "url": "https://www.kaigokensaku.mhlw.go.jp/14/index.php?action_kouhyou_detail_004_kani=true&JigyosyoCd=1474100334-00&ServiceCd=430&Type=search", "url2": "https://www.yasuragicare.jp/cont1/2.html" }, "geometry": { "type": "Point", "coordinates": [ 139.419124399999987, 35.5054341 ] } },
{ "type": "Feature", "properties": { "内容": "株式会社楽友舎居宅介護支援センター【居宅介護支援】神奈川県座間市ひばりが丘1-73-19", "url": "https://www.kaigokensaku.mhlw.go.jp/14/index.php?action_kouhyou_detail_004_kani=true&JigyosyoCd=1474100938-00&ServiceCd=430&Type=search", "url2": null }, "geometry": { "type": "Point", "coordinates": [ 139.434657099999981, 35.4869875 ] } },
{ "type": "Feature", "properties": { "内容": "みのりケア【居宅介護支援】神奈川県座間市四ツ谷744-4", "url": "https://www.kaigokensaku.mhlw.go.jp/14/index.php?action_kouhyou_detail_004_kani=true&JigyosyoCd=1474101225-00&ServiceCd=430&Type=search", "url2": null }, "geometry": { "type": "Point", "coordinates": [ 139.38818653189486, 35.474512448712865 ] } },
{ "type": "Feature", "properties": { "内容": "相模台病院居宅介護支援事業所【居宅介護支援】神奈川県座間市相模が丘６－２７－３０", "url": "https://www.kaigokensaku.mhlw.go.jp/14/index.php?action_kouhyou_detail_004_kani=true&JigyosyoCd=1474101258-00&ServiceCd=430&Type=search", "url2": "https://i-koseikai.com/hp/" }, "geometry": { "type": "Point", "coordinates": [ 139.428806546626987, 35.506437026259562 ] } },
{ "type": "Feature", "properties": { "内容": "ケアコミュニティ　座間のわっか【居宅介護支援】神奈川県座間市相武台3-37-11加藤第二コーポ1F", "url": "https://www.kaigokensaku.mhlw.go.jp/14/index.php?action_kouhyou_detail_004_kani=true&JigyosyoCd=1474101399-00&ServiceCd=430&Type=search", "url2": "http://www.c-grow.co.jp/" }, "geometry": { "type": "Point", "coordinates": [ 139.41344730000003, 35.498818800000024 ] } },
{ "type": "Feature", "properties": { "内容": "ケアプラン輝丸【居宅介護支援】神奈川県南足柄市関本591-1ヴェルミ３　１階", "url": "https://www.kaigokensaku.mhlw.go.jp/14/index.php?action_kouhyou_detail_004_kani=true&JigyosyoCd=1474300728-00&ServiceCd=430&Type=search", "url2": null }, "geometry": { "type": "Point", "coordinates": [ 139.103092800000013, 35.3188211 ] } },
{ "type": "Feature", "properties": { "内容": "介護サービスセンター草の家【居宅介護支援】神奈川県南足柄市班目４６０", "url": "https://www.kaigokensaku.mhlw.go.jp/14/index.php?action_kouhyou_detail_004_kani=true&JigyosyoCd=1474300017-00&ServiceCd=430&Type=search", "url2": "https://kusanoie.com" }, "geometry": { "type": "Point", "coordinates": [ 139.103653117821523, 35.342559254854926 ] } },
{ "type": "Feature", "properties": { "内容": "ケアプラン　なかむら【居宅介護支援】神奈川県南足柄市塚原３０４２－１", "url": "https://www.kaigokensaku.mhlw.go.jp/14/index.php?action_kouhyou_detail_004_kani=true&JigyosyoCd=1474300181-00&ServiceCd=430&Type=search", "url2": null }, "geometry": { "type": "Point", "coordinates": [ 139.118699399999969, 35.2974191 ] } },
{ "type": "Feature", "properties": { "内容": "シャインケアプランセンター【居宅介護支援】神奈川県南足柄市生駒２５１－１", "url": "https://www.kaigokensaku.mhlw.go.jp/14/index.php?action_kouhyou_detail_004_kani=true&JigyosyoCd=1474300611-00&ServiceCd=430&Type=search", "url2": "Small-moji-8533.boy.jp" }, "geometry": { "type": "Point", "coordinates": [ 139.115116199999989, 35.309631700000018 ] } },
{ "type": "Feature", "properties": { "内容": "医療法人社団　明芳会　北小田原病院【居宅介護支援】神奈川県南足柄市矢倉沢６２５", "url": "https://www.kaigokensaku.mhlw.go.jp/14/index.php?action_kouhyou_detail_004_kani=true&JigyosyoCd=1414300216-00&ServiceCd=430&Type=search", "url2": "http://www.ims.gr.jp/kitaodawara" }, "geometry": { "type": "Point", "coordinates": [ 139.060165500000039, 35.3307753 ] } },
{ "type": "Feature", "properties": { "内容": "ケアセンター　にじの丘【居宅介護支援】神奈川県南足柄市岩原699", "url": "https://www.kaigokensaku.mhlw.go.jp/14/index.php?action_kouhyou_detail_004_kani=true&JigyosyoCd=1474300306-00&ServiceCd=430&Type=search", "url2": "https://www.kiyoukai.jp/d_shikinooka/" }, "geometry": { "type": "Point", "coordinates": [ 139.124082734254443, 35.294123004741152 ] } },
{ "type": "Feature", "properties": { "内容": "潤生園ケアプランセンターよつば【居宅介護支援】神奈川県南足柄市広町530", "url": "https://www.kaigokensaku.mhlw.go.jp/14/index.php?action_kouhyou_detail_004_kani=true&JigyosyoCd=1474300710-00&ServiceCd=430&Type=search", "url2": "https://junseien.jp/caremanager/" }, "geometry": { "type": "Point", "coordinates": [ 139.098861, 35.3176298 ] } },
{ "type": "Feature", "properties": { "内容": "富士ライフデザイン【居宅介護支援】神奈川県南足柄市竹松７４１", "url": "https://www.kaigokensaku.mhlw.go.jp/14/index.php?action_kouhyou_detail_004_kani=true&JigyosyoCd=1474300132-00&ServiceCd=430&Type=search", "url2": "http://www.fujifilm.coop/service/kaigo/index.shtml#01" }, "geometry": { "type": "Point", "coordinates": [ 139.114204160681425, 35.3255470782968 ] } },
{ "type": "Feature", "properties": { "内容": "南足柄市社会福祉協議会居宅介護支援事業所【居宅介護支援】神奈川県南足柄市関本４０３－２りんどう会館２階", "url": "https://www.kaigokensaku.mhlw.go.jp/14/index.php?action_kouhyou_detail_004_kani=true&JigyosyoCd=1474300116-00&ServiceCd=430&Type=search", "url2": "http://minamisyakyo.or.jp" }, "geometry": { "type": "Point", "coordinates": [ 139.1002445, 35.322016153986283 ] } },
{ "type": "Feature", "properties": { "内容": "ケアプラン　スパークル【居宅介護支援】神奈川県綾瀬市小園1381-26モンテブラン202", "url": "https://www.kaigokensaku.mhlw.go.jp/14/index.php?action_kouhyou_detail_004_kani=true&JigyosyoCd=1474401179-00&ServiceCd=430&Type=search", "url2": null }, "geometry": { "type": "Point", "coordinates": [ 139.4078644, 35.4519921 ] } },
{ "type": "Feature", "properties": { "内容": "介護老人保健施設　メイプル【居宅介護支援】神奈川県綾瀬市吉岡2361-7", "url": "https://www.kaigokensaku.mhlw.go.jp/14/index.php?action_kouhyou_detail_004_kani=true&JigyosyoCd=1454480000-00&ServiceCd=430&Type=search", "url2": "https://jikoukai.com/care/kyotaku-gaiyou.html" }, "geometry": { "type": "Point", "coordinates": [ 139.4103407, 35.4273206 ] } },
{ "type": "Feature", "properties": { "内容": "道志会居宅介護支援事業所【居宅介護支援】神奈川県綾瀬市早川城山2-11-3", "url": "https://www.kaigokensaku.mhlw.go.jp/14/index.php?action_kouhyou_detail_004_kani=true&JigyosyoCd=1474400015-00&ServiceCd=430&Type=search", "url2": "https://www.doushikai.or.jp" }, "geometry": { "type": "Point", "coordinates": [ 139.4214485, 35.4361446 ] } },
{ "type": "Feature", "properties": { "内容": "居宅サービスセンター泉正園【居宅介護支援】神奈川県綾瀬市上土棚南１－１１－２０", "url": "https://www.kaigokensaku.mhlw.go.jp/14/index.php?action_kouhyou_detail_004_kani=true&JigyosyoCd=1474400023-00&ServiceCd=430&Type=search", "url2": "https://senshoukai.com" }, "geometry": { "type": "Point", "coordinates": [ 139.444269299999974, 35.4124208 ] } },
{ "type": "Feature", "properties": { "内容": "ニチイケアセンター綾瀬【居宅介護支援】神奈川県綾瀬市深谷上１－１３－８", "url": "https://www.kaigokensaku.mhlw.go.jp/14/index.php?action_kouhyou_detail_004_kani=true&JigyosyoCd=1474400254-00&ServiceCd=430&Type=search", "url2": "http://www.nichiigakkan.co.jp" }, "geometry": { "type": "Point", "coordinates": [ 139.428255625131186, 35.440539568794271 ] } },
{ "type": "Feature", "properties": { "内容": "綾瀬ケアセンターそよ風【居宅介護支援】神奈川県綾瀬市上土棚中3-9-24", "url": "https://www.kaigokensaku.mhlw.go.jp/14/index.php?action_kouhyou_detail_004_kani=true&JigyosyoCd=1474400569-00&ServiceCd=430&Type=search", "url2": "https://www.sykz.co.jp" }, "geometry": { "type": "Point", "coordinates": [ 139.451738299999988, 35.4172261 ] } },
{ "type": "Feature", "properties": { "内容": "泉の郷綾瀬　居宅介護【居宅介護支援】神奈川県綾瀬市落合南2-3-60", "url": "https://www.kaigokensaku.mhlw.go.jp/14/index.php?action_kouhyou_detail_004_kani=true&JigyosyoCd=1474400627-00&ServiceCd=430&Type=search", "url2": "https://i-seikoukai.or.jp/" }, "geometry": { "type": "Point", "coordinates": [ 139.435873745369008, 35.417040560234945 ] } },
{ "type": "Feature", "properties": { "内容": "居宅支援センター　杜の郷【居宅介護支援】神奈川県綾瀬市寺尾南1-5-31", "url": "https://www.kaigokensaku.mhlw.go.jp/14/index.php?action_kouhyou_detail_004_kani=true&JigyosyoCd=1474400692-00&ServiceCd=430&Type=search", "url2": "https://www.senjyukai.jp" }, "geometry": { "type": "Point", "coordinates": [ 139.42978370000003, 35.4480601 ] } },
{ "type": "Feature", "properties": { "内容": "ケアプラン　しろやま【居宅介護支援】神奈川県綾瀬市早川2221-5", "url": "https://www.kaigokensaku.mhlw.go.jp/14/index.php?action_kouhyou_detail_004_kani=true&JigyosyoCd=1474400908-00&ServiceCd=430&Type=search", "url2": null }, "geometry": { "type": "Point", "coordinates": [ 139.41438770000002, 35.4384054 ] } },
{ "type": "Feature", "properties": { "内容": "ゆいケアプランセンター【居宅介護支援】神奈川県綾瀬市寺尾台3-4-18", "url": "https://www.kaigokensaku.mhlw.go.jp/14/index.php?action_kouhyou_detail_004_kani=true&JigyosyoCd=1474400957-00&ServiceCd=430&Type=search", "url2": null }, "geometry": { "type": "Point", "coordinates": [ 139.420799399999964, 35.4585107 ] } },
{ "type": "Feature", "properties": { "内容": "ひあし居宅介護支援事業所【居宅介護支援】神奈川県綾瀬市吉岡東3-1-7", "url": "https://www.kaigokensaku.mhlw.go.jp/14/index.php?action_kouhyou_detail_004_kani=true&JigyosyoCd=1474400981-00&ServiceCd=430&Type=search", "url2": "http://soar-hiashi.com" }, "geometry": { "type": "Point", "coordinates": [ 139.421890699999949, 35.4252326 ] } },
{ "type": "Feature", "properties": { "内容": "ケアステーション紅組【居宅介護支援】神奈川県綾瀬市早川３０９１－２", "url": "https://www.kaigokensaku.mhlw.go.jp/14/index.php?action_kouhyou_detail_004_kani=true&JigyosyoCd=1474401005-00&ServiceCd=430&Type=search", "url2": "https://www.incl-d.jp/" }, "geometry": { "type": "Point", "coordinates": [ 139.4090195, 35.4456327 ] } },
{ "type": "Feature", "properties": { "内容": "ケアプランセンターやさしい風【居宅介護支援】神奈川県綾瀬市寺尾中4-9-38", "url": "https://www.kaigokensaku.mhlw.go.jp/14/index.php?action_kouhyou_detail_004_kani=true&JigyosyoCd=1474401203-00&ServiceCd=430&Type=search", "url2": null }, "geometry": { "type": "Point", "coordinates": [ 139.424495400000012, 35.4606646 ] } },
{ "type": "Feature", "properties": { "内容": "葉山町社会福祉協議会介護サ－ビスセンタ－【居宅介護支援】神奈川県三浦郡葉山町一色２５１２－１４須永マンション２F", "url": "https://www.kaigokensaku.mhlw.go.jp/14/index.php?action_kouhyou_detail_004_kani=true&JigyosyoCd=1471100022-00&ServiceCd=430&Type=search", "url2": "http://www.hayamashakyo.com/" }, "geometry": { "type": "Point", "coordinates": [ 139.568331798500651, 35.267231687952311 ] } },
{ "type": "Feature", "properties": { "内容": "マハロ　オハナケアプランセンター【居宅介護支援】神奈川県三浦郡葉山町堀内2184-29", "url": "https://www.kaigokensaku.mhlw.go.jp/14/index.php?action_kouhyou_detail_004_kani=true&JigyosyoCd=1471100279-00&ServiceCd=430&Type=search", "url2": "http://www.joyhope-ohana.com" }, "geometry": { "type": "Point", "coordinates": [ 139.59010570978694, 35.270768107969886 ] } },
{ "type": "Feature", "properties": { "内容": "ケアマネオフィス　夢花【居宅介護支援】神奈川県三浦郡葉山町一色1392-45", "url": "https://www.kaigokensaku.mhlw.go.jp/14/index.php?action_kouhyou_detail_004_kani=true&JigyosyoCd=1471100329-00&ServiceCd=430&Type=search", "url2": null }, "geometry": { "type": "Point", "coordinates": [ 139.583146899999946, 35.2694166 ] } },
{ "type": "Feature", "properties": { "内容": "居宅介護支援　ルイシス【居宅介護支援】神奈川県三浦郡葉山町一色1748ザガートビル２F", "url": "https://www.kaigokensaku.mhlw.go.jp/14/index.php?action_kouhyou_detail_004_kani=true&JigyosyoCd=1471100345-00&ServiceCd=430&Type=search", "url2": "http://www.ruisys.jp" }, "geometry": { "type": "Point", "coordinates": [ 139.583410640121116, 35.266288810331979 ] } },
{ "type": "Feature", "properties": { "内容": "合同会社葉山介護相談室【居宅介護支援】神奈川県三浦郡葉山町一色1479", "url": "https://www.kaigokensaku.mhlw.go.jp/14/index.php?action_kouhyou_detail_004_kani=true&JigyosyoCd=1471100394-00&ServiceCd=430&Type=search", "url2": null }, "geometry": { "type": "Point", "coordinates": [ 139.585958099999971, 35.2685244 ] } },
{ "type": "Feature", "properties": { "内容": "生活リハビリクラブ葉山【居宅介護支援】神奈川県三浦郡葉山町長柄1275-1", "url": "https://www.kaigokensaku.mhlw.go.jp/14/index.php?action_kouhyou_detail_004_kani=true&JigyosyoCd=1471100030-00&ServiceCd=430&Type=search", "url2": "https://kanagawa.seikatsuclub.coop/service/rehabilitation/hayama.html" }, "geometry": { "type": "Point", "coordinates": [ 139.59040959999993, 35.284827100000022 ] } },
{ "type": "Feature", "properties": { "内容": "ケアプランセンター葉山の丘【居宅介護支援】神奈川県三浦郡葉山町一色408", "url": "https://www.kaigokensaku.mhlw.go.jp/14/index.php?action_kouhyou_detail_004_kani=true&JigyosyoCd=1471100220-00&ServiceCd=430&Type=search", "url2": "https://j-lifedesign.com" }, "geometry": { "type": "Point", "coordinates": [ 139.596131799999966, 35.2641865 ] } },
{ "type": "Feature", "properties": { "内容": "クリンリィの介護相談室　葉山【居宅介護支援】神奈川県三浦郡葉山町堀内2012", "url": "https://www.kaigokensaku.mhlw.go.jp/14/index.php?action_kouhyou_detail_004_kani=true&JigyosyoCd=1471100386-00&ServiceCd=430&Type=search", "url2": null }, "geometry": { "type": "Point", "coordinates": [ 139.581633099999976, 35.2725913 ] } },
{ "type": "Feature", "properties": { "内容": "宗教法人　寒川神社　神恵苑【居宅介護支援】神奈川県高座郡寒川町宮山180-1", "url": "https://www.kaigokensaku.mhlw.go.jp/14/index.php?action_kouhyou_detail_004_kani=true&JigyosyoCd=1411280007-00&ServiceCd=430&Type=search", "url2": "https://shinkeien.jp/" }, "geometry": { "type": "Point", "coordinates": [ 139.382286099999988, 35.3734976 ] } },
{ "type": "Feature", "properties": { "内容": "寒川ホーム居宅介護サービス【居宅介護支援】神奈川県高座郡寒川町小谷1-13-5特別養護老人ホーム寒川ホーム1階", "url": "https://www.kaigokensaku.mhlw.go.jp/14/index.php?action_kouhyou_detail_004_kani=true&JigyosyoCd=1471200012-00&ServiceCd=430&Type=search", "url2": "https://samukawahome.com" }, "geometry": { "type": "Point", "coordinates": [ 139.397571400000061, 35.3804528 ] } },
{ "type": "Feature", "properties": { "内容": "居宅支援センターきくの郷【居宅介護支援】神奈川県高座郡寒川町小動６２２", "url": "https://www.kaigokensaku.mhlw.go.jp/14/index.php?action_kouhyou_detail_004_kani=true&JigyosyoCd=1471200152-00&ServiceCd=430&Type=search", "url2": "https://senju-kai.com" }, "geometry": { "type": "Point", "coordinates": [ 139.396860299999958, 35.3864411 ] } },
{ "type": "Feature", "properties": { "内容": "つどい処さむかわ　居宅介護支援【居宅介護支援】神奈川県高座郡寒川町一之宮1-15-2", "url": "https://www.kaigokensaku.mhlw.go.jp/14/index.php?action_kouhyou_detail_004_kani=true&JigyosyoCd=1471200384-00&ServiceCd=430&Type=search", "url2": null }, "geometry": { "type": "Point", "coordinates": [ 139.3854054, 35.366029 ] } },
{ "type": "Feature", "properties": { "内容": "かいごプラス【居宅介護支援】神奈川県高座郡寒川町大曲1-13-8ニューメゾンB-1", "url": "https://www.kaigokensaku.mhlw.go.jp/14/index.php?action_kouhyou_detail_004_kani=true&JigyosyoCd=1471200616-00&ServiceCd=430&Type=search", "url2": "https://www.kaigoplus.net" }, "geometry": { "type": "Point", "coordinates": [ 139.391398266864741, 35.360074501809983 ] } },
{ "type": "Feature", "properties": { "内容": "居宅介護支援事業所　みよ【居宅介護支援】神奈川県高座郡寒川町小谷　３ー１４－１８", "url": "https://www.kaigokensaku.mhlw.go.jp/14/index.php?action_kouhyou_detail_004_kani=true&JigyosyoCd=1471200764-00&ServiceCd=430&Type=search", "url2": null }, "geometry": { "type": "Point", "coordinates": [ 139.3947131, 35.383839 ] } },
{ "type": "Feature", "properties": { "内容": "ライフデザインちるる【居宅介護支援】神奈川県高座郡寒川町一之宮3-20-1ハイハイツ1-A", "url": "https://www.kaigokensaku.mhlw.go.jp/14/index.php?action_kouhyou_detail_004_kani=true&JigyosyoCd=1471200772-00&ServiceCd=430&Type=search", "url2": null }, "geometry": { "type": "Point", "coordinates": [ 139.3789103, 35.3686391 ] } },
{ "type": "Feature", "properties": { "内容": "あい介護センター【居宅介護支援】神奈川県高座郡寒川町小谷1‐1‐3", "url": "https://www.kaigokensaku.mhlw.go.jp/14/index.php?action_kouhyou_detail_004_kani=true&JigyosyoCd=1471200368-00&ServiceCd=430&Type=search", "url2": null }, "geometry": { "type": "Point", "coordinates": [ 139.3960409, 35.3763615 ] } },
{ "type": "Feature", "properties": { "内容": "寒川訪問看護・介護センター　なごやか【居宅介護支援】神奈川県高座郡寒川町一之宮１－９－２", "url": "https://www.kaigokensaku.mhlw.go.jp/14/index.php?action_kouhyou_detail_004_kani=true&JigyosyoCd=1471200459-00&ServiceCd=430&Type=search", "url2": "https://hcstomita.web.fc2.com" }, "geometry": { "type": "Point", "coordinates": [ 139.387231095627158, 35.365965701568904 ] } },
{ "type": "Feature", "properties": { "内容": "春夏秋冬　居宅介護支援事業所【居宅介護支援】神奈川県高座郡寒川町岡田5-1-8", "url": "https://www.kaigokensaku.mhlw.go.jp/14/index.php?action_kouhyou_detail_004_kani=true&JigyosyoCd=1471200574-00&ServiceCd=430&Type=search", "url2": "https://www.m-and-j.co.jp" }, "geometry": { "type": "Point", "coordinates": [ 139.391892778959715, 35.371607722246168 ] } },
{ "type": "Feature", "properties": { "内容": "南の灯ケアプラン支援事業所【居宅介護支援】神奈川県高座郡寒川町小谷1-11-34", "url": "https://www.kaigokensaku.mhlw.go.jp/14/index.php?action_kouhyou_detail_004_kani=true&JigyosyoCd=1471200707-00&ServiceCd=430&Type=search", "url2": null }, "geometry": { "type": "Point", "coordinates": [ 139.399257810450706, 35.37959969605992 ] } },
{ "type": "Feature", "properties": { "内容": "桜ケアプラン大磯【居宅介護支援】神奈川県中郡大磯町国府本郷1194-1", "url": "https://www.kaigokensaku.mhlw.go.jp/14/index.php?action_kouhyou_detail_004_kani=true&JigyosyoCd=1471300952-00&ServiceCd=430&Type=search", "url2": "https://jala.co.jp/facility/sakura-care-oiso/" }, "geometry": { "type": "Point", "coordinates": [ 139.2855181, 35.3089755 ] } },
{ "type": "Feature", "properties": { "内容": "くらしの相談ステーションおおいそ【居宅介護支援】神奈川県中郡大磯町国府新宿402番地", "url": "https://www.kaigokensaku.mhlw.go.jp/14/index.php?action_kouhyou_detail_004_kani=true&JigyosyoCd=1471300903-00&ServiceCd=430&Type=search", "url2": null }, "geometry": { "type": "Point", "coordinates": [ 139.2738065, 35.3042146 ] } },
{ "type": "Feature", "properties": { "内容": "公益社団法人神奈川県看護協会おおいそ訪問看護ステーション【居宅介護支援】神奈川県中郡大磯町大磯９７１カタノビル３Ｆ", "url": "https://www.kaigokensaku.mhlw.go.jp/14/index.php?action_kouhyou_detail_004_kani=true&JigyosyoCd=1461390004-00&ServiceCd=430&Type=search", "url2": "http://www.kana-kango.or.jp" }, "geometry": { "type": "Point", "coordinates": [ 139.317402, 35.3117214 ] } },
{ "type": "Feature", "properties": { "内容": "介護相談　こすもす【居宅介護支援】神奈川県中郡大磯町月京26-8", "url": "https://www.kaigokensaku.mhlw.go.jp/14/index.php?action_kouhyou_detail_004_kani=true&JigyosyoCd=1471300432-00&ServiceCd=430&Type=search", "url2": "https://www.fukujusha-cosmos.com" }, "geometry": { "type": "Point", "coordinates": [ 139.27688166608732, 35.309598566253058 ] } },
{ "type": "Feature", "properties": { "内容": "ケアプラン笑【居宅介護支援】神奈川県中郡大磯町西小磯287-200", "url": "https://www.kaigokensaku.mhlw.go.jp/14/index.php?action_kouhyou_detail_004_kani=true&JigyosyoCd=1471300937-00&ServiceCd=430&Type=search", "url2": null }, "geometry": { "type": "Point", "coordinates": [ 139.2937789, 35.3040219 ] } },
{ "type": "Feature", "properties": { "内容": "介護支援事業所りんどう大磯【居宅介護支援】神奈川県中郡大磯町国府本郷1198", "url": "https://www.kaigokensaku.mhlw.go.jp/14/index.php?action_kouhyou_detail_004_kani=true&JigyosyoCd=1471300176-00&ServiceCd=430&Type=search", "url2": "https://www.hbc-rindou.co.jp/officeinfo/oiso/post_6.html" }, "geometry": { "type": "Point", "coordinates": [ 139.285024499999963, 35.3089328 ] } },
{ "type": "Feature", "properties": { "内容": "高齢者支援センター　さくら【居宅介護支援】神奈川県中郡二宮町一色３０４３湘南プレイス１０２", "url": "https://www.kaigokensaku.mhlw.go.jp/14/index.php?action_kouhyou_detail_004_kani=true&JigyosyoCd=1471300036-00&ServiceCd=430&Type=search", "url2": "http://www.ittokai.or.jp" }, "geometry": { "type": "Point", "coordinates": [ 139.244209811500554, 35.314042644701914 ] } },
{ "type": "Feature", "properties": { "内容": "二宮町社会福祉協議会　ホームヘルパーステーション【居宅介護支援】神奈川県中郡二宮町山西5-1", "url": "https://www.kaigokensaku.mhlw.go.jp/14/index.php?action_kouhyou_detail_004_kani=true&JigyosyoCd=1471300077-00&ServiceCd=430&Type=search", "url2": "https://ninomiya-syakyo.jp/senior/h-helper/" }, "geometry": { "type": "Point", "coordinates": [ 139.255505299999982, 35.2968415 ] } },
{ "type": "Feature", "properties": { "内容": "医療法人社団　三喜会　鶴巻訪問看護ステーションにのみや居宅介護支援センター【居宅介護支援】神奈川県中郡二宮町二宮1308-1", "url": "https://www.kaigokensaku.mhlw.go.jp/14/index.php?action_kouhyou_detail_004_kani=true&JigyosyoCd=1471300879-00&ServiceCd=430&Type=search", "url2": "http://www.sankikai.or.jp/" }, "geometry": { "type": "Point", "coordinates": [ 139.254272633135201, 35.30602212778409 ] } },
{ "type": "Feature", "properties": { "内容": "こゆるぎケアデザイン【居宅介護支援】神奈川県中郡二宮町二宮1324-1二宮ハイツヨネヤマ103", "url": "https://www.kaigokensaku.mhlw.go.jp/14/index.php?action_kouhyou_detail_004_kani=true&JigyosyoCd=1471300911-00&ServiceCd=430&Type=search", "url2": "http://www.koyurugil.com" }, "geometry": { "type": "Point", "coordinates": [ 139.2556252, 35.3052441 ] } },
{ "type": "Feature", "properties": { "内容": "介護相談所やまだ【居宅介護支援】神奈川県中郡ニ宮町ニ宮109番地", "url": "https://www.kaigokensaku.mhlw.go.jp/14/index.php?action_kouhyou_detail_004_kani=true&JigyosyoCd=1471300648-00&ServiceCd=430&Type=search", "url2": "なし" }, "geometry": { "type": "Point", "coordinates": [ 139.256782899999962, 35.297074800000011 ] } },
{ "type": "Feature", "properties": { "内容": "オリーブケアマネステーション【居宅介護支援】神奈川県中郡二宮町川匂334－2", "url": "https://www.kaigokensaku.mhlw.go.jp/14/index.php?action_kouhyou_detail_004_kani=true&JigyosyoCd=1471300739-00&ServiceCd=430&Type=search", "url2": "https://www.nccs-olive.com" }, "geometry": { "type": "Point", "coordinates": [ 139.235580865576139, 35.298608964569119 ] } },
{ "type": "Feature", "properties": { "内容": "さちケアマネステーションなかい【居宅介護支援】神奈川県足柄上郡中井町田中956-21", "url": "https://www.kaigokensaku.mhlw.go.jp/14/index.php?action_kouhyou_detail_004_kani=true&JigyosyoCd=1471401073-00&ServiceCd=430&Type=search", "url2": "https://sachihoukan.jp/" }, "geometry": { "type": "Point", "coordinates": [ 139.2209551, 35.3169021 ] } },
{ "type": "Feature", "properties": { "内容": "訪問看護ステーション中井【居宅介護支援】神奈川県足柄上郡中井町井ノ口1000-1", "url": "https://www.kaigokensaku.mhlw.go.jp/14/index.php?action_kouhyou_detail_004_kani=true&JigyosyoCd=1461490010-00&ServiceCd=430&Type=search", "url2": "http://www.lpc.or.jp" }, "geometry": { "type": "Point", "coordinates": [ 139.238302730024742, 35.333788100198419 ] } },
{ "type": "Feature", "properties": { "内容": "しらさぎサービスセンター【居宅介護支援】神奈川県足柄上郡中井町比奈窪104-1中井町保健福祉センターしらさぎ", "url": "https://www.kaigokensaku.mhlw.go.jp/14/index.php?action_kouhyou_detail_004_kani=true&JigyosyoCd=1471400026-00&ServiceCd=430&Type=search", "url2": "http://www.nakai-shakyo.or.jp" }, "geometry": { "type": "Point", "coordinates": [ 139.219265700000051, 35.3312727 ] } },
{ "type": "Feature", "properties": { "内容": "ヘルパーステーション富士【居宅介護支援】神奈川県足柄上郡中井町久所251-3", "url": "https://www.kaigokensaku.mhlw.go.jp/14/index.php?action_kouhyou_detail_004_kani=true&JigyosyoCd=1471400612-00&ServiceCd=430&Type=search", "url2": null }, "geometry": { "type": "Point", "coordinates": [ 139.222773700000062, 35.3232907 ] } },
{ "type": "Feature", "properties": { "内容": "ＣarePlanフィットケアカネコ【居宅介護支援】神奈川県足柄上郡中井町遠藤156-1", "url": "https://www.kaigokensaku.mhlw.go.jp/14/index.php?action_kouhyou_detail_004_kani=true&JigyosyoCd=1471400992-00&ServiceCd=430&Type=search", "url2": "http://fckaneko.com/" }, "geometry": { "type": "Point", "coordinates": [ 139.221973899999966, 35.3186156 ] } },
{ "type": "Feature", "properties": { "内容": "こぶしケアマネステーション【居宅介護支援】神奈川県足柄上郡中井町松本１０２６番地17", "url": "https://www.kaigokensaku.mhlw.go.jp/14/index.php?action_kouhyou_detail_004_kani=true&JigyosyoCd=1471401156-00&ServiceCd=430&Type=search", "url2": null }, "geometry": { "type": "Point", "coordinates": [ 139.200375900000012, 35.3454685 ] } },
{ "type": "Feature", "properties": { "内容": "オリーブケア【居宅介護支援】神奈川県足柄上郡大井町金子1016", "url": "https://www.kaigokensaku.mhlw.go.jp/14/index.php?action_kouhyou_detail_004_kani=true&JigyosyoCd=1471400687-00&ServiceCd=430&Type=search", "url2": null }, "geometry": { "type": "Point", "coordinates": [ 139.146099475463075, 35.333899623245401 ] } },
{ "type": "Feature", "properties": { "内容": "サニーライフ大井松田　居宅介護支援事業所【居宅介護支援】神奈川県足柄上郡大井町金子690-1", "url": "https://www.kaigokensaku.mhlw.go.jp/14/index.php?action_kouhyou_detail_004_kani=true&JigyosyoCd=1471400794-00&ServiceCd=430&Type=search", "url2": null }, "geometry": { "type": "Point", "coordinates": [ 139.149666600000046, 35.3330342 ] } },
{ "type": "Feature", "properties": { "内容": "おうちDE介護　居宅介護支援【居宅介護支援】神奈川県足柄上郡大井町金子947-3", "url": "https://www.kaigokensaku.mhlw.go.jp/14/index.php?action_kouhyou_detail_004_kani=true&JigyosyoCd=1471400877-00&ServiceCd=430&Type=search", "url2": "http://www.ouchidekaigo.net" }, "geometry": { "type": "Point", "coordinates": [ 139.146297299999986, 35.3352644 ] } },
{ "type": "Feature", "properties": { "内容": "あしがら広域福祉センター　居宅介護支援【居宅介護支援】神奈川県足柄上郡大井町西大井1055番地", "url": "https://www.kaigokensaku.mhlw.go.jp/14/index.php?action_kouhyou_detail_004_kani=true&JigyosyoCd=1471400935-00&ServiceCd=430&Type=search", "url2": "http://www.kanagawa-swc.com/hikarinosato/" }, "geometry": { "type": "Point", "coordinates": [ 139.147892603704804, 35.322063738370026 ] } },
{ "type": "Feature", "properties": { "内容": "あかつき居宅介護支援センター【居宅介護支援】神奈川県足柄上郡大井町上大井664-2平田ビル１F", "url": "https://www.kaigokensaku.mhlw.go.jp/14/index.php?action_kouhyou_detail_004_kani=true&JigyosyoCd=1471400893-00&ServiceCd=430&Type=search", "url2": null }, "geometry": { "type": "Point", "coordinates": [ 139.163527, 35.3226055 ] } },
{ "type": "Feature", "properties": { "内容": "ケアマネまつだ【居宅介護支援】神奈川県足柄上郡松田町神山242－4山田コーポ1", "url": "https://www.kaigokensaku.mhlw.go.jp/14/index.php?action_kouhyou_detail_004_kani=true&JigyosyoCd=1491400162-00&ServiceCd=430&Type=search", "url2": "www.quality-time.net" }, "geometry": { "type": "Point", "coordinates": [ 139.150479099999984, 35.347461500000016 ] } },
{ "type": "Feature", "properties": { "内容": "松田町社協　居宅介護支援サービス【居宅介護支援】神奈川県足柄上郡松田町松田惣領１７番地２松田町健康福祉センター　１F", "url": "https://www.kaigokensaku.mhlw.go.jp/14/index.php?action_kouhyou_detail_004_kani=true&JigyosyoCd=1471400422-00&ServiceCd=430&Type=search", "url2": "http://www.matsudasyakyo.or.jp/" }, "geometry": { "type": "Point", "coordinates": [ 139.137405855521479, 35.338201155799673 ] } },
{ "type": "Feature", "properties": { "内容": "医療法人社団三喜会鶴巻訪問看護ステーションあしがら居宅介護支援センター【居宅介護支援】神奈川県足柄上郡松田町松田惣領1321番地1", "url": "https://www.kaigokensaku.mhlw.go.jp/14/index.php?action_kouhyou_detail_004_kani=true&JigyosyoCd=1471401115-00&ServiceCd=430&Type=search", "url2": "https://www.sankikai.or.jp/houkan/ashigara/plan.html" }, "geometry": { "type": "Point", "coordinates": [ 139.137744199999986, 35.3454049 ] } },
{ "type": "Feature", "properties": { "内容": "居宅介護支援センターバーデンライフ山北【居宅介護支援】神奈川県足柄上郡山北町山北２０２", "url": "https://www.kaigokensaku.mhlw.go.jp/14/index.php?action_kouhyou_detail_004_kani=true&JigyosyoCd=1471400034-00&ServiceCd=430&Type=search", "url2": "http://www.badenlife.jp/" }, "geometry": { "type": "Point", "coordinates": [ 139.089899699999933, 35.3624937 ] } },
{ "type": "Feature", "properties": { "内容": "エニー居宅介護支援事業所【居宅介護支援】神奈川県足柄上郡山北町山北143番地", "url": "https://www.kaigokensaku.mhlw.go.jp/14/index.php?action_kouhyou_detail_004_kani=true&JigyosyoCd=1471400414-00&ServiceCd=430&Type=search", "url2": null }, "geometry": { "type": "Point", "coordinates": [ 139.089240422753875, 35.360980746680674 ] } },
{ "type": "Feature", "properties": { "内容": "足柄上医師会訪問看護ステーション【居宅介護支援】神奈川県足柄上郡開成町吉田島580足柄上地区休日急患診療所内", "url": "https://www.kaigokensaku.mhlw.go.jp/14/index.php?action_kouhyou_detail_004_kani=true&JigyosyoCd=1461490028-00&ServiceCd=430&Type=search", "url2": "https://www.ashigara-med.or.jp/zaitaku/" }, "geometry": { "type": "Point", "coordinates": [ 139.128032783101617, 35.331299903355912 ] } },
{ "type": "Feature", "properties": { "内容": "在宅福祉ケア　子育サポートすずろ【居宅介護支援】神奈川県足柄上郡開成町宮台１１０７－１", "url": "https://www.kaigokensaku.mhlw.go.jp/14/index.php?action_kouhyou_detail_004_kani=true&JigyosyoCd=1471400067-00&ServiceCd=430&Type=search", "url2": "http://www.suzurogroup.com" }, "geometry": { "type": "Point", "coordinates": [ 139.127122, 35.3235211 ] } },
{ "type": "Feature", "properties": { "内容": "社会福祉法人開成町社会福祉協議会【居宅介護支援】神奈川県足柄上郡開成町吉田島1043-1開成町福祉会館", "url": "https://www.kaigokensaku.mhlw.go.jp/14/index.php?action_kouhyou_detail_004_kani=true&JigyosyoCd=1471400125-00&ServiceCd=430&Type=search", "url2": "https://kaiseishakyo.jp" }, "geometry": { "type": "Point", "coordinates": [ 139.1288631, 35.3302257 ] } },
{ "type": "Feature", "properties": { "内容": "ケアプラン　はなの詩【居宅介護支援】神奈川県足柄上郡開成町延沢695-1ザ・プライム", "url": "https://www.kaigokensaku.mhlw.go.jp/14/index.php?action_kouhyou_detail_004_kani=true&JigyosyoCd=1471400331-00&ServiceCd=430&Type=search", "url2": "https://www.ittokai.or.jp/service/old/hananouta/" }, "geometry": { "type": "Point", "coordinates": [ 139.121192841311284, 35.336974554878537 ] } },
{ "type": "Feature", "properties": { "内容": "居宅介護支援エリア【居宅介護支援】神奈川県足柄上郡開成町吉田島1785番地３", "url": "https://www.kaigokensaku.mhlw.go.jp/14/index.php?action_kouhyou_detail_004_kani=true&JigyosyoCd=1471400646-00&ServiceCd=430&Type=search", "url2": "http://www.area-kango-kyotaku.co.jp/" }, "geometry": { "type": "Point", "coordinates": [ 139.127401700000064, 35.3364192 ] } },
{ "type": "Feature", "properties": { "内容": "居宅介護支援事業所　芳徳の郷ほなみ【居宅介護支援】神奈川県足柄上郡開成町吉田島3810番1レヴィールステーション開成701号室", "url": "https://www.kaigokensaku.mhlw.go.jp/14/index.php?action_kouhyou_detail_004_kani=true&JigyosyoCd=1471400711-00&ServiceCd=430&Type=search", "url2": "http://www.shofukai.com/" }, "geometry": { "type": "Point", "coordinates": [ 139.134229600000026, 35.3249822 ] } },
{ "type": "Feature", "properties": { "内容": "桜木薬局【居宅介護支援】神奈川県足柄下郡箱根町湯本６９２", "url": "https://www.kaigokensaku.mhlw.go.jp/14/index.php?action_kouhyou_detail_004_kani=true&JigyosyoCd=1441500107-00&ServiceCd=430&Type=search", "url2": null }, "geometry": { "type": "Point", "coordinates": [ 139.10166849999996, 35.2316941 ] } },
{ "type": "Feature", "properties": { "内容": "介護支援センターゆい箱根【居宅介護支援】神奈川県足柄下郡箱根町仙石原1285", "url": "https://www.kaigokensaku.mhlw.go.jp/14/index.php?action_kouhyou_detail_004_kani=true&JigyosyoCd=1471500973-00&ServiceCd=430&Type=search", "url2": "https://www.kensei-hakone.com/" }, "geometry": { "type": "Point", "coordinates": [ 139.021338490490706, 35.263720515454324 ] } },
{ "type": "Feature", "properties": { "内容": "はこね社協サービスセンター【居宅介護支援】神奈川県足柄下郡箱根町湯本855", "url": "https://www.kaigokensaku.mhlw.go.jp/14/index.php?action_kouhyou_detail_004_kani=true&JigyosyoCd=1471500114-00&ServiceCd=430&Type=search", "url2": "http://www.hakone-shakyou.com/" }, "geometry": { "type": "Point", "coordinates": [ 139.111096042991676, 35.234824450947322 ] } },
{ "type": "Feature", "properties": { "内容": "さわやかケア真鶴事業所【居宅介護支援】神奈川県足柄下郡真鶴町真鶴４７５－１", "url": "https://www.kaigokensaku.mhlw.go.jp/14/index.php?action_kouhyou_detail_004_kani=true&JigyosyoCd=1471500015-00&ServiceCd=430&Type=search", "url2": "https://manazurushakyo.jp/care_service/refreshing_care.html" }, "geometry": { "type": "Point", "coordinates": [ 139.1371121, 35.157464600000012 ] } },
{ "type": "Feature", "properties": { "内容": "ミモザ居宅介護支援真鶴【居宅介護支援】神奈川県足柄下郡真鶴町真鶴1795番地36", "url": "https://www.kaigokensaku.mhlw.go.jp/14/index.php?action_kouhyou_detail_004_kani=true&JigyosyoCd=1471501104-00&ServiceCd=430&Type=search", "url2": "https://mimoza-care.com" }, "geometry": { "type": "Point", "coordinates": [ 139.1325129, 35.155904499999977 ] } },
{ "type": "Feature", "properties": { "内容": "コ－ジィケアプランニング【居宅介護支援】神奈川県足柄下郡湯河原町土肥5-2-3シャリエ湯河原桜木公園101号", "url": "https://www.kaigokensaku.mhlw.go.jp/14/index.php?action_kouhyou_detail_004_kani=true&JigyosyoCd=1471500031-00&ServiceCd=430&Type=search", "url2": "http://yugawara-seikei.com/" }, "geometry": { "type": "Point", "coordinates": [ 139.100643208598314, 35.143305589620098 ] } },
{ "type": "Feature", "properties": { "内容": "ニューライフ湯河原居宅支援センター【居宅介護支援】神奈川県足柄下郡湯河原町吉浜字白沼田１９０６", "url": "https://www.kaigokensaku.mhlw.go.jp/14/index.php?action_kouhyou_detail_004_kani=true&JigyosyoCd=1471500098-00&ServiceCd=430&Type=search", "url2": "http://www.newlife-web.ne.jp" }, "geometry": { "type": "Point", "coordinates": [ 139.114643925517271, 35.159865429281759 ] } },
{ "type": "Feature", "properties": { "内容": "トゥ・スマイルケアセンター湯河原事業所【居宅介護支援】神奈川県足柄下郡湯河原町土肥5-15-7", "url": "https://www.kaigokensaku.mhlw.go.jp/14/index.php?action_kouhyou_detail_004_kani=true&JigyosyoCd=1471500437-00&ServiceCd=430&Type=search", "url2": null }, "geometry": { "type": "Point", "coordinates": [ 139.0979595, 35.1415723 ] } },
{ "type": "Feature", "properties": { "内容": "百年の杜ケアプランニング【居宅介護支援】神奈川県足柄下郡湯河原町中央5-5-5ﾄﾓｽﾞｳﾞｨﾗ201", "url": "https://www.kaigokensaku.mhlw.go.jp/14/index.php?action_kouhyou_detail_004_kani=true&JigyosyoCd=1471500734-00&ServiceCd=430&Type=search", "url2": "https://the-kenkoukan.com/" }, "geometry": { "type": "Point", "coordinates": [ 139.114470917132621, 35.14744412981355 ] } },
{ "type": "Feature", "properties": { "内容": "居宅介護支援事業所ひかり【居宅介護支援】神奈川県足柄下郡湯河原町宮上224番地の3", "url": "https://www.kaigokensaku.mhlw.go.jp/14/index.php?action_kouhyou_detail_004_kani=true&JigyosyoCd=1471500833-00&ServiceCd=430&Type=search", "url2": "http://hp.kaipoke.biz/2nc/72502/base_0001.html" }, "geometry": { "type": "Point", "coordinates": [ 139.084655099999964, 35.1426439 ] } },
{ "type": "Feature", "properties": { "内容": "アイルケアアネックス【居宅介護支援】神奈川県足柄下郡湯河原町中央１丁目8-3", "url": "https://www.kaigokensaku.mhlw.go.jp/14/index.php?action_kouhyou_detail_004_kani=true&JigyosyoCd=1471501013-00&ServiceCd=430&Type=search", "url2": null }, "geometry": { "type": "Point", "coordinates": [ 139.109121457603152, 35.147165399443537 ] } },
{ "type": "Feature", "properties": { "内容": "居宅介護支援事業所ハーモニー【居宅介護支援】神奈川県足柄下郡湯河原町土肥3-2-7ベルピア湯河原第7　105号室", "url": "https://www.kaigokensaku.mhlw.go.jp/14/index.php?action_kouhyou_detail_004_kani=true&JigyosyoCd=1471501070-00&ServiceCd=430&Type=search", "url2": null }, "geometry": { "type": "Point", "coordinates": [ 139.1063131, 35.1427739 ] } },
{ "type": "Feature", "properties": { "内容": "株式会社ティー・シー・エス湯河原営業所【居宅介護支援】神奈川県足柄下郡湯河原町土肥２－３－１２ジョリクラウド湯河原１階", "url": "https://www.kaigokensaku.mhlw.go.jp/14/index.php?action_kouhyou_detail_004_kani=true&JigyosyoCd=1471500106-00&ServiceCd=430&Type=search", "url2": "http://www.tcs-h.co.jp/" }, "geometry": { "type": "Point", "coordinates": [ 139.108207150926233, 35.145728357544456 ] } },
{ "type": "Feature", "properties": { "内容": "居宅介護支援事業所　さくら愛川【居宅介護支援】神奈川県愛甲郡愛川町半原３４０番地", "url": "https://www.kaigokensaku.mhlw.go.jp/14/index.php?action_kouhyou_detail_004_kani=true&JigyosyoCd=1471600518-00&ServiceCd=430&Type=search", "url2": null }, "geometry": { "type": "Point", "coordinates": [ 139.280603, 35.5331574 ] } },
{ "type": "Feature", "properties": { "内容": "ケアプラン　いきいき【居宅介護支援】神奈川県愛甲郡愛川町田代５４０番地", "url": "https://www.kaigokensaku.mhlw.go.jp/14/index.php?action_kouhyou_detail_004_kani=true&JigyosyoCd=1471600526-00&ServiceCd=430&Type=search", "url2": null }, "geometry": { "type": "Point", "coordinates": [ 139.287450299999989, 35.5285312 ] } },
{ "type": "Feature", "properties": { "内容": "ミノワ居宅介護支援センター【居宅介護支援】神奈川県愛甲郡愛川町角田16", "url": "https://www.kaigokensaku.mhlw.go.jp/14/index.php?action_kouhyou_detail_004_kani=true&JigyosyoCd=1471600013-00&ServiceCd=430&Type=search", "url2": "https://aikawa-shunjukai.jp/minowahome/" }, "geometry": { "type": "Point", "coordinates": [ 139.324185299911477, 35.525380774303244 ] } },
{ "type": "Feature", "properties": { "内容": "志田山ホーム【居宅介護支援】神奈川県愛甲郡愛川町三増２７２７", "url": "https://www.kaigokensaku.mhlw.go.jp/14/index.php?action_kouhyou_detail_004_kani=true&JigyosyoCd=1471600021-00&ServiceCd=430&Type=search", "url2": "http://www.shidasanho-mu.jp" }, "geometry": { "type": "Point", "coordinates": [ 139.285950100000036, 35.5405326 ] } },
{ "type": "Feature", "properties": { "内容": "居宅介護支援センターせせらぎ【居宅介護支援】神奈川県愛甲郡愛川町角田4369-18", "url": "https://www.kaigokensaku.mhlw.go.jp/14/index.php?action_kouhyou_detail_004_kani=true&JigyosyoCd=1471600120-00&ServiceCd=430&Type=search", "url2": "http://www.aisei-dc.jp/page10" }, "geometry": { "type": "Point", "coordinates": [ 139.298777, 35.5273345 ] } },
{ "type": "Feature", "properties": { "内容": "ＪＡデイサービスセンターあいかわ【居宅介護支援】神奈川県愛甲郡愛川町半原4102", "url": "https://www.kaigokensaku.mhlw.go.jp/14/index.php?action_kouhyou_detail_004_kani=true&JigyosyoCd=1471600153-00&ServiceCd=430&Type=search", "url2": "http://www.kouseiren.net/hokenfukusi/" }, "geometry": { "type": "Point", "coordinates": [ 139.2723565, 35.5424954 ] } },
{ "type": "Feature", "properties": { "内容": "ふれあい【居宅介護支援】神奈川県愛甲郡愛川町中津2055-36", "url": "https://www.kaigokensaku.mhlw.go.jp/14/index.php?action_kouhyou_detail_004_kani=true&JigyosyoCd=1471600187-00&ServiceCd=430&Type=search", "url2": null }, "geometry": { "type": "Point", "coordinates": [ 139.341885571415986, 35.524954590323091 ] } },
{ "type": "Feature", "properties": { "内容": "デイ・ケアセンター　ひまわり【居宅介護支援】神奈川県愛甲郡愛川町中津305番地の3", "url": "https://www.kaigokensaku.mhlw.go.jp/14/index.php?action_kouhyou_detail_004_kani=true&JigyosyoCd=1471600351-00&ServiceCd=430&Type=search", "url2": null }, "geometry": { "type": "Point", "coordinates": [ 139.332141, 35.5186416 ] } },
{ "type": "Feature", "properties": { "内容": "ケアプラン結【居宅介護支援】神奈川県愛甲郡愛川町田代1511番地の9", "url": "https://www.kaigokensaku.mhlw.go.jp/14/index.php?action_kouhyou_detail_004_kani=true&JigyosyoCd=1471600401-00&ServiceCd=430&Type=search", "url2": null }, "geometry": { "type": "Point", "coordinates": [ 139.287558499999932, 35.5306757 ] } },
{ "type": "Feature", "properties": { "内容": "フェルマータ居宅介護支援センター【居宅介護支援】神奈川県愛甲郡愛川町田代680", "url": "https://www.kaigokensaku.mhlw.go.jp/14/index.php?action_kouhyou_detail_004_kani=true&JigyosyoCd=1471600476-00&ServiceCd=430&Type=search", "url2": "https://www.aiwanosato.jp/home-visit" }, "geometry": { "type": "Point", "coordinates": [ 139.29155430000003, 35.5286633 ] } },
{ "type": "Feature", "properties": { "内容": "はあとケアプラン【居宅介護支援】神奈川県愛甲郡愛川町中津3609-3", "url": "https://www.kaigokensaku.mhlw.go.jp/14/index.php?action_kouhyou_detail_004_kani=true&JigyosyoCd=1471600492-00&ServiceCd=430&Type=search", "url2": null }, "geometry": { "type": "Point", "coordinates": [ 139.337931700000013, 35.5093537 ] } },
{ "type": "Feature", "properties": { "内容": "＆ケア居宅介護支援事業所【居宅介護支援】神奈川県愛甲郡愛川町中津242-1", "url": "https://www.kaigokensaku.mhlw.go.jp/14/index.php?action_kouhyou_detail_004_kani=true&JigyosyoCd=1471600427-00&ServiceCd=430&Type=search", "url2": "https://andcarehome-aikawa.jp" }, "geometry": { "type": "Point", "coordinates": [ 139.333838, 35.5196942 ] } },
{ "type": "Feature", "properties": { "内容": "ケアプラン　あすなろ【居宅介護支援】神奈川県愛甲郡愛川町中津1568番地2ハイム中津105号室", "url": "https://www.kaigokensaku.mhlw.go.jp/14/index.php?action_kouhyou_detail_004_kani=true&JigyosyoCd=1471600435-00&ServiceCd=430&Type=search", "url2": null }, "geometry": { "type": "Point", "coordinates": [ 139.330693266447952, 35.529698727478809 ] } }
]
}
