{
"type": "FeatureCollection",
"name": "geo_14_介護老人福祉施設",
"crs": { "type": "name", "properties": { "name": "urn:ogc:def:crs:OGC:1.3:CRS84" } },
"features": [
{ "type": "Feature", "properties": { "内容": "やまゆりホ－ム【介護老人福祉施設】神奈川県横浜市鶴見区獅子ケ谷二丁目15-18", "url": "https://www.kaigokensaku.mhlw.go.jp/14/index.php?action_kouhyou_detail_004_kani=true&JigyosyoCd=1470100056-00&ServiceCd=510&Type=search", "url2": "http://www.y-kakuseikai.or.jp/" }, "geometry": { "type": "Point", "coordinates": [ 139.648675700000013, 35.5204273 ] } },
{ "type": "Feature", "properties": { "内容": "特別養護老人ホーム　しょうじゅの里鶴見【介護老人福祉施設】神奈川県横浜市鶴見区江ヶ崎町2-1", "url": "https://www.kaigokensaku.mhlw.go.jp/14/index.php?action_kouhyou_detail_004_kani=true&JigyosyoCd=1470102219-00&ServiceCd=510&Type=search", "url2": "http://www.akaedakai.com" }, "geometry": { "type": "Point", "coordinates": [ 139.677525599999967, 35.5318671 ] } },
{ "type": "Feature", "properties": { "内容": "社会福祉法人　横浜市福祉サービス協会　新鶴見ホーム新館【介護老人福祉施設】神奈川県横浜市鶴見区江ケ崎町２－４２", "url": "https://www.kaigokensaku.mhlw.go.jp/14/index.php?action_kouhyou_detail_004_kani=true&JigyosyoCd=1470102540-00&ServiceCd=510&Type=search", "url2": "http://www.hama-wel.or.jp" }, "geometry": { "type": "Point", "coordinates": [ 139.676617382495152, 35.535412174651768 ] } },
{ "type": "Feature", "properties": { "内容": "介護老人福祉施設　わかたけ鶴見【介護老人福祉施設】神奈川県横浜市鶴見区矢向1-4-20", "url": "https://www.kaigokensaku.mhlw.go.jp/14/index.php?action_kouhyou_detail_004_kani=true&JigyosyoCd=1470102581-00&ServiceCd=510&Type=search", "url2": "https://wakatake.net/" }, "geometry": { "type": "Point", "coordinates": [ 139.676609573016322, 35.528368091605536 ] } },
{ "type": "Feature", "properties": { "内容": "ニューバード獅子ケ谷【介護老人福祉施設】神奈川県横浜市鶴見区獅子ケ谷三丁目10-8特別養護老人ホーム　ニューバード獅子ケ谷", "url": "https://www.kaigokensaku.mhlw.go.jp/14/index.php?action_kouhyou_detail_004_kani=true&JigyosyoCd=1470103381-00&ServiceCd=510&Type=search", "url2": "http://kindai-rf.or.jp/shishigaya/" }, "geometry": { "type": "Point", "coordinates": [ 139.64267320677618, 35.521264256973794 ] } },
{ "type": "Feature", "properties": { "内容": "社会福祉法人　横浜市福祉サービス協会　新鶴見ホーム【介護老人福祉施設】神奈川県横浜市鶴見区江ケ崎町２－４２", "url": "https://www.kaigokensaku.mhlw.go.jp/14/index.php?action_kouhyou_detail_004_kani=true&JigyosyoCd=1470100353-00&ServiceCd=510&Type=search", "url2": "https://www.hama-wel.or.jp/branch/shinturumi/" }, "geometry": { "type": "Point", "coordinates": [ 139.67589780000003, 35.5353222 ] } },
{ "type": "Feature", "properties": { "内容": "特別養護老人ホーム　しょうじゅの里小野【介護老人福祉施設】神奈川県横浜市鶴見区下野谷町4-145-18", "url": "https://www.kaigokensaku.mhlw.go.jp/14/index.php?action_kouhyou_detail_004_kani=true&JigyosyoCd=1470103613-00&ServiceCd=510&Type=search", "url2": "http://www.akaedakai.com/ono/" }, "geometry": { "type": "Point", "coordinates": [ 139.681898400000023, 35.4976329 ] } },
{ "type": "Feature", "properties": { "内容": "若竹苑【介護老人福祉施設】神奈川県横浜市神奈川区羽沢町550-1", "url": "https://www.kaigokensaku.mhlw.go.jp/14/index.php?action_kouhyou_detail_004_kani=true&JigyosyoCd=1470200013-00&ServiceCd=510&Type=search", "url2": "https://wakatake.net/category/facility/wakatakeen/" }, "geometry": { "type": "Point", "coordinates": [ 139.5767558, 35.4826639 ] } },
{ "type": "Feature", "properties": { "内容": "東神奈川特別養護老人ホーム若草【介護老人福祉施設】神奈川県横浜市神奈川区反町1-7-5東神奈川特別養護老人ホーム若草", "url": "https://www.kaigokensaku.mhlw.go.jp/14/index.php?action_kouhyou_detail_004_kani=true&JigyosyoCd=1470200252-00&ServiceCd=510&Type=search", "url2": "http://www.kazuefukushikai.jp" }, "geometry": { "type": "Point", "coordinates": [ 139.62835681349182, 35.474555453337842 ] } },
{ "type": "Feature", "properties": { "内容": "羽沢の家　特別養護老人ホーム【介護老人福祉施設】神奈川県横浜市神奈川区羽沢町９８０", "url": "https://www.kaigokensaku.mhlw.go.jp/14/index.php?action_kouhyou_detail_004_kani=true&JigyosyoCd=1470201169-00&ServiceCd=510&Type=search", "url2": "https://hazawanoie.com/hazawa/index.html" }, "geometry": { "type": "Point", "coordinates": [ 139.591404499999953, 35.4913326 ] } },
{ "type": "Feature", "properties": { "内容": "福寿園横浜【介護老人福祉施設】神奈川県横浜市神奈川区菅田町２３３１－１", "url": "https://www.kaigokensaku.mhlw.go.jp/14/index.php?action_kouhyou_detail_004_kani=true&JigyosyoCd=1470201276-00&ServiceCd=510&Type=search", "url2": "http://kyoujokai.net/facility/f02/" }, "geometry": { "type": "Point", "coordinates": [ 139.590750846818537, 35.499820330046518 ] } },
{ "type": "Feature", "properties": { "内容": "介護老人福祉施設ヴィラ神奈川【介護老人福祉施設】神奈川県横浜市神奈川区菅田町19", "url": "https://www.kaigokensaku.mhlw.go.jp/14/index.php?action_kouhyou_detail_004_kani=true&JigyosyoCd=1470202183-00&ServiceCd=510&Type=search", "url2": "https://www.kanagawa.tokuyou.jp" }, "geometry": { "type": "Point", "coordinates": [ 139.573296237480122, 35.49323510316605 ] } },
{ "type": "Feature", "properties": { "内容": "特別養護老人ホームあさくら苑新子安【介護老人福祉施設】神奈川県横浜市神奈川区子安台1-16-15", "url": "https://www.kaigokensaku.mhlw.go.jp/14/index.php?action_kouhyou_detail_004_kani=true&JigyosyoCd=1470203181-00&ServiceCd=510&Type=search", "url2": "http://www.asakuraen.jp/" }, "geometry": { "type": "Point", "coordinates": [ 139.65820260000001, 35.4939059 ] } },
{ "type": "Feature", "properties": { "内容": "特別養護老人ホーム　けやき荘【介護老人福祉施設】神奈川県横浜市神奈川区菅田町1-1", "url": "https://www.kaigokensaku.mhlw.go.jp/14/index.php?action_kouhyou_detail_004_kani=true&JigyosyoCd=1470200377-00&ServiceCd=510&Type=search", "url2": "https://keyakisou.jp" }, "geometry": { "type": "Point", "coordinates": [ 139.5740836, 35.4940597 ] } },
{ "type": "Feature", "properties": { "内容": "特別養護老人ホーム　菅田心愛の里【介護老人福祉施設】神奈川県横浜市神奈川区菅田町１１２２", "url": "https://www.kaigokensaku.mhlw.go.jp/14/index.php?action_kouhyou_detail_004_kani=true&JigyosyoCd=1470201300-00&ServiceCd=510&Type=search", "url2": "https://www.nanaha.net/" }, "geometry": { "type": "Point", "coordinates": [ 139.581680300000016, 35.4972095 ] } },
{ "type": "Feature", "properties": { "内容": "太陽の家横濱羽沢【介護老人福祉施設】神奈川県横浜市神奈川区羽沢町2番地1", "url": "https://www.kaigokensaku.mhlw.go.jp/14/index.php?action_kouhyou_detail_004_kani=true&JigyosyoCd=1470202944-00&ServiceCd=510&Type=search", "url2": "https://www.ui21.or.jp/yokohama_hazawa/" }, "geometry": { "type": "Point", "coordinates": [ 139.595518205557227, 35.48461023833282 ] } },
{ "type": "Feature", "properties": { "内容": "介護老人福祉施設　玉成苑羽沢【介護老人福祉施設】神奈川県横浜市神奈川区羽沢町1442-1", "url": "https://www.kaigokensaku.mhlw.go.jp/14/index.php?action_kouhyou_detail_004_kani=true&JigyosyoCd=1470203371-00&ServiceCd=510&Type=search", "url2": "https://www.senseikai.or.jp/publics/index/56" }, "geometry": { "type": "Point", "coordinates": [ 139.585777135581935, 35.492840582353345 ] } },
{ "type": "Feature", "properties": { "内容": "羽沢の家二番館　特別養護老人ホーム【介護老人福祉施設】神奈川県横浜市神奈川区羽沢町1667-1", "url": "https://www.kaigokensaku.mhlw.go.jp/14/index.php?action_kouhyou_detail_004_kani=true&JigyosyoCd=1470202951-00&ServiceCd=510&Type=search", "url2": "https://hazawanoie.com/hazawa2/index.html" }, "geometry": { "type": "Point", "coordinates": [ 139.595351884589832, 35.495212258136469 ] } },
{ "type": "Feature", "properties": { "内容": "特別養護老人ホーム　ハマノ愛生園【介護老人福祉施設】神奈川県横浜市西区浅間台６番地", "url": "https://www.kaigokensaku.mhlw.go.jp/14/index.php?action_kouhyou_detail_004_kani=true&JigyosyoCd=1470300045-00&ServiceCd=510&Type=search", "url2": "https://www.hamano.or.jp/" }, "geometry": { "type": "Point", "coordinates": [ 139.609320852114934, 35.464546755048154 ] } },
{ "type": "Feature", "properties": { "内容": "パークサイド岡野ホーム【介護老人福祉施設】神奈川県横浜市西区岡野２－１５－６", "url": "https://www.kaigokensaku.mhlw.go.jp/14/index.php?action_kouhyou_detail_004_kani=true&JigyosyoCd=1470300086-00&ServiceCd=510&Type=search", "url2": "http://www.kanagawa-doen.jp/" }, "geometry": { "type": "Point", "coordinates": [ 139.612718732540884, 35.462134051387736 ] } },
{ "type": "Feature", "properties": { "内容": "特別養護老人ホーム　戸部ハマノ愛生園【介護老人福祉施設】神奈川県横浜市西区戸部本町５０番３３号", "url": "https://www.kaigokensaku.mhlw.go.jp/14/index.php?action_kouhyou_detail_004_kani=true&JigyosyoCd=1470300425-00&ServiceCd=510&Type=search", "url2": "https://www.hamano.or.jp" }, "geometry": { "type": "Point", "coordinates": [ 139.618135, 35.4573451 ] } },
{ "type": "Feature", "properties": { "内容": "白梅野毛山ホーム【介護老人福祉施設】神奈川県横浜市西区老松町21", "url": "https://www.kaigokensaku.mhlw.go.jp/14/index.php?action_kouhyou_detail_004_kani=true&JigyosyoCd=1470301704-00&ServiceCd=510&Type=search", "url2": "https://www.shiraume.or.jp/facility/faci11/" }, "geometry": { "type": "Point", "coordinates": [ 139.6241707, 35.4469814 ] } },
{ "type": "Feature", "properties": { "内容": "特別養護老人ホーム　新山下ホーム【介護老人福祉施設】神奈川県横浜市中区新山下3-15-5", "url": "https://www.kaigokensaku.mhlw.go.jp/14/index.php?action_kouhyou_detail_004_kani=true&JigyosyoCd=1470400233-00&ServiceCd=510&Type=search", "url2": "https://yoko-fukushi.or.jp/facility/shinyamashita/" }, "geometry": { "type": "Point", "coordinates": [ 139.661965900000041, 35.4358004 ] } },
{ "type": "Feature", "properties": { "内容": "特別養護老人ホーム　本牧ホーム【介護老人福祉施設】神奈川県横浜市中区本牧原6-2", "url": "https://www.kaigokensaku.mhlw.go.jp/14/index.php?action_kouhyou_detail_004_kani=true&JigyosyoCd=1470400423-00&ServiceCd=510&Type=search", "url2": "https://www.yoko-fukushi.or.jp/honmoku/" }, "geometry": { "type": "Point", "coordinates": [ 139.668891110450744, 35.426257592106758 ] } },
{ "type": "Feature", "properties": { "内容": "特別養護老人ホーム　白朋苑【介護老人福祉施設】神奈川県横浜市南区大岡5-13-15", "url": "https://www.kaigokensaku.mhlw.go.jp/14/index.php?action_kouhyou_detail_004_kani=true&JigyosyoCd=1470500198-00&ServiceCd=510&Type=search", "url2": "https://hakuhouen.or.jp/" }, "geometry": { "type": "Point", "coordinates": [ 139.59834909999995, 35.4125284 ] } },
{ "type": "Feature", "properties": { "内容": "特別養護老人ホーム　南太田ホーム【介護老人福祉施設】神奈川県横浜市南区南太田2-11-4", "url": "https://www.kaigokensaku.mhlw.go.jp/14/index.php?action_kouhyou_detail_004_kani=true&JigyosyoCd=1470500222-00&ServiceCd=510&Type=search", "url2": "https://yoko-fukushi.or.jp/facility/minamiohta/" }, "geometry": { "type": "Point", "coordinates": [ 139.6067203, 35.437403 ] } },
{ "type": "Feature", "properties": { "内容": "南永田桜樹の森【介護老人福祉施設】神奈川県横浜市南区永田南1-2-37", "url": "https://www.kaigokensaku.mhlw.go.jp/14/index.php?action_kouhyou_detail_004_kani=true&JigyosyoCd=1470500503-00&ServiceCd=510&Type=search", "url2": "https://shuhokai.or.jp/" }, "geometry": { "type": "Point", "coordinates": [ 139.597143700000061, 35.4287763 ] } },
{ "type": "Feature", "properties": { "内容": "特別養護老人ホーム　香樹の里【介護老人福祉施設】神奈川県横浜市南区六ツ川4-1234-45特別養護老人ホーム香樹の里", "url": "https://www.kaigokensaku.mhlw.go.jp/14/index.php?action_kouhyou_detail_004_kani=true&JigyosyoCd=1470500867-00&ServiceCd=510&Type=search", "url2": "http://www.kusunoki.or.jp/" }, "geometry": { "type": "Point", "coordinates": [ 139.576284500000042, 35.4229295 ] } },
{ "type": "Feature", "properties": { "内容": "特別養護老人ホーム　　横浜市天神ホーム【介護老人福祉施設】神奈川県横浜市南区浦舟町３－４６浦舟複合福祉施設　４階", "url": "https://www.kaigokensaku.mhlw.go.jp/14/index.php?action_kouhyou_detail_004_kani=true&JigyosyoCd=1470501584-00&ServiceCd=510&Type=search", "url2": "https://yoko-fukushi.or.jp/" }, "geometry": { "type": "Point", "coordinates": [ 139.625907200000029, 35.4341535 ] } },
{ "type": "Feature", "properties": { "内容": "介護老人福祉施設　わかたけ南【介護老人福祉施設】神奈川県横浜市南区山谷115-5", "url": "https://www.kaigokensaku.mhlw.go.jp/14/index.php?action_kouhyou_detail_004_kani=true&JigyosyoCd=1470503135-00&ServiceCd=510&Type=search", "url2": "https://wakatake.net/category/facility/wakatakeminami/" }, "geometry": { "type": "Point", "coordinates": [ 139.6235532, 35.4302275 ] } },
{ "type": "Feature", "properties": { "内容": "特別養護老人ホームみなもの桜【介護老人福祉施設】神奈川県横浜市南区中村町4-274-8", "url": "https://www.kaigokensaku.mhlw.go.jp/14/index.php?action_kouhyou_detail_004_kani=true&JigyosyoCd=1470503283-00&ServiceCd=510&Type=search", "url2": "https://yoko-fukushi.or.jp" }, "geometry": { "type": "Point", "coordinates": [ 139.623174799999987, 35.4325362 ] } },
{ "type": "Feature", "properties": { "内容": "特別養護老人ホーム　リバーサイドフェニックス【介護老人福祉施設】神奈川県横浜市南区中村町5丁目316番-1", "url": "https://www.kaigokensaku.mhlw.go.jp/14/index.php?action_kouhyou_detail_004_kani=true&JigyosyoCd=1470502236-00&ServiceCd=510&Type=search", "url2": "https://www.shafuku-doujinkai.or.jp" }, "geometry": { "type": "Point", "coordinates": [ 139.622990831213428, 35.428390556404487 ] } },
{ "type": "Feature", "properties": { "内容": "特別養護老人ホーム　けいあいの郷　山王台【介護老人福祉施設】神奈川県横浜市南区永田山王台39-1", "url": "https://www.kaigokensaku.mhlw.go.jp/14/index.php?action_kouhyou_detail_004_kani=true&JigyosyoCd=1470503481-00&ServiceCd=510&Type=search", "url2": "https://keiainosato-sannoudai.jp/" }, "geometry": { "type": "Point", "coordinates": [ 139.58593492698364, 35.429459874933436 ] } },
{ "type": "Feature", "properties": { "内容": "横浜市浦舟ホーム【介護老人福祉施設】神奈川県横浜市南区浦舟町3-462,3階", "url": "https://www.kaigokensaku.mhlw.go.jp/14/index.php?action_kouhyou_detail_004_kani=true&JigyosyoCd=1470501931-00&ServiceCd=510&Type=search", "url2": "https://www.hama-wel.or.jp/branch/urafunehome/" }, "geometry": { "type": "Point", "coordinates": [ 139.625907200000029, 35.4341535 ] } },
{ "type": "Feature", "properties": { "内容": "社会福祉法人　育生会　よつば苑【介護老人福祉施設】神奈川県横浜市保土ケ谷区狩場町200-9", "url": "https://www.kaigokensaku.mhlw.go.jp/14/index.php?action_kouhyou_detail_004_kani=true&JigyosyoCd=1470600097-00&ServiceCd=510&Type=search", "url2": "http://www.fuku-ikuseikai.com" }, "geometry": { "type": "Point", "coordinates": [ 139.57650650000005, 35.4406634 ] } },
{ "type": "Feature", "properties": { "内容": "社会福祉法人　なでしこ会　夢の里【介護老人福祉施設】神奈川県横浜市保土ケ谷区常盤台75-1", "url": "https://www.kaigokensaku.mhlw.go.jp/14/index.php?action_kouhyou_detail_004_kani=true&JigyosyoCd=1470600121-00&ServiceCd=510&Type=search", "url2": "http://www.nadeshiko.or.jp/" }, "geometry": { "type": "Point", "coordinates": [ 139.590260199999989, 35.4776898 ] } },
{ "type": "Feature", "properties": { "内容": "特別養護老人ホーム　かわしまホーム【介護老人福祉施設】神奈川県横浜市保土ケ谷区川島町1514-2", "url": "https://www.kaigokensaku.mhlw.go.jp/14/index.php?action_kouhyou_detail_004_kani=true&JigyosyoCd=1470600139-00&ServiceCd=510&Type=search", "url2": "http://www.fukushi-kousaikai.or.jp" }, "geometry": { "type": "Point", "coordinates": [ 139.563751599999932, 35.466596 ] } },
{ "type": "Feature", "properties": { "内容": "横浜白光会　今井の郷【介護老人福祉施設】神奈川県横浜市保土ケ谷区今井町７３３－２", "url": "https://www.kaigokensaku.mhlw.go.jp/14/index.php?action_kouhyou_detail_004_kani=true&JigyosyoCd=1470600154-00&ServiceCd=510&Type=search", "url2": "http://www.imainosato.jp/" }, "geometry": { "type": "Point", "coordinates": [ 139.5515749, 35.4496644 ] } },
{ "type": "Feature", "properties": { "内容": "特別養護老人ホーム　さわやか苑【介護老人福祉施設】神奈川県横浜市保土ケ谷区上菅田町1723-1", "url": "https://www.kaigokensaku.mhlw.go.jp/14/index.php?action_kouhyou_detail_004_kani=true&JigyosyoCd=1470600188-00&ServiceCd=510&Type=search", "url2": "https://seikoukai-group.or.jp/" }, "geometry": { "type": "Point", "coordinates": [ 139.551229700000022, 35.4951034 ] } },
{ "type": "Feature", "properties": { "内容": "特別養護老人ホーム　快風苑【介護老人福祉施設】神奈川県横浜市保土ケ谷区境木町174番1", "url": "https://www.kaigokensaku.mhlw.go.jp/14/index.php?action_kouhyou_detail_004_kani=true&JigyosyoCd=1470600840-00&ServiceCd=510&Type=search", "url2": "http://www.kaifuen.jp" }, "geometry": { "type": "Point", "coordinates": [ 139.565462799999978, 35.4425184 ] } },
{ "type": "Feature", "properties": { "内容": "介護老人福祉施設くぬぎ台【介護老人福祉施設】神奈川県横浜市保土ヶ谷区川島町1363-1", "url": "https://www.kaigokensaku.mhlw.go.jp/14/index.php?action_kouhyou_detail_004_kani=true&JigyosyoCd=1470600931-00&ServiceCd=510&Type=search", "url2": "https://itofukushikai.com/guide/kunugidai" }, "geometry": { "type": "Point", "coordinates": [ 139.561104500000056, 35.4738228 ] } },
{ "type": "Feature", "properties": { "内容": "太陽の國ほどがや【介護老人福祉施設】神奈川県横浜市保土ケ谷区岩井町２３８－１", "url": "https://www.kaigokensaku.mhlw.go.jp/14/index.php?action_kouhyou_detail_004_kani=true&JigyosyoCd=1470600964-00&ServiceCd=510&Type=search", "url2": "http://www.apollon.or.jp/hodogaya/" }, "geometry": { "type": "Point", "coordinates": [ 139.60313450000001, 35.4423302 ] } },
{ "type": "Feature", "properties": { "内容": "美立の杜【介護老人福祉施設】神奈川県横浜市保土ケ谷区今井町609-1", "url": "https://www.kaigokensaku.mhlw.go.jp/14/index.php?action_kouhyou_detail_004_kani=true&JigyosyoCd=1470601137-00&ServiceCd=510&Type=search", "url2": "https://www.mitatenomori.com/" }, "geometry": { "type": "Point", "coordinates": [ 139.551182930688469, 35.452487546635233 ] } },
{ "type": "Feature", "properties": { "内容": "特別養護老人ホーム　レジデンシャル常盤台【介護老人福祉施設】神奈川県横浜市保土ケ谷区常盤台74-7", "url": "https://www.kaigokensaku.mhlw.go.jp/14/index.php?action_kouhyou_detail_004_kani=true&JigyosyoCd=1470601541-00&ServiceCd=510&Type=search", "url2": "http://www.ikumeikai.net/tokiwadai" }, "geometry": { "type": "Point", "coordinates": [ 139.591815600000018, 35.4784814 ] } },
{ "type": "Feature", "properties": { "内容": "特別養護老人ホーム　ラポール三ツ沢【介護老人福祉施設】神奈川県横浜市保土ヶ谷区峰沢町３２５－１", "url": "https://www.kaigokensaku.mhlw.go.jp/14/index.php?action_kouhyou_detail_004_kani=true&JigyosyoCd=1470601343-00&ServiceCd=510&Type=search", "url2": "http://www.rapport.or.jp/" }, "geometry": { "type": "Point", "coordinates": [ 139.59459860000004, 35.4776482 ] } },
{ "type": "Feature", "properties": { "内容": "特別養護老人ホーム　梅の木ホーム【介護老人福祉施設】神奈川県横浜市保土ヶ谷区上菅田町1372", "url": "https://www.kaigokensaku.mhlw.go.jp/14/index.php?action_kouhyou_detail_004_kani=true&JigyosyoCd=1470602267-00&ServiceCd=510&Type=search", "url2": "http://www.yoko-fukushi.or.jp/umenoki/index.html" }, "geometry": { "type": "Point", "coordinates": [ 139.57447819999993, 35.4835943 ] } },
{ "type": "Feature", "properties": { "内容": "中原苑【介護老人福祉施設】神奈川県横浜市磯子区中原3-6-10", "url": "https://www.kaigokensaku.mhlw.go.jp/14/index.php?action_kouhyou_detail_004_kani=true&JigyosyoCd=1470700012-00&ServiceCd=510&Type=search", "url2": "https://nakaharaen.com/service/tokuyou/" }, "geometry": { "type": "Point", "coordinates": [ 139.612428300000033, 35.388737300000024 ] } },
{ "type": "Feature", "properties": { "内容": "特別養護老人ホーム　峰の郷【介護老人福祉施設】神奈川県横浜市磯子区峰町654-1", "url": "https://www.kaigokensaku.mhlw.go.jp/14/index.php?action_kouhyou_detail_004_kani=true&JigyosyoCd=1470700285-00&ServiceCd=510&Type=search", "url2": "https://www.houenkai.com/" }, "geometry": { "type": "Point", "coordinates": [ 139.5940776, 35.3647369 ] } },
{ "type": "Feature", "properties": { "内容": "特別養護老人ホーム　新磯子ホーム【介護老人福祉施設】神奈川県横浜市磯子区滝頭２－２９－１", "url": "https://www.kaigokensaku.mhlw.go.jp/14/index.php?action_kouhyou_detail_004_kani=true&JigyosyoCd=1470701135-00&ServiceCd=510&Type=search", "url2": "https://shafuku-doujinkai.or.jp/" }, "geometry": { "type": "Point", "coordinates": [ 139.623107399999981, 35.42025 ] } },
{ "type": "Feature", "properties": { "内容": "特別養護老人ホーム　磯子自然村【介護老人福祉施設】神奈川県横浜市磯子区氷取沢町60番17", "url": "https://www.kaigokensaku.mhlw.go.jp/14/index.php?action_kouhyou_detail_004_kani=true&JigyosyoCd=1470701325-00&ServiceCd=510&Type=search", "url2": "http://f-shizenmura.or.jp/" }, "geometry": { "type": "Point", "coordinates": [ 139.607776400000034, 35.3647818 ] } },
{ "type": "Feature", "properties": { "内容": "特別養護老人ホーム　峰の郷（ユニット）【介護老人福祉施設】神奈川県横浜市磯子区峰町654-1", "url": "https://www.kaigokensaku.mhlw.go.jp/14/index.php?action_kouhyou_detail_004_kani=true&JigyosyoCd=1470701424-00&ServiceCd=510&Type=search", "url2": "https://www.houenkai.com" }, "geometry": { "type": "Point", "coordinates": [ 139.5940776, 35.3647369 ] } },
{ "type": "Feature", "properties": { "内容": "特別養護老人ホーム　たきがしら芭蕉苑【介護老人福祉施設】神奈川県横浜市磯子区滝頭２－３０－１", "url": "https://www.kaigokensaku.mhlw.go.jp/14/index.php?action_kouhyou_detail_004_kani=true&JigyosyoCd=1470700616-00&ServiceCd=510&Type=search", "url2": "https://chikubukai.jp" }, "geometry": { "type": "Point", "coordinates": [ 139.622518500000069, 35.420205600000017 ] } },
{ "type": "Feature", "properties": { "内容": "社会福祉法人　倖和会　金沢美浜ホーム【介護老人福祉施設】神奈川県横浜市金沢区釜利谷東４－１２－１特別養護老人ホーム金沢美浜ホーム", "url": "https://www.kaigokensaku.mhlw.go.jp/14/index.php?action_kouhyou_detail_004_kani=true&JigyosyoCd=1470800168-00&ServiceCd=510&Type=search", "url2": null }, "geometry": { "type": "Point", "coordinates": [ 139.614648, 35.3514007 ] } },
{ "type": "Feature", "properties": { "内容": "特別養護老人ホーム　ラスール金沢文庫【介護老人福祉施設】神奈川県横浜市金沢区大川2-10", "url": "https://www.kaigokensaku.mhlw.go.jp/14/index.php?action_kouhyou_detail_004_kani=true&JigyosyoCd=1470802305-00&ServiceCd=510&Type=search", "url2": "http://koseikai-star.com/facility/103" }, "geometry": { "type": "Point", "coordinates": [ 139.61996186633155, 35.339579205589359 ] } },
{ "type": "Feature", "properties": { "内容": "特別養護老人ホーム横濱かなざわ翔裕園【介護老人福祉施設】神奈川県横浜市金沢区町屋町１－１", "url": "https://www.kaigokensaku.mhlw.go.jp/14/index.php?action_kouhyou_detail_004_kani=true&JigyosyoCd=1470802776-00&ServiceCd=510&Type=search", "url2": "https://www.genkimuragroup.jp/facilitylist/yokohama-kanazawa/" }, "geometry": { "type": "Point", "coordinates": [ 139.6264615, 35.3381933 ] } },
{ "type": "Feature", "properties": { "内容": "特別養護老人ホームシーサイドかなざわ【介護老人福祉施設】神奈川県横浜市金沢区柴町343-5", "url": "https://www.kaigokensaku.mhlw.go.jp/14/index.php?action_kouhyou_detail_004_kani=true&JigyosyoCd=1470802826-00&ServiceCd=510&Type=search", "url2": "https://www.subaru-fukushi.or.jp/facilitty/seaside-kanazawa/" }, "geometry": { "type": "Point", "coordinates": [ 139.6374949, 35.3439492 ] } },
{ "type": "Feature", "properties": { "内容": "特別養護老人ホーム　富岡はまかぜ【介護老人福祉施設】神奈川県横浜市金沢区富岡東２－１－６", "url": "https://www.kaigokensaku.mhlw.go.jp/14/index.php?action_kouhyou_detail_004_kani=true&JigyosyoCd=1470800465-00&ServiceCd=510&Type=search", "url2": "http://www.himawarifukushi.or.jp" }, "geometry": { "type": "Point", "coordinates": [ 139.633085, 35.3798306 ] } },
{ "type": "Feature", "properties": { "内容": "介護老人福祉施設　わかたけ富岡【介護老人福祉施設】神奈川県横浜市金沢区富岡東2-1-5", "url": "https://www.kaigokensaku.mhlw.go.jp/14/index.php?action_kouhyou_detail_004_kani=true&JigyosyoCd=1470800507-00&ServiceCd=510&Type=search", "url2": "https://wakatake.net/category/facility/tomioka/" }, "geometry": { "type": "Point", "coordinates": [ 139.632485, 35.3799667 ] } },
{ "type": "Feature", "properties": { "内容": "横浜能見台ホーム【介護老人福祉施設】神奈川県横浜市金沢区能見台東2-4能見台ふれあい館", "url": "https://www.kaigokensaku.mhlw.go.jp/14/index.php?action_kouhyou_detail_004_kani=true&JigyosyoCd=1470800812-00&ServiceCd=510&Type=search", "url2": "https://yokohama-noukendai.jp" }, "geometry": { "type": "Point", "coordinates": [ 139.62718289999998, 35.3596082 ] } },
{ "type": "Feature", "properties": { "内容": "特別養護老人ホーム　わかくさ【介護老人福祉施設】神奈川県横浜市金沢区泥亀2-12-1", "url": "https://www.kaigokensaku.mhlw.go.jp/14/index.php?action_kouhyou_detail_004_kani=true&JigyosyoCd=1470800176-00&ServiceCd=510&Type=search", "url2": "https://saiseikai-wakakusa.jp" }, "geometry": { "type": "Point", "coordinates": [ 139.625095574946869, 35.335887999825395 ] } },
{ "type": "Feature", "properties": { "内容": "特別養護老人ホーム　港北みどり園【介護老人福祉施設】神奈川県横浜市港北区新吉田町6051番地", "url": "https://www.kaigokensaku.mhlw.go.jp/14/index.php?action_kouhyou_detail_004_kani=true&JigyosyoCd=1470900158-00&ServiceCd=510&Type=search", "url2": "http://www.ryokuhokai.or.jp" }, "geometry": { "type": "Point", "coordinates": [ 139.603199200000063, 35.5398549 ] } },
{ "type": "Feature", "properties": { "内容": "特別養護老人ホーム　新横浜さわやか苑【介護老人福祉施設】神奈川県横浜市港北区大豆戸町572-5", "url": "https://www.kaigokensaku.mhlw.go.jp/14/index.php?action_kouhyou_detail_004_kani=true&JigyosyoCd=1470901156-00&ServiceCd=510&Type=search", "url2": "http://seikoukai-group.or.jp" }, "geometry": { "type": "Point", "coordinates": [ 139.622764299999972, 35.5150968 ] } },
{ "type": "Feature", "properties": { "内容": "新横浜パークサイドホーム【介護老人福祉施設】神奈川県横浜市港北区新横浜１丁目２２番４", "url": "https://www.kaigokensaku.mhlw.go.jp/14/index.php?action_kouhyou_detail_004_kani=true&JigyosyoCd=1470901255-00&ServiceCd=510&Type=search", "url2": "https://www.senrikai.jp/" }, "geometry": { "type": "Point", "coordinates": [ 139.6094412, 35.5044672 ] } },
{ "type": "Feature", "properties": { "内容": "介護老人福祉施設　ニューバード【介護老人福祉施設】神奈川県横浜市港北区新羽町2530-4", "url": "https://www.kaigokensaku.mhlw.go.jp/14/index.php?action_kouhyou_detail_004_kani=true&JigyosyoCd=1470901669-00&ServiceCd=510&Type=search", "url2": "http://www.kindai-rf.or.jp/newbird/" }, "geometry": { "type": "Point", "coordinates": [ 139.605688099999952, 35.5303812 ] } },
{ "type": "Feature", "properties": { "内容": "特別養護老人ホーム　ひばり【介護老人福祉施設】神奈川県横浜市港北区新吉田町６０８８番２７", "url": "https://www.kaigokensaku.mhlw.go.jp/14/index.php?action_kouhyou_detail_004_kani=true&JigyosyoCd=1470902154-00&ServiceCd=510&Type=search", "url2": "https://www.aozora-fukushikai.or.jp/" }, "geometry": { "type": "Point", "coordinates": [ 139.599827399999981, 35.5405075 ] } },
{ "type": "Feature", "properties": { "内容": "特別養護老人ホーム　ワゲン新横浜【介護老人福祉施設】神奈川県横浜市港北区大豆戸町724-4", "url": "https://www.kaigokensaku.mhlw.go.jp/14/index.php?action_kouhyou_detail_004_kani=true&JigyosyoCd=1470902410-00&ServiceCd=510&Type=search", "url2": "http://www.wagen.or.jp/shinyokohama/" }, "geometry": { "type": "Point", "coordinates": [ 139.6222477, 35.514858 ] } },
{ "type": "Feature", "properties": { "内容": "第2新横浜パークサイドホーム【介護老人福祉施設】神奈川県横浜市港北区新横浜1丁目2番地6", "url": "https://www.kaigokensaku.mhlw.go.jp/14/index.php?action_kouhyou_detail_004_kani=true&JigyosyoCd=1470902782-00&ServiceCd=510&Type=search", "url2": "https://www.senrikai.jp/" }, "geometry": { "type": "Point", "coordinates": [ 139.610611090807311, 35.502514222427152 ] } },
{ "type": "Feature", "properties": { "内容": "介護老人福祉施設新吉田【介護老人福祉施設】神奈川県横浜市港北区新吉田町5728-1", "url": "https://www.kaigokensaku.mhlw.go.jp/14/index.php?action_kouhyou_detail_004_kani=true&JigyosyoCd=1470901933-00&ServiceCd=510&Type=search", "url2": "https://itofukushikai.com/guide/shinyoshida/" }, "geometry": { "type": "Point", "coordinates": [ 139.606273900000019, 35.5381608 ] } },
{ "type": "Feature", "properties": { "内容": "高齢者介護総合センター　聖母の園【介護老人福祉施設】神奈川県横浜市戸塚区原宿4-35-3", "url": "https://www.kaigokensaku.mhlw.go.jp/14/index.php?action_kouhyou_detail_004_kani=true&JigyosyoCd=1471000040-00&ServiceCd=510&Type=search", "url2": "http://www.seibonosono.jp/" }, "geometry": { "type": "Point", "coordinates": [ 139.501984900000025, 35.3757269 ] } },
{ "type": "Feature", "properties": { "内容": "特別養護老人ホーム　松みどりホーム【介護老人福祉施設】神奈川県横浜市戸塚区原宿町２－５６－３", "url": "https://www.kaigokensaku.mhlw.go.jp/14/index.php?action_kouhyou_detail_004_kani=true&JigyosyoCd=1471000172-00&ServiceCd=510&Type=search", "url2": "https://www.srk.or.jp/home/" }, "geometry": { "type": "Point", "coordinates": [ 139.510726597483909, 35.377579406553977 ] } },
{ "type": "Feature", "properties": { "内容": "特別養護老人ホーム　しらゆり園【介護老人福祉施設】神奈川県横浜市戸塚区汲沢町986番地", "url": "https://www.kaigokensaku.mhlw.go.jp/14/index.php?action_kouhyou_detail_004_kani=true&JigyosyoCd=1471000222-00&ServiceCd=510&Type=search", "url2": "https://www.hakuhoukai.jp" }, "geometry": { "type": "Point", "coordinates": [ 139.515803099999971, 35.3919328 ] } },
{ "type": "Feature", "properties": { "内容": "特別養護老人ホーム　太陽の國【介護老人福祉施設】神奈川県横浜市戸塚区名瀬町1566", "url": "https://www.kaigokensaku.mhlw.go.jp/14/index.php?action_kouhyou_detail_004_kani=true&JigyosyoCd=1471000305-00&ServiceCd=510&Type=search", "url2": "https://www.apollon.or.jp" }, "geometry": { "type": "Point", "coordinates": [ 139.537642799999958, 35.4339525 ] } },
{ "type": "Feature", "properties": { "内容": "特別養護老人ホーム　和みの園【介護老人福祉施設】神奈川県横浜市戸塚区東俣野町1705", "url": "https://www.kaigokensaku.mhlw.go.jp/14/index.php?action_kouhyou_detail_004_kani=true&JigyosyoCd=1471000644-00&ServiceCd=510&Type=search", "url2": "https://nagominosono.jp" }, "geometry": { "type": "Point", "coordinates": [ 139.49657430000002, 35.3732023 ] } },
{ "type": "Feature", "properties": { "内容": "特別養護老人ホーム　ライフヒルズ舞岡苑【介護老人福祉施設】神奈川県横浜市戸塚区舞岡町３３３８－７", "url": "https://www.kaigokensaku.mhlw.go.jp/14/index.php?action_kouhyou_detail_004_kani=true&JigyosyoCd=1471001816-00&ServiceCd=510&Type=search", "url2": "http://www.hoshokai.jp/maiokaen/" }, "geometry": { "type": "Point", "coordinates": [ 139.555133699999942, 35.4085174 ] } },
{ "type": "Feature", "properties": { "内容": "特別養護老人ホーム　来夢の里【介護老人福祉施設】神奈川県横浜市戸塚区汲沢町295番", "url": "https://www.kaigokensaku.mhlw.go.jp/14/index.php?action_kouhyou_detail_004_kani=true&JigyosyoCd=1471002509-00&ServiceCd=510&Type=search", "url2": "http://www.raimu.or.jp" }, "geometry": { "type": "Point", "coordinates": [ 139.517339099999958, 35.3959211 ] } },
{ "type": "Feature", "properties": { "内容": "特別養護老人ホーム　けいあいの郷　影取【介護老人福祉施設】神奈川県横浜市戸塚区影取町85-1", "url": "https://www.kaigokensaku.mhlw.go.jp/14/index.php?action_kouhyou_detail_004_kani=true&JigyosyoCd=1471002905-00&ServiceCd=510&Type=search", "url2": "https://keiainosato-kagetori.jp/" }, "geometry": { "type": "Point", "coordinates": [ 139.497025071025064, 35.363297321797155 ] } },
{ "type": "Feature", "properties": { "内容": "社会福祉法人　あゆみの国のなかま　特別養護老人ホーム　しなの森のさと【介護老人福祉施設】神奈川県横浜市戸塚区品濃町1386-1", "url": "https://www.kaigokensaku.mhlw.go.jp/14/index.php?action_kouhyou_detail_004_kani=true&JigyosyoCd=1471000354-00&ServiceCd=510&Type=search", "url2": "http://www.sinanomori.jp" }, "geometry": { "type": "Point", "coordinates": [ 139.551516499999906, 35.437702 ] } },
{ "type": "Feature", "properties": { "内容": "特別養護老人ホーム恒春の丘【介護老人福祉施設】神奈川県横浜市戸塚区舞岡町3048-5", "url": "https://www.kaigokensaku.mhlw.go.jp/14/index.php?action_kouhyou_detail_004_kani=true&JigyosyoCd=1471002228-00&ServiceCd=510&Type=search", "url2": "https://shinzen-fukushi.jp/kousyunnooka" }, "geometry": { "type": "Point", "coordinates": [ 139.555572699999971, 35.4044403 ] } },
{ "type": "Feature", "properties": { "内容": "特別養護老人ホーム　リアメゾン戸塚【介護老人福祉施設】神奈川県横浜市戸塚区原宿5-46-1リアメゾン戸塚", "url": "https://www.kaigokensaku.mhlw.go.jp/14/index.php?action_kouhyou_detail_004_kani=true&JigyosyoCd=1471002939-00&ServiceCd=510&Type=search", "url2": "https://lienmaisontotsuka.com/" }, "geometry": { "type": "Point", "coordinates": [ 139.5035097, 35.3702388 ] } },
{ "type": "Feature", "properties": { "内容": "特別養護老人ホーム芙蓉苑【介護老人福祉施設】神奈川県横浜市港南区下永谷４－２１－１０", "url": "https://www.kaigokensaku.mhlw.go.jp/14/index.php?action_kouhyou_detail_004_kani=true&JigyosyoCd=1473100020-00&ServiceCd=510&Type=search", "url2": "https://shafuku-doujinkai.or.jp/facility/nursing-home/fuyouen" }, "geometry": { "type": "Point", "coordinates": [ 139.557355899999948, 35.4013573 ] } },
{ "type": "Feature", "properties": { "内容": "社会福祉法人大富福祉会　特別養護老人ホームパラダイム港南【介護老人福祉施設】神奈川県横浜市港南区下永谷3丁目10番7号", "url": "https://www.kaigokensaku.mhlw.go.jp/14/index.php?action_kouhyou_detail_004_kani=true&JigyosyoCd=1473100103-00&ServiceCd=510&Type=search", "url2": "https://daitomi.org/" }, "geometry": { "type": "Point", "coordinates": [ 139.561016500000051, 35.4087896 ] } },
{ "type": "Feature", "properties": { "内容": "特別養護老人ホーム　サンバレー【介護老人福祉施設】神奈川県横浜市港南区下永谷4-24-1", "url": "https://www.kaigokensaku.mhlw.go.jp/14/index.php?action_kouhyou_detail_004_kani=true&JigyosyoCd=1473101028-00&ServiceCd=510&Type=search", "url2": "http://shafuku-doujinkai.or.jp/facility/facility/nursing-home/sunvalley" }, "geometry": { "type": "Point", "coordinates": [ 139.557922500000018, 35.4025377 ] } },
{ "type": "Feature", "properties": { "内容": "特別養護老人ホーム笹の風【介護老人福祉施設】神奈川県横浜市港南区笹下四丁目12番35号", "url": "https://www.kaigokensaku.mhlw.go.jp/14/index.php?action_kouhyou_detail_004_kani=true&JigyosyoCd=1473102562-00&ServiceCd=510&Type=search", "url2": "https://www.jurakuen.jp/" }, "geometry": { "type": "Point", "coordinates": [ 139.597396600000025, 35.3887313 ] } },
{ "type": "Feature", "properties": { "内容": "特別養護老人ホーム　野庭苑【介護老人福祉施設】神奈川県横浜市港南区日野南５－５６－２", "url": "https://www.kaigokensaku.mhlw.go.jp/14/index.php?action_kouhyou_detail_004_kani=true&JigyosyoCd=1473100079-00&ServiceCd=510&Type=search", "url2": "http://www.himawarifukushi.or.jp/nobaen/" }, "geometry": { "type": "Point", "coordinates": [ 139.560444500000017, 35.3805904 ] } },
{ "type": "Feature", "properties": { "内容": "特別養護老人ホーム　すずかけの郷【介護老人福祉施設】神奈川県横浜市港南区野庭町１６８８番地", "url": "https://www.kaigokensaku.mhlw.go.jp/14/index.php?action_kouhyou_detail_004_kani=true&JigyosyoCd=1473100160-00&ServiceCd=510&Type=search", "url2": "https://www.subaru-fukushi.or.jp" }, "geometry": { "type": "Point", "coordinates": [ 139.565474600000016, 35.3866174 ] } },
{ "type": "Feature", "properties": { "内容": "特別養護老人ホーム　ひまわり港南台【介護老人福祉施設】神奈川県横浜市港南区日野南3-7-10", "url": "https://www.kaigokensaku.mhlw.go.jp/14/index.php?action_kouhyou_detail_004_kani=true&JigyosyoCd=1473102828-00&ServiceCd=510&Type=search", "url2": "http://fuku-ikuseikai.com/" }, "geometry": { "type": "Point", "coordinates": [ 139.570927500000039, 35.3758546 ] } },
{ "type": "Feature", "properties": { "内容": "特別養護老人ホーム日野サザンポート【介護老人福祉施設】神奈川県横浜市港南区日野6-13-1", "url": "https://www.kaigokensaku.mhlw.go.jp/14/index.php?action_kouhyou_detail_004_kani=true&JigyosyoCd=1473102836-00&ServiceCd=510&Type=search", "url2": "https://shafuku-doujinkai.or.jp/facility/nursing-home/hino-southernport" }, "geometry": { "type": "Point", "coordinates": [ 139.578450105581027, 35.392884071601607 ] } },
{ "type": "Feature", "properties": { "内容": "特別養護老人ホーム　泉の郷日野南【介護老人福祉施設】神奈川県横浜市港南区日野南４-２９-９", "url": "https://www.kaigokensaku.mhlw.go.jp/14/index.php?action_kouhyou_detail_004_kani=true&JigyosyoCd=1473103024-00&ServiceCd=510&Type=search", "url2": "https://i-seikoukai.or.jp" }, "geometry": { "type": "Point", "coordinates": [ 139.5698634, 35.3800221 ] } },
{ "type": "Feature", "properties": { "内容": "特別養護老人ホームひぎり園【介護老人福祉施設】神奈川県横浜市港南区上永谷町４６１０番地１", "url": "https://www.kaigokensaku.mhlw.go.jp/14/index.php?action_kouhyou_detail_004_kani=true&JigyosyoCd=1473103107-00&ServiceCd=510&Type=search", "url2": "https://higirien.com" }, "geometry": { "type": "Point", "coordinates": [ 139.562205771827706, 35.386610046825162 ] } },
{ "type": "Feature", "properties": { "内容": "さくら苑【介護老人福祉施設】神奈川県横浜市旭区下川井町360番地", "url": "https://www.kaigokensaku.mhlw.go.jp/14/index.php?action_kouhyou_detail_004_kani=true&JigyosyoCd=1473200051-00&ServiceCd=510&Type=search", "url2": "http://www.shuhokai.or.jp" }, "geometry": { "type": "Point", "coordinates": [ 139.516710800000027, 35.4831935 ] } },
{ "type": "Feature", "properties": { "内容": "シャローム横浜【介護老人福祉施設】神奈川県横浜市旭区上川井町１９８８", "url": "https://www.kaigokensaku.mhlw.go.jp/14/index.php?action_kouhyou_detail_004_kani=true&JigyosyoCd=1473200135-00&ServiceCd=510&Type=search", "url2": "https://www.adventist-welfare.jp/yokohama/index.html" }, "geometry": { "type": "Point", "coordinates": [ 139.491975799999977, 35.4950375 ] } },
{ "type": "Feature", "properties": { "内容": "社会福祉法人創生会　特別養護老人ホーム　あだちホーム【介護老人福祉施設】神奈川県横浜市旭区上川井町2287", "url": "https://www.kaigokensaku.mhlw.go.jp/14/index.php?action_kouhyou_detail_004_kani=true&JigyosyoCd=1473200200-00&ServiceCd=510&Type=search", "url2": "http://adachihome.net" }, "geometry": { "type": "Point", "coordinates": [ 139.496242, 35.5014033 ] } },
{ "type": "Feature", "properties": { "内容": "旭ホーム【介護老人福祉施設】神奈川県横浜市旭区川井本町154-6", "url": "https://www.kaigokensaku.mhlw.go.jp/14/index.php?action_kouhyou_detail_004_kani=true&JigyosyoCd=1473200226-00&ServiceCd=510&Type=search", "url2": "https://www.asahihome.ne.jp/" }, "geometry": { "type": "Point", "coordinates": [ 139.5062279, 35.4906947 ] } },
{ "type": "Feature", "properties": { "内容": "特別養護老人ホーム　グリンサイド清盛【介護老人福祉施設】神奈川県横浜市旭区万騎が原4", "url": "https://www.kaigokensaku.mhlw.go.jp/14/index.php?action_kouhyou_detail_004_kani=true&JigyosyoCd=1473200234-00&ServiceCd=510&Type=search", "url2": "http://gurinsaido-seijyou.com/" }, "geometry": { "type": "Point", "coordinates": [ 139.536692899999906, 35.4558359 ] } },
{ "type": "Feature", "properties": { "内容": "介護老人福祉施設弥生苑【介護老人福祉施設】神奈川県横浜市旭区上川井町１２４１－１", "url": "https://www.kaigokensaku.mhlw.go.jp/14/index.php?action_kouhyou_detail_004_kani=true&JigyosyoCd=1473200259-00&ServiceCd=510&Type=search", "url2": "http://www.toureikai.jp/" }, "geometry": { "type": "Point", "coordinates": [ 139.504669599999943, 35.4913251 ] } },
{ "type": "Feature", "properties": { "内容": "特別養護老人ホーム　富士見園【介護老人福祉施設】神奈川県横浜市旭区南本宿町１２５番１", "url": "https://www.kaigokensaku.mhlw.go.jp/14/index.php?action_kouhyou_detail_004_kani=true&JigyosyoCd=1473200267-00&ServiceCd=510&Type=search", "url2": "http://park1.wakwak.com/~meiyuukai/" }, "geometry": { "type": "Point", "coordinates": [ 139.546365313491805, 35.451890710814155 ] } },
{ "type": "Feature", "properties": { "内容": "今宿ホーム【介護老人福祉施設】神奈川県横浜市旭区今宿1-5-1", "url": "https://www.kaigokensaku.mhlw.go.jp/14/index.php?action_kouhyou_detail_004_kani=true&JigyosyoCd=1473200531-00&ServiceCd=510&Type=search", "url2": "http://keiyukai.org/index.html" }, "geometry": { "type": "Point", "coordinates": [ 139.526729700000033, 35.4758418 ] } },
{ "type": "Feature", "properties": { "内容": "特別養護老人ホーム　椿寿【介護老人福祉施設】神奈川県横浜市旭区上白根町７９２－４", "url": "https://www.kaigokensaku.mhlw.go.jp/14/index.php?action_kouhyou_detail_004_kani=true&JigyosyoCd=1473201125-00&ServiceCd=510&Type=search", "url2": "http://chinju.kaikei-en.com/" }, "geometry": { "type": "Point", "coordinates": [ 139.536692, 35.4998001 ] } },
{ "type": "Feature", "properties": { "内容": "特別養護老人ホーム　グリーンライフ【介護老人福祉施設】神奈川県横浜市旭区中白根3-31-11", "url": "https://www.kaigokensaku.mhlw.go.jp/14/index.php?action_kouhyou_detail_004_kani=true&JigyosyoCd=1473201406-00&ServiceCd=510&Type=search", "url2": "http://www.ryokuhokai.or.jp/" }, "geometry": { "type": "Point", "coordinates": [ 139.543749700000035, 35.4976003 ] } },
{ "type": "Feature", "properties": { "内容": "介護老人福祉施設　ヴィラ横浜【介護老人福祉施設】神奈川県横浜市旭区上白根町1437-1", "url": "https://www.kaigokensaku.mhlw.go.jp/14/index.php?action_kouhyou_detail_004_kani=true&JigyosyoCd=1473201570-00&ServiceCd=510&Type=search", "url2": "https://www.yokohama.tokuyou.jp/" }, "geometry": { "type": "Point", "coordinates": [ 139.526515405557262, 35.50004362329625 ] } },
{ "type": "Feature", "properties": { "内容": "特別養護老人ホーム　かわいの家【介護老人福祉施設】神奈川県横浜市旭区川井宿町69番地1", "url": "https://www.kaigokensaku.mhlw.go.jp/14/index.php?action_kouhyou_detail_004_kani=true&JigyosyoCd=1473201851-00&ServiceCd=510&Type=search", "url2": "https://www.foryou.or.jp" }, "geometry": { "type": "Point", "coordinates": [ 139.5181298, 35.4946616 ] } },
{ "type": "Feature", "properties": { "内容": "介護老人福祉施設ヴィラ桜ケ丘【介護老人福祉施設】神奈川県横浜市旭区上白根町1436-10", "url": "https://www.kaigokensaku.mhlw.go.jp/14/index.php?action_kouhyou_detail_004_kani=true&JigyosyoCd=1473201877-00&ServiceCd=510&Type=search", "url2": "https://sakura.tokuyou.jp" }, "geometry": { "type": "Point", "coordinates": [ 139.527405860188338, 35.499941274354498 ] } },
{ "type": "Feature", "properties": { "内容": "介護老人福祉施設　ヴィラ南本宿【介護老人福祉施設】神奈川県横浜市旭区南本宿町109-1", "url": "https://www.kaigokensaku.mhlw.go.jp/14/index.php?action_kouhyou_detail_004_kani=true&JigyosyoCd=1473201968-00&ServiceCd=510&Type=search", "url2": "https://honjuku.tokuyou.jp/" }, "geometry": { "type": "Point", "coordinates": [ 139.542839500000014, 35.4565941 ] } },
{ "type": "Feature", "properties": { "内容": "特別養護老人ホーム　今川の郷【介護老人福祉施設】神奈川県横浜市旭区今川町36-1", "url": "https://www.kaigokensaku.mhlw.go.jp/14/index.php?action_kouhyou_detail_004_kani=true&JigyosyoCd=1473202081-00&ServiceCd=510&Type=search", "url2": "http://www.sanjyukai.com/imagawanosato/" }, "geometry": { "type": "Point", "coordinates": [ 139.5348818, 35.4740587 ] } },
{ "type": "Feature", "properties": { "内容": "特別養護老人ホーム　陽光苑【介護老人福祉施設】神奈川県横浜市旭区今宿1-66-26", "url": "https://www.kaigokensaku.mhlw.go.jp/14/index.php?action_kouhyou_detail_004_kani=true&JigyosyoCd=1473202107-00&ServiceCd=510&Type=search", "url2": "http://www.yokokai.jp/" }, "geometry": { "type": "Point", "coordinates": [ 139.516997, 35.4793163 ] } },
{ "type": "Feature", "properties": { "内容": "特別養護老人ホーム横浜旭いこいの里【介護老人福祉施設】神奈川県横浜市旭区西川島町118-10", "url": "https://www.kaigokensaku.mhlw.go.jp/14/index.php?action_kouhyou_detail_004_kani=true&JigyosyoCd=1473203980-00&ServiceCd=510&Type=search", "url2": "https://www.kiramekikai.jp/care-station/" }, "geometry": { "type": "Point", "coordinates": [ 139.554584299999988, 35.4713709 ] } },
{ "type": "Feature", "properties": { "内容": "介護老人福祉施設　サンライズヒル横浜【介護老人福祉施設】神奈川県横浜市旭区上白根町１２０７－１", "url": "https://www.kaigokensaku.mhlw.go.jp/14/index.php?action_kouhyou_detail_004_kani=true&JigyosyoCd=1473200721-00&ServiceCd=510&Type=search", "url2": "https://www.sunrisehill-yokohama.com" }, "geometry": { "type": "Point", "coordinates": [ 139.52679569999998, 35.4986335 ] } },
{ "type": "Feature", "properties": { "内容": "水の郷【介護老人福祉施設】神奈川県横浜市旭区上川井町3059", "url": "https://www.kaigokensaku.mhlw.go.jp/14/index.php?action_kouhyou_detail_004_kani=true&JigyosyoCd=1473201299-00&ServiceCd=510&Type=search", "url2": "https://www.mizunosato.or.jp/" }, "geometry": { "type": "Point", "coordinates": [ 139.507583100000033, 35.497843700000011 ] } },
{ "type": "Feature", "properties": { "内容": "特別養護老人ホーム　サニーヒル横浜【介護老人福祉施設】神奈川県横浜市旭区上川井町４２６", "url": "https://www.kaigokensaku.mhlw.go.jp/14/index.php?action_kouhyou_detail_004_kani=true&JigyosyoCd=1473201687-00&ServiceCd=510&Type=search", "url2": "https://sunnyhill.or.jp/" }, "geometry": { "type": "Point", "coordinates": [ 139.501878, 35.494541 ] } },
{ "type": "Feature", "properties": { "内容": "太陽の家横濱左近山【介護老人福祉施設】神奈川県横浜市旭区小高町172-8", "url": "https://www.kaigokensaku.mhlw.go.jp/14/index.php?action_kouhyou_detail_004_kani=true&JigyosyoCd=1473203998-00&ServiceCd=510&Type=search", "url2": "https://www.ui21.or.jp/" }, "geometry": { "type": "Point", "coordinates": [ 139.5542475, 35.4616664 ] } },
{ "type": "Feature", "properties": { "内容": "特別養護老人ホーム　リーエンデ白山【介護老人福祉施設】神奈川県横浜市緑区白山4-74-17", "url": "https://www.kaigokensaku.mhlw.go.jp/14/index.php?action_kouhyou_detail_004_kani=true&JigyosyoCd=1473303111-00&ServiceCd=510&Type=search", "url2": "https://seikoukai-group.or.jp/" }, "geometry": { "type": "Point", "coordinates": [ 139.549601050509665, 35.498763737730549 ] } },
{ "type": "Feature", "properties": { "内容": "ケアセンターメゾンヴェルト【介護老人福祉施設】神奈川県横浜市緑区鴨居7-19-1", "url": "https://www.kaigokensaku.mhlw.go.jp/14/index.php?action_kouhyou_detail_004_kani=true&JigyosyoCd=1473300109-00&ServiceCd=510&Type=search", "url2": "https://www.maisonverte.jp/" }, "geometry": { "type": "Point", "coordinates": [ 139.554371, 35.4982114 ] } },
{ "type": "Feature", "properties": { "内容": "特別養護老人ホーム　慶星閣【介護老人福祉施設】神奈川県横浜市緑区三保町2590番地", "url": "https://www.kaigokensaku.mhlw.go.jp/14/index.php?action_kouhyou_detail_004_kani=true&JigyosyoCd=1473300117-00&ServiceCd=510&Type=search", "url2": "http://www.keiseikaku.com/" }, "geometry": { "type": "Point", "coordinates": [ 139.524637399999961, 35.5088601 ] } },
{ "type": "Feature", "properties": { "内容": "介護老人福祉施設　ふじ寿か園【介護老人福祉施設】神奈川県横浜市緑区西八朔町773-2", "url": "https://www.kaigokensaku.mhlw.go.jp/14/index.php?action_kouhyou_detail_004_kani=true&JigyosyoCd=1473300141-00&ServiceCd=510&Type=search", "url2": "https://www.fujizuka.com" }, "geometry": { "type": "Point", "coordinates": [ 139.530323, 35.5313602 ] } },
{ "type": "Feature", "properties": { "内容": "介護老人福祉施設　ビオラ三保【介護老人福祉施設】神奈川県横浜市緑区三保町350", "url": "https://www.kaigokensaku.mhlw.go.jp/14/index.php?action_kouhyou_detail_004_kani=true&JigyosyoCd=1473300851-00&ServiceCd=510&Type=search", "url2": "https://www.nakagawa-tokushokai.com" }, "geometry": { "type": "Point", "coordinates": [ 139.505583, 35.5107721 ] } },
{ "type": "Feature", "properties": { "内容": "特別養護老人ホーム　しょうじゅの里三保【介護老人福祉施設】神奈川県横浜市緑区三保町171-1", "url": "https://www.kaigokensaku.mhlw.go.jp/14/index.php?action_kouhyou_detail_004_kani=true&JigyosyoCd=1473300877-00&ServiceCd=510&Type=search", "url2": "https://kenaikai.akaedakai.com/miho/" }, "geometry": { "type": "Point", "coordinates": [ 139.512368700000025, 35.5066372 ] } },
{ "type": "Feature", "properties": { "内容": "特別養護老人ホーム　フォーシーズンズヴィラこもれび【介護老人福祉施設】神奈川県横浜市緑区三保町881-2", "url": "https://www.kaigokensaku.mhlw.go.jp/14/index.php?action_kouhyou_detail_004_kani=true&JigyosyoCd=1473301040-00&ServiceCd=510&Type=search", "url2": "https://www.4seasons-v.jp/facilities/komorebi" }, "geometry": { "type": "Point", "coordinates": [ 139.522704200000021, 35.5061104 ] } },
{ "type": "Feature", "properties": { "内容": "介護老人福祉施設　北八朔【介護老人福祉施設】神奈川県横浜市緑区北八朔町１８１３－１", "url": "https://www.kaigokensaku.mhlw.go.jp/14/index.php?action_kouhyou_detail_004_kani=true&JigyosyoCd=1473301198-00&ServiceCd=510&Type=search", "url2": "https://itofukushikai.com/" }, "geometry": { "type": "Point", "coordinates": [ 139.5337532, 35.525180400000018 ] } },
{ "type": "Feature", "properties": { "内容": "介護老人福祉施設　横浜よさこいホーム【介護老人福祉施設】神奈川県横浜市緑区北八朔町1368-1", "url": "https://www.kaigokensaku.mhlw.go.jp/14/index.php?action_kouhyou_detail_004_kani=true&JigyosyoCd=1473301529-00&ServiceCd=510&Type=search", "url2": "http://www.yosakoi-home.com/index.html" }, "geometry": { "type": "Point", "coordinates": [ 139.542613599999981, 35.5248721 ] } },
{ "type": "Feature", "properties": { "内容": "特別養護老人ホーム　みずほ【介護老人福祉施設】神奈川県横浜市緑区長津田町2338番地1", "url": "https://www.kaigokensaku.mhlw.go.jp/14/index.php?action_kouhyou_detail_004_kani=true&JigyosyoCd=1473301677-00&ServiceCd=510&Type=search", "url2": "http://asahi-kai.jp/" }, "geometry": { "type": "Point", "coordinates": [ 139.490194400000064, 35.5293006 ] } },
{ "type": "Feature", "properties": { "内容": "特別養護老人ホーム横浜ナーシングビレッジ【介護老人福祉施設】神奈川県横浜市緑区白山4丁目74-3", "url": "https://www.kaigokensaku.mhlw.go.jp/14/index.php?action_kouhyou_detail_004_kani=true&JigyosyoCd=1473301412-00&ServiceCd=510&Type=search", "url2": "https://www.hakuwakai.net/yokohama/" }, "geometry": { "type": "Point", "coordinates": [ 139.549549100000036, 35.4995834 ] } },
{ "type": "Feature", "properties": { "内容": "特別養護老人ホーム　みなみの苑【介護老人福祉施設】神奈川県横浜市瀬谷区阿久和南３－２８－３", "url": "https://www.kaigokensaku.mhlw.go.jp/14/index.php?action_kouhyou_detail_004_kani=true&JigyosyoCd=1473400206-00&ServiceCd=510&Type=search", "url2": "http://www.aikokai-minamigp.or.jp/index.html" }, "geometry": { "type": "Point", "coordinates": [ 139.503518100000065, 35.437402 ] } },
{ "type": "Feature", "properties": { "内容": "介護老人福祉施設ひだまり館【介護老人福祉施設】神奈川県横浜市瀬谷区二ツ橋町283番1", "url": "https://www.kaigokensaku.mhlw.go.jp/14/index.php?action_kouhyou_detail_004_kani=true&JigyosyoCd=1473400412-00&ServiceCd=510&Type=search", "url2": "https://hidamarikan.com" }, "geometry": { "type": "Point", "coordinates": [ 139.499248399999942, 35.4688232 ] } },
{ "type": "Feature", "properties": { "内容": "スプリングガーデン瀬谷【介護老人福祉施設】神奈川県横浜市瀬谷区下瀬谷１－２７－２５", "url": "https://www.kaigokensaku.mhlw.go.jp/14/index.php?action_kouhyou_detail_004_kani=true&JigyosyoCd=1473400552-00&ServiceCd=510&Type=search", "url2": "https://senshoukai.com/spring_garden-special-care/" }, "geometry": { "type": "Point", "coordinates": [ 139.4846331, 35.4517779 ] } },
{ "type": "Feature", "properties": { "内容": "特別養護老人ホーム　ファミリーイン瀬谷【介護老人福祉施設】神奈川県横浜市瀬谷区中屋敷3-11-1", "url": "https://www.kaigokensaku.mhlw.go.jp/14/index.php?action_kouhyou_detail_004_kani=true&JigyosyoCd=1473400776-00&ServiceCd=510&Type=search", "url2": "http://www.seishinfukushikai.jp" }, "geometry": { "type": "Point", "coordinates": [ 139.482385, 35.4828062 ] } },
{ "type": "Feature", "properties": { "内容": "介護老人福祉施設ラペ瀬谷【介護老人福祉施設】神奈川県横浜市瀬谷区目黒町２１－１０", "url": "https://www.kaigokensaku.mhlw.go.jp/14/index.php?action_kouhyou_detail_004_kani=true&JigyosyoCd=1473401121-00&ServiceCd=510&Type=search", "url2": "https://ryokujyukai.com/facility/seya" }, "geometry": { "type": "Point", "coordinates": [ 139.469715599999972, 35.4955584 ] } },
{ "type": "Feature", "properties": { "内容": "ゆうあいの郷【介護老人福祉施設】神奈川県横浜市瀬谷区宮沢3-25-1", "url": "https://www.kaigokensaku.mhlw.go.jp/14/index.php?action_kouhyou_detail_004_kani=true&JigyosyoCd=1473400024-00&ServiceCd=510&Type=search", "url2": "https://shonanyuuaikai.or.jp" }, "geometry": { "type": "Point", "coordinates": [ 139.491993699999966, 35.4516947 ] } },
{ "type": "Feature", "properties": { "内容": "特別養護老人ホーム愛成苑【介護老人福祉施設】神奈川県横浜市瀬谷区瀬谷町4131-16", "url": "https://www.kaigokensaku.mhlw.go.jp/14/index.php?action_kouhyou_detail_004_kani=true&JigyosyoCd=1473400974-00&ServiceCd=510&Type=search", "url2": "http://www.aiseienn.jp/" }, "geometry": { "type": "Point", "coordinates": [ 139.4901152, 35.4807181 ] } },
{ "type": "Feature", "properties": { "内容": "上郷苑【介護老人福祉施設】神奈川県横浜市栄区野七里1-36-1", "url": "https://www.kaigokensaku.mhlw.go.jp/14/index.php?action_kouhyou_detail_004_kani=true&JigyosyoCd=1473500062-00&ServiceCd=510&Type=search", "url2": "https://www.y-chojukai.or.jp/kamigou/" }, "geometry": { "type": "Point", "coordinates": [ 139.576368099999968, 35.3476832 ] } },
{ "type": "Feature", "properties": { "内容": "特別養護老人ホーム　クロスハート栄・横浜【介護老人福祉施設】神奈川県横浜市栄区公田町1020-5", "url": "https://www.kaigokensaku.mhlw.go.jp/14/index.php?action_kouhyou_detail_004_kani=true&JigyosyoCd=1473500153-00&ServiceCd=510&Type=search", "url2": "https://www.shinkoufukushikai.com/care-cats/nursing-home/" }, "geometry": { "type": "Point", "coordinates": [ 139.558419700000059, 35.3509689 ] } },
{ "type": "Feature", "properties": { "内容": "特別養護老人ホームライフコートさかえ【介護老人福祉施設】神奈川県横浜市栄区公田町１０６１－１９", "url": "https://www.kaigokensaku.mhlw.go.jp/14/index.php?action_kouhyou_detail_004_kani=true&JigyosyoCd=1473500682-00&ServiceCd=510&Type=search", "url2": "https://www.hoshokai.jp/" }, "geometry": { "type": "Point", "coordinates": [ 139.5644191, 35.3494247 ] } },
{ "type": "Feature", "properties": { "内容": "上郷苑東館【介護老人福祉施設】神奈川県横浜市栄区野七里1-36-1", "url": "https://www.kaigokensaku.mhlw.go.jp/14/index.php?action_kouhyou_detail_004_kani=true&JigyosyoCd=1473501029-00&ServiceCd=510&Type=search", "url2": "https://www.y-chojukai.or.jp/kamigou/" }, "geometry": { "type": "Point", "coordinates": [ 139.576371248149457, 35.347570631372776 ] } },
{ "type": "Feature", "properties": { "内容": "特別養護老人ホーム　陽のあたる丘　ＭＩＳＯＮＯ【介護老人福祉施設】神奈川県横浜市栄区鍛冶ケ谷２－４０－１", "url": "https://www.kaigokensaku.mhlw.go.jp/14/index.php?action_kouhyou_detail_004_kani=true&JigyosyoCd=1473500724-00&ServiceCd=510&Type=search", "url2": "http://www.kotokukai.or.jp/" }, "geometry": { "type": "Point", "coordinates": [ 139.562588299999987, 35.3702447 ] } },
{ "type": "Feature", "properties": { "内容": "特別養護老人ホーム田谷の里【介護老人福祉施設】神奈川県横浜市栄区田谷町1364番地2", "url": "https://www.kaigokensaku.mhlw.go.jp/14/index.php?action_kouhyou_detail_004_kani=true&JigyosyoCd=1473500864-00&ServiceCd=510&Type=search", "url2": "https://www.aiseifukusikai.jp/facility/tayanosato/" }, "geometry": { "type": "Point", "coordinates": [ 139.519952699999976, 35.3661449 ] } },
{ "type": "Feature", "properties": { "内容": "特別養護老人ホーム相生荘【介護老人福祉施設】神奈川県横浜市泉区新橋町１８０５", "url": "https://www.kaigokensaku.mhlw.go.jp/14/index.php?action_kouhyou_detail_004_kani=true&JigyosyoCd=1473600151-00&ServiceCd=510&Type=search", "url2": "https://www.aioisou.com/tokuyou/" }, "geometry": { "type": "Point", "coordinates": [ 139.5108646, 35.4415404 ] } },
{ "type": "Feature", "properties": { "内容": "特別養護老人ホーム　白寿荘【介護老人福祉施設】神奈川県横浜市泉区和泉町６１８１番地", "url": "https://www.kaigokensaku.mhlw.go.jp/14/index.php?action_kouhyou_detail_004_kani=true&JigyosyoCd=1473600185-00&ServiceCd=510&Type=search", "url2": "https://kyosaikai.jp/" }, "geometry": { "type": "Point", "coordinates": [ 139.497776899999963, 35.4332803 ] } },
{ "type": "Feature", "properties": { "内容": "特別養護老人ホーム　希望苑【介護老人福祉施設】神奈川県横浜市泉区池の谷3901番地１", "url": "https://www.kaigokensaku.mhlw.go.jp/14/index.php?action_kouhyou_detail_004_kani=true&JigyosyoCd=1473600219-00&ServiceCd=510&Type=search", "url2": "https://www.yokohama-kibouen.com/tokuyou/" }, "geometry": { "type": "Point", "coordinates": [ 139.519090065396085, 35.448712745053513 ] } },
{ "type": "Feature", "properties": { "内容": "特別養護老人ホーム　グリーンヒル泉・横浜【介護老人福祉施設】神奈川県横浜市泉区和泉町２３１２", "url": "https://www.kaigokensaku.mhlw.go.jp/14/index.php?action_kouhyou_detail_004_kani=true&JigyosyoCd=1473600920-00&ServiceCd=510&Type=search", "url2": "https://greenhill-izumi.com/" }, "geometry": { "type": "Point", "coordinates": [ 139.489969299999984, 35.4067001 ] } },
{ "type": "Feature", "properties": { "内容": "横浜市新橋ホーム【介護老人福祉施設】神奈川県横浜市泉区新橋町3番地", "url": "https://www.kaigokensaku.mhlw.go.jp/14/index.php?action_kouhyou_detail_004_kani=true&JigyosyoCd=1473601290-00&ServiceCd=510&Type=search", "url2": "http://www.hama-wel.or.jp/office/shinbashi" }, "geometry": { "type": "Point", "coordinates": [ 139.516561300000035, 35.4294752 ] } },
{ "type": "Feature", "properties": { "内容": "特別養護老人ホーム　横浜敬寿園【介護老人福祉施設】神奈川県横浜市泉区和泉町5019-1", "url": "https://www.kaigokensaku.mhlw.go.jp/14/index.php?action_kouhyou_detail_004_kani=true&JigyosyoCd=1473601308-00&ServiceCd=510&Type=search", "url2": "https://keijuen.or.jp/yokohama/service/tokuyou/" }, "geometry": { "type": "Point", "coordinates": [ 139.487825, 35.4250674 ] } },
{ "type": "Feature", "properties": { "内容": "特別養護老人ホーム　ウェルフェアリビング【介護老人福祉施設】神奈川県横浜市泉区和泉町3170-1", "url": "https://www.kaigokensaku.mhlw.go.jp/14/index.php?action_kouhyou_detail_004_kani=true&JigyosyoCd=1473601480-00&ServiceCd=510&Type=search", "url2": "http://www.yokohama-keishinkai.jp" }, "geometry": { "type": "Point", "coordinates": [ 139.48490019999997, 35.4052586 ] } },
{ "type": "Feature", "properties": { "内容": "介護老人福祉施設　ヴィラ泉【介護老人福祉施設】神奈川県横浜市泉区上飯田町4495", "url": "https://www.kaigokensaku.mhlw.go.jp/14/index.php?action_kouhyou_detail_004_kani=true&JigyosyoCd=1473601571-00&ServiceCd=510&Type=search", "url2": "http://izumi.tokuyou.jp/" }, "geometry": { "type": "Point", "coordinates": [ 139.477986500000043, 35.4433065 ] } },
{ "type": "Feature", "properties": { "内容": "特別養護老人ホーム恒春ノ郷【介護老人福祉施設】神奈川県横浜市泉区西が岡１－３０－１", "url": "https://www.kaigokensaku.mhlw.go.jp/14/index.php?action_kouhyou_detail_004_kani=true&JigyosyoCd=1473600227-00&ServiceCd=510&Type=search", "url2": "http://www.shinzen-fukushi.jp/kousyunnosato" }, "geometry": { "type": "Point", "coordinates": [ 139.512034, 35.4222427 ] } },
{ "type": "Feature", "properties": { "内容": "特別養護老人ホーム　泉の郷【介護老人福祉施設】神奈川県横浜市泉区上飯田町２０８３－１", "url": "https://www.kaigokensaku.mhlw.go.jp/14/index.php?action_kouhyou_detail_004_kani=true&JigyosyoCd=1473600300-00&ServiceCd=510&Type=search", "url2": "https://www.i-seikoukai.or.jp/facility/594" }, "geometry": { "type": "Point", "coordinates": [ 139.483342, 35.4241952 ] } },
{ "type": "Feature", "properties": { "内容": "特別養護老人ホーム　天王森の郷【介護老人福祉施設】神奈川県横浜市泉区和泉町733", "url": "https://www.kaigokensaku.mhlw.go.jp/14/index.php?action_kouhyou_detail_004_kani=true&JigyosyoCd=1473600342-00&ServiceCd=510&Type=search", "url2": "https://www.tenmori733.jp/" }, "geometry": { "type": "Point", "coordinates": [ 139.487655600000039, 35.3963488 ] } },
{ "type": "Feature", "properties": { "内容": "特別養護老人ホーム　けいあいの郷緑園【介護老人福祉施設】神奈川県横浜市泉区岡津町２９２６－１", "url": "https://www.kaigokensaku.mhlw.go.jp/14/index.php?action_kouhyou_detail_004_kani=true&JigyosyoCd=1473601381-00&ServiceCd=510&Type=search", "url2": "https://keiainosato-ryokuen.jp/" }, "geometry": { "type": "Point", "coordinates": [ 139.520552700000053, 35.4336191 ] } },
{ "type": "Feature", "properties": { "内容": "緑園都市睦愛園【介護老人福祉施設】神奈川県横浜市泉区岡津町３２１７－１", "url": "https://www.kaigokensaku.mhlw.go.jp/14/index.php?action_kouhyou_detail_004_kani=true&JigyosyoCd=1473601415-00&ServiceCd=510&Type=search", "url2": "https://www.ryokuen-mutsuai.com" }, "geometry": { "type": "Point", "coordinates": [ 139.5259605, 35.4347607 ] } },
{ "type": "Feature", "properties": { "内容": "特別養護老人ホーム　めぐみ【介護老人福祉施設】神奈川県横浜市泉区中田町３４３０－６", "url": "https://www.kaigokensaku.mhlw.go.jp/14/index.php?action_kouhyou_detail_004_kani=true&JigyosyoCd=1473601274-00&ServiceCd=510&Type=search", "url2": "http://www.keisei-fukushikai.com" }, "geometry": { "type": "Point", "coordinates": [ 139.509014799999932, 35.4229621 ] } },
{ "type": "Feature", "properties": { "内容": "特別養護老人ホーム　いずみ芙蓉苑【介護老人福祉施設】神奈川県横浜市泉区上飯田町4631", "url": "https://www.kaigokensaku.mhlw.go.jp/14/index.php?action_kouhyou_detail_004_kani=true&JigyosyoCd=1473600177-00&ServiceCd=510&Type=search", "url2": "http://www.shafuku-doujinkai.or.jp/" }, "geometry": { "type": "Point", "coordinates": [ 139.480978099999987, 35.4417457 ] } },
{ "type": "Feature", "properties": { "内容": "特別養護老人ホーム　ひかり苑【介護老人福祉施設】神奈川県横浜市青葉区さつきが丘8-4", "url": "https://www.kaigokensaku.mhlw.go.jp/14/index.php?action_kouhyou_detail_004_kani=true&JigyosyoCd=1473700183-00&ServiceCd=510&Type=search", "url2": "https://midorifukushikai.or.jp/facility/hikarien/" }, "geometry": { "type": "Point", "coordinates": [ 139.518701700000065, 35.5318875 ] } },
{ "type": "Feature", "properties": { "内容": "特別養護老人ホーム緑の郷【介護老人福祉施設】神奈川県横浜市青葉区鉄町2075番地3", "url": "https://www.kaigokensaku.mhlw.go.jp/14/index.php?action_kouhyou_detail_004_kani=true&JigyosyoCd=1473700191-00&ServiceCd=510&Type=search", "url2": "https://ryokuseikai-yokohama.jp" }, "geometry": { "type": "Point", "coordinates": [ 139.526460400000019, 35.5695631 ] } },
{ "type": "Feature", "properties": { "内容": "特別養護老人ホーム　ピア市ヶ尾【介護老人福祉施設】神奈川県横浜市青葉区市ケ尾町522-10", "url": "https://www.kaigokensaku.mhlw.go.jp/14/index.php?action_kouhyou_detail_004_kani=true&JigyosyoCd=1473701058-00&ServiceCd=510&Type=search", "url2": "http://www.kouyoukai.jp/" }, "geometry": { "type": "Point", "coordinates": [ 139.544929799999977, 35.5429809 ] } },
{ "type": "Feature", "properties": { "内容": "創生園青葉【介護老人福祉施設】神奈川県横浜市青葉区奈良町881番13号", "url": "https://www.kaigokensaku.mhlw.go.jp/14/index.php?action_kouhyou_detail_004_kani=true&JigyosyoCd=1473702205-00&ServiceCd=510&Type=search", "url2": "http://www.souseikai.or.jp" }, "geometry": { "type": "Point", "coordinates": [ 139.488076200000023, 35.5591129 ] } },
{ "type": "Feature", "properties": { "内容": "特別養護老人ホーム　みすずが丘【介護老人福祉施設】神奈川県横浜市青葉区みすずが丘２３－２", "url": "https://www.kaigokensaku.mhlw.go.jp/14/index.php?action_kouhyou_detail_004_kani=true&JigyosyoCd=1473704003-00&ServiceCd=510&Type=search", "url2": "http://fujizuka.com/misuzugaoka" }, "geometry": { "type": "Point", "coordinates": [ 139.54068798836056, 35.559562871684442 ] } },
{ "type": "Feature", "properties": { "内容": "わかたけ青葉【介護老人福祉施設】神奈川県横浜市青葉区奈良4-6-1", "url": "https://www.kaigokensaku.mhlw.go.jp/14/index.php?action_kouhyou_detail_004_kani=true&JigyosyoCd=1473701520-00&ServiceCd=510&Type=search", "url2": "https://wakatake.net/category/facility/aoba-facility/" }, "geometry": { "type": "Point", "coordinates": [ 139.4829241, 35.5521634 ] } },
{ "type": "Feature", "properties": { "内容": "てるてる園【介護老人福祉施設】神奈川県横浜市青葉区奈良町2578番", "url": "https://www.kaigokensaku.mhlw.go.jp/14/index.php?action_kouhyou_detail_004_kani=true&JigyosyoCd=1473701900-00&ServiceCd=510&Type=search", "url2": "http://www.taimeikai.com" }, "geometry": { "type": "Point", "coordinates": [ 139.476726399999961, 35.5668891 ] } },
{ "type": "Feature", "properties": { "内容": "青葉ヒルズ【介護老人福祉施設】神奈川県横浜市青葉区鴨志田町1260", "url": "https://www.kaigokensaku.mhlw.go.jp/14/index.php?action_kouhyou_detail_004_kani=true&JigyosyoCd=1473701926-00&ServiceCd=510&Type=search", "url2": "http://www.swct.or.jp/" }, "geometry": { "type": "Point", "coordinates": [ 139.49994259999994, 35.5581618 ] } },
{ "type": "Feature", "properties": { "内容": "介護老人福祉施設　大樹の郷【介護老人福祉施設】神奈川県横浜市青葉区恩田町２２８２", "url": "https://www.kaigokensaku.mhlw.go.jp/14/index.php?action_kouhyou_detail_004_kani=true&JigyosyoCd=1473701967-00&ServiceCd=510&Type=search", "url2": "http://ryokujyukai.com/" }, "geometry": { "type": "Point", "coordinates": [ 139.497566987171922, 35.546891894147926 ] } },
{ "type": "Feature", "properties": { "内容": "特別養護老人ホームビオラ市ケ尾【介護老人福祉施設】神奈川県横浜市青葉区市ヶ尾町25番地6", "url": "https://www.kaigokensaku.mhlw.go.jp/14/index.php?action_kouhyou_detail_004_kani=true&JigyosyoCd=1473702510-00&ServiceCd=510&Type=search", "url2": "http://www.nakagawa-tokushokai.com" }, "geometry": { "type": "Point", "coordinates": [ 139.538573723278802, 35.549186394135191 ] } },
{ "type": "Feature", "properties": { "内容": "特別養護老人ホーム青葉あさくら苑【介護老人福祉施設】神奈川県横浜市青葉区恩田町２９９４－１", "url": "https://www.kaigokensaku.mhlw.go.jp/14/index.php?action_kouhyou_detail_004_kani=true&JigyosyoCd=1473703252-00&ServiceCd=510&Type=search", "url2": "http://www.asakuraen.jp" }, "geometry": { "type": "Point", "coordinates": [ 139.499026634393317, 35.545234174213846 ] } },
{ "type": "Feature", "properties": { "内容": "特別養護老人ホーム　プレシャス横浜【介護老人福祉施設】神奈川県横浜市青葉区元石川町４１８１番地１", "url": "https://www.kaigokensaku.mhlw.go.jp/14/index.php?action_kouhyou_detail_004_kani=true&JigyosyoCd=1473704532-00&ServiceCd=510&Type=search", "url2": "https://asukafukushikai.com" }, "geometry": { "type": "Point", "coordinates": [ 139.53994027404525, 35.577838776252513 ] } },
{ "type": "Feature", "properties": { "内容": "特別養護老人ホーム　ヴェルデの森【介護老人福祉施設】神奈川県横浜市青葉区寺家町５４８－２", "url": "https://www.kaigokensaku.mhlw.go.jp/14/index.php?action_kouhyou_detail_004_kani=true&JigyosyoCd=1473700571-00&ServiceCd=510&Type=search", "url2": "http://www.verude.or.jp" }, "geometry": { "type": "Point", "coordinates": [ 139.504225100000014, 35.5705218 ] } },
{ "type": "Feature", "properties": { "内容": "介護老人福祉施設　中川の里【介護老人福祉施設】神奈川県横浜市都筑区南山田2-39-35", "url": "https://www.kaigokensaku.mhlw.go.jp/14/index.php?action_kouhyou_detail_004_kani=true&JigyosyoCd=1473800124-00&ServiceCd=510&Type=search", "url2": "http://www.nakagawa-tokushokai.com/" }, "geometry": { "type": "Point", "coordinates": [ 139.591839, 35.555585499999985 ] } },
{ "type": "Feature", "properties": { "内容": "介護老人福祉施設都筑の里【介護老人福祉施設】神奈川県横浜市都筑区茅ケ崎東５－１３－１", "url": "https://www.kaigokensaku.mhlw.go.jp/14/index.php?action_kouhyou_detail_004_kani=true&JigyosyoCd=1473800157-00&ServiceCd=510&Type=search", "url2": "http://www.nakagawa-tokushokai.com/" }, "geometry": { "type": "Point", "coordinates": [ 139.586739800000032, 35.54707 ] } },
{ "type": "Feature", "properties": { "内容": "特別養護老人ホーム　ハートフルガーデン川和【介護老人福祉施設】神奈川県横浜市都筑区川和町６６０番地", "url": "https://www.kaigokensaku.mhlw.go.jp/14/index.php?action_kouhyou_detail_004_kani=true&JigyosyoCd=1473800728-00&ServiceCd=510&Type=search", "url2": "http://www.subaru-fukushi.or.jp" }, "geometry": { "type": "Point", "coordinates": [ 139.551773799999978, 35.5226751 ] } },
{ "type": "Feature", "properties": { "内容": "介護老人福祉施設　ヴィラ都筑【介護老人福祉施設】神奈川県横浜市都筑区大棚町392-1", "url": "https://www.kaigokensaku.mhlw.go.jp/14/index.php?action_kouhyou_detail_004_kani=true&JigyosyoCd=1473801437-00&ServiceCd=510&Type=search", "url2": "http://www.tsuzuki.tokuyou.jp/" }, "geometry": { "type": "Point", "coordinates": [ 139.590728200000058, 35.5485144 ] } },
{ "type": "Feature", "properties": { "内容": "介護老人福祉施設池辺【介護老人福祉施設】神奈川県横浜市都筑区池辺町2194", "url": "https://www.kaigokensaku.mhlw.go.jp/14/index.php?action_kouhyou_detail_004_kani=true&JigyosyoCd=1473800959-00&ServiceCd=510&Type=search", "url2": "https://itofukushikai.com/guide/ikebe/" }, "geometry": { "type": "Point", "coordinates": [ 139.568514099999987, 35.5270055 ] } },
{ "type": "Feature", "properties": { "内容": "特別養護老人ホーム　ハピネス都筑【介護老人福祉施設】神奈川県横浜市都筑区牛久保町１８０８－３", "url": "https://www.kaigokensaku.mhlw.go.jp/14/index.php?action_kouhyou_detail_004_kani=true&JigyosyoCd=1473801288-00&ServiceCd=510&Type=search", "url2": "https://www.family-wf.jp/happiness-tsuzuki" }, "geometry": { "type": "Point", "coordinates": [ 139.570687899999939, 35.5680836 ] } },
{ "type": "Feature", "properties": { "内容": "介護老人福祉施設わかたけ都筑【介護老人福祉施設】神奈川県横浜市都筑区川和町19-1", "url": "https://www.kaigokensaku.mhlw.go.jp/14/index.php?action_kouhyou_detail_004_kani=true&JigyosyoCd=1473802864-00&ServiceCd=510&Type=search", "url2": "https://wakatake.net/category/facility/tsuzuki/" }, "geometry": { "type": "Point", "coordinates": [ 139.5530047, 35.5180566 ] } },
{ "type": "Feature", "properties": { "内容": "介護老人福祉施設スミール荏田【介護老人福祉施設】神奈川県横浜市都筑区荏田南町4202", "url": "https://www.kaigokensaku.mhlw.go.jp/14/index.php?action_kouhyou_detail_004_kani=true&JigyosyoCd=1473802880-00&ServiceCd=510&Type=search", "url2": "http://www.tatsuki.co/" }, "geometry": { "type": "Point", "coordinates": [ 139.5622445, 35.5539311 ] } },
{ "type": "Feature", "properties": { "内容": "高齢者福祉施設しおん【介護老人福祉施設】神奈川県川崎市川崎区本町1-1-1", "url": "https://www.kaigokensaku.mhlw.go.jp/14/index.php?action_kouhyou_detail_004_kani=true&JigyosyoCd=1475004691-00&ServiceCd=510&Type=search", "url2": "https://heartful-k.valentia.design/shion/companyinfo/" }, "geometry": { "type": "Point", "coordinates": [ 139.7017873, 35.5331927 ] } },
{ "type": "Feature", "properties": { "内容": "社会福祉法人セイワ　介護老人福祉施設桜寿園【介護老人福祉施設】神奈川県川崎市川崎区桜本2-39-4", "url": "https://www.kaigokensaku.mhlw.go.jp/14/index.php?action_kouhyou_detail_004_kani=true&JigyosyoCd=1475000129-00&ServiceCd=510&Type=search", "url2": "https://seiwa-oujyuen.jp" }, "geometry": { "type": "Point", "coordinates": [ 139.726366, 35.5211848 ] } },
{ "type": "Feature", "properties": { "内容": "介護老人福祉施設　恒春園【介護老人福祉施設】神奈川県川崎市川崎区小川町１０－１０", "url": "https://www.kaigokensaku.mhlw.go.jp/14/index.php?action_kouhyou_detail_004_kani=true&JigyosyoCd=1475000178-00&ServiceCd=510&Type=search", "url2": "https://www.majima-fukushikai.jp" }, "geometry": { "type": "Point", "coordinates": [ 139.696390699999938, 35.5264981 ] } },
{ "type": "Feature", "properties": { "内容": "介護老人福祉施設　大師の里【介護老人福祉施設】神奈川県川崎市川崎区日ノ出２－７－１", "url": "https://www.kaigokensaku.mhlw.go.jp/14/index.php?action_kouhyou_detail_004_kani=true&JigyosyoCd=1475000186-00&ServiceCd=510&Type=search", "url2": "https://www.majima-fukushikai.jp" }, "geometry": { "type": "Point", "coordinates": [ 139.7430147, 35.5304091 ] } },
{ "type": "Feature", "properties": { "内容": "特別養護老人ホーム　ゆとりあ【介護老人福祉施設】神奈川県川崎市川崎区殿町1-11-10", "url": "https://www.kaigokensaku.mhlw.go.jp/14/index.php?action_kouhyou_detail_004_kani=true&JigyosyoCd=1475002422-00&ServiceCd=510&Type=search", "url2": "http://yutoria.jp/" }, "geometry": { "type": "Point", "coordinates": [ 139.743656, 35.5401384 ] } },
{ "type": "Feature", "properties": { "内容": "特別養護老人ホーム　ゆとりあ【介護老人福祉施設】神奈川県川崎市川崎区殿町1-11-10", "url": "https://www.kaigokensaku.mhlw.go.jp/14/index.php?action_kouhyou_detail_004_kani=true&JigyosyoCd=1475002430-00&ServiceCd=510&Type=search", "url2": "http://www.yutoria.jp" }, "geometry": { "type": "Point", "coordinates": [ 139.743656, 35.5401384 ] } },
{ "type": "Feature", "properties": { "内容": "特別養護老人ホーム　境町フェニックス【介護老人福祉施設】神奈川県川崎市川崎区境町11-9", "url": "https://www.kaigokensaku.mhlw.go.jp/14/index.php?action_kouhyou_detail_004_kani=true&JigyosyoCd=1475003552-00&ServiceCd=510&Type=search", "url2": "http://shafuku-doujinkai.or.jp/" }, "geometry": { "type": "Point", "coordinates": [ 139.709225699999934, 35.52409 ] } },
{ "type": "Feature", "properties": { "内容": "特別養護老人ホーム　境町フェニックス（ユニット型）【介護老人福祉施設】神奈川県川崎市川崎区境町11-9", "url": "https://www.kaigokensaku.mhlw.go.jp/14/index.php?action_kouhyou_detail_004_kani=true&JigyosyoCd=1475003560-00&ServiceCd=510&Type=search", "url2": "http://shafuku-doujinkai.or.jp" }, "geometry": { "type": "Point", "coordinates": [ 139.709225699999934, 35.52409 ] } },
{ "type": "Feature", "properties": { "内容": "特別養護老人ホーム　川崎ラシクル【介護老人福祉施設】神奈川県川崎市川崎区日進町5-1", "url": "https://www.kaigokensaku.mhlw.go.jp/14/index.php?action_kouhyou_detail_004_kani=true&JigyosyoCd=1475004279-00&ServiceCd=510&Type=search", "url2": "https://www.misasakai.or.jp/shisetsu/rashikuru.php" }, "geometry": { "type": "Point", "coordinates": [ 139.692790504893509, 35.526090872749315 ] } },
{ "type": "Feature", "properties": { "内容": "ユニット型特別養護老人ホーム　川崎ラシクル【介護老人福祉施設】神奈川県川崎市川崎区日進町5-1", "url": "https://www.kaigokensaku.mhlw.go.jp/14/index.php?action_kouhyou_detail_004_kani=true&JigyosyoCd=1475004287-00&ServiceCd=510&Type=search", "url2": "https://www.misasakai.or.jp/shisetsu/rashikuru.php" }, "geometry": { "type": "Point", "coordinates": [ 139.692881699999987, 35.5259468 ] } },
{ "type": "Feature", "properties": { "内容": "介護老人福祉施設　ビオラ川崎【介護老人福祉施設】神奈川県川崎市川崎区小田栄2-1-7", "url": "https://www.kaigokensaku.mhlw.go.jp/14/index.php?action_kouhyou_detail_004_kani=true&JigyosyoCd=1475001416-00&ServiceCd=510&Type=search", "url2": "https://www.nakagawa-tokushokai.com/" }, "geometry": { "type": "Point", "coordinates": [ 139.709809299999961, 35.5123804 ] } },
{ "type": "Feature", "properties": { "内容": "特別養護老人ホーム　クロスハート幸・川崎【介護老人福祉施設】神奈川県川崎市幸区河原町1-37", "url": "https://www.kaigokensaku.mhlw.go.jp/14/index.php?action_kouhyou_detail_004_kani=true&JigyosyoCd=1475101604-00&ServiceCd=510&Type=search", "url2": "https://www.shinkoufukushikai.com/" }, "geometry": { "type": "Point", "coordinates": [ 139.693069178991664, 35.539292869632909 ] } },
{ "type": "Feature", "properties": { "内容": "特別養護老人ホーム　クロスハート幸・川崎　ユニット型【介護老人福祉施設】神奈川県川崎市幸区河原町1-37", "url": "https://www.kaigokensaku.mhlw.go.jp/14/index.php?action_kouhyou_detail_004_kani=true&JigyosyoCd=1475101612-00&ServiceCd=510&Type=search", "url2": "https://www.shinkoufukushikai.com/" }, "geometry": { "type": "Point", "coordinates": [ 139.883312899999964, 36.5497797 ] } },
{ "type": "Feature", "properties": { "内容": "社会福祉法人セイワ　介護老人福祉施設幸風苑【介護老人福祉施設】神奈川県川崎市幸区都町64-1", "url": "https://www.kaigokensaku.mhlw.go.jp/14/index.php?action_kouhyou_detail_004_kani=true&JigyosyoCd=1475100077-00&ServiceCd=510&Type=search", "url2": "https://www.seiwa-koufuen.jp" }, "geometry": { "type": "Point", "coordinates": [ 139.687349499999982, 35.5366494 ] } },
{ "type": "Feature", "properties": { "内容": "介護老人福祉施設　みんなと暮らす町【介護老人福祉施設】神奈川県川崎市幸区東古市場１１６－１２", "url": "https://www.kaigokensaku.mhlw.go.jp/14/index.php?action_kouhyou_detail_004_kani=true&JigyosyoCd=1475101109-00&ServiceCd=510&Type=search", "url2": "http://www.taiyonosono.or.jp/" }, "geometry": { "type": "Point", "coordinates": [ 139.688335100000018, 35.5515027 ] } },
{ "type": "Feature", "properties": { "内容": "特別養護老人ホーム南さいわい【介護老人福祉施設】神奈川県川崎市幸区南幸町3丁目149-3", "url": "https://www.kaigokensaku.mhlw.go.jp/14/index.php?action_kouhyou_detail_004_kani=true&JigyosyoCd=1475101620-00&ServiceCd=510&Type=search", "url2": "http://www.misasakai.or.jp" }, "geometry": { "type": "Point", "coordinates": [ 139.686886483605917, 35.535150798896083 ] } },
{ "type": "Feature", "properties": { "内容": "ユニット型特別養護老人ホーム　南さいわい【介護老人福祉施設】神奈川県川崎市幸区南幸町3丁目149-3", "url": "https://www.kaigokensaku.mhlw.go.jp/14/index.php?action_kouhyou_detail_004_kani=true&JigyosyoCd=1475101638-00&ServiceCd=510&Type=search", "url2": "http://www.misasakai.or.jp/" }, "geometry": { "type": "Point", "coordinates": [ 139.686865025933798, 35.535142068207435 ] } },
{ "type": "Feature", "properties": { "内容": "特別養護老人ホーム　夢見ヶ崎【介護老人福祉施設】神奈川県川崎市幸区南加瀬1-7-14", "url": "https://www.kaigokensaku.mhlw.go.jp/14/index.php?action_kouhyou_detail_004_kani=true&JigyosyoCd=1475102511-00&ServiceCd=510&Type=search", "url2": "http://www.warakukai.or.jp/facility/facility04.html" }, "geometry": { "type": "Point", "coordinates": [ 139.6678049, 35.5469357 ] } },
{ "type": "Feature", "properties": { "内容": "特別養護老人ホーム　しゃんぐりら【介護老人福祉施設】神奈川県川崎市幸区東小倉6-1", "url": "https://www.kaigokensaku.mhlw.go.jp/14/index.php?action_kouhyou_detail_004_kani=true&JigyosyoCd=1475102701-00&ServiceCd=510&Type=search", "url2": "http://heartful-K.org/" }, "geometry": { "type": "Point", "coordinates": [ 139.6765418, 35.5462193 ] } },
{ "type": "Feature", "properties": { "内容": "特別養護老人ホームしゃんぐりら（ユニット）【介護老人福祉施設】神奈川県川崎市幸区東小倉6-1", "url": "https://www.kaigokensaku.mhlw.go.jp/14/index.php?action_kouhyou_detail_004_kani=true&JigyosyoCd=1475102719-00&ServiceCd=510&Type=search", "url2": "http://heartful-K.org/" }, "geometry": { "type": "Point", "coordinates": [ 139.6765418, 35.5462193 ] } },
{ "type": "Feature", "properties": { "内容": "特別養護老人ホームひらまの里【介護老人福祉施設】神奈川県川崎市中原区上平間611-1", "url": "https://www.kaigokensaku.mhlw.go.jp/14/index.php?action_kouhyou_detail_004_kani=true&JigyosyoCd=1475203103-00&ServiceCd=510&Type=search", "url2": "http://kfj.or.jp/aged/" }, "geometry": { "type": "Point", "coordinates": [ 139.681564900000012, 35.5568999 ] } },
{ "type": "Feature", "properties": { "内容": "社会福祉法人セイワ　介護老人福祉施設すみよし【介護老人福祉施設】神奈川県川崎市中原区木月祗園町2-1", "url": "https://www.kaigokensaku.mhlw.go.jp/14/index.php?action_kouhyou_detail_004_kani=true&JigyosyoCd=1475203111-00&ServiceCd=510&Type=search", "url2": "https://www.seiwa-sumiyoshi.jp" }, "geometry": { "type": "Point", "coordinates": [ 139.6486234, 35.5689487 ] } },
{ "type": "Feature", "properties": { "内容": "社会福祉法人セイワ　介護老人福祉施設みやうち【介護老人福祉施設】神奈川県川崎市中原区宮内１－２５－１", "url": "https://www.kaigokensaku.mhlw.go.jp/14/index.php?action_kouhyou_detail_004_kani=true&JigyosyoCd=1475200612-00&ServiceCd=510&Type=search", "url2": "https://seiwa-miyauchi.jp/" }, "geometry": { "type": "Point", "coordinates": [ 139.641070200000058, 35.5944209 ] } },
{ "type": "Feature", "properties": { "内容": "特別養護老人ホーム　等々力【介護老人福祉施設】神奈川県川崎市中原区宮内4丁目19番26号", "url": "https://www.kaigokensaku.mhlw.go.jp/14/index.php?action_kouhyou_detail_004_kani=true&JigyosyoCd=1475200802-00&ServiceCd=510&Type=search", "url2": "https://kasugakai１．wixsite.com/kasugakai" }, "geometry": { "type": "Point", "coordinates": [ 139.645317500000033, 35.58807190000001 ] } },
{ "type": "Feature", "properties": { "内容": "特別養護老人ホームヴィラージュ中原【介護老人福祉施設】神奈川県川崎市中原区上小田中1-28-55", "url": "https://www.kaigokensaku.mhlw.go.jp/14/index.php?action_kouhyou_detail_004_kani=true&JigyosyoCd=1475203319-00&ServiceCd=510&Type=search", "url2": "https://info-nakahara.wixsite.com/vnakahara" }, "geometry": { "type": "Point", "coordinates": [ 139.630800393254106, 35.591931569603446 ] } },
{ "type": "Feature", "properties": { "内容": "社会福祉法人セイワ　介護老人福祉施設　すえなが【介護老人福祉施設】神奈川県川崎市高津区末長1丁目3番13号", "url": "https://www.kaigokensaku.mhlw.go.jp/14/index.php?action_kouhyou_detail_004_kani=true&JigyosyoCd=1475300115-00&ServiceCd=510&Type=search", "url2": "https://www.seiwa-suenaga.jp/" }, "geometry": { "type": "Point", "coordinates": [ 139.608646099999987, 35.5953073 ] } },
{ "type": "Feature", "properties": { "内容": "特別養護老人ホーム　和楽館【介護老人福祉施設】神奈川県川崎市高津区千年１４１－２", "url": "https://www.kaigokensaku.mhlw.go.jp/14/index.php?action_kouhyou_detail_004_kani=true&JigyosyoCd=1475300149-00&ServiceCd=510&Type=search", "url2": "https://www.warakukai.or.jp" }, "geometry": { "type": "Point", "coordinates": [ 139.62116530000003, 35.5744132 ] } },
{ "type": "Feature", "properties": { "内容": "特別養護老人ホーム　おだかの郷/ユニット型【介護老人福祉施設】神奈川県川崎市高津区末長2-20-20", "url": "https://www.kaigokensaku.mhlw.go.jp/14/index.php?action_kouhyou_detail_004_kani=true&JigyosyoCd=1475302285-00&ServiceCd=510&Type=search", "url2": "http://hyakusyunkai.com/" }, "geometry": { "type": "Point", "coordinates": [ 139.612704603704856, 35.588128224919686 ] } },
{ "type": "Feature", "properties": { "内容": "特別養護老人ホーム　おだかの郷/従来型【介護老人福祉施設】神奈川県川崎市高津区末長2-20-20", "url": "https://www.kaigokensaku.mhlw.go.jp/14/index.php?action_kouhyou_detail_004_kani=true&JigyosyoCd=1475302293-00&ServiceCd=510&Type=search", "url2": "https://hyakusyunkai.com/" }, "geometry": { "type": "Point", "coordinates": [ 139.612742154631064, 35.588167487043563 ] } },
{ "type": "Feature", "properties": { "内容": "高津山桜の森【介護老人福祉施設】神奈川県川崎市高津区久末1510-10", "url": "https://www.kaigokensaku.mhlw.go.jp/14/index.php?action_kouhyou_detail_004_kani=true&JigyosyoCd=1475303101-00&ServiceCd=510&Type=search", "url2": "https://www.shuhokai.or.jp/" }, "geometry": { "type": "Point", "coordinates": [ 139.622456055155908, 35.562807987111128 ] } },
{ "type": "Feature", "properties": { "内容": "高津山桜の森／ユニット型【介護老人福祉施設】神奈川県川崎市高津区久末1510-10", "url": "https://www.kaigokensaku.mhlw.go.jp/14/index.php?action_kouhyou_detail_004_kani=true&JigyosyoCd=1475303119-00&ServiceCd=510&Type=search", "url2": "https://www.shuhokai.or.jp/" }, "geometry": { "type": "Point", "coordinates": [ 139.622445326319848, 35.562816714787672 ] } },
{ "type": "Feature", "properties": { "内容": "特別養護老人ホーム陽だまりの園【介護老人福祉施設】神奈川県川崎市高津区諏訪２－１０－１５", "url": "https://www.kaigokensaku.mhlw.go.jp/14/index.php?action_kouhyou_detail_004_kani=true&JigyosyoCd=1475303663-00&ServiceCd=510&Type=search", "url2": "http://www.taiyonosono.or.jp" }, "geometry": { "type": "Point", "coordinates": [ 139.62824470000001, 35.6033239 ] } },
{ "type": "Feature", "properties": { "内容": "特別養護老人ホーム　新緑の郷(ユニット)【介護老人福祉施設】神奈川県川崎市高津区久末473番地14", "url": "https://www.kaigokensaku.mhlw.go.jp/14/index.php?action_kouhyou_detail_004_kani=true&JigyosyoCd=1475303002-00&ServiceCd=510&Type=search", "url2": "https://ryokuseikai-yokohama.jp" }, "geometry": { "type": "Point", "coordinates": [ 139.617113499999959, 35.5627124 ] } },
{ "type": "Feature", "properties": { "内容": "特別養護老人ホーム　新緑の郷【介護老人福祉施設】神奈川県川崎市高津区久末473番地14", "url": "https://www.kaigokensaku.mhlw.go.jp/14/index.php?action_kouhyou_detail_004_kani=true&JigyosyoCd=1475302996-00&ServiceCd=510&Type=search", "url2": "https://www.ryokuseikai-yokohama.jp" }, "geometry": { "type": "Point", "coordinates": [ 139.617402052658917, 35.562228927797349 ] } },
{ "type": "Feature", "properties": { "内容": "特別養護老人ホーム　菅の里【介護老人福祉施設】神奈川県川崎市多摩区菅北浦３丁目１０番２０号", "url": "https://www.kaigokensaku.mhlw.go.jp/14/index.php?action_kouhyou_detail_004_kani=true&JigyosyoCd=1475400188-00&ServiceCd=510&Type=search", "url2": "https://tokushin-suge.com" }, "geometry": { "type": "Point", "coordinates": [ 139.5323237, 35.6314816 ] } },
{ "type": "Feature", "properties": { "内容": "よみうりランド花ハウス【介護老人福祉施設】神奈川県川崎市多摩区菅仙谷4-1-4", "url": "https://www.kaigokensaku.mhlw.go.jp/14/index.php?action_kouhyou_detail_004_kani=true&JigyosyoCd=1475400683-00&ServiceCd=510&Type=search", "url2": "https://www.hana-house.org" }, "geometry": { "type": "Point", "coordinates": [ 139.519722600000023, 35.6217665 ] } },
{ "type": "Feature", "properties": { "内容": "特別養護老人ホーム多摩川の里【介護老人福祉施設】神奈川県川崎市多摩区中野島6-13-5", "url": "https://www.kaigokensaku.mhlw.go.jp/14/index.php?action_kouhyou_detail_004_kani=true&JigyosyoCd=1475402911-00&ServiceCd=510&Type=search", "url2": "https://kfj.or.jp" }, "geometry": { "type": "Point", "coordinates": [ 139.551813488836643, 35.632171065597475 ] } },
{ "type": "Feature", "properties": { "内容": "介護老人福祉施設　太陽の園【介護老人福祉施設】神奈川県川崎市多摩区栗谷２－１６－６", "url": "https://www.kaigokensaku.mhlw.go.jp/14/index.php?action_kouhyou_detail_004_kani=true&JigyosyoCd=1475400154-00&ServiceCd=510&Type=search", "url2": "http://www.taiyonosono.or.jp/" }, "geometry": { "type": "Point", "coordinates": [ 139.53460270000005, 35.6075803 ] } },
{ "type": "Feature", "properties": { "内容": "特別養護老人ホームヴィラージュ川崎【介護老人福祉施設】神奈川県川崎市多摩区宿河原1丁目18番1号", "url": "https://www.kaigokensaku.mhlw.go.jp/14/index.php?action_kouhyou_detail_004_kani=true&JigyosyoCd=1475401707-00&ServiceCd=510&Type=search", "url2": "https://biseikai.or.jp/" }, "geometry": { "type": "Point", "coordinates": [ 139.577681435582008, 35.617917818354691 ] } },
{ "type": "Feature", "properties": { "内容": "特別養護老人ホーム　生田広場【介護老人福祉施設】神奈川県川崎市多摩区西生田５－２４－２", "url": "https://www.kaigokensaku.mhlw.go.jp/14/index.php?action_kouhyou_detail_004_kani=true&JigyosyoCd=1475401913-00&ServiceCd=510&Type=search", "url2": "http://www.yotsubakai.jp/" }, "geometry": { "type": "Point", "coordinates": [ 139.525167499999952, 35.6057362 ] } },
{ "type": "Feature", "properties": { "内容": "特別養護老人ホーム　生田広場（ユニット型）【介護老人福祉施設】神奈川県川崎市多摩区西生田5-24-2", "url": "https://www.kaigokensaku.mhlw.go.jp/14/index.php?action_kouhyou_detail_004_kani=true&JigyosyoCd=1475401921-00&ServiceCd=510&Type=search", "url2": "http://yotsubakai.jp/" }, "geometry": { "type": "Point", "coordinates": [ 139.525167499999952, 35.6057362 ] } },
{ "type": "Feature", "properties": { "内容": "特別養護老人ホーム生田まほろば【介護老人福祉施設】神奈川県川崎市多摩区生田1-4-17", "url": "https://www.kaigokensaku.mhlw.go.jp/14/index.php?action_kouhyou_detail_004_kani=true&JigyosyoCd=1475401988-00&ServiceCd=510&Type=search", "url2": "http://www.mizuho-care.jp/" }, "geometry": { "type": "Point", "coordinates": [ 139.541744874205051, 35.626185505798141 ] } },
{ "type": "Feature", "properties": { "内容": "特別養護老人ホームまほろば【介護老人福祉施設】神奈川県川崎市多摩区生田1-4-17", "url": "https://www.kaigokensaku.mhlw.go.jp/14/index.php?action_kouhyou_detail_004_kani=true&JigyosyoCd=1475401996-00&ServiceCd=510&Type=search", "url2": "http://www.mizuho-care.jp/" }, "geometry": { "type": "Point", "coordinates": [ 139.541749419946314, 35.626182120175464 ] } },
{ "type": "Feature", "properties": { "内容": "特別養護老人ホームヴィラージュ川崎（ユニット型）【介護老人福祉施設】神奈川県川崎市多摩区宿河原一丁目18番1号", "url": "https://www.kaigokensaku.mhlw.go.jp/14/index.php?action_kouhyou_detail_004_kani=true&JigyosyoCd=1475402572-00&ServiceCd=510&Type=search", "url2": "https://biseikai.or.jp/" }, "geometry": { "type": "Point", "coordinates": [ 139.57761789999995, 35.617918100000033 ] } },
{ "type": "Feature", "properties": { "内容": "特別養護老人ホーム　しゅくがわら三清荘【介護老人福祉施設】神奈川県川崎市多摩区宿河原６－２０－１９", "url": "https://www.kaigokensaku.mhlw.go.jp/14/index.php?action_kouhyou_detail_004_kani=true&JigyosyoCd=1475403125-00&ServiceCd=510&Type=search", "url2": "https://www.keizankai.or.jp/kaigo/shukugawara/" }, "geometry": { "type": "Point", "coordinates": [ 139.585176, 35.611231 ] } },
{ "type": "Feature", "properties": { "内容": "社会福祉法人セイワ　介護老人福祉施設鷲ヶ峯【介護老人福祉施設】神奈川県川崎市宮前区菅生ヶ丘13-1", "url": "https://www.kaigokensaku.mhlw.go.jp/14/index.php?action_kouhyou_detail_004_kani=true&JigyosyoCd=1475500177-00&ServiceCd=510&Type=search", "url2": "https://www.seiwa-washigamine.jp" }, "geometry": { "type": "Point", "coordinates": [ 139.545427300000028, 35.597107 ] } },
{ "type": "Feature", "properties": { "内容": "みかど荘【介護老人福祉施設】神奈川県川崎市宮前区西野川三丁目39番18号", "url": "https://www.kaigokensaku.mhlw.go.jp/14/index.php?action_kouhyou_detail_004_kani=true&JigyosyoCd=1475500037-00&ServiceCd=510&Type=search", "url2": "http://www.kunugizaka.com" }, "geometry": { "type": "Point", "coordinates": [ 139.61046680000004, 35.5707138 ] } },
{ "type": "Feature", "properties": { "内容": "特別養護老人ホーム　　　富士見プラザ【介護老人福祉施設】神奈川県川崎市宮前区南野川1-8-11", "url": "https://www.kaigokensaku.mhlw.go.jp/14/index.php?action_kouhyou_detail_004_kani=true&JigyosyoCd=1475500342-00&ServiceCd=510&Type=search", "url2": "https://fujimiplaza.com" }, "geometry": { "type": "Point", "coordinates": [ 139.5990098, 35.5721774 ] } },
{ "type": "Feature", "properties": { "内容": "特別養護老人ホーム　わらく桃の丘　（ユニット型）【介護老人福祉施設】神奈川県川崎市宮前区野川本町3-17-3", "url": "https://www.kaigokensaku.mhlw.go.jp/14/index.php?action_kouhyou_detail_004_kani=true&JigyosyoCd=1475501530-00&ServiceCd=510&Type=search", "url2": "https://warakukai.or.jp" }, "geometry": { "type": "Point", "coordinates": [ 139.619068515386971, 35.575585758265404 ] } },
{ "type": "Feature", "properties": { "内容": "特別養護老人ホーム　わらく桃の丘【介護老人福祉施設】神奈川県川崎市宮前区野川本町3-17-3", "url": "https://www.kaigokensaku.mhlw.go.jp/14/index.php?action_kouhyou_detail_004_kani=true&JigyosyoCd=1475501522-00&ServiceCd=510&Type=search", "url2": "https://warakukai.or.jp" }, "geometry": { "type": "Point", "coordinates": [ 139.619059288581411, 35.575489769071098 ] } },
{ "type": "Feature", "properties": { "内容": "特別養護老人ホーム　フレンド神木【介護老人福祉施設】神奈川県川崎市宮前区神木本町5-12-15", "url": "https://www.kaigokensaku.mhlw.go.jp/14/index.php?action_kouhyou_detail_004_kani=true&JigyosyoCd=1475500938-00&ServiceCd=510&Type=search", "url2": "https://sanshinkai.or.jp/" }, "geometry": { "type": "Point", "coordinates": [ 139.580537899999968, 35.5996066 ] } },
{ "type": "Feature", "properties": { "内容": "特別養護老人ホーム　プラチナ・ヴィラ野川【介護老人福祉施設】神奈川県川崎市宮前区南野川3丁目23番地2", "url": "https://www.kaigokensaku.mhlw.go.jp/14/index.php?action_kouhyou_detail_004_kani=true&JigyosyoCd=1475502017-00&ServiceCd=510&Type=search", "url2": "https://www.platinum-villa.jp/nogawa.html" }, "geometry": { "type": "Point", "coordinates": [ 139.611940350926233, 35.569477383602575 ] } },
{ "type": "Feature", "properties": { "内容": "特別養護老人ホーム　プラチナ・ヴィラ野川／ユニット型【介護老人福祉施設】神奈川県川崎市宮前区南野川3丁目23番地2", "url": "https://www.kaigokensaku.mhlw.go.jp/14/index.php?action_kouhyou_detail_004_kani=true&JigyosyoCd=1475502025-00&ServiceCd=510&Type=search", "url2": "https://www.platinum-villa.jp/nogawa.html" }, "geometry": { "type": "Point", "coordinates": [ 139.611984908689919, 35.569471769937884 ] } },
{ "type": "Feature", "properties": { "内容": "特別養護老人ホーム　金井原苑【介護老人福祉施設】神奈川県川崎市麻生区片平1430", "url": "https://www.kaigokensaku.mhlw.go.jp/14/index.php?action_kouhyou_detail_004_kani=true&JigyosyoCd=1475600043-00&ServiceCd=510&Type=search", "url2": "https://kanaibara.or.jp" }, "geometry": { "type": "Point", "coordinates": [ 139.479475800000046, 35.6023864 ] } },
{ "type": "Feature", "properties": { "内容": "特別養護老人ホーム　あさおの丘【介護老人福祉施設】神奈川県川崎市麻生区栗木台1-12-1", "url": "https://www.kaigokensaku.mhlw.go.jp/14/index.php?action_kouhyou_detail_004_kani=true&JigyosyoCd=1475600092-00&ServiceCd=510&Type=search", "url2": "http://www.heartful-k.org/" }, "geometry": { "type": "Point", "coordinates": [ 139.476375700000062, 35.6078019 ] } },
{ "type": "Feature", "properties": { "内容": "特別養護老人ホーム　柿生アルナ園【介護老人福祉施設】神奈川県川崎市麻生区上麻生５－１９－１０", "url": "https://www.kaigokensaku.mhlw.go.jp/14/index.php?action_kouhyou_detail_004_kani=true&JigyosyoCd=1475600126-00&ServiceCd=510&Type=search", "url2": "http://www.arunaen.jp" }, "geometry": { "type": "Point", "coordinates": [ 139.501080499999944, 35.5909198 ] } },
{ "type": "Feature", "properties": { "内容": "特別養護老人ホーム　虹の里【介護老人福祉施設】神奈川県川崎市麻生区王禅寺963－26", "url": "https://www.kaigokensaku.mhlw.go.jp/14/index.php?action_kouhyou_detail_004_kani=true&JigyosyoCd=1475600134-00&ServiceCd=510&Type=search", "url2": "http://nijinosato.or.jp/" }, "geometry": { "type": "Point", "coordinates": [ 139.523276799999962, 35.5839529 ] } },
{ "type": "Feature", "properties": { "内容": "特別養護老人ホーム　潮見台みどりの丘【介護老人福祉施設】神奈川県川崎市麻生区王禅寺1241-38", "url": "https://www.kaigokensaku.mhlw.go.jp/14/index.php?action_kouhyou_detail_004_kani=true&JigyosyoCd=1475601033-00&ServiceCd=510&Type=search", "url2": "http://midorinooka.jp" }, "geometry": { "type": "Point", "coordinates": [ 139.525768, 35.5918075 ] } },
{ "type": "Feature", "properties": { "内容": "特別養護老人ホーム片平長寿の里（ユニット型）【介護老人福祉施設】神奈川県川崎市麻生区片平１８２９", "url": "https://www.kaigokensaku.mhlw.go.jp/14/index.php?action_kouhyou_detail_004_kani=true&JigyosyoCd=1475601132-00&ServiceCd=510&Type=search", "url2": "http://www.kfj.or.jp" }, "geometry": { "type": "Point", "coordinates": [ 139.484603500000048, 35.595157 ] } },
{ "type": "Feature", "properties": { "内容": "特別養護老人ホーム片平長寿の里【介護老人福祉施設】神奈川県川崎市麻生区片平１８２９", "url": "https://www.kaigokensaku.mhlw.go.jp/14/index.php?action_kouhyou_detail_004_kani=true&JigyosyoCd=1475601140-00&ServiceCd=510&Type=search", "url2": "http://www.kfj.or.jp" }, "geometry": { "type": "Point", "coordinates": [ 139.484603500000048, 35.595157 ] } },
{ "type": "Feature", "properties": { "内容": "特別養護老人ホーム　ルピナス王禅寺【介護老人福祉施設】神奈川県川崎市麻生区王禅寺東3丁目2-36", "url": "https://www.kaigokensaku.mhlw.go.jp/14/index.php?action_kouhyou_detail_004_kani=true&JigyosyoCd=1475601892-00&ServiceCd=510&Type=search", "url2": "http://www.seisyokai.com" }, "geometry": { "type": "Point", "coordinates": [ 139.522471204368571, 35.588166599346565 ] } },
{ "type": "Feature", "properties": { "内容": "特別養護老人ホーム　ルピナス王禅寺（ユニット型）【介護老人福祉施設】神奈川県川崎市麻生区王禅寺東3丁目2－36", "url": "https://www.kaigokensaku.mhlw.go.jp/14/index.php?action_kouhyou_detail_004_kani=true&JigyosyoCd=1475601900-00&ServiceCd=510&Type=search", "url2": "http://www.seisyokai.com" }, "geometry": { "type": "Point", "coordinates": [ 139.52200449999998, 35.5880968 ] } },
{ "type": "Feature", "properties": { "内容": "特別養護老人ホーム　みどりの丘【介護老人福祉施設】神奈川県川崎市麻生区王禅寺1241-38", "url": "https://www.kaigokensaku.mhlw.go.jp/14/index.php?action_kouhyou_detail_004_kani=true&JigyosyoCd=1475601926-00&ServiceCd=510&Type=search", "url2": "http://midorinooka.jp" }, "geometry": { "type": "Point", "coordinates": [ 139.525768, 35.5918075 ] } },
{ "type": "Feature", "properties": { "内容": "特別養護老人ホーム　レジデンシャル百合ヶ丘【介護老人福祉施設】神奈川県川崎市麻生区東百合丘1-12-35", "url": "https://www.kaigokensaku.mhlw.go.jp/14/index.php?action_kouhyou_detail_004_kani=true&JigyosyoCd=1475602080-00&ServiceCd=510&Type=search", "url2": "http://www.ikumeikai.net/yurigaoka/" }, "geometry": { "type": "Point", "coordinates": [ 139.525045500000033, 35.6014896 ] } },
{ "type": "Feature", "properties": { "内容": "特別養護老人ホーム　レジデンシャル百合ヶ丘(ユニット型）【介護老人福祉施設】神奈川県川崎市麻生区東百合丘1-12-35", "url": "https://www.kaigokensaku.mhlw.go.jp/14/index.php?action_kouhyou_detail_004_kani=true&JigyosyoCd=1475602098-00&ServiceCd=510&Type=search", "url2": "http://www.ikumeikai.net/yurigaoka/" }, "geometry": { "type": "Point", "coordinates": [ 139.525045500000033, 35.6014896 ] } },
{ "type": "Feature", "properties": { "内容": "特別養護老人ホームまごころタウン＊新百合ヶ丘【介護老人福祉施設】神奈川県川崎市麻生区百合丘3丁目15－1", "url": "https://www.kaigokensaku.mhlw.go.jp/14/index.php?action_kouhyou_detail_004_kani=true&JigyosyoCd=1475602536-00&ServiceCd=510&Type=search", "url2": "https://shinyuri.magokoro-w.com/" }, "geometry": { "type": "Point", "coordinates": [ 139.5212783, 35.599765600000026 ] } },
{ "type": "Feature", "properties": { "内容": "特別養護老人ホームまごころタウン＊新百合ヶ丘(ユニット型）【介護老人福祉施設】神奈川県川崎市麻生区百合丘3丁目15－1", "url": "https://www.kaigokensaku.mhlw.go.jp/14/index.php?action_kouhyou_detail_004_kani=true&JigyosyoCd=1475602544-00&ServiceCd=510&Type=search", "url2": "https://shinyuri.magokoro-w.com/" }, "geometry": { "type": "Point", "coordinates": [ 139.5212783, 35.599765600000026 ] } },
{ "type": "Feature", "properties": { "内容": "特別養護老人ホーム　ケアプラザさがみはら【介護老人福祉施設】神奈川県相模原市緑区大島２９５番地", "url": "https://www.kaigokensaku.mhlw.go.jp/14/index.php?action_kouhyou_detail_004_kani=true&JigyosyoCd=1472606159-00&ServiceCd=510&Type=search", "url2": "https://horaikai.or.jp/spot/sagamihara1" }, "geometry": { "type": "Point", "coordinates": [ 139.316502170361332, 35.583309253718248 ] } },
{ "type": "Feature", "properties": { "内容": "ボーナビール二本松ケアセンター【介護老人福祉施設】神奈川県相模原市緑区二本松2-30-39", "url": "https://www.kaigokensaku.mhlw.go.jp/14/index.php?action_kouhyou_detail_004_kani=true&JigyosyoCd=1472609633-00&ServiceCd=510&Type=search", "url2": "http://tokyo-busonkai.or.jp" }, "geometry": { "type": "Point", "coordinates": [ 139.315453400000024, 35.5913463 ] } },
{ "type": "Feature", "properties": { "内容": "ライフホーム城山【介護老人福祉施設】神奈川県相模原市緑区小倉1620", "url": "https://www.kaigokensaku.mhlw.go.jp/14/index.php?action_kouhyou_detail_004_kani=true&JigyosyoCd=1471700037-00&ServiceCd=510&Type=search", "url2": "http://lifehomeshiroyama.com/" }, "geometry": { "type": "Point", "coordinates": [ 139.307355, 35.5731143 ] } },
{ "type": "Feature", "properties": { "内容": "介護老人福祉施設　旭ヶ丘特別養護老人ホーム【介護老人福祉施設】神奈川県相模原市緑区根小屋2363番地2", "url": "https://www.kaigokensaku.mhlw.go.jp/14/index.php?action_kouhyou_detail_004_kani=true&JigyosyoCd=1471700052-00&ServiceCd=510&Type=search", "url2": "https://www.asahigaoka-h.jp/" }, "geometry": { "type": "Point", "coordinates": [ 139.262464899999941, 35.5800898 ] } },
{ "type": "Feature", "properties": { "内容": "特別養護老人ホーム　銀の館【介護老人福祉施設】神奈川県相模原市緑区佐野川2575", "url": "https://www.kaigokensaku.mhlw.go.jp/14/index.php?action_kouhyou_detail_004_kani=true&JigyosyoCd=1471700060-00&ServiceCd=510&Type=search", "url2": "https://raphaelkai.com/gin.html" }, "geometry": { "type": "Point", "coordinates": [ 139.131815700000061, 35.6410528 ] } },
{ "type": "Feature", "properties": { "内容": "介護老人福祉施設　さがみ湖桂寿苑【介護老人福祉施設】神奈川県相模原市緑区寸沢嵐３３３１", "url": "https://www.kaigokensaku.mhlw.go.jp/14/index.php?action_kouhyou_detail_004_kani=true&JigyosyoCd=1471700227-00&ServiceCd=510&Type=search", "url2": "https://www.keizyuen.net/" }, "geometry": { "type": "Point", "coordinates": [ 139.198330199999987, 35.6027515 ] } },
{ "type": "Feature", "properties": { "内容": "特別養護老人ホーム　中の郷【介護老人福祉施設】神奈川県相模原市緑区大島1556", "url": "https://www.kaigokensaku.mhlw.go.jp/14/index.php?action_kouhyou_detail_004_kani=true&JigyosyoCd=1472600673-00&ServiceCd=510&Type=search", "url2": "http://www.nakanogou.org/" }, "geometry": { "type": "Point", "coordinates": [ 139.32347249999998, 35.576 ] } },
{ "type": "Feature", "properties": { "内容": "特別養護老人ホーム　東橋本ひまわりホーム【介護老人福祉施設】神奈川県相模原市緑区東橋本4-14-36", "url": "https://www.kaigokensaku.mhlw.go.jp/14/index.php?action_kouhyou_detail_004_kani=true&JigyosyoCd=1472600723-00&ServiceCd=510&Type=search", "url2": "http://www.himawarihome.jp/" }, "geometry": { "type": "Point", "coordinates": [ 139.35781019999996, 35.5984162 ] } },
{ "type": "Feature", "properties": { "内容": "特別養護老人ホーム　青根苑　1号館【介護老人福祉施設】神奈川県相模原市緑区青根1728-1", "url": "https://www.kaigokensaku.mhlw.go.jp/14/index.php?action_kouhyou_detail_004_kani=true&JigyosyoCd=1472605318-00&ServiceCd=510&Type=search", "url2": "http://seihou-kai.jp/aoneen/" }, "geometry": { "type": "Point", "coordinates": [ 139.128490899999946, 35.5437302 ] } },
{ "type": "Feature", "properties": { "内容": "特別養護老人ホーム　青根苑2号館【介護老人福祉施設】神奈川県相模原市緑区青根1728-1", "url": "https://www.kaigokensaku.mhlw.go.jp/14/index.php?action_kouhyou_detail_004_kani=true&JigyosyoCd=1472605326-00&ServiceCd=510&Type=search", "url2": "http://seihou-kai.jp/aoneen/" }, "geometry": { "type": "Point", "coordinates": [ 139.128490899999946, 35.5437302 ] } },
{ "type": "Feature", "properties": { "内容": "特別養護老人ホーム　中の郷　ユニット型【介護老人福祉施設】神奈川県相模原市緑区大島1556", "url": "https://www.kaigokensaku.mhlw.go.jp/14/index.php?action_kouhyou_detail_004_kani=true&JigyosyoCd=1472607389-00&ServiceCd=510&Type=search", "url2": "http://www.nakanogou.org/" }, "geometry": { "type": "Point", "coordinates": [ 139.32347249999998, 35.576 ] } },
{ "type": "Feature", "properties": { "内容": "特別養護老人ホーム相模湖みどりの丘【介護老人福祉施設】神奈川県相模原市緑区寸沢嵐1019-8", "url": "https://www.kaigokensaku.mhlw.go.jp/14/index.php?action_kouhyou_detail_004_kani=true&JigyosyoCd=1472608031-00&ServiceCd=510&Type=search", "url2": "http://www.mdr.juei.or.jp/" }, "geometry": { "type": "Point", "coordinates": [ 139.206771200000048, 35.598163900000017 ] } },
{ "type": "Feature", "properties": { "内容": "リバーサイド田名ホーム【介護老人福祉施設】神奈川県相模原市中央区田名8512-1", "url": "https://www.kaigokensaku.mhlw.go.jp/14/index.php?action_kouhyou_detail_004_kani=true&JigyosyoCd=1472600640-00&ServiceCd=510&Type=search", "url2": "http://aisenkai-riverside.jp/publics/index/28" }, "geometry": { "type": "Point", "coordinates": [ 139.346780200000012, 35.5363611 ] } },
{ "type": "Feature", "properties": { "内容": "特別養護老人ホーム　塩田ホーム【介護老人福祉施設】神奈川県相模原市中央区田名塩田2-5-24", "url": "https://www.kaigokensaku.mhlw.go.jp/14/index.php?action_kouhyou_detail_004_kani=true&JigyosyoCd=1472600657-00&ServiceCd=510&Type=search", "url2": "https://www.daichinokai.jp/profile/shiodahome/" }, "geometry": { "type": "Point", "coordinates": [ 139.356845799999974, 35.534939 ] } },
{ "type": "Feature", "properties": { "内容": "特別養護老人ホーム　泰政園【介護老人福祉施設】神奈川県相模原市中央区中央5-3-18", "url": "https://www.kaigokensaku.mhlw.go.jp/14/index.php?action_kouhyou_detail_004_kani=true&JigyosyoCd=1472600699-00&ServiceCd=510&Type=search", "url2": "http://taiseikai-web.com" }, "geometry": { "type": "Point", "coordinates": [ 139.364769, 35.5704072 ] } },
{ "type": "Feature", "properties": { "内容": "特別養護老人ホーム縁ＪＯＹ【介護老人福祉施設】神奈川県相模原市中央区田名7691番地1", "url": "https://www.kaigokensaku.mhlw.go.jp/14/index.php?action_kouhyou_detail_004_kani=true&JigyosyoCd=1472604147-00&ServiceCd=510&Type=search", "url2": "https://fukushimura.or.jp/facilities/enjoy/" }, "geometry": { "type": "Point", "coordinates": [ 139.345618899999977, 35.5457651 ] } },
{ "type": "Feature", "properties": { "内容": "特別養護老人ホーム　塩田ホーム（ユニット型）【介護老人福祉施設】神奈川県相模原市中央区田名塩田2-5-24特別養護老人ホーム　塩田ホーム", "url": "https://www.kaigokensaku.mhlw.go.jp/14/index.php?action_kouhyou_detail_004_kani=true&JigyosyoCd=1472605904-00&ServiceCd=510&Type=search", "url2": "https://www.daichinokai.jp/profile/shiodahome/" }, "geometry": { "type": "Point", "coordinates": [ 139.356845799999974, 35.534939 ] } },
{ "type": "Feature", "properties": { "内容": "特別養護老人ホーム　大野北誠心園【介護老人福祉施設】神奈川県相模原市中央区東淵野辺5-24-13大野北誠心園", "url": "https://www.kaigokensaku.mhlw.go.jp/14/index.php?action_kouhyou_detail_004_kani=true&JigyosyoCd=1472607843-00&ServiceCd=510&Type=search", "url2": "https://www.sankokai.com" }, "geometry": { "type": "Point", "coordinates": [ 139.406771, 35.5611599 ] } },
{ "type": "Feature", "properties": { "内容": "社会福祉法人　上溝緑寿会　コスモスセンター【介護老人福祉施設】神奈川県相模原市中央区上溝５４２３－５", "url": "https://www.kaigokensaku.mhlw.go.jp/14/index.php?action_kouhyou_detail_004_kani=true&JigyosyoCd=1472600020-00&ServiceCd=510&Type=search", "url2": "https://cosmos-c.or.jp/2024wp/cosmos-center/" }, "geometry": { "type": "Point", "coordinates": [ 139.366652599999952, 35.5545766 ] } },
{ "type": "Feature", "properties": { "内容": "特別養護老人ホーム　はあとぴあ【介護老人福祉施設】神奈川県相模原市中央区清新7丁目4番1号", "url": "https://www.kaigokensaku.mhlw.go.jp/14/index.php?action_kouhyou_detail_004_kani=true&JigyosyoCd=1472600681-00&ServiceCd=510&Type=search", "url2": "https://chisenkai.or.jp/heartpia/" }, "geometry": { "type": "Point", "coordinates": [ 139.36422170000003, 35.5737399 ] } },
{ "type": "Feature", "properties": { "内容": "特別養護老人ホームマナーハウス横山台【介護老人福祉施設】神奈川県相模原市中央区横山台１－２８－３", "url": "https://www.kaigokensaku.mhlw.go.jp/14/index.php?action_kouhyou_detail_004_kani=true&JigyosyoCd=1472606688-00&ServiceCd=510&Type=search", "url2": "https://camellia-kai.com" }, "geometry": { "type": "Point", "coordinates": [ 139.356115379762286, 35.567770129497205 ] } },
{ "type": "Feature", "properties": { "内容": "特別養護老人ホーム　しょうじゅの里相模原【介護老人福祉施設】神奈川県相模原市中央区すすきの町22-12", "url": "https://www.kaigokensaku.mhlw.go.jp/14/index.php?action_kouhyou_detail_004_kani=true&JigyosyoCd=1472611407-00&ServiceCd=510&Type=search", "url2": "http://www.akaedakai.com/sagamihara/index.html" }, "geometry": { "type": "Point", "coordinates": [ 139.368963900000011, 35.5895172 ] } },
{ "type": "Feature", "properties": { "内容": "特別養護老人ホーム　みたけ【介護老人福祉施設】神奈川県相模原市中央区下九沢980", "url": "https://www.kaigokensaku.mhlw.go.jp/14/index.php?action_kouhyou_detail_004_kani=true&JigyosyoCd=1472601846-00&ServiceCd=510&Type=search", "url2": "https://mitake.or.jp/kaigo/tokuyou/" }, "geometry": { "type": "Point", "coordinates": [ 139.345678899999939, 35.5744324 ] } },
{ "type": "Feature", "properties": { "内容": "シルバータウン相模原特別養護老人ホーム【介護老人福祉施設】神奈川県相模原市南区大野台５－１３－７", "url": "https://www.kaigokensaku.mhlw.go.jp/14/index.php?action_kouhyou_detail_004_kani=true&JigyosyoCd=1472600616-00&ServiceCd=510&Type=search", "url2": "http://www.kanagawa-doen.jp/silvertown-sagamihara/" }, "geometry": { "type": "Point", "coordinates": [ 139.408954499999936, 35.5504059 ] } },
{ "type": "Feature", "properties": { "内容": "特別養護老人ホーム幸園【介護老人福祉施設】神奈川県相模原市南区相模大野9-12-22", "url": "https://www.kaigokensaku.mhlw.go.jp/14/index.php?action_kouhyou_detail_004_kani=true&JigyosyoCd=1472600715-00&ServiceCd=510&Type=search", "url2": "https://saiwai-kai.com/" }, "geometry": { "type": "Point", "coordinates": [ 139.440160699999979, 35.5264593 ] } },
{ "type": "Feature", "properties": { "内容": "特別養護老人ホーム　こもれび【介護老人福祉施設】神奈川県相模原市南区大野台４－４－３６", "url": "https://www.kaigokensaku.mhlw.go.jp/14/index.php?action_kouhyou_detail_004_kani=true&JigyosyoCd=1472603024-00&ServiceCd=510&Type=search", "url2": "https://www.comolebi.org/" }, "geometry": { "type": "Point", "coordinates": [ 139.402644, 35.5476926 ] } },
{ "type": "Feature", "properties": { "内容": "特別養護老人ホーム　よもぎの里　愛の丘【介護老人福祉施設】神奈川県相模原市南区当麻490番地1", "url": "https://www.kaigokensaku.mhlw.go.jp/14/index.php?action_kouhyou_detail_004_kani=true&JigyosyoCd=1472604907-00&ServiceCd=510&Type=search", "url2": "https://kirakukai.or.jp" }, "geometry": { "type": "Point", "coordinates": [ 139.366011800000024, 35.5322584 ] } },
{ "type": "Feature", "properties": { "内容": "特別養護老人ホーム　りんどう麻溝【介護老人福祉施設】神奈川県相模原市南区麻溝台5－9－30", "url": "https://www.kaigokensaku.mhlw.go.jp/14/index.php?action_kouhyou_detail_004_kani=true&JigyosyoCd=1472605128-00&ServiceCd=510&Type=search", "url2": "http://rindou-asamizo.net/" }, "geometry": { "type": "Point", "coordinates": [ 139.407680199999959, 35.5297373 ] } },
{ "type": "Feature", "properties": { "内容": "シルバータウン相模原特別養護老人ホーム（ユニット）【介護老人福祉施設】神奈川県相模原市南区大野台5-13-7", "url": "https://www.kaigokensaku.mhlw.go.jp/14/index.php?action_kouhyou_detail_004_kani=true&JigyosyoCd=1472605953-00&ServiceCd=510&Type=search", "url2": "http://www.kanagawa-doen.jp/silvertown-sagamihara/" }, "geometry": { "type": "Point", "coordinates": [ 139.409165600000051, 35.5499726 ] } },
{ "type": "Feature", "properties": { "内容": "特別養護老人ホーム　大野台幸園【介護老人福祉施設】神奈川県相模原市南区大野台3-14-11", "url": "https://www.kaigokensaku.mhlw.go.jp/14/index.php?action_kouhyou_detail_004_kani=true&JigyosyoCd=1472606662-00&ServiceCd=510&Type=search", "url2": "https://www.saiwai-kai.com" }, "geometry": { "type": "Point", "coordinates": [ 139.398269199999959, 35.554200100000017 ] } },
{ "type": "Feature", "properties": { "内容": "特別養護老人ホーム　相模原すみれ園（従来型）【介護老人福祉施設】神奈川県相模原市南区東大沼3-29-47-1", "url": "https://www.kaigokensaku.mhlw.go.jp/14/index.php?action_kouhyou_detail_004_kani=true&JigyosyoCd=1472607215-00&ServiceCd=510&Type=search", "url2": "https://sagamihara-sumire.jp/" }, "geometry": { "type": "Point", "coordinates": [ 139.417763182425688, 35.538944302723998 ] } },
{ "type": "Feature", "properties": { "内容": "特別養護老人ホーム相模原すみれ園（ユニット型）【介護老人福祉施設】神奈川県相模原市南区東大沼3-29-47-1", "url": "https://www.kaigokensaku.mhlw.go.jp/14/index.php?action_kouhyou_detail_004_kani=true&JigyosyoCd=1472607223-00&ServiceCd=510&Type=search", "url2": "https://sagamihara-sumire.jp/tokuyou/index.html" }, "geometry": { "type": "Point", "coordinates": [ 139.417771037938678, 35.538952294675781 ] } },
{ "type": "Feature", "properties": { "内容": "介護老人福祉施設　ラペ相模原【介護老人福祉施設】神奈川県相模原市南区当麻３５３９－１", "url": "https://www.kaigokensaku.mhlw.go.jp/14/index.php?action_kouhyou_detail_004_kani=true&JigyosyoCd=1472607397-00&ServiceCd=510&Type=search", "url2": "https://ryokujyukai.com/" }, "geometry": { "type": "Point", "coordinates": [ 139.3689320629517, 35.52098402892608 ] } },
{ "type": "Feature", "properties": { "内容": "特別養護老人ホーム　あさみぞホーム【介護老人福祉施設】神奈川県相模原市南区下溝2305番地", "url": "https://www.kaigokensaku.mhlw.go.jp/14/index.php?action_kouhyou_detail_004_kani=true&JigyosyoCd=1472600624-00&ServiceCd=510&Type=search", "url2": "https://www.kirakukai.or.jp/jigyou/home" }, "geometry": { "type": "Point", "coordinates": [ 139.380929599999945, 35.5385231 ] } },
{ "type": "Feature", "properties": { "内容": "特別養護老人ホーム　モモ【介護老人福祉施設】神奈川県相模原市南区鵜野森１－２２－１７", "url": "https://www.kaigokensaku.mhlw.go.jp/14/index.php?action_kouhyou_detail_004_kani=true&JigyosyoCd=1472600707-00&ServiceCd=510&Type=search", "url2": "https://sosaykai.org/facility/home-momo/" }, "geometry": { "type": "Point", "coordinates": [ 139.429647199999977, 35.5463199 ] } },
{ "type": "Feature", "properties": { "内容": "特別養護老人ホーム　グレープの里【介護老人福祉施設】神奈川県相模原市南区西大沼5-4-20", "url": "https://www.kaigokensaku.mhlw.go.jp/14/index.php?action_kouhyou_detail_004_kani=true&JigyosyoCd=1472600731-00&ServiceCd=510&Type=search", "url2": "https://www.grape-sato.jp/" }, "geometry": { "type": "Point", "coordinates": [ 139.413349, 35.5366965 ] } },
{ "type": "Feature", "properties": { "内容": "特別養護老人ホーム　東林間シニアクラブ【介護老人福祉施設】神奈川県相模原市南区上鶴間6-6-1", "url": "https://www.kaigokensaku.mhlw.go.jp/14/index.php?action_kouhyou_detail_004_kani=true&JigyosyoCd=1472600749-00&ServiceCd=510&Type=search", "url2": "https://www.yamahisakai.jp/" }, "geometry": { "type": "Point", "coordinates": [ 139.4428967, 35.5235711 ] } },
{ "type": "Feature", "properties": { "内容": "相陽台ホーム【介護老人福祉施設】神奈川県相模原市南区下溝4303", "url": "https://www.kaigokensaku.mhlw.go.jp/14/index.php?action_kouhyou_detail_004_kani=true&JigyosyoCd=1472605532-00&ServiceCd=510&Type=search", "url2": "https://www.souyoudaihome.com/" }, "geometry": { "type": "Point", "coordinates": [ 139.386779499999989, 35.5235119 ] } },
{ "type": "Feature", "properties": { "内容": "特別養護老人ホームマナーハウス麻溝台【介護老人福祉施設】神奈川県相模原市南区下溝３０１８番地", "url": "https://www.kaigokensaku.mhlw.go.jp/14/index.php?action_kouhyou_detail_004_kani=true&JigyosyoCd=1472609252-00&ServiceCd=510&Type=search", "url2": "https://camellia-kai.com/wRHqFSeT/0YZsyKR7" }, "geometry": { "type": "Point", "coordinates": [ 139.389240203041027, 35.540458215308675 ] } },
{ "type": "Feature", "properties": { "内容": "特別養護老人ホーム太陽の家相模原清菊園【介護老人福祉施設】神奈川県相模原市南区上鶴間7丁目20番5号", "url": "https://www.kaigokensaku.mhlw.go.jp/14/index.php?action_kouhyou_detail_004_kani=true&JigyosyoCd=1472611472-00&ServiceCd=510&Type=search", "url2": "https://www.ui21.or.jp/" }, "geometry": { "type": "Point", "coordinates": [ 139.4438203, 35.517828 ] } },
{ "type": "Feature", "properties": { "内容": "はなさか【介護老人福祉施設】神奈川県相模原市南区磯部4363番", "url": "https://www.kaigokensaku.mhlw.go.jp/14/index.php?action_kouhyou_detail_004_kani=true&JigyosyoCd=1472606019-00&ServiceCd=510&Type=search", "url2": "https://www.kotonear.com/houtokukai/" }, "geometry": { "type": "Point", "coordinates": [ 139.390854499999932, 35.5110477 ] } },
{ "type": "Feature", "properties": { "内容": "特別養護老人ホーム　相模原敬寿園【介護老人福祉施設】神奈川県相模原市南区磯部4507-1", "url": "https://www.kaigokensaku.mhlw.go.jp/14/index.php?action_kouhyou_detail_004_kani=true&JigyosyoCd=1472606027-00&ServiceCd=510&Type=search", "url2": "https://keijuen.or.jp/sagamihara/" }, "geometry": { "type": "Point", "coordinates": [ 139.3911266, 35.5146247 ] } },
{ "type": "Feature", "properties": { "内容": "高齢者総合福祉センターヒューマン【介護老人福祉施設】神奈川県横須賀市佐島３丁目１２番１５号", "url": "https://www.kaigokensaku.mhlw.go.jp/14/index.php?action_kouhyou_detail_004_kani=true&JigyosyoCd=1471900132-00&ServiceCd=510&Type=search", "url2": "https://www.human-fujimi.jp/" }, "geometry": { "type": "Point", "coordinates": [ 139.604763899999966, 35.2287405 ] } },
{ "type": "Feature", "properties": { "内容": "サニーヒル横須賀【介護老人福祉施設】神奈川県横須賀市長井６－２１－７", "url": "https://www.kaigokensaku.mhlw.go.jp/14/index.php?action_kouhyou_detail_004_kani=true&JigyosyoCd=1471900264-00&ServiceCd=510&Type=search", "url2": "http://www.sunnyhill.or.jp" }, "geometry": { "type": "Point", "coordinates": [ 139.608908199999973, 35.1951086 ] } },
{ "type": "Feature", "properties": { "内容": "共楽荘特養ホーム【介護老人福祉施設】神奈川県横須賀市衣笠栄町4-14", "url": "https://www.kaigokensaku.mhlw.go.jp/14/index.php?action_kouhyou_detail_004_kani=true&JigyosyoCd=1471900538-00&ServiceCd=510&Type=search", "url2": "https://kyourakusou.jp/" }, "geometry": { "type": "Point", "coordinates": [ 139.655984157672151, 35.263189990121518 ] } },
{ "type": "Feature", "properties": { "内容": "衣笠ホーム【介護老人福祉施設】神奈川県横須賀市芦名２－４－１", "url": "https://www.kaigokensaku.mhlw.go.jp/14/index.php?action_kouhyou_detail_004_kani=true&JigyosyoCd=1471900546-00&ServiceCd=510&Type=search", "url2": "https://www.kinugasa.or.jp/care/home/" }, "geometry": { "type": "Point", "coordinates": [ 139.617462086508112, 35.232134099038518 ] } },
{ "type": "Feature", "properties": { "内容": "特別養護老人ホーム　恵徳苑【介護老人福祉施設】神奈川県横須賀市日の出町1-9-1", "url": "https://www.kaigokensaku.mhlw.go.jp/14/index.php?action_kouhyou_detail_004_kani=true&JigyosyoCd=1471900553-00&ServiceCd=510&Type=search", "url2": "http://www.keitokuen.or.jp/keitokuen.html" }, "geometry": { "type": "Point", "coordinates": [ 139.675018202868614, 35.280729880069686 ] } },
{ "type": "Feature", "properties": { "内容": "介護老人福祉施設　横須賀愛光園【介護老人福祉施設】神奈川県横須賀市武3-39-1", "url": "https://www.kaigokensaku.mhlw.go.jp/14/index.php?action_kouhyou_detail_004_kani=true&JigyosyoCd=1471900579-00&ServiceCd=510&Type=search", "url2": "http://www.seirei.or.jp/elderlyhome/yokosuka/" }, "geometry": { "type": "Point", "coordinates": [ 139.64872170000001, 35.2207586 ] } },
{ "type": "Feature", "properties": { "内容": "特別養護老人ホーム横須賀グリーンヒル【介護老人福祉施設】神奈川県横須賀市大矢部1丁目9番30号", "url": "https://www.kaigokensaku.mhlw.go.jp/14/index.php?action_kouhyou_detail_004_kani=true&JigyosyoCd=1471900587-00&ServiceCd=510&Type=search", "url2": "https://yokosuka-greenhil.jp/pages/64/" }, "geometry": { "type": "Point", "coordinates": [ 139.668984644180227, 35.2423594108676 ] } },
{ "type": "Feature", "properties": { "内容": "特別養護老人ホーム　やまびこ荘【介護老人福祉施設】神奈川県横須賀市武３－３９－２", "url": "https://www.kaigokensaku.mhlw.go.jp/14/index.php?action_kouhyou_detail_004_kani=true&JigyosyoCd=1471900595-00&ServiceCd=510&Type=search", "url2": "http://www.yamabiko.com" }, "geometry": { "type": "Point", "coordinates": [ 139.64876060000006, 35.2212724 ] } },
{ "type": "Feature", "properties": { "内容": "特別養護老人ホーム　横須賀椿園【介護老人福祉施設】神奈川県横須賀市太田和2-3-21", "url": "https://www.kaigokensaku.mhlw.go.jp/14/index.php?action_kouhyou_detail_004_kani=true&JigyosyoCd=1471900603-00&ServiceCd=510&Type=search", "url2": "https://soutokukai.com" }, "geometry": { "type": "Point", "coordinates": [ 139.632142599999952, 35.223611 ] } },
{ "type": "Feature", "properties": { "内容": "特別養護老人ホーム　シャローム【介護老人福祉施設】神奈川県横須賀市走水1丁目35番地", "url": "https://www.kaigokensaku.mhlw.go.jp/14/index.php?action_kouhyou_detail_004_kani=true&JigyosyoCd=1471900611-00&ServiceCd=510&Type=search", "url2": "https://www.yokosuka-shalom.jp/" }, "geometry": { "type": "Point", "coordinates": [ 139.727956400000039, 35.2630731 ] } },
{ "type": "Feature", "properties": { "内容": "横須賀老人ホーム　介護老人福祉施設【介護老人福祉施設】神奈川県横須賀市野比５－５－６", "url": "https://www.kaigokensaku.mhlw.go.jp/14/index.php?action_kouhyou_detail_004_kani=true&JigyosyoCd=1471901544-00&ServiceCd=510&Type=search", "url2": "http://www.kanagawa-swc.com/yokosuka" }, "geometry": { "type": "Point", "coordinates": [ 139.706681099999969, 35.2120009 ] } },
{ "type": "Feature", "properties": { "内容": "太陽の家二番館【介護老人福祉施設】神奈川県横須賀市西浦賀６－1－2", "url": "https://www.kaigokensaku.mhlw.go.jp/14/index.php?action_kouhyou_detail_004_kani=true&JigyosyoCd=1471902898-00&ServiceCd=510&Type=search", "url2": "https//www.ui21.or.jp/" }, "geometry": { "type": "Point", "coordinates": [ 139.724634499999979, 35.2313044 ] } },
{ "type": "Feature", "properties": { "内容": "介護老人福祉施設　横須賀愛光園（ユニット型）【介護老人福祉施設】神奈川県横須賀市武3-39-1", "url": "https://www.kaigokensaku.mhlw.go.jp/14/index.php?action_kouhyou_detail_004_kani=true&JigyosyoCd=1471905172-00&ServiceCd=510&Type=search", "url2": "https://www.seirei.or.jp/elderlyhome/yokosuka/" }, "geometry": { "type": "Point", "coordinates": [ 139.672200500000031, 35.2813412 ] } },
{ "type": "Feature", "properties": { "内容": "太陽の家【介護老人福祉施設】神奈川県横須賀市西浦賀６丁目１番１号", "url": "https://www.kaigokensaku.mhlw.go.jp/14/index.php?action_kouhyou_detail_004_kani=true&JigyosyoCd=1471901742-00&ServiceCd=510&Type=search", "url2": "http://www.ui21.or.jp" }, "geometry": { "type": "Point", "coordinates": [ 139.723565099999973, 35.2324765 ] } },
{ "type": "Feature", "properties": { "内容": "横須賀あじさい園【介護老人福祉施設】神奈川県横須賀市粟田2-20-1", "url": "https://www.kaigokensaku.mhlw.go.jp/14/index.php?action_kouhyou_detail_004_kani=true&JigyosyoCd=1471901783-00&ServiceCd=510&Type=search", "url2": "http://www.ajisaikai.com/" }, "geometry": { "type": "Point", "coordinates": [ 139.682389307270796, 35.225909117892073 ] } },
{ "type": "Feature", "properties": { "内容": "特別養護老人ホーム　塚山ホーム【介護老人福祉施設】神奈川県横須賀市吉倉町2-24-1", "url": "https://www.kaigokensaku.mhlw.go.jp/14/index.php?action_kouhyou_detail_004_kani=true&JigyosyoCd=1471901809-00&ServiceCd=510&Type=search", "url2": "https://tsukayama-home.com/" }, "geometry": { "type": "Point", "coordinates": [ 139.644955699999969, 35.2829162 ] } },
{ "type": "Feature", "properties": { "内容": "特別養護老人ホーム　興寿苑【介護老人福祉施設】神奈川県横須賀市池上6-5-21", "url": "https://www.kaigokensaku.mhlw.go.jp/14/index.php?action_kouhyou_detail_004_kani=true&JigyosyoCd=1471902187-00&ServiceCd=510&Type=search", "url2": "http://kojukai.or.jp/" }, "geometry": { "type": "Point", "coordinates": [ 139.638286500000049, 35.2647759 ] } },
{ "type": "Feature", "properties": { "内容": "さくらの里山科【介護老人福祉施設】神奈川県横須賀市太田和5-86-1", "url": "https://www.kaigokensaku.mhlw.go.jp/14/index.php?action_kouhyou_detail_004_kani=true&JigyosyoCd=1471904613-00&ServiceCd=510&Type=search", "url2": "http://sakura2000.jp/" }, "geometry": { "type": "Point", "coordinates": [ 139.650715900000023, 35.2318322 ] } },
{ "type": "Feature", "properties": { "内容": "介護老人福祉施設　玉成苑【介護老人福祉施設】神奈川県横須賀市長浦町5-80-1", "url": "https://www.kaigokensaku.mhlw.go.jp/14/index.php?action_kouhyou_detail_004_kani=true&JigyosyoCd=1471904621-00&ServiceCd=510&Type=search", "url2": "http://www.senseikai.or.jp" }, "geometry": { "type": "Point", "coordinates": [ 139.639423099999931, 35.2900517 ] } },
{ "type": "Feature", "properties": { "内容": "特別養護老人ホームゆうあいの郷衣笠【介護老人福祉施設】神奈川県横須賀市衣笠町44-7", "url": "https://www.kaigokensaku.mhlw.go.jp/14/index.php?action_kouhyou_detail_004_kani=true&JigyosyoCd=1471904670-00&ServiceCd=510&Type=search", "url2": "https://www.shonanyuuaikai.or.jp/kinugasa.html" }, "geometry": { "type": "Point", "coordinates": [ 139.661463483467031, 35.23742374831361 ] } },
{ "type": "Feature", "properties": { "内容": "特別養護老人ホーム　湘南ホーム【介護老人福祉施設】神奈川県横須賀市太田和5丁目500番地", "url": "https://www.kaigokensaku.mhlw.go.jp/14/index.php?action_kouhyou_detail_004_kani=true&JigyosyoCd=1471907962-00&ServiceCd=510&Type=search", "url2": "https://daitomi.org/service/shonan" }, "geometry": { "type": "Point", "coordinates": [ 139.645668, 35.2310012 ] } },
{ "type": "Feature", "properties": { "内容": "高齢者福祉総合施設　豊田敬愛ホーム【介護老人福祉施設】神奈川県平塚市南豊田85番1", "url": "https://www.kaigokensaku.mhlw.go.jp/14/index.php?action_kouhyou_detail_004_kani=true&JigyosyoCd=1472000213-00&ServiceCd=510&Type=search", "url2": "https://kanagawa-koureikyo.or.jp/toyoda/" }, "geometry": { "type": "Point", "coordinates": [ 139.3268392, 35.3551052 ] } },
{ "type": "Feature", "properties": { "内容": "ローズヒル【介護老人福祉施設】神奈川県平塚市土屋2198-7", "url": "https://www.kaigokensaku.mhlw.go.jp/14/index.php?action_kouhyou_detail_004_kani=true&JigyosyoCd=1472000239-00&ServiceCd=510&Type=search", "url2": "https://rosehill.or.jp/" }, "geometry": { "type": "Point", "coordinates": [ 139.270763799999941, 35.3463637 ] } },
{ "type": "Feature", "properties": { "内容": "介護老人福祉施設　平塚富士白苑【介護老人福祉施設】神奈川県平塚市唐ケ原１", "url": "https://www.kaigokensaku.mhlw.go.jp/14/index.php?action_kouhyou_detail_004_kani=true&JigyosyoCd=1472000312-00&ServiceCd=510&Type=search", "url2": "http://www.fujishiro-group.com" }, "geometry": { "type": "Point", "coordinates": [ 139.329520499999944, 35.3141878 ] } },
{ "type": "Feature", "properties": { "内容": "特別養護老人ホーム　れんげの郷【介護老人福祉施設】神奈川県平塚市公所705-1", "url": "https://www.kaigokensaku.mhlw.go.jp/14/index.php?action_kouhyou_detail_004_kani=true&JigyosyoCd=1472001278-00&ServiceCd=510&Type=search", "url2": "https://www.rengenosato.com/" }, "geometry": { "type": "Point", "coordinates": [ 139.305113500000061, 35.3464365 ] } },
{ "type": "Feature", "properties": { "内容": "特別養護老人ホームふじの郷【介護老人福祉施設】神奈川県平塚市大島190番地", "url": "https://www.kaigokensaku.mhlw.go.jp/14/index.php?action_kouhyou_detail_004_kani=true&JigyosyoCd=1472001880-00&ServiceCd=510&Type=search", "url2": "https://fujinosato-home.jp" }, "geometry": { "type": "Point", "coordinates": [ 139.338071, 35.375778 ] } },
{ "type": "Feature", "properties": { "内容": "わしんち元気・平塚【介護老人福祉施設】神奈川県平塚市片岡833-10", "url": "https://www.kaigokensaku.mhlw.go.jp/14/index.php?action_kouhyou_detail_004_kani=true&JigyosyoCd=1472003142-00&ServiceCd=510&Type=search", "url2": "https://www.washinchi.jp/" }, "geometry": { "type": "Point", "coordinates": [ 139.299239876057442, 35.35812960054561 ] } },
{ "type": "Feature", "properties": { "内容": "特別養護老人ホーム　ローズヒル東八幡【介護老人福祉施設】神奈川県平塚市東八幡4-19-14", "url": "https://www.kaigokensaku.mhlw.go.jp/14/index.php?action_kouhyou_detail_004_kani=true&JigyosyoCd=1472004280-00&ServiceCd=510&Type=search", "url2": "https://www.rosehill.or.jp/" }, "geometry": { "type": "Point", "coordinates": [ 139.3592499, 35.3504894 ] } },
{ "type": "Feature", "properties": { "内容": "特別養護老人ホーム　あしたば【介護老人福祉施設】神奈川県平塚市真田2-7-21", "url": "https://www.kaigokensaku.mhlw.go.jp/14/index.php?action_kouhyou_detail_004_kani=true&JigyosyoCd=1472004371-00&ServiceCd=510&Type=search", "url2": "http://www.shofukai.or.jp" }, "geometry": { "type": "Point", "coordinates": [ 139.28379910555725, 35.372442670645995 ] } },
{ "type": "Feature", "properties": { "内容": "特別養護老人ホーム　輝煌の郷【介護老人福祉施設】神奈川県平塚市菫平１６－１０特別養護老人ホーム輝煌の郷", "url": "https://www.kaigokensaku.mhlw.go.jp/14/index.php?action_kouhyou_detail_004_kani=true&JigyosyoCd=1472004751-00&ServiceCd=510&Type=search", "url2": "https://asukafukushikai.com" }, "geometry": { "type": "Point", "coordinates": [ 139.341556819049089, 35.31811867306385 ] } },
{ "type": "Feature", "properties": { "内容": "特別養護老人ホーム　陽だまりの丘【介護老人福祉施設】神奈川県平塚市岡崎4015-1", "url": "https://www.kaigokensaku.mhlw.go.jp/14/index.php?action_kouhyou_detail_004_kani=true&JigyosyoCd=1472001914-00&ServiceCd=510&Type=search", "url2": "https://www.hidamarino-oka.com/" }, "geometry": { "type": "Point", "coordinates": [ 139.310429744488488, 35.371294331689121 ] } },
{ "type": "Feature", "properties": { "内容": "高根台ホーム【介護老人福祉施設】神奈川県平塚市万田三丁目18番10号", "url": "https://www.kaigokensaku.mhlw.go.jp/14/index.php?action_kouhyou_detail_004_kani=true&JigyosyoCd=1472000262-00&ServiceCd=510&Type=search", "url2": "http://www.takanedaihome.or.jp/" }, "geometry": { "type": "Point", "coordinates": [ 139.3031168, 35.3240616 ] } },
{ "type": "Feature", "properties": { "内容": "特別養護老人ホーム　カメリア桜ヶ丘【介護老人福祉施設】神奈川県平塚市桜ヶ丘5番26号", "url": "https://www.kaigokensaku.mhlw.go.jp/14/index.php?action_kouhyou_detail_004_kani=true&JigyosyoCd=1472003514-00&ServiceCd=510&Type=search", "url2": "https://camellia-kai.com/" }, "geometry": { "type": "Point", "coordinates": [ 139.325352248409985, 35.33007597140184 ] } },
{ "type": "Feature", "properties": { "内容": "平塚特別養護老人ホーム【介護老人福祉施設】神奈川県平塚市御殿２－１７－４２", "url": "https://www.kaigokensaku.mhlw.go.jp/14/index.php?action_kouhyou_detail_004_kani=true&JigyosyoCd=1472000221-00&ServiceCd=510&Type=search", "url2": "http://www.shinseikai-roujin-kanagawa.jp/" }, "geometry": { "type": "Point", "coordinates": [ 139.326694800000041, 35.344748 ] } },
{ "type": "Feature", "properties": { "内容": "介護老人福祉施設　サンレジデンス湘南【介護老人福祉施設】神奈川県平塚市田村2-11-5", "url": "https://www.kaigokensaku.mhlw.go.jp/14/index.php?action_kouhyou_detail_004_kani=true&JigyosyoCd=1472000320-00&ServiceCd=510&Type=search", "url2": "http://www.keishin-kai.or.jp/" }, "geometry": { "type": "Point", "coordinates": [ 139.3585326, 35.3717317 ] } },
{ "type": "Feature", "properties": { "内容": "鎌倉プライエムきしろ【介護老人福祉施設】神奈川県鎌倉市関谷１７８１", "url": "https://www.kaigokensaku.mhlw.go.jp/14/index.php?action_kouhyou_detail_004_kani=true&JigyosyoCd=1472100088-00&ServiceCd=510&Type=search", "url2": "http://www.kishiro.or.jp/" }, "geometry": { "type": "Point", "coordinates": [ 139.4993796, 35.3632813 ] } },
{ "type": "Feature", "properties": { "内容": "介護老人福祉施設　七里ガ浜ホーム【介護老人福祉施設】神奈川県鎌倉市腰越１－２－３６", "url": "https://www.kaigokensaku.mhlw.go.jp/14/index.php?action_kouhyou_detail_004_kani=true&JigyosyoCd=1472100245-00&ServiceCd=510&Type=search", "url2": "https://www.shichirigahamahome.com" }, "geometry": { "type": "Point", "coordinates": [ 139.500198899999987, 35.307976 ] } },
{ "type": "Feature", "properties": { "内容": "特養鎌倉静養館【介護老人福祉施設】神奈川県鎌倉市由比ガ浜４－４－３０", "url": "https://www.kaigokensaku.mhlw.go.jp/14/index.php?action_kouhyou_detail_004_kani=true&JigyosyoCd=1472100252-00&ServiceCd=510&Type=search", "url2": "http://www.seiyokan.jp" }, "geometry": { "type": "Point", "coordinates": [ 139.544447900000023, 35.310418 ] } },
{ "type": "Feature", "properties": { "内容": "特別養護老人ホームささりんどう鎌倉【介護老人福祉施設】神奈川県鎌倉市城廻270-2", "url": "https://www.kaigokensaku.mhlw.go.jp/14/index.php?action_kouhyou_detail_004_kani=true&JigyosyoCd=1472100617-00&ServiceCd=510&Type=search", "url2": "https://www.sasa-care.com/all-services" }, "geometry": { "type": "Point", "coordinates": [ 139.5093981, 35.3565544 ] } },
{ "type": "Feature", "properties": { "内容": "稲村ガ崎きしろ【介護老人福祉施設】神奈川県鎌倉市稲村ガ崎4-10-45", "url": "https://www.kaigokensaku.mhlw.go.jp/14/index.php?action_kouhyou_detail_004_kani=true&JigyosyoCd=1472101698-00&ServiceCd=510&Type=search", "url2": "http://www.kishiro.or.jp/" }, "geometry": { "type": "Point", "coordinates": [ 139.520644299999987, 35.308148799999977 ] } },
{ "type": "Feature", "properties": { "内容": "特別養護老人ホーム　かまくら愛の郷【介護老人福祉施設】神奈川県鎌倉市岡本1022-32", "url": "https://www.kaigokensaku.mhlw.go.jp/14/index.php?action_kouhyou_detail_004_kani=true&JigyosyoCd=1472101920-00&ServiceCd=510&Type=search", "url2": "http://www.s-aishinkai.jp/ainosato/index.html" }, "geometry": { "type": "Point", "coordinates": [ 139.519764682447857, 35.346234970548885 ] } },
{ "type": "Feature", "properties": { "内容": "介護老人福祉施設　ラペ鎌倉【介護老人福祉施設】神奈川県鎌倉市関谷1465-1", "url": "https://www.kaigokensaku.mhlw.go.jp/14/index.php?action_kouhyou_detail_004_kani=true&JigyosyoCd=1472102340-00&ServiceCd=510&Type=search", "url2": "http://ryokujyukai.com/" }, "geometry": { "type": "Point", "coordinates": [ 139.501898799999907, 35.3610899 ] } },
{ "type": "Feature", "properties": { "内容": "特別養護老人ホーム　ヒルズ鎌倉【介護老人福祉施設】神奈川県鎌倉市山崎７９3番地", "url": "https://www.kaigokensaku.mhlw.go.jp/14/index.php?action_kouhyou_detail_004_kani=true&JigyosyoCd=1472103231-00&ServiceCd=510&Type=search", "url2": "https://www.oafukushi.org/" }, "geometry": { "type": "Point", "coordinates": [ 139.436973299999977, 35.5800773 ] } },
{ "type": "Feature", "properties": { "内容": "特別養護老人ホーム雪のほこら【介護老人福祉施設】神奈川県鎌倉市関谷1610番地1", "url": "https://www.kaigokensaku.mhlw.go.jp/14/index.php?action_kouhyou_detail_004_kani=true&JigyosyoCd=1472103512-00&ServiceCd=510&Type=search", "url2": "https://www.s-koseikai.jp/yukinohokora/" }, "geometry": { "type": "Point", "coordinates": [ 139.503159, 35.3560721 ] } },
{ "type": "Feature", "properties": { "内容": "特別養護老人ホーム　ふれあいの泉【介護老人福祉施設】神奈川県鎌倉市今泉2-10-1http://www.reijukai.or.jp/", "url": "https://www.kaigokensaku.mhlw.go.jp/14/index.php?action_kouhyou_detail_004_kani=true&JigyosyoCd=1472101813-00&ServiceCd=510&Type=search", "url2": "http://www.reijukai.or.jp/" }, "geometry": { "type": "Point", "coordinates": [ 139.551209100000051, 35.3462695 ] } },
{ "type": "Feature", "properties": { "内容": "グリーンライフ湘南【介護老人福祉施設】神奈川県藤沢市石川３９２８－５", "url": "https://www.kaigokensaku.mhlw.go.jp/14/index.php?action_kouhyou_detail_004_kani=true&JigyosyoCd=1472200037-00&ServiceCd=510&Type=search", "url2": "https://www.kijyu.or.jp" }, "geometry": { "type": "Point", "coordinates": [ 139.464740900000038, 35.3734349 ] } },
{ "type": "Feature", "properties": { "内容": "特別養護老人ホーム鵠生園【介護老人福祉施設】神奈川県藤沢市片瀬海岸1-7-9", "url": "https://www.kaigokensaku.mhlw.go.jp/14/index.php?action_kouhyou_detail_004_kani=true&JigyosyoCd=1472200425-00&ServiceCd=510&Type=search", "url2": "http://www.kouseien-fu.or.jp" }, "geometry": { "type": "Point", "coordinates": [ 139.487575099999958, 35.3085287 ] } },
{ "type": "Feature", "properties": { "内容": "芭蕉苑　介護老人福祉施設【介護老人福祉施設】神奈川県藤沢市遠藤３５", "url": "https://www.kaigokensaku.mhlw.go.jp/14/index.php?action_kouhyou_detail_004_kani=true&JigyosyoCd=1472200466-00&ServiceCd=510&Type=search", "url2": "http://chikubukai.jp/fujisawa/" }, "geometry": { "type": "Point", "coordinates": [ 139.433592399999952, 35.3813158 ] } },
{ "type": "Feature", "properties": { "内容": "介護老人福祉施設　藤沢特別養護老人ホーム【介護老人福祉施設】神奈川県藤沢市鵠沼１５５９番地", "url": "https://www.kaigokensaku.mhlw.go.jp/14/index.php?action_kouhyou_detail_004_kani=true&JigyosyoCd=1472200474-00&ServiceCd=510&Type=search", "url2": "http://www.kyouseikai.com" }, "geometry": { "type": "Point", "coordinates": [ 139.4797036, 35.3405421 ] } },
{ "type": "Feature", "properties": { "内容": "特別養護老人ホーム　かりん【介護老人福祉施設】神奈川県藤沢市城南1-22-7", "url": "https://www.kaigokensaku.mhlw.go.jp/14/index.php?action_kouhyou_detail_004_kani=true&JigyosyoCd=1472201704-00&ServiceCd=510&Type=search", "url2": "https://www.eijyukai-karin.com/" }, "geometry": { "type": "Point", "coordinates": [ 139.442489499999965, 35.3477761 ] } },
{ "type": "Feature", "properties": { "内容": "藤沢愛光園【介護老人福祉施設】神奈川県藤沢市大庭5526-2", "url": "https://www.kaigokensaku.mhlw.go.jp/14/index.php?action_kouhyou_detail_004_kani=true&JigyosyoCd=1472203726-00&ServiceCd=510&Type=search", "url2": "http://www.seirei.or.jp/welfare/aikouen/index.html" }, "geometry": { "type": "Point", "coordinates": [ 139.4482504, 35.3669378 ] } },
{ "type": "Feature", "properties": { "内容": "特別養護老人ホーム　かつらはら【介護老人福祉施設】神奈川県藤沢市葛原255-1", "url": "https://www.kaigokensaku.mhlw.go.jp/14/index.php?action_kouhyou_detail_004_kani=true&JigyosyoCd=1472205895-00&ServiceCd=510&Type=search", "url2": "http://www.chitokukai.jp/katsurahara.htm" }, "geometry": { "type": "Point", "coordinates": [ 139.423995920254583, 35.409204473285875 ] } },
{ "type": "Feature", "properties": { "内容": "特別養護老人ホーム関野記念鵠生園【介護老人福祉施設】神奈川県藤沢市鵠沼石上2-5-3", "url": "https://www.kaigokensaku.mhlw.go.jp/14/index.php?action_kouhyou_detail_004_kani=true&JigyosyoCd=1472205937-00&ServiceCd=510&Type=search", "url2": "http://kouseien-fu.or.jp/sekino" }, "geometry": { "type": "Point", "coordinates": [ 139.487938900000017, 35.3343653 ] } },
{ "type": "Feature", "properties": { "内容": "特別養護老人ホーム　ラポール藤沢【介護老人福祉施設】神奈川県藤沢市善行1丁目12番地の9", "url": "https://www.kaigokensaku.mhlw.go.jp/14/index.php?action_kouhyou_detail_004_kani=true&JigyosyoCd=1472206547-00&ServiceCd=510&Type=search", "url2": "https://www.rapport.or.jp/" }, "geometry": { "type": "Point", "coordinates": [ 139.470536, 35.362556 ] } },
{ "type": "Feature", "properties": { "内容": "特別養護老人ホーム　村岡ホーム【介護老人福祉施設】神奈川県藤沢市渡内3-8-60", "url": "https://www.kaigokensaku.mhlw.go.jp/14/index.php?action_kouhyou_detail_004_kani=true&JigyosyoCd=1472206745-00&ServiceCd=510&Type=search", "url2": "https://www.kijyu.or.jp" }, "geometry": { "type": "Point", "coordinates": [ 139.509151100000054, 35.3484393 ] } },
{ "type": "Feature", "properties": { "内容": "特別養護老人ホーム結いの丘【介護老人福祉施設】神奈川県藤沢市遠藤869番地4", "url": "https://www.kaigokensaku.mhlw.go.jp/14/index.php?action_kouhyou_detail_004_kani=true&JigyosyoCd=1472207107-00&ServiceCd=510&Type=search", "url2": "https://yuinooka.jp/" }, "geometry": { "type": "Point", "coordinates": [ 139.435013199999986, 35.3759925 ] } },
{ "type": "Feature", "properties": { "内容": "特別養護老人ホーム白鷺苑【介護老人福祉施設】神奈川県藤沢市用田８２０", "url": "https://www.kaigokensaku.mhlw.go.jp/14/index.php?action_kouhyou_detail_004_kani=true&JigyosyoCd=1472200458-00&ServiceCd=510&Type=search", "url2": "http://issekikai.net" }, "geometry": { "type": "Point", "coordinates": [ 139.41800139999998, 35.4097949 ] } },
{ "type": "Feature", "properties": { "内容": "特別養護老人ホームみどりの園【介護老人福祉施設】神奈川県藤沢市小塚370-1", "url": "https://www.kaigokensaku.mhlw.go.jp/14/index.php?action_kouhyou_detail_004_kani=true&JigyosyoCd=1472200896-00&ServiceCd=510&Type=search", "url2": "https://midorinosono.or.jp/" }, "geometry": { "type": "Point", "coordinates": [ 139.505556800000022, 35.3344292 ] } },
{ "type": "Feature", "properties": { "内容": "特別養護老人ホームグランドヴィラ湘南台【介護老人福祉施設】神奈川県藤沢市菖蒲沢1221-1", "url": "https://www.kaigokensaku.mhlw.go.jp/14/index.php?action_kouhyou_detail_004_kani=true&JigyosyoCd=1472206265-00&ServiceCd=510&Type=search", "url2": "https://enju.or.jp/" }, "geometry": { "type": "Point", "coordinates": [ 139.443294239656097, 35.399015556450749 ] } },
{ "type": "Feature", "properties": { "内容": "特別養護老人ホーム睦愛園【介護老人福祉施設】神奈川県藤沢市亀井野2087番1", "url": "https://www.kaigokensaku.mhlw.go.jp/14/index.php?action_kouhyou_detail_004_kani=true&JigyosyoCd=1472207552-00&ServiceCd=510&Type=search", "url2": "https://www.fujisawa-mutsuaien.com" }, "geometry": { "type": "Point", "coordinates": [ 139.4747673, 35.3773818 ] } },
{ "type": "Feature", "properties": { "内容": "藤沢富士白苑【介護老人福祉施設】神奈川県藤沢市長後2722-1", "url": "https://www.kaigokensaku.mhlw.go.jp/14/index.php?action_kouhyou_detail_004_kani=true&JigyosyoCd=1472204013-00&ServiceCd=510&Type=search", "url2": "https://www.fujishiroen.or.jp" }, "geometry": { "type": "Point", "coordinates": [ 139.451102200000037, 35.4231946 ] } },
{ "type": "Feature", "properties": { "内容": "特別養護老人ホーム　カメリア藤沢ＳＳＴ【介護老人福祉施設】神奈川県藤沢市辻堂元町6-17-2", "url": "https://www.kaigokensaku.mhlw.go.jp/14/index.php?action_kouhyou_detail_004_kani=true&JigyosyoCd=1472206000-00&ServiceCd=510&Type=search", "url2": "http://fujisawa.camellia-kai.com/" }, "geometry": { "type": "Point", "coordinates": [ 139.463440593254063, 35.337167794228584 ] } },
{ "type": "Feature", "properties": { "内容": "介護老人福祉施設　西湘老人ホーム【介護老人福祉施設】神奈川県小田原市早川853番地", "url": "https://www.kaigokensaku.mhlw.go.jp/14/index.php?action_kouhyou_detail_004_kani=true&JigyosyoCd=1472300159-00&ServiceCd=510&Type=search", "url2": "http://www.seisyou.or.jp" }, "geometry": { "type": "Point", "coordinates": [ 139.144058800000039, 35.2393306 ] } },
{ "type": "Feature", "properties": { "内容": "特別養護老人ホーム潤生園【介護老人福祉施設】神奈川県小田原市穴部377", "url": "https://www.kaigokensaku.mhlw.go.jp/14/index.php?action_kouhyou_detail_004_kani=true&JigyosyoCd=1472300167-00&ServiceCd=510&Type=search", "url2": "http://www.junseien.jp" }, "geometry": { "type": "Point", "coordinates": [ 139.143795299999965, 35.279206 ] } },
{ "type": "Feature", "properties": { "内容": "介護老人福祉施設　陽光の園【介護老人福祉施設】神奈川県小田原市入生田475番地", "url": "https://www.kaigokensaku.mhlw.go.jp/14/index.php?action_kouhyou_detail_004_kani=true&JigyosyoCd=1472300175-00&ServiceCd=510&Type=search", "url2": "https://kanagawa-koureikyo.or.jp/tyoujyu/" }, "geometry": { "type": "Point", "coordinates": [ 139.118072881089802, 35.241984819217279 ] } },
{ "type": "Feature", "properties": { "内容": "ルビーホーム【介護老人福祉施設】神奈川県小田原市曽我光海２番１", "url": "https://www.kaigokensaku.mhlw.go.jp/14/index.php?action_kouhyou_detail_004_kani=true&JigyosyoCd=1472300183-00&ServiceCd=510&Type=search", "url2": "http://rubyhome.or.jp/rubyhome.html" }, "geometry": { "type": "Point", "coordinates": [ 139.181912099999977, 35.3001985 ] } },
{ "type": "Feature", "properties": { "内容": "介護老人福祉施設　たちばなの里【介護老人福祉施設】神奈川県小田原市小船213番地1", "url": "https://www.kaigokensaku.mhlw.go.jp/14/index.php?action_kouhyou_detail_004_kani=true&JigyosyoCd=1472300191-00&ServiceCd=510&Type=search", "url2": "http://www.sakimura-group.com/tachibana/" }, "geometry": { "type": "Point", "coordinates": [ 139.220532300000059, 35.3018827 ] } },
{ "type": "Feature", "properties": { "内容": "特別養護老人ホーム　いこい【介護老人福祉施設】神奈川県小田原市久野4406番1", "url": "https://www.kaigokensaku.mhlw.go.jp/14/index.php?action_kouhyou_detail_004_kani=true&JigyosyoCd=1472302452-00&ServiceCd=510&Type=search", "url2": "https://i-koi.net" }, "geometry": { "type": "Point", "coordinates": [ 139.115440676446468, 35.258570066835446 ] } },
{ "type": "Feature", "properties": { "内容": "介護老人福祉施設　たちばなの里　ユニット【介護老人福祉施設】神奈川県小田原市小船213番地1", "url": "https://www.kaigokensaku.mhlw.go.jp/14/index.php?action_kouhyou_detail_004_kani=true&JigyosyoCd=1472302759-00&ServiceCd=510&Type=search", "url2": "https://www.sakimura-group.com/tachibana/" }, "geometry": { "type": "Point", "coordinates": [ 139.220532300000059, 35.3018827 ] } },
{ "type": "Feature", "properties": { "内容": "特別養護老人ホーム　ジョイヴィレッジ【介護老人福祉施設】神奈川県小田原市酒匂956番地1", "url": "https://www.kaigokensaku.mhlw.go.jp/14/index.php?action_kouhyou_detail_004_kani=true&JigyosyoCd=1472302957-00&ServiceCd=510&Type=search", "url2": "https://www.sakimura-group.com/joyvillage/" }, "geometry": { "type": "Point", "coordinates": [ 139.189084800000046, 35.2775243 ] } },
{ "type": "Feature", "properties": { "内容": "特別養護老人ホーム宙のとびら【介護老人福祉施設】神奈川県小田原市久野498-1", "url": "https://www.kaigokensaku.mhlw.go.jp/14/index.php?action_kouhyou_detail_004_kani=true&JigyosyoCd=1472303708-00&ServiceCd=510&Type=search", "url2": "http://www.s-koseikai.jp/" }, "geometry": { "type": "Point", "coordinates": [ 139.152926400000013, 35.2747219 ] } },
{ "type": "Feature", "properties": { "内容": "特別養護老人ホーム　芳徳の郷ほなみ【介護老人福祉施設】神奈川県小田原市栢山3565", "url": "https://www.kaigokensaku.mhlw.go.jp/14/index.php?action_kouhyou_detail_004_kani=true&JigyosyoCd=1472301421-00&ServiceCd=510&Type=search", "url2": "https://shofukai.com" }, "geometry": { "type": "Point", "coordinates": [ 139.133811199999968, 35.3072849 ] } },
{ "type": "Feature", "properties": { "内容": "社会福祉法人　麗寿会　ふれあいの森【介護老人福祉施設】神奈川県茅ケ崎市下寺尾１９２８番地", "url": "https://www.kaigokensaku.mhlw.go.jp/14/index.php?action_kouhyou_detail_004_kani=true&JigyosyoCd=1472400033-00&ServiceCd=510&Type=search", "url2": "https://www.reijukai.or.jp/" }, "geometry": { "type": "Point", "coordinates": [ 139.4105988, 35.3649554 ] } },
{ "type": "Feature", "properties": { "内容": "特別養護老人ホーム　カトレアホーム【介護老人福祉施設】神奈川県茅ケ崎市下寺尾1835-2", "url": "https://www.kaigokensaku.mhlw.go.jp/14/index.php?action_kouhyou_detail_004_kani=true&JigyosyoCd=1472400157-00&ServiceCd=510&Type=search", "url2": "https://www.chigasaki-keijukai.com/katorea" }, "geometry": { "type": "Point", "coordinates": [ 139.411823799999979, 35.3661942 ] } },
{ "type": "Feature", "properties": { "内容": "特別養護老人ホーム　アザリアホーム【介護老人福祉施設】神奈川県茅ケ崎市堤691", "url": "https://www.kaigokensaku.mhlw.go.jp/14/index.php?action_kouhyou_detail_004_kani=true&JigyosyoCd=1472400249-00&ServiceCd=510&Type=search", "url2": "http://www.azariahome.com/top.html" }, "geometry": { "type": "Point", "coordinates": [ 139.428512100000034, 35.3639455 ] } },
{ "type": "Feature", "properties": { "内容": "特別養護老人ホーム　芹沢ホーム【介護老人福祉施設】神奈川県茅ケ崎市芹沢９３２", "url": "https://www.kaigokensaku.mhlw.go.jp/14/index.php?action_kouhyou_detail_004_kani=true&JigyosyoCd=1472400256-00&ServiceCd=510&Type=search", "url2": "http://www.serizawahome.com" }, "geometry": { "type": "Point", "coordinates": [ 139.4238484, 35.3724913 ] } },
{ "type": "Feature", "properties": { "内容": "特別養護老人ホーム　汐見台パシフィックステージ【介護老人福祉施設】神奈川県茅ケ崎市汐見台３－１０", "url": "https://www.kaigokensaku.mhlw.go.jp/14/index.php?action_kouhyou_detail_004_kani=true&JigyosyoCd=1472400660-00&ServiceCd=510&Type=search", "url2": "https://shiomidai.net" }, "geometry": { "type": "Point", "coordinates": [ 139.43684010000004, 35.3220119 ] } },
{ "type": "Feature", "properties": { "内容": "特別養護老人ホーム　つるみね【介護老人福祉施設】神奈川県茅ケ崎市西久保５９６", "url": "https://www.kaigokensaku.mhlw.go.jp/14/index.php?action_kouhyou_detail_004_kani=true&JigyosyoCd=1472401122-00&ServiceCd=510&Type=search", "url2": "http://www.turumine.or.jp/" }, "geometry": { "type": "Point", "coordinates": [ 139.391457521426446, 35.344545688961091 ] } },
{ "type": "Feature", "properties": { "内容": "特別養護老人ホーム　湘南くすの木【介護老人福祉施設】神奈川県茅ケ崎市松林3丁目4番6号", "url": "https://www.kaigokensaku.mhlw.go.jp/14/index.php?action_kouhyou_detail_004_kani=true&JigyosyoCd=1472401312-00&ServiceCd=510&Type=search", "url2": "https://www.shonankusunoki.jp/特別養護老人ホーム湘南くすの木/" }, "geometry": { "type": "Point", "coordinates": [ 139.424354404893506, 35.345387359126285 ] } },
{ "type": "Feature", "properties": { "内容": "社会福祉法人麗寿会　ふれあいの麗寿ユニット型【介護老人福祉施設】神奈川県茅ヶ崎市南湖1-6-15", "url": "https://www.kaigokensaku.mhlw.go.jp/14/index.php?action_kouhyou_detail_004_kani=true&JigyosyoCd=1472402831-00&ServiceCd=510&Type=search", "url2": "http://www.reijukai.or.jp/" }, "geometry": { "type": "Point", "coordinates": [ 139.390643834393302, 35.328866719325923 ] } },
{ "type": "Feature", "properties": { "内容": "社会福祉法人麗寿会　ふれあいの麗寿【介護老人福祉施設】神奈川県茅ヶ崎市南湖1-6-15", "url": "https://www.kaigokensaku.mhlw.go.jp/14/index.php?action_kouhyou_detail_004_kani=true&JigyosyoCd=1472402849-00&ServiceCd=510&Type=search", "url2": "http://www.reijukai.or.jp" }, "geometry": { "type": "Point", "coordinates": [ 139.390578418190671, 35.328885344559495 ] } },
{ "type": "Feature", "properties": { "内容": "特別養護老人ホーム湘南ベルサイド【介護老人福祉施設】神奈川県茅ケ崎市中島７３６－１", "url": "https://www.kaigokensaku.mhlw.go.jp/14/index.php?action_kouhyou_detail_004_kani=true&JigyosyoCd=1472400439-00&ServiceCd=510&Type=search", "url2": "http://www.bellside.or.jp" }, "geometry": { "type": "Point", "coordinates": [ 139.372466199999963, 35.3285255 ] } },
{ "type": "Feature", "properties": { "内容": "介護老人福祉施設　ハピネス茅ヶ崎【介護老人福祉施設】神奈川県茅ケ崎市甘沼865-1", "url": "https://www.kaigokensaku.mhlw.go.jp/14/index.php?action_kouhyou_detail_004_kani=true&JigyosyoCd=1472401437-00&ServiceCd=510&Type=search", "url2": "https://happiness-chigasaki.or.jp/" }, "geometry": { "type": "Point", "coordinates": [ 139.410551700000042, 35.3518379 ] } },
{ "type": "Feature", "properties": { "内容": "特別養護老人ホーム　ゆるり【介護老人福祉施設】神奈川県茅ケ崎市今宿473-1", "url": "https://www.kaigokensaku.mhlw.go.jp/14/index.php?action_kouhyou_detail_004_kani=true&JigyosyoCd=1472402229-00&ServiceCd=510&Type=search", "url2": "http://www.syonokai.jp" }, "geometry": { "type": "Point", "coordinates": [ 139.381023499999969, 35.3327891 ] } },
{ "type": "Feature", "properties": { "内容": "逗子ホームせせらぎ【介護老人福祉施設】神奈川県逗子市池子３－７８９", "url": "https://www.kaigokensaku.mhlw.go.jp/14/index.php?action_kouhyou_detail_004_kani=true&JigyosyoCd=1472500089-00&ServiceCd=510&Type=search", "url2": "http://www.zushi-seseragi.jp/" }, "geometry": { "type": "Point", "coordinates": [ 139.602301899999929, 35.307258 ] } },
{ "type": "Feature", "properties": { "内容": "介護老人福祉施設　逗子清寿苑【介護老人福祉施設】神奈川県逗子市久木8-1290-1", "url": "https://www.kaigokensaku.mhlw.go.jp/14/index.php?action_kouhyou_detail_004_kani=true&JigyosyoCd=1472500220-00&ServiceCd=510&Type=search", "url2": "http://www.hakuou.or.jp" }, "geometry": { "type": "Point", "coordinates": [ 139.578387099999986, 35.3137206 ] } },
{ "type": "Feature", "properties": { "内容": "特別養護老人ホーム逗子杜の郷【介護老人福祉施設】神奈川県逗子市沼間1-23-1", "url": "https://www.kaigokensaku.mhlw.go.jp/14/index.php?action_kouhyou_detail_004_kani=true&JigyosyoCd=1472500857-00&ServiceCd=510&Type=search", "url2": "http://www.s-aishinkai.jp/morinosato/" }, "geometry": { "type": "Point", "coordinates": [ 139.604884734393295, 35.29657198538024 ] } },
{ "type": "Feature", "properties": { "内容": "特別養護老人ホーム逗子杜の郷　ユニット型【介護老人福祉施設】神奈川県逗子市沼間1-23-1", "url": "https://www.kaigokensaku.mhlw.go.jp/14/index.php?action_kouhyou_detail_004_kani=true&JigyosyoCd=1472500865-00&ServiceCd=510&Type=search", "url2": "http://www.s-aishinkai.jp/morinosato/" }, "geometry": { "type": "Point", "coordinates": [ 139.604648699999984, 35.2969923 ] } },
{ "type": "Feature", "properties": { "内容": "美山特養ホーム【介護老人福祉施設】神奈川県三浦市初声町下宮田１８４６", "url": "https://www.kaigokensaku.mhlw.go.jp/14/index.php?action_kouhyou_detail_004_kani=true&JigyosyoCd=1472700101-00&ServiceCd=510&Type=search", "url2": "https://miyamaho-mu.jp" }, "geometry": { "type": "Point", "coordinates": [ 139.6356955, 35.1889115 ] } },
{ "type": "Feature", "properties": { "内容": "特別養護老人ホーム　はまゆう【介護老人福祉施設】神奈川県三浦市三崎町諸磯1411‐1", "url": "https://www.kaigokensaku.mhlw.go.jp/14/index.php?action_kouhyou_detail_004_kani=true&JigyosyoCd=1472700119-00&ServiceCd=510&Type=search", "url2": "https://www.mkeiseikai.or.jp" }, "geometry": { "type": "Point", "coordinates": [ 139.621359, 35.1512199 ] } },
{ "type": "Feature", "properties": { "内容": "美山ユニット特養ホーム【介護老人福祉施設】神奈川県三浦市初声町下宮田1846", "url": "https://www.kaigokensaku.mhlw.go.jp/14/index.php?action_kouhyou_detail_004_kani=true&JigyosyoCd=1472700945-00&ServiceCd=510&Type=search", "url2": "https://miyamaho-mu.jp/" }, "geometry": { "type": "Point", "coordinates": [ 139.635620499999959, 35.1889421 ] } },
{ "type": "Feature", "properties": { "内容": "介護老人福祉施設ケアホーム三浦【介護老人福祉施設】神奈川県三浦市初声町下宮田3516番地1", "url": "https://www.kaigokensaku.mhlw.go.jp/14/index.php?action_kouhyou_detail_004_kani=true&JigyosyoCd=1472701083-00&ServiceCd=510&Type=search", "url2": "https://miura.tokuyou.jp/" }, "geometry": { "type": "Point", "coordinates": [ 139.630181836184619, 35.186337940262845 ] } },
{ "type": "Feature", "properties": { "内容": "特別養護老人ホーム遊楽の丘【介護老人福祉施設】神奈川県三浦市南下浦町上宮田3451番地", "url": "https://www.kaigokensaku.mhlw.go.jp/14/index.php?action_kouhyou_detail_004_kani=true&JigyosyoCd=1472701091-00&ServiceCd=510&Type=search", "url2": "http://miura-koujyukai.or.jp" }, "geometry": { "type": "Point", "coordinates": [ 139.6509555, 35.1812675 ] } },
{ "type": "Feature", "properties": { "内容": "介護老人福祉施設　寿湘ケ丘老人ホーム【介護老人福祉施設】神奈川県秦野市千村497-1", "url": "https://www.kaigokensaku.mhlw.go.jp/14/index.php?action_kouhyou_detail_004_kani=true&JigyosyoCd=1472800182-00&ServiceCd=510&Type=search", "url2": "http://mutsumif.jp" }, "geometry": { "type": "Point", "coordinates": [ 139.1721139, 35.3654217 ] } },
{ "type": "Feature", "properties": { "内容": "介護老人福祉施設菖蒲荘【介護老人福祉施設】神奈川県秦野市三廻部508番地の2", "url": "https://www.kaigokensaku.mhlw.go.jp/14/index.php?action_kouhyou_detail_004_kani=true&JigyosyoCd=1472800190-00&ServiceCd=510&Type=search", "url2": "https://mutsumif.jp" }, "geometry": { "type": "Point", "coordinates": [ 139.162654553442422, 35.399628014120736 ] } },
{ "type": "Feature", "properties": { "内容": "特別養護老人ホーム　はだの松寿苑【介護老人福祉施設】神奈川県秦野市戸川381-12", "url": "https://www.kaigokensaku.mhlw.go.jp/14/index.php?action_kouhyou_detail_004_kani=true&JigyosyoCd=1472800919-00&ServiceCd=510&Type=search", "url2": "https://www.hadanosyojuen.com/" }, "geometry": { "type": "Point", "coordinates": [ 139.1868402, 35.3904746 ] } },
{ "type": "Feature", "properties": { "内容": "特別養護老人ホーム湖【介護老人福祉施設】神奈川県秦野市平沢入窪2426-1", "url": "https://www.kaigokensaku.mhlw.go.jp/14/index.php?action_kouhyou_detail_004_kani=true&JigyosyoCd=1472800521-00&ServiceCd=510&Type=search", "url2": "http://www.hadano.or.jp" }, "geometry": { "type": "Point", "coordinates": [ 139.193050746943641, 35.35710712940682 ] } },
{ "type": "Feature", "properties": { "内容": "特別養護老人ホーム　秦野陽光園【介護老人福祉施設】神奈川県秦野市曽屋1177-1", "url": "https://www.kaigokensaku.mhlw.go.jp/14/index.php?action_kouhyou_detail_004_kani=true&JigyosyoCd=1472801875-00&ServiceCd=510&Type=search", "url2": "https://www.hakuju-kai.com" }, "geometry": { "type": "Point", "coordinates": [ 139.212854800000059, 35.3810267 ] } },
{ "type": "Feature", "properties": { "内容": "湘南老人ホーム　介護老人福祉施設【介護老人福祉施設】神奈川県秦野市下大槻1169-2", "url": "https://www.kaigokensaku.mhlw.go.jp/14/index.php?action_kouhyou_detail_004_kani=true&JigyosyoCd=1472800588-00&ServiceCd=510&Type=search", "url2": "http://www.kanagawa-swc.com/shonan/" }, "geometry": { "type": "Point", "coordinates": [ 139.257237199999906, 35.356345099999984 ] } },
{ "type": "Feature", "properties": { "内容": "介護老人福祉施設　ユニット菖蒲荘【介護老人福祉施設】神奈川県秦野市三廻部508-2", "url": "https://www.kaigokensaku.mhlw.go.jp/14/index.php?action_kouhyou_detail_004_kani=true&JigyosyoCd=1472801933-00&ServiceCd=510&Type=search", "url2": "https://mutsumif.jp" }, "geometry": { "type": "Point", "coordinates": [ 139.16275194086154, 35.399524785663559 ] } },
{ "type": "Feature", "properties": { "内容": "ムツアイホーム　やすらぎ【介護老人福祉施設】神奈川県厚木市下川入1296", "url": "https://www.kaigokensaku.mhlw.go.jp/14/index.php?action_kouhyou_detail_004_kani=true&JigyosyoCd=1472900065-00&ServiceCd=510&Type=search", "url2": "http://www.mutuaihome.or.jp/" }, "geometry": { "type": "Point", "coordinates": [ 139.352900800000043, 35.4915314 ] } },
{ "type": "Feature", "properties": { "内容": "高齢者総合福祉サービスセンター　森の里【介護老人福祉施設】神奈川県厚木市下古沢193-1", "url": "https://www.kaigokensaku.mhlw.go.jp/14/index.php?action_kouhyou_detail_004_kani=true&JigyosyoCd=1472900073-00&ServiceCd=510&Type=search", "url2": "http://www.morinosato.jp" }, "geometry": { "type": "Point", "coordinates": [ 139.322688699999958, 35.4495271 ] } },
{ "type": "Feature", "properties": { "内容": "高齢者生活支援施設　けいわ荘【介護老人福祉施設】神奈川県厚木市下荻野２１１７－２", "url": "https://www.kaigokensaku.mhlw.go.jp/14/index.php?action_kouhyou_detail_004_kani=true&JigyosyoCd=1472900198-00&ServiceCd=510&Type=search", "url2": "https://k-keiwakai.com/" }, "geometry": { "type": "Point", "coordinates": [ 139.30857919999994, 35.4884365 ] } },
{ "type": "Feature", "properties": { "内容": "介護老人福祉施設　玉川グリーンホーム【介護老人福祉施設】神奈川県厚木市小野734-2", "url": "https://www.kaigokensaku.mhlw.go.jp/14/index.php?action_kouhyou_detail_004_kani=true&JigyosyoCd=1472900206-00&ServiceCd=510&Type=search", "url2": "https://seiryukai1989.com/" }, "geometry": { "type": "Point", "coordinates": [ 139.313148100000035, 35.4340259 ] } },
{ "type": "Feature", "properties": { "内容": "特別養護老人ホーム　甘露苑【介護老人福祉施設】神奈川県厚木市山際1350番1", "url": "https://www.kaigokensaku.mhlw.go.jp/14/index.php?action_kouhyou_detail_004_kani=true&JigyosyoCd=1472900214-00&ServiceCd=510&Type=search", "url2": "https://www.kanroen.net" }, "geometry": { "type": "Point", "coordinates": [ 139.365146500000037, 35.5061378 ] } },
{ "type": "Feature", "properties": { "内容": "ムツアイホーム　すこやか【介護老人福祉施設】神奈川県厚木市下川入１３２１", "url": "https://www.kaigokensaku.mhlw.go.jp/14/index.php?action_kouhyou_detail_004_kani=true&JigyosyoCd=1472900990-00&ServiceCd=510&Type=search", "url2": "http://www.mutuaihome.or.jp/" }, "geometry": { "type": "Point", "coordinates": [ 139.351812, 35.4927479 ] } },
{ "type": "Feature", "properties": { "内容": "特別養護老人ホーム　はなの家とむろ【介護老人福祉施設】神奈川県厚木市戸室5-9-15", "url": "https://www.kaigokensaku.mhlw.go.jp/14/index.php?action_kouhyou_detail_004_kani=true&JigyosyoCd=1472901436-00&ServiceCd=510&Type=search", "url2": "http://koujinkai.tomei.or.jp/" }, "geometry": { "type": "Point", "coordinates": [ 139.346045600000025, 35.4490001 ] } },
{ "type": "Feature", "properties": { "内容": "ユニット型介護老人福祉施設玉川グリーンホーム【介護老人福祉施設】神奈川県厚木市小野734-2", "url": "https://www.kaigokensaku.mhlw.go.jp/14/index.php?action_kouhyou_detail_004_kani=true&JigyosyoCd=1472901998-00&ServiceCd=510&Type=search", "url2": "https://seiryukai1989.com/" }, "geometry": { "type": "Point", "coordinates": [ 139.313148100000035, 35.4340259 ] } },
{ "type": "Feature", "properties": { "内容": "特別養護老人ホーム　メイサムホール【介護老人福祉施設】神奈川県厚木市愛甲2208番１", "url": "https://www.kaigokensaku.mhlw.go.jp/14/index.php?action_kouhyou_detail_004_kani=true&JigyosyoCd=1472902871-00&ServiceCd=510&Type=search", "url2": "https://meisam.jp/" }, "geometry": { "type": "Point", "coordinates": [ 139.3527264, 35.4225436 ] } },
{ "type": "Feature", "properties": { "内容": "第二森の里【介護老人福祉施設】神奈川県厚木市飯山3425", "url": "https://www.kaigokensaku.mhlw.go.jp/14/index.php?action_kouhyou_detail_004_kani=true&JigyosyoCd=1472900842-00&ServiceCd=510&Type=search", "url2": "https://www.morinosato.jp/morinosato2/" }, "geometry": { "type": "Point", "coordinates": [ 139.324533, 35.4545988 ] } },
{ "type": "Feature", "properties": { "内容": "グランモールさくら及川【介護老人福祉施設】神奈川県厚木市及川793番", "url": "https://www.kaigokensaku.mhlw.go.jp/14/index.php?action_kouhyou_detail_004_kani=true&JigyosyoCd=1472902244-00&ServiceCd=510&Type=search", "url2": "http://www.sakura-seiwa.jp/" }, "geometry": { "type": "Point", "coordinates": [ 139.348821475393606, 35.463686439607486 ] } },
{ "type": "Feature", "properties": { "内容": "ロゼホームつきみ野【介護老人福祉施設】神奈川県大和市下鶴間418-2", "url": "https://www.kaigokensaku.mhlw.go.jp/14/index.php?action_kouhyou_detail_004_kani=true&JigyosyoCd=1473000014-00&ServiceCd=510&Type=search", "url2": "http://www.rozehome.com/" }, "geometry": { "type": "Point", "coordinates": [ 139.461395700000025, 35.5132208 ] } },
{ "type": "Feature", "properties": { "内容": "特別養護老人ホーム　敬愛の園【介護老人福祉施設】神奈川県大和市福田1551", "url": "https://www.kaigokensaku.mhlw.go.jp/14/index.php?action_kouhyou_detail_004_kani=true&JigyosyoCd=1473000170-00&ServiceCd=510&Type=search", "url2": "https://www.since1950-keiaikai-yamato.or.jp" }, "geometry": { "type": "Point", "coordinates": [ 139.4637126, 35.4238865 ] } },
{ "type": "Feature", "properties": { "内容": "特別養護老人ホーム　晃風園【介護老人福祉施設】神奈川県大和市草柳2-15-1", "url": "https://www.kaigokensaku.mhlw.go.jp/14/index.php?action_kouhyou_detail_004_kani=true&JigyosyoCd=1473000188-00&ServiceCd=510&Type=search", "url2": "http://www.kofuen.jp/" }, "geometry": { "type": "Point", "coordinates": [ 139.4582289, 35.46044 ] } },
{ "type": "Feature", "properties": { "内容": "高齢者介護福祉施設　サンホーム鶴間【介護老人福祉施設】神奈川県大和市西鶴間八丁目1番2号", "url": "https://www.kaigokensaku.mhlw.go.jp/14/index.php?action_kouhyou_detail_004_kani=true&JigyosyoCd=1473000196-00&ServiceCd=510&Type=search", "url2": "http://sunhome.life.coocan.jp/" }, "geometry": { "type": "Point", "coordinates": [ 139.441195599999986, 35.4842547 ] } },
{ "type": "Feature", "properties": { "内容": "社会福祉法人プレマ会　みなみ風【介護老人福祉施設】神奈川県大和市上草柳164番5", "url": "https://www.kaigokensaku.mhlw.go.jp/14/index.php?action_kouhyou_detail_004_kani=true&JigyosyoCd=1473001046-00&ServiceCd=510&Type=search", "url2": "http://puremakai.or.jp" }, "geometry": { "type": "Point", "coordinates": [ 139.441175909856383, 35.473898285621701 ] } },
{ "type": "Feature", "properties": { "内容": "ル・リアンふかみ【介護老人福祉施設】神奈川県大和市深見2106-1", "url": "https://www.kaigokensaku.mhlw.go.jp/14/index.php?action_kouhyou_detail_004_kani=true&JigyosyoCd=1473001939-00&ServiceCd=510&Type=search", "url2": "http://www.sagamisyouyuukai.or.jp" }, "geometry": { "type": "Point", "coordinates": [ 139.47051369999997, 35.475213 ] } },
{ "type": "Feature", "properties": { "内容": "特別養護老人ホーム　和喜園　田園【介護老人福祉施設】神奈川県大和市下和田822-1", "url": "https://www.kaigokensaku.mhlw.go.jp/14/index.php?action_kouhyou_detail_004_kani=true&JigyosyoCd=1473002002-00&ServiceCd=510&Type=search", "url2": "https://wakien.jp" }, "geometry": { "type": "Point", "coordinates": [ 139.470117800000025, 35.426439 ] } },
{ "type": "Feature", "properties": { "内容": "特別養護老人ホーム　和喜園【介護老人福祉施設】神奈川県大和市下和田822番地1", "url": "https://www.kaigokensaku.mhlw.go.jp/14/index.php?action_kouhyou_detail_004_kani=true&JigyosyoCd=1473000261-00&ServiceCd=510&Type=search", "url2": "https://wakien.jp/" }, "geometry": { "type": "Point", "coordinates": [ 139.470117800000025, 35.426439 ] } },
{ "type": "Feature", "properties": { "内容": "特別養護老人ホーム　ひまわりの郷【介護老人福祉施設】神奈川県大和市上和田3467-1", "url": "https://www.kaigokensaku.mhlw.go.jp/14/index.php?action_kouhyou_detail_004_kani=true&JigyosyoCd=1473001194-00&ServiceCd=510&Type=search", "url2": "https://www.himawarinosato.jp" }, "geometry": { "type": "Point", "coordinates": [ 139.468415099999987, 35.4368681 ] } },
{ "type": "Feature", "properties": { "内容": "介護老人福祉施設スミール桜ヶ丘【介護老人福祉施設】神奈川県大和市上和田1021-1", "url": "https://www.kaigokensaku.mhlw.go.jp/14/index.php?action_kouhyou_detail_004_kani=true&JigyosyoCd=1473002614-00&ServiceCd=510&Type=search", "url2": "http://www.tatsuki.co/" }, "geometry": { "type": "Point", "coordinates": [ 139.471014148491605, 35.450400647265255 ] } },
{ "type": "Feature", "properties": { "内容": "特別養護老人ホーム　ほの里南林間【介護老人福祉施設】神奈川県大和市南林間6-31-28", "url": "https://www.kaigokensaku.mhlw.go.jp/14/index.php?action_kouhyou_detail_004_kani=true&JigyosyoCd=1473003182-00&ServiceCd=510&Type=search", "url2": "http://www.daichinokai.jp" }, "geometry": { "type": "Point", "coordinates": [ 139.438110839269484, 35.488450930664378 ] } },
{ "type": "Feature", "properties": { "内容": "特別養護老人ホーム　ほの里南林間【介護老人福祉施設】神奈川県大和市南林間6-31-28", "url": "https://www.kaigokensaku.mhlw.go.jp/14/index.php?action_kouhyou_detail_004_kani=true&JigyosyoCd=1473003190-00&ServiceCd=510&Type=search", "url2": "http://www.daichinokai.jp" }, "geometry": { "type": "Point", "coordinates": [ 139.438075300000037, 35.4883074 ] } },
{ "type": "Feature", "properties": { "内容": "高齢者総合支援センター泉心荘【介護老人福祉施設】神奈川県伊勢原市三ノ宮511番地の1", "url": "https://www.kaigokensaku.mhlw.go.jp/14/index.php?action_kouhyou_detail_004_kani=true&JigyosyoCd=1474000039-00&ServiceCd=510&Type=search", "url2": "https://senshinso.or.jp" }, "geometry": { "type": "Point", "coordinates": [ 139.288451099999946, 35.4085338 ] } },
{ "type": "Feature", "properties": { "内容": "特別養護老人ホーム　伊勢原ホーム【介護老人福祉施設】神奈川県伊勢原市子易1254-4", "url": "https://www.kaigokensaku.mhlw.go.jp/14/index.php?action_kouhyou_detail_004_kani=true&JigyosyoCd=1474000146-00&ServiceCd=510&Type=search", "url2": "http://www.dairoku.org" }, "geometry": { "type": "Point", "coordinates": [ 139.268125239182609, 35.4169146411543 ] } },
{ "type": "Feature", "properties": { "内容": "介護老人福祉施設　らんの里【介護老人福祉施設】神奈川県伊勢原市沼目６－１２５７", "url": "https://www.kaigokensaku.mhlw.go.jp/14/index.php?action_kouhyou_detail_004_kani=true&JigyosyoCd=1474000153-00&ServiceCd=510&Type=search", "url2": "http://showyoukai.com/" }, "geometry": { "type": "Point", "coordinates": [ 139.330338200000028, 35.3885651 ] } },
{ "type": "Feature", "properties": { "内容": "伊勢原ホーム【介護老人福祉施設】神奈川県伊勢原市子易1254-4", "url": "https://www.kaigokensaku.mhlw.go.jp/14/index.php?action_kouhyou_detail_004_kani=true&JigyosyoCd=1474000997-00&ServiceCd=510&Type=search", "url2": "http://www.dairoku.org" }, "geometry": { "type": "Point", "coordinates": [ 139.268636199999946, 35.4170294 ] } },
{ "type": "Feature", "properties": { "内容": "高齢者総合支援センター泉心荘（ユニット）【介護老人福祉施設】神奈川県伊勢原市三ノ宮511番地の1", "url": "https://www.kaigokensaku.mhlw.go.jp/14/index.php?action_kouhyou_detail_004_kani=true&JigyosyoCd=1474001003-00&ServiceCd=510&Type=search", "url2": "https://senshinso.or.jp" }, "geometry": { "type": "Point", "coordinates": [ 139.288451099999946, 35.4085338 ] } },
{ "type": "Feature", "properties": { "内容": "特別養護老人ホーム　湘南けやきの郷【介護老人福祉施設】神奈川県伊勢原市小稲葉字一色1281番", "url": "https://www.kaigokensaku.mhlw.go.jp/14/index.php?action_kouhyou_detail_004_kani=true&JigyosyoCd=1474000849-00&ServiceCd=510&Type=search", "url2": "http://www.inabakai.or.jp/" }, "geometry": { "type": "Point", "coordinates": [ 139.351370078434627, 35.391947733723811 ] } },
{ "type": "Feature", "properties": { "内容": "特別養護老人ホーム光響荘【介護老人福祉施設】神奈川県伊勢原市東大竹1511番地", "url": "https://www.kaigokensaku.mhlw.go.jp/14/index.php?action_kouhyou_detail_004_kani=true&JigyosyoCd=1474001599-00&ServiceCd=510&Type=search", "url2": "https://asukafukushikai.com/center_welfare/koukyousou" }, "geometry": { "type": "Point", "coordinates": [ 139.30501113404614, 35.389108792237415 ] } },
{ "type": "Feature", "properties": { "内容": "えびな南高齢者施設【介護老人福祉施設】神奈川県海老名市杉久保南3丁目31-6", "url": "https://www.kaigokensaku.mhlw.go.jp/14/index.php?action_kouhyou_detail_004_kani=true&JigyosyoCd=1474200050-00&ServiceCd=510&Type=search", "url2": "https://ebinaminami.com/" }, "geometry": { "type": "Point", "coordinates": [ 139.408304600000065, 35.4211018 ] } },
{ "type": "Feature", "properties": { "内容": "中心荘第一老人ホーム【介護老人福祉施設】神奈川県海老名市上今泉4-7-1", "url": "https://www.kaigokensaku.mhlw.go.jp/14/index.php?action_kouhyou_detail_004_kani=true&JigyosyoCd=1474200076-00&ServiceCd=510&Type=search", "url2": "https://chusinsou.net" }, "geometry": { "type": "Point", "coordinates": [ 139.40421850000007, 35.4684597 ] } },
{ "type": "Feature", "properties": { "内容": "中心荘第二老人ホーム【介護老人福祉施設】神奈川県海老名市上今泉4-7-1", "url": "https://www.kaigokensaku.mhlw.go.jp/14/index.php?action_kouhyou_detail_004_kani=true&JigyosyoCd=1474200084-00&ServiceCd=510&Type=search", "url2": "https://chusinsou.net" }, "geometry": { "type": "Point", "coordinates": [ 139.40421850000007, 35.4684597 ] } },
{ "type": "Feature", "properties": { "内容": "特別養護老人ホーム和心【介護老人福祉施設】神奈川県海老名市大谷南三丁目20番15号", "url": "https://www.kaigokensaku.mhlw.go.jp/14/index.php?action_kouhyou_detail_004_kani=true&JigyosyoCd=1474200837-00&ServiceCd=510&Type=search", "url2": "https://www.carenet.or.jp/nagomi/index.html" }, "geometry": { "type": "Point", "coordinates": [ 139.399809079762264, 35.435050814942443 ] } },
{ "type": "Feature", "properties": { "内容": "特別養護老人ホーム　陽だまり【介護老人福祉施設】神奈川県海老名市社家四丁目7番26号", "url": "https://www.kaigokensaku.mhlw.go.jp/14/index.php?action_kouhyou_detail_004_kani=true&JigyosyoCd=1474201017-00&ServiceCd=510&Type=search", "url2": "https://www.carenet.or.jp" }, "geometry": { "type": "Point", "coordinates": [ 139.382415441000376, 35.418895504313994 ] } },
{ "type": "Feature", "properties": { "内容": "特別養護老人ホーム彩美苑【介護老人福祉施設】神奈川県海老名市柏ケ谷287-1", "url": "https://www.kaigokensaku.mhlw.go.jp/14/index.php?action_kouhyou_detail_004_kani=true&JigyosyoCd=1474201496-00&ServiceCd=510&Type=search", "url2": "https://asukafukushikai.com/center/saibien" }, "geometry": { "type": "Point", "coordinates": [ 139.408678582247916, 35.460875984968048 ] } },
{ "type": "Feature", "properties": { "内容": "特別養護老人ホーム　さつき【介護老人福祉施設】神奈川県海老名市中央四丁目15番1号", "url": "https://www.kaigokensaku.mhlw.go.jp/14/index.php?action_kouhyou_detail_004_kani=true&JigyosyoCd=1474200290-00&ServiceCd=510&Type=search", "url2": "http://www.carenet.or.jp/satsuki/" }, "geometry": { "type": "Point", "coordinates": [ 139.3866112, 35.4485332 ] } },
{ "type": "Feature", "properties": { "内容": "特別養護老人ホーム　シェ・モア【介護老人福祉施設】神奈川県海老名市中央四丁目8番14号", "url": "https://www.kaigokensaku.mhlw.go.jp/14/index.php?action_kouhyou_detail_004_kani=true&JigyosyoCd=1474200449-00&ServiceCd=510&Type=search", "url2": "http://www.carenet.or.jp/chez-moi/" }, "geometry": { "type": "Point", "coordinates": [ 139.388447700000029, 35.448153900000015 ] } },
{ "type": "Feature", "properties": { "内容": "えびな北高齢者施設【介護老人福祉施設】神奈川県海老名市上今泉4-8-28", "url": "https://www.kaigokensaku.mhlw.go.jp/14/index.php?action_kouhyou_detail_004_kani=true&JigyosyoCd=1474200605-00&ServiceCd=510&Type=search", "url2": "https://www.ebinakita.com/" }, "geometry": { "type": "Point", "coordinates": [ 139.402551899999906, 35.4699122 ] } },
{ "type": "Feature", "properties": { "内容": "特別養護老人ホーム　栗原ホーム【介護老人福祉施設】神奈川県座間市栗原中央6-1-18", "url": "https://www.kaigokensaku.mhlw.go.jp/14/index.php?action_kouhyou_detail_004_kani=true&JigyosyoCd=1474100094-00&ServiceCd=510&Type=search", "url2": "http://www.zama-keishinkai.or.jp/" }, "geometry": { "type": "Point", "coordinates": [ 139.416924593254066, 35.48633873200199 ] } },
{ "type": "Feature", "properties": { "内容": "特別養護老人ホーム　ベルホーム【介護老人福祉施設】神奈川県座間市栗原１２６１－１", "url": "https://www.kaigokensaku.mhlw.go.jp/14/index.php?action_kouhyou_detail_004_kani=true&JigyosyoCd=1474100102-00&ServiceCd=510&Type=search", "url2": "https://www.bellhome.or.jp/" }, "geometry": { "type": "Point", "coordinates": [ 139.417760700000031, 35.5011739 ] } },
{ "type": "Feature", "properties": { "内容": "特別養護老人ホームサライ【介護老人福祉施設】神奈川県座間市小松原一丁目17番15号", "url": "https://www.kaigokensaku.mhlw.go.jp/14/index.php?action_kouhyou_detail_004_kani=true&JigyosyoCd=1474100631-00&ServiceCd=510&Type=search", "url2": "https://saray-zama.com/" }, "geometry": { "type": "Point", "coordinates": [ 139.428081425794971, 35.497499632842739 ] } },
{ "type": "Feature", "properties": { "内容": "特別養護老人ホーム　第二座間苑【介護老人福祉施設】神奈川県座間市新田宿623", "url": "https://www.kaigokensaku.mhlw.go.jp/14/index.php?action_kouhyou_detail_004_kani=true&JigyosyoCd=1474100672-00&ServiceCd=510&Type=search", "url2": "http://www.zamaen.or.jp/" }, "geometry": { "type": "Point", "coordinates": [ 139.380517599999962, 35.4796634 ] } },
{ "type": "Feature", "properties": { "内容": "太陽の家座間【介護老人福祉施設】神奈川県座間市座間２丁目８６１-１", "url": "https://www.kaigokensaku.mhlw.go.jp/14/index.php?action_kouhyou_detail_004_kani=true&JigyosyoCd=1474101233-00&ServiceCd=510&Type=search", "url2": "http://www.ui21.or.jp/" }, "geometry": { "type": "Point", "coordinates": [ 139.390194417088338, 35.480411606370261 ] } },
{ "type": "Feature", "properties": { "内容": "特別養護老人ホーム草の家【介護老人福祉施設】神奈川県南足柄市班目４６０", "url": "https://www.kaigokensaku.mhlw.go.jp/14/index.php?action_kouhyou_detail_004_kani=true&JigyosyoCd=1474300033-00&ServiceCd=510&Type=search", "url2": "https://kusanoie.com" }, "geometry": { "type": "Point", "coordinates": [ 139.103527053997823, 35.342815238713833 ] } },
{ "type": "Feature", "properties": { "内容": "特別養護老人ホーム草の家ユニット【介護老人福祉施設】神奈川県南足柄市班目460", "url": "https://www.kaigokensaku.mhlw.go.jp/14/index.php?action_kouhyou_detail_004_kani=true&JigyosyoCd=1474300363-00&ServiceCd=510&Type=search", "url2": "https://kusanoie.com" }, "geometry": { "type": "Point", "coordinates": [ 139.1033903, 35.3427892 ] } },
{ "type": "Feature", "properties": { "内容": "特別養護老人ホーム草の家ひだまり【介護老人福祉施設】神奈川県南足柄市班目301-1", "url": "https://www.kaigokensaku.mhlw.go.jp/14/index.php?action_kouhyou_detail_004_kani=true&JigyosyoCd=1474300702-00&ServiceCd=510&Type=search", "url2": "https://kusanoie.com/?page_id=4842" }, "geometry": { "type": "Point", "coordinates": [ 139.1044502, 35.3470874 ] } },
{ "type": "Feature", "properties": { "内容": "道志会居宅介護支援事業所【介護老人福祉施設】神奈川県綾瀬市早川城山2-11-3", "url": "https://www.kaigokensaku.mhlw.go.jp/14/index.php?action_kouhyou_detail_004_kani=true&JigyosyoCd=1474400015-00&ServiceCd=510&Type=search", "url2": "https://www.doushikai.or.jp" }, "geometry": { "type": "Point", "coordinates": [ 139.4214485, 35.4361446 ] } },
{ "type": "Feature", "properties": { "内容": "特別養護老人ホーム　泉正園【介護老人福祉施設】神奈川県綾瀬市上土棚南１－１１－２０", "url": "https://www.kaigokensaku.mhlw.go.jp/14/index.php?action_kouhyou_detail_004_kani=true&JigyosyoCd=1474400080-00&ServiceCd=510&Type=search", "url2": "https://www.senshoukai.com" }, "geometry": { "type": "Point", "coordinates": [ 139.444269299999974, 35.4124208 ] } },
{ "type": "Feature", "properties": { "内容": "特別養護老人ホーム　杜の郷【介護老人福祉施設】神奈川県綾瀬市寺尾南1-5-31", "url": "https://www.kaigokensaku.mhlw.go.jp/14/index.php?action_kouhyou_detail_004_kani=true&JigyosyoCd=1474400643-00&ServiceCd=510&Type=search", "url2": "https://www.senju-kai.com/" }, "geometry": { "type": "Point", "coordinates": [ 139.42978370000003, 35.4480601 ] } },
{ "type": "Feature", "properties": { "内容": "介護老人福祉施設　葉山清寿苑【介護老人福祉施設】神奈川県三浦郡葉山町上山口１６６９", "url": "https://www.kaigokensaku.mhlw.go.jp/14/index.php?action_kouhyou_detail_004_kani=true&JigyosyoCd=1471100014-00&ServiceCd=510&Type=search", "url2": "http://www.hakuou.or.jp" }, "geometry": { "type": "Point", "coordinates": [ 139.602367400000048, 35.2631534 ] } },
{ "type": "Feature", "properties": { "内容": "特別養護老人ホーム　葉山グリーンヒル【介護老人福祉施設】神奈川県三浦郡葉山町一色2448-6", "url": "https://www.kaigokensaku.mhlw.go.jp/14/index.php?action_kouhyou_detail_004_kani=true&JigyosyoCd=1471100204-00&ServiceCd=510&Type=search", "url2": "https://yokosuka-greenhil.jp/pages/30/" }, "geometry": { "type": "Point", "coordinates": [ 139.57085589999997, 35.2683667 ] } },
{ "type": "Feature", "properties": { "内容": "特別養護老人ホーム　きくの郷【介護老人福祉施設】神奈川県高座郡寒川町小動６２２", "url": "https://www.kaigokensaku.mhlw.go.jp/14/index.php?action_kouhyou_detail_004_kani=true&JigyosyoCd=1471200087-00&ServiceCd=510&Type=search", "url2": "https://senju-kai.com/特別養護老人ホーム%e3%80%80きくの郷/" }, "geometry": { "type": "Point", "coordinates": [ 139.396860299999958, 35.3864411 ] } },
{ "type": "Feature", "properties": { "内容": "ユニット型特別養護老人ホーム　きくの郷【介護老人福祉施設】神奈川県高座郡寒川町小動622", "url": "https://www.kaigokensaku.mhlw.go.jp/14/index.php?action_kouhyou_detail_004_kani=true&JigyosyoCd=1471200533-00&ServiceCd=510&Type=search", "url2": "https://senju-kai.com/特別養護老人ホーム%E3%80%80きくの郷/" }, "geometry": { "type": "Point", "coordinates": [ 139.396860299999958, 35.3864411 ] } },
{ "type": "Feature", "properties": { "内容": "介護老人福祉施設　寒川ホーム【介護老人福祉施設】神奈川県高座郡寒川町小谷1-13-5", "url": "https://www.kaigokensaku.mhlw.go.jp/14/index.php?action_kouhyou_detail_004_kani=true&JigyosyoCd=1471200038-00&ServiceCd=510&Type=search", "url2": "https://samukawahome.com" }, "geometry": { "type": "Point", "coordinates": [ 139.397571400000061, 35.3804528 ] } },
{ "type": "Feature", "properties": { "内容": "特別養護老人ホーム　大磯喜楽園【介護老人福祉施設】神奈川県中郡大磯町虫窪285番地2", "url": "https://www.kaigokensaku.mhlw.go.jp/14/index.php?action_kouhyou_detail_004_kani=true&JigyosyoCd=1471300853-00&ServiceCd=510&Type=search", "url2": "https://houyuukai.or.jp/" }, "geometry": { "type": "Point", "coordinates": [ 139.263620299999957, 35.3258134 ] } },
{ "type": "Feature", "properties": { "内容": "特別養護老人ホーム湘南喜楽園【介護老人福祉施設】神奈川県中郡大磯町国府本郷1401番地1", "url": "https://www.kaigokensaku.mhlw.go.jp/14/index.php?action_kouhyou_detail_004_kani=true&JigyosyoCd=1471300861-00&ServiceCd=510&Type=search", "url2": "https://houyuukai.or.jp/" }, "geometry": { "type": "Point", "coordinates": [ 139.283438400000023, 35.3112769 ] } },
{ "type": "Feature", "properties": { "内容": "メゾン・二宮【介護老人福祉施設】神奈川県中郡二宮町一色１４３５－１", "url": "https://www.kaigokensaku.mhlw.go.jp/14/index.php?action_kouhyou_detail_004_kani=true&JigyosyoCd=1471300085-00&ServiceCd=510&Type=search", "url2": "http://www.ittokai.or.jp" }, "geometry": { "type": "Point", "coordinates": [ 139.244874999336247, 35.316119667430712 ] } },
{ "type": "Feature", "properties": { "内容": "介護老人福祉施設　中井富士白苑【介護老人福祉施設】神奈川県足柄上郡中井町井ノ口２３０５－４", "url": "https://www.kaigokensaku.mhlw.go.jp/14/index.php?action_kouhyou_detail_004_kani=true&JigyosyoCd=1471400315-00&ServiceCd=510&Type=search", "url2": "https://www.fujishiroen.or.jp/nakai" }, "geometry": { "type": "Point", "coordinates": [ 139.228939800000035, 35.3423769 ] } },
{ "type": "Feature", "properties": { "内容": "あしがら広域福祉センターひかりの里【介護老人福祉施設】神奈川県足柄上郡大井町西大井1055番地", "url": "https://www.kaigokensaku.mhlw.go.jp/14/index.php?action_kouhyou_detail_004_kani=true&JigyosyoCd=1471400943-00&ServiceCd=510&Type=search", "url2": "http://www.kanagawa-swc.com/hikarinosato" }, "geometry": { "type": "Point", "coordinates": [ 139.14774239999997, 35.3220331 ] } },
{ "type": "Feature", "properties": { "内容": "特別養護老人ホーム　レストフルヴィレッジ【介護老人福祉施設】神奈川県足柄上郡松田町寄３０９０－１", "url": "https://www.kaigokensaku.mhlw.go.jp/14/index.php?action_kouhyou_detail_004_kani=true&JigyosyoCd=1471400489-00&ServiceCd=510&Type=search", "url2": "https://www.restful-village.com/" }, "geometry": { "type": "Point", "coordinates": [ 139.137269300000071, 35.399952 ] } },
{ "type": "Feature", "properties": { "内容": "介護老人福祉施設　バーデンライフ中川【介護老人福祉施設】神奈川県足柄上郡山北町中川５１１", "url": "https://www.kaigokensaku.mhlw.go.jp/14/index.php?action_kouhyou_detail_004_kani=true&JigyosyoCd=1471400117-00&ServiceCd=510&Type=search", "url2": "http://www.badenlife.jp" }, "geometry": { "type": "Point", "coordinates": [ 139.046202900000054, 35.4416767 ] } },
{ "type": "Feature", "properties": { "内容": "ユニット型介護老人福祉施設　バーデンライフ中川【介護老人福祉施設】神奈川県足柄上郡山北町中川５１１番地", "url": "https://www.kaigokensaku.mhlw.go.jp/14/index.php?action_kouhyou_detail_004_kani=true&JigyosyoCd=1471400695-00&ServiceCd=510&Type=search", "url2": "http://www.badenlife.jp" }, "geometry": { "type": "Point", "coordinates": [ 139.0462334, 35.4417656 ] } },
{ "type": "Feature", "properties": { "内容": "社会福祉法人そうあい　特別養護老人ホーム　なごみの郷【介護老人福祉施設】神奈川県足柄下郡箱根町仙石原977-23", "url": "https://www.kaigokensaku.mhlw.go.jp/14/index.php?action_kouhyou_detail_004_kani=true&JigyosyoCd=1471500411-00&ServiceCd=510&Type=search", "url2": "http://souai-welfare.mokuren.ne.jp/" }, "geometry": { "type": "Point", "coordinates": [ 139.01370780000002, 35.2698717 ] } },
{ "type": "Feature", "properties": { "内容": "箱根老人ホーム　介護老人福祉施設【介護老人福祉施設】神奈川県足柄下郡箱根町宮城野58", "url": "https://www.kaigokensaku.mhlw.go.jp/14/index.php?action_kouhyou_detail_004_kani=true&JigyosyoCd=1471501146-00&ServiceCd=510&Type=search", "url2": "https://gardenia.or.jp/service/hakone" }, "geometry": { "type": "Point", "coordinates": [ 139.0554147, 35.2490426 ] } },
{ "type": "Feature", "properties": { "内容": "介護老人福祉施設　心花春【介護老人福祉施設】神奈川県足柄下郡湯河原町鍛冶屋627番地", "url": "https://www.kaigokensaku.mhlw.go.jp/14/index.php?action_kouhyou_detail_004_kani=true&JigyosyoCd=1471500122-00&ServiceCd=510&Type=search", "url2": "https://koharu-yugawara.jp/" }, "geometry": { "type": "Point", "coordinates": [ 139.111168799999973, 35.158877 ] } },
{ "type": "Feature", "properties": { "内容": "シーサイド湯河原【介護老人福祉施設】神奈川県足柄下郡湯河原町吉浜１２０番地１", "url": "https://www.kaigokensaku.mhlw.go.jp/14/index.php?action_kouhyou_detail_004_kani=true&JigyosyoCd=1471500502-00&ServiceCd=510&Type=search", "url2": "http://www.seaside-yugawara.jp" }, "geometry": { "type": "Point", "coordinates": [ 139.127148300000044, 35.1513675 ] } },
{ "type": "Feature", "properties": { "内容": "志田山ホーム【介護老人福祉施設】神奈川県愛甲郡愛川町三増２７２７", "url": "https://www.kaigokensaku.mhlw.go.jp/14/index.php?action_kouhyou_detail_004_kani=true&JigyosyoCd=1471600021-00&ServiceCd=510&Type=search", "url2": "http://www.shidasanho-mu.jp" }, "geometry": { "type": "Point", "coordinates": [ 139.285950100000036, 35.5405326 ] } },
{ "type": "Feature", "properties": { "内容": "介護老人福祉施設ミノワホーム【介護老人福祉施設】神奈川県愛甲郡愛川町角田140-3", "url": "https://www.kaigokensaku.mhlw.go.jp/14/index.php?action_kouhyou_detail_004_kani=true&JigyosyoCd=1471600070-00&ServiceCd=510&Type=search", "url2": "https://aikawa-shunjukai.jp/minowahome" }, "geometry": { "type": "Point", "coordinates": [ 139.325566400000071, 35.5257016 ] } },
{ "type": "Feature", "properties": { "内容": "特別養護老人ホーム　愛和の里【介護老人福祉施設】神奈川県愛甲郡愛川町田代680番地", "url": "https://www.kaigokensaku.mhlw.go.jp/14/index.php?action_kouhyou_detail_004_kani=true&JigyosyoCd=1471600245-00&ServiceCd=510&Type=search", "url2": "https://www.aiwanosato.jp" }, "geometry": { "type": "Point", "coordinates": [ 139.291572099999939, 35.528676 ] } }
]
}
