{
"type": "FeatureCollection",
"name": "geo_14_地域密着型通所介護",
"crs": { "type": "name", "properties": { "name": "urn:ogc:def:crs:OGC:1.3:CRS84" } },
"features": [
{ "type": "Feature", "properties": { "内容": "アクセスケア【地域密着型通所介護】神奈川県横浜市鶴見区上末吉3-2-20第二横山コーポ１Ｆ", "url2": "https://www.kaigokensaku.mhlw.go.jp/14/index.php?action_kouhyou_detail_004_kani=true&JigyosyoCd=1470101211-00&ServiceCd=780&Type=search" }, "geometry": { "type": "Point", "coordinates": [ 139.6707735, 35.528951 ] } },
{ "type": "Feature", "properties": { "内容": "デイサービスセンター「八重子さんち」【地域密着型通所介護】神奈川県横浜市鶴見区平安町１－７５－２", "url2": "https://www.kaigokensaku.mhlw.go.jp/14/index.php?action_kouhyou_detail_004_kani=true&JigyosyoCd=1470101633-00&ServiceCd=780&Type=search" }, "geometry": { "type": "Point", "coordinates": [ 139.691186842804228, 35.517816773794245 ] } },
{ "type": "Feature", "properties": { "内容": "わが家　鶴見【地域密着型通所介護】神奈川県横浜市鶴見区北寺尾1-15-11", "url2": "https://www.kaigokensaku.mhlw.go.jp/14/index.php?action_kouhyou_detail_004_kani=true&JigyosyoCd=1470101930-00&ServiceCd=780&Type=search" }, "geometry": { "type": "Point", "coordinates": [ 139.659144400000059, 35.5140225 ] } },
{ "type": "Feature", "properties": { "内容": "ミモザ白寿庵東寺尾【地域密着型通所介護】神奈川県横浜市鶴見区東寺尾6-8-1", "url2": "https://www.kaigokensaku.mhlw.go.jp/14/index.php?action_kouhyou_detail_004_kani=true&JigyosyoCd=1470102078-00&ServiceCd=780&Type=search" }, "geometry": { "type": "Point", "coordinates": [ 139.6606501, 35.5054458 ] } },
{ "type": "Feature", "properties": { "内容": "華リハビリデイサービス【地域密着型通所介護】神奈川県横浜市鶴見区梶山2-28-28", "url2": "https://www.kaigokensaku.mhlw.go.jp/14/index.php?action_kouhyou_detail_004_kani=true&JigyosyoCd=1470102565-00&ServiceCd=780&Type=search" }, "geometry": { "type": "Point", "coordinates": [ 139.661513199999945, 35.5285401 ] } },
{ "type": "Feature", "properties": { "内容": "ミモザ横浜獅子ヶ谷【地域密着型通所介護】神奈川県横浜市鶴見区獅子ヶ谷2-38-46", "url2": "https://www.kaigokensaku.mhlw.go.jp/14/index.php?action_kouhyou_detail_004_kani=true&JigyosyoCd=1470102722-00&ServiceCd=780&Type=search" }, "geometry": { "type": "Point", "coordinates": [ 139.647536800000012, 35.5239046 ] } },
{ "type": "Feature", "properties": { "内容": "リハサロン　えにしあ【地域密着型通所介護】神奈川県横浜市鶴見区向井町４－８４－８アジュール横浜１階", "url2": "https://www.kaigokensaku.mhlw.go.jp/14/index.php?action_kouhyou_detail_004_kani=true&JigyosyoCd=1470102870-00&ServiceCd=780&Type=search" }, "geometry": { "type": "Point", "coordinates": [ 139.692837939881201, 35.506329891727965 ] } },
{ "type": "Feature", "properties": { "内容": "デイサービス　ひまわり畑【地域密着型通所介護】神奈川県横浜市鶴見区馬場3-18-22グリーンホームHISUI", "url2": "https://www.kaigokensaku.mhlw.go.jp/14/index.php?action_kouhyou_detail_004_kani=true&JigyosyoCd=1470102904-00&ServiceCd=780&Type=search" }, "geometry": { "type": "Point", "coordinates": [ 139.652724350926178, 35.508105071856207 ] } },
{ "type": "Feature", "properties": { "内容": "わが家　３号館【地域密着型通所介護】神奈川県横浜市鶴見区東寺尾中台10-13", "url2": "https://www.kaigokensaku.mhlw.go.jp/14/index.php?action_kouhyou_detail_004_kani=true&JigyosyoCd=1470103019-00&ServiceCd=780&Type=search" }, "geometry": { "type": "Point", "coordinates": [ 139.664063599999963, 35.5090953 ] } },
{ "type": "Feature", "properties": { "内容": "サロンデイ岸谷【地域密着型通所介護】神奈川県横浜市鶴見区岸谷1-10-15", "url2": "https://www.kaigokensaku.mhlw.go.jp/14/index.php?action_kouhyou_detail_004_kani=true&JigyosyoCd=1470103035-00&ServiceCd=780&Type=search" }, "geometry": { "type": "Point", "coordinates": [ 139.663311099999987, 35.4932665 ] } },
{ "type": "Feature", "properties": { "内容": "リカバリータイムズモア【地域密着型通所介護】神奈川県横浜市鶴見区駒岡4-26-3", "url2": "https://www.kaigokensaku.mhlw.go.jp/14/index.php?action_kouhyou_detail_004_kani=true&JigyosyoCd=1470103068-00&ServiceCd=780&Type=search" }, "geometry": { "type": "Point", "coordinates": [ 139.652602399999978, 35.531454 ] } },
{ "type": "Feature", "properties": { "内容": "ひとつなぎ矢向【地域密着型通所介護】神奈川県横浜市鶴見区矢向3-21-26", "url2": "https://www.kaigokensaku.mhlw.go.jp/14/index.php?action_kouhyou_detail_004_kani=true&JigyosyoCd=1490100367-00&ServiceCd=780&Type=search" }, "geometry": { "type": "Point", "coordinates": [ 139.679894699999977, 35.5342833 ] } },
{ "type": "Feature", "properties": { "内容": "だんらんの家鶴見【地域密着型通所介護】神奈川県横浜市鶴見区菅沢町１７番３号シャルール１F", "url2": "https://www.kaigokensaku.mhlw.go.jp/14/index.php?action_kouhyou_detail_004_kani=true&JigyosyoCd=1490100375-00&ServiceCd=780&Type=search" }, "geometry": { "type": "Point", "coordinates": [ 139.688544092590263, 35.514820901304169 ] } },
{ "type": "Feature", "properties": { "内容": "レッツ倶楽部鶴見下末吉【地域密着型通所介護】神奈川県横浜市鶴見区下末吉1-2-13レジデンス横浜Ⅲ", "url2": "https://www.kaigokensaku.mhlw.go.jp/14/index.php?action_kouhyou_detail_004_kani=true&JigyosyoCd=1490100417-00&ServiceCd=780&Type=search" }, "geometry": { "type": "Point", "coordinates": [ 139.6728137, 35.5177434 ] } },
{ "type": "Feature", "properties": { "内容": "ｆｕｒｅａｉ鶴見店【地域密着型通所介護】神奈川県横浜市鶴見区尻手2-2-25コオリナ川崎1Ｆ", "url2": "https://www.kaigokensaku.mhlw.go.jp/14/index.php?action_kouhyou_detail_004_kani=true&JigyosyoCd=1490100458-00&ServiceCd=780&Type=search" }, "geometry": { "type": "Point", "coordinates": [ 139.683220129159281, 35.526371951694252 ] } },
{ "type": "Feature", "properties": { "内容": "リカバリータイムズ鶴見【地域密着型通所介護】神奈川県横浜市鶴見区鶴見中央4-31-7マイキャッスル鶴見中央101", "url2": "https://www.kaigokensaku.mhlw.go.jp/14/index.php?action_kouhyou_detail_004_kani=true&JigyosyoCd=1490100508-00&ServiceCd=780&Type=search" }, "geometry": { "type": "Point", "coordinates": [ 139.680530959755231, 35.508612152322435 ] } },
{ "type": "Feature", "properties": { "内容": "デイサービス　ノア【地域密着型通所介護】神奈川県横浜市鶴見区東寺尾5-3-8", "url2": "https://www.kaigokensaku.mhlw.go.jp/14/index.php?action_kouhyou_detail_004_kani=true&JigyosyoCd=1490100524-00&ServiceCd=780&Type=search" }, "geometry": { "type": "Point", "coordinates": [ 139.660528506745919, 35.501237467188837 ] } },
{ "type": "Feature", "properties": { "内容": "リカバリータイムズ末吉【地域密着型通所介護】神奈川県横浜市鶴見区下末吉1-31-12ルート1セイワ1F", "url2": "https://www.kaigokensaku.mhlw.go.jp/14/index.php?action_kouhyou_detail_004_kani=true&JigyosyoCd=1490100540-00&ServiceCd=780&Type=search" }, "geometry": { "type": "Point", "coordinates": [ 139.671776824606297, 35.520976087296049 ] } },
{ "type": "Feature", "properties": { "内容": "リカバリーホームズ獅子ヶ谷【地域密着型通所介護】神奈川県横浜市鶴見区獅子ヶ谷2-37-23", "url2": "https://www.kaigokensaku.mhlw.go.jp/14/index.php?action_kouhyou_detail_004_kani=true&JigyosyoCd=1490100557-00&ServiceCd=780&Type=search" }, "geometry": { "type": "Point", "coordinates": [ 139.6476997, 35.523032700000016 ] } },
{ "type": "Feature", "properties": { "内容": "デイサービスセンターハピネスあすか【地域密着型通所介護】神奈川県横浜市鶴見区下末吉4-26-41F", "url2": "https://www.kaigokensaku.mhlw.go.jp/14/index.php?action_kouhyou_detail_004_kani=true&JigyosyoCd=1490100573-00&ServiceCd=780&Type=search" }, "geometry": { "type": "Point", "coordinates": [ 139.670363400000014, 35.5234886 ] } },
{ "type": "Feature", "properties": { "内容": "一織庵　菊名【地域密着型通所介護】神奈川県横浜市鶴見区上の宮1-27-15", "url2": "https://www.kaigokensaku.mhlw.go.jp/14/index.php?action_kouhyou_detail_004_kani=true&JigyosyoCd=1490100581-00&ServiceCd=780&Type=search" }, "geometry": { "type": "Point", "coordinates": [ 139.638285200000013, 35.5130393 ] } },
{ "type": "Feature", "properties": { "内容": "ほっとかん鶴見【地域密着型通所介護】神奈川県横浜市鶴見区栄町通1丁目9-101F", "url2": "https://www.kaigokensaku.mhlw.go.jp/14/index.php?action_kouhyou_detail_004_kani=true&JigyosyoCd=1490100615-00&ServiceCd=780&Type=search" }, "geometry": { "type": "Point", "coordinates": [ 139.691636, 35.5078431 ] } },
{ "type": "Feature", "properties": { "内容": "クレイン在宅ケアセンター「ノイエ」【地域密着型通所介護】神奈川県横浜市鶴見区下末吉２－１２－１５", "url2": "https://www.kaigokensaku.mhlw.go.jp/14/index.php?action_kouhyou_detail_004_kani=true&JigyosyoCd=1470101906-00&ServiceCd=780&Type=search" }, "geometry": { "type": "Point", "coordinates": [ 139.672806900000069, 35.5205798 ] } },
{ "type": "Feature", "properties": { "内容": "小規模デイサービス　サルビア【地域密着型通所介護】神奈川県横浜市鶴見区栄町通四丁目４４番地２６クレセールL・I　1F", "url2": "https://www.kaigokensaku.mhlw.go.jp/14/index.php?action_kouhyou_detail_004_kani=true&JigyosyoCd=1470102391-00&ServiceCd=780&Type=search" }, "geometry": { "type": "Point", "coordinates": [ 139.689682578362977, 35.51305388393331 ] } },
{ "type": "Feature", "properties": { "内容": "樹楽　団らんの家　鶴見潮田公園前【地域密着型通所介護】神奈川県横浜市鶴見区向井町3-76-1メゾン・ド・メルベーユ102", "url2": "https://www.kaigokensaku.mhlw.go.jp/14/index.php?action_kouhyou_detail_004_kani=true&JigyosyoCd=1470102417-00&ServiceCd=780&Type=search" }, "geometry": { "type": "Point", "coordinates": [ 139.689122499999939, 35.5049236 ] } },
{ "type": "Feature", "properties": { "内容": "小規模デイサービス　サルビア２【地域密着型通所介護】神奈川県横浜市鶴見区市場大和町3-23ナイスアーバン鶴見市場101", "url2": "https://www.kaigokensaku.mhlw.go.jp/14/index.php?action_kouhyou_detail_004_kani=true&JigyosyoCd=1470102466-00&ServiceCd=780&Type=search" }, "geometry": { "type": "Point", "coordinates": [ 139.68666410000003, 35.5168191 ] } },
{ "type": "Feature", "properties": { "内容": "デイサービス　和恩【地域密着型通所介護】神奈川県横浜市鶴見区駒岡3－6－11", "url2": "https://www.kaigokensaku.mhlw.go.jp/14/index.php?action_kouhyou_detail_004_kani=true&JigyosyoCd=1470102490-00&ServiceCd=780&Type=search" }, "geometry": { "type": "Point", "coordinates": [ 139.652594599999929, 35.5267766 ] } },
{ "type": "Feature", "properties": { "内容": "リハビリ特化型デイサービスえにしあ鶴見市場店【地域密着型通所介護】神奈川県横浜市鶴見区市場大和町4－3鶴見ロータリーハイツ1階", "url2": "https://www.kaigokensaku.mhlw.go.jp/14/index.php?action_kouhyou_detail_004_kani=true&JigyosyoCd=1470102508-00&ServiceCd=780&Type=search" }, "geometry": { "type": "Point", "coordinates": [ 139.6871251, 35.5166969 ] } },
{ "type": "Feature", "properties": { "内容": "デイサロン　イエロー【地域密着型通所介護】神奈川県横浜市鶴見区下末吉5-1-13", "url2": "https://www.kaigokensaku.mhlw.go.jp/14/index.php?action_kouhyou_detail_004_kani=true&JigyosyoCd=1470102524-00&ServiceCd=780&Type=search" }, "geometry": { "type": "Point", "coordinates": [ 139.665060499999981, 35.5167943 ] } },
{ "type": "Feature", "properties": { "内容": "デイサービスココファン横浜鶴見【地域密着型通所介護】神奈川県横浜市鶴見区鶴見中央3-19-11", "url2": "https://www.kaigokensaku.mhlw.go.jp/14/index.php?action_kouhyou_detail_004_kani=true&JigyosyoCd=1470103092-00&ServiceCd=780&Type=search" }, "geometry": { "type": "Point", "coordinates": [ 139.683181974205013, 35.509531403192383 ] } },
{ "type": "Feature", "properties": { "内容": "デイサービス　健康ルーム　わっか【地域密着型通所介護】神奈川県横浜市鶴見区鶴見一丁目12番17号ﾋﾙｻｲﾄﾞﾎｰﾑｽﾞ１階", "url2": "https://www.kaigokensaku.mhlw.go.jp/14/index.php?action_kouhyou_detail_004_kani=true&JigyosyoCd=1470103233-00&ServiceCd=780&Type=search" }, "geometry": { "type": "Point", "coordinates": [ 139.674162799999976, 35.5038738 ] } },
{ "type": "Feature", "properties": { "内容": "太陽テラス【地域密着型通所介護】神奈川県横浜市鶴見区駒岡5-15-32ラピスヒルズ102", "url2": "https://www.kaigokensaku.mhlw.go.jp/14/index.php?action_kouhyou_detail_004_kani=true&JigyosyoCd=1490100623-00&ServiceCd=780&Type=search" }, "geometry": { "type": "Point", "coordinates": [ 139.652491971163982, 35.53448999632338 ] } },
{ "type": "Feature", "properties": { "内容": "リハスマイルホーム鶴見市場【地域密着型通所介護】神奈川県横浜市鶴見区市場下町10-3-5ベルドミールシャイン1階", "url2": "https://www.kaigokensaku.mhlw.go.jp/14/index.php?action_kouhyou_detail_004_kani=true&JigyosyoCd=1490100664-00&ServiceCd=780&Type=search" }, "geometry": { "type": "Point", "coordinates": [ 139.6829019, 35.5167292 ] } },
{ "type": "Feature", "properties": { "内容": "リハビリスタジオハッピー【地域密着型通所介護】神奈川県横浜市鶴見区鶴見中央4-43-4第3日野ビル2F", "url2": "https://www.kaigokensaku.mhlw.go.jp/14/index.php?action_kouhyou_detail_004_kani=true&JigyosyoCd=1470101856-00&ServiceCd=780&Type=search" }, "geometry": { "type": "Point", "coordinates": [ 139.6792762, 35.5050097 ] } },
{ "type": "Feature", "properties": { "内容": "デイサロン　ミント【地域密着型通所介護】神奈川県横浜市鶴見区馬場2-12-21", "url2": "https://www.kaigokensaku.mhlw.go.jp/14/index.php?action_kouhyou_detail_004_kani=true&JigyosyoCd=1470101864-00&ServiceCd=780&Type=search" }, "geometry": { "type": "Point", "coordinates": [ 139.6523618, 35.5094064 ] } },
{ "type": "Feature", "properties": { "内容": "リハビリデイサービスｎａｇｏｍｉ鶴見中央店【地域密着型通所介護】神奈川県横浜市鶴見区鶴見中央5-9-2", "url2": "https://www.kaigokensaku.mhlw.go.jp/14/index.php?action_kouhyou_detail_004_kani=true&JigyosyoCd=1470102300-00&ServiceCd=780&Type=search" }, "geometry": { "type": "Point", "coordinates": [ 139.677207, 35.5045098 ] } },
{ "type": "Feature", "properties": { "内容": "デイサービス　いこい家　馬場【地域密着型通所介護】神奈川県横浜市鶴見区馬場2-9-9", "url2": "https://www.kaigokensaku.mhlw.go.jp/14/index.php?action_kouhyou_detail_004_kani=true&JigyosyoCd=1470701481-00&ServiceCd=780&Type=search" }, "geometry": { "type": "Point", "coordinates": [ 139.652277015344197, 35.508086332736823 ] } },
{ "type": "Feature", "properties": { "内容": "デイサロン　イエロー　本町通【地域密着型通所介護】神奈川県横浜市鶴見区本町通3-165-6", "url2": "https://www.kaigokensaku.mhlw.go.jp/14/index.php?action_kouhyou_detail_004_kani=true&JigyosyoCd=1490100649-00&ServiceCd=780&Type=search" }, "geometry": { "type": "Point", "coordinates": [ 139.684025100000014, 35.5012755 ] } },
{ "type": "Feature", "properties": { "内容": "リカバリータイムズ駒岡【地域密着型通所介護】神奈川県横浜市鶴見区駒岡5-17-28サンライズ長尾　１階", "url2": "https://www.kaigokensaku.mhlw.go.jp/14/index.php?action_kouhyou_detail_004_kani=true&JigyosyoCd=1470102664-00&ServiceCd=780&Type=search" }, "geometry": { "type": "Point", "coordinates": [ 139.653170452253761, 35.53531301428972 ] } },
{ "type": "Feature", "properties": { "内容": "結清会　彩陽【地域密着型通所介護】神奈川県横浜市神奈川区三ツ沢下町19-1ガーデン山ハイツ102.103", "url2": "https://www.kaigokensaku.mhlw.go.jp/14/index.php?action_kouhyou_detail_004_kani=true&JigyosyoCd=1490200712-00&ServiceCd=780&Type=search" }, "geometry": { "type": "Point", "coordinates": [ 139.617418500000014, 35.4781494 ] } },
{ "type": "Feature", "properties": { "内容": "リハビリスタジオハッピー子安台【地域密着型通所介護】神奈川県横浜市神奈川区子安台1-7-6子安台共同ビル1F", "url2": "https://www.kaigokensaku.mhlw.go.jp/14/index.php?action_kouhyou_detail_004_kani=true&JigyosyoCd=1490200795-00&ServiceCd=780&Type=search" }, "geometry": { "type": "Point", "coordinates": [ 139.65612680000001, 35.4925476 ] } },
{ "type": "Feature", "properties": { "内容": "デイサービス　さくらの季・おおぐち【地域密着型通所介護】神奈川県横浜市神奈川区大口通１５－４", "url2": "https://www.kaigokensaku.mhlw.go.jp/14/index.php?action_kouhyou_detail_004_kani=true&JigyosyoCd=1470201524-00&ServiceCd=780&Type=search" }, "geometry": { "type": "Point", "coordinates": [ 139.644668300000035, 35.489536 ] } },
{ "type": "Feature", "properties": { "内容": "デイサービス　四季楽大口【地域密着型通所介護】神奈川県横浜市神奈川区松見町1-11-2", "url2": "https://www.kaigokensaku.mhlw.go.jp/14/index.php?action_kouhyou_detail_004_kani=true&JigyosyoCd=1470201540-00&ServiceCd=780&Type=search" }, "geometry": { "type": "Point", "coordinates": [ 139.644301600000063, 35.495741 ] } },
{ "type": "Feature", "properties": { "内容": "リハビリデイサービス　ジール【地域密着型通所介護】神奈川県横浜市神奈川区子安通1-3-1グランサージュコヤス101", "url2": "https://www.kaigokensaku.mhlw.go.jp/14/index.php?action_kouhyou_detail_004_kani=true&JigyosyoCd=1470201805-00&ServiceCd=780&Type=search" }, "geometry": { "type": "Point", "coordinates": [ 139.645021, 35.4841894 ] } },
{ "type": "Feature", "properties": { "内容": "fureai反町店【地域密着型通所介護】神奈川県横浜市神奈川区松本町4-33-11反町松本ビル　1F", "url2": "https://www.kaigokensaku.mhlw.go.jp/14/index.php?action_kouhyou_detail_004_kani=true&JigyosyoCd=1470202217-00&ServiceCd=780&Type=search" }, "geometry": { "type": "Point", "coordinates": [ 139.6196956, 35.4771093 ] } },
{ "type": "Feature", "properties": { "内容": "GENKI　NEXT　横浜片倉町【地域密着型通所介護】神奈川県横浜市神奈川区片倉１－１３－１２ベル片倉102号", "url2": "https://www.kaigokensaku.mhlw.go.jp/14/index.php?action_kouhyou_detail_004_kani=true&JigyosyoCd=1470202225-00&ServiceCd=780&Type=search" }, "geometry": { "type": "Point", "coordinates": [ 139.603582157043064, 35.485629664160143 ] } },
{ "type": "Feature", "properties": { "内容": "デイサービス　にじいろ【地域密着型通所介護】神奈川県横浜市神奈川区三ツ沢中町1-20", "url2": "https://www.kaigokensaku.mhlw.go.jp/14/index.php?action_kouhyou_detail_004_kani=true&JigyosyoCd=1470202290-00&ServiceCd=780&Type=search" }, "geometry": { "type": "Point", "coordinates": [ 139.611377100000027, 35.475965 ] } },
{ "type": "Feature", "properties": { "内容": "デイサービスセンター　体アップⅡ【地域密着型通所介護】神奈川県横浜市神奈川区六角橋6-29-29キャセロール斎藤１階", "url2": "https://www.kaigokensaku.mhlw.go.jp/14/index.php?action_kouhyou_detail_004_kani=true&JigyosyoCd=1470202324-00&ServiceCd=780&Type=search" }, "geometry": { "type": "Point", "coordinates": [ 139.619159500000023, 35.4938407 ] } },
{ "type": "Feature", "properties": { "内容": "ikiikiケア東神奈川【地域密着型通所介護】神奈川県横浜市神奈川区広台太田町２番地４", "url2": "https://www.kaigokensaku.mhlw.go.jp/14/index.php?action_kouhyou_detail_004_kani=true&JigyosyoCd=1470202373-00&ServiceCd=780&Type=search" }, "geometry": { "type": "Point", "coordinates": [ 139.62995849999993, 35.4763289 ] } },
{ "type": "Feature", "properties": { "内容": "デイサービスセンター　リ・ボーン広台太田【地域密着型通所介護】神奈川県横浜市神奈川区広台太田町5-6コスモリード横浜反町101/102号室", "url2": "https://www.kaigokensaku.mhlw.go.jp/14/index.php?action_kouhyou_detail_004_kani=true&JigyosyoCd=1470202407-00&ServiceCd=780&Type=search" }, "geometry": { "type": "Point", "coordinates": [ 139.628389199999987, 35.4779621 ] } },
{ "type": "Feature", "properties": { "内容": "CHASECLUB【地域密着型通所介護】神奈川県横浜市神奈川区片倉2-37-5", "url2": "https://www.kaigokensaku.mhlw.go.jp/14/index.php?action_kouhyou_detail_004_kani=true&JigyosyoCd=1470202514-00&ServiceCd=780&Type=search" }, "geometry": { "type": "Point", "coordinates": [ 139.603189199999946, 35.4856528 ] } },
{ "type": "Feature", "properties": { "内容": "シニアサロンつばさ【地域密着型通所介護】神奈川県横浜市神奈川区羽沢南3-34-29", "url2": "https://www.kaigokensaku.mhlw.go.jp/14/index.php?action_kouhyou_detail_004_kani=true&JigyosyoCd=1470600816-00&ServiceCd=780&Type=search" }, "geometry": { "type": "Point", "coordinates": [ 139.5807, 35.4791311 ] } },
{ "type": "Feature", "properties": { "内容": "デイサービス　いこい家　岸根公園【地域密着型通所介護】神奈川県横浜市神奈川区六角橋6-29-11コスモ岸根公園106号室", "url2": "https://www.kaigokensaku.mhlw.go.jp/14/index.php?action_kouhyou_detail_004_kani=true&JigyosyoCd=1473202172-00&ServiceCd=780&Type=search" }, "geometry": { "type": "Point", "coordinates": [ 139.618746700000031, 35.494727 ] } },
{ "type": "Feature", "properties": { "内容": "デイサービスゆたかなビレッジ　松本町【地域密着型通所介護】神奈川県横浜市神奈川区松本町4-28-9", "url2": "https://www.kaigokensaku.mhlw.go.jp/14/index.php?action_kouhyou_detail_004_kani=true&JigyosyoCd=1490200399-00&ServiceCd=780&Type=search" }, "geometry": { "type": "Point", "coordinates": [ 139.62020513027187, 35.476880349943471 ] } },
{ "type": "Feature", "properties": { "内容": "デイサービスにじいろ　三ツ沢東【地域密着型通所介護】神奈川県横浜市神奈川区三ツ沢東町6-16", "url2": "https://www.kaigokensaku.mhlw.go.jp/14/index.php?action_kouhyou_detail_004_kani=true&JigyosyoCd=1490200407-00&ServiceCd=780&Type=search" }, "geometry": { "type": "Point", "coordinates": [ 139.611135500000046, 35.4749124 ] } },
{ "type": "Feature", "properties": { "内容": "デイサービスおひさまSUNサン　六角橋【地域密着型通所介護】神奈川県横浜市神奈川区六角橋3-19-10ナツメビル１階", "url2": "https://www.kaigokensaku.mhlw.go.jp/14/index.php?action_kouhyou_detail_004_kani=true&JigyosyoCd=1490200415-00&ServiceCd=780&Type=search" }, "geometry": { "type": "Point", "coordinates": [ 139.623007369350489, 35.485638661474844 ] } },
{ "type": "Feature", "properties": { "内容": "fureai大口店【地域密着型通所介護】神奈川県横浜市神奈川区松見町1-6-1", "url2": "https://www.kaigokensaku.mhlw.go.jp/14/index.php?action_kouhyou_detail_004_kani=true&JigyosyoCd=1490200431-00&ServiceCd=780&Type=search" }, "geometry": { "type": "Point", "coordinates": [ 139.644990499999949, 35.4950827 ] } },
{ "type": "Feature", "properties": { "内容": "デイサービスセンター　リ・ボーン片倉【地域密着型通所介護】神奈川県横浜市神奈川区片倉１－８－３CUBE横浜101", "url2": "https://www.kaigokensaku.mhlw.go.jp/14/index.php?action_kouhyou_detail_004_kani=true&JigyosyoCd=1490200464-00&ServiceCd=780&Type=search" }, "geometry": { "type": "Point", "coordinates": [ 139.602531, 35.4838752 ] } },
{ "type": "Feature", "properties": { "内容": "太陽の家神大寺【地域密着型通所介護】神奈川県横浜市神奈川区神大寺2-9南神大寺団地5号棟102号室", "url2": "https://www.kaigokensaku.mhlw.go.jp/14/index.php?action_kouhyou_detail_004_kani=true&JigyosyoCd=1490200480-00&ServiceCd=780&Type=search" }, "geometry": { "type": "Point", "coordinates": [ 139.612365899999986, 35.4850639 ] } },
{ "type": "Feature", "properties": { "内容": "だんらんの家　横浜白楽【地域密着型通所介護】神奈川県横浜市神奈川区西神奈川３－９－１４", "url2": "https://www.kaigokensaku.mhlw.go.jp/14/index.php?action_kouhyou_detail_004_kani=true&JigyosyoCd=1490200621-00&ServiceCd=780&Type=search" }, "geometry": { "type": "Point", "coordinates": [ 139.6269821, 35.4868339 ] } },
{ "type": "Feature", "properties": { "内容": "リハビリデイサービス　クララ　白楽【地域密着型通所介護】神奈川県横浜市神奈川区白幡町6-18", "url2": "https://www.kaigokensaku.mhlw.go.jp/14/index.php?action_kouhyou_detail_004_kani=true&JigyosyoCd=1490200639-00&ServiceCd=780&Type=search" }, "geometry": { "type": "Point", "coordinates": [ 139.62974157485138, 35.491786753415965 ] } },
{ "type": "Feature", "properties": { "内容": "デイサービスおひさまSUNサン松見町【地域密着型通所介護】神奈川県横浜市神奈川区松見町３－２－４Bello　Vita　M　１階B区画", "url2": "https://www.kaigokensaku.mhlw.go.jp/14/index.php?action_kouhyou_detail_004_kani=true&JigyosyoCd=1490200647-00&ServiceCd=780&Type=search" }, "geometry": { "type": "Point", "coordinates": [ 139.64235050000002, 35.500734900000019 ] } },
{ "type": "Feature", "properties": { "内容": "ミモザ横浜菅田【地域密着型通所介護】神奈川県横浜市神奈川区菅田町673ｰ1", "url2": "https://www.kaigokensaku.mhlw.go.jp/14/index.php?action_kouhyou_detail_004_kani=true&JigyosyoCd=1490200654-00&ServiceCd=780&Type=search" }, "geometry": { "type": "Point", "coordinates": [ 139.577841299999989, 35.4950897 ] } },
{ "type": "Feature", "properties": { "内容": "デイサービス　ごきげん　大口【地域密着型通所介護】神奈川県横浜市神奈川区大口仲町23-1", "url2": "https://www.kaigokensaku.mhlw.go.jp/14/index.php?action_kouhyou_detail_004_kani=true&JigyosyoCd=1490200670-00&ServiceCd=780&Type=search" }, "geometry": { "type": "Point", "coordinates": [ 139.643939339286788, 35.488609924879803 ] } },
{ "type": "Feature", "properties": { "内容": "デイサービス　オリーブ三ツ沢【地域密着型通所介護】神奈川県横浜市神奈川区三ツ沢西町4‐15", "url2": "https://www.kaigokensaku.mhlw.go.jp/14/index.php?action_kouhyou_detail_004_kani=true&JigyosyoCd=1490200688-00&ServiceCd=780&Type=search" }, "geometry": { "type": "Point", "coordinates": [ 139.6006906, 35.4726797 ] } },
{ "type": "Feature", "properties": { "内容": "アースサポート大口【地域密着型通所介護】神奈川県横浜市神奈川区松見町1-31-6茅野第一マンション1階", "url2": "https://www.kaigokensaku.mhlw.go.jp/14/index.php?action_kouhyou_detail_004_kani=true&JigyosyoCd=1490200720-00&ServiceCd=780&Type=search" }, "geometry": { "type": "Point", "coordinates": [ 139.64120410000001, 35.4964687 ] } },
{ "type": "Feature", "properties": { "内容": "リハビリデイサービス　ジール新子安【地域密着型通所介護】神奈川県横浜市神奈川区子安通1-5-1アヴァンツァーレ横浜子安101", "url2": "https://www.kaigokensaku.mhlw.go.jp/14/index.php?action_kouhyou_detail_004_kani=true&JigyosyoCd=1490200811-00&ServiceCd=780&Type=search" }, "geometry": { "type": "Point", "coordinates": [ 139.6455027, 35.4843768 ] } },
{ "type": "Feature", "properties": { "内容": "早稲田イーライフ南神大寺団地前【地域密着型通所介護】神奈川県横浜市神奈川区神大寺1-13-46神大寺メディカルスクエア1階B区画", "url2": "https://www.kaigokensaku.mhlw.go.jp/14/index.php?action_kouhyou_detail_004_kani=true&JigyosyoCd=1490200829-00&ServiceCd=780&Type=search" }, "geometry": { "type": "Point", "coordinates": [ 139.610882995214837, 35.482233980878313 ] } },
{ "type": "Feature", "properties": { "内容": "デイサービス　ひまわりの家【地域密着型通所介護】神奈川県横浜市神奈川区上反町1-11-7", "url2": "https://www.kaigokensaku.mhlw.go.jp/14/index.php?action_kouhyou_detail_004_kani=true&JigyosyoCd=1470201342-00&ServiceCd=780&Type=search" }, "geometry": { "type": "Point", "coordinates": [ 139.625164499999983, 35.4729154 ] } },
{ "type": "Feature", "properties": { "内容": "デイサービスゆたかなビレッジ【地域密着型通所介護】神奈川県横浜市神奈川区松本町２－１９－６", "url2": "https://www.kaigokensaku.mhlw.go.jp/14/index.php?action_kouhyou_detail_004_kani=true&JigyosyoCd=1470201623-00&ServiceCd=780&Type=search" }, "geometry": { "type": "Point", "coordinates": [ 139.622911899999963, 35.4756151 ] } },
{ "type": "Feature", "properties": { "内容": "彩みずきデイサービス【地域密着型通所介護】神奈川県横浜市神奈川区松本町３－２３－５クレセントＭ１階", "url2": "https://www.kaigokensaku.mhlw.go.jp/14/index.php?action_kouhyou_detail_004_kani=true&JigyosyoCd=1470202019-00&ServiceCd=780&Type=search" }, "geometry": { "type": "Point", "coordinates": [ 139.622106501852386, 35.475953245580129 ] } },
{ "type": "Feature", "properties": { "内容": "パナソニックエイジフリーケアセンター横浜片倉町・デイサービス【地域密着型通所介護】神奈川県横浜市神奈川区羽沢町1780-1パディーフィールド１Ｆ", "url2": "https://www.kaigokensaku.mhlw.go.jp/14/index.php?action_kouhyou_detail_004_kani=true&JigyosyoCd=1470202092-00&ServiceCd=780&Type=search" }, "geometry": { "type": "Point", "coordinates": [ 139.575550300000032, 35.4895575 ] } },
{ "type": "Feature", "properties": { "内容": "リハビリデイ月の光反町【地域密着型通所介護】神奈川県横浜市神奈川区松本町4-32-6", "url2": "https://www.kaigokensaku.mhlw.go.jp/14/index.php?action_kouhyou_detail_004_kani=true&JigyosyoCd=1470202621-00&ServiceCd=780&Type=search" }, "geometry": { "type": "Point", "coordinates": [ 139.619476100000043, 35.4774204 ] } },
{ "type": "Feature", "properties": { "内容": "デイサービスおひさまSUNサン【地域密着型通所介護】神奈川県横浜市神奈川区斎藤分町22番7号", "url2": "https://www.kaigokensaku.mhlw.go.jp/14/index.php?action_kouhyou_detail_004_kani=true&JigyosyoCd=1470202639-00&ServiceCd=780&Type=search" }, "geometry": { "type": "Point", "coordinates": [ 139.625973669940549, 35.484250442809234 ] } },
{ "type": "Feature", "properties": { "内容": "トータルリハセンター横浜ポートサイド【地域密着型通所介護】神奈川県横浜市神奈川区栄町16-5プレミスト横浜ポートサイド101", "url2": "https://www.kaigokensaku.mhlw.go.jp/14/index.php?action_kouhyou_detail_004_kani=true&JigyosyoCd=1470202654-00&ServiceCd=780&Type=search" }, "geometry": { "type": "Point", "coordinates": [ 139.633392841104495, 35.469286830082439 ] } },
{ "type": "Feature", "properties": { "内容": "デイサービス　にじいろ　羽沢【地域密着型通所介護】神奈川県横浜市神奈川区羽沢町1761-4", "url2": "https://www.kaigokensaku.mhlw.go.jp/14/index.php?action_kouhyou_detail_004_kani=true&JigyosyoCd=1490200530-00&ServiceCd=780&Type=search" }, "geometry": { "type": "Point", "coordinates": [ 139.596612199999981, 35.4934129 ] } },
{ "type": "Feature", "properties": { "内容": "デイサービス　ラスベガス羽沢【地域密着型通所介護】神奈川県横浜市神奈川区羽沢南３－３４－３アクアミツナオ羽沢１０２", "url2": "https://www.kaigokensaku.mhlw.go.jp/14/index.php?action_kouhyou_detail_004_kani=true&JigyosyoCd=1490200746-00&ServiceCd=780&Type=search" }, "geometry": { "type": "Point", "coordinates": [ 139.5804219, 35.479311700000018 ] } },
{ "type": "Feature", "properties": { "内容": "リハプライド・三ツ沢【地域密着型通所介護】神奈川県横浜市神奈川区三ツ沢西町7-37", "url2": "https://www.kaigokensaku.mhlw.go.jp/14/index.php?action_kouhyou_detail_004_kani=true&JigyosyoCd=1490200787-00&ServiceCd=780&Type=search" }, "geometry": { "type": "Point", "coordinates": [ 139.6022238, 35.4751093 ] } },
{ "type": "Feature", "properties": { "内容": "デイサービスセンター　リ・ボーン大口【地域密着型通所介護】神奈川県横浜市神奈川区大口通20-1パールコート1Ｆ", "url2": "https://www.kaigokensaku.mhlw.go.jp/14/index.php?action_kouhyou_detail_004_kani=true&JigyosyoCd=1470202035-00&ServiceCd=780&Type=search" }, "geometry": { "type": "Point", "coordinates": [ 139.646694511006189, 35.487004443965937 ] } },
{ "type": "Feature", "properties": { "内容": "デイサービス　にじいろ　片倉【地域密着型通所介護】神奈川県横浜市神奈川区片倉4-12-27", "url2": "https://www.kaigokensaku.mhlw.go.jp/14/index.php?action_kouhyou_detail_004_kani=true&JigyosyoCd=1470202688-00&ServiceCd=780&Type=search" }, "geometry": { "type": "Point", "coordinates": [ 139.6046751, 35.4943934 ] } },
{ "type": "Feature", "properties": { "内容": "リハビリデイサービス　ジール東神奈川【地域密着型通所介護】神奈川県横浜市神奈川区東神奈川２-48-10コートリー東神奈川1Ｆ", "url2": "https://www.kaigokensaku.mhlw.go.jp/14/index.php?action_kouhyou_detail_004_kani=true&JigyosyoCd=1490200506-00&ServiceCd=780&Type=search" }, "geometry": { "type": "Point", "coordinates": [ 139.636642533135245, 35.476356461830306 ] } },
{ "type": "Feature", "properties": { "内容": "デイサービス　にじいろ片倉2【地域密着型通所介護】神奈川県横浜市神奈川区片倉2丁目12-18", "url2": "https://www.kaigokensaku.mhlw.go.jp/14/index.php?action_kouhyou_detail_004_kani=true&JigyosyoCd=1490200548-00&ServiceCd=780&Type=search" }, "geometry": { "type": "Point", "coordinates": [ 139.601049, 35.488403 ] } },
{ "type": "Feature", "properties": { "内容": "デイサービス　心結【地域密着型通所介護】神奈川県横浜市神奈川区西寺尾１-18-7CMA西寺尾　1階", "url2": "https://www.kaigokensaku.mhlw.go.jp/14/index.php?action_kouhyou_detail_004_kani=true&JigyosyoCd=1490200753-00&ServiceCd=780&Type=search" }, "geometry": { "type": "Point", "coordinates": [ 139.6437147, 35.502037 ] } },
{ "type": "Feature", "properties": { "内容": "認知機能訓練特化型デイサービスにんリハ横浜【地域密着型通所介護】神奈川県横浜市神奈川区東神奈川１丁目11-8FHレガーレ　２F", "url2": "https://www.kaigokensaku.mhlw.go.jp/14/index.php?action_kouhyou_detail_004_kani=true&JigyosyoCd=1490200761-00&ServiceCd=780&Type=search" }, "geometry": { "type": "Point", "coordinates": [ 139.6347886, 35.4767525 ] } },
{ "type": "Feature", "properties": { "内容": "横浜市反町地域ケアプラザ【地域密着型通所介護】神奈川県横浜市神奈川区反町1-11-2", "url2": "https://www.kaigokensaku.mhlw.go.jp/14/index.php?action_kouhyou_detail_004_kani=true&JigyosyoCd=1490200886-00&ServiceCd=780&Type=search" }, "geometry": { "type": "Point", "coordinates": [ 139.627557025131239, 35.475281266225807 ] } },
{ "type": "Feature", "properties": { "内容": "CHASE　CLUBⅡ【地域密着型通所介護】神奈川県横浜市神奈川区三ッ沢下町32-30ガーデンパレス　１階", "url2": "https://www.kaigokensaku.mhlw.go.jp/14/index.php?action_kouhyou_detail_004_kani=true&JigyosyoCd=1490200563-00&ServiceCd=780&Type=search" }, "geometry": { "type": "Point", "coordinates": [ 139.615176, 35.476508 ] } },
{ "type": "Feature", "properties": { "内容": "デイサービス　グッドサイン【地域密着型通所介護】神奈川県横浜市神奈川区西町4-15", "url2": "https://www.kaigokensaku.mhlw.go.jp/14/index.php?action_kouhyou_detail_004_kani=true&JigyosyoCd=1490200894-00&ServiceCd=780&Type=search" }, "geometry": { "type": "Point", "coordinates": [ 139.4345274, 35.7132544 ] } },
{ "type": "Feature", "properties": { "内容": "フィニックスデイサービスセンター【地域密着型通所介護】神奈川県横浜市西区東久保町35-20", "url2": "https://www.kaigokensaku.mhlw.go.jp/14/index.php?action_kouhyou_detail_004_kani=true&JigyosyoCd=1410302273-00&ServiceCd=780&Type=search" }, "geometry": { "type": "Point", "coordinates": [ 139.606128399999989, 35.4473101 ] } },
{ "type": "Feature", "properties": { "内容": "パークサイド岡野デイサービスセンター【地域密着型通所介護】神奈川県横浜市西区岡野２－１５－６", "url2": "https://www.kaigokensaku.mhlw.go.jp/14/index.php?action_kouhyou_detail_004_kani=true&JigyosyoCd=1470300243-00&ServiceCd=780&Type=search" }, "geometry": { "type": "Point", "coordinates": [ 139.6125578, 35.4622695 ] } },
{ "type": "Feature", "properties": { "内容": "デイサービス　にじいろ　浅間町【地域密着型通所介護】神奈川県横浜市西区浅間町3-172-2", "url2": "https://www.kaigokensaku.mhlw.go.jp/14/index.php?action_kouhyou_detail_004_kani=true&JigyosyoCd=1470301449-00&ServiceCd=780&Type=search" }, "geometry": { "type": "Point", "coordinates": [ 139.609347100000036, 35.4610335 ] } },
{ "type": "Feature", "properties": { "内容": "レコードブック　横浜浅間町【地域密着型通所介護】神奈川県横浜市西区浅間町４－３３８－２藤和シティコープ浅間町１０３", "url2": "https://www.kaigokensaku.mhlw.go.jp/14/index.php?action_kouhyou_detail_004_kani=true&JigyosyoCd=1490300157-00&ServiceCd=780&Type=search" }, "geometry": { "type": "Point", "coordinates": [ 139.607430787696813, 35.458269026691553 ] } },
{ "type": "Feature", "properties": { "内容": "ミウラコスタ3号館【地域密着型通所介護】神奈川県横浜市西区浅間町４－３４１－１２パシフィック横浜101号", "url2": "https://www.kaigokensaku.mhlw.go.jp/14/index.php?action_kouhyou_detail_004_kani=true&JigyosyoCd=1490300165-00&ServiceCd=780&Type=search" }, "geometry": { "type": "Point", "coordinates": [ 139.60778890000006, 35.4602364 ] } },
{ "type": "Feature", "properties": { "内容": "ローレル横浜【地域密着型通所介護】神奈川県横浜市西区境之谷3-1日神パレステージ横濱107", "url2": "https://www.kaigokensaku.mhlw.go.jp/14/index.php?action_kouhyou_detail_004_kani=true&JigyosyoCd=1490300173-00&ServiceCd=780&Type=search" }, "geometry": { "type": "Point", "coordinates": [ 139.614206247221318, 35.446507901635798 ] } },
{ "type": "Feature", "properties": { "内容": "デイサービスコトコト【地域密着型通所介護】神奈川県横浜市西区浅間町1-19-31F", "url2": "https://www.kaigokensaku.mhlw.go.jp/14/index.php?action_kouhyou_detail_004_kani=true&JigyosyoCd=1490300181-00&ServiceCd=780&Type=search" }, "geometry": { "type": "Point", "coordinates": [ 139.611176426389306, 35.465188092286986 ] } },
{ "type": "Feature", "properties": { "内容": "デイサービス　あふれのデイカフェ西横浜【地域密着型通所介護】神奈川県横浜市西区南浅間町20-11安藤ビル101号室", "url2": "https://www.kaigokensaku.mhlw.go.jp/14/index.php?action_kouhyou_detail_004_kani=true&JigyosyoCd=1490300207-00&ServiceCd=780&Type=search" }, "geometry": { "type": "Point", "coordinates": [ 139.608198099999981, 35.4547856 ] } },
{ "type": "Feature", "properties": { "内容": "Lagoon【地域密着型通所介護】神奈川県横浜市西区南浅間町7-3ライオンズマンション横浜WEST1階", "url2": "https://www.kaigokensaku.mhlw.go.jp/14/index.php?action_kouhyou_detail_004_kani=true&JigyosyoCd=1490300215-00&ServiceCd=780&Type=search" }, "geometry": { "type": "Point", "coordinates": [ 139.6083343, 35.4558023 ] } },
{ "type": "Feature", "properties": { "内容": "デイサービス　いこい家　西横浜【地域密着型通所介護】神奈川県横浜市西区藤棚町2丁目178番地の7藤棚町２丁目ビル１階", "url2": "https://www.kaigokensaku.mhlw.go.jp/14/index.php?action_kouhyou_detail_004_kani=true&JigyosyoCd=1490300223-00&ServiceCd=780&Type=search" }, "geometry": { "type": "Point", "coordinates": [ 139.614267917791011, 35.449243306540154 ] } },
{ "type": "Feature", "properties": { "内容": "fureai西横浜店【地域密着型通所介護】神奈川県横浜市西区南浅間町9-7天川ビル1階", "url2": "https://www.kaigokensaku.mhlw.go.jp/14/index.php?action_kouhyou_detail_004_kani=true&JigyosyoCd=1490300249-00&ServiceCd=780&Type=search" }, "geometry": { "type": "Point", "coordinates": [ 139.608217499999967, 35.4559949 ] } },
{ "type": "Feature", "properties": { "内容": "デイサービス　南風【地域密着型通所介護】神奈川県横浜市西区南浅間町２６－１８", "url2": "https://www.kaigokensaku.mhlw.go.jp/14/index.php?action_kouhyou_detail_004_kani=true&JigyosyoCd=1470300797-00&ServiceCd=780&Type=search" }, "geometry": { "type": "Point", "coordinates": [ 139.6068725, 35.4555314 ] } },
{ "type": "Feature", "properties": { "内容": "愛・福祉デイサービス【地域密着型通所介護】神奈川県横浜市西区浅間町2-98-5小邑ビル1階", "url2": "https://www.kaigokensaku.mhlw.go.jp/14/index.php?action_kouhyou_detail_004_kani=true&JigyosyoCd=1470301480-00&ServiceCd=780&Type=search" }, "geometry": { "type": "Point", "coordinates": [ 139.609949699999987, 35.46255 ] } },
{ "type": "Feature", "properties": { "内容": "松影デイサービスセンター【地域密着型通所介護】神奈川県横浜市中区寿町2-7-3織茂ビル1階", "url2": "https://www.kaigokensaku.mhlw.go.jp/14/index.php?action_kouhyou_detail_004_kani=true&JigyosyoCd=1470400910-00&ServiceCd=780&Type=search" }, "geometry": { "type": "Point", "coordinates": [ 139.639309, 35.4397361 ] } },
{ "type": "Feature", "properties": { "内容": "デイサービス大樹【地域密着型通所介護】神奈川県横浜市中区富士見町2-4パークビル伊勢佐木１階", "url2": "https://www.kaigokensaku.mhlw.go.jp/14/index.php?action_kouhyou_detail_004_kani=true&JigyosyoCd=1470401041-00&ServiceCd=780&Type=search" }, "geometry": { "type": "Point", "coordinates": [ 139.632653900000037, 35.4399055 ] } },
{ "type": "Feature", "properties": { "内容": "きららステーション【地域密着型通所介護】神奈川県横浜市中区松影町3-10-11三都荘新館", "url2": "https://www.kaigokensaku.mhlw.go.jp/14/index.php?action_kouhyou_detail_004_kani=true&JigyosyoCd=1470401421-00&ServiceCd=780&Type=search" }, "geometry": { "type": "Point", "coordinates": [ 139.639242400000057, 35.4386279 ] } },
{ "type": "Feature", "properties": { "内容": "デイサービスじゅげむ【地域密着型通所介護】神奈川県横浜市中区本牧原１９－１ザ・レジデンス本牧横濱ベイサイド202", "url2": "https://www.kaigokensaku.mhlw.go.jp/14/index.php?action_kouhyou_detail_004_kani=true&JigyosyoCd=1470401512-00&ServiceCd=780&Type=search" }, "geometry": { "type": "Point", "coordinates": [ 139.66647660000001, 35.4247214 ] } },
{ "type": "Feature", "properties": { "内容": "サロンデイ本牧【地域密着型通所介護】神奈川県横浜市中区本牧三之谷13-1ラポール本牧101", "url2": "https://www.kaigokensaku.mhlw.go.jp/14/index.php?action_kouhyou_detail_004_kani=true&JigyosyoCd=1470402072-00&ServiceCd=780&Type=search" }, "geometry": { "type": "Point", "coordinates": [ 139.66512119999993, 35.4204804 ] } },
{ "type": "Feature", "properties": { "内容": "デイサービスあすなろ【地域密着型通所介護】神奈川県横浜市中区寿町３－１１－５第二浜松荘1F", "url2": "https://www.kaigokensaku.mhlw.go.jp/14/index.php?action_kouhyou_detail_004_kani=true&JigyosyoCd=1470402155-00&ServiceCd=780&Type=search" }, "geometry": { "type": "Point", "coordinates": [ 139.638017499999933, 35.4389611 ] } },
{ "type": "Feature", "properties": { "内容": "デイサービス　アン【地域密着型通所介護】神奈川県横浜市中区寿町3-12-8", "url2": "https://www.kaigokensaku.mhlw.go.jp/14/index.php?action_kouhyou_detail_004_kani=true&JigyosyoCd=1470402205-00&ServiceCd=780&Type=search" }, "geometry": { "type": "Point", "coordinates": [ 139.638501685879163, 35.438865911733096 ] } },
{ "type": "Feature", "properties": { "内容": "デイサービス　太陽【地域密着型通所介護】神奈川県横浜市中区山下町73-3ヴァルス山下町101", "url2": "https://www.kaigokensaku.mhlw.go.jp/14/index.php?action_kouhyou_detail_004_kani=true&JigyosyoCd=1470402338-00&ServiceCd=780&Type=search" }, "geometry": { "type": "Point", "coordinates": [ 139.644583399999988, 35.4451215 ] } },
{ "type": "Feature", "properties": { "内容": "つくしデイサービス【地域密着型通所介護】神奈川県横浜市中区長者町4-11-7長者町朝日ビル2F", "url2": "https://www.kaigokensaku.mhlw.go.jp/14/index.php?action_kouhyou_detail_004_kani=true&JigyosyoCd=1490400239-00&ServiceCd=780&Type=search" }, "geometry": { "type": "Point", "coordinates": [ 139.632928799999974, 35.4406609 ] } },
{ "type": "Feature", "properties": { "内容": "デイサービスにじいろ　本牧1【地域密着型通所介護】神奈川県横浜市中区本牧町1-138", "url2": "https://www.kaigokensaku.mhlw.go.jp/14/index.php?action_kouhyou_detail_004_kani=true&JigyosyoCd=1490400262-00&ServiceCd=780&Type=search" }, "geometry": { "type": "Point", "coordinates": [ 139.6583551, 35.4292153 ] } },
{ "type": "Feature", "properties": { "内容": "デイサービスにじいろ　本牧2【地域密着型通所介護】神奈川県横浜市中区本牧町2-579-1", "url2": "https://www.kaigokensaku.mhlw.go.jp/14/index.php?action_kouhyou_detail_004_kani=true&JigyosyoCd=1490400270-00&ServiceCd=780&Type=search" }, "geometry": { "type": "Point", "coordinates": [ 139.658069100000034, 35.4279127 ] } },
{ "type": "Feature", "properties": { "内容": "デイサービスオアシス【地域密着型通所介護】神奈川県横浜市中区寿町３－１１－1第二長生館１F", "url2": "https://www.kaigokensaku.mhlw.go.jp/14/index.php?action_kouhyou_detail_004_kani=true&JigyosyoCd=1490400361-00&ServiceCd=780&Type=search" }, "geometry": { "type": "Point", "coordinates": [ 139.638405, 35.4390558 ] } },
{ "type": "Feature", "properties": { "内容": "アルファライフサポート根岸館【地域密着型通所介護】神奈川県横浜市中区根岸町3-176-37タナカビル101", "url2": "https://www.kaigokensaku.mhlw.go.jp/14/index.php?action_kouhyou_detail_004_kani=true&JigyosyoCd=1490400379-00&ServiceCd=780&Type=search" }, "geometry": { "type": "Point", "coordinates": [ 139.6403698, 35.4176811 ] } },
{ "type": "Feature", "properties": { "内容": "だんらんの家　本牧【地域密着型通所介護】神奈川県横浜市中区本牧間門28-28", "url2": "https://www.kaigokensaku.mhlw.go.jp/14/index.php?action_kouhyou_detail_004_kani=true&JigyosyoCd=1490400486-00&ServiceCd=780&Type=search" }, "geometry": { "type": "Point", "coordinates": [ 139.656360799999987, 35.4186302 ] } },
{ "type": "Feature", "properties": { "内容": "ヒラックス本牧【地域密着型通所介護】神奈川県横浜市中区本牧三之谷２１－３荻原ビル　１階", "url2": "https://www.kaigokensaku.mhlw.go.jp/14/index.php?action_kouhyou_detail_004_kani=true&JigyosyoCd=1490400494-00&ServiceCd=780&Type=search" }, "geometry": { "type": "Point", "coordinates": [ 139.6640874, 35.4220192 ] } },
{ "type": "Feature", "properties": { "内容": "はなはな【地域密着型通所介護】神奈川県横浜市中区西之谷町９６", "url2": "https://www.kaigokensaku.mhlw.go.jp/14/index.php?action_kouhyou_detail_004_kani=true&JigyosyoCd=1470401132-00&ServiceCd=780&Type=search" }, "geometry": { "type": "Point", "coordinates": [ 139.651866700000028, 35.4281294 ] } },
{ "type": "Feature", "properties": { "内容": "fureai関内店【地域密着型通所介護】神奈川県横浜市中区長者町2-6-1ライフレビュー横濱関内スクエアⅡ101", "url2": "https://www.kaigokensaku.mhlw.go.jp/14/index.php?action_kouhyou_detail_004_kani=true&JigyosyoCd=1470401843-00&ServiceCd=780&Type=search" }, "geometry": { "type": "Point", "coordinates": [ 139.635064899999946, 35.4386556 ] } },
{ "type": "Feature", "properties": { "内容": "デイサービス仁【地域密着型通所介護】神奈川県横浜市中区寿町2-7-7神崎ビル１Ｆ", "url2": "https://www.kaigokensaku.mhlw.go.jp/14/index.php?action_kouhyou_detail_004_kani=true&JigyosyoCd=1490400304-00&ServiceCd=780&Type=search" }, "geometry": { "type": "Point", "coordinates": [ 139.639092399999981, 35.4397194 ] } },
{ "type": "Feature", "properties": { "内容": "ことぶき介護デイサービス【地域密着型通所介護】神奈川県横浜市中区寿町3-10-6長生館１階", "url2": "https://www.kaigokensaku.mhlw.go.jp/14/index.php?action_kouhyou_detail_004_kani=true&JigyosyoCd=1490400460-00&ServiceCd=780&Type=search" }, "geometry": { "type": "Point", "coordinates": [ 139.638596636394567, 35.439162580556648 ] } },
{ "type": "Feature", "properties": { "内容": "デイサービス　ぱれっと【地域密着型通所介護】神奈川県横浜市中区大和町1-5", "url2": "https://www.kaigokensaku.mhlw.go.jp/14/index.php?action_kouhyou_detail_004_kani=true&JigyosyoCd=1470401959-00&ServiceCd=780&Type=search" }, "geometry": { "type": "Point", "coordinates": [ 139.648205800000028, 35.43114 ] } },
{ "type": "Feature", "properties": { "内容": "デイサービス縁園【地域密着型通所介護】神奈川県横浜市中区本牧和田11-17パークハイム本牧101B", "url2": "https://www.kaigokensaku.mhlw.go.jp/14/index.php?action_kouhyou_detail_004_kani=true&JigyosyoCd=1470401801-00&ServiceCd=780&Type=search" }, "geometry": { "type": "Point", "coordinates": [ 139.662463099999968, 35.4222968 ] } },
{ "type": "Feature", "properties": { "内容": "デイサービス　ヤシの木陰で【地域密着型通所介護】神奈川県横浜市中区千代崎町１-１７", "url2": "https://www.kaigokensaku.mhlw.go.jp/14/index.php?action_kouhyou_detail_004_kani=true&JigyosyoCd=1490400296-00&ServiceCd=780&Type=search" }, "geometry": { "type": "Point", "coordinates": [ 139.652922275370003, 35.433330596099786 ] } },
{ "type": "Feature", "properties": { "内容": "温活ハーフデイ本牧【地域密着型通所介護】神奈川県横浜市中区本牧町2-322ドミシールヒルサイド本牧102", "url2": "https://www.kaigokensaku.mhlw.go.jp/14/index.php?action_kouhyou_detail_004_kani=true&JigyosyoCd=1470401983-00&ServiceCd=780&Type=search" }, "geometry": { "type": "Point", "coordinates": [ 139.661250852778636, 35.43108311119007 ] } },
{ "type": "Feature", "properties": { "内容": "イオンスマイル本牧SC店【地域密着型通所介護】神奈川県横浜市中区本牧原7－1イオン本牧店　6F", "url2": "https://www.kaigokensaku.mhlw.go.jp/14/index.php?action_kouhyou_detail_004_kani=true&JigyosyoCd=1490400437-00&ServiceCd=780&Type=search" }, "geometry": { "type": "Point", "coordinates": [ 139.6669728, 35.4254298 ] } },
{ "type": "Feature", "properties": { "内容": "春木舎デイサービス一休【地域密着型通所介護】神奈川県横浜市中区本牧町1-66-1池田屋ビル２F", "url2": "https://www.kaigokensaku.mhlw.go.jp/14/index.php?action_kouhyou_detail_004_kani=true&JigyosyoCd=1490400445-00&ServiceCd=780&Type=search" }, "geometry": { "type": "Point", "coordinates": [ 139.6572186, 35.4309569 ] } },
{ "type": "Feature", "properties": { "内容": "春木舎デイサービス【地域密着型通所介護】神奈川県横浜市中区本牧町1-66-1池田屋ビル1階", "url2": "https://www.kaigokensaku.mhlw.go.jp/14/index.php?action_kouhyou_detail_004_kani=true&JigyosyoCd=1490400452-00&ServiceCd=780&Type=search" }, "geometry": { "type": "Point", "coordinates": [ 139.657175684655755, 35.431018094069451 ] } },
{ "type": "Feature", "properties": { "内容": "泉の里【地域密着型通所介護】神奈川県横浜市中区本牧間門３－８", "url2": "https://www.kaigokensaku.mhlw.go.jp/14/index.php?action_kouhyou_detail_004_kani=true&JigyosyoCd=1470401140-00&ServiceCd=780&Type=search" }, "geometry": { "type": "Point", "coordinates": [ 139.660449400000061, 35.4211498 ] } },
{ "type": "Feature", "properties": { "内容": "デイサービス　もこりた　横浜山手【地域密着型通所介護】神奈川県横浜市中区本郷町2丁目56‐9", "url2": "https://www.kaigokensaku.mhlw.go.jp/14/index.php?action_kouhyou_detail_004_kani=true&JigyosyoCd=1490400502-00&ServiceCd=780&Type=search" }, "geometry": { "type": "Point", "coordinates": [ 139.656598099999968, 35.432776500000031 ] } },
{ "type": "Feature", "properties": { "内容": "リハビリデイサービス　クララ　根岸【地域密着型通所介護】神奈川県横浜市中区根岸町3-176-29フロレスタ横浜根岸1階", "url2": "https://www.kaigokensaku.mhlw.go.jp/14/index.php?action_kouhyou_detail_004_kani=true&JigyosyoCd=1490400510-00&ServiceCd=780&Type=search" }, "geometry": { "type": "Point", "coordinates": [ 139.6399389, 35.4178449 ] } },
{ "type": "Feature", "properties": { "内容": "大石デイサービス【地域密着型通所介護】神奈川県横浜市中区弥生町4-41", "url2": "https://www.kaigokensaku.mhlw.go.jp/14/index.php?action_kouhyou_detail_004_kani=true&JigyosyoCd=1490400536-00&ServiceCd=780&Type=search" }, "geometry": { "type": "Point", "coordinates": [ 139.6256852, 35.4382042 ] } },
{ "type": "Feature", "properties": { "内容": "ノーマルケア　デイサービス　百花繚乱【地域密着型通所介護】神奈川県横浜市南区通町４－９４神奈中弘明寺ビル1Ｆ", "url2": "https://www.kaigokensaku.mhlw.go.jp/14/index.php?action_kouhyou_detail_004_kani=true&JigyosyoCd=1470501972-00&ServiceCd=780&Type=search" }, "geometry": { "type": "Point", "coordinates": [ 139.602161520237701, 35.424243600000054 ] } },
{ "type": "Feature", "properties": { "内容": "デイリハセンターこころ【地域密着型通所介護】神奈川県横浜市南区東蒔田町11-1スターヒルズ・101", "url2": "https://www.kaigokensaku.mhlw.go.jp/14/index.php?action_kouhyou_detail_004_kani=true&JigyosyoCd=1490500764-00&ServiceCd=780&Type=search" }, "geometry": { "type": "Point", "coordinates": [ 139.6170128, 35.43154 ] } },
{ "type": "Feature", "properties": { "内容": "愛の郷デイサービス　中村橋【地域密着型通所介護】神奈川県横浜市南区睦町２丁目１８０－８コーポラスグランセーヌ１Ｆ", "url2": "https://www.kaigokensaku.mhlw.go.jp/14/index.php?action_kouhyou_detail_004_kani=true&JigyosyoCd=1490500772-00&ServiceCd=780&Type=search" }, "geometry": { "type": "Point", "coordinates": [ 139.618860500000011, 35.4297221 ] } },
{ "type": "Feature", "properties": { "内容": "ミモザ白寿庵横浜みなみの丘【地域密着型通所介護】神奈川県横浜市南区六ッ川三丁目26－6ミモザ白寿庵横浜みなみの丘", "url2": "https://www.kaigokensaku.mhlw.go.jp/14/index.php?action_kouhyou_detail_004_kani=true&JigyosyoCd=1490500780-00&ServiceCd=780&Type=search" }, "geometry": { "type": "Point", "coordinates": [ 139.581022100000013, 35.4336414 ] } },
{ "type": "Feature", "properties": { "内容": "デイサービスセンター　りずむ【地域密着型通所介護】神奈川県横浜市南区宮元町1-9-1クリオ吉野町弐番館201", "url2": "https://www.kaigokensaku.mhlw.go.jp/14/index.php?action_kouhyou_detail_004_kani=true&JigyosyoCd=1470500909-00&ServiceCd=780&Type=search" }, "geometry": { "type": "Point", "coordinates": [ 139.607423, 35.4320343 ] } },
{ "type": "Feature", "properties": { "内容": "リハビリデイサービスnagomi横浜弘明寺店【地域密着型通所介護】神奈川県横浜市南区永田南1-4-15NICライブハイム弘明寺1F", "url2": "https://www.kaigokensaku.mhlw.go.jp/14/index.php?action_kouhyou_detail_004_kani=true&JigyosyoCd=1470502038-00&ServiceCd=780&Type=search" }, "geometry": { "type": "Point", "coordinates": [ 139.596377100000041, 35.4285236 ] } },
{ "type": "Feature", "properties": { "内容": "サロンデイ　南太田【地域密着型通所介護】神奈川県横浜市南区南太田3-17-17", "url2": "https://www.kaigokensaku.mhlw.go.jp/14/index.php?action_kouhyou_detail_004_kani=true&JigyosyoCd=1470502137-00&ServiceCd=780&Type=search" }, "geometry": { "type": "Point", "coordinates": [ 139.604212299999972, 35.4346617 ] } },
{ "type": "Feature", "properties": { "内容": "ｆｕｒｅａｉ弘明寺店【地域密着型通所介護】神奈川県横浜市南区六ッ川１－１１Ｆ", "url2": "https://www.kaigokensaku.mhlw.go.jp/14/index.php?action_kouhyou_detail_004_kani=true&JigyosyoCd=1470502194-00&ServiceCd=780&Type=search" }, "geometry": { "type": "Point", "coordinates": [ 139.596611984655709, 35.427434015210601 ] } },
{ "type": "Feature", "properties": { "内容": "リハプライド　まいた【地域密着型通所介護】神奈川県横浜市南区榎町２－３５", "url2": "https://www.kaigokensaku.mhlw.go.jp/14/index.php?action_kouhyou_detail_004_kani=true&JigyosyoCd=1470502392-00&ServiceCd=780&Type=search" }, "geometry": { "type": "Point", "coordinates": [ 139.6135779, 35.4302179 ] } },
{ "type": "Feature", "properties": { "内容": "デイサービス　いこい家　別所【地域密着型通所介護】神奈川県横浜市南区中里4-26-17中尾ビル　1F", "url2": "https://www.kaigokensaku.mhlw.go.jp/14/index.php?action_kouhyou_detail_004_kani=true&JigyosyoCd=1470502400-00&ServiceCd=780&Type=search" }, "geometry": { "type": "Point", "coordinates": [ 139.591850540475434, 35.419221849061955 ] } },
{ "type": "Feature", "properties": { "内容": "入浴デイサービス　たんぽぽ【地域密着型通所介護】神奈川県横浜市南区日枝町5-137-1横浜南太田ホームズ104", "url2": "https://www.kaigokensaku.mhlw.go.jp/14/index.php?action_kouhyou_detail_004_kani=true&JigyosyoCd=1470502426-00&ServiceCd=780&Type=search" }, "geometry": { "type": "Point", "coordinates": [ 139.616065522090139, 35.435963241520405 ] } },
{ "type": "Feature", "properties": { "内容": "ＧＥＮＫＩ　ＮＥＸＴ横浜吉野町【地域密着型通所介護】神奈川県横浜市南区南吉田町5-42第15曙ビル　1階", "url2": "https://www.kaigokensaku.mhlw.go.jp/14/index.php?action_kouhyou_detail_004_kani=true&JigyosyoCd=1470502434-00&ServiceCd=780&Type=search" }, "geometry": { "type": "Point", "coordinates": [ 139.616525227001034, 35.436089451317834 ] } },
{ "type": "Feature", "properties": { "内容": "フィットスパ　オアシス【地域密着型通所介護】神奈川県横浜市南区榎町2-51-1", "url2": "https://www.kaigokensaku.mhlw.go.jp/14/index.php?action_kouhyou_detail_004_kani=true&JigyosyoCd=1470502525-00&ServiceCd=780&Type=search" }, "geometry": { "type": "Point", "coordinates": [ 139.613819296295134, 35.4299237110897 ] } },
{ "type": "Feature", "properties": { "内容": "香樹の里　汐音【地域密着型通所介護】神奈川県横浜市南区六ッ川４ー１１５４－８１", "url2": "https://www.kaigokensaku.mhlw.go.jp/14/index.php?action_kouhyou_detail_004_kani=true&JigyosyoCd=1470502533-00&ServiceCd=780&Type=search" }, "geometry": { "type": "Point", "coordinates": [ 139.571748699999944, 35.4236238 ] } },
{ "type": "Feature", "properties": { "内容": "デイサービスランタン【地域密着型通所介護】神奈川県横浜市南区八幡町72-18", "url2": "https://www.kaigokensaku.mhlw.go.jp/14/index.php?action_kouhyou_detail_004_kani=true&JigyosyoCd=1470502582-00&ServiceCd=780&Type=search" }, "geometry": { "type": "Point", "coordinates": [ 139.629168099999987, 35.4305318 ] } },
{ "type": "Feature", "properties": { "内容": "fureai吉野町店【地域密着型通所介護】神奈川県横浜市南区南吉田町1-12", "url2": "https://www.kaigokensaku.mhlw.go.jp/14/index.php?action_kouhyou_detail_004_kani=true&JigyosyoCd=1470502681-00&ServiceCd=780&Type=search" }, "geometry": { "type": "Point", "coordinates": [ 139.6219046, 35.4374197 ] } },
{ "type": "Feature", "properties": { "内容": "デイサービス・のんき庵【地域密着型通所介護】神奈川県横浜市南区六ツ川1-339-1アイパーク∞○（ヨコハマ）", "url2": "https://www.kaigokensaku.mhlw.go.jp/14/index.php?action_kouhyou_detail_004_kani=true&JigyosyoCd=1470701390-00&ServiceCd=780&Type=search" }, "geometry": { "type": "Point", "coordinates": [ 139.590087076721119, 35.424275068433417 ] } },
{ "type": "Feature", "properties": { "内容": "デイサービスほがらか南太田【地域密着型通所介護】神奈川県横浜市南区南太田4-38-13", "url2": "https://www.kaigokensaku.mhlw.go.jp/14/index.php?action_kouhyou_detail_004_kani=true&JigyosyoCd=1490500350-00&ServiceCd=780&Type=search" }, "geometry": { "type": "Point", "coordinates": [ 139.600665400000025, 35.4394805 ] } },
{ "type": "Feature", "properties": { "内容": "デイサービスほのか【地域密着型通所介護】神奈川県横浜市南区高根町1-1-11テクノプラザ1階", "url2": "https://www.kaigokensaku.mhlw.go.jp/14/index.php?action_kouhyou_detail_004_kani=true&JigyosyoCd=1490500368-00&ServiceCd=780&Type=search" }, "geometry": { "type": "Point", "coordinates": [ 139.627243200000066, 35.4372975 ] } },
{ "type": "Feature", "properties": { "内容": "デイサービス　にじいろ　新川町【地域密着型通所介護】神奈川県横浜市南区新川町5-32ライオンズマンション吉野町第6-108", "url2": "https://www.kaigokensaku.mhlw.go.jp/14/index.php?action_kouhyou_detail_004_kani=true&JigyosyoCd=1490500392-00&ServiceCd=780&Type=search" }, "geometry": { "type": "Point", "coordinates": [ 139.615947873541273, 35.434214600000097 ] } },
{ "type": "Feature", "properties": { "内容": "入浴デイサービスたんぽぽ六ッ川【地域密着型通所介護】神奈川県横浜市南区六ッ川3-74-22", "url2": "https://www.kaigokensaku.mhlw.go.jp/14/index.php?action_kouhyou_detail_004_kani=true&JigyosyoCd=1490500400-00&ServiceCd=780&Type=search" }, "geometry": { "type": "Point", "coordinates": [ 139.579895399999941, 35.427179 ] } },
{ "type": "Feature", "properties": { "内容": "リハビリテーション　南の樹【地域密着型通所介護】神奈川県横浜市南区南太田1-32-21JFISHIWATA1階", "url2": "https://www.kaigokensaku.mhlw.go.jp/14/index.php?action_kouhyou_detail_004_kani=true&JigyosyoCd=1490500426-00&ServiceCd=780&Type=search" }, "geometry": { "type": "Point", "coordinates": [ 139.616158, 35.43849180000003 ] } },
{ "type": "Feature", "properties": { "内容": "JOINスポーツデイ＆ケアサービス【地域密着型通所介護】神奈川県横浜市南区別所5丁目26番地19号ReNaXiAHOME　BESSHO1F", "url2": "https://www.kaigokensaku.mhlw.go.jp/14/index.php?action_kouhyou_detail_004_kani=true&JigyosyoCd=1490500491-00&ServiceCd=780&Type=search" }, "geometry": { "type": "Point", "coordinates": [ 139.581648099999938, 35.4137869 ] } },
{ "type": "Feature", "properties": { "内容": "デイサービスにじいろ中村町【地域密着型通所介護】神奈川県横浜市南区中村町2-128-2", "url2": "https://www.kaigokensaku.mhlw.go.jp/14/index.php?action_kouhyou_detail_004_kani=true&JigyosyoCd=1490500509-00&ServiceCd=780&Type=search" }, "geometry": { "type": "Point", "coordinates": [ 136.934074399999986, 34.8938187 ] } },
{ "type": "Feature", "properties": { "内容": "リタポンテ横浜南【地域密着型通所介護】神奈川県横浜市南区吉野町2-6-6KCB吉野町1F", "url2": "https://www.kaigokensaku.mhlw.go.jp/14/index.php?action_kouhyou_detail_004_kani=true&JigyosyoCd=1490500616-00&ServiceCd=780&Type=search" }, "geometry": { "type": "Point", "coordinates": [ 139.62012232701835, 35.435707239322525 ] } },
{ "type": "Feature", "properties": { "内容": "くらしの友リハプライド弘明寺【地域密着型通所介護】神奈川県横浜市南区六ッ川1-331横浜タオルビル", "url2": "https://www.kaigokensaku.mhlw.go.jp/14/index.php?action_kouhyou_detail_004_kani=true&JigyosyoCd=1490500665-00&ServiceCd=780&Type=search" }, "geometry": { "type": "Point", "coordinates": [ 139.5850208, 35.4238492 ] } },
{ "type": "Feature", "properties": { "内容": "ルネサンスリハビリセンター蒔田【地域密着型通所介護】神奈川県横浜市南区花之木町3-48-1ビエラ蒔田2F", "url2": "https://www.kaigokensaku.mhlw.go.jp/14/index.php?action_kouhyou_detail_004_kani=true&JigyosyoCd=1490500673-00&ServiceCd=780&Type=search" }, "geometry": { "type": "Point", "coordinates": [ 139.608825200000013, 35.431337 ] } },
{ "type": "Feature", "properties": { "内容": "ミモザ横浜永田みなみ台【地域密着型通所介護】神奈川県横浜市南区永田みなみ台南永田団地2-1-211", "url2": "https://www.kaigokensaku.mhlw.go.jp/14/index.php?action_kouhyou_detail_004_kani=true&JigyosyoCd=1470501345-00&ServiceCd=780&Type=search" }, "geometry": { "type": "Point", "coordinates": [ 139.58735893558196, 35.432475361691814 ] } },
{ "type": "Feature", "properties": { "内容": "デイサービス　いこい家　井土ヶ谷【地域密着型通所介護】神奈川県横浜市南区井土ヶ谷下町28-6第6住吉ビル１階", "url2": "https://www.kaigokensaku.mhlw.go.jp/14/index.php?action_kouhyou_detail_004_kani=true&JigyosyoCd=1470502277-00&ServiceCd=780&Type=search" }, "geometry": { "type": "Point", "coordinates": [ 139.60634919184875, 35.433560580857112 ] } },
{ "type": "Feature", "properties": { "内容": "リハビリストホーム横浜弘明寺【地域密着型通所介護】神奈川県横浜市南区中島町3-55-20", "url2": "https://www.kaigokensaku.mhlw.go.jp/14/index.php?action_kouhyou_detail_004_kani=true&JigyosyoCd=1470502301-00&ServiceCd=780&Type=search" }, "geometry": { "type": "Point", "coordinates": [ 139.603515199999947, 35.426635 ] } },
{ "type": "Feature", "properties": { "内容": "トータルリハセンター井土ヶ谷【地域密着型通所介護】神奈川県横浜市南区井土ヶ谷上町15-9", "url2": "https://www.kaigokensaku.mhlw.go.jp/14/index.php?action_kouhyou_detail_004_kani=true&JigyosyoCd=1470502798-00&ServiceCd=780&Type=search" }, "geometry": { "type": "Point", "coordinates": [ 139.597790900000064, 35.4311344 ] } },
{ "type": "Feature", "properties": { "内容": "デイサービスにじいろ高砂【地域密着型通所介護】神奈川県横浜市南区高砂町2-27-10コーポG101", "url2": "https://www.kaigokensaku.mhlw.go.jp/14/index.php?action_kouhyou_detail_004_kani=true&JigyosyoCd=1490500434-00&ServiceCd=780&Type=search" }, "geometry": { "type": "Point", "coordinates": [ 139.620046499999944, 35.4331953 ] } },
{ "type": "Feature", "properties": { "内容": "fureai弘明寺ブルーライン店【地域密着型通所介護】神奈川県横浜市南区通町2-39-3アレスビル1階", "url2": "https://www.kaigokensaku.mhlw.go.jp/14/index.php?action_kouhyou_detail_004_kani=true&JigyosyoCd=1490500459-00&ServiceCd=780&Type=search" }, "geometry": { "type": "Point", "coordinates": [ 139.60474279999994, 35.4270072 ] } },
{ "type": "Feature", "properties": { "内容": "デイサロン・こみゅにてぃ　六ツ川【地域密着型通所介護】神奈川県横浜市南区六ツ川2-50-47", "url2": "https://www.kaigokensaku.mhlw.go.jp/14/index.php?action_kouhyou_detail_004_kani=true&JigyosyoCd=1490500467-00&ServiceCd=780&Type=search" }, "geometry": { "type": "Point", "coordinates": [ 139.584239499999967, 35.4190635 ] } },
{ "type": "Feature", "properties": { "内容": "SeasonCafe　六ッ川【地域密着型通所介護】神奈川県横浜市南区六ッ川1-240-1コスモ弘明寺アマビーレ　102号", "url2": "https://www.kaigokensaku.mhlw.go.jp/14/index.php?action_kouhyou_detail_004_kani=true&JigyosyoCd=1490500707-00&ServiceCd=780&Type=search" }, "geometry": { "type": "Point", "coordinates": [ 139.581434800000011, 35.4209372 ] } },
{ "type": "Feature", "properties": { "内容": "デイサービスにじいろ長者町【地域密着型通所介護】神奈川県横浜市南区永楽町1-9-1ランドステージ横濱関内101", "url2": "https://www.kaigokensaku.mhlw.go.jp/14/index.php?action_kouhyou_detail_004_kani=true&JigyosyoCd=1490500731-00&ServiceCd=780&Type=search" }, "geometry": { "type": "Point", "coordinates": [ 139.632151855155939, 35.437055410565073 ] } },
{ "type": "Feature", "properties": { "内容": "華寿苑よこはまみなみ【地域密着型通所介護】神奈川県横浜市南区宿町１丁目２２ポンドワール蒔田１階", "url2": "https://www.kaigokensaku.mhlw.go.jp/14/index.php?action_kouhyou_detail_004_kani=true&JigyosyoCd=1490500749-00&ServiceCd=780&Type=search" }, "geometry": { "type": "Point", "coordinates": [ 139.612749900000011, 35.4333915 ] } },
{ "type": "Feature", "properties": { "内容": "リハプライド　彩り【地域密着型通所介護】神奈川県横浜市南区榎町1-18-2", "url2": "https://www.kaigokensaku.mhlw.go.jp/14/index.php?action_kouhyou_detail_004_kani=true&JigyosyoCd=1490500756-00&ServiceCd=780&Type=search" }, "geometry": { "type": "Point", "coordinates": [ 139.6135157, 35.430395 ] } },
{ "type": "Feature", "properties": { "内容": "一織庵別所【地域密着型通所介護】神奈川県横浜市南区別所5-2-10", "url2": "https://www.kaigokensaku.mhlw.go.jp/14/index.php?action_kouhyou_detail_004_kani=true&JigyosyoCd=1490500574-00&ServiceCd=780&Type=search" }, "geometry": { "type": "Point", "coordinates": [ 139.5873714, 35.4142314 ] } },
{ "type": "Feature", "properties": { "内容": "デイサロンLuana【地域密着型通所介護】神奈川県横浜市南区井土ヶ谷下町26-31F", "url2": "https://www.kaigokensaku.mhlw.go.jp/14/index.php?action_kouhyou_detail_004_kani=true&JigyosyoCd=1490500681-00&ServiceCd=780&Type=search" }, "geometry": { "type": "Point", "coordinates": [ 139.6073806, 35.4330322 ] } },
{ "type": "Feature", "properties": { "内容": "デイサービス　もこりた　横浜南【地域密着型通所介護】神奈川県横浜市南区前里町3丁目80", "url2": "https://www.kaigokensaku.mhlw.go.jp/14/index.php?action_kouhyou_detail_004_kani=true&JigyosyoCd=1490500798-00&ServiceCd=780&Type=search" }, "geometry": { "type": "Point", "coordinates": [ 139.6190925, 35.4389039 ] } },
{ "type": "Feature", "properties": { "内容": "優楽亭デイサービス南区白妙【地域密着型通所介護】神奈川県横浜市南区白妙町2－7－10グランパーク横浜南　1F", "url2": "https://www.kaigokensaku.mhlw.go.jp/14/index.php?action_kouhyou_detail_004_kani=true&JigyosyoCd=1490500806-00&ServiceCd=780&Type=search" }, "geometry": { "type": "Point", "coordinates": [ 139.626651, 35.4355921 ] } },
{ "type": "Feature", "properties": { "内容": "デイサービスまる【地域密着型通所介護】神奈川県横浜市保土ヶ谷区藤塚町25-7", "url2": "https://www.kaigokensaku.mhlw.go.jp/14/index.php?action_kouhyou_detail_004_kani=true&JigyosyoCd=1490600754-00&ServiceCd=780&Type=search" }, "geometry": { "type": "Point", "coordinates": [ 139.575248, 35.4513125 ] } },
{ "type": "Feature", "properties": { "内容": "デイサービス　オリーブ常盤台【地域密着型通所介護】神奈川県横浜市保土ヶ谷区常盤台41-7", "url2": "https://www.kaigokensaku.mhlw.go.jp/14/index.php?action_kouhyou_detail_004_kani=true&JigyosyoCd=1470201490-00&ServiceCd=780&Type=search" }, "geometry": { "type": "Point", "coordinates": [ 139.587587179779121, 35.469365746917795 ] } },
{ "type": "Feature", "properties": { "内容": "横浜白光会　今井の郷【地域密着型通所介護】神奈川県横浜市保土ケ谷区今井町７３３－２", "url2": "https://www.kaigokensaku.mhlw.go.jp/14/index.php?action_kouhyou_detail_004_kani=true&JigyosyoCd=1470600154-00&ServiceCd=780&Type=search" }, "geometry": { "type": "Point", "coordinates": [ 139.5515749, 35.4496644 ] } },
{ "type": "Feature", "properties": { "内容": "デイサービス　オリーブ上星川【地域密着型通所介護】神奈川県横浜市保土ヶ谷区東川島町2-1ブロッサリーバ上星川1F", "url2": "https://www.kaigokensaku.mhlw.go.jp/14/index.php?action_kouhyou_detail_004_kani=true&JigyosyoCd=1470601590-00&ServiceCd=780&Type=search" }, "geometry": { "type": "Point", "coordinates": [ 139.573209, 35.4732649 ] } },
{ "type": "Feature", "properties": { "内容": "リハビリデイサービスnagomi横浜保土ヶ谷店【地域密着型通所介護】神奈川県横浜市保土ヶ谷区鎌谷町73-2", "url2": "https://www.kaigokensaku.mhlw.go.jp/14/index.php?action_kouhyou_detail_004_kani=true&JigyosyoCd=1470601632-00&ServiceCd=780&Type=search" }, "geometry": { "type": "Point", "coordinates": [ 139.604025399999955, 35.4655468 ] } },
{ "type": "Feature", "properties": { "内容": "アシストケアクラブ保土ヶ谷【地域密着型通所介護】神奈川県横浜市保土ヶ谷区天王町1丁目12-10第１０瀬谷ビル102", "url2": "https://www.kaigokensaku.mhlw.go.jp/14/index.php?action_kouhyou_detail_004_kani=true&JigyosyoCd=1470601863-00&ServiceCd=780&Type=search" }, "geometry": { "type": "Point", "coordinates": [ 139.603696344705185, 35.457388992235323 ] } },
{ "type": "Feature", "properties": { "内容": "デイサービス　虹【地域密着型通所介護】神奈川県横浜市保土ヶ谷区今井町１２７", "url2": "https://www.kaigokensaku.mhlw.go.jp/14/index.php?action_kouhyou_detail_004_kani=true&JigyosyoCd=1470601921-00&ServiceCd=780&Type=search" }, "geometry": { "type": "Point", "coordinates": [ 139.5620963, 35.4468455 ] } },
{ "type": "Feature", "properties": { "内容": "デイサービスほがらか【地域密着型通所介護】神奈川県横浜市保土ヶ谷区東川島町１０－２４", "url2": "https://www.kaigokensaku.mhlw.go.jp/14/index.php?action_kouhyou_detail_004_kani=true&JigyosyoCd=1470602010-00&ServiceCd=780&Type=search" }, "geometry": { "type": "Point", "coordinates": [ 139.572959, 35.472865 ] } },
{ "type": "Feature", "properties": { "内容": "動ingDay天王町【地域密着型通所介護】神奈川県横浜市保土ヶ谷区天王町1-27-12G・フィールドビル1階", "url2": "https://www.kaigokensaku.mhlw.go.jp/14/index.php?action_kouhyou_detail_004_kani=true&JigyosyoCd=1470602085-00&ServiceCd=780&Type=search" }, "geometry": { "type": "Point", "coordinates": [ 139.601292599999965, 35.4571479 ] } },
{ "type": "Feature", "properties": { "内容": "デイサービス　にじいろ　峰岡【地域密着型通所介護】神奈川県横浜市保土ヶ谷区峰岡町2-303-3-1F", "url2": "https://www.kaigokensaku.mhlw.go.jp/14/index.php?action_kouhyou_detail_004_kani=true&JigyosyoCd=1470602101-00&ServiceCd=780&Type=search" }, "geometry": { "type": "Point", "coordinates": [ 139.592704499999968, 35.465824600000019 ] } },
{ "type": "Feature", "properties": { "内容": "ミウラコスタ2号館【地域密着型通所介護】神奈川県横浜市保土ヶ谷区岡沢町65-10", "url2": "https://www.kaigokensaku.mhlw.go.jp/14/index.php?action_kouhyou_detail_004_kani=true&JigyosyoCd=1470602176-00&ServiceCd=780&Type=search" }, "geometry": { "type": "Point", "coordinates": [ 139.574378700000011, 35.4502899 ] } },
{ "type": "Feature", "properties": { "内容": "デイサービス　いこい家　和田町【地域密着型通所介護】神奈川県横浜市保土ヶ谷区仏向町９２LOC'SWADAMACHI　１階", "url2": "https://www.kaigokensaku.mhlw.go.jp/14/index.php?action_kouhyou_detail_004_kani=true&JigyosyoCd=1470902808-00&ServiceCd=780&Type=search" }, "geometry": { "type": "Point", "coordinates": [ 139.5847139, 35.4640535 ] } },
{ "type": "Feature", "properties": { "内容": "デイサービス葵【地域密着型通所介護】神奈川県横浜市保土ヶ谷区上菅田町８８９－１４", "url2": "https://www.kaigokensaku.mhlw.go.jp/14/index.php?action_kouhyou_detail_004_kani=true&JigyosyoCd=1490600390-00&ServiceCd=780&Type=search" }, "geometry": { "type": "Point", "coordinates": [ 139.5641928, 35.486818391520806 ] } },
{ "type": "Feature", "properties": { "内容": "fureai和田町店【地域密着型通所介護】神奈川県横浜市保土ヶ谷区和田2-15-9青木ビル1F", "url2": "https://www.kaigokensaku.mhlw.go.jp/14/index.php?action_kouhyou_detail_004_kani=true&JigyosyoCd=1490600416-00&ServiceCd=780&Type=search" }, "geometry": { "type": "Point", "coordinates": [ 139.5856774, 35.4661106 ] } },
{ "type": "Feature", "properties": { "内容": "ミウラコスタ５号館【地域密着型通所介護】神奈川県横浜市保土ヶ谷区上管田町720", "url2": "https://www.kaigokensaku.mhlw.go.jp/14/index.php?action_kouhyou_detail_004_kani=true&JigyosyoCd=1490600556-00&ServiceCd=780&Type=search" }, "geometry": { "type": "Point", "coordinates": [ 139.5743622, 35.4502746 ] } },
{ "type": "Feature", "properties": { "内容": "デイサービス楽らく湯輝き保土ヶ谷【地域密着型通所介護】神奈川県横浜市保土ヶ谷区川島町1404くぬぎ台団地第1街区7号棟102号室", "url2": "https://www.kaigokensaku.mhlw.go.jp/14/index.php?action_kouhyou_detail_004_kani=true&JigyosyoCd=1490600572-00&ServiceCd=780&Type=search" }, "geometry": { "type": "Point", "coordinates": [ 139.5597583, 35.4703686 ] } },
{ "type": "Feature", "properties": { "内容": "デイサービスコトコト初音ケ丘【地域密着型通所介護】神奈川県横浜市保土ケ谷区初音ケ丘43-17", "url2": "https://www.kaigokensaku.mhlw.go.jp/14/index.php?action_kouhyou_detail_004_kani=true&JigyosyoCd=1490600606-00&ServiceCd=780&Type=search" }, "geometry": { "type": "Point", "coordinates": [ 139.5784654, 35.4473627 ] } },
{ "type": "Feature", "properties": { "内容": "ファイト２【地域密着型通所介護】神奈川県横浜市保土ヶ谷区川島町1498", "url2": "https://www.kaigokensaku.mhlw.go.jp/14/index.php?action_kouhyou_detail_004_kani=true&JigyosyoCd=1490600614-00&ServiceCd=780&Type=search" }, "geometry": { "type": "Point", "coordinates": [ 139.561431298811328, 35.467777097113803 ] } },
{ "type": "Feature", "properties": { "内容": "デイサービス　らふ【地域密着型通所介護】神奈川県横浜市保土ヶ谷区新桜ケ丘1－25－32", "url2": "https://www.kaigokensaku.mhlw.go.jp/14/index.php?action_kouhyou_detail_004_kani=true&JigyosyoCd=1490600622-00&ServiceCd=780&Type=search" }, "geometry": { "type": "Point", "coordinates": [ 139.5650302, 35.4512812 ] } },
{ "type": "Feature", "properties": { "内容": "横浜デイサービス新桜ヶ丘【地域密着型通所介護】神奈川県横浜市保土ヶ谷区新桜ヶ丘2-12-1", "url2": "https://www.kaigokensaku.mhlw.go.jp/14/index.php?action_kouhyou_detail_004_kani=true&JigyosyoCd=1490600630-00&ServiceCd=780&Type=search" }, "geometry": { "type": "Point", "coordinates": [ 139.567368499999986, 35.4525222 ] } },
{ "type": "Feature", "properties": { "内容": "デイサービスコトコト保土ケ谷西口【地域密着型通所介護】神奈川県横浜市保土ケ谷区岩井町25-2YTビル1F", "url2": "https://www.kaigokensaku.mhlw.go.jp/14/index.php?action_kouhyou_detail_004_kani=true&JigyosyoCd=1490600648-00&ServiceCd=780&Type=search" }, "geometry": { "type": "Point", "coordinates": [ 139.5978084926424, 35.445619177658038 ] } },
{ "type": "Feature", "properties": { "内容": "早稲田イーライフ三ツ沢公園下【地域密着型通所介護】神奈川県横浜市保土ヶ谷区岡沢町104-1スプリーム横浜101", "url2": "https://www.kaigokensaku.mhlw.go.jp/14/index.php?action_kouhyou_detail_004_kani=true&JigyosyoCd=1490600655-00&ServiceCd=780&Type=search" }, "geometry": { "type": "Point", "coordinates": [ 139.600417884655741, 35.475352339684314 ] } },
{ "type": "Feature", "properties": { "内容": "デイサービスおにぎり【地域密着型通所介護】神奈川県横浜市保土ケ谷区峰沢町143", "url2": "https://www.kaigokensaku.mhlw.go.jp/14/index.php?action_kouhyou_detail_004_kani=true&JigyosyoCd=1490600663-00&ServiceCd=780&Type=search" }, "geometry": { "type": "Point", "coordinates": [ 139.600001688488334, 35.478543992554727 ] } },
{ "type": "Feature", "properties": { "内容": "デイサービス　にじいろ　法泉【地域密着型通所介護】神奈川県横浜市保土ヶ谷区法泉1-24-4", "url2": "https://www.kaigokensaku.mhlw.go.jp/14/index.php?action_kouhyou_detail_004_kani=true&JigyosyoCd=1490600705-00&ServiceCd=780&Type=search" }, "geometry": { "type": "Point", "coordinates": [ 139.5748223, 35.447543 ] } },
{ "type": "Feature", "properties": { "内容": "ＧＥＮＫＩ　ＮＥＸＴ　横浜天王町【地域密着型通所介護】神奈川県横浜市保土ヶ谷区天王町1-26-3喜多井ビル1階", "url2": "https://www.kaigokensaku.mhlw.go.jp/14/index.php?action_kouhyou_detail_004_kani=true&JigyosyoCd=1470601756-00&ServiceCd=780&Type=search" }, "geometry": { "type": "Point", "coordinates": [ 139.6008038, 35.4569701 ] } },
{ "type": "Feature", "properties": { "内容": "せんねんデイ西谷【地域密着型通所介護】神奈川県横浜市保土ヶ谷区西谷3-12-19", "url2": "https://www.kaigokensaku.mhlw.go.jp/14/index.php?action_kouhyou_detail_004_kani=true&JigyosyoCd=1470602234-00&ServiceCd=780&Type=search" }, "geometry": { "type": "Point", "coordinates": [ 139.569708932187496, 35.477171911222982 ] } },
{ "type": "Feature", "properties": { "内容": "レコードブック保土ヶ谷【地域密着型通所介護】神奈川県横浜市保土ヶ谷区瀬戸ヶ谷町298-17インターフェイス壱番館　１階", "url2": "https://www.kaigokensaku.mhlw.go.jp/14/index.php?action_kouhyou_detail_004_kani=true&JigyosyoCd=1490600424-00&ServiceCd=780&Type=search" }, "geometry": { "type": "Point", "coordinates": [ 139.58501990000002, 35.4398804 ] } },
{ "type": "Feature", "properties": { "内容": "デイサービスにじいろ　坂本町【地域密着型通所介護】神奈川県横浜市保土ヶ谷区坂本町150-3", "url2": "https://www.kaigokensaku.mhlw.go.jp/14/index.php?action_kouhyou_detail_004_kani=true&JigyosyoCd=1490600747-00&ServiceCd=780&Type=search" }, "geometry": { "type": "Point", "coordinates": [ 139.580822500000011, 35.4655117 ] } },
{ "type": "Feature", "properties": { "内容": "デイサービス輝きライフ保土ヶ谷【地域密着型通所介護】神奈川県横浜市保土ヶ谷区和田2-15-19", "url2": "https://www.kaigokensaku.mhlw.go.jp/14/index.php?action_kouhyou_detail_004_kani=true&JigyosyoCd=1470601707-00&ServiceCd=780&Type=search" }, "geometry": { "type": "Point", "coordinates": [ 139.5848803, 35.4657245 ] } },
{ "type": "Feature", "properties": { "内容": "サロンデイリフレ和田町【地域密着型通所介護】神奈川県横浜市保土ヶ谷区和田1－18－10ＫＮＯＣＫＳ和田町1階", "url2": "https://www.kaigokensaku.mhlw.go.jp/14/index.php?action_kouhyou_detail_004_kani=true&JigyosyoCd=1470602192-00&ServiceCd=780&Type=search" }, "geometry": { "type": "Point", "coordinates": [ 139.5876968, 35.4649191 ] } },
{ "type": "Feature", "properties": { "内容": "デイサービス　奏【地域密着型通所介護】神奈川県横浜市保土ヶ谷区峰沢町35-1林ビル1F", "url2": "https://www.kaigokensaku.mhlw.go.jp/14/index.php?action_kouhyou_detail_004_kani=true&JigyosyoCd=1490600721-00&ServiceCd=780&Type=search" }, "geometry": { "type": "Point", "coordinates": [ 139.601351099999988, 35.4770594 ] } },
{ "type": "Feature", "properties": { "内容": "リハプライド・保土ケ谷【地域密着型通所介護】神奈川県横浜市保土ヶ谷区峰沢町258-3", "url2": "https://www.kaigokensaku.mhlw.go.jp/14/index.php?action_kouhyou_detail_004_kani=true&JigyosyoCd=1490600739-00&ServiceCd=780&Type=search" }, "geometry": { "type": "Point", "coordinates": [ 139.5931708, 35.4793496 ] } },
{ "type": "Feature", "properties": { "内容": "Fine【地域密着型通所介護】神奈川県横浜市保土ケ谷区上星川３－１１－７美好ビル１階", "url2": "https://www.kaigokensaku.mhlw.go.jp/14/index.php?action_kouhyou_detail_004_kani=true&JigyosyoCd=1490600762-00&ServiceCd=780&Type=search" }, "geometry": { "type": "Point", "coordinates": [ 139.577120299999962, 35.4687598 ] } },
{ "type": "Feature", "properties": { "内容": "デイサービス峰岡町【地域密着型通所介護】神奈川県横浜市保土ヶ谷区峰岡町2丁目３３２パレット１階", "url2": "https://www.kaigokensaku.mhlw.go.jp/14/index.php?action_kouhyou_detail_004_kani=true&JigyosyoCd=1490600481-00&ServiceCd=780&Type=search" }, "geometry": { "type": "Point", "coordinates": [ 139.594167968602278, 35.462571389714078 ] } },
{ "type": "Feature", "properties": { "内容": "デイサービスにじいろ狩場【地域密着型通所介護】神奈川県横浜市保土ヶ谷区保土ヶ谷町2-165", "url2": "https://www.kaigokensaku.mhlw.go.jp/14/index.php?action_kouhyou_detail_004_kani=true&JigyosyoCd=1490600788-00&ServiceCd=780&Type=search" }, "geometry": { "type": "Point", "coordinates": [ 139.584915099999989, 35.4457086 ] } },
{ "type": "Feature", "properties": { "内容": "デイサービスすまいるくらぶ【地域密着型通所介護】神奈川県横浜市磯子区久木町22-15ビューハイム・コヤナギ・磯子102", "url2": "https://www.kaigokensaku.mhlw.go.jp/14/index.php?action_kouhyou_detail_004_kani=true&JigyosyoCd=1470701234-00&ServiceCd=780&Type=search" }, "geometry": { "type": "Point", "coordinates": [ 139.6217074, 35.4131011 ] } },
{ "type": "Feature", "properties": { "内容": "デイサービス遥【地域密着型通所介護】神奈川県横浜市磯子区丸山1-5-7ヴィラデルソーレ圓山", "url2": "https://www.kaigokensaku.mhlw.go.jp/14/index.php?action_kouhyou_detail_004_kani=true&JigyosyoCd=1470701358-00&ServiceCd=780&Type=search" }, "geometry": { "type": "Point", "coordinates": [ 139.623599, 35.4241466 ] } },
{ "type": "Feature", "properties": { "内容": "デイサービス　テディの家【地域密着型通所介護】神奈川県横浜市磯子区洋光台4-6-8", "url2": "https://www.kaigokensaku.mhlw.go.jp/14/index.php?action_kouhyou_detail_004_kani=true&JigyosyoCd=1470701515-00&ServiceCd=780&Type=search" }, "geometry": { "type": "Point", "coordinates": [ 139.598335409786159, 35.378828631192675 ] } },
{ "type": "Feature", "properties": { "内容": "デイサ－ビス遥３【地域密着型通所介護】神奈川県横浜市磯子区丸山1-5-7ヴィラデルソ－レ圓山301号", "url2": "https://www.kaigokensaku.mhlw.go.jp/14/index.php?action_kouhyou_detail_004_kani=true&JigyosyoCd=1470701572-00&ServiceCd=780&Type=search" }, "geometry": { "type": "Point", "coordinates": [ 139.623599, 35.4241466 ] } },
{ "type": "Feature", "properties": { "内容": "だんらんの家　磯子【地域密着型通所介護】神奈川県横浜市磯子区森2-6-11", "url2": "https://www.kaigokensaku.mhlw.go.jp/14/index.php?action_kouhyou_detail_004_kani=true&JigyosyoCd=1470701598-00&ServiceCd=780&Type=search" }, "geometry": { "type": "Point", "coordinates": [ -81.3307317, 36.8989131 ] } },
{ "type": "Feature", "properties": { "内容": "アルファライフサポート【地域密着型通所介護】神奈川県横浜市磯子区原町7丁目29番地ニックアーバンハイム横浜根岸104", "url2": "https://www.kaigokensaku.mhlw.go.jp/14/index.php?action_kouhyou_detail_004_kani=true&JigyosyoCd=1470701622-00&ServiceCd=780&Type=search" }, "geometry": { "type": "Point", "coordinates": [ 139.627498800000012, 35.4172865 ] } },
{ "type": "Feature", "properties": { "内容": "あーぶれ磯子【地域密着型通所介護】神奈川県横浜市磯子区磯子台21-24", "url2": "https://www.kaigokensaku.mhlw.go.jp/14/index.php?action_kouhyou_detail_004_kani=true&JigyosyoCd=1470701630-00&ServiceCd=780&Type=search" }, "geometry": { "type": "Point", "coordinates": [ 139.614757370157236, 35.404839616429925 ] } },
{ "type": "Feature", "properties": { "内容": "楓の風リハビリテーション颯　磯子【地域密着型通所介護】神奈川県横浜市磯子区磯子2-28-5プライマリーナ磯子１Ｆ", "url2": "https://www.kaigokensaku.mhlw.go.jp/14/index.php?action_kouhyou_detail_004_kani=true&JigyosyoCd=1470701648-00&ServiceCd=780&Type=search" }, "geometry": { "type": "Point", "coordinates": [ 139.620551024606357, 35.407189572296431 ] } },
{ "type": "Feature", "properties": { "内容": "あし腰げんきステーション磯子【地域密着型通所介護】神奈川県横浜市磯子区森1-12-7星和磯子マンション102", "url2": "https://www.kaigokensaku.mhlw.go.jp/14/index.php?action_kouhyou_detail_004_kani=true&JigyosyoCd=1470701697-00&ServiceCd=780&Type=search" }, "geometry": { "type": "Point", "coordinates": [ 139.6156277, 35.3983696 ] } },
{ "type": "Feature", "properties": { "内容": "中原苑デイサービス【地域密着型通所介護】神奈川県横浜市磯子区中原３－６－１０", "url2": "https://www.kaigokensaku.mhlw.go.jp/14/index.php?action_kouhyou_detail_004_kani=true&JigyosyoCd=1490700265-00&ServiceCd=780&Type=search" }, "geometry": { "type": "Point", "coordinates": [ 139.612459400000034, 35.3888884 ] } },
{ "type": "Feature", "properties": { "内容": "リハプライド磯子【地域密着型通所介護】神奈川県横浜市磯子区磯子二丁目２２番１３号", "url2": "https://www.kaigokensaku.mhlw.go.jp/14/index.php?action_kouhyou_detail_004_kani=true&JigyosyoCd=1490700299-00&ServiceCd=780&Type=search" }, "geometry": { "type": "Point", "coordinates": [ 139.622115137967739, 35.411263790667206 ] } },
{ "type": "Feature", "properties": { "内容": "おけいこサロン　デイサービスゆずの里【地域密着型通所介護】神奈川県横浜市磯子区岡村1-5-21", "url2": "https://www.kaigokensaku.mhlw.go.jp/14/index.php?action_kouhyou_detail_004_kani=true&JigyosyoCd=1490700398-00&ServiceCd=780&Type=search" }, "geometry": { "type": "Point", "coordinates": [ 139.620311462912753, 35.418528632563195 ] } },
{ "type": "Feature", "properties": { "内容": "デイサービス　いこい家　根岸【地域密着型通所介護】神奈川県横浜市磯子区馬場町6番29号安藤ビル1階", "url2": "https://www.kaigokensaku.mhlw.go.jp/14/index.php?action_kouhyou_detail_004_kani=true&JigyosyoCd=1490700422-00&ServiceCd=780&Type=search" }, "geometry": { "type": "Point", "coordinates": [ 139.6269328, 35.4218544 ] } },
{ "type": "Feature", "properties": { "内容": "デイサービスにじいろ岡村【地域密着型通所介護】神奈川県横浜市磯子区岡村1-29-27", "url2": "https://www.kaigokensaku.mhlw.go.jp/14/index.php?action_kouhyou_detail_004_kani=true&JigyosyoCd=1490700430-00&ServiceCd=780&Type=search" }, "geometry": { "type": "Point", "coordinates": [ 139.617838748291405, 35.415568817269275 ] } },
{ "type": "Feature", "properties": { "内容": "ディサービス　磯子の森【地域密着型通所介護】神奈川県横浜市磯子区森5-2-20藤ビル102", "url2": "https://www.kaigokensaku.mhlw.go.jp/14/index.php?action_kouhyou_detail_004_kani=true&JigyosyoCd=1490700455-00&ServiceCd=780&Type=search" }, "geometry": { "type": "Point", "coordinates": [ 139.608913, 35.3942522 ] } },
{ "type": "Feature", "properties": { "内容": "アースサポート磯子【地域密着型通所介護】神奈川県横浜市磯子区磯子2-2-35", "url2": "https://www.kaigokensaku.mhlw.go.jp/14/index.php?action_kouhyou_detail_004_kani=true&JigyosyoCd=1490700463-00&ServiceCd=780&Type=search" }, "geometry": { "type": "Point", "coordinates": [ 139.623800499999987, 35.4123159 ] } },
{ "type": "Feature", "properties": { "内容": "デイホーム　たけとり【地域密着型通所介護】神奈川県横浜市磯子区杉田５－２１－４１", "url2": "https://www.kaigokensaku.mhlw.go.jp/14/index.php?action_kouhyou_detail_004_kani=true&JigyosyoCd=1470700566-00&ServiceCd=780&Type=search" }, "geometry": { "type": "Point", "coordinates": [ 139.622860800000012, 35.3800665 ] } },
{ "type": "Feature", "properties": { "内容": "いなほの郷【地域密着型通所介護】神奈川県横浜市磯子区洋光台5-9-31", "url2": "https://www.kaigokensaku.mhlw.go.jp/14/index.php?action_kouhyou_detail_004_kani=true&JigyosyoCd=1470701283-00&ServiceCd=780&Type=search" }, "geometry": { "type": "Point", "coordinates": [ 139.590761199999946, 35.3755077 ] } },
{ "type": "Feature", "properties": { "内容": "リハビリデイセンター悠　杉田【地域密着型通所介護】神奈川県横浜市磯子区杉田7-15-26", "url2": "https://www.kaigokensaku.mhlw.go.jp/14/index.php?action_kouhyou_detail_004_kani=true&JigyosyoCd=1470701457-00&ServiceCd=780&Type=search" }, "geometry": { "type": "Point", "coordinates": [ 139.61725320000005, 35.3747169 ] } },
{ "type": "Feature", "properties": { "内容": "大城デイサービス　ねんりん【地域密着型通所介護】神奈川県横浜市磯子区洋光台3丁目15-11", "url2": "https://www.kaigokensaku.mhlw.go.jp/14/index.php?action_kouhyou_detail_004_kani=true&JigyosyoCd=1470701770-00&ServiceCd=780&Type=search" }, "geometry": { "type": "Point", "coordinates": [ 139.596813399999974, 35.3792297 ] } },
{ "type": "Feature", "properties": { "内容": "Ｆｉｔ＆Ｂａｔｈ　グリット【地域密着型通所介護】神奈川県横浜市磯子区磯子2-20-50ドルフ安藤橋Ⅳ２Ｆ", "url2": "https://www.kaigokensaku.mhlw.go.jp/14/index.php?action_kouhyou_detail_004_kani=true&JigyosyoCd=1490700489-00&ServiceCd=780&Type=search" }, "geometry": { "type": "Point", "coordinates": [ 139.621313770500194, 35.407557960428278 ] } },
{ "type": "Feature", "properties": { "内容": "ソレイルミナーレ磯子栗木【地域密着型通所介護】神奈川県横浜市磯子区栗木2-4-3鈴木ビル1F", "url2": "https://www.kaigokensaku.mhlw.go.jp/14/index.php?action_kouhyou_detail_004_kani=true&JigyosyoCd=1490700497-00&ServiceCd=780&Type=search" }, "geometry": { "type": "Point", "coordinates": [ 139.4719416, 35.6077285 ] } },
{ "type": "Feature", "properties": { "内容": "ポノポノスタジオ【地域密着型通所介護】神奈川県横浜市磯子区栗木2-2-24グリーンビル1F", "url2": "https://www.kaigokensaku.mhlw.go.jp/14/index.php?action_kouhyou_detail_004_kani=true&JigyosyoCd=1490700521-00&ServiceCd=780&Type=search" }, "geometry": { "type": "Point", "coordinates": [ 139.609169400000013, 35.3771524 ] } },
{ "type": "Feature", "properties": { "内容": "早稲田イーライフ洋光台【地域密着型通所介護】神奈川県横浜市磯子区洋光台6-1-45", "url2": "https://www.kaigokensaku.mhlw.go.jp/14/index.php?action_kouhyou_detail_004_kani=true&JigyosyoCd=1490700349-00&ServiceCd=780&Type=search" }, "geometry": { "type": "Point", "coordinates": [ 139.597834700000021, 35.3737252 ] } },
{ "type": "Feature", "properties": { "内容": "優楽亭デイサービス磯子区中原【地域密着型通所介護】神奈川県横浜市磯子区中原1-2-3飯塚磯子ビル1F", "url2": "https://www.kaigokensaku.mhlw.go.jp/14/index.php?action_kouhyou_detail_004_kani=true&JigyosyoCd=1490700554-00&ServiceCd=780&Type=search" }, "geometry": { "type": "Point", "coordinates": [ 139.6149666, 35.3924447 ] } },
{ "type": "Feature", "properties": { "内容": "機能訓練型デイサービス　スリール笑顔　洋光台【地域密着型通所介護】神奈川県横浜市磯子区洋光台1-16-131F", "url2": "https://www.kaigokensaku.mhlw.go.jp/14/index.php?action_kouhyou_detail_004_kani=true&JigyosyoCd=1490700562-00&ServiceCd=780&Type=search" }, "geometry": { "type": "Point", "coordinates": [ 139.600642800000031, 35.385941099999989 ] } },
{ "type": "Feature", "properties": { "内容": "一織庵根岸【地域密着型通所介護】神奈川県横浜市磯子区磯子２－１９－１９プラドール１F", "url2": "https://www.kaigokensaku.mhlw.go.jp/14/index.php?action_kouhyou_detail_004_kani=true&JigyosyoCd=1490700570-00&ServiceCd=780&Type=search" }, "geometry": { "type": "Point", "coordinates": [ 139.622629677909885, 35.40767818908099 ] } },
{ "type": "Feature", "properties": { "内容": "優楽亭デイサービス磯子区洋光台【地域密着型通所介護】神奈川県横浜市磯子区洋光台1－13－38タケウチビル　1階", "url2": "https://www.kaigokensaku.mhlw.go.jp/14/index.php?action_kouhyou_detail_004_kani=true&JigyosyoCd=1490700596-00&ServiceCd=780&Type=search" }, "geometry": { "type": "Point", "coordinates": [ 139.601341100000013, 35.3862198 ] } },
{ "type": "Feature", "properties": { "内容": "横浜市根岸地域ケアプラザ【地域密着型通所介護】神奈川県横浜市磯子区馬場町1-42", "url2": "https://www.kaigokensaku.mhlw.go.jp/14/index.php?action_kouhyou_detail_004_kani=true&JigyosyoCd=1490700604-00&ServiceCd=780&Type=search" }, "geometry": { "type": "Point", "coordinates": [ 139.625770320237763, 35.42148982011706 ] } },
{ "type": "Feature", "properties": { "内容": "E-CAREデイサービス金沢文庫【地域密着型通所介護】神奈川県横浜市金沢区釜利谷南2-50-4-108", "url2": "https://www.kaigokensaku.mhlw.go.jp/14/index.php?action_kouhyou_detail_004_kani=true&JigyosyoCd=1490800602-00&ServiceCd=780&Type=search" }, "geometry": { "type": "Point", "coordinates": [ 139.602972699999981, 35.3342753 ] } },
{ "type": "Feature", "properties": { "内容": "サニーテラス　ＳＰＡリゾート　海の公園店【地域密着型通所介護】神奈川県横浜市金沢区柴町387番地10", "url2": "https://www.kaigokensaku.mhlw.go.jp/14/index.php?action_kouhyou_detail_004_kani=true&JigyosyoCd=1490800644-00&ServiceCd=780&Type=search" }, "geometry": { "type": "Point", "coordinates": [ 139.641234700000012, 35.3458098 ] } },
{ "type": "Feature", "properties": { "内容": "コナトス金沢文庫【地域密着型通所介護】神奈川県横浜市金沢区寺前1-5-30ＦＫビル金沢文庫101", "url2": "https://www.kaigokensaku.mhlw.go.jp/14/index.php?action_kouhyou_detail_004_kani=true&JigyosyoCd=1490800651-00&ServiceCd=780&Type=search" }, "geometry": { "type": "Point", "coordinates": [ 139.625267400000013, 35.3406584 ] } },
{ "type": "Feature", "properties": { "内容": "社会福祉法人　倖和会　金沢美浜ホーム【地域密着型通所介護】神奈川県横浜市金沢区釜利谷東４－１２－１特別養護老人ホーム　金沢美浜ホーム", "url2": "https://www.kaigokensaku.mhlw.go.jp/14/index.php?action_kouhyou_detail_004_kani=true&JigyosyoCd=1470800168-00&ServiceCd=780&Type=search" }, "geometry": { "type": "Point", "coordinates": [ 139.614648, 35.3514007 ] } },
{ "type": "Feature", "properties": { "内容": "デイサービスつくしんぼ【地域密着型通所介護】神奈川県横浜市金沢区柴町367-5", "url2": "https://www.kaigokensaku.mhlw.go.jp/14/index.php?action_kouhyou_detail_004_kani=true&JigyosyoCd=1470801133-00&ServiceCd=780&Type=search" }, "geometry": { "type": "Point", "coordinates": [ 139.642628800000011, 35.3436856 ] } },
{ "type": "Feature", "properties": { "内容": "宅老所　えん【地域密着型通所介護】神奈川県横浜市金沢区洲崎町１－３", "url2": "https://www.kaigokensaku.mhlw.go.jp/14/index.php?action_kouhyou_detail_004_kani=true&JigyosyoCd=1470801760-00&ServiceCd=780&Type=search" }, "geometry": { "type": "Point", "coordinates": [ 139.625971899999968, 35.3350117 ] } },
{ "type": "Feature", "properties": { "内容": "機能訓練特化型デイサービス　ほっとさぽ【地域密着型通所介護】神奈川県横浜市金沢区能見台通33-3", "url2": "https://www.kaigokensaku.mhlw.go.jp/14/index.php?action_kouhyou_detail_004_kani=true&JigyosyoCd=1470801919-00&ServiceCd=780&Type=search" }, "geometry": { "type": "Point", "coordinates": [ 139.623148768717186, 35.360772699255214 ] } },
{ "type": "Feature", "properties": { "内容": "だんらんの家　六浦【地域密着型通所介護】神奈川県横浜市金沢区大道1-17-3", "url2": "https://www.kaigokensaku.mhlw.go.jp/14/index.php?action_kouhyou_detail_004_kani=true&JigyosyoCd=1470802073-00&ServiceCd=780&Type=search" }, "geometry": { "type": "Point", "coordinates": [ 139.607234699999907, 35.3298614 ] } },
{ "type": "Feature", "properties": { "内容": "レコードブック八景島【地域密着型通所介護】神奈川県横浜市金沢区柴町367番地1金沢シーサイドタウン柴団地第4号棟1階", "url2": "https://www.kaigokensaku.mhlw.go.jp/14/index.php?action_kouhyou_detail_004_kani=true&JigyosyoCd=1490800321-00&ServiceCd=780&Type=search" }, "geometry": { "type": "Point", "coordinates": [ 139.642628800000011, 35.343785599999983 ] } },
{ "type": "Feature", "properties": { "内容": "ほほえみの里　金沢町【地域密着型通所介護】神奈川県横浜市金沢区金沢町173", "url2": "https://www.kaigokensaku.mhlw.go.jp/14/index.php?action_kouhyou_detail_004_kani=true&JigyosyoCd=1490800511-00&ServiceCd=780&Type=search" }, "geometry": { "type": "Point", "coordinates": [ 139.629454164418007, 35.34213031891057 ] } },
{ "type": "Feature", "properties": { "内容": "一織庵金沢文庫東【地域密着型通所介護】神奈川県横浜市金沢区町釜利谷東7-1-16", "url2": "https://www.kaigokensaku.mhlw.go.jp/14/index.php?action_kouhyou_detail_004_kani=true&JigyosyoCd=1490800529-00&ServiceCd=780&Type=search" }, "geometry": { "type": "Point", "coordinates": [ 139.611118960874819, 35.341372975457645 ] } },
{ "type": "Feature", "properties": { "内容": "E-CAREデイサービス【地域密着型通所介護】神奈川県横浜市金沢区釜利谷南2-33-19-１階", "url2": "https://www.kaigokensaku.mhlw.go.jp/14/index.php?action_kouhyou_detail_004_kani=true&JigyosyoCd=1490800669-00&ServiceCd=780&Type=search" }, "geometry": { "type": "Point", "coordinates": [ 139.6038763, 35.3352418 ] } },
{ "type": "Feature", "properties": { "内容": "デイサービスセンターうれしたのし【地域密着型通所介護】神奈川県横浜市金沢区六浦南4丁目16番5号鈴木ビル１階", "url2": "https://www.kaigokensaku.mhlw.go.jp/14/index.php?action_kouhyou_detail_004_kani=true&JigyosyoCd=1470801653-00&ServiceCd=780&Type=search" }, "geometry": { "type": "Point", "coordinates": [ 139.610756464418046, 35.319902168922575 ] } },
{ "type": "Feature", "properties": { "内容": "デイサービス　サニーテラス【地域密着型通所介護】神奈川県横浜市金沢区六浦南二丁目25番3号", "url2": "https://www.kaigokensaku.mhlw.go.jp/14/index.php?action_kouhyou_detail_004_kani=true&JigyosyoCd=1470802164-00&ServiceCd=780&Type=search" }, "geometry": { "type": "Point", "coordinates": [ 139.61267040000007, 35.3200043 ] } },
{ "type": "Feature", "properties": { "内容": "デイサービス　いこい家　富岡【地域密着型通所介護】神奈川県横浜市金沢区富岡東五丁目21-4", "url2": "https://www.kaigokensaku.mhlw.go.jp/14/index.php?action_kouhyou_detail_004_kani=true&JigyosyoCd=1470802172-00&ServiceCd=780&Type=search" }, "geometry": { "type": "Point", "coordinates": [ 139.6311733, 35.367305100000017 ] } },
{ "type": "Feature", "properties": { "内容": "サニーテラスSPAリゾート【地域密着型通所介護】神奈川県横浜市金沢区六浦1-11-11ユーコート金沢八景101", "url2": "https://www.kaigokensaku.mhlw.go.jp/14/index.php?action_kouhyou_detail_004_kani=true&JigyosyoCd=1490800487-00&ServiceCd=780&Type=search" }, "geometry": { "type": "Point", "coordinates": [ 139.62035579999997, 35.32630129999994 ] } },
{ "type": "Feature", "properties": { "内容": "デイサービス　うさぎの里【地域密着型通所介護】神奈川県横浜市金沢区柴町３７５－２", "url2": "https://www.kaigokensaku.mhlw.go.jp/14/index.php?action_kouhyou_detail_004_kani=true&JigyosyoCd=1470801240-00&ServiceCd=780&Type=search" }, "geometry": { "type": "Point", "coordinates": [ 139.643325900000036, 35.3457242 ] } },
{ "type": "Feature", "properties": { "内容": "寺前デイサービスセンター【地域密着型通所介護】神奈川県横浜市金沢区寺前２－５－３８", "url2": "https://www.kaigokensaku.mhlw.go.jp/14/index.php?action_kouhyou_detail_004_kani=true&JigyosyoCd=1470801596-00&ServiceCd=780&Type=search" }, "geometry": { "type": "Point", "coordinates": [ 139.630166700000018, 35.3377377 ] } },
{ "type": "Feature", "properties": { "内容": "fureai京急富岡店【地域密着型通所介護】神奈川県横浜市金沢区富岡西7-11-29", "url2": "https://www.kaigokensaku.mhlw.go.jp/14/index.php?action_kouhyou_detail_004_kani=true&JigyosyoCd=1470802222-00&ServiceCd=780&Type=search" }, "geometry": { "type": "Point", "coordinates": [ 139.626833, 35.3669905 ] } },
{ "type": "Feature", "properties": { "内容": "HI!パフォーマンズ【地域密着型通所介護】神奈川県横浜市金沢区釜利谷東3-2-10HI!ビル　1階", "url2": "https://www.kaigokensaku.mhlw.go.jp/14/index.php?action_kouhyou_detail_004_kani=true&JigyosyoCd=1470802255-00&ServiceCd=780&Type=search" }, "geometry": { "type": "Point", "coordinates": [ 139.620089099999973, 35.3436715 ] } },
{ "type": "Feature", "properties": { "内容": "ほほえみの里【地域密着型通所介護】神奈川県横浜市金沢区泥亀1-17-8メゾン小山ビル1F", "url2": "https://www.kaigokensaku.mhlw.go.jp/14/index.php?action_kouhyou_detail_004_kani=true&JigyosyoCd=1490800453-00&ServiceCd=780&Type=search" }, "geometry": { "type": "Point", "coordinates": [ 139.623583300000064, 35.3408276 ] } },
{ "type": "Feature", "properties": { "内容": "ヒラックス富岡【地域密着型通所介護】神奈川県横浜市金沢区富岡東6-30-BシーサイドコーポB-102", "url2": "https://www.kaigokensaku.mhlw.go.jp/14/index.php?action_kouhyou_detail_004_kani=true&JigyosyoCd=1490800560-00&ServiceCd=780&Type=search" }, "geometry": { "type": "Point", "coordinates": [ 139.6318202, 35.3638061 ] } },
{ "type": "Feature", "properties": { "内容": "CORET【地域密着型通所介護】神奈川県横浜市金沢区富岡東5-18-1長谷川メディカルプラザ富岡3FⅠ", "url2": "https://www.kaigokensaku.mhlw.go.jp/14/index.php?action_kouhyou_detail_004_kani=true&JigyosyoCd=1490800586-00&ServiceCd=780&Type=search" }, "geometry": { "type": "Point", "coordinates": [ 139.631323400000014, 35.3677765 ] } },
{ "type": "Feature", "properties": { "内容": "楓の風リハビリテーション颯　金沢文庫【地域密着型通所介護】神奈川県横浜市金沢区釜利谷東2-9-14エスケイワイコート1階", "url2": "https://www.kaigokensaku.mhlw.go.jp/14/index.php?action_kouhyou_detail_004_kani=true&JigyosyoCd=1490800628-00&ServiceCd=780&Type=search" }, "geometry": { "type": "Point", "coordinates": [ 139.615032500000012, 35.3447075 ] } },
{ "type": "Feature", "properties": { "内容": "パワーリハ【地域密着型通所介護】神奈川県横浜市金沢区釜利谷東2-16-32トライアンジュ文庫4F", "url2": "https://www.kaigokensaku.mhlw.go.jp/14/index.php?action_kouhyou_detail_004_kani=true&JigyosyoCd=1490800503-00&ServiceCd=780&Type=search" }, "geometry": { "type": "Point", "coordinates": [ 139.620002, 35.342778 ] } },
{ "type": "Feature", "properties": { "内容": "デイサービス雅【地域密着型通所介護】神奈川県横浜市金沢区六浦1-22-1", "url2": "https://www.kaigokensaku.mhlw.go.jp/14/index.php?action_kouhyou_detail_004_kani=true&JigyosyoCd=1490800677-00&ServiceCd=780&Type=search" }, "geometry": { "type": "Point", "coordinates": [ 139.6190344, 35.3261004 ] } },
{ "type": "Feature", "properties": { "内容": "ノーマルケア　デイサービス　春が来た【地域密着型通所介護】神奈川県横浜市港北区新吉田東1-48-36", "url2": "https://www.kaigokensaku.mhlw.go.jp/14/index.php?action_kouhyou_detail_004_kani=true&JigyosyoCd=1490900477-00&ServiceCd=780&Type=search" }, "geometry": { "type": "Point", "coordinates": [ 139.620591399999967, 35.5452516 ] } },
{ "type": "Feature", "properties": { "内容": "チアーズライフ港北【地域密着型通所介護】神奈川県横浜市港北区日吉本町4-1050号棟", "url2": "https://www.kaigokensaku.mhlw.go.jp/14/index.php?action_kouhyou_detail_004_kani=true&JigyosyoCd=1490900527-00&ServiceCd=780&Type=search" }, "geometry": { "type": "Point", "coordinates": [ 139.635079274240155, 35.545408741286472 ] } },
{ "type": "Feature", "properties": { "内容": "デイサービスやすらぎ【地域密着型通所介護】神奈川県横浜市港北区新吉田東5-21-5テーブルマウンテン101", "url2": "https://www.kaigokensaku.mhlw.go.jp/14/index.php?action_kouhyou_detail_004_kani=true&JigyosyoCd=1490900634-00&ServiceCd=780&Type=search" }, "geometry": { "type": "Point", "coordinates": [ 139.6245989, 35.5414667 ] } },
{ "type": "Feature", "properties": { "内容": "あおぞらデイサービス・下田上町【地域密着型通所介護】神奈川県横浜市港北区下田町6-14-7", "url2": "https://www.kaigokensaku.mhlw.go.jp/14/index.php?action_kouhyou_detail_004_kani=true&JigyosyoCd=1470902501-00&ServiceCd=780&Type=search" }, "geometry": { "type": "Point", "coordinates": [ 139.627815300000094, 35.5605767 ] } },
{ "type": "Feature", "properties": { "内容": "デイサービス　にじいろ　妙蓮寺別邸【地域密着型通所介護】神奈川県横浜市港北区菊名2-16-8-3", "url2": "https://www.kaigokensaku.mhlw.go.jp/14/index.php?action_kouhyou_detail_004_kani=true&JigyosyoCd=1490900840-00&ServiceCd=780&Type=search" }, "geometry": { "type": "Point", "coordinates": [ 139.6242504, 35.5262132 ] } },
{ "type": "Feature", "properties": { "内容": "ショウエイ総合リハビリステーション【地域密着型通所介護】神奈川県横浜市港北区高田東４－６－１２リバティヒル大明102", "url2": "https://www.kaigokensaku.mhlw.go.jp/14/index.php?action_kouhyou_detail_004_kani=true&JigyosyoCd=1470902162-00&ServiceCd=780&Type=search" }, "geometry": { "type": "Point", "coordinates": [ 139.623643799999968, 35.5470596 ] } },
{ "type": "Feature", "properties": { "内容": "しあわせのき【地域密着型通所介護】神奈川県横浜市港北区師岡町536-1", "url2": "https://www.kaigokensaku.mhlw.go.jp/14/index.php?action_kouhyou_detail_004_kani=true&JigyosyoCd=1470902998-00&ServiceCd=780&Type=search" }, "geometry": { "type": "Point", "coordinates": [ 139.6425845, 35.522502 ] } },
{ "type": "Feature", "properties": { "内容": "にわとこジム【地域密着型通所介護】神奈川県横浜市港北区高田東3-4-12カドヤビル101", "url2": "https://www.kaigokensaku.mhlw.go.jp/14/index.php?action_kouhyou_detail_004_kani=true&JigyosyoCd=1470903152-00&ServiceCd=780&Type=search" }, "geometry": { "type": "Point", "coordinates": [ 139.621936168699904, 35.549172080992022 ] } },
{ "type": "Feature", "properties": { "内容": "リカバリータイムズ師岡【地域密着型通所介護】神奈川県横浜市港北区師岡町824第一ネッキビル1階", "url2": "https://www.kaigokensaku.mhlw.go.jp/14/index.php?action_kouhyou_detail_004_kani=true&JigyosyoCd=1490100482-00&ServiceCd=780&Type=search" }, "geometry": { "type": "Point", "coordinates": [ 139.643623243897395, 35.526470345281183 ] } },
{ "type": "Feature", "properties": { "内容": "fureai綱島店【地域密着型通所介護】神奈川県横浜市港北区樽町1-30-14レジデンス武田1階", "url2": "https://www.kaigokensaku.mhlw.go.jp/14/index.php?action_kouhyou_detail_004_kani=true&JigyosyoCd=1490900600-00&ServiceCd=780&Type=search" }, "geometry": { "type": "Point", "coordinates": [ 139.632796399999961, 35.529667300000035 ] } },
{ "type": "Feature", "properties": { "内容": "CHASECLUB日吉【地域密着型通所介護】神奈川県横浜市港北区日吉7丁目13-17ｼｰﾀﾞﾊｲﾂB", "url2": "https://www.kaigokensaku.mhlw.go.jp/14/index.php?action_kouhyou_detail_004_kani=true&JigyosyoCd=1490900675-00&ServiceCd=780&Type=search" }, "geometry": { "type": "Point", "coordinates": [ 139.651384299999989, 35.545308 ] } },
{ "type": "Feature", "properties": { "内容": "らいおんハートリハビリデイサービス港北【地域密着型通所介護】神奈川県横浜市港北区新羽町776番地KMビル102号室", "url2": "https://www.kaigokensaku.mhlw.go.jp/14/index.php?action_kouhyou_detail_004_kani=true&JigyosyoCd=1490900691-00&ServiceCd=780&Type=search" }, "geometry": { "type": "Point", "coordinates": [ 139.610648464903392, 35.521954474656766 ] } },
{ "type": "Feature", "properties": { "内容": "デイサービス　にじいろ　妙蓮寺駅前【地域密着型通所介護】神奈川県横浜市港北区菊名2‐13‐6", "url2": "https://www.kaigokensaku.mhlw.go.jp/14/index.php?action_kouhyou_detail_004_kani=true&JigyosyoCd=1490900709-00&ServiceCd=780&Type=search" }, "geometry": { "type": "Point", "coordinates": [ 139.6337016, 35.4991758 ] } },
{ "type": "Feature", "properties": { "内容": "福祉クラブ生協Dayにっぱ【地域密着型通所介護】神奈川県横浜市港北区新羽町868きらり港北", "url2": "https://www.kaigokensaku.mhlw.go.jp/14/index.php?action_kouhyou_detail_004_kani=true&JigyosyoCd=1470902683-00&ServiceCd=780&Type=search" }, "geometry": { "type": "Point", "coordinates": [ 139.614412892482051, 35.524108032716342 ] } },
{ "type": "Feature", "properties": { "内容": "デイサービスセンター　体アップ【地域密着型通所介護】神奈川県横浜市港北区菊名6-21-34三村ビル１階101号室", "url2": "https://www.kaigokensaku.mhlw.go.jp/14/index.php?action_kouhyou_detail_004_kani=true&JigyosyoCd=1470902774-00&ServiceCd=780&Type=search" }, "geometry": { "type": "Point", "coordinates": [ 139.631701658244765, 35.515073271909955 ] } },
{ "type": "Feature", "properties": { "内容": "デイサービスのほほん家大倉山【地域密着型通所介護】神奈川県横浜市港北区師岡町926-1グラッデ大倉山1階", "url2": "https://www.kaigokensaku.mhlw.go.jp/14/index.php?action_kouhyou_detail_004_kani=true&JigyosyoCd=1470903194-00&ServiceCd=780&Type=search" }, "geometry": { "type": "Point", "coordinates": [ 139.641490100000027, 35.5248573 ] } },
{ "type": "Feature", "properties": { "内容": "リハプライド綱島東【地域密着型通所介護】神奈川県横浜市港北区綱島東三丁目5-2", "url2": "https://www.kaigokensaku.mhlw.go.jp/14/index.php?action_kouhyou_detail_004_kani=true&JigyosyoCd=1470903244-00&ServiceCd=780&Type=search" }, "geometry": { "type": "Point", "coordinates": [ 139.641950700000052, 35.5399248 ] } },
{ "type": "Feature", "properties": { "内容": "デイサービスチャオ高田店【地域密着型通所介護】神奈川県横浜市港北区高田東1-41-23", "url2": "https://www.kaigokensaku.mhlw.go.jp/14/index.php?action_kouhyou_detail_004_kani=true&JigyosyoCd=1470903301-00&ServiceCd=780&Type=search" }, "geometry": { "type": "Point", "coordinates": [ 139.625735299999974, 35.5482983 ] } },
{ "type": "Feature", "properties": { "内容": "デイサービス　かのん【地域密着型通所介護】神奈川県横浜市港北区綱島東3-5-20グレース青山１階", "url2": "https://www.kaigokensaku.mhlw.go.jp/14/index.php?action_kouhyou_detail_004_kani=true&JigyosyoCd=1490900543-00&ServiceCd=780&Type=search" }, "geometry": { "type": "Point", "coordinates": [ 139.643189500000062, 35.5394971 ] } },
{ "type": "Feature", "properties": { "内容": "アースサポート綱島【地域密着型通所介護】神奈川県横浜市港北区綱島東5丁目8番29号イーストハウス102", "url2": "https://www.kaigokensaku.mhlw.go.jp/14/index.php?action_kouhyou_detail_004_kani=true&JigyosyoCd=1490900568-00&ServiceCd=780&Type=search" }, "geometry": { "type": "Point", "coordinates": [ 139.650058299999955, 35.5402637 ] } },
{ "type": "Feature", "properties": { "内容": "デイサービスのほほん家クックマイル【地域密着型通所介護】神奈川県横浜市港北区師岡町937-1-2", "url2": "https://www.kaigokensaku.mhlw.go.jp/14/index.php?action_kouhyou_detail_004_kani=true&JigyosyoCd=1490900576-00&ServiceCd=780&Type=search" }, "geometry": { "type": "Point", "coordinates": [ 139.6408318, 35.5254239 ] } },
{ "type": "Feature", "properties": { "内容": "リカバリーチョイス【地域密着型通所介護】神奈川県横浜市港北区師岡町700番地トレッサ横浜南棟３階　A312-5", "url2": "https://www.kaigokensaku.mhlw.go.jp/14/index.php?action_kouhyou_detail_004_kani=true&JigyosyoCd=1490900766-00&ServiceCd=780&Type=search" }, "geometry": { "type": "Point", "coordinates": [ 139.646346801991257, 35.524377078174886 ] } },
{ "type": "Feature", "properties": { "内容": "レコードブック新横浜駅前【地域密着型通所介護】神奈川県横浜市港北区新横浜1-3-10新横浜I.Oビル1階", "url2": "https://www.kaigokensaku.mhlw.go.jp/14/index.php?action_kouhyou_detail_004_kani=true&JigyosyoCd=1490900790-00&ServiceCd=780&Type=search" }, "geometry": { "type": "Point", "coordinates": [ 139.611880899999989, 35.5031195 ] } },
{ "type": "Feature", "properties": { "内容": "デイサービス　ごきげん【地域密着型通所介護】神奈川県横浜市港北区大豆戸町８７－１", "url2": "https://www.kaigokensaku.mhlw.go.jp/14/index.php?action_kouhyou_detail_004_kani=true&JigyosyoCd=1470903293-00&ServiceCd=780&Type=search" }, "geometry": { "type": "Point", "coordinates": [ 139.633357700000033, 35.5182495 ] } },
{ "type": "Feature", "properties": { "内容": "スマイル新横浜【地域密着型通所介護】神奈川県横浜市港北区北新横浜2-5-23", "url2": "https://www.kaigokensaku.mhlw.go.jp/14/index.php?action_kouhyou_detail_004_kani=true&JigyosyoCd=1490900550-00&ServiceCd=780&Type=search" }, "geometry": { "type": "Point", "coordinates": [ 139.616217799999959, 35.5158245 ] } },
{ "type": "Feature", "properties": { "内容": "レコードブック新横浜【地域密着型通所介護】神奈川県横浜市港北区北新横浜1-2-3", "url2": "https://www.kaigokensaku.mhlw.go.jp/14/index.php?action_kouhyou_detail_004_kani=true&JigyosyoCd=1490900782-00&ServiceCd=780&Type=search" }, "geometry": { "type": "Point", "coordinates": [ 139.6133613, 35.5190015 ] } },
{ "type": "Feature", "properties": { "内容": "社会福祉法人横浜共生会　横浜市樽町地域ケアプラザ【地域密着型通所介護】神奈川県横浜市港北区樽町一丁目22番46号", "url2": "https://www.kaigokensaku.mhlw.go.jp/14/index.php?action_kouhyou_detail_004_kani=true&JigyosyoCd=1490900873-00&ServiceCd=780&Type=search" }, "geometry": { "type": "Point", "coordinates": [ 139.6356082, 35.5295667 ] } },
{ "type": "Feature", "properties": { "内容": "デイサービス　ごきげん　日吉【地域密着型通所介護】神奈川県横浜市港北区日吉本町4-16-24パリサンドロ101", "url2": "https://www.kaigokensaku.mhlw.go.jp/14/index.php?action_kouhyou_detail_004_kani=true&JigyosyoCd=1490900881-00&ServiceCd=780&Type=search" }, "geometry": { "type": "Point", "coordinates": [ 139.632291, 35.546451 ] } },
{ "type": "Feature", "properties": { "内容": "デイサービスHIRO【地域密着型通所介護】神奈川県横浜市戸塚区平戸5-5-12", "url2": "https://www.kaigokensaku.mhlw.go.jp/14/index.php?action_kouhyou_detail_004_kani=true&JigyosyoCd=1491000582-00&ServiceCd=780&Type=search" }, "geometry": { "type": "Point", "coordinates": [ 139.56821, 35.4278287 ] } },
{ "type": "Feature", "properties": { "内容": "歩行訓練特化型デイサービス　はま散歩戸塚【地域密着型通所介護】神奈川県横浜市戸塚区戸塚町3863ヒルシュガッセ101号", "url2": "https://www.kaigokensaku.mhlw.go.jp/14/index.php?action_kouhyou_detail_004_kani=true&JigyosyoCd=1491000947-00&ServiceCd=780&Type=search" }, "geometry": { "type": "Point", "coordinates": [ 139.528568299999989, 35.3929905 ] } },
{ "type": "Feature", "properties": { "内容": "ﾃﾞｲｻｰﾋﾞｽあふれのﾃﾞｲｶﾌｪ戸塚町【地域密着型通所介護】神奈川県横浜市戸塚区戸塚町2751-18", "url2": "https://www.kaigokensaku.mhlw.go.jp/14/index.php?action_kouhyou_detail_004_kani=true&JigyosyoCd=1491000954-00&ServiceCd=780&Type=search" }, "geometry": { "type": "Point", "coordinates": [ 139.5271506, 35.3864713 ] } },
{ "type": "Feature", "properties": { "内容": "デイサービススマイル東旭【地域密着型通所介護】神奈川県横浜市戸塚区上柏尾町500－7一軒家", "url2": "https://www.kaigokensaku.mhlw.go.jp/14/index.php?action_kouhyou_detail_004_kani=true&JigyosyoCd=1491000921-00&ServiceCd=780&Type=search" }, "geometry": { "type": "Point", "coordinates": [ 139.555054235092769, 35.420656473178404 ] } },
{ "type": "Feature", "properties": { "内容": "デイサービスにじいろ下倉田【地域密着型通所介護】神奈川県横浜市戸塚区下倉田町250-17カルム・ドゥ戸塚101", "url2": "https://www.kaigokensaku.mhlw.go.jp/14/index.php?action_kouhyou_detail_004_kani=true&JigyosyoCd=1491000970-00&ServiceCd=780&Type=search" }, "geometry": { "type": "Point", "coordinates": [ 139.5369966, 35.3872984 ] } },
{ "type": "Feature", "properties": { "内容": "デイサービスあはば【地域密着型通所介護】神奈川県横浜市戸塚区平戸町401番地90", "url2": "https://www.kaigokensaku.mhlw.go.jp/14/index.php?action_kouhyou_detail_004_kani=true&JigyosyoCd=1491000988-00&ServiceCd=780&Type=search" }, "geometry": { "type": "Point", "coordinates": [ 139.564298799999989, 35.4193071 ] } },
{ "type": "Feature", "properties": { "内容": "リハビリフィットネス　ゆずりは　東戸塚【地域密着型通所介護】神奈川県横浜市戸塚区前田町516-4オーバルイワマビル1階", "url2": "https://www.kaigokensaku.mhlw.go.jp/14/index.php?action_kouhyou_detail_004_kani=true&JigyosyoCd=1491000996-00&ServiceCd=780&Type=search" }, "geometry": { "type": "Point", "coordinates": [ 139.547352499999988, 35.4270876 ] } },
{ "type": "Feature", "properties": { "内容": "あすなろデイサービス【地域密着型通所介護】神奈川県横浜市戸塚区柏尾町963-1", "url2": "https://www.kaigokensaku.mhlw.go.jp/14/index.php?action_kouhyou_detail_004_kani=true&JigyosyoCd=1471001196-00&ServiceCd=780&Type=search" }, "geometry": { "type": "Point", "coordinates": [ 139.543787100000031, 35.4151384 ] } },
{ "type": "Feature", "properties": { "内容": "デイサロン花りん【地域密着型通所介護】神奈川県横浜市戸塚区上柏尾町244番地", "url2": "https://www.kaigokensaku.mhlw.go.jp/14/index.php?action_kouhyou_detail_004_kani=true&JigyosyoCd=1471001410-00&ServiceCd=780&Type=search" }, "geometry": { "type": "Point", "coordinates": [ 139.5523197, 35.4199851 ] } },
{ "type": "Feature", "properties": { "内容": "宗教法人　善了寺　還る家ともに【地域密着型通所介護】神奈川県横浜市戸塚区矢部町１２５", "url2": "https://www.kaigokensaku.mhlw.go.jp/14/index.php?action_kouhyou_detail_004_kani=true&JigyosyoCd=1471001428-00&ServiceCd=780&Type=search" }, "geometry": { "type": "Point", "coordinates": [ 139.53627511534421, 35.404079159475515 ] } },
{ "type": "Feature", "properties": { "内容": "ヒルズまいおか【地域密着型通所介護】神奈川県横浜市戸塚区舞岡町３３３８－７", "url2": "https://www.kaigokensaku.mhlw.go.jp/14/index.php?action_kouhyou_detail_004_kani=true&JigyosyoCd=1471001824-00&ServiceCd=780&Type=search" }, "geometry": { "type": "Point", "coordinates": [ 139.555133699999942, 35.4085174 ] } },
{ "type": "Feature", "properties": { "内容": "デイサービスファミリー「つる」【地域密着型通所介護】神奈川県横浜市戸塚区汲沢3-36-14", "url2": "https://www.kaigokensaku.mhlw.go.jp/14/index.php?action_kouhyou_detail_004_kani=true&JigyosyoCd=1471002103-00&ServiceCd=780&Type=search" }, "geometry": { "type": "Point", "coordinates": [ 139.513075500000014, 35.393677 ] } },
{ "type": "Feature", "properties": { "内容": "オセアンメイフェア戸塚【地域密着型通所介護】神奈川県横浜市戸塚区戸塚町3721-3オセアン新沢ビル102", "url2": "https://www.kaigokensaku.mhlw.go.jp/14/index.php?action_kouhyou_detail_004_kani=true&JigyosyoCd=1471002343-00&ServiceCd=780&Type=search" }, "geometry": { "type": "Point", "coordinates": [ 139.529424149409124, 35.395302533009577 ] } },
{ "type": "Feature", "properties": { "内容": "サロンデイ上矢部【地域密着型通所介護】神奈川県横浜市戸塚区上矢部町1673葉山ビル101", "url2": "https://www.kaigokensaku.mhlw.go.jp/14/index.php?action_kouhyou_detail_004_kani=true&JigyosyoCd=1471002426-00&ServiceCd=780&Type=search" }, "geometry": { "type": "Point", "coordinates": [ 139.53374610000003, 35.4219373 ] } },
{ "type": "Feature", "properties": { "内容": "スマイル戸塚【地域密着型通所介護】神奈川県横浜市戸塚区戸塚町475-35", "url2": "https://www.kaigokensaku.mhlw.go.jp/14/index.php?action_kouhyou_detail_004_kani=true&JigyosyoCd=1471002533-00&ServiceCd=780&Type=search" }, "geometry": { "type": "Point", "coordinates": [ 139.528173441541412, 35.38946347312028 ] } },
{ "type": "Feature", "properties": { "内容": "リハビリデイサービスnagomi横浜戸塚店【地域密着型通所介護】神奈川県横浜市戸塚区戸塚町3589-3プリメベール1F", "url2": "https://www.kaigokensaku.mhlw.go.jp/14/index.php?action_kouhyou_detail_004_kani=true&JigyosyoCd=1471002798-00&ServiceCd=780&Type=search" }, "geometry": { "type": "Point", "coordinates": [ 139.526335600000039, 35.3959573 ] } },
{ "type": "Feature", "properties": { "内容": "ウルトラ　プチハウス　ヴィンテージ　スペシャル　プラス【地域密着型通所介護】神奈川県横浜市戸塚区上矢部町１４３６－１", "url2": "https://www.kaigokensaku.mhlw.go.jp/14/index.php?action_kouhyou_detail_004_kani=true&JigyosyoCd=1471002863-00&ServiceCd=780&Type=search" }, "geometry": { "type": "Point", "coordinates": [ 139.529240800000025, 35.4256007 ] } },
{ "type": "Feature", "properties": { "内容": "特別養護老人ホーム　けいあいの郷　影取【地域密着型通所介護】神奈川県横浜市戸塚区影取町85-1", "url2": "https://www.kaigokensaku.mhlw.go.jp/14/index.php?action_kouhyou_detail_004_kani=true&JigyosyoCd=1471002905-00&ServiceCd=780&Type=search" }, "geometry": { "type": "Point", "coordinates": [ 139.497008977770946, 35.363205453549504 ] } },
{ "type": "Feature", "properties": { "内容": "ゆあーずデイサービス【地域密着型通所介護】神奈川県横浜市戸塚区名瀬町187", "url2": "https://www.kaigokensaku.mhlw.go.jp/14/index.php?action_kouhyou_detail_004_kani=true&JigyosyoCd=1471002947-00&ServiceCd=780&Type=search" }, "geometry": { "type": "Point", "coordinates": [ 139.53924840000002, 35.420907 ] } },
{ "type": "Feature", "properties": { "内容": "デイサービスひなた【地域密着型通所介護】神奈川県横浜市戸塚区平戸1－3－11", "url2": "https://www.kaigokensaku.mhlw.go.jp/14/index.php?action_kouhyou_detail_004_kani=true&JigyosyoCd=1471002988-00&ServiceCd=780&Type=search" }, "geometry": { "type": "Point", "coordinates": [ 139.5740485, 35.428812 ] } },
{ "type": "Feature", "properties": { "内容": "fureai戸塚店【地域密着型通所介護】神奈川県横浜市戸塚区戸塚町３９７４－１インテリアゆかわビル１０２", "url2": "https://www.kaigokensaku.mhlw.go.jp/14/index.php?action_kouhyou_detail_004_kani=true&JigyosyoCd=1491000566-00&ServiceCd=780&Type=search" }, "geometry": { "type": "Point", "coordinates": [ 139.530940900000019, 35.397821 ] } },
{ "type": "Feature", "properties": { "内容": "fureai戸塚下倉田店【地域密着型通所介護】神奈川県横浜市戸塚区下倉田町664-3", "url2": "https://www.kaigokensaku.mhlw.go.jp/14/index.php?action_kouhyou_detail_004_kani=true&JigyosyoCd=1491000756-00&ServiceCd=780&Type=search" }, "geometry": { "type": "Point", "coordinates": [ 139.5364719, 35.3846625 ] } },
{ "type": "Feature", "properties": { "内容": "リハビリ型デイサービスプラス下倉田店【地域密着型通所介護】神奈川県横浜市戸塚区下倉田町1141", "url2": "https://www.kaigokensaku.mhlw.go.jp/14/index.php?action_kouhyou_detail_004_kani=true&JigyosyoCd=1491000798-00&ServiceCd=780&Type=search" }, "geometry": { "type": "Point", "coordinates": [ 139.5417429, 35.3854022 ] } },
{ "type": "Feature", "properties": { "内容": "デイサービス　いこい家　戸塚【地域密着型通所介護】神奈川県横浜市戸塚区下倉田町390-1メゾン島村1階", "url2": "https://www.kaigokensaku.mhlw.go.jp/14/index.php?action_kouhyou_detail_004_kani=true&JigyosyoCd=1491000806-00&ServiceCd=780&Type=search" }, "geometry": { "type": "Point", "coordinates": [ 139.536062300000026, 35.3881594 ] } },
{ "type": "Feature", "properties": { "内容": "一織庵　みなみとつか【地域密着型通所介護】神奈川県横浜市戸塚区戸塚町2060-1アンソレイエ", "url2": "https://www.kaigokensaku.mhlw.go.jp/14/index.php?action_kouhyou_detail_004_kani=true&JigyosyoCd=1491000822-00&ServiceCd=780&Type=search" }, "geometry": { "type": "Point", "coordinates": [ 139.519290766270444, 35.386107826560554 ] } },
{ "type": "Feature", "properties": { "内容": "デイサービスなごみ【地域密着型通所介護】神奈川県横浜市戸塚区原宿3-43-6", "url2": "https://www.kaigokensaku.mhlw.go.jp/14/index.php?action_kouhyou_detail_004_kani=true&JigyosyoCd=1471002624-00&ServiceCd=780&Type=search" }, "geometry": { "type": "Point", "coordinates": [ 139.507662100000061, 35.3825064 ] } },
{ "type": "Feature", "properties": { "内容": "ケアセンターメヌエットとりがおか【地域密着型通所介護】神奈川県横浜市戸塚区鳥が丘５６－１", "url2": "https://www.kaigokensaku.mhlw.go.jp/14/index.php?action_kouhyou_detail_004_kani=true&JigyosyoCd=1471001683-00&ServiceCd=780&Type=search" }, "geometry": { "type": "Point", "coordinates": [ 139.5237469, 35.4106997 ] } },
{ "type": "Feature", "properties": { "内容": "fureai東戸塚店【地域密着型通所介護】神奈川県横浜市戸塚区前田町501-12鈴木ビル１F", "url2": "https://www.kaigokensaku.mhlw.go.jp/14/index.php?action_kouhyou_detail_004_kani=true&JigyosyoCd=1491000871-00&ServiceCd=780&Type=search" }, "geometry": { "type": "Point", "coordinates": [ 139.555364, 35.426041100000035 ] } },
{ "type": "Feature", "properties": { "内容": "マナーハウス元氣村デイサービスセンター【地域密着型通所介護】神奈川県横浜市戸塚区上倉田町413", "url2": "https://www.kaigokensaku.mhlw.go.jp/14/index.php?action_kouhyou_detail_004_kani=true&JigyosyoCd=1491000897-00&ServiceCd=780&Type=search" }, "geometry": { "type": "Point", "coordinates": [ 139.535272, 35.396422 ] } },
{ "type": "Feature", "properties": { "内容": "南舞岡デイサービスほほえみ【地域密着型通所介護】神奈川県横浜市戸塚区南舞岡4-22-4", "url2": "https://www.kaigokensaku.mhlw.go.jp/14/index.php?action_kouhyou_detail_004_kani=true&JigyosyoCd=1491000913-00&ServiceCd=780&Type=search" }, "geometry": { "type": "Point", "coordinates": [ 139.554433499999988, 35.3921394 ] } },
{ "type": "Feature", "properties": { "内容": "デイサービス　いこい家　平戸【地域密着型通所介護】神奈川県横浜市戸塚区平戸三丁目9番5号", "url2": "https://www.kaigokensaku.mhlw.go.jp/14/index.php?action_kouhyou_detail_004_kani=true&JigyosyoCd=1471002657-00&ServiceCd=780&Type=search" }, "geometry": { "type": "Point", "coordinates": [ 139.571618100000023, 35.432917 ] } },
{ "type": "Feature", "properties": { "内容": "樹楽　戸塚【地域密着型通所介護】神奈川県横浜市戸塚区戸塚町4424-36", "url2": "https://www.kaigokensaku.mhlw.go.jp/14/index.php?action_kouhyou_detail_004_kani=true&JigyosyoCd=1491000749-00&ServiceCd=780&Type=search" }, "geometry": { "type": "Point", "coordinates": [ 139.5233043, 35.3979025 ] } },
{ "type": "Feature", "properties": { "内容": "歩行訓練特化型デイサービスAru-kuとつか【地域密着型通所介護】神奈川県横浜市戸塚区戸塚町3021-1Sビルコーポ1F", "url2": "https://www.kaigokensaku.mhlw.go.jp/14/index.php?action_kouhyou_detail_004_kani=true&JigyosyoCd=1491001010-00&ServiceCd=780&Type=search" }, "geometry": { "type": "Point", "coordinates": [ 139.524922, 35.3925627 ] } },
{ "type": "Feature", "properties": { "内容": "リハビリデイサービス　クララ　戸塚【地域密着型通所介護】神奈川県横浜市戸塚区戸塚町3041", "url2": "https://www.kaigokensaku.mhlw.go.jp/14/index.php?action_kouhyou_detail_004_kani=true&JigyosyoCd=1491001028-00&ServiceCd=780&Type=search" }, "geometry": { "type": "Point", "coordinates": [ 139.525497800000011, 35.3925243 ] } },
{ "type": "Feature", "properties": { "内容": "ソレイルミナーレ原宿ふかや【地域密着型通所介護】神奈川県横浜市戸塚区深谷町210", "url2": "https://www.kaigokensaku.mhlw.go.jp/14/index.php?action_kouhyou_detail_004_kani=true&JigyosyoCd=1491001036-00&ServiceCd=780&Type=search" }, "geometry": { "type": "Point", "coordinates": [ 139.5013894, 35.3821824 ] } },
{ "type": "Feature", "properties": { "内容": "樹楽団らんの家上大岡【地域密着型通所介護】神奈川県横浜市港南区港南2-29-5", "url2": "https://www.kaigokensaku.mhlw.go.jp/14/index.php?action_kouhyou_detail_004_kani=true&JigyosyoCd=1493100398-00&ServiceCd=780&Type=search" }, "geometry": { "type": "Point", "coordinates": [ 139.582632725165894, 35.404896677521513 ] } },
{ "type": "Feature", "properties": { "内容": "デイサービスかけはし東永谷【地域密着型通所介護】神奈川県横浜市港南区東永谷3丁目62-2", "url2": "https://www.kaigokensaku.mhlw.go.jp/14/index.php?action_kouhyou_detail_004_kani=true&JigyosyoCd=1473102299-00&ServiceCd=780&Type=search" }, "geometry": { "type": "Point", "coordinates": [ 139.574148700000023, 35.4123337 ] } },
{ "type": "Feature", "properties": { "内容": "ポラリスデイサービスセンター横浜港南台【地域密着型通所介護】神奈川県横浜市港南区日野南2丁目20-36ラスター港南1階", "url2": "https://www.kaigokensaku.mhlw.go.jp/14/index.php?action_kouhyou_detail_004_kani=true&JigyosyoCd=1493100539-00&ServiceCd=780&Type=search" }, "geometry": { "type": "Point", "coordinates": [ 139.5729619, 35.3810049 ] } },
{ "type": "Feature", "properties": { "内容": "株式会社　楽　ホット介護サービス　ラベンダーの丘【地域密着型通所介護】神奈川県横浜市港南区港南台２－１２－１０", "url2": "https://www.kaigokensaku.mhlw.go.jp/14/index.php?action_kouhyou_detail_004_kani=true&JigyosyoCd=1473100673-00&ServiceCd=780&Type=search" }, "geometry": { "type": "Point", "coordinates": [ 139.581512100000026, 35.3793322 ] } },
{ "type": "Feature", "properties": { "内容": "Re:LIFE【地域密着型通所介護】神奈川県横浜市港南区笹下１－３－２５", "url2": "https://www.kaigokensaku.mhlw.go.jp/14/index.php?action_kouhyou_detail_004_kani=true&JigyosyoCd=1473102059-00&ServiceCd=780&Type=search" }, "geometry": { "type": "Point", "coordinates": [ 139.597206857672091, 35.396487116993789 ] } },
{ "type": "Feature", "properties": { "内容": "デイサービス　プレゼンス【地域密着型通所介護】神奈川県横浜市港南区港南台3-22-11", "url2": "https://www.kaigokensaku.mhlw.go.jp/14/index.php?action_kouhyou_detail_004_kani=true&JigyosyoCd=1473102224-00&ServiceCd=780&Type=search" }, "geometry": { "type": "Point", "coordinates": [ 139.578163952778596, 35.379610613860969 ] } },
{ "type": "Feature", "properties": { "内容": "fureai上大岡店【地域密着型通所介護】神奈川県横浜市港南区最戸1-7-38", "url2": "https://www.kaigokensaku.mhlw.go.jp/14/index.php?action_kouhyou_detail_004_kani=true&JigyosyoCd=1473102307-00&ServiceCd=780&Type=search" }, "geometry": { "type": "Point", "coordinates": [ 139.59660582631173, 35.414482500189273 ] } },
{ "type": "Feature", "properties": { "内容": "デイサービス　プレゼンス弐番館【地域密着型通所介護】神奈川県横浜市港南区丸山台3-30-3栄ビル1階", "url2": "https://www.kaigokensaku.mhlw.go.jp/14/index.php?action_kouhyou_detail_004_kani=true&JigyosyoCd=1493100331-00&ServiceCd=780&Type=search" }, "geometry": { "type": "Point", "coordinates": [ 139.567041099999983, 35.3978022 ] } },
{ "type": "Feature", "properties": { "内容": "デイサービスセンター笹の風【地域密着型通所介護】神奈川県横浜市港南区笹下四丁目12番35号", "url2": "https://www.kaigokensaku.mhlw.go.jp/14/index.php?action_kouhyou_detail_004_kani=true&JigyosyoCd=1493100372-00&ServiceCd=780&Type=search" }, "geometry": { "type": "Point", "coordinates": [ 139.597285899999946, 35.3886958 ] } },
{ "type": "Feature", "properties": { "内容": "レコードブック港南芹が谷【地域密着型通所介護】神奈川県横浜市港南区芹が谷2丁目20-5アネックス　Ⅰ1階", "url2": "https://www.kaigokensaku.mhlw.go.jp/14/index.php?action_kouhyou_detail_004_kani=true&JigyosyoCd=1493100380-00&ServiceCd=780&Type=search" }, "geometry": { "type": "Point", "coordinates": [ 139.570065600000021, 35.4169025 ] } },
{ "type": "Feature", "properties": { "内容": "レコードブック芹が谷中央【地域密着型通所介護】神奈川県横浜市港南区芹が谷2-8-42上大岡三和プラザ101", "url2": "https://www.kaigokensaku.mhlw.go.jp/14/index.php?action_kouhyou_detail_004_kani=true&JigyosyoCd=1493100521-00&ServiceCd=780&Type=search" }, "geometry": { "type": "Point", "coordinates": [ 139.571408799999972, 35.416864 ] } },
{ "type": "Feature", "properties": { "内容": "アクティブデイサービスプラチナ倶楽部【地域密着型通所介護】神奈川県横浜市港南区港南台6-9-11", "url2": "https://www.kaigokensaku.mhlw.go.jp/14/index.php?action_kouhyou_detail_004_kani=true&JigyosyoCd=1493100562-00&ServiceCd=780&Type=search" }, "geometry": { "type": "Point", "coordinates": [ 139.589433491946409, 35.368604448849609 ] } },
{ "type": "Feature", "properties": { "内容": "一織庵横浜港南台【地域密着型通所介護】神奈川県横浜市港南区港南台３丁目２３番７号", "url2": "https://www.kaigokensaku.mhlw.go.jp/14/index.php?action_kouhyou_detail_004_kani=true&JigyosyoCd=1493100596-00&ServiceCd=780&Type=search" }, "geometry": { "type": "Point", "coordinates": [ 139.5790668, 35.3790386 ] } },
{ "type": "Feature", "properties": { "内容": "デイサービススマイル　南苑【地域密着型通所介護】神奈川県横浜市港南区下永谷3丁目29-2エスキューブ1階", "url2": "https://www.kaigokensaku.mhlw.go.jp/14/index.php?action_kouhyou_detail_004_kani=true&JigyosyoCd=1493100612-00&ServiceCd=780&Type=search" }, "geometry": { "type": "Point", "coordinates": [ 139.564583399999975, 35.4076036 ] } },
{ "type": "Feature", "properties": { "内容": "ARFIT港南台【地域密着型通所介護】神奈川県横浜市港南区港南台3-11-31殿山グリーンビル101", "url2": "https://www.kaigokensaku.mhlw.go.jp/14/index.php?action_kouhyou_detail_004_kani=true&JigyosyoCd=1493100661-00&ServiceCd=780&Type=search" }, "geometry": { "type": "Point", "coordinates": [ 139.5802898, 35.377525 ] } },
{ "type": "Feature", "properties": { "内容": "カフェ・リハデイサービス港南台【地域密着型通所介護】神奈川県横浜市港南区港南台1丁目6-2エクセリーヌ・アミ1階", "url2": "https://www.kaigokensaku.mhlw.go.jp/14/index.php?action_kouhyou_detail_004_kani=true&JigyosyoCd=1473102216-00&ServiceCd=780&Type=search" }, "geometry": { "type": "Point", "coordinates": [ 139.578354, 35.3815986 ] } },
{ "type": "Feature", "properties": { "内容": "朝日デイハウス港南台【地域密着型通所介護】神奈川県横浜市港南区日野南５－４２－２", "url2": "https://www.kaigokensaku.mhlw.go.jp/14/index.php?action_kouhyou_detail_004_kani=true&JigyosyoCd=1473101259-00&ServiceCd=780&Type=search" }, "geometry": { "type": "Point", "coordinates": [ 139.5628054, 35.3777963 ] } },
{ "type": "Feature", "properties": { "内容": "上大岡デイサービス　チャオ【地域密着型通所介護】神奈川県横浜市港南区大久保２－２３－６", "url2": "https://www.kaigokensaku.mhlw.go.jp/14/index.php?action_kouhyou_detail_004_kani=true&JigyosyoCd=1473101358-00&ServiceCd=780&Type=search" }, "geometry": { "type": "Point", "coordinates": [ 139.587200400000029, 35.4078954 ] } },
{ "type": "Feature", "properties": { "内容": "いなほの郷日野中央【地域密着型通所介護】神奈川県横浜市港南区日野中央2-32-29", "url2": "https://www.kaigokensaku.mhlw.go.jp/14/index.php?action_kouhyou_detail_004_kani=true&JigyosyoCd=1473101663-00&ServiceCd=780&Type=search" }, "geometry": { "type": "Point", "coordinates": [ 139.585725599999932, 35.3829207 ] } },
{ "type": "Feature", "properties": { "内容": "機能回復訓練強化型　マッスルデイサービス　港南日野【地域密着型通所介護】神奈川県横浜市港南区日野南五丁目9-20日野コープ今井1階", "url2": "https://www.kaigokensaku.mhlw.go.jp/14/index.php?action_kouhyou_detail_004_kani=true&JigyosyoCd=1473102000-00&ServiceCd=780&Type=search" }, "geometry": { "type": "Point", "coordinates": [ 139.56611620000001, 35.3768103 ] } },
{ "type": "Feature", "properties": { "内容": "和光ピュアライト小さなこかげ上大岡【地域密着型通所介護】神奈川県横浜市港南区大久保1-20-38-1", "url2": "https://www.kaigokensaku.mhlw.go.jp/14/index.php?action_kouhyou_detail_004_kani=true&JigyosyoCd=1473102026-00&ServiceCd=780&Type=search" }, "geometry": { "type": "Point", "coordinates": [ 140.6270098, 36.5558834 ] } },
{ "type": "Feature", "properties": { "内容": "いなほの郷　兎谷【地域密着型通所介護】神奈川県横浜市港南区日野中央2-32-28", "url2": "https://www.kaigokensaku.mhlw.go.jp/14/index.php?action_kouhyou_detail_004_kani=true&JigyosyoCd=1473102067-00&ServiceCd=780&Type=search" }, "geometry": { "type": "Point", "coordinates": [ 139.589353, 35.3815681 ] } },
{ "type": "Feature", "properties": { "内容": "リハビリテーション　港南の樹【地域密着型通所介護】神奈川県横浜市港南区日野南1-5-13勇吉サンハイツ101", "url2": "https://www.kaigokensaku.mhlw.go.jp/14/index.php?action_kouhyou_detail_004_kani=true&JigyosyoCd=1473102281-00&ServiceCd=780&Type=search" }, "geometry": { "type": "Point", "coordinates": [ 139.578023499999972, 35.3813403 ] } },
{ "type": "Feature", "properties": { "内容": "ディサービス　フリーダム【地域密着型通所介護】神奈川県横浜市港南区野庭町665-11", "url2": "https://www.kaigokensaku.mhlw.go.jp/14/index.php?action_kouhyou_detail_004_kani=true&JigyosyoCd=1473501193-00&ServiceCd=780&Type=search" }, "geometry": { "type": "Point", "coordinates": [ 139.568902274279822, 35.385740636310203 ] } },
{ "type": "Feature", "properties": { "内容": "デイサービスかけはし日限山【地域密着型通所介護】神奈川県横浜市港南区日限山4丁目50-22", "url2": "https://www.kaigokensaku.mhlw.go.jp/14/index.php?action_kouhyou_detail_004_kani=true&JigyosyoCd=1493100356-00&ServiceCd=780&Type=search" }, "geometry": { "type": "Point", "coordinates": [ 139.556242099999963, 35.3897337 ] } },
{ "type": "Feature", "properties": { "内容": "一織庵日野【地域密着型通所介護】神奈川県横浜市港南区日野南4-9-7", "url2": "https://www.kaigokensaku.mhlw.go.jp/14/index.php?action_kouhyou_detail_004_kani=true&JigyosyoCd=1493100604-00&ServiceCd=780&Type=search" }, "geometry": { "type": "Point", "coordinates": [ 139.569631700000031, 35.380345 ] } },
{ "type": "Feature", "properties": { "内容": "デイサービス　琥珀【地域密着型通所介護】神奈川県横浜市港南区日野南二丁目14番16号", "url2": "https://www.kaigokensaku.mhlw.go.jp/14/index.php?action_kouhyou_detail_004_kani=true&JigyosyoCd=1493100620-00&ServiceCd=780&Type=search" }, "geometry": { "type": "Point", "coordinates": [ 139.573748, 35.3797223 ] } },
{ "type": "Feature", "properties": { "内容": "ノーマルケア　デイサービス　カンタービレ【地域密着型通所介護】神奈川県横浜市港南区上大岡西3-2-10ホワイトキャッスル上大岡１階", "url2": "https://www.kaigokensaku.mhlw.go.jp/14/index.php?action_kouhyou_detail_004_kani=true&JigyosyoCd=1473102042-00&ServiceCd=780&Type=search" }, "geometry": { "type": "Point", "coordinates": [ 139.594887104902938, 35.402487548913633 ] } },
{ "type": "Feature", "properties": { "内容": "ラクネスシニア【地域密着型通所介護】神奈川県横浜市港南区港南台3-4-40第2松田ビル1階", "url2": "https://www.kaigokensaku.mhlw.go.jp/14/index.php?action_kouhyou_detail_004_kani=true&JigyosyoCd=1473101911-00&ServiceCd=780&Type=search" }, "geometry": { "type": "Point", "coordinates": [ 139.58090761073899, 35.374098996821999 ] } },
{ "type": "Feature", "properties": { "内容": "かないわデイサービス上永谷【地域密着型通所介護】神奈川県横浜市港南区丸山台3-22-2", "url2": "https://www.kaigokensaku.mhlw.go.jp/14/index.php?action_kouhyou_detail_004_kani=true&JigyosyoCd=1473101929-00&ServiceCd=780&Type=search" }, "geometry": { "type": "Point", "coordinates": [ 139.567882700000041, 35.3984938 ] } },
{ "type": "Feature", "properties": { "内容": "リハビリデイサービス　プラチナ倶楽部【地域密着型通所介護】神奈川県横浜市港南区港南台6-2-1", "url2": "https://www.kaigokensaku.mhlw.go.jp/14/index.php?action_kouhyou_detail_004_kani=true&JigyosyoCd=1473101937-00&ServiceCd=780&Type=search" }, "geometry": { "type": "Point", "coordinates": [ 139.584667299999978, 35.3733301 ] } },
{ "type": "Feature", "properties": { "内容": "リハビリデイセンター悠　港南台【地域密着型通所介護】神奈川県横浜市港南区港南台7-46-3", "url2": "https://www.kaigokensaku.mhlw.go.jp/14/index.php?action_kouhyou_detail_004_kani=true&JigyosyoCd=1473101945-00&ServiceCd=780&Type=search" }, "geometry": { "type": "Point", "coordinates": [ 139.593315080950873, 35.369680137875875 ] } },
{ "type": "Feature", "properties": { "内容": "フィットネス＆デイサービス　はぴねす【地域密着型通所介護】神奈川県横浜市港南区笹下1-1-12", "url2": "https://www.kaigokensaku.mhlw.go.jp/14/index.php?action_kouhyou_detail_004_kani=true&JigyosyoCd=1473101952-00&ServiceCd=780&Type=search" }, "geometry": { "type": "Point", "coordinates": [ 139.595488400000022, 35.400291 ] } },
{ "type": "Feature", "properties": { "内容": "ｆｕｒｅａｉ港南台店【地域密着型通所介護】神奈川県横浜市港南区港南台5-8-20", "url2": "https://www.kaigokensaku.mhlw.go.jp/14/index.php?action_kouhyou_detail_004_kani=true&JigyosyoCd=1473102323-00&ServiceCd=780&Type=search" }, "geometry": { "type": "Point", "coordinates": [ 139.579006700000036, 35.3695278 ] } },
{ "type": "Feature", "properties": { "内容": "リハビリデイサービスnagomi横浜港南台店【地域密着型通所介護】神奈川県横浜市港南区日野南4-31-39", "url2": "https://www.kaigokensaku.mhlw.go.jp/14/index.php?action_kouhyou_detail_004_kani=true&JigyosyoCd=1473102356-00&ServiceCd=780&Type=search" }, "geometry": { "type": "Point", "coordinates": [ 139.5692937, 35.3785323 ] } },
{ "type": "Feature", "properties": { "内容": "アースサポート港南台【地域密着型通所介護】神奈川県横浜市港南区日野中央2-35-16", "url2": "https://www.kaigokensaku.mhlw.go.jp/14/index.php?action_kouhyou_detail_004_kani=true&JigyosyoCd=1493100695-00&ServiceCd=780&Type=search" }, "geometry": { "type": "Point", "coordinates": [ 139.5854074, 35.3824565 ] } },
{ "type": "Feature", "properties": { "内容": "リハビリデイサービスあうるスクエア港南【地域密着型通所介護】神奈川県横浜市港南区港南3-28-9菊池ビル1F", "url2": "https://www.kaigokensaku.mhlw.go.jp/14/index.php?action_kouhyou_detail_004_kani=true&JigyosyoCd=1493100729-00&ServiceCd=780&Type=search" }, "geometry": { "type": "Point", "coordinates": [ 139.5834236, 35.4015435 ] } },
{ "type": "Feature", "properties": { "内容": "ベーカリーデイ　プチハウス【地域密着型通所介護】神奈川県横浜市港南区上永谷2-16-21クリエールワコー102", "url2": "https://www.kaigokensaku.mhlw.go.jp/14/index.php?action_kouhyou_detail_004_kani=true&JigyosyoCd=1493100778-00&ServiceCd=780&Type=search" }, "geometry": { "type": "Point", "coordinates": [ 139.571126977909842, 35.404198171253832 ] } },
{ "type": "Feature", "properties": { "内容": "だんらんの家　上永谷【地域密着型通所介護】神奈川県横浜市港南区上永谷6-4-47", "url2": "https://www.kaigokensaku.mhlw.go.jp/14/index.php?action_kouhyou_detail_004_kani=true&JigyosyoCd=1493100406-00&ServiceCd=780&Type=search" }, "geometry": { "type": "Point", "coordinates": [ 139.565499600000095, 35.404918 ] } },
{ "type": "Feature", "properties": { "内容": "リハビリデイサービス　クララ　港南台【地域密着型通所介護】神奈川県横浜市港南区港南台9-29-2ルミエール港南台1階", "url2": "https://www.kaigokensaku.mhlw.go.jp/14/index.php?action_kouhyou_detail_004_kani=true&JigyosyoCd=1493100786-00&ServiceCd=780&Type=search" }, "geometry": { "type": "Point", "coordinates": [ 139.578991300000013, 35.3690257 ] } },
{ "type": "Feature", "properties": { "内容": "ＪＯＩＮスポーツ　デイ＆ケアサービス日野店【地域密着型通所介護】神奈川県横浜市港南区日野8-4-17日野インタービル1F", "url2": "https://www.kaigokensaku.mhlw.go.jp/14/index.php?action_kouhyou_detail_004_kani=true&JigyosyoCd=1493100794-00&ServiceCd=780&Type=search" }, "geometry": { "type": "Point", "coordinates": [ 139.579289800000026, 35.384290700000015 ] } },
{ "type": "Feature", "properties": { "内容": "一織庵打越【地域密着型通所介護】神奈川県横浜市港南区笹下6-3-2", "url2": "https://www.kaigokensaku.mhlw.go.jp/14/index.php?action_kouhyou_detail_004_kani=true&JigyosyoCd=1493100802-00&ServiceCd=780&Type=search" }, "geometry": { "type": "Point", "coordinates": [ 139.595034, 35.3897778 ] } },
{ "type": "Feature", "properties": { "内容": "デイサービスかけはし野庭【地域密着型通所介護】神奈川県横浜市港南区野庭町６７６－４", "url2": "https://www.kaigokensaku.mhlw.go.jp/14/index.php?action_kouhyou_detail_004_kani=true&JigyosyoCd=1493100679-00&ServiceCd=780&Type=search" }, "geometry": { "type": "Point", "coordinates": [ 139.565073077909858, 35.389557688512355 ] } },
{ "type": "Feature", "properties": { "内容": "デイサービス港南の丘【地域密着型通所介護】神奈川県横浜市港南区港南2-34-24", "url2": "https://www.kaigokensaku.mhlw.go.jp/14/index.php?action_kouhyou_detail_004_kani=true&JigyosyoCd=1473102174-00&ServiceCd=780&Type=search" }, "geometry": { "type": "Point", "coordinates": [ 139.581827518385353, 35.403482100000041 ] } },
{ "type": "Feature", "properties": { "内容": "デイサービスうらら【地域密着型通所介護】神奈川県横浜市旭区西川島町56-5", "url2": "https://www.kaigokensaku.mhlw.go.jp/14/index.php?action_kouhyou_detail_004_kani=true&JigyosyoCd=1493200529-00&ServiceCd=780&Type=search" }, "geometry": { "type": "Point", "coordinates": [ 139.555605859524576, 35.47371674342552 ] } },
{ "type": "Feature", "properties": { "内容": "一笑苑安寿【地域密着型通所介護】神奈川県横浜市旭区上白根町891番地西ひかりが丘団地18街区7号棟104号室", "url2": "https://www.kaigokensaku.mhlw.go.jp/14/index.php?action_kouhyou_detail_004_kani=true&JigyosyoCd=1493200826-00&ServiceCd=780&Type=search" }, "geometry": { "type": "Point", "coordinates": [ 139.529844441837696, 35.499051856999941 ] } },
{ "type": "Feature", "properties": { "内容": "歩デイサービスセンター二俣川【地域密着型通所介護】神奈川県横浜市旭区今宿１丁目２７ー３ニュータウンビル１階", "url2": "https://www.kaigokensaku.mhlw.go.jp/14/index.php?action_kouhyou_detail_004_kani=true&JigyosyoCd=1493200834-00&ServiceCd=780&Type=search" }, "geometry": { "type": "Point", "coordinates": [ 139.5229865, 35.4753594 ] } },
{ "type": "Feature", "properties": { "内容": "デイサービスにじいろ中沢【地域密着型通所介護】神奈川県横浜市旭区中沢3-55-11", "url2": "https://www.kaigokensaku.mhlw.go.jp/14/index.php?action_kouhyou_detail_004_kani=true&JigyosyoCd=1493200842-00&ServiceCd=780&Type=search" }, "geometry": { "type": "Point", "coordinates": [ 139.517321399999986, 35.4707504 ] } },
{ "type": "Feature", "properties": { "内容": "デイサービス　スマイリー旭【地域密着型通所介護】神奈川県横浜市保旭区西川島町115-2", "url2": "https://www.kaigokensaku.mhlw.go.jp/14/index.php?action_kouhyou_detail_004_kani=true&JigyosyoCd=1470601954-00&ServiceCd=780&Type=search" }, "geometry": { "type": "Point", "coordinates": [ -73.645685599999979, 41.19002110000001 ] } },
{ "type": "Feature", "properties": { "内容": "歩デイサービスセンター【地域密着型通所介護】神奈川県横浜市旭区鶴ヶ峰本町1-32石井ビル１階", "url2": "https://www.kaigokensaku.mhlw.go.jp/14/index.php?action_kouhyou_detail_004_kani=true&JigyosyoCd=1473201158-00&ServiceCd=780&Type=search" }, "geometry": { "type": "Point", "coordinates": [ 139.542234511114543, 35.476322121406042 ] } },
{ "type": "Feature", "properties": { "内容": "おもてなしデイサービス希望が丘【地域密着型通所介護】神奈川県横浜市旭区中希望が丘１１３－９", "url2": "https://www.kaigokensaku.mhlw.go.jp/14/index.php?action_kouhyou_detail_004_kani=true&JigyosyoCd=1473202131-00&ServiceCd=780&Type=search" }, "geometry": { "type": "Point", "coordinates": [ 139.514535453967227, 35.457172448425894 ] } },
{ "type": "Feature", "properties": { "内容": "サロンデイ白根【地域密着型通所介護】神奈川県横浜市旭区白根2-43-24", "url2": "https://www.kaigokensaku.mhlw.go.jp/14/index.php?action_kouhyou_detail_004_kani=true&JigyosyoCd=1473202149-00&ServiceCd=780&Type=search" }, "geometry": { "type": "Point", "coordinates": [ 139.556757299999958, 35.4831216 ] } },
{ "type": "Feature", "properties": { "内容": "生きがい工房二俣川パート２【地域密着型通所介護】神奈川県横浜市旭区中沢2-35-15", "url2": "https://www.kaigokensaku.mhlw.go.jp/14/index.php?action_kouhyou_detail_004_kani=true&JigyosyoCd=1473202594-00&ServiceCd=780&Type=search" }, "geometry": { "type": "Point", "coordinates": [ 139.52471330000003, 35.4733866 ] } },
{ "type": "Feature", "properties": { "内容": "あしたのリハビリセンター　あさひ【地域密着型通所介護】神奈川県横浜市旭区今宿町1-28-5", "url2": "https://www.kaigokensaku.mhlw.go.jp/14/index.php?action_kouhyou_detail_004_kani=true&JigyosyoCd=1473202669-00&ServiceCd=780&Type=search" }, "geometry": { "type": "Point", "coordinates": [ 130.3141458, 33.2470311 ] } },
{ "type": "Feature", "properties": { "内容": "aigamoリハビリステーション二俣川【地域密着型通所介護】神奈川県横浜市旭区本村町40-25", "url2": "https://www.kaigokensaku.mhlw.go.jp/14/index.php?action_kouhyou_detail_004_kani=true&JigyosyoCd=1493200388-00&ServiceCd=780&Type=search" }, "geometry": { "type": "Point", "coordinates": [ 139.539170399999989, 35.4687788 ] } },
{ "type": "Feature", "properties": { "内容": "あしたのリハビリセンター　さこんやま【地域密着型通所介護】神奈川県横浜市旭区小高町１７２－２７", "url2": "https://www.kaigokensaku.mhlw.go.jp/14/index.php?action_kouhyou_detail_004_kani=true&JigyosyoCd=1493200396-00&ServiceCd=780&Type=search" }, "geometry": { "type": "Point", "coordinates": [ 139.553196899999989, 35.4617574 ] } },
{ "type": "Feature", "properties": { "内容": "デイサービススマイル【地域密着型通所介護】神奈川県横浜市旭区左近山1186-6左近山団地7街区10号棟105号室", "url2": "https://www.kaigokensaku.mhlw.go.jp/14/index.php?action_kouhyou_detail_004_kani=true&JigyosyoCd=1493200404-00&ServiceCd=780&Type=search" }, "geometry": { "type": "Point", "coordinates": [ 139.555501185350039, 35.455592366624991 ] } },
{ "type": "Feature", "properties": { "内容": "一笑苑　横浜旭【地域密着型通所介護】神奈川県横浜市旭区上白根町891番地西ひかりが丘団地18-7-103", "url2": "https://www.kaigokensaku.mhlw.go.jp/14/index.php?action_kouhyou_detail_004_kani=true&JigyosyoCd=1493200412-00&ServiceCd=780&Type=search" }, "geometry": { "type": "Point", "coordinates": [ 139.529570599999943, 35.5012655 ] } },
{ "type": "Feature", "properties": { "内容": "レコードブック希望ヶ丘【地域密着型通所介護】神奈川県横浜市旭区中希望が丘93-13メゾンドエミー1階", "url2": "https://www.kaigokensaku.mhlw.go.jp/14/index.php?action_kouhyou_detail_004_kani=true&JigyosyoCd=1493200438-00&ServiceCd=780&Type=search" }, "geometry": { "type": "Point", "coordinates": [ 139.515579309544137, 35.457825907248221 ] } },
{ "type": "Feature", "properties": { "内容": "デイサービス　みなまきみらい【地域密着型通所介護】神奈川県横浜市旭区柏町131-5", "url2": "https://www.kaigokensaku.mhlw.go.jp/14/index.php?action_kouhyou_detail_004_kani=true&JigyosyoCd=1493200446-00&ServiceCd=780&Type=search" }, "geometry": { "type": "Point", "coordinates": [ 139.527379800000062, 35.4518586 ] } },
{ "type": "Feature", "properties": { "内容": "フレンドシップあさひ本店【地域密着型通所介護】神奈川県横浜市旭区鶴ヶ峰本町1-34-10内田ビル1階", "url2": "https://www.kaigokensaku.mhlw.go.jp/14/index.php?action_kouhyou_detail_004_kani=true&JigyosyoCd=1493200453-00&ServiceCd=780&Type=search" }, "geometry": { "type": "Point", "coordinates": [ 139.543890935776062, 35.475783877651189 ] } },
{ "type": "Feature", "properties": { "内容": "fureai南万騎が原店【地域密着型通所介護】神奈川県横浜市旭区善部町100-4プレイス二俣川1階", "url2": "https://www.kaigokensaku.mhlw.go.jp/14/index.php?action_kouhyou_detail_004_kani=true&JigyosyoCd=1493200479-00&ServiceCd=780&Type=search" }, "geometry": { "type": "Point", "coordinates": [ 139.521102357499785, 35.454408942771863 ] } },
{ "type": "Feature", "properties": { "内容": "歩行訓練特化型デイサービスSunwalk【地域密着型通所介護】神奈川県横浜市旭区本村町35-6クリエールヤマニⅡ1F", "url2": "https://www.kaigokensaku.mhlw.go.jp/14/index.php?action_kouhyou_detail_004_kani=true&JigyosyoCd=1493200586-00&ServiceCd=780&Type=search" }, "geometry": { "type": "Point", "coordinates": [ 139.5396091, 35.4685678 ] } },
{ "type": "Feature", "properties": { "内容": "SeasonCafe【地域密着型通所介護】神奈川県横浜市旭区市沢町666-3", "url2": "https://www.kaigokensaku.mhlw.go.jp/14/index.php?action_kouhyou_detail_004_kani=true&JigyosyoCd=1493200594-00&ServiceCd=780&Type=search" }, "geometry": { "type": "Point", "coordinates": [ 139.5623937, 35.4610361 ] } },
{ "type": "Feature", "properties": { "内容": "ファミリーケア希望が丘さくら物語【地域密着型通所介護】神奈川県横浜市旭区中希望が丘64－133コートタウン101", "url2": "https://www.kaigokensaku.mhlw.go.jp/14/index.php?action_kouhyou_detail_004_kani=true&JigyosyoCd=1493200644-00&ServiceCd=780&Type=search" }, "geometry": { "type": "Point", "coordinates": [ 139.516186299999987, 35.4596256 ] } },
{ "type": "Feature", "properties": { "内容": "ｆｕｒｅａｉ二俣川店【地域密着型通所介護】神奈川県横浜市旭区本村町105ラテール旭1階", "url2": "https://www.kaigokensaku.mhlw.go.jp/14/index.php?action_kouhyou_detail_004_kani=true&JigyosyoCd=1493200669-00&ServiceCd=780&Type=search" }, "geometry": { "type": "Point", "coordinates": [ 139.531577371827694, 35.46627311638337 ] } },
{ "type": "Feature", "properties": { "内容": "39番地のでい【地域密着型通所介護】神奈川県横浜市旭区南希望が丘39-5", "url2": "https://www.kaigokensaku.mhlw.go.jp/14/index.php?action_kouhyou_detail_004_kani=true&JigyosyoCd=1493200685-00&ServiceCd=780&Type=search" }, "geometry": { "type": "Point", "coordinates": [ 139.515532, 35.4527724 ] } },
{ "type": "Feature", "properties": { "内容": "デイサービスだぶるぴーす【地域密着型通所介護】神奈川県横浜市旭区上川井町258-2Mグリーンパレスナカノ107", "url2": "https://www.kaigokensaku.mhlw.go.jp/14/index.php?action_kouhyou_detail_004_kani=true&JigyosyoCd=1493200701-00&ServiceCd=780&Type=search" }, "geometry": { "type": "Point", "coordinates": [ 139.501867499999946, 35.4968911 ] } },
{ "type": "Feature", "properties": { "内容": "デイサービス　ステップ・ワン【地域密着型通所介護】神奈川県横浜市旭区白根6丁目37番9号", "url2": "https://www.kaigokensaku.mhlw.go.jp/14/index.php?action_kouhyou_detail_004_kani=true&JigyosyoCd=1493200719-00&ServiceCd=780&Type=search" }, "geometry": { "type": "Point", "coordinates": [ 139.5474321, 35.4858329 ] } },
{ "type": "Feature", "properties": { "内容": "RISO【地域密着型通所介護】神奈川県横浜市旭区中希望が丘111-1勝滝ビル１階", "url2": "https://www.kaigokensaku.mhlw.go.jp/14/index.php?action_kouhyou_detail_004_kani=true&JigyosyoCd=1493200735-00&ServiceCd=780&Type=search" }, "geometry": { "type": "Point", "coordinates": [ 139.515500739821846, 35.457165463568536 ] } },
{ "type": "Feature", "properties": { "内容": "カモミール【地域密着型通所介護】神奈川県横浜市旭区今宿西町249-1", "url2": "https://www.kaigokensaku.mhlw.go.jp/14/index.php?action_kouhyou_detail_004_kani=true&JigyosyoCd=1493200867-00&ServiceCd=780&Type=search" }, "geometry": { "type": "Point", "coordinates": [ 139.525315281614724, 35.483821695594891 ] } },
{ "type": "Feature", "properties": { "内容": "リハプライド千丸台【地域密着型通所介護】神奈川県横浜市旭区白根7丁目18番地18号", "url2": "https://www.kaigokensaku.mhlw.go.jp/14/index.php?action_kouhyou_detail_004_kani=true&JigyosyoCd=1493200461-00&ServiceCd=780&Type=search" }, "geometry": { "type": "Point", "coordinates": [ 139.553424100000029, 35.4884459 ] } },
{ "type": "Feature", "properties": { "内容": "通所介護サービス　サンライズヒル横浜【地域密着型通所介護】神奈川県横浜市旭区上白根町１２０７－１", "url2": "https://www.kaigokensaku.mhlw.go.jp/14/index.php?action_kouhyou_detail_004_kani=true&JigyosyoCd=1473200747-00&ServiceCd=780&Type=search" }, "geometry": { "type": "Point", "coordinates": [ 139.52679569999998, 35.4986335 ] } },
{ "type": "Feature", "properties": { "内容": "Ｄａｙ　あさひ【地域密着型通所介護】神奈川県横浜市旭区四季美台28-1", "url2": "https://www.kaigokensaku.mhlw.go.jp/14/index.php?action_kouhyou_detail_004_kani=true&JigyosyoCd=1473201349-00&ServiceCd=780&Type=search" }, "geometry": { "type": "Point", "coordinates": [ 139.542853299999933, 35.4737726 ] } },
{ "type": "Feature", "properties": { "内容": "デイサービス輝きライフ横浜旭【地域密着型通所介護】神奈川県横浜市旭区善部町101-8ロゼール壱番館1F", "url2": "https://www.kaigokensaku.mhlw.go.jp/14/index.php?action_kouhyou_detail_004_kani=true&JigyosyoCd=1473201729-00&ServiceCd=780&Type=search" }, "geometry": { "type": "Point", "coordinates": [ 139.521455300000071, 35.4546027 ] } },
{ "type": "Feature", "properties": { "内容": "デイサービス　いこい家　希望ヶ丘【地域密着型通所介護】神奈川県横浜市旭区東希望が丘１００－５", "url2": "https://www.kaigokensaku.mhlw.go.jp/14/index.php?action_kouhyou_detail_004_kani=true&JigyosyoCd=1473202321-00&ServiceCd=780&Type=search" }, "geometry": { "type": "Point", "coordinates": [ 139.514888491401706, 35.456892178395798 ] } },
{ "type": "Feature", "properties": { "内容": "ＬＥＴ’Ｓほほえみリハ【地域密着型通所介護】神奈川県横浜市旭区下川井町233番地1", "url2": "https://www.kaigokensaku.mhlw.go.jp/14/index.php?action_kouhyou_detail_004_kani=true&JigyosyoCd=1473202768-00&ServiceCd=780&Type=search" }, "geometry": { "type": "Point", "coordinates": [ 139.519035600000052, 35.484349 ] } },
{ "type": "Feature", "properties": { "内容": "我が家デイサービス三ツ境【地域密着型通所介護】神奈川県横浜市旭区笹野台2-10-6", "url2": "https://www.kaigokensaku.mhlw.go.jp/14/index.php?action_kouhyou_detail_004_kani=true&JigyosyoCd=1473202834-00&ServiceCd=780&Type=search" }, "geometry": { "type": "Point", "coordinates": [ 139.502564799999959, 35.4708896 ] } },
{ "type": "Feature", "properties": { "内容": "チアーズライフ　あさひ【地域密着型通所介護】神奈川県横浜市旭区市沢町551-2菊池ビル1階", "url2": "https://www.kaigokensaku.mhlw.go.jp/14/index.php?action_kouhyou_detail_004_kani=true&JigyosyoCd=1493200495-00&ServiceCd=780&Type=search" }, "geometry": { "type": "Point", "coordinates": [ 139.562512800000036, 35.4585191 ] } },
{ "type": "Feature", "properties": { "内容": "リハビリフィットネス　ゆずりは　希望ヶ丘【地域密着型通所介護】神奈川県横浜市旭区中希望が丘103-7ステップビル1Ｆ", "url2": "https://www.kaigokensaku.mhlw.go.jp/14/index.php?action_kouhyou_detail_004_kani=true&JigyosyoCd=1493200750-00&ServiceCd=780&Type=search" }, "geometry": { "type": "Point", "coordinates": [ 139.5152934, 35.4580578 ] } },
{ "type": "Feature", "properties": { "内容": "デイサービス　にじいろ　桐が作【地域密着型通所介護】神奈川県横浜市旭区桐が作1618-1", "url2": "https://www.kaigokensaku.mhlw.go.jp/14/index.php?action_kouhyou_detail_004_kani=true&JigyosyoCd=1493200818-00&ServiceCd=780&Type=search" }, "geometry": { "type": "Point", "coordinates": [ 139.54796767976228, 35.45247429048586 ] } },
{ "type": "Feature", "properties": { "内容": "デイサービスのんな上川井【地域密着型通所介護】神奈川県横浜市旭区上川井町277上川井メディカルビル2A", "url2": "https://www.kaigokensaku.mhlw.go.jp/14/index.php?action_kouhyou_detail_004_kani=true&JigyosyoCd=1493200883-00&ServiceCd=780&Type=search" }, "geometry": { "type": "Point", "coordinates": [ 139.501529799999986, 35.4977742 ] } },
{ "type": "Feature", "properties": { "内容": "歩行訓練特化型デイサービス　ａｓｈｉａｔｏさちが丘店【地域密着型通所介護】神奈川県横浜市旭区さちが丘18-10メゾンフォルテ二俣川　１階", "url2": "https://www.kaigokensaku.mhlw.go.jp/14/index.php?action_kouhyou_detail_004_kani=true&JigyosyoCd=1493200909-00&ServiceCd=780&Type=search" }, "geometry": { "type": "Point", "coordinates": [ 139.5247731, 35.4617346 ] } },
{ "type": "Feature", "properties": { "内容": "生活リハビリクラブ鴨居【地域密着型通所介護】神奈川県横浜市緑区鴨居町2430-1", "url2": "https://www.kaigokensaku.mhlw.go.jp/14/index.php?action_kouhyou_detail_004_kani=true&JigyosyoCd=1473300067-00&ServiceCd=780&Type=search" }, "geometry": { "type": "Point", "coordinates": [ 139.565075799999931, 35.4997754 ] } },
{ "type": "Feature", "properties": { "内容": "デイサービスのんな十日市場【地域密着型通所介護】神奈川県横浜市緑区新治町897-26", "url2": "https://www.kaigokensaku.mhlw.go.jp/14/index.php?action_kouhyou_detail_004_kani=true&JigyosyoCd=1473301552-00&ServiceCd=780&Type=search" }, "geometry": { "type": "Point", "coordinates": [ 139.516865700000039, 35.51951660000001 ] } },
{ "type": "Feature", "properties": { "内容": "田園都市ケア・プラザ十日市場【地域密着型通所介護】神奈川県横浜市緑区霧が丘5-1-13ミストヒルズ1F", "url2": "https://www.kaigokensaku.mhlw.go.jp/14/index.php?action_kouhyou_detail_004_kani=true&JigyosyoCd=1473301594-00&ServiceCd=780&Type=search" }, "geometry": { "type": "Point", "coordinates": [ 139.502499700000044, 35.5172013 ] } },
{ "type": "Feature", "properties": { "内容": "サロンド鹿鳴館【地域密着型通所介護】神奈川県横浜市緑区中山1丁目７番地の１６", "url2": "https://www.kaigokensaku.mhlw.go.jp/14/index.php?action_kouhyou_detail_004_kani=true&JigyosyoCd=1473301883-00&ServiceCd=780&Type=search" }, "geometry": { "type": "Point", "coordinates": [ 139.542125544180294, 35.514641440505081 ] } },
{ "type": "Feature", "properties": { "内容": "RehaStyleアン　フルール【地域密着型通所介護】神奈川県横浜市緑区鴨居町2481第2串田ハイツ1階", "url2": "https://www.kaigokensaku.mhlw.go.jp/14/index.php?action_kouhyou_detail_004_kani=true&JigyosyoCd=1473301925-00&ServiceCd=780&Type=search" }, "geometry": { "type": "Point", "coordinates": [ 139.564467499999978, 35.5020751 ] } },
{ "type": "Feature", "properties": { "内容": "デイサービス・くまさん【地域密着型通所介護】神奈川県横浜市緑区白山3－1－9", "url2": "https://www.kaigokensaku.mhlw.go.jp/14/index.php?action_kouhyou_detail_004_kani=true&JigyosyoCd=1473302014-00&ServiceCd=780&Type=search" }, "geometry": { "type": "Point", "coordinates": [ 139.551704400000062, 35.5074658 ] } },
{ "type": "Feature", "properties": { "内容": "デイサービスゆかい【地域密着型通所介護】神奈川県横浜市緑区寺山町518-11", "url2": "https://www.kaigokensaku.mhlw.go.jp/14/index.php?action_kouhyou_detail_004_kani=true&JigyosyoCd=1473302022-00&ServiceCd=780&Type=search" }, "geometry": { "type": "Point", "coordinates": [ 139.541267242327876, 35.506991555399821 ] } },
{ "type": "Feature", "properties": { "内容": "デイのんな【地域密着型通所介護】神奈川県横浜市緑区中山２丁目６番１号", "url2": "https://www.kaigokensaku.mhlw.go.jp/14/index.php?action_kouhyou_detail_004_kani=true&JigyosyoCd=1473302030-00&ServiceCd=780&Type=search" }, "geometry": { "type": "Point", "coordinates": [ 139.546483255819709, 35.515563959561966 ] } },
{ "type": "Feature", "properties": { "内容": "茶話本舗デイサ－ビス新上山【地域密着型通所介護】神奈川県横浜市緑区上山３-１０-８", "url2": "https://www.kaigokensaku.mhlw.go.jp/14/index.php?action_kouhyou_detail_004_kani=true&JigyosyoCd=1473302105-00&ServiceCd=780&Type=search" }, "geometry": { "type": "Point", "coordinates": [ 139.547035400000027, 35.5034163 ] } },
{ "type": "Feature", "properties": { "内容": "fureai中山店【地域密着型通所介護】神奈川県横浜市緑区中山3-19-1オオシバレジデンス1階", "url2": "https://www.kaigokensaku.mhlw.go.jp/14/index.php?action_kouhyou_detail_004_kani=true&JigyosyoCd=1493300329-00&ServiceCd=780&Type=search" }, "geometry": { "type": "Point", "coordinates": [ 139.547021500000028, 35.5145955 ] } },
{ "type": "Feature", "properties": { "内容": "ｆｕｒｅａｉ鴨居店【地域密着型通所介護】神奈川県横浜市緑区鴨居3-6-4I・I・Mビル　1階", "url2": "https://www.kaigokensaku.mhlw.go.jp/14/index.php?action_kouhyou_detail_004_kani=true&JigyosyoCd=1493300444-00&ServiceCd=780&Type=search" }, "geometry": { "type": "Point", "coordinates": [ 139.56837680000001, 35.5082776 ] } },
{ "type": "Feature", "properties": { "内容": "GMCリハビリデイサービス【地域密着型通所介護】神奈川県横浜市緑区中山一丁目5番27-102号サンライズT", "url2": "https://www.kaigokensaku.mhlw.go.jp/14/index.php?action_kouhyou_detail_004_kani=true&JigyosyoCd=1493300451-00&ServiceCd=780&Type=search" }, "geometry": { "type": "Point", "coordinates": [ 139.541480299999989, 35.5145927 ] } },
{ "type": "Feature", "properties": { "内容": "アースサポート横浜緑【地域密着型通所介護】神奈川県横浜市緑区三保町1806番地1", "url2": "https://www.kaigokensaku.mhlw.go.jp/14/index.php?action_kouhyou_detail_004_kani=true&JigyosyoCd=1493300535-00&ServiceCd=780&Type=search" }, "geometry": { "type": "Point", "coordinates": [ 139.5288348, 35.5192395 ] } },
{ "type": "Feature", "properties": { "内容": "横浜市東本郷地域ケアプラザ【地域密着型通所介護】神奈川県横浜市緑区東本郷5-5-6", "url2": "https://www.kaigokensaku.mhlw.go.jp/14/index.php?action_kouhyou_detail_004_kani=true&JigyosyoCd=1493300568-00&ServiceCd=780&Type=search" }, "geometry": { "type": "Point", "coordinates": [ 139.5855798, 35.508967 ] } },
{ "type": "Feature", "properties": { "内容": "デイサービスウィズ・ユー長津田【地域密着型通所介護】神奈川県横浜市緑区長津田みなみ台4-4-4クリニックモールみなみ台2F", "url2": "https://www.kaigokensaku.mhlw.go.jp/14/index.php?action_kouhyou_detail_004_kani=true&JigyosyoCd=1493300386-00&ServiceCd=780&Type=search" }, "geometry": { "type": "Point", "coordinates": [ 139.5010119, 35.5209302 ] } },
{ "type": "Feature", "properties": { "内容": "リハビリフィットネス　ゆずりは　中山【地域密着型通所介護】神奈川県横浜市緑区中山4-24-10千鳥ハイツ101", "url2": "https://www.kaigokensaku.mhlw.go.jp/14/index.php?action_kouhyou_detail_004_kani=true&JigyosyoCd=1493300584-00&ServiceCd=780&Type=search" }, "geometry": { "type": "Point", "coordinates": [ 139.9630783, 35.7252879 ] } },
{ "type": "Feature", "properties": { "内容": "ＧＭＣリハビリデイサービス十日市場【地域密着型通所介護】神奈川県横浜市緑区十日市場816‐41階", "url2": "https://www.kaigokensaku.mhlw.go.jp/14/index.php?action_kouhyou_detail_004_kani=true&JigyosyoCd=1493300592-00&ServiceCd=780&Type=search" }, "geometry": { "type": "Point", "coordinates": [ 139.5165426, 35.523904 ] } },
{ "type": "Feature", "properties": { "内容": "ビーナスプラス横浜十日市場【地域密着型通所介護】神奈川県横浜市緑区十日市場町849-6アドバンス第5　1F-A号室", "url2": "https://www.kaigokensaku.mhlw.go.jp/14/index.php?action_kouhyou_detail_004_kani=true&JigyosyoCd=1493300600-00&ServiceCd=780&Type=search" }, "geometry": { "type": "Point", "coordinates": [ 139.509905499999974, 35.5232159 ] } },
{ "type": "Feature", "properties": { "内容": "デイサービスたのし～む。十日市場【地域密着型通所介護】神奈川県横浜市緑区十日市場町913―8", "url2": "https://www.kaigokensaku.mhlw.go.jp/14/index.php?action_kouhyou_detail_004_kani=true&JigyosyoCd=1493300626-00&ServiceCd=780&Type=search" }, "geometry": { "type": "Point", "coordinates": [ 139.521438, 35.5230518 ] } },
{ "type": "Feature", "properties": { "内容": "fureai十日市場店【地域密着型通所介護】神奈川県横浜市緑区十日市場町813-5北辰第二ビル１階", "url2": "https://www.kaigokensaku.mhlw.go.jp/14/index.php?action_kouhyou_detail_004_kani=true&JigyosyoCd=1493300659-00&ServiceCd=780&Type=search" }, "geometry": { "type": "Point", "coordinates": [ 139.5134026, 35.524573 ] } },
{ "type": "Feature", "properties": { "内容": "wakuwakuファミリーＧＥＮＫＩ長津田【地域密着型通所介護】神奈川県横浜市緑区長津田4-8-3", "url2": "https://www.kaigokensaku.mhlw.go.jp/14/index.php?action_kouhyou_detail_004_kani=true&JigyosyoCd=1473302147-00&ServiceCd=780&Type=search" }, "geometry": { "type": "Point", "coordinates": [ 139.494558, 35.533903100000011 ] } },
{ "type": "Feature", "properties": { "内容": "デイサービス　いこい家　十日市場【地域密着型通所介護】神奈川県横浜市緑区十日市場町866番地の５サードアドバンス1階D号室", "url2": "https://www.kaigokensaku.mhlw.go.jp/14/index.php?action_kouhyou_detail_004_kani=true&JigyosyoCd=1493300543-00&ServiceCd=780&Type=search" }, "geometry": { "type": "Point", "coordinates": [ 139.5111544, 35.5256723 ] } },
{ "type": "Feature", "properties": { "内容": "一織庵瀬谷二番館【地域密着型通所介護】神奈川県横浜市瀬谷区北新4-72F", "url2": "https://www.kaigokensaku.mhlw.go.jp/14/index.php?action_kouhyou_detail_004_kani=true&JigyosyoCd=1493400467-00&ServiceCd=780&Type=search" }, "geometry": { "type": "Point", "coordinates": [ 139.4769727, 35.4597364 ] } },
{ "type": "Feature", "properties": { "内容": "デイサービス元氣村【地域密着型通所介護】神奈川県横浜市瀬谷区南台１－２０－１", "url2": "https://www.kaigokensaku.mhlw.go.jp/14/index.php?action_kouhyou_detail_004_kani=true&JigyosyoCd=1473400800-00&ServiceCd=780&Type=search" }, "geometry": { "type": "Point", "coordinates": [ 139.491176799999948, 35.4630656 ] } },
{ "type": "Feature", "properties": { "内容": "ハートリンク瀬谷【地域密着型通所介護】神奈川県横浜市瀬谷区相沢6-7-3", "url2": "https://www.kaigokensaku.mhlw.go.jp/14/index.php?action_kouhyou_detail_004_kani=true&JigyosyoCd=1473400891-00&ServiceCd=780&Type=search" }, "geometry": { "type": "Point", "coordinates": [ 139.487112700000012, 35.4779491 ] } },
{ "type": "Feature", "properties": { "内容": "デイサービス　みずのと【地域密着型通所介護】神奈川県横浜市瀬谷区南瀬谷２－３－１６", "url2": "https://www.kaigokensaku.mhlw.go.jp/14/index.php?action_kouhyou_detail_004_kani=true&JigyosyoCd=1473401055-00&ServiceCd=780&Type=search" }, "geometry": { "type": "Point", "coordinates": [ 139.484497199999964, 35.4437261 ] } },
{ "type": "Feature", "properties": { "内容": "デイサービスセンター　陽と花【地域密着型通所介護】神奈川県横浜市瀬谷区阿久和西2-8-4", "url2": "https://www.kaigokensaku.mhlw.go.jp/14/index.php?action_kouhyou_detail_004_kani=true&JigyosyoCd=1473401089-00&ServiceCd=780&Type=search" }, "geometry": { "type": "Point", "coordinates": [ 139.4984571, 35.4523447 ] } },
{ "type": "Feature", "properties": { "内容": "デイサービス　らんど【地域密着型通所介護】神奈川県横浜市瀬谷区相沢2-26-3", "url2": "https://www.kaigokensaku.mhlw.go.jp/14/index.php?action_kouhyou_detail_004_kani=true&JigyosyoCd=1473401402-00&ServiceCd=780&Type=search" }, "geometry": { "type": "Point", "coordinates": [ 139.488882200000035, 35.4725753 ] } },
{ "type": "Feature", "properties": { "内容": "デイサービス　真心苑【地域密着型通所介護】神奈川県横浜市瀬谷区阿久和東1-51-1", "url2": "https://www.kaigokensaku.mhlw.go.jp/14/index.php?action_kouhyou_detail_004_kani=true&JigyosyoCd=1473401410-00&ServiceCd=780&Type=search" }, "geometry": { "type": "Point", "coordinates": [ 139.5066253, 35.4571441 ] } },
{ "type": "Feature", "properties": { "内容": "ぽかぽかプラザデイサービス【地域密着型通所介護】神奈川県横浜市瀬谷区阿久和南4-8-1ショッピングセンター内１Ｆ", "url2": "https://www.kaigokensaku.mhlw.go.jp/14/index.php?action_kouhyou_detail_004_kani=true&JigyosyoCd=1473401493-00&ServiceCd=780&Type=search" }, "geometry": { "type": "Point", "coordinates": [ 139.4981904, 35.4402728 ] } },
{ "type": "Feature", "properties": { "内容": "ｆｕｒｅａｉ瀬谷店【地域密着型通所介護】神奈川県横浜市瀬谷区瀬谷4-30-2", "url2": "https://www.kaigokensaku.mhlw.go.jp/14/index.php?action_kouhyou_detail_004_kani=true&JigyosyoCd=1493400343-00&ServiceCd=780&Type=search" }, "geometry": { "type": "Point", "coordinates": [ 139.480507900000021, 35.4668843 ] } },
{ "type": "Feature", "properties": { "内容": "デイサービスコトコト瀬谷南台【地域密着型通所介護】神奈川県横浜市瀬谷区南台1丁目44番地3号メゾンド瀬谷101", "url2": "https://www.kaigokensaku.mhlw.go.jp/14/index.php?action_kouhyou_detail_004_kani=true&JigyosyoCd=1493400384-00&ServiceCd=780&Type=search" }, "geometry": { "type": "Point", "coordinates": [ 139.4882241, 35.46447 ] } },
{ "type": "Feature", "properties": { "内容": "あしたのリハビリセンターほんごう【地域密着型通所介護】神奈川県横浜市瀬谷区本郷1-15-1", "url2": "https://www.kaigokensaku.mhlw.go.jp/14/index.php?action_kouhyou_detail_004_kani=true&JigyosyoCd=1493400392-00&ServiceCd=780&Type=search" }, "geometry": { "type": "Point", "coordinates": [ 139.4764495, 35.474822100000011 ] } },
{ "type": "Feature", "properties": { "内容": "デイサービスコトプラス相沢【地域密着型通所介護】神奈川県横浜市瀬谷区相沢2-8-7", "url2": "https://www.kaigokensaku.mhlw.go.jp/14/index.php?action_kouhyou_detail_004_kani=true&JigyosyoCd=1493400426-00&ServiceCd=780&Type=search" }, "geometry": { "type": "Point", "coordinates": [ 139.4907239, 35.4714939 ] } },
{ "type": "Feature", "properties": { "内容": "あしたのリハビリセンター【地域密着型通所介護】神奈川県横浜市瀬谷区阿久和東3-23-4阿久和ビル1階", "url2": "https://www.kaigokensaku.mhlw.go.jp/14/index.php?action_kouhyou_detail_004_kani=true&JigyosyoCd=1473401279-00&ServiceCd=780&Type=search" }, "geometry": { "type": "Point", "coordinates": [ 139.50748980000003, 35.4477285 ] } },
{ "type": "Feature", "properties": { "内容": "イオリアーノ【地域密着型通所介護】神奈川県横浜市瀬谷区北新4-71F", "url2": "https://www.kaigokensaku.mhlw.go.jp/14/index.php?action_kouhyou_detail_004_kani=true&JigyosyoCd=1493400475-00&ServiceCd=780&Type=search" }, "geometry": { "type": "Point", "coordinates": [ 139.4769727, 35.4599874 ] } },
{ "type": "Feature", "properties": { "内容": "デイサービスセンター　陽と花　本郷【地域密着型通所介護】神奈川県横浜市瀬谷区本郷2-15-1ACTビル1階", "url2": "https://www.kaigokensaku.mhlw.go.jp/14/index.php?action_kouhyou_detail_004_kani=true&JigyosyoCd=1473401311-00&ServiceCd=780&Type=search" }, "geometry": { "type": "Point", "coordinates": [ 139.480349199999978, 35.4770269 ] } },
{ "type": "Feature", "properties": { "内容": "サロンデイリフレ瀬谷南台【地域密着型通所介護】神奈川県横浜市瀬谷区南台1－3－11", "url2": "https://www.kaigokensaku.mhlw.go.jp/14/index.php?action_kouhyou_detail_004_kani=true&JigyosyoCd=1473401576-00&ServiceCd=780&Type=search" }, "geometry": { "type": "Point", "coordinates": [ 139.489993499999969, 35.4654542 ] } },
{ "type": "Feature", "properties": { "内容": "デイサービスハレルヤ！【地域密着型通所介護】神奈川県横浜市瀬谷区北新37-4", "url2": "https://www.kaigokensaku.mhlw.go.jp/14/index.php?action_kouhyou_detail_004_kani=true&JigyosyoCd=1493400350-00&ServiceCd=780&Type=search" }, "geometry": { "type": "Point", "coordinates": [ 139.475941799999958, 35.4563549 ] } },
{ "type": "Feature", "properties": { "内容": "一織庵瀬谷町【地域密着型通所介護】神奈川県横浜市瀬谷区本郷4-26-3", "url2": "https://www.kaigokensaku.mhlw.go.jp/14/index.php?action_kouhyou_detail_004_kani=true&JigyosyoCd=1493400442-00&ServiceCd=780&Type=search" }, "geometry": { "type": "Point", "coordinates": [ 139.482393276721211, 35.479953721586611 ] } },
{ "type": "Feature", "properties": { "内容": "樹楽　大船【地域密着型通所介護】神奈川県横浜市栄区笠間３－３８－８", "url2": "https://www.kaigokensaku.mhlw.go.jp/14/index.php?action_kouhyou_detail_004_kani=true&JigyosyoCd=1473501227-00&ServiceCd=780&Type=search" }, "geometry": { "type": "Point", "coordinates": [ 139.530460400000038, 35.3609205 ] } },
{ "type": "Feature", "properties": { "内容": "デイサービス散歩道【地域密着型通所介護】神奈川県横浜市栄区笠間４丁目１０番３号笠間クリニックビル1F", "url2": "https://www.kaigokensaku.mhlw.go.jp/14/index.php?action_kouhyou_detail_004_kani=true&JigyosyoCd=1473501292-00&ServiceCd=780&Type=search" }, "geometry": { "type": "Point", "coordinates": [ 139.536867120901434, 35.362824371140746 ] } },
{ "type": "Feature", "properties": { "内容": "らいおんハートリハビリ温泉デイサービスあおば笠間【地域密着型通所介護】神奈川県横浜市栄区笠間4-11-11秋本ビル　1階", "url2": "https://www.kaigokensaku.mhlw.go.jp/14/index.php?action_kouhyou_detail_004_kani=true&JigyosyoCd=1493500415-00&ServiceCd=780&Type=search" }, "geometry": { "type": "Point", "coordinates": [ 139.5369924, 35.3626897 ] } },
{ "type": "Feature", "properties": { "内容": "デイサービスのんな栄【地域密着型通所介護】神奈川県横浜市栄区桂台西2-4-1メゾンフルール1F", "url2": "https://www.kaigokensaku.mhlw.go.jp/14/index.php?action_kouhyou_detail_004_kani=true&JigyosyoCd=1493500530-00&ServiceCd=780&Type=search" }, "geometry": { "type": "Point", "coordinates": [ 139.563607693254113, 35.353836675945672 ] } },
{ "type": "Feature", "properties": { "内容": "上郷苑【地域密着型通所介護】神奈川県横浜市栄区野七里1-36-1", "url2": "https://www.kaigokensaku.mhlw.go.jp/14/index.php?action_kouhyou_detail_004_kani=true&JigyosyoCd=1473500062-00&ServiceCd=780&Type=search" }, "geometry": { "type": "Point", "coordinates": [ 139.576368099999968, 35.3476832 ] } },
{ "type": "Feature", "properties": { "内容": "通所介護　すずらん【地域密着型通所介護】神奈川県横浜市栄区桂町２７９－４", "url2": "https://www.kaigokensaku.mhlw.go.jp/14/index.php?action_kouhyou_detail_004_kani=true&JigyosyoCd=1473500674-00&ServiceCd=780&Type=search" }, "geometry": { "type": "Point", "coordinates": [ 139.5520424, 35.3628453 ] } },
{ "type": "Feature", "properties": { "内容": "デイサービスセンター　ほほ笑み【地域密着型通所介護】神奈川県横浜市栄区桂台西２丁目12-13", "url2": "https://www.kaigokensaku.mhlw.go.jp/14/index.php?action_kouhyou_detail_004_kani=true&JigyosyoCd=1473500799-00&ServiceCd=780&Type=search" }, "geometry": { "type": "Point", "coordinates": [ 139.563208388334544, 35.355428989466802 ] } },
{ "type": "Feature", "properties": { "内容": "福祉クラブ生協Dayいのやま【地域密着型通所介護】神奈川県横浜市栄区犬山町５３－１８", "url2": "https://www.kaigokensaku.mhlw.go.jp/14/index.php?action_kouhyou_detail_004_kani=true&JigyosyoCd=1473500831-00&ServiceCd=780&Type=search" }, "geometry": { "type": "Point", "coordinates": [ 139.571057399999972, 35.3531548 ] } },
{ "type": "Feature", "properties": { "内容": "デイサービスさぼてんの花【地域密着型通所介護】神奈川県横浜市栄区上郷町６８４－７", "url2": "https://www.kaigokensaku.mhlw.go.jp/14/index.php?action_kouhyou_detail_004_kani=true&JigyosyoCd=1473501177-00&ServiceCd=780&Type=search" }, "geometry": { "type": "Point", "coordinates": [ 139.573681760713129, 35.362941543352619 ] } },
{ "type": "Feature", "properties": { "内容": "リハビリデイセンター悠　本郷台【地域密着型通所介護】神奈川県横浜市栄区桂町324-5", "url2": "https://www.kaigokensaku.mhlw.go.jp/14/index.php?action_kouhyou_detail_004_kani=true&JigyosyoCd=1473501235-00&ServiceCd=780&Type=search" }, "geometry": { "type": "Point", "coordinates": [ 139.554445642991595, 35.363284717625952 ] } },
{ "type": "Feature", "properties": { "内容": "デイサービスラクナール　アネックス【地域密着型通所介護】神奈川県横浜市栄区本郷台5-32-11", "url2": "https://www.kaigokensaku.mhlw.go.jp/14/index.php?action_kouhyou_detail_004_kani=true&JigyosyoCd=1493500365-00&ServiceCd=780&Type=search" }, "geometry": { "type": "Point", "coordinates": [ 139.551092499999982, 35.3825212 ] } },
{ "type": "Feature", "properties": { "内容": "レコードブック横浜上郷【地域密着型通所介護】神奈川県横浜市栄区上郷町233高橋ビル1階", "url2": "https://www.kaigokensaku.mhlw.go.jp/14/index.php?action_kouhyou_detail_004_kani=true&JigyosyoCd=1493500381-00&ServiceCd=780&Type=search" }, "geometry": { "type": "Point", "coordinates": [ 139.57258250000001, 35.3641493 ] } },
{ "type": "Feature", "properties": { "内容": "デイサービス　ラクナール　ネクスト【地域密着型通所介護】神奈川県横浜市栄区本郷台2-6-17第二MTビル1階", "url2": "https://www.kaigokensaku.mhlw.go.jp/14/index.php?action_kouhyou_detail_004_kani=true&JigyosyoCd=1493500399-00&ServiceCd=780&Type=search" }, "geometry": { "type": "Point", "coordinates": [ 139.5468603, 35.3706101 ] } },
{ "type": "Feature", "properties": { "内容": "デイサービスさぼてんの花２号館【地域密着型通所介護】神奈川県横浜市栄区上郷町684-1", "url2": "https://www.kaigokensaku.mhlw.go.jp/14/index.php?action_kouhyou_detail_004_kani=true&JigyosyoCd=1493500407-00&ServiceCd=780&Type=search" }, "geometry": { "type": "Point", "coordinates": [ 139.573876783467085, 35.362870627717875 ] } },
{ "type": "Feature", "properties": { "内容": "ヒラックス犬山【地域密着型通所介護】神奈川県横浜市栄区犬山町59−1", "url2": "https://www.kaigokensaku.mhlw.go.jp/14/index.php?action_kouhyou_detail_004_kani=true&JigyosyoCd=1493500423-00&ServiceCd=780&Type=search" }, "geometry": { "type": "Point", "coordinates": [ 139.5723437, 35.3529131 ] } },
{ "type": "Feature", "properties": { "内容": "デイサービス　下倉田つどい【地域密着型通所介護】神奈川県横浜市栄区鍛冶ヶ谷1-29-11", "url2": "https://www.kaigokensaku.mhlw.go.jp/14/index.php?action_kouhyou_detail_004_kani=true&JigyosyoCd=1471003184-00&ServiceCd=780&Type=search" }, "geometry": { "type": "Point", "coordinates": [ 139.565001594224839, 35.370052318437331 ] } },
{ "type": "Feature", "properties": { "内容": "デイサービスやわらかい【地域密着型通所介護】神奈川県横浜市栄区公田町935-7湘南スカイハイツ店舗", "url2": "https://www.kaigokensaku.mhlw.go.jp/14/index.php?action_kouhyou_detail_004_kani=true&JigyosyoCd=1473501128-00&ServiceCd=780&Type=search" }, "geometry": { "type": "Point", "coordinates": [ 139.554848341139177, 35.35394187228399 ] } },
{ "type": "Feature", "properties": { "内容": "ふれあいの家　いきいきデイサービス【地域密着型通所介護】神奈川県横浜市栄区上郷町703-1", "url2": "https://www.kaigokensaku.mhlw.go.jp/14/index.php?action_kouhyou_detail_004_kani=true&JigyosyoCd=1473501391-00&ServiceCd=780&Type=search" }, "geometry": { "type": "Point", "coordinates": [ 139.576138697553233, 35.363182858416685 ] } },
{ "type": "Feature", "properties": { "内容": "ソレイルミナーレ田谷【地域密着型通所介護】神奈川県横浜市栄区田谷町1534番地3", "url2": "https://www.kaigokensaku.mhlw.go.jp/14/index.php?action_kouhyou_detail_004_kani=true&JigyosyoCd=1493500498-00&ServiceCd=780&Type=search" }, "geometry": { "type": "Point", "coordinates": [ 139.5214583, 35.3701564 ] } },
{ "type": "Feature", "properties": { "内容": "でい・さろん泉【地域密着型通所介護】神奈川県横浜市栄区飯島町1516-5", "url2": "https://www.kaigokensaku.mhlw.go.jp/14/index.php?action_kouhyou_detail_004_kani=true&JigyosyoCd=1493500340-00&ServiceCd=780&Type=search" }, "geometry": { "type": "Point", "coordinates": [ 139.5391598, 35.370286 ] } },
{ "type": "Feature", "properties": { "内容": "生活機能向上型デイサービスラクナール【地域密着型通所介護】神奈川県横浜市栄区本郷台２－６－１７第２ＭＴビル１階", "url2": "https://www.kaigokensaku.mhlw.go.jp/14/index.php?action_kouhyou_detail_004_kani=true&JigyosyoCd=1493500357-00&ServiceCd=780&Type=search" }, "geometry": { "type": "Point", "coordinates": [ 139.546851, 35.3706777 ] } },
{ "type": "Feature", "properties": { "内容": "歩行訓練特化型デイサービス　ashiato上飯田店【地域密着型通所介護】神奈川県横浜市泉区和泉町6548-1　1F", "url2": "https://www.kaigokensaku.mhlw.go.jp/14/index.php?action_kouhyou_detail_004_kani=true&JigyosyoCd=1493600561-00&ServiceCd=780&Type=search" }, "geometry": { "type": "Point", "coordinates": [ 139.4848044, 35.4289654 ] } },
{ "type": "Feature", "properties": { "内容": "fureai立場店【地域密着型通所介護】神奈川県横浜市泉区和泉中央北2-6-10メゾンイズミ１階", "url2": "https://www.kaigokensaku.mhlw.go.jp/14/index.php?action_kouhyou_detail_004_kani=true&JigyosyoCd=1493600587-00&ServiceCd=780&Type=search" }, "geometry": { "type": "Point", "coordinates": [ 139.497505499999988, 35.415138 ] } },
{ "type": "Feature", "properties": { "内容": "リハビリデイサービスnagomi横浜下飯田店【地域密着型通所介護】神奈川県横浜市泉区下飯田町744-1SSハイツ101", "url2": "https://www.kaigokensaku.mhlw.go.jp/14/index.php?action_kouhyou_detail_004_kani=true&JigyosyoCd=1493600595-00&ServiceCd=780&Type=search" }, "geometry": { "type": "Point", "coordinates": [ 139.480241299999989, 35.3953926 ] } },
{ "type": "Feature", "properties": { "内容": "医療生協かながわ生活協同組合　中田診療所【地域密着型通所介護】神奈川県横浜市泉区中田東3-3-27", "url2": "https://www.kaigokensaku.mhlw.go.jp/14/index.php?action_kouhyou_detail_004_kani=true&JigyosyoCd=1413600228-00&ServiceCd=780&Type=search" }, "geometry": { "type": "Point", "coordinates": [ 139.511948649304713, 35.411579456540984 ] } },
{ "type": "Feature", "properties": { "内容": "居宅介護支援センター　希望苑【地域密着型通所介護】神奈川県横浜市泉区池の谷3901-1", "url2": "https://www.kaigokensaku.mhlw.go.jp/14/index.php?action_kouhyou_detail_004_kani=true&JigyosyoCd=1473600045-00&ServiceCd=780&Type=search" }, "geometry": { "type": "Point", "coordinates": [ 139.519097200000033, 35.4486312 ] } },
{ "type": "Feature", "properties": { "内容": "相生荘デイサービスセンター【地域密着型通所介護】神奈川県横浜市泉区新橋町１８０５", "url2": "https://www.kaigokensaku.mhlw.go.jp/14/index.php?action_kouhyou_detail_004_kani=true&JigyosyoCd=1473600169-00&ServiceCd=780&Type=search" }, "geometry": { "type": "Point", "coordinates": [ 139.5108646, 35.4415404 ] } },
{ "type": "Feature", "properties": { "内容": "特別養護老人ホーム　白寿荘【地域密着型通所介護】神奈川県横浜市泉区和泉町６１８１番地", "url2": "https://www.kaigokensaku.mhlw.go.jp/14/index.php?action_kouhyou_detail_004_kani=true&JigyosyoCd=1473600185-00&ServiceCd=780&Type=search" }, "geometry": { "type": "Point", "coordinates": [ 139.497776899999963, 35.4332803 ] } },
{ "type": "Feature", "properties": { "内容": "デイサービスセンター天王森の郷【地域密着型通所介護】神奈川県横浜市泉区和泉町733", "url2": "https://www.kaigokensaku.mhlw.go.jp/14/index.php?action_kouhyou_detail_004_kani=true&JigyosyoCd=1473600367-00&ServiceCd=780&Type=search" }, "geometry": { "type": "Point", "coordinates": [ 139.487655600000011, 35.3963488 ] } },
{ "type": "Feature", "properties": { "内容": "イーハトーブ【地域密着型通所介護】神奈川県横浜市泉区中田南3-6-1希光ビル302", "url2": "https://www.kaigokensaku.mhlw.go.jp/14/index.php?action_kouhyou_detail_004_kani=true&JigyosyoCd=1473600771-00&ServiceCd=780&Type=search" }, "geometry": { "type": "Point", "coordinates": [ 139.51032859999998, 35.4114023 ] } },
{ "type": "Feature", "properties": { "内容": "ケアセンターメヌエットたてば【地域密着型通所介護】神奈川県横浜市泉区中田西1-16-25", "url2": "https://www.kaigokensaku.mhlw.go.jp/14/index.php?action_kouhyou_detail_004_kani=true&JigyosyoCd=1473601340-00&ServiceCd=780&Type=search" }, "geometry": { "type": "Point", "coordinates": [ 139.500632200000041, 35.4115412 ] } },
{ "type": "Feature", "properties": { "内容": "生活維持向上倶楽部「扉」【地域密着型通所介護】神奈川県横浜市泉区中田東3-6-42", "url2": "https://www.kaigokensaku.mhlw.go.jp/14/index.php?action_kouhyou_detail_004_kani=true&JigyosyoCd=1473601621-00&ServiceCd=780&Type=search" }, "geometry": { "type": "Point", "coordinates": [ 139.511750969311521, 35.41408679503563 ] } },
{ "type": "Feature", "properties": { "内容": "一笑苑　横浜泉【地域密着型通所介護】神奈川県横浜市泉区上飯田町2670番地32棟　いちょうマート内", "url2": "https://www.kaigokensaku.mhlw.go.jp/14/index.php?action_kouhyou_detail_004_kani=true&JigyosyoCd=1473601787-00&ServiceCd=780&Type=search" }, "geometry": { "type": "Point", "coordinates": [ 139.473273100000029, 35.43223 ] } },
{ "type": "Feature", "properties": { "内容": "デイサービス　りぼん【地域密着型通所介護】神奈川県横浜市泉区和泉が丘3-14-32", "url2": "https://www.kaigokensaku.mhlw.go.jp/14/index.php?action_kouhyou_detail_004_kani=true&JigyosyoCd=1473601951-00&ServiceCd=780&Type=search" }, "geometry": { "type": "Point", "coordinates": [ 139.492960700000026, 35.404742 ] } },
{ "type": "Feature", "properties": { "内容": "リハビリセンターファミリー「つる」【地域密着型通所介護】神奈川県横浜市泉区中田南4-34-7", "url2": "https://www.kaigokensaku.mhlw.go.jp/14/index.php?action_kouhyou_detail_004_kani=true&JigyosyoCd=1473601969-00&ServiceCd=780&Type=search" }, "geometry": { "type": "Point", "coordinates": [ 139.50557619999995, 35.405439200000011 ] } },
{ "type": "Feature", "properties": { "内容": "デイサービス桜花乃郷　新橋町の家【地域密着型通所介護】神奈川県横浜市泉区新橋町1342-13", "url2": "https://www.kaigokensaku.mhlw.go.jp/14/index.php?action_kouhyou_detail_004_kani=true&JigyosyoCd=1493600314-00&ServiceCd=780&Type=search" }, "geometry": { "type": "Point", "coordinates": [ 139.515212800000029, 35.4367067 ] } },
{ "type": "Feature", "properties": { "内容": "横浜市踊場地域ケアプラザ【地域密着型通所介護】神奈川県横浜市泉区中田東1-4-6", "url2": "https://www.kaigokensaku.mhlw.go.jp/14/index.php?action_kouhyou_detail_004_kani=true&JigyosyoCd=1493600330-00&ServiceCd=780&Type=search" }, "geometry": { "type": "Point", "coordinates": [ 139.518200100000058, 35.4061308 ] } },
{ "type": "Feature", "properties": { "内容": "シェフズデイサービス緑園【地域密着型通所介護】神奈川県横浜市泉区緑園5-29-7スーパーコート緑園都市ビューヒルズB号室", "url2": "https://www.kaigokensaku.mhlw.go.jp/14/index.php?action_kouhyou_detail_004_kani=true&JigyosyoCd=1493600348-00&ServiceCd=780&Type=search" }, "geometry": { "type": "Point", "coordinates": [ 139.525745588360564, 35.444001200000102 ] } },
{ "type": "Feature", "properties": { "内容": "リハビリ型デイサービス　プラス上飯田店【地域密着型通所介護】神奈川県横浜市泉区和泉町6548-1丸辰ビル１階", "url2": "https://www.kaigokensaku.mhlw.go.jp/14/index.php?action_kouhyou_detail_004_kani=true&JigyosyoCd=1493600439-00&ServiceCd=780&Type=search" }, "geometry": { "type": "Point", "coordinates": [ 139.484801899999979, 35.4289588 ] } },
{ "type": "Feature", "properties": { "内容": "生活維持向上倶楽部「匠」【地域密着型通所介護】神奈川県横浜市泉区中田東1-3-21鈴木ビル１Ｆ", "url2": "https://www.kaigokensaku.mhlw.go.jp/14/index.php?action_kouhyou_detail_004_kani=true&JigyosyoCd=1493600447-00&ServiceCd=780&Type=search" }, "geometry": { "type": "Point", "coordinates": [ 139.51929500212691, 35.407261386051523 ] } },
{ "type": "Feature", "properties": { "内容": "デイサービスセンター　陽と花　いずみ【地域密着型通所介護】神奈川県横浜市泉区和泉町7315番地11エムひなた山ハイツ1階", "url2": "https://www.kaigokensaku.mhlw.go.jp/14/index.php?action_kouhyou_detail_004_kani=true&JigyosyoCd=1493600462-00&ServiceCd=780&Type=search" }, "geometry": { "type": "Point", "coordinates": [ 139.4850877, 35.4427982 ] } },
{ "type": "Feature", "properties": { "内容": "デイサービスかたくりの里　中田南【地域密着型通所介護】神奈川県横浜市泉区中田南2-12-2グランプラス", "url2": "https://www.kaigokensaku.mhlw.go.jp/14/index.php?action_kouhyou_detail_004_kani=true&JigyosyoCd=1493600470-00&ServiceCd=780&Type=search" }, "geometry": { "type": "Point", "coordinates": [ 139.512171941664121, 35.409527032135685 ] } },
{ "type": "Feature", "properties": { "内容": "リハビリデイサービス　クララ　弥生台【地域密着型通所介護】神奈川県横浜市泉区西が岡2-9-3", "url2": "https://www.kaigokensaku.mhlw.go.jp/14/index.php?action_kouhyou_detail_004_kani=true&JigyosyoCd=1493600512-00&ServiceCd=780&Type=search" }, "geometry": { "type": "Point", "coordinates": [ 139.5171226, 35.4224805 ] } },
{ "type": "Feature", "properties": { "内容": "ケアセンターメヌエットみどりの丘【地域密着型通所介護】神奈川県横浜市泉区緑園2-17-1英興ハイツ1階", "url2": "https://www.kaigokensaku.mhlw.go.jp/14/index.php?action_kouhyou_detail_004_kani=true&JigyosyoCd=1473601258-00&ServiceCd=780&Type=search" }, "geometry": { "type": "Point", "coordinates": [ 139.518530599999963, 35.4378714 ] } },
{ "type": "Feature", "properties": { "内容": "デイサービス　メヌエットリハビリセンター【地域密着型通所介護】神奈川県横浜市泉区領家4丁目2-1メイプル71F", "url2": "https://www.kaigokensaku.mhlw.go.jp/14/index.php?action_kouhyou_detail_004_kani=true&JigyosyoCd=1473601555-00&ServiceCd=780&Type=search" }, "geometry": { "type": "Point", "coordinates": [ 139.522619715782895, 35.416849452358839 ] } },
{ "type": "Feature", "properties": { "内容": "機能訓練型半日デイサービス　フォレスト【地域密着型通所介護】神奈川県横浜市泉区上飯田町2196-1", "url2": "https://www.kaigokensaku.mhlw.go.jp/14/index.php?action_kouhyou_detail_004_kani=true&JigyosyoCd=1493600645-00&ServiceCd=780&Type=search" }, "geometry": { "type": "Point", "coordinates": [ 139.481098477909853, 35.426810139425235 ] } },
{ "type": "Feature", "properties": { "内容": "ケアセンター　メヌエット【地域密着型通所介護】神奈川県横浜市泉区緑園2-7-11", "url2": "https://www.kaigokensaku.mhlw.go.jp/14/index.php?action_kouhyou_detail_004_kani=true&JigyosyoCd=1473600631-00&ServiceCd=780&Type=search" }, "geometry": { "type": "Point", "coordinates": [ 139.5188, 35.4381075 ] } },
{ "type": "Feature", "properties": { "内容": "労協横浜泉地域福祉事業所ここち【地域密着型通所介護】神奈川県横浜市泉区中田南５－３７－１８ユーコーハイツ１Ｆ", "url2": "https://www.kaigokensaku.mhlw.go.jp/14/index.php?action_kouhyou_detail_004_kani=true&JigyosyoCd=1473601183-00&ServiceCd=780&Type=search" }, "geometry": { "type": "Point", "coordinates": [ 139.507637100000011, 35.4041116 ] } },
{ "type": "Feature", "properties": { "内容": "スマイルハーモニー　弥栄【地域密着型通所介護】神奈川県横浜市泉区新橋町1382-5グランベールヨシミ　1階", "url2": "https://www.kaigokensaku.mhlw.go.jp/14/index.php?action_kouhyou_detail_004_kani=true&JigyosyoCd=1493600389-00&ServiceCd=780&Type=search" }, "geometry": { "type": "Point", "coordinates": [ 139.512821390772586, 35.436628019422592 ] } },
{ "type": "Feature", "properties": { "内容": "リハビリ型デイサービスプラス中田店【地域密着型通所介護】神奈川県横浜市泉区中田東1-34-22安西ビル１階", "url2": "https://www.kaigokensaku.mhlw.go.jp/14/index.php?action_kouhyou_detail_004_kani=true&JigyosyoCd=1493600413-00&ServiceCd=780&Type=search" }, "geometry": { "type": "Point", "coordinates": [ 139.515200400000026, 35.4080639 ] } },
{ "type": "Feature", "properties": { "内容": "アースサポート横浜泉【地域密着型通所介護】神奈川県横浜市泉区和泉中央北5-15-1アグリシャトル1階", "url2": "https://www.kaigokensaku.mhlw.go.jp/14/index.php?action_kouhyou_detail_004_kani=true&JigyosyoCd=1493600553-00&ServiceCd=780&Type=search" }, "geometry": { "type": "Point", "coordinates": [ 139.485486, 35.4178912 ] } },
{ "type": "Feature", "properties": { "内容": "一織庵和泉【地域密着型通所介護】神奈川県横浜市泉区和泉中央北6-34-8", "url2": "https://www.kaigokensaku.mhlw.go.jp/14/index.php?action_kouhyou_detail_004_kani=true&JigyosyoCd=1493600579-00&ServiceCd=780&Type=search" }, "geometry": { "type": "Point", "coordinates": [ 139.49263588372088, 35.424306932104791 ] } },
{ "type": "Feature", "properties": { "内容": "特別養護老人ホーム　ピア市ヶ尾【地域密着型通所介護】神奈川県横浜市青葉区市ケ尾町522-10", "url2": "https://www.kaigokensaku.mhlw.go.jp/14/index.php?action_kouhyou_detail_004_kani=true&JigyosyoCd=1473701058-00&ServiceCd=780&Type=search" }, "geometry": { "type": "Point", "coordinates": [ 139.544929799999977, 35.5429809 ] } },
{ "type": "Feature", "properties": { "内容": "デイサービス　またね会【地域密着型通所介護】神奈川県横浜市青葉区あざみ野4-17-9", "url2": "https://www.kaigokensaku.mhlw.go.jp/14/index.php?action_kouhyou_detail_004_kani=true&JigyosyoCd=1473702775-00&ServiceCd=780&Type=search" }, "geometry": { "type": "Point", "coordinates": [ 139.543066017196679, 35.575030632571725 ] } },
{ "type": "Feature", "properties": { "内容": "楓の風リハビリテーション颯　横浜青葉【地域密着型通所介護】神奈川県横浜市青葉区しらとり台５７－６プリムローズM　弐番館　１階", "url2": "https://www.kaigokensaku.mhlw.go.jp/14/index.php?action_kouhyou_detail_004_kani=true&JigyosyoCd=1473702833-00&ServiceCd=780&Type=search" }, "geometry": { "type": "Point", "coordinates": [ 139.513611844145572, 35.531796054993805 ] } },
{ "type": "Feature", "properties": { "内容": "フォレストケアサービス【地域密着型通所介護】神奈川県横浜市青葉区鴨志田町564-8レジデンス鴨清1F", "url2": "https://www.kaigokensaku.mhlw.go.jp/14/index.php?action_kouhyou_detail_004_kani=true&JigyosyoCd=1473703005-00&ServiceCd=780&Type=search" }, "geometry": { "type": "Point", "coordinates": [ 139.505606772021679, 35.559755132802913 ] } },
{ "type": "Feature", "properties": { "内容": "青葉リハビリセンター【地域密着型通所介護】神奈川県横浜市青葉区すすき野2-6-10サンオータムビル1Ｆ", "url2": "https://www.kaigokensaku.mhlw.go.jp/14/index.php?action_kouhyou_detail_004_kani=true&JigyosyoCd=1473703047-00&ServiceCd=780&Type=search" }, "geometry": { "type": "Point", "coordinates": [ 139.527265700000044, 35.5761817 ] } },
{ "type": "Feature", "properties": { "内容": "シェフズデイサービス青葉【地域密着型通所介護】神奈川県横浜市青葉区市ヶ尾町528-3", "url2": "https://www.kaigokensaku.mhlw.go.jp/14/index.php?action_kouhyou_detail_004_kani=true&JigyosyoCd=1473703203-00&ServiceCd=780&Type=search" }, "geometry": { "type": "Point", "coordinates": [ 139.545479600000021, 35.5452918 ] } },
{ "type": "Feature", "properties": { "内容": "シェフズデイサービス青空【地域密着型通所介護】神奈川県横浜市青葉区市ヶ尾町534-17", "url2": "https://www.kaigokensaku.mhlw.go.jp/14/index.php?action_kouhyou_detail_004_kani=true&JigyosyoCd=1493700445-00&ServiceCd=780&Type=search" }, "geometry": { "type": "Point", "coordinates": [ 139.544660199999953, 35.5457639 ] } },
{ "type": "Feature", "properties": { "内容": "デイサービス　かなで【地域密着型通所介護】神奈川県横浜市青葉区藤が丘2-30-1リテールホーム藤が丘２階", "url2": "https://www.kaigokensaku.mhlw.go.jp/14/index.php?action_kouhyou_detail_004_kani=true&JigyosyoCd=1493700486-00&ServiceCd=780&Type=search" }, "geometry": { "type": "Point", "coordinates": [ 139.525682677246067, 35.539995519052717 ] } },
{ "type": "Feature", "properties": { "内容": "レッツ倶楽部横浜青葉【地域密着型通所介護】神奈川県横浜市青葉区藤が丘2-38-11", "url2": "https://www.kaigokensaku.mhlw.go.jp/14/index.php?action_kouhyou_detail_004_kani=true&JigyosyoCd=1493700494-00&ServiceCd=780&Type=search" }, "geometry": { "type": "Point", "coordinates": [ 139.530708799999957, 35.5423226 ] } },
{ "type": "Feature", "properties": { "内容": "リハラボBayWalking青葉【地域密着型通所介護】神奈川県横浜市青葉区しらとり台35-11東急北しらとり台ドエリング", "url2": "https://www.kaigokensaku.mhlw.go.jp/14/index.php?action_kouhyou_detail_004_kani=true&JigyosyoCd=1493700510-00&ServiceCd=780&Type=search" }, "geometry": { "type": "Point", "coordinates": [ 139.517202099999963, 35.5342812 ] } },
{ "type": "Feature", "properties": { "内容": "はまリハＤａｙスタジオ青葉【地域密着型通所介護】神奈川県横浜市青葉区藤が丘2-1-7第1ウェステリアヒルズ3階", "url2": "https://www.kaigokensaku.mhlw.go.jp/14/index.php?action_kouhyou_detail_004_kani=true&JigyosyoCd=1493700528-00&ServiceCd=780&Type=search" }, "geometry": { "type": "Point", "coordinates": [ 139.526953400000025, 35.5451305 ] } },
{ "type": "Feature", "properties": { "内容": "ｆｕｒｅａｉ藤が丘店【地域密着型通所介護】神奈川県横浜市青葉区藤が丘1-28-22ＷIN藤が丘1階", "url2": "https://www.kaigokensaku.mhlw.go.jp/14/index.php?action_kouhyou_detail_004_kani=true&JigyosyoCd=1493700585-00&ServiceCd=780&Type=search" }, "geometry": { "type": "Point", "coordinates": [ 139.529030799999987, 35.545429 ] } },
{ "type": "Feature", "properties": { "内容": "リハビリ特化型デイサービスfureaiあざみ野店【地域密着型通所介護】神奈川県横浜市青葉区美しが丘5-14-2眞澄ビル1階", "url2": "https://www.kaigokensaku.mhlw.go.jp/14/index.php?action_kouhyou_detail_004_kani=true&JigyosyoCd=1493700593-00&ServiceCd=780&Type=search" }, "geometry": { "type": "Point", "coordinates": [ 139.554589800000031, 35.5714946 ] } },
{ "type": "Feature", "properties": { "内容": "リハトレ　青葉の樹【地域密着型通所介護】神奈川県横浜市青葉区すすき野3-8-3サンライズスリー1F", "url2": "https://www.kaigokensaku.mhlw.go.jp/14/index.php?action_kouhyou_detail_004_kani=true&JigyosyoCd=1493700601-00&ServiceCd=780&Type=search" }, "geometry": { "type": "Point", "coordinates": [ 139.527131862565625, 35.579604885384555 ] } },
{ "type": "Feature", "properties": { "内容": "BALENA【地域密着型通所介護】神奈川県横浜市青葉区元石川町3711−1安藤ビル１F", "url2": "https://www.kaigokensaku.mhlw.go.jp/14/index.php?action_kouhyou_detail_004_kani=true&JigyosyoCd=1493700619-00&ServiceCd=780&Type=search" }, "geometry": { "type": "Point", "coordinates": [ 139.547597499999938, 35.5767611 ] } },
{ "type": "Feature", "properties": { "内容": "デイサービスぴーす【地域密着型通所介護】神奈川県横浜市青葉区市ヶ尾町1052-2オークハーモニー市ヶ尾3F-A", "url2": "https://www.kaigokensaku.mhlw.go.jp/14/index.php?action_kouhyou_detail_004_kani=true&JigyosyoCd=1493700635-00&ServiceCd=780&Type=search" }, "geometry": { "type": "Point", "coordinates": [ 139.5401869, 35.5486036 ] } },
{ "type": "Feature", "properties": { "内容": "セラピストデイすすき野【地域密着型通所介護】神奈川県横浜市青葉区すすき野3-7-7プラーズすすき野1F", "url2": "https://www.kaigokensaku.mhlw.go.jp/14/index.php?action_kouhyou_detail_004_kani=true&JigyosyoCd=1493700643-00&ServiceCd=780&Type=search" }, "geometry": { "type": "Point", "coordinates": [ 139.5275488, 35.5799843 ] } },
{ "type": "Feature", "properties": { "内容": "ほっこりデイサービス【地域密着型通所介護】神奈川県横浜市青葉区黒須田33-6テッサリアあざみ野１F", "url2": "https://www.kaigokensaku.mhlw.go.jp/14/index.php?action_kouhyou_detail_004_kani=true&JigyosyoCd=1493700650-00&ServiceCd=780&Type=search" }, "geometry": { "type": "Point", "coordinates": [ 139.5343485, 35.5688425 ] } },
{ "type": "Feature", "properties": { "内容": "くらしの友リハプライド　青葉台【地域密着型通所介護】神奈川県横浜市青葉区若草台1-1", "url2": "https://www.kaigokensaku.mhlw.go.jp/14/index.php?action_kouhyou_detail_004_kani=true&JigyosyoCd=1493700668-00&ServiceCd=780&Type=search" }, "geometry": { "type": "Point", "coordinates": [ 139.507505699999967, 35.550785499999989 ] } },
{ "type": "Feature", "properties": { "内容": "らいおんハートリハビリデイサービス藤が丘【地域密着型通所介護】神奈川県横浜市青葉区藤が丘１－１７－６チェリーコート藤が丘１F", "url2": "https://www.kaigokensaku.mhlw.go.jp/14/index.php?action_kouhyou_detail_004_kani=true&JigyosyoCd=1493700684-00&ServiceCd=780&Type=search" }, "geometry": { "type": "Point", "coordinates": [ 139.528132636523452, 35.545325374945378 ] } },
{ "type": "Feature", "properties": { "内容": "リハビリフィットネス　ゆずりは　藤が丘【地域密着型通所介護】神奈川県横浜市青葉区みたけ台４０－１アンベリール藤が丘1階１号室", "url2": "https://www.kaigokensaku.mhlw.go.jp/14/index.php?action_kouhyou_detail_004_kani=true&JigyosyoCd=1493700692-00&ServiceCd=780&Type=search" }, "geometry": { "type": "Point", "coordinates": [ 139.522040246032702, 35.553553926495432 ] } },
{ "type": "Feature", "properties": { "内容": "デイサービスあかね台【地域密着型通所介護】神奈川県横浜市青葉区あかね台2-28-27", "url2": "https://www.kaigokensaku.mhlw.go.jp/14/index.php?action_kouhyou_detail_004_kani=true&JigyosyoCd=1473701918-00&ServiceCd=780&Type=search" }, "geometry": { "type": "Point", "coordinates": [ 139.483738600000038, 35.5403231 ] } },
{ "type": "Feature", "properties": { "内容": "レコードブック青葉台【地域密着型通所介護】神奈川県横浜市青葉区つつじが丘29−21コスモハイツ青葉台1F", "url2": "https://www.kaigokensaku.mhlw.go.jp/14/index.php?action_kouhyou_detail_004_kani=true&JigyosyoCd=1473703401-00&ServiceCd=780&Type=search" }, "geometry": { "type": "Point", "coordinates": [ 139.517676700000038, 35.5360535 ] } },
{ "type": "Feature", "properties": { "内容": "デイサービス慶【地域密着型通所介護】神奈川県横浜市青葉区新石川２－１３－１８グレイスビーノ２０１", "url2": "https://www.kaigokensaku.mhlw.go.jp/14/index.php?action_kouhyou_detail_004_kani=true&JigyosyoCd=1473701637-00&ServiceCd=780&Type=search" }, "geometry": { "type": "Point", "coordinates": [ 139.5555223, 35.5734439 ] } },
{ "type": "Feature", "properties": { "内容": "青葉ヒルズ【地域密着型通所介護】神奈川県横浜市青葉区鴨志田町1260", "url2": "https://www.kaigokensaku.mhlw.go.jp/14/index.php?action_kouhyou_detail_004_kani=true&JigyosyoCd=1473701926-00&ServiceCd=780&Type=search" }, "geometry": { "type": "Point", "coordinates": [ 139.49994259999994, 35.5581618 ] } },
{ "type": "Feature", "properties": { "内容": "シーサスデイサービスセンター【地域密着型通所介護】神奈川県横浜市青葉区市ケ尾町529-4第一小吹ビル103", "url2": "https://www.kaigokensaku.mhlw.go.jp/14/index.php?action_kouhyou_detail_004_kani=true&JigyosyoCd=1473702007-00&ServiceCd=780&Type=search" }, "geometry": { "type": "Point", "coordinates": [ 139.544824861624193, 35.544499626111715 ] } },
{ "type": "Feature", "properties": { "内容": "だんらんの家　千草台【地域密着型通所介護】神奈川県横浜市青葉区千草台２６－１３", "url2": "https://www.kaigokensaku.mhlw.go.jp/14/index.php?action_kouhyou_detail_004_kani=true&JigyosyoCd=1473702460-00&ServiceCd=780&Type=search" }, "geometry": { "type": "Point", "coordinates": [ 139.5306617, 35.539934099999989 ] } },
{ "type": "Feature", "properties": { "内容": "青葉あさくら苑デイサービスセンター【地域密着型通所介護】神奈川県横浜市青葉区恩田町2994-1", "url2": "https://www.kaigokensaku.mhlw.go.jp/14/index.php?action_kouhyou_detail_004_kani=true&JigyosyoCd=1473703294-00&ServiceCd=780&Type=search" }, "geometry": { "type": "Point", "coordinates": [ 139.499021269975287, 35.545103230248749 ] } },
{ "type": "Feature", "properties": { "内容": "リハビリデイサービス　クララ　みたけ台【地域密着型通所介護】神奈川県横浜市青葉区みたけ台5-7藤ヶ丘マイシティB", "url2": "https://www.kaigokensaku.mhlw.go.jp/14/index.php?action_kouhyou_detail_004_kani=true&JigyosyoCd=1493700718-00&ServiceCd=780&Type=search" }, "geometry": { "type": "Point", "coordinates": [ 139.5216561, 35.5534634 ] } },
{ "type": "Feature", "properties": { "内容": "湘南ランチあおばの家【地域密着型通所介護】神奈川県横浜市青葉区黒須田24-4", "url2": "https://www.kaigokensaku.mhlw.go.jp/14/index.php?action_kouhyou_detail_004_kani=true&JigyosyoCd=1493700742-00&ServiceCd=780&Type=search" }, "geometry": { "type": "Point", "coordinates": [ 139.5303817, 35.5705886 ] } },
{ "type": "Feature", "properties": { "内容": "シニアサロン　スマイル【地域密着型通所介護】神奈川県横浜市都筑区荏田南2丁目15番25号", "url2": "https://www.kaigokensaku.mhlw.go.jp/14/index.php?action_kouhyou_detail_004_kani=true&JigyosyoCd=1493800450-00&ServiceCd=780&Type=search" }, "geometry": { "type": "Point", "coordinates": [ 139.555738900000051, 35.5452074 ] } },
{ "type": "Feature", "properties": { "内容": "樹楽　横浜すみれが丘【地域密着型通所介護】神奈川県横浜市都筑区牛久保3－14－12", "url2": "https://www.kaigokensaku.mhlw.go.jp/14/index.php?action_kouhyou_detail_004_kani=true&JigyosyoCd=1493800468-00&ServiceCd=780&Type=search" }, "geometry": { "type": "Point", "coordinates": [ 139.574172399999952, 35.5677801 ] } },
{ "type": "Feature", "properties": { "内容": "ベルーガヘルスケアサロン【地域密着型通所介護】神奈川県横浜市都筑区茅ケ崎中央24-12ライオンズプラザ港北ニュータウン201", "url2": "https://www.kaigokensaku.mhlw.go.jp/14/index.php?action_kouhyou_detail_004_kani=true&JigyosyoCd=1493800690-00&ServiceCd=780&Type=search" }, "geometry": { "type": "Point", "coordinates": [ 139.57086240000001, 35.5436267 ] } },
{ "type": "Feature", "properties": { "内容": "リハビリフィットネス　ゆずりは　南山田【地域密着型通所介護】神奈川県横浜市都筑区南山田2丁目11ー36ロンポアン102", "url2": "https://www.kaigokensaku.mhlw.go.jp/14/index.php?action_kouhyou_detail_004_kani=true&JigyosyoCd=1493800708-00&ServiceCd=780&Type=search" }, "geometry": { "type": "Point", "coordinates": [ 139.59145190000001, 35.5545374 ] } },
{ "type": "Feature", "properties": { "内容": "デイサービスひまわり【地域密着型通所介護】神奈川県横浜市都筑区茅ヶ崎南2-20-11内野ルネスビル１階", "url2": "https://www.kaigokensaku.mhlw.go.jp/14/index.php?action_kouhyou_detail_004_kani=true&JigyosyoCd=1473800322-00&ServiceCd=780&Type=search" }, "geometry": { "type": "Point", "coordinates": [ 139.579851800000029, 35.537924 ] } },
{ "type": "Feature", "properties": { "内容": "ふじさんデイサービス【地域密着型通所介護】神奈川県横浜市都筑区荏田南5-7-1島村アパート101", "url2": "https://www.kaigokensaku.mhlw.go.jp/14/index.php?action_kouhyou_detail_004_kani=true&JigyosyoCd=1473800736-00&ServiceCd=780&Type=search" }, "geometry": { "type": "Point", "coordinates": [ 139.561194900000032, 35.5478361 ] } },
{ "type": "Feature", "properties": { "内容": "コープケアサポートセンター都筑【地域密着型通所介護】神奈川県横浜市都筑区牛久保2-19-1", "url2": "https://www.kaigokensaku.mhlw.go.jp/14/index.php?action_kouhyou_detail_004_kani=true&JigyosyoCd=1473801064-00&ServiceCd=780&Type=search" }, "geometry": { "type": "Point", "coordinates": [ 139.5774513, 35.5635759 ] } },
{ "type": "Feature", "properties": { "内容": "ｆｕｒｅａｉ仲町台店【地域密着型通所介護】神奈川県横浜市都筑区仲町台4-1-15ドミル仲町台1階", "url2": "https://www.kaigokensaku.mhlw.go.jp/14/index.php?action_kouhyou_detail_004_kani=true&JigyosyoCd=1493800351-00&ServiceCd=780&Type=search" }, "geometry": { "type": "Point", "coordinates": [ 139.5926091, 35.5319723 ] } },
{ "type": "Feature", "properties": { "内容": "ベルーガヘルスケアサロン都筑ふれあいの丘【地域密着型通所介護】神奈川県横浜市都筑区富士見が丘16-15シャトー・ブランピエール１F", "url2": "https://www.kaigokensaku.mhlw.go.jp/14/index.php?action_kouhyou_detail_004_kani=true&JigyosyoCd=1493800385-00&ServiceCd=780&Type=search" }, "geometry": { "type": "Point", "coordinates": [ 139.55692339999996, 35.535215300000011 ] } },
{ "type": "Feature", "properties": { "内容": "リハプライド・つづき【地域密着型通所介護】神奈川県横浜市都筑区北山田一丁目1番35号", "url2": "https://www.kaigokensaku.mhlw.go.jp/14/index.php?action_kouhyou_detail_004_kani=true&JigyosyoCd=1493800393-00&ServiceCd=780&Type=search" }, "geometry": { "type": "Point", "coordinates": [ 139.5888364, 35.56227890000001 ] } },
{ "type": "Feature", "properties": { "内容": "デイサービス　またね会　都筑ふれあいの丘【地域密着型通所介護】神奈川県横浜市都筑区大丸3-28アークテラス　1F", "url2": "https://www.kaigokensaku.mhlw.go.jp/14/index.php?action_kouhyou_detail_004_kani=true&JigyosyoCd=1493800476-00&ServiceCd=780&Type=search" }, "geometry": { "type": "Point", "coordinates": [ 139.560017600000037, 35.538463 ] } },
{ "type": "Feature", "properties": { "内容": "まんなか【地域密着型通所介護】神奈川県横浜市都筑区茅ヶ崎東4-9-18", "url2": "https://www.kaigokensaku.mhlw.go.jp/14/index.php?action_kouhyou_detail_004_kani=true&JigyosyoCd=1493800500-00&ServiceCd=780&Type=search" }, "geometry": { "type": "Point", "coordinates": [ 139.579347630671151, 35.546181103807925 ] } },
{ "type": "Feature", "properties": { "内容": "レコードブック都筑【地域密着型通所介護】神奈川県横浜市都筑区富士見が丘１３−２７ロイヤルヒル富士見が丘1F", "url2": "https://www.kaigokensaku.mhlw.go.jp/14/index.php?action_kouhyou_detail_004_kani=true&JigyosyoCd=1493800526-00&ServiceCd=780&Type=search" }, "geometry": { "type": "Point", "coordinates": [ 139.559110781614692, 35.534919672540845 ] } },
{ "type": "Feature", "properties": { "内容": "リハラボBayWalking都筑【地域密着型通所介護】神奈川県横浜市都筑区見花山2-5モチヤレジデンス7B1F", "url2": "https://www.kaigokensaku.mhlw.go.jp/14/index.php?action_kouhyou_detail_004_kani=true&JigyosyoCd=1493800542-00&ServiceCd=780&Type=search" }, "geometry": { "type": "Point", "coordinates": [ 139.5542479, 35.5341698 ] } },
{ "type": "Feature", "properties": { "内容": "リハビリポルトＡＣＱＵＡ【地域密着型通所介護】神奈川県横浜市都筑区牛久保西1丁目1-17常智ビル1F", "url2": "https://www.kaigokensaku.mhlw.go.jp/14/index.php?action_kouhyou_detail_004_kani=true&JigyosyoCd=1493800559-00&ServiceCd=780&Type=search" }, "geometry": { "type": "Point", "coordinates": [ 139.578783720237766, 35.558517297033241 ] } },
{ "type": "Feature", "properties": { "内容": "楓の風リハビリテーション颯　横浜都筑【地域密着型通所介護】神奈川県横浜市都筑区富士見が丘17-5グリーンヒル富士見が丘1階　A号室", "url2": "https://www.kaigokensaku.mhlw.go.jp/14/index.php?action_kouhyou_detail_004_kani=true&JigyosyoCd=1493800567-00&ServiceCd=780&Type=search" }, "geometry": { "type": "Point", "coordinates": [ 139.554421499999989, 35.5337866 ] } },
{ "type": "Feature", "properties": { "内容": "リハビリテーション　都筑の樹【地域密着型通所介護】神奈川県横浜市都筑区荏田南４－１０－１エミネンス宮田１F", "url2": "https://www.kaigokensaku.mhlw.go.jp/14/index.php?action_kouhyou_detail_004_kani=true&JigyosyoCd=1493800617-00&ServiceCd=780&Type=search" }, "geometry": { "type": "Point", "coordinates": [ 139.5609411, 35.5514426 ] } },
{ "type": "Feature", "properties": { "内容": "リハビリデイサービス　クララ　都筑ふれあいの丘【地域密着型通所介護】神奈川県横浜市都筑区高山1－45沖商事ビル101", "url2": "https://www.kaigokensaku.mhlw.go.jp/14/index.php?action_kouhyou_detail_004_kani=true&JigyosyoCd=1493800716-00&ServiceCd=780&Type=search" }, "geometry": { "type": "Point", "coordinates": [ 139.5586131, 35.5360358 ] } },
{ "type": "Feature", "properties": { "内容": "わらび接骨院デイサービスセンター【地域密着型通所介護】神奈川県横浜市都筑区北山田５丁目１番６６号アドバンス港北ＮＴ１－１", "url2": "https://www.kaigokensaku.mhlw.go.jp/14/index.php?action_kouhyou_detail_004_kani=true&JigyosyoCd=1473801239-00&ServiceCd=780&Type=search" }, "geometry": { "type": "Point", "coordinates": [ 139.589163099999951, 35.563568600000025 ] } },
{ "type": "Feature", "properties": { "内容": "シニア　リハビリ＆フィットネス川和【地域密着型通所介護】神奈川県横浜市都筑区川和町1250-3ガーデンプラザ川和EAST1階", "url2": "https://www.kaigokensaku.mhlw.go.jp/14/index.php?action_kouhyou_detail_004_kani=true&JigyosyoCd=1473801759-00&ServiceCd=780&Type=search" }, "geometry": { "type": "Point", "coordinates": [ 139.54949350000004, 35.5280828 ] } },
{ "type": "Feature", "properties": { "内容": "リハビリスタジオグラウンドアップ【地域密着型通所介護】神奈川県横浜市都筑区中川中央1-4-4ブランズセンター北", "url2": "https://www.kaigokensaku.mhlw.go.jp/14/index.php?action_kouhyou_detail_004_kani=true&JigyosyoCd=1473802286-00&ServiceCd=780&Type=search" }, "geometry": { "type": "Point", "coordinates": [ 139.576232300000015, 35.5528301 ] } },
{ "type": "Feature", "properties": { "内容": "ビーナスプラス横浜都筑【地域密着型通所介護】神奈川県横浜市都筑区荏田南5丁目21-30シエルみずきが丘１階", "url2": "https://www.kaigokensaku.mhlw.go.jp/14/index.php?action_kouhyou_detail_004_kani=true&JigyosyoCd=1493800658-00&ServiceCd=780&Type=search" }, "geometry": { "type": "Point", "coordinates": [ 139.561090699999966, 35.550790599999985 ] } },
{ "type": "Feature", "properties": { "内容": "地域密着型通所介護Sowaka【地域密着型通所介護】神奈川県川崎市川崎区大島4-7-12仲谷ビル1F", "url2": "https://www.kaigokensaku.mhlw.go.jp/14/index.php?action_kouhyou_detail_004_kani=true&JigyosyoCd=1495000901-00&ServiceCd=780&Type=search" }, "geometry": { "type": "Point", "coordinates": [ 139.714344399999987, 35.5253875 ] } },
{ "type": "Feature", "properties": { "内容": "有限会社　たいよう【地域密着型通所介護】神奈川県川崎市川崎区渡田２－２０－１６", "url2": "https://www.kaigokensaku.mhlw.go.jp/14/index.php?action_kouhyou_detail_004_kani=true&JigyosyoCd=1475000988-00&ServiceCd=780&Type=search" }, "geometry": { "type": "Point", "coordinates": [ 139.706115, 35.51972390000001 ] } },
{ "type": "Feature", "properties": { "内容": "メリーさん家【地域密着型通所介護】神奈川県川崎市川崎区旭町2-25-15", "url2": "https://www.kaigokensaku.mhlw.go.jp/14/index.php?action_kouhyou_detail_004_kani=true&JigyosyoCd=1475001705-00&ServiceCd=780&Type=search" }, "geometry": { "type": "Point", "coordinates": [ 139.718387146557546, 35.531195734440885 ] } },
{ "type": "Feature", "properties": { "内容": "フラワーデイ川崎大師【地域密着型通所介護】神奈川県川崎市川崎区藤崎1-31-13", "url2": "https://www.kaigokensaku.mhlw.go.jp/14/index.php?action_kouhyou_detail_004_kani=true&JigyosyoCd=1475001986-00&ServiceCd=780&Type=search" }, "geometry": { "type": "Point", "coordinates": [ 139.722738299999946, 35.5283616 ] } },
{ "type": "Feature", "properties": { "内容": "ぱんだ【地域密着型通所介護】神奈川県川崎市川崎区浜町２－１９－１５複合型介護施設ぱんだ１階", "url2": "https://www.kaigokensaku.mhlw.go.jp/14/index.php?action_kouhyou_detail_004_kani=true&JigyosyoCd=1475002208-00&ServiceCd=780&Type=search" }, "geometry": { "type": "Point", "coordinates": [ 139.717992703302002, 35.513610752804858 ] } },
{ "type": "Feature", "properties": { "内容": "デイサービスあおいそら【地域密着型通所介護】神奈川県川崎市川崎区渡田2-20-19", "url2": "https://www.kaigokensaku.mhlw.go.jp/14/index.php?action_kouhyou_detail_004_kani=true&JigyosyoCd=1475002273-00&ServiceCd=780&Type=search" }, "geometry": { "type": "Point", "coordinates": [ 139.70644, 35.5198211 ] } },
{ "type": "Feature", "properties": { "内容": "ひとつぶのむぎ【地域密着型通所介護】神奈川県川崎市川崎区四谷上町９－２４グランフォルム南川崎Ａ－１０１", "url2": "https://www.kaigokensaku.mhlw.go.jp/14/index.php?action_kouhyou_detail_004_kani=true&JigyosyoCd=1475002323-00&ServiceCd=780&Type=search" }, "geometry": { "type": "Point", "coordinates": [ 139.736792899999955, 35.5293646 ] } },
{ "type": "Feature", "properties": { "内容": "だんらんの家　川崎大師【地域密着型通所介護】神奈川県川崎市川崎区四谷上町21－10", "url2": "https://www.kaigokensaku.mhlw.go.jp/14/index.php?action_kouhyou_detail_004_kani=true&JigyosyoCd=1475002570-00&ServiceCd=780&Type=search" }, "geometry": { "type": "Point", "coordinates": [ 139.734601399999974, 35.5261122 ] } },
{ "type": "Feature", "properties": { "内容": "デイサービス虹色【地域密着型通所介護】神奈川県川崎市川崎区渡田向町26-8", "url2": "https://www.kaigokensaku.mhlw.go.jp/14/index.php?action_kouhyou_detail_004_kani=true&JigyosyoCd=1475003206-00&ServiceCd=780&Type=search" }, "geometry": { "type": "Point", "coordinates": [ 139.703849771947148, 35.521901359369792 ] } },
{ "type": "Feature", "properties": { "内容": "メリーさん家　中島【地域密着型通所介護】神奈川県川崎市川崎区中島2-12-3TYビル１階", "url2": "https://www.kaigokensaku.mhlw.go.jp/14/index.php?action_kouhyou_detail_004_kani=true&JigyosyoCd=1475003271-00&ServiceCd=780&Type=search" }, "geometry": { "type": "Point", "coordinates": [ 139.716499900000031, 35.528656 ] } },
{ "type": "Feature", "properties": { "内容": "デイサービス　ふくぎ【地域密着型通所介護】神奈川県川崎市川崎区大島3-23-1", "url2": "https://www.kaigokensaku.mhlw.go.jp/14/index.php?action_kouhyou_detail_004_kani=true&JigyosyoCd=1475003339-00&ServiceCd=780&Type=search" }, "geometry": { "type": "Point", "coordinates": [ 139.718056949073826, 35.520384826086961 ] } },
{ "type": "Feature", "properties": { "内容": "デイサービスセンターひだまり【地域密着型通所介護】神奈川県川崎市川崎区渡田3-2-16", "url2": "https://www.kaigokensaku.mhlw.go.jp/14/index.php?action_kouhyou_detail_004_kani=true&JigyosyoCd=1495000505-00&ServiceCd=780&Type=search" }, "geometry": { "type": "Point", "coordinates": [ 139.70515027792726, 35.52170227297718 ] } },
{ "type": "Feature", "properties": { "内容": "地域密着型デイ　ぶどうのさと【地域密着型通所介護】神奈川県川崎市川崎区大師本町８－１７ジニーハウス川崎大師１Ｆ", "url2": "https://www.kaigokensaku.mhlw.go.jp/14/index.php?action_kouhyou_detail_004_kani=true&JigyosyoCd=1495000513-00&ServiceCd=780&Type=search" }, "geometry": { "type": "Point", "coordinates": [ 139.729822670569547, 35.535197947301135 ] } },
{ "type": "Feature", "properties": { "内容": "レコードブックマイロードおだ【地域密着型通所介護】神奈川県川崎市川崎区浅田２－１－８", "url2": "https://www.kaigokensaku.mhlw.go.jp/14/index.php?action_kouhyou_detail_004_kani=true&JigyosyoCd=1495000687-00&ServiceCd=780&Type=search" }, "geometry": { "type": "Point", "coordinates": [ 139.701926779150568, 35.509187811987793 ] } },
{ "type": "Feature", "properties": { "内容": "青丘社　ほっとラインデイサービス【地域密着型通所介護】神奈川県川崎市川崎区桜本1-8-22", "url2": "https://www.kaigokensaku.mhlw.go.jp/14/index.php?action_kouhyou_detail_004_kani=true&JigyosyoCd=1475000541-00&ServiceCd=780&Type=search" }, "geometry": { "type": "Point", "coordinates": [ 139.719988699999931, 35.5206541 ] } },
{ "type": "Feature", "properties": { "内容": "樹楽川崎大師【地域密着型通所介護】神奈川県川崎市川崎区昭和2-4-3アシュールK　101号室", "url2": "https://www.kaigokensaku.mhlw.go.jp/14/index.php?action_kouhyou_detail_004_kani=true&JigyosyoCd=1475002703-00&ServiceCd=780&Type=search" }, "geometry": { "type": "Point", "coordinates": [ 139.735281799999939, 35.5316449 ] } },
{ "type": "Feature", "properties": { "内容": "ケアセンターK【地域密着型通所介護】神奈川県川崎市川崎区桜本1-9-7", "url2": "https://www.kaigokensaku.mhlw.go.jp/14/index.php?action_kouhyou_detail_004_kani=true&JigyosyoCd=1475002844-00&ServiceCd=780&Type=search" }, "geometry": { "type": "Point", "coordinates": [ 139.721935799999983, 35.5212679 ] } },
{ "type": "Feature", "properties": { "内容": "樹楽川崎浅田【地域密着型通所介護】神奈川県川崎市川崎区浅田1-10-12", "url2": "https://www.kaigokensaku.mhlw.go.jp/14/index.php?action_kouhyou_detail_004_kani=true&JigyosyoCd=1475003404-00&ServiceCd=780&Type=search" }, "geometry": { "type": "Point", "coordinates": [ 139.704021199999943, 35.5061675 ] } },
{ "type": "Feature", "properties": { "内容": "リハプライド　川崎【地域密着型通所介護】神奈川県川崎市川崎区池上新町2丁目18番7号", "url2": "https://www.kaigokensaku.mhlw.go.jp/14/index.php?action_kouhyou_detail_004_kani=true&JigyosyoCd=1475003446-00&ServiceCd=780&Type=search" }, "geometry": { "type": "Point", "coordinates": [ 139.7310989, 35.5236041 ] } },
{ "type": "Feature", "properties": { "内容": "リハビリデイサービスZip川崎【地域密着型通所介護】神奈川県川崎市川崎区京町2-22-1いなげや川崎京町店２階", "url2": "https://www.kaigokensaku.mhlw.go.jp/14/index.php?action_kouhyou_detail_004_kani=true&JigyosyoCd=1495000836-00&ServiceCd=780&Type=search" }, "geometry": { "type": "Point", "coordinates": [ 139.694250899999986, 35.5136492 ] } },
{ "type": "Feature", "properties": { "内容": "メディックライフ京町【地域密着型通所介護】神奈川県川崎市川崎区京町2丁目24番1号セソール川崎京町ハイライズセソールアリーナ", "url2": "https://www.kaigokensaku.mhlw.go.jp/14/index.php?action_kouhyou_detail_004_kani=true&JigyosyoCd=1495000869-00&ServiceCd=780&Type=search" }, "geometry": { "type": "Point", "coordinates": [ 139.6970163, 35.5122922 ] } },
{ "type": "Feature", "properties": { "内容": "デイサービスセンターあさひ【地域密着型通所介護】神奈川県川崎市川崎区大師駅前1-4-4大師レジデンス１階", "url2": "https://www.kaigokensaku.mhlw.go.jp/14/index.php?action_kouhyou_detail_004_kani=true&JigyosyoCd=1495000877-00&ServiceCd=780&Type=search" }, "geometry": { "type": "Point", "coordinates": [ 139.7256758, 35.5347422 ] } },
{ "type": "Feature", "properties": { "内容": "デイサービス百福【地域密着型通所介護】神奈川県川崎市川崎区塩浜1-9-10", "url2": "https://www.kaigokensaku.mhlw.go.jp/14/index.php?action_kouhyou_detail_004_kani=true&JigyosyoCd=1475002687-00&ServiceCd=780&Type=search" }, "geometry": { "type": "Point", "coordinates": [ 139.740792228836085, 35.527792327775295 ] } },
{ "type": "Feature", "properties": { "内容": "デイサービスセンター青空【地域密着型通所介護】神奈川県川崎市川崎区藤崎4-30-9", "url2": "https://www.kaigokensaku.mhlw.go.jp/14/index.php?action_kouhyou_detail_004_kani=true&JigyosyoCd=1475002059-00&ServiceCd=780&Type=search" }, "geometry": { "type": "Point", "coordinates": [ 139.72458830000005, 35.523698300000014 ] } },
{ "type": "Feature", "properties": { "内容": "菜園付民家型生活リハビリ満笑庵【地域密着型通所介護】神奈川県川崎市川崎区渡田東町6番4号", "url2": "https://www.kaigokensaku.mhlw.go.jp/14/index.php?action_kouhyou_detail_004_kani=true&JigyosyoCd=1475002810-00&ServiceCd=780&Type=search" }, "geometry": { "type": "Point", "coordinates": [ 139.706706700000041, 35.5172742 ] } },
{ "type": "Feature", "properties": { "内容": "リハビリデイサービス陽の光【地域密着型通所介護】神奈川県川崎市川崎区中島3-9-1ウイング三好1階", "url2": "https://www.kaigokensaku.mhlw.go.jp/14/index.php?action_kouhyou_detail_004_kani=true&JigyosyoCd=1495000844-00&ServiceCd=780&Type=search" }, "geometry": { "type": "Point", "coordinates": [ 139.7165697, 35.5274334 ] } },
{ "type": "Feature", "properties": { "内容": "星の輝デイサービス【地域密着型通所介護】神奈川県川崎市川崎区浅田3-10-11アンシャンテ1階", "url2": "https://www.kaigokensaku.mhlw.go.jp/14/index.php?action_kouhyou_detail_004_kani=true&JigyosyoCd=1495000943-00&ServiceCd=780&Type=search" }, "geometry": { "type": "Point", "coordinates": [ 139.7000721, 35.5067544 ] } },
{ "type": "Feature", "properties": { "内容": "リハビリデイサービス星の光【地域密着型通所介護】神奈川県川崎市川崎区浅田1－1－18KIK浅田Ⅲ　1階", "url2": "https://www.kaigokensaku.mhlw.go.jp/14/index.php?action_kouhyou_detail_004_kani=true&JigyosyoCd=1495000950-00&ServiceCd=780&Type=search" }, "geometry": { "type": "Point", "coordinates": [ 139.703717399999988, 35.5081879 ] } },
{ "type": "Feature", "properties": { "内容": "ヒラックス藤崎【地域密着型通所介護】神奈川県川崎市川崎区藤崎2-16-9山川ハイツ1階", "url2": "https://www.kaigokensaku.mhlw.go.jp/14/index.php?action_kouhyou_detail_004_kani=true&JigyosyoCd=1495000935-00&ServiceCd=780&Type=search" }, "geometry": { "type": "Point", "coordinates": [ 139.721405599999969, 35.5272236 ] } },
{ "type": "Feature", "properties": { "内容": "あかつきデイサービス【地域密着型通所介護】神奈川県川崎市川崎区藤崎４－２２－１１", "url2": "https://www.kaigokensaku.mhlw.go.jp/14/index.php?action_kouhyou_detail_004_kani=true&JigyosyoCd=1475002521-00&ServiceCd=780&Type=search" }, "geometry": { "type": "Point", "coordinates": [ 139.722656179460358, 35.523215905195322 ] } },
{ "type": "Feature", "properties": { "内容": "デイサビース健楽　大島【地域密着型通所介護】神奈川県川崎市川崎区大島3-1-13手塚ビル103", "url2": "https://www.kaigokensaku.mhlw.go.jp/14/index.php?action_kouhyou_detail_004_kani=true&JigyosyoCd=1495000968-00&ServiceCd=780&Type=search" }, "geometry": { "type": "Point", "coordinates": [ 139.71604405112879, 35.520043336273808 ] } },
{ "type": "Feature", "properties": { "内容": "いまなびひろば大師橋【地域密着型通所介護】神奈川県川崎市川崎区日ノ出1丁目14番18号", "url2": "https://www.kaigokensaku.mhlw.go.jp/14/index.php?action_kouhyou_detail_004_kani=true&JigyosyoCd=1495000976-00&ServiceCd=780&Type=search" }, "geometry": { "type": "Point", "coordinates": [ 139.742206399999986, 35.5322874 ] } },
{ "type": "Feature", "properties": { "内容": "デイサービス　サニースポット【地域密着型通所介護】神奈川県川崎市川崎区渡田2-4-11第11むさしマンション101号", "url2": "https://www.kaigokensaku.mhlw.go.jp/14/index.php?action_kouhyou_detail_004_kani=true&JigyosyoCd=1475002802-00&ServiceCd=780&Type=search" }, "geometry": { "type": "Point", "coordinates": [ 139.7047179, 35.5213793 ] } },
{ "type": "Feature", "properties": { "内容": "デイサービス月の家【地域密着型通所介護】神奈川県川崎市幸区遠藤町３２－３－１Ｆ", "url2": "https://www.kaigokensaku.mhlw.go.jp/14/index.php?action_kouhyou_detail_004_kani=true&JigyosyoCd=1475101158-00&ServiceCd=780&Type=search" }, "geometry": { "type": "Point", "coordinates": [ 139.691181719804348, 35.541478907817115 ] } },
{ "type": "Feature", "properties": { "内容": "ふれあい家族【地域密着型通所介護】神奈川県川崎市幸区柳町５５－３", "url2": "https://www.kaigokensaku.mhlw.go.jp/14/index.php?action_kouhyou_detail_004_kani=true&JigyosyoCd=1475101471-00&ServiceCd=780&Type=search" }, "geometry": { "type": "Point", "coordinates": [ 139.6857721, 35.5303115 ] } },
{ "type": "Feature", "properties": { "内容": "太陽ケアセンター【地域密着型通所介護】神奈川県川崎市幸区戸手1-8-10ソラリスやまぶき１階", "url2": "https://www.kaigokensaku.mhlw.go.jp/14/index.php?action_kouhyou_detail_004_kani=true&JigyosyoCd=1495000588-00&ServiceCd=780&Type=search" }, "geometry": { "type": "Point", "coordinates": [ 139.691678644608032, 35.545549749001715 ] } },
{ "type": "Feature", "properties": { "内容": "リハビリ特化型デイサービス　えにしあ　川崎幸店【地域密着型通所介護】神奈川県川崎市幸区中幸町2-32", "url2": "https://www.kaigokensaku.mhlw.go.jp/14/index.php?action_kouhyou_detail_004_kani=true&JigyosyoCd=1495100354-00&ServiceCd=780&Type=search" }, "geometry": { "type": "Point", "coordinates": [ 139.695897552778632, 35.536708173707204 ] } },
{ "type": "Feature", "properties": { "内容": "くらしの友リハプライド　川崎御幸【地域密着型通所介護】神奈川県川崎市幸区戸手1-2-11", "url2": "https://www.kaigokensaku.mhlw.go.jp/14/index.php?action_kouhyou_detail_004_kani=true&JigyosyoCd=1495100487-00&ServiceCd=780&Type=search" }, "geometry": { "type": "Point", "coordinates": [ 139.6899297, 35.5447827 ] } },
{ "type": "Feature", "properties": { "内容": "生活リハビリクラブ幸【地域密着型通所介護】神奈川県川崎市幸区南幸町2－4－2ビクセル川崎101", "url2": "https://www.kaigokensaku.mhlw.go.jp/14/index.php?action_kouhyou_detail_004_kani=true&JigyosyoCd=1475100028-00&ServiceCd=780&Type=search" }, "geometry": { "type": "Point", "coordinates": [ 139.691068399999949, 35.5443149 ] } },
{ "type": "Feature", "properties": { "内容": "ゆずデイサービス【地域密着型通所介護】神奈川県川崎市幸区古市場1740-1サンハイツ105", "url2": "https://www.kaigokensaku.mhlw.go.jp/14/index.php?action_kouhyou_detail_004_kani=true&JigyosyoCd=1475101422-00&ServiceCd=780&Type=search" }, "geometry": { "type": "Point", "coordinates": [ 139.6859187, 35.5494225 ] } },
{ "type": "Feature", "properties": { "内容": "サロンデイ北加瀬【地域密着型通所介護】神奈川県川崎市幸区北加瀬3-16-19モンステラ北加瀬1Ｆ", "url2": "https://www.kaigokensaku.mhlw.go.jp/14/index.php?action_kouhyou_detail_004_kani=true&JigyosyoCd=1475101646-00&ServiceCd=780&Type=search" }, "geometry": { "type": "Point", "coordinates": [ 139.660551400000031, 35.5557191 ] } },
{ "type": "Feature", "properties": { "内容": "早稲田イーライフ南幸町【地域密着型通所介護】神奈川県川崎市幸区南幸町3-97リバーセンタービル　501", "url2": "https://www.kaigokensaku.mhlw.go.jp/14/index.php?action_kouhyou_detail_004_kani=true&JigyosyoCd=1475101752-00&ServiceCd=780&Type=search" }, "geometry": { "type": "Point", "coordinates": [ 139.685663699999964, 35.530717 ] } },
{ "type": "Feature", "properties": { "内容": "デイサービスきらら川崎小倉【地域密着型通所介護】神奈川県川崎市幸区小倉2-21-36住宅型有料老人ホーム　1階", "url2": "https://www.kaigokensaku.mhlw.go.jp/14/index.php?action_kouhyou_detail_004_kani=true&JigyosyoCd=1475101786-00&ServiceCd=780&Type=search" }, "geometry": { "type": "Point", "coordinates": [ 139.666479, 35.5414965 ] } },
{ "type": "Feature", "properties": { "内容": "デイサービス　福寿草【地域密着型通所介護】神奈川県川崎市幸区南加瀬2丁目8番15号", "url2": "https://www.kaigokensaku.mhlw.go.jp/14/index.php?action_kouhyou_detail_004_kani=true&JigyosyoCd=1475101802-00&ServiceCd=780&Type=search" }, "geometry": { "type": "Point", "coordinates": [ 139.659490600000026, 35.548887 ] } },
{ "type": "Feature", "properties": { "内容": "ゆずりばぁさいど【地域密着型通所介護】神奈川県川崎市幸区古市場1-12-7", "url2": "https://www.kaigokensaku.mhlw.go.jp/14/index.php?action_kouhyou_detail_004_kani=true&JigyosyoCd=1475101810-00&ServiceCd=780&Type=search" }, "geometry": { "type": "Point", "coordinates": [ 139.688882199999966, 35.5533219 ] } },
{ "type": "Feature", "properties": { "内容": "ブリッジライフ新川崎【地域密着型通所介護】神奈川県川崎市幸区古市場1-48ルーエ大和田101号室", "url2": "https://www.kaigokensaku.mhlw.go.jp/14/index.php?action_kouhyou_detail_004_kani=true&JigyosyoCd=1495100396-00&ServiceCd=780&Type=search" }, "geometry": { "type": "Point", "coordinates": [ 139.685798081393955, 35.552708524654655 ] } },
{ "type": "Feature", "properties": { "内容": "一織庵南加瀬【地域密着型通所介護】神奈川県川崎市幸区南加瀬4-19-9", "url2": "https://www.kaigokensaku.mhlw.go.jp/14/index.php?action_kouhyou_detail_004_kani=true&JigyosyoCd=1495100461-00&ServiceCd=780&Type=search" }, "geometry": { "type": "Point", "coordinates": [ 139.659303, 35.5440925 ] } },
{ "type": "Feature", "properties": { "内容": "デイサロン・こはく【地域密着型通所介護】神奈川県川崎市幸区古川町39-1コフレ古川", "url2": "https://www.kaigokensaku.mhlw.go.jp/14/index.php?action_kouhyou_detail_004_kani=true&JigyosyoCd=1495100479-00&ServiceCd=780&Type=search" }, "geometry": { "type": "Point", "coordinates": [ 139.6818123, 35.5466708 ] } },
{ "type": "Feature", "properties": { "内容": "だんらんの家　新川崎【地域密着型通所介護】神奈川県川崎市幸区南加瀬２丁目１７－３", "url2": "https://www.kaigokensaku.mhlw.go.jp/14/index.php?action_kouhyou_detail_004_kani=true&JigyosyoCd=1495100495-00&ServiceCd=780&Type=search" }, "geometry": { "type": "Point", "coordinates": [ 139.66316470000001, 35.546973100000017 ] } },
{ "type": "Feature", "properties": { "内容": "レコードブック新川崎【地域密着型通所介護】神奈川県川崎市幸区南加瀬5-23-1", "url2": "https://www.kaigokensaku.mhlw.go.jp/14/index.php?action_kouhyou_detail_004_kani=true&JigyosyoCd=1495100446-00&ServiceCd=780&Type=search" }, "geometry": { "type": "Point", "coordinates": [ 139.659518599999956, 35.541316100000039 ] } },
{ "type": "Feature", "properties": { "内容": "リハてらす加瀬【地域密着型通所介護】神奈川県川崎市幸区南加瀬5-1-1Fサンライズ101", "url2": "https://www.kaigokensaku.mhlw.go.jp/14/index.php?action_kouhyou_detail_004_kani=true&JigyosyoCd=1495100545-00&ServiceCd=780&Type=search" }, "geometry": { "type": "Point", "coordinates": [ 139.6615994, 35.5414637 ] } },
{ "type": "Feature", "properties": { "内容": "そらの家　新丸子【地域密着型通所介護】神奈川県川崎市中原区丸子通1-638", "url2": "https://www.kaigokensaku.mhlw.go.jp/14/index.php?action_kouhyou_detail_004_kani=true&JigyosyoCd=1495200485-00&ServiceCd=780&Type=search" }, "geometry": { "type": "Point", "coordinates": [ 139.663383679744953, 35.581482987845234 ] } },
{ "type": "Feature", "properties": { "内容": "ほっとミルク武蔵新城【地域密着型通所介護】神奈川県川崎市中原区新城１ー１０ー３鈴木ビル１階", "url2": "https://www.kaigokensaku.mhlw.go.jp/14/index.php?action_kouhyou_detail_004_kani=true&JigyosyoCd=1495200543-00&ServiceCd=780&Type=search" }, "geometry": { "type": "Point", "coordinates": [ 139.6317704, 35.5849612 ] } },
{ "type": "Feature", "properties": { "内容": "リハビリ＆フィットネス　ライズ【地域密着型通所介護】神奈川県川崎市中原区中丸子５８９－１１Ｍメディカルプラザ４Ｆ", "url2": "https://www.kaigokensaku.mhlw.go.jp/14/index.php?action_kouhyou_detail_004_kani=true&JigyosyoCd=1475202113-00&ServiceCd=780&Type=search" }, "geometry": { "type": "Point", "coordinates": [ 139.671191799999974, 35.5649091 ] } },
{ "type": "Feature", "properties": { "内容": "心体機能訓練処　きあい【地域密着型通所介護】神奈川県川崎市中原区上平間１４０２－１７８メゾンスプリングⅡ１０１", "url2": "https://www.kaigokensaku.mhlw.go.jp/14/index.php?action_kouhyou_detail_004_kani=true&JigyosyoCd=1475202386-00&ServiceCd=780&Type=search" }, "geometry": { "type": "Point", "coordinates": [ 139.676037217136582, 35.558681225175057 ] } },
{ "type": "Feature", "properties": { "内容": "アースサポート小杉【地域密着型通所介護】神奈川県川崎市中原区新丸子町756番2号", "url2": "https://www.kaigokensaku.mhlw.go.jp/14/index.php?action_kouhyou_detail_004_kani=true&JigyosyoCd=1495200394-00&ServiceCd=780&Type=search" }, "geometry": { "type": "Point", "coordinates": [ 139.65990290000002, 35.57934 ] } },
{ "type": "Feature", "properties": { "内容": "地域密着型通所介護　もとすみよしハッピーデイ【地域密着型通所介護】神奈川県川崎市中原区苅宿40-1浅香ビル1F", "url2": "https://www.kaigokensaku.mhlw.go.jp/14/index.php?action_kouhyou_detail_004_kani=true&JigyosyoCd=1495200469-00&ServiceCd=780&Type=search" }, "geometry": { "type": "Point", "coordinates": [ 139.660723400000052, 35.5622828 ] } },
{ "type": "Feature", "properties": { "内容": "デイサービスセンター喫茶去【地域密着型通所介護】神奈川県川崎市中原区新城3-15-24", "url2": "https://www.kaigokensaku.mhlw.go.jp/14/index.php?action_kouhyou_detail_004_kani=true&JigyosyoCd=1495200493-00&ServiceCd=780&Type=search" }, "geometry": { "type": "Point", "coordinates": [ 139.6299985, 35.584679 ] } },
{ "type": "Feature", "properties": { "内容": "樹楽　川崎平間【地域密着型通所介護】神奈川県川崎市中原区上平間1700－214", "url2": "https://www.kaigokensaku.mhlw.go.jp/14/index.php?action_kouhyou_detail_004_kani=true&JigyosyoCd=1495200501-00&ServiceCd=780&Type=search" }, "geometry": { "type": "Point", "coordinates": [ 139.675166100000013, 35.5597906 ] } },
{ "type": "Feature", "properties": { "内容": "ｆｕｒｅａｉ武蔵新城店【地域密着型通所介護】神奈川県川崎市中原区新城5-8-3第Ⅱ望月ビル1階", "url2": "https://www.kaigokensaku.mhlw.go.jp/14/index.php?action_kouhyou_detail_004_kani=true&JigyosyoCd=1495200519-00&ServiceCd=780&Type=search" }, "geometry": { "type": "Point", "coordinates": [ 139.6287959, 35.5863652 ] } },
{ "type": "Feature", "properties": { "内容": "川崎地域福祉事業所　デイサービスＴＡＣＫ【地域密着型通所介護】神奈川県川崎市中原区宮内２－１５－１５", "url2": "https://www.kaigokensaku.mhlw.go.jp/14/index.php?action_kouhyou_detail_004_kani=true&JigyosyoCd=1475200695-00&ServiceCd=780&Type=search" }, "geometry": { "type": "Point", "coordinates": [ 139.639465100000052, 35.5908715 ] } },
{ "type": "Feature", "properties": { "内容": "デイサービスグリーン倶楽部【地域密着型通所介護】神奈川県川崎市中原区小杉御殿町１－９７３御殿マンション１０２", "url2": "https://www.kaigokensaku.mhlw.go.jp/14/index.php?action_kouhyou_detail_004_kani=true&JigyosyoCd=1475201842-00&ServiceCd=780&Type=search" }, "geometry": { "type": "Point", "coordinates": [ 139.650424450926238, 35.582064500000158 ] } },
{ "type": "Feature", "properties": { "内容": "元気サポート　はなまる　６号店【地域密着型通所介護】神奈川県川崎市中原区下小田中４－１８－１７1階", "url2": "https://www.kaigokensaku.mhlw.go.jp/14/index.php?action_kouhyou_detail_004_kani=true&JigyosyoCd=1475202188-00&ServiceCd=780&Type=search" }, "geometry": { "type": "Point", "coordinates": [ 139.640191284061416, 35.574875408066283 ] } },
{ "type": "Feature", "properties": { "内容": "ふれあいデイ　ぱんじぃ【地域密着型通所介護】神奈川県川崎市中原区木月三丁目５番３２号ホワイトパレス１０２号室２０２号室", "url2": "https://www.kaigokensaku.mhlw.go.jp/14/index.php?action_kouhyou_detail_004_kani=true&JigyosyoCd=1495200428-00&ServiceCd=780&Type=search" }, "geometry": { "type": "Point", "coordinates": [ 139.650260300000014, 35.5662201 ] } },
{ "type": "Feature", "properties": { "内容": "よもぎ屋デイサービス【地域密着型通所介護】神奈川県川崎市中原区中丸子432-1", "url2": "https://www.kaigokensaku.mhlw.go.jp/14/index.php?action_kouhyou_detail_004_kani=true&JigyosyoCd=1475202170-00&ServiceCd=780&Type=search" }, "geometry": { "type": "Point", "coordinates": [ 139.61573629999998, 35.3880209 ] } },
{ "type": "Feature", "properties": { "内容": "猫のいる家【地域密着型通所介護】神奈川県川崎市中原区中丸子536-5", "url2": "https://www.kaigokensaku.mhlw.go.jp/14/index.php?action_kouhyou_detail_004_kani=true&JigyosyoCd=1475202451-00&ServiceCd=780&Type=search" }, "geometry": { "type": "Point", "coordinates": [ 139.669524204299137, 35.566624745479231 ] } },
{ "type": "Feature", "properties": { "内容": "デイサービスひめしゃらの華【地域密着型通所介護】神奈川県川崎市高津区久地1-19-8-607", "url2": "https://www.kaigokensaku.mhlw.go.jp/14/index.php?action_kouhyou_detail_004_kani=true&JigyosyoCd=1495300632-00&ServiceCd=780&Type=search" }, "geometry": { "type": "Point", "coordinates": [ 139.6069214, 35.6079538 ] } },
{ "type": "Feature", "properties": { "内容": "リ・ケア梶ヶ谷ふれあいデイ第２【地域密着型通所介護】神奈川県川崎市高津区梶ケ谷３－１３－１村田ビル102号室", "url2": "https://www.kaigokensaku.mhlw.go.jp/14/index.php?action_kouhyou_detail_004_kani=true&JigyosyoCd=1475300982-00&ServiceCd=780&Type=search" }, "geometry": { "type": "Point", "coordinates": [ 139.605291500000021, 35.5872057 ] } },
{ "type": "Feature", "properties": { "内容": "指定通所介護　デンマーク【地域密着型通所介護】神奈川県川崎市高津区新作5-10-3", "url2": "https://www.kaigokensaku.mhlw.go.jp/14/index.php?action_kouhyou_detail_004_kani=true&JigyosyoCd=1475300990-00&ServiceCd=780&Type=search" }, "geometry": { "type": "Point", "coordinates": [ 139.625139100000069, 35.5885721 ] } },
{ "type": "Feature", "properties": { "内容": "リハビリデイサービスnagomi武蔵新城店【地域密着型通所介護】神奈川県川崎市高津区千年823-1", "url2": "https://www.kaigokensaku.mhlw.go.jp/14/index.php?action_kouhyou_detail_004_kani=true&JigyosyoCd=1475302368-00&ServiceCd=780&Type=search" }, "geometry": { "type": "Point", "coordinates": [ 139.6230703, 35.5813732 ] } },
{ "type": "Feature", "properties": { "内容": "リハビリデイサービスあんずの樹【地域密着型通所介護】神奈川県川崎市高津区千年1266", "url2": "https://www.kaigokensaku.mhlw.go.jp/14/index.php?action_kouhyou_detail_004_kani=true&JigyosyoCd=1475302384-00&ServiceCd=780&Type=search" }, "geometry": { "type": "Point", "coordinates": [ 139.619628899999952, 35.5836146 ] } },
{ "type": "Feature", "properties": { "内容": "ワイケア中原【地域密着型通所介護】神奈川県川崎市高津区子母口456-2", "url2": "https://www.kaigokensaku.mhlw.go.jp/14/index.php?action_kouhyou_detail_004_kani=true&JigyosyoCd=1475302426-00&ServiceCd=780&Type=search" }, "geometry": { "type": "Point", "coordinates": [ 139.630647700000054, 35.5747381 ] } },
{ "type": "Feature", "properties": { "内容": "リハてらす高津【地域密着型通所介護】神奈川県川崎市高津区北見方1-29-2メゾン喜多路103", "url2": "https://www.kaigokensaku.mhlw.go.jp/14/index.php?action_kouhyou_detail_004_kani=true&JigyosyoCd=1495300574-00&ServiceCd=780&Type=search" }, "geometry": { "type": "Point", "coordinates": [ 139.630628034358637, 35.597700180477325 ] } },
{ "type": "Feature", "properties": { "内容": "デイサービス　ひめしゃら【地域密着型通所介護】神奈川県川崎市高津区久地1-20-10", "url2": "https://www.kaigokensaku.mhlw.go.jp/14/index.php?action_kouhyou_detail_004_kani=true&JigyosyoCd=1495300624-00&ServiceCd=780&Type=search" }, "geometry": { "type": "Point", "coordinates": [ 139.6069683, 35.6075229 ] } },
{ "type": "Feature", "properties": { "内容": "ヒラックス溝の口【地域密着型通所介護】神奈川県川崎市高津区上作延4-1-5メゾン溝の口1階", "url2": "https://www.kaigokensaku.mhlw.go.jp/14/index.php?action_kouhyou_detail_004_kani=true&JigyosyoCd=1495300756-00&ServiceCd=780&Type=search" }, "geometry": { "type": "Point", "coordinates": [ 139.5960016, 35.5977946 ] } },
{ "type": "Feature", "properties": { "内容": "和楽館デイサービスセンター【地域密着型通所介護】神奈川県川崎市高津区千年１４１－２", "url2": "https://www.kaigokensaku.mhlw.go.jp/14/index.php?action_kouhyou_detail_004_kani=true&JigyosyoCd=1475300305-00&ServiceCd=780&Type=search" }, "geometry": { "type": "Point", "coordinates": [ 139.62116530000003, 35.5744132 ] } },
{ "type": "Feature", "properties": { "内容": "通所介護　メルヘン【地域密着型通所介護】神奈川県川崎市高津区新作５－１０－３", "url2": "https://www.kaigokensaku.mhlw.go.jp/14/index.php?action_kouhyou_detail_004_kani=true&JigyosyoCd=1475301543-00&ServiceCd=780&Type=search" }, "geometry": { "type": "Point", "coordinates": [ 139.625139100000069, 35.5885721 ] } },
{ "type": "Feature", "properties": { "内容": "元気サポート　はなまる　５号店【地域密着型通所介護】神奈川県川崎市高津区下作延3-22-18第二浅川荘1階店舗", "url2": "https://www.kaigokensaku.mhlw.go.jp/14/index.php?action_kouhyou_detail_004_kani=true&JigyosyoCd=1475301915-00&ServiceCd=780&Type=search" }, "geometry": { "type": "Point", "coordinates": [ 139.598011499999984, 35.5914106 ] } },
{ "type": "Feature", "properties": { "内容": "デイサービス　長寿の家【地域密着型通所介護】神奈川県川崎市高津区東野川1-6-12鈴木ビル１階", "url2": "https://www.kaigokensaku.mhlw.go.jp/14/index.php?action_kouhyou_detail_004_kani=true&JigyosyoCd=1475302574-00&ServiceCd=780&Type=search" }, "geometry": { "type": "Point", "coordinates": [ 139.620176600000036, 35.5731301 ] } },
{ "type": "Feature", "properties": { "内容": "ゴーゴー広場【地域密着型通所介護】神奈川県川崎市高津区子母口188-1ファミリーハイツ1F", "url2": "https://www.kaigokensaku.mhlw.go.jp/14/index.php?action_kouhyou_detail_004_kani=true&JigyosyoCd=1475302624-00&ServiceCd=780&Type=search" }, "geometry": { "type": "Point", "coordinates": [ 139.628145200000063, 35.5747326 ] } },
{ "type": "Feature", "properties": { "内容": "ほっとミルク川崎千年第一【地域密着型通所介護】神奈川県川崎市高津区千年414－10", "url2": "https://www.kaigokensaku.mhlw.go.jp/14/index.php?action_kouhyou_detail_004_kani=true&JigyosyoCd=1495300665-00&ServiceCd=780&Type=search" }, "geometry": { "type": "Point", "coordinates": [ 139.622131200000013, 35.5775568 ] } },
{ "type": "Feature", "properties": { "内容": "ほっとミルク川崎千年第二【地域密着型通所介護】神奈川県川崎市高津区千年414-6", "url2": "https://www.kaigokensaku.mhlw.go.jp/14/index.php?action_kouhyou_detail_004_kani=true&JigyosyoCd=1495300673-00&ServiceCd=780&Type=search" }, "geometry": { "type": "Point", "coordinates": [ 139.6221046, 35.5777181 ] } },
{ "type": "Feature", "properties": { "内容": "ひさすえ愛ランド【地域密着型通所介護】神奈川県川崎市高津区久末２０９３－１１F", "url2": "https://www.kaigokensaku.mhlw.go.jp/14/index.php?action_kouhyou_detail_004_kani=true&JigyosyoCd=1495300699-00&ServiceCd=780&Type=search" }, "geometry": { "type": "Point", "coordinates": [ 139.6257842, 35.5696498 ] } },
{ "type": "Feature", "properties": { "内容": "デイサービスチャオ高津久末店【地域密着型通所介護】神奈川県川崎市高津区久末1553-4", "url2": "https://www.kaigokensaku.mhlw.go.jp/14/index.php?action_kouhyou_detail_004_kani=true&JigyosyoCd=1495300707-00&ServiceCd=780&Type=search" }, "geometry": { "type": "Point", "coordinates": [ 139.6246787, 35.5636004 ] } },
{ "type": "Feature", "properties": { "内容": "アイポケットでいさーびすゆずり葉【地域密着型通所介護】神奈川県川崎市高津区子母口309", "url2": "https://www.kaigokensaku.mhlw.go.jp/14/index.php?action_kouhyou_detail_004_kani=true&JigyosyoCd=1495300731-00&ServiceCd=780&Type=search" }, "geometry": { "type": "Point", "coordinates": [ 139.6314111, 35.5713819 ] } },
{ "type": "Feature", "properties": { "内容": "一織庵　東野川【地域密着型通所介護】神奈川県川崎市高津区東野川1-1-43ローレルハイム1F", "url2": "https://www.kaigokensaku.mhlw.go.jp/14/index.php?action_kouhyou_detail_004_kani=true&JigyosyoCd=1495300749-00&ServiceCd=780&Type=search" }, "geometry": { "type": "Point", "coordinates": [ 139.6205057, 35.5739999 ] } },
{ "type": "Feature", "properties": { "内容": "元気サポートはなまる梶ヶ谷【地域密着型通所介護】神奈川県川崎市高津区梶ヶ谷２－５－５リノ梶ヶ谷1階", "url2": "https://www.kaigokensaku.mhlw.go.jp/14/index.php?action_kouhyou_detail_004_kani=true&JigyosyoCd=1475301709-00&ServiceCd=780&Type=search" }, "geometry": { "type": "Point", "coordinates": [ 139.601669500000071, 35.5903164 ] } },
{ "type": "Feature", "properties": { "内容": "デイサービスわがんせ【地域密着型通所介護】神奈川県川崎市多摩区寺尾台1-11-4", "url2": "https://www.kaigokensaku.mhlw.go.jp/14/index.php?action_kouhyou_detail_004_kani=true&JigyosyoCd=1475401467-00&ServiceCd=780&Type=search" }, "geometry": { "type": "Point", "coordinates": [ 139.534596400000027, 35.6193615 ] } },
{ "type": "Feature", "properties": { "内容": "アネックス菅馬場【地域密着型通所介護】神奈川県川崎市多摩区菅馬場３－１０－９アネックス菅馬場", "url2": "https://www.kaigokensaku.mhlw.go.jp/14/index.php?action_kouhyou_detail_004_kani=true&JigyosyoCd=1475400733-00&ServiceCd=780&Type=search" }, "geometry": { "type": "Point", "coordinates": [ 139.533721300000025, 35.6232219 ] } },
{ "type": "Feature", "properties": { "内容": "サロンデイ中野島【地域密着型通所介護】神奈川県川崎市多摩区中野島3-3-1バードタウン5番館1F", "url2": "https://www.kaigokensaku.mhlw.go.jp/14/index.php?action_kouhyou_detail_004_kani=true&JigyosyoCd=1475401608-00&ServiceCd=780&Type=search" }, "geometry": { "type": "Point", "coordinates": [ 139.5562023, 35.6277045 ] } },
{ "type": "Feature", "properties": { "内容": "デイサービス　喜多【地域密着型通所介護】神奈川県川崎市多摩区中野島1-11-39", "url2": "https://www.kaigokensaku.mhlw.go.jp/14/index.php?action_kouhyou_detail_004_kani=true&JigyosyoCd=1475401814-00&ServiceCd=780&Type=search" }, "geometry": { "type": "Point", "coordinates": [ 139.547350300000062, 35.6287626 ] } },
{ "type": "Feature", "properties": { "内容": "あうんデイサービス【地域密着型通所介護】神奈川県川崎市多摩区菅仙谷2-9-1コンフォール菅仙谷　第1号棟　101号室", "url2": "https://www.kaigokensaku.mhlw.go.jp/14/index.php?action_kouhyou_detail_004_kani=true&JigyosyoCd=1475402051-00&ServiceCd=780&Type=search" }, "geometry": { "type": "Point", "coordinates": [ 139.52854913439333, 35.627948233828043 ] } },
{ "type": "Feature", "properties": { "内容": "「結」ケアセンター　たまがわ【地域密着型通所介護】神奈川県川崎市多摩区中野島1655-1", "url2": "https://www.kaigokensaku.mhlw.go.jp/14/index.php?action_kouhyou_detail_004_kani=true&JigyosyoCd=1495400119-00&ServiceCd=780&Type=search" }, "geometry": { "type": "Point", "coordinates": [ 139.561765499999979, 35.6279989 ] } },
{ "type": "Feature", "properties": { "内容": "フィットネスリハサロンＮａｔｕｒａｌ中野島【地域密着型通所介護】神奈川県川崎市多摩区中野島６－２１－１コーポラス藤１Ｆ", "url2": "https://www.kaigokensaku.mhlw.go.jp/14/index.php?action_kouhyou_detail_004_kani=true&JigyosyoCd=1495400580-00&ServiceCd=780&Type=search" }, "geometry": { "type": "Point", "coordinates": [ 139.5543907, 35.630623 ] } },
{ "type": "Feature", "properties": { "内容": "くらしの友リハプライド中野島【地域密着型通所介護】神奈川県川崎市多摩区中野島3-23-28リバーサイド多摩1-B", "url2": "https://www.kaigokensaku.mhlw.go.jp/14/index.php?action_kouhyou_detail_004_kani=true&JigyosyoCd=1495400754-00&ServiceCd=780&Type=search" }, "geometry": { "type": "Point", "coordinates": [ 139.5518286, 35.6265735 ] } },
{ "type": "Feature", "properties": { "内容": "デイサービス　日昇【地域密着型通所介護】神奈川県川崎市多摩区中野島6-6-8", "url2": "https://www.kaigokensaku.mhlw.go.jp/14/index.php?action_kouhyou_detail_004_kani=true&JigyosyoCd=1495400507-00&ServiceCd=780&Type=search" }, "geometry": { "type": "Point", "coordinates": [ 139.56010219999996, 35.6222888 ] } },
{ "type": "Feature", "properties": { "内容": "Luxemデイサービス楽庵【地域密着型通所介護】神奈川県川崎市多摩区枡形6-15-1", "url2": "https://www.kaigokensaku.mhlw.go.jp/14/index.php?action_kouhyou_detail_004_kani=true&JigyosyoCd=1475401350-00&ServiceCd=780&Type=search" }, "geometry": { "type": "Point", "coordinates": [ 139.557961299999988, 35.6136403 ] } },
{ "type": "Feature", "properties": { "内容": "元気サポート　はなまる　宿河原【地域密着型通所介護】神奈川県川崎市多摩区長尾5-2-4", "url2": "https://www.kaigokensaku.mhlw.go.jp/14/index.php?action_kouhyou_detail_004_kani=true&JigyosyoCd=1475401582-00&ServiceCd=780&Type=search" }, "geometry": { "type": "Point", "coordinates": [ 139.58191716256556, 35.611627457836214 ] } },
{ "type": "Feature", "properties": { "内容": "デイサービス　横山さん家【地域密着型通所介護】神奈川県川崎市多摩区枡形6-3-3", "url2": "https://www.kaigokensaku.mhlw.go.jp/14/index.php?action_kouhyou_detail_004_kani=true&JigyosyoCd=1475401624-00&ServiceCd=780&Type=search" }, "geometry": { "type": "Point", "coordinates": [ 139.561205708567769, 35.614392546225446 ] } },
{ "type": "Feature", "properties": { "内容": "クリスタルプラザ　ゆうえん【地域密着型通所介護】神奈川県川崎市多摩区登戸1705番地ウッドソーレ参番館　1階", "url2": "https://www.kaigokensaku.mhlw.go.jp/14/index.php?action_kouhyou_detail_004_kani=true&JigyosyoCd=1475401830-00&ServiceCd=780&Type=search" }, "geometry": { "type": "Point", "coordinates": [ 139.561330099999964, 35.6184895 ] } },
{ "type": "Feature", "properties": { "内容": "デイフィットデイサービス登戸【地域密着型通所介護】神奈川県川崎市多摩区登戸2841-2", "url2": "https://www.kaigokensaku.mhlw.go.jp/14/index.php?action_kouhyou_detail_004_kani=true&JigyosyoCd=1475401848-00&ServiceCd=780&Type=search" }, "geometry": { "type": "Point", "coordinates": [ 139.5688963, 35.6142236 ] } },
{ "type": "Feature", "properties": { "内容": "デイサービス　生田広場【地域密着型通所介護】神奈川県川崎市多摩区西生田５－２４－２", "url2": "https://www.kaigokensaku.mhlw.go.jp/14/index.php?action_kouhyou_detail_004_kani=true&JigyosyoCd=1475401863-00&ServiceCd=780&Type=search" }, "geometry": { "type": "Point", "coordinates": [ 139.525167499999952, 35.6057362 ] } },
{ "type": "Feature", "properties": { "内容": "ホームケアセンター中央のぼりと【地域密着型通所介護】神奈川県川崎市多摩区登戸160ハイライズK1", "url2": "https://www.kaigokensaku.mhlw.go.jp/14/index.php?action_kouhyou_detail_004_kani=true&JigyosyoCd=1475401889-00&ServiceCd=780&Type=search" }, "geometry": { "type": "Point", "coordinates": [ 139.553475100000014, 35.6217944 ] } },
{ "type": "Feature", "properties": { "内容": "Luxemデイサービス縁尽【地域密着型通所介護】神奈川県川崎市多摩区栗谷3-8-12", "url2": "https://www.kaigokensaku.mhlw.go.jp/14/index.php?action_kouhyou_detail_004_kani=true&JigyosyoCd=1475402036-00&ServiceCd=780&Type=search" }, "geometry": { "type": "Point", "coordinates": [ 139.5374243, 35.6132626 ] } },
{ "type": "Feature", "properties": { "内容": "元気サポート　にこにこ4【地域密着型通所介護】神奈川県川崎市多摩区三田2-1-131F", "url2": "https://www.kaigokensaku.mhlw.go.jp/14/index.php?action_kouhyou_detail_004_kani=true&JigyosyoCd=1475402085-00&ServiceCd=780&Type=search" }, "geometry": { "type": "Point", "coordinates": [ 139.547416545166044, 35.615278802069433 ] } },
{ "type": "Feature", "properties": { "内容": "結う縁　のぼりと【地域密着型通所介護】神奈川県川崎市多摩区登戸2141ラ・グートヴェールト701", "url2": "https://www.kaigokensaku.mhlw.go.jp/14/index.php?action_kouhyou_detail_004_kani=true&JigyosyoCd=1475402093-00&ServiceCd=780&Type=search" }, "geometry": { "type": "Point", "coordinates": [ 139.565726700000027, 35.6185188 ] } },
{ "type": "Feature", "properties": { "内容": "ベネッセデイサービスセンター生田【地域密着型通所介護】神奈川県川崎市多摩区生田7丁目21番1号", "url2": "https://www.kaigokensaku.mhlw.go.jp/14/index.php?action_kouhyou_detail_004_kani=true&JigyosyoCd=1475402127-00&ServiceCd=780&Type=search" }, "geometry": { "type": "Point", "coordinates": [ 139.541031152253709, 35.617040565187033 ] } },
{ "type": "Feature", "properties": { "内容": "リハビリデイサービスnagomi向ヶ丘店【地域密着型通所介護】神奈川県川崎市多摩区枡形4-1-13ダイヤハイツ102", "url2": "https://www.kaigokensaku.mhlw.go.jp/14/index.php?action_kouhyou_detail_004_kani=true&JigyosyoCd=1475402168-00&ServiceCd=780&Type=search" }, "geometry": { "type": "Point", "coordinates": [ 139.556086132540969, 35.616751669905497 ] } },
{ "type": "Feature", "properties": { "内容": "川崎外出支援センター　デイサービスかみふうせん【地域密着型通所介護】神奈川県川崎市多摩区宿河原3-2-1三和ビル103号室", "url2": "https://www.kaigokensaku.mhlw.go.jp/14/index.php?action_kouhyou_detail_004_kani=true&JigyosyoCd=1475402176-00&ServiceCd=780&Type=search" }, "geometry": { "type": "Point", "coordinates": [ 139.577698100000021, 35.6150762 ] } },
{ "type": "Feature", "properties": { "内容": "デイサービスセンター手とて宿河原【地域密着型通所介護】神奈川県川崎市多摩区宿河原5-21-21プランドール宿河原101", "url2": "https://www.kaigokensaku.mhlw.go.jp/14/index.php?action_kouhyou_detail_004_kani=true&JigyosyoCd=1495400465-00&ServiceCd=780&Type=search" }, "geometry": { "type": "Point", "coordinates": [ 73.038703299999952, 19.0258143 ] } },
{ "type": "Feature", "properties": { "内容": "すてきな介護ハートすてっき・ネオ【地域密着型通所介護】神奈川県川崎市多摩区登戸３５２８－１プロムナード多摩川１階", "url2": "https://www.kaigokensaku.mhlw.go.jp/14/index.php?action_kouhyou_detail_004_kani=true&JigyosyoCd=1495400473-00&ServiceCd=780&Type=search" }, "geometry": { "type": "Point", "coordinates": [ 139.5702622, 35.6218694 ] } },
{ "type": "Feature", "properties": { "内容": "デイサービスウィズ・ユー生田【地域密着型通所介護】神奈川県川崎市多摩区西生田2-1-4", "url2": "https://www.kaigokensaku.mhlw.go.jp/14/index.php?action_kouhyou_detail_004_kani=true&JigyosyoCd=1495400598-00&ServiceCd=780&Type=search" }, "geometry": { "type": "Point", "coordinates": [ 139.539371100000039, 35.61515090000001 ] } },
{ "type": "Feature", "properties": { "内容": "デイサービス　さら【地域密着型通所介護】神奈川県川崎市多摩区栗谷2-15-6", "url2": "https://www.kaigokensaku.mhlw.go.jp/14/index.php?action_kouhyou_detail_004_kani=true&JigyosyoCd=1495400630-00&ServiceCd=780&Type=search" }, "geometry": { "type": "Point", "coordinates": [ 139.534423299999958, 35.6082449 ] } },
{ "type": "Feature", "properties": { "内容": "レコードブック生田【地域密着型通所介護】神奈川県川崎市多摩区三田4-5555-5ブックスマンション1F", "url2": "https://www.kaigokensaku.mhlw.go.jp/14/index.php?action_kouhyou_detail_004_kani=true&JigyosyoCd=1495400655-00&ServiceCd=780&Type=search" }, "geometry": { "type": "Point", "coordinates": [ 139.540998312763293, 35.607170533178753 ] } },
{ "type": "Feature", "properties": { "内容": "だんらんの家　登戸【地域密着型通所介護】神奈川県川崎市多摩区登戸1196-2クリスタルハイムⅡ102号", "url2": "https://www.kaigokensaku.mhlw.go.jp/14/index.php?action_kouhyou_detail_004_kani=true&JigyosyoCd=1495400721-00&ServiceCd=780&Type=search" }, "geometry": { "type": "Point", "coordinates": [ 139.560145299999988, 35.622319 ] } },
{ "type": "Feature", "properties": { "内容": "リリアンデイサービス生田【地域密着型通所介護】神奈川県川崎市多摩区栗谷4-1-15ヨシダビル101", "url2": "https://www.kaigokensaku.mhlw.go.jp/14/index.php?action_kouhyou_detail_004_kani=true&JigyosyoCd=1495400846-00&ServiceCd=780&Type=search" }, "geometry": { "type": "Point", "coordinates": [ 139.5400778, 35.6120238 ] } },
{ "type": "Feature", "properties": { "内容": "リハビリディサービスいしりは【地域密着型通所介護】神奈川県川崎市多摩区菅1-5-12", "url2": "https://www.kaigokensaku.mhlw.go.jp/14/index.php?action_kouhyou_detail_004_kani=true&JigyosyoCd=1475402291-00&ServiceCd=780&Type=search" }, "geometry": { "type": "Point", "coordinates": [ 139.5365038, 35.6330063 ] } },
{ "type": "Feature", "properties": { "内容": "すてきな介護ハートすてっき【地域密着型通所介護】神奈川県川崎市多摩区登戸新町３０６番地２", "url2": "https://www.kaigokensaku.mhlw.go.jp/14/index.php?action_kouhyou_detail_004_kani=true&JigyosyoCd=1475402333-00&ServiceCd=780&Type=search" }, "geometry": { "type": "Point", "coordinates": [ 139.564126699999946, 35.622724800000015 ] } },
{ "type": "Feature", "properties": { "内容": "かたぎりリハビリセンター【地域密着型通所介護】神奈川県川崎市多摩区生田８－６－５松澤ビル103号", "url2": "https://www.kaigokensaku.mhlw.go.jp/14/index.php?action_kouhyou_detail_004_kani=true&JigyosyoCd=1495400572-00&ServiceCd=780&Type=search" }, "geometry": { "type": "Point", "coordinates": [ 139.542829200000028, 35.615465 ] } },
{ "type": "Feature", "properties": { "内容": "リハプライド南生田【地域密着型通所介護】神奈川県川崎市多摩区南生田2-1-8サンパレス1階", "url2": "https://www.kaigokensaku.mhlw.go.jp/14/index.php?action_kouhyou_detail_004_kani=true&JigyosyoCd=1495400788-00&ServiceCd=780&Type=search" }, "geometry": { "type": "Point", "coordinates": [ 139.5323555, 35.60587 ] } },
{ "type": "Feature", "properties": { "内容": "リハてらす宿河原【地域密着型通所介護】神奈川県川崎市多摩区宿河原4-20-4小野ビル1階", "url2": "https://www.kaigokensaku.mhlw.go.jp/14/index.php?action_kouhyou_detail_004_kani=true&JigyosyoCd=1495400804-00&ServiceCd=780&Type=search" }, "geometry": { "type": "Point", "coordinates": [ 139.5798312, 35.6168204 ] } },
{ "type": "Feature", "properties": { "内容": "クリップハウス【地域密着型通所介護】神奈川県川崎市宮前区潮見台15-18", "url2": "https://www.kaigokensaku.mhlw.go.jp/14/index.php?action_kouhyou_detail_004_kani=true&JigyosyoCd=1475501274-00&ServiceCd=780&Type=search" }, "geometry": { "type": "Point", "coordinates": [ 139.535547800000018, 35.5913771 ] } },
{ "type": "Feature", "properties": { "内容": "元気サポート　はなまる　さぎぬま【地域密着型通所介護】神奈川県川崎市宮前区小台1-15-11パークヴィレッジ鷺沼1階2号室", "url2": "https://www.kaigokensaku.mhlw.go.jp/14/index.php?action_kouhyou_detail_004_kani=true&JigyosyoCd=1475501324-00&ServiceCd=780&Type=search" }, "geometry": { "type": "Point", "coordinates": [ 139.576914399999964, 35.5799735 ] } },
{ "type": "Feature", "properties": { "内容": "宮前さくらデイサービス【地域密着型通所介護】神奈川県川崎市宮前区小台2-1-10カワイビル", "url2": "https://www.kaigokensaku.mhlw.go.jp/14/index.php?action_kouhyou_detail_004_kani=true&JigyosyoCd=1475501555-00&ServiceCd=780&Type=search" }, "geometry": { "type": "Point", "coordinates": [ 139.583899699999961, 35.583248 ] } },
{ "type": "Feature", "properties": { "内容": "サギヌマスイミングクラブプールデイサービス【地域密着型通所介護】神奈川県川崎市宮前区有馬4-3-21", "url2": "https://www.kaigokensaku.mhlw.go.jp/14/index.php?action_kouhyou_detail_004_kani=true&JigyosyoCd=1475501654-00&ServiceCd=780&Type=search" }, "geometry": { "type": "Point", "coordinates": [ 139.579117200000042, 35.5760768 ] } },
{ "type": "Feature", "properties": { "内容": "だんらんの家　宮前平【地域密着型通所介護】神奈川県川崎市宮前区菅生6-12-6", "url2": "https://www.kaigokensaku.mhlw.go.jp/14/index.php?action_kouhyou_detail_004_kani=true&JigyosyoCd=1475501746-00&ServiceCd=780&Type=search" }, "geometry": { "type": "Point", "coordinates": [ 139.562976099999986, 35.591821700000011 ] } },
{ "type": "Feature", "properties": { "内容": "デイサービスセンター手とて菅生【地域密着型通所介護】神奈川県川崎市宮前区菅生1-9-28ストリートサイドビル101", "url2": "https://www.kaigokensaku.mhlw.go.jp/14/index.php?action_kouhyou_detail_004_kani=true&JigyosyoCd=1495500462-00&ServiceCd=780&Type=search" }, "geometry": { "type": "Point", "coordinates": [ 139.553679200000033, 35.599901 ] } },
{ "type": "Feature", "properties": { "内容": "楓の風リハビリテーション颯　宮前【地域密着型通所介護】神奈川県川崎市宮前区宮前平1丁目7‐3田辺ビル101", "url2": "https://www.kaigokensaku.mhlw.go.jp/14/index.php?action_kouhyou_detail_004_kani=true&JigyosyoCd=1495500546-00&ServiceCd=780&Type=search" }, "geometry": { "type": "Point", "coordinates": [ 139.587202899999966, 35.5836898 ] } },
{ "type": "Feature", "properties": { "内容": "セラピストデイ平【地域密着型通所介護】神奈川県川崎市宮前区平2-8-4リック宮前平102", "url2": "https://www.kaigokensaku.mhlw.go.jp/14/index.php?action_kouhyou_detail_004_kani=true&JigyosyoCd=1495500553-00&ServiceCd=780&Type=search" }, "geometry": { "type": "Point", "coordinates": [ 139.5713455, 35.6004114 ] } },
{ "type": "Feature", "properties": { "内容": "セラピストデイ宮前平【地域密着型通所介護】神奈川県川崎市宮前区宮前平1-4-142ステージオーシー宮前平B1-3", "url2": "https://www.kaigokensaku.mhlw.go.jp/14/index.php?action_kouhyou_detail_004_kani=true&JigyosyoCd=1495500793-00&ServiceCd=780&Type=search" }, "geometry": { "type": "Point", "coordinates": [ 139.5877152, 35.5839152 ] } },
{ "type": "Feature", "properties": { "内容": "一織庵宮前野川【地域密着型通所介護】神奈川県川崎市宮前区野川本町2-2-32", "url2": "https://www.kaigokensaku.mhlw.go.jp/14/index.php?action_kouhyou_detail_004_kani=true&JigyosyoCd=1495500801-00&ServiceCd=780&Type=search" }, "geometry": { "type": "Point", "coordinates": [ 139.612639366270486, 35.577238004428551 ] } },
{ "type": "Feature", "properties": { "内容": "ミモザ川崎神木本町【地域密着型通所介護】神奈川県川崎市宮前区神木本町1-25-12", "url2": "https://www.kaigokensaku.mhlw.go.jp/14/index.php?action_kouhyou_detail_004_kani=true&JigyosyoCd=1475501548-00&ServiceCd=780&Type=search" }, "geometry": { "type": "Point", "coordinates": [ 139.581655625933905, 35.604660161559046 ] } },
{ "type": "Feature", "properties": { "内容": "フィットスパ　オアシス　宮崎台【地域密着型通所介護】神奈川県川崎市宮前区馬絹1-9-24レフィナー１階", "url2": "https://www.kaigokensaku.mhlw.go.jp/14/index.php?action_kouhyou_detail_004_kani=true&JigyosyoCd=1495500363-00&ServiceCd=780&Type=search" }, "geometry": { "type": "Point", "coordinates": [ 139.590491383406061, 35.582336307743802 ] } },
{ "type": "Feature", "properties": { "内容": "Salonのがわ【地域密着型通所介護】神奈川県川崎市宮前区西野川1-1-46", "url2": "https://www.kaigokensaku.mhlw.go.jp/14/index.php?action_kouhyou_detail_004_kani=true&JigyosyoCd=1495500447-00&ServiceCd=780&Type=search" }, "geometry": { "type": "Point", "coordinates": [ 139.5960182, 35.5771433 ] } },
{ "type": "Feature", "properties": { "内容": "デイサービスセンター手とて南平台【地域密着型通所介護】神奈川県川崎市宮前区南平台3-5第五石原ビル1階", "url2": "https://www.kaigokensaku.mhlw.go.jp/14/index.php?action_kouhyou_detail_004_kani=true&JigyosyoCd=1495500611-00&ServiceCd=780&Type=search" }, "geometry": { "type": "Point", "coordinates": [ 139.570319400000017, 35.5936792 ] } },
{ "type": "Feature", "properties": { "内容": "リハてらす宮前【地域密着型通所介護】神奈川県川崎市宮前区神木本町5-1-4エスペランサ宮前1階", "url2": "https://www.kaigokensaku.mhlw.go.jp/14/index.php?action_kouhyou_detail_004_kani=true&JigyosyoCd=1495500694-00&ServiceCd=780&Type=search" }, "geometry": { "type": "Point", "coordinates": [ 139.5814594, 35.600491099999978 ] } },
{ "type": "Feature", "properties": { "内容": "元気サポートはなまる　みやまえ【地域密着型通所介護】神奈川県川崎市宮前区小台1-15-11パークヴィレッジ鷺沼1階1号室", "url2": "https://www.kaigokensaku.mhlw.go.jp/14/index.php?action_kouhyou_detail_004_kani=true&JigyosyoCd=1475501423-00&ServiceCd=780&Type=search" }, "geometry": { "type": "Point", "coordinates": [ 139.576914399999964, 35.5799735 ] } },
{ "type": "Feature", "properties": { "内容": "レコードブック　宮前平【地域密着型通所介護】神奈川県川崎市宮前区土橋4-1-16東名コピービル1F", "url2": "https://www.kaigokensaku.mhlw.go.jp/14/index.php?action_kouhyou_detail_004_kani=true&JigyosyoCd=1495500736-00&ServiceCd=780&Type=search" }, "geometry": { "type": "Point", "coordinates": [ 139.572466, 35.5872002 ] } },
{ "type": "Feature", "properties": { "内容": "栄亀デイサービス【地域密着型通所介護】神奈川県川崎市宮前区野川本町1-29-22", "url2": "https://www.kaigokensaku.mhlw.go.jp/14/index.php?action_kouhyou_detail_004_kani=true&JigyosyoCd=1495500470-00&ServiceCd=780&Type=search" }, "geometry": { "type": "Point", "coordinates": [ 139.614871671163883, 35.579944156448668 ] } },
{ "type": "Feature", "properties": { "内容": "寿デイサービスセンター鷺沼【地域密着型通所介護】神奈川県川崎市宮前区有馬8-1-1クライムエイト1F", "url2": "https://www.kaigokensaku.mhlw.go.jp/14/index.php?action_kouhyou_detail_004_kani=true&JigyosyoCd=1475501464-00&ServiceCd=780&Type=search" }, "geometry": { "type": "Point", "coordinates": [ 139.571668, 35.5745771 ] } },
{ "type": "Feature", "properties": { "内容": "樹楽　川崎鷺沼【地域密着型通所介護】神奈川県川崎市宮前区有馬9-12-2", "url2": "https://www.kaigokensaku.mhlw.go.jp/14/index.php?action_kouhyou_detail_004_kani=true&JigyosyoCd=1495500710-00&ServiceCd=780&Type=search" }, "geometry": { "type": "Point", "coordinates": [ 139.56947790000001, 35.5713222 ] } },
{ "type": "Feature", "properties": { "内容": "Smileリハビリデイサービス宮前【地域密着型通所介護】神奈川県川崎市宮前区馬絹2－4－45サンウェル1階", "url2": "https://www.kaigokensaku.mhlw.go.jp/14/index.php?action_kouhyou_detail_004_kani=true&JigyosyoCd=1495500728-00&ServiceCd=780&Type=search" }, "geometry": { "type": "Point", "coordinates": [ 139.594045300000033, 35.5820477 ] } },
{ "type": "Feature", "properties": { "内容": "一織庵新百合ヶ丘【地域密着型通所介護】神奈川県川崎市麻生区王禅寺東6-17-16", "url2": "https://www.kaigokensaku.mhlw.go.jp/14/index.php?action_kouhyou_detail_004_kani=true&JigyosyoCd=1495600767-00&ServiceCd=780&Type=search" }, "geometry": { "type": "Point", "coordinates": [ 139.510706764417989, 35.577671393333524 ] } },
{ "type": "Feature", "properties": { "内容": "さくらの丘【地域密着型通所介護】神奈川県川崎市麻生区高石5-23-12さくらの丘", "url2": "https://www.kaigokensaku.mhlw.go.jp/14/index.php?action_kouhyou_detail_004_kani=true&JigyosyoCd=1475601108-00&ServiceCd=780&Type=search" }, "geometry": { "type": "Point", "coordinates": [ 139.52351317976229, 35.60496246925586 ] } },
{ "type": "Feature", "properties": { "内容": "元気サポートにこにこ３【地域密着型通所介護】神奈川県川崎市麻生区百合丘２－２－１１田口荘1F", "url2": "https://www.kaigokensaku.mhlw.go.jp/14/index.php?action_kouhyou_detail_004_kani=true&JigyosyoCd=1475601611-00&ServiceCd=780&Type=search" }, "geometry": { "type": "Point", "coordinates": [ 139.514712700000018, 35.6062496 ] } },
{ "type": "Feature", "properties": { "内容": "デイサービス美波【地域密着型通所介護】神奈川県川崎市麻生区百合丘1-16-28百合ヶ丘SKビル1F", "url2": "https://www.kaigokensaku.mhlw.go.jp/14/index.php?action_kouhyou_detail_004_kani=true&JigyosyoCd=1475601728-00&ServiceCd=780&Type=search" }, "geometry": { "type": "Point", "coordinates": [ 139.515086538282617, 35.606764982826462 ] } },
{ "type": "Feature", "properties": { "内容": "樹楽　しあわせ　よみうりランド前【地域密着型通所介護】神奈川県川崎市麻生区多摩美1-19-15", "url2": "https://www.kaigokensaku.mhlw.go.jp/14/index.php?action_kouhyou_detail_004_kani=true&JigyosyoCd=1495600510-00&ServiceCd=780&Type=search" }, "geometry": { "type": "Point", "coordinates": [ 139.521798699999977, 35.6181357 ] } },
{ "type": "Feature", "properties": { "内容": "樹楽　かなう　千代ヶ丘【地域密着型通所介護】神奈川県川崎市麻生区千代ヶ丘9-8-2", "url2": "https://www.kaigokensaku.mhlw.go.jp/14/index.php?action_kouhyou_detail_004_kani=true&JigyosyoCd=1495600528-00&ServiceCd=780&Type=search" }, "geometry": { "type": "Point", "coordinates": [ 139.50954, 35.6188476 ] } },
{ "type": "Feature", "properties": { "内容": "ツクイ新百合ヶ丘駅前【地域密着型通所介護】神奈川県川崎市麻生区万福寺1-15-10レオーダ新百合ヶ丘　2階", "url2": "https://www.kaigokensaku.mhlw.go.jp/14/index.php?action_kouhyou_detail_004_kani=true&JigyosyoCd=1495600585-00&ServiceCd=780&Type=search" }, "geometry": { "type": "Point", "coordinates": [ 139.507281299999988, 35.6052851 ] } },
{ "type": "Feature", "properties": { "内容": "ファミリーケア新緑【地域密着型通所介護】神奈川県川崎市麻生区片平3丁目5番1-6号ディアハウスA", "url2": "https://www.kaigokensaku.mhlw.go.jp/14/index.php?action_kouhyou_detail_004_kani=true&JigyosyoCd=1495600593-00&ServiceCd=780&Type=search" }, "geometry": { "type": "Point", "coordinates": [ 139.49380450000001, 35.5919937 ] } },
{ "type": "Feature", "properties": { "内容": "だんらんの家　上麻生【地域密着型通所介護】神奈川県川崎市麻生区上麻生3－5－27", "url2": "https://www.kaigokensaku.mhlw.go.jp/14/index.php?action_kouhyou_detail_004_kani=true&JigyosyoCd=1495600601-00&ServiceCd=780&Type=search" }, "geometry": { "type": "Point", "coordinates": [ 139.50575943558195, 35.598312485714153 ] } },
{ "type": "Feature", "properties": { "内容": "デイサービス和み亭【地域密着型通所介護】神奈川県川崎市麻生区金程2丁目17番14号", "url2": "https://www.kaigokensaku.mhlw.go.jp/14/index.php?action_kouhyou_detail_004_kani=true&JigyosyoCd=1475601470-00&ServiceCd=780&Type=search" }, "geometry": { "type": "Point", "coordinates": [ 139.50114880000001, 35.6098881 ] } },
{ "type": "Feature", "properties": { "内容": "ともの家【地域密着型通所介護】神奈川県川崎市麻生区王禅寺西3-26-6", "url2": "https://www.kaigokensaku.mhlw.go.jp/14/index.php?action_kouhyou_detail_004_kani=true&JigyosyoCd=1475600498-00&ServiceCd=780&Type=search" }, "geometry": { "type": "Point", "coordinates": [ 139.517774, 35.5965983 ] } },
{ "type": "Feature", "properties": { "内容": "あい・細山【地域密着型通所介護】神奈川県川崎市麻生区細山4-10-5", "url2": "https://www.kaigokensaku.mhlw.go.jp/14/index.php?action_kouhyou_detail_004_kani=true&JigyosyoCd=1475600704-00&ServiceCd=780&Type=search" }, "geometry": { "type": "Point", "coordinates": [ 139.5149063, 35.6200221 ] } },
{ "type": "Feature", "properties": { "内容": "「結」ケアセンターあさお【地域密着型通所介護】神奈川県川崎市麻生区片平2-22-1103", "url2": "https://www.kaigokensaku.mhlw.go.jp/14/index.php?action_kouhyou_detail_004_kani=true&JigyosyoCd=1475600944-00&ServiceCd=780&Type=search" }, "geometry": { "type": "Point", "coordinates": [ 139.497180496295186, 35.592233746354175 ] } },
{ "type": "Feature", "properties": { "内容": "だんらんの家　新百合ヶ丘【地域密着型通所介護】神奈川県川崎市麻生区千代ヶ丘6-4-1", "url2": "https://www.kaigokensaku.mhlw.go.jp/14/index.php?action_kouhyou_detail_004_kani=true&JigyosyoCd=1475601363-00&ServiceCd=780&Type=search" }, "geometry": { "type": "Point", "coordinates": [ 139.50978740000005, 35.6159309 ] } },
{ "type": "Feature", "properties": { "内容": "レコードブック読売ランド前【地域密着型通所介護】神奈川県川崎市麻生区高石3-26-6リブラミノワ1F", "url2": "https://www.kaigokensaku.mhlw.go.jp/14/index.php?action_kouhyou_detail_004_kani=true&JigyosyoCd=1475601884-00&ServiceCd=780&Type=search" }, "geometry": { "type": "Point", "coordinates": [ 139.5217672, 35.61542330000001 ] } },
{ "type": "Feature", "properties": { "内容": "地域密着型通所介護　ジョイ麻生【地域密着型通所介護】神奈川県川崎市麻生区下麻生2-3-8和気ハウス麻生", "url2": "https://www.kaigokensaku.mhlw.go.jp/14/index.php?action_kouhyou_detail_004_kani=true&JigyosyoCd=1495600742-00&ServiceCd=780&Type=search" }, "geometry": { "type": "Point", "coordinates": [ 139.5071223, 35.5822966 ] } },
{ "type": "Feature", "properties": { "内容": "元気サポート　にこにこ５【地域密着型通所介護】神奈川県川崎市麻生区片平2-22-1住真マンション102", "url2": "https://www.kaigokensaku.mhlw.go.jp/14/index.php?action_kouhyou_detail_004_kani=true&JigyosyoCd=1475601801-00&ServiceCd=780&Type=search" }, "geometry": { "type": "Point", "coordinates": [ 139.497207318385307, 35.592255557529136 ] } },
{ "type": "Feature", "properties": { "内容": "デイホーム　まごころ【地域密着型通所介護】神奈川県相模原市緑区小渕1545-1", "url2": "https://www.kaigokensaku.mhlw.go.jp/14/index.php?action_kouhyou_detail_004_kani=true&JigyosyoCd=1471700292-00&ServiceCd=780&Type=search" }, "geometry": { "type": "Point", "coordinates": [ 139.1475094, 35.6164008 ] } },
{ "type": "Feature", "properties": { "内容": "デイサービス　遊らいふ【地域密着型通所介護】神奈川県相模原市緑区三ケ木字原替戸７８１番地１", "url2": "https://www.kaigokensaku.mhlw.go.jp/14/index.php?action_kouhyou_detail_004_kani=true&JigyosyoCd=1492602501-00&ServiceCd=780&Type=search" }, "geometry": { "type": "Point", "coordinates": [ 139.23194764059761, 35.593731825729755 ] } },
{ "type": "Feature", "properties": { "内容": "ライフリンク相模原【地域密着型通所介護】神奈川県相模原市緑区中野１３５１－１", "url2": "https://www.kaigokensaku.mhlw.go.jp/14/index.php?action_kouhyou_detail_004_kani=true&JigyosyoCd=1492601313-00&ServiceCd=780&Type=search" }, "geometry": { "type": "Point", "coordinates": [ 139.253075018658819, 35.588270687875159 ] } },
{ "type": "Feature", "properties": { "内容": "アロハ　橋本スタジオ【地域密着型通所介護】神奈川県相模原市緑区橋本３－２１－１０", "url2": "https://www.kaigokensaku.mhlw.go.jp/14/index.php?action_kouhyou_detail_004_kani=true&JigyosyoCd=1492601321-00&ServiceCd=780&Type=search" }, "geometry": { "type": "Point", "coordinates": [ 139.348630800000024, 35.596583 ] } },
{ "type": "Feature", "properties": { "内容": "リハビリテーション颯はしもと【地域密着型通所介護】神奈川県相模原市緑区西橋本2-1-17フルキビル１階", "url2": "https://www.kaigokensaku.mhlw.go.jp/14/index.php?action_kouhyou_detail_004_kani=true&JigyosyoCd=1492601388-00&ServiceCd=780&Type=search" }, "geometry": { "type": "Point", "coordinates": [ 139.339002467459068, 35.594811437433741 ] } },
{ "type": "Feature", "properties": { "内容": "アクア大島デイサービス【地域密着型通所介護】神奈川県相模原市緑区大島640-6", "url2": "https://www.kaigokensaku.mhlw.go.jp/14/index.php?action_kouhyou_detail_004_kani=true&JigyosyoCd=1492602212-00&ServiceCd=780&Type=search" }, "geometry": { "type": "Point", "coordinates": [ 139.3087547, 35.5812951 ] } },
{ "type": "Feature", "properties": { "内容": "デイサービス　いおり【地域密着型通所介護】神奈川県相模原市緑区中野1077-1", "url2": "https://www.kaigokensaku.mhlw.go.jp/14/index.php?action_kouhyou_detail_004_kani=true&JigyosyoCd=1492602261-00&ServiceCd=780&Type=search" }, "geometry": { "type": "Point", "coordinates": [ 139.2523276, 35.5849455 ] } },
{ "type": "Feature", "properties": { "内容": "ライフコート相模原下九沢　デイサービスセンターさくらんぼ【地域密着型通所介護】神奈川県相模原市緑区下九沢1915-1", "url2": "https://www.kaigokensaku.mhlw.go.jp/14/index.php?action_kouhyou_detail_004_kani=true&JigyosyoCd=1492602295-00&ServiceCd=780&Type=search" }, "geometry": { "type": "Point", "coordinates": [ 139.333004499999987, 35.5791104 ] } },
{ "type": "Feature", "properties": { "内容": "けいゆう　通所介護【地域密着型通所介護】神奈川県相模原市緑区与瀬1129-1", "url2": "https://www.kaigokensaku.mhlw.go.jp/14/index.php?action_kouhyou_detail_004_kani=true&JigyosyoCd=1492601669-00&ServiceCd=780&Type=search" }, "geometry": { "type": "Point", "coordinates": [ 139.1876313, 35.6171373 ] } },
{ "type": "Feature", "properties": { "内容": "サロンデイ下九沢【地域密着型通所介護】神奈川県相模原市緑区下九沢1705-1", "url2": "https://www.kaigokensaku.mhlw.go.jp/14/index.php?action_kouhyou_detail_004_kani=true&JigyosyoCd=1472605029-00&ServiceCd=780&Type=search" }, "geometry": { "type": "Point", "coordinates": [ 139.337374608598338, 35.581095199633218 ] } },
{ "type": "Feature", "properties": { "内容": "デイサービスしらゆり【地域密着型通所介護】神奈川県相模原市緑区原宿2-7-39", "url2": "https://www.kaigokensaku.mhlw.go.jp/14/index.php?action_kouhyou_detail_004_kani=true&JigyosyoCd=1472605060-00&ServiceCd=780&Type=search" }, "geometry": { "type": "Point", "coordinates": [ 139.3130423, 35.5971894 ] } },
{ "type": "Feature", "properties": { "内容": "ケアステーション　暖【地域密着型通所介護】神奈川県相模原市緑区大山町8-13井上産業ビル１０１", "url2": "https://www.kaigokensaku.mhlw.go.jp/14/index.php?action_kouhyou_detail_004_kani=true&JigyosyoCd=1472605524-00&ServiceCd=780&Type=search" }, "geometry": { "type": "Point", "coordinates": [ 139.34546469999998, 35.5875185 ] } },
{ "type": "Feature", "properties": { "内容": "アロハ　デイサービス長竹【地域密着型通所介護】神奈川県相模原市緑区長竹14-1", "url2": "https://www.kaigokensaku.mhlw.go.jp/14/index.php?action_kouhyou_detail_004_kani=true&JigyosyoCd=1472605870-00&ServiceCd=780&Type=search" }, "geometry": { "type": "Point", "coordinates": [ 139.273794899999984, 35.5679504 ] } },
{ "type": "Feature", "properties": { "内容": "ほのぼのサービスセンター　おむかい【地域密着型通所介護】神奈川県相模原市緑区太井167-5", "url2": "https://www.kaigokensaku.mhlw.go.jp/14/index.php?action_kouhyou_detail_004_kani=true&JigyosyoCd=1472606761-00&ServiceCd=780&Type=search" }, "geometry": { "type": "Point", "coordinates": [ 139.265697999336197, 35.582595346888091 ] } },
{ "type": "Feature", "properties": { "内容": "ピュアらいふ相模原三ケ木【地域密着型通所介護】神奈川県相模原市緑区三ケ木８５９－５", "url2": "https://www.kaigokensaku.mhlw.go.jp/14/index.php?action_kouhyou_detail_004_kani=true&JigyosyoCd=1472606886-00&ServiceCd=780&Type=search" }, "geometry": { "type": "Point", "coordinates": [ 139.2323166, 35.5964955 ] } },
{ "type": "Feature", "properties": { "内容": "ハートてらす相模原若柳【地域密着型通所介護】神奈川県相模原市緑区若柳1076", "url2": "https://www.kaigokensaku.mhlw.go.jp/14/index.php?action_kouhyou_detail_004_kani=true&JigyosyoCd=1472606928-00&ServiceCd=780&Type=search" }, "geometry": { "type": "Point", "coordinates": [ 139.215587, 35.6009667 ] } },
{ "type": "Feature", "properties": { "内容": "機能向上　マイスぺ　リハ館　大島【地域密着型通所介護】神奈川県相模原市緑区大島3243-1", "url2": "https://www.kaigokensaku.mhlw.go.jp/14/index.php?action_kouhyou_detail_004_kani=true&JigyosyoCd=1472607165-00&ServiceCd=780&Type=search" }, "geometry": { "type": "Point", "coordinates": [ 139.316806600000064, 35.5748947 ] } },
{ "type": "Feature", "properties": { "内容": "アロハ　デイサービス青山【地域密着型通所介護】神奈川県相模原市緑区青山２２８１－４", "url2": "https://www.kaigokensaku.mhlw.go.jp/14/index.php?action_kouhyou_detail_004_kani=true&JigyosyoCd=1472607629-00&ServiceCd=780&Type=search" }, "geometry": { "type": "Point", "coordinates": [ 139.24815250000006, 35.5662 ] } },
{ "type": "Feature", "properties": { "内容": "生活リハビリクラブ橋本【地域密着型通所介護】神奈川県相模原市緑区橋本台1-18-10パストラル長田103・201", "url2": "https://www.kaigokensaku.mhlw.go.jp/14/index.php?action_kouhyou_detail_004_kani=true&JigyosyoCd=1472607918-00&ServiceCd=780&Type=search" }, "geometry": { "type": "Point", "coordinates": [ 139.3454259, 35.5832583 ] } },
{ "type": "Feature", "properties": { "内容": "リハプライド原宿【地域密着型通所介護】神奈川県相模原市緑区原宿2-13-31", "url2": "https://www.kaigokensaku.mhlw.go.jp/14/index.php?action_kouhyou_detail_004_kani=true&JigyosyoCd=1492601859-00&ServiceCd=780&Type=search" }, "geometry": { "type": "Point", "coordinates": [ 139.3090215, 35.59662 ] } },
{ "type": "Feature", "properties": { "内容": "リハビリ整骨クラブ【地域密着型通所介護】神奈川県相模原市緑区二本松3-19-3", "url2": "https://www.kaigokensaku.mhlw.go.jp/14/index.php?action_kouhyou_detail_004_kani=true&JigyosyoCd=1492601990-00&ServiceCd=780&Type=search" }, "geometry": { "type": "Point", "coordinates": [ 139.32083750000001, 35.5951048 ] } },
{ "type": "Feature", "properties": { "内容": "オハナはうす合同会社【地域密着型通所介護】神奈川県相模原市緑区千木良402-1", "url2": "https://www.kaigokensaku.mhlw.go.jp/14/index.php?action_kouhyou_detail_004_kani=true&JigyosyoCd=1492602071-00&ServiceCd=780&Type=search" }, "geometry": { "type": "Point", "coordinates": [ 139.213663470777902, 35.614389992082074 ] } },
{ "type": "Feature", "properties": { "内容": "デイサービスひだまり【地域密着型通所介護】神奈川県相模原市緑区原宿2－13－30", "url2": "https://www.kaigokensaku.mhlw.go.jp/14/index.php?action_kouhyou_detail_004_kani=true&JigyosyoCd=1492602097-00&ServiceCd=780&Type=search" }, "geometry": { "type": "Point", "coordinates": [ 139.3087243, 35.5965884 ] } },
{ "type": "Feature", "properties": { "内容": "フルール・ガーデン相模原【地域密着型通所介護】神奈川県相模原市緑区谷ヶ原１－１１－６", "url2": "https://www.kaigokensaku.mhlw.go.jp/14/index.php?action_kouhyou_detail_004_kani=true&JigyosyoCd=1492602121-00&ServiceCd=780&Type=search" }, "geometry": { "type": "Point", "coordinates": [ 139.295869900000014, 35.5918622 ] } },
{ "type": "Feature", "properties": { "内容": "早稲田イーライフさがみ【地域密着型通所介護】神奈川県相模原市緑区原宿1-7-14-3", "url2": "https://www.kaigokensaku.mhlw.go.jp/14/index.php?action_kouhyou_detail_004_kani=true&JigyosyoCd=1492602352-00&ServiceCd=780&Type=search" }, "geometry": { "type": "Point", "coordinates": [ 139.315163500000011, 35.5992981 ] } },
{ "type": "Feature", "properties": { "内容": "運動特化型デイサービスOneStep【地域密着型通所介護】神奈川県相模原市緑区橋本1丁目16番地8", "url2": "https://www.kaigokensaku.mhlw.go.jp/14/index.php?action_kouhyou_detail_004_kani=true&JigyosyoCd=1492602386-00&ServiceCd=780&Type=search" }, "geometry": { "type": "Point", "coordinates": [ 139.3442579, 35.5895315 ] } },
{ "type": "Feature", "properties": { "内容": "セラピコ相模原【地域密着型通所介護】神奈川県相模原市緑区橋本1-17-20塚田クリニックハウス1階", "url2": "https://www.kaigokensaku.mhlw.go.jp/14/index.php?action_kouhyou_detail_004_kani=true&JigyosyoCd=1492602436-00&ServiceCd=780&Type=search" }, "geometry": { "type": "Point", "coordinates": [ 139.343158499999987, 35.5900143 ] } },
{ "type": "Feature", "properties": { "内容": "あんじゅの村あるく【地域密着型通所介護】神奈川県相模原市緑区下九沢649-7", "url2": "https://www.kaigokensaku.mhlw.go.jp/14/index.php?action_kouhyou_detail_004_kani=true&JigyosyoCd=1492601099-00&ServiceCd=780&Type=search" }, "geometry": { "type": "Point", "coordinates": [ 139.342342127595998, 35.571853525098327 ] } },
{ "type": "Feature", "properties": { "内容": "レコードブック相模原星が丘【地域密着型通所介護】神奈川県相模原市中央区星が丘１－２２－５レジデンスアオバ１階", "url2": "https://www.kaigokensaku.mhlw.go.jp/14/index.php?action_kouhyou_detail_004_kani=true&JigyosyoCd=1492602485-00&ServiceCd=780&Type=search" }, "geometry": { "type": "Point", "coordinates": [ 139.370086699999973, 35.5610243 ] } },
{ "type": "Feature", "properties": { "内容": "NORRO塾【地域密着型通所介護】神奈川県相模原市中央区清新7-2-2フローラマンション1階", "url2": "https://www.kaigokensaku.mhlw.go.jp/14/index.php?action_kouhyou_detail_004_kani=true&JigyosyoCd=1492602444-00&ServiceCd=780&Type=search" }, "geometry": { "type": "Point", "coordinates": [ 139.3648786, 35.573287 ] } },
{ "type": "Feature", "properties": { "内容": "マイスペリハ館プラス【地域密着型通所介護】神奈川県相模原市中央区矢部1-2-16", "url2": "https://www.kaigokensaku.mhlw.go.jp/14/index.php?action_kouhyou_detail_004_kani=true&JigyosyoCd=1472604212-00&ServiceCd=780&Type=search" }, "geometry": { "type": "Point", "coordinates": [ 139.377644074739067, 35.575600477615048 ] } },
{ "type": "Feature", "properties": { "内容": "デイサービス花みずき【地域密着型通所介護】神奈川県相模原市中央区淵野辺４－２５－５", "url2": "https://www.kaigokensaku.mhlw.go.jp/14/index.php?action_kouhyou_detail_004_kani=true&JigyosyoCd=1472605037-00&ServiceCd=780&Type=search" }, "geometry": { "type": "Point", "coordinates": [ 139.399343600000066, 35.5718667 ] } },
{ "type": "Feature", "properties": { "内容": "サロンディウェルハイム淵野辺【地域密着型通所介護】神奈川県相模原市中央区淵野辺3-9-17ライオンズプラザ淵野辺102号", "url2": "https://www.kaigokensaku.mhlw.go.jp/14/index.php?action_kouhyou_detail_004_kani=true&JigyosyoCd=1472605169-00&ServiceCd=780&Type=search" }, "geometry": { "type": "Point", "coordinates": [ 139.393394199999989, 35.5712501 ] } },
{ "type": "Feature", "properties": { "内容": "デイサービス　集い場「想」【地域密着型通所介護】神奈川県相模原市中央区中央5-1-2ベルドールコート2Ａ", "url2": "https://www.kaigokensaku.mhlw.go.jp/14/index.php?action_kouhyou_detail_004_kani=true&JigyosyoCd=1472605300-00&ServiceCd=780&Type=search" }, "geometry": { "type": "Point", "coordinates": [ 139.364872342991731, 35.572210823264072 ] } },
{ "type": "Feature", "properties": { "内容": "リカバリー　デイサービス【地域密着型通所介護】神奈川県相模原市中央区淵野辺3-11-10１F", "url2": "https://www.kaigokensaku.mhlw.go.jp/14/index.php?action_kouhyou_detail_004_kani=true&JigyosyoCd=1472605474-00&ServiceCd=780&Type=search" }, "geometry": { "type": "Point", "coordinates": [ 139.393804, 35.572137700000042 ] } },
{ "type": "Feature", "properties": { "内容": "だんらんの家南橋本【地域密着型通所介護】神奈川県相模原市中央区南橋本2-7-5", "url2": "https://www.kaigokensaku.mhlw.go.jp/14/index.php?action_kouhyou_detail_004_kani=true&JigyosyoCd=1472607355-00&ServiceCd=780&Type=search" }, "geometry": { "type": "Point", "coordinates": [ 139.350276477909802, 35.581449288470715 ] } },
{ "type": "Feature", "properties": { "内容": "リハビリデイサービスnagomiふちのべ店【地域密着型通所介護】神奈川県相模原市中央区淵野辺本町４－８－１９", "url2": "https://www.kaigokensaku.mhlw.go.jp/14/index.php?action_kouhyou_detail_004_kani=true&JigyosyoCd=1472608833-00&ServiceCd=780&Type=search" }, "geometry": { "type": "Point", "coordinates": [ 139.405732100000023, 35.5676257 ] } },
{ "type": "Feature", "properties": { "内容": "Olu　Olu【地域密着型通所介護】神奈川県相模原市中央区陽光台6-12-13エレクティオン陽光台1F", "url2": "https://www.kaigokensaku.mhlw.go.jp/14/index.php?action_kouhyou_detail_004_kani=true&JigyosyoCd=1492601206-00&ServiceCd=780&Type=search" }, "geometry": { "type": "Point", "coordinates": [ 139.37854070000003, 35.5467106 ] } },
{ "type": "Feature", "properties": { "内容": "機能訓練重視型デイサービスHOP【地域密着型通所介護】神奈川県相模原市中央区並木3-19-21パークサイド並木１Ｆ", "url2": "https://www.kaigokensaku.mhlw.go.jp/14/index.php?action_kouhyou_detail_004_kani=true&JigyosyoCd=1492601255-00&ServiceCd=780&Type=search" }, "geometry": { "type": "Point", "coordinates": [ 139.386756399999967, 35.5552111 ] } },
{ "type": "Feature", "properties": { "内容": "デイサービスしんでん【地域密着型通所介護】神奈川県相模原市中央区中央6-12-3山久ビル1F", "url2": "https://www.kaigokensaku.mhlw.go.jp/14/index.php?action_kouhyou_detail_004_kani=true&JigyosyoCd=1492601545-00&ServiceCd=780&Type=search" }, "geometry": { "type": "Point", "coordinates": [ 139.370905, 35.569077100000015 ] } },
{ "type": "Feature", "properties": { "内容": "デイサービス幸智【地域密着型通所介護】神奈川県相模原市中央区田名1207-1", "url2": "https://www.kaigokensaku.mhlw.go.jp/14/index.php?action_kouhyou_detail_004_kani=true&JigyosyoCd=1492602030-00&ServiceCd=780&Type=search" }, "geometry": { "type": "Point", "coordinates": [ 139.329253099999988, 35.5498614 ] } },
{ "type": "Feature", "properties": { "内容": "UPLife相模原店【地域密着型通所介護】神奈川県相模原市中央区中央1-9-12相模原第2末広マンション1階A号室", "url2": "https://www.kaigokensaku.mhlw.go.jp/14/index.php?action_kouhyou_detail_004_kani=true&JigyosyoCd=1492602139-00&ServiceCd=780&Type=search" }, "geometry": { "type": "Point", "coordinates": [ 139.3681508, 35.5734271 ] } },
{ "type": "Feature", "properties": { "内容": "かどや健康ハーフデイ【地域密着型通所介護】神奈川県相模原市中央区矢部４－２１－２１角田ビル１階", "url2": "https://www.kaigokensaku.mhlw.go.jp/14/index.php?action_kouhyou_detail_004_kani=true&JigyosyoCd=1472602026-00&ServiceCd=780&Type=search" }, "geometry": { "type": "Point", "coordinates": [ 139.3902167, 35.5709557 ] } },
{ "type": "Feature", "properties": { "内容": "機能向上　マイスペ　リハ館　相模原【地域密着型通所介護】神奈川県相模原市中央区中央6-6-6セントラルハイムＣ１Ｆ", "url2": "https://www.kaigokensaku.mhlw.go.jp/14/index.php?action_kouhyou_detail_004_kani=true&JigyosyoCd=1472606118-00&ServiceCd=780&Type=search" }, "geometry": { "type": "Point", "coordinates": [ 139.369557500000042, 35.5697654 ] } },
{ "type": "Feature", "properties": { "内容": "えなふる優縁Ｄａｙｓ【地域密着型通所介護】神奈川県相模原市中央区淵野辺4-37-12ラティブビル202", "url2": "https://www.kaigokensaku.mhlw.go.jp/14/index.php?action_kouhyou_detail_004_kani=true&JigyosyoCd=1472606605-00&ServiceCd=780&Type=search" }, "geometry": { "type": "Point", "coordinates": [ 139.398677099999986, 35.5688977 ] } },
{ "type": "Feature", "properties": { "内容": "デイサービス寿楽【地域密着型通所介護】神奈川県相模原市中央区相模原6丁目7番14号アルパインメゾン901", "url2": "https://www.kaigokensaku.mhlw.go.jp/14/index.php?action_kouhyou_detail_004_kani=true&JigyosyoCd=1472608205-00&ServiceCd=780&Type=search" }, "geometry": { "type": "Point", "coordinates": [ 139.3730431, 35.573725600000039 ] } },
{ "type": "Feature", "properties": { "内容": "はじめディサービス【地域密着型通所介護】神奈川県相模原市中央区中央3-11-14", "url2": "https://www.kaigokensaku.mhlw.go.jp/14/index.php?action_kouhyou_detail_004_kani=true&JigyosyoCd=1472608403-00&ServiceCd=780&Type=search" }, "geometry": { "type": "Point", "coordinates": [ 139.3714268, 35.569234799999982 ] } },
{ "type": "Feature", "properties": { "内容": "緒隣シエロ相模原【地域密着型通所介護】神奈川県相模原市中央区淵野辺本町3-16-15アトランティスタウン101", "url2": "https://www.kaigokensaku.mhlw.go.jp/14/index.php?action_kouhyou_detail_004_kani=true&JigyosyoCd=1472608486-00&ServiceCd=780&Type=search" }, "geometry": { "type": "Point", "coordinates": [ 139.404562700000042, 35.5686949 ] } },
{ "type": "Feature", "properties": { "内容": "WakeupSports　相模原中央スタジオ【地域密着型通所介護】神奈川県相模原市中央区富士見1-5-16ルビナスコーポ１Ｆ", "url2": "https://www.kaigokensaku.mhlw.go.jp/14/index.php?action_kouhyou_detail_004_kani=true&JigyosyoCd=1472608528-00&ServiceCd=780&Type=search" }, "geometry": { "type": "Point", "coordinates": [ 139.375981644479339, 35.57144698179107 ] } },
{ "type": "Feature", "properties": { "内容": "言語＆フィジカルリハメンテライズ【地域密着型通所介護】神奈川県相模原市中央区矢部3-28-13", "url2": "https://www.kaigokensaku.mhlw.go.jp/14/index.php?action_kouhyou_detail_004_kani=true&JigyosyoCd=1492602154-00&ServiceCd=780&Type=search" }, "geometry": { "type": "Point", "coordinates": [ 139.3844312, 35.5683722 ] } },
{ "type": "Feature", "properties": { "内容": "Melodies【地域密着型通所介護】神奈川県相模原市中央区並木4-1-131階", "url2": "https://www.kaigokensaku.mhlw.go.jp/14/index.php?action_kouhyou_detail_004_kani=true&JigyosyoCd=1492602220-00&ServiceCd=780&Type=search" }, "geometry": { "type": "Point", "coordinates": [ 139.3826698, 35.5555577 ] } },
{ "type": "Feature", "properties": { "内容": "ケアセンターひばり【地域密着型通所介護】神奈川県相模原市中央区淵野辺１－１３－８ＹＬ・ＹＲビル１Ｆ", "url2": "https://www.kaigokensaku.mhlw.go.jp/14/index.php?action_kouhyou_detail_004_kani=true&JigyosyoCd=1472603511-00&ServiceCd=780&Type=search" }, "geometry": { "type": "Point", "coordinates": [ 139.392222, 35.572636 ] } },
{ "type": "Feature", "properties": { "内容": "デイサービスセンター　桜の園【地域密着型通所介護】神奈川県相模原市中央区光が丘3-2-1", "url2": "https://www.kaigokensaku.mhlw.go.jp/14/index.php?action_kouhyou_detail_004_kani=true&JigyosyoCd=1472600384-00&ServiceCd=780&Type=search" }, "geometry": { "type": "Point", "coordinates": [ 139.379966116567601, 35.554548511618634 ] } },
{ "type": "Feature", "properties": { "内容": "だんらんの家　上溝【地域密着型通所介護】神奈川県相模原市中央区上溝2-9-6", "url2": "https://www.kaigokensaku.mhlw.go.jp/14/index.php?action_kouhyou_detail_004_kani=true&JigyosyoCd=1472604956-00&ServiceCd=780&Type=search" }, "geometry": { "type": "Point", "coordinates": [ 139.350581700000021, 35.5605903 ] } },
{ "type": "Feature", "properties": { "内容": "だんらんの家　水郷田名【地域密着型通所介護】神奈川県相模原市中央区水郷田名２－１３－１２", "url2": "https://www.kaigokensaku.mhlw.go.jp/14/index.php?action_kouhyou_detail_004_kani=true&JigyosyoCd=1472605508-00&ServiceCd=780&Type=search" }, "geometry": { "type": "Point", "coordinates": [ 139.329781799999978, 35.5449655 ] } },
{ "type": "Feature", "properties": { "内容": "デイサービスかりんとう【地域密着型通所介護】神奈川県相模原市中央区宮下本町3-27-2", "url2": "https://www.kaigokensaku.mhlw.go.jp/14/index.php?action_kouhyou_detail_004_kani=true&JigyosyoCd=1472605763-00&ServiceCd=780&Type=search" }, "geometry": { "type": "Point", "coordinates": [ 139.362943399999949, 35.5964105 ] } },
{ "type": "Feature", "properties": { "内容": "Waデイサービス【地域密着型通所介護】神奈川県相模原市中央区光が丘1-15-27フィットⅠ　1階", "url2": "https://www.kaigokensaku.mhlw.go.jp/14/index.php?action_kouhyou_detail_004_kani=true&JigyosyoCd=1472607009-00&ServiceCd=780&Type=search" }, "geometry": { "type": "Point", "coordinates": [ 139.376624230423005, 35.558688894939287 ] } },
{ "type": "Feature", "properties": { "内容": "アクティビティデイサービス　笑が家【地域密着型通所介護】神奈川県相模原市中央区上矢部2-11-10", "url2": "https://www.kaigokensaku.mhlw.go.jp/14/index.php?action_kouhyou_detail_004_kani=true&JigyosyoCd=1472607124-00&ServiceCd=780&Type=search" }, "geometry": { "type": "Point", "coordinates": [ 139.390919585492838, 35.584498939705647 ] } },
{ "type": "Feature", "properties": { "内容": "さがみはら福祉相談センター【地域密着型通所介護】神奈川県相模原市中央区星が丘2-14-4", "url2": "https://www.kaigokensaku.mhlw.go.jp/14/index.php?action_kouhyou_detail_004_kani=true&JigyosyoCd=1472607314-00&ServiceCd=780&Type=search" }, "geometry": { "type": "Point", "coordinates": [ 139.373124, 35.5633163 ] } },
{ "type": "Feature", "properties": { "内容": "リハ・フィット　すまいる　らいふ　小山【地域密着型通所介護】神奈川県相模原市中央区小山2-3-15ナクセスビル101", "url2": "https://www.kaigokensaku.mhlw.go.jp/14/index.php?action_kouhyou_detail_004_kani=true&JigyosyoCd=1472607322-00&ServiceCd=780&Type=search" }, "geometry": { "type": "Point", "coordinates": [ 139.359991199999968, 35.5837437 ] } },
{ "type": "Feature", "properties": { "内容": "デイサービスゆずの実【地域密着型通所介護】神奈川県相模原市中央区宮下本町3-27-3", "url2": "https://www.kaigokensaku.mhlw.go.jp/14/index.php?action_kouhyou_detail_004_kani=true&JigyosyoCd=1472608866-00&ServiceCd=780&Type=search" }, "geometry": { "type": "Point", "coordinates": [ 139.362896200000023, 35.5965188 ] } },
{ "type": "Feature", "properties": { "内容": "リハ・フィット　すまいる　らいふ【地域密着型通所介護】神奈川県相模原市中央区小山2-6-16", "url2": "https://www.kaigokensaku.mhlw.go.jp/14/index.php?action_kouhyou_detail_004_kani=true&JigyosyoCd=1472608882-00&ServiceCd=780&Type=search" }, "geometry": { "type": "Point", "coordinates": [ 139.360270149737516, 35.58394438386631 ] } },
{ "type": "Feature", "properties": { "内容": "デイハウス　えがお【地域密着型通所介護】神奈川県相模原市中央区上溝2-4-25", "url2": "https://www.kaigokensaku.mhlw.go.jp/14/index.php?action_kouhyou_detail_004_kani=true&JigyosyoCd=1492601057-00&ServiceCd=780&Type=search" }, "geometry": { "type": "Point", "coordinates": [ 139.351487099999986, 35.56240660000001 ] } },
{ "type": "Feature", "properties": { "内容": "リハビリテーションOne清新【地域密着型通所介護】神奈川県相模原市中央区清新8-8-29ロイヤルプラザ清新101号", "url2": "https://www.kaigokensaku.mhlw.go.jp/14/index.php?action_kouhyou_detail_004_kani=true&JigyosyoCd=1492601149-00&ServiceCd=780&Type=search" }, "geometry": { "type": "Point", "coordinates": [ 139.36144790000003, 35.5739612 ] } },
{ "type": "Feature", "properties": { "内容": "リハビリストホーム上溝【地域密着型通所介護】神奈川県相模原市中央区上溝7-18-4", "url2": "https://www.kaigokensaku.mhlw.go.jp/14/index.php?action_kouhyou_detail_004_kani=true&JigyosyoCd=1492601222-00&ServiceCd=780&Type=search" }, "geometry": { "type": "Point", "coordinates": [ 139.3628251, 35.5575096 ] } },
{ "type": "Feature", "properties": { "内容": "三代目ありてい【地域密着型通所介護】神奈川県相模原市中央区上溝7-3-26", "url2": "https://www.kaigokensaku.mhlw.go.jp/14/index.php?action_kouhyou_detail_004_kani=true&JigyosyoCd=1492601248-00&ServiceCd=780&Type=search" }, "geometry": { "type": "Point", "coordinates": [ 139.3587116, 35.5557824 ] } },
{ "type": "Feature", "properties": { "内容": "心【地域密着型通所介護】神奈川県相模原市中央区上溝５８２番地５", "url2": "https://www.kaigokensaku.mhlw.go.jp/14/index.php?action_kouhyou_detail_004_kani=true&JigyosyoCd=1492601487-00&ServiceCd=780&Type=search" }, "geometry": { "type": "Point", "coordinates": [ 139.365919699999949, 35.5469258 ] } },
{ "type": "Feature", "properties": { "内容": "だんらんの家　共和【地域密着型通所介護】神奈川県相模原市中央区共和3-6-19", "url2": "https://www.kaigokensaku.mhlw.go.jp/14/index.php?action_kouhyou_detail_004_kani=true&JigyosyoCd=1492601719-00&ServiceCd=780&Type=search" }, "geometry": { "type": "Point", "coordinates": [ 139.398892899999964, 35.5615693 ] } },
{ "type": "Feature", "properties": { "内容": "ひばりデイサービス相模原【地域密着型通所介護】神奈川県相模原市中央区清新7-11-5ガーデンテラス相模原1階", "url2": "https://www.kaigokensaku.mhlw.go.jp/14/index.php?action_kouhyou_detail_004_kani=true&JigyosyoCd=1492601974-00&ServiceCd=780&Type=search" }, "geometry": { "type": "Point", "coordinates": [ 139.3617844, 35.574267 ] } },
{ "type": "Feature", "properties": { "内容": "ソレイルミナーレ相模原【地域密着型通所介護】神奈川県相模原市中央区宮下本町1-11-8コーポラス宮下　1階", "url2": "https://www.kaigokensaku.mhlw.go.jp/14/index.php?action_kouhyou_detail_004_kani=true&JigyosyoCd=1492602360-00&ServiceCd=780&Type=search" }, "geometry": { "type": "Point", "coordinates": [ 139.3732876, 35.5917379 ] } },
{ "type": "Feature", "properties": { "内容": "デイズ千代田【地域密着型通所介護】神奈川県相模原市中央区千代田７－１２－１３", "url2": "https://www.kaigokensaku.mhlw.go.jp/14/index.php?action_kouhyou_detail_004_kani=true&JigyosyoCd=1492602428-00&ServiceCd=780&Type=search" }, "geometry": { "type": "Point", "coordinates": [ 139.3822307, 35.561733 ] } },
{ "type": "Feature", "properties": { "内容": "デイリハ煌　相模原【地域密着型通所介護】神奈川県相模原市中央区中央6-7-4", "url2": "https://www.kaigokensaku.mhlw.go.jp/14/index.php?action_kouhyou_detail_004_kani=true&JigyosyoCd=1492602576-00&ServiceCd=780&Type=search" }, "geometry": { "type": "Point", "coordinates": [ 139.370204699999988, 35.5694118 ] } },
{ "type": "Feature", "properties": { "内容": "けやきリハビリデイサービス【地域密着型通所介護】神奈川県相模原市中央区星が丘3-15-4スターヒルズMTビル1F-A", "url2": "https://www.kaigokensaku.mhlw.go.jp/14/index.php?action_kouhyou_detail_004_kani=true&JigyosyoCd=1472606092-00&ServiceCd=780&Type=search" }, "geometry": { "type": "Point", "coordinates": [ 139.374388621040339, 35.559288121317763 ] } },
{ "type": "Feature", "properties": { "内容": "リハビリテーションOne相生【地域密着型通所介護】神奈川県相模原市中央区相生3-12-5土田第二ビル101・102号室", "url2": "https://www.kaigokensaku.mhlw.go.jp/14/index.php?action_kouhyou_detail_004_kani=true&JigyosyoCd=1472608593-00&ServiceCd=780&Type=search" }, "geometry": { "type": "Point", "coordinates": [ 139.384653599999979, 35.5611493 ] } },
{ "type": "Feature", "properties": { "内容": "BLG相模原【地域密着型通所介護】神奈川県相模原市中央区共和4－10－17", "url2": "https://www.kaigokensaku.mhlw.go.jp/14/index.php?action_kouhyou_detail_004_kani=true&JigyosyoCd=1492602238-00&ServiceCd=780&Type=search" }, "geometry": { "type": "Point", "coordinates": [ 139.395135, 35.5642591 ] } },
{ "type": "Feature", "properties": { "内容": "リハビリデイサービス　つむぎ【地域密着型通所介護】神奈川県相模原市中央区共和3－8－18", "url2": "https://www.kaigokensaku.mhlw.go.jp/14/index.php?action_kouhyou_detail_004_kani=true&JigyosyoCd=1492602337-00&ServiceCd=780&Type=search" }, "geometry": { "type": "Point", "coordinates": [ 139.4001227, 35.5614594 ] } },
{ "type": "Feature", "properties": { "内容": "デイサービスてんてらす【地域密着型通所介護】神奈川県相模原市中央区相模原6丁目23番5号", "url2": "https://www.kaigokensaku.mhlw.go.jp/14/index.php?action_kouhyou_detail_004_kani=true&JigyosyoCd=1492602592-00&ServiceCd=780&Type=search" }, "geometry": { "type": "Point", "coordinates": [ 139.375578400000023, 35.5735173 ] } },
{ "type": "Feature", "properties": { "内容": "デイサービス　集い場『想』第2【地域密着型通所介護】神奈川県相模原市中央区中央5-1-2ベルドールコート1階B号室", "url2": "https://www.kaigokensaku.mhlw.go.jp/14/index.php?action_kouhyou_detail_004_kani=true&JigyosyoCd=1472606738-00&ServiceCd=780&Type=search" }, "geometry": { "type": "Point", "coordinates": [ 139.886142899999982, 36.559187 ] } },
{ "type": "Feature", "properties": { "内容": "ほろわ介護センター【地域密着型通所介護】神奈川県相模原市南区東林間６－８－９", "url2": "https://www.kaigokensaku.mhlw.go.jp/14/index.php?action_kouhyou_detail_004_kani=true&JigyosyoCd=1472603610-00&ServiceCd=780&Type=search" }, "geometry": { "type": "Point", "coordinates": [ 139.437891799999989, 35.5178669 ] } },
{ "type": "Feature", "properties": { "内容": "けやきデイサービスセンター【地域密着型通所介護】神奈川県相模原市南区当麻1203-1", "url2": "https://www.kaigokensaku.mhlw.go.jp/14/index.php?action_kouhyou_detail_004_kani=true&JigyosyoCd=1472604295-00&ServiceCd=780&Type=search" }, "geometry": { "type": "Point", "coordinates": [ 139.373111200000039, 35.5307361 ] } },
{ "type": "Feature", "properties": { "内容": "リハビリデイサービスnagomiおださが店【地域密着型通所介護】神奈川県相模原市南区南台６－８－１２サン・ラミューレB－１０１", "url2": "https://www.kaigokensaku.mhlw.go.jp/14/index.php?action_kouhyou_detail_004_kani=true&JigyosyoCd=1472606845-00&ServiceCd=780&Type=search" }, "geometry": { "type": "Point", "coordinates": [ 139.413239986508188, 35.519744694169553 ] } },
{ "type": "Feature", "properties": { "内容": "だんらんの家原当麻【地域密着型通所介護】神奈川県相模原市南区当麻1110-7", "url2": "https://www.kaigokensaku.mhlw.go.jp/14/index.php?action_kouhyou_detail_004_kani=true&JigyosyoCd=1472607496-00&ServiceCd=780&Type=search" }, "geometry": { "type": "Point", "coordinates": [ 139.374033200000014, 35.5326135 ] } },
{ "type": "Feature", "properties": { "内容": "がんばろう製作所【地域密着型通所介護】神奈川県相模原市南区麻溝台7-25-33マリージュ冨山106", "url2": "https://www.kaigokensaku.mhlw.go.jp/14/index.php?action_kouhyou_detail_004_kani=true&JigyosyoCd=1472607777-00&ServiceCd=780&Type=search" }, "geometry": { "type": "Point", "coordinates": [ 139.414432900000065, 35.5135684 ] } },
{ "type": "Feature", "properties": { "内容": "人生楽笑デイサービス相模大野【地域密着型通所介護】神奈川県相模原市南区相模大野6-8-5", "url2": "https://www.kaigokensaku.mhlw.go.jp/14/index.php?action_kouhyou_detail_004_kani=true&JigyosyoCd=1472607835-00&ServiceCd=780&Type=search" }, "geometry": { "type": "Point", "coordinates": [ 139.432505600000013, 35.5368626 ] } },
{ "type": "Feature", "properties": { "内容": "リハビリステーションアップ【地域密着型通所介護】神奈川県相模原市南区相模大野3-16-11大矢ﾋﾞﾙ2階", "url2": "https://www.kaigokensaku.mhlw.go.jp/14/index.php?action_kouhyou_detail_004_kani=true&JigyosyoCd=1472608874-00&ServiceCd=780&Type=search" }, "geometry": { "type": "Point", "coordinates": [ 139.43501660000004, 35.5320664 ] } },
{ "type": "Feature", "properties": { "内容": "リハビリデイサービスONE＋【地域密着型通所介護】神奈川県相模原市南区相模大野6-7-9加瀬ビル２２４－３Ｂ", "url2": "https://www.kaigokensaku.mhlw.go.jp/14/index.php?action_kouhyou_detail_004_kani=true&JigyosyoCd=1492600984-00&ServiceCd=780&Type=search" }, "geometry": { "type": "Point", "coordinates": [ 139.431822499999953, 35.5303918 ] } },
{ "type": "Feature", "properties": { "内容": "ご長寿くらぶ相模原・東大沼デイサービス【地域密着型通所介護】神奈川県相模原市南区東大沼3-29-13", "url2": "https://www.kaigokensaku.mhlw.go.jp/14/index.php?action_kouhyou_detail_004_kani=true&JigyosyoCd=1492601586-00&ServiceCd=780&Type=search" }, "geometry": { "type": "Point", "coordinates": [ 139.417693, 35.5389854 ] } },
{ "type": "Feature", "properties": { "内容": "デイサービスかたくりの里相模台【地域密着型通所介護】神奈川県相模原市南区相模台団地5-7", "url2": "https://www.kaigokensaku.mhlw.go.jp/14/index.php?action_kouhyou_detail_004_kani=true&JigyosyoCd=1492601834-00&ServiceCd=780&Type=search" }, "geometry": { "type": "Point", "coordinates": [ 139.411056699999989, 35.5178476 ] } },
{ "type": "Feature", "properties": { "内容": "UPLife小田急相模原店【地域密着型通所介護】神奈川県相模原市南区南台6-19-12クレインヒル101号室", "url2": "https://www.kaigokensaku.mhlw.go.jp/14/index.php?action_kouhyou_detail_004_kani=true&JigyosyoCd=1492601933-00&ServiceCd=780&Type=search" }, "geometry": { "type": "Point", "coordinates": [ 139.416442499999988, 35.5179746 ] } },
{ "type": "Feature", "properties": { "内容": "ご長寿くらぶ相模原・文京デイサービスセンター【地域密着型通所介護】神奈川県相模原市南区文京1-6-15", "url2": "https://www.kaigokensaku.mhlw.go.jp/14/index.php?action_kouhyou_detail_004_kani=true&JigyosyoCd=1492601958-00&ServiceCd=780&Type=search" }, "geometry": { "type": "Point", "coordinates": [ 139.428048785844425, 35.538570765237765 ] } },
{ "type": "Feature", "properties": { "内容": "グリーン・グリーン【地域密着型通所介護】神奈川県相模原市南区新磯野４－５－６", "url2": "https://www.kaigokensaku.mhlw.go.jp/14/index.php?action_kouhyou_detail_004_kani=true&JigyosyoCd=1492602527-00&ServiceCd=780&Type=search" }, "geometry": { "type": "Point", "coordinates": [ 139.4050691, 35.5088566 ] } },
{ "type": "Feature", "properties": { "内容": "デイサービス　ゆかり【地域密着型通所介護】神奈川県相模原市南区相南４－１－１０", "url2": "https://www.kaigokensaku.mhlw.go.jp/14/index.php?action_kouhyou_detail_004_kani=true&JigyosyoCd=1472604311-00&ServiceCd=780&Type=search" }, "geometry": { "type": "Point", "coordinates": [ 139.427059500000041, 35.5148178 ] } },
{ "type": "Feature", "properties": { "内容": "あおぞらデイサービス【地域密着型通所介護】神奈川県相模原市南区西大沼2-21-15", "url2": "https://www.kaigokensaku.mhlw.go.jp/14/index.php?action_kouhyou_detail_004_kani=true&JigyosyoCd=1472604337-00&ServiceCd=780&Type=search" }, "geometry": { "type": "Point", "coordinates": [ 139.41724279999994, 35.5447841 ] } },
{ "type": "Feature", "properties": { "内容": "サロンデイ上鶴間【地域密着型通所介護】神奈川県相模原市南区上鶴間本町7-28-16", "url2": "https://www.kaigokensaku.mhlw.go.jp/14/index.php?action_kouhyou_detail_004_kani=true&JigyosyoCd=1472605243-00&ServiceCd=780&Type=search" }, "geometry": { "type": "Point", "coordinates": [ 139.4495304772461, 35.526279110096354 ] } },
{ "type": "Feature", "properties": { "内容": "ココカライフ【地域密着型通所介護】神奈川県相模原市南区下溝６０４－２４", "url2": "https://www.kaigokensaku.mhlw.go.jp/14/index.php?action_kouhyou_detail_004_kani=true&JigyosyoCd=1472605359-00&ServiceCd=780&Type=search" }, "geometry": { "type": "Point", "coordinates": [ 139.375197100000037, 35.5313831 ] } },
{ "type": "Feature", "properties": { "内容": "サロンデイ下溝【地域密着型通所介護】神奈川県相模原市南区下溝304-8SHUMAII　1F", "url2": "https://www.kaigokensaku.mhlw.go.jp/14/index.php?action_kouhyou_detail_004_kani=true&JigyosyoCd=1472605706-00&ServiceCd=780&Type=search" }, "geometry": { "type": "Point", "coordinates": [ 139.37758830000007, 35.5355377 ] } },
{ "type": "Feature", "properties": { "内容": "ひばりデイサービス相模大野【地域密着型通所介護】神奈川県相模原市南区栄町13-5ガーデンテラス相模大野", "url2": "https://www.kaigokensaku.mhlw.go.jp/14/index.php?action_kouhyou_detail_004_kani=true&JigyosyoCd=1472607595-00&ServiceCd=780&Type=search" }, "geometry": { "type": "Point", "coordinates": [ 139.4253731, 35.5295282 ] } },
{ "type": "Feature", "properties": { "内容": "リハビリ特化型デイサービス　ムーブメント相模原【地域密着型通所介護】神奈川県相模原市南区磯部137-2", "url2": "https://www.kaigokensaku.mhlw.go.jp/14/index.php?action_kouhyou_detail_004_kani=true&JigyosyoCd=1472607678-00&ServiceCd=780&Type=search" }, "geometry": { "type": "Point", "coordinates": [ 139.380106643516569, 35.512048597611958 ] } },
{ "type": "Feature", "properties": { "内容": "デイサービスセンターシエロ　東林間【地域密着型通所介護】神奈川県相模原市南区上鶴間7-2-2東林間セントラルハイツ102号室", "url2": "https://www.kaigokensaku.mhlw.go.jp/14/index.php?action_kouhyou_detail_004_kani=true&JigyosyoCd=1472607694-00&ServiceCd=780&Type=search" }, "geometry": { "type": "Point", "coordinates": [ 139.440541955777206, 35.521619745237011 ] } },
{ "type": "Feature", "properties": { "内容": "TR相模大野リハビリセンター【地域密着型通所介護】神奈川県相模原市南区若松6-10-11", "url2": "https://www.kaigokensaku.mhlw.go.jp/14/index.php?action_kouhyou_detail_004_kani=true&JigyosyoCd=1472607751-00&ServiceCd=780&Type=search" }, "geometry": { "type": "Point", "coordinates": [ 139.420290099999988, 35.5331413 ] } },
{ "type": "Feature", "properties": { "内容": "アクア若松デイサービス【地域密着型通所介護】神奈川県相模原市南区若松3-26-9", "url2": "https://www.kaigokensaku.mhlw.go.jp/14/index.php?action_kouhyou_detail_004_kani=true&JigyosyoCd=1472608700-00&ServiceCd=780&Type=search" }, "geometry": { "type": "Point", "coordinates": [ 139.424375700000041, 35.5396762 ] } },
{ "type": "Feature", "properties": { "内容": "リハビリテーション颯　相模原【地域密着型通所介護】神奈川県相模原市南区双葉2-15-31階", "url2": "https://www.kaigokensaku.mhlw.go.jp/14/index.php?action_kouhyou_detail_004_kani=true&JigyosyoCd=1472608924-00&ServiceCd=780&Type=search" }, "geometry": { "type": "Point", "coordinates": [ 139.41153840000004, 35.524005 ] } },
{ "type": "Feature", "properties": { "内容": "アサンテ相模台【地域密着型通所介護】神奈川県相模原市南区相模台1-1-4", "url2": "https://www.kaigokensaku.mhlw.go.jp/14/index.php?action_kouhyou_detail_004_kani=true&JigyosyoCd=1472609120-00&ServiceCd=780&Type=search" }, "geometry": { "type": "Point", "coordinates": [ 139.412788399999954, 35.519731 ] } },
{ "type": "Feature", "properties": { "内容": "リハビリテーション颯　新磯野【地域密着型通所介護】神奈川県相模原市南区新磯野1-10-5ヴィラ新磯野１階", "url2": "https://www.kaigokensaku.mhlw.go.jp/14/index.php?action_kouhyou_detail_004_kani=true&JigyosyoCd=1472609435-00&ServiceCd=780&Type=search" }, "geometry": { "type": "Point", "coordinates": [ 139.405546334987633, 35.510721366611683 ] } },
{ "type": "Feature", "properties": { "内容": "デイサービス　わげん【地域密着型通所介護】神奈川県相模原市南区下溝3411-4", "url2": "https://www.kaigokensaku.mhlw.go.jp/14/index.php?action_kouhyou_detail_004_kani=true&JigyosyoCd=1492601032-00&ServiceCd=780&Type=search" }, "geometry": { "type": "Point", "coordinates": [ 139.382188400000018, 35.5215597 ] } },
{ "type": "Feature", "properties": { "内容": "介護職人のデイサービス松が枝マイスぺ館【地域密着型通所介護】神奈川県相模原市南区松が枝町8-8", "url2": "https://www.kaigokensaku.mhlw.go.jp/14/index.php?action_kouhyou_detail_004_kani=true&JigyosyoCd=1492601172-00&ServiceCd=780&Type=search" }, "geometry": { "type": "Point", "coordinates": [ 139.427206599999977, 35.5167895 ] } },
{ "type": "Feature", "properties": { "内容": "ご長寿くらぶ相模大野デイサービスセンター【地域密着型通所介護】神奈川県相模原市南区上鶴間本町7-13-28", "url2": "https://www.kaigokensaku.mhlw.go.jp/14/index.php?action_kouhyou_detail_004_kani=true&JigyosyoCd=1492601214-00&ServiceCd=780&Type=search" }, "geometry": { "type": "Point", "coordinates": [ 139.450536389024364, 35.528546996898513 ] } },
{ "type": "Feature", "properties": { "内容": "レコードブック相模大野【地域密着型通所介護】神奈川県相模原市南区鵜野森2-2-5レジデンスホンダ1階01号", "url2": "https://www.kaigokensaku.mhlw.go.jp/14/index.php?action_kouhyou_detail_004_kani=true&JigyosyoCd=1492601677-00&ServiceCd=780&Type=search" }, "geometry": { "type": "Point", "coordinates": [ 139.4309544, 35.5421065 ] } },
{ "type": "Feature", "properties": { "内容": "デイサービス　モーメント【地域密着型通所介護】神奈川県相模原市南区磯部1450-31階", "url2": "https://www.kaigokensaku.mhlw.go.jp/14/index.php?action_kouhyou_detail_004_kani=true&JigyosyoCd=1492601685-00&ServiceCd=780&Type=search" }, "geometry": { "type": "Point", "coordinates": [ 139.384304500000013, 35.5138706 ] } },
{ "type": "Feature", "properties": { "内容": "短時間入浴デイサービス天色の湯【地域密着型通所介護】神奈川県相模原市南区双葉2-18-8101", "url2": "https://www.kaigokensaku.mhlw.go.jp/14/index.php?action_kouhyou_detail_004_kani=true&JigyosyoCd=1492602006-00&ServiceCd=780&Type=search" }, "geometry": { "type": "Point", "coordinates": [ 139.408377, 35.5242293 ] } },
{ "type": "Feature", "properties": { "内容": "UPLife【地域密着型通所介護】神奈川県相模原市南区栄町4-2雨宮ビル1階", "url2": "https://www.kaigokensaku.mhlw.go.jp/14/index.php?action_kouhyou_detail_004_kani=true&JigyosyoCd=14A2600049-00&ServiceCd=780&Type=search" }, "geometry": { "type": "Point", "coordinates": [ 139.4228242, 35.5305974 ] } },
{ "type": "Feature", "properties": { "内容": "デイサービス櫻梅桃李北里【地域密着型通所介護】神奈川県相模原市南区麻溝台1-5-9", "url2": "https://www.kaigokensaku.mhlw.go.jp/14/index.php?action_kouhyou_detail_004_kani=true&JigyosyoCd=1492601867-00&ServiceCd=780&Type=search" }, "geometry": { "type": "Point", "coordinates": [ 139.4018355, 35.5371991 ] } },
{ "type": "Feature", "properties": { "内容": "スマイルデイサービスセンター・ビーチ【地域密着型通所介護】神奈川県相模原市南区大野台3-15-27", "url2": "https://www.kaigokensaku.mhlw.go.jp/14/index.php?action_kouhyou_detail_004_kani=true&JigyosyoCd=1472603313-00&ServiceCd=780&Type=search" }, "geometry": { "type": "Point", "coordinates": [ 139.399376569650343, 35.554178956147645 ] } },
{ "type": "Feature", "properties": { "内容": "マキ介護サービス株式会社【地域密着型通所介護】神奈川県相模原市南区南台5-12-7", "url2": "https://www.kaigokensaku.mhlw.go.jp/14/index.php?action_kouhyou_detail_004_kani=true&JigyosyoCd=1472604097-00&ServiceCd=780&Type=search" }, "geometry": { "type": "Point", "coordinates": [ 139.420935, 35.5162675 ] } },
{ "type": "Feature", "properties": { "内容": "デイサービス　えにし【地域密着型通所介護】神奈川県相模原市南区相模台一丁目9番1号コープさがみ台１-A", "url2": "https://www.kaigokensaku.mhlw.go.jp/14/index.php?action_kouhyou_detail_004_kani=true&JigyosyoCd=1472606399-00&ServiceCd=780&Type=search" }, "geometry": { "type": "Point", "coordinates": [ 139.41364109999995, 35.519239399999989 ] } },
{ "type": "Feature", "properties": { "内容": "ありていプラス【地域密着型通所介護】神奈川県相模原市南区大野台5-25-21", "url2": "https://www.kaigokensaku.mhlw.go.jp/14/index.php?action_kouhyou_detail_004_kani=true&JigyosyoCd=1472608213-00&ServiceCd=780&Type=search" }, "geometry": { "type": "Point", "coordinates": [ 139.404960399999936, 35.5499922 ] } },
{ "type": "Feature", "properties": { "内容": "だんらんの家相模台【地域密着型通所介護】神奈川県相模原市南区相模台４丁目６番１２号", "url2": "https://www.kaigokensaku.mhlw.go.jp/14/index.php?action_kouhyou_detail_004_kani=true&JigyosyoCd=1492602311-00&ServiceCd=780&Type=search" }, "geometry": { "type": "Point", "coordinates": [ 139.413310444180297, 35.514693837361257 ] } },
{ "type": "Feature", "properties": { "内容": "リハビリデイサービスセンター古淵【地域密着型通所介護】神奈川県相模原市南区古淵4-4-17101", "url2": "https://www.kaigokensaku.mhlw.go.jp/14/index.php?action_kouhyou_detail_004_kani=true&JigyosyoCd=1492602246-00&ServiceCd=780&Type=search" }, "geometry": { "type": "Point", "coordinates": [ 139.4221977, 35.5553628 ] } },
{ "type": "Feature", "properties": { "内容": "デイサービス音和花【地域密着型通所介護】神奈川県相模原市南区東大沼3-2-12", "url2": "https://www.kaigokensaku.mhlw.go.jp/14/index.php?action_kouhyou_detail_004_kani=true&JigyosyoCd=1492602626-00&ServiceCd=780&Type=search" }, "geometry": { "type": "Point", "coordinates": [ 139.41821870000004, 35.5414279 ] } },
{ "type": "Feature", "properties": { "内容": "デイケアセンター　さくら【地域密着型通所介護】神奈川県相模原市南区相模台７－２－１９", "url2": "https://www.kaigokensaku.mhlw.go.jp/14/index.php?action_kouhyou_detail_004_kani=true&JigyosyoCd=1472605581-00&ServiceCd=780&Type=search" }, "geometry": { "type": "Point", "coordinates": [ 139.40628049999998, 35.5246024 ] } },
{ "type": "Feature", "properties": { "内容": "デイサービス　ゆずの樹【地域密着型通所介護】神奈川県相模原市南区下溝509-7", "url2": "https://www.kaigokensaku.mhlw.go.jp/14/index.php?action_kouhyou_detail_004_kani=true&JigyosyoCd=1472603636-00&ServiceCd=780&Type=search" }, "geometry": { "type": "Point", "coordinates": [ 139.3786662, 35.5311079 ] } },
{ "type": "Feature", "properties": { "内容": "相武台リハビリデイサービス【地域密着型通所介護】神奈川県相模原市南区新磯野3-28-8藤芳屋　新磯野店舗", "url2": "https://www.kaigokensaku.mhlw.go.jp/14/index.php?action_kouhyou_detail_004_kani=true&JigyosyoCd=1472606316-00&ServiceCd=780&Type=search" }, "geometry": { "type": "Point", "coordinates": [ 139.405840097374352, 35.504924993566618 ] } },
{ "type": "Feature", "properties": { "内容": "元気ハーフデイ【地域密着型通所介護】神奈川県相模原市南区相武台3-21-15ソレイユ相武台101", "url2": "https://www.kaigokensaku.mhlw.go.jp/14/index.php?action_kouhyou_detail_004_kani=true&JigyosyoCd=1472606563-00&ServiceCd=780&Type=search" }, "geometry": { "type": "Point", "coordinates": [ 139.407722700000022, 35.5046263 ] } },
{ "type": "Feature", "properties": { "内容": "あんじゅの村【地域密着型通所介護】神奈川県相模原市南区相武台2-25-10", "url2": "https://www.kaigokensaku.mhlw.go.jp/14/index.php?action_kouhyou_detail_004_kani=true&JigyosyoCd=1472608627-00&ServiceCd=780&Type=search" }, "geometry": { "type": "Point", "coordinates": [ 139.403573199999983, 35.4981136 ] } },
{ "type": "Feature", "properties": { "内容": "樹楽　相模大野【地域密着型通所介護】神奈川県相模原市南区旭町18-12", "url2": "https://www.kaigokensaku.mhlw.go.jp/14/index.php?action_kouhyou_detail_004_kani=true&JigyosyoCd=1472608650-00&ServiceCd=780&Type=search" }, "geometry": { "type": "Point", "coordinates": [ 139.4296478, 35.5254597 ] } },
{ "type": "Feature", "properties": { "内容": "音楽デイサービスブラボー【地域密着型通所介護】神奈川県相模原市南区松が枝町15-15CLLエクセレンス松が枝Ⅱ", "url2": "https://www.kaigokensaku.mhlw.go.jp/14/index.php?action_kouhyou_detail_004_kani=true&JigyosyoCd=1492601354-00&ServiceCd=780&Type=search" }, "geometry": { "type": "Point", "coordinates": [ 139.425495700000056, 35.5163452 ] } },
{ "type": "Feature", "properties": { "内容": "コミュニティセンター　ピノ【地域密着型通所介護】神奈川県相模原市南区鵜野森1-15-12", "url2": "https://www.kaigokensaku.mhlw.go.jp/14/index.php?action_kouhyou_detail_004_kani=true&JigyosyoCd=1492602204-00&ServiceCd=780&Type=search" }, "geometry": { "type": "Point", "coordinates": [ 139.4306756, 35.5438484 ] } },
{ "type": "Feature", "properties": { "内容": "デイリハ煌ワカマツ【地域密着型通所介護】神奈川県相模原市南区若松4－17－20ライゼ102", "url2": "https://www.kaigokensaku.mhlw.go.jp/14/index.php?action_kouhyou_detail_004_kani=true&JigyosyoCd=1492602287-00&ServiceCd=780&Type=search" }, "geometry": { "type": "Point", "coordinates": [ 139.4206704, 35.5377922 ] } },
{ "type": "Feature", "properties": { "内容": "fureai相模原町田店【地域密着型通所介護】神奈川県相模原市南区上鶴間本町2-10-11リバーリッジ町田1階", "url2": "https://www.kaigokensaku.mhlw.go.jp/14/index.php?action_kouhyou_detail_004_kani=true&JigyosyoCd=1492602303-00&ServiceCd=780&Type=search" }, "geometry": { "type": "Point", "coordinates": [ 139.440583499999974, 35.5421493 ] } },
{ "type": "Feature", "properties": { "内容": "誠デイサービスセンター【地域密着型通所介護】神奈川県相模原市南区東大沼2-1-1ロイヤルマンション106", "url2": "https://www.kaigokensaku.mhlw.go.jp/14/index.php?action_kouhyou_detail_004_kani=true&JigyosyoCd=1492602543-00&ServiceCd=780&Type=search" }, "geometry": { "type": "Point", "coordinates": [ 139.418969, 35.5456757 ] } },
{ "type": "Feature", "properties": { "内容": "相模原デイサービス南台【地域密着型通所介護】神奈川県相模原市南区南台5-21-20シャンツェ南台　1Ｆ", "url2": "https://www.kaigokensaku.mhlw.go.jp/14/index.php?action_kouhyou_detail_004_kani=true&JigyosyoCd=1492600885-00&ServiceCd=780&Type=search" }, "geometry": { "type": "Point", "coordinates": [ 139.417249199999986, 35.518325499999989 ] } },
{ "type": "Feature", "properties": { "内容": "通所介護事業所ありがとう　佐野店【地域密着型通所介護】神奈川県横須賀市佐野町1-11-5", "url2": "https://www.kaigokensaku.mhlw.go.jp/14/index.php?action_kouhyou_detail_004_kani=true&JigyosyoCd=1491901136-00&ServiceCd=780&Type=search" }, "geometry": { "type": "Point", "coordinates": [ 139.669864256483464, 35.266298254989181 ] } },
{ "type": "Feature", "properties": { "内容": "ヘルウェル汐里【地域密着型通所介護】神奈川県横須賀市衣笠栄町１－１５", "url2": "https://www.kaigokensaku.mhlw.go.jp/14/index.php?action_kouhyou_detail_004_kani=true&JigyosyoCd=1491901144-00&ServiceCd=780&Type=search" }, "geometry": { "type": "Point", "coordinates": [ 139.663036799999986, 35.2571717 ] } },
{ "type": "Feature", "properties": { "内容": "高齢者総合福祉センターヒューマン【地域密着型通所介護】神奈川県横須賀市佐島3-12-15", "url2": "https://www.kaigokensaku.mhlw.go.jp/14/index.php?action_kouhyou_detail_004_kani=true&JigyosyoCd=1471900132-00&ServiceCd=780&Type=search" }, "geometry": { "type": "Point", "coordinates": [ 139.604763899999966, 35.2287405 ] } },
{ "type": "Feature", "properties": { "内容": "愛加那【地域密着型通所介護】神奈川県横須賀市津久井４－１９－１１", "url2": "https://www.kaigokensaku.mhlw.go.jp/14/index.php?action_kouhyou_detail_004_kani=true&JigyosyoCd=1471900801-00&ServiceCd=780&Type=search" }, "geometry": { "type": "Point", "coordinates": [ 139.664370700000063, 35.1986721 ] } },
{ "type": "Feature", "properties": { "内容": "デイサービスみうら富士【地域密着型通所介護】神奈川県横須賀市長沢6-45-6", "url2": "https://www.kaigokensaku.mhlw.go.jp/14/index.php?action_kouhyou_detail_004_kani=true&JigyosyoCd=1471901379-00&ServiceCd=780&Type=search" }, "geometry": { "type": "Point", "coordinates": [ 139.668253400000026, 35.2207641 ] } },
{ "type": "Feature", "properties": { "内容": "デイ　まちにて【地域密着型通所介護】神奈川県横須賀市安浦町1-1", "url2": "https://www.kaigokensaku.mhlw.go.jp/14/index.php?action_kouhyou_detail_004_kani=true&JigyosyoCd=1471902328-00&ServiceCd=780&Type=search" }, "geometry": { "type": "Point", "coordinates": [ 139.677260189549315, 35.275311696383064 ] } },
{ "type": "Feature", "properties": { "内容": "デイサービス二羽のうさぎ【地域密着型通所介護】神奈川県横須賀市芦名2丁目30-1", "url2": "https://www.kaigokensaku.mhlw.go.jp/14/index.php?action_kouhyou_detail_004_kani=true&JigyosyoCd=1471904100-00&ServiceCd=780&Type=search" }, "geometry": { "type": "Point", "coordinates": [ 139.6092304, 35.2355064 ] } },
{ "type": "Feature", "properties": { "内容": "ローズホール【地域密着型通所介護】神奈川県横須賀市光風台３５－３３", "url2": "https://www.kaigokensaku.mhlw.go.jp/14/index.php?action_kouhyou_detail_004_kani=true&JigyosyoCd=1471904134-00&ServiceCd=780&Type=search" }, "geometry": { "type": "Point", "coordinates": [ 139.713604700000019, 35.2393924 ] } },
{ "type": "Feature", "properties": { "内容": "機能回復訓練強化型マッスルデイサービス【地域密着型通所介護】神奈川県横須賀市池上2-10-15", "url2": "https://www.kaigokensaku.mhlw.go.jp/14/index.php?action_kouhyou_detail_004_kani=true&JigyosyoCd=1471904191-00&ServiceCd=780&Type=search" }, "geometry": { "type": "Point", "coordinates": [ 139.64714911901433, 35.264275069709598 ] } },
{ "type": "Feature", "properties": { "内容": "リハビリデイサービスnagomi久里浜店【地域密着型通所介護】神奈川県横須賀市久里浜7-30-12", "url2": "https://www.kaigokensaku.mhlw.go.jp/14/index.php?action_kouhyou_detail_004_kani=true&JigyosyoCd=1471904274-00&ServiceCd=780&Type=search" }, "geometry": { "type": "Point", "coordinates": [ 139.711297, 35.222933 ] } },
{ "type": "Feature", "properties": { "内容": "サロンデイ根岸【地域密着型通所介護】神奈川県横須賀市根岸町3-16-35", "url2": "https://www.kaigokensaku.mhlw.go.jp/14/index.php?action_kouhyou_detail_004_kani=true&JigyosyoCd=1471904522-00&ServiceCd=780&Type=search" }, "geometry": { "type": "Point", "coordinates": [ 139.683399099999974, 35.2525354 ] } },
{ "type": "Feature", "properties": { "内容": "アボンド追浜デイサービスセンター【地域密着型通所介護】神奈川県横須賀市浜見台1-13-5", "url2": "https://www.kaigokensaku.mhlw.go.jp/14/index.php?action_kouhyou_detail_004_kani=true&JigyosyoCd=1471904548-00&ServiceCd=780&Type=search" }, "geometry": { "type": "Point", "coordinates": [ 139.627863400000024, 35.3090557 ] } },
{ "type": "Feature", "properties": { "内容": "オリーブデイズ【地域密着型通所介護】神奈川県横須賀市森崎1-14-19", "url2": "https://www.kaigokensaku.mhlw.go.jp/14/index.php?action_kouhyou_detail_004_kani=true&JigyosyoCd=1471904738-00&ServiceCd=780&Type=search" }, "geometry": { "type": "Point", "coordinates": [ 139.681594976582346, 35.247088571589501 ] } },
{ "type": "Feature", "properties": { "内容": "サロンデイ池上【地域密着型通所介護】神奈川県横須賀市池上3-8-11", "url2": "https://www.kaigokensaku.mhlw.go.jp/14/index.php?action_kouhyou_detail_004_kani=true&JigyosyoCd=1471905073-00&ServiceCd=780&Type=search" }, "geometry": { "type": "Point", "coordinates": [ 139.646471900000051, 35.2621625 ] } },
{ "type": "Feature", "properties": { "内容": "リハビリデイセンター悠　林【地域密着型通所介護】神奈川県横須賀市林2-1-31", "url2": "https://www.kaigokensaku.mhlw.go.jp/14/index.php?action_kouhyou_detail_004_kani=true&JigyosyoCd=1471905255-00&ServiceCd=780&Type=search" }, "geometry": { "type": "Point", "coordinates": [ 139.6385307, 35.2197673 ] } },
{ "type": "Feature", "properties": { "内容": "リハビリデイセンター悠　久里浜【地域密着型通所介護】神奈川県横須賀市舟倉1-16-17メゾン・サキ　１Ｆ", "url2": "https://www.kaigokensaku.mhlw.go.jp/14/index.php?action_kouhyou_detail_004_kani=true&JigyosyoCd=1471905297-00&ServiceCd=780&Type=search" }, "geometry": { "type": "Point", "coordinates": [ 139.6989671, 35.2373566 ] } },
{ "type": "Feature", "properties": { "内容": "さんふらわぁデイサービス根岸店【地域密着型通所介護】神奈川県横須賀市根岸町4-26-171階A号室", "url2": "https://www.kaigokensaku.mhlw.go.jp/14/index.php?action_kouhyou_detail_004_kani=true&JigyosyoCd=1471905370-00&ServiceCd=780&Type=search" }, "geometry": { "type": "Point", "coordinates": [ 139.680942286404076, 35.252789701181577 ] } },
{ "type": "Feature", "properties": { "内容": "セカンドアルバムさいかの家【地域密着型通所介護】神奈川県横須賀市浦賀1-8-11", "url2": "https://www.kaigokensaku.mhlw.go.jp/14/index.php?action_kouhyou_detail_004_kani=true&JigyosyoCd=1471905479-00&ServiceCd=780&Type=search" }, "geometry": { "type": "Point", "coordinates": [ 139.713099199999988, 35.2518409 ] } },
{ "type": "Feature", "properties": { "内容": "デイサービス　えみふる【地域密着型通所介護】神奈川県横須賀市長浦町1-25", "url2": "https://www.kaigokensaku.mhlw.go.jp/14/index.php?action_kouhyou_detail_004_kani=true&JigyosyoCd=1471905545-00&ServiceCd=780&Type=search" }, "geometry": { "type": "Point", "coordinates": [ 139.645525601188609, 35.290218455639 ] } },
{ "type": "Feature", "properties": { "内容": "ひすいデイサービス【地域密着型通所介護】神奈川県横須賀市浦賀1-11-1シャトレ浦賀１F", "url2": "https://www.kaigokensaku.mhlw.go.jp/14/index.php?action_kouhyou_detail_004_kani=true&JigyosyoCd=1471905651-00&ServiceCd=780&Type=search" }, "geometry": { "type": "Point", "coordinates": [ 139.709557328836098, 35.255362966219487 ] } },
{ "type": "Feature", "properties": { "内容": "セカンドアルバムこころね【地域密着型通所介護】神奈川県横須賀市佐原5-6-13", "url2": "https://www.kaigokensaku.mhlw.go.jp/14/index.php?action_kouhyou_detail_004_kani=true&JigyosyoCd=1471905792-00&ServiceCd=780&Type=search" }, "geometry": { "type": "Point", "coordinates": [ 139.692817699999978, 35.2368011 ] } },
{ "type": "Feature", "properties": { "内容": "デイサービス　さわやまテラス【地域密着型通所介護】神奈川県横須賀市東逸見町4-16-35", "url2": "https://www.kaigokensaku.mhlw.go.jp/14/index.php?action_kouhyou_detail_004_kani=true&JigyosyoCd=1491900310-00&ServiceCd=780&Type=search" }, "geometry": { "type": "Point", "coordinates": [ 139.6448332, 35.2711449 ] } },
{ "type": "Feature", "properties": { "内容": "デイサービス　ふる里【地域密着型通所介護】神奈川県横須賀市池上4-17-21", "url2": "https://www.kaigokensaku.mhlw.go.jp/14/index.php?action_kouhyou_detail_004_kani=true&JigyosyoCd=1491900344-00&ServiceCd=780&Type=search" }, "geometry": { "type": "Point", "coordinates": [ 139.640622399999984, 35.2624623 ] } },
{ "type": "Feature", "properties": { "内容": "セントケア衣笠【地域密着型通所介護】神奈川県横須賀市平作8-19-14", "url2": "https://www.kaigokensaku.mhlw.go.jp/14/index.php?action_kouhyou_detail_004_kani=true&JigyosyoCd=1491900401-00&ServiceCd=780&Type=search" }, "geometry": { "type": "Point", "coordinates": [ 139.649365457008344, 35.262555087547838 ] } },
{ "type": "Feature", "properties": { "内容": "RE:Born式リハビリセンター上町【地域密着型通所介護】神奈川県横須賀市上町3-9ロマーノJ", "url2": "https://www.kaigokensaku.mhlw.go.jp/14/index.php?action_kouhyou_detail_004_kani=true&JigyosyoCd=1491900419-00&ServiceCd=780&Type=search" }, "geometry": { "type": "Point", "coordinates": [ 139.671333499999946, 35.2701781 ] } },
{ "type": "Feature", "properties": { "内容": "セカンドアルバムひなた【地域密着型通所介護】神奈川県横須賀市池上2丁目10番13号石渡ビル2階", "url2": "https://www.kaigokensaku.mhlw.go.jp/14/index.php?action_kouhyou_detail_004_kani=true&JigyosyoCd=1491900435-00&ServiceCd=780&Type=search" }, "geometry": { "type": "Point", "coordinates": [ 139.647341399999959, 35.2641311 ] } },
{ "type": "Feature", "properties": { "内容": "デイサービス唯の風横須賀林【地域密着型通所介護】神奈川県横須賀市林4-3-8", "url2": "https://www.kaigokensaku.mhlw.go.jp/14/index.php?action_kouhyou_detail_004_kani=true&JigyosyoCd=1491900443-00&ServiceCd=780&Type=search" }, "geometry": { "type": "Point", "coordinates": [ 139.636322800000016, 35.2165202 ] } },
{ "type": "Feature", "properties": { "内容": "デイサービスにこ【地域密着型通所介護】神奈川県横須賀市ハイランド４－１１－３", "url2": "https://www.kaigokensaku.mhlw.go.jp/14/index.php?action_kouhyou_detail_004_kani=true&JigyosyoCd=1491900476-00&ServiceCd=780&Type=search" }, "geometry": { "type": "Point", "coordinates": [ 139.692580698147594, 35.224391717427601 ] } },
{ "type": "Feature", "properties": { "内容": "デイサービス　のぞみ【地域密着型通所介護】神奈川県横須賀市長坂２丁目９－３６赤羽ビル２Ｆ", "url2": "https://www.kaigokensaku.mhlw.go.jp/14/index.php?action_kouhyou_detail_004_kani=true&JigyosyoCd=1491900484-00&ServiceCd=780&Type=search" }, "geometry": { "type": "Point", "coordinates": [ 139.6208269, 35.2285132 ] } },
{ "type": "Feature", "properties": { "内容": "デイサービス　ウエーブ【地域密着型通所介護】神奈川県横須賀市平作6-16-1", "url2": "https://www.kaigokensaku.mhlw.go.jp/14/index.php?action_kouhyou_detail_004_kani=true&JigyosyoCd=1491900666-00&ServiceCd=780&Type=search" }, "geometry": { "type": "Point", "coordinates": [ 139.653429492065442, 35.254242424091977 ] } },
{ "type": "Feature", "properties": { "内容": "デイサービス　天真館テラス【地域密着型通所介護】神奈川県横須賀市平作8-20-5", "url2": "https://www.kaigokensaku.mhlw.go.jp/14/index.php?action_kouhyou_detail_004_kani=true&JigyosyoCd=1491900682-00&ServiceCd=780&Type=search" }, "geometry": { "type": "Point", "coordinates": [ 139.649573199999963, 35.262901 ] } },
{ "type": "Feature", "properties": { "内容": "リハビリデイケアサロンすずの木　みはる【地域密着型通所介護】神奈川県横須賀市三春町1丁目20番地小川ビル1階", "url2": "https://www.kaigokensaku.mhlw.go.jp/14/index.php?action_kouhyou_detail_004_kani=true&JigyosyoCd=1491900690-00&ServiceCd=780&Type=search" }, "geometry": { "type": "Point", "coordinates": [ 139.681425130024707, 35.269083206101222 ] } },
{ "type": "Feature", "properties": { "内容": "デイサービス　はち【地域密着型通所介護】神奈川県横須賀市船越町4-24-36", "url2": "https://www.kaigokensaku.mhlw.go.jp/14/index.php?action_kouhyou_detail_004_kani=true&JigyosyoCd=1491900781-00&ServiceCd=780&Type=search" }, "geometry": { "type": "Point", "coordinates": [ 139.619421566569287, 35.300209108950334 ] } },
{ "type": "Feature", "properties": { "内容": "セカンドアルバムみなくら【地域密着型通所介護】神奈川県横須賀市鷹取2-14-6", "url2": "https://www.kaigokensaku.mhlw.go.jp/14/index.php?action_kouhyou_detail_004_kani=true&JigyosyoCd=1491900807-00&ServiceCd=780&Type=search" }, "geometry": { "type": "Point", "coordinates": [ 139.61785660000001, 35.316147 ] } },
{ "type": "Feature", "properties": { "内容": "セカンドアルバムそら【地域密着型通所介護】神奈川県横須賀市大矢部2-1-12二見ビル1階", "url2": "https://www.kaigokensaku.mhlw.go.jp/14/index.php?action_kouhyou_detail_004_kani=true&JigyosyoCd=1491900815-00&ServiceCd=780&Type=search" }, "geometry": { "type": "Point", "coordinates": [ 139.6716176, 35.2404333 ] } },
{ "type": "Feature", "properties": { "内容": "リハビリステーション　つう快　きたくり店【地域密着型通所介護】神奈川県横須賀市根岸町4-26-10童夢ビル1F", "url2": "https://www.kaigokensaku.mhlw.go.jp/14/index.php?action_kouhyou_detail_004_kani=true&JigyosyoCd=1491900849-00&ServiceCd=780&Type=search" }, "geometry": { "type": "Point", "coordinates": [ 139.68125710000001, 35.2526 ] } },
{ "type": "Feature", "properties": { "内容": "ソレイルミナーレ京急大津【地域密着型通所介護】神奈川県横須賀市大津町1-12-40大津レジデンス１Ｆ", "url2": "https://www.kaigokensaku.mhlw.go.jp/14/index.php?action_kouhyou_detail_004_kani=true&JigyosyoCd=1491900864-00&ServiceCd=780&Type=search" }, "geometry": { "type": "Point", "coordinates": [ 139.695698099999987, 35.2614237 ] } },
{ "type": "Feature", "properties": { "内容": "だんらんの家横須賀岩戸【地域密着型通所介護】神奈川県横須賀市岩戸5-6-9", "url2": "https://www.kaigokensaku.mhlw.go.jp/14/index.php?action_kouhyou_detail_004_kani=true&JigyosyoCd=1491900880-00&ServiceCd=780&Type=search" }, "geometry": { "type": "Point", "coordinates": [ 139.6661157, 35.2295158 ] } },
{ "type": "Feature", "properties": { "内容": "デイサービスしんちゃん家【地域密着型通所介護】神奈川県横須賀市大津町5-9-16-1階", "url2": "https://www.kaigokensaku.mhlw.go.jp/14/index.php?action_kouhyou_detail_004_kani=true&JigyosyoCd=1491900898-00&ServiceCd=780&Type=search" }, "geometry": { "type": "Point", "coordinates": [ 139.6863715, 35.2587603 ] } },
{ "type": "Feature", "properties": { "内容": "レコードブック横須賀中央【地域密着型通所介護】神奈川県横須賀市米が浜通１丁目４番地吉田ビル1階", "url2": "https://www.kaigokensaku.mhlw.go.jp/14/index.php?action_kouhyou_detail_004_kani=true&JigyosyoCd=1491900906-00&ServiceCd=780&Type=search" }, "geometry": { "type": "Point", "coordinates": [ 139.675391956344583, 35.277983424007921 ] } },
{ "type": "Feature", "properties": { "内容": "リハビリデイサービス　チェリーホーム田浦【地域密着型通所介護】神奈川県横須賀市田浦町４－９－１６OTAKENSOビル１Ｆ", "url2": "https://www.kaigokensaku.mhlw.go.jp/14/index.php?action_kouhyou_detail_004_kani=true&JigyosyoCd=1491900740-00&ServiceCd=780&Type=search" }, "geometry": { "type": "Point", "coordinates": [ 139.6319729, 35.2936364 ] } },
{ "type": "Feature", "properties": { "内容": "リハビリデイケアサロンすずの木【地域密着型通所介護】神奈川県横須賀市安浦町3-25", "url2": "https://www.kaigokensaku.mhlw.go.jp/14/index.php?action_kouhyou_detail_004_kani=true&JigyosyoCd=1471905909-00&ServiceCd=780&Type=search" }, "geometry": { "type": "Point", "coordinates": [ 139.680362998811347, 35.269345772996488 ] } },
{ "type": "Feature", "properties": { "内容": "デイサービス　皆の衆【地域密着型通所介護】神奈川県横須賀市武1－30－1", "url2": "https://www.kaigokensaku.mhlw.go.jp/14/index.php?action_kouhyou_detail_004_kani=true&JigyosyoCd=1491900971-00&ServiceCd=780&Type=search" }, "geometry": { "type": "Point", "coordinates": [ 139.652569, 35.2259379 ] } },
{ "type": "Feature", "properties": { "内容": "リハビリデイセンター悠　第２【地域密着型通所介護】神奈川県横須賀市根岸町４－２０－１", "url2": "https://www.kaigokensaku.mhlw.go.jp/14/index.php?action_kouhyou_detail_004_kani=true&JigyosyoCd=1471903276-00&ServiceCd=780&Type=search" }, "geometry": { "type": "Point", "coordinates": [ 139.679377199999976, 35.2534548 ] } },
{ "type": "Feature", "properties": { "内容": "デイサービスひなたぼっこ【地域密着型通所介護】神奈川県横須賀市久里浜２－２０－１３階", "url2": "https://www.kaigokensaku.mhlw.go.jp/14/index.php?action_kouhyou_detail_004_kani=true&JigyosyoCd=1471903938-00&ServiceCd=780&Type=search" }, "geometry": { "type": "Point", "coordinates": [ 139.697598, 35.2309823 ] } },
{ "type": "Feature", "properties": { "内容": "リハビリデイサービス　アニュー【地域密着型通所介護】神奈川県横須賀市三春町２－４エクセルハイムⅤ1階", "url2": "https://www.kaigokensaku.mhlw.go.jp/14/index.php?action_kouhyou_detail_004_kani=true&JigyosyoCd=1471904811-00&ServiceCd=780&Type=search" }, "geometry": { "type": "Point", "coordinates": [ 139.687218199999961, 35.2668169 ] } },
{ "type": "Feature", "properties": { "内容": "デイサ－ビス宝夢【地域密着型通所介護】神奈川県横須賀市武3－5－17", "url2": "https://www.kaigokensaku.mhlw.go.jp/14/index.php?action_kouhyou_detail_004_kani=true&JigyosyoCd=1471904860-00&ServiceCd=780&Type=search" }, "geometry": { "type": "Point", "coordinates": [ 139.645599700000048, 35.2242942 ] } },
{ "type": "Feature", "properties": { "内容": "リハビリステーション　つう快【地域密着型通所介護】神奈川県横須賀市汐入2-1サンマリーナ汐入1階", "url2": "https://www.kaigokensaku.mhlw.go.jp/14/index.php?action_kouhyou_detail_004_kani=true&JigyosyoCd=1471904910-00&ServiceCd=780&Type=search" }, "geometry": { "type": "Point", "coordinates": [ 139.660387600000035, 35.2818386 ] } },
{ "type": "Feature", "properties": { "内容": "機能回復訓練強化型　マッスルデイサービス　追浜【地域密着型通所介護】神奈川県横須賀市追浜本町2-1-123", "url2": "https://www.kaigokensaku.mhlw.go.jp/14/index.php?action_kouhyou_detail_004_kani=true&JigyosyoCd=1471904928-00&ServiceCd=780&Type=search" }, "geometry": { "type": "Point", "coordinates": [ 139.630113199999982, 35.3184632 ] } },
{ "type": "Feature", "properties": { "内容": "デイサービスセンター天真館　衣笠【地域密着型通所介護】神奈川県横須賀市平作8丁目20番5号", "url2": "https://www.kaigokensaku.mhlw.go.jp/14/index.php?action_kouhyou_detail_004_kani=true&JigyosyoCd=1471904969-00&ServiceCd=780&Type=search" }, "geometry": { "type": "Point", "coordinates": [ 139.649832699999934, 35.2628125 ] } },
{ "type": "Feature", "properties": { "内容": "デイサロン武１番館【地域密着型通所介護】神奈川県横須賀市武1-29-14", "url2": "https://www.kaigokensaku.mhlw.go.jp/14/index.php?action_kouhyou_detail_004_kani=true&JigyosyoCd=1471904985-00&ServiceCd=780&Type=search" }, "geometry": { "type": "Point", "coordinates": [ 139.652149099999974, 35.2259163 ] } },
{ "type": "Feature", "properties": { "内容": "津久井浜ケアセンターデイサービス【地域密着型通所介護】神奈川県横須賀市津久井１−２−３", "url2": "https://www.kaigokensaku.mhlw.go.jp/14/index.php?action_kouhyou_detail_004_kani=true&JigyosyoCd=1471904993-00&ServiceCd=780&Type=search" }, "geometry": { "type": "Point", "coordinates": [ 139.667262199999982, 35.1961612 ] } },
{ "type": "Feature", "properties": { "内容": "彩葉デイサービス　壱番館【地域密着型通所介護】神奈川県横須賀市岩戸1-8-4", "url2": "https://www.kaigokensaku.mhlw.go.jp/14/index.php?action_kouhyou_detail_004_kani=true&JigyosyoCd=1471905933-00&ServiceCd=780&Type=search" }, "geometry": { "type": "Point", "coordinates": [ 139.675854, 35.2336725 ] } },
{ "type": "Feature", "properties": { "内容": "リハビリデイセンター悠　学び館【地域密着型通所介護】神奈川県横須賀市根岸町４－３５－４", "url2": "https://www.kaigokensaku.mhlw.go.jp/14/index.php?action_kouhyou_detail_004_kani=true&JigyosyoCd=1471906113-00&ServiceCd=780&Type=search" }, "geometry": { "type": "Point", "coordinates": [ 139.682104399999957, 35.2538123 ] } },
{ "type": "Feature", "properties": { "内容": "セカンドアルバムとりむ【地域密着型通所介護】神奈川県横須賀市坂本町5-1", "url2": "https://www.kaigokensaku.mhlw.go.jp/14/index.php?action_kouhyou_detail_004_kani=true&JigyosyoCd=1471906170-00&ServiceCd=780&Type=search" }, "geometry": { "type": "Point", "coordinates": [ 139.652190755757857, 35.270454838279136 ] } },
{ "type": "Feature", "properties": { "内容": "デイサービスふくふく亭プラス【地域密着型通所介護】神奈川県横須賀市小矢部３－７－９アビタビル３号館", "url2": "https://www.kaigokensaku.mhlw.go.jp/14/index.php?action_kouhyou_detail_004_kani=true&JigyosyoCd=1491900518-00&ServiceCd=780&Type=search" }, "geometry": { "type": "Point", "coordinates": [ 139.665298, 35.2465446 ] } },
{ "type": "Feature", "properties": { "内容": "リハビリデイケアサロン　ゆうも【地域密着型通所介護】神奈川県横須賀市池上4-16-15", "url2": "https://www.kaigokensaku.mhlw.go.jp/14/index.php?action_kouhyou_detail_004_kani=true&JigyosyoCd=1491900567-00&ServiceCd=780&Type=search" }, "geometry": { "type": "Point", "coordinates": [ 139.641777899999965, 35.2611847 ] } },
{ "type": "Feature", "properties": { "内容": "リハビリデイセンター悠　ハッピーマウス【地域密着型通所介護】神奈川県横須賀市野比2-4-15", "url2": "https://www.kaigokensaku.mhlw.go.jp/14/index.php?action_kouhyou_detail_004_kani=true&JigyosyoCd=1491900575-00&ServiceCd=780&Type=search" }, "geometry": { "type": "Point", "coordinates": [ 139.684019199999966, 35.208074 ] } },
{ "type": "Feature", "properties": { "内容": "デイサービスふくふく亭【地域密着型通所介護】神奈川県横須賀市鴨居2-19-3大井ビル", "url2": "https://www.kaigokensaku.mhlw.go.jp/14/index.php?action_kouhyou_detail_004_kani=true&JigyosyoCd=1491900583-00&ServiceCd=780&Type=search" }, "geometry": { "type": "Point", "coordinates": [ 139.731234, 35.2499885 ] } },
{ "type": "Feature", "properties": { "内容": "デイサービス　ふる里ハイランド【地域密着型通所介護】神奈川県横須賀市ハイランド1-21-7", "url2": "https://www.kaigokensaku.mhlw.go.jp/14/index.php?action_kouhyou_detail_004_kani=true&JigyosyoCd=1491900591-00&ServiceCd=780&Type=search" }, "geometry": { "type": "Point", "coordinates": [ 139.6930516, 35.2186643 ] } },
{ "type": "Feature", "properties": { "内容": "Miasaリハビリステーション走水【地域密着型通所介護】神奈川県横須賀市走水2-26-21", "url2": "https://www.kaigokensaku.mhlw.go.jp/14/index.php?action_kouhyou_detail_004_kani=true&JigyosyoCd=1491900948-00&ServiceCd=780&Type=search" }, "geometry": { "type": "Point", "coordinates": [ 139.736323, 35.2608177 ] } },
{ "type": "Feature", "properties": { "内容": "ゴルファーズ　デイ【地域密着型通所介護】神奈川県横須賀市森崎1-19-6", "url2": "https://www.kaigokensaku.mhlw.go.jp/14/index.php?action_kouhyou_detail_004_kani=true&JigyosyoCd=1491900997-00&ServiceCd=780&Type=search" }, "geometry": { "type": "Point", "coordinates": [ 139.6819051, 35.2451246 ] } },
{ "type": "Feature", "properties": { "内容": "だんらんの家横須賀平成町【地域密着型通所介護】神奈川県横須賀市安浦町1-9", "url2": "https://www.kaigokensaku.mhlw.go.jp/14/index.php?action_kouhyou_detail_004_kani=true&JigyosyoCd=1491901029-00&ServiceCd=780&Type=search" }, "geometry": { "type": "Point", "coordinates": [ 139.678714899999989, 35.274242600000044 ] } },
{ "type": "Feature", "properties": { "内容": "通所介護事業所　ありがとう【地域密着型通所介護】神奈川県横須賀市武3-2-12", "url2": "https://www.kaigokensaku.mhlw.go.jp/14/index.php?action_kouhyou_detail_004_kani=true&JigyosyoCd=1491901045-00&ServiceCd=780&Type=search" }, "geometry": { "type": "Point", "coordinates": [ 139.6487267, 35.226195 ] } },
{ "type": "Feature", "properties": { "内容": "デイサービスSteady津久井浜【地域密着型通所介護】神奈川県横須賀市津久井1－14－3", "url2": "https://www.kaigokensaku.mhlw.go.jp/14/index.php?action_kouhyou_detail_004_kani=true&JigyosyoCd=1491901060-00&ServiceCd=780&Type=search" }, "geometry": { "type": "Point", "coordinates": [ 139.663653660713209, 35.194024307285837 ] } },
{ "type": "Feature", "properties": { "内容": "デイサービスあかり【地域密着型通所介護】神奈川県横須賀市大矢部3-43-2", "url2": "https://www.kaigokensaku.mhlw.go.jp/14/index.php?action_kouhyou_detail_004_kani=true&JigyosyoCd=1491901078-00&ServiceCd=780&Type=search" }, "geometry": { "type": "Point", "coordinates": [ 139.6768224, 35.2352588 ] } },
{ "type": "Feature", "properties": { "内容": "リハビリセンター　アイ・ウィッシュ大矢部【地域密着型通所介護】神奈川県横須賀市大矢部3-1-3大矢部医療福祉プラザ1F", "url2": "https://www.kaigokensaku.mhlw.go.jp/14/index.php?action_kouhyou_detail_004_kani=true&JigyosyoCd=1491901086-00&ServiceCd=780&Type=search" }, "geometry": { "type": "Point", "coordinates": [ 139.6722293, 35.240055 ] } },
{ "type": "Feature", "properties": { "内容": "デイサービスFreeFIt【地域密着型通所介護】神奈川県横須賀市浦郷町3-64AIビル　1F", "url2": "https://www.kaigokensaku.mhlw.go.jp/14/index.php?action_kouhyou_detail_004_kani=true&JigyosyoCd=1491901128-00&ServiceCd=780&Type=search" }, "geometry": { "type": "Point", "coordinates": [ 139.63606269874191, 35.312865332895683 ] } },
{ "type": "Feature", "properties": { "内容": "デイサービス　ふる里みはる【地域密着型通所介護】神奈川県横須賀市三春町4-52-2", "url2": "https://www.kaigokensaku.mhlw.go.jp/14/index.php?action_kouhyou_detail_004_kani=true&JigyosyoCd=1491901177-00&ServiceCd=780&Type=search" }, "geometry": { "type": "Point", "coordinates": [ 139.6892541, 35.263062 ] } },
{ "type": "Feature", "properties": { "内容": "リハビリゆ処　すずの木【地域密着型通所介護】神奈川県横須賀市安浦町2-24-6都築ビル１階", "url2": "https://www.kaigokensaku.mhlw.go.jp/14/index.php?action_kouhyou_detail_004_kani=true&JigyosyoCd=1491901193-00&ServiceCd=780&Type=search" }, "geometry": { "type": "Point", "coordinates": [ 139.6784666, 35.2709507 ] } },
{ "type": "Feature", "properties": { "内容": "上町tearoom【地域密着型通所介護】神奈川県横須賀市上町1丁目40番地長瀬ビル1階", "url2": "https://www.kaigokensaku.mhlw.go.jp/14/index.php?action_kouhyou_detail_004_kani=true&JigyosyoCd=1491901201-00&ServiceCd=780&Type=search" }, "geometry": { "type": "Point", "coordinates": [ 139.667998899999986, 35.2761108 ] } },
{ "type": "Feature", "properties": { "内容": "けいすいデイサービス北久里浜【地域密着型通所介護】神奈川県横須賀市根岸町3-9-9", "url2": "https://www.kaigokensaku.mhlw.go.jp/14/index.php?action_kouhyou_detail_004_kani=true&JigyosyoCd=1491900336-00&ServiceCd=780&Type=search" }, "geometry": { "type": "Point", "coordinates": [ 139.684293499999967, 35.2494191 ] } },
{ "type": "Feature", "properties": { "内容": "デイサービスセンター　れもん【地域密着型通所介護】神奈川県横須賀市公郷町2-23-4", "url2": "https://www.kaigokensaku.mhlw.go.jp/14/index.php?action_kouhyou_detail_004_kani=true&JigyosyoCd=1491901219-00&ServiceCd=780&Type=search" }, "geometry": { "type": "Point", "coordinates": [ 139.6712436, 35.255333 ] } },
{ "type": "Feature", "properties": { "内容": "大津ケアステーション元気【地域密着型通所介護】神奈川県横須賀市大津町2-14-10", "url2": "https://www.kaigokensaku.mhlw.go.jp/14/index.php?action_kouhyou_detail_004_kani=true&JigyosyoCd=1471902708-00&ServiceCd=780&Type=search" }, "geometry": { "type": "Point", "coordinates": [ 139.69725619999997, 35.2605566 ] } },
{ "type": "Feature", "properties": { "内容": "ソレイルミナーレ横須賀公郷【地域密着型通所介護】神奈川県横須賀市公郷町1-52-8", "url2": "https://www.kaigokensaku.mhlw.go.jp/14/index.php?action_kouhyou_detail_004_kani=true&JigyosyoCd=1491901227-00&ServiceCd=780&Type=search" }, "geometry": { "type": "Point", "coordinates": [ 139.6720341, 35.2542429 ] } },
{ "type": "Feature", "properties": { "内容": "きずなデイサービス【地域密着型通所介護】神奈川県横須賀市久比里1-18-10スカイパレス1階", "url2": "https://www.kaigokensaku.mhlw.go.jp/14/index.php?action_kouhyou_detail_004_kani=true&JigyosyoCd=1491901243-00&ServiceCd=780&Type=search" }, "geometry": { "type": "Point", "coordinates": [ 139.7059165, 35.2327107 ] } },
{ "type": "Feature", "properties": { "内容": "デイサービスFree　Fit・久里浜【地域密着型通所介護】神奈川県横須賀市舟倉1-16-7グレース久里浜１階", "url2": "https://www.kaigokensaku.mhlw.go.jp/14/index.php?action_kouhyou_detail_004_kani=true&JigyosyoCd=1491901250-00&ServiceCd=780&Type=search" }, "geometry": { "type": "Point", "coordinates": [ 139.6997275, 35.2368499 ] } },
{ "type": "Feature", "properties": { "内容": "だんらんの家　北久里浜【地域密着型通所介護】神奈川県横須賀市岩戸５－２７－２２", "url2": "https://www.kaigokensaku.mhlw.go.jp/14/index.php?action_kouhyou_detail_004_kani=true&JigyosyoCd=1471905594-00&ServiceCd=780&Type=search" }, "geometry": { "type": "Point", "coordinates": [ 139.66797, 35.231573900000015 ] } },
{ "type": "Feature", "properties": { "内容": "デイサービス唯の風平塚大神壱番館【地域密着型通所介護】神奈川県平塚市大神1795番地の3", "url2": "https://www.kaigokensaku.mhlw.go.jp/14/index.php?action_kouhyou_detail_004_kani=true&JigyosyoCd=1492000383-00&ServiceCd=780&Type=search" }, "geometry": { "type": "Point", "coordinates": [ 139.36349580000001, 35.3845715 ] } },
{ "type": "Feature", "properties": { "内容": "デイサービスカシーボ【地域密着型通所介護】平塚市老松町3-22", "url2": "https://www.kaigokensaku.mhlw.go.jp/14/index.php?action_kouhyou_detail_004_kani=true&JigyosyoCd=1492000656-00&ServiceCd=780&Type=search" }, "geometry": { "type": "Point", "coordinates": [ 139.35133350000001, 35.3493816 ] } },
{ "type": "Feature", "properties": { "内容": "わかばハピネスクラブごてん【地域密着型通所介護】神奈川県平塚市御殿1-24-33", "url2": "https://www.kaigokensaku.mhlw.go.jp/14/index.php?action_kouhyou_detail_004_kani=true&JigyosyoCd=1492000664-00&ServiceCd=780&Type=search" }, "geometry": { "type": "Point", "coordinates": [ 139.3310198, 35.3429686 ] } },
{ "type": "Feature", "properties": { "内容": "ビーユアデイ　さうんどう【地域密着型通所介護】平塚市平塚２丁目１０－１塩田ビルⅡ　１F", "url2": "https://www.kaigokensaku.mhlw.go.jp/14/index.php?action_kouhyou_detail_004_kani=true&JigyosyoCd=1492000672-00&ServiceCd=780&Type=search" }, "geometry": { "type": "Point", "coordinates": [ 139.339528749108496, 35.329727358669018 ] } },
{ "type": "Feature", "properties": { "内容": "ミモザ平塚南原【地域密着型通所介護】神奈川県平塚市南原3-8-17-6", "url2": "https://www.kaigokensaku.mhlw.go.jp/14/index.php?action_kouhyou_detail_004_kani=true&JigyosyoCd=1472000981-00&ServiceCd=780&Type=search" }, "geometry": { "type": "Point", "coordinates": [ 139.323911800000019, 35.3404652 ] } },
{ "type": "Feature", "properties": { "内容": "メディカルライフケア【地域密着型通所介護】神奈川県平塚市南原２－１－１２１階", "url2": "https://www.kaigokensaku.mhlw.go.jp/14/index.php?action_kouhyou_detail_004_kani=true&JigyosyoCd=1472001286-00&ServiceCd=780&Type=search" }, "geometry": { "type": "Point", "coordinates": [ 139.3304501, 35.338371 ] } },
{ "type": "Feature", "properties": { "内容": "介護予防デイサービス　あんしん元気　平塚四之宮【地域密着型通所介護】神奈川県平塚市四之宮６丁目5番１７号渋江ビル１階", "url2": "https://www.kaigokensaku.mhlw.go.jp/14/index.php?action_kouhyou_detail_004_kani=true&JigyosyoCd=1472001369-00&ServiceCd=780&Type=search" }, "geometry": { "type": "Point", "coordinates": [ 139.358977399999958, 35.3603801 ] } },
{ "type": "Feature", "properties": { "内容": "わかば健康倶楽部花水【地域密着型通所介護】神奈川県平塚市黒部丘17-26", "url2": "https://www.kaigokensaku.mhlw.go.jp/14/index.php?action_kouhyou_detail_004_kani=true&JigyosyoCd=1472001765-00&ServiceCd=780&Type=search" }, "geometry": { "type": "Point", "coordinates": [ 139.335545280343496, 35.321312367896127 ] } },
{ "type": "Feature", "properties": { "内容": "茶話本舗デイサービス平塚【地域密着型通所介護】神奈川県平塚市平塚1-10-14", "url2": "https://www.kaigokensaku.mhlw.go.jp/14/index.php?action_kouhyou_detail_004_kani=true&JigyosyoCd=1472002128-00&ServiceCd=780&Type=search" }, "geometry": { "type": "Point", "coordinates": [ 139.339216399999941, 35.3275723 ] } },
{ "type": "Feature", "properties": { "内容": "湘南メディケアガーデン【地域密着型通所介護】神奈川県平塚市真田２丁目６番２７号", "url2": "https://www.kaigokensaku.mhlw.go.jp/14/index.php?action_kouhyou_detail_004_kani=true&JigyosyoCd=1472002169-00&ServiceCd=780&Type=search" }, "geometry": { "type": "Point", "coordinates": [ 139.283529300000026, 35.3717853 ] } },
{ "type": "Feature", "properties": { "内容": "わかば健康倶楽部田村【地域密着型通所介護】神奈川県平塚市田村7-18-16", "url2": "https://www.kaigokensaku.mhlw.go.jp/14/index.php?action_kouhyou_detail_004_kani=true&JigyosyoCd=1472002201-00&ServiceCd=780&Type=search" }, "geometry": { "type": "Point", "coordinates": [ 139.366101087991751, 35.372276722022022 ] } },
{ "type": "Feature", "properties": { "内容": "デイサービス　リハ日和【地域密着型通所介護】神奈川県平塚市南原3-8-10", "url2": "https://www.kaigokensaku.mhlw.go.jp/14/index.php?action_kouhyou_detail_004_kani=true&JigyosyoCd=1472002250-00&ServiceCd=780&Type=search" }, "geometry": { "type": "Point", "coordinates": [ 139.323628500000041, 35.3402319 ] } },
{ "type": "Feature", "properties": { "内容": "デイサービス　さうんどう【地域密着型通所介護】神奈川県平塚市錦町　５－７１F", "url2": "https://www.kaigokensaku.mhlw.go.jp/14/index.php?action_kouhyou_detail_004_kani=true&JigyosyoCd=1472002268-00&ServiceCd=780&Type=search" }, "geometry": { "type": "Point", "coordinates": [ 139.344104900000048, 35.3277306 ] } },
{ "type": "Feature", "properties": { "内容": "デイサービス　きんかん【地域密着型通所介護】神奈川県平塚市山下1－37－9", "url2": "https://www.kaigokensaku.mhlw.go.jp/14/index.php?action_kouhyou_detail_004_kani=true&JigyosyoCd=1472002342-00&ServiceCd=780&Type=search" }, "geometry": { "type": "Point", "coordinates": [ 139.318265200000042, 35.3312941 ] } },
{ "type": "Feature", "properties": { "内容": "デイサービス　ぽっかぽか【地域密着型通所介護】神奈川県平塚市代官町16-1デンタルハウス’80-202", "url2": "https://www.kaigokensaku.mhlw.go.jp/14/index.php?action_kouhyou_detail_004_kani=true&JigyosyoCd=1472002433-00&ServiceCd=780&Type=search" }, "geometry": { "type": "Point", "coordinates": [ 139.35439580000002, 35.3262947 ] } },
{ "type": "Feature", "properties": { "内容": "わかば健康倶楽部金田【地域密着型通所介護】神奈川県平塚市寺田縄959-9", "url2": "https://www.kaigokensaku.mhlw.go.jp/14/index.php?action_kouhyou_detail_004_kani=true&JigyosyoCd=1472003092-00&ServiceCd=780&Type=search" }, "geometry": { "type": "Point", "coordinates": [ 139.3206315, 35.3600795 ] } },
{ "type": "Feature", "properties": { "内容": "デイサービス歩々亭【地域密着型通所介護】神奈川県平塚市御殿3-4-7", "url2": "https://www.kaigokensaku.mhlw.go.jp/14/index.php?action_kouhyou_detail_004_kani=true&JigyosyoCd=1472003217-00&ServiceCd=780&Type=search" }, "geometry": { "type": "Point", "coordinates": [ 139.329508581198098, 35.349578586972584 ] } },
{ "type": "Feature", "properties": { "内容": "すまいるデイサービス【地域密着型通所介護】神奈川県平塚市横内4248", "url2": "https://www.kaigokensaku.mhlw.go.jp/14/index.php?action_kouhyou_detail_004_kani=true&JigyosyoCd=1472003266-00&ServiceCd=780&Type=search" }, "geometry": { "type": "Point", "coordinates": [ 139.354963699999985, 35.3638688 ] } },
{ "type": "Feature", "properties": { "内容": "よつ葉【地域密着型通所介護】神奈川県平塚市中原2-3-3", "url2": "https://www.kaigokensaku.mhlw.go.jp/14/index.php?action_kouhyou_detail_004_kani=true&JigyosyoCd=1472003316-00&ServiceCd=780&Type=search" }, "geometry": { "type": "Point", "coordinates": [ 139.336985499999969, 35.3468312 ] } },
{ "type": "Feature", "properties": { "内容": "デイサービス桜花乃郷　ゆたかん家　公所【地域密着型通所介護】神奈川県平塚市公所204-5", "url2": "https://www.kaigokensaku.mhlw.go.jp/14/index.php?action_kouhyou_detail_004_kani=true&JigyosyoCd=1472003431-00&ServiceCd=780&Type=search" }, "geometry": { "type": "Point", "coordinates": [ 139.299069599999939, 35.3474086 ] } },
{ "type": "Feature", "properties": { "内容": "デイサービス　リハ日和mini【地域密着型通所介護】神奈川県平塚市中里45-1一剣中里ビル1-D", "url2": "https://www.kaigokensaku.mhlw.go.jp/14/index.php?action_kouhyou_detail_004_kani=true&JigyosyoCd=1492000292-00&ServiceCd=780&Type=search" }, "geometry": { "type": "Point", "coordinates": [ 139.330294800000047, 35.3291527 ] } },
{ "type": "Feature", "properties": { "内容": "ウェルネスパーク宮の前【地域密着型通所介護】神奈川県平塚市宮の前9－9アドリーム湘南平塚1F", "url2": "https://www.kaigokensaku.mhlw.go.jp/14/index.php?action_kouhyou_detail_004_kani=true&JigyosyoCd=1492000326-00&ServiceCd=780&Type=search" }, "geometry": { "type": "Point", "coordinates": [ 139.3528225, 35.330736 ] } },
{ "type": "Feature", "properties": { "内容": "リアン喜和心【地域密着型通所介護】神奈川県平塚市片岡367番4", "url2": "https://www.kaigokensaku.mhlw.go.jp/14/index.php?action_kouhyou_detail_004_kani=true&JigyosyoCd=1492000425-00&ServiceCd=780&Type=search" }, "geometry": { "type": "Point", "coordinates": [ 139.298115300000063, 35.3605022 ] } },
{ "type": "Feature", "properties": { "内容": "うんどう・デイ・まつがおか【地域密着型通所介護】神奈川県平塚市東中原2－2－56－2", "url2": "https://www.kaigokensaku.mhlw.go.jp/14/index.php?action_kouhyou_detail_004_kani=true&JigyosyoCd=1492000458-00&ServiceCd=780&Type=search" }, "geometry": { "type": "Point", "coordinates": [ 139.33628920000001, 35.3458797 ] } },
{ "type": "Feature", "properties": { "内容": "デイサービス歩家【地域密着型通所介護】神奈川県平塚市西八幡4-5-42　1F", "url2": "https://www.kaigokensaku.mhlw.go.jp/14/index.php?action_kouhyou_detail_004_kani=true&JigyosyoCd=1492000508-00&ServiceCd=780&Type=search" }, "geometry": { "type": "Point", "coordinates": [ 139.3489961, 35.34570369999998 ] } },
{ "type": "Feature", "properties": { "内容": "レコードブック平塚駅前【地域密着型通所介護】神奈川県平塚市八千代町7-4フジスカイ八千代1階", "url2": "https://www.kaigokensaku.mhlw.go.jp/14/index.php?action_kouhyou_detail_004_kani=true&JigyosyoCd=1492000540-00&ServiceCd=780&Type=search" }, "geometry": { "type": "Point", "coordinates": [ 139.8912133, 36.1816174 ] } },
{ "type": "Feature", "properties": { "内容": "ステップぱーとなー湘南【地域密着型通所介護】神奈川県平塚市平塚２丁目３１－３", "url2": "https://www.kaigokensaku.mhlw.go.jp/14/index.php?action_kouhyou_detail_004_kani=true&JigyosyoCd=1492000557-00&ServiceCd=780&Type=search" }, "geometry": { "type": "Point", "coordinates": [ 139.3383308, 35.3277524 ] } },
{ "type": "Feature", "properties": { "内容": "areag【地域密着型通所介護】神奈川県平塚市徳延２００−１原田店舗１階西号室", "url2": "https://www.kaigokensaku.mhlw.go.jp/14/index.php?action_kouhyou_detail_004_kani=true&JigyosyoCd=1492000565-00&ServiceCd=780&Type=search" }, "geometry": { "type": "Point", "coordinates": [ 139.316728899999987, 35.3400461 ] } },
{ "type": "Feature", "properties": { "内容": "アクア・ケアサービス　キラッと【地域密着型通所介護】神奈川県平塚市立野町41-7", "url2": "https://www.kaigokensaku.mhlw.go.jp/14/index.php?action_kouhyou_detail_004_kani=true&JigyosyoCd=1472001732-00&ServiceCd=780&Type=search" }, "geometry": { "type": "Point", "coordinates": [ 139.3386633, 35.3350686 ] } },
{ "type": "Feature", "properties": { "内容": "ブリッジライフ平塚立野町【地域密着型通所介護】神奈川県平塚市立野町34-5", "url2": "https://www.kaigokensaku.mhlw.go.jp/14/index.php?action_kouhyou_detail_004_kani=true&JigyosyoCd=1492000334-00&ServiceCd=780&Type=search" }, "geometry": { "type": "Point", "coordinates": [ 139.3400077, 35.333196600000022 ] } },
{ "type": "Feature", "properties": { "内容": "デイサービス　野いちご【地域密着型通所介護】神奈川県平塚市立野町10-5", "url2": "https://www.kaigokensaku.mhlw.go.jp/14/index.php?action_kouhyou_detail_004_kani=true&JigyosyoCd=1492000532-00&ServiceCd=780&Type=search" }, "geometry": { "type": "Point", "coordinates": [ 139.34225570000001, 35.3337189 ] } },
{ "type": "Feature", "properties": { "内容": "デイケアセンター花宿【地域密着型通所介護】神奈川県平塚市中原下宿１１７４－１６", "url2": "https://www.kaigokensaku.mhlw.go.jp/14/index.php?action_kouhyou_detail_004_kani=true&JigyosyoCd=1472001971-00&ServiceCd=780&Type=search" }, "geometry": { "type": "Point", "coordinates": [ 139.322370299999989, 35.3471116 ] } },
{ "type": "Feature", "properties": { "内容": "通所介護　フィジオルーム見附町【地域密着型通所介護】神奈川県平塚市見附町32番地18-301ジュネパレス平塚第1301号", "url2": "https://www.kaigokensaku.mhlw.go.jp/14/index.php?action_kouhyou_detail_004_kani=true&JigyosyoCd=1472002649-00&ServiceCd=780&Type=search" }, "geometry": { "type": "Point", "coordinates": [ 139.341566100000023, 35.3285694 ] } },
{ "type": "Feature", "properties": { "内容": "わかば健康倶楽部あさひ【地域密着型通所介護】神奈川県平塚市根坂間３７６－２", "url2": "https://www.kaigokensaku.mhlw.go.jp/14/index.php?action_kouhyou_detail_004_kani=true&JigyosyoCd=1472002680-00&ServiceCd=780&Type=search" }, "geometry": { "type": "Point", "coordinates": [ 139.304988500000036, 35.3365823 ] } },
{ "type": "Feature", "properties": { "内容": "デイサービスセンターれんげの郷　山下【地域密着型通所介護】神奈川県平塚市山下3丁目22番43号", "url2": "https://www.kaigokensaku.mhlw.go.jp/14/index.php?action_kouhyou_detail_004_kani=true&JigyosyoCd=1472002714-00&ServiceCd=780&Type=search" }, "geometry": { "type": "Point", "coordinates": [ 139.316704299999969, 35.329352599999986 ] } },
{ "type": "Feature", "properties": { "内容": "デイサービス御殿４丁目の家【地域密着型通所介護】神奈川県平塚市御殿４－１－４", "url2": "https://www.kaigokensaku.mhlw.go.jp/14/index.php?action_kouhyou_detail_004_kani=true&JigyosyoCd=1472002789-00&ServiceCd=780&Type=search" }, "geometry": { "type": "Point", "coordinates": [ 139.3286981, 35.3516055 ] } },
{ "type": "Feature", "properties": { "内容": "樹楽　湘南【地域密着型通所介護】神奈川県平塚市西八幡3-1-45", "url2": "https://www.kaigokensaku.mhlw.go.jp/14/index.php?action_kouhyou_detail_004_kani=true&JigyosyoCd=1472002847-00&ServiceCd=780&Type=search" }, "geometry": { "type": "Point", "coordinates": [ 139.352872354544246, 35.345212608762374 ] } },
{ "type": "Feature", "properties": { "内容": "デイサービスセンター　グッディ【地域密着型通所介護】神奈川県平塚市四之宮６丁目１１－９", "url2": "https://www.kaigokensaku.mhlw.go.jp/14/index.php?action_kouhyou_detail_004_kani=true&JigyosyoCd=1472002904-00&ServiceCd=780&Type=search" }, "geometry": { "type": "Point", "coordinates": [ 139.357035799999949, 35.36258 ] } },
{ "type": "Feature", "properties": { "内容": "デイサービス　あしたば【地域密着型通所介護】神奈川県平塚市広川841-1", "url2": "https://www.kaigokensaku.mhlw.go.jp/14/index.php?action_kouhyou_detail_004_kani=true&JigyosyoCd=1472003613-00&ServiceCd=780&Type=search" }, "geometry": { "type": "Point", "coordinates": [ 139.30054169999994, 35.356299 ] } },
{ "type": "Feature", "properties": { "内容": "Ｆリハビリテーション平塚【地域密着型通所介護】神奈川県平塚市花水台33-36", "url2": "https://www.kaigokensaku.mhlw.go.jp/14/index.php?action_kouhyou_detail_004_kani=true&JigyosyoCd=1472003670-00&ServiceCd=780&Type=search" }, "geometry": { "type": "Point", "coordinates": [ 139.338130690178303, 35.318034768485674 ] } },
{ "type": "Feature", "properties": { "内容": "ココファン　デイサービスしのみや【地域密着型通所介護】神奈川県平塚市四之宮1-3-57", "url2": "https://www.kaigokensaku.mhlw.go.jp/14/index.php?action_kouhyou_detail_004_kani=true&JigyosyoCd=1472003779-00&ServiceCd=780&Type=search" }, "geometry": { "type": "Point", "coordinates": [ 139.35064239999997, 35.3471591 ] } },
{ "type": "Feature", "properties": { "内容": "デイサービスセンターみんなの家OKAZAKI【地域密着型通所介護】神奈川県平塚市岡崎3168-1", "url2": "https://www.kaigokensaku.mhlw.go.jp/14/index.php?action_kouhyou_detail_004_kani=true&JigyosyoCd=1472003910-00&ServiceCd=780&Type=search" }, "geometry": { "type": "Point", "coordinates": [ 139.30295427527264, 35.375179564126519 ] } },
{ "type": "Feature", "properties": { "内容": "レコードブック平塚真田【地域密着型通所介護】神奈川県平塚市真田1-9-8レインボーヒルズ1号室", "url2": "https://www.kaigokensaku.mhlw.go.jp/14/index.php?action_kouhyou_detail_004_kani=true&JigyosyoCd=1492000391-00&ServiceCd=780&Type=search" }, "geometry": { "type": "Point", "coordinates": [ 139.2839626, 35.3703466 ] } },
{ "type": "Feature", "properties": { "内容": "デイサービス唯の風平塚大神弐番館【地域密着型通所介護】神奈川県平塚市大神2-15-36", "url2": "https://www.kaigokensaku.mhlw.go.jp/14/index.php?action_kouhyou_detail_004_kani=true&JigyosyoCd=1492000409-00&ServiceCd=780&Type=search" }, "geometry": { "type": "Point", "coordinates": [ 139.365070599999967, 35.3895653 ] } },
{ "type": "Feature", "properties": { "内容": "デイサービスセンターみんなの家ながもち【地域密着型通所介護】神奈川県平塚市長持413-1", "url2": "https://www.kaigokensaku.mhlw.go.jp/14/index.php?action_kouhyou_detail_004_kani=true&JigyosyoCd=1492000573-00&ServiceCd=780&Type=search" }, "geometry": { "type": "Point", "coordinates": [ 139.3163821, 35.3485017 ] } },
{ "type": "Feature", "properties": { "内容": "デイサービスセンター　はな畑【地域密着型通所介護】神奈川県平塚市横内3115", "url2": "https://www.kaigokensaku.mhlw.go.jp/14/index.php?action_kouhyou_detail_004_kani=true&JigyosyoCd=1492000581-00&ServiceCd=780&Type=search" }, "geometry": { "type": "Point", "coordinates": [ 139.3464954, 35.3692886 ] } },
{ "type": "Feature", "properties": { "内容": "レコードブック平塚四之宮【地域密着型通所介護】神奈川県平塚市四之宮2-15-12第一高橋マンション1階", "url2": "https://www.kaigokensaku.mhlw.go.jp/14/index.php?action_kouhyou_detail_004_kani=true&JigyosyoCd=1492000649-00&ServiceCd=780&Type=search" }, "geometry": { "type": "Point", "coordinates": [ 139.355827299999987, 35.3510666 ] } },
{ "type": "Feature", "properties": { "内容": "ケア・たんぽぽ【地域密着型通所介護】神奈川県平塚市万田3-37-26", "url2": "https://www.kaigokensaku.mhlw.go.jp/14/index.php?action_kouhyou_detail_004_kani=true&JigyosyoCd=1472000858-00&ServiceCd=780&Type=search" }, "geometry": { "type": "Point", "coordinates": [ 139.30037530000007, 35.327808400000016 ] } },
{ "type": "Feature", "properties": { "内容": "ケアサロン　ひと房のぶどう【地域密着型通所介護】神奈川県平塚市南原4-6-34", "url2": "https://www.kaigokensaku.mhlw.go.jp/14/index.php?action_kouhyou_detail_004_kani=true&JigyosyoCd=1472001468-00&ServiceCd=780&Type=search" }, "geometry": { "type": "Point", "coordinates": [ 139.321670300000051, 35.3429149 ] } },
{ "type": "Feature", "properties": { "内容": "わかば健康倶楽部富士見【地域密着型通所介護】神奈川県平塚市豊原町24-15", "url2": "https://www.kaigokensaku.mhlw.go.jp/14/index.php?action_kouhyou_detail_004_kani=true&JigyosyoCd=1472001997-00&ServiceCd=780&Type=search" }, "geometry": { "type": "Point", "coordinates": [ 139.335705063333506, 35.333224836853084 ] } },
{ "type": "Feature", "properties": { "内容": "百笑【地域密着型通所介護】神奈川県平塚市入野318-3アクティブ熊澤1階", "url2": "https://www.kaigokensaku.mhlw.go.jp/14/index.php?action_kouhyou_detail_004_kani=true&JigyosyoCd=1472002862-00&ServiceCd=780&Type=search" }, "geometry": { "type": "Point", "coordinates": [ 139.316662400000041, 35.3513277 ] } },
{ "type": "Feature", "properties": { "内容": "デイサービス　あとりえ中原【地域密着型通所介護】神奈川県平塚市中原３－６－３９", "url2": "https://www.kaigokensaku.mhlw.go.jp/14/index.php?action_kouhyou_detail_004_kani=true&JigyosyoCd=1472003829-00&ServiceCd=780&Type=search" }, "geometry": { "type": "Point", "coordinates": [ 139.333970129844857, 35.35264371087851 ] } },
{ "type": "Feature", "properties": { "内容": "DayLifeMahalo【地域密着型通所介護】神奈川県平塚市東真土2-9-5", "url2": "https://www.kaigokensaku.mhlw.go.jp/14/index.php?action_kouhyou_detail_004_kani=true&JigyosyoCd=1492000623-00&ServiceCd=780&Type=search" }, "geometry": { "type": "Point", "coordinates": [ 139.356303807374928, 35.356536063464361 ] } },
{ "type": "Feature", "properties": { "内容": "デイハウスTOMO【地域密着型通所介護】神奈川県平塚市山下三丁目12番4号", "url2": "https://www.kaigokensaku.mhlw.go.jp/14/index.php?action_kouhyou_detail_004_kani=true&JigyosyoCd=1472001492-00&ServiceCd=780&Type=search" }, "geometry": { "type": "Point", "coordinates": [ 139.312693599999989, 35.3289721 ] } },
{ "type": "Feature", "properties": { "内容": "デイサービスみらい【地域密着型通所介護】神奈川県平塚市豊田本郷1789-2", "url2": "https://www.kaigokensaku.mhlw.go.jp/14/index.php?action_kouhyou_detail_004_kani=true&JigyosyoCd=1492000680-00&ServiceCd=780&Type=search" }, "geometry": { "type": "Point", "coordinates": [ 139.327112699999986, 35.3581335 ] } },
{ "type": "Feature", "properties": { "内容": "リハビリ型デイサービスAXIS大船【地域密着型通所介護】神奈川県鎌倉市岡本1-21-24浦田ビル1階", "url2": "https://www.kaigokensaku.mhlw.go.jp/14/index.php?action_kouhyou_detail_004_kani=true&JigyosyoCd=1472103744-00&ServiceCd=780&Type=search" }, "geometry": { "type": "Point", "coordinates": [ 139.5299254, 35.356438 ] } },
{ "type": "Feature", "properties": { "内容": "トレー二ングスタジオ長谷【地域密着型通所介護】神奈川県鎌倉市長谷2-10-41", "url2": "https://www.kaigokensaku.mhlw.go.jp/14/index.php?action_kouhyou_detail_004_kani=true&JigyosyoCd=1492100555-00&ServiceCd=780&Type=search" }, "geometry": { "type": "Point", "coordinates": [ 139.5374132, 35.3129336 ] } },
{ "type": "Feature", "properties": { "内容": "福祉クラブ生協Ｄａｙ大町いしだ【地域密着型通所介護】神奈川県鎌倉市大町1－17－2", "url2": "https://www.kaigokensaku.mhlw.go.jp/14/index.php?action_kouhyou_detail_004_kani=true&JigyosyoCd=1472100021-00&ServiceCd=780&Type=search" }, "geometry": { "type": "Point", "coordinates": [ 139.554431064709462, 35.318376511677592 ] } },
{ "type": "Feature", "properties": { "内容": "デイサービス　ＡＲＩＧＡＴＯ【地域密着型通所介護】神奈川県鎌倉市大船２－２３－９", "url2": "https://www.kaigokensaku.mhlw.go.jp/14/index.php?action_kouhyou_detail_004_kani=true&JigyosyoCd=1472101128-00&ServiceCd=780&Type=search" }, "geometry": { "type": "Point", "coordinates": [ 139.536993299999949, 35.3527104 ] } },
{ "type": "Feature", "properties": { "内容": "デイサービスセンターふれあいの泉【地域密着型通所介護】神奈川県鎌倉市今泉2-4-10", "url2": "https://www.kaigokensaku.mhlw.go.jp/14/index.php?action_kouhyou_detail_004_kani=true&JigyosyoCd=1472101821-00&ServiceCd=780&Type=search" }, "geometry": { "type": "Point", "coordinates": [ 139.551445199999989, 35.3471444 ] } },
{ "type": "Feature", "properties": { "内容": "福祉クラブ生協Ｄａｙサロンはる【地域密着型通所介護】神奈川県鎌倉市笛田３－３３－４５", "url2": "https://www.kaigokensaku.mhlw.go.jp/14/index.php?action_kouhyou_detail_004_kani=true&JigyosyoCd=1472101904-00&ServiceCd=780&Type=search" }, "geometry": { "type": "Point", "coordinates": [ 139.518168196078477, 35.324716312172683 ] } },
{ "type": "Feature", "properties": { "内容": "デイサービス　いこい家　北鎌倉【地域密着型通所介護】神奈川県鎌倉市小袋谷2-17-2第２サニーハイツヒライ１０２", "url2": "https://www.kaigokensaku.mhlw.go.jp/14/index.php?action_kouhyou_detail_004_kani=true&JigyosyoCd=1472102357-00&ServiceCd=780&Type=search" }, "geometry": { "type": "Point", "coordinates": [ 139.545876099999987, 35.342100500000015 ] } },
{ "type": "Feature", "properties": { "内容": "シニアスポーツデイARIGATO【地域密着型通所介護】神奈川県鎌倉市今泉台2-4-4", "url2": "https://www.kaigokensaku.mhlw.go.jp/14/index.php?action_kouhyou_detail_004_kani=true&JigyosyoCd=1472102597-00&ServiceCd=780&Type=search" }, "geometry": { "type": "Point", "coordinates": [ 139.5567754, 35.342656 ] } },
{ "type": "Feature", "properties": { "内容": "デイサービス本舗鎌倉ぐっさん家【地域密着型通所介護】神奈川県鎌倉市腰越851", "url2": "https://www.kaigokensaku.mhlw.go.jp/14/index.php?action_kouhyou_detail_004_kani=true&JigyosyoCd=1472102795-00&ServiceCd=780&Type=search" }, "geometry": { "type": "Point", "coordinates": [ 139.500381847143558, 35.312527876250506 ] } },
{ "type": "Feature", "properties": { "内容": "ルネサンス元氣ジム湘南深沢【地域密着型通所介護】神奈川県鎌倉市笛田1-1-14F.H.Dビル1階", "url2": "https://www.kaigokensaku.mhlw.go.jp/14/index.php?action_kouhyou_detail_004_kani=true&JigyosyoCd=1472102837-00&ServiceCd=780&Type=search" }, "geometry": { "type": "Point", "coordinates": [ 139.51556929283754, 35.330030200681477 ] } },
{ "type": "Feature", "properties": { "内容": "リハプライド鎌倉【地域密着型通所介護】神奈川県鎌倉市小袋谷1-6-33Waganse鎌倉", "url2": "https://www.kaigokensaku.mhlw.go.jp/14/index.php?action_kouhyou_detail_004_kani=true&JigyosyoCd=1472102936-00&ServiceCd=780&Type=search" }, "geometry": { "type": "Point", "coordinates": [ 139.532035299999961, 35.349080300000011 ] } },
{ "type": "Feature", "properties": { "内容": "リハビリガーデン　ほろほろ　鎌倉七里ガ浜【地域密着型通所介護】神奈川県鎌倉市七里ガ浜東４丁目１９－１７", "url2": "https://www.kaigokensaku.mhlw.go.jp/14/index.php?action_kouhyou_detail_004_kani=true&JigyosyoCd=1472102951-00&ServiceCd=780&Type=search" }, "geometry": { "type": "Point", "coordinates": [ 139.514914299999987, 35.3122923 ] } },
{ "type": "Feature", "properties": { "内容": "デイサービス　いこい家　岩瀬【地域密着型通所介護】神奈川県鎌倉市岩瀬1-17-5アイパレス大船１F", "url2": "https://www.kaigokensaku.mhlw.go.jp/14/index.php?action_kouhyou_detail_004_kani=true&JigyosyoCd=1472102969-00&ServiceCd=780&Type=search" }, "geometry": { "type": "Point", "coordinates": [ 139.541559057440509, 35.354436726839104 ] } },
{ "type": "Feature", "properties": { "内容": "デイてびろ【地域密着型通所介護】神奈川県鎌倉市手広2-15-17", "url2": "https://www.kaigokensaku.mhlw.go.jp/14/index.php?action_kouhyou_detail_004_kani=true&JigyosyoCd=1492100266-00&ServiceCd=780&Type=search" }, "geometry": { "type": "Point", "coordinates": [ 139.513342200000011, 35.3273298 ] } },
{ "type": "Feature", "properties": { "内容": "せかんどべ-す【地域密着型通所介護】神奈川県鎌倉市七里ガ浜東4-6-11", "url2": "https://www.kaigokensaku.mhlw.go.jp/14/index.php?action_kouhyou_detail_004_kani=true&JigyosyoCd=1492100274-00&ServiceCd=780&Type=search" }, "geometry": { "type": "Point", "coordinates": [ 139.5146671, 35.3104341 ] } },
{ "type": "Feature", "properties": { "内容": "ワーキングデイわかば【地域密着型通所介護】神奈川県鎌倉市今泉台4-11-1", "url2": "https://www.kaigokensaku.mhlw.go.jp/14/index.php?action_kouhyou_detail_004_kani=true&JigyosyoCd=1492100282-00&ServiceCd=780&Type=search" }, "geometry": { "type": "Point", "coordinates": [ 139.558542363610968, 35.338888292751456 ] } },
{ "type": "Feature", "properties": { "内容": "茶話本舗デイサービス材木座6丁目【地域密着型通所介護】神奈川県鎌倉市材木座6-7-39", "url2": "https://www.kaigokensaku.mhlw.go.jp/14/index.php?action_kouhyou_detail_004_kani=true&JigyosyoCd=1492100324-00&ServiceCd=780&Type=search" }, "geometry": { "type": "Point", "coordinates": [ 139.553372, 35.3059771 ] } },
{ "type": "Feature", "properties": { "内容": "リハビリテラス　ほろほろ　北鎌倉【地域密着型通所介護】神奈川県鎌倉市小袋谷2丁目23-1", "url2": "https://www.kaigokensaku.mhlw.go.jp/14/index.php?action_kouhyou_detail_004_kani=true&JigyosyoCd=1492100332-00&ServiceCd=780&Type=search" }, "geometry": { "type": "Point", "coordinates": [ 139.537249849073731, 35.3418662 ] } },
{ "type": "Feature", "properties": { "内容": "ヒラックス大町【地域密着型通所介護】神奈川県鎌倉市大町２−３−６", "url2": "https://www.kaigokensaku.mhlw.go.jp/14/index.php?action_kouhyou_detail_004_kani=true&JigyosyoCd=1492100415-00&ServiceCd=780&Type=search" }, "geometry": { "type": "Point", "coordinates": [ 139.552803499999982, 35.313966 ] } },
{ "type": "Feature", "properties": { "内容": "リハビリ型デイサービス大船西口【地域密着型通所介護】神奈川県鎌倉市岡本2-1-17", "url2": "https://www.kaigokensaku.mhlw.go.jp/14/index.php?action_kouhyou_detail_004_kani=true&JigyosyoCd=1492100423-00&ServiceCd=780&Type=search" }, "geometry": { "type": "Point", "coordinates": [ 139.528616100000022, 35.3517046 ] } },
{ "type": "Feature", "properties": { "内容": "デイSUN村【地域密着型通所介護】神奈川県鎌倉市七里ガ浜東3丁目6-12", "url2": "https://www.kaigokensaku.mhlw.go.jp/14/index.php?action_kouhyou_detail_004_kani=true&JigyosyoCd=1492100431-00&ServiceCd=780&Type=search" }, "geometry": { "type": "Point", "coordinates": [ 139.519150700000012, 35.3094836 ] } },
{ "type": "Feature", "properties": { "内容": "リハスタジオ西鎌倉【地域密着型通所介護】神奈川県鎌倉市手広5-2-5", "url2": "https://www.kaigokensaku.mhlw.go.jp/14/index.php?action_kouhyou_detail_004_kani=true&JigyosyoCd=1492100464-00&ServiceCd=780&Type=search" }, "geometry": { "type": "Point", "coordinates": [ 139.507055799999989, 35.3248839 ] } },
{ "type": "Feature", "properties": { "内容": "レコードブック西鎌倉【地域密着型通所介護】神奈川県鎌倉市西鎌倉１丁目２０－６１", "url2": "https://www.kaigokensaku.mhlw.go.jp/14/index.php?action_kouhyou_detail_004_kani=true&JigyosyoCd=1492100472-00&ServiceCd=780&Type=search" }, "geometry": { "type": "Point", "coordinates": [ 139.5053007, 35.3204548 ] } },
{ "type": "Feature", "properties": { "内容": "デイサービス　なおの樹【地域密着型通所介護】神奈川県鎌倉市西鎌倉３－９－１７", "url2": "https://www.kaigokensaku.mhlw.go.jp/14/index.php?action_kouhyou_detail_004_kani=true&JigyosyoCd=1492100456-00&ServiceCd=780&Type=search" }, "geometry": { "type": "Point", "coordinates": [ 139.500451627984177, 35.320013154102192 ] } },
{ "type": "Feature", "properties": { "内容": "うみテラス【地域密着型通所介護】神奈川県鎌倉市坂ノ下28-20", "url2": "https://www.kaigokensaku.mhlw.go.jp/14/index.php?action_kouhyou_detail_004_kani=true&JigyosyoCd=1492100563-00&ServiceCd=780&Type=search" }, "geometry": { "type": "Point", "coordinates": [ 139.5323649, 35.307065700000024 ] } },
{ "type": "Feature", "properties": { "内容": "GENKINEXT　鎌倉笛田【地域密着型通所介護】神奈川県鎌倉市笛田1-3-20プライムスクエア西鎌倉1F", "url2": "https://www.kaigokensaku.mhlw.go.jp/14/index.php?action_kouhyou_detail_004_kani=true&JigyosyoCd=1472102407-00&ServiceCd=780&Type=search" }, "geometry": { "type": "Point", "coordinates": [ 139.509775799999943, 35.331373900000031 ] } },
{ "type": "Feature", "properties": { "内容": "デイサービス　いこい家　雪ノ下【地域密着型通所介護】神奈川県鎌倉市雪ノ下636-10立花大倉ビル1階", "url2": "https://www.kaigokensaku.mhlw.go.jp/14/index.php?action_kouhyou_detail_004_kani=true&JigyosyoCd=1472102514-00&ServiceCd=780&Type=search" }, "geometry": { "type": "Point", "coordinates": [ 139.562418256253409, 35.323523034869275 ] } },
{ "type": "Feature", "properties": { "内容": "ルネサンスリハビリセンター鎌倉【地域密着型通所介護】神奈川県鎌倉市材木座3-5-16", "url2": "https://www.kaigokensaku.mhlw.go.jp/14/index.php?action_kouhyou_detail_004_kani=true&JigyosyoCd=1492100373-00&ServiceCd=780&Type=search" }, "geometry": { "type": "Point", "coordinates": [ 139.548490200000089, 35.309960900000014 ] } },
{ "type": "Feature", "properties": { "内容": "デイサービス　テラツー【地域密着型通所介護】神奈川県鎌倉市寺分2-31-13", "url2": "https://www.kaigokensaku.mhlw.go.jp/14/index.php?action_kouhyou_detail_004_kani=true&JigyosyoCd=1492100381-00&ServiceCd=780&Type=search" }, "geometry": { "type": "Point", "coordinates": [ 139.527588299999934, 35.3372428 ] } },
{ "type": "Feature", "properties": { "内容": "EatGoodFood鎌倉山【地域密着型通所介護】神奈川県鎌倉市鎌倉山1-13-3", "url2": "https://www.kaigokensaku.mhlw.go.jp/14/index.php?action_kouhyou_detail_004_kani=true&JigyosyoCd=1492100522-00&ServiceCd=780&Type=search" }, "geometry": { "type": "Point", "coordinates": [ 139.5192203, 35.3195108 ] } },
{ "type": "Feature", "properties": { "内容": "シェフズデイサービス湘南【地域密着型通所介護】神奈川県鎌倉市寺分1-20-10", "url2": "https://www.kaigokensaku.mhlw.go.jp/14/index.php?action_kouhyou_detail_004_kani=true&JigyosyoCd=1472102993-00&ServiceCd=780&Type=search" }, "geometry": { "type": "Point", "coordinates": [ 139.522941400000036, 35.3339903 ] } },
{ "type": "Feature", "properties": { "内容": "由比ガ浜マナ　オハナデイサービスセンター【地域密着型通所介護】神奈川県鎌倉市由比ガ浜1-11-21", "url2": "https://www.kaigokensaku.mhlw.go.jp/14/index.php?action_kouhyou_detail_004_kani=true&JigyosyoCd=1472102670-00&ServiceCd=780&Type=search" }, "geometry": { "type": "Point", "coordinates": [ 139.544061528836096, 35.315369383026443 ] } },
{ "type": "Feature", "properties": { "内容": "リハビリデイ・アシスタンス【地域密着型通所介護】神奈川県鎌倉市岡本　1-6-31大船田中ビル　１階", "url2": "https://www.kaigokensaku.mhlw.go.jp/14/index.php?action_kouhyou_detail_004_kani=true&JigyosyoCd=1472102621-00&ServiceCd=780&Type=search" }, "geometry": { "type": "Point", "coordinates": [ 139.526676332649231, 35.353687990516114 ] } },
{ "type": "Feature", "properties": { "内容": "レコードブック大船【地域密着型通所介護】神奈川県鎌倉市植木８２０番地エミネンス湘南Ⅵ　１階", "url2": "https://www.kaigokensaku.mhlw.go.jp/14/index.php?action_kouhyou_detail_004_kani=true&JigyosyoCd=1492100340-00&ServiceCd=780&Type=search" }, "geometry": { "type": "Point", "coordinates": [ 139.510989600000016, 35.3449808 ] } },
{ "type": "Feature", "properties": { "内容": "だんらんの家大船鎌倉【地域密着型通所介護】神奈川県鎌倉市岩瀬668-1", "url2": "https://www.kaigokensaku.mhlw.go.jp/14/index.php?action_kouhyou_detail_004_kani=true&JigyosyoCd=1492100548-00&ServiceCd=780&Type=search" }, "geometry": { "type": "Point", "coordinates": [ 139.5478697, 35.3507238 ] } },
{ "type": "Feature", "properties": { "内容": "フィジカルケア南藤沢【地域密着型通所介護】神奈川県藤沢市南藤沢１７−１アプリオリ湘南１０２", "url2": "https://www.kaigokensaku.mhlw.go.jp/14/index.php?action_kouhyou_detail_004_kani=true&JigyosyoCd=1472204229-00&ServiceCd=780&Type=search" }, "geometry": { "type": "Point", "coordinates": [ 139.49089140000001, 35.3366512 ] } },
{ "type": "Feature", "properties": { "内容": "藤沢地域福祉事業所あかり【地域密着型通所介護】神奈川県藤沢市亀井野2-3-13", "url2": "https://www.kaigokensaku.mhlw.go.jp/14/index.php?action_kouhyou_detail_004_kani=true&JigyosyoCd=1472200193-00&ServiceCd=780&Type=search" }, "geometry": { "type": "Point", "coordinates": [ 139.47309244418031, 35.3830878375799 ] } },
{ "type": "Feature", "properties": { "内容": "福祉クラブ生協　Ｄaｙ辻堂いちいの木【地域密着型通所介護】神奈川県藤沢市辻堂元町６－３－９", "url2": "https://www.kaigokensaku.mhlw.go.jp/14/index.php?action_kouhyou_detail_004_kani=true&JigyosyoCd=1472202199-00&ServiceCd=780&Type=search" }, "geometry": { "type": "Point", "coordinates": [ 139.461664425972288, 35.336768095605599 ] } },
{ "type": "Feature", "properties": { "内容": "藤沢地域福祉事業所デイサービス長後あかり【地域密着型通所介護】神奈川県藤沢市高倉６５０－５６コーポカネウンABC号", "url2": "https://www.kaigokensaku.mhlw.go.jp/14/index.php?action_kouhyou_detail_004_kani=true&JigyosyoCd=1472202801-00&ServiceCd=780&Type=search" }, "geometry": { "type": "Point", "coordinates": [ 139.466904099999965, 35.4135685 ] } },
{ "type": "Feature", "properties": { "内容": "カルチャースクール　亀吉【地域密着型通所介護】神奈川県藤沢市鵠沼海岸7-20-21", "url2": "https://www.kaigokensaku.mhlw.go.jp/14/index.php?action_kouhyou_detail_004_kani=true&JigyosyoCd=1472202934-00&ServiceCd=780&Type=search" }, "geometry": { "type": "Point", "coordinates": [ 139.465141, 35.3304704 ] } },
{ "type": "Feature", "properties": { "内容": "リハビリデイサービスnagomi藤沢店【地域密着型通所介護】神奈川県藤沢市亀井野1-15-3フェリーチェ1Ｆ", "url2": "https://www.kaigokensaku.mhlw.go.jp/14/index.php?action_kouhyou_detail_004_kani=true&JigyosyoCd=1472203130-00&ServiceCd=780&Type=search" }, "geometry": { "type": "Point", "coordinates": [ 139.473765, 35.3859751 ] } },
{ "type": "Feature", "properties": { "内容": "リハビリデイサービスnagomi藤沢川名店【地域密着型通所介護】神奈川県藤沢市川名187-3", "url2": "https://www.kaigokensaku.mhlw.go.jp/14/index.php?action_kouhyou_detail_004_kani=true&JigyosyoCd=1472203528-00&ServiceCd=780&Type=search" }, "geometry": { "type": "Point", "coordinates": [ 139.496227099999942, 35.3337515 ] } },
{ "type": "Feature", "properties": { "内容": "ミモザ藤沢【地域密着型通所介護】神奈川県藤沢市並木台一丁目14番の6", "url2": "https://www.kaigokensaku.mhlw.go.jp/14/index.php?action_kouhyou_detail_004_kani=true&JigyosyoCd=1472203767-00&ServiceCd=780&Type=search" }, "geometry": { "type": "Point", "coordinates": [ 139.503234799999973, 35.350699500000019 ] } },
{ "type": "Feature", "properties": { "内容": "サロンデイ鵠沼神明【地域密着型通所介護】神奈川県藤沢市鵠沼神明5-4-6第2渡辺ビル", "url2": "https://www.kaigokensaku.mhlw.go.jp/14/index.php?action_kouhyou_detail_004_kani=true&JigyosyoCd=1472203775-00&ServiceCd=780&Type=search" }, "geometry": { "type": "Point", "coordinates": [ 139.472548599999982, 35.3423445 ] } },
{ "type": "Feature", "properties": { "内容": "労協片瀬海岸地域福祉事業所　デイサービスまどい【地域密着型通所介護】神奈川県藤沢市片瀬海岸1－7－33", "url2": "https://www.kaigokensaku.mhlw.go.jp/14/index.php?action_kouhyou_detail_004_kani=true&JigyosyoCd=1472203924-00&ServiceCd=780&Type=search" }, "geometry": { "type": "Point", "coordinates": [ 139.489016600000014, 35.3099064 ] } },
{ "type": "Feature", "properties": { "内容": "やすらぎケアセンターむつあい【地域密着型通所介護】神奈川県藤沢市西俣野１９２８－１", "url2": "https://www.kaigokensaku.mhlw.go.jp/14/index.php?action_kouhyou_detail_004_kani=true&JigyosyoCd=1472204559-00&ServiceCd=780&Type=search" }, "geometry": { "type": "Point", "coordinates": [ 139.484700299999986, 35.374652 ] } },
{ "type": "Feature", "properties": { "内容": "コアトレーニング湘南【地域密着型通所介護】神奈川県藤沢市藤沢3-6-16タイキビル1F", "url2": "https://www.kaigokensaku.mhlw.go.jp/14/index.php?action_kouhyou_detail_004_kani=true&JigyosyoCd=1472204583-00&ServiceCd=780&Type=search" }, "geometry": { "type": "Point", "coordinates": [ 139.475268911639404, 35.349760583648688 ] } },
{ "type": "Feature", "properties": { "内容": "デイサービスファミリー【地域密着型通所介護】神奈川県藤沢市大庭7944-1", "url2": "https://www.kaigokensaku.mhlw.go.jp/14/index.php?action_kouhyou_detail_004_kani=true&JigyosyoCd=1472204799-00&ServiceCd=780&Type=search" }, "geometry": { "type": "Point", "coordinates": [ 139.460216400000036, 35.3669439 ] } },
{ "type": "Feature", "properties": { "内容": "うちだリハデイサービス【地域密着型通所介護】神奈川県藤沢市朝日町18-8桜ビル1F", "url2": "https://www.kaigokensaku.mhlw.go.jp/14/index.php?action_kouhyou_detail_004_kani=true&JigyosyoCd=1472204963-00&ServiceCd=780&Type=search" }, "geometry": { "type": "Point", "coordinates": [ 139.491669099999967, 35.3415173 ] } },
{ "type": "Feature", "properties": { "内容": "サロンデイリフレ大庭【地域密着型通所介護】神奈川県藤沢市大庭5342-5", "url2": "https://www.kaigokensaku.mhlw.go.jp/14/index.php?action_kouhyou_detail_004_kani=true&JigyosyoCd=1472205101-00&ServiceCd=780&Type=search" }, "geometry": { "type": "Point", "coordinates": [ 139.437323, 35.3636321 ] } },
{ "type": "Feature", "properties": { "内容": "だんらんの家　長後【地域密着型通所介護】神奈川県藤沢市長後595-1アイパレス長後1F", "url2": "https://www.kaigokensaku.mhlw.go.jp/14/index.php?action_kouhyou_detail_004_kani=true&JigyosyoCd=1492200660-00&ServiceCd=780&Type=search" }, "geometry": { "type": "Point", "coordinates": [ 139.463832, 35.4138102 ] } },
{ "type": "Feature", "properties": { "内容": "村田会藤沢本町デイサービスセンター【地域密着型通所介護】神奈川県藤沢市藤沢3-1-5第2デンドービル1階Ａ", "url2": "https://www.kaigokensaku.mhlw.go.jp/14/index.php?action_kouhyou_detail_004_kani=true&JigyosyoCd=1492200777-00&ServiceCd=780&Type=search" }, "geometry": { "type": "Point", "coordinates": [ 139.477576844180248, 35.347668363040832 ] } },
{ "type": "Feature", "properties": { "内容": "つぢさんち【地域密着型通所介護】神奈川県藤沢市羽鳥5-8-24", "url2": "https://www.kaigokensaku.mhlw.go.jp/14/index.php?action_kouhyou_detail_004_kani=true&JigyosyoCd=1492200785-00&ServiceCd=780&Type=search" }, "geometry": { "type": "Point", "coordinates": [ 139.466068700000051, 35.3424387 ] } },
{ "type": "Feature", "properties": { "内容": "うちだリハデイサービス2号館【地域密着型通所介護】神奈川県藤沢市朝日町11-3ロイヤルハイツサトウ102", "url2": "https://www.kaigokensaku.mhlw.go.jp/14/index.php?action_kouhyou_detail_004_kani=true&JigyosyoCd=1492200876-00&ServiceCd=780&Type=search" }, "geometry": { "type": "Point", "coordinates": [ 139.490476700000045, 35.3406157 ] } },
{ "type": "Feature", "properties": { "内容": "生活ケア・リハビリ　ここち【地域密着型通所介護】神奈川県藤沢市石川2-9-15", "url2": "https://www.kaigokensaku.mhlw.go.jp/14/index.php?action_kouhyou_detail_004_kani=true&JigyosyoCd=1492200942-00&ServiceCd=780&Type=search" }, "geometry": { "type": "Point", "coordinates": [ 139.4545645, 35.3758126 ] } },
{ "type": "Feature", "properties": { "内容": "リハビリ特化型デイサービス　ともにReha【地域密着型通所介護】神奈川県藤沢市藤が岡１丁目10-6メルシード　107号", "url2": "https://www.kaigokensaku.mhlw.go.jp/14/index.php?action_kouhyou_detail_004_kani=true&JigyosyoCd=1492200967-00&ServiceCd=780&Type=search" }, "geometry": { "type": "Point", "coordinates": [ 139.492193403704817, 35.345186534883432 ] } },
{ "type": "Feature", "properties": { "内容": "ココあるく【地域密着型通所介護】神奈川県藤沢市藤沢1-1-5", "url2": "https://www.kaigokensaku.mhlw.go.jp/14/index.php?action_kouhyou_detail_004_kani=true&JigyosyoCd=1492201023-00&ServiceCd=780&Type=search" }, "geometry": { "type": "Point", "coordinates": [ 139.4862326, 35.3464799 ] } },
{ "type": "Feature", "properties": { "内容": "fureai藤沢長後店【地域密着型通所介護】神奈川県藤沢市高倉858-4LIBLA1F", "url2": "https://www.kaigokensaku.mhlw.go.jp/14/index.php?action_kouhyou_detail_004_kani=true&JigyosyoCd=1492201031-00&ServiceCd=780&Type=search" }, "geometry": { "type": "Point", "coordinates": [ 139.468072, 35.4139216 ] } },
{ "type": "Feature", "properties": { "内容": "ソレイルミナーレ藤沢円行【地域密着型通所介護】神奈川県藤沢市円行１丁目１０－３", "url2": "https://www.kaigokensaku.mhlw.go.jp/14/index.php?action_kouhyou_detail_004_kani=true&JigyosyoCd=1492201114-00&ServiceCd=780&Type=search" }, "geometry": { "type": "Point", "coordinates": [ 139.4600068, 35.3889202 ] } },
{ "type": "Feature", "properties": { "内容": "リハビリ特化型デイサービス　ムーブメントプロ鵠沼【地域密着型通所介護】神奈川県藤沢市鵠沼海岸1-3-16プラッシングウエーブ江ノ島４F", "url2": "https://www.kaigokensaku.mhlw.go.jp/14/index.php?action_kouhyou_detail_004_kani=true&JigyosyoCd=1472204237-00&ServiceCd=780&Type=search" }, "geometry": { "type": "Point", "coordinates": [ 139.47609280000006, 35.3142776 ] } },
{ "type": "Feature", "properties": { "内容": "デイサービス　御所見の家・すこやか【地域密着型通所介護】神奈川県藤沢市用田６５３－１", "url2": "https://www.kaigokensaku.mhlw.go.jp/14/index.php?action_kouhyou_detail_004_kani=true&JigyosyoCd=1472203494-00&ServiceCd=780&Type=search" }, "geometry": { "type": "Point", "coordinates": [ 139.415668099999948, 35.404651 ] } },
{ "type": "Feature", "properties": { "内容": "だんらんの家　本藤沢【地域密着型通所介護】神奈川県藤沢市本藤沢2丁目１１－９", "url2": "https://www.kaigokensaku.mhlw.go.jp/14/index.php?action_kouhyou_detail_004_kani=true&JigyosyoCd=1472204468-00&ServiceCd=780&Type=search" }, "geometry": { "type": "Point", "coordinates": [ 139.468358928870771, 35.352434322629279 ] } },
{ "type": "Feature", "properties": { "内容": "湘南デイサービス【地域密着型通所介護】神奈川県藤沢市弥勒寺513‐27", "url2": "https://www.kaigokensaku.mhlw.go.jp/14/index.php?action_kouhyou_detail_004_kani=true&JigyosyoCd=1472204740-00&ServiceCd=780&Type=search" }, "geometry": { "type": "Point", "coordinates": [ 139.502275556062841, 35.337101754490142 ] } },
{ "type": "Feature", "properties": { "内容": "デイサービスセンター　あい【地域密着型通所介護】神奈川県藤沢市石川5-1-6", "url2": "https://www.kaigokensaku.mhlw.go.jp/14/index.php?action_kouhyou_detail_004_kani=true&JigyosyoCd=1472201530-00&ServiceCd=780&Type=search" }, "geometry": { "type": "Point", "coordinates": [ 139.451852599999938, 35.3868968 ] } },
{ "type": "Feature", "properties": { "内容": "ココタウンデイサービスセンター【地域密着型通所介護】神奈川県藤沢市稲荷１－９－４０", "url2": "https://www.kaigokensaku.mhlw.go.jp/14/index.php?action_kouhyou_detail_004_kani=true&JigyosyoCd=1472202371-00&ServiceCd=780&Type=search" }, "geometry": { "type": "Point", "coordinates": [ 139.466596399999958, 35.352507 ] } },
{ "type": "Feature", "properties": { "内容": "やすらぎケアセンター湘南台【地域密着型通所介護】神奈川県藤沢市湘南台１－２６－６井上ビル１Ｆ", "url2": "https://www.kaigokensaku.mhlw.go.jp/14/index.php?action_kouhyou_detail_004_kani=true&JigyosyoCd=1472202686-00&ServiceCd=780&Type=search" }, "geometry": { "type": "Point", "coordinates": [ 139.468859699999939, 35.3935713 ] } },
{ "type": "Feature", "properties": { "内容": "ミモザ藤沢皐月苑【地域密着型通所介護】神奈川県藤沢市石川4-9-2", "url2": "https://www.kaigokensaku.mhlw.go.jp/14/index.php?action_kouhyou_detail_004_kani=true&JigyosyoCd=1472203270-00&ServiceCd=780&Type=search" }, "geometry": { "type": "Point", "coordinates": [ 139.449223616096248, 35.380244988429823 ] } },
{ "type": "Feature", "properties": { "内容": "デイサービスもえの樹【地域密着型通所介護】神奈川県藤沢市鵠沼藤が谷1-11-14", "url2": "https://www.kaigokensaku.mhlw.go.jp/14/index.php?action_kouhyou_detail_004_kani=true&JigyosyoCd=1472203304-00&ServiceCd=780&Type=search" }, "geometry": { "type": "Point", "coordinates": [ 139.488116699999978, 35.3257494 ] } },
{ "type": "Feature", "properties": { "内容": "リハビリテーションセンター　育心【地域密着型通所介護】神奈川県藤沢市下土棚５５６－３３", "url2": "https://www.kaigokensaku.mhlw.go.jp/14/index.php?action_kouhyou_detail_004_kani=true&JigyosyoCd=1472203379-00&ServiceCd=780&Type=search" }, "geometry": { "type": "Point", "coordinates": [ 139.461609899999985, 35.4118965 ] } },
{ "type": "Feature", "properties": { "内容": "リハビリデイセンターフレンド【地域密着型通所介護】神奈川県藤沢市片瀬山3-15-9", "url2": "https://www.kaigokensaku.mhlw.go.jp/14/index.php?action_kouhyou_detail_004_kani=true&JigyosyoCd=1472204112-00&ServiceCd=780&Type=search" }, "geometry": { "type": "Point", "coordinates": [ 139.489336, 35.3414728 ] } },
{ "type": "Feature", "properties": { "内容": "だんらんの家　湘南台【地域密着型通所介護】神奈川県藤沢市遠藤3661-14", "url2": "https://www.kaigokensaku.mhlw.go.jp/14/index.php?action_kouhyou_detail_004_kani=true&JigyosyoCd=1472204179-00&ServiceCd=780&Type=search" }, "geometry": { "type": "Point", "coordinates": [ 139.437158700000026, 35.3944533 ] } },
{ "type": "Feature", "properties": { "内容": "デイサービス　花束【地域密着型通所介護】神奈川県藤沢市高倉６７７番１６号", "url2": "https://www.kaigokensaku.mhlw.go.jp/14/index.php?action_kouhyou_detail_004_kani=true&JigyosyoCd=1472204278-00&ServiceCd=780&Type=search" }, "geometry": { "type": "Point", "coordinates": [ 139.469581799999986, 35.410728 ] } },
{ "type": "Feature", "properties": { "内容": "デイサービス湘南藤沢【地域密着型通所介護】神奈川県藤沢市遠藤855-4", "url2": "https://www.kaigokensaku.mhlw.go.jp/14/index.php?action_kouhyou_detail_004_kani=true&JigyosyoCd=1492200835-00&ServiceCd=780&Type=search" }, "geometry": { "type": "Point", "coordinates": [ 139.437047900000039, 35.3751556 ] } },
{ "type": "Feature", "properties": { "内容": "リハビリ特化型デイサービス　ともにReha湘南台【地域密着型通所介護】神奈川県藤沢市湘南台5-21-3", "url2": "https://www.kaigokensaku.mhlw.go.jp/14/index.php?action_kouhyou_detail_004_kani=true&JigyosyoCd=1492201064-00&ServiceCd=780&Type=search" }, "geometry": { "type": "Point", "coordinates": [ 139.467746, 35.4023913 ] } },
{ "type": "Feature", "properties": { "内容": "エンナチュラル1st【地域密着型通所介護】神奈川県藤沢市石川3‐30‐8コスモヒルズ壱番館A", "url2": "https://www.kaigokensaku.mhlw.go.jp/14/index.php?action_kouhyou_detail_004_kani=true&JigyosyoCd=1492201080-00&ServiceCd=780&Type=search" }, "geometry": { "type": "Point", "coordinates": [ 139.44924180000001, 35.3726223 ] } },
{ "type": "Feature", "properties": { "内容": "やすらぎケアセンター藤沢【地域密着型通所介護】神奈川県藤沢市藤沢3-3-25ヒロビルⅡ101号", "url2": "https://www.kaigokensaku.mhlw.go.jp/14/index.php?action_kouhyou_detail_004_kani=true&JigyosyoCd=1472201571-00&ServiceCd=780&Type=search" }, "geometry": { "type": "Point", "coordinates": [ 139.476072626207667, 35.348422215196059 ] } },
{ "type": "Feature", "properties": { "内容": "うちだリハデイサービス3号館【地域密着型通所介護】神奈川県藤沢市藤沢610-1サミット藤沢北口店2F", "url2": "https://www.kaigokensaku.mhlw.go.jp/14/index.php?action_kouhyou_detail_004_kani=true&JigyosyoCd=1492201049-00&ServiceCd=780&Type=search" }, "geometry": { "type": "Point", "coordinates": [ 139.4873653, 35.340993 ] } },
{ "type": "Feature", "properties": { "内容": "アクアデイ菜の花【地域密着型通所介護】神奈川県藤沢市柄沢2-1-14ぐるーぷ藤二番館アクア棟", "url2": "https://www.kaigokensaku.mhlw.go.jp/14/index.php?action_kouhyou_detail_004_kani=true&JigyosyoCd=1492201072-00&ServiceCd=780&Type=search" }, "geometry": { "type": "Point", "coordinates": [ 139.497741100000013, 35.3531012 ] } },
{ "type": "Feature", "properties": { "内容": "デイサービス　ゆうぜん【地域密着型通所介護】神奈川県藤沢市辻堂6-3-38", "url2": "https://www.kaigokensaku.mhlw.go.jp/14/index.php?action_kouhyou_detail_004_kani=true&JigyosyoCd=1472204989-00&ServiceCd=780&Type=search" }, "geometry": { "type": "Point", "coordinates": [ 139.4466284, 35.3287949 ] } },
{ "type": "Feature", "properties": { "内容": "デイサービスおはなばた【地域密着型通所介護】神奈川県小田原市南町３丁目６番６－５号", "url2": "https://www.kaigokensaku.mhlw.go.jp/14/index.php?action_kouhyou_detail_004_kani=true&JigyosyoCd=1492300528-00&ServiceCd=780&Type=search" }, "geometry": { "type": "Point", "coordinates": [ 139.151613, 35.2442807 ] } },
{ "type": "Feature", "properties": { "内容": "潤生園　やすらぎの家　富水【地域密着型通所介護】神奈川県小田原市蓮正寺871-3", "url2": "https://www.kaigokensaku.mhlw.go.jp/14/index.php?action_kouhyou_detail_004_kani=true&JigyosyoCd=1472300415-00&ServiceCd=780&Type=search" }, "geometry": { "type": "Point", "coordinates": [ 139.152936, 35.2824503 ] } },
{ "type": "Feature", "properties": { "内容": "潤生園やすらぎの家栢山【地域密着型通所介護】神奈川県小田原市曽比1799", "url2": "https://www.kaigokensaku.mhlw.go.jp/14/index.php?action_kouhyou_detail_004_kani=true&JigyosyoCd=1472300522-00&ServiceCd=780&Type=search" }, "geometry": { "type": "Point", "coordinates": [ 139.140996399999949, 35.3115733 ] } },
{ "type": "Feature", "properties": { "内容": "潤生園やすらぎの家豊川【地域密着型通所介護】神奈川県小田原市成田718", "url2": "https://www.kaigokensaku.mhlw.go.jp/14/index.php?action_kouhyou_detail_004_kani=true&JigyosyoCd=1472300720-00&ServiceCd=780&Type=search" }, "geometry": { "type": "Point", "coordinates": [ 139.165975500000059, 35.2925491 ] } },
{ "type": "Feature", "properties": { "内容": "ほっとステーションＤａｙ緑【地域密着型通所介護】神奈川県小田原市栄町2-4-10", "url2": "https://www.kaigokensaku.mhlw.go.jp/14/index.php?action_kouhyou_detail_004_kani=true&JigyosyoCd=1472300738-00&ServiceCd=780&Type=search" }, "geometry": { "type": "Point", "coordinates": [ 139.157723199999964, 35.2567927 ] } },
{ "type": "Feature", "properties": { "内容": "潤生園やすらぎの家足柄【地域密着型通所介護】神奈川県小田原市久野５０７", "url2": "https://www.kaigokensaku.mhlw.go.jp/14/index.php?action_kouhyou_detail_004_kani=true&JigyosyoCd=1472300902-00&ServiceCd=780&Type=search" }, "geometry": { "type": "Point", "coordinates": [ 139.152258800000027, 35.2734377 ] } },
{ "type": "Feature", "properties": { "内容": "デイサービスセンター　芳徳の郷ほなみ【地域密着型通所介護】神奈川県小田原市栢山3565", "url2": "https://www.kaigokensaku.mhlw.go.jp/14/index.php?action_kouhyou_detail_004_kani=true&JigyosyoCd=1472301462-00&ServiceCd=780&Type=search" }, "geometry": { "type": "Point", "coordinates": [ 139.133811199999968, 35.3072849 ] } },
{ "type": "Feature", "properties": { "内容": "ニコニコハウス飯田岡【地域密着型通所介護】神奈川県小田原市飯田岡217-2", "url2": "https://www.kaigokensaku.mhlw.go.jp/14/index.php?action_kouhyou_detail_004_kani=true&JigyosyoCd=1472301850-00&ServiceCd=780&Type=search" }, "geometry": { "type": "Point", "coordinates": [ 139.14310009999997, 35.2929567 ] } },
{ "type": "Feature", "properties": { "内容": "機能訓練特化型デイサービス　楽動【地域密着型通所介護】神奈川県小田原市飯田岡51－1－2", "url2": "https://www.kaigokensaku.mhlw.go.jp/14/index.php?action_kouhyou_detail_004_kani=true&JigyosyoCd=1472301934-00&ServiceCd=780&Type=search" }, "geometry": { "type": "Point", "coordinates": [ 139.147586100000012, 35.2881937 ] } },
{ "type": "Feature", "properties": { "内容": "サロンデイ小田原【地域密着型通所介護】神奈川県小田原市荻窪278-5", "url2": "https://www.kaigokensaku.mhlw.go.jp/14/index.php?action_kouhyou_detail_004_kani=true&JigyosyoCd=1472302098-00&ServiceCd=780&Type=search" }, "geometry": { "type": "Point", "coordinates": [ 139.153676, 35.2626836 ] } },
{ "type": "Feature", "properties": { "内容": "天ん屋【地域密着型通所介護】神奈川県小田原市米神３３２番地の２", "url2": "https://www.kaigokensaku.mhlw.go.jp/14/index.php?action_kouhyou_detail_004_kani=true&JigyosyoCd=1472302122-00&ServiceCd=780&Type=search" }, "geometry": { "type": "Point", "coordinates": [ 139.138514200000031, 35.2147645 ] } },
{ "type": "Feature", "properties": { "内容": "茶話本舗デイサービス小田原ほたるだ【地域密着型通所介護】神奈川県小田原市中曽根３２１－６", "url2": "https://www.kaigokensaku.mhlw.go.jp/14/index.php?action_kouhyou_detail_004_kani=true&JigyosyoCd=1472302130-00&ServiceCd=780&Type=search" }, "geometry": { "type": "Point", "coordinates": [ 139.153502, 35.2921849 ] } },
{ "type": "Feature", "properties": { "内容": "すずろ蓮笑亭デイサービス【地域密着型通所介護】神奈川県小田原市蓮正寺４３５", "url2": "https://www.kaigokensaku.mhlw.go.jp/14/index.php?action_kouhyou_detail_004_kani=true&JigyosyoCd=1472302148-00&ServiceCd=780&Type=search" }, "geometry": { "type": "Point", "coordinates": [ 139.155591, 35.286397 ] } },
{ "type": "Feature", "properties": { "内容": "デイサービス　ぽっかぽか【地域密着型通所介護】神奈川県小田原市小竹662-3", "url2": "https://www.kaigokensaku.mhlw.go.jp/14/index.php?action_kouhyou_detail_004_kani=true&JigyosyoCd=1472302510-00&ServiceCd=780&Type=search" }, "geometry": { "type": "Point", "coordinates": [ 139.230542600000035, 35.3099122 ] } },
{ "type": "Feature", "properties": { "内容": "活粋楽笑FUKUMOTO【地域密着型通所介護】神奈川県小田原市南鴨宮3-12-8", "url2": "https://www.kaigokensaku.mhlw.go.jp/14/index.php?action_kouhyou_detail_004_kani=true&JigyosyoCd=1472302577-00&ServiceCd=780&Type=search" }, "geometry": { "type": "Point", "coordinates": [ 139.180719400000044, 35.2734774 ] } },
{ "type": "Feature", "properties": { "内容": "だんらんの家　富水【地域密着型通所介護】神奈川県小田原市飯田岡130-3", "url2": "https://www.kaigokensaku.mhlw.go.jp/14/index.php?action_kouhyou_detail_004_kani=true&JigyosyoCd=1472302767-00&ServiceCd=780&Type=search" }, "geometry": { "type": "Point", "coordinates": [ 139.146646291401652, 35.294890997667935 ] } },
{ "type": "Feature", "properties": { "内容": "サロンデイ小田原高田【地域密着型通所介護】神奈川県小田原市高田309-1", "url2": "https://www.kaigokensaku.mhlw.go.jp/14/index.php?action_kouhyou_detail_004_kani=true&JigyosyoCd=1472302833-00&ServiceCd=780&Type=search" }, "geometry": { "type": "Point", "coordinates": [ 139.188895399999979, 35.2860314 ] } },
{ "type": "Feature", "properties": { "内容": "しきさい館【地域密着型通所介護】神奈川県小田原市高田680-2", "url2": "https://www.kaigokensaku.mhlw.go.jp/14/index.php?action_kouhyou_detail_004_kani=true&JigyosyoCd=1472302841-00&ServiceCd=780&Type=search" }, "geometry": { "type": "Point", "coordinates": [ 139.188891997402351, 35.293537639306486 ] } },
{ "type": "Feature", "properties": { "内容": "ライブリーデイ中銀小田原【地域密着型通所介護】神奈川県小田原市久野455-1ライブリーデイ中銀小田原", "url2": "https://www.kaigokensaku.mhlw.go.jp/14/index.php?action_kouhyou_detail_004_kani=true&JigyosyoCd=1472302874-00&ServiceCd=780&Type=search" }, "geometry": { "type": "Point", "coordinates": [ 139.1491982, 35.268916 ] } },
{ "type": "Feature", "properties": { "内容": "デイサービスもみの木【地域密着型通所介護】神奈川県小田原市蓮正寺131", "url2": "https://www.kaigokensaku.mhlw.go.jp/14/index.php?action_kouhyou_detail_004_kani=true&JigyosyoCd=1472302916-00&ServiceCd=780&Type=search" }, "geometry": { "type": "Point", "coordinates": [ 139.150056274278683, 35.288433936605763 ] } },
{ "type": "Feature", "properties": { "内容": "デイサービス　絆心【地域密着型通所介護】神奈川県小田原市栄町1丁目１４番４１号音羽プラーザビル２階", "url2": "https://www.kaigokensaku.mhlw.go.jp/14/index.php?action_kouhyou_detail_004_kani=true&JigyosyoCd=1472302924-00&ServiceCd=780&Type=search" }, "geometry": { "type": "Point", "coordinates": [ 139.15798719999998, 35.2531237 ] } },
{ "type": "Feature", "properties": { "内容": "アースサポート小田原【地域密着型通所介護】神奈川県小田原市久野83番地", "url2": "https://www.kaigokensaku.mhlw.go.jp/14/index.php?action_kouhyou_detail_004_kani=true&JigyosyoCd=1472303559-00&ServiceCd=780&Type=search" }, "geometry": { "type": "Point", "coordinates": [ 139.1511778, 35.2690917 ] } },
{ "type": "Feature", "properties": { "内容": "エール　リハビリステーション【地域密着型通所介護】神奈川県小田原市南鴨宮３丁目１９－１３レオパレスグランメゾン１階", "url2": "https://www.kaigokensaku.mhlw.go.jp/14/index.php?action_kouhyou_detail_004_kani=true&JigyosyoCd=1492300239-00&ServiceCd=780&Type=search" }, "geometry": { "type": "Point", "coordinates": [ 139.18123549325415, 35.272267203981926 ] } },
{ "type": "Feature", "properties": { "内容": "リビングケア唯の家　久野【地域密着型通所介護】神奈川県小田原市久野444", "url2": "https://www.kaigokensaku.mhlw.go.jp/14/index.php?action_kouhyou_detail_004_kani=true&JigyosyoCd=1492300247-00&ServiceCd=780&Type=search" }, "geometry": { "type": "Point", "coordinates": [ 139.145754099999976, 35.2688548 ] } },
{ "type": "Feature", "properties": { "内容": "こむ北ノ窪　デイサービス　まむ【地域密着型通所介護】神奈川県小田原市北ノ窪334-10", "url2": "https://www.kaigokensaku.mhlw.go.jp/14/index.php?action_kouhyou_detail_004_kani=true&JigyosyoCd=1492300262-00&ServiceCd=780&Type=search" }, "geometry": { "type": "Point", "coordinates": [ 139.134148399999958, 35.2884127 ] } },
{ "type": "Feature", "properties": { "内容": "レコードブック小田原【地域密着型通所介護】神奈川県小田原市荻窪378-1報徳事務所１階", "url2": "https://www.kaigokensaku.mhlw.go.jp/14/index.php?action_kouhyou_detail_004_kani=true&JigyosyoCd=1492300320-00&ServiceCd=780&Type=search" }, "geometry": { "type": "Point", "coordinates": [ 139.153420500000038, 35.2619837 ] } },
{ "type": "Feature", "properties": { "内容": "カルムデイサービス【地域密着型通所介護】神奈川県小田原市鴨宮549-4", "url2": "https://www.kaigokensaku.mhlw.go.jp/14/index.php?action_kouhyou_detail_004_kani=true&JigyosyoCd=1492300361-00&ServiceCd=780&Type=search" }, "geometry": { "type": "Point", "coordinates": [ 139.177152422090103, 35.28409 ] } },
{ "type": "Feature", "properties": { "内容": "デイサービス　イヴ【地域密着型通所介護】神奈川県小田原市中新田269-4", "url2": "https://www.kaigokensaku.mhlw.go.jp/14/index.php?action_kouhyou_detail_004_kani=true&JigyosyoCd=1492300395-00&ServiceCd=780&Type=search" }, "geometry": { "type": "Point", "coordinates": [ 139.1678756, 35.2739078 ] } },
{ "type": "Feature", "properties": { "内容": "西湘デイサービスえん【地域密着型通所介護】神奈川県小田原市飯泉1070番地の1", "url2": "https://www.kaigokensaku.mhlw.go.jp/14/index.php?action_kouhyou_detail_004_kani=true&JigyosyoCd=1492300437-00&ServiceCd=780&Type=search" }, "geometry": { "type": "Point", "coordinates": [ 139.1641404, 35.2770261 ] } },
{ "type": "Feature", "properties": { "内容": "ニコニコハウス七福なるだ【地域密着型通所介護】神奈川県小田原市成田131-1", "url2": "https://www.kaigokensaku.mhlw.go.jp/14/index.php?action_kouhyou_detail_004_kani=true&JigyosyoCd=1492300445-00&ServiceCd=780&Type=search" }, "geometry": { "type": "Point", "coordinates": [ 139.1685991, 35.2865194 ] } },
{ "type": "Feature", "properties": { "内容": "カフェデイサービス　ひといき【地域密着型通所介護】神奈川県小田原市小八幡2-27-1", "url2": "https://www.kaigokensaku.mhlw.go.jp/14/index.php?action_kouhyou_detail_004_kani=true&JigyosyoCd=1492300536-00&ServiceCd=780&Type=search" }, "geometry": { "type": "Point", "coordinates": [ 139.198087917196631, 35.270998563062697 ] } },
{ "type": "Feature", "properties": { "内容": "エムズケア久野【地域密着型通所介護】神奈川県小田原市久野３３－２", "url2": "https://www.kaigokensaku.mhlw.go.jp/14/index.php?action_kouhyou_detail_004_kani=true&JigyosyoCd=1472301892-00&ServiceCd=780&Type=search" }, "geometry": { "type": "Point", "coordinates": [ 139.153803264418002, 35.267134461572233 ] } },
{ "type": "Feature", "properties": { "内容": "デイサービス　ラヴ【地域密着型通所介護】神奈川県小田原市飯田岡223-2", "url2": "https://www.kaigokensaku.mhlw.go.jp/14/index.php?action_kouhyou_detail_004_kani=true&JigyosyoCd=1492300544-00&ServiceCd=780&Type=search" }, "geometry": { "type": "Point", "coordinates": [ 139.14309750000001, 35.2926461 ] } },
{ "type": "Feature", "properties": { "内容": "ヒラックス鴨宮【地域密着型通所介護】神奈川県小田原市南鴨宮2-33-3ロイヤルマンション南鴨宮１階", "url2": "https://www.kaigokensaku.mhlw.go.jp/14/index.php?action_kouhyou_detail_004_kani=true&JigyosyoCd=1492300551-00&ServiceCd=780&Type=search" }, "geometry": { "type": "Point", "coordinates": [ 139.1777454, 35.271223089893539 ] } },
{ "type": "Feature", "properties": { "内容": "デイサービスなごみ【地域密着型通所介護】神奈川県小田原市栢山3608-2", "url2": "https://www.kaigokensaku.mhlw.go.jp/14/index.php?action_kouhyou_detail_004_kani=true&JigyosyoCd=1472301272-00&ServiceCd=780&Type=search" }, "geometry": { "type": "Point", "coordinates": [ 139.132628299999965, 35.309002400000011 ] } },
{ "type": "Feature", "properties": { "内容": "シニア倶楽部久野【地域密着型通所介護】神奈川県小田原市久野２３２７－２", "url2": "https://www.kaigokensaku.mhlw.go.jp/14/index.php?action_kouhyou_detail_004_kani=true&JigyosyoCd=1472301348-00&ServiceCd=780&Type=search" }, "geometry": { "type": "Point", "coordinates": [ 139.133532800000012, 35.2722179 ] } },
{ "type": "Feature", "properties": { "内容": "デイサービスセンター翔【地域密着型通所介護】神奈川県小田原市東町1-29-22", "url2": "https://www.kaigokensaku.mhlw.go.jp/14/index.php?action_kouhyou_detail_004_kani=true&JigyosyoCd=1472301355-00&ServiceCd=780&Type=search" }, "geometry": { "type": "Point", "coordinates": [ 139.1711272, 35.2573262 ] } },
{ "type": "Feature", "properties": { "内容": "潤生園　やすらぎの家南鴨宮【地域密着型通所介護】神奈川県小田原市南鴨宮１－１１－１９", "url2": "https://www.kaigokensaku.mhlw.go.jp/14/index.php?action_kouhyou_detail_004_kani=true&JigyosyoCd=1472302288-00&ServiceCd=780&Type=search" }, "geometry": { "type": "Point", "coordinates": [ 139.176208528836014, 35.271406979649903 ] } },
{ "type": "Feature", "properties": { "内容": "きらら湘南ポラリス【地域密着型通所介護】神奈川県小田原市北ノ窪382-1", "url2": "https://www.kaigokensaku.mhlw.go.jp/14/index.php?action_kouhyou_detail_004_kani=true&JigyosyoCd=1472303039-00&ServiceCd=780&Type=search" }, "geometry": { "type": "Point", "coordinates": [ 139.134195500000033, 35.290295800000024 ] } },
{ "type": "Feature", "properties": { "内容": "デイサービス　ココファンほたるだ【地域密着型通所介護】神奈川県小田原市蓮正寺１９４－３", "url2": "https://www.kaigokensaku.mhlw.go.jp/14/index.php?action_kouhyou_detail_004_kani=true&JigyosyoCd=1472303146-00&ServiceCd=780&Type=search" }, "geometry": { "type": "Point", "coordinates": [ 139.156785215268997, 35.287105655715798 ] } },
{ "type": "Feature", "properties": { "内容": "ココファン元気オアシスなかざと【地域密着型通所介護】神奈川県小田原市中里82-2", "url2": "https://www.kaigokensaku.mhlw.go.jp/14/index.php?action_kouhyou_detail_004_kani=true&JigyosyoCd=1472303153-00&ServiceCd=780&Type=search" }, "geometry": { "type": "Point", "coordinates": [ 139.18305113635401, 35.284695366757958 ] } },
{ "type": "Feature", "properties": { "内容": "ロコモ予防型デイサービスあしすと【地域密着型通所介護】神奈川県小田原市酒匂5-4-18-13", "url2": "https://www.kaigokensaku.mhlw.go.jp/14/index.php?action_kouhyou_detail_004_kani=true&JigyosyoCd=1472303229-00&ServiceCd=780&Type=search" }, "geometry": { "type": "Point", "coordinates": [ 139.190715800000021, 35.2677895 ] } },
{ "type": "Feature", "properties": { "内容": "リッチライト大井【地域密着型通所介護】神奈川県小田原市曽我大沢字前田１２０－１", "url2": "https://www.kaigokensaku.mhlw.go.jp/14/index.php?action_kouhyou_detail_004_kani=true&JigyosyoCd=1472303328-00&ServiceCd=780&Type=search" }, "geometry": { "type": "Point", "coordinates": [ 139.167718299999933, 35.3198727 ] } },
{ "type": "Feature", "properties": { "内容": "だんらんの家　小田原中里【地域密着型通所介護】神奈川県小田原市中里361‐8", "url2": "https://www.kaigokensaku.mhlw.go.jp/14/index.php?action_kouhyou_detail_004_kani=true&JigyosyoCd=1472303872-00&ServiceCd=780&Type=search" }, "geometry": { "type": "Point", "coordinates": [ 139.187411200000014, 35.2854492 ] } },
{ "type": "Feature", "properties": { "内容": "デイサービスハッピータイム小田原富水【地域密着型通所介護】神奈川県小田原市新屋４３番地１山口コーポ１F", "url2": "https://www.kaigokensaku.mhlw.go.jp/14/index.php?action_kouhyou_detail_004_kani=true&JigyosyoCd=1492300270-00&ServiceCd=780&Type=search" }, "geometry": { "type": "Point", "coordinates": [ 139.139172599999938, 35.2950591 ] } },
{ "type": "Feature", "properties": { "内容": "ぽぽハウス三の丸【地域密着型通所介護】神奈川県小田原市板橋808-1", "url2": "https://www.kaigokensaku.mhlw.go.jp/14/index.php?action_kouhyou_detail_004_kani=true&JigyosyoCd=1492300502-00&ServiceCd=780&Type=search" }, "geometry": { "type": "Point", "coordinates": [ 139.1445272, 35.2498311 ] } },
{ "type": "Feature", "properties": { "内容": "カラダ元気FUKUMOTO【地域密着型通所介護】神奈川県小田原市久野18-6カームグランデ1F", "url2": "https://www.kaigokensaku.mhlw.go.jp/14/index.php?action_kouhyou_detail_004_kani=true&JigyosyoCd=1492300510-00&ServiceCd=780&Type=search" }, "geometry": { "type": "Point", "coordinates": [ 139.1543735, 35.2661186 ] } },
{ "type": "Feature", "properties": { "内容": "へいあん小田原デイサービスセンター【地域密着型通所介護】神奈川県小田原市矢作５－１ウィズリビングへいあんやはぎ", "url2": "https://www.kaigokensaku.mhlw.go.jp/14/index.php?action_kouhyou_detail_004_kani=true&JigyosyoCd=1472300845-00&ServiceCd=780&Type=search" }, "geometry": { "type": "Point", "coordinates": [ 139.181674199999946, 35.28274 ] } },
{ "type": "Feature", "properties": { "内容": "「銀の鈴」優助【地域密着型通所介護】神奈川県小田原市浜町３－１２－２NICアーバンハイム１F", "url2": "https://www.kaigokensaku.mhlw.go.jp/14/index.php?action_kouhyou_detail_004_kani=true&JigyosyoCd=1472301652-00&ServiceCd=780&Type=search" }, "geometry": { "type": "Point", "coordinates": [ 139.164020100000016, 35.2512935 ] } },
{ "type": "Feature", "properties": { "内容": "地域密着型通所介護　湘南ロケット【地域密着型通所介護】神奈川県茅ヶ崎市東海岸北4-1-8", "url2": "https://www.kaigokensaku.mhlw.go.jp/14/index.php?action_kouhyou_detail_004_kani=true&JigyosyoCd=1492400435-00&ServiceCd=780&Type=search" }, "geometry": { "type": "Point", "coordinates": [ 139.4155862, 35.331336979170608 ] } },
{ "type": "Feature", "properties": { "内容": "通所群青【地域密着型通所介護】神奈川県茅ヶ崎市矢畑760-2", "url2": "https://www.kaigokensaku.mhlw.go.jp/14/index.php?action_kouhyou_detail_004_kani=true&JigyosyoCd=1492400450-00&ServiceCd=780&Type=search" }, "geometry": { "type": "Point", "coordinates": [ 139.3998024, 35.3380166 ] } },
{ "type": "Feature", "properties": { "内容": "特別養護老人ホーム芹沢ホーム　通所介護【地域密着型通所介護】神奈川県茅ケ崎市芹沢932", "url2": "https://www.kaigokensaku.mhlw.go.jp/14/index.php?action_kouhyou_detail_004_kani=true&JigyosyoCd=1472400587-00&ServiceCd=780&Type=search" }, "geometry": { "type": "Point", "coordinates": [ 139.4238484, 35.3724913 ] } },
{ "type": "Feature", "properties": { "内容": "翔の会小和田ケアセンターよいしょ　通所介護【地域密着型通所介護】神奈川県茅ケ崎市小和田3-7-51", "url2": "https://www.kaigokensaku.mhlw.go.jp/14/index.php?action_kouhyou_detail_004_kani=true&JigyosyoCd=1472400611-00&ServiceCd=780&Type=search" }, "geometry": { "type": "Point", "coordinates": [ 139.437486900000067, 35.344743 ] } },
{ "type": "Feature", "properties": { "内容": "さくらケアセンター【地域密着型通所介護】神奈川県茅ケ崎市円蔵３２２", "url2": "https://www.kaigokensaku.mhlw.go.jp/14/index.php?action_kouhyou_detail_004_kani=true&JigyosyoCd=1472400959-00&ServiceCd=780&Type=search" }, "geometry": { "type": "Point", "coordinates": [ 139.4023717, 35.3443747 ] } },
{ "type": "Feature", "properties": { "内容": "デイサービス富士見【地域密着型通所介護】神奈川県茅ヶ崎市富士見町14-4", "url2": "https://www.kaigokensaku.mhlw.go.jp/14/index.php?action_kouhyou_detail_004_kani=true&JigyosyoCd=1472401270-00&ServiceCd=780&Type=search" }, "geometry": { "type": "Point", "coordinates": [ 139.435706699999969, 35.3262727 ] } },
{ "type": "Feature", "properties": { "内容": "PLATFORM　つるつる【地域密着型通所介護】神奈川県茅ケ崎市鶴が台10-4-102", "url2": "https://www.kaigokensaku.mhlw.go.jp/14/index.php?action_kouhyou_detail_004_kani=true&JigyosyoCd=1472401486-00&ServiceCd=780&Type=search" }, "geometry": { "type": "Point", "coordinates": [ 139.406870099999963, 35.3484748 ] } },
{ "type": "Feature", "properties": { "内容": "デイサービス雅【地域密着型通所介護】神奈川県茅ヶ崎市ひばりが丘6-31", "url2": "https://www.kaigokensaku.mhlw.go.jp/14/index.php?action_kouhyou_detail_004_kani=true&JigyosyoCd=1472401718-00&ServiceCd=780&Type=search" }, "geometry": { "type": "Point", "coordinates": [ 139.426060106745922, 35.333619922652197 ] } },
{ "type": "Feature", "properties": { "内容": "中海岸デイサービス【地域密着型通所介護】神奈川県茅ヶ崎市中海岸4-10-23KCハウス1F", "url2": "https://www.kaigokensaku.mhlw.go.jp/14/index.php?action_kouhyou_detail_004_kani=true&JigyosyoCd=1472401999-00&ServiceCd=780&Type=search" }, "geometry": { "type": "Point", "coordinates": [ 139.398545199999944, 35.3211412 ] } },
{ "type": "Feature", "properties": { "内容": "デイサービスミント高田【地域密着型通所介護】神奈川県茅ヶ崎市高田2丁目6-72", "url2": "https://www.kaigokensaku.mhlw.go.jp/14/index.php?action_kouhyou_detail_004_kani=true&JigyosyoCd=1472402062-00&ServiceCd=780&Type=search" }, "geometry": { "type": "Point", "coordinates": [ 139.416354299999966, 35.3455725 ] } },
{ "type": "Feature", "properties": { "内容": "デイサービスふる里【地域密着型通所介護】神奈川県茅ケ崎市松浪2-2-74", "url2": "https://www.kaigokensaku.mhlw.go.jp/14/index.php?action_kouhyou_detail_004_kani=true&JigyosyoCd=1472402112-00&ServiceCd=780&Type=search" }, "geometry": { "type": "Point", "coordinates": [ 139.433176199999906, 35.3289502 ] } },
{ "type": "Feature", "properties": { "内容": "デイサービス　ｒｉｂｂｏｎ【地域密着型通所介護】神奈川県茅ケ崎市南湖5-2-29", "url2": "https://www.kaigokensaku.mhlw.go.jp/14/index.php?action_kouhyou_detail_004_kani=true&JigyosyoCd=1472402393-00&ServiceCd=780&Type=search" }, "geometry": { "type": "Point", "coordinates": [ 139.39246490000005, 35.3227046 ] } },
{ "type": "Feature", "properties": { "内容": "リハビリ特化型デイサービス　ムーブメントプロ茅ヶ崎【地域密着型通所介護】神奈川県茅ケ崎市柳島2-9-18-2　1階", "url2": "https://www.kaigokensaku.mhlw.go.jp/14/index.php?action_kouhyou_detail_004_kani=true&JigyosyoCd=1472402443-00&ServiceCd=780&Type=search" }, "geometry": { "type": "Point", "coordinates": [ 139.38278784619925, 35.323513671024443 ] } },
{ "type": "Feature", "properties": { "内容": "通所　且座【地域密着型通所介護】神奈川県茅ヶ崎市十間坂3丁目8-34", "url2": "https://www.kaigokensaku.mhlw.go.jp/14/index.php?action_kouhyou_detail_004_kani=true&JigyosyoCd=1472402534-00&ServiceCd=780&Type=search" }, "geometry": { "type": "Point", "coordinates": [ 139.398166800000013, 35.3316872 ] } },
{ "type": "Feature", "properties": { "内容": "シェフズデイサービス茅ヶ崎【地域密着型通所介護】神奈川県茅ヶ崎市浜竹3-8-46", "url2": "https://www.kaigokensaku.mhlw.go.jp/14/index.php?action_kouhyou_detail_004_kani=true&JigyosyoCd=1472402625-00&ServiceCd=780&Type=search" }, "geometry": { "type": "Point", "coordinates": [ 139.441220095631479, 35.331864999539263 ] } },
{ "type": "Feature", "properties": { "内容": "デイサービス快優館茅ヶ崎【地域密着型通所介護】神奈川県茅ケ崎市富士見町15-7", "url2": "https://www.kaigokensaku.mhlw.go.jp/14/index.php?action_kouhyou_detail_004_kani=true&JigyosyoCd=1492400260-00&ServiceCd=780&Type=search" }, "geometry": { "type": "Point", "coordinates": [ 139.437163886508159, 35.325455646549699 ] } },
{ "type": "Feature", "properties": { "内容": "リハビリ特化型デイサービス　ムーブメントプロ円蔵【地域密着型通所介護】神奈川県茅ヶ崎市円蔵2-10-31", "url2": "https://www.kaigokensaku.mhlw.go.jp/14/index.php?action_kouhyou_detail_004_kani=true&JigyosyoCd=1492400377-00&ServiceCd=780&Type=search" }, "geometry": { "type": "Point", "coordinates": [ 139.407481500000017, 35.3464249 ] } },
{ "type": "Feature", "properties": { "内容": "デイサービス　ここ庵【地域密着型通所介護】神奈川県茅ケ崎市香川5-4-24コミュニティ香川B棟2階", "url2": "https://www.kaigokensaku.mhlw.go.jp/14/index.php?action_kouhyou_detail_004_kani=true&JigyosyoCd=1492400419-00&ServiceCd=780&Type=search" }, "geometry": { "type": "Point", "coordinates": [ 139.398780568082799, 35.356979716808915 ] } },
{ "type": "Feature", "properties": { "内容": "ミモザ茅ケ崎【地域密着型通所介護】神奈川県茅ケ崎市代官町3-9", "url2": "https://www.kaigokensaku.mhlw.go.jp/14/index.php?action_kouhyou_detail_004_kani=true&JigyosyoCd=1472400744-00&ServiceCd=780&Type=search" }, "geometry": { "type": "Point", "coordinates": [ 139.4339397, 35.3370967 ] } },
{ "type": "Feature", "properties": { "内容": "へいあん小和田　デイサービスセンター【地域密着型通所介護】神奈川県茅ヶ崎市小和田3-3-25", "url2": "https://www.kaigokensaku.mhlw.go.jp/14/index.php?action_kouhyou_detail_004_kani=true&JigyosyoCd=1472401379-00&ServiceCd=780&Type=search" }, "geometry": { "type": "Point", "coordinates": [ 139.43765350000001, 35.3425794 ] } },
{ "type": "Feature", "properties": { "内容": "デイハウス　さくら倶楽部【地域密着型通所介護】神奈川県茅ヶ崎市甘沼６６８－５", "url2": "https://www.kaigokensaku.mhlw.go.jp/14/index.php?action_kouhyou_detail_004_kani=true&JigyosyoCd=1472401395-00&ServiceCd=780&Type=search" }, "geometry": { "type": "Point", "coordinates": [ 139.413230658474731, 35.351556619393897 ] } },
{ "type": "Feature", "properties": { "内容": "デイサービスさくらの木【地域密着型通所介護】神奈川県茅ケ崎市柳島１－３－３４", "url2": "https://www.kaigokensaku.mhlw.go.jp/14/index.php?action_kouhyou_detail_004_kani=true&JigyosyoCd=1472401734-00&ServiceCd=780&Type=search" }, "geometry": { "type": "Point", "coordinates": [ 139.382346, 35.3265982 ] } },
{ "type": "Feature", "properties": { "内容": "デイサービスセンターハピネス茅ヶ崎【地域密着型通所介護】神奈川県茅ヶ崎市甘沼865-1", "url2": "https://www.kaigokensaku.mhlw.go.jp/14/index.php?action_kouhyou_detail_004_kani=true&JigyosyoCd=1472401833-00&ServiceCd=780&Type=search" }, "geometry": { "type": "Point", "coordinates": [ 139.410551700000042, 35.3518379 ] } },
{ "type": "Feature", "properties": { "内容": "なごみの里【地域密着型通所介護】神奈川県茅ケ崎市東海岸北1-4-37", "url2": "https://www.kaigokensaku.mhlw.go.jp/14/index.php?action_kouhyou_detail_004_kani=true&JigyosyoCd=1472402146-00&ServiceCd=780&Type=search" }, "geometry": { "type": "Point", "coordinates": [ 139.40556612918698, 35.325157376921382 ] } },
{ "type": "Feature", "properties": { "内容": "デイサロン　いきいき　鶴が台【地域密着型通所介護】神奈川県茅ケ崎市円蔵1353", "url2": "https://www.kaigokensaku.mhlw.go.jp/14/index.php?action_kouhyou_detail_004_kani=true&JigyosyoCd=1472402179-00&ServiceCd=780&Type=search" }, "geometry": { "type": "Point", "coordinates": [ 139.4092796, 35.3496215 ] } },
{ "type": "Feature", "properties": { "内容": "ウェルネスパーク萩園【地域密着型通所介護】神奈川県茅ケ崎市萩園2483-4サンライズビル1F", "url2": "https://www.kaigokensaku.mhlw.go.jp/14/index.php?action_kouhyou_detail_004_kani=true&JigyosyoCd=1472402302-00&ServiceCd=780&Type=search" }, "geometry": { "type": "Point", "coordinates": [ 139.378043, 35.338005 ] } },
{ "type": "Feature", "properties": { "内容": "ココファン健康リハ甘沼【地域密着型通所介護】神奈川県茅ヶ崎市甘沼2723階", "url2": "https://www.kaigokensaku.mhlw.go.jp/14/index.php?action_kouhyou_detail_004_kani=true&JigyosyoCd=1472402724-00&ServiceCd=780&Type=search" }, "geometry": { "type": "Point", "coordinates": [ 139.418829100000039, 35.3528744 ] } },
{ "type": "Feature", "properties": { "内容": "ココファンミールデイズ茅ヶ崎ガーデン【地域密着型通所介護】神奈川県茅ヶ崎市本村4-16-6ココファンメゾン茅ヶ崎", "url2": "https://www.kaigokensaku.mhlw.go.jp/14/index.php?action_kouhyou_detail_004_kani=true&JigyosyoCd=1472402757-00&ServiceCd=780&Type=search" }, "geometry": { "type": "Point", "coordinates": [ 139.412651500000038, 35.3377218 ] } },
{ "type": "Feature", "properties": { "内容": "通所茶廊【地域密着型通所介護】神奈川県茅ケ崎市矢畑248", "url2": "https://www.kaigokensaku.mhlw.go.jp/14/index.php?action_kouhyou_detail_004_kani=true&JigyosyoCd=1492400294-00&ServiceCd=780&Type=search" }, "geometry": { "type": "Point", "coordinates": [ 139.396213562565663, 35.337185695640194 ] } },
{ "type": "Feature", "properties": { "内容": "UltraReha【地域密着型通所介護】神奈川県茅ヶ崎市高田5-6-43１階", "url2": "https://www.kaigokensaku.mhlw.go.jp/14/index.php?action_kouhyou_detail_004_kani=true&JigyosyoCd=1492400302-00&ServiceCd=780&Type=search" }, "geometry": { "type": "Point", "coordinates": [ 139.412166206745923, 35.345838257338549 ] } },
{ "type": "Feature", "properties": { "内容": "デイサービス茅ヶ崎【地域密着型通所介護】神奈川県茅ケ崎市菱沼2-16-12", "url2": "https://www.kaigokensaku.mhlw.go.jp/14/index.php?action_kouhyou_detail_004_kani=true&JigyosyoCd=1492400310-00&ServiceCd=780&Type=search" }, "geometry": { "type": "Point", "coordinates": [ 139.432673099999988, 35.3414072 ] } },
{ "type": "Feature", "properties": { "内容": "レコードブック湘南茅ヶ崎【地域密着型通所介護】神奈川県茅ケ崎市赤羽根96-1", "url2": "https://www.kaigokensaku.mhlw.go.jp/14/index.php?action_kouhyou_detail_004_kani=true&JigyosyoCd=1492400336-00&ServiceCd=780&Type=search" }, "geometry": { "type": "Point", "coordinates": [ 139.415008199999988, 35.350328 ] } },
{ "type": "Feature", "properties": { "内容": "アロハ　茅ヶ崎スタジオ【地域密着型通所介護】神奈川県茅ケ崎市矢畑1427‐1", "url2": "https://www.kaigokensaku.mhlw.go.jp/14/index.php?action_kouhyou_detail_004_kani=true&JigyosyoCd=1492400344-00&ServiceCd=780&Type=search" }, "geometry": { "type": "Point", "coordinates": [ 139.399137, 35.3417497 ] } },
{ "type": "Feature", "properties": { "内容": "生きがい工房茅ヶ崎【地域密着型通所介護】神奈川県茅ケ崎市南湖2-15-27", "url2": "https://www.kaigokensaku.mhlw.go.jp/14/index.php?action_kouhyou_detail_004_kani=true&JigyosyoCd=1492400351-00&ServiceCd=780&Type=search" }, "geometry": { "type": "Point", "coordinates": [ 139.390922600000067, 35.3249341 ] } },
{ "type": "Feature", "properties": { "内容": "ヒトテマ【地域密着型通所介護】神奈川県茅ケ崎市出口町３－３", "url2": "https://www.kaigokensaku.mhlw.go.jp/14/index.php?action_kouhyou_detail_004_kani=true&JigyosyoCd=1492400427-00&ServiceCd=780&Type=search" }, "geometry": { "type": "Point", "coordinates": [ 139.4269946, 35.3335267 ] } },
{ "type": "Feature", "properties": { "内容": "デイサービス　リハケア茅ケ崎【地域密着型通所介護】神奈川県茅ケ崎市幸町5-8茅ケ崎メディカルケアセンター　202", "url2": "https://www.kaigokensaku.mhlw.go.jp/14/index.php?action_kouhyou_detail_004_kani=true&JigyosyoCd=1492400443-00&ServiceCd=780&Type=search" }, "geometry": { "type": "Point", "coordinates": [ 139.4097935, 35.3308239 ] } },
{ "type": "Feature", "properties": { "内容": "まつなみクラブ【地域密着型通所介護】神奈川県茅ケ崎市松浪1-10-33", "url2": "https://www.kaigokensaku.mhlw.go.jp/14/index.php?action_kouhyou_detail_004_kani=true&JigyosyoCd=1472401197-00&ServiceCd=780&Type=search" }, "geometry": { "type": "Point", "coordinates": [ 139.437487, 35.3325 ] } },
{ "type": "Feature", "properties": { "内容": "リハビリデイサービスじん【地域密着型通所介護】神奈川県逗子市逗子1-8-9", "url2": "https://www.kaigokensaku.mhlw.go.jp/14/index.php?action_kouhyou_detail_004_kani=true&JigyosyoCd=1492500119-00&ServiceCd=780&Type=search" }, "geometry": { "type": "Point", "coordinates": [ 139.57734240000002, 35.295000399999985 ] } },
{ "type": "Feature", "properties": { "内容": "サロンデイ逗子【地域密着型通所介護】神奈川県逗子市池子2-12-17", "url2": "https://www.kaigokensaku.mhlw.go.jp/14/index.php?action_kouhyou_detail_004_kani=true&JigyosyoCd=1472500741-00&ServiceCd=780&Type=search" }, "geometry": { "type": "Point", "coordinates": [ 139.593630399999938, 35.3064606 ] } },
{ "type": "Feature", "properties": { "内容": "ルネサンス元氣ジム東逗子【地域密着型通所介護】神奈川県逗子市沼間1－19－21", "url2": "https://www.kaigokensaku.mhlw.go.jp/14/index.php?action_kouhyou_detail_004_kani=true&JigyosyoCd=1472500824-00&ServiceCd=780&Type=search" }, "geometry": { "type": "Point", "coordinates": [ 139.60379880000005, 35.2977978 ] } },
{ "type": "Feature", "properties": { "内容": "でいさーびすアニエルチ【地域密着型通所介護】神奈川県逗子市小坪1-13-8", "url2": "https://www.kaigokensaku.mhlw.go.jp/14/index.php?action_kouhyou_detail_004_kani=true&JigyosyoCd=1472500873-00&ServiceCd=780&Type=search" }, "geometry": { "type": "Point", "coordinates": [ 139.56468510000002, 35.3030191 ] } },
{ "type": "Feature", "properties": { "内容": "デイサービス　心【地域密着型通所介護】神奈川県逗子市沼間6-4-16", "url2": "https://www.kaigokensaku.mhlw.go.jp/14/index.php?action_kouhyou_detail_004_kani=true&JigyosyoCd=1472500899-00&ServiceCd=780&Type=search" }, "geometry": { "type": "Point", "coordinates": [ 139.615698209247284, 35.296514278717503 ] } },
{ "type": "Feature", "properties": { "内容": "デイサービス　いこい家　逗子【地域密着型通所介護】神奈川県逗子市久木3ｰ6-7", "url2": "https://www.kaigokensaku.mhlw.go.jp/14/index.php?action_kouhyou_detail_004_kani=true&JigyosyoCd=1492500168-00&ServiceCd=780&Type=search" }, "geometry": { "type": "Point", "coordinates": [ 139.572584710381278, 35.300281068022073 ] } },
{ "type": "Feature", "properties": { "内容": "リハビリデイサービスじん東逗子【地域密着型通所介護】神奈川県逗子市沼間1‐2‐19フルセイル東逗子1階", "url2": "https://www.kaigokensaku.mhlw.go.jp/14/index.php?action_kouhyou_detail_004_kani=true&JigyosyoCd=1492500176-00&ServiceCd=780&Type=search" }, "geometry": { "type": "Point", "coordinates": [ 139.602430914056413, 35.298543132821521 ] } },
{ "type": "Feature", "properties": { "内容": "ハレハレデイテラス【地域密着型通所介護】神奈川県逗子市小坪6-14-15", "url2": "https://www.kaigokensaku.mhlw.go.jp/14/index.php?action_kouhyou_detail_004_kani=true&JigyosyoCd=1492500143-00&ServiceCd=780&Type=search" }, "geometry": { "type": "Point", "coordinates": [ 139.5574689, 35.304424499999989 ] } },
{ "type": "Feature", "properties": { "内容": "歩行特化型デイサービスほこてん【地域密着型通所介護】神奈川県逗子市逗子1－10－10リビングライフビル3F", "url2": "https://www.kaigokensaku.mhlw.go.jp/14/index.php?action_kouhyou_detail_004_kani=true&JigyosyoCd=1492500184-00&ServiceCd=780&Type=search" }, "geometry": { "type": "Point", "coordinates": [ 139.576143699999989, 35.2963935 ] } },
{ "type": "Feature", "properties": { "内容": "デイサービスらくらく【地域密着型通所介護】神奈川県逗子市逗子2-5-2にへい内科クリニックビル　2階", "url2": "https://www.kaigokensaku.mhlw.go.jp/14/index.php?action_kouhyou_detail_004_kani=true&JigyosyoCd=1472500188-00&ServiceCd=780&Type=search" }, "geometry": { "type": "Point", "coordinates": [ 139.580575599999946, 35.2972363 ] } },
{ "type": "Feature", "properties": { "内容": "デイサービスセンター天真館【地域密着型通所介護】神奈川県逗子市逗子2-6-26逗子駅前クリニックビル4Ｆ", "url2": "https://www.kaigokensaku.mhlw.go.jp/14/index.php?action_kouhyou_detail_004_kani=true&JigyosyoCd=1472500634-00&ServiceCd=780&Type=search" }, "geometry": { "type": "Point", "coordinates": [ 139.580543799999987, 35.2967452 ] } },
{ "type": "Feature", "properties": { "内容": "デイサービス四誠会　ミソラ【地域密着型通所介護】神奈川県逗子市逗子6-4-7", "url2": "https://www.kaigokensaku.mhlw.go.jp/14/index.php?action_kouhyou_detail_004_kani=true&JigyosyoCd=1472500766-00&ServiceCd=780&Type=search" }, "geometry": { "type": "Point", "coordinates": [ 139.579133899999988, 35.2927756 ] } },
{ "type": "Feature", "properties": { "内容": "美山通所介護サービスセンター【地域密着型通所介護】神奈川県三浦市初声町下宮田１８４６", "url2": "https://www.kaigokensaku.mhlw.go.jp/14/index.php?action_kouhyou_detail_004_kani=true&JigyosyoCd=1472700242-00&ServiceCd=780&Type=search" }, "geometry": { "type": "Point", "coordinates": [ 139.6356955, 35.1889115 ] } },
{ "type": "Feature", "properties": { "内容": "デイサービス本舗　三崎【地域密着型通所介護】神奈川県三浦市城山町15-7", "url2": "https://www.kaigokensaku.mhlw.go.jp/14/index.php?action_kouhyou_detail_004_kani=true&JigyosyoCd=1472700937-00&ServiceCd=780&Type=search" }, "geometry": { "type": "Point", "coordinates": [ 139.623617299999978, 35.144901 ] } },
{ "type": "Feature", "properties": { "内容": "コスモスの家デイサービス【地域密着型通所介護】神奈川県三浦市三崎町諸磯19-1", "url2": "https://www.kaigokensaku.mhlw.go.jp/14/index.php?action_kouhyou_detail_004_kani=true&JigyosyoCd=1472700978-00&ServiceCd=780&Type=search" }, "geometry": { "type": "Point", "coordinates": [ 139.62998319999997, 35.153636200000022 ] } },
{ "type": "Feature", "properties": { "内容": "風の谷リビングデイサービス【地域密着型通所介護】神奈川県三浦市原町1-88", "url2": "https://www.kaigokensaku.mhlw.go.jp/14/index.php?action_kouhyou_detail_004_kani=true&JigyosyoCd=1492700123-00&ServiceCd=780&Type=search" }, "geometry": { "type": "Point", "coordinates": [ 139.62863894047544, 35.149824455149506 ] } },
{ "type": "Feature", "properties": { "内容": "ケアセンター南下浦・羊の家【地域密着型通所介護】神奈川県三浦市南下浦町上宮田3195‐1", "url2": "https://www.kaigokensaku.mhlw.go.jp/14/index.php?action_kouhyou_detail_004_kani=true&JigyosyoCd=1492700180-00&ServiceCd=780&Type=search" }, "geometry": { "type": "Point", "coordinates": [ 139.6498722, 35.1852932 ] } },
{ "type": "Feature", "properties": { "内容": "三浦市社会福祉協議会フレイルサポートセンター【地域密着型通所介護】神奈川県三浦市南下浦町上宮田1486-3", "url2": "https://www.kaigokensaku.mhlw.go.jp/14/index.php?action_kouhyou_detail_004_kani=true&JigyosyoCd=1492700230-00&ServiceCd=780&Type=search" }, "geometry": { "type": "Point", "coordinates": [ 139.654060668786627, 35.188238436497521 ] } },
{ "type": "Feature", "properties": { "内容": "キムラ介護デイサービス【地域密着型通所介護】神奈川県三浦市三崎町諸磯922-1諸磯壱番館1F", "url2": "https://www.kaigokensaku.mhlw.go.jp/14/index.php?action_kouhyou_detail_004_kani=true&JigyosyoCd=1472700895-00&ServiceCd=780&Type=search" }, "geometry": { "type": "Point", "coordinates": [ 139.627275199999985, 35.1491783 ] } },
{ "type": "Feature", "properties": { "内容": "まるけんデイサービス【地域密着型通所介護】神奈川県三浦市三崎町六合315番地1", "url2": "https://www.kaigokensaku.mhlw.go.jp/14/index.php?action_kouhyou_detail_004_kani=true&JigyosyoCd=1492700255-00&ServiceCd=780&Type=search" }, "geometry": { "type": "Point", "coordinates": [ 139.631083100000041, 35.153961300000034 ] } },
{ "type": "Feature", "properties": { "内容": "リハビリ＆デイサービス　アーブル・ヴェール【地域密着型通所介護】神奈川県三浦市三崎町諸磯1411番1", "url2": "https://www.kaigokensaku.mhlw.go.jp/14/index.php?action_kouhyou_detail_004_kani=true&JigyosyoCd=1472700143-00&ServiceCd=780&Type=search" }, "geometry": { "type": "Point", "coordinates": [ 139.621359, 35.1512199 ] } },
{ "type": "Feature", "properties": { "内容": "デイサービスみうら【地域密着型通所介護】神奈川県三浦市南下浦町上宮田3263-1", "url2": "https://www.kaigokensaku.mhlw.go.jp/14/index.php?action_kouhyou_detail_004_kani=true&JigyosyoCd=1472700267-00&ServiceCd=780&Type=search" }, "geometry": { "type": "Point", "coordinates": [ 139.6537717, 35.1875366 ] } },
{ "type": "Feature", "properties": { "内容": "特定非営利活動法人　成樹会　サロン　ハナミズキ【地域密着型通所介護】神奈川県三浦市南下浦町上宮田535-1", "url2": "https://www.kaigokensaku.mhlw.go.jp/14/index.php?action_kouhyou_detail_004_kani=true&JigyosyoCd=1472700754-00&ServiceCd=780&Type=search" }, "geometry": { "type": "Point", "coordinates": [ 139.661176599999976, 35.1916032 ] } },
{ "type": "Feature", "properties": { "内容": "風の谷リハビリデイサービス【地域密着型通所介護】神奈川県三浦市岬陽町2-1", "url2": "https://www.kaigokensaku.mhlw.go.jp/14/index.php?action_kouhyou_detail_004_kani=true&JigyosyoCd=1472700986-00&ServiceCd=780&Type=search" }, "geometry": { "type": "Point", "coordinates": [ 139.629319500000065, 35.1472645 ] } },
{ "type": "Feature", "properties": { "内容": "どんどん！デイサービスセンター【地域密着型通所介護】神奈川県三浦市初声町下宮田601-6", "url2": "https://www.kaigokensaku.mhlw.go.jp/14/index.php?action_kouhyou_detail_004_kani=true&JigyosyoCd=1492700263-00&ServiceCd=780&Type=search" }, "geometry": { "type": "Point", "coordinates": [ 139.6342572, 35.1778593 ] } },
{ "type": "Feature", "properties": { "内容": "リハビリデイサービス絹と竹【地域密着型通所介護】神奈川県三浦市南下浦町上宮田3112-1エムエム三浦ビル3階", "url2": "https://www.kaigokensaku.mhlw.go.jp/14/index.php?action_kouhyou_detail_004_kani=true&JigyosyoCd=1492700131-00&ServiceCd=780&Type=search" }, "geometry": { "type": "Point", "coordinates": [ 139.651874600000042, 35.1882393 ] } },
{ "type": "Feature", "properties": { "内容": "特定非営利活動法人みきフレンド・あさひ【地域密着型通所介護】神奈川県秦野市西田原1237-3", "url2": "https://www.kaigokensaku.mhlw.go.jp/14/index.php?action_kouhyou_detail_004_kani=true&JigyosyoCd=1472801081-00&ServiceCd=780&Type=search" }, "geometry": { "type": "Point", "coordinates": [ 139.215832099999943, 35.3874735 ] } },
{ "type": "Feature", "properties": { "内容": "介護保険リハビリデイサ―ビス　こみやま【地域密着型通所介護】神奈川県秦野市栄町7-10C・STUDIO2　1階", "url2": "https://www.kaigokensaku.mhlw.go.jp/14/index.php?action_kouhyou_detail_004_kani=true&JigyosyoCd=1472801776-00&ServiceCd=780&Type=search" }, "geometry": { "type": "Point", "coordinates": [ 139.226009952103652, 35.375778539944115 ] } },
{ "type": "Feature", "properties": { "内容": "すまいる秦野今泉【地域密着型通所介護】神奈川県秦野市今泉327-1", "url2": "https://www.kaigokensaku.mhlw.go.jp/14/index.php?action_kouhyou_detail_004_kani=true&JigyosyoCd=1474000807-00&ServiceCd=780&Type=search" }, "geometry": { "type": "Point", "coordinates": [ 139.218951800000013, 35.3691698 ] } },
{ "type": "Feature", "properties": { "内容": "デイサービス五幸　桜町【地域密着型通所介護】神奈川県秦野市桜町2-1-45", "url2": "https://www.kaigokensaku.mhlw.go.jp/14/index.php?action_kouhyou_detail_004_kani=true&JigyosyoCd=1492800196-00&ServiceCd=780&Type=search" }, "geometry": { "type": "Point", "coordinates": [ 139.218318299999964, 35.3756219 ] } },
{ "type": "Feature", "properties": { "内容": "デイサービスセンター輪【地域密着型通所介護】神奈川県秦野市今泉697-1", "url2": "https://www.kaigokensaku.mhlw.go.jp/14/index.php?action_kouhyou_detail_004_kani=true&JigyosyoCd=1492800303-00&ServiceCd=780&Type=search" }, "geometry": { "type": "Point", "coordinates": [ 139.2166528, 35.3659749 ] } },
{ "type": "Feature", "properties": { "内容": "特定非営利活動法人　野の花ネットワーク　通所介護事業所【地域密着型通所介護】神奈川県秦野市名古木字東ノ前456-8", "url2": "https://www.kaigokensaku.mhlw.go.jp/14/index.php?action_kouhyou_detail_004_kani=true&JigyosyoCd=1472800752-00&ServiceCd=780&Type=search" }, "geometry": { "type": "Point", "coordinates": [ 139.242588399999931, 35.384666 ] } },
{ "type": "Feature", "properties": { "内容": "かふぇけあ和楽【地域密着型通所介護】神奈川県秦野市緑町15-22", "url2": "https://www.kaigokensaku.mhlw.go.jp/14/index.php?action_kouhyou_detail_004_kani=true&JigyosyoCd=1472801446-00&ServiceCd=780&Type=search" }, "geometry": { "type": "Point", "coordinates": [ 139.179549067788344, 35.37381015415427 ] } },
{ "type": "Feature", "properties": { "内容": "ディサービスさくら【地域密着型通所介護】神奈川県秦野市並木町2-15", "url2": "https://www.kaigokensaku.mhlw.go.jp/14/index.php?action_kouhyou_detail_004_kani=true&JigyosyoCd=1472801479-00&ServiceCd=780&Type=search" }, "geometry": { "type": "Point", "coordinates": [ 139.179314961904879, 35.378929062511638 ] } },
{ "type": "Feature", "properties": { "内容": "横田リハビリセンター【地域密着型通所介護】神奈川県秦野市柳町１－１－１６３階", "url2": "https://www.kaigokensaku.mhlw.go.jp/14/index.php?action_kouhyou_detail_004_kani=true&JigyosyoCd=1472801685-00&ServiceCd=780&Type=search" }, "geometry": { "type": "Point", "coordinates": [ 139.184115799999972, 35.3747125 ] } },
{ "type": "Feature", "properties": { "内容": "サロンデイ東海大駅前【地域密着型通所介護】神奈川県秦野市南矢名１－１４－３４", "url2": "https://www.kaigokensaku.mhlw.go.jp/14/index.php?action_kouhyou_detail_004_kani=true&JigyosyoCd=1472801800-00&ServiceCd=780&Type=search" }, "geometry": { "type": "Point", "coordinates": [ 139.270861, 35.3721793 ] } },
{ "type": "Feature", "properties": { "内容": "駅前ケアクラブ【地域密着型通所介護】神奈川県秦野市柳町１－４－１７", "url2": "https://www.kaigokensaku.mhlw.go.jp/14/index.php?action_kouhyou_detail_004_kani=true&JigyosyoCd=1492800287-00&ServiceCd=780&Type=search" }, "geometry": { "type": "Point", "coordinates": [ 139.183348122701858, 35.37518980775603 ] } },
{ "type": "Feature", "properties": { "内容": "レコードブック渋沢【地域密着型通所介護】神奈川県秦野市曲松2-3-20ストリングフィールド102", "url2": "https://www.kaigokensaku.mhlw.go.jp/14/index.php?action_kouhyou_detail_004_kani=true&JigyosyoCd=1492800378-00&ServiceCd=780&Type=search" }, "geometry": { "type": "Point", "coordinates": [ 139.186703099999988, 35.3724536 ] } },
{ "type": "Feature", "properties": { "内容": "健康ぷらす鶴巻【地域密着型通所介護】神奈川県秦野市鶴巻北1-1-9藤和シティコープ鶴巻温泉101", "url2": "https://www.kaigokensaku.mhlw.go.jp/14/index.php?action_kouhyou_detail_004_kani=true&JigyosyoCd=1472801792-00&ServiceCd=780&Type=search" }, "geometry": { "type": "Point", "coordinates": [ 139.279024199999981, 35.381784 ] } },
{ "type": "Feature", "properties": { "内容": "特定非営利活動法人　みきフレンド・あふり【地域密着型通所介護】神奈川県秦野市西田原512", "url2": "https://www.kaigokensaku.mhlw.go.jp/14/index.php?action_kouhyou_detail_004_kani=true&JigyosyoCd=1472800497-00&ServiceCd=780&Type=search" }, "geometry": { "type": "Point", "coordinates": [ 139.213665399999968, 35.3938755 ] } },
{ "type": "Feature", "properties": { "内容": "湘南老人ホーム通所介護　ぷらっと【地域密着型通所介護】神奈川県秦野市下大槻1169－2", "url2": "https://www.kaigokensaku.mhlw.go.jp/14/index.php?action_kouhyou_detail_004_kani=true&JigyosyoCd=1472801495-00&ServiceCd=780&Type=search" }, "geometry": { "type": "Point", "coordinates": [ 139.257232525778591, 35.356361304716003 ] } },
{ "type": "Feature", "properties": { "内容": "デイサービス　コミュニティー万年青【地域密着型通所介護】神奈川県秦野市曽屋1338-1", "url2": "https://www.kaigokensaku.mhlw.go.jp/14/index.php?action_kouhyou_detail_004_kani=true&JigyosyoCd=1472801925-00&ServiceCd=780&Type=search" }, "geometry": { "type": "Point", "coordinates": [ 139.212450709227397, 35.37823422073938 ] } },
{ "type": "Feature", "properties": { "内容": "ハッピータウンデイサービスセンター【地域密着型通所介護】神奈川県秦野市西田原176番地の2", "url2": "https://www.kaigokensaku.mhlw.go.jp/14/index.php?action_kouhyou_detail_004_kani=true&JigyosyoCd=1472801990-00&ServiceCd=780&Type=search" }, "geometry": { "type": "Point", "coordinates": [ 139.2137851, 35.3871873 ] } },
{ "type": "Feature", "properties": { "内容": "サバティ神奈川　秦野南店【地域密着型通所介護】神奈川県秦野市大秦町2－21", "url2": "https://www.kaigokensaku.mhlw.go.jp/14/index.php?action_kouhyou_detail_004_kani=true&JigyosyoCd=1492800329-00&ServiceCd=780&Type=search" }, "geometry": { "type": "Point", "coordinates": [ 139.2306787, 35.3682285 ] } },
{ "type": "Feature", "properties": { "内容": "R-studioPro【地域密着型通所介護】神奈川県秦野市柳町2-4-22", "url2": "https://www.kaigokensaku.mhlw.go.jp/14/index.php?action_kouhyou_detail_004_kani=true&JigyosyoCd=1492800337-00&ServiceCd=780&Type=search" }, "geometry": { "type": "Point", "coordinates": [ 139.182107, 35.3756559 ] } },
{ "type": "Feature", "properties": { "内容": "デイサービス　モック【地域密着型通所介護】神奈川県厚木市下荻野836-1", "url2": "https://www.kaigokensaku.mhlw.go.jp/14/index.php?action_kouhyou_detail_004_kani=true&JigyosyoCd=1492900657-00&ServiceCd=780&Type=search" }, "geometry": { "type": "Point", "coordinates": [ 139.3392379, 35.4859461 ] } },
{ "type": "Feature", "properties": { "内容": "まもりあ【地域密着型通所介護】神奈川県厚木市恩名4丁目5-581F", "url2": "https://www.kaigokensaku.mhlw.go.jp/14/index.php?action_kouhyou_detail_004_kani=true&JigyosyoCd=1492900665-00&ServiceCd=780&Type=search" }, "geometry": { "type": "Point", "coordinates": [ 139.3473228, 35.4453514 ] } },
{ "type": "Feature", "properties": { "内容": "コミュニティーハウス　あゆらす【地域密着型通所介護】神奈川県厚木市妻田東１－１２－７", "url2": "https://www.kaigokensaku.mhlw.go.jp/14/index.php?action_kouhyou_detail_004_kani=true&JigyosyoCd=1472900552-00&ServiceCd=780&Type=search" }, "geometry": { "type": "Point", "coordinates": [ 139.3641943, 35.4561941 ] } },
{ "type": "Feature", "properties": { "内容": "デイサービス　くぬぎ【地域密着型通所介護】神奈川県厚木市妻田北3-18-3", "url2": "https://www.kaigokensaku.mhlw.go.jp/14/index.php?action_kouhyou_detail_004_kani=true&JigyosyoCd=1472900784-00&ServiceCd=780&Type=search" }, "geometry": { "type": "Point", "coordinates": [ 139.357339300000035, 35.46736210000001 ] } },
{ "type": "Feature", "properties": { "内容": "デイサービスさくら（依知運動機能回復センター）【地域密着型通所介護】神奈川県厚木市上依知46-1", "url2": "https://www.kaigokensaku.mhlw.go.jp/14/index.php?action_kouhyou_detail_004_kani=true&JigyosyoCd=1472901295-00&ServiceCd=780&Type=search" }, "geometry": { "type": "Point", "coordinates": [ 139.364923800000042, 35.5165389 ] } },
{ "type": "Feature", "properties": { "内容": "茶話本舗デイサービス笑がお【地域密着型通所介護】神奈川県厚木市田村町１－４", "url2": "https://www.kaigokensaku.mhlw.go.jp/14/index.php?action_kouhyou_detail_004_kani=true&JigyosyoCd=1472901410-00&ServiceCd=780&Type=search" }, "geometry": { "type": "Point", "coordinates": [ 139.360158500000011, 35.4389684 ] } },
{ "type": "Feature", "properties": { "内容": "サロンデイ厚木【地域密着型通所介護】神奈川県厚木市岡田2-8-28パストラル飯島107", "url2": "https://www.kaigokensaku.mhlw.go.jp/14/index.php?action_kouhyou_detail_004_kani=true&JigyosyoCd=1472901444-00&ServiceCd=780&Type=search" }, "geometry": { "type": "Point", "coordinates": [ 139.3622411, 35.4286539 ] } },
{ "type": "Feature", "properties": { "内容": "まごの手社交倶楽部うたたね【地域密着型通所介護】神奈川県厚木市温水2238-31F", "url2": "https://www.kaigokensaku.mhlw.go.jp/14/index.php?action_kouhyou_detail_004_kani=true&JigyosyoCd=1472901725-00&ServiceCd=780&Type=search" }, "geometry": { "type": "Point", "coordinates": [ 139.332979799999947, 35.4500496 ] } },
{ "type": "Feature", "properties": { "内容": "健康ハーフデイ厚木かみえち【地域密着型通所介護】神奈川県厚木市上依知40-5健康ハーフデイ厚木かみえち", "url2": "https://www.kaigokensaku.mhlw.go.jp/14/index.php?action_kouhyou_detail_004_kani=true&JigyosyoCd=1472901857-00&ServiceCd=780&Type=search" }, "geometry": { "type": "Point", "coordinates": [ 139.366110239286883, 35.515659082552155 ] } },
{ "type": "Feature", "properties": { "内容": "自立支援デイサービスあゆみ【地域密着型通所介護】神奈川県厚木市飯山南２丁目１２番１２－１０１号", "url2": "https://www.kaigokensaku.mhlw.go.jp/14/index.php?action_kouhyou_detail_004_kani=true&JigyosyoCd=1472901881-00&ServiceCd=780&Type=search" }, "geometry": { "type": "Point", "coordinates": [ 139.330270891401682, 35.453586067572779 ] } },
{ "type": "Feature", "properties": { "内容": "デイサービス鮎里【地域密着型通所介護】神奈川県厚木市下川入65-1", "url2": "https://www.kaigokensaku.mhlw.go.jp/14/index.php?action_kouhyou_detail_004_kani=true&JigyosyoCd=1472902038-00&ServiceCd=780&Type=search" }, "geometry": { "type": "Point", "coordinates": [ 139.352528600000028, 35.5037355 ] } },
{ "type": "Feature", "properties": { "内容": "リハビリ特化型デイサービス　カラダラボ本厚木駅前【地域密着型通所介護】神奈川県厚木市旭町1-10-6シャンロック石井ビル1F", "url2": "https://www.kaigokensaku.mhlw.go.jp/14/index.php?action_kouhyou_detail_004_kani=true&JigyosyoCd=1472902095-00&ServiceCd=780&Type=search" }, "geometry": { "type": "Point", "coordinates": [ 139.3622722, 35.4368132 ] } },
{ "type": "Feature", "properties": { "内容": "デイ＆ステイ　ファミリーホーム棚沢【地域密着型通所介護】神奈川県厚木市棚沢191-3", "url2": "https://www.kaigokensaku.mhlw.go.jp/14/index.php?action_kouhyou_detail_004_kani=true&JigyosyoCd=1472902103-00&ServiceCd=780&Type=search" }, "geometry": { "type": "Point", "coordinates": [ 139.339357993619586, 35.493457411794999 ] } },
{ "type": "Feature", "properties": { "内容": "リビングケア唯の郷　愛甲石田【地域密着型通所介護】神奈川県厚木市愛甲3-14-9", "url2": "https://www.kaigokensaku.mhlw.go.jp/14/index.php?action_kouhyou_detail_004_kani=true&JigyosyoCd=1472902111-00&ServiceCd=780&Type=search" }, "geometry": { "type": "Point", "coordinates": [ 139.333621200000039, 35.4256108 ] } },
{ "type": "Feature", "properties": { "内容": "リビングケア唯の郷厚木愛名【地域密着型通所介護】神奈川県厚木市愛名1022-2", "url2": "https://www.kaigokensaku.mhlw.go.jp/14/index.php?action_kouhyou_detail_004_kani=true&JigyosyoCd=1472902145-00&ServiceCd=780&Type=search" }, "geometry": { "type": "Point", "coordinates": [ 139.327527300000042, 35.4379814 ] } },
{ "type": "Feature", "properties": { "内容": "ひかりデイサービス厚木北【地域密着型通所介護】神奈川県厚木市下荻野1093-3", "url2": "https://www.kaigokensaku.mhlw.go.jp/14/index.php?action_kouhyou_detail_004_kani=true&JigyosyoCd=1472902160-00&ServiceCd=780&Type=search" }, "geometry": { "type": "Point", "coordinates": [ 139.341712700000016, 35.481099 ] } },
{ "type": "Feature", "properties": { "内容": "リビングケア唯の家　下依知【地域密着型通所介護】神奈川県厚木市下依知2－22－17", "url2": "https://www.kaigokensaku.mhlw.go.jp/14/index.php?action_kouhyou_detail_004_kani=true&JigyosyoCd=1492900228-00&ServiceCd=780&Type=search" }, "geometry": { "type": "Point", "coordinates": [ 139.3723324, 35.4736891 ] } },
{ "type": "Feature", "properties": { "内容": "リビングケア唯の家　妻田南【地域密着型通所介護】神奈川県厚木市妻田南1-22-22リビングケア唯の家　妻田南", "url2": "https://www.kaigokensaku.mhlw.go.jp/14/index.php?action_kouhyou_detail_004_kani=true&JigyosyoCd=1492900251-00&ServiceCd=780&Type=search" }, "geometry": { "type": "Point", "coordinates": [ 139.3606585, 35.4544415 ] } },
{ "type": "Feature", "properties": { "内容": "リビングケア唯の郷　栄町【地域密着型通所介護】神奈川県厚木市栄町2丁目3-14", "url2": "https://www.kaigokensaku.mhlw.go.jp/14/index.php?action_kouhyou_detail_004_kani=true&JigyosyoCd=1492900269-00&ServiceCd=780&Type=search" }, "geometry": { "type": "Point", "coordinates": [ 139.355284, 35.4410236 ] } },
{ "type": "Feature", "properties": { "内容": "リハビリデイサービス　キャンタス【地域密着型通所介護】神奈川県厚木市宮の里1-7-25", "url2": "https://www.kaigokensaku.mhlw.go.jp/14/index.php?action_kouhyou_detail_004_kani=true&JigyosyoCd=1492900384-00&ServiceCd=780&Type=search" }, "geometry": { "type": "Point", "coordinates": [ 139.3145889, 35.4766184 ] } },
{ "type": "Feature", "properties": { "内容": "デイサービスえんがわ【地域密着型通所介護】神奈川県厚木市下荻野848", "url2": "https://www.kaigokensaku.mhlw.go.jp/14/index.php?action_kouhyou_detail_004_kani=true&JigyosyoCd=1492900392-00&ServiceCd=780&Type=search" }, "geometry": { "type": "Point", "coordinates": [ 139.339758, 35.4874139 ] } },
{ "type": "Feature", "properties": { "内容": "レコードブック厚木林【地域密着型通所介護】神奈川県厚木市林5-8-8SYビル102号", "url2": "https://www.kaigokensaku.mhlw.go.jp/14/index.php?action_kouhyou_detail_004_kani=true&JigyosyoCd=1492900442-00&ServiceCd=780&Type=search" }, "geometry": { "type": "Point", "coordinates": [ 139.350760599999973, 35.4594505 ] } },
{ "type": "Feature", "properties": { "内容": "ミモザ厚木藤苑デイサービス【地域密着型通所介護】神奈川県厚木市愛甲東1-23-1", "url2": "https://www.kaigokensaku.mhlw.go.jp/14/index.php?action_kouhyou_detail_004_kani=true&JigyosyoCd=1492900525-00&ServiceCd=780&Type=search" }, "geometry": { "type": "Point", "coordinates": [ 139.3489971, 35.41618 ] } },
{ "type": "Feature", "properties": { "内容": "サロン　いとすぎ【地域密着型通所介護】神奈川県厚木市旭町5丁目42-36アーク本厚木101", "url2": "https://www.kaigokensaku.mhlw.go.jp/14/index.php?action_kouhyou_detail_004_kani=true&JigyosyoCd=1492900533-00&ServiceCd=780&Type=search" }, "geometry": { "type": "Point", "coordinates": [ 139.362058664418043, 35.434958056565165 ] } },
{ "type": "Feature", "properties": { "内容": "リハビリデイサービス　クララ　本厚木【地域密着型通所介護】神奈川県厚木市旭町5-43-7サンライトAONE1階", "url2": "https://www.kaigokensaku.mhlw.go.jp/14/index.php?action_kouhyou_detail_004_kani=true&JigyosyoCd=1492900541-00&ServiceCd=780&Type=search" }, "geometry": { "type": "Point", "coordinates": [ 139.3622278, 35.4352463 ] } },
{ "type": "Feature", "properties": { "内容": "はーとふるリハ　BLUESKY【地域密着型通所介護】神奈川県厚木市妻田西2-10-18", "url2": "https://www.kaigokensaku.mhlw.go.jp/14/index.php?action_kouhyou_detail_004_kani=true&JigyosyoCd=1492900558-00&ServiceCd=780&Type=search" }, "geometry": { "type": "Point", "coordinates": [ 139.3556975, 35.4612564 ] } },
{ "type": "Feature", "properties": { "内容": "リハビリデイサービス・キャンタスⅡ　中荻野【地域密着型通所介護】神奈川県厚木市中荻野20番地", "url2": "https://www.kaigokensaku.mhlw.go.jp/14/index.php?action_kouhyou_detail_004_kani=true&JigyosyoCd=1492900566-00&ServiceCd=780&Type=search" }, "geometry": { "type": "Point", "coordinates": [ 139.321144800000013, 35.4898307 ] } },
{ "type": "Feature", "properties": { "内容": "カルチャーデイ　サザンクラブ厚木北【地域密着型通所介護】神奈川県厚木市鳶尾1-26-21", "url2": "https://www.kaigokensaku.mhlw.go.jp/14/index.php?action_kouhyou_detail_004_kani=true&JigyosyoCd=1472901105-00&ServiceCd=780&Type=search" }, "geometry": { "type": "Point", "coordinates": [ 139.333602400000018, 35.4911645 ] } },
{ "type": "Feature", "properties": { "内容": "フォローライフ厚木恩名【地域密着型通所介護】神奈川県厚木市恩名１－７－６０", "url2": "https://www.kaigokensaku.mhlw.go.jp/14/index.php?action_kouhyou_detail_004_kani=true&JigyosyoCd=1472901535-00&ServiceCd=780&Type=search" }, "geometry": { "type": "Point", "coordinates": [ 139.354920099999958, 35.4385572 ] } },
{ "type": "Feature", "properties": { "内容": "フォローライフ厚木宮の里【地域密着型通所介護】神奈川県厚木市宮の里1-3-11", "url2": "https://www.kaigokensaku.mhlw.go.jp/14/index.php?action_kouhyou_detail_004_kani=true&JigyosyoCd=1472901543-00&ServiceCd=780&Type=search" }, "geometry": { "type": "Point", "coordinates": [ 139.313581399999975, 35.4780542 ] } },
{ "type": "Feature", "properties": { "内容": "リハビリ＆デイ　ゆうかり舎【地域密着型通所介護】神奈川県厚木市妻田東3-39-7", "url2": "https://www.kaigokensaku.mhlw.go.jp/14/index.php?action_kouhyou_detail_004_kani=true&JigyosyoCd=1472901626-00&ServiceCd=780&Type=search" }, "geometry": { "type": "Point", "coordinates": [ 139.361930600000051, 35.4640431 ] } },
{ "type": "Feature", "properties": { "内容": "のぞみの家本厚木【地域密着型通所介護】神奈川県厚木市三田南3-4-35", "url2": "https://www.kaigokensaku.mhlw.go.jp/14/index.php?action_kouhyou_detail_004_kani=true&JigyosyoCd=1472902335-00&ServiceCd=780&Type=search" }, "geometry": { "type": "Point", "coordinates": [ 139.347691798147594, 35.474836148997078 ] } },
{ "type": "Feature", "properties": { "内容": "デイサービスなごみ白山【地域密着型通所介護】神奈川県厚木市飯山南2-23-13", "url2": "https://www.kaigokensaku.mhlw.go.jp/14/index.php?action_kouhyou_detail_004_kani=true&JigyosyoCd=1492900285-00&ServiceCd=780&Type=search" }, "geometry": { "type": "Point", "coordinates": [ 139.331407600000063, 35.456107199999977 ] } },
{ "type": "Feature", "properties": { "内容": "クローバーライフ【地域密着型通所介護】神奈川県厚木市水引２－６－２９", "url2": "https://www.kaigokensaku.mhlw.go.jp/14/index.php?action_kouhyou_detail_004_kani=true&JigyosyoCd=1492900293-00&ServiceCd=780&Type=search" }, "geometry": { "type": "Point", "coordinates": [ 139.357004563138162, 35.446652983990923 ] } },
{ "type": "Feature", "properties": { "内容": "レコードブック厚木岡田【地域密着型通所介護】神奈川県厚木市岡田3134マイビル1F", "url2": "https://www.kaigokensaku.mhlw.go.jp/14/index.php?action_kouhyou_detail_004_kani=true&JigyosyoCd=1492900301-00&ServiceCd=780&Type=search" }, "geometry": { "type": "Point", "coordinates": [ 139.364886417196658, 35.421161013093574 ] } },
{ "type": "Feature", "properties": { "内容": "いごこち【地域密着型通所介護】神奈川県厚木市愛甲1-7-30ベースキャンプ愛甲", "url2": "https://www.kaigokensaku.mhlw.go.jp/14/index.php?action_kouhyou_detail_004_kani=true&JigyosyoCd=1492900582-00&ServiceCd=780&Type=search" }, "geometry": { "type": "Point", "coordinates": [ 139.341967, 35.4189112 ] } },
{ "type": "Feature", "properties": { "内容": "リハプライド厚木【地域密着型通所介護】神奈川県厚木市林4－4－16ロッキーハイツ1F", "url2": "https://www.kaigokensaku.mhlw.go.jp/14/index.php?action_kouhyou_detail_004_kani=true&JigyosyoCd=1492900608-00&ServiceCd=780&Type=search" }, "geometry": { "type": "Point", "coordinates": [ 139.3490827, 35.4552044 ] } },
{ "type": "Feature", "properties": { "内容": "デイサービス友の家【地域密着型通所介護】神奈川県厚木市下荻野１０３２ー２", "url2": "https://www.kaigokensaku.mhlw.go.jp/14/index.php?action_kouhyou_detail_004_kani=true&JigyosyoCd=1492900616-00&ServiceCd=780&Type=search" }, "geometry": { "type": "Point", "coordinates": [ 139.342574179172516, 35.485120011060111 ] } },
{ "type": "Feature", "properties": { "内容": "レッツ倶楽部ペシュア厚木【地域密着型通所介護】神奈川県厚木市戸室一丁目３６番６号", "url2": "https://www.kaigokensaku.mhlw.go.jp/14/index.php?action_kouhyou_detail_004_kani=true&JigyosyoCd=1492900624-00&ServiceCd=780&Type=search" }, "geometry": { "type": "Point", "coordinates": [ 139.353152200000011, 35.4526543 ] } },
{ "type": "Feature", "properties": { "内容": "リハビリ特化型デイサービス　ライト【地域密着型通所介護】神奈川県厚木市妻田西1-28-23Ksyビル103", "url2": "https://www.kaigokensaku.mhlw.go.jp/14/index.php?action_kouhyou_detail_004_kani=true&JigyosyoCd=1492900632-00&ServiceCd=780&Type=search" }, "geometry": { "type": "Point", "coordinates": [ 139.356594365081776, 35.458341991441856 ] } },
{ "type": "Feature", "properties": { "内容": "リハビリ特化型デイサービス　ムーブメントプロ厚木北【地域密着型通所介護】神奈川県厚木市妻田東3-30-17", "url2": "https://www.kaigokensaku.mhlw.go.jp/14/index.php?action_kouhyou_detail_004_kani=true&JigyosyoCd=1472902228-00&ServiceCd=780&Type=search" }, "geometry": { "type": "Point", "coordinates": [ 139.362530500000048, 35.4625099 ] } },
{ "type": "Feature", "properties": { "内容": "トワのぞみ【地域密着型通所介護】神奈川県厚木市下荻野1474-2", "url2": "https://www.kaigokensaku.mhlw.go.jp/14/index.php?action_kouhyou_detail_004_kani=true&JigyosyoCd=1472901501-00&ServiceCd=780&Type=search" }, "geometry": { "type": "Point", "coordinates": [ 139.3403099, 35.4789004 ] } },
{ "type": "Feature", "properties": { "内容": "こもれびの里　ゆずりは【地域密着型通所介護】下鶴間2丁目4-32-1号", "url2": "https://www.kaigokensaku.mhlw.go.jp/14/index.php?action_kouhyou_detail_004_kani=true&JigyosyoCd=1493000481-00&ServiceCd=780&Type=search" }, "geometry": { "type": "Point", "coordinates": [ 139.4600763, 35.4887362 ] } },
{ "type": "Feature", "properties": { "内容": "ひばりデイサービス大和桜ヶ丘【地域密着型通所介護】神奈川県大和市福田4-16-7", "url2": "https://www.kaigokensaku.mhlw.go.jp/14/index.php?action_kouhyou_detail_004_kani=true&JigyosyoCd=1493000622-00&ServiceCd=780&Type=search" }, "geometry": { "type": "Point", "coordinates": [ 139.4630052, 35.4405917 ] } },
{ "type": "Feature", "properties": { "内容": "デイサービスきらめき【地域密着型通所介護】神奈川県大和市南林間6-7-201Ｆ", "url2": "https://www.kaigokensaku.mhlw.go.jp/14/index.php?action_kouhyou_detail_004_kani=true&JigyosyoCd=1493000630-00&ServiceCd=780&Type=search" }, "geometry": { "type": "Point", "coordinates": [ 139.4420879, 35.4906127 ] } },
{ "type": "Feature", "properties": { "内容": "デイサービスきらやか【地域密着型通所介護】神奈川県大和市南林間6-7-202F", "url2": "https://www.kaigokensaku.mhlw.go.jp/14/index.php?action_kouhyou_detail_004_kani=true&JigyosyoCd=1493000648-00&ServiceCd=780&Type=search" }, "geometry": { "type": "Point", "coordinates": [ 139.4420879, 35.4906127 ] } },
{ "type": "Feature", "properties": { "内容": "アースサポート大和【地域密着型通所介護】神奈川県大和市大和南2丁目10番3号", "url2": "https://www.kaigokensaku.mhlw.go.jp/14/index.php?action_kouhyou_detail_004_kani=true&JigyosyoCd=1473000444-00&ServiceCd=780&Type=search" }, "geometry": { "type": "Point", "coordinates": [ 139.465891780658467, 35.465820100000371 ] } },
{ "type": "Feature", "properties": { "内容": "リハビリデイサービス　genki【地域密着型通所介護】神奈川県大和市大和東1-6-7105号", "url2": "https://www.kaigokensaku.mhlw.go.jp/14/index.php?action_kouhyou_detail_004_kani=true&JigyosyoCd=1473001723-00&ServiceCd=780&Type=search" }, "geometry": { "type": "Point", "coordinates": [ 139.463756, 35.4710304 ] } },
{ "type": "Feature", "properties": { "内容": "デイホーム　ハピネス【地域密着型通所介護】神奈川県大和市中央林間４－１０－１６", "url2": "https://www.kaigokensaku.mhlw.go.jp/14/index.php?action_kouhyou_detail_004_kani=true&JigyosyoCd=1473001921-00&ServiceCd=780&Type=search" }, "geometry": { "type": "Point", "coordinates": [ 139.446530299999949, 35.5051195 ] } },
{ "type": "Feature", "properties": { "内容": "リハビリデイサービスnagomi大和店【地域密着型通所介護】神奈川県大和市中央５－２－２３矢後ビル1階", "url2": "https://www.kaigokensaku.mhlw.go.jp/14/index.php?action_kouhyou_detail_004_kani=true&JigyosyoCd=1473001970-00&ServiceCd=780&Type=search" }, "geometry": { "type": "Point", "coordinates": [ 139.458500800000024, 35.4683668 ] } },
{ "type": "Feature", "properties": { "内容": "敬心リハビリデイサービスセンター【地域密着型通所介護】神奈川県大和市南林間4-7-17ライオンズマンション南林間1階", "url2": "https://www.kaigokensaku.mhlw.go.jp/14/index.php?action_kouhyou_detail_004_kani=true&JigyosyoCd=1473002366-00&ServiceCd=780&Type=search" }, "geometry": { "type": "Point", "coordinates": [ 139.443178464248547, 35.493500961150566 ] } },
{ "type": "Feature", "properties": { "内容": "わ～くすケア千本桜【地域密着型通所介護】神奈川県大和市福田3595－37", "url2": "https://www.kaigokensaku.mhlw.go.jp/14/index.php?action_kouhyou_detail_004_kani=true&JigyosyoCd=1473003547-00&ServiceCd=780&Type=search" }, "geometry": { "type": "Point", "coordinates": [ 139.458959, 35.4380181 ] } },
{ "type": "Feature", "properties": { "内容": "ディホーム　ベルビルサロン田園【地域密着型通所介護】神奈川県大和市中央林間5-9-3", "url2": "https://www.kaigokensaku.mhlw.go.jp/14/index.php?action_kouhyou_detail_004_kani=true&JigyosyoCd=1493000283-00&ServiceCd=780&Type=search" }, "geometry": { "type": "Point", "coordinates": [ 139.441130599999951, 35.5087105 ] } },
{ "type": "Feature", "properties": { "内容": "リハビリステーションSUNSET鶴間【地域密着型通所介護】神奈川県大和市鶴間１－２１－１１", "url2": "https://www.kaigokensaku.mhlw.go.jp/14/index.php?action_kouhyou_detail_004_kani=true&JigyosyoCd=1493000309-00&ServiceCd=780&Type=search" }, "geometry": { "type": "Point", "coordinates": [ 139.456783200000018, 35.4871042 ] } },
{ "type": "Feature", "properties": { "内容": "となり組デイサービス【地域密着型通所介護】神奈川県大和市西鶴間5-15-14", "url2": "https://www.kaigokensaku.mhlw.go.jp/14/index.php?action_kouhyou_detail_004_kani=true&JigyosyoCd=1493000317-00&ServiceCd=780&Type=search" }, "geometry": { "type": "Point", "coordinates": [ 139.443770500000028, 35.4828578 ] } },
{ "type": "Feature", "properties": { "内容": "レコードブック大和深見台【地域密着型通所介護】神奈川県大和市深見台4-10-34ベルテ深見台1号室", "url2": "https://www.kaigokensaku.mhlw.go.jp/14/index.php?action_kouhyou_detail_004_kani=true&JigyosyoCd=1493000382-00&ServiceCd=780&Type=search" }, "geometry": { "type": "Point", "coordinates": [ 139.465822399999979, 35.473332700000014 ] } },
{ "type": "Feature", "properties": { "内容": "みどりデイサービス【地域密着型通所介護】神奈川県大和市大和東2-7-3ポートライフ大和1-A", "url2": "https://www.kaigokensaku.mhlw.go.jp/14/index.php?action_kouhyou_detail_004_kani=true&JigyosyoCd=1493000416-00&ServiceCd=780&Type=search" }, "geometry": { "type": "Point", "coordinates": [ 139.463125499999933, 35.4733794 ] } },
{ "type": "Feature", "properties": { "内容": "だんらんの家　大和【地域密着型通所介護】神奈川県大和市下鶴間2937-1", "url2": "https://www.kaigokensaku.mhlw.go.jp/14/index.php?action_kouhyou_detail_004_kani=true&JigyosyoCd=1493000432-00&ServiceCd=780&Type=search" }, "geometry": { "type": "Point", "coordinates": [ 139.459359344177244, 35.496864857255737 ] } },
{ "type": "Feature", "properties": { "内容": "ｆｕｒｅａｉ南林間店【地域密着型通所介護】神奈川県大和市南林間1-4-18ジュネス南林間1F", "url2": "https://www.kaigokensaku.mhlw.go.jp/14/index.php?action_kouhyou_detail_004_kani=true&JigyosyoCd=1493000465-00&ServiceCd=780&Type=search" }, "geometry": { "type": "Point", "coordinates": [ 139.448169299999989, 35.4943782 ] } },
{ "type": "Feature", "properties": { "内容": "デイランド　ユニークケア【地域密着型通所介護】神奈川県大和市上草柳6-6-17", "url2": "https://www.kaigokensaku.mhlw.go.jp/14/index.php?action_kouhyou_detail_004_kani=true&JigyosyoCd=1493000473-00&ServiceCd=780&Type=search" }, "geometry": { "type": "Point", "coordinates": [ 139.448497, 35.4778169 ] } },
{ "type": "Feature", "properties": { "内容": "ｆｕｒｅａｉ大和西店【地域密着型通所介護】神奈川県大和市桜森2-6-14レゾンロイヤル相模大塚１階", "url2": "https://www.kaigokensaku.mhlw.go.jp/14/index.php?action_kouhyou_detail_004_kani=true&JigyosyoCd=1493000549-00&ServiceCd=780&Type=search" }, "geometry": { "type": "Point", "coordinates": [ 139.43957, 35.469625500000014 ] } },
{ "type": "Feature", "properties": { "内容": "ダイセイコーリハプライド大和クリニックモール【地域密着型通所介護】神奈川県大和市鶴間１－３１－１大和クリニックモールビル３F大和クリニックモール3階", "url2": "https://www.kaigokensaku.mhlw.go.jp/14/index.php?action_kouhyou_detail_004_kani=true&JigyosyoCd=1493000440-00&ServiceCd=780&Type=search" }, "geometry": { "type": "Point", "coordinates": [ 139.453643699999986, 35.4904632 ] } },
{ "type": "Feature", "properties": { "内容": "ＭＯデイサービス【地域密着型通所介護】神奈川県大和市桜森2-8-12コスモ相模大塚101", "url2": "https://www.kaigokensaku.mhlw.go.jp/14/index.php?action_kouhyou_detail_004_kani=true&JigyosyoCd=1473002028-00&ServiceCd=780&Type=search" }, "geometry": { "type": "Point", "coordinates": [ 139.439773699999961, 35.470340900000011 ] } },
{ "type": "Feature", "properties": { "内容": "ピンポンデイハッピー渋谷【地域密着型通所介護】神奈川県大和市福田588－1", "url2": "https://www.kaigokensaku.mhlw.go.jp/14/index.php?action_kouhyou_detail_004_kani=true&JigyosyoCd=1473002580-00&ServiceCd=780&Type=search" }, "geometry": { "type": "Point", "coordinates": [ 139.456913, 35.4318435 ] } },
{ "type": "Feature", "properties": { "内容": "一織庵大和【地域密着型通所介護】神奈川県大和市下鶴間3030-7", "url2": "https://www.kaigokensaku.mhlw.go.jp/14/index.php?action_kouhyou_detail_004_kani=true&JigyosyoCd=1493000556-00&ServiceCd=780&Type=search" }, "geometry": { "type": "Point", "coordinates": [ 139.45552830118865, 35.495804414037359 ] } },
{ "type": "Feature", "properties": { "内容": "ｆｕｒｅａｉ大和中央店【地域密着型通所介護】神奈川県大和市中央2-4-14トロトゥーナ大和　1階", "url2": "https://www.kaigokensaku.mhlw.go.jp/14/index.php?action_kouhyou_detail_004_kani=true&JigyosyoCd=1493000572-00&ServiceCd=780&Type=search" }, "geometry": { "type": "Point", "coordinates": [ 139.4596918, 35.470865 ] } },
{ "type": "Feature", "properties": { "内容": "デイサービスたのし～む。大和東【地域密着型通所介護】神奈川県大和市大和東3-12-5", "url2": "https://www.kaigokensaku.mhlw.go.jp/14/index.php?action_kouhyou_detail_004_kani=true&JigyosyoCd=1493000606-00&ServiceCd=780&Type=search" }, "geometry": { "type": "Point", "coordinates": [ 139.464322447850407, 35.474738676710807 ] } },
{ "type": "Feature", "properties": { "内容": "ソレイルミナーレ大和深見【地域密着型通所介護】神奈川県大和市深見西１丁目４ー３２インゼルクライン１階", "url2": "https://www.kaigokensaku.mhlw.go.jp/14/index.php?action_kouhyou_detail_004_kani=true&JigyosyoCd=1493000671-00&ServiceCd=780&Type=search" }, "geometry": { "type": "Point", "coordinates": [ 139.461166100000014, 35.4766071 ] } },
{ "type": "Feature", "properties": { "内容": "デイサービスハッピー鶴間【地域密着型通所介護】神奈川県大和市西鶴間１－１１－５", "url2": "https://www.kaigokensaku.mhlw.go.jp/14/index.php?action_kouhyou_detail_004_kani=true&JigyosyoCd=1473002085-00&ServiceCd=780&Type=search" }, "geometry": { "type": "Point", "coordinates": [ 139.448689100000024, 35.4908643 ] } },
{ "type": "Feature", "properties": { "内容": "リハビリデイフォーピース【地域密着型通所介護】神奈川県伊勢原市伊勢原1-18-5細野ビル101,201", "url2": "https://www.kaigokensaku.mhlw.go.jp/14/index.php?action_kouhyou_detail_004_kani=true&JigyosyoCd=1494000233-00&ServiceCd=780&Type=search" }, "geometry": { "type": "Point", "coordinates": [ 139.3141927, 35.3975877 ] } },
{ "type": "Feature", "properties": { "内容": "ゆんたく成瀬【地域密着型通所介護】神奈川県伊勢原市石田２４６－２", "url2": "https://www.kaigokensaku.mhlw.go.jp/14/index.php?action_kouhyou_detail_004_kani=true&JigyosyoCd=1474000435-00&ServiceCd=780&Type=search" }, "geometry": { "type": "Point", "coordinates": [ 139.336356799999976, 35.4165896 ] } },
{ "type": "Feature", "properties": { "内容": "ピースフルライフ　花みずき【地域密着型通所介護】神奈川県伊勢原市東成瀬１９－４", "url2": "https://www.kaigokensaku.mhlw.go.jp/14/index.php?action_kouhyou_detail_004_kani=true&JigyosyoCd=1474000450-00&ServiceCd=780&Type=search" }, "geometry": { "type": "Point", "coordinates": [ 139.340609, 35.4104902 ] } },
{ "type": "Feature", "properties": { "内容": "株式会社デイサービスよしざわさんち【地域密着型通所介護】神奈川県伊勢原市伊勢原3-25-32", "url2": "https://www.kaigokensaku.mhlw.go.jp/14/index.php?action_kouhyou_detail_004_kani=true&JigyosyoCd=1474000526-00&ServiceCd=780&Type=search" }, "geometry": { "type": "Point", "coordinates": [ 139.307813071163991, 35.400181472677595 ] } },
{ "type": "Feature", "properties": { "内容": "デイサービスセンター　バーデンライフ伊勢原【地域密着型通所介護】神奈川県伊勢原市沼目３－１３－３３", "url2": "https://www.kaigokensaku.mhlw.go.jp/14/index.php?action_kouhyou_detail_004_kani=true&JigyosyoCd=1474000583-00&ServiceCd=780&Type=search" }, "geometry": { "type": "Point", "coordinates": [ 139.3276578, 35.3934589 ] } },
{ "type": "Feature", "properties": { "内容": "アクティブプラザ愛甲石田【地域密着型通所介護】神奈川県伊勢原市高森5－4－8", "url2": "https://www.kaigokensaku.mhlw.go.jp/14/index.php?action_kouhyou_detail_004_kani=true&JigyosyoCd=1474000880-00&ServiceCd=780&Type=search" }, "geometry": { "type": "Point", "coordinates": [ 139.331545222090199, 35.414774352923565 ] } },
{ "type": "Feature", "properties": { "内容": "トムデイサービスセンター【地域密着型通所介護】神奈川県伊勢原市伊勢原3-10-20", "url2": "https://www.kaigokensaku.mhlw.go.jp/14/index.php?action_kouhyou_detail_004_kani=true&JigyosyoCd=1474001011-00&ServiceCd=780&Type=search" }, "geometry": { "type": "Point", "coordinates": [ 139.3088821, 35.3987189 ] } },
{ "type": "Feature", "properties": { "内容": "ル・パラディ【地域密着型通所介護】神奈川県伊勢原市沼目4-26-15", "url2": "https://www.kaigokensaku.mhlw.go.jp/14/index.php?action_kouhyou_detail_004_kani=true&JigyosyoCd=1494000142-00&ServiceCd=780&Type=search" }, "geometry": { "type": "Point", "coordinates": [ 139.328968600000053, 35.3974473 ] } },
{ "type": "Feature", "properties": { "内容": "３時間デイサービス【地域密着型通所介護】神奈川県伊勢原市上粕屋145-3", "url2": "https://www.kaigokensaku.mhlw.go.jp/14/index.php?action_kouhyou_detail_004_kani=true&JigyosyoCd=1494000159-00&ServiceCd=780&Type=search" }, "geometry": { "type": "Point", "coordinates": [ 139.31497289999993, 35.4029686 ] } },
{ "type": "Feature", "properties": { "内容": "デイサービス和がんせ下落合【地域密着型通所介護】神奈川県伊勢原市小稲葉112-1", "url2": "https://www.kaigokensaku.mhlw.go.jp/14/index.php?action_kouhyou_detail_004_kani=true&JigyosyoCd=1474000831-00&ServiceCd=780&Type=search" }, "geometry": { "type": "Point", "coordinates": [ 139.351755622917722, 35.398555951453567 ] } },
{ "type": "Feature", "properties": { "内容": "デイサービスえがお【地域密着型通所介護】神奈川県伊勢原市東成瀬34-20カ-サエクレ-ル101", "url2": "https://www.kaigokensaku.mhlw.go.jp/14/index.php?action_kouhyou_detail_004_kani=true&JigyosyoCd=1474000864-00&ServiceCd=780&Type=search" }, "geometry": { "type": "Point", "coordinates": [ 139.344183599999951, 35.4103986 ] } },
{ "type": "Feature", "properties": { "内容": "デイサービス　天使の手【地域密着型通所介護】神奈川県伊勢原市小稲葉209-2", "url2": "https://www.kaigokensaku.mhlw.go.jp/14/index.php?action_kouhyou_detail_004_kani=true&JigyosyoCd=1474000476-00&ServiceCd=780&Type=search" }, "geometry": { "type": "Point", "coordinates": [ 139.351030739147973, 35.397062118976535 ] } },
{ "type": "Feature", "properties": { "内容": "すまいる伊勢原白根【地域密着型通所介護】神奈川県伊勢原市白根471", "url2": "https://www.kaigokensaku.mhlw.go.jp/14/index.php?action_kouhyou_detail_004_kani=true&JigyosyoCd=1474000823-00&ServiceCd=780&Type=search" }, "geometry": { "type": "Point", "coordinates": [ 139.292353400000025, 35.3993795 ] } },
{ "type": "Feature", "properties": { "内容": "デイサービス　華【地域密着型通所介護】神奈川県海老名市中新田4-8-14", "url2": "https://www.kaigokensaku.mhlw.go.jp/14/index.php?action_kouhyou_detail_004_kani=true&JigyosyoCd=1494200197-00&ServiceCd=780&Type=search" }, "geometry": { "type": "Point", "coordinates": [ 139.3834137, 35.4294656 ] } },
{ "type": "Feature", "properties": { "内容": "カフェ　デイサービス　ゆめの木【地域密着型通所介護】神奈川県海老名市河原口2-9-23", "url2": "https://www.kaigokensaku.mhlw.go.jp/14/index.php?action_kouhyou_detail_004_kani=true&JigyosyoCd=1474201140-00&ServiceCd=780&Type=search" }, "geometry": { "type": "Point", "coordinates": [ 139.375806499999953, 35.4465875 ] } },
{ "type": "Feature", "properties": { "内容": "茶話本舗デイサービス海老名かしわ台【地域密着型通所介護】神奈川県海老名市柏ヶ谷1-5-1", "url2": "https://www.kaigokensaku.mhlw.go.jp/14/index.php?action_kouhyou_detail_004_kani=true&JigyosyoCd=1474200795-00&ServiceCd=780&Type=search" }, "geometry": { "type": "Point", "coordinates": [ 139.417197900000019, 35.468224 ] } },
{ "type": "Feature", "properties": { "内容": "サロンデイ海老名【地域密着型通所介護】神奈川県海老名市河原口2-8-30", "url2": "https://www.kaigokensaku.mhlw.go.jp/14/index.php?action_kouhyou_detail_004_kani=true&JigyosyoCd=1474200803-00&ServiceCd=780&Type=search" }, "geometry": { "type": "Point", "coordinates": [ 139.375854299999986, 35.4471871 ] } },
{ "type": "Feature", "properties": { "内容": "デイサービス　エンゼルあきちゃんⅡ【地域密着型通所介護】神奈川県海老名市大谷北2-23-50", "url2": "https://www.kaigokensaku.mhlw.go.jp/14/index.php?action_kouhyou_detail_004_kani=true&JigyosyoCd=1474200811-00&ServiceCd=780&Type=search" }, "geometry": { "type": "Point", "coordinates": [ 139.398199799999929, 35.4446656 ] } },
{ "type": "Feature", "properties": { "内容": "サロンデイリフレさがみ野【地域密着型通所介護】神奈川県海老名市東柏ケ谷5-1-15スターライトビル102号", "url2": "https://www.kaigokensaku.mhlw.go.jp/14/index.php?action_kouhyou_detail_004_kani=true&JigyosyoCd=1474200944-00&ServiceCd=780&Type=search" }, "geometry": { "type": "Point", "coordinates": [ 139.430197, 35.4682965 ] } },
{ "type": "Feature", "properties": { "内容": "リノベート国分【地域密着型通所介護】神奈川県海老名市国分南２丁目10-37", "url2": "https://www.kaigokensaku.mhlw.go.jp/14/index.php?action_kouhyou_detail_004_kani=true&JigyosyoCd=1474201009-00&ServiceCd=780&Type=search" }, "geometry": { "type": "Point", "coordinates": [ 139.401674400000047, 35.4531867 ] } },
{ "type": "Feature", "properties": { "内容": "超リハビリ特化型デイサービスいくおる【地域密着型通所介護】神奈川県海老名市国分南1-27-9", "url2": "https://www.kaigokensaku.mhlw.go.jp/14/index.php?action_kouhyou_detail_004_kani=true&JigyosyoCd=1494200148-00&ServiceCd=780&Type=search" }, "geometry": { "type": "Point", "coordinates": [ 139.4009625, 35.4530159 ] } },
{ "type": "Feature", "properties": { "内容": "さくらクオーレプラス【地域密着型通所介護】神奈川県海老名市東柏ケ谷1-6-12大貫ビル1F103", "url2": "https://www.kaigokensaku.mhlw.go.jp/14/index.php?action_kouhyou_detail_004_kani=true&JigyosyoCd=1494200122-00&ServiceCd=780&Type=search" }, "geometry": { "type": "Point", "coordinates": [ 139.4226253, 35.4675199 ] } },
{ "type": "Feature", "properties": { "内容": "サンライズ・ヴィラさがみ野　デイサービスセンター【地域密着型通所介護】神奈川県海老名市東柏ヶ谷3-4-8", "url2": "https://www.kaigokensaku.mhlw.go.jp/14/index.php?action_kouhyou_detail_004_kani=true&JigyosyoCd=1474200662-00&ServiceCd=780&Type=search" }, "geometry": { "type": "Point", "coordinates": [ 139.430316299999959, 35.4716571 ] } },
{ "type": "Feature", "properties": { "内容": "デイサービスいずみ【地域密着型通所介護】神奈川県海老名市門沢橋４－３－１５", "url2": "https://www.kaigokensaku.mhlw.go.jp/14/index.php?action_kouhyou_detail_004_kani=true&JigyosyoCd=1474201124-00&ServiceCd=780&Type=search" }, "geometry": { "type": "Point", "coordinates": [ 139.380341600000065, 35.4042639 ] } },
{ "type": "Feature", "properties": { "内容": "伴走型デイサービスぴぃす本舗【地域密着型通所介護】神奈川県海老名市中新田1-4-1", "url2": "https://www.kaigokensaku.mhlw.go.jp/14/index.php?action_kouhyou_detail_004_kani=true&JigyosyoCd=1494200163-00&ServiceCd=780&Type=search" }, "geometry": { "type": "Point", "coordinates": [ 139.3853646, 35.4428626 ] } },
{ "type": "Feature", "properties": { "内容": "レコードブック海老名中央【地域密着型通所介護】神奈川県海老名市中央3-5-5三幸中央ビル1階", "url2": "https://www.kaigokensaku.mhlw.go.jp/14/index.php?action_kouhyou_detail_004_kani=true&JigyosyoCd=1494200171-00&ServiceCd=780&Type=search" }, "geometry": { "type": "Point", "coordinates": [ 139.3874178, 35.4491646 ] } },
{ "type": "Feature", "properties": { "内容": "デイサービス　いちにいさん【地域密着型通所介護】神奈川県海老名市本郷1689-1", "url2": "https://www.kaigokensaku.mhlw.go.jp/14/index.php?action_kouhyou_detail_004_kani=true&JigyosyoCd=1474200886-00&ServiceCd=780&Type=search" }, "geometry": { "type": "Point", "coordinates": [ 139.3890801, 35.406875 ] } },
{ "type": "Feature", "properties": { "内容": "リビングケア唯の郷　栗原中央【地域密着型通所介護】神奈川県座間市栗原中央1丁目34番50", "url2": "https://www.kaigokensaku.mhlw.go.jp/14/index.php?action_kouhyou_detail_004_kani=true&JigyosyoCd=1494100140-00&ServiceCd=780&Type=search" }, "geometry": { "type": "Point", "coordinates": [ 139.414687918385312, 35.490448219396384 ] } },
{ "type": "Feature", "properties": { "内容": "インクルーシブデイサービスippo【地域密着型通所介護】神奈川県座間市相武台3-42-58グリーンコート相武1F", "url2": "https://www.kaigokensaku.mhlw.go.jp/14/index.php?action_kouhyou_detail_004_kani=true&JigyosyoCd=1494100264-00&ServiceCd=780&Type=search" }, "geometry": { "type": "Point", "coordinates": [ 139.410184, 35.4995121 ] } },
{ "type": "Feature", "properties": { "内容": "半日型入浴特化デイ　ほしのたにの湯【地域密着型通所介護】神奈川県座間市入谷東4-60-33", "url2": "https://www.kaigokensaku.mhlw.go.jp/14/index.php?action_kouhyou_detail_004_kani=true&JigyosyoCd=1494100272-00&ServiceCd=780&Type=search" }, "geometry": { "type": "Point", "coordinates": [ 139.400147984655746, 35.475040835064618 ] } },
{ "type": "Feature", "properties": { "内容": "デイサービス　リビング暖らん【地域密着型通所介護】神奈川県座間市相武台1-35-7第26菊地ビル402", "url2": "https://www.kaigokensaku.mhlw.go.jp/14/index.php?action_kouhyou_detail_004_kani=true&JigyosyoCd=1494100280-00&ServiceCd=780&Type=search" }, "geometry": { "type": "Point", "coordinates": [ 139.4072689, 35.4991815 ] } },
{ "type": "Feature", "properties": { "内容": "デイサービス　カナンの家【地域密着型通所介護】神奈川県座間市立野台1-8-37", "url2": "https://www.kaigokensaku.mhlw.go.jp/14/index.php?action_kouhyou_detail_004_kani=true&JigyosyoCd=1474100409-00&ServiceCd=780&Type=search" }, "geometry": { "type": "Point", "coordinates": [ 139.410998, 35.4839796 ] } },
{ "type": "Feature", "properties": { "内容": "デイサービス　オレンジクラブ【地域密着型通所介護】神奈川県座間市相模が丘４－１９－４５", "url2": "https://www.kaigokensaku.mhlw.go.jp/14/index.php?action_kouhyou_detail_004_kani=true&JigyosyoCd=1474100482-00&ServiceCd=780&Type=search" }, "geometry": { "type": "Point", "coordinates": [ 139.424050792443381, 35.506983578541302 ] } },
{ "type": "Feature", "properties": { "内容": "サロンディウェルハイム　ひばりが丘【地域密着型通所介護】神奈川県座間市ひばりが丘5-14-27", "url2": "https://www.kaigokensaku.mhlw.go.jp/14/index.php?action_kouhyou_detail_004_kani=true&JigyosyoCd=1474100805-00&ServiceCd=780&Type=search" }, "geometry": { "type": "Point", "coordinates": [ 139.429399, 35.4909783 ] } },
{ "type": "Feature", "properties": { "内容": "ひばりデイサービス小田急相模原【地域密着型通所介護】神奈川県座間市相模が丘4-63-7ガーデンテラス小田急相模原3階", "url2": "https://www.kaigokensaku.mhlw.go.jp/14/index.php?action_kouhyou_detail_004_kani=true&JigyosyoCd=1474100904-00&ServiceCd=780&Type=search" }, "geometry": { "type": "Point", "coordinates": [ 139.4264766, 35.5027178 ] } },
{ "type": "Feature", "properties": { "内容": "茶話本舗デイサービス座間【地域密着型通所介護】神奈川県座間市入谷東３－２４－７", "url2": "https://www.kaigokensaku.mhlw.go.jp/14/index.php?action_kouhyou_detail_004_kani=true&JigyosyoCd=1474101134-00&ServiceCd=780&Type=search" }, "geometry": { "type": "Point", "coordinates": [ 139.404210879762331, 35.480068226644441 ] } },
{ "type": "Feature", "properties": { "内容": "ケアハーモニーデイサービス【地域密着型通所介護】神奈川県座間市相模が丘5-10-3四国屋ビル1階", "url2": "https://www.kaigokensaku.mhlw.go.jp/14/index.php?action_kouhyou_detail_004_kani=true&JigyosyoCd=1474101191-00&ServiceCd=780&Type=search" }, "geometry": { "type": "Point", "coordinates": [ 139.4227072, 35.5122823 ] } },
{ "type": "Feature", "properties": { "内容": "座間デイサービス小松原【地域密着型通所介護】神奈川県座間市小松原1-26-13メイプルⅤ102号室", "url2": "https://www.kaigokensaku.mhlw.go.jp/14/index.php?action_kouhyou_detail_004_kani=true&JigyosyoCd=1474101209-00&ServiceCd=780&Type=search" }, "geometry": { "type": "Point", "coordinates": [ 139.428934900000058, 35.4981825 ] } },
{ "type": "Feature", "properties": { "内容": "リビングケア唯の家座間緑ヶ丘【地域密着型通所介護】神奈川県座間市緑ヶ丘4-11-12リビングケア唯の家座間緑ヶ丘", "url2": "https://www.kaigokensaku.mhlw.go.jp/14/index.php?action_kouhyou_detail_004_kani=true&JigyosyoCd=1494100124-00&ServiceCd=780&Type=search" }, "geometry": { "type": "Point", "coordinates": [ 139.406741644821125, 35.495200486861357 ] } },
{ "type": "Feature", "properties": { "内容": "茜デイサービス【地域密着型通所介護】神奈川県座間市栗原中央1-31-24", "url2": "https://www.kaigokensaku.mhlw.go.jp/14/index.php?action_kouhyou_detail_004_kani=true&JigyosyoCd=1494100157-00&ServiceCd=780&Type=search" }, "geometry": { "type": "Point", "coordinates": [ 139.415529399999969, 35.488335700000022 ] } },
{ "type": "Feature", "properties": { "内容": "デイサービスセンター　手をつな号【地域密着型通所介護】神奈川県座間市相模が丘５－４１－５７", "url2": "https://www.kaigokensaku.mhlw.go.jp/14/index.php?action_kouhyou_detail_004_kani=true&JigyosyoCd=1474100946-00&ServiceCd=780&Type=search" }, "geometry": { "type": "Point", "coordinates": [ 139.42744289999996, 35.5101577 ] } },
{ "type": "Feature", "properties": { "内容": "おけいこサロン　寿【地域密着型通所介護】神奈川県座間市南栗原6丁目17-8グランデアロー1F", "url2": "https://www.kaigokensaku.mhlw.go.jp/14/index.php?action_kouhyou_detail_004_kani=true&JigyosyoCd=1474100987-00&ServiceCd=780&Type=search" }, "geometry": { "type": "Point", "coordinates": [ 139.4160895, 35.4723733 ] } },
{ "type": "Feature", "properties": { "内容": "わ～くすケア座間【地域密着型通所介護】神奈川県座間市小松原1-22-12", "url2": "https://www.kaigokensaku.mhlw.go.jp/14/index.php?action_kouhyou_detail_004_kani=true&JigyosyoCd=1474100995-00&ServiceCd=780&Type=search" }, "geometry": { "type": "Point", "coordinates": [ 139.4286309, 35.5010569 ] } },
{ "type": "Feature", "properties": { "内容": "ひばりデイサービス座間【地域密着型通所介護】神奈川県座間市座間1-3412-1ガーデンテラス座間1階", "url2": "https://www.kaigokensaku.mhlw.go.jp/14/index.php?action_kouhyou_detail_004_kani=true&JigyosyoCd=1474101266-00&ServiceCd=780&Type=search" }, "geometry": { "type": "Point", "coordinates": [ 139.393296600000014, 35.4904926 ] } },
{ "type": "Feature", "properties": { "内容": "デイサービスりぼん座間【地域密着型通所介護】神奈川県座間市南栗原4-29-9", "url2": "https://www.kaigokensaku.mhlw.go.jp/14/index.php?action_kouhyou_detail_004_kani=true&JigyosyoCd=1494100165-00&ServiceCd=780&Type=search" }, "geometry": { "type": "Point", "coordinates": [ 139.419164300000034, 35.46936 ] } },
{ "type": "Feature", "properties": { "内容": "レコードブック座間相模【地域密着型通所介護】神奈川県座間市相模が丘3-57-1光鶴園ビル1F", "url2": "https://www.kaigokensaku.mhlw.go.jp/14/index.php?action_kouhyou_detail_004_kani=true&JigyosyoCd=1494100173-00&ServiceCd=780&Type=search" }, "geometry": { "type": "Point", "coordinates": [ 139.421043599999962, 35.5063255 ] } },
{ "type": "Feature", "properties": { "内容": "レコードブック座間中宿【地域密着型通所介護】神奈川県座間市座間1-4191-2", "url2": "https://www.kaigokensaku.mhlw.go.jp/14/index.php?action_kouhyou_detail_004_kani=true&JigyosyoCd=1494100249-00&ServiceCd=780&Type=search" }, "geometry": { "type": "Point", "coordinates": [ 139.391379, 35.4884585 ] } },
{ "type": "Feature", "properties": { "内容": "くつろぎ処　夢みん♡【地域密着型通所介護】神奈川県座間市入谷西3-10-28", "url2": "https://www.kaigokensaku.mhlw.go.jp/14/index.php?action_kouhyou_detail_004_kani=true&JigyosyoCd=1474100839-00&ServiceCd=780&Type=search" }, "geometry": { "type": "Point", "coordinates": [ 139.397455559250062, 35.484384616948539 ] } },
{ "type": "Feature", "properties": { "内容": "くつろぎ処　榮みん【地域密着型通所介護】神奈川県座間市入谷東４－１６－３", "url2": "https://www.kaigokensaku.mhlw.go.jp/14/index.php?action_kouhyou_detail_004_kani=true&JigyosyoCd=1494100223-00&ServiceCd=780&Type=search" }, "geometry": { "type": "Point", "coordinates": [ 139.407016910494178, 35.476734375271278 ] } },
{ "type": "Feature", "properties": { "内容": "ゆめの木座間【地域密着型通所介護】神奈川県座間市座間1-3059-1ゆうペットシニア2階ゆうペットシニア2階", "url2": "https://www.kaigokensaku.mhlw.go.jp/14/index.php?action_kouhyou_detail_004_kani=true&JigyosyoCd=1494100181-00&ServiceCd=780&Type=search" }, "geometry": { "type": "Point", "coordinates": [ 139.39304560000005, 35.4896355 ] } },
{ "type": "Feature", "properties": { "内容": "リビングケア唯の郷関本【地域密着型通所介護】神奈川県南足柄市関本15-1", "url2": "https://www.kaigokensaku.mhlw.go.jp/14/index.php?action_kouhyou_detail_004_kani=true&JigyosyoCd=1474300553-00&ServiceCd=780&Type=search" }, "geometry": { "type": "Point", "coordinates": [ 139.105860600000028, 35.3213509 ] } },
{ "type": "Feature", "properties": { "内容": "潤生園やすらぎの家沼田【地域密着型通所介護】神奈川県南足柄市沼田237", "url2": "https://www.kaigokensaku.mhlw.go.jp/14/index.php?action_kouhyou_detail_004_kani=true&JigyosyoCd=1494300229-00&ServiceCd=780&Type=search" }, "geometry": { "type": "Point", "coordinates": [ 139.1288918, 35.2909882 ] } },
{ "type": "Feature", "properties": { "内容": "ケアセンター草の家【地域密着型通所介護】神奈川県南足柄市班目460", "url2": "https://www.kaigokensaku.mhlw.go.jp/14/index.php?action_kouhyou_detail_004_kani=true&JigyosyoCd=1474300066-00&ServiceCd=780&Type=search" }, "geometry": { "type": "Point", "coordinates": [ 139.103533700000014, 35.3427882 ] } },
{ "type": "Feature", "properties": { "内容": "南足柄市通所介護事業所【地域密着型通所介護】神奈川県南足柄市広町４８－１南足柄市保健医療福祉センター", "url2": "https://www.kaigokensaku.mhlw.go.jp/14/index.php?action_kouhyou_detail_004_kani=true&JigyosyoCd=1474300041-00&ServiceCd=780&Type=search" }, "geometry": { "type": "Point", "coordinates": [ 139.098172699999964, 35.3195074 ] } },
{ "type": "Feature", "properties": { "内容": "潤生園　やすらぎの家和田河原【地域密着型通所介護】神奈川県南足柄市和田河原871", "url2": "https://www.kaigokensaku.mhlw.go.jp/14/index.php?action_kouhyou_detail_004_kani=true&JigyosyoCd=1474300256-00&ServiceCd=780&Type=search" }, "geometry": { "type": "Point", "coordinates": [ 139.1174124, 35.3150775 ] } },
{ "type": "Feature", "properties": { "内容": "デイサービス　イルカの家　あしがら【地域密着型通所介護】神奈川県南足柄市壗下４４２－２", "url2": "https://www.kaigokensaku.mhlw.go.jp/14/index.php?action_kouhyou_detail_004_kani=true&JigyosyoCd=1474300264-00&ServiceCd=780&Type=search" }, "geometry": { "type": "Point", "coordinates": [ 139.11144539999998, 35.3321607 ] } },
{ "type": "Feature", "properties": { "内容": "茶話本舗デイサービス大雄山亭【地域密着型通所介護】神奈川県南足柄市狩野72-3", "url2": "https://www.kaigokensaku.mhlw.go.jp/14/index.php?action_kouhyou_detail_004_kani=true&JigyosyoCd=1474300330-00&ServiceCd=780&Type=search" }, "geometry": { "type": "Point", "coordinates": [ 139.10989369999993, 35.3170157 ] } },
{ "type": "Feature", "properties": { "内容": "機能訓練特化型デイサービス　楽動　南足柄店【地域密着型通所介護】神奈川県南足柄市関本609-13", "url2": "https://www.kaigokensaku.mhlw.go.jp/14/index.php?action_kouhyou_detail_004_kani=true&JigyosyoCd=1474300454-00&ServiceCd=780&Type=search" }, "geometry": { "type": "Point", "coordinates": [ 139.103735528836097, 35.320351078049406 ] } },
{ "type": "Feature", "properties": { "内容": "デイサービス　こむ【地域密着型通所介護】神奈川県南足柄市塚原2518", "url2": "https://www.kaigokensaku.mhlw.go.jp/14/index.php?action_kouhyou_detail_004_kani=true&JigyosyoCd=1474300504-00&ServiceCd=780&Type=search" }, "geometry": { "type": "Point", "coordinates": [ 139.123920799999951, 35.301391 ] } },
{ "type": "Feature", "properties": { "内容": "リビングケア唯の家　南足柄【地域密着型通所介護】神奈川県南足柄市関本643-5", "url2": "https://www.kaigokensaku.mhlw.go.jp/14/index.php?action_kouhyou_detail_004_kani=true&JigyosyoCd=1494300112-00&ServiceCd=780&Type=search" }, "geometry": { "type": "Point", "coordinates": [ 139.105739009262123, 35.31990348513348 ] } },
{ "type": "Feature", "properties": { "内容": "こむ竹松　デイサービス　えむ【地域密着型通所介護】神奈川県南足柄市竹松973-2", "url2": "https://www.kaigokensaku.mhlw.go.jp/14/index.php?action_kouhyou_detail_004_kani=true&JigyosyoCd=1494300179-00&ServiceCd=780&Type=search" }, "geometry": { "type": "Point", "coordinates": [ 139.1173029, 35.3244467 ] } },
{ "type": "Feature", "properties": { "内容": "リッチライトデイサービスセンター【地域密着型通所介護】神奈川県南足柄市塚原2611-1", "url2": "https://www.kaigokensaku.mhlw.go.jp/14/index.php?action_kouhyou_detail_004_kani=true&JigyosyoCd=1474300371-00&ServiceCd=780&Type=search" }, "geometry": { "type": "Point", "coordinates": [ 139.125525613491817, 35.302690641380856 ] } },
{ "type": "Feature", "properties": { "内容": "潤生園やすらぎの家和田河原別館【地域密着型通所介護】神奈川県南足柄市和田河原549-5", "url2": "https://www.kaigokensaku.mhlw.go.jp/14/index.php?action_kouhyou_detail_004_kani=true&JigyosyoCd=1474300405-00&ServiceCd=780&Type=search" }, "geometry": { "type": "Point", "coordinates": [ 139.119175899999959, 35.3170051 ] } },
{ "type": "Feature", "properties": { "内容": "リビングケア唯の郷　南足柄【地域密着型通所介護】神奈川県南足柄市関本832-2", "url2": "https://www.kaigokensaku.mhlw.go.jp/14/index.php?action_kouhyou_detail_004_kani=true&JigyosyoCd=1474300520-00&ServiceCd=780&Type=search" }, "geometry": { "type": "Point", "coordinates": [ 139.107501561376921, 35.320293608021807 ] } },
{ "type": "Feature", "properties": { "内容": "リビングケア唯の家　関本【地域密着型通所介護】神奈川県南足柄市関本14-1", "url2": "https://www.kaigokensaku.mhlw.go.jp/14/index.php?action_kouhyou_detail_004_kani=true&JigyosyoCd=1474300546-00&ServiceCd=780&Type=search" }, "geometry": { "type": "Point", "coordinates": [ 139.918585900000039, 36.2490998 ] } },
{ "type": "Feature", "properties": { "内容": "運動器機能向上型通所サービスとれさぽ【地域密着型通所介護】神奈川県南足柄市狩野４９４番地川下ビル１階", "url2": "https://www.kaigokensaku.mhlw.go.jp/14/index.php?action_kouhyou_detail_004_kani=true&JigyosyoCd=1494300187-00&ServiceCd=780&Type=search" }, "geometry": { "type": "Point", "coordinates": [ 139.1074374, 35.3111805 ] } },
{ "type": "Feature", "properties": { "内容": "デイサービス　菜の花【地域密着型通所介護】神奈川県綾瀬市落合北4-12-57", "url2": "https://www.kaigokensaku.mhlw.go.jp/14/index.php?action_kouhyou_detail_004_kani=true&JigyosyoCd=1494400136-00&ServiceCd=780&Type=search" }, "geometry": { "type": "Point", "coordinates": [ 139.439749500000062, 35.421168 ] } },
{ "type": "Feature", "properties": { "内容": "リビングケア唯の家　綾瀬寺尾台西【地域密着型通所介護】神奈川県綾瀬市寺尾台1-12-34-1", "url2": "https://www.kaigokensaku.mhlw.go.jp/14/index.php?action_kouhyou_detail_004_kani=true&JigyosyoCd=1494400094-00&ServiceCd=780&Type=search" }, "geometry": { "type": "Point", "coordinates": [ 139.420642300000054, 35.4580419 ] } },
{ "type": "Feature", "properties": { "内容": "デイケアセンター　エポック【地域密着型通所介護】神奈川県綾瀬市大上5-27-8デイケアセンター　エポック", "url2": "https://www.kaigokensaku.mhlw.go.jp/14/index.php?action_kouhyou_detail_004_kani=true&JigyosyoCd=1474400114-00&ServiceCd=780&Type=search" }, "geometry": { "type": "Point", "coordinates": [ 139.425158499999952, 35.4641469 ] } },
{ "type": "Feature", "properties": { "内容": "リビングケア唯の郷綾瀬寺尾台東【地域密着型通所介護】神奈川県綾瀬市寺尾台1‐12‐34‐2リビングケア唯の郷綾瀬寺尾台東", "url2": "https://www.kaigokensaku.mhlw.go.jp/14/index.php?action_kouhyou_detail_004_kani=true&JigyosyoCd=1494400102-00&ServiceCd=780&Type=search" }, "geometry": { "type": "Point", "coordinates": [ 139.420642300000054, 35.4580419 ] } },
{ "type": "Feature", "properties": { "内容": "ワークステーション蒼組【地域密着型通所介護】神奈川県綾瀬市深谷中7-26-20", "url2": "https://www.kaigokensaku.mhlw.go.jp/14/index.php?action_kouhyou_detail_004_kani=true&JigyosyoCd=1494400169-00&ServiceCd=780&Type=search" }, "geometry": { "type": "Point", "coordinates": [ 139.4397349, 35.4353761 ] } },
{ "type": "Feature", "properties": { "内容": "サロンデイ綾瀬【地域密着型通所介護】神奈川県綾瀬市早川3211リネスマンション店舗1階", "url2": "https://www.kaigokensaku.mhlw.go.jp/14/index.php?action_kouhyou_detail_004_kani=true&JigyosyoCd=1474400510-00&ServiceCd=780&Type=search" }, "geometry": { "type": "Point", "coordinates": [ 139.403821599999986, 35.4464682 ] } },
{ "type": "Feature", "properties": { "内容": "デイサービスユニコ【地域密着型通所介護】神奈川県綾瀬市綾西3丁目13-16", "url2": "https://www.kaigokensaku.mhlw.go.jp/14/index.php?action_kouhyou_detail_004_kani=true&JigyosyoCd=1494400185-00&ServiceCd=780&Type=search" }, "geometry": { "type": "Point", "coordinates": [ 139.4115667, 35.429922 ] } },
{ "type": "Feature", "properties": { "内容": "プラスワンサポートNanairo【地域密着型通所介護】神奈川県綾瀬市早川城山5－5－8", "url2": "https://www.kaigokensaku.mhlw.go.jp/14/index.php?action_kouhyou_detail_004_kani=true&JigyosyoCd=1494400201-00&ServiceCd=780&Type=search" }, "geometry": { "type": "Point", "coordinates": [ 139.4235043, 35.4420946 ] } },
{ "type": "Feature", "properties": { "内容": "アロハオハナ　デイサービスセンター【地域密着型通所介護】神奈川県三浦郡葉山町堀内2184-29", "url2": "https://www.kaigokensaku.mhlw.go.jp/14/index.php?action_kouhyou_detail_004_kani=true&JigyosyoCd=1471100295-00&ServiceCd=780&Type=search" }, "geometry": { "type": "Point", "coordinates": [ 139.59011107420497, 35.270715551743002 ] } },
{ "type": "Feature", "properties": { "内容": "ひばりデイサービス葉山【地域密着型通所介護】神奈川県三浦郡葉山町堀内251-1葉山うみのホテルサービスレジデンス", "url2": "https://www.kaigokensaku.mhlw.go.jp/14/index.php?action_kouhyou_detail_004_kani=true&JigyosyoCd=1491100069-00&ServiceCd=780&Type=search" }, "geometry": { "type": "Point", "coordinates": [ 139.5707715, 35.280502 ] } },
{ "type": "Feature", "properties": { "内容": "葉山グリーンヒルケアセンター【地域密着型通所介護】神奈川県三浦郡葉山町一色2448-6", "url2": "https://www.kaigokensaku.mhlw.go.jp/14/index.php?action_kouhyou_detail_004_kani=true&JigyosyoCd=1471100212-00&ServiceCd=780&Type=search" }, "geometry": { "type": "Point", "coordinates": [ 139.570753976057404, 35.2683667 ] } },
{ "type": "Feature", "properties": { "内容": "つどい処　さむかわ【地域密着型通所介護】神奈川県高座郡寒川町一之宮1-15-2", "url2": "https://www.kaigokensaku.mhlw.go.jp/14/index.php?action_kouhyou_detail_004_kani=true&JigyosyoCd=1471200269-00&ServiceCd=780&Type=search" }, "geometry": { "type": "Point", "coordinates": [ 139.385405399999968, 35.366029 ] } },
{ "type": "Feature", "properties": { "内容": "デイサービスミヨ【地域密着型通所介護】神奈川県高座郡寒川町小谷3-14-18", "url2": "https://www.kaigokensaku.mhlw.go.jp/14/index.php?action_kouhyou_detail_004_kani=true&JigyosyoCd=1491200075-00&ServiceCd=780&Type=search" }, "geometry": { "type": "Point", "coordinates": [ 139.3947131, 35.383839 ] } },
{ "type": "Feature", "properties": { "内容": "デイサービスリハビリスタジオМ【地域密着型通所介護】神奈川県高座郡寒川町小谷3-14-18", "url2": "https://www.kaigokensaku.mhlw.go.jp/14/index.php?action_kouhyou_detail_004_kani=true&JigyosyoCd=1491200083-00&ServiceCd=780&Type=search" }, "geometry": { "type": "Point", "coordinates": [ 139.3947131, 35.383839 ] } },
{ "type": "Feature", "properties": { "内容": "デイサービス　あいしまキャロット【地域密着型通所介護】神奈川県高座郡寒川町岡田1-10-2サンパレット１階", "url2": "https://www.kaigokensaku.mhlw.go.jp/14/index.php?action_kouhyou_detail_004_kani=true&JigyosyoCd=1471200442-00&ServiceCd=780&Type=search" }, "geometry": { "type": "Point", "coordinates": [ 139.395915899999977, 35.3753783 ] } },
{ "type": "Feature", "properties": { "内容": "きくの郷　デイリハ　一之宮【地域密着型通所介護】神奈川県高座郡寒川町一之宮2-23-11茅ヶ崎タワー1階", "url2": "https://www.kaigokensaku.mhlw.go.jp/14/index.php?action_kouhyou_detail_004_kani=true&JigyosyoCd=1491200042-00&ServiceCd=780&Type=search" }, "geometry": { "type": "Point", "coordinates": [ 139.381727899999987, 35.3655847 ] } },
{ "type": "Feature", "properties": { "内容": "大磯ケアセンター　さざれ石【地域密着型通所介護】神奈川県中郡大磯町大磯1352-1大磯町立福祉センター　さざれ石", "url2": "https://www.kaigokensaku.mhlw.go.jp/14/index.php?action_kouhyou_detail_004_kani=true&JigyosyoCd=1471300101-00&ServiceCd=780&Type=search" }, "geometry": { "type": "Point", "coordinates": [ 139.31397190000007, 35.306994199999984 ] } },
{ "type": "Feature", "properties": { "内容": "デイサービス　百年の杜　大磯【地域密着型通所介護】神奈川県中郡大磯町国府本郷88-1", "url2": "https://www.kaigokensaku.mhlw.go.jp/14/index.php?action_kouhyou_detail_004_kani=true&JigyosyoCd=1471300705-00&ServiceCd=780&Type=search" }, "geometry": { "type": "Point", "coordinates": [ 139.282872099999963, 35.3027334 ] } },
{ "type": "Feature", "properties": { "内容": "デイサービス悠悠苑大磯事業所【地域密着型通所介護】神奈川県中郡大磯町高麗2-19-18", "url2": "https://www.kaigokensaku.mhlw.go.jp/14/index.php?action_kouhyou_detail_004_kani=true&JigyosyoCd=1471300721-00&ServiceCd=780&Type=search" }, "geometry": { "type": "Point", "coordinates": [ 139.327597966270474, 35.323553051600221 ] } },
{ "type": "Feature", "properties": { "内容": "デイサービスセンター福寿荘【地域密着型通所介護】神奈川県中郡大磯町月京26-8", "url2": "https://www.kaigokensaku.mhlw.go.jp/14/index.php?action_kouhyou_detail_004_kani=true&JigyosyoCd=1471300440-00&ServiceCd=780&Type=search" }, "geometry": { "type": "Point", "coordinates": [ 139.276377163468482, 35.309603434465451 ] } },
{ "type": "Feature", "properties": { "内容": "デイサービスきんかん大磯【地域密着型通所介護】神奈川県中郡大磯町高麗2丁目17番10号", "url2": "https://www.kaigokensaku.mhlw.go.jp/14/index.php?action_kouhyou_detail_004_kani=true&JigyosyoCd=1471300770-00&ServiceCd=780&Type=search" }, "geometry": { "type": "Point", "coordinates": [ 139.327042800694244, 35.322301330169417 ] } },
{ "type": "Feature", "properties": { "内容": "サロンデイ二宮【地域密着型通所介護】神奈川県中郡二宮町一色1313-7", "url2": "https://www.kaigokensaku.mhlw.go.jp/14/index.php?action_kouhyou_detail_004_kani=true&JigyosyoCd=1471300671-00&ServiceCd=780&Type=search" }, "geometry": { "type": "Point", "coordinates": [ 139.2450361, 35.3125397 ] } },
{ "type": "Feature", "properties": { "内容": "デイ　つばさ【地域密着型通所介護】神奈川県中郡二宮町中里731-3", "url2": "https://www.kaigokensaku.mhlw.go.jp/14/index.php?action_kouhyou_detail_004_kani=true&JigyosyoCd=1471300242-00&ServiceCd=780&Type=search" }, "geometry": { "type": "Point", "coordinates": [ 139.250877400000036, 35.308943 ] } },
{ "type": "Feature", "properties": { "内容": "デイサービス　ぽっかぽか二宮【地域密着型通所介護】神奈川県中郡二宮町二宮1273-23", "url2": "https://www.kaigokensaku.mhlw.go.jp/14/index.php?action_kouhyou_detail_004_kani=true&JigyosyoCd=1471300796-00&ServiceCd=780&Type=search" }, "geometry": { "type": "Point", "coordinates": [ 139.255707799999982, 35.3046046 ] } },
{ "type": "Feature", "properties": { "内容": "ザ・中井プライム　リハビリSPA【地域密着型通所介護】神奈川県足柄上郡中井町井ノ口1876-1", "url2": "https://www.kaigokensaku.mhlw.go.jp/14/index.php?action_kouhyou_detail_004_kani=true&JigyosyoCd=1471400778-00&ServiceCd=780&Type=search" }, "geometry": { "type": "Point", "coordinates": [ 139.229625148765507, 35.337812912798555 ] } },
{ "type": "Feature", "properties": { "内容": "おうち　DE　介護【地域密着型通所介護】神奈川県足柄上郡大井町金子947-3", "url2": "https://www.kaigokensaku.mhlw.go.jp/14/index.php?action_kouhyou_detail_004_kani=true&JigyosyoCd=1471400554-00&ServiceCd=780&Type=search" }, "geometry": { "type": "Point", "coordinates": [ 139.146297299999986, 35.3352644 ] } },
{ "type": "Feature", "properties": { "内容": "フレイル予防型デイサービス楽動　大井店【地域密着型通所介護】神奈川県足柄上郡大井町金子1771-1", "url2": "https://www.kaigokensaku.mhlw.go.jp/14/index.php?action_kouhyou_detail_004_kani=true&JigyosyoCd=1491400170-00&ServiceCd=780&Type=search" }, "geometry": { "type": "Point", "coordinates": [ 139.157222050926208, 35.32993728203683 ] } },
{ "type": "Feature", "properties": { "内容": "ケアセンター　レストフルヴィレッジ【地域密着型通所介護】神奈川県足柄上郡松田町寄３０９０－１特別養護老人ホーム　レストフルヴィレッジ", "url2": "https://www.kaigokensaku.mhlw.go.jp/14/index.php?action_kouhyou_detail_004_kani=true&JigyosyoCd=1471400596-00&ServiceCd=780&Type=search" }, "geometry": { "type": "Point", "coordinates": [ 139.137269300000071, 35.399952 ] } },
{ "type": "Feature", "properties": { "内容": "ふらっと足柄【地域密着型通所介護】神奈川県足柄上郡松田町松田惣領1249", "url2": "https://www.kaigokensaku.mhlw.go.jp/14/index.php?action_kouhyou_detail_004_kani=true&JigyosyoCd=1491400261-00&ServiceCd=780&Type=search" }, "geometry": { "type": "Point", "coordinates": [ 139.139509084061444, 35.346495882847528 ] } },
{ "type": "Feature", "properties": { "内容": "リッチライトやまきた【地域密着型通所介護】神奈川県足柄上郡山北町向原1640-2", "url2": "https://www.kaigokensaku.mhlw.go.jp/14/index.php?action_kouhyou_detail_004_kani=true&JigyosyoCd=1471400836-00&ServiceCd=780&Type=search" }, "geometry": { "type": "Point", "coordinates": [ 139.1023705, 35.3615085 ] } },
{ "type": "Feature", "properties": { "内容": "フィットケアカネコ　開成支店【地域密着型通所介護】神奈川県足柄上郡開成町中之名2", "url2": "https://www.kaigokensaku.mhlw.go.jp/14/index.php?action_kouhyou_detail_004_kani=true&JigyosyoCd=1471400752-00&ServiceCd=780&Type=search" }, "geometry": { "type": "Point", "coordinates": [ 139.11993648255114, 35.332888331514873 ] } },
{ "type": "Feature", "properties": { "内容": "carenフィジカルケアセンター【地域密着型通所介護】神奈川県足柄上郡開成町吉田島4319-1小田急開成駅前ビル1階", "url2": "https://www.kaigokensaku.mhlw.go.jp/14/index.php?action_kouhyou_detail_004_kani=true&JigyosyoCd=1491400212-00&ServiceCd=780&Type=search" }, "geometry": { "type": "Point", "coordinates": [ 139.136717, 35.3266574 ] } },
{ "type": "Feature", "properties": { "内容": "デイサービス　あゆみ【地域密着型通所介護】神奈川県足柄上郡開成町宮台184-3", "url2": "https://www.kaigokensaku.mhlw.go.jp/14/index.php?action_kouhyou_detail_004_kani=true&JigyosyoCd=1471400430-00&ServiceCd=780&Type=search" }, "geometry": { "type": "Point", "coordinates": [ 139.120529200602761, 35.328429930275597 ] } },
{ "type": "Feature", "properties": { "内容": "ハートフルデイサービス安養【地域密着型通所介護】神奈川県足柄下郡箱根町湯本364", "url2": "https://www.kaigokensaku.mhlw.go.jp/14/index.php?action_kouhyou_detail_004_kani=true&JigyosyoCd=1471500684-00&ServiceCd=780&Type=search" }, "geometry": { "type": "Point", "coordinates": [ 139.107534799999939, 35.2310583 ] } },
{ "type": "Feature", "properties": { "内容": "はこね社協サービスセンター通所介護【地域密着型通所介護】神奈川県足柄下郡箱根町湯本855", "url2": "https://www.kaigokensaku.mhlw.go.jp/14/index.php?action_kouhyou_detail_004_kani=true&JigyosyoCd=1471500692-00&ServiceCd=780&Type=search" }, "geometry": { "type": "Point", "coordinates": [ 139.110801, 35.2347412 ] } },
{ "type": "Feature", "properties": { "内容": "リハビリ特化型デイサービス　楽動　真鶴店【地域密着型通所介護】神奈川県足柄下郡真鶴町真鶴1903-6ハイツ塔ノ入101", "url2": "https://www.kaigokensaku.mhlw.go.jp/14/index.php?action_kouhyou_detail_004_kani=true&JigyosyoCd=1471500940-00&ServiceCd=780&Type=search" }, "geometry": { "type": "Point", "coordinates": [ 139.131597599999964, 35.160395 ] } },
{ "type": "Feature", "properties": { "内容": "BODY　CARE　縁【地域密着型通所介護】神奈川県足柄下郡湯河原町中央1-10-15", "url2": "https://www.kaigokensaku.mhlw.go.jp/14/index.php?action_kouhyou_detail_004_kani=true&JigyosyoCd=1491500094-00&ServiceCd=780&Type=search" }, "geometry": { "type": "Point", "coordinates": [ 139.110051547107531, 35.145888971453743 ] } },
{ "type": "Feature", "properties": { "内容": "まごころデイサービス湯河原【地域密着型通所介護】神奈川県足柄下郡湯河原町中央4-4-5", "url2": "https://www.kaigokensaku.mhlw.go.jp/14/index.php?action_kouhyou_detail_004_kani=true&JigyosyoCd=1471500726-00&ServiceCd=780&Type=search" }, "geometry": { "type": "Point", "coordinates": [ 139.113330099999985, 35.1502723 ] } },
{ "type": "Feature", "properties": { "内容": "デイサービス　おとなの寺子屋【地域密着型通所介護】神奈川県足柄下郡湯河原町吉浜1890-6", "url2": "https://www.kaigokensaku.mhlw.go.jp/14/index.php?action_kouhyou_detail_004_kani=true&JigyosyoCd=1471500882-00&ServiceCd=780&Type=search" }, "geometry": { "type": "Point", "coordinates": [ 139.1166694601188, 35.155955972954509 ] } },
{ "type": "Feature", "properties": { "内容": "有限会社宅老所吉浜【地域密着型通所介護】神奈川県足柄下郡湯河原町吉浜1980-85", "url2": "https://www.kaigokensaku.mhlw.go.jp/14/index.php?action_kouhyou_detail_004_kani=true&JigyosyoCd=1471500338-00&ServiceCd=780&Type=search" }, "geometry": { "type": "Point", "coordinates": [ 139.123473399999966, 35.1629582 ] } },
{ "type": "Feature", "properties": { "内容": "健康ハーフデイ春日台【地域密着型通所介護】神奈川県愛甲郡愛川町中津2165-1", "url2": "https://www.kaigokensaku.mhlw.go.jp/14/index.php?action_kouhyou_detail_004_kani=true&JigyosyoCd=1491600118-00&ServiceCd=780&Type=search" }, "geometry": { "type": "Point", "coordinates": [ 135.4898433, 34.712297200000023 ] } },
{ "type": "Feature", "properties": { "内容": "ファミリー介護サービス愛川店【地域密着型通所介護】神奈川県愛甲郡愛川町春日台3-2-1", "url2": "https://www.kaigokensaku.mhlw.go.jp/14/index.php?action_kouhyou_detail_004_kani=true&JigyosyoCd=1471600237-00&ServiceCd=780&Type=search" }, "geometry": { "type": "Point", "coordinates": [ 139.334493299999963, 35.524549 ] } },
{ "type": "Feature", "properties": { "内容": "デイ・ケアセンター　ひまわり【地域密着型通所介護】神奈川県愛甲郡愛川町中津305-3", "url2": "https://www.kaigokensaku.mhlw.go.jp/14/index.php?action_kouhyou_detail_004_kani=true&JigyosyoCd=1471600351-00&ServiceCd=780&Type=search" }, "geometry": { "type": "Point", "coordinates": [ 139.332141, 35.5186416 ] } },
{ "type": "Feature", "properties": { "内容": "健康ハーフデイ愛川【地域密着型通所介護】神奈川県愛甲郡愛川町中津728-7栄マンション1B", "url2": "https://www.kaigokensaku.mhlw.go.jp/14/index.php?action_kouhyou_detail_004_kani=true&JigyosyoCd=1491600050-00&ServiceCd=780&Type=search" }, "geometry": { "type": "Point", "coordinates": [ 139.335718600000064, 35.5144589 ] } },
{ "type": "Feature", "properties": { "内容": "デイサービスさくら（愛川運動機能回復センター）【地域密着型通所介護】神奈川県愛甲郡愛川町中津１３４－３", "url2": "https://www.kaigokensaku.mhlw.go.jp/14/index.php?action_kouhyou_detail_004_kani=true&JigyosyoCd=1471600179-00&ServiceCd=780&Type=search" }, "geometry": { "type": "Point", "coordinates": [ 139.329399599999988, 35.5193303 ] } },
{ "type": "Feature", "properties": { "内容": "デイサービスあすなろ【地域密着型通所介護】神奈川県愛甲郡愛川町中津１５６８番地", "url2": "https://www.kaigokensaku.mhlw.go.jp/14/index.php?action_kouhyou_detail_004_kani=true&JigyosyoCd=1471600294-00&ServiceCd=780&Type=search" }, "geometry": { "type": "Point", "coordinates": [ 139.330949, 35.5295427 ] } },
{ "type": "Feature", "properties": { "内容": "だんらんの家　愛川【地域密着型通所介護】神奈川県愛甲郡愛川町中津34-3", "url2": "https://www.kaigokensaku.mhlw.go.jp/14/index.php?action_kouhyou_detail_004_kani=true&JigyosyoCd=1471600377-00&ServiceCd=780&Type=search" }, "geometry": { "type": "Point", "coordinates": [ 139.3250813, 35.522286700000016 ] } },
{ "type": "Feature", "properties": { "内容": "フォローライフ愛川【地域密着型通所介護】神奈川県愛甲郡愛川町中津731-5アサノビル1階", "url2": "https://www.kaigokensaku.mhlw.go.jp/14/index.php?action_kouhyou_detail_004_kani=true&JigyosyoCd=1471600385-00&ServiceCd=780&Type=search" }, "geometry": { "type": "Point", "coordinates": [ 139.336326900000017, 35.5140311 ] } },
{ "type": "Feature", "properties": { "内容": "デイサービスひだまり【地域密着型通所介護】神奈川県愛甲郡愛川町半原2822-1", "url2": "https://www.kaigokensaku.mhlw.go.jp/14/index.php?action_kouhyou_detail_004_kani=true&JigyosyoCd=1491600068-00&ServiceCd=780&Type=search" }, "geometry": { "type": "Point", "coordinates": [ 139.267344925323272, 35.536499563598184 ] } },
{ "type": "Feature", "properties": { "内容": "デイサービスはなもも【地域密着型通所介護】神奈川県愛甲郡愛川町半原3865-1", "url2": "https://www.kaigokensaku.mhlw.go.jp/14/index.php?action_kouhyou_detail_004_kani=true&JigyosyoCd=1491600100-00&ServiceCd=780&Type=search" }, "geometry": { "type": "Point", "coordinates": [ 139.271929699999987, 35.5357481 ] } },
{ "type": "Feature", "properties": { "内容": "清川村社会福祉協議会介護サービス事業所【地域密着型通所介護】神奈川県愛甲郡清川村煤ケ谷2220-1清川村保健福祉センターひまわり館1階", "url2": "https://www.kaigokensaku.mhlw.go.jp/14/index.php?action_kouhyou_detail_004_kani=true&JigyosyoCd=1471600062-00&ServiceCd=780&Type=search" }, "geometry": { "type": "Point", "coordinates": [ 139.276712099999941, 35.4816556 ] } }
]
}
