{
"type": "FeatureCollection",
"name": "geo_14_小規模多機能型居宅介護",
"crs": { "type": "name", "properties": { "name": "urn:ogc:def:crs:OGC:1.3:CRS84" } },
"features": [
{ "type": "Feature", "properties": { "内容": "ミモザ横浜獅子ヶ谷【小規模多機能型居宅介護】神奈川県横浜市鶴見区獅子ヶ谷2－38－46", "url": "https://www.kaigokensaku.mhlw.go.jp/14/index.php?action_kouhyou_detail_004_kani=true&JigyosyoCd=1490100425-00&ServiceCd=730&Type=search", "url2": "https://mimoza-care.com/facility/small-scale-multifunctional-home-care/post-1866/" }, "geometry": { "type": "Point", "coordinates": [ 139.647636799999987, 35.5239408 ] } },
{ "type": "Feature", "properties": { "内容": "ミモザ白寿庵東寺尾【小規模多機能型居宅介護】神奈川県横浜市鶴見区東寺尾６－８－１", "url": "https://www.kaigokensaku.mhlw.go.jp/14/index.php?action_kouhyou_detail_004_kani=true&JigyosyoCd=1490100110-00&ServiceCd=730&Type=search", "url2": "https://mimoza-care.com/facility/small-scale-multifunctional-home-care/post-1854/" }, "geometry": { "type": "Point", "coordinates": [ 139.6606501, 35.5054458 ] } },
{ "type": "Feature", "properties": { "内容": "クロスハート鶴見・横浜【小規模多機能型居宅介護】神奈川県横浜市鶴見区矢向3-30-1", "url": "https://www.kaigokensaku.mhlw.go.jp/14/index.php?action_kouhyou_detail_004_kani=true&JigyosyoCd=1490100177-00&ServiceCd=730&Type=search", "url2": "https://www.shinkoufukushikai.com/care/multifunctional/tsurumi-multi" }, "geometry": { "type": "Point", "coordinates": [ 139.681431410450728, 35.535475604022075 ] } },
{ "type": "Feature", "properties": { "内容": "小規模多機能型居宅介護　こでまり【小規模多機能型居宅介護】神奈川県横浜市鶴見区北寺尾2-8-14プティボア・1F", "url": "https://www.kaigokensaku.mhlw.go.jp/14/index.php?action_kouhyou_detail_004_kani=true&JigyosyoCd=1490100268-00&ServiceCd=730&Type=search", "url2": "https://shuhokai.or.jp/service/skt.php" }, "geometry": { "type": "Point", "coordinates": [ 139.661526318385313, 35.516823471660651 ] } },
{ "type": "Feature", "properties": { "内容": "小規模多機能型居宅介護ぼやあ樹江ケ崎町【小規模多機能型居宅介護】神奈川県横浜市鶴見区江ケ崎町22-4", "url": "https://www.kaigokensaku.mhlw.go.jp/14/index.php?action_kouhyou_detail_004_kani=true&JigyosyoCd=1490100433-00&ServiceCd=730&Type=search", "url2": "http://www.shelpa.jp/" }, "geometry": { "type": "Point", "coordinates": [ 139.672162, 35.5362861 ] } },
{ "type": "Feature", "properties": { "内容": "小規模多機能こすもす【小規模多機能型居宅介護】神奈川県横浜市鶴見区下野谷町4－163－1社会福祉法人うしおだビル1F", "url": "https://www.kaigokensaku.mhlw.go.jp/14/index.php?action_kouhyou_detail_004_kani=true&JigyosyoCd=1490100201-00&ServiceCd=730&Type=search", "url2": "http://shafuku-ushioda.or.jp/facilities05#01" }, "geometry": { "type": "Point", "coordinates": [ 139.6834288, 35.4984744 ] } },
{ "type": "Feature", "properties": { "内容": "小規模多機能型居宅介護　ひめゆり【小規模多機能型居宅介護】神奈川県横浜市鶴見区馬場3-9-29", "url": "https://www.kaigokensaku.mhlw.go.jp/14/index.php?action_kouhyou_detail_004_kani=true&JigyosyoCd=1490100284-00&ServiceCd=730&Type=search", "url2": "http://shuhokai.or.jp/maps/details/SKT_himeyuri.html" }, "geometry": { "type": "Point", "coordinates": [ 139.652961900000037, 35.5043126 ] } },
{ "type": "Feature", "properties": { "内容": "YMCAライフサポートセンター鶴見【小規模多機能型居宅介護】神奈川県横浜市鶴見区鶴見中央4-37-37リオベルデ鶴声2F　202", "url": "https://www.kaigokensaku.mhlw.go.jp/14/index.php?action_kouhyou_detail_004_kani=true&JigyosyoCd=1490100250-00&ServiceCd=730&Type=search", "url2": "http://www.yokohamaymca.org/branch/elderly_lifetsurumi.html" }, "geometry": { "type": "Point", "coordinates": [ 139.681464799999958, 35.5068317 ] } },
{ "type": "Feature", "properties": { "内容": "小規模多機能ホーム　つばさ【小規模多機能型居宅介護】神奈川県横浜市神奈川区羽沢町1200－50", "url": "https://www.kaigokensaku.mhlw.go.jp/14/index.php?action_kouhyou_detail_004_kani=true&JigyosyoCd=1490200175-00&ServiceCd=730&Type=search", "url2": "http://tsubasa-care.jp/tsubasa.html" }, "geometry": { "type": "Point", "coordinates": [ 139.5748059, 35.4896908 ] } },
{ "type": "Feature", "properties": { "内容": "小規模多機能ホーム　まほろば【小規模多機能型居宅介護】神奈川県横浜市神奈川区入江２－７－２７", "url": "https://www.kaigokensaku.mhlw.go.jp/14/index.php?action_kouhyou_detail_004_kani=true&JigyosyoCd=1490200241-00&ServiceCd=730&Type=search", "url2": "http://y-mahoroba.com" }, "geometry": { "type": "Point", "coordinates": [ 139.650971495700759, 35.490406041675399 ] } },
{ "type": "Feature", "properties": { "内容": "小規模多機能　地域の絆　三ツ沢【小規模多機能型居宅介護】神奈川県横浜市神奈川区三ツ沢中町5-22グリーンハウス1階", "url": "https://www.kaigokensaku.mhlw.go.jp/14/index.php?action_kouhyou_detail_004_kani=true&JigyosyoCd=1490200258-00&ServiceCd=730&Type=search", "url2": "http://life-friend.biz-agora.com" }, "geometry": { "type": "Point", "coordinates": [ 139.61058, 35.4763039 ] } },
{ "type": "Feature", "properties": { "内容": "小規模多機能型居宅介護　ぼやあ樹神大寺【小規模多機能型居宅介護】神奈川県横浜市神奈川区神大寺3-2-7KCハイム1階", "url": "https://www.kaigokensaku.mhlw.go.jp/14/index.php?action_kouhyou_detail_004_kani=true&JigyosyoCd=1490200308-00&ServiceCd=730&Type=search", "url2": "http://www.shelpa.jp/kandaiji/" }, "geometry": { "type": "Point", "coordinates": [ 139.607422, 35.482008799999988 ] } },
{ "type": "Feature", "properties": { "内容": "小規模多機能型居宅介護ぼやあ樹新子安【小規模多機能型居宅介護】神奈川県横浜市神奈川区子安通2-280ライフランド新子安1階", "url": "https://www.kaigokensaku.mhlw.go.jp/14/index.php?action_kouhyou_detail_004_kani=true&JigyosyoCd=1490200316-00&ServiceCd=730&Type=search", "url2": "http://www.shelpa.jp/shinkoyasu/" }, "geometry": { "type": "Point", "coordinates": [ 139.65435889814762, 35.485677892698966 ] } },
{ "type": "Feature", "properties": { "内容": "小規模多機能　地域の絆　横浜【小規模多機能型居宅介護】神奈川県横浜市神奈川区松ケ丘39-7", "url": "https://www.kaigokensaku.mhlw.go.jp/14/index.php?action_kouhyou_detail_004_kani=true&JigyosyoCd=1490200340-00&ServiceCd=730&Type=search", "url2": "http://life-friend.biz-agora.com/" }, "geometry": { "type": "Point", "coordinates": [ 139.619104, 35.4730959 ] } },
{ "type": "Feature", "properties": { "内容": "小規模多機能型居宅介護ぼやあ樹松本町【小規模多機能型居宅介護】神奈川県横浜市神奈川区松本町4-32-8", "url": "https://www.kaigokensaku.mhlw.go.jp/14/index.php?action_kouhyou_detail_004_kani=true&JigyosyoCd=1490200381-00&ServiceCd=730&Type=search", "url2": "https://www.shelpa.jp/matumotocho/" }, "geometry": { "type": "Point", "coordinates": [ 139.6192526324038, 35.477540011743677 ] } },
{ "type": "Feature", "properties": { "内容": "福祉クラブ生協小規模多機能サービス菅田事業所【小規模多機能型居宅介護】神奈川県横浜市神奈川区菅田町1781-1", "url": "https://www.kaigokensaku.mhlw.go.jp/14/index.php?action_kouhyou_detail_004_kani=true&JigyosyoCd=1490200456-00&ServiceCd=730&Type=search", "url2": "http://www.fukushi-club.net" }, "geometry": { "type": "Point", "coordinates": [ 139.5740836, 35.4940597 ] } },
{ "type": "Feature", "properties": { "内容": "小規模多機能型居宅介護　ぼやあ樹　平川町【小規模多機能型居宅介護】神奈川県横浜市神奈川区平川町10-7", "url": "https://www.kaigokensaku.mhlw.go.jp/14/index.php?action_kouhyou_detail_004_kani=true&JigyosyoCd=1490200555-00&ServiceCd=730&Type=search", "url2": "http://www.shelpa.jp/" }, "geometry": { "type": "Point", "coordinates": [ 139.627967300000023, 35.4805837 ] } },
{ "type": "Feature", "properties": { "内容": "小規模多機能フェローズかたくら【小規模多機能型居宅介護】神奈川県横浜市神奈川区片倉5-34-24", "url": "https://www.kaigokensaku.mhlw.go.jp/14/index.php?action_kouhyou_detail_004_kani=true&JigyosyoCd=1490200589-00&ServiceCd=730&Type=search", "url2": null }, "geometry": { "type": "Point", "coordinates": [ 139.610547499999939, 35.4928516 ] } },
{ "type": "Feature", "properties": { "内容": "小規模多機能施設にしてらお【小規模多機能型居宅介護】神奈川県横浜市神奈川区西寺尾2丁目39番18号小規模多機能施設にしてらお", "url": "https://www.kaigokensaku.mhlw.go.jp/14/index.php?action_kouhyou_detail_004_kani=true&JigyosyoCd=1490200845-00&ServiceCd=730&Type=search", "url2": "https://sounkai.com/" }, "geometry": { "type": "Point", "coordinates": [ 139.646484500000014, 35.4990387 ] } },
{ "type": "Feature", "properties": { "内容": "小規模多機能　地域の絆　大口【小規模多機能型居宅介護】神奈川県横浜市神奈川区松見町1-6-6三栄ビル１階", "url": "https://www.kaigokensaku.mhlw.go.jp/14/index.php?action_kouhyou_detail_004_kani=true&JigyosyoCd=1490200225-00&ServiceCd=730&Type=search", "url2": "https://life-friend.biz-agora.com/" }, "geometry": { "type": "Point", "coordinates": [ 139.552011099999959, 35.4296642 ] } },
{ "type": "Feature", "properties": { "内容": "パイナップル畑で【小規模多機能型居宅介護】神奈川県横浜市中区本郷町２-６３１階", "url": "https://www.kaigokensaku.mhlw.go.jp/14/index.php?action_kouhyou_detail_004_kani=true&JigyosyoCd=1490400098-00&ServiceCd=730&Type=search", "url2": "https://kandy886.wixsite.com/my-site" }, "geometry": { "type": "Point", "coordinates": [ 139.655948, 35.4328455 ] } },
{ "type": "Feature", "properties": { "内容": "小規模多機能型居宅介護事業所　みなみ本牧【小規模多機能型居宅介護】神奈川県横浜市中区本牧町２－３２９", "url": "https://www.kaigokensaku.mhlw.go.jp/14/index.php?action_kouhyou_detail_004_kani=true&JigyosyoCd=1490400312-00&ServiceCd=730&Type=search", "url2": "http://www.aikokai-minamigp.or.jp/" }, "geometry": { "type": "Point", "coordinates": [ 139.661201508598282, 35.430001590375845 ] } },
{ "type": "Feature", "properties": { "内容": "小規模多機能型居宅介護　ぼやあ樹　関内【小規模多機能型居宅介護】神奈川県横浜市中区翁町２－７－１０関内フレックスビル１階", "url": "https://www.kaigokensaku.mhlw.go.jp/14/index.php?action_kouhyou_detail_004_kani=true&JigyosyoCd=1490400387-00&ServiceCd=730&Type=search", "url2": "https://www.shelpa.jp/kannai/" }, "geometry": { "type": "Point", "coordinates": [ 139.637284162565635, 35.440759534280069 ] } },
{ "type": "Feature", "properties": { "内容": "ミモザ横浜永田みなみ台【小規模多機能型居宅介護】神奈川県横浜市南区永田みなみ台２－１－２１１南永田団地", "url": "https://www.kaigokensaku.mhlw.go.jp/14/index.php?action_kouhyou_detail_004_kani=true&JigyosyoCd=1490500079-00&ServiceCd=730&Type=search", "url2": "https://mimoza-care.com/facility/small-scale-multifunctional-home-care/post-1878/" }, "geometry": { "type": "Point", "coordinates": [ 139.5873643, 35.4325147 ] } },
{ "type": "Feature", "properties": { "内容": "ミモザ白寿庵横浜みなみの丘【小規模多機能型居宅介護】神奈川県横浜市南区六ツ川3-26-6", "url": "https://www.kaigokensaku.mhlw.go.jp/14/index.php?action_kouhyou_detail_004_kani=true&JigyosyoCd=1490500194-00&ServiceCd=730&Type=search", "url2": "https://mimoza-care.com/facility/small-scale-multifunctional-home-care/post-1891/" }, "geometry": { "type": "Point", "coordinates": [ 139.58055360000003, 35.4332811 ] } },
{ "type": "Feature", "properties": { "内容": "小規模多機能型居宅介護　ひなげし【小規模多機能型居宅介護】神奈川県横浜市南区大橋町1-1-5F-TERRACE1F", "url": "https://www.kaigokensaku.mhlw.go.jp/14/index.php?action_kouhyou_detail_004_kani=true&JigyosyoCd=1490500285-00&ServiceCd=730&Type=search", "url2": "https://shuhokai.or.jp/office/minami-ku/skt-hinageshi.php" }, "geometry": { "type": "Point", "coordinates": [ 139.605091199999976, 35.428503 ] } },
{ "type": "Feature", "properties": { "内容": "小多機ケアサポートセンターはぴねす横浜永田【小規模多機能型居宅介護】神奈川県横浜市南区永田北1丁目31番19号", "url": "https://www.kaigokensaku.mhlw.go.jp/14/index.php?action_kouhyou_detail_004_kani=true&JigyosyoCd=1490500632-00&ServiceCd=730&Type=search", "url2": "https://villa-life-support.co.jp/" }, "geometry": { "type": "Point", "coordinates": [ 139.5893012, 35.4418431 ] } },
{ "type": "Feature", "properties": { "内容": "真珠のかがやき【小規模多機能型居宅介護】神奈川県横浜市南区大岡５丁目２０番地１８号", "url": "https://www.kaigokensaku.mhlw.go.jp/14/index.php?action_kouhyou_detail_004_kani=true&JigyosyoCd=1490500012-00&ServiceCd=730&Type=search", "url2": "https://www.hakuhouen.or.jp/pearl.html" }, "geometry": { "type": "Point", "coordinates": [ 139.598829600000045, 35.411898 ] } },
{ "type": "Feature", "properties": { "内容": "花織まいた【小規模多機能型居宅介護】神奈川県横浜市南区花之木町1-15-5KMプラザ1F", "url": "https://www.kaigokensaku.mhlw.go.jp/14/index.php?action_kouhyou_detail_004_kani=true&JigyosyoCd=1490500723-00&ServiceCd=730&Type=search", "url2": "https://jala.co.jp" }, "geometry": { "type": "Point", "coordinates": [ 139.612483997323181, 35.433576480470194 ] } },
{ "type": "Feature", "properties": { "内容": "小規模多機能しおり　境木【小規模多機能型居宅介護】神奈川県横浜市保土ヶ谷区境木本町37番８", "url": "https://www.kaigokensaku.mhlw.go.jp/14/index.php?action_kouhyou_detail_004_kani=true&JigyosyoCd=1490600168-00&ServiceCd=730&Type=search", "url2": "http://shiori-kaigo.com" }, "geometry": { "type": "Point", "coordinates": [ 139.564374, 35.4389465 ] } },
{ "type": "Feature", "properties": { "内容": "小規模多機能型居宅介護　うの花【小規模多機能型居宅介護】神奈川県横浜市保土ヶ谷区峰沢町47-1アークコートソーマ峰沢１階", "url": "https://www.kaigokensaku.mhlw.go.jp/14/index.php?action_kouhyou_detail_004_kani=true&JigyosyoCd=1490600176-00&ServiceCd=730&Type=search", "url2": "https://www.shuhokai.or.jp/office/hodogaya-ku/skt-unohana.php" }, "geometry": { "type": "Point", "coordinates": [ 139.600292299999978, 35.4775399 ] } },
{ "type": "Feature", "properties": { "内容": "メープル岡沢館【小規模多機能型居宅介護】神奈川県横浜市保土ヶ谷区岡沢町333-1", "url": "https://www.kaigokensaku.mhlw.go.jp/14/index.php?action_kouhyou_detail_004_kani=true&JigyosyoCd=1490600200-00&ServiceCd=730&Type=search", "url2": "https://www.shouei-care.com/okazawa" }, "geometry": { "type": "Point", "coordinates": [ 139.597723529885826, 35.473750899579102 ] } },
{ "type": "Feature", "properties": { "内容": "小規模多機能型居宅介護　悠久の里【小規模多機能型居宅介護】神奈川県横浜市保土ヶ谷区東川島町14-5", "url": "https://www.kaigokensaku.mhlw.go.jp/14/index.php?action_kouhyou_detail_004_kani=true&JigyosyoCd=1490600333-00&ServiceCd=730&Type=search", "url2": "http://www.fukushi-kousaikai.or.jp" }, "geometry": { "type": "Point", "coordinates": [ 139.5713786, 35.4735898 ] } },
{ "type": "Feature", "properties": { "内容": "小規模多機能型居宅介護　われもこう【小規模多機能型居宅介護】神奈川県横浜市保土ヶ谷区保土ヶ谷町3-226ラフィーネ元町1階", "url": "https://www.kaigokensaku.mhlw.go.jp/14/index.php?action_kouhyou_detail_004_kani=true&JigyosyoCd=1490600341-00&ServiceCd=730&Type=search", "url2": "https://shuhokai.or.jp/office/hodogaya-ku/skt-waremokou.php" }, "geometry": { "type": "Point", "coordinates": [ 139.580572800000027, 35.4460462 ] } },
{ "type": "Feature", "properties": { "内容": "花織ほどがや【小規模多機能型居宅介護】神奈川県横浜市保土ヶ谷区上菅田町271－1", "url": "https://www.kaigokensaku.mhlw.go.jp/14/index.php?action_kouhyou_detail_004_kani=true&JigyosyoCd=1490600515-00&ServiceCd=730&Type=search", "url2": "https://kaori-kaigo.jala.co.jp/sm/hodogaya/" }, "geometry": { "type": "Point", "coordinates": [ 139.5701944, 35.4859613 ] } },
{ "type": "Feature", "properties": { "内容": "コラージュ保土ヶ谷【小規模多機能型居宅介護】神奈川県横浜市保土ヶ谷区権太坂2-14-36", "url": "https://www.kaigokensaku.mhlw.go.jp/14/index.php?action_kouhyou_detail_004_kani=true&JigyosyoCd=1490600275-00&ServiceCd=730&Type=search", "url2": "https://g-sp.site/company" }, "geometry": { "type": "Point", "coordinates": [ 139.574231700000041, 35.4388968 ] } },
{ "type": "Feature", "properties": { "内容": "ミモザ横浜境木【小規模多機能型居宅介護】神奈川県横浜市保土ヶ谷区境木本町7番1号", "url": "https://www.kaigokensaku.mhlw.go.jp/14/index.php?action_kouhyou_detail_004_kani=true&JigyosyoCd=1490600465-00&ServiceCd=730&Type=search", "url2": "https://mimoza-care.com/facility/small-scale-multifunctional-home-care/post-1394/" }, "geometry": { "type": "Point", "coordinates": [ 139.568162600000051, 35.4387189 ] } },
{ "type": "Feature", "properties": { "内容": "天王町ケアホームえん【小規模多機能型居宅介護】神奈川県横浜市保土ヶ谷区岩間町1-8-12シーコムビル3階", "url": "https://www.kaigokensaku.mhlw.go.jp/14/index.php?action_kouhyou_detail_004_kani=true&JigyosyoCd=1490600499-00&ServiceCd=730&Type=search", "url2": "https://shonannoen.com/tennochonoen/ch/" }, "geometry": { "type": "Point", "coordinates": [ 139.601945500000056, 35.4515846 ] } },
{ "type": "Feature", "properties": { "内容": "メープル仏向館【小規模多機能型居宅介護】神奈川県横浜市保土ヶ谷区仏向町1303-1", "url": "https://www.kaigokensaku.mhlw.go.jp/14/index.php?action_kouhyou_detail_004_kani=true&JigyosyoCd=1490600473-00&ServiceCd=730&Type=search", "url2": "https://www.shouei-care.com/bukkou" }, "geometry": { "type": "Point", "coordinates": [ 139.577906200000029, 35.4535008 ] } },
{ "type": "Feature", "properties": { "内容": "SOMPOケア　横浜洋光台　小規模多機能【小規模多機能型居宅介護】神奈川県横浜市磯子区洋光台2－3－19", "url": "https://www.kaigokensaku.mhlw.go.jp/14/index.php?action_kouhyou_detail_004_kani=true&JigyosyoCd=1490700547-00&ServiceCd=730&Type=search", "url2": "https://www.sompocare.com/service/zaitaku/takinou/Z000995" }, "geometry": { "type": "Point", "coordinates": [ 139.591002174868777, 35.383381271795344 ] } },
{ "type": "Feature", "properties": { "内容": "小規模多機能型居宅介護事業所　みなみ杉田【小規模多機能型居宅介護】神奈川県横浜市磯子区杉田三丁目17番地12", "url": "https://www.kaigokensaku.mhlw.go.jp/14/index.php?action_kouhyou_detail_004_kani=true&JigyosyoCd=1490700109-00&ServiceCd=730&Type=search", "url2": "http://www.aikokai-minamigp.or.jp/grouphome/grouphomecat/group_sugita/" }, "geometry": { "type": "Point", "coordinates": [ 139.614889400000038, 35.379083 ] } },
{ "type": "Feature", "properties": { "内容": "スマイル根岸の杜【小規模多機能型居宅介護】神奈川県横浜市磯子区下町11-18", "url": "https://www.kaigokensaku.mhlw.go.jp/14/index.php?action_kouhyou_detail_004_kani=true&JigyosyoCd=1490700182-00&ServiceCd=730&Type=search", "url2": "https://ameblo.jp/smile-totsuka/" }, "geometry": { "type": "Point", "coordinates": [ 139.631180351589933, 35.418946139878486 ] } },
{ "type": "Feature", "properties": { "内容": "花織いそご南【小規模多機能型居宅介護】神奈川県横浜市磯子区氷取沢町15番1", "url": "https://www.kaigokensaku.mhlw.go.jp/14/index.php?action_kouhyou_detail_004_kani=true&JigyosyoCd=1490700364-00&ServiceCd=730&Type=search", "url2": "https://kaori-kaigo.jala.co.jp/sm/isogo-minami/" }, "geometry": { "type": "Point", "coordinates": [ 139.610423336245731, 35.366024855662047 ] } },
{ "type": "Feature", "properties": { "内容": "小規模多機能みのり丸山【小規模多機能型居宅介護】神奈川県横浜市磯子区丸山１－１６－５", "url": "https://www.kaigokensaku.mhlw.go.jp/14/index.php?action_kouhyou_detail_004_kani=true&JigyosyoCd=1490700075-00&ServiceCd=730&Type=search", "url2": "http://minori-care.jp/" }, "geometry": { "type": "Point", "coordinates": [ 139.6207187, 35.424874300000042 ] } },
{ "type": "Feature", "properties": { "内容": "けいすい小規模多機能さとやま【小規模多機能型居宅介護】神奈川県横浜市金沢区釜利谷西３－３５－１９", "url": "https://www.kaigokensaku.mhlw.go.jp/14/index.php?action_kouhyou_detail_004_kani=true&JigyosyoCd=1490800099-00&ServiceCd=730&Type=search", "url2": "http://www.keisuikai.or.jp/houmon/service/service05/" }, "geometry": { "type": "Point", "coordinates": [ 139.597941100000071, 35.3464783 ] } },
{ "type": "Feature", "properties": { "内容": "小規模多機能洲崎えん【小規模多機能型居宅介護】神奈川県横浜市金沢区洲崎町１６－９", "url": "https://www.kaigokensaku.mhlw.go.jp/14/index.php?action_kouhyou_detail_004_kani=true&JigyosyoCd=1490800495-00&ServiceCd=730&Type=search", "url2": "http://www.aozora-care.com" }, "geometry": { "type": "Point", "coordinates": [ 139.6267105, 35.332602 ] } },
{ "type": "Feature", "properties": { "内容": "小規模多機能型ハウスふくふく六浦【小規模多機能型居宅介護】神奈川県横浜市金沢区六浦南２－１５－２３", "url": "https://www.kaigokensaku.mhlw.go.jp/14/index.php?action_kouhyou_detail_004_kani=true&JigyosyoCd=1490800206-00&ServiceCd=730&Type=search", "url2": "http://www.zaitaku-nurse.com/takinou/#fukufuku_mutuura" }, "geometry": { "type": "Point", "coordinates": [ 139.613631400000031, 35.3231013 ] } },
{ "type": "Feature", "properties": { "内容": "小規模多機能型居宅介護事業所　みなみ富岡【小規模多機能型居宅介護】神奈川県横浜市金沢区富岡西7-10-10", "url": "https://www.kaigokensaku.mhlw.go.jp/14/index.php?action_kouhyou_detail_004_kani=true&JigyosyoCd=1490800347-00&ServiceCd=730&Type=search", "url2": "http://www.aikokai-minamigp.or.jp/" }, "geometry": { "type": "Point", "coordinates": [ 139.627202399999987, 35.36656 ] } },
{ "type": "Feature", "properties": { "内容": "小規模多機能型居宅介護ふくふく富岡【小規模多機能型居宅介護】神奈川県横浜市金沢区富岡東6-13-13", "url": "https://www.kaigokensaku.mhlw.go.jp/14/index.php?action_kouhyou_detail_004_kani=true&JigyosyoCd=1490800545-00&ServiceCd=730&Type=search", "url2": "http://www.zaitaku-nurse.com" }, "geometry": { "type": "Point", "coordinates": [ 139.630525300000016, 35.3638797 ] } },
{ "type": "Feature", "properties": { "内容": "小規模多機能あおぞら【小規模多機能型居宅介護】神奈川県横浜市金沢区並木3-6-2", "url": "https://www.kaigokensaku.mhlw.go.jp/14/index.php?action_kouhyou_detail_004_kani=true&JigyosyoCd=1490800420-00&ServiceCd=730&Type=search", "url2": "http://www.aozora-care.com/multi_aozora/" }, "geometry": { "type": "Point", "coordinates": [ 139.641198300000042, 35.3573866 ] } },
{ "type": "Feature", "properties": { "内容": "小規模多機能フェローズしのはら【小規模多機能型居宅介護】神奈川県横浜市港北区篠原町2793-2", "url": "https://www.kaigokensaku.mhlw.go.jp/14/index.php?action_kouhyou_detail_004_kani=true&JigyosyoCd=1490900352-00&ServiceCd=730&Type=search", "url2": "https://www.kotonear.com/fellows/" }, "geometry": { "type": "Point", "coordinates": [ 139.620864200000028, 35.5079478 ] } },
{ "type": "Feature", "properties": { "内容": "小規模多機能施設　めぐみ【小規模多機能型居宅介護】神奈川県横浜市港北区高田東３－３３－３", "url": "https://www.kaigokensaku.mhlw.go.jp/14/index.php?action_kouhyou_detail_004_kani=true&JigyosyoCd=1490900204-00&ServiceCd=730&Type=search", "url2": "http://www.welfare-yui.com/" }, "geometry": { "type": "Point", "coordinates": [ 139.624651800000038, 35.5546055 ] } },
{ "type": "Feature", "properties": { "内容": "小規模多機能キュア新横浜【小規模多機能型居宅介護】神奈川県横浜市港北区大豆戸町639-2１階", "url": "https://www.kaigokensaku.mhlw.go.jp/14/index.php?action_kouhyou_detail_004_kani=true&JigyosyoCd=1490900501-00&ServiceCd=730&Type=search", "url2": "http://www.kyokushin-mm.jp" }, "geometry": { "type": "Point", "coordinates": [ 139.6227116, 35.5126359 ] } },
{ "type": "Feature", "properties": { "内容": "ミモザ白寿庵大倉山【小規模多機能型居宅介護】神奈川県横浜市港北区大曽根台30-12", "url": "https://www.kaigokensaku.mhlw.go.jp/14/index.php?action_kouhyou_detail_004_kani=true&JigyosyoCd=1490900188-00&ServiceCd=730&Type=search", "url2": "http://www.mimoza-care.jp/base/haku-ookurayama.html" }, "geometry": { "type": "Point", "coordinates": [ 139.626196899999968, 35.5308065 ] } },
{ "type": "Feature", "properties": { "内容": "小規模多機能居宅介護なの花【小規模多機能型居宅介護】神奈川県横浜市港北区師岡町930-3", "url": "https://www.kaigokensaku.mhlw.go.jp/14/index.php?action_kouhyou_detail_004_kani=true&JigyosyoCd=1490900717-00&ServiceCd=730&Type=search", "url2": "http://www.nanohana-yokohama.jp" }, "geometry": { "type": "Point", "coordinates": [ 139.641090045368941, 35.525111590700057 ] } },
{ "type": "Feature", "properties": { "内容": "リフシアびわの樹【小規模多機能型居宅介護】神奈川県横浜市港北区新吉田東8-44-38", "url": "https://www.kaigokensaku.mhlw.go.jp/14/index.php?action_kouhyou_detail_004_kani=true&JigyosyoCd=1490900865-00&ServiceCd=730&Type=search", "url2": "https://lifsea.co.jp/syoukibo.html" }, "geometry": { "type": "Point", "coordinates": [ 140.331588399999987, 38.4543364 ] } },
{ "type": "Feature", "properties": { "内容": "小規模多機能ホームビオラ【小規模多機能型居宅介護】柏尾町1012-1", "url": "https://www.kaigokensaku.mhlw.go.jp/14/index.php?action_kouhyou_detail_004_kani=true&JigyosyoCd=1491000939-00&ServiceCd=730&Type=search", "url2": null }, "geometry": { "type": "Point", "coordinates": [ 139.542349550926218, 35.413916463193161 ] } },
{ "type": "Feature", "properties": { "内容": "ウイル汲沢ステーション【小規模多機能型居宅介護】神奈川県横浜市戸塚区汲沢8-31-18-21", "url": "https://www.kaigokensaku.mhlw.go.jp/14/index.php?action_kouhyou_detail_004_kani=true&JigyosyoCd=1491000103-00&ServiceCd=730&Type=search", "url2": "https://senior-will.co.jp/will_gumisawa/" }, "geometry": { "type": "Point", "coordinates": [ 139.515419800000018, 35.4013175 ] } },
{ "type": "Feature", "properties": { "内容": "ミモザ戸塚【小規模多機能型居宅介護】神奈川県横浜市戸塚区戸塚町943-9", "url": "https://www.kaigokensaku.mhlw.go.jp/14/index.php?action_kouhyou_detail_004_kani=true&JigyosyoCd=1491000111-00&ServiceCd=730&Type=search", "url2": "https://mimoza-care.com/facility/small-scale-multifunctional-home-care/post-1919/" }, "geometry": { "type": "Point", "coordinates": [ 139.530982599999987, 35.3801534 ] } },
{ "type": "Feature", "properties": { "内容": "みかみ介護支援センター【小規模多機能型居宅介護】神奈川県横浜市戸塚区深谷町１２３４－１", "url": "https://www.kaigokensaku.mhlw.go.jp/14/index.php?action_kouhyou_detail_004_kani=true&JigyosyoCd=1491000137-00&ServiceCd=730&Type=search", "url2": "http://mikami-kaigo.com/totsuka/" }, "geometry": { "type": "Point", "coordinates": [ 139.49810750000006, 35.3836785 ] } },
{ "type": "Feature", "properties": { "内容": "もえぎケアセンター平戸【小規模多機能型居宅介護】神奈川県横浜市戸塚区平戸町１０２９－１", "url": "https://www.kaigokensaku.mhlw.go.jp/14/index.php?action_kouhyou_detail_004_kani=true&JigyosyoCd=1491000194-00&ServiceCd=730&Type=search", "url2": "http://moegi.ne.jp" }, "geometry": { "type": "Point", "coordinates": [ 139.566105478573604, 35.422374124825154 ] } },
{ "type": "Feature", "properties": { "内容": "もえぎケアセンター矢部【小規模多機能型居宅介護】神奈川県横浜市戸塚区矢部町１２５２－６", "url": "https://www.kaigokensaku.mhlw.go.jp/14/index.php?action_kouhyou_detail_004_kani=true&JigyosyoCd=1491000277-00&ServiceCd=730&Type=search", "url2": "http://moegi.ne.jp/index.html" }, "geometry": { "type": "Point", "coordinates": [ 139.5262189, 35.4085 ] } },
{ "type": "Feature", "properties": { "内容": "小規模多機能型居宅介護事業所　こすずめの里【小規模多機能型居宅介護】神奈川県横浜市戸塚区原宿２－６－７", "url": "https://www.kaigokensaku.mhlw.go.jp/14/index.php?action_kouhyou_detail_004_kani=true&JigyosyoCd=1491000285-00&ServiceCd=730&Type=search", "url2": "http://kosuzumenosato.com" }, "geometry": { "type": "Point", "coordinates": [ 139.506112300000041, 35.3772656 ] } },
{ "type": "Feature", "properties": { "内容": "小規模多機能ホーム　パンジー【小規模多機能型居宅介護】神奈川県横浜市戸塚区柏尾町1029-1", "url": "https://www.kaigokensaku.mhlw.go.jp/14/index.php?action_kouhyou_detail_004_kani=true&JigyosyoCd=1491000301-00&ServiceCd=730&Type=search", "url2": "http://full-life.main.jp/" }, "geometry": { "type": "Point", "coordinates": [ 139.544014899999979, 35.412613800000017 ] } },
{ "type": "Feature", "properties": { "内容": "小規模多機能型居宅介護事業所　「ライムハウス東戸塚」【小規模多機能型居宅介護】神奈川県横浜市戸塚区川上町464-29新晃ビル", "url": "https://www.kaigokensaku.mhlw.go.jp/14/index.php?action_kouhyou_detail_004_kani=true&JigyosyoCd=1491000343-00&ServiceCd=730&Type=search", "url2": "https://raimu-house.jp/" }, "geometry": { "type": "Point", "coordinates": [ 139.5452465688644, 35.427137677990231 ] } },
{ "type": "Feature", "properties": { "内容": "小規模多機能しおり　平戸【小規模多機能型居宅介護】神奈川県横浜市戸塚区平戸２丁目１７－１２", "url": "https://www.kaigokensaku.mhlw.go.jp/14/index.php?action_kouhyou_detail_004_kani=true&JigyosyoCd=1491000541-00&ServiceCd=730&Type=search", "url2": "http://shiori-kaigo.com/" }, "geometry": { "type": "Point", "coordinates": [ 139.569201600000042, 35.428948 ] } },
{ "type": "Feature", "properties": { "内容": "小規模多機能ホーム　月見草【小規模多機能型居宅介護】神奈川県横浜市戸塚区深谷町1030", "url": "https://www.kaigokensaku.mhlw.go.jp/14/index.php?action_kouhyou_detail_004_kani=true&JigyosyoCd=1491000590-00&ServiceCd=730&Type=search", "url2": "http://full-life.main.jp/tsuki.html" }, "geometry": { "type": "Point", "coordinates": [ 139.503048700000022, 35.385131 ] } },
{ "type": "Feature", "properties": { "内容": "ウイル原宿ステーション【小規模多機能型居宅介護】神奈川県横浜市戸塚区原宿4-44-28", "url": "https://www.kaigokensaku.mhlw.go.jp/14/index.php?action_kouhyou_detail_004_kani=true&JigyosyoCd=1491000426-00&ServiceCd=730&Type=search", "url2": "https://senior-will.co.jp/will_harajuku/#overview" }, "geometry": { "type": "Point", "coordinates": [ 139.501182200000017, 35.3737661 ] } },
{ "type": "Feature", "properties": { "内容": "小規模多機能型居宅介護　ふぁいと戸塚ガーデン【小規模多機能型居宅介護】神奈川県横浜市戸塚区上倉田町2116-1", "url": "https://www.kaigokensaku.mhlw.go.jp/14/index.php?action_kouhyou_detail_004_kani=true&JigyosyoCd=1491000673-00&ServiceCd=730&Type=search", "url2": "http://hakujukai.co.jp/care/totsuka" }, "geometry": { "type": "Point", "coordinates": [ 139.545062224477419, 35.396729028090405 ] } },
{ "type": "Feature", "properties": { "内容": "小規模多機能型居宅介護　しょうわ【小規模多機能型居宅介護】神奈川県横浜市戸塚区汲沢６－２５－１５", "url": "https://www.kaigokensaku.mhlw.go.jp/14/index.php?action_kouhyou_detail_004_kani=true&JigyosyoCd=1491000855-00&ServiceCd=730&Type=search", "url2": null }, "geometry": { "type": "Point", "coordinates": [ 139.5109393, 35.3961349 ] } },
{ "type": "Feature", "properties": { "内容": "もえぎケアセンター戸塚【小規模多機能型居宅介護】神奈川県横浜市戸塚区下倉田町450-1", "url": "https://www.kaigokensaku.mhlw.go.jp/14/index.php?action_kouhyou_detail_004_kani=true&JigyosyoCd=1491000087-00&ServiceCd=730&Type=search", "url2": "http://moegi.ne.jp" }, "geometry": { "type": "Point", "coordinates": [ 139.535018400000013, 35.3827427 ] } },
{ "type": "Feature", "properties": { "内容": "小規模多機能ホーム　ラベンダー【小規模多機能型居宅介護】神奈川県横浜市戸塚区上倉田町2011-1ウェストバレー壱番館1階", "url": "https://www.kaigokensaku.mhlw.go.jp/14/index.php?action_kouhyou_detail_004_kani=true&JigyosyoCd=1491000459-00&ServiceCd=730&Type=search", "url2": "http://full-life.main.jp/lave.html" }, "geometry": { "type": "Point", "coordinates": [ 139.543957284025396, 35.396208509236857 ] } },
{ "type": "Feature", "properties": { "内容": "もえぎケアセンター下倉田【小規模多機能型居宅介護】神奈川県横浜市戸塚区下倉田町７９４－１", "url": "https://www.kaigokensaku.mhlw.go.jp/14/index.php?action_kouhyou_detail_004_kani=true&JigyosyoCd=1491000384-00&ServiceCd=730&Type=search", "url2": "http://moegi.ne.jp" }, "geometry": { "type": "Point", "coordinates": [ 139.539529028172296, 35.383416400354754 ] } },
{ "type": "Feature", "properties": { "内容": "小規模多機能型プラチナ倶楽部【小規模多機能型居宅介護】神奈川県横浜市港南区港南台6-9-25プラチナ倶楽部ハウス", "url": "https://www.kaigokensaku.mhlw.go.jp/14/index.php?action_kouhyou_detail_004_kani=true&JigyosyoCd=1493100117-00&ServiceCd=730&Type=search", "url2": "http://www.puratina-club.com/" }, "geometry": { "type": "Point", "coordinates": [ 139.589119699999969, 35.3686918 ] } },
{ "type": "Feature", "properties": { "内容": "小規模多機能型居宅介護事業所　アロアロ【小規模多機能型居宅介護】神奈川県横浜市港南区芹が谷２－１９－１４", "url": "https://www.kaigokensaku.mhlw.go.jp/14/index.php?action_kouhyou_detail_004_kani=true&JigyosyoCd=1493100208-00&ServiceCd=730&Type=search", "url2": "http://www.aishima.co.jp/shisetsu/shokibo/aroaro.html" }, "geometry": { "type": "Point", "coordinates": [ 139.571100348410027, 35.417609024062216 ] } },
{ "type": "Feature", "properties": { "内容": "ヒューマンライフケア　下永谷の宿【小規模多機能型居宅介護】神奈川県横浜市港南区下永谷2-34-14ヒューマンライフケア下永谷", "url": "https://www.kaigokensaku.mhlw.go.jp/14/index.php?action_kouhyou_detail_004_kani=true&JigyosyoCd=1493100448-00&ServiceCd=730&Type=search", "url2": "https://kaigo.human-lifecare.jp/facilities/sh007_shimonagayaSH/summary.html" }, "geometry": { "type": "Point", "coordinates": [ 139.564716299999986, 35.405629 ] } },
{ "type": "Feature", "properties": { "内容": "小規模多機能ホームプレゼンス野庭【小規模多機能型居宅介護】神奈川県横浜市港南区野庭町675-20", "url": "https://www.kaigokensaku.mhlw.go.jp/14/index.php?action_kouhyou_detail_004_kani=true&JigyosyoCd=1493100752-00&ServiceCd=730&Type=search", "url2": "https://presence-care.com/takinohome/" }, "geometry": { "type": "Point", "coordinates": [ 139.565469544180303, 35.389350791861595 ] } },
{ "type": "Feature", "properties": { "内容": "小規模多機能ホーム　ジャスミン【小規模多機能型居宅介護】神奈川県横浜市港南区野庭町６７１－１０", "url": "https://www.kaigokensaku.mhlw.go.jp/14/index.php?action_kouhyou_detail_004_kani=true&JigyosyoCd=1493100463-00&ServiceCd=730&Type=search", "url2": "http://full-life.main.jp/6.html" }, "geometry": { "type": "Point", "coordinates": [ 139.566575140475493, 35.386042309601443 ] } },
{ "type": "Feature", "properties": { "内容": "花織　こうなん南【小規模多機能型居宅介護】神奈川県横浜市港南区日野9-44-16KMプラザ　1階", "url": "https://www.kaigokensaku.mhlw.go.jp/14/index.php?action_kouhyou_detail_004_kani=true&JigyosyoCd=1493100687-00&ServiceCd=730&Type=search", "url2": "https://jala.co.jp" }, "geometry": { "type": "Point", "coordinates": [ 139.5724442, 35.3860651 ] } },
{ "type": "Feature", "properties": { "内容": "小規模多機能型居宅介護事業所　ひまわり【小規模多機能型居宅介護】神奈川県横浜市旭区下川井町191-3", "url": "https://www.kaigokensaku.mhlw.go.jp/14/index.php?action_kouhyou_detail_004_kani=true&JigyosyoCd=1493200099-00&ServiceCd=730&Type=search", "url2": "http://www.aishima.co.jp/shisetsu/shokibo/himawari.html" }, "geometry": { "type": "Point", "coordinates": [ 139.518482799999987, 35.4857155 ] } },
{ "type": "Feature", "properties": { "内容": "小規模多機能型居宅介護事業所　プルメリア【小規模多機能型居宅介護】神奈川県横浜市旭区中希望が丘165-3", "url": "https://www.kaigokensaku.mhlw.go.jp/14/index.php?action_kouhyou_detail_004_kani=true&JigyosyoCd=1493200347-00&ServiceCd=730&Type=search", "url2": "http://www.aishima.co.jp/shisetsu/shokibo/plumeria.html" }, "geometry": { "type": "Point", "coordinates": [ 139.50808632698363, 35.457548591421045 ] } },
{ "type": "Feature", "properties": { "内容": "ミモザ横濱南万騎が原【小規模多機能型居宅介護】神奈川県横浜市旭区善部町112－2", "url": "https://www.kaigokensaku.mhlw.go.jp/14/index.php?action_kouhyou_detail_004_kani=true&JigyosyoCd=1493200362-00&ServiceCd=730&Type=search", "url2": "https://mimoza-care.com/facility/serviced-housing-for-the-elderly/post-188/" }, "geometry": { "type": "Point", "coordinates": [ 139.520804404019145, 35.451372652578414 ] } },
{ "type": "Feature", "properties": { "内容": "小規模多機能型居宅介護事業所パレット【小規模多機能型居宅介護】神奈川県横浜市旭区善部町119-28", "url": "https://www.kaigokensaku.mhlw.go.jp/14/index.php?action_kouhyou_detail_004_kani=true&JigyosyoCd=1493200545-00&ServiceCd=730&Type=search", "url2": null }, "geometry": { "type": "Point", "coordinates": [ 139.5207383, 35.4492219 ] } },
{ "type": "Feature", "properties": { "内容": "小規模多機能型居宅介護事業所アルメリア【小規模多機能型居宅介護】神奈川県横浜市旭区金が谷2-28-19", "url": "https://www.kaigokensaku.mhlw.go.jp/14/index.php?action_kouhyou_detail_004_kani=true&JigyosyoCd=1493200297-00&ServiceCd=730&Type=search", "url2": "http://www.aishima.co.jp/shisetsu/shokibo/arumeria.html" }, "geometry": { "type": "Point", "coordinates": [ 139.511575099999959, 35.4782552 ] } },
{ "type": "Feature", "properties": { "内容": "コラージュ二俣川【小規模多機能型居宅介護】神奈川県横浜市旭区二俣川2-58-8アベニール4階", "url": "https://www.kaigokensaku.mhlw.go.jp/14/index.php?action_kouhyou_detail_004_kani=true&JigyosyoCd=1493200289-00&ServiceCd=730&Type=search", "url2": "http://www.greennet-group.jp/kaigo/syoutaki/futamatagawa/" }, "geometry": { "type": "Point", "coordinates": [ 139.532756122090177, 35.461062304884543 ] } },
{ "type": "Feature", "properties": { "内容": "小規模多機能型居宅介護事業所　みなみ万騎が原【小規模多機能型居宅介護】神奈川県横浜市旭区万騎が原81-7", "url": "https://www.kaigokensaku.mhlw.go.jp/14/index.php?action_kouhyou_detail_004_kani=true&JigyosyoCd=1493200487-00&ServiceCd=730&Type=search", "url2": "http://www.aikokai-minamigp.or.jp/" }, "geometry": { "type": "Point", "coordinates": [ 139.5330682, 35.453047300000016 ] } },
{ "type": "Feature", "properties": { "内容": "ショウタキホーム里山の家【小規模多機能型居宅介護】神奈川県横浜市旭区川島町３０７０－７", "url": "https://www.kaigokensaku.mhlw.go.jp/14/index.php?action_kouhyou_detail_004_kani=true&JigyosyoCd=1493200776-00&ServiceCd=730&Type=search", "url2": null }, "geometry": { "type": "Point", "coordinates": [ 139.5639732, 35.4815188 ] } },
{ "type": "Feature", "properties": { "内容": "小規模多機能型居宅介護事業所　ラウレア【小規模多機能型居宅介護】神奈川県横浜市旭区鶴ヶ峰1-24-7", "url": "https://www.kaigokensaku.mhlw.go.jp/14/index.php?action_kouhyou_detail_004_kani=true&JigyosyoCd=1493200339-00&ServiceCd=730&Type=search", "url2": "http://www.aishima.co.jp/shisetsu/shokibo/laulea.html" }, "geometry": { "type": "Point", "coordinates": [ 139.549622199999931, 35.4729505 ] } },
{ "type": "Feature", "properties": { "内容": "小規模多機能型居宅介護事業所　みなみ鴨居【小規模多機能型居宅介護】神奈川県横浜市緑区鴨居1-1-8", "url": "https://www.kaigokensaku.mhlw.go.jp/14/index.php?action_kouhyou_detail_004_kani=true&JigyosyoCd=1493300360-00&ServiceCd=730&Type=search", "url2": "http://www.aikokai-minamigp.or.jp/" }, "geometry": { "type": "Point", "coordinates": [ 139.57265640608216, 35.511684079283754 ] } },
{ "type": "Feature", "properties": { "内容": "小規模多機能型居宅介護　りんどう【小規模多機能型居宅介護】神奈川県横浜市緑区十日市場町827番地6リバーサイド第２－１階", "url": "https://www.kaigokensaku.mhlw.go.jp/14/index.php?action_kouhyou_detail_004_kani=true&JigyosyoCd=1493300204-00&ServiceCd=730&Type=search", "url2": "https://shuhokai.or.jp/office/midori-ku/skt-rindo.php" }, "geometry": { "type": "Point", "coordinates": [ 139.519351599999936, 35.5238052 ] } },
{ "type": "Feature", "properties": { "内容": "小規模多機能型居宅介護　さざんか【小規模多機能型居宅介護】神奈川県横浜市緑区北八朔町1718-1", "url": "https://www.kaigokensaku.mhlw.go.jp/14/index.php?action_kouhyou_detail_004_kani=true&JigyosyoCd=1493300576-00&ServiceCd=730&Type=search", "url2": "https://shuhokai.or.jp/office/midori-ku/skt-sazanka.php" }, "geometry": { "type": "Point", "coordinates": [ 139.5377647, 35.5233618 ] } },
{ "type": "Feature", "properties": { "内容": "ディホーム東本郷【小規模多機能型居宅介護】神奈川県横浜市緑区東本郷　4-5-23", "url": "https://www.kaigokensaku.mhlw.go.jp/14/index.php?action_kouhyou_detail_004_kani=true&JigyosyoCd=1493300048-00&ServiceCd=730&Type=search", "url2": "https://hometrust.jp" }, "geometry": { "type": "Point", "coordinates": [ 139.579949801852422, 35.510934866625739 ] } },
{ "type": "Feature", "properties": { "内容": "ガーデンハウス　もも【小規模多機能型居宅介護】神奈川県横浜市緑区中山2-6-1", "url": "https://www.kaigokensaku.mhlw.go.jp/14/index.php?action_kouhyou_detail_004_kani=true&JigyosyoCd=1493300220-00&ServiceCd=730&Type=search", "url2": "https://www.tosetsukai.com/" }, "geometry": { "type": "Point", "coordinates": [ 139.5464799, 35.5155343 ] } },
{ "type": "Feature", "properties": { "内容": "ミモザ横浜霧が丘【小規模多機能型居宅介護】神奈川県横浜市緑区霧が丘5-25-1", "url": "https://www.kaigokensaku.mhlw.go.jp/14/index.php?action_kouhyou_detail_004_kani=true&JigyosyoCd=1493300337-00&ServiceCd=730&Type=search", "url2": "https://mimoza-care.com/" }, "geometry": { "type": "Point", "coordinates": [ 139.504219899999953, 35.5138579 ] } },
{ "type": "Feature", "properties": { "内容": "パナソニックエイジフリーケアセンター横浜十日市場町・小規模多機能【小規模多機能型居宅介護】神奈川県横浜市緑区十日市場町879番地3", "url": "https://www.kaigokensaku.mhlw.go.jp/14/index.php?action_kouhyou_detail_004_kani=true&JigyosyoCd=1493300345-00&ServiceCd=730&Type=search", "url2": "https://sumai.panasonic.jp/agefree/facility_care/agefree-house/yokohamatoukaichibacho/" }, "geometry": { "type": "Point", "coordinates": [ 139.516403, 35.528341 ] } },
{ "type": "Feature", "properties": { "内容": "シニアサロンデュランタ【小規模多機能型居宅介護】神奈川県横浜市緑区長津田7-15-8和楽久シニアレジデンス長津田", "url": "https://www.kaigokensaku.mhlw.go.jp/14/index.php?action_kouhyou_detail_004_kani=true&JigyosyoCd=1493300196-00&ServiceCd=730&Type=search", "url2": "https://mattou.jp/" }, "geometry": { "type": "Point", "coordinates": [ 139.491181306832118, 35.527615187659102 ] } },
{ "type": "Feature", "properties": { "内容": "小規模多機能型居宅介護　日和【小規模多機能型居宅介護】神奈川県横浜市緑区西八朔町228番2", "url": "https://www.kaigokensaku.mhlw.go.jp/14/index.php?action_kouhyou_detail_004_kani=true&JigyosyoCd=1493300378-00&ServiceCd=730&Type=search", "url2": "http://www.midorinokaze.biz" }, "geometry": { "type": "Point", "coordinates": [ 139.525812495094442, 35.527226705104042 ] } },
{ "type": "Feature", "properties": { "内容": "小規模多機能型居宅介護事業所　アマリリス【小規模多機能型居宅介護】神奈川県横浜市瀬谷区阿久和東1-12-38", "url": "https://www.kaigokensaku.mhlw.go.jp/14/index.php?action_kouhyou_detail_004_kani=true&JigyosyoCd=1493400236-00&ServiceCd=730&Type=search", "url2": "http://www.aishima.co.jp/shisetsu/shokibo/amaririsu.html" }, "geometry": { "type": "Point", "coordinates": [ 139.501284599999963, 35.4558192 ] } },
{ "type": "Feature", "properties": { "内容": "わくわくの里【小規模多機能型居宅介護】神奈川県横浜市瀬谷区橋戸3-69-2", "url": "https://www.kaigokensaku.mhlw.go.jp/14/index.php?action_kouhyou_detail_004_kani=true&JigyosyoCd=1493400111-00&ServiceCd=730&Type=search", "url2": "https://wakuwaku-seya.org/introduction/sato" }, "geometry": { "type": "Point", "coordinates": [ 139.473227899999983, 35.463279 ] } },
{ "type": "Feature", "properties": { "内容": "小規模多機能型居宅介護事業所　オリーブ【小規模多機能型居宅介護】神奈川県横浜市瀬谷区三ツ境159-10", "url": "https://www.kaigokensaku.mhlw.go.jp/14/index.php?action_kouhyou_detail_004_kani=true&JigyosyoCd=1493400160-00&ServiceCd=730&Type=search", "url2": "http://www.aishima.co.jp/shisetsu/shokibo/oribu.html" }, "geometry": { "type": "Point", "coordinates": [ 139.499659599999973, 35.4609297 ] } },
{ "type": "Feature", "properties": { "内容": "小規模多機能型居宅介護事業所　ロマン【小規模多機能型居宅介護】神奈川県横浜市瀬谷区阿久和南２－１１－１８", "url": "https://www.kaigokensaku.mhlw.go.jp/14/index.php?action_kouhyou_detail_004_kani=true&JigyosyoCd=1493400210-00&ServiceCd=730&Type=search", "url2": "http://www.aishima.co.jp/shisetsu/shokibo/roman.html" }, "geometry": { "type": "Point", "coordinates": [ 139.5009043, 35.4427736 ] } },
{ "type": "Feature", "properties": { "内容": "小規模多機能ホーム　あんのん【小規模多機能型居宅介護】神奈川県横浜市瀬谷区本郷3-1-17第2斉藤ビル", "url": "https://www.kaigokensaku.mhlw.go.jp/14/index.php?action_kouhyou_detail_004_kani=true&JigyosyoCd=1493400228-00&ServiceCd=730&Type=search", "url2": "http://www.annon-yokohama.com/" }, "geometry": { "type": "Point", "coordinates": [ 139.48043, 35.4707921 ] } },
{ "type": "Feature", "properties": { "内容": "咲くや愛成【小規模多機能型居宅介護】神奈川県横浜市瀬谷区相沢7-13", "url": "https://www.kaigokensaku.mhlw.go.jp/14/index.php?action_kouhyou_detail_004_kani=true&JigyosyoCd=1493400327-00&ServiceCd=730&Type=search", "url2": "http://www.aiseienn.jp" }, "geometry": { "type": "Point", "coordinates": [ 139.48881259999996, 35.4769772 ] } },
{ "type": "Feature", "properties": { "内容": "小規模多機能型居宅介護事業所　ココレカ【小規模多機能型居宅介護】神奈川県横浜市瀬谷区阿久和東1-9-36", "url": "https://www.kaigokensaku.mhlw.go.jp/14/index.php?action_kouhyou_detail_004_kani=true&JigyosyoCd=1493400376-00&ServiceCd=730&Type=search", "url2": "http://www.aishima.co.jp/" }, "geometry": { "type": "Point", "coordinates": [ 139.503022276721197, 35.455551478797901 ] } },
{ "type": "Feature", "properties": { "内容": "小規模多機能型居宅介護事業所アカシア【小規模多機能型居宅介護】神奈川県横浜市瀬谷区本郷1-14-13", "url": "https://www.kaigokensaku.mhlw.go.jp/14/index.php?action_kouhyou_detail_004_kani=true&JigyosyoCd=1493400244-00&ServiceCd=730&Type=search", "url2": "http://www.aishima.co.jp/shisetsu/shokibo/akashia.html" }, "geometry": { "type": "Point", "coordinates": [ 139.475748166864832, 35.474857047009849 ] } },
{ "type": "Feature", "properties": { "内容": "六丁目のつどい【小規模多機能型居宅介護】神奈川県横浜市瀬谷区瀬谷六丁目16-11", "url": "https://www.kaigokensaku.mhlw.go.jp/14/index.php?action_kouhyou_detail_004_kani=true&JigyosyoCd=1493400186-00&ServiceCd=730&Type=search", "url2": "http://www.tsudoi-6.sakura.ne.jp/index.html" }, "geometry": { "type": "Point", "coordinates": [ 139.473994400000038, 35.4661481 ] } },
{ "type": "Feature", "properties": { "内容": "小規模多機能型居宅介護　クロスハート上郷・栄【小規模多機能型居宅介護】神奈川県横浜市栄区野七里2-25-18", "url": "https://www.kaigokensaku.mhlw.go.jp/14/index.php?action_kouhyou_detail_004_kani=true&JigyosyoCd=1493500522-00&ServiceCd=730&Type=search", "url2": "https://www.shinkoufukushikai.com/care/343/" }, "geometry": { "type": "Point", "coordinates": [ 139.578176279404403, 35.343971479525763 ] } },
{ "type": "Feature", "properties": { "内容": "よりどころ　栄【小規模多機能型居宅介護】神奈川県横浜市栄区笠間2丁目30-25", "url": "https://www.kaigokensaku.mhlw.go.jp/14/index.php?action_kouhyou_detail_004_kani=true&JigyosyoCd=1493500233-00&ServiceCd=730&Type=search", "url2": "https://doyukaiheartandheart.com/" }, "geometry": { "type": "Point", "coordinates": [ 139.540385053372916, 35.360576402136331 ] } },
{ "type": "Feature", "properties": { "内容": "小規模多機能型居宅介護　かりん【小規模多機能型居宅介護】神奈川県横浜市栄区小菅ヶ谷３－６２－２高橋ビル１階", "url": "https://www.kaigokensaku.mhlw.go.jp/14/index.php?action_kouhyou_detail_004_kani=true&JigyosyoCd=1493500126-00&ServiceCd=730&Type=search", "url2": "http://www.chiiki-support-niji.com/niji_space/Kaigo/Karin/karin.htm" }, "geometry": { "type": "Point", "coordinates": [ 139.553742300000067, 35.3722941 ] } },
{ "type": "Feature", "properties": { "内容": "小規模多機能型居宅介護事業所みなみ栄【小規模多機能型居宅介護】神奈川県横浜市栄区上之町18-9", "url": "https://www.kaigokensaku.mhlw.go.jp/14/index.php?action_kouhyou_detail_004_kani=true&JigyosyoCd=1493500191-00&ServiceCd=730&Type=search", "url2": "https://www.aikokai-minamigp.or.jp/small/smallcat/small_minami2/" }, "geometry": { "type": "Point", "coordinates": [ 139.577815200000032, 35.3567655 ] } },
{ "type": "Feature", "properties": { "内容": "小規模多機能事業所「晴」【小規模多機能型居宅介護】神奈川県横浜市栄区上郷町84-9杜のさぽーと館1階", "url": "https://www.kaigokensaku.mhlw.go.jp/14/index.php?action_kouhyou_detail_004_kani=true&JigyosyoCd=1493500076-00&ServiceCd=730&Type=search", "url2": "https://le-pli.jp/" }, "geometry": { "type": "Point", "coordinates": [ 139.566996840908814, 35.364373268975648 ] } },
{ "type": "Feature", "properties": { "内容": "小規模多機能型居宅介護　くるみ【小規模多機能型居宅介護】神奈川県横浜市栄区本郷台４－２８－１２", "url": "https://www.kaigokensaku.mhlw.go.jp/14/index.php?action_kouhyou_detail_004_kani=true&JigyosyoCd=1493500134-00&ServiceCd=730&Type=search", "url2": "http://www.chiiki-support-niji.com/niji_space/Kaigo/Kurumi/n-kurumi.htm" }, "geometry": { "type": "Point", "coordinates": [ 139.549995299999978, 35.3773046 ] } },
{ "type": "Feature", "properties": { "内容": "もえぎケアセンター若竹【小規模多機能型居宅介護】神奈川県横浜市栄区若竹町47-4", "url": "https://www.kaigokensaku.mhlw.go.jp/14/index.php?action_kouhyou_detail_004_kani=true&JigyosyoCd=1493500274-00&ServiceCd=730&Type=search", "url2": "http://moegi.ne.jp" }, "geometry": { "type": "Point", "coordinates": [ 139.569827, 35.367067 ] } },
{ "type": "Feature", "properties": { "内容": "小規模多機能型居宅介護事業所　フリージア【小規模多機能型居宅介護】神奈川県横浜市泉区和泉町3200-2", "url": "https://www.kaigokensaku.mhlw.go.jp/14/index.php?action_kouhyou_detail_004_kani=true&JigyosyoCd=1493600603-00&ServiceCd=730&Type=search", "url2": "https://www.aishima.co.jp/" }, "geometry": { "type": "Point", "coordinates": [ 139.494719, 35.4270746 ] } },
{ "type": "Feature", "properties": { "内容": "小規模多機能事業所　だんだん【小規模多機能型居宅介護】神奈川県横浜市泉区弥生台２７－２", "url": "https://www.kaigokensaku.mhlw.go.jp/14/index.php?action_kouhyou_detail_004_kani=true&JigyosyoCd=1493600124-00&ServiceCd=730&Type=search", "url2": "http://dandannoki.com" }, "geometry": { "type": "Point", "coordinates": [ 139.508347253967258, 35.426924368408976 ] } },
{ "type": "Feature", "properties": { "内容": "横浜いこいの里【小規模多機能型居宅介護】神奈川県横浜市泉区中田西四丁目２－４３－２", "url": "https://www.kaigokensaku.mhlw.go.jp/14/index.php?action_kouhyou_detail_004_kani=true&JigyosyoCd=1493600132-00&ServiceCd=730&Type=search", "url2": "http://kiramekikai.jp" }, "geometry": { "type": "Point", "coordinates": [ 139.502484800000047, 35.4040393 ] } },
{ "type": "Feature", "properties": { "内容": "よりどころ和泉【小規模多機能型居宅介護】神奈川県横浜市泉区下和泉4丁目20番26号", "url": "https://www.kaigokensaku.mhlw.go.jp/14/index.php?action_kouhyou_detail_004_kani=true&JigyosyoCd=1493600140-00&ServiceCd=730&Type=search", "url2": "https://doyukaiheartandheart.com/index.html" }, "geometry": { "type": "Point", "coordinates": [ 139.4936801, 35.3978541 ] } },
{ "type": "Feature", "properties": { "内容": "小規模多機能ホーム　すずらん【小規模多機能型居宅介護】神奈川県横浜市泉区新橋町1342-21", "url": "https://www.kaigokensaku.mhlw.go.jp/14/index.php?action_kouhyou_detail_004_kani=true&JigyosyoCd=1493600165-00&ServiceCd=730&Type=search", "url2": "http://full-life.main.jp/suzuran/index.html" }, "geometry": { "type": "Point", "coordinates": [ 139.515044562565663, 35.436646594890263 ] } },
{ "type": "Feature", "properties": { "内容": "パナソニック　エイジフリーケアセンター横浜岡津町・小規模多機能【小規模多機能型居宅介護】神奈川県横浜市泉区岡津町162", "url": "https://www.kaigokensaku.mhlw.go.jp/14/index.php?action_kouhyou_detail_004_kani=true&JigyosyoCd=1493600363-00&ServiceCd=730&Type=search", "url2": "http://sumai.panasonic.jp/agefree/facility_care/agefree-house/yokohamaokazucho/" }, "geometry": { "type": "Point", "coordinates": [ 139.526104900000064, 35.4317055 ] } },
{ "type": "Feature", "properties": { "内容": "花笑み愛成【小規模多機能型居宅介護】神奈川県横浜市泉区和泉町1003-1", "url": "https://www.kaigokensaku.mhlw.go.jp/14/index.php?action_kouhyou_detail_004_kani=true&JigyosyoCd=1493600496-00&ServiceCd=730&Type=search", "url2": "http://www.aiseienn.jp/hanaemi/TOP/top.html" }, "geometry": { "type": "Point", "coordinates": [ 139.4841343, 35.4005329 ] } },
{ "type": "Feature", "properties": { "内容": "小規模多機能型居宅介護事業所ダリア【小規模多機能型居宅介護】神奈川県横浜市泉区中田北2－15－7", "url": "https://www.kaigokensaku.mhlw.go.jp/14/index.php?action_kouhyou_detail_004_kani=true&JigyosyoCd=1493600520-00&ServiceCd=730&Type=search", "url2": "http://www.aishima.co.jp/shisetsu/shokibo/daria.html" }, "geometry": { "type": "Point", "coordinates": [ 139.5077982, 35.4160829 ] } },
{ "type": "Feature", "properties": { "内容": "小規模多機能型居宅介護事業所リリィ【小規模多機能型居宅介護】神奈川県横浜市泉区岡津町3199-1", "url": "https://www.kaigokensaku.mhlw.go.jp/14/index.php?action_kouhyou_detail_004_kani=true&JigyosyoCd=1493600538-00&ServiceCd=730&Type=search", "url2": "http://www.aishima.co.jp/shisetsu/shokibo/lily.html" }, "geometry": { "type": "Point", "coordinates": [ 139.523207391401712, 35.43592579033993 ] } },
{ "type": "Feature", "properties": { "内容": "ケアホームくすの木【小規模多機能型居宅介護】神奈川県横浜市青葉区藤が丘1-27-2", "url": "https://www.kaigokensaku.mhlw.go.jp/14/index.php?action_kouhyou_detail_004_kani=true&JigyosyoCd=1493700395-00&ServiceCd=730&Type=search", "url2": "http://carehomekusunoki-yokohama.com" }, "geometry": { "type": "Point", "coordinates": [ 139.530668076161646, 35.546198501663071 ] } },
{ "type": "Feature", "properties": { "内容": "小規模多機能施設　ゆい青葉【小規模多機能型居宅介護】神奈川県横浜市青葉区荏田町1288", "url": "https://www.kaigokensaku.mhlw.go.jp/14/index.php?action_kouhyou_detail_004_kani=true&JigyosyoCd=1493700577-00&ServiceCd=730&Type=search", "url2": "http://welfare-yui.com" }, "geometry": { "type": "Point", "coordinates": [ 139.555289762927515, 35.559586338600113 ] } },
{ "type": "Feature", "properties": { "内容": "医療法人社団三喜会　デイサービスセンター青葉台【小規模多機能型居宅介護】神奈川県横浜市青葉区しらとり台3-9", "url": "https://www.kaigokensaku.mhlw.go.jp/14/index.php?action_kouhyou_detail_004_kani=true&JigyosyoCd=1493700015-00&ServiceCd=730&Type=search", "url2": "https://www.sankikai.or.jp/aobadai-dsc" }, "geometry": { "type": "Point", "coordinates": [ 139.516329400000018, 35.5377197 ] } },
{ "type": "Feature", "properties": { "内容": "スマイル藤が丘【小規模多機能型居宅介護】神奈川県横浜市青葉区藤が丘1-40-19", "url": "https://www.kaigokensaku.mhlw.go.jp/14/index.php?action_kouhyou_detail_004_kani=true&JigyosyoCd=1493700205-00&ServiceCd=730&Type=search", "url2": "http://1165.life" }, "geometry": { "type": "Point", "coordinates": [ 139.531164200000035, 35.5432475 ] } },
{ "type": "Feature", "properties": { "内容": "小規模多機能型居宅介護　かもいけ【小規模多機能型居宅介護】神奈川県横浜市都筑区荏田南5-18-53モチヤレジデンス５　1F", "url": "https://www.kaigokensaku.mhlw.go.jp/14/index.php?action_kouhyou_detail_004_kani=true&JigyosyoCd=1493800161-00&ServiceCd=730&Type=search", "url2": "http://www.kdo-kamoike.jp" }, "geometry": { "type": "Point", "coordinates": [ 139.558614600000027, 35.5466251 ] } },
{ "type": "Feature", "properties": { "内容": "小規模多機能ホーム　グラーナ【小規模多機能型居宅介護】神奈川県横浜市都筑区川向町1345－1", "url": "https://www.kaigokensaku.mhlw.go.jp/14/index.php?action_kouhyou_detail_004_kani=true&JigyosyoCd=1493800179-00&ServiceCd=730&Type=search", "url2": "http://www.sany32.com/grana/" }, "geometry": { "type": "Point", "coordinates": [ 139.601208400000019, 35.5200877 ] } },
{ "type": "Feature", "properties": { "内容": "小規模多機能かもいけ　センター北【小規模多機能型居宅介護】神奈川県横浜市都筑区牛久保1-1-39牛久保ケアセンター1F", "url": "https://www.kaigokensaku.mhlw.go.jp/14/index.php?action_kouhyou_detail_004_kani=true&JigyosyoCd=1493800278-00&ServiceCd=730&Type=search", "url2": "http://www.kdo-kamoike.jp/center_kita.html" }, "geometry": { "type": "Point", "coordinates": [ 139.580573268122833, 35.562960830736635 ] } },
{ "type": "Feature", "properties": { "内容": "小規模多機能ホーム　グラーナつづき【小規模多機能型居宅介護】神奈川県横浜市都筑区早渕3-16-3", "url": "https://www.kaigokensaku.mhlw.go.jp/14/index.php?action_kouhyou_detail_004_kani=true&JigyosyoCd=1493800286-00&ServiceCd=730&Type=search", "url2": "http://sany32.com/grana/" }, "geometry": { "type": "Point", "coordinates": [ 139.602085200000033, 35.5501782 ] } },
{ "type": "Feature", "properties": { "内容": "小規模多機能型居宅介護　しょうぶ【小規模多機能型居宅介護】神奈川県横浜市都筑区荏田南3-12-14", "url": "https://www.kaigokensaku.mhlw.go.jp/14/index.php?action_kouhyou_detail_004_kani=true&JigyosyoCd=1493800302-00&ServiceCd=730&Type=search", "url2": "http://shuhokai.or.jp/maps/details/SKT_shoubu.html" }, "geometry": { "type": "Point", "coordinates": [ 139.553879744180307, 35.547146923190539 ] } },
{ "type": "Feature", "properties": { "内容": "小規模多機能型居宅介護　すいせん【小規模多機能型居宅介護】神奈川県横浜市都筑区加賀原１－２３－２８ヴェルディーラ１階", "url": "https://www.kaigokensaku.mhlw.go.jp/14/index.php?action_kouhyou_detail_004_kani=true&JigyosyoCd=1493800203-00&ServiceCd=730&Type=search", "url2": "http://shuhokai.or.jp/maps/details/SKT_suisen.html" }, "geometry": { "type": "Point", "coordinates": [ 139.556837299999984, 35.5230473 ] } },
{ "type": "Feature", "properties": { "内容": "小規模多機能型居宅介護　縁【小規模多機能型居宅介護】神奈川県川崎市川崎区中島3-19-7", "url": "https://www.kaigokensaku.mhlw.go.jp/14/index.php?action_kouhyou_detail_004_kani=true&JigyosyoCd=1495000067-00&ServiceCd=730&Type=search", "url2": "http://www.majima-fukushikai.jp/facility/yukari" }, "geometry": { "type": "Point", "coordinates": [ 139.71828030000006, 35.5278144 ] } },
{ "type": "Feature", "properties": { "内容": "医療法人啓和会　小規模多機能ホーム京町【小規模多機能型居宅介護】神奈川県川崎市川崎区浅田２－１７－８浅間ビル１F・２F", "url": "https://www.kaigokensaku.mhlw.go.jp/14/index.php?action_kouhyou_detail_004_kani=true&JigyosyoCd=1495000240-00&ServiceCd=730&Type=search", "url2": "http://keiwa-kai.or.jp/kaigo04/st-kyomachi/" }, "geometry": { "type": "Point", "coordinates": [ 139.703749923062105, 35.50579721207 ] } },
{ "type": "Feature", "properties": { "内容": "花織かわさき【小規模多機能型居宅介護】神奈川県川崎市川崎区藤崎1-8-5", "url": "https://www.kaigokensaku.mhlw.go.jp/14/index.php?action_kouhyou_detail_004_kani=true&JigyosyoCd=1495000570-00&ServiceCd=730&Type=search", "url2": "https://kaori-kaigo.jala.co.jp" }, "geometry": { "type": "Point", "coordinates": [ 139.719049600000062, 35.5309918 ] } },
{ "type": "Feature", "properties": { "内容": "医療法人啓和会　（介護予防）　小規模多機能ホーム東小田【小規模多機能型居宅介護】神奈川県川崎市川崎区小田5丁目19番14号１Ｆ", "url": "https://www.kaigokensaku.mhlw.go.jp/14/index.php?action_kouhyou_detail_004_kani=true&JigyosyoCd=1495000323-00&ServiceCd=730&Type=search", "url2": "http://www.keiwa-kai.or.jp/kaigo/shokibo/sth_higashioda.html" }, "geometry": { "type": "Point", "coordinates": [ 139.705991008598261, 35.510195066495079 ] } },
{ "type": "Feature", "properties": { "内容": "特定非営利活動法人楽　ひつじ雲【小規模多機能型居宅介護】神奈川県川崎市幸区幸町４－１８－８スクエアフォー", "url": "https://www.kaigokensaku.mhlw.go.jp/14/index.php?action_kouhyou_detail_004_kani=true&JigyosyoCd=1495100040-00&ServiceCd=730&Type=search", "url2": "http://www.npo-raku.jp" }, "geometry": { "type": "Point", "coordinates": [ 139.695370003288303, 35.535612470326114 ] } },
{ "type": "Feature", "properties": { "内容": "小規模多機能型居宅介護　奏【小規模多機能型居宅介護】神奈川県川崎市幸区小向仲野町1-24", "url": "https://www.kaigokensaku.mhlw.go.jp/14/index.php?action_kouhyou_detail_004_kani=true&JigyosyoCd=1495100099-00&ServiceCd=730&Type=search", "url2": "http://www.majima-fukushikai.jp/facility/kanade" }, "geometry": { "type": "Point", "coordinates": [ 139.694307474205061, 35.55036486463294 ] } },
{ "type": "Feature", "properties": { "内容": "小規模多機能型居宅介護　クロスハート幸・川崎【小規模多機能型居宅介護】神奈川県川崎市幸区河原町１－３７", "url": "https://www.kaigokensaku.mhlw.go.jp/14/index.php?action_kouhyou_detail_004_kani=true&JigyosyoCd=1495100206-00&ServiceCd=730&Type=search", "url2": "http://www.shinkoufukushikai.com/kaigo/multifunctional_facilities/811/" }, "geometry": { "type": "Point", "coordinates": [ 139.693112094335902, 35.539126994954685 ] } },
{ "type": "Feature", "properties": { "内容": "花織さいわい【小規模多機能型居宅介護】神奈川県川崎市幸区下平間340-1", "url": "https://www.kaigokensaku.mhlw.go.jp/14/index.php?action_kouhyou_detail_004_kani=true&JigyosyoCd=1495100222-00&ServiceCd=730&Type=search", "url2": "http://www.kaori-kaigo.jala.co.jp/sm/saiwai/" }, "geometry": { "type": "Point", "coordinates": [ 139.684425882803339, 35.548483630582197 ] } },
{ "type": "Feature", "properties": { "内容": "ニチイケアセンター川崎御幸【小規模多機能型居宅介護】神奈川県川崎市幸区東古市場22番地", "url": "https://www.kaigokensaku.mhlw.go.jp/14/index.php?action_kouhyou_detail_004_kani=true&JigyosyoCd=1495100255-00&ServiceCd=730&Type=search", "url2": "http://www.nichii-kaigo.jp/base/base-result/05P93/" }, "geometry": { "type": "Point", "coordinates": [ 139.692707991015624, 35.552407004530743 ] } },
{ "type": "Feature", "properties": { "内容": "夢楽新川崎　小規模多機能ホーム小倉【小規模多機能型居宅介護】神奈川県川崎市幸区小倉3－9－20ケアビレッジ小倉", "url": "https://www.kaigokensaku.mhlw.go.jp/14/index.php?action_kouhyou_detail_004_kani=true&JigyosyoCd=1495100529-00&ServiceCd=730&Type=search", "url2": null }, "geometry": { "type": "Point", "coordinates": [ 139.66977510000001, 35.5419523 ] } },
{ "type": "Feature", "properties": { "内容": "花織なかはら【小規模多機能型居宅介護】神奈川県川崎市中原区宮内２－１７－３６", "url": "https://www.kaigokensaku.mhlw.go.jp/14/index.php?action_kouhyou_detail_004_kani=true&JigyosyoCd=1495200121-00&ServiceCd=730&Type=search", "url2": "http://www.kaori-kaigo.com/sm/nakahara/" }, "geometry": { "type": "Point", "coordinates": [ 139.640534399999979, 35.5916658 ] } },
{ "type": "Feature", "properties": { "内容": "花物語なかはら新館【小規模多機能型居宅介護】神奈川県川崎市中原区宮内2-17-35", "url": "https://www.kaigokensaku.mhlw.go.jp/14/index.php?action_kouhyou_detail_004_kani=true&JigyosyoCd=1495200170-00&ServiceCd=730&Type=search", "url2": "http://www.hana-kaigo.com/gh/nakahara-shinkan/" }, "geometry": { "type": "Point", "coordinates": [ 139.640284400000041, 35.5914047 ] } },
{ "type": "Feature", "properties": { "内容": "ツクイ武蔵中原【小規模多機能型居宅介護】神奈川県川崎市中原区下小田中5-12-22", "url": "https://www.kaigokensaku.mhlw.go.jp/14/index.php?action_kouhyou_detail_004_kani=true&JigyosyoCd=1495200477-00&ServiceCd=730&Type=search", "url2": "https://www.tsukui.net/home-care/2657" }, "geometry": { "type": "Point", "coordinates": [ 139.6329092, 35.5748323 ] } },
{ "type": "Feature", "properties": { "内容": "パナソニック　エイジフリーケアセンター川崎上平間・小規模多機能【小規模多機能型居宅介護】神奈川県川崎市中原区上平間283-1", "url": "https://www.kaigokensaku.mhlw.go.jp/14/index.php?action_kouhyou_detail_004_kani=true&JigyosyoCd=1495200360-00&ServiceCd=730&Type=search", "url2": "https://sumai.panasonic.jp/agefree/facility_care/agefree-house/kawasakikamihirama/" }, "geometry": { "type": "Point", "coordinates": [ 139.675583719290557, 35.563602718564219 ] } },
{ "type": "Feature", "properties": { "内容": "ハートセラピーセンター久末【小規模多機能型居宅介護】神奈川県川崎市高津区久末2212番地1", "url": "https://www.kaigokensaku.mhlw.go.jp/14/index.php?action_kouhyou_detail_004_kani=true&JigyosyoCd=1495300020-00&ServiceCd=730&Type=search", "url2": "http://www.kinet.or.jp/seseragi/heart/info4.htm" }, "geometry": { "type": "Point", "coordinates": [ 139.628456700000015, 35.5679031 ] } },
{ "type": "Feature", "properties": { "内容": "花織　たかつ新館【小規模多機能型居宅介護】神奈川県川崎市高津区宇奈根　６３７－６", "url": "https://www.kaigokensaku.mhlw.go.jp/14/index.php?action_kouhyou_detail_004_kani=true&JigyosyoCd=1495300178-00&ServiceCd=730&Type=search", "url2": "https://kaori-kaigo.jala.co.jp/sm/takatsu-shinkan/" }, "geometry": { "type": "Point", "coordinates": [ 139.600915200000031, 35.61321 ] } },
{ "type": "Feature", "properties": { "内容": "小規模多機能型居宅介護事業所　梨の花【小規模多機能型居宅介護】神奈川県川崎市高津区北見方1-2-19", "url": "https://www.kaigokensaku.mhlw.go.jp/14/index.php?action_kouhyou_detail_004_kani=true&JigyosyoCd=1495300228-00&ServiceCd=730&Type=search", "url2": "https://www.reiwakaigo.co.jp/facility/nashinohana/" }, "geometry": { "type": "Point", "coordinates": [ 139.626101718593645, 35.597691893760192 ] } },
{ "type": "Feature", "properties": { "内容": "小規模多機能型居宅介護　やまざくら【小規模多機能型居宅介護】神奈川県川崎市高津区久末1510-10", "url": "https://www.kaigokensaku.mhlw.go.jp/14/index.php?action_kouhyou_detail_004_kani=true&JigyosyoCd=1495300525-00&ServiceCd=730&Type=search", "url2": "http://www.shuhokai.or.jp" }, "geometry": { "type": "Point", "coordinates": [ 139.622826199999963, 35.5628909 ] } },
{ "type": "Feature", "properties": { "内容": "花織たかつ南【小規模多機能型居宅介護】神奈川県川崎市高津区久末2112-1", "url": "https://www.kaigokensaku.mhlw.go.jp/14/index.php?action_kouhyou_detail_004_kani=true&JigyosyoCd=1495300236-00&ServiceCd=730&Type=search", "url2": "https:/kaori-kaigo.jala.co.jp" }, "geometry": { "type": "Point", "coordinates": [ 139.624507, 35.5683003 ] } },
{ "type": "Feature", "properties": { "内容": "花織たま南【小規模多機能型居宅介護】神奈川県川崎市多摩区南生田4-25-16", "url": "https://www.kaigokensaku.mhlw.go.jp/14/index.php?action_kouhyou_detail_004_kani=true&JigyosyoCd=1495400184-00&ServiceCd=730&Type=search", "url2": "http://www.kaori-kaigo.com" }, "geometry": { "type": "Point", "coordinates": [ 139.529917399999931, 35.5986317 ] } },
{ "type": "Feature", "properties": { "内容": "「結」ケアセンターいくた【小規模多機能型居宅介護】神奈川県川崎市多摩区南生田1-31-7", "url": "https://www.kaigokensaku.mhlw.go.jp/14/index.php?action_kouhyou_detail_004_kani=true&JigyosyoCd=1495400481-00&ServiceCd=730&Type=search", "url2": "http://www.shin-yuri.co.jp/" }, "geometry": { "type": "Point", "coordinates": [ 139.527678400000013, 35.6064833 ] } },
{ "type": "Feature", "properties": { "内容": "花織のぼりと【小規模多機能型居宅介護】神奈川県川崎市多摩区登戸658-2", "url": "https://www.kaigokensaku.mhlw.go.jp/14/index.php?action_kouhyou_detail_004_kani=true&JigyosyoCd=1495400168-00&ServiceCd=730&Type=search", "url2": "http://www.kaori-kaigo.com/sm/noborito/" }, "geometry": { "type": "Point", "coordinates": [ 139.5687431, 35.6201975 ] } },
{ "type": "Feature", "properties": { "内容": "花織たま東【小規模多機能型居宅介護】神奈川県川崎市多摩区宿河原２－２９－４", "url": "https://www.kaigokensaku.mhlw.go.jp/14/index.php?action_kouhyou_detail_004_kani=true&JigyosyoCd=1495400200-00&ServiceCd=730&Type=search", "url2": "http://www.kaori-kaigo.com/sm/tama-higashi/" }, "geometry": { "type": "Point", "coordinates": [ 139.571401599999945, 35.6145985 ] } },
{ "type": "Feature", "properties": { "内容": "ヒューマンライフケア　多摩の宿【小規模多機能型居宅介護】神奈川県川崎市多摩区菅馬場1-25-30", "url": "https://www.kaigokensaku.mhlw.go.jp/14/index.php?action_kouhyou_detail_004_kani=true&JigyosyoCd=1495400291-00&ServiceCd=730&Type=search", "url2": "http://kaigo.human-lifecare.jp/facilities/sh003_Tama/summary.html" }, "geometry": { "type": "Point", "coordinates": [ 139.543022699999938, 35.6311594 ] } },
{ "type": "Feature", "properties": { "内容": "ヒューマンライフケア菅仙谷の宿【小規模多機能型居宅介護】神奈川県川崎市多摩区菅仙谷３－７－７ヒューマンライフケア菅仙谷の宿", "url": "https://www.kaigokensaku.mhlw.go.jp/14/index.php?action_kouhyou_detail_004_kani=true&JigyosyoCd=1495400341-00&ServiceCd=730&Type=search", "url2": "http://hlc.athuman.com/caresearch/kanagawa/392024/index.php?sisetu=145" }, "geometry": { "type": "Point", "coordinates": [ 139.526341399999978, 35.6229803 ] } },
{ "type": "Feature", "properties": { "内容": "花織たま北【小規模多機能型居宅介護】神奈川県川崎市多摩区菅稲田堤3-18-1", "url": "https://www.kaigokensaku.mhlw.go.jp/14/index.php?action_kouhyou_detail_004_kani=true&JigyosyoCd=1495400457-00&ServiceCd=730&Type=search", "url2": "http://www.kaori-kaigo.com/sm/tamakita/" }, "geometry": { "type": "Point", "coordinates": [ 139.542611399999942, 35.635042 ] } },
{ "type": "Feature", "properties": { "内容": "ケアタス菅生【小規模多機能型居宅介護】神奈川県川崎市宮前区菅生1-16-21ケアタス菅生", "url": "https://www.kaigokensaku.mhlw.go.jp/14/index.php?action_kouhyou_detail_004_kani=true&JigyosyoCd=1495500751-00&ServiceCd=730&Type=search", "url2": "https://caretus.com/" }, "geometry": { "type": "Point", "coordinates": [ 139.556592035581957, 35.601697978932606 ] } },
{ "type": "Feature", "properties": { "内容": "デイホーム川崎宮前【小規模多機能型居宅介護】神奈川県川崎市宮前区南野川2丁目63-26", "url": "https://www.kaigokensaku.mhlw.go.jp/14/index.php?action_kouhyou_detail_004_kani=true&JigyosyoCd=1495500066-00&ServiceCd=730&Type=search", "url2": "http://kawasaki.carehomenet.jp/" }, "geometry": { "type": "Point", "coordinates": [ 139.605051300000042, 35.566775200000016 ] } },
{ "type": "Feature", "properties": { "内容": "小規模多機能ホーム　富士見プラザ　フォンテーヌ鷺沼【小規模多機能型居宅介護】神奈川県川崎市宮前区土橋3-1-6", "url": "https://www.kaigokensaku.mhlw.go.jp/14/index.php?action_kouhyou_detail_004_kani=true&JigyosyoCd=1495500082-00&ServiceCd=730&Type=search", "url2": "http://www.fujimiplaza.com" }, "geometry": { "type": "Point", "coordinates": [ 139.573798, 35.581115 ] } },
{ "type": "Feature", "properties": { "内容": "小規模多機能型居宅介護プラチナコミュニティ有馬【小規模多機能型居宅介護】神奈川県川崎市宮前区有馬6-10-25", "url": "https://www.kaigokensaku.mhlw.go.jp/14/index.php?action_kouhyou_detail_004_kani=true&JigyosyoCd=1495500520-00&ServiceCd=730&Type=search", "url2": "http://platinum-care.jp/" }, "geometry": { "type": "Point", "coordinates": [ 139.582539499999939, 35.5706165 ] } },
{ "type": "Feature", "properties": { "内容": "ミモザ川崎神木本町【小規模多機能型居宅介護】神奈川県川崎市宮前区神木本町１丁目25番12号", "url": "https://www.kaigokensaku.mhlw.go.jp/14/index.php?action_kouhyou_detail_004_kani=true&JigyosyoCd=1495500231-00&ServiceCd=730&Type=search", "url2": "http://www.mimoza-care.jp/base/shiboku-honcho.html" }, "geometry": { "type": "Point", "coordinates": [ 139.581719998950263, 35.604673246232643 ] } },
{ "type": "Feature", "properties": { "内容": "ミモザ宮前【小規模多機能型居宅介護】神奈川県川崎市宮前区西野川3丁目4番1号", "url": "https://www.kaigokensaku.mhlw.go.jp/14/index.php?action_kouhyou_detail_004_kani=true&JigyosyoCd=1495500645-00&ServiceCd=730&Type=search", "url2": "https://www.mimoza-care.jp/base/miyamae.html" }, "geometry": { "type": "Point", "coordinates": [ 139.603289436909506, 35.572003116691739 ] } },
{ "type": "Feature", "properties": { "内容": "ヒューマンライフケア　宮前の宿【小規模多機能型居宅介護】神奈川県川崎市宮前区水沢３－１４－３", "url": "https://www.kaigokensaku.mhlw.go.jp/14/index.php?action_kouhyou_detail_004_kani=true&JigyosyoCd=1495500272-00&ServiceCd=730&Type=search", "url2": "http://kaigo.human-lifecare.jp/facilities/sh004_Miyamae/summary.html" }, "geometry": { "type": "Point", "coordinates": [ 139.538955520619993, 35.594041145722635 ] } },
{ "type": "Feature", "properties": { "内容": "パナソニックエイジフリーケアセンター川崎有馬・小規模多機能【小規模多機能型居宅介護】神奈川県川崎市宮前区東有馬4-25-3", "url": "https://www.kaigokensaku.mhlw.go.jp/14/index.php?action_kouhyou_detail_004_kani=true&JigyosyoCd=1495500348-00&ServiceCd=730&Type=search", "url2": "http://sumai.panasonic.jp/agefree/facility_care/agefree-house/kawasakiarima/" }, "geometry": { "type": "Point", "coordinates": [ 139.589923684655787, 35.568829422983804 ] } },
{ "type": "Feature", "properties": { "内容": "パナソニックエイジフリーケアセンター川崎菅生・小規模多機能【小規模多機能型居宅介護】神奈川県川崎市宮前区菅生４丁目５番７号", "url": "https://www.kaigokensaku.mhlw.go.jp/14/index.php?action_kouhyou_detail_004_kani=true&JigyosyoCd=1495500496-00&ServiceCd=730&Type=search", "url2": "https://panasonic.co.jp/ls/paf/" }, "geometry": { "type": "Point", "coordinates": [ 133.003836699999965, 34.051389100000016 ] } },
{ "type": "Feature", "properties": { "内容": "愛・コミュニティホーム川崎野川【小規模多機能型居宅介護】神奈川県川崎市宮前区西野川2-31-5", "url": "https://www.kaigokensaku.mhlw.go.jp/14/index.php?action_kouhyou_detail_004_kani=true&JigyosyoCd=1495500181-00&ServiceCd=730&Type=search", "url2": "https://i-sogofukushi.com/" }, "geometry": { "type": "Point", "coordinates": [ 139.608626853967252, 35.576776683111774 ] } },
{ "type": "Feature", "properties": { "内容": "花物語あさお【小規模多機能型居宅介護】神奈川県川崎市麻生区片平7－1－1", "url": "https://www.kaigokensaku.mhlw.go.jp/14/index.php?action_kouhyou_detail_004_kani=true&JigyosyoCd=1495600197-00&ServiceCd=730&Type=search", "url2": "http://www.hana-kaigo.com/gh/asao/" }, "geometry": { "type": "Point", "coordinates": [ 139.486739663090503, 35.59850227256667 ] } },
{ "type": "Feature", "properties": { "内容": "小規模多機能施設あさお【小規模多機能型居宅介護】神奈川県川崎市麻生区王禅寺東5-48-16小規模多機能施設あさお", "url": "https://www.kaigokensaku.mhlw.go.jp/14/index.php?action_kouhyou_detail_004_kani=true&JigyosyoCd=1495600247-00&ServiceCd=730&Type=search", "url2": "http://www.sounkai.com/shokibo_asao/" }, "geometry": { "type": "Point", "coordinates": [ 139.5145718, 35.5790833 ] } },
{ "type": "Feature", "properties": { "内容": "生活リハビリクラブ麻生【小規模多機能型居宅介護】神奈川県川崎市麻生区東百合丘3－17－4るーむら麻生2F", "url": "https://www.kaigokensaku.mhlw.go.jp/14/index.php?action_kouhyou_detail_004_kani=true&JigyosyoCd=1495600650-00&ServiceCd=730&Type=search", "url2": "https://kanagawa.seikatsuclub.coop/service/rehabilitation/asao.html" }, "geometry": { "type": "Point", "coordinates": [ 139.5303065, 35.596641300000016 ] } },
{ "type": "Feature", "properties": { "内容": "まごころの家＊新百合ヶ丘【小規模多機能型居宅介護】神奈川県川崎市麻生区百合丘3丁目15－1", "url": "https://www.kaigokensaku.mhlw.go.jp/14/index.php?action_kouhyou_detail_004_kani=true&JigyosyoCd=1495600668-00&ServiceCd=730&Type=search", "url2": "https://shinyuri.magokoro-w.com/" }, "geometry": { "type": "Point", "coordinates": [ 139.5212783, 35.599765600000026 ] } },
{ "type": "Feature", "properties": { "内容": "ヒューマンライフケア麻生の宿【小規模多機能型居宅介護】神奈川県川崎市麻生区千代ヶ丘7-6-4", "url": "https://www.kaigokensaku.mhlw.go.jp/14/index.php?action_kouhyou_detail_004_kani=true&JigyosyoCd=1495600288-00&ServiceCd=730&Type=search", "url2": "http://kaigo.human-lifecare.jp/facilities/sh002_Asao/summary.html" }, "geometry": { "type": "Point", "coordinates": [ 139.506566732471441, 35.617631143407259 ] } },
{ "type": "Feature", "properties": { "内容": "ヒューマンライフケア王禅寺の宿【小規模多機能型居宅介護】神奈川県川崎市麻生区王禅寺東3-1-24", "url": "https://www.kaigokensaku.mhlw.go.jp/14/index.php?action_kouhyou_detail_004_kani=true&JigyosyoCd=1495600577-00&ServiceCd=730&Type=search", "url2": "https://kaigo.human-lifecare.jp/facilities/sh019_OuzenjiSH/summary.html" }, "geometry": { "type": "Point", "coordinates": [ 139.5220538, 35.588669 ] } },
{ "type": "Feature", "properties": { "内容": "ななかまど【小規模多機能型居宅介護】神奈川県相模原市緑区二本松3-8-15", "url": "https://www.kaigokensaku.mhlw.go.jp/14/index.php?action_kouhyou_detail_004_kani=true&JigyosyoCd=1492600034-00&ServiceCd=730&Type=search", "url2": "https://www7b.biglobe.ne.jp/~nanakamado/" }, "geometry": { "type": "Point", "coordinates": [ 139.318083600000023, 35.5953871 ] } },
{ "type": "Feature", "properties": { "内容": "小規模多機能型居宅介護夢かご【小規模多機能型居宅介護】神奈川県相模原市緑区佐野川3104-1", "url": "https://www.kaigokensaku.mhlw.go.jp/14/index.php?action_kouhyou_detail_004_kani=true&JigyosyoCd=1492600430-00&ServiceCd=730&Type=search", "url2": "https://raphaelkai.com/yumekago.html" }, "geometry": { "type": "Point", "coordinates": [ 139.127016, 35.6429607 ] } },
{ "type": "Feature", "properties": { "内容": "すずかけの家【小規模多機能型居宅介護】神奈川県相模原市緑区牧野1987", "url": "https://www.kaigokensaku.mhlw.go.jp/14/index.php?action_kouhyou_detail_004_kani=true&JigyosyoCd=1492600125-00&ServiceCd=730&Type=search", "url2": "http://suzukakenoie.art.coocan.jp/" }, "geometry": { "type": "Point", "coordinates": [ 139.17325470000003, 35.5866668 ] } },
{ "type": "Feature", "properties": { "内容": "花織　さがみ北【小規模多機能型居宅介護】神奈川県相模原市緑区相原3-7-39", "url": "https://www.kaigokensaku.mhlw.go.jp/14/index.php?action_kouhyou_detail_004_kani=true&JigyosyoCd=1492600315-00&ServiceCd=730&Type=search", "url2": null }, "geometry": { "type": "Point", "coordinates": [ 139.3224275, 35.6047915 ] } },
{ "type": "Feature", "properties": { "内容": "小規模多機能　東橋本【小規模多機能型居宅介護】神奈川県相模原市緑区東橋本4-9-4", "url": "https://www.kaigokensaku.mhlw.go.jp/14/index.php?action_kouhyou_detail_004_kani=true&JigyosyoCd=1492600414-00&ServiceCd=730&Type=search", "url2": "https://nakahama-clinic.com/welfare/st_higashihashimoto.html" }, "geometry": { "type": "Point", "coordinates": [ 139.357916100000011, 35.5960773 ] } },
{ "type": "Feature", "properties": { "内容": "パナソニック　エイジフリーケアセンター相模原橋本・小規模多機能【小規模多機能型居宅介護】神奈川県相模原市緑区西橋本1-16-41", "url": "https://www.kaigokensaku.mhlw.go.jp/14/index.php?action_kouhyou_detail_004_kani=true&JigyosyoCd=1492600869-00&ServiceCd=730&Type=search", "url2": "https://sumai.panasonic.jp/agefree/map/detail.php?id=250" }, "geometry": { "type": "Point", "coordinates": [ 139.3369765, 35.588227 ] } },
{ "type": "Feature", "properties": { "内容": "まごころの家＊淵野辺【小規模多機能型居宅介護】神奈川県相模原市中央区淵野辺4丁目1-19-2まごころの家＊淵野辺　１F", "url": "https://www.kaigokensaku.mhlw.go.jp/14/index.php?action_kouhyou_detail_004_kani=true&JigyosyoCd=1492600539-00&ServiceCd=730&Type=search", "url2": "http://www.magokorokaigo.com/use/office/fuchinobe-sh.php" }, "geometry": { "type": "Point", "coordinates": [ 139.396004250787342, 35.570565891819186 ] } },
{ "type": "Feature", "properties": { "内容": "小規模多機能型居宅介護事業所　アゼリア【小規模多機能型居宅介護】神奈川県相模原市中央区陽光台　2-29-7", "url": "https://www.kaigokensaku.mhlw.go.jp/14/index.php?action_kouhyou_detail_004_kani=true&JigyosyoCd=1492600562-00&ServiceCd=730&Type=search", "url2": "http://www.aishima.co.jp/shisetsu/shokibo/azalea.html" }, "geometry": { "type": "Point", "coordinates": [ 139.374913, 35.5558759 ] } },
{ "type": "Feature", "properties": { "内容": "小規模多機能型居宅介護もみじのて中央【小規模多機能型居宅介護】神奈川県相模原市中央区中央1-1-12メイプルビル", "url": "https://www.kaigokensaku.mhlw.go.jp/14/index.php?action_kouhyou_detail_004_kani=true&JigyosyoCd=1492600703-00&ServiceCd=730&Type=search", "url2": "http://www.maplehand.co.jp/" }, "geometry": { "type": "Point", "coordinates": [ 139.366908059308116, 35.575083527193833 ] } },
{ "type": "Feature", "properties": { "内容": "アクア矢部小規模多機能ホーム【小規模多機能型居宅介護】神奈川県相模原市中央区矢部3-12-5", "url": "https://www.kaigokensaku.mhlw.go.jp/14/index.php?action_kouhyou_detail_004_kani=true&JigyosyoCd=1492600935-00&ServiceCd=730&Type=search", "url2": "https://www.exeo-home.jp/aquagroup/aqua_yabe_shoukibo.html" }, "geometry": { "type": "Point", "coordinates": [ 139.391930099999968, 35.5820624 ] } },
{ "type": "Feature", "properties": { "内容": "パナソニックエイジフリーケアセンター相模原横山台・小規模多機能【小規模多機能型居宅介護】神奈川県相模原市中央区横山台一丁目４０番１９－２エイジフリーハウス相模原横山台", "url": "https://www.kaigokensaku.mhlw.go.jp/14/index.php?action_kouhyou_detail_004_kani=true&JigyosyoCd=1492600877-00&ServiceCd=730&Type=search", "url2": "http://sumai.panasonic.jp/agefree/facility_care/agefree-house/sagamiharayokoyamadai/" }, "geometry": { "type": "Point", "coordinates": [ 139.352831199999969, 35.5682666 ] } },
{ "type": "Feature", "properties": { "内容": "小規模多機能型居宅介護　もみじのて上溝【小規模多機能型居宅介護】神奈川県相模原市中央区上溝1-6-9-2", "url": "https://www.kaigokensaku.mhlw.go.jp/14/index.php?action_kouhyou_detail_004_kani=true&JigyosyoCd=1492601453-00&ServiceCd=730&Type=search", "url2": "http://www.maplehand.co.jp/publics/index/160/" }, "geometry": { "type": "Point", "coordinates": [ 139.351196699999946, 35.5634111 ] } },
{ "type": "Feature", "properties": { "内容": "小規模多機能型ホーム　アミューズ淵野辺【小規模多機能型居宅介護】神奈川県相模原市中央区相生1丁目5番2号相生クリニックビル１階", "url": "https://www.kaigokensaku.mhlw.go.jp/14/index.php?action_kouhyou_detail_004_kani=true&JigyosyoCd=1492602055-00&ServiceCd=730&Type=search", "url2": "https://amuse-care.com/facility/facility-169/" }, "geometry": { "type": "Point", "coordinates": [ 139.387594964418042, 35.56619338173217 ] } },
{ "type": "Feature", "properties": { "内容": "小規模多機能　上矢部【小規模多機能型居宅介護】神奈川県相模原市中央区上矢部2-18-18", "url": "https://www.kaigokensaku.mhlw.go.jp/14/index.php?action_kouhyou_detail_004_kani=true&JigyosyoCd=1492600463-00&ServiceCd=730&Type=search", "url2": "https://nakahama-clinic.com/welfare/st_kamiyabe.html" }, "geometry": { "type": "Point", "coordinates": [ 139.393146600000023, 35.5835539 ] } },
{ "type": "Feature", "properties": { "内容": "小規模多機能型居宅介護　もみじのて矢部【小規模多機能型居宅介護】神奈川県相模原市中央区矢部4-4-5", "url": "https://www.kaigokensaku.mhlw.go.jp/14/index.php?action_kouhyou_detail_004_kani=true&JigyosyoCd=1492601271-00&ServiceCd=730&Type=search", "url2": "http://www.maplehand.co.jp/publics/index/138/" }, "geometry": { "type": "Point", "coordinates": [ 139.387828, 35.5704253 ] } },
{ "type": "Feature", "properties": { "内容": "小規模多機能ホーム芙蓉の園【小規模多機能型居宅介護】神奈川県相模原市南区南台6-9-16", "url": "https://www.kaigokensaku.mhlw.go.jp/14/index.php?action_kouhyou_detail_004_kani=true&JigyosyoCd=1492600331-00&ServiceCd=730&Type=search", "url2": "http://www.rissho.or.jp/wp/" }, "geometry": { "type": "Point", "coordinates": [ 139.41344950000007, 35.5196698 ] } },
{ "type": "Feature", "properties": { "内容": "ニチイケアセンター大野台【小規模多機能型居宅介護】神奈川県相模原市南区大野台3-15-49", "url": "https://www.kaigokensaku.mhlw.go.jp/14/index.php?action_kouhyou_detail_004_kani=true&JigyosyoCd=1492600372-00&ServiceCd=730&Type=search", "url2": "https://www.nichii-kaigo.jp/base/base-result/05N86/" }, "geometry": { "type": "Point", "coordinates": [ 139.399290734532201, 35.5549059828314 ] } },
{ "type": "Feature", "properties": { "内容": "ヒューマンライフケア大野台の宿【小規模多機能型居宅介護】神奈川県相模原市南区大野台6-10-10-2", "url": "https://www.kaigokensaku.mhlw.go.jp/14/index.php?action_kouhyou_detail_004_kani=true&JigyosyoCd=1492600687-00&ServiceCd=730&Type=search", "url2": "https://kaigo.human-lifecare.jp/facilities/sh006_Ohnodai/summary.html" }, "geometry": { "type": "Point", "coordinates": [ 139.4159955, 35.5521387 ] } },
{ "type": "Feature", "properties": { "内容": "小規模多機能型居宅介護　東林間輝【小規模多機能型居宅介護】神奈川県相模原市南区東林間5-6-21", "url": "https://www.kaigokensaku.mhlw.go.jp/14/index.php?action_kouhyou_detail_004_kani=true&JigyosyoCd=1492601743-00&ServiceCd=730&Type=search", "url2": null }, "geometry": { "type": "Point", "coordinates": [ 139.439308399999987, 35.5193089 ] } },
{ "type": "Feature", "properties": { "内容": "花織　さがみ東【小規模多機能型居宅介護】神奈川県相模原市南区上鶴間本町6-4-7", "url": "https://www.kaigokensaku.mhlw.go.jp/14/index.php?action_kouhyou_detail_004_kani=true&JigyosyoCd=1492600398-00&ServiceCd=730&Type=search", "url2": "http://www.kaori-kaigo.com/sm/sagami-higashi/" }, "geometry": { "type": "Point", "coordinates": [ 139.445330949073764, 35.530458436874738 ] } },
{ "type": "Feature", "properties": { "内容": "小規模多機能型居宅介護　ゆとり庵磯部【小規模多機能型居宅介護】神奈川県相模原市南区磯部282-1", "url": "https://www.kaigokensaku.mhlw.go.jp/14/index.php?action_kouhyou_detail_004_kani=true&JigyosyoCd=1492601529-00&ServiceCd=730&Type=search", "url2": null }, "geometry": { "type": "Point", "coordinates": [ 139.380564700000036, 35.5105067 ] } },
{ "type": "Feature", "properties": { "内容": "セントケア鵜野森【小規模多機能型居宅介護】神奈川県相模原市南区鵜野森3-18-14", "url": "https://www.kaigokensaku.mhlw.go.jp/14/index.php?action_kouhyou_detail_004_kani=true&JigyosyoCd=1492601578-00&ServiceCd=730&Type=search", "url2": "http://www.saintc-k.com/" }, "geometry": { "type": "Point", "coordinates": [ 139.433577013491799, 35.542363858903862 ] } },
{ "type": "Feature", "properties": { "内容": "ツクイ相模原相武台【小規模多機能型居宅介護】神奈川県相模原市南区新磯野1-32-7", "url": "https://www.kaigokensaku.mhlw.go.jp/14/index.php?action_kouhyou_detail_004_kani=true&JigyosyoCd=1492601750-00&ServiceCd=730&Type=search", "url2": "https://www.tsukui.net/home-care/2674S/" }, "geometry": { "type": "Point", "coordinates": [ 139.4082455, 35.509299 ] } },
{ "type": "Feature", "properties": { "内容": "あさみぞハウス【小規模多機能型居宅介護】神奈川県相模原市南区当麻893番地8", "url": "https://www.kaigokensaku.mhlw.go.jp/14/index.php?action_kouhyou_detail_004_kani=true&JigyosyoCd=1492600760-00&ServiceCd=730&Type=search", "url2": "https://www.kirakukai.or.jp/jigyou/house" }, "geometry": { "type": "Point", "coordinates": [ 139.367336600000044, 35.5332526 ] } },
{ "type": "Feature", "properties": { "内容": "第2小規模多機能ホーム芙蓉の園【小規模多機能型居宅介護】神奈川県相模原市南区南台6-19-3", "url": "https://www.kaigokensaku.mhlw.go.jp/14/index.php?action_kouhyou_detail_004_kani=true&JigyosyoCd=1492600729-00&ServiceCd=730&Type=search", "url2": "http://www.rissho.or.jp/syoukibo/index.html" }, "geometry": { "type": "Point", "coordinates": [ 139.416843699999959, 35.5180728 ] } },
{ "type": "Feature", "properties": { "内容": "花織さがみ御園【小規模多機能型居宅介護】神奈川県相模原市南区御園4-15-10", "url": "https://www.kaigokensaku.mhlw.go.jp/14/index.php?action_kouhyou_detail_004_kani=true&JigyosyoCd=1492600950-00&ServiceCd=730&Type=search", "url2": "http://www.kaori-kaigo.com/sm/sagami-misono" }, "geometry": { "type": "Point", "coordinates": [ 139.413295880867508, 35.525658100296489 ] } },
{ "type": "Feature", "properties": { "内容": "太陽の家馬堀倶楽部【小規模多機能型居宅介護】神奈川県横須賀市馬堀町1丁目1番7号", "url": "https://www.kaigokensaku.mhlw.go.jp/14/index.php?action_kouhyou_detail_004_kani=true&JigyosyoCd=1491900211-00&ServiceCd=730&Type=search", "url2": "http://www.ui21.or.jp/shisetsu/06-umahori/" }, "geometry": { "type": "Point", "coordinates": [ 139.701189200000044, 35.2610509 ] } },
{ "type": "Feature", "properties": { "内容": "太陽の家　安浦倶楽部【小規模多機能型居宅介護】神奈川県横須賀市安浦町2-27　IDビル3F", "url": "https://www.kaigokensaku.mhlw.go.jp/14/index.php?action_kouhyou_detail_004_kani=true&JigyosyoCd=1491900070-00&ServiceCd=730&Type=search", "url2": "http://www.ui21.or.jp/shisetsu/05-yasuura/" }, "geometry": { "type": "Point", "coordinates": [ 139.676885494442814, 35.270399411518426 ] } },
{ "type": "Feature", "properties": { "内容": "サポート横須賀くごう【小規模多機能型居宅介護】神奈川県横須賀市公郷町3-92-10", "url": "https://www.kaigokensaku.mhlw.go.jp/14/index.php?action_kouhyou_detail_004_kani=true&JigyosyoCd=1491900237-00&ServiceCd=730&Type=search", "url2": "http://www.support-yokosuka.com/" }, "geometry": { "type": "Point", "coordinates": [ 139.674152700000036, 35.257898800000014 ] } },
{ "type": "Feature", "properties": { "内容": "小規模多機能ホーム　チェリーホーム森崎【小規模多機能型居宅介護】神奈川県横須賀市森崎1-1-21マルエムビル1F", "url": "https://www.kaigokensaku.mhlw.go.jp/14/index.php?action_kouhyou_detail_004_kani=true&JigyosyoCd=1491900245-00&ServiceCd=730&Type=search", "url2": null }, "geometry": { "type": "Point", "coordinates": [ 139.67896339999993, 35.2512772 ] } },
{ "type": "Feature", "properties": { "内容": "ミモザ久里浜セントポーリア【小規模多機能型居宅介護】神奈川県横須賀市佐原5丁目28番33号", "url": "https://www.kaigokensaku.mhlw.go.jp/14/index.php?action_kouhyou_detail_004_kani=true&JigyosyoCd=1491900450-00&ServiceCd=730&Type=search", "url2": "http://www.mimoza-care.jp/base/kurihama-saintpalia_4.html" }, "geometry": { "type": "Point", "coordinates": [ 139.694770400000039, 35.2330265 ] } },
{ "type": "Feature", "properties": { "内容": "太陽の家　逸見倶楽部【小規模多機能型居宅介護】神奈川県横須賀市東逸見町2-4-9", "url": "https://www.kaigokensaku.mhlw.go.jp/14/index.php?action_kouhyou_detail_004_kani=true&JigyosyoCd=1491900500-00&ServiceCd=730&Type=search", "url2": "http://www.ui21.or:.jp" }, "geometry": { "type": "Point", "coordinates": [ 139.652616099999932, 35.2819359 ] } },
{ "type": "Feature", "properties": { "内容": "サポート横須賀さの【小規模多機能型居宅介護】神奈川県横須賀市佐野町3-14-11", "url": "https://www.kaigokensaku.mhlw.go.jp/14/index.php?action_kouhyou_detail_004_kani=true&JigyosyoCd=1491900641-00&ServiceCd=730&Type=search", "url2": "http://www.support-yokosuka.com/" }, "geometry": { "type": "Point", "coordinates": [ 139.669105800000011, 35.2620798 ] } },
{ "type": "Feature", "properties": { "内容": "花織よこすか中央【小規模多機能型居宅介護】神奈川県横須賀市米が浜通1-5-5", "url": "https://www.kaigokensaku.mhlw.go.jp/14/index.php?action_kouhyou_detail_004_kani=true&JigyosyoCd=1491900716-00&ServiceCd=730&Type=search", "url2": "https://kaori-kaigo.jala.co.jp/sm/yokosuka_chuou/" }, "geometry": { "type": "Point", "coordinates": [ 139.675146400000017, 35.2784129 ] } },
{ "type": "Feature", "properties": { "内容": "かもめ倶楽部【小規模多機能型居宅介護】神奈川県横須賀市鴨居2-80-372F", "url": "https://www.kaigokensaku.mhlw.go.jp/14/index.php?action_kouhyou_detail_004_kani=true&JigyosyoCd=1491900989-00&ServiceCd=730&Type=search", "url2": "https://www.ui21.or.jp/" }, "geometry": { "type": "Point", "coordinates": [ 139.730653101852397, 35.242043112852095 ] } },
{ "type": "Feature", "properties": { "内容": "小規模多機能ホームゆりの花　南武【小規模多機能型居宅介護】神奈川県横須賀市武4-17-20", "url": "https://www.kaigokensaku.mhlw.go.jp/14/index.php?action_kouhyou_detail_004_kani=true&JigyosyoCd=1491900112-00&ServiceCd=730&Type=search", "url2": "https://yurinohana.com" }, "geometry": { "type": "Point", "coordinates": [ 139.6426, 35.2254663 ] } },
{ "type": "Feature", "properties": { "内容": "小規模多機能型居宅介護施設　はるかぜ【小規模多機能型居宅介護】神奈川県平塚市大神3丁目2-10", "url": "https://www.kaigokensaku.mhlw.go.jp/14/index.php?action_kouhyou_detail_004_kani=true&JigyosyoCd=1492000128-00&ServiceCd=730&Type=search", "url2": "http://shofukai.or.jp/harukaze.html" }, "geometry": { "type": "Point", "coordinates": [ 139.364989018385359, 35.38176013676469 ] } },
{ "type": "Feature", "properties": { "内容": "小規模多機能型居宅介護施設　あかね【小規模多機能型居宅介護】神奈川県平塚市四之宮２丁目２２番１１号", "url": "https://www.kaigokensaku.mhlw.go.jp/14/index.php?action_kouhyou_detail_004_kani=true&JigyosyoCd=1492000144-00&ServiceCd=730&Type=search", "url2": "http://shofukai.or.jp/akane.html" }, "geometry": { "type": "Point", "coordinates": [ 139.353644799999984, 35.3525281 ] } },
{ "type": "Feature", "properties": { "内容": "小規模多機能型居宅介護施設　しおさい【小規模多機能型居宅介護】神奈川県平塚市花水台13番9号", "url": "https://www.kaigokensaku.mhlw.go.jp/14/index.php?action_kouhyou_detail_004_kani=true&JigyosyoCd=1492000243-00&ServiceCd=730&Type=search", "url2": "http://shofukai.or.jp/siosai.html" }, "geometry": { "type": "Point", "coordinates": [ 139.333617199999907, 35.3189511 ] } },
{ "type": "Feature", "properties": { "内容": "小規模多機能型居宅介護ゆとり庵長持【小規模多機能型居宅介護】神奈川県平塚市長持441", "url": "https://www.kaigokensaku.mhlw.go.jp/14/index.php?action_kouhyou_detail_004_kani=true&JigyosyoCd=1492000474-00&ServiceCd=730&Type=search", "url2": null }, "geometry": { "type": "Point", "coordinates": [ 139.32061269999997, 35.3481113 ] } },
{ "type": "Feature", "properties": { "内容": "グループホームしん　すみれ荘【小規模多機能型居宅介護】神奈川県平塚市菫平9-29-2", "url": "https://www.kaigokensaku.mhlw.go.jp/14/index.php?action_kouhyou_detail_004_kani=true&JigyosyoCd=1492000136-00&ServiceCd=730&Type=search", "url2": null }, "geometry": { "type": "Point", "coordinates": [ 139.340744399999949, 35.3192538 ] } },
{ "type": "Feature", "properties": { "内容": "湘央ケアホームえん【小規模多機能型居宅介護】神奈川県平塚市豊原町14-17", "url": "https://www.kaigokensaku.mhlw.go.jp/14/index.php?action_kouhyou_detail_004_kani=true&JigyosyoCd=1492000318-00&ServiceCd=730&Type=search", "url2": "https://shonannoen.com/shoonoen/" }, "geometry": { "type": "Point", "coordinates": [ 139.337727399999949, 35.3317635 ] } },
{ "type": "Feature", "properties": { "内容": "幸せふくろう万田【小規模多機能型居宅介護】神奈川県平塚市万田1-16-1", "url": "https://www.kaigokensaku.mhlw.go.jp/14/index.php?action_kouhyou_detail_004_kani=true&JigyosyoCd=1492000342-00&ServiceCd=730&Type=search", "url2": "http://www.ml-care.co.jp/" }, "geometry": { "type": "Point", "coordinates": [ 139.310443600000013, 35.334738100000024 ] } },
{ "type": "Feature", "properties": { "内容": "ミモザ平塚徳延【小規模多機能型居宅介護】神奈川県平塚市徳延１７７－１", "url": "https://www.kaigokensaku.mhlw.go.jp/14/index.php?action_kouhyou_detail_004_kani=true&JigyosyoCd=1492000086-00&ServiceCd=730&Type=search", "url2": "http://www.mimoza-care.jp/base/hiratsuka-tokunobu.html" }, "geometry": { "type": "Point", "coordinates": [ 139.3170874, 35.3384876 ] } },
{ "type": "Feature", "properties": { "内容": "小規模多機能型居宅介護施設　そよかぜ【小規模多機能型居宅介護】神奈川県平塚市北金目3-26-19", "url": "https://www.kaigokensaku.mhlw.go.jp/14/index.php?action_kouhyou_detail_004_kani=true&JigyosyoCd=1492000037-00&ServiceCd=730&Type=search", "url2": "https://shofukai.or.jp/area-kanagawa/soyokaze" }, "geometry": { "type": "Point", "coordinates": [ 139.279088099999967, 35.3634863 ] } },
{ "type": "Feature", "properties": { "内容": "ニチイケアセンターごてん【小規模多機能型居宅介護】神奈川県平塚市御殿2-19-9", "url": "https://www.kaigokensaku.mhlw.go.jp/14/index.php?action_kouhyou_detail_004_kani=true&JigyosyoCd=1492000201-00&ServiceCd=730&Type=search", "url2": "https://www.nichii-kaigo.jp/base/base-result/05P64/" }, "geometry": { "type": "Point", "coordinates": [ 139.327819699999964, 35.3427066 ] } },
{ "type": "Feature", "properties": { "内容": "デイホーム鎌倉深沢【小規模多機能型居宅介護】神奈川県鎌倉市常盤267", "url": "https://www.kaigokensaku.mhlw.go.jp/14/index.php?action_kouhyou_detail_004_kani=true&JigyosyoCd=1492100050-00&ServiceCd=730&Type=search", "url2": "http://kamakura.carehomenet.jp/" }, "geometry": { "type": "Point", "coordinates": [ 139.52318020000007, 35.3289602 ] } },
{ "type": "Feature", "properties": { "内容": "ミモザ白寿庵鎌倉【小規模多機能型居宅介護】神奈川県鎌倉市山崎1183-13", "url": "https://www.kaigokensaku.mhlw.go.jp/14/index.php?action_kouhyou_detail_004_kani=true&JigyosyoCd=1492100118-00&ServiceCd=730&Type=search", "url2": "https://mimoza-care.com/facility/small-scale-multifunctional-home-care/post-1958/" }, "geometry": { "type": "Point", "coordinates": [ 139.52648, 35.3427644 ] } },
{ "type": "Feature", "properties": { "内容": "クロスハート十二所・鎌倉【小規模多機能型居宅介護】神奈川県鎌倉市十二所９３７－８", "url": "https://www.kaigokensaku.mhlw.go.jp/14/index.php?action_kouhyou_detail_004_kani=true&JigyosyoCd=1492100134-00&ServiceCd=730&Type=search", "url2": "https://www.shinkoufukushikai.com/care/multifunctional/juniso-multi" }, "geometry": { "type": "Point", "coordinates": [ 139.577120599999944, 35.3192311 ] } },
{ "type": "Feature", "properties": { "内容": "小規模多機能型居宅介護事業所　　材木座あじさいの家【小規模多機能型居宅介護】神奈川県鎌倉市材木座2-10-12", "url": "https://www.kaigokensaku.mhlw.go.jp/14/index.php?action_kouhyou_detail_004_kani=true&JigyosyoCd=1492100142-00&ServiceCd=730&Type=search", "url2": "http://www.seiyokan.jp/ajisai/ajisai.html" }, "geometry": { "type": "Point", "coordinates": [ 139.555349699999965, 35.3097878 ] } },
{ "type": "Feature", "properties": { "内容": "小規模多機能ホームちいさな手ききょうの花鎌倉【小規模多機能型居宅介護】神奈川県鎌倉市台３－９－５", "url": "https://www.kaigokensaku.mhlw.go.jp/14/index.php?action_kouhyou_detail_004_kani=true&JigyosyoCd=1492100191-00&ServiceCd=730&Type=search", "url2": "https://medicalcare-group.com/facility/mh-kikyo-no-hana-kamakura/" }, "geometry": { "type": "Point", "coordinates": [ 139.530952, 35.3451141 ] } },
{ "type": "Feature", "properties": { "内容": "鎌倉ケアホームえん【小規模多機能型居宅介護】神奈川県鎌倉市今泉3丁目18-6鎌倉乃えん", "url": "https://www.kaigokensaku.mhlw.go.jp/14/index.php?action_kouhyou_detail_004_kani=true&JigyosyoCd=1492100308-00&ServiceCd=730&Type=search", "url2": "http://shonannoen.com/kamakuranoen/ch/" }, "geometry": { "type": "Point", "coordinates": [ 139.560908400000017, 35.3443892 ] } },
{ "type": "Feature", "properties": { "内容": "小規模多機能型居宅介護　ふぁいと今泉の里【小規模多機能型居宅介護】神奈川県鎌倉市今泉1丁目11番8号2階", "url": "https://www.kaigokensaku.mhlw.go.jp/14/index.php?action_kouhyou_detail_004_kani=true&JigyosyoCd=1492100498-00&ServiceCd=730&Type=search", "url2": "https://hakujukai.co.jp/care/index14.html" }, "geometry": { "type": "Point", "coordinates": [ 139.551371100000011, 35.3494736 ] } },
{ "type": "Feature", "properties": { "内容": "ホームフレンド辻堂【小規模多機能型居宅介護】神奈川県藤沢市辻堂元町４－１１－６", "url": "https://www.kaigokensaku.mhlw.go.jp/14/index.php?action_kouhyou_detail_004_kani=true&JigyosyoCd=1492200082-00&ServiceCd=730&Type=search", "url2": "http://www.homefriend.co.jp" }, "geometry": { "type": "Point", "coordinates": [ 139.45529190000002, 35.3315366 ] } },
{ "type": "Feature", "properties": { "内容": "ミモザ白寿庵湘南台【小規模多機能型居宅介護】神奈川県藤沢市円行774-1", "url": "https://www.kaigokensaku.mhlw.go.jp/14/index.php?action_kouhyou_detail_004_kani=true&JigyosyoCd=1492200090-00&ServiceCd=730&Type=search", "url2": "http://www.mimoza-care.jp/base/haku-syounandai.html" }, "geometry": { "type": "Point", "coordinates": [ 139.461765799999966, 35.3882858 ] } },
{ "type": "Feature", "properties": { "内容": "こもれびの遊（ゆ）【小規模多機能型居宅介護】神奈川県藤沢市善行７－６－６", "url": "https://www.kaigokensaku.mhlw.go.jp/14/index.php?action_kouhyou_detail_004_kani=true&JigyosyoCd=1492200173-00&ServiceCd=730&Type=search", "url2": "http://lifesupportemu.com/" }, "geometry": { "type": "Point", "coordinates": [ 139.474095700000021, 35.3643002 ] } },
{ "type": "Feature", "properties": { "内容": "ぐるーぷ藤　藤の花【小規模多機能型居宅介護】神奈川県藤沢市柄沢2-1-14ぐるーぷ藤・アクア棟", "url": "https://www.kaigokensaku.mhlw.go.jp/14/index.php?action_kouhyou_detail_004_kani=true&JigyosyoCd=1492200181-00&ServiceCd=730&Type=search", "url2": "http://www.npo-fuji.com/" }, "geometry": { "type": "Point", "coordinates": [ 139.497753082972707, 35.353148063031718 ] } },
{ "type": "Feature", "properties": { "内容": "ことりの森　ふじさわ【小規模多機能型居宅介護】神奈川県藤沢市菖蒲沢790", "url": "https://www.kaigokensaku.mhlw.go.jp/14/index.php?action_kouhyou_detail_004_kani=true&JigyosyoCd=1492200231-00&ServiceCd=730&Type=search", "url2": "http://kotorinomori-fujisawa.com/" }, "geometry": { "type": "Point", "coordinates": [ 139.442241700000068, 35.4010473 ] } },
{ "type": "Feature", "properties": { "内容": "絆【小規模多機能型居宅介護】神奈川県藤沢市鵠沼橘1-2-4クゲヌマファーストビル501", "url": "https://www.kaigokensaku.mhlw.go.jp/14/index.php?action_kouhyou_detail_004_kani=true&JigyosyoCd=1492200439-00&ServiceCd=730&Type=search", "url2": "http://nursecare.co.jp/" }, "geometry": { "type": "Point", "coordinates": [ 139.486072400000012, 35.3353846 ] } },
{ "type": "Feature", "properties": { "内容": "リフシア善行【小規模多機能型居宅介護】神奈川県藤沢市善行３－１０－４", "url": "https://www.kaigokensaku.mhlw.go.jp/14/index.php?action_kouhyou_detail_004_kani=true&JigyosyoCd=1492200496-00&ServiceCd=730&Type=search", "url2": "http://lifsea.co.jp" }, "geometry": { "type": "Point", "coordinates": [ 139.468912227647337, 35.369439453319174 ] } },
{ "type": "Feature", "properties": { "内容": "ココファンらいふケア湘南台【小規模多機能型居宅介護】神奈川県藤沢市石川6-25-3ココファンレジデンス湘南台", "url": "https://www.kaigokensaku.mhlw.go.jp/14/index.php?action_kouhyou_detail_004_kani=true&JigyosyoCd=1492200587-00&ServiceCd=730&Type=search", "url2": "https://www.cocofump.co.jp/facilities/detail/cr-shonandai/" }, "geometry": { "type": "Point", "coordinates": [ 139.450172100000032, 35.3891575 ] } },
{ "type": "Feature", "properties": { "内容": "小規模多機能「へいあん片瀬鵠沼」【小規模多機能型居宅介護】神奈川県藤沢市片瀬390-15", "url": "https://www.kaigokensaku.mhlw.go.jp/14/index.php?action_kouhyou_detail_004_kani=true&JigyosyoCd=1492200702-00&ServiceCd=730&Type=search", "url2": "https://heian-hc.jp/homecare/" }, "geometry": { "type": "Point", "coordinates": [ 139.487809666023281, 35.329127313550963 ] } },
{ "type": "Feature", "properties": { "内容": "おたがいさんサテライトおとなりさん【小規模多機能型居宅介護】神奈川県藤沢市亀井野４－１２－１０７おとなりさん", "url": "https://www.kaigokensaku.mhlw.go.jp/14/index.php?action_kouhyou_detail_004_kani=true&JigyosyoCd=1492200728-00&ServiceCd=730&Type=search", "url2": "https://aoicare.co.jp/" }, "geometry": { "type": "Point", "coordinates": [ 139.4767842, 35.3857641 ] } },
{ "type": "Feature", "properties": { "内容": "コラージュ辻堂【小規模多機能型居宅介護】神奈川県藤沢市辻堂５－３－７コラージュ辻堂", "url": "https://www.kaigokensaku.mhlw.go.jp/14/index.php?action_kouhyou_detail_004_kani=true&JigyosyoCd=1492200736-00&ServiceCd=730&Type=search", "url2": "https://g-sp.site" }, "geometry": { "type": "Point", "coordinates": [ 139.449376780950956, 35.32929188259223 ] } },
{ "type": "Feature", "properties": { "内容": "リフシア大庭【小規模多機能型居宅介護】神奈川県藤沢市大庭5142-7", "url": "https://www.kaigokensaku.mhlw.go.jp/14/index.php?action_kouhyou_detail_004_kani=true&JigyosyoCd=1492200827-00&ServiceCd=730&Type=search", "url2": "http://lifsea.co.jp" }, "geometry": { "type": "Point", "coordinates": [ 139.451305899999966, 35.3569337 ] } },
{ "type": "Feature", "properties": { "内容": "リフシア藤が岡【小規模多機能型居宅介護】神奈川県藤沢市藤が岡2-3-5ASMACI藤沢3階", "url": "https://www.kaigokensaku.mhlw.go.jp/14/index.php?action_kouhyou_detail_004_kani=true&JigyosyoCd=1492200900-00&ServiceCd=730&Type=search", "url2": "https://lifsea.co.jp/" }, "geometry": { "type": "Point", "coordinates": [ 139.492648151451107, 35.345039990084963 ] } },
{ "type": "Feature", "properties": { "内容": "桜庵辻堂【小規模多機能型居宅介護】神奈川県藤沢市辻堂城南5-4-5桜庵辻堂", "url": "https://www.kaigokensaku.mhlw.go.jp/14/index.php?action_kouhyou_detail_004_kani=true&JigyosyoCd=1492200918-00&ServiceCd=730&Type=search", "url2": "https://sakura-jpn.jala.co.jp/sakura/sakura-an.html" }, "geometry": { "type": "Point", "coordinates": [ 139.4550757, 35.346938 ] } },
{ "type": "Feature", "properties": { "内容": "おたがいさんサテライトいどばた【小規模多機能型居宅介護】神奈川県藤沢市亀井野4-12-93", "url": "https://www.kaigokensaku.mhlw.go.jp/14/index.php?action_kouhyou_detail_004_kani=true&JigyosyoCd=1492200512-00&ServiceCd=730&Type=search", "url2": "https://aoicare.co.jp/ns/" }, "geometry": { "type": "Point", "coordinates": [ 139.477309200000036, 35.3858391 ] } },
{ "type": "Feature", "properties": { "内容": "おたがいさん【小規模多機能型居宅介護】神奈川県藤沢市亀井野４－１２－３５", "url": "https://www.kaigokensaku.mhlw.go.jp/14/index.php?action_kouhyou_detail_004_kani=true&JigyosyoCd=1492200124-00&ServiceCd=730&Type=search", "url2": "https://www.aoicare.co.jp/" }, "geometry": { "type": "Point", "coordinates": [ 139.476925899999969, 35.3858224 ] } },
{ "type": "Feature", "properties": { "内容": "湘南ケアホーム　えん【小規模多機能型居宅介護】神奈川県藤沢市宮前371-6", "url": "https://www.kaigokensaku.mhlw.go.jp/14/index.php?action_kouhyou_detail_004_kani=true&JigyosyoCd=1492200769-00&ServiceCd=730&Type=search", "url2": "http://shonannoen.com" }, "geometry": { "type": "Point", "coordinates": [ 139.509334200000012, 35.3353958 ] } },
{ "type": "Feature", "properties": { "内容": "長後いきいき広場【小規模多機能型居宅介護】神奈川県藤沢市下土棚　４７８番地の５", "url": "https://www.kaigokensaku.mhlw.go.jp/14/index.php?action_kouhyou_detail_004_kani=true&JigyosyoCd=1492200116-00&ServiceCd=730&Type=search", "url2": null }, "geometry": { "type": "Point", "coordinates": [ 139.4648181, 35.4113494 ] } },
{ "type": "Feature", "properties": { "内容": "小規模多機能型居宅介護　こやわた【小規模多機能型居宅介護】神奈川県小田原市小八幡3丁目2-15", "url": "https://www.kaigokensaku.mhlw.go.jp/14/index.php?action_kouhyou_detail_004_kani=true&JigyosyoCd=1492300114-00&ServiceCd=730&Type=search", "url2": "https://www.maedakaigo.jp/" }, "geometry": { "type": "Point", "coordinates": [ 139.200325199999952, 35.2762857 ] } },
{ "type": "Feature", "properties": { "内容": "潤生園みんなの家ほたるだ【小規模多機能型居宅介護】神奈川県小田原市蓮正寺994", "url": "https://www.kaigokensaku.mhlw.go.jp/14/index.php?action_kouhyou_detail_004_kani=true&JigyosyoCd=1492300197-00&ServiceCd=730&Type=search", "url2": "http://junseien.jp" }, "geometry": { "type": "Point", "coordinates": [ 139.149113477809948, 35.284578374033181 ] } },
{ "type": "Feature", "properties": { "内容": "潤生園　みんなの家　たじま【小規模多機能型居宅介護】神奈川県小田原市田島1176-1", "url": "https://www.kaigokensaku.mhlw.go.jp/14/index.php?action_kouhyou_detail_004_kani=true&JigyosyoCd=1492300288-00&ServiceCd=730&Type=search", "url2": "http://junseien.jp" }, "geometry": { "type": "Point", "coordinates": [ 139.200651109353885, 35.292812202032486 ] } },
{ "type": "Feature", "properties": { "内容": "西湘ケアホームえん【小規模多機能型居宅介護】神奈川県小田原市飯泉1070-1", "url": "https://www.kaigokensaku.mhlw.go.jp/14/index.php?action_kouhyou_detail_004_kani=true&JigyosyoCd=1492300304-00&ServiceCd=730&Type=search", "url2": "https://shonannoen.com/" }, "geometry": { "type": "Point", "coordinates": [ 139.164146, 35.277057 ] } },
{ "type": "Feature", "properties": { "内容": "小規模多機能型居宅介護　はまちょう【小規模多機能型居宅介護】神奈川県小田原市浜町1-10-42", "url": "https://www.kaigokensaku.mhlw.go.jp/14/index.php?action_kouhyou_detail_004_kani=true&JigyosyoCd=1492300429-00&ServiceCd=730&Type=search", "url2": "https://www.maedakaigo.jp/" }, "geometry": { "type": "Point", "coordinates": [ 139.1634487, 35.2521437 ] } },
{ "type": "Feature", "properties": { "内容": "花織おだわら【小規模多機能型居宅介護】神奈川県小田原市南町2-3-34", "url": "https://www.kaigokensaku.mhlw.go.jp/14/index.php?action_kouhyou_detail_004_kani=true&JigyosyoCd=1492300486-00&ServiceCd=730&Type=search", "url2": "https://jala.co.jp" }, "geometry": { "type": "Point", "coordinates": [ 139.1616651, 35.2645507 ] } },
{ "type": "Feature", "properties": { "内容": "潤生園みんなの家はくさん【小規模多機能型居宅介護】神奈川県小田原市扇町3-26-28", "url": "https://www.kaigokensaku.mhlw.go.jp/14/index.php?action_kouhyou_detail_004_kani=true&JigyosyoCd=1492300205-00&ServiceCd=730&Type=search", "url2": "http://junseien.jp/" }, "geometry": { "type": "Point", "coordinates": [ 139.155558599999949, 35.2710854 ] } },
{ "type": "Feature", "properties": { "内容": "ひまわりの家【小規模多機能型居宅介護】神奈川県茅ヶ崎市今宿1050-1", "url": "https://www.kaigokensaku.mhlw.go.jp/14/index.php?action_kouhyou_detail_004_kani=true&JigyosyoCd=1492400013-00&ServiceCd=730&Type=search", "url2": "http://shonan-himawari.com/himawarinoie/" }, "geometry": { "type": "Point", "coordinates": [ 139.377832630831506, 35.335615996898895 ] } },
{ "type": "Feature", "properties": { "内容": "リフシア香川【小規模多機能型居宅介護】神奈川県茅ケ崎市香川3-29-7", "url": "https://www.kaigokensaku.mhlw.go.jp/14/index.php?action_kouhyou_detail_004_kani=true&JigyosyoCd=1492400153-00&ServiceCd=730&Type=search", "url2": "http://lifsea.co.jp" }, "geometry": { "type": "Point", "coordinates": [ 139.400818800000025, 35.3553951 ] } },
{ "type": "Feature", "properties": { "内容": "医療法人社団　オーエフシー　ファミリーケア浜須賀【小規模多機能型居宅介護】神奈川県茅ケ崎市浜須賀3-11", "url": "https://www.kaigokensaku.mhlw.go.jp/14/index.php?action_kouhyou_detail_004_kani=true&JigyosyoCd=1492400187-00&ServiceCd=730&Type=search", "url2": "https://shonan-genkimura.com/" }, "geometry": { "type": "Point", "coordinates": [ 139.431257, 35.3251171 ] } },
{ "type": "Feature", "properties": { "内容": "リフシア松が丘【小規模多機能型居宅介護】神奈川県茅ヶ崎市松が丘2-10-47", "url": "https://www.kaigokensaku.mhlw.go.jp/14/index.php?action_kouhyou_detail_004_kani=true&JigyosyoCd=1492400195-00&ServiceCd=730&Type=search", "url2": "https://lifsea.co.jp/syoukibo.html#sm2" }, "geometry": { "type": "Point", "coordinates": [ 139.423818500000039, 35.3249309 ] } },
{ "type": "Feature", "properties": { "内容": "リフシア松林【小規模多機能型居宅介護】神奈川県茅ヶ崎市松林２－６－３４", "url": "https://www.kaigokensaku.mhlw.go.jp/14/index.php?action_kouhyou_detail_004_kani=true&JigyosyoCd=1492400138-00&ServiceCd=730&Type=search", "url2": "http://lifsea.co.jp/syoukibo.html#sm3" }, "geometry": { "type": "Point", "coordinates": [ 139.424370599999946, 35.3412181 ] } },
{ "type": "Feature", "properties": { "内容": "リフシア柳島【小規模多機能型居宅介護】神奈川県茅ケ崎市柳島海岸１９－１６－１９", "url": "https://www.kaigokensaku.mhlw.go.jp/14/index.php?action_kouhyou_detail_004_kani=true&JigyosyoCd=1492400112-00&ServiceCd=730&Type=search", "url2": "http://lifsea.co.jp/syoukibo.html#sm3" }, "geometry": { "type": "Point", "coordinates": [ 139.382118699999978, 35.3198907 ] } },
{ "type": "Feature", "properties": { "内容": "花織ちがさき【小規模多機能型居宅介護】神奈川県茅ケ崎市浜竹2丁目8-55", "url": "https://www.kaigokensaku.mhlw.go.jp/14/index.php?action_kouhyou_detail_004_kani=true&JigyosyoCd=1492400476-00&ServiceCd=730&Type=search", "url2": "https://jala.co.jp" }, "geometry": { "type": "Point", "coordinates": [ 139.4387083, 35.3347506 ] } },
{ "type": "Feature", "properties": { "内容": "おーばる・ほーむ【小規模多機能型居宅介護】神奈川県逗子市新宿3-6-35", "url": "https://www.kaigokensaku.mhlw.go.jp/14/index.php?action_kouhyou_detail_004_kani=true&JigyosyoCd=1492500044-00&ServiceCd=730&Type=search", "url2": "https://npo-oval.com/?page_id=9" }, "geometry": { "type": "Point", "coordinates": [ 139.57092339999997, 35.2968086 ] } },
{ "type": "Feature", "properties": { "内容": "福祉クラブ生協小規模多機能サービス池子事業所【小規模多機能型居宅介護】神奈川県逗子市池子1-6-7メロディ～館逗子葉山", "url": "https://www.kaigokensaku.mhlw.go.jp/14/index.php?action_kouhyou_detail_004_kani=true&JigyosyoCd=1492500127-00&ServiceCd=730&Type=search", "url2": "http://www.fukushi-club.net/" }, "geometry": { "type": "Point", "coordinates": [ 139.590405700000019, 35.3019971 ] } },
{ "type": "Feature", "properties": { "内容": "小規模多機能型居宅介護事業所はつらつ【小規模多機能型居宅介護】神奈川県三浦市南下浦町菊名1258-3三浦市社会福祉協議会　安心館3階", "url": "https://www.kaigokensaku.mhlw.go.jp/14/index.php?action_kouhyou_detail_004_kani=true&JigyosyoCd=1492700024-00&ServiceCd=730&Type=search", "url2": "http://shakyo-miura.com/" }, "geometry": { "type": "Point", "coordinates": [ 139.643264899999963, 35.1663018 ] } },
{ "type": "Feature", "properties": { "内容": "小規模多機能型居宅介護事業所それいけ！【小規模多機能型居宅介護】神奈川県三浦市三崎町小網代1369-1共生サービスセンター暖館", "url": "https://www.kaigokensaku.mhlw.go.jp/14/index.php?action_kouhyou_detail_004_kani=true&JigyosyoCd=1492700289-00&ServiceCd=730&Type=search", "url2": "https://www.shakyo-miura.com/" }, "geometry": { "type": "Point", "coordinates": [ 139.6242902, 35.1607014 ] } },
{ "type": "Feature", "properties": { "内容": "小規模多機能型居宅介護　まこさんち【小規模多機能型居宅介護】神奈川県秦野市菖蒲1105-3", "url": "https://www.kaigokensaku.mhlw.go.jp/14/index.php?action_kouhyou_detail_004_kani=true&JigyosyoCd=1492800261-00&ServiceCd=730&Type=search", "url2": "http://makojiro.co.jp/" }, "geometry": { "type": "Point", "coordinates": [ 139.169403393254129, 35.377206961007431 ] } },
{ "type": "Feature", "properties": { "内容": "小規模多機能型居宅介護田原の里【小規模多機能型居宅介護】神奈川県秦野市西田原360-1", "url": "https://www.kaigokensaku.mhlw.go.jp/14/index.php?action_kouhyou_detail_004_kani=true&JigyosyoCd=1492800345-00&ServiceCd=730&Type=search", "url2": "https://www.subaru-fukushi.or.jp/" }, "geometry": { "type": "Point", "coordinates": [ 139.214991199999986, 35.3922252 ] } },
{ "type": "Feature", "properties": { "内容": "医療法人社団三喜会　デイサービスセンター鶴巻【小規模多機能型居宅介護】神奈川県秦野市鶴巻北二丁目１４番２号", "url": "https://www.kaigokensaku.mhlw.go.jp/14/index.php?action_kouhyou_detail_004_kani=true&JigyosyoCd=1492800071-00&ServiceCd=730&Type=search", "url2": "http://www.sankikai.or.jp/ajisai/" }, "geometry": { "type": "Point", "coordinates": [ 139.279896, 35.385656 ] } },
{ "type": "Feature", "properties": { "内容": "小規模多機能型居宅介護　花織はだの【小規模多機能型居宅介護】神奈川県秦野市緑町12-2", "url": "https://www.kaigokensaku.mhlw.go.jp/14/index.php?action_kouhyou_detail_004_kani=true&JigyosyoCd=1492800279-00&ServiceCd=730&Type=search", "url2": "https://kaori-kaigo.jala.co.jp" }, "geometry": { "type": "Point", "coordinates": [ 139.211787, 35.3758465 ] } },
{ "type": "Feature", "properties": { "内容": "小規模多機能型居宅介護ゆったり【小規模多機能型居宅介護】神奈川県厚木市旭町２－３－１３ケアセンターあさひ", "url": "https://www.kaigokensaku.mhlw.go.jp/14/index.php?action_kouhyou_detail_004_kani=true&JigyosyoCd=1492900111-00&ServiceCd=730&Type=search", "url2": "www.tosetsukai.com" }, "geometry": { "type": "Point", "coordinates": [ 139.367993899999988, 35.4385465 ] } },
{ "type": "Feature", "properties": { "内容": "小規模多機能型居宅介護ゆとり庵中依知【小規模多機能型居宅介護】神奈川県厚木市中依知36", "url": "https://www.kaigokensaku.mhlw.go.jp/14/index.php?action_kouhyou_detail_004_kani=true&JigyosyoCd=1492900418-00&ServiceCd=730&Type=search", "url2": "https://hinode.or.jp/establishment/yutorian-nakaechi/" }, "geometry": { "type": "Point", "coordinates": [ 139.369122599999969, 35.4788983 ] } },
{ "type": "Feature", "properties": { "内容": "ミモザ厚木藤苑小規模多機能【小規模多機能型居宅介護】神奈川県厚木市愛甲東一丁目２３番１号", "url": "https://www.kaigokensaku.mhlw.go.jp/14/index.php?action_kouhyou_detail_004_kani=true&JigyosyoCd=1492900509-00&ServiceCd=730&Type=search", "url2": "https://mimoza-care.com/facility/small-scale-multifunctional-home-care/post-1799/" }, "geometry": { "type": "Point", "coordinates": [ 139.3489971, 35.41618 ] } },
{ "type": "Feature", "properties": { "内容": "ゆとり庵　長谷【小規模多機能型居宅介護】神奈川県厚木市長谷812-1", "url": "https://www.kaigokensaku.mhlw.go.jp/14/index.php?action_kouhyou_detail_004_kani=true&JigyosyoCd=1492900376-00&ServiceCd=730&Type=search", "url2": "https://hinode.or.jp/establishment/yutorian-hase/" }, "geometry": { "type": "Point", "coordinates": [ 139.338139899999987, 35.4315473 ] } },
{ "type": "Feature", "properties": { "内容": "小規模多機能型居宅介護　ゆとり庵鳶尾【小規模多機能型居宅介護】神奈川県厚木市鳶尾5-13-12", "url": "https://www.kaigokensaku.mhlw.go.jp/14/index.php?action_kouhyou_detail_004_kani=true&JigyosyoCd=1492900400-00&ServiceCd=730&Type=search", "url2": "https://hinode.or.jp/about/hakuaifukushikai/" }, "geometry": { "type": "Point", "coordinates": [ 139.320408077246157, 35.493408247761003 ] } },
{ "type": "Feature", "properties": { "内容": "愛の家小規模多機能型居宅介護大和高座渋谷【小規模多機能型居宅介護】神奈川県大和市渋谷7-24-1", "url": "https://www.kaigokensaku.mhlw.go.jp/14/index.php?action_kouhyou_detail_004_kani=true&JigyosyoCd=1493000663-00&ServiceCd=730&Type=search", "url2": "https://www.mcsg.co.jp" }, "geometry": { "type": "Point", "coordinates": [ 139.465668523942554, 35.431250241247128 ] } },
{ "type": "Feature", "properties": { "内容": "小規模多機能型居宅介護事業所げんきステーション　より道一休【小規模多機能型居宅介護】神奈川県大和市福田５－２６－１０", "url": "https://www.kaigokensaku.mhlw.go.jp/14/index.php?action_kouhyou_detail_004_kani=true&JigyosyoCd=1493000051-00&ServiceCd=730&Type=search", "url2": "https://www.since1950-keiaikai-yamato.or.jp" }, "geometry": { "type": "Point", "coordinates": [ 139.4620152, 35.4458419 ] } },
{ "type": "Feature", "properties": { "内容": "花織　やまと【小規模多機能型居宅介護】神奈川県大和市下鶴間　2973-2", "url": "https://www.kaigokensaku.mhlw.go.jp/14/index.php?action_kouhyou_detail_004_kani=true&JigyosyoCd=1493000093-00&ServiceCd=730&Type=search", "url2": "http://www.kaori-kaigo.com/sm/yamato/" }, "geometry": { "type": "Point", "coordinates": [ 139.457901900000024, 35.498913703894438 ] } },
{ "type": "Feature", "properties": { "内容": "花物語やまと西【小規模多機能型居宅介護】神奈川県大和市南林間9-1-7", "url": "https://www.kaigokensaku.mhlw.go.jp/14/index.php?action_kouhyou_detail_004_kani=true&JigyosyoCd=1493000143-00&ServiceCd=730&Type=search", "url2": "http://www.kaori-kaigo.com/sm/yamato-nishi/" }, "geometry": { "type": "Point", "coordinates": [ 139.436778799999956, 35.4949164 ] } },
{ "type": "Feature", "properties": { "内容": "ヴィラ愛成【小規模多機能型居宅介護】神奈川県大和市大和東1-13-17ヴィラ愛成", "url": "https://www.kaigokensaku.mhlw.go.jp/14/index.php?action_kouhyou_detail_004_kani=true&JigyosyoCd=1493000218-00&ServiceCd=730&Type=search", "url2": "http://www.aiseienn.jp" }, "geometry": { "type": "Point", "coordinates": [ 139.467078, 35.4710888 ] } },
{ "type": "Feature", "properties": { "内容": "エスケアライフ大和【小規模多機能型居宅介護】神奈川県大和市中央林間6-8-6", "url": "https://www.kaigokensaku.mhlw.go.jp/14/index.php?action_kouhyou_detail_004_kani=true&JigyosyoCd=1493000242-00&ServiceCd=730&Type=search", "url2": "http://s-caremate.co.jp/service/jigyousyo/14_kanagawa/yamato_life.html" }, "geometry": { "type": "Point", "coordinates": [ 139.446827503704867, 35.510920933370997 ] } },
{ "type": "Feature", "properties": { "内容": "ゆらり倶楽部大和【小規模多機能型居宅介護】神奈川県大和市中央6-12-４", "url": "https://www.kaigokensaku.mhlw.go.jp/14/index.php?action_kouhyou_detail_004_kani=true&JigyosyoCd=1493000507-00&ServiceCd=730&Type=search", "url2": "https://hlcare.net/" }, "geometry": { "type": "Point", "coordinates": [ 139.4594673, 35.46052 ] } },
{ "type": "Feature", "properties": { "内容": "小規模多機能型居宅介護事業所　メイプル【小規模多機能型居宅介護】神奈川県大和市福田1681-1", "url": "https://www.kaigokensaku.mhlw.go.jp/14/index.php?action_kouhyou_detail_004_kani=true&JigyosyoCd=1493000259-00&ServiceCd=730&Type=search", "url2": "http://www.aishima.co.jp/shisetsu/shokibo/maple.html" }, "geometry": { "type": "Point", "coordinates": [ 139.464105510782588, 35.428376336095241 ] } },
{ "type": "Feature", "properties": { "内容": "風の丘【小規模多機能型居宅介護】神奈川県伊勢原市高森台3-10-28", "url": "https://www.kaigokensaku.mhlw.go.jp/14/index.php?action_kouhyou_detail_004_kani=true&JigyosyoCd=1494000019-00&ServiceCd=730&Type=search", "url2": "http://www.ichigo-ichie.com" }, "geometry": { "type": "Point", "coordinates": [ 139.327985500000068, 35.4255273 ] } },
{ "type": "Feature", "properties": { "内容": "小規模多機能型居宅介護　絆【小規模多機能型居宅介護】神奈川県伊勢原市高森2－18－1", "url": "https://www.kaigokensaku.mhlw.go.jp/14/index.php?action_kouhyou_detail_004_kani=true&JigyosyoCd=1494000027-00&ServiceCd=730&Type=search", "url2": "http://www.well-age.com/service/kizuna.php" }, "geometry": { "type": "Point", "coordinates": [ 139.327624199999946, 35.4103596 ] } },
{ "type": "Feature", "properties": { "内容": "ピースフルライフ　さくら草【小規模多機能型居宅介護】神奈川県伊勢原市桜台3-9-32", "url": "https://www.kaigokensaku.mhlw.go.jp/14/index.php?action_kouhyou_detail_004_kani=true&JigyosyoCd=1494000035-00&ServiceCd=730&Type=search", "url2": "http://showyoukai.com/office/sakura" }, "geometry": { "type": "Point", "coordinates": [ 139.318539500000043, 35.3919672 ] } },
{ "type": "Feature", "properties": { "内容": "小規模多機能型居宅介護サテライト　絆【小規模多機能型居宅介護】神奈川県伊勢原市高森3004－2", "url": "https://www.kaigokensaku.mhlw.go.jp/14/index.php?action_kouhyou_detail_004_kani=true&JigyosyoCd=1494000134-00&ServiceCd=730&Type=search", "url2": "http://www.well-age.com/service/satellite.php" }, "geometry": { "type": "Point", "coordinates": [ 139.3319904, 35.4090848 ] } },
{ "type": "Feature", "properties": { "内容": "ピースフルライフ　オハナ【小規模多機能型居宅介護】神奈川県伊勢原市板戸９０１", "url": "https://www.kaigokensaku.mhlw.go.jp/14/index.php?action_kouhyou_detail_004_kani=true&JigyosyoCd=1494000118-00&ServiceCd=730&Type=search", "url2": "http://showyokai.com/" }, "geometry": { "type": "Point", "coordinates": [ 139.303088399999979, 35.3929639 ] } },
{ "type": "Feature", "properties": { "内容": "コミュニティケアおおや【小規模多機能型居宅介護】神奈川県海老名市大谷南3-5-32", "url": "https://www.kaigokensaku.mhlw.go.jp/14/index.php?action_kouhyou_detail_004_kani=true&JigyosyoCd=1494200049-00&ServiceCd=730&Type=search", "url2": "https://communitycare-oya.net/" }, "geometry": { "type": "Point", "coordinates": [ 139.401402400000052, 35.4359974 ] } },
{ "type": "Feature", "properties": { "内容": "プラチナコミュニティ海老名【小規模多機能型居宅介護】神奈川県海老名市扇町4-6", "url": "https://www.kaigokensaku.mhlw.go.jp/14/index.php?action_kouhyou_detail_004_kani=true&JigyosyoCd=1494200106-00&ServiceCd=730&Type=search", "url2": "http://platinum-care.jp/ebina/" }, "geometry": { "type": "Point", "coordinates": [ 139.3873714, 35.4549111 ] } },
{ "type": "Feature", "properties": { "内容": "ミモザ海老名【小規模多機能型居宅介護】神奈川県海老名市河原口二丁目30番24号", "url": "https://www.kaigokensaku.mhlw.go.jp/14/index.php?action_kouhyou_detail_004_kani=true&JigyosyoCd=1494200189-00&ServiceCd=730&Type=search", "url2": "https://mimoza-care.com" }, "geometry": { "type": "Point", "coordinates": [ 139.3775322, 35.4497774 ] } },
{ "type": "Feature", "properties": { "内容": "ふれんどりぃの郷【小規模多機能型居宅介護】神奈川県座間市栗原中央4丁目２３－２１", "url": "https://www.kaigokensaku.mhlw.go.jp/14/index.php?action_kouhyou_detail_004_kani=true&JigyosyoCd=1494100066-00&ServiceCd=730&Type=search", "url2": "http://care-net.biz/14/friendly/" }, "geometry": { "type": "Point", "coordinates": [ 139.414272899999986, 35.4782195 ] } },
{ "type": "Feature", "properties": { "内容": "潤生園みんなの家南足柄小規模多機能型居宅介護【小規模多機能型居宅介護】神奈川県南足柄市広町５３０", "url": "https://www.kaigokensaku.mhlw.go.jp/14/index.php?action_kouhyou_detail_004_kani=true&JigyosyoCd=1494300138-00&ServiceCd=730&Type=search", "url2": "http://www.junseien.jp" }, "geometry": { "type": "Point", "coordinates": [ 139.099090312303133, 35.317524376871297 ] } },
{ "type": "Feature", "properties": { "内容": "潤生園みんなの家いいざわ【小規模多機能型居宅介護】神奈川県南足柄市飯沢243", "url": "https://www.kaigokensaku.mhlw.go.jp/14/index.php?action_kouhyou_detail_004_kani=true&JigyosyoCd=1494300161-00&ServiceCd=730&Type=search", "url2": "http://www.junseien.jp" }, "geometry": { "type": "Point", "coordinates": [ 139.100797554908752, 35.31600929030229 ] } },
{ "type": "Feature", "properties": { "内容": "デイホームすいふようの郷【小規模多機能型居宅介護】神奈川県南足柄市関本707", "url": "https://www.kaigokensaku.mhlw.go.jp/14/index.php?action_kouhyou_detail_004_kani=true&JigyosyoCd=1494300203-00&ServiceCd=730&Type=search", "url2": "https://katsumata-mc-hp.jp" }, "geometry": { "type": "Point", "coordinates": [ 139.1058003, 35.3174984 ] } },
{ "type": "Feature", "properties": { "内容": "リバーサイドすいふよう【小規模多機能型居宅介護】神奈川県南足柄市沼田97-9", "url": "https://www.kaigokensaku.mhlw.go.jp/14/index.php?action_kouhyou_detail_004_kani=true&JigyosyoCd=1494300211-00&ServiceCd=730&Type=search", "url2": "https://katsumata-mc-hp.jp" }, "geometry": { "type": "Point", "coordinates": [ 139.133087600000039, 35.2943067 ] } },
{ "type": "Feature", "properties": { "内容": "小規模多機能型居宅介護事業所たんぽぽあゆみ【小規模多機能型居宅介護】神奈川県綾瀬市寺尾釜田1丁目1番20号", "url": "https://www.kaigokensaku.mhlw.go.jp/14/index.php?action_kouhyou_detail_004_kani=true&JigyosyoCd=1494400086-00&ServiceCd=730&Type=search", "url2": "http://gh-tanpopo.com/service/small/01_ayumi.html" }, "geometry": { "type": "Point", "coordinates": [ 139.423845300000039, 35.4448825 ] } },
{ "type": "Feature", "properties": { "内容": "アンコール葉山　小規模多機能型居宅介護事業所【小規模多機能型居宅介護】神奈川県三浦郡葉山町長柄264アンコール葉山", "url": "https://www.kaigokensaku.mhlw.go.jp/14/index.php?action_kouhyou_detail_004_kani=true&JigyosyoCd=1491100028-00&ServiceCd=730&Type=search", "url2": "http://www.encore-hayama.com" }, "geometry": { "type": "Point", "coordinates": [ 139.579336539950532, 35.279956328953574 ] } },
{ "type": "Feature", "properties": { "内容": "生活リハビリクラブ葉山　小規模多機能型居宅介護み・かーさ【小規模多機能型居宅介護】神奈川県三浦郡葉山町長柄1275-1", "url": "https://www.kaigokensaku.mhlw.go.jp/14/index.php?action_kouhyou_detail_004_kani=true&JigyosyoCd=1491100044-00&ServiceCd=730&Type=search", "url2": "http://kanagawa.seikatsuclub.coop/care/fukushi/rehab.html" }, "geometry": { "type": "Point", "coordinates": [ 139.590518311592064, 35.284773207327085 ] } },
{ "type": "Feature", "properties": { "内容": "小規模多機能型居宅介護事業所　寒川きんもくせい【小規模多機能型居宅介護】神奈川県高座郡寒川町一之宮９－２５－４７", "url": "https://www.kaigokensaku.mhlw.go.jp/14/index.php?action_kouhyou_detail_004_kani=true&JigyosyoCd=1491200026-00&ServiceCd=730&Type=search", "url2": "http://www.hkk.co.jp/taijunosora/facility/kinmokusei/" }, "geometry": { "type": "Point", "coordinates": [ 139.39044130000002, 35.3591301 ] } },
{ "type": "Feature", "properties": { "内容": "りんどうケアヴィレッジ【小規模多機能型居宅介護】神奈川県中郡大磯町国府本郷87りんどうケアタウン大磯", "url": "https://www.kaigokensaku.mhlw.go.jp/14/index.php?action_kouhyou_detail_004_kani=true&JigyosyoCd=1491300057-00&ServiceCd=730&Type=search", "url2": "https://www.hbc-rindou.co.jp/officeinfo/oiso/post_2.html" }, "geometry": { "type": "Point", "coordinates": [ 139.28230617481222, 35.30256840035122 ] } },
{ "type": "Feature", "properties": { "内容": "小規模多機能いつでもどうぞ【小規模多機能型居宅介護】神奈川県中郡二宮町百合が丘３丁目１−３", "url": "https://www.kaigokensaku.mhlw.go.jp/14/index.php?action_kouhyou_detail_004_kani=true&JigyosyoCd=1491300123-00&ServiceCd=730&Type=search", "url2": "https://oyan.jp" }, "geometry": { "type": "Point", "coordinates": [ 139.24358, 35.3129599 ] } },
{ "type": "Feature", "properties": { "内容": "小規模多機能型居宅介護施設きらめき【小規模多機能型居宅介護】神奈川県足柄上郡大井町大井中央４８番地", "url": "https://www.kaigokensaku.mhlw.go.jp/14/index.php?action_kouhyou_detail_004_kani=true&JigyosyoCd=1491400196-00&ServiceCd=730&Type=search", "url2": "http://www.shofukai.or.jp/shokibo-kirameki.html" }, "geometry": { "type": "Point", "coordinates": [ 139.153688506133562, 35.330293868371299 ] } },
{ "type": "Feature", "properties": { "内容": "小規模多機能型居宅介護　まこさんち松田【小規模多機能型居宅介護】神奈川県足柄上郡松田町松田惣領1951-1", "url": "https://www.kaigokensaku.mhlw.go.jp/14/index.php?action_kouhyou_detail_004_kani=true&JigyosyoCd=1491400287-00&ServiceCd=730&Type=search", "url2": "https://makojiro.co.jp/makosanchi-matsuda" }, "geometry": { "type": "Point", "coordinates": [ 139.1363379, 35.3480887 ] } },
{ "type": "Feature", "properties": { "内容": "小規模多機能型居宅介護施設　すずらん【小規模多機能型居宅介護】神奈川県足柄上郡山北町山北1861-1", "url": "https://www.kaigokensaku.mhlw.go.jp/14/index.php?action_kouhyou_detail_004_kani=true&JigyosyoCd=1491400063-00&ServiceCd=730&Type=search", "url2": "http://shofukai.or.jp/suzuran.html" }, "geometry": { "type": "Point", "coordinates": [ 139.078667699999983, 35.3617213 ] } },
{ "type": "Feature", "properties": { "内容": "令和の郷【小規模多機能型居宅介護】神奈川県足柄上郡開成町吉田島２５４－１番地", "url": "https://www.kaigokensaku.mhlw.go.jp/14/index.php?action_kouhyou_detail_004_kani=true&JigyosyoCd=1491400253-00&ServiceCd=730&Type=search", "url2": "https://katsumata-mc-hp.jp/reiwanosato/" }, "geometry": { "type": "Point", "coordinates": [ 139.12414990000002, 35.3387996 ] } },
{ "type": "Feature", "properties": { "内容": "ミモザ白寿庵真鶴【小規模多機能型居宅介護】神奈川県足柄下郡真鶴町真鶴1819-1", "url": "https://www.kaigokensaku.mhlw.go.jp/14/index.php?action_kouhyou_detail_004_kani=true&JigyosyoCd=1491500037-00&ServiceCd=730&Type=search", "url2": "https://mimoza-care.com/facility/small-scale-multifunctional-home-care/post-1772/" }, "geometry": { "type": "Point", "coordinates": [ 139.132519900000034, 35.1561148 ] } },
{ "type": "Feature", "properties": { "内容": "ふらっと湯河原【小規模多機能型居宅介護】神奈川県足柄下郡湯河原町土肥1-13-3", "url": "https://www.kaigokensaku.mhlw.go.jp/14/index.php?action_kouhyou_detail_004_kani=true&JigyosyoCd=1471500874-00&ServiceCd=730&Type=search", "url2": "https://ashigara-reha.jp/" }, "geometry": { "type": "Point", "coordinates": [ 139.104331699999989, 35.1439642 ] } },
{ "type": "Feature", "properties": { "内容": "多機能倶楽部千歳川【小規模多機能型居宅介護】神奈川県足柄下郡湯河原町宮上138", "url": "https://www.kaigokensaku.mhlw.go.jp/14/index.php?action_kouhyou_detail_004_kani=true&JigyosyoCd=1491500011-00&ServiceCd=730&Type=search", "url2": "http://the-kenkoukan.com/publics/index/118/" }, "geometry": { "type": "Point", "coordinates": [ 139.087713200000053, 35.1412109 ] } },
{ "type": "Feature", "properties": { "内容": "小規模多機能あいかわ【小規模多機能型居宅介護】神奈川県愛甲郡愛川町中津2328", "url": "https://www.kaigokensaku.mhlw.go.jp/14/index.php?action_kouhyou_detail_004_kani=true&JigyosyoCd=1491600035-00&ServiceCd=730&Type=search", "url2": "http://nakahama-clinic.com/welfare/st_aikawa.html" }, "geometry": { "type": "Point", "coordinates": [ 139.34168950000003, 35.5283901 ] } },
{ "type": "Feature", "properties": { "内容": "KCCショータキ【小規模多機能型居宅介護】神奈川県愛甲郡愛川町春日台3-6-38春日台センターセンター", "url": "https://www.kaigokensaku.mhlw.go.jp/14/index.php?action_kouhyou_detail_004_kani=true&JigyosyoCd=1491600084-00&ServiceCd=730&Type=search", "url2": "https://aikawa-shunjukai.jp/kcc/" }, "geometry": { "type": "Point", "coordinates": [ 139.3328999, 35.5242916 ] } }
]
}
