{
"type": "FeatureCollection",
"name": "geo_14_小学校",
"crs": { "type": "name", "properties": { "name": "urn:ogc:def:crs:EPSG::6668" } },
"features": [
{ "type": "Feature", "properties": { "P29_001": "14204", "P29_002": "B114110000015", "P29_003": "16001", "P29_004": "横浜国立大学教育学部附属鎌倉小学校", "P29_005": "神奈川県鎌倉市雪ノ下3-5-10", "P29_006": "1", "P29_007": "1", "P29_008": "00", "P29_009": null }, "geometry": { "type": "Point", "coordinates": [ 139.557938036704115, 35.324265595225349 ] } },
{ "type": "Feature", "properties": { "P29_001": "14104", "P29_002": "B114110000024", "P29_003": "16001", "P29_004": "横浜国立大学教育学部附属横浜小学校", "P29_005": "神奈川県横浜市中区立野64", "P29_006": "1", "P29_007": "1", "P29_008": "00", "P29_009": null }, "geometry": { "type": "Point", "coordinates": [ 139.648274737640691, 35.427708530919382 ] } },
{ "type": "Feature", "properties": { "P29_001": "14101", "P29_002": "B114210020019", "P29_003": "16001", "P29_004": "横浜市立旭小学校", "P29_005": "神奈川県横浜市鶴見区北寺尾4-25-1", "P29_006": "3", "P29_007": "1", "P29_008": "00", "P29_009": null }, "geometry": { "type": "Point", "coordinates": [ 139.654547553156164, 35.51612962910486 ] } },
{ "type": "Feature", "properties": { "P29_001": "14101", "P29_002": "B114210020028", "P29_003": "16001", "P29_004": "横浜市立市場小学校", "P29_005": "神奈川県横浜市鶴見区元宮1-13-1", "P29_006": "3", "P29_007": "1", "P29_008": "00", "P29_009": null }, "geometry": { "type": "Point", "coordinates": [ 139.682648453141809, 35.522837628067649 ] } },
{ "type": "Feature", "properties": { "P29_001": "14101", "P29_002": "B114210020037", "P29_003": "16001", "P29_004": "横浜市立市場小学校けやき分校", "P29_005": "神奈川県横浜市鶴見区元宮2-5-29", "P29_006": "3", "P29_007": "1", "P29_008": "00", "P29_009": null }, "geometry": { "type": "Point", "coordinates": [ 139.678304176889299, 35.520632825475289 ] } },
{ "type": "Feature", "properties": { "P29_001": "14101", "P29_002": "B114210020046", "P29_003": "16001", "P29_004": "横浜市立入船小学校", "P29_005": "神奈川県横浜市鶴見区浜町1-1-1", "P29_006": "3", "P29_007": "1", "P29_008": "00", "P29_009": null }, "geometry": { "type": "Point", "coordinates": [ 139.69322748013326, 35.501202360946792 ] } },
{ "type": "Feature", "properties": { "P29_001": "14101", "P29_002": "B114210020055", "P29_003": "16001", "P29_004": "横浜市立潮田小学校", "P29_005": "神奈川県横浜市鶴見区向井町3-82-1", "P29_006": "3", "P29_007": "1", "P29_008": "00", "P29_009": null }, "geometry": { "type": "Point", "coordinates": [ 139.689955136577652, 35.506868296077336 ] } },
{ "type": "Feature", "properties": { "P29_001": "14101", "P29_002": "B114210020064", "P29_003": "16001", "P29_004": "横浜市立上末吉小学校", "P29_005": "神奈川県横浜市鶴見区上末吉5-24-1", "P29_006": "3", "P29_007": "1", "P29_008": "00", "P29_009": null }, "geometry": { "type": "Point", "coordinates": [ 139.66204489765164, 35.534216120996717 ] } },
{ "type": "Feature", "properties": { "P29_001": "14101", "P29_002": "B114210020073", "P29_003": "16001", "P29_004": "横浜市立上寺尾小学校", "P29_005": "神奈川県横浜市鶴見区馬場3-21-21", "P29_006": "3", "P29_007": "1", "P29_008": "00", "P29_009": null }, "geometry": { "type": "Point", "coordinates": [ 139.65385237852405, 35.507023729995986 ] } },
{ "type": "Feature", "properties": { "P29_001": "14101", "P29_002": "B114210020082", "P29_003": "16001", "P29_004": "横浜市立岸谷小学校", "P29_005": "神奈川県横浜市鶴見区岸谷1-6-1", "P29_006": "3", "P29_007": "1", "P29_008": "00", "P29_009": null }, "geometry": { "type": "Point", "coordinates": [ 139.661740691621389, 35.493521369273594 ] } },
{ "type": "Feature", "properties": { "P29_001": "14101", "P29_002": "B114210020091", "P29_003": "16001", "P29_004": "横浜市立駒岡小学校", "P29_005": "神奈川県横浜市鶴見区駒岡3-14-1", "P29_006": "3", "P29_007": "1", "P29_008": "00", "P29_009": null }, "geometry": { "type": "Point", "coordinates": [ 139.654749428195913, 35.52902658724426 ] } },
{ "type": "Feature", "properties": { "P29_001": "14101", "P29_002": "B114210020108", "P29_003": "16001", "P29_004": "横浜市立汐入小学校", "P29_005": "神奈川県横浜市鶴見区汐入町2-36", "P29_006": "3", "P29_007": "1", "P29_008": "00", "P29_009": null }, "geometry": { "type": "Point", "coordinates": [ 139.687695363758621, 35.498768779638581 ] } },
{ "type": "Feature", "properties": { "P29_001": "14101", "P29_002": "B114210020117", "P29_003": "16001", "P29_004": "横浜市立獅子ケ谷小学校", "P29_005": "神奈川県横浜市鶴見区獅子ケ谷1-19-1", "P29_006": "3", "P29_007": "1", "P29_008": "00", "P29_009": null }, "geometry": { "type": "Point", "coordinates": [ 139.650707780528506, 35.516830444205127 ] } },
{ "type": "Feature", "properties": { "P29_001": "14101", "P29_002": "B114210020126", "P29_003": "16001", "P29_004": "横浜市立下野谷小学校", "P29_005": "神奈川県横浜市鶴見区下野谷町2-49", "P29_006": "3", "P29_007": "1", "P29_008": "00", "P29_009": null }, "geometry": { "type": "Point", "coordinates": [ 139.681447468403377, 35.500148764335215 ] } },
{ "type": "Feature", "properties": { "P29_001": "14101", "P29_002": "B114210020153", "P29_003": "16001", "P29_004": "横浜市立末吉小学校", "P29_005": "神奈川県横浜市鶴見区上末吉1-9-1", "P29_006": "3", "P29_007": "1", "P29_008": "00", "P29_009": null }, "geometry": { "type": "Point", "coordinates": [ 139.669731946080418, 35.524967427628297 ] } },
{ "type": "Feature", "properties": { "P29_001": "14101", "P29_002": "B114210020171", "P29_003": "16001", "P29_004": "横浜市立寺尾小学校", "P29_005": "神奈川県横浜市鶴見区東寺尾5-19-1", "P29_006": "3", "P29_007": "1", "P29_008": "00", "P29_009": null }, "geometry": { "type": "Point", "coordinates": [ 139.657126880625952, 35.503919277228697 ] } },
{ "type": "Feature", "properties": { "P29_001": "14101", "P29_002": "B114210020180", "P29_003": "16001", "P29_004": "横浜市立豊岡小学校", "P29_005": "神奈川県横浜市鶴見区豊岡町27-1", "P29_006": "3", "P29_007": "1", "P29_008": "00", "P29_009": null }, "geometry": { "type": "Point", "coordinates": [ 139.675322793372118, 35.512440311256725 ] } },
{ "type": "Feature", "properties": { "P29_001": "14101", "P29_002": "B114210020199", "P29_003": "16001", "P29_004": "横浜市立生麦小学校", "P29_005": "神奈川県横浜市鶴見区生麦4-15-1", "P29_006": "3", "P29_007": "1", "P29_008": "00", "P29_009": null }, "geometry": { "type": "Point", "coordinates": [ 139.670789531870355, 35.495681956826729 ] } },
{ "type": "Feature", "properties": { "P29_001": "14101", "P29_002": "B114210020206", "P29_003": "16001", "P29_004": "横浜市立馬場小学校", "P29_005": "神奈川県横浜市鶴見区馬場7-20-1", "P29_006": "3", "P29_007": "1", "P29_008": "00", "P29_009": null }, "geometry": { "type": "Point", "coordinates": [ 139.644515275538055, 35.509939033395852 ] } },
{ "type": "Feature", "properties": { "P29_001": "14101", "P29_002": "B114210020215", "P29_003": "16001", "P29_004": "横浜市立東台小学校", "P29_005": "神奈川県横浜市鶴見区東寺尾東台12-1", "P29_006": "3", "P29_007": "1", "P29_008": "00", "P29_009": null }, "geometry": { "type": "Point", "coordinates": [ 139.664391441358276, 35.503783551505457 ] } },
{ "type": "Feature", "properties": { "P29_001": "14101", "P29_002": "B114210020224", "P29_003": "16001", "P29_004": "横浜市立平安小学校", "P29_005": "神奈川県横浜市鶴見区平安町2-9-1", "P29_006": "3", "P29_007": "1", "P29_008": "00", "P29_009": null }, "geometry": { "type": "Point", "coordinates": [ 139.692160631621533, 35.512193170535831 ] } },
{ "type": "Feature", "properties": { "P29_001": "14101", "P29_002": "B114210020233", "P29_003": "16001", "P29_004": "横浜市立矢向小学校", "P29_005": "神奈川県横浜市鶴見区矢向3-8-1", "P29_006": "3", "P29_007": "1", "P29_008": "00", "P29_009": null }, "geometry": { "type": "Point", "coordinates": [ 139.679057197055045, 35.53343593876329 ] } },
{ "type": "Feature", "properties": { "P29_001": "14102", "P29_002": "B114210020242", "P29_003": "16001", "P29_004": "横浜市立青木小学校", "P29_005": "神奈川県横浜市神奈川区桐畑17", "P29_006": "3", "P29_007": "1", "P29_008": "00", "P29_009": null }, "geometry": { "type": "Point", "coordinates": [ 139.626162056747006, 35.473282322551242 ] } },
{ "type": "Feature", "properties": { "P29_001": "14102", "P29_002": "B114210020260", "P29_003": "16001", "P29_004": "横浜市立浦島小学校", "P29_005": "神奈川県横浜市神奈川区浦島丘16", "P29_006": "3", "P29_007": "1", "P29_008": "00", "P29_009": null }, "geometry": { "type": "Point", "coordinates": [ 139.636707890210801, 35.483945851427322 ] } },
{ "type": "Feature", "properties": { "P29_001": "14102", "P29_002": "B114210020279", "P29_003": "16001", "P29_004": "横浜市立大口台小学校", "P29_005": "神奈川県横浜市神奈川区大口仲町460", "P29_006": "3", "P29_007": "1", "P29_008": "00", "P29_009": null }, "geometry": { "type": "Point", "coordinates": [ 139.637870774494473, 35.495555387618921 ] } },
{ "type": "Feature", "properties": { "P29_001": "14102", "P29_002": "B114210020288", "P29_003": "16001", "P29_004": "横浜市立神奈川小学校", "P29_005": "神奈川県横浜市神奈川区東神奈川2-35-1", "P29_006": "3", "P29_007": "1", "P29_008": "00", "P29_009": null }, "geometry": { "type": "Point", "coordinates": [ 139.635844741760053, 35.477458019109037 ] } },
{ "type": "Feature", "properties": { "P29_001": "14102", "P29_002": "B114210020297", "P29_003": "16001", "P29_004": "横浜市立神橋小学校", "P29_005": "神奈川県横浜市神奈川区六角橋2-34-19", "P29_006": "3", "P29_007": "1", "P29_008": "00", "P29_009": null }, "geometry": { "type": "Point", "coordinates": [ 139.620744810254337, 35.489957438450439 ] } },
{ "type": "Feature", "properties": { "P29_001": "14102", "P29_002": "B114210020304", "P29_003": "16001", "P29_004": "横浜市立神大寺小学校", "P29_005": "神奈川県横浜市神奈川区神大寺3-34-1", "P29_006": "3", "P29_007": "1", "P29_008": "00", "P29_009": null }, "geometry": { "type": "Point", "coordinates": [ 139.608917969045024, 35.487890363457502 ] } },
{ "type": "Feature", "properties": { "P29_001": "14102", "P29_002": "B114210020313", "P29_003": "16001", "P29_004": "横浜市立幸ケ谷小学校", "P29_005": "神奈川県横浜市神奈川区幸ケ谷1-1", "P29_006": "3", "P29_007": "1", "P29_008": "00", "P29_009": null }, "geometry": { "type": "Point", "coordinates": [ 139.630541758879872, 35.47140527452639 ] } },
{ "type": "Feature", "properties": { "P29_001": "14102", "P29_002": "B114210020331", "P29_003": "16001", "P29_004": "横浜市立斎藤分小学校", "P29_005": "神奈川県横浜市神奈川区斎藤分町34-1", "P29_006": "3", "P29_007": "1", "P29_008": "00", "P29_009": null }, "geometry": { "type": "Point", "coordinates": [ 139.623414140974376, 35.482323778021723 ] } },
{ "type": "Feature", "properties": { "P29_001": "14102", "P29_002": "B114210020340", "P29_003": "16001", "P29_004": "横浜市立白幡小学校", "P29_005": "神奈川県横浜市神奈川区白幡上町11-1", "P29_006": "3", "P29_007": "1", "P29_008": "00", "P29_009": null }, "geometry": { "type": "Point", "coordinates": [ 139.631740435949666, 35.491410863114425 ] } },
{ "type": "Feature", "properties": { "P29_001": "14102", "P29_002": "B114210020368", "P29_003": "16001", "P29_004": "横浜市立中丸小学校", "P29_005": "神奈川県横浜市神奈川区神大寺3-17-1", "P29_006": "3", "P29_007": "1", "P29_008": "00", "P29_009": null }, "geometry": { "type": "Point", "coordinates": [ 139.602897352082522, 35.482277171604046 ] } },
{ "type": "Feature", "properties": { "P29_001": "14102", "P29_002": "B114210020377", "P29_003": "16001", "P29_004": "横浜市立西寺尾小学校", "P29_005": "神奈川県横浜市神奈川区西寺尾2-5-1", "P29_006": "3", "P29_007": "1", "P29_008": "00", "P29_009": null }, "geometry": { "type": "Point", "coordinates": [ 139.645745908984821, 35.49720652330528 ] } },
{ "type": "Feature", "properties": { "P29_001": "14102", "P29_002": "B114210020386", "P29_003": "16001", "P29_004": "横浜市立西寺尾第二小学校", "P29_005": "神奈川県横浜市神奈川区西寺尾2-15-1", "P29_006": "3", "P29_007": "1", "P29_008": "00", "P29_009": null }, "geometry": { "type": "Point", "coordinates": [ 139.646480748557394, 35.499303294324974 ] } },
{ "type": "Feature", "properties": { "P29_001": "14102", "P29_002": "B114210020402", "P29_003": "16001", "P29_004": "横浜市立二谷小学校", "P29_005": "神奈川県横浜市神奈川区平川町11-1", "P29_006": "3", "P29_007": "1", "P29_008": "00", "P29_009": null }, "geometry": { "type": "Point", "coordinates": [ 139.628563050888744, 35.480690422296824 ] } },
{ "type": "Feature", "properties": { "P29_001": "14102", "P29_002": "B114210020411", "P29_003": "16001", "P29_004": "横浜市立三ツ沢小学校", "P29_005": "神奈川県横浜市神奈川区三ツ沢中町4-17", "P29_006": "3", "P29_007": "1", "P29_008": "00", "P29_009": null }, "geometry": { "type": "Point", "coordinates": [ 139.608344298504875, 35.476067330336043 ] } },
{ "type": "Feature", "properties": { "P29_001": "14103", "P29_002": "B114210020439", "P29_003": "16001", "P29_004": "横浜市立東小学校", "P29_005": "神奈川県横浜市西区東ケ丘59", "P29_006": "3", "P29_007": "1", "P29_008": "00", "P29_009": null }, "geometry": { "type": "Point", "coordinates": [ 139.623820170818732, 35.443547399391804 ] } },
{ "type": "Feature", "properties": { "P29_001": "14103", "P29_002": "B114210020448", "P29_003": "16001", "P29_004": "横浜市立一本松小学校", "P29_005": "神奈川県横浜市西区西戸部町1-115", "P29_006": "3", "P29_007": "1", "P29_008": "00", "P29_009": null }, "geometry": { "type": "Point", "coordinates": [ 139.618728089827016, 35.446711503578051 ] } },
{ "type": "Feature", "properties": { "P29_001": "14103", "P29_002": "B114210020457", "P29_003": "16001", "P29_004": "横浜市立稲荷台小学校", "P29_005": "神奈川県横浜市西区藤棚町2-220", "P29_006": "3", "P29_007": "1", "P29_008": "00", "P29_009": null }, "geometry": { "type": "Point", "coordinates": [ 139.612363961145064, 35.448810707234294 ] } },
{ "type": "Feature", "properties": { "P29_001": "14103", "P29_002": "B114210020466", "P29_003": "16001", "P29_004": "横浜市立浅間台小学校", "P29_005": "神奈川県横浜市西区浅間町3-237", "P29_006": "3", "P29_007": "1", "P29_008": "00", "P29_009": null }, "geometry": { "type": "Point", "coordinates": [ 139.605912269736336, 35.461849150404419 ] } },
{ "type": "Feature", "properties": { "P29_001": "14103", "P29_002": "B114210020475", "P29_003": "16001", "P29_004": "横浜市立戸部小学校", "P29_005": "神奈川県横浜市西区伊勢町2-115", "P29_006": "3", "P29_007": "1", "P29_008": "00", "P29_009": null }, "geometry": { "type": "Point", "coordinates": [ 139.62189554677488, 35.453162757075695 ] } },
{ "type": "Feature", "properties": { "P29_001": "14103", "P29_002": "B114210020484", "P29_003": "16001", "P29_004": "横浜市立西前小学校", "P29_005": "神奈川県横浜市西区中央2-27-7", "P29_006": "3", "P29_007": "1", "P29_008": "00", "P29_009": null }, "geometry": { "type": "Point", "coordinates": [ 139.615644141427595, 35.453980542826514 ] } },
{ "type": "Feature", "properties": { "P29_001": "14103", "P29_002": "B114210020493", "P29_003": "16001", "P29_004": "横浜市立平沼小学校", "P29_005": "神奈川県横浜市西区平沼2-11-36", "P29_006": "3", "P29_007": "1", "P29_008": "00", "P29_009": null }, "geometry": { "type": "Point", "coordinates": [ 139.615950526081065, 35.457298852446904 ] } },
{ "type": "Feature", "properties": { "P29_001": "14103", "P29_002": "B114210020509", "P29_003": "16001", "P29_004": "横浜市立みなとみらい本町小学校", "P29_005": "神奈川県横浜市西区高島1-2-3", "P29_006": "3", "P29_007": "1", "P29_008": "00", "P29_009": null }, "geometry": { "type": "Point", "coordinates": [ 139.624944927528901, 35.461751597162888 ] } },
{ "type": "Feature", "properties": { "P29_001": "14103", "P29_002": "B114210020518", "P29_003": "16001", "P29_004": "横浜市立宮谷小学校", "P29_005": "神奈川県横浜市西区宮ケ谷6-7", "P29_006": "3", "P29_007": "1", "P29_008": "00", "P29_009": null }, "geometry": { "type": "Point", "coordinates": [ 139.608818206930181, 35.466313901643439 ] } },
{ "type": "Feature", "properties": { "P29_001": "14104", "P29_002": "B114210020527", "P29_003": "16001", "P29_004": "横浜市立大鳥小学校", "P29_005": "神奈川県横浜市中区本牧町1-251", "P29_006": "3", "P29_007": "1", "P29_008": "00", "P29_009": null }, "geometry": { "type": "Point", "coordinates": [ 139.656834024838417, 35.427390783642437 ] } },
{ "type": "Feature", "properties": { "P29_001": "14104", "P29_002": "B114210020536", "P29_003": "16001", "P29_004": "横浜市立北方小学校", "P29_005": "神奈川県横浜市中区諏訪町29", "P29_006": "3", "P29_007": "1", "P29_008": "00", "P29_009": null }, "geometry": { "type": "Point", "coordinates": [ 139.653884618408796, 35.436622305906091 ] } },
{ "type": "Feature", "properties": { "P29_001": "14104", "P29_002": "B114210020545", "P29_003": "16001", "P29_004": "横浜市立立野小学校", "P29_005": "神奈川県横浜市中区立野76", "P29_006": "3", "P29_007": "1", "P29_008": "00", "P29_009": null }, "geometry": { "type": "Point", "coordinates": [ 139.64512925367049, 35.427077608022742 ] } },
{ "type": "Feature", "properties": { "P29_001": "14104", "P29_002": "B114210020554", "P29_003": "16001", "P29_004": "横浜市立本町小学校", "P29_005": "神奈川県横浜市中区花咲町3-86", "P29_006": "3", "P29_007": "1", "P29_008": "00", "P29_009": null }, "geometry": { "type": "Point", "coordinates": [ 139.62868376255841, 35.450640375301333 ] } },
{ "type": "Feature", "properties": { "P29_001": "14104", "P29_002": "B114210020563", "P29_003": "16001", "P29_004": "横浜市立本牧小学校", "P29_005": "神奈川県横浜市中区本牧和田5-1", "P29_006": "3", "P29_007": "1", "P29_008": "00", "P29_009": null }, "geometry": { "type": "Point", "coordinates": [ 139.66248053770471, 35.424755867531701 ] } },
{ "type": "Feature", "properties": { "P29_001": "14104", "P29_002": "B114210020572", "P29_003": "16001", "P29_004": "横浜市立本牧南小学校", "P29_005": "神奈川県横浜市中区本牧元町44-1", "P29_006": "3", "P29_007": "1", "P29_008": "00", "P29_009": null }, "geometry": { "type": "Point", "coordinates": [ 139.66855123375845, 35.416416512614411 ] } },
{ "type": "Feature", "properties": { "P29_001": "14104", "P29_002": "B114210020581", "P29_003": "16001", "P29_004": "横浜市立間門小学校", "P29_005": "神奈川県横浜市中区本牧間門29-1", "P29_006": "3", "P29_007": "1", "P29_008": "00", "P29_009": null }, "geometry": { "type": "Point", "coordinates": [ 139.655303452525487, 35.418312828808062 ] } },
{ "type": "Feature", "properties": { "P29_001": "14104", "P29_002": "B114210020590", "P29_003": "16001", "P29_004": "横浜市立元街小学校", "P29_005": "神奈川県横浜市中区山手町36", "P29_006": "3", "P29_007": "1", "P29_008": "00", "P29_009": null }, "geometry": { "type": "Point", "coordinates": [ 139.648741402193622, 35.436276415409978 ] } },
{ "type": "Feature", "properties": { "P29_001": "14104", "P29_002": "B114210020607", "P29_003": "16001", "P29_004": "横浜市立山元小学校", "P29_005": "神奈川県横浜市中区山元町3-152", "P29_006": "3", "P29_007": "1", "P29_008": "00", "P29_009": null }, "geometry": { "type": "Point", "coordinates": [ 139.637880839628792, 35.427729384635256 ] } },
{ "type": "Feature", "properties": { "P29_001": "14105", "P29_002": "B114210020616", "P29_003": "16001", "P29_004": "横浜市立石川小学校", "P29_005": "神奈川県横浜市南区中村町1-66", "P29_006": "3", "P29_007": "1", "P29_008": "00", "P29_009": null }, "geometry": { "type": "Point", "coordinates": [ 139.635763522026252, 35.434405253978085 ] } },
{ "type": "Feature", "properties": { "P29_001": "14105", "P29_002": "B114210020625", "P29_003": "16001", "P29_004": "横浜市立井土ケ谷小学校", "P29_005": "神奈川県横浜市南区井土ケ谷上町2-1", "P29_006": "3", "P29_007": "1", "P29_008": "00", "P29_009": null }, "geometry": { "type": "Point", "coordinates": [ 139.599531708250908, 35.432741756559295 ] } },
{ "type": "Feature", "properties": { "P29_001": "14105", "P29_002": "B114210020634", "P29_003": "16001", "P29_004": "横浜市立大岡小学校", "P29_005": "神奈川県横浜市南区大橋町3-49", "P29_006": "3", "P29_007": "1", "P29_008": "00", "P29_009": null }, "geometry": { "type": "Point", "coordinates": [ 139.600867587821199, 35.425974724123712 ] } },
{ "type": "Feature", "properties": { "P29_001": "14105", "P29_002": "B114210020643", "P29_003": "16001", "P29_004": "横浜市立太田小学校", "P29_005": "神奈川県横浜市南区三春台42", "P29_006": "3", "P29_007": "1", "P29_008": "00", "P29_009": null }, "geometry": { "type": "Point", "coordinates": [ 139.617495121611341, 35.441016350825912 ] } },
{ "type": "Feature", "properties": { "P29_001": "14105", "P29_002": "B114210020652", "P29_003": "16001", "P29_004": "横浜市立永田小学校", "P29_005": "神奈川県横浜市南区永田北2-6-12", "P29_006": "3", "P29_007": "1", "P29_008": "00", "P29_009": null }, "geometry": { "type": "Point", "coordinates": [ 139.591586762964681, 35.435577723121746 ] } },
{ "type": "Feature", "properties": { "P29_001": "14105", "P29_002": "B114210020661", "P29_003": "16001", "P29_004": "横浜市立永田台小学校", "P29_005": "神奈川県横浜市南区永田みなみ台6-1", "P29_006": "3", "P29_007": "1", "P29_008": "00", "P29_009": null }, "geometry": { "type": "Point", "coordinates": [ 139.589418938004087, 35.43281801808434 ] } },
{ "type": "Feature", "properties": { "P29_001": "14105", "P29_002": "B114210020670", "P29_003": "16001", "P29_004": "横浜市立中村小学校", "P29_005": "神奈川県横浜市南区中村町4-269-1", "P29_006": "3", "P29_007": "1", "P29_008": "00", "P29_009": null }, "geometry": { "type": "Point", "coordinates": [ 139.625883255045892, 35.432970787907998 ] } },
{ "type": "Feature", "properties": { "P29_001": "14105", "P29_002": "B114210020689", "P29_003": "16001", "P29_004": "横浜市立日枝小学校", "P29_005": "神奈川県横浜市南区山王町5-31", "P29_006": "3", "P29_007": "1", "P29_008": "00", "P29_009": null }, "geometry": { "type": "Point", "coordinates": [ 139.616657603510049, 35.435627143696152 ] } },
{ "type": "Feature", "properties": { "P29_001": "14105", "P29_002": "B114210020698", "P29_003": "16001", "P29_004": "横浜市立藤の木小学校", "P29_005": "神奈川県横浜市南区大岡4-10-1", "P29_006": "3", "P29_007": "1", "P29_008": "00", "P29_009": null }, "geometry": { "type": "Point", "coordinates": [ 139.605003338873331, 35.412447680208139 ] } },
{ "type": "Feature", "properties": { "P29_001": "14105", "P29_002": "B114210020705", "P29_003": "16001", "P29_004": "横浜市立別所小学校", "P29_005": "神奈川県横浜市南区別所6-3-1", "P29_006": "3", "P29_007": "1", "P29_008": "00", "P29_009": null }, "geometry": { "type": "Point", "coordinates": [ 139.581778994050666, 35.417093944970802 ] } },
{ "type": "Feature", "properties": { "P29_001": "14105", "P29_002": "B114210020714", "P29_003": "16001", "P29_004": "横浜市立蒔田小学校", "P29_005": "神奈川県横浜市南区蒔田町1020", "P29_006": "3", "P29_007": "1", "P29_008": "00", "P29_009": null }, "geometry": { "type": "Point", "coordinates": [ 139.613269258016942, 35.42588501269239 ] } },
{ "type": "Feature", "properties": { "P29_001": "14105", "P29_002": "B114210020723", "P29_003": "16001", "P29_004": "横浜市立南小学校", "P29_005": "神奈川県横浜市南区中里1-6-16", "P29_006": "3", "P29_007": "1", "P29_008": "00", "P29_009": null }, "geometry": { "type": "Point", "coordinates": [ 139.598698826012367, 35.419110481563145 ] } },
{ "type": "Feature", "properties": { "P29_001": "14105", "P29_002": "B114210020732", "P29_003": "16001", "P29_004": "横浜市立南太田小学校", "P29_005": "神奈川県横浜市南区南太田1-17-1", "P29_006": "3", "P29_007": "1", "P29_008": "00", "P29_009": null }, "geometry": { "type": "Point", "coordinates": [ 139.610936551064896, 35.435449120204481 ] } },
{ "type": "Feature", "properties": { "P29_001": "14105", "P29_002": "B114210020741", "P29_003": "16001", "P29_004": "横浜市立南吉田小学校", "P29_005": "神奈川県横浜市南区高根町2-14", "P29_006": "3", "P29_007": "1", "P29_008": "00", "P29_009": null }, "geometry": { "type": "Point", "coordinates": [ 139.626616913977671, 35.436602922320823 ] } },
{ "type": "Feature", "properties": { "P29_001": "14105", "P29_002": "B114210020750", "P29_003": "16001", "P29_004": "横浜市立六つ川小学校", "P29_005": "神奈川県横浜市南区六ツ川3-4-12", "P29_006": "3", "P29_007": "1", "P29_008": "00", "P29_009": null }, "geometry": { "type": "Point", "coordinates": [ 139.584075238041692, 35.428980726413293 ] } },
{ "type": "Feature", "properties": { "P29_001": "14105", "P29_002": "B114210020769", "P29_003": "16001", "P29_004": "横浜市立六つ川台小学校", "P29_005": "神奈川県横浜市南区六ツ川3-65-9", "P29_006": "3", "P29_007": "1", "P29_008": "00", "P29_009": null }, "geometry": { "type": "Point", "coordinates": [ 139.580666197002017, 35.42865425895674 ] } },
{ "type": "Feature", "properties": { "P29_001": "14105", "P29_002": "B114210020778", "P29_003": "16001", "P29_004": "横浜市立六つ川西小学校", "P29_005": "神奈川県横浜市南区六ツ川2-156-1", "P29_006": "3", "P29_007": "1", "P29_008": "00", "P29_009": null }, "geometry": { "type": "Point", "coordinates": [ 139.577893061974208, 35.424869640213103 ] } },
{ "type": "Feature", "properties": { "P29_001": "14111", "P29_002": "B114210020787", "P29_003": "16001", "P29_004": "横浜市立上大岡小学校", "P29_005": "神奈川県横浜市港南区上大岡東3-11-1", "P29_006": "3", "P29_007": "1", "P29_008": "00", "P29_009": null }, "geometry": { "type": "Point", "coordinates": [ 139.603741956570161, 35.40457842275201 ] } },
{ "type": "Feature", "properties": { "P29_001": "14111", "P29_002": "B114210020796", "P29_003": "16001", "P29_004": "横浜市立港南台第一小学校", "P29_005": "神奈川県横浜市港南区港南台6-7-1", "P29_006": "3", "P29_007": "1", "P29_008": "00", "P29_009": null }, "geometry": { "type": "Point", "coordinates": [ 139.586879335699962, 35.370265208148467 ] } },
{ "type": "Feature", "properties": { "P29_001": "14111", "P29_002": "B114210020803", "P29_003": "16001", "P29_004": "横浜市立港南台第二小学校", "P29_005": "神奈川県横浜市港南区港南台5-4-1", "P29_006": "3", "P29_007": "1", "P29_008": "00", "P29_009": null }, "geometry": { "type": "Point", "coordinates": [ 139.579085869884267, 35.371791517140998 ] } },
{ "type": "Feature", "properties": { "P29_001": "14111", "P29_002": "B114210020812", "P29_003": "16001", "P29_004": "横浜市立港南台第三小学校", "P29_005": "神奈川県横浜市港南区港南台2-14-1", "P29_006": "3", "P29_007": "1", "P29_008": "00", "P29_009": null }, "geometry": { "type": "Point", "coordinates": [ 139.582440088111241, 35.378996532184665 ] } },
{ "type": "Feature", "properties": { "P29_001": "14111", "P29_002": "B114210020821", "P29_003": "16001", "P29_004": "横浜市立小坪小学校", "P29_005": "神奈川県横浜市港南区港南台4-11-1", "P29_006": "3", "P29_007": "1", "P29_008": "00", "P29_009": null }, "geometry": { "type": "Point", "coordinates": [ 139.573986034285866, 35.376086747122407 ] } },
{ "type": "Feature", "properties": { "P29_001": "14111", "P29_002": "B114210020830", "P29_003": "16001", "P29_004": "横浜市立桜岡小学校", "P29_005": "神奈川県横浜市港南区大久保1-6-43", "P29_006": "3", "P29_007": "1", "P29_008": "00", "P29_009": null }, "geometry": { "type": "Point", "coordinates": [ 139.59379772538577, 35.412480975897935 ] } },
{ "type": "Feature", "properties": { "P29_001": "14111", "P29_002": "B114210020849", "P29_003": "16001", "P29_004": "横浜市立下永谷小学校", "P29_005": "神奈川県横浜市港南区東永谷1-36-1", "P29_006": "3", "P29_007": "1", "P29_008": "00", "P29_009": null }, "geometry": { "type": "Point", "coordinates": [ 139.581858591396639, 35.408553178227486 ] } },
{ "type": "Feature", "properties": { "P29_001": "14111", "P29_002": "B114210020858", "P29_003": "16001", "P29_004": "横浜市立下野庭小学校", "P29_005": "神奈川県横浜市港南区野庭町602", "P29_006": "3", "P29_007": "1", "P29_008": "00", "P29_009": null }, "geometry": { "type": "Point", "coordinates": [ 139.571531045014382, 35.392948825422344 ] } },
{ "type": "Feature", "properties": { "P29_001": "14111", "P29_002": "B114210020867", "P29_003": "16001", "P29_004": "横浜市立芹が谷小学校", "P29_005": "神奈川県横浜市港南区芹が谷3-32-1", "P29_006": "3", "P29_007": "1", "P29_008": "00", "P29_009": null }, "geometry": { "type": "Point", "coordinates": [ 139.573894838477599, 35.415578012389304 ] } },
{ "type": "Feature", "properties": { "P29_001": "14111", "P29_002": "B114210020876", "P29_003": "16001", "P29_004": "横浜市立芹が谷南小学校", "P29_005": "神奈川県横浜市港南区芹が谷4-22-1", "P29_006": "3", "P29_007": "1", "P29_008": "00", "P29_009": null }, "geometry": { "type": "Point", "coordinates": [ 139.571408034501928, 35.412329102712654 ] } },
{ "type": "Feature", "properties": { "P29_001": "14111", "P29_002": "B114210020885", "P29_003": "16001", "P29_004": "横浜市立相武山小学校", "P29_005": "神奈川県横浜市港南区上永谷1-7-5", "P29_006": "3", "P29_007": "1", "P29_008": "00", "P29_009": null }, "geometry": { "type": "Point", "coordinates": [ 139.580721440279376, 35.402506352734697 ] } },
{ "type": "Feature", "properties": { "P29_001": "14111", "P29_002": "B114210020894", "P29_003": "16001", "P29_004": "横浜市立永野小学校", "P29_005": "神奈川県横浜市港南区上永谷2-21-10", "P29_006": "3", "P29_007": "1", "P29_008": "00", "P29_009": null }, "geometry": { "type": "Point", "coordinates": [ 139.570322238325019, 35.405817602170011 ] } },
{ "type": "Feature", "properties": { "P29_001": "14111", "P29_002": "B114210020901", "P29_003": "16001", "P29_004": "横浜市立永谷小学校", "P29_005": "神奈川県横浜市港南区下永谷5-48-15", "P29_006": "3", "P29_007": "1", "P29_008": "00", "P29_009": null }, "geometry": { "type": "Point", "coordinates": [ 139.559493596422442, 35.411658997843986 ] } },
{ "type": "Feature", "properties": { "P29_001": "14111", "P29_002": "B114210020910", "P29_003": "16001", "P29_004": "横浜市立野庭すずかけ小学校", "P29_005": "神奈川県横浜市港南区野庭町346-2", "P29_006": "3", "P29_007": "1", "P29_008": "00", "P29_009": null }, "geometry": { "type": "Point", "coordinates": [ 139.574904576025489, 35.388092284702189 ] } },
{ "type": "Feature", "properties": { "P29_001": "14111", "P29_002": "B114210020929", "P29_003": "16001", "P29_004": "横浜市立日限山小学校", "P29_005": "神奈川県横浜市港南区日限山2-16-1", "P29_006": "3", "P29_007": "1", "P29_008": "00", "P29_009": null }, "geometry": { "type": "Point", "coordinates": [ 139.559825267062678, 35.393815524365003 ] } },
{ "type": "Feature", "properties": { "P29_001": "14111", "P29_002": "B114210020938", "P29_003": "16001", "P29_004": "横浜市立日下小学校", "P29_005": "神奈川県横浜市港南区笹下3-9-1", "P29_006": "3", "P29_007": "1", "P29_008": "00", "P29_009": null }, "geometry": { "type": "Point", "coordinates": [ 139.6017871409056, 35.39037884970265 ] } },
{ "type": "Feature", "properties": { "P29_001": "14111", "P29_002": "B114210020947", "P29_003": "16001", "P29_004": "横浜市立日野小学校", "P29_005": "神奈川県横浜市港南区日野7-11-1", "P29_006": "3", "P29_007": "1", "P29_008": "00", "P29_009": null }, "geometry": { "type": "Point", "coordinates": [ 139.579740550301096, 35.387509192674088 ] } },
{ "type": "Feature", "properties": { "P29_001": "14111", "P29_002": "B114210020956", "P29_003": "16001", "P29_004": "横浜市立日野南小学校", "P29_005": "神奈川県横浜市港南区日野南6-35-1", "P29_006": "3", "P29_007": "1", "P29_008": "00", "P29_009": null }, "geometry": { "type": "Point", "coordinates": [ 139.562180253204673, 35.375106493875272 ] } },
{ "type": "Feature", "properties": { "P29_001": "14111", "P29_002": "B114210020965", "P29_003": "16001", "P29_004": "横浜市立丸山台小学校", "P29_005": "神奈川県横浜市港南区丸山台3-8-1", "P29_006": "3", "P29_007": "1", "P29_008": "00", "P29_009": null }, "geometry": { "type": "Point", "coordinates": [ 139.568491650191135, 35.400891669436795 ] } },
{ "type": "Feature", "properties": { "P29_001": "14111", "P29_002": "B114210020974", "P29_003": "16001", "P29_004": "横浜市立南台小学校", "P29_005": "神奈川県横浜市港南区港南5-6-1", "P29_006": "3", "P29_007": "1", "P29_008": "00", "P29_009": null }, "geometry": { "type": "Point", "coordinates": [ 139.591915934671732, 35.397177389730494 ] } },
{ "type": "Feature", "properties": { "P29_001": "14111", "P29_002": "B114210020983", "P29_003": "16001", "P29_004": "横浜市立吉原小学校", "P29_005": "神奈川県横浜市港南区日野2-20-40", "P29_006": "3", "P29_007": "1", "P29_008": "00", "P29_009": null }, "geometry": { "type": "Point", "coordinates": [ 139.583527608983189, 35.397501208514079 ] } },
{ "type": "Feature", "properties": { "P29_001": "14106", "P29_002": "B114210021018", "P29_003": "16001", "P29_004": "横浜市立今井小学校", "P29_005": "神奈川県横浜市保土ケ谷区今井町981-1", "P29_006": "3", "P29_007": "1", "P29_008": "00", "P29_009": null }, "geometry": { "type": "Point", "coordinates": [ 139.558521324792622, 35.446696877859814 ] } },
{ "type": "Feature", "properties": { "P29_001": "14106", "P29_002": "B114210021027", "P29_003": "16001", "P29_004": "横浜市立岩崎小学校", "P29_005": "神奈川県横浜市保土ケ谷区岩崎町22-1", "P29_006": "3", "P29_007": "1", "P29_008": "00", "P29_009": null }, "geometry": { "type": "Point", "coordinates": [ 139.586802881064813, 35.446939868005046 ] } },
{ "type": "Feature", "properties": { "P29_001": "14106", "P29_002": "B114210021036", "P29_003": "16001", "P29_004": "横浜市立帷子小学校", "P29_005": "神奈川県横浜市保土ケ谷区川辺町65-1", "P29_006": "3", "P29_007": "1", "P29_008": "00", "P29_009": null }, "geometry": { "type": "Point", "coordinates": [ 139.597575720535303, 35.456861673055627 ] } },
{ "type": "Feature", "properties": { "P29_001": "14106", "P29_002": "B114210021054", "P29_003": "16001", "P29_004": "横浜市立上星川小学校", "P29_005": "神奈川県横浜市保土ケ谷区上星川2-51-1", "P29_006": "3", "P29_007": "1", "P29_008": "00", "P29_009": null }, "geometry": { "type": "Point", "coordinates": [ 139.577989749529195, 35.476227172690194 ] } },
{ "type": "Feature", "properties": { "P29_001": "14106", "P29_002": "B114210021072", "P29_003": "16001", "P29_004": "横浜市立権太坂小学校", "P29_005": "神奈川県横浜市保土ケ谷区権太坂2-4-1", "P29_006": "3", "P29_007": "1", "P29_008": "00", "P29_009": null }, "geometry": { "type": "Point", "coordinates": [ 139.574467422088844, 35.441691977097534 ] } },
{ "type": "Feature", "properties": { "P29_001": "14106", "P29_002": "B114210021081", "P29_003": "16001", "P29_004": "横浜市立坂本小学校", "P29_005": "神奈川県横浜市保土ケ谷区坂本町6", "P29_006": "3", "P29_007": "1", "P29_008": "00", "P29_009": null }, "geometry": { "type": "Point", "coordinates": [ 139.579910093002269, 35.464850346993401 ] } },
{ "type": "Feature", "properties": { "P29_001": "14106", "P29_002": "B114210021090", "P29_003": "16001", "P29_004": "横浜市立桜台小学校", "P29_005": "神奈川県横浜市保土ケ谷区桜ケ丘1-13-1", "P29_006": "3", "P29_007": "1", "P29_008": "00", "P29_009": null }, "geometry": { "type": "Point", "coordinates": [ 139.590899643720775, 35.450763356372917 ] } },
{ "type": "Feature", "properties": { "P29_001": "14106", "P29_002": "B114210021116", "P29_003": "16001", "P29_004": "横浜市立常盤台小学校", "P29_005": "神奈川県横浜市保土ケ谷区釜台町22-1", "P29_006": "3", "P29_007": "1", "P29_008": "00", "P29_009": null }, "geometry": { "type": "Point", "coordinates": [ 139.585800946325833, 35.469325372526328 ] } },
{ "type": "Feature", "properties": { "P29_001": "14106", "P29_002": "B114210021125", "P29_003": "16001", "P29_004": "横浜市立初音が丘小学校", "P29_005": "神奈川県横浜市保土ケ谷区藤塚町1-1", "P29_006": "3", "P29_007": "1", "P29_008": "00", "P29_009": null }, "geometry": { "type": "Point", "coordinates": [ 139.575931011847786, 35.447970168835162 ] } },
{ "type": "Feature", "properties": { "P29_001": "14106", "P29_002": "B114210021134", "P29_003": "16001", "P29_004": "横浜市立藤塚小学校", "P29_005": "神奈川県横浜市保土ケ谷区新桜ケ丘1-22-1", "P29_006": "3", "P29_007": "1", "P29_008": "00", "P29_009": null }, "geometry": { "type": "Point", "coordinates": [ 139.562923605310914, 35.451128460565251 ] } },
{ "type": "Feature", "properties": { "P29_001": "14106", "P29_002": "B114210021143", "P29_003": "16001", "P29_004": "横浜市立富士見台小学校", "P29_005": "神奈川県横浜市保土ケ谷区岩井町307", "P29_006": "3", "P29_007": "1", "P29_008": "00", "P29_009": null }, "geometry": { "type": "Point", "coordinates": [ 139.602066105811872, 35.442442389821998 ] } },
{ "type": "Feature", "properties": { "P29_001": "14106", "P29_002": "B114210021161", "P29_003": "16001", "P29_004": "横浜市立星川小学校", "P29_005": "神奈川県横浜市保土ケ谷区星川3-18-1", "P29_006": "3", "P29_007": "1", "P29_008": "00", "P29_009": null }, "geometry": { "type": "Point", "coordinates": [ 139.589540248867507, 35.461603849615329 ] } },
{ "type": "Feature", "properties": { "P29_001": "14106", "P29_002": "B114210021189", "P29_003": "16001", "P29_004": "横浜市立峯小学校", "P29_005": "神奈川県横浜市保土ケ谷区峰岡町1-10", "P29_006": "3", "P29_007": "1", "P29_008": "00", "P29_009": null }, "geometry": { "type": "Point", "coordinates": [ 139.599395579370736, 35.461474927532862 ] } },
{ "type": "Feature", "properties": { "P29_001": "14112", "P29_002": "B114210021198", "P29_003": "16001", "P29_004": "横浜市立市沢小学校", "P29_005": "神奈川県横浜市旭区市沢町781", "P29_006": "3", "P29_007": "1", "P29_008": "00", "P29_009": null }, "geometry": { "type": "Point", "coordinates": [ 139.558901211869852, 35.461747413049238 ] } },
{ "type": "Feature", "properties": { "P29_001": "14112", "P29_002": "B114210021205", "P29_003": "16001", "P29_004": "横浜市立今宿小学校", "P29_005": "神奈川県横浜市旭区今宿東町829", "P29_006": "3", "P29_007": "1", "P29_008": "00", "P29_009": null }, "geometry": { "type": "Point", "coordinates": [ 139.536463894970097, 35.484184390660346 ] } },
{ "type": "Feature", "properties": { "P29_001": "14112", "P29_002": "B114210021214", "P29_003": "16001", "P29_004": "横浜市立今宿南小学校", "P29_005": "神奈川県横浜市旭区今宿南町1879-2", "P29_006": "3", "P29_007": "1", "P29_008": "00", "P29_009": null }, "geometry": { "type": "Point", "coordinates": [ 139.529210959845472, 35.479137139703532 ] } },
{ "type": "Feature", "properties": { "P29_001": "14112", "P29_002": "B114210021223", "P29_003": "16001", "P29_004": "横浜市立上川井小学校", "P29_005": "神奈川県横浜市旭区上川井町2913", "P29_006": "3", "P29_007": "1", "P29_008": "00", "P29_009": null }, "geometry": { "type": "Point", "coordinates": [ 139.502903322131658, 35.498625024006898 ] } },
{ "type": "Feature", "properties": { "P29_001": "14112", "P29_002": "B114210021232", "P29_003": "16001", "P29_004": "横浜市立上白根小学校", "P29_005": "神奈川県横浜市旭区上白根2-45-1", "P29_006": "3", "P29_007": "1", "P29_008": "00", "P29_009": null }, "geometry": { "type": "Point", "coordinates": [ 139.539508909881903, 35.495528440684424 ] } },
{ "type": "Feature", "properties": { "P29_001": "14112", "P29_002": "B114210021241", "P29_003": "16001", "P29_004": "横浜市立川井小学校", "P29_005": "神奈川県横浜市旭区川井宿町32-2", "P29_006": "3", "P29_007": "1", "P29_008": "00", "P29_009": null }, "geometry": { "type": "Point", "coordinates": [ 139.520679553782372, 35.493947570787178 ] } },
{ "type": "Feature", "properties": { "P29_001": "14112", "P29_002": "B114210021250", "P29_003": "16001", "P29_004": "横浜市立希望ケ丘小学校", "P29_005": "神奈川県横浜市旭区中希望が丘124", "P29_006": "3", "P29_007": "1", "P29_008": "00", "P29_009": null }, "geometry": { "type": "Point", "coordinates": [ 139.512642587494867, 35.459086144701836 ] } },
{ "type": "Feature", "properties": { "P29_001": "14112", "P29_002": "B114210021278", "P29_003": "16001", "P29_004": "横浜市立笹野台小学校", "P29_005": "神奈川県横浜市旭区笹野台4-48-1", "P29_006": "3", "P29_007": "1", "P29_008": "00", "P29_009": null }, "geometry": { "type": "Point", "coordinates": [ 139.510342545744066, 35.473482791155085 ] } },
{ "type": "Feature", "properties": { "P29_001": "14112", "P29_002": "B114210021287", "P29_003": "16001", "P29_004": "横浜市立さちが丘小学校", "P29_005": "神奈川県横浜市旭区さちが丘110-1", "P29_006": "3", "P29_007": "1", "P29_008": "00", "P29_009": null }, "geometry": { "type": "Point", "coordinates": [ 139.522930833974698, 35.456819180508475 ] } },
{ "type": "Feature", "properties": { "P29_001": "14112", "P29_002": "B114210021296", "P29_003": "16001", "P29_004": "横浜市立四季の森小学校", "P29_005": "神奈川県横浜市旭区上白根町901", "P29_006": "3", "P29_007": "1", "P29_008": "00", "P29_009": null }, "geometry": { "type": "Point", "coordinates": [ 139.531800801525662, 35.496571363187584 ] } },
{ "type": "Feature", "properties": { "P29_001": "14112", "P29_002": "B114210021303", "P29_003": "16001", "P29_004": "横浜市立白根小学校", "P29_005": "神奈川県横浜市旭区中白根1-9-1", "P29_006": "3", "P29_007": "1", "P29_008": "00", "P29_009": null }, "geometry": { "type": "Point", "coordinates": [ 139.544502451045645, 35.487880144970006 ] } },
{ "type": "Feature", "properties": { "P29_001": "14112", "P29_002": "B114210021312", "P29_003": "16001", "P29_004": "横浜市立善部小学校", "P29_005": "神奈川県横浜市旭区善部町4-1", "P29_006": "3", "P29_007": "1", "P29_008": "00", "P29_009": null }, "geometry": { "type": "Point", "coordinates": [ 139.516440038357388, 35.451343826600841 ] } },
{ "type": "Feature", "properties": { "P29_001": "14112", "P29_002": "B114210021321", "P29_003": "16001", "P29_004": "横浜市立都岡小学校", "P29_005": "神奈川県横浜市旭区都岡町4-8", "P29_006": "3", "P29_007": "1", "P29_008": "00", "P29_009": null }, "geometry": { "type": "Point", "coordinates": [ 139.521209694871544, 35.485209550194412 ] } },
{ "type": "Feature", "properties": { "P29_001": "14112", "P29_002": "B114210021330", "P29_003": "16001", "P29_004": "横浜市立鶴ケ峯小学校", "P29_005": "神奈川県横浜市旭区鶴ケ峰1-42", "P29_006": "3", "P29_007": "1", "P29_008": "00", "P29_009": null }, "geometry": { "type": "Point", "coordinates": [ 139.5520977524003, 35.471944055607324 ] } },
{ "type": "Feature", "properties": { "P29_001": "14112", "P29_002": "B114210021349", "P29_003": "16001", "P29_004": "横浜市立中尾小学校", "P29_005": "神奈川県横浜市旭区中尾1-8-1", "P29_006": "3", "P29_007": "1", "P29_008": "00", "P29_009": null }, "geometry": { "type": "Point", "coordinates": [ 139.522466015631323, 35.465585930965588 ] } },
{ "type": "Feature", "properties": { "P29_001": "14112", "P29_002": "B114210021358", "P29_003": "16001", "P29_004": "横浜市立中沢小学校", "P29_005": "神奈川県横浜市旭区中沢3-25-1", "P29_006": "3", "P29_007": "1", "P29_008": "00", "P29_009": null }, "geometry": { "type": "Point", "coordinates": [ 139.52236505727592, 35.474672971947804 ] } },
{ "type": "Feature", "properties": { "P29_001": "14112", "P29_002": "B114210021367", "P29_003": "16001", "P29_004": "横浜市立東希望が丘小学校", "P29_005": "神奈川県横浜市旭区東希望が丘155", "P29_006": "3", "P29_007": "1", "P29_008": "00", "P29_009": null }, "geometry": { "type": "Point", "coordinates": [ 139.511545259480187, 35.464493847690854 ] } },
{ "type": "Feature", "properties": { "P29_001": "14112", "P29_002": "B114210021376", "P29_003": "16001", "P29_004": "横浜市立二俣川小学校", "P29_005": "神奈川県横浜市旭区二俣川1-33", "P29_006": "3", "P29_007": "1", "P29_008": "00", "P29_009": null }, "geometry": { "type": "Point", "coordinates": [ 139.529456682849769, 35.463927683654255 ] } },
{ "type": "Feature", "properties": { "P29_001": "14112", "P29_002": "B114210021385", "P29_003": "16001", "P29_004": "横浜市立不動丸小学校", "P29_005": "神奈川県横浜市旭区白根3-33-1", "P29_006": "3", "P29_007": "1", "P29_008": "00", "P29_009": null }, "geometry": { "type": "Point", "coordinates": [ 139.550186111317004, 35.483436517472363 ] } },
{ "type": "Feature", "properties": { "P29_001": "14112", "P29_002": "B114210021394", "P29_003": "16001", "P29_004": "横浜市立本宿小学校", "P29_005": "神奈川県横浜市旭区本宿町16", "P29_006": "3", "P29_007": "1", "P29_008": "00", "P29_009": null }, "geometry": { "type": "Point", "coordinates": [ 139.544680636791611, 35.46912816923539 ] } },
{ "type": "Feature", "properties": { "P29_001": "14112", "P29_002": "B114210021410", "P29_003": "16001", "P29_004": "横浜市立南本宿小学校", "P29_005": "神奈川県横浜市旭区南本宿町79", "P29_006": "3", "P29_007": "1", "P29_008": "00", "P29_009": null }, "geometry": { "type": "Point", "coordinates": [ 139.538552094974847, 35.458387051626048 ] } },
{ "type": "Feature", "properties": { "P29_001": "14107", "P29_002": "B114210021438", "P29_003": "16001", "P29_004": "横浜市立磯子小学校", "P29_005": "神奈川県横浜市磯子区久木町11-1", "P29_006": "3", "P29_007": "1", "P29_008": "00", "P29_009": null }, "geometry": { "type": "Point", "coordinates": [ 139.622120828840735, 35.414229793688158 ] } },
{ "type": "Feature", "properties": { "P29_001": "14107", "P29_002": "B114210021447", "P29_003": "16001", "P29_004": "横浜市立岡村小学校", "P29_005": "神奈川県横浜市磯子区岡村4-7-1", "P29_006": "3", "P29_007": "1", "P29_008": "00", "P29_009": null }, "geometry": { "type": "Point", "coordinates": [ 139.611288243190188, 35.420892143220868 ] } },
{ "type": "Feature", "properties": { "P29_001": "14107", "P29_002": "B114210021465", "P29_003": "16001", "P29_004": "横浜市立山王台小学校", "P29_005": "神奈川県横浜市磯子区磯子5-2-1", "P29_006": "3", "P29_007": "1", "P29_008": "00", "P29_009": null }, "geometry": { "type": "Point", "coordinates": [ 139.614250661908784, 35.407691411077884 ] } },
{ "type": "Feature", "properties": { "P29_001": "14107", "P29_002": "B114210021474", "P29_003": "16001", "P29_004": "横浜市立汐見台小学校", "P29_005": "神奈川県横浜市磯子区汐見台3-6", "P29_006": "3", "P29_007": "1", "P29_008": "00", "P29_009": null }, "geometry": { "type": "Point", "coordinates": [ 139.607049217606857, 35.400983426727841 ] } },
{ "type": "Feature", "properties": { "P29_001": "14107", "P29_002": "B114210021483", "P29_003": "16001", "P29_004": "横浜市立杉田小学校", "P29_005": "神奈川県横浜市磯子区杉田1-8-1", "P29_006": "3", "P29_007": "1", "P29_008": "00", "P29_009": null }, "geometry": { "type": "Point", "coordinates": [ 139.616823024547273, 35.385564642402812 ] } },
{ "type": "Feature", "properties": { "P29_001": "14107", "P29_002": "B114210021492", "P29_003": "16001", "P29_004": "横浜市立滝頭小学校", "P29_005": "神奈川県横浜市磯子区丸山2-25-1", "P29_006": "3", "P29_007": "1", "P29_008": "00", "P29_009": null }, "geometry": { "type": "Point", "coordinates": [ 139.621055481243587, 35.421981128977023 ] } },
{ "type": "Feature", "properties": { "P29_001": "14107", "P29_002": "B114210021508", "P29_003": "16001", "P29_004": "横浜市立根岸小学校", "P29_005": "神奈川県横浜市磯子区西町2-46", "P29_006": "3", "P29_007": "1", "P29_008": "00", "P29_009": null }, "geometry": { "type": "Point", "coordinates": [ 139.63295191523224, 35.41774131583329 ] } },
{ "type": "Feature", "properties": { "P29_001": "14107", "P29_002": "B114210021517", "P29_003": "16001", "P29_004": "横浜市立梅林小学校", "P29_005": "神奈川県横浜市磯子区杉田5-13-1", "P29_006": "3", "P29_007": "1", "P29_008": "00", "P29_009": null }, "geometry": { "type": "Point", "coordinates": [ 139.619980837578424, 35.377773862142114 ] } },
{ "type": "Feature", "properties": { "P29_001": "14107", "P29_002": "B114210021526", "P29_003": "16001", "P29_004": "横浜市立浜小学校", "P29_005": "神奈川県横浜市磯子区磯子台23-1", "P29_006": "3", "P29_007": "1", "P29_008": "00", "P29_009": null }, "geometry": { "type": "Point", "coordinates": [ 139.613356540827681, 35.405792266054156 ] } },
{ "type": "Feature", "properties": { "P29_001": "14107", "P29_002": "B114210021535", "P29_003": "16001", "P29_004": "横浜市立屏風浦小学校", "P29_005": "神奈川県横浜市磯子区森3-11-1", "P29_006": "3", "P29_007": "1", "P29_008": "00", "P29_009": null }, "geometry": { "type": "Point", "coordinates": [ 139.613958685210378, 35.391045883055135 ] } },
{ "type": "Feature", "properties": { "P29_001": "14107", "P29_002": "B114210021544", "P29_003": "16001", "P29_004": "横浜市立森東小学校", "P29_005": "神奈川県横浜市磯子区森1-4", "P29_006": "3", "P29_007": "1", "P29_008": "00", "P29_009": null }, "geometry": { "type": "Point", "coordinates": [ 139.615991128903801, 35.397519035696043 ] } },
{ "type": "Feature", "properties": { "P29_001": "14107", "P29_002": "B114210021553", "P29_003": "16001", "P29_004": "横浜市立洋光台第一小学校", "P29_005": "神奈川県横浜市磯子区洋光台1-4-1", "P29_006": "3", "P29_007": "1", "P29_008": "00", "P29_009": null }, "geometry": { "type": "Point", "coordinates": [ 139.595575274865467, 35.384240675951254 ] } },
{ "type": "Feature", "properties": { "P29_001": "14107", "P29_002": "B114210021562", "P29_003": "16001", "P29_004": "横浜市立洋光台第二小学校", "P29_005": "神奈川県横浜市磯子区洋光台4-15-1", "P29_006": "3", "P29_007": "1", "P29_008": "00", "P29_009": null }, "geometry": { "type": "Point", "coordinates": [ 139.599838529673036, 35.376273037746913 ] } },
{ "type": "Feature", "properties": { "P29_001": "14107", "P29_002": "B114210021571", "P29_003": "16001", "P29_004": "横浜市立洋光台第三小学校", "P29_005": "神奈川県横浜市磯子区洋光台2-4-1", "P29_006": "3", "P29_007": "1", "P29_008": "00", "P29_009": null }, "geometry": { "type": "Point", "coordinates": [ 139.589738716868595, 35.382576791111902 ] } },
{ "type": "Feature", "properties": { "P29_001": "14107", "P29_002": "B114210021580", "P29_003": "16001", "P29_004": "横浜市立洋光台第四小学校", "P29_005": "神奈川県横浜市磯子区洋光台6-6-1", "P29_006": "3", "P29_007": "1", "P29_008": "00", "P29_009": null }, "geometry": { "type": "Point", "coordinates": [ 139.59727529131078, 35.373112779365229 ] } },
{ "type": "Feature", "properties": { "P29_001": "14108", "P29_002": "B114210021599", "P29_003": "16001", "P29_004": "横浜市立朝比奈小学校", "P29_005": "神奈川県横浜市金沢区東朝比奈2-53-1", "P29_006": "3", "P29_007": "1", "P29_008": "00", "P29_009": null }, "geometry": { "type": "Point", "coordinates": [ 139.594872574307828, 35.323122486449108 ] } },
{ "type": "Feature", "properties": { "P29_001": "14108", "P29_002": "B114210021606", "P29_003": "16001", "P29_004": "横浜市立金沢小学校", "P29_005": "神奈川県横浜市金沢区町屋町26-26", "P29_006": "3", "P29_007": "1", "P29_008": "00", "P29_009": null }, "geometry": { "type": "Point", "coordinates": [ 139.629643339420142, 35.335719407211513 ] } },
{ "type": "Feature", "properties": { "P29_001": "14108", "P29_002": "B114210021615", "P29_003": "16001", "P29_004": "横浜市立釜利谷小学校", "P29_005": "神奈川県横浜市金沢区釜利谷東6-37-1", "P29_006": "3", "P29_007": "1", "P29_008": "00", "P29_009": null }, "geometry": { "type": "Point", "coordinates": [ 139.608115351420622, 35.343781713563402 ] } },
{ "type": "Feature", "properties": { "P29_001": "14108", "P29_002": "B114210021624", "P29_003": "16001", "P29_004": "横浜市立釜利谷東小学校", "P29_005": "神奈川県横浜市金沢区釜利谷東2-12-1", "P29_006": "3", "P29_007": "1", "P29_008": "00", "P29_009": null }, "geometry": { "type": "Point", "coordinates": [ 139.617280150818345, 35.34460082942519 ] } },
{ "type": "Feature", "properties": { "P29_001": "14108", "P29_002": "B114210021633", "P29_003": "16001", "P29_004": "横浜市立釜利谷南小学校", "P29_005": "神奈川県横浜市金沢区釜利谷南4-12-1", "P29_006": "3", "P29_007": "1", "P29_008": "00", "P29_009": null }, "geometry": { "type": "Point", "coordinates": [ 139.605846257461053, 35.338850493028353 ] } },
{ "type": "Feature", "properties": { "P29_001": "14108", "P29_002": "B114210021642", "P29_003": "16001", "P29_004": "横浜市立小田小学校", "P29_005": "神奈川県横浜市金沢区富岡西1-69-1", "P29_006": "3", "P29_007": "1", "P29_008": "00", "P29_009": null }, "geometry": { "type": "Point", "coordinates": [ 139.620055355618547, 35.372117550606333 ] } },
{ "type": "Feature", "properties": { "P29_001": "14108", "P29_002": "B114210021651", "P29_003": "16001", "P29_004": "横浜市立瀬ケ崎小学校", "P29_005": "神奈川県横浜市金沢区六浦東3-2-1", "P29_006": "3", "P29_007": "1", "P29_008": "00", "P29_009": null }, "geometry": { "type": "Point", "coordinates": [ 139.620173073879897, 35.31940686809218 ] } },
{ "type": "Feature", "properties": { "P29_001": "14108", "P29_002": "B114210021660", "P29_003": "16001", "P29_004": "横浜市立大道小学校", "P29_005": "神奈川県横浜市金沢区大道2-3-1", "P29_006": "3", "P29_007": "1", "P29_008": "00", "P29_009": null }, "geometry": { "type": "Point", "coordinates": [ 139.610957625609871, 35.326467728899004 ] } },
{ "type": "Feature", "properties": { "P29_001": "14108", "P29_002": "B114210021679", "P29_003": "16001", "P29_004": "横浜市立高舟台小学校", "P29_005": "神奈川県横浜市金沢区高舟台1-35-1", "P29_006": "3", "P29_007": "1", "P29_008": "00", "P29_009": null }, "geometry": { "type": "Point", "coordinates": [ 139.607874662259405, 35.333736582292097 ] } },
{ "type": "Feature", "properties": { "P29_001": "14108", "P29_002": "B114210021688", "P29_003": "16001", "P29_004": "横浜市立富岡小学校", "P29_005": "神奈川県横浜市金沢区富岡西7-13-1", "P29_006": "3", "P29_007": "1", "P29_008": "00", "P29_009": null }, "geometry": { "type": "Point", "coordinates": [ 139.624769784349809, 35.366732858432748 ] } },
{ "type": "Feature", "properties": { "P29_001": "14108", "P29_002": "B114210021697", "P29_003": "16001", "P29_004": "横浜市立並木第一小学校", "P29_005": "神奈川県横浜市金沢区並木1-7-1", "P29_006": "3", "P29_007": "1", "P29_008": "00", "P29_009": null }, "geometry": { "type": "Point", "coordinates": [ 139.639041985570287, 35.372931452562376 ] } },
{ "type": "Feature", "properties": { "P29_001": "14108", "P29_002": "B114210021704", "P29_003": "16001", "P29_004": "横浜市立並木第四小学校", "P29_005": "神奈川県横浜市金沢区並木3-10-1", "P29_006": "3", "P29_007": "1", "P29_008": "00", "P29_009": null }, "geometry": { "type": "Point", "coordinates": [ 139.641353746428081, 35.355932981286301 ] } },
{ "type": "Feature", "properties": { "P29_001": "14108", "P29_002": "B114210021722", "P29_003": "16001", "P29_004": "横浜市立西柴小学校", "P29_005": "神奈川県横浜市金沢区西柴4-23-1", "P29_006": "3", "P29_007": "1", "P29_008": "00", "P29_009": null }, "geometry": { "type": "Point", "coordinates": [ 139.633224355290139, 35.347673980516227 ] } },
{ "type": "Feature", "properties": { "P29_001": "14108", "P29_002": "B114210021731", "P29_003": "16001", "P29_004": "横浜市立西富岡小学校", "P29_005": "神奈川県横浜市金沢区富岡西5-49-1", "P29_006": "3", "P29_007": "1", "P29_008": "00", "P29_009": null }, "geometry": { "type": "Point", "coordinates": [ 139.61414186033727, 35.362104772853918 ] } },
{ "type": "Feature", "properties": { "P29_001": "14108", "P29_002": "B114210021740", "P29_003": "16001", "P29_004": "横浜市立能見台小学校", "P29_005": "神奈川県横浜市金沢区能見台3-32-1", "P29_006": "3", "P29_007": "1", "P29_008": "00", "P29_009": null }, "geometry": { "type": "Point", "coordinates": [ 139.622253202340772, 35.357797834978925 ] } },
{ "type": "Feature", "properties": { "P29_001": "14108", "P29_002": "B114210021759", "P29_003": "16001", "P29_004": "横浜市立能見台南小学校", "P29_005": "神奈川県横浜市金沢区能見台6-3-1", "P29_006": "3", "P29_007": "1", "P29_008": "00", "P29_009": null }, "geometry": { "type": "Point", "coordinates": [ 139.615068566424242, 35.353280716314082 ] } },
{ "type": "Feature", "properties": { "P29_001": "14108", "P29_002": "B114210021768", "P29_003": "16001", "P29_004": "横浜市立八景小学校", "P29_005": "神奈川県横浜市金沢区泥亀1-21-2", "P29_006": "3", "P29_007": "1", "P29_008": "00", "P29_009": null }, "geometry": { "type": "Point", "coordinates": [ 139.621860095121065, 35.338727786044444 ] } },
{ "type": "Feature", "properties": { "P29_001": "14108", "P29_002": "B114210021777", "P29_003": "16001", "P29_004": "横浜市立文庫小学校", "P29_005": "神奈川県横浜市金沢区寺前2-21-7", "P29_006": "3", "P29_007": "1", "P29_008": "00", "P29_009": null }, "geometry": { "type": "Point", "coordinates": [ 139.631087393150153, 35.340108942161528 ] } },
{ "type": "Feature", "properties": { "P29_001": "14108", "P29_002": "B114210021786", "P29_003": "16001", "P29_004": "横浜市立六浦小学校", "P29_005": "神奈川県横浜市金沢区六浦3-11-1", "P29_006": "3", "P29_007": "1", "P29_008": "00", "P29_009": null }, "geometry": { "type": "Point", "coordinates": [ 139.612669234065152, 35.330005989886345 ] } },
{ "type": "Feature", "properties": { "P29_001": "14108", "P29_002": "B114210021795", "P29_003": "16001", "P29_004": "横浜市立六浦南小学校", "P29_005": "神奈川県横浜市金沢区六浦南3-22-1", "P29_006": "3", "P29_007": "1", "P29_008": "00", "P29_009": null }, "geometry": { "type": "Point", "coordinates": [ 139.610990403177794, 35.315859810623024 ] } },
{ "type": "Feature", "properties": { "P29_001": "14109", "P29_002": "B114210021802", "P29_003": "16001", "P29_004": "横浜市立大曽根小学校", "P29_005": "神奈川県横浜市港北区大曽根2-31-1", "P29_006": "3", "P29_007": "1", "P29_008": "00", "P29_009": null }, "geometry": { "type": "Point", "coordinates": [ 139.629846929845343, 35.532146558973629 ] } },
{ "type": "Feature", "properties": { "P29_001": "14109", "P29_002": "B114210021811", "P29_003": "16001", "P29_004": "横浜市立大綱小学校", "P29_005": "神奈川県横浜市港北区大倉山4-2-1", "P29_006": "3", "P29_007": "1", "P29_008": "00", "P29_009": null }, "geometry": { "type": "Point", "coordinates": [ 139.625646994172627, 35.518979890100979 ] } },
{ "type": "Feature", "properties": { "P29_001": "14109", "P29_002": "B114210021820", "P29_003": "16001", "P29_004": "横浜市立菊名小学校", "P29_005": "神奈川県横浜市港北区菊名5-18-1", "P29_006": "3", "P29_007": "1", "P29_008": "00", "P29_009": null }, "geometry": { "type": "Point", "coordinates": [ 139.635663188155718, 35.513321719973554 ] } },
{ "type": "Feature", "properties": { "P29_001": "14109", "P29_002": "B114210021839", "P29_003": "16001", "P29_004": "横浜市立北綱島小学校", "P29_005": "神奈川県横浜市港北区綱島西5-14-40", "P29_006": "3", "P29_007": "1", "P29_008": "00", "P29_009": null }, "geometry": { "type": "Point", "coordinates": [ 139.630752730449672, 35.543843316585551 ] } },
{ "type": "Feature", "properties": { "P29_001": "14109", "P29_002": "B114210021848", "P29_003": "16001", "P29_004": "横浜市立港北小学校", "P29_005": "神奈川県横浜市港北区菊名2-15-1", "P29_006": "3", "P29_007": "1", "P29_008": "00", "P29_009": null }, "geometry": { "type": "Point", "coordinates": [ 139.635906221734388, 35.500062545571303 ] } },
{ "type": "Feature", "properties": { "P29_001": "14109", "P29_002": "B114210021866", "P29_003": "16001", "P29_004": "横浜市立駒林小学校", "P29_005": "神奈川県横浜市港北区日吉本町2-51-1", "P29_006": "3", "P29_007": "1", "P29_008": "00", "P29_009": null }, "geometry": { "type": "Point", "coordinates": [ 139.635254671108044, 35.552729283334536 ] } },
{ "type": "Feature", "properties": { "P29_001": "14109", "P29_002": "B114210021875", "P29_003": "16001", "P29_004": "横浜市立篠原小学校", "P29_005": "神奈川県横浜市港北区篠原東3-27-1", "P29_006": "3", "P29_007": "1", "P29_008": "00", "P29_009": null }, "geometry": { "type": "Point", "coordinates": [ 139.626918021394573, 35.502954562937774 ] } },
{ "type": "Feature", "properties": { "P29_001": "14109", "P29_002": "B114210021884", "P29_003": "16001", "P29_004": "横浜市立篠原西小学校", "P29_005": "神奈川県横浜市港北区篠原町1241-1", "P29_006": "3", "P29_007": "1", "P29_008": "00", "P29_009": null }, "geometry": { "type": "Point", "coordinates": [ 139.61508056396309, 35.502009854232426 ] } },
{ "type": "Feature", "properties": { "P29_001": "14109", "P29_002": "B114210021893", "P29_003": "16001", "P29_004": "横浜市立下田小学校", "P29_005": "神奈川県横浜市港北区下田町4-10-1", "P29_006": "3", "P29_007": "1", "P29_008": "00", "P29_009": null }, "geometry": { "type": "Point", "coordinates": [ 139.629926851123201, 35.557510012951269 ] } },
{ "type": "Feature", "properties": { "P29_001": "14109", "P29_002": "B114210021900", "P29_003": "16001", "P29_004": "横浜市立城郷小学校", "P29_005": "神奈川県横浜市港北区鳥山町814", "P29_006": "3", "P29_007": "1", "P29_008": "00", "P29_009": null }, "geometry": { "type": "Point", "coordinates": [ 139.602382505003249, 35.505065251931867 ] } },
{ "type": "Feature", "properties": { "P29_001": "14109", "P29_002": "B114210021919", "P29_003": "16001", "P29_004": "横浜市立新吉田小学校", "P29_005": "神奈川県横浜市港北区新吉田東6-44-1", "P29_006": "3", "P29_007": "1", "P29_008": "00", "P29_009": null }, "geometry": { "type": "Point", "coordinates": [ 139.6177537870187, 35.538478842383832 ] } },
{ "type": "Feature", "properties": { "P29_001": "14109", "P29_002": "B114210021928", "P29_003": "16001", "P29_004": "横浜市立新吉田第二小学校", "P29_005": "神奈川県横浜市港北区新吉田町491-1", "P29_006": "3", "P29_007": "1", "P29_008": "00", "P29_009": null }, "geometry": { "type": "Point", "coordinates": [ 139.61281634990425, 35.549659782061248 ] } },
{ "type": "Feature", "properties": { "P29_001": "14109", "P29_002": "B114210021937", "P29_003": "16001", "P29_004": "横浜市立高田小学校", "P29_005": "神奈川県横浜市港北区高田町1774", "P29_006": "3", "P29_007": "1", "P29_008": "00", "P29_009": null }, "geometry": { "type": "Point", "coordinates": [ 139.61963505319639, 35.556483576143457 ] } },
{ "type": "Feature", "properties": { "P29_001": "14109", "P29_002": "B114210021946", "P29_003": "16001", "P29_004": "横浜市立高田東小学校", "P29_005": "神奈川県横浜市港北区高田東2-33-1", "P29_006": "3", "P29_007": "1", "P29_008": "00", "P29_009": null }, "geometry": { "type": "Point", "coordinates": [ 139.62490182657919, 35.552354851376442 ] } },
{ "type": "Feature", "properties": { "P29_001": "14109", "P29_002": "B114210021955", "P29_003": "16001", "P29_004": "横浜市立綱島小学校", "P29_005": "神奈川県横浜市港北区綱島西3-11-1", "P29_006": "3", "P29_007": "1", "P29_008": "00", "P29_009": null }, "geometry": { "type": "Point", "coordinates": [ 139.627999232853966, 35.537392666180779 ] } },
{ "type": "Feature", "properties": { "P29_001": "14109", "P29_002": "B114210021964", "P29_003": "16001", "P29_004": "横浜市立綱島東小学校", "P29_005": "神奈川県横浜市港北区綱島東3-1-30", "P29_006": "3", "P29_007": "1", "P29_008": "00", "P29_009": null }, "geometry": { "type": "Point", "coordinates": [ 139.640586629798179, 35.537795050772147 ] } },
{ "type": "Feature", "properties": { "P29_001": "14109", "P29_002": "B114210021973", "P29_003": "16001", "P29_004": "横浜市立新田小学校", "P29_005": "神奈川県横浜市港北区新吉田町3226", "P29_006": "3", "P29_007": "1", "P29_008": "00", "P29_009": null }, "geometry": { "type": "Point", "coordinates": [ 139.609857847255086, 35.533067582411995 ] } },
{ "type": "Feature", "properties": { "P29_001": "14109", "P29_002": "B114210021991", "P29_003": "16001", "P29_004": "横浜市立日吉台小学校", "P29_005": "神奈川県横浜市港北区日吉本町1-34-21", "P29_006": "3", "P29_007": "1", "P29_008": "00", "P29_009": null }, "geometry": { "type": "Point", "coordinates": [ 139.643419340022604, 35.552829866015358 ] } },
{ "type": "Feature", "properties": { "P29_001": "14109", "P29_002": "B114210022008", "P29_003": "16001", "P29_004": "横浜市立日吉南小学校", "P29_005": "神奈川県横浜市港北区日吉本町4-2-6", "P29_006": "3", "P29_007": "1", "P29_008": "00", "P29_009": null }, "geometry": { "type": "Point", "coordinates": [ 139.639403257597706, 35.544864718646494 ] } },
{ "type": "Feature", "properties": { "P29_001": "14109", "P29_002": "B114210022017", "P29_003": "16001", "P29_004": "横浜市立太尾小学校", "P29_005": "神奈川県横浜市港北区大倉山7-34-1", "P29_006": "3", "P29_007": "1", "P29_008": "00", "P29_009": null }, "geometry": { "type": "Point", "coordinates": [ 139.619150530027213, 35.524320352919432 ] } },
{ "type": "Feature", "properties": { "P29_001": "14109", "P29_002": "B114210022026", "P29_003": "16001", "P29_004": "横浜市立大豆戸小学校", "P29_005": "神奈川県横浜市港北区大豆戸町759", "P29_006": "3", "P29_007": "1", "P29_008": "00", "P29_009": null }, "geometry": { "type": "Point", "coordinates": [ 139.622016943633611, 35.515909632804899 ] } },
{ "type": "Feature", "properties": { "P29_001": "14109", "P29_002": "B114210022035", "P29_003": "16001", "P29_004": "横浜市立箕輪小学校", "P29_005": "神奈川県横浜市港北区箕輪町2-7-1", "P29_006": "3", "P29_007": "1", "P29_008": "00", "P29_009": null }, "geometry": { "type": "Point", "coordinates": [ 139.645281431869932, 35.54492910239609 ] } },
{ "type": "Feature", "properties": { "P29_001": "14109", "P29_002": "B114210022044", "P29_003": "16001", "P29_004": "横浜市立師岡小学校", "P29_005": "神奈川県横浜市港北区師岡町986", "P29_006": "3", "P29_007": "1", "P29_008": "00", "P29_009": null }, "geometry": { "type": "Point", "coordinates": [ 139.638764047415748, 35.523756570275829 ] } },
{ "type": "Feature", "properties": { "P29_001": "14109", "P29_002": "B114210022053", "P29_003": "16001", "P29_004": "横浜市立矢上小学校", "P29_005": "神奈川県横浜市港北区日吉3-23-1", "P29_006": "3", "P29_007": "1", "P29_008": "00", "P29_009": null }, "geometry": { "type": "Point", "coordinates": [ 139.657641144252182, 35.55419061839234 ] } },
{ "type": "Feature", "properties": { "P29_001": "14113", "P29_002": "B114210022062", "P29_003": "16001", "P29_004": "横浜市立いぶき野小学校", "P29_005": "神奈川県横浜市緑区いぶき野14-1", "P29_006": "3", "P29_007": "1", "P29_008": "00", "P29_009": null }, "geometry": { "type": "Point", "coordinates": [ 139.501757550061825, 35.526119110175784 ] } },
{ "type": "Feature", "properties": { "P29_001": "14113", "P29_002": "B114210022071", "P29_003": "16001", "P29_004": "横浜市立上山小学校", "P29_005": "神奈川県横浜市緑区上山2-5-1", "P29_006": "3", "P29_007": "1", "P29_008": "00", "P29_009": null }, "geometry": { "type": "Point", "coordinates": [ 139.546977080585151, 35.506611236453956 ] } },
{ "type": "Feature", "properties": { "P29_001": "14113", "P29_002": "B114210022080", "P29_003": "16001", "P29_004": "横浜市立鴨居小学校", "P29_005": "神奈川県横浜市緑区鴨居4-7-15", "P29_006": "3", "P29_007": "1", "P29_008": "00", "P29_009": null }, "geometry": { "type": "Point", "coordinates": [ 139.56622332672444, 35.508998748318071 ] } },
{ "type": "Feature", "properties": { "P29_001": "14113", "P29_002": "B114210022106", "P29_003": "16001", "P29_004": "横浜市立十日市場小学校", "P29_005": "神奈川県横浜市緑区十日市場町1392-1", "P29_006": "3", "P29_007": "1", "P29_008": "00", "P29_009": null }, "geometry": { "type": "Point", "coordinates": [ 139.514260378539973, 35.52053777536532 ] } },
{ "type": "Feature", "properties": { "P29_001": "14113", "P29_002": "B114210022124", "P29_003": "16001", "P29_004": "横浜市立長津田第二小学校", "P29_005": "神奈川県横浜市緑区長津田町2469-3", "P29_006": "3", "P29_007": "1", "P29_008": "00", "P29_009": null }, "geometry": { "type": "Point", "coordinates": [ 139.488410798565837, 35.53469786421315 ] } },
{ "type": "Feature", "properties": { "P29_001": "14113", "P29_002": "B114210022133", "P29_003": "16001", "P29_004": "横浜市立中山小学校", "P29_005": "神奈川県横浜市緑区中山4-16-1", "P29_006": "3", "P29_007": "1", "P29_008": "00", "P29_009": null }, "geometry": { "type": "Point", "coordinates": [ 139.548510045219587, 35.510707061007174 ] } },
{ "type": "Feature", "properties": { "P29_001": "14113", "P29_002": "B114210022142", "P29_003": "16001", "P29_004": "横浜市立新治小学校", "P29_005": "神奈川県横浜市緑区新治町768", "P29_006": "3", "P29_007": "1", "P29_008": "00", "P29_009": null }, "geometry": { "type": "Point", "coordinates": [ 139.519912426579793, 35.517517484793956 ] } },
{ "type": "Feature", "properties": { "P29_001": "14113", "P29_002": "B114210022151", "P29_003": "16001", "P29_004": "横浜市立東本郷小学校", "P29_005": "神奈川県横浜市緑区東本郷5-40-1", "P29_006": "3", "P29_007": "1", "P29_008": "00", "P29_009": null }, "geometry": { "type": "Point", "coordinates": [ 139.582120470696964, 35.505076785132147 ] } },
{ "type": "Feature", "properties": { "P29_001": "14113", "P29_002": "B114210022160", "P29_003": "16001", "P29_004": "横浜市立緑小学校", "P29_005": "神奈川県横浜市緑区鴨居5-19-1", "P29_006": "3", "P29_007": "1", "P29_008": "00", "P29_009": null }, "geometry": { "type": "Point", "coordinates": [ 139.560925251049269, 35.505079006848923 ] } },
{ "type": "Feature", "properties": { "P29_001": "14113", "P29_002": "B114210022179", "P29_003": "16001", "P29_004": "横浜市立三保小学校", "P29_005": "神奈川県横浜市緑区三保町1867", "P29_006": "3", "P29_007": "1", "P29_008": "00", "P29_009": null }, "geometry": { "type": "Point", "coordinates": [ 139.526679734645654, 35.515999485966425 ] } },
{ "type": "Feature", "properties": { "P29_001": "14113", "P29_002": "B114210022197", "P29_003": "16001", "P29_004": "横浜市立山下小学校", "P29_005": "神奈川県横浜市緑区北八朔町1865-3", "P29_006": "3", "P29_007": "1", "P29_008": "00", "P29_009": null }, "geometry": { "type": "Point", "coordinates": [ 139.538306190917609, 35.525269019326643 ] } },
{ "type": "Feature", "properties": { "P29_001": "14117", "P29_002": "B114210022213", "P29_003": "16001", "P29_004": "横浜市立青葉台小学校", "P29_005": "神奈川県横浜市青葉区桜台47", "P29_006": "3", "P29_007": "1", "P29_008": "00", "P29_009": null }, "geometry": { "type": "Point", "coordinates": [ 139.509842495458003, 35.551196701642759 ] } },
{ "type": "Feature", "properties": { "P29_001": "14117", "P29_002": "B114210022222", "P29_003": "16001", "P29_004": "横浜市立あざみ野第一小学校", "P29_005": "神奈川県横浜市青葉区あざみ野4-6-1", "P29_006": "3", "P29_007": "1", "P29_008": "00", "P29_009": null }, "geometry": { "type": "Point", "coordinates": [ 139.542371374045558, 35.571889799910323 ] } },
{ "type": "Feature", "properties": { "P29_001": "14117", "P29_002": "B114210022231", "P29_003": "16001", "P29_004": "横浜市立あざみ野第二小学校", "P29_005": "神奈川県横浜市青葉区あざみ野3-29-3", "P29_006": "3", "P29_007": "1", "P29_008": "00", "P29_009": null }, "geometry": { "type": "Point", "coordinates": [ 139.541821842817598, 35.563897009517099 ] } },
{ "type": "Feature", "properties": { "P29_001": "14117", "P29_002": "B114210022240", "P29_003": "16001", "P29_004": "横浜市立市ケ尾小学校", "P29_005": "神奈川県横浜市青葉区市ケ尾町1632-1", "P29_006": "3", "P29_007": "1", "P29_008": "00", "P29_009": null }, "geometry": { "type": "Point", "coordinates": [ 139.540008392980667, 35.556096802851648 ] } },
{ "type": "Feature", "properties": { "P29_001": "14117", "P29_002": "B114210022259", "P29_003": "16001", "P29_004": "横浜市立美しが丘小学校", "P29_005": "神奈川県横浜市青葉区美しが丘2-29", "P29_006": "3", "P29_007": "1", "P29_008": "00", "P29_009": null }, "geometry": { "type": "Point", "coordinates": [ 139.556701572299716, 35.584364559525071 ] } },
{ "type": "Feature", "properties": { "P29_001": "14117", "P29_002": "B114210022268", "P29_003": "16001", "P29_004": "横浜市立美しが丘西小学校", "P29_005": "神奈川県横浜市青葉区美しが丘西2-48-1", "P29_006": "3", "P29_007": "1", "P29_008": "00", "P29_009": null }, "geometry": { "type": "Point", "coordinates": [ 139.53447785102091, 35.590123705558575 ] } },
{ "type": "Feature", "properties": { "P29_001": "14117", "P29_002": "B114210022277", "P29_003": "16001", "P29_004": "横浜市立美しが丘東小学校", "P29_005": "神奈川県横浜市青葉区美しが丘2-25", "P29_006": "3", "P29_007": "1", "P29_008": "00", "P29_009": null }, "geometry": { "type": "Point", "coordinates": [ 139.560418172170813, 35.582393141862511 ] } },
{ "type": "Feature", "properties": { "P29_001": "14117", "P29_002": "B114210022286", "P29_003": "16001", "P29_004": "横浜市立荏子田小学校", "P29_005": "神奈川県横浜市青葉区荏子田3-8-9", "P29_006": "3", "P29_007": "1", "P29_008": "00", "P29_009": null }, "geometry": { "type": "Point", "coordinates": [ 139.535034197355458, 35.575082598589795 ] } },
{ "type": "Feature", "properties": { "P29_001": "14117", "P29_002": "B114210022295", "P29_003": "16001", "P29_004": "横浜市立荏田西小学校", "P29_005": "神奈川県横浜市青葉区荏田西4-5-1", "P29_006": "3", "P29_007": "1", "P29_008": "00", "P29_009": null }, "geometry": { "type": "Point", "coordinates": [ 139.549282339532567, 35.547468189316739 ] } },
{ "type": "Feature", "properties": { "P29_001": "14117", "P29_002": "B114210022302", "P29_003": "16001", "P29_004": "横浜市立榎が丘小学校", "P29_005": "神奈川県横浜市青葉区榎が丘29", "P29_006": "3", "P29_007": "1", "P29_008": "00", "P29_009": null }, "geometry": { "type": "Point", "coordinates": [ 139.509877882301026, 35.541927961185941 ] } },
{ "type": "Feature", "properties": { "P29_001": "14117", "P29_002": "B114210022311", "P29_003": "16001", "P29_004": "横浜市立恩田小学校", "P29_005": "神奈川県横浜市青葉区桂台2-36", "P29_006": "3", "P29_007": "1", "P29_008": "00", "P29_009": null }, "geometry": { "type": "Point", "coordinates": [ 139.499510604126783, 35.55250955801128 ] } },
{ "type": "Feature", "properties": { "P29_001": "14117", "P29_002": "B114210022320", "P29_003": "16001", "P29_004": "横浜市立桂小学校", "P29_005": "神奈川県横浜市青葉区桂台1-4", "P29_006": "3", "P29_007": "1", "P29_008": "00", "P29_009": null }, "geometry": { "type": "Point", "coordinates": [ 139.50516286676455, 35.548346281663648 ] } },
{ "type": "Feature", "properties": { "P29_001": "14117", "P29_002": "B114210022339", "P29_003": "16001", "P29_004": "横浜市立鴨志田第一小学校", "P29_005": "神奈川県横浜市青葉区鴨志田町805-6", "P29_006": "3", "P29_007": "1", "P29_008": "00", "P29_009": null }, "geometry": { "type": "Point", "coordinates": [ 139.509580350466592, 35.557150841796343 ] } },
{ "type": "Feature", "properties": { "P29_001": "14117", "P29_002": "B114210022348", "P29_003": "16001", "P29_004": "横浜市立鴨志田緑小学校", "P29_005": "神奈川県横浜市青葉区鴨志田町532", "P29_006": "3", "P29_007": "1", "P29_008": "00", "P29_009": null }, "geometry": { "type": "Point", "coordinates": [ 139.505296315236109, 35.563902991449496 ] } },
{ "type": "Feature", "properties": { "P29_001": "14117", "P29_002": "B114210022357", "P29_003": "16001", "P29_004": "横浜市立鉄小学校", "P29_005": "神奈川県横浜市青葉区鉄町427", "P29_006": "3", "P29_007": "1", "P29_008": "00", "P29_009": null }, "geometry": { "type": "Point", "coordinates": [ 139.520131081021674, 35.562527798867741 ] } },
{ "type": "Feature", "properties": { "P29_001": "14117", "P29_002": "B114210022366", "P29_003": "16001", "P29_004": "横浜市立黒須田小学校", "P29_005": "神奈川県横浜市青葉区黒須田34-1", "P29_006": "3", "P29_007": "1", "P29_008": "00", "P29_009": null }, "geometry": { "type": "Point", "coordinates": [ 139.533021067740577, 35.568085929419858 ] } },
{ "type": "Feature", "properties": { "P29_001": "14117", "P29_002": "B114210022384", "P29_003": "16001", "P29_004": "横浜市立さつきが丘小学校", "P29_005": "神奈川県横浜市青葉区さつきが丘8", "P29_006": "3", "P29_007": "1", "P29_008": "00", "P29_009": null }, "geometry": { "type": "Point", "coordinates": [ 139.519194682286781, 35.532216494707065 ] } },
{ "type": "Feature", "properties": { "P29_001": "14117", "P29_002": "B114210022393", "P29_003": "16001", "P29_004": "横浜市立新石川小学校", "P29_005": "神奈川県横浜市青葉区新石川3-12-1", "P29_006": "3", "P29_007": "1", "P29_008": "00", "P29_009": null }, "geometry": { "type": "Point", "coordinates": [ 139.562153301851566, 35.576735118814241 ] } },
{ "type": "Feature", "properties": { "P29_001": "14117", "P29_002": "B114210022400", "P29_003": "16001", "P29_004": "横浜市立田奈小学校", "P29_005": "神奈川県横浜市青葉区田奈町51-13", "P29_006": "3", "P29_007": "1", "P29_008": "00", "P29_009": null }, "geometry": { "type": "Point", "coordinates": [ 139.500153587937263, 35.539319644274372 ] } },
{ "type": "Feature", "properties": { "P29_001": "14117", "P29_002": "B114210022419", "P29_003": "16001", "P29_004": "横浜市立つつじが丘小学校", "P29_005": "神奈川県横浜市青葉区つつじが丘34", "P29_006": "3", "P29_007": "1", "P29_008": "00", "P29_009": null }, "geometry": { "type": "Point", "coordinates": [ 139.520146365120581, 35.535970274733238 ] } },
{ "type": "Feature", "properties": { "P29_001": "14117", "P29_002": "B114210022428", "P29_003": "16001", "P29_004": "横浜市立奈良小学校", "P29_005": "神奈川県横浜市青葉区奈良町1541-2", "P29_006": "3", "P29_007": "1", "P29_008": "00", "P29_009": null }, "geometry": { "type": "Point", "coordinates": [ 139.480916750454469, 35.562814755608855 ] } },
{ "type": "Feature", "properties": { "P29_001": "14117", "P29_002": "B114210022437", "P29_003": "16001", "P29_004": "横浜市立奈良の丘小学校", "P29_005": "神奈川県横浜市青葉区奈良2-29-1", "P29_006": "3", "P29_007": "1", "P29_008": "00", "P29_009": null }, "geometry": { "type": "Point", "coordinates": [ 139.486782815759682, 35.55164240169448 ] } },
{ "type": "Feature", "properties": { "P29_001": "14117", "P29_002": "B114210022446", "P29_003": "16001", "P29_004": "横浜市立東市ケ尾小学校", "P29_005": "神奈川県横浜市青葉区市ケ尾町519", "P29_006": "3", "P29_007": "1", "P29_008": "00", "P29_009": null }, "geometry": { "type": "Point", "coordinates": [ 139.546442338397441, 35.543164849111442 ] } },
{ "type": "Feature", "properties": { "P29_001": "14117", "P29_002": "B114210022455", "P29_003": "16001", "P29_004": "横浜市立藤が丘小学校", "P29_005": "神奈川県横浜市青葉区藤が丘2-30-3", "P29_006": "3", "P29_007": "1", "P29_008": "00", "P29_009": null }, "geometry": { "type": "Point", "coordinates": [ 139.526230677409899, 35.539171993348809 ] } },
{ "type": "Feature", "properties": { "P29_001": "14117", "P29_002": "B114210022464", "P29_003": "16001", "P29_004": "横浜市立みたけ台小学校", "P29_005": "神奈川県横浜市青葉区みたけ台18", "P29_006": "3", "P29_007": "1", "P29_008": "00", "P29_009": null }, "geometry": { "type": "Point", "coordinates": [ 139.517092460819271, 35.556593360840424 ] } },
{ "type": "Feature", "properties": { "P29_001": "14117", "P29_002": "B114210022473", "P29_003": "16001", "P29_004": "横浜市立もえぎ野小学校", "P29_005": "神奈川県横浜市青葉区もえぎ野16", "P29_006": "3", "P29_007": "1", "P29_008": "00", "P29_009": null }, "geometry": { "type": "Point", "coordinates": [ 139.523116714201052, 35.5483962236423 ] } },
{ "type": "Feature", "properties": { "P29_001": "14117", "P29_002": "B114210022482", "P29_003": "16001", "P29_004": "横浜市立元石川小学校", "P29_005": "神奈川県横浜市青葉区美しが丘4-31-1", "P29_006": "3", "P29_007": "1", "P29_008": "00", "P29_009": null }, "geometry": { "type": "Point", "coordinates": [ 139.548465716566227, 35.583255793187043 ] } },
{ "type": "Feature", "properties": { "P29_001": "14117", "P29_002": "B114210022491", "P29_003": "16001", "P29_004": "横浜市立山内小学校", "P29_005": "神奈川県横浜市青葉区新石川1-20-1", "P29_006": "3", "P29_007": "1", "P29_008": "00", "P29_009": null }, "geometry": { "type": "Point", "coordinates": [ 139.556758486908194, 35.569090089793235 ] } },
{ "type": "Feature", "properties": { "P29_001": "14117", "P29_002": "B114210022507", "P29_003": "16001", "P29_004": "横浜市立谷本小学校", "P29_005": "神奈川県横浜市青葉区藤が丘1-55-10", "P29_006": "3", "P29_007": "1", "P29_008": "00", "P29_009": null }, "geometry": { "type": "Point", "coordinates": [ 139.53498004684775, 35.543199699422743 ] } },
{ "type": "Feature", "properties": { "P29_001": "14118", "P29_002": "B114210022516", "P29_003": "16001", "P29_004": "横浜市立牛久保小学校", "P29_005": "神奈川県横浜市都筑区牛久保1-23-1", "P29_006": "3", "P29_007": "1", "P29_008": "00", "P29_009": null }, "geometry": { "type": "Point", "coordinates": [ 139.5820010844254, 35.559430159816834 ] } },
{ "type": "Feature", "properties": { "P29_001": "14118", "P29_002": "B114210022525", "P29_003": "16001", "P29_004": "横浜市立荏田小学校", "P29_005": "神奈川県横浜市都筑区荏田南町694", "P29_006": "3", "P29_007": "1", "P29_008": "00", "P29_009": null }, "geometry": { "type": "Point", "coordinates": [ 139.563946675216727, 35.557317370730225 ] } },
{ "type": "Feature", "properties": { "P29_001": "14118", "P29_002": "B114210022534", "P29_003": "16001", "P29_004": "横浜市立荏田東第一小学校", "P29_005": "神奈川県横浜市都筑区荏田東3-5-1", "P29_006": "3", "P29_007": "1", "P29_008": "00", "P29_009": null }, "geometry": { "type": "Point", "coordinates": [ 139.562421222766091, 35.546993122920469 ] } },
{ "type": "Feature", "properties": { "P29_001": "14118", "P29_002": "B114210022543", "P29_003": "16001", "P29_004": "横浜市立荏田南小学校", "P29_005": "神奈川県横浜市都筑区荏田南2-5-2", "P29_006": "3", "P29_007": "1", "P29_008": "00", "P29_009": null }, "geometry": { "type": "Point", "coordinates": [ 139.556439790151757, 35.544549439019796 ] } },
{ "type": "Feature", "properties": { "P29_001": "14118", "P29_002": "B114210022552", "P29_003": "16001", "P29_004": "横浜市立折本小学校", "P29_005": "神奈川県横浜市都筑区折本町1321", "P29_006": "3", "P29_007": "1", "P29_008": "00", "P29_009": null }, "geometry": { "type": "Point", "coordinates": [ 139.594884831277795, 35.52836671979415 ] } },
{ "type": "Feature", "properties": { "P29_001": "14118", "P29_002": "B114210022570", "P29_003": "16001", "P29_004": "横浜市立川和小学校", "P29_005": "神奈川県横浜市都筑区川和町1463", "P29_006": "3", "P29_007": "1", "P29_008": "00", "P29_009": null }, "geometry": { "type": "Point", "coordinates": [ 139.547383240009793, 35.529958011110445 ] } },
{ "type": "Feature", "properties": { "P29_001": "14118", "P29_002": "B114210022589", "P29_003": "16001", "P29_004": "横浜市立川和東小学校", "P29_005": "神奈川県横浜市都筑区富士見が丘21-2", "P29_006": "3", "P29_007": "1", "P29_008": "00", "P29_009": null }, "geometry": { "type": "Point", "coordinates": [ 139.558144535994302, 35.531652334851536 ] } },
{ "type": "Feature", "properties": { "P29_001": "14118", "P29_002": "B114210022598", "P29_003": "16001", "P29_004": "横浜市立北山田小学校", "P29_005": "神奈川県横浜市都筑区北山田5-14-1", "P29_006": "3", "P29_007": "1", "P29_008": "00", "P29_009": null }, "geometry": { "type": "Point", "coordinates": [ 139.585896545100013, 35.564830290183252 ] } },
{ "type": "Feature", "properties": { "P29_001": "14118", "P29_002": "B114210022605", "P29_003": "16001", "P29_004": "横浜市立すみれが丘小学校", "P29_005": "神奈川県横浜市都筑区すみれが丘34", "P29_006": "3", "P29_007": "1", "P29_008": "00", "P29_009": null }, "geometry": { "type": "Point", "coordinates": [ 139.579968250657259, 35.566239497724204 ] } },
{ "type": "Feature", "properties": { "P29_001": "14118", "P29_002": "B114210022614", "P29_003": "16001", "P29_004": "横浜市立茅ケ崎小学校", "P29_005": "神奈川県横浜市都筑区茅ケ崎南1-11-1", "P29_006": "3", "P29_007": "1", "P29_008": "00", "P29_009": null }, "geometry": { "type": "Point", "coordinates": [ 139.580606921038139, 35.540789120587185 ] } },
{ "type": "Feature", "properties": { "P29_001": "14118", "P29_002": "B114210022632", "P29_003": "16001", "P29_004": "横浜市立茅ケ崎東小学校", "P29_005": "神奈川県横浜市都筑区茅ケ崎東2-11-1", "P29_006": "3", "P29_007": "1", "P29_008": "00", "P29_009": null }, "geometry": { "type": "Point", "coordinates": [ 139.581174414482803, 35.542673702749823 ] } },
{ "type": "Feature", "properties": { "P29_001": "14118", "P29_002": "B114210022641", "P29_003": "16001", "P29_004": "横浜市立都田小学校", "P29_005": "神奈川県横浜市都筑区池辺町2831", "P29_006": "3", "P29_007": "1", "P29_008": "00", "P29_009": null }, "geometry": { "type": "Point", "coordinates": [ 139.571528810125272, 35.522440838236342 ] } },
{ "type": "Feature", "properties": { "P29_001": "14118", "P29_002": "B114210022650", "P29_003": "16001", "P29_004": "横浜市立都田西小学校", "P29_005": "神奈川県横浜市都筑区池辺町2452-1", "P29_006": "3", "P29_007": "1", "P29_008": "00", "P29_009": null }, "geometry": { "type": "Point", "coordinates": [ 139.563599861698492, 35.521521917798587 ] } },
{ "type": "Feature", "properties": { "P29_001": "14118", "P29_002": "B114210022669", "P29_003": "16001", "P29_004": "横浜市立都筑小学校", "P29_005": "神奈川県横浜市都筑区中川6-2-1", "P29_006": "3", "P29_007": "1", "P29_008": "00", "P29_009": null }, "geometry": { "type": "Point", "coordinates": [ 139.574892996724429, 35.556371041026907 ] } },
{ "type": "Feature", "properties": { "P29_001": "14118", "P29_002": "B114210022678", "P29_003": "16001", "P29_004": "横浜市立つづきの丘小学校", "P29_005": "神奈川県横浜市都筑区荏田東1-22-1", "P29_006": "3", "P29_007": "1", "P29_008": "00", "P29_009": null }, "geometry": { "type": "Point", "coordinates": [ 139.56546889737993, 35.545792310481481 ] } },
{ "type": "Feature", "properties": { "P29_001": "14118", "P29_002": "B114210022687", "P29_003": "16001", "P29_004": "横浜市立中川小学校", "P29_005": "神奈川県横浜市都筑区牛久保東2-21-1", "P29_006": "3", "P29_007": "1", "P29_008": "00", "P29_009": null }, "geometry": { "type": "Point", "coordinates": [ 139.587487206520251, 35.550467840572594 ] } },
{ "type": "Feature", "properties": { "P29_001": "14118", "P29_002": "B114210022696", "P29_003": "16001", "P29_004": "横浜市立中川西小学校", "P29_005": "神奈川県横浜市都筑区中川1-3-1", "P29_006": "3", "P29_007": "1", "P29_008": "00", "P29_009": null }, "geometry": { "type": "Point", "coordinates": [ 139.569203179261649, 35.560104009663348 ] } },
{ "type": "Feature", "properties": { "P29_001": "14118", "P29_002": "B114210022703", "P29_003": "16001", "P29_004": "横浜市立東山田小学校", "P29_005": "神奈川県横浜市都筑区東山田1-4-1", "P29_006": "3", "P29_007": "1", "P29_008": "00", "P29_009": null }, "geometry": { "type": "Point", "coordinates": [ 139.59660599270282, 35.564301592494758 ] } },
{ "type": "Feature", "properties": { "P29_001": "14118", "P29_002": "B114210022712", "P29_003": "16001", "P29_004": "横浜市立南山田小学校", "P29_005": "神奈川県横浜市都筑区南山田2-27-1", "P29_006": "3", "P29_007": "1", "P29_008": "00", "P29_009": null }, "geometry": { "type": "Point", "coordinates": [ 139.589284837994541, 35.557566501816616 ] } },
{ "type": "Feature", "properties": { "P29_001": "14118", "P29_002": "B114210022721", "P29_003": "16001", "P29_004": "横浜市立山田小学校", "P29_005": "神奈川県横浜市都筑区東山田3-29-1", "P29_006": "3", "P29_007": "1", "P29_008": "00", "P29_009": null }, "geometry": { "type": "Point", "coordinates": [ 139.603220037042234, 35.560056360390774 ] } },
{ "type": "Feature", "properties": { "P29_001": "14110", "P29_002": "B114210022730", "P29_003": "16001", "P29_004": "横浜市立秋葉小学校", "P29_005": "神奈川県横浜市戸塚区秋葉町392-1", "P29_006": "3", "P29_007": "1", "P29_008": "00", "P29_009": null }, "geometry": { "type": "Point", "coordinates": [ 139.544596030268792, 35.421233465961926 ] } },
{ "type": "Feature", "properties": { "P29_001": "14110", "P29_002": "B114210022749", "P29_003": "16001", "P29_004": "横浜市立柏尾小学校", "P29_005": "神奈川県横浜市戸塚区柏尾町1317", "P29_006": "3", "P29_007": "1", "P29_008": "00", "P29_009": null }, "geometry": { "type": "Point", "coordinates": [ 139.551922406440127, 35.414894635158163 ] } },
{ "type": "Feature", "properties": { "P29_001": "14110", "P29_002": "B114210022758", "P29_003": "16001", "P29_004": "横浜市立上矢部小学校", "P29_005": "神奈川県横浜市戸塚区上矢部町1463-4", "P29_006": "3", "P29_007": "1", "P29_008": "00", "P29_009": null }, "geometry": { "type": "Point", "coordinates": [ 139.528449454894229, 35.42350665464366 ] } },
{ "type": "Feature", "properties": { "P29_001": "14110", "P29_002": "B114210022767", "P29_003": "16001", "P29_004": "横浜市立川上小学校", "P29_005": "神奈川県横浜市戸塚区秋葉町203-2", "P29_006": "3", "P29_007": "1", "P29_008": "00", "P29_009": null }, "geometry": { "type": "Point", "coordinates": [ 139.545114708008583, 35.426588360518686 ] } },
{ "type": "Feature", "properties": { "P29_001": "14110", "P29_002": "B114210022776", "P29_003": "16001", "P29_004": "横浜市立川上北小学校", "P29_005": "神奈川県横浜市戸塚区川上町63-1", "P29_006": "3", "P29_007": "1", "P29_008": "00", "P29_009": null }, "geometry": { "type": "Point", "coordinates": [ 139.554208413500248, 35.429072879038024 ] } },
{ "type": "Feature", "properties": { "P29_001": "14110", "P29_002": "B114210022785", "P29_003": "16001", "P29_004": "横浜市立汲沢小学校", "P29_005": "神奈川県横浜市戸塚区汲沢3-6-1", "P29_006": "3", "P29_007": "1", "P29_008": "00", "P29_009": null }, "geometry": { "type": "Point", "coordinates": [ 139.514183127767268, 35.397732026609468 ] } },
{ "type": "Feature", "properties": { "P29_001": "14110", "P29_002": "B114210022794", "P29_003": "16001", "P29_004": "横浜市立倉田小学校", "P29_005": "神奈川県横浜市戸塚区上倉田町1426-6", "P29_006": "3", "P29_007": "1", "P29_008": "00", "P29_009": null }, "geometry": { "type": "Point", "coordinates": [ 139.541085846517603, 35.389531598465084 ] } },
{ "type": "Feature", "properties": { "P29_001": "14110", "P29_002": "B114210022801", "P29_003": "16001", "P29_004": "横浜市立小雀小学校", "P29_005": "神奈川県横浜市戸塚区小雀町1845", "P29_006": "3", "P29_007": "1", "P29_008": "00", "P29_009": null }, "geometry": { "type": "Point", "coordinates": [ 139.5115970309472, 35.376986833967145 ] } },
{ "type": "Feature", "properties": { "P29_001": "14110", "P29_002": "B114210022810", "P29_003": "16001", "P29_004": "横浜市立境木小学校", "P29_005": "神奈川県横浜市戸塚区平戸3-48-1", "P29_006": "3", "P29_007": "1", "P29_008": "00", "P29_009": null }, "geometry": { "type": "Point", "coordinates": [ 139.568461781930921, 35.436872625878145 ] } },
{ "type": "Feature", "properties": { "P29_001": "14110", "P29_002": "B114210022829", "P29_003": "16001", "P29_004": "横浜市立品濃小学校", "P29_005": "神奈川県横浜市戸塚区品濃町504-1", "P29_006": "3", "P29_007": "1", "P29_008": "00", "P29_009": null }, "geometry": { "type": "Point", "coordinates": [ 139.557366647920645, 35.426206289982822 ] } },
{ "type": "Feature", "properties": { "P29_001": "14110", "P29_002": "B114210022838", "P29_003": "16001", "P29_004": "横浜市立下郷小学校", "P29_005": "神奈川県横浜市戸塚区戸塚町2447-2", "P29_006": "3", "P29_007": "1", "P29_008": "00", "P29_009": null }, "geometry": { "type": "Point", "coordinates": [ 139.523966189997878, 35.386360264855441 ] } },
{ "type": "Feature", "properties": { "P29_001": "14110", "P29_002": "B114210022847", "P29_003": "16001", "P29_004": "横浜市立大正小学校", "P29_005": "神奈川県横浜市戸塚区原宿4-17-1", "P29_006": "3", "P29_007": "1", "P29_008": "00", "P29_009": null }, "geometry": { "type": "Point", "coordinates": [ 139.503256169667651, 35.379543788957172 ] } },
{ "type": "Feature", "properties": { "P29_001": "14110", "P29_002": "B114210022856", "P29_003": "16001", "P29_004": "横浜市立戸塚小学校", "P29_005": "神奈川県横浜市戸塚区戸塚町132", "P29_006": "3", "P29_007": "1", "P29_008": "00", "P29_009": null }, "geometry": { "type": "Point", "coordinates": [ 139.532478357756275, 35.397312991308866 ] } },
{ "type": "Feature", "properties": { "P29_001": "14110", "P29_002": "B114210022865", "P29_003": "16001", "P29_004": "横浜市立鳥が丘小学校", "P29_005": "神奈川県横浜市戸塚区鳥が丘53", "P29_006": "3", "P29_007": "1", "P29_008": "00", "P29_009": null }, "geometry": { "type": "Point", "coordinates": [ 139.522165318280514, 35.41106812467315 ] } },
{ "type": "Feature", "properties": { "P29_001": "14110", "P29_002": "B114210022874", "P29_003": "16001", "P29_004": "横浜市立名瀬小学校", "P29_005": "神奈川県横浜市戸塚区名瀬町776", "P29_006": "3", "P29_007": "1", "P29_008": "00", "P29_009": null }, "geometry": { "type": "Point", "coordinates": [ 139.541138948147477, 35.431082161119164 ] } },
{ "type": "Feature", "properties": { "P29_001": "14110", "P29_002": "B114210022883", "P29_003": "16001", "P29_004": "横浜市立東汲沢小学校", "P29_005": "神奈川県横浜市戸塚区汲沢1-16-1", "P29_006": "3", "P29_007": "1", "P29_008": "00", "P29_009": null }, "geometry": { "type": "Point", "coordinates": [ 139.521284265284663, 35.399251009923546 ] } },
{ "type": "Feature", "properties": { "P29_001": "14110", "P29_002": "B114210022892", "P29_003": "16001", "P29_004": "横浜市立東品濃小学校", "P29_005": "神奈川県横浜市戸塚区品濃町559", "P29_006": "3", "P29_007": "1", "P29_008": "00", "P29_009": null }, "geometry": { "type": "Point", "coordinates": [ 139.5606764817162, 35.434037127722291 ] } },
{ "type": "Feature", "properties": { "P29_001": "14110", "P29_002": "B114210022909", "P29_003": "16001", "P29_004": "横浜市立東戸塚小学校", "P29_005": "神奈川県横浜市戸塚区吉田町88", "P29_006": "3", "P29_007": "1", "P29_008": "00", "P29_009": null }, "geometry": { "type": "Point", "coordinates": [ 139.538323154772684, 35.401737241420733 ] } },
{ "type": "Feature", "properties": { "P29_001": "14110", "P29_002": "B114210022918", "P29_003": "16001", "P29_004": "横浜市立東俣野小学校", "P29_005": "神奈川県横浜市戸塚区東俣野町1103-1", "P29_006": "3", "P29_007": "1", "P29_008": "00", "P29_009": null }, "geometry": { "type": "Point", "coordinates": [ 139.496117276191882, 35.368006142741621 ] } },
{ "type": "Feature", "properties": { "P29_001": "14110", "P29_002": "B114210022936", "P29_003": "16001", "P29_004": "横浜市立平戸台小学校", "P29_005": "神奈川県横浜市戸塚区平戸町1165", "P29_006": "3", "P29_007": "1", "P29_008": "00", "P29_009": null }, "geometry": { "type": "Point", "coordinates": [ 139.567932611000259, 35.423133372240414 ] } },
{ "type": "Feature", "properties": { "P29_001": "14110", "P29_002": "B114210022954", "P29_003": "16001", "P29_004": "横浜市立舞岡小学校", "P29_005": "神奈川県横浜市戸塚区舞岡町534", "P29_006": "3", "P29_007": "1", "P29_008": "00", "P29_009": null }, "geometry": { "type": "Point", "coordinates": [ 139.550774398402609, 35.407092485507533 ] } },
{ "type": "Feature", "properties": { "P29_001": "14110", "P29_002": "B114210022963", "P29_003": "16001", "P29_004": "横浜市立南戸塚小学校", "P29_005": "神奈川県横浜市戸塚区戸塚町2790-3", "P29_006": "3", "P29_007": "1", "P29_008": "00", "P29_009": null }, "geometry": { "type": "Point", "coordinates": [ 139.525766271804173, 35.38822422794744 ] } },
{ "type": "Feature", "properties": { "P29_001": "14110", "P29_002": "B114210022972", "P29_003": "16001", "P29_004": "横浜市立南舞岡小学校", "P29_005": "神奈川県横浜市戸塚区南舞岡4-15-1", "P29_006": "3", "P29_007": "1", "P29_008": "00", "P29_009": null }, "geometry": { "type": "Point", "coordinates": [ 139.55467562607916, 35.388947598281995 ] } },
{ "type": "Feature", "properties": { "P29_001": "14110", "P29_002": "B114210022981", "P29_003": "16001", "P29_004": "横浜市立矢部小学校", "P29_005": "神奈川県横浜市戸塚区矢部町1698", "P29_006": "3", "P29_007": "1", "P29_008": "00", "P29_009": null }, "geometry": { "type": "Point", "coordinates": [ 139.523245461028722, 35.40722013267812 ] } },
{ "type": "Feature", "properties": { "P29_001": "14115", "P29_002": "B114210023007", "P29_003": "16001", "P29_004": "横浜市立飯島小学校", "P29_005": "神奈川県横浜市栄区飯島町771-2", "P29_006": "3", "P29_007": "1", "P29_008": "00", "P29_009": null }, "geometry": { "type": "Point", "coordinates": [ 139.535276945124878, 35.373272126905462 ] } },
{ "type": "Feature", "properties": { "P29_001": "14115", "P29_002": "B114210023016", "P29_003": "16001", "P29_004": "横浜市立笠間小学校", "P29_005": "神奈川県横浜市栄区笠間3-28-1", "P29_006": "3", "P29_007": "1", "P29_008": "00", "P29_009": null }, "geometry": { "type": "Point", "coordinates": [ 139.532067249332641, 35.361972719597254 ] } },
{ "type": "Feature", "properties": { "P29_001": "14115", "P29_002": "B114210023025", "P29_003": "16001", "P29_004": "横浜市立桂台小学校", "P29_005": "神奈川県横浜市栄区桂台南1-1-1", "P29_006": "3", "P29_007": "1", "P29_008": "00", "P29_009": null }, "geometry": { "type": "Point", "coordinates": [ 139.563913867849806, 35.352702204994849 ] } },
{ "type": "Feature", "properties": { "P29_001": "14115", "P29_002": "B114210023034", "P29_003": "16001", "P29_004": "横浜市立上郷小学校", "P29_005": "神奈川県横浜市栄区犬山町6-1", "P29_006": "3", "P29_007": "1", "P29_008": "00", "P29_009": null }, "geometry": { "type": "Point", "coordinates": [ 139.572111596563786, 35.357441218637788 ] } },
{ "type": "Feature", "properties": { "P29_001": "14115", "P29_002": "B114210023052", "P29_003": "16001", "P29_004": "横浜市立小菅ケ谷小学校", "P29_005": "神奈川県横浜市栄区本郷台4-31-1", "P29_006": "3", "P29_007": "1", "P29_008": "00", "P29_009": null }, "geometry": { "type": "Point", "coordinates": [ 139.548207866124699, 35.377049136551499 ] } },
{ "type": "Feature", "properties": { "P29_001": "14115", "P29_002": "B114210023061", "P29_003": "16001", "P29_004": "横浜市立小山台小学校", "P29_005": "神奈川県横浜市栄区小山台1-15-1", "P29_006": "3", "P29_007": "1", "P29_008": "00", "P29_009": null }, "geometry": { "type": "Point", "coordinates": [ 139.557665127129638, 35.380199723432675 ] } },
{ "type": "Feature", "properties": { "P29_001": "14115", "P29_002": "B114210023070", "P29_003": "16001", "P29_004": "横浜市立桜井小学校", "P29_005": "神奈川県横浜市栄区上郷町242-2", "P29_006": "3", "P29_007": "1", "P29_008": "00", "P29_009": null }, "geometry": { "type": "Point", "coordinates": [ 139.572261367784506, 35.366190512040447 ] } },
{ "type": "Feature", "properties": { "P29_001": "14115", "P29_002": "B114210023089", "P29_003": "16001", "P29_004": "横浜市立庄戸小学校", "P29_005": "神奈川県横浜市栄区庄戸1-15-1", "P29_006": "3", "P29_007": "1", "P29_008": "00", "P29_009": null }, "geometry": { "type": "Point", "coordinates": [ 139.584365222829035, 35.353172377226244 ] } },
{ "type": "Feature", "properties": { "P29_001": "14115", "P29_002": "B114210023098", "P29_003": "16001", "P29_004": "横浜市立千秀小学校", "P29_005": "神奈川県横浜市栄区田谷町1832", "P29_006": "3", "P29_007": "1", "P29_008": "00", "P29_009": null }, "geometry": { "type": "Point", "coordinates": [ 139.519832119425132, 35.371606568287127 ] } },
{ "type": "Feature", "properties": { "P29_001": "14115", "P29_002": "B114210023105", "P29_003": "16001", "P29_004": "横浜市立豊田小学校", "P29_005": "神奈川県横浜市栄区長沼町125-4", "P29_006": "3", "P29_007": "1", "P29_008": "00", "P29_009": null }, "geometry": { "type": "Point", "coordinates": [ 139.536016161428222, 35.382587976086938 ] } },
{ "type": "Feature", "properties": { "P29_001": "14115", "P29_002": "B114210023114", "P29_003": "16001", "P29_004": "横浜市立西本郷小学校", "P29_005": "神奈川県横浜市栄区小菅ケ谷2-22-1", "P29_006": "3", "P29_007": "1", "P29_008": "00", "P29_009": null }, "geometry": { "type": "Point", "coordinates": [ 139.542078970450035, 35.365815579536473 ] } },
{ "type": "Feature", "properties": { "P29_001": "14115", "P29_002": "B114210023123", "P29_003": "16001", "P29_004": "横浜市立本郷小学校", "P29_005": "神奈川県横浜市栄区中野町16-1", "P29_006": "3", "P29_007": "1", "P29_008": "00", "P29_009": null }, "geometry": { "type": "Point", "coordinates": [ 139.561766139311004, 35.36315272478987 ] } },
{ "type": "Feature", "properties": { "P29_001": "14115", "P29_002": "B114210023132", "P29_003": "16001", "P29_004": "横浜市立本郷台小学校", "P29_005": "神奈川県横浜市栄区本郷台1-6-1", "P29_006": "3", "P29_007": "1", "P29_008": "00", "P29_009": null }, "geometry": { "type": "Point", "coordinates": [ 139.549167916532355, 35.371393846000828 ] } },
{ "type": "Feature", "properties": { "P29_001": "14116", "P29_002": "B114210023141", "P29_003": "16001", "P29_004": "横浜市立飯田北いちょう小学校", "P29_005": "神奈川県横浜市泉区上飯田町3795", "P29_006": "3", "P29_007": "1", "P29_008": "00", "P29_009": null }, "geometry": { "type": "Point", "coordinates": [ 139.481543485334157, 35.434432308123988 ] } },
{ "type": "Feature", "properties": { "P29_001": "14116", "P29_002": "B114210023150", "P29_003": "16001", "P29_004": "横浜市立和泉小学校", "P29_005": "神奈川県横浜市泉区和泉中央北1-31-13", "P29_006": "3", "P29_007": "1", "P29_008": "00", "P29_009": null }, "geometry": { "type": "Point", "coordinates": [ 139.496230173845504, 35.422795338139515 ] } },
{ "type": "Feature", "properties": { "P29_001": "14116", "P29_002": "B114210023169", "P29_003": "16001", "P29_004": "横浜市立いずみ野小学校", "P29_005": "神奈川県横浜市泉区和泉町6211", "P29_006": "3", "P29_007": "1", "P29_008": "00", "P29_009": null }, "geometry": { "type": "Point", "coordinates": [ 139.494606534911895, 35.434321633924334 ] } },
{ "type": "Feature", "properties": { "P29_001": "14116", "P29_002": "B114210023178", "P29_003": "16001", "P29_004": "横浜市立伊勢山小学校", "P29_005": "神奈川県横浜市泉区和泉中央南2-27-1", "P29_006": "3", "P29_007": "1", "P29_008": "00", "P29_009": null }, "geometry": { "type": "Point", "coordinates": [ 139.496875138167809, 35.410846674686006 ] } },
{ "type": "Feature", "properties": { "P29_001": "14116", "P29_002": "B114210023187", "P29_003": "16001", "P29_004": "横浜市立岡津小学校", "P29_005": "神奈川県横浜市泉区岡津町2311", "P29_006": "3", "P29_007": "1", "P29_008": "00", "P29_009": null }, "geometry": { "type": "Point", "coordinates": [ 139.524477067859863, 35.428283260655959 ] } },
{ "type": "Feature", "properties": { "P29_001": "14116", "P29_002": "B114210023203", "P29_003": "16001", "P29_004": "横浜市立葛野小学校", "P29_005": "神奈川県横浜市泉区中田南5-15-1", "P29_006": "3", "P29_007": "1", "P29_008": "00", "P29_009": null }, "geometry": { "type": "Point", "coordinates": [ 139.508327565111273, 35.403814147245676 ] } },
{ "type": "Feature", "properties": { "P29_001": "14116", "P29_002": "B114210023212", "P29_003": "16001", "P29_004": "横浜市立下和泉小学校", "P29_005": "神奈川県横浜市泉区和泉町1436", "P29_006": "3", "P29_007": "1", "P29_008": "00", "P29_009": null }, "geometry": { "type": "Point", "coordinates": [ 139.493214340278683, 35.401294748815609 ] } },
{ "type": "Feature", "properties": { "P29_001": "14116", "P29_002": "B114210023221", "P29_003": "16001", "P29_004": "横浜市立新橋小学校", "P29_005": "神奈川県横浜市泉区新橋町909", "P29_006": "3", "P29_007": "1", "P29_008": "00", "P29_009": null }, "geometry": { "type": "Point", "coordinates": [ 139.506666175308936, 35.434378534144599 ] } },
{ "type": "Feature", "properties": { "P29_001": "14116", "P29_002": "B114210023230", "P29_003": "16001", "P29_004": "横浜市立中田小学校", "P29_005": "神奈川県横浜市泉区中田南4-4-1", "P29_006": "3", "P29_007": "1", "P29_008": "00", "P29_009": null }, "geometry": { "type": "Point", "coordinates": [ 139.508092902101254, 35.410546124704837 ] } },
{ "type": "Feature", "properties": { "P29_001": "14116", "P29_002": "B114210023249", "P29_003": "16001", "P29_004": "横浜市立中和田小学校", "P29_005": "神奈川県横浜市泉区和泉中央南4-9-1", "P29_006": "3", "P29_007": "1", "P29_008": "00", "P29_009": null }, "geometry": { "type": "Point", "coordinates": [ 139.491076222260091, 35.415875691235044 ] } },
{ "type": "Feature", "properties": { "P29_001": "14116", "P29_002": "B114210023258", "P29_003": "16001", "P29_004": "横浜市立中和田南小学校", "P29_005": "神奈川県横浜市泉区和泉町987", "P29_006": "3", "P29_007": "1", "P29_008": "00", "P29_009": null }, "geometry": { "type": "Point", "coordinates": [ 139.484340857538172, 35.398256174816417 ] } },
{ "type": "Feature", "properties": { "P29_001": "14116", "P29_002": "B114210023267", "P29_003": "16001", "P29_004": "横浜市立西が岡小学校", "P29_005": "神奈川県横浜市泉区西が岡3-12-11", "P29_006": "3", "P29_007": "1", "P29_008": "00", "P29_009": null }, "geometry": { "type": "Point", "coordinates": [ 139.515814588114836, 35.418907453158226 ] } },
{ "type": "Feature", "properties": { "P29_001": "14116", "P29_002": "B114210023276", "P29_003": "16001", "P29_004": "横浜市立東中田小学校", "P29_005": "神奈川県横浜市泉区中田東4-43-1", "P29_006": "3", "P29_007": "1", "P29_008": "00", "P29_009": null }, "geometry": { "type": "Point", "coordinates": [ 139.511756484345455, 35.41758308602757 ] } },
{ "type": "Feature", "properties": { "P29_001": "14114", "P29_002": "B114210023301", "P29_003": "16001", "P29_004": "横浜市立相沢小学校", "P29_005": "神奈川県横浜市瀬谷区相沢2-56-1", "P29_006": "3", "P29_007": "1", "P29_008": "00", "P29_009": null }, "geometry": { "type": "Point", "coordinates": [ 139.489890562249911, 35.475479485776837 ] } },
{ "type": "Feature", "properties": { "P29_001": "14114", "P29_002": "B114210023338", "P29_003": "16001", "P29_004": "横浜市立瀬谷小学校", "P29_005": "神奈川県横浜市瀬谷区相沢4-1-1", "P29_006": "3", "P29_007": "1", "P29_008": "00", "P29_009": null }, "geometry": { "type": "Point", "coordinates": [ 139.484299325340345, 35.472281961061199 ] } },
{ "type": "Feature", "properties": { "P29_001": "14114", "P29_002": "B114210023347", "P29_003": "16001", "P29_004": "横浜市立瀬谷さくら小学校", "P29_005": "神奈川県横浜市瀬谷区下瀬谷3-58-1", "P29_006": "3", "P29_007": "1", "P29_008": "00", "P29_009": null }, "geometry": { "type": "Point", "coordinates": [ 139.481317311148842, 35.451390811210977 ] } },
{ "type": "Feature", "properties": { "P29_001": "14114", "P29_002": "B114210023356", "P29_003": "16001", "P29_004": "横浜市立瀬谷第二小学校", "P29_005": "神奈川県横浜市瀬谷区橋戸2-41-1", "P29_006": "3", "P29_007": "1", "P29_008": "00", "P29_009": null }, "geometry": { "type": "Point", "coordinates": [ 139.482024781986468, 35.460847019353736 ] } },
{ "type": "Feature", "properties": { "P29_001": "14114", "P29_002": "B114210023365", "P29_003": "16001", "P29_004": "横浜市立大門小学校", "P29_005": "神奈川県横浜市瀬谷区本郷3-47-5", "P29_006": "3", "P29_007": "1", "P29_008": "00", "P29_009": null }, "geometry": { "type": "Point", "coordinates": [ 139.475184651254182, 35.47157965924977 ] } },
{ "type": "Feature", "properties": { "P29_001": "14114", "P29_002": "B114210023374", "P29_003": "16001", "P29_004": "横浜市立原小学校", "P29_005": "神奈川県横浜市瀬谷区阿久和東4-33-1", "P29_006": "3", "P29_007": "1", "P29_008": "00", "P29_009": null }, "geometry": { "type": "Point", "coordinates": [ 139.500518878459332, 35.44747661759169 ] } },
{ "type": "Feature", "properties": { "P29_001": "14114", "P29_002": "B114210023383", "P29_003": "16001", "P29_004": "横浜市立二つ橋小学校", "P29_005": "神奈川県横浜市瀬谷区二ツ橋町507", "P29_006": "3", "P29_007": "1", "P29_008": "00", "P29_009": null }, "geometry": { "type": "Point", "coordinates": [ 139.497400797891743, 35.472866253363883 ] } },
{ "type": "Feature", "properties": { "P29_001": "14114", "P29_002": "B114210023392", "P29_003": "16001", "P29_004": "横浜市立三ツ境小学校", "P29_005": "神奈川県横浜市瀬谷区三ツ境157", "P29_006": "3", "P29_007": "1", "P29_008": "00", "P29_009": null }, "geometry": { "type": "Point", "coordinates": [ 139.498175377727193, 35.460551215020814 ] } },
{ "type": "Feature", "properties": { "P29_001": "14114", "P29_002": "B114210023409", "P29_003": "16001", "P29_004": "横浜市立南瀬谷小学校", "P29_005": "神奈川県横浜市瀬谷区南瀬谷1-1-1", "P29_006": "3", "P29_007": "1", "P29_008": "00", "P29_009": null }, "geometry": { "type": "Point", "coordinates": [ 139.486795338080839, 35.457407849919939 ] } },
{ "type": "Feature", "properties": { "P29_001": "14131", "P29_002": "B114213020013", "P29_003": "16001", "P29_004": "川崎市立殿町小学校", "P29_005": "神奈川県川崎市川崎区殿町1-17-19", "P29_006": "3", "P29_007": "1", "P29_008": "00", "P29_009": null }, "geometry": { "type": "Point", "coordinates": [ 139.745435612858557, 35.537537831660309 ] } },
{ "type": "Feature", "properties": { "P29_001": "14131", "P29_002": "B114213020022", "P29_003": "16001", "P29_004": "川崎市立四谷小学校", "P29_005": "神奈川県川崎市川崎区四谷下町4-1", "P29_006": "3", "P29_007": "1", "P29_008": "00", "P29_009": null }, "geometry": { "type": "Point", "coordinates": [ 139.737699589923665, 35.52676258534224 ] } },
{ "type": "Feature", "properties": { "P29_001": "14131", "P29_002": "B114213020031", "P29_003": "16001", "P29_004": "川崎市立東門前小学校", "P29_005": "神奈川県川崎市川崎区東門前3-4-6", "P29_006": "3", "P29_007": "1", "P29_008": "00", "P29_009": null }, "geometry": { "type": "Point", "coordinates": [ 139.735607380856038, 35.536355344792064 ] } },
{ "type": "Feature", "properties": { "P29_001": "14131", "P29_002": "B114213020040", "P29_003": "16001", "P29_004": "川崎市立大師小学校", "P29_005": "神奈川県川崎市川崎区東門前2-6-1", "P29_006": "3", "P29_007": "1", "P29_008": "00", "P29_009": null }, "geometry": { "type": "Point", "coordinates": [ 139.735291370933396, 35.533344474125393 ] } },
{ "type": "Feature", "properties": { "P29_001": "14131", "P29_002": "B114213020068", "P29_003": "16001", "P29_004": "川崎市立藤崎小学校", "P29_005": "神奈川県川崎市川崎区藤崎3-2-1", "P29_006": "3", "P29_007": "1", "P29_008": "00", "P29_009": null }, "geometry": { "type": "Point", "coordinates": [ 139.724972867358503, 35.52563218808109 ] } },
{ "type": "Feature", "properties": { "P29_001": "14131", "P29_002": "B114213020086", "P29_003": "16001", "P29_004": "川崎市立大島小学校", "P29_005": "神奈川県川崎市川崎区浜町1-5-1", "P29_006": "3", "P29_007": "1", "P29_008": "00", "P29_009": null }, "geometry": { "type": "Point", "coordinates": [ 139.716949072143166, 35.517007941205343 ] } },
{ "type": "Feature", "properties": { "P29_001": "14131", "P29_002": "B114213020095", "P29_003": "16001", "P29_004": "川崎市立渡田小学校", "P29_005": "神奈川県川崎市川崎区田島町14-1", "P29_006": "3", "P29_007": "1", "P29_008": "00", "P29_009": null }, "geometry": { "type": "Point", "coordinates": [ 139.709817840831448, 35.516346685493517 ] } },
{ "type": "Feature", "properties": { "P29_001": "14131", "P29_002": "B114213020102", "P29_003": "16001", "P29_004": "川崎市立東小田小学校", "P29_005": "神奈川県川崎市川崎区小田5-11-20", "P29_006": "3", "P29_007": "1", "P29_008": "00", "P29_009": null }, "geometry": { "type": "Point", "coordinates": [ 139.70704860378936, 35.512173295797915 ] } },
{ "type": "Feature", "properties": { "P29_001": "14131", "P29_002": "B114213020111", "P29_003": "16001", "P29_004": "川崎市立小田小学校", "P29_005": "神奈川県川崎市川崎区小田4-12-24", "P29_006": "3", "P29_007": "1", "P29_008": "00", "P29_009": null }, "geometry": { "type": "Point", "coordinates": [ 139.702124429726467, 35.511456144451834 ] } },
{ "type": "Feature", "properties": { "P29_001": "14131", "P29_002": "B114213020120", "P29_003": "16001", "P29_004": "川崎市立浅田小学校", "P29_005": "神奈川県川崎市川崎区浅田2-11-21", "P29_006": "3", "P29_007": "1", "P29_008": "00", "P29_009": null }, "geometry": { "type": "Point", "coordinates": [ 139.702841914091493, 35.50706241546532 ] } },
{ "type": "Feature", "properties": { "P29_001": "14131", "P29_002": "B114213020139", "P29_003": "16001", "P29_004": "川崎市立東大島小学校", "P29_005": "神奈川県川崎市川崎区大島5-25-1", "P29_006": "3", "P29_007": "1", "P29_008": "00", "P29_009": null }, "geometry": { "type": "Point", "coordinates": [ 139.719743210844626, 35.523585090530744 ] } },
{ "type": "Feature", "properties": { "P29_001": "14131", "P29_002": "B114213020148", "P29_003": "16001", "P29_004": "川崎市立向小学校", "P29_005": "神奈川県川崎市川崎区大島4-17-1", "P29_006": "3", "P29_007": "1", "P29_008": "00", "P29_009": null }, "geometry": { "type": "Point", "coordinates": [ 139.715440613336284, 35.524249623569972 ] } },
{ "type": "Feature", "properties": { "P29_001": "14131", "P29_002": "B114213020157", "P29_003": "16001", "P29_004": "川崎市立田島小学校", "P29_005": "神奈川県川崎市川崎区渡田1-20-1", "P29_006": "3", "P29_007": "1", "P29_008": "00", "P29_009": null }, "geometry": { "type": "Point", "coordinates": [ 139.708445848518238, 35.521919962996392 ] } },
{ "type": "Feature", "properties": { "P29_001": "14131", "P29_002": "B114213020166", "P29_003": "16001", "P29_004": "川崎市立新町小学校", "P29_005": "神奈川県川崎市川崎区渡田新町3-15-1", "P29_006": "3", "P29_007": "1", "P29_008": "00", "P29_009": null }, "geometry": { "type": "Point", "coordinates": [ 139.700731162283091, 35.518181751756494 ] } },
{ "type": "Feature", "properties": { "P29_001": "14131", "P29_002": "B114213020175", "P29_003": "16001", "P29_004": "川崎市立旭町小学校", "P29_005": "神奈川県川崎市川崎区旭町2-2-1", "P29_006": "3", "P29_007": "1", "P29_008": "00", "P29_009": null }, "geometry": { "type": "Point", "coordinates": [ 139.714893249599697, 35.531840397724345 ] } },
{ "type": "Feature", "properties": { "P29_001": "14131", "P29_002": "B114213020184", "P29_003": "16001", "P29_004": "川崎市立宮前小学校", "P29_005": "神奈川県川崎市川崎区宮前町8-13", "P29_006": "3", "P29_007": "1", "P29_008": "00", "P29_009": null }, "geometry": { "type": "Point", "coordinates": [ 139.705817890877171, 35.52879208169589 ] } },
{ "type": "Feature", "properties": { "P29_001": "14131", "P29_002": "B114213020193", "P29_003": "16001", "P29_004": "川崎市立川崎小学校", "P29_005": "神奈川県川崎市川崎区日進町20-1", "P29_006": "3", "P29_007": "1", "P29_008": "00", "P29_009": null }, "geometry": { "type": "Point", "coordinates": [ 139.695245656039077, 35.524760196903081 ] } },
{ "type": "Feature", "properties": { "P29_001": "14131", "P29_002": "B114213020200", "P29_003": "16001", "P29_004": "川崎市立京町小学校", "P29_005": "神奈川県川崎市川崎区京町1-1-4", "P29_006": "3", "P29_007": "1", "P29_008": "00", "P29_009": null }, "geometry": { "type": "Point", "coordinates": [ 139.692296520560404, 35.519074364742728 ] } },
{ "type": "Feature", "properties": { "P29_001": "14132", "P29_002": "B114213020219", "P29_003": "16001", "P29_004": "川崎市立幸町小学校", "P29_005": "神奈川県川崎市幸区中幸町2-17", "P29_006": "3", "P29_007": "1", "P29_008": "00", "P29_009": null }, "geometry": { "type": "Point", "coordinates": [ 139.69393133671457, 35.538295205315158 ] } },
{ "type": "Feature", "properties": { "P29_001": "14132", "P29_002": "B114213020237", "P29_003": "16001", "P29_004": "川崎市立御幸小学校", "P29_005": "神奈川県川崎市幸区遠藤町1", "P29_006": "3", "P29_007": "1", "P29_008": "00", "P29_009": null }, "geometry": { "type": "Point", "coordinates": [ 139.691841614365558, 35.543356375026129 ] } },
{ "type": "Feature", "properties": { "P29_001": "14132", "P29_002": "B114213020246", "P29_003": "16001", "P29_004": "川崎市立西御幸小学校", "P29_005": "神奈川県川崎市幸区小向西町4-30", "P29_006": "3", "P29_007": "1", "P29_008": "00", "P29_009": null }, "geometry": { "type": "Point", "coordinates": [ 139.688604874026936, 35.546229128308276 ] } },
{ "type": "Feature", "properties": { "P29_001": "14132", "P29_002": "B114213020255", "P29_003": "16001", "P29_004": "川崎市立戸手小学校", "P29_005": "神奈川県川崎市幸区戸手本町1-165", "P29_006": "3", "P29_007": "1", "P29_008": "00", "P29_009": null }, "geometry": { "type": "Point", "coordinates": [ 139.68538613834653, 35.542297763799844 ] } },
{ "type": "Feature", "properties": { "P29_001": "14132", "P29_002": "B114213020264", "P29_003": "16001", "P29_004": "川崎市立古川小学校", "P29_005": "神奈川県川崎市幸区古川町70", "P29_006": "3", "P29_007": "1", "P29_008": "00", "P29_009": null }, "geometry": { "type": "Point", "coordinates": [ 139.681369333137212, 35.546512809511647 ] } },
{ "type": "Feature", "properties": { "P29_001": "14132", "P29_002": "B114213020273", "P29_003": "16001", "P29_004": "川崎市立東小倉小学校", "P29_005": "神奈川県川崎市幸区東小倉1-1", "P29_006": "3", "P29_007": "1", "P29_008": "00", "P29_009": null }, "geometry": { "type": "Point", "coordinates": [ 139.674650277267887, 35.547058428444927 ] } },
{ "type": "Feature", "properties": { "P29_001": "14132", "P29_002": "B114213020282", "P29_003": "16001", "P29_004": "川崎市立下平間小学校", "P29_005": "神奈川県川崎市幸区下平間175", "P29_006": "3", "P29_007": "1", "P29_008": "00", "P29_009": null }, "geometry": { "type": "Point", "coordinates": [ 139.678866512619919, 35.549553525179746 ] } },
{ "type": "Feature", "properties": { "P29_001": "14132", "P29_002": "B114213020291", "P29_003": "16001", "P29_004": "川崎市立古市場小学校", "P29_005": "神奈川県川崎市幸区古市場1-1", "P29_006": "3", "P29_007": "1", "P29_008": "00", "P29_009": null }, "geometry": { "type": "Point", "coordinates": [ 139.686052744241437, 35.555410559666733 ] } },
{ "type": "Feature", "properties": { "P29_001": "14132", "P29_002": "B114213020308", "P29_003": "16001", "P29_004": "川崎市立日吉小学校", "P29_005": "神奈川県川崎市幸区北加瀬1-37-1", "P29_006": "3", "P29_007": "1", "P29_008": "00", "P29_009": null }, "geometry": { "type": "Point", "coordinates": [ 139.669307532041131, 35.547642588922955 ] } },
{ "type": "Feature", "properties": { "P29_001": "14132", "P29_002": "B114213020317", "P29_003": "16001", "P29_004": "川崎市立小倉小学校", "P29_005": "神奈川県川崎市幸区小倉2-20-1", "P29_006": "3", "P29_007": "1", "P29_008": "00", "P29_009": null }, "geometry": { "type": "Point", "coordinates": [ 139.665383884768772, 35.541412794535972 ] } },
{ "type": "Feature", "properties": { "P29_001": "14132", "P29_002": "B114213020335", "P29_003": "16001", "P29_004": "川崎市立夢見ヶ崎小学校", "P29_005": "神奈川県川崎市幸区南加瀬2-13-1", "P29_006": "3", "P29_007": "1", "P29_008": "00", "P29_009": null }, "geometry": { "type": "Point", "coordinates": [ 139.662565349125884, 35.547741109764871 ] } },
{ "type": "Feature", "properties": { "P29_001": "14133", "P29_002": "B114213020344", "P29_003": "16001", "P29_004": "川崎市立下河原小学校", "P29_005": "神奈川県川崎市中原区上平間585", "P29_006": "3", "P29_007": "1", "P29_008": "00", "P29_009": null }, "geometry": { "type": "Point", "coordinates": [ 139.681208058786808, 35.557663818015754 ] } },
{ "type": "Feature", "properties": { "P29_001": "14133", "P29_002": "B114213020353", "P29_003": "16001", "P29_004": "川崎市立平間小学校", "P29_005": "神奈川県川崎市中原区上平間1480", "P29_006": "3", "P29_007": "1", "P29_008": "00", "P29_009": null }, "geometry": { "type": "Point", "coordinates": [ 139.675881514259828, 35.556688255496816 ] } },
{ "type": "Feature", "properties": { "P29_001": "14133", "P29_002": "B114213020371", "P29_003": "16001", "P29_004": "川崎市立下沼部小学校", "P29_005": "神奈川県川崎市中原区下沼部1955", "P29_006": "3", "P29_007": "1", "P29_008": "00", "P29_009": null }, "geometry": { "type": "Point", "coordinates": [ 139.67046569974778, 35.573153653904704 ] } },
{ "type": "Feature", "properties": { "P29_001": "14133", "P29_002": "B114213020380", "P29_003": "16001", "P29_004": "川崎市立苅宿小学校", "P29_005": "神奈川県川崎市中原区苅宿25-1", "P29_006": "3", "P29_007": "1", "P29_008": "00", "P29_009": null }, "geometry": { "type": "Point", "coordinates": [ 139.663089507517043, 35.562487832507934 ] } },
{ "type": "Feature", "properties": { "P29_001": "14133", "P29_002": "B114213020399", "P29_003": "16001", "P29_004": "川崎市立木月小学校", "P29_005": "神奈川県川崎市中原区木月4-53-1", "P29_006": "3", "P29_007": "1", "P29_008": "00", "P29_009": null }, "geometry": { "type": "Point", "coordinates": [ 139.655518980592802, 35.557671883448876 ] } },
{ "type": "Feature", "properties": { "P29_001": "14133", "P29_002": "B114213020415", "P29_003": "16001", "P29_004": "川崎市立住吉小学校", "P29_005": "神奈川県川崎市中原区木月祇園町17-1", "P29_006": "3", "P29_007": "1", "P29_008": "00", "P29_009": null }, "geometry": { "type": "Point", "coordinates": [ 139.653259104692808, 35.568331437884538 ] } },
{ "type": "Feature", "properties": { "P29_001": "14133", "P29_002": "B114213020424", "P29_003": "16001", "P29_004": "川崎市立井田小学校", "P29_005": "神奈川県川崎市中原区井田中ノ町29-1", "P29_006": "3", "P29_007": "1", "P29_008": "00", "P29_009": null }, "geometry": { "type": "Point", "coordinates": [ 139.645504182670891, 35.564601540351489 ] } },
{ "type": "Feature", "properties": { "P29_001": "14133", "P29_002": "B114213020433", "P29_003": "16001", "P29_004": "川崎市立今井小学校", "P29_005": "神奈川県川崎市中原区今井西町3-18", "P29_006": "3", "P29_007": "1", "P29_008": "00", "P29_009": null }, "geometry": { "type": "Point", "coordinates": [ 139.649320169052714, 35.576253711780581 ] } },
{ "type": "Feature", "properties": { "P29_001": "14133", "P29_002": "B114213020442", "P29_003": "16001", "P29_004": "川崎市立上丸子小学校", "P29_005": "神奈川県川崎市中原区上丸子八幡町815", "P29_006": "3", "P29_007": "1", "P29_008": "00", "P29_009": null }, "geometry": { "type": "Point", "coordinates": [ 139.664636651673675, 35.5794828176099 ] } },
{ "type": "Feature", "properties": { "P29_001": "14133", "P29_002": "B114213020451", "P29_003": "16001", "P29_004": "川崎市立西丸子小学校", "P29_005": "神奈川県川崎市中原区小杉陣屋町2-19-1", "P29_006": "3", "P29_007": "1", "P29_008": "00", "P29_009": null }, "geometry": { "type": "Point", "coordinates": [ 139.654935177630051, 35.58671890663485 ] } },
{ "type": "Feature", "properties": { "P29_001": "14133", "P29_002": "B114213020460", "P29_003": "16001", "P29_004": "川崎市立中原小学校", "P29_005": "神奈川県川崎市中原区小杉御殿町1-950", "P29_006": "3", "P29_007": "1", "P29_008": "00", "P29_009": null }, "geometry": { "type": "Point", "coordinates": [ 139.649899915818111, 35.583635725083866 ] } },
{ "type": "Feature", "properties": { "P29_001": "14133", "P29_002": "B114213020479", "P29_003": "16001", "P29_004": "川崎市立宮内小学校", "P29_005": "神奈川県川崎市中原区宮内2-4-1", "P29_006": "3", "P29_007": "1", "P29_008": "00", "P29_009": null }, "geometry": { "type": "Point", "coordinates": [ 139.641118835138457, 35.588830209522612 ] } },
{ "type": "Feature", "properties": { "P29_001": "14133", "P29_002": "B114213020488", "P29_003": "16001", "P29_004": "川崎市立大戸小学校", "P29_005": "神奈川県川崎市中原区下小田中1-4-1", "P29_006": "3", "P29_007": "1", "P29_008": "00", "P29_009": null }, "geometry": { "type": "Point", "coordinates": [ 139.638698508893697, 35.580590134771903 ] } },
{ "type": "Feature", "properties": { "P29_001": "14133", "P29_002": "B114213020497", "P29_003": "16001", "P29_004": "川崎市立下小田中小学校", "P29_005": "神奈川県川崎市中原区下小田中3-35-1", "P29_006": "3", "P29_007": "1", "P29_008": "00", "P29_009": null }, "geometry": { "type": "Point", "coordinates": [ 139.640493780619806, 35.571657241218517 ] } },
{ "type": "Feature", "properties": { "P29_001": "14133", "P29_002": "B114213020503", "P29_003": "16001", "P29_004": "川崎市立新城小学校", "P29_005": "神奈川県川崎市中原区下新城1-15-1", "P29_006": "3", "P29_007": "1", "P29_008": "00", "P29_009": null }, "geometry": { "type": "Point", "coordinates": [ 139.63232913287527, 35.581641436862959 ] } },
{ "type": "Feature", "properties": { "P29_001": "14133", "P29_002": "B114213020512", "P29_003": "16001", "P29_004": "川崎市立大谷戸小学校", "P29_005": "神奈川県川崎市中原区上小田中1-27-1", "P29_006": "3", "P29_007": "1", "P29_008": "00", "P29_009": null }, "geometry": { "type": "Point", "coordinates": [ 139.631806028673708, 35.590964955050843 ] } },
{ "type": "Feature", "properties": { "P29_001": "14133", "P29_002": "B114213020521", "P29_003": "16001", "P29_004": "川崎市立小杉小学校", "P29_005": "神奈川県川崎市中原区小杉町2-295-1", "P29_006": "3", "P29_007": "1", "P29_008": "00", "P29_009": null }, "geometry": { "type": "Point", "coordinates": [ 139.656626011398231, 35.580539461421857 ] } },
{ "type": "Feature", "properties": { "P29_001": "14134", "P29_002": "B114213020530", "P29_003": "16001", "P29_004": "川崎市立子母口小学校", "P29_005": "神奈川県川崎市高津区子母口730", "P29_006": "3", "P29_007": "1", "P29_008": "00", "P29_009": null }, "geometry": { "type": "Point", "coordinates": [ 139.632974980163851, 35.56962115883907 ] } },
{ "type": "Feature", "properties": { "P29_001": "14134", "P29_002": "B114213020549", "P29_003": "16001", "P29_004": "川崎市立橘小学校", "P29_005": "神奈川県川崎市高津区千年1024", "P29_006": "3", "P29_007": "1", "P29_008": "00", "P29_009": null }, "geometry": { "type": "Point", "coordinates": [ 139.621637439809433, 35.581550913664522 ] } },
{ "type": "Feature", "properties": { "P29_001": "14134", "P29_002": "B114213020567", "P29_003": "16001", "P29_004": "川崎市立新作小学校", "P29_005": "神奈川県川崎市高津区新作1-9-1", "P29_006": "3", "P29_007": "1", "P29_008": "00", "P29_009": null }, "geometry": { "type": "Point", "coordinates": [ 139.611056960173386, 35.587310332596878 ] } },
{ "type": "Feature", "properties": { "P29_001": "14134", "P29_002": "B114213020576", "P29_003": "16001", "P29_004": "川崎市立東高津小学校", "P29_005": "神奈川県川崎市高津区北見方2-5-1", "P29_006": "3", "P29_007": "1", "P29_008": "00", "P29_009": null }, "geometry": { "type": "Point", "coordinates": [ 139.627956782636943, 35.601782540541343 ] } },
{ "type": "Feature", "properties": { "P29_001": "14134", "P29_002": "B114213020585", "P29_003": "16001", "P29_004": "川崎市立坂戸小学校", "P29_005": "神奈川県川崎市高津区坂戸1-18-1", "P29_006": "3", "P29_007": "1", "P29_008": "00", "P29_009": null }, "geometry": { "type": "Point", "coordinates": [ 139.622635162046748, 35.596391168133323 ] } },
{ "type": "Feature", "properties": { "P29_001": "14134", "P29_002": "B114213020594", "P29_003": "16001", "P29_004": "川崎市立久本小学校", "P29_005": "神奈川県川崎市高津区久本3-11-3", "P29_006": "3", "P29_007": "1", "P29_008": "00", "P29_009": null }, "geometry": { "type": "Point", "coordinates": [ 139.6176192558612, 35.595128099557826 ] } },
{ "type": "Feature", "properties": { "P29_001": "14134", "P29_002": "B114213020601", "P29_003": "16001", "P29_004": "川崎市立下作延小学校", "P29_005": "神奈川県川崎市高津区下作延5-19-1", "P29_006": "3", "P29_007": "1", "P29_008": "00", "P29_009": null }, "geometry": { "type": "Point", "coordinates": [ 139.600632508155428, 35.603353743648078 ] } },
{ "type": "Feature", "properties": { "P29_001": "14134", "P29_002": "B114213020610", "P29_003": "16001", "P29_004": "川崎市立高津小学校", "P29_005": "神奈川県川崎市高津区溝口4-19-1", "P29_006": "3", "P29_007": "1", "P29_008": "00", "P29_009": null }, "geometry": { "type": "Point", "coordinates": [ 139.613880391182278, 35.605164547966979 ] } },
{ "type": "Feature", "properties": { "P29_001": "14134", "P29_002": "B114213020629", "P29_003": "16001", "P29_004": "川崎市立梶ヶ谷小学校", "P29_005": "神奈川県川崎市高津区梶ケ谷4-12", "P29_006": "3", "P29_007": "1", "P29_008": "00", "P29_009": null }, "geometry": { "type": "Point", "coordinates": [ 139.604125001255085, 35.586176896605693 ] } },
{ "type": "Feature", "properties": { "P29_001": "14134", "P29_002": "B114213020647", "P29_003": "16001", "P29_004": "川崎市立久末小学校", "P29_005": "神奈川県川崎市高津区久末647", "P29_006": "3", "P29_007": "1", "P29_008": "00", "P29_009": null }, "geometry": { "type": "Point", "coordinates": [ 139.619331206615755, 35.568127115501291 ] } },
{ "type": "Feature", "properties": { "P29_001": "14134", "P29_002": "B114213020656", "P29_003": "16001", "P29_004": "川崎市立上作延小学校", "P29_005": "神奈川県川崎市高津区上作延559", "P29_006": "3", "P29_007": "1", "P29_008": "00", "P29_009": null }, "geometry": { "type": "Point", "coordinates": [ 139.59764090979931, 35.598148164896799 ] } },
{ "type": "Feature", "properties": { "P29_001": "14134", "P29_002": "B114213020665", "P29_003": "16001", "P29_004": "川崎市立南原小学校", "P29_005": "神奈川県川崎市高津区上作延3-9-1", "P29_006": "3", "P29_007": "1", "P29_008": "00", "P29_009": null }, "geometry": { "type": "Point", "coordinates": [ 139.589287718750455, 35.596796112428329 ] } },
{ "type": "Feature", "properties": { "P29_001": "14134", "P29_002": "B114213020674", "P29_003": "16001", "P29_004": "川崎市立久地小学校", "P29_005": "神奈川県川崎市高津区久地4-2-1", "P29_006": "3", "P29_007": "1", "P29_008": "00", "P29_009": null }, "geometry": { "type": "Point", "coordinates": [ 139.600023882963512, 35.611293801502072 ] } },
{ "type": "Feature", "properties": { "P29_001": "14136", "P29_002": "B114213020683", "P29_003": "16001", "P29_004": "川崎市立野川小学校", "P29_005": "神奈川県川崎市宮前区西野川2-19-1", "P29_006": "3", "P29_007": "1", "P29_008": "00", "P29_009": null }, "geometry": { "type": "Point", "coordinates": [ 139.61005369339594, 35.573635561937273 ] } },
{ "type": "Feature", "properties": { "P29_001": "14136", "P29_002": "B114213020692", "P29_003": "16001", "P29_004": "川崎市立西野川小学校", "P29_005": "神奈川県川崎市宮前区野川台3-10-1", "P29_006": "3", "P29_007": "1", "P29_008": "00", "P29_009": null }, "geometry": { "type": "Point", "coordinates": [ 139.606748092859135, 35.574567818687356 ] } },
{ "type": "Feature", "properties": { "P29_001": "14136", "P29_002": "B114213020709", "P29_003": "16001", "P29_004": "川崎市立南野川小学校", "P29_005": "神奈川県川崎市宮前区南野川2-12-1", "P29_006": "3", "P29_007": "1", "P29_008": "00", "P29_009": null }, "geometry": { "type": "Point", "coordinates": [ 139.603817151960527, 35.566869918658178 ] } },
{ "type": "Feature", "properties": { "P29_001": "14136", "P29_002": "B114213020718", "P29_003": "16001", "P29_004": "川崎市立宮崎小学校", "P29_005": "神奈川県川崎市宮前区馬絹1-30-9", "P29_006": "3", "P29_007": "1", "P29_008": "00", "P29_009": null }, "geometry": { "type": "Point", "coordinates": [ 139.587517659775045, 35.579461273769311 ] } },
{ "type": "Feature", "properties": { "P29_001": "14136", "P29_002": "B114213020727", "P29_003": "16001", "P29_004": "川崎市立鷺沼小学校", "P29_005": "神奈川県川崎市宮前区鷺沼2-1", "P29_006": "3", "P29_007": "1", "P29_008": "00", "P29_009": null }, "geometry": { "type": "Point", "coordinates": [ 139.56887659747764, 35.577537252979909 ] } },
{ "type": "Feature", "properties": { "P29_001": "14136", "P29_002": "B114213020736", "P29_003": "16001", "P29_004": "川崎市立有馬小学校", "P29_005": "神奈川県川崎市宮前区東有馬5-12-1", "P29_006": "3", "P29_007": "1", "P29_008": "00", "P29_009": null }, "geometry": { "type": "Point", "coordinates": [ 139.591627728495894, 35.568096253657465 ] } },
{ "type": "Feature", "properties": { "P29_001": "14136", "P29_002": "B114213020745", "P29_003": "16001", "P29_004": "川崎市立西有馬小学校", "P29_005": "神奈川県川崎市宮前区有馬7-6-1", "P29_006": "3", "P29_007": "1", "P29_008": "00", "P29_009": null }, "geometry": { "type": "Point", "coordinates": [ 139.576452487664682, 35.571231454214484 ] } },
{ "type": "Feature", "properties": { "P29_001": "14136", "P29_002": "B114213020754", "P29_003": "16001", "P29_004": "川崎市立富士見台小学校", "P29_005": "神奈川県川崎市宮前区宮前平2-18-3", "P29_006": "3", "P29_007": "1", "P29_008": "00", "P29_009": null }, "geometry": { "type": "Point", "coordinates": [ 139.579628309771749, 35.588307159566881 ] } },
{ "type": "Feature", "properties": { "P29_001": "14136", "P29_002": "B114213020763", "P29_003": "16001", "P29_004": "川崎市立宮前平小学校", "P29_005": "神奈川県川崎市宮前区宮前平3-14-1", "P29_006": "3", "P29_007": "1", "P29_008": "00", "P29_009": null }, "geometry": { "type": "Point", "coordinates": [ 139.585885419269204, 35.588980764414984 ] } },
{ "type": "Feature", "properties": { "P29_001": "14136", "P29_002": "B114213020772", "P29_003": "16001", "P29_004": "川崎市立宮崎台小学校", "P29_005": "神奈川県川崎市宮前区宮崎3-18-2", "P29_006": "3", "P29_007": "1", "P29_008": "00", "P29_009": null }, "geometry": { "type": "Point", "coordinates": [ 139.589500279731737, 35.592427006843089 ] } },
{ "type": "Feature", "properties": { "P29_001": "14136", "P29_002": "B114213020781", "P29_003": "16001", "P29_004": "川崎市立向丘小学校", "P29_005": "神奈川県川崎市宮前区平1-6-1", "P29_006": "3", "P29_007": "1", "P29_008": "00", "P29_009": null }, "geometry": { "type": "Point", "coordinates": [ 139.576177215391567, 35.60028874977975 ] } },
{ "type": "Feature", "properties": { "P29_001": "14136", "P29_002": "B114213020790", "P29_003": "16001", "P29_004": "川崎市立平小学校", "P29_005": "神奈川県川崎市宮前区平6-5-1", "P29_006": "3", "P29_007": "1", "P29_008": "00", "P29_009": null }, "geometry": { "type": "Point", "coordinates": [ 139.579955422440804, 35.595286003187226 ] } },
{ "type": "Feature", "properties": { "P29_001": "14136", "P29_002": "B114213020807", "P29_003": "16001", "P29_004": "川崎市立白幡台小学校", "P29_005": "神奈川県川崎市宮前区南平台13-1", "P29_006": "3", "P29_007": "1", "P29_008": "00", "P29_009": null }, "geometry": { "type": "Point", "coordinates": [ 139.567709085071868, 35.595656557263965 ] } },
{ "type": "Feature", "properties": { "P29_001": "14136", "P29_002": "B114213020816", "P29_003": "16001", "P29_004": "川崎市立菅生小学校", "P29_005": "神奈川県川崎市宮前区菅生1-5-1", "P29_006": "3", "P29_007": "1", "P29_008": "00", "P29_009": null }, "geometry": { "type": "Point", "coordinates": [ 139.557118456838765, 35.59820088277371 ] } },
{ "type": "Feature", "properties": { "P29_001": "14136", "P29_002": "B114213020825", "P29_003": "16001", "P29_004": "川崎市立稗原小学校", "P29_005": "神奈川県川崎市宮前区水沢3-7-1", "P29_006": "3", "P29_007": "1", "P29_008": "00", "P29_009": null }, "geometry": { "type": "Point", "coordinates": [ 139.542978182765722, 35.59538946525177 ] } },
{ "type": "Feature", "properties": { "P29_001": "14136", "P29_002": "B114213020834", "P29_003": "16001", "P29_004": "川崎市立犬蔵小学校", "P29_005": "神奈川県川崎市宮前区犬蔵1-3-1", "P29_006": "3", "P29_007": "1", "P29_008": "00", "P29_009": null }, "geometry": { "type": "Point", "coordinates": [ 139.565634176665469, 35.591313137795552 ] } },
{ "type": "Feature", "properties": { "P29_001": "14136", "P29_002": "B114213020843", "P29_003": "16001", "P29_004": "川崎市立土橋小学校", "P29_005": "神奈川県川崎市宮前区土橋3-1-11", "P29_006": "3", "P29_007": "1", "P29_008": "00", "P29_009": null }, "geometry": { "type": "Point", "coordinates": [ 139.575520373284888, 35.583053246823702 ] } },
{ "type": "Feature", "properties": { "P29_001": "14135", "P29_002": "B114213020852", "P29_003": "16001", "P29_004": "川崎市立稲田小学校", "P29_005": "神奈川県川崎市多摩区宿河原3-18-1", "P29_006": "3", "P29_007": "1", "P29_008": "00", "P29_009": null }, "geometry": { "type": "Point", "coordinates": [ 139.579749773682124, 35.612949311008627 ] } },
{ "type": "Feature", "properties": { "P29_001": "14135", "P29_002": "B114213020861", "P29_003": "16001", "P29_004": "川崎市立長尾小学校", "P29_005": "神奈川県川崎市多摩区長尾7-28-1", "P29_006": "3", "P29_007": "1", "P29_008": "00", "P29_009": null }, "geometry": { "type": "Point", "coordinates": [ 139.581532581470384, 35.605327849003814 ] } },
{ "type": "Feature", "properties": { "P29_001": "14135", "P29_002": "B114213020870", "P29_003": "16001", "P29_004": "川崎市立宿河原小学校", "P29_005": "神奈川県川崎市多摩区宿河原2-1-1", "P29_006": "3", "P29_007": "1", "P29_008": "00", "P29_009": null }, "geometry": { "type": "Point", "coordinates": [ 139.574688238924239, 35.616485366550414 ] } },
{ "type": "Feature", "properties": { "P29_001": "14135", "P29_002": "B114213020889", "P29_003": "16001", "P29_004": "川崎市立登戸小学校", "P29_005": "神奈川県川崎市多摩区登戸1329", "P29_006": "3", "P29_007": "1", "P29_008": "00", "P29_009": null }, "geometry": { "type": "Point", "coordinates": [ 139.558825689617493, 35.622412434348718 ] } },
{ "type": "Feature", "properties": { "P29_001": "14135", "P29_002": "B114213020898", "P29_003": "16001", "P29_004": "川崎市立中野島小学校", "P29_005": "神奈川県川崎市多摩区中野島3-12-1", "P29_006": "3", "P29_007": "1", "P29_008": "00", "P29_009": null }, "geometry": { "type": "Point", "coordinates": [ 139.551754964725916, 35.629167134513388 ] } },
{ "type": "Feature", "properties": { "P29_001": "14135", "P29_002": "B114213020905", "P29_003": "16001", "P29_004": "川崎市立下布田小学校", "P29_005": "神奈川県川崎市多摩区布田23-1", "P29_006": "3", "P29_007": "1", "P29_008": "00", "P29_009": null }, "geometry": { "type": "Point", "coordinates": [ 139.54645778595426, 35.631699989856187 ] } },
{ "type": "Feature", "properties": { "P29_001": "14135", "P29_002": "B114213020914", "P29_003": "16001", "P29_004": "川崎市立東菅小学校", "P29_005": "神奈川県川崎市多摩区菅馬場2-19-1", "P29_006": "3", "P29_007": "1", "P29_008": "00", "P29_009": null }, "geometry": { "type": "Point", "coordinates": [ 139.536585668689753, 35.626941757082641 ] } },
{ "type": "Feature", "properties": { "P29_001": "14135", "P29_002": "B114213020923", "P29_003": "16001", "P29_004": "川崎市立南菅小学校", "P29_005": "神奈川県川崎市多摩区菅馬場3-25-1", "P29_006": "3", "P29_007": "1", "P29_008": "00", "P29_009": null }, "geometry": { "type": "Point", "coordinates": [ 139.53217734444533, 35.62297257608617 ] } },
{ "type": "Feature", "properties": { "P29_001": "14135", "P29_002": "B114213020932", "P29_003": "16001", "P29_004": "川崎市立西菅小学校", "P29_005": "神奈川県川崎市多摩区菅北浦4-2-1", "P29_006": "3", "P29_007": "1", "P29_008": "00", "P29_009": null }, "geometry": { "type": "Point", "coordinates": [ 139.53030029815514, 35.627363392066535 ] } },
{ "type": "Feature", "properties": { "P29_001": "14135", "P29_002": "B114213020941", "P29_003": "16001", "P29_004": "川崎市立菅小学校", "P29_005": "神奈川県川崎市多摩区菅2-6-1", "P29_006": "3", "P29_007": "1", "P29_008": "00", "P29_009": null }, "geometry": { "type": "Point", "coordinates": [ 139.532562964014687, 35.632637395357378 ] } },
{ "type": "Feature", "properties": { "P29_001": "14135", "P29_002": "B114213020950", "P29_003": "16001", "P29_004": "川崎市立東生田小学校", "P29_005": "神奈川県川崎市多摩区枡形4-9-1", "P29_006": "3", "P29_007": "1", "P29_008": "00", "P29_009": null }, "geometry": { "type": "Point", "coordinates": [ 139.550746361278755, 35.615843869363395 ] } },
{ "type": "Feature", "properties": { "P29_001": "14135", "P29_002": "B114213020969", "P29_003": "16001", "P29_004": "川崎市立三田小学校", "P29_005": "神奈川県川崎市多摩区三田3-6-4", "P29_006": "3", "P29_007": "1", "P29_008": "00", "P29_009": null }, "geometry": { "type": "Point", "coordinates": [ 139.546236224214567, 35.610126289022787 ] } },
{ "type": "Feature", "properties": { "P29_001": "14135", "P29_002": "B114213020987", "P29_003": "16001", "P29_004": "川崎市立南生田小学校", "P29_005": "神奈川県川崎市多摩区南生田3-1-1", "P29_006": "3", "P29_007": "1", "P29_008": "00", "P29_009": null }, "geometry": { "type": "Point", "coordinates": [ 139.533784404769477, 35.606480174782789 ] } },
{ "type": "Feature", "properties": { "P29_001": "14137", "P29_002": "B114213020996", "P29_003": "16001", "P29_004": "川崎市立長沢小学校", "P29_005": "神奈川県川崎市麻生区東百合丘2-24-7", "P29_006": "3", "P29_007": "1", "P29_008": "00", "P29_009": null }, "geometry": { "type": "Point", "coordinates": [ 139.527672679550932, 35.59792426036487 ] } },
{ "type": "Feature", "properties": { "P29_001": "14137", "P29_002": "B114213021003", "P29_003": "16001", "P29_004": "川崎市立西生田小学校", "P29_005": "神奈川県川崎市麻生区細山2-2-1", "P29_006": "3", "P29_007": "1", "P29_008": "00", "P29_009": null }, "geometry": { "type": "Point", "coordinates": [ 139.519353892623116, 35.616989732244711 ] } },
{ "type": "Feature", "properties": { "P29_001": "14137", "P29_002": "B114213021012", "P29_003": "16001", "P29_004": "川崎市立千代ヶ丘小学校", "P29_005": "神奈川県川崎市麻生区千代ケ丘8-9-1", "P29_006": "3", "P29_007": "1", "P29_008": "00", "P29_009": null }, "geometry": { "type": "Point", "coordinates": [ 139.503434936242883, 35.617193084463629 ] } },
{ "type": "Feature", "properties": { "P29_001": "14137", "P29_002": "B114213021021", "P29_003": "16001", "P29_004": "川崎市立金程小学校", "P29_005": "神奈川県川崎市麻生区金程2-10-1", "P29_006": "3", "P29_007": "1", "P29_008": "00", "P29_009": null }, "geometry": { "type": "Point", "coordinates": [ 139.499617294495494, 35.611784460969744 ] } },
{ "type": "Feature", "properties": { "P29_001": "14137", "P29_002": "B114213021030", "P29_003": "16001", "P29_004": "川崎市立百合丘小学校", "P29_005": "神奈川県川崎市麻生区百合丘2-1-2", "P29_006": "3", "P29_007": "1", "P29_008": "00", "P29_009": null }, "geometry": { "type": "Point", "coordinates": [ 139.514482169425889, 35.607651406602876 ] } },
{ "type": "Feature", "properties": { "P29_001": "14137", "P29_002": "B114213021049", "P29_003": "16001", "P29_004": "川崎市立南百合丘小学校", "P29_005": "神奈川県川崎市麻生区王禅寺西1-26-1", "P29_006": "3", "P29_007": "1", "P29_008": "00", "P29_009": null }, "geometry": { "type": "Point", "coordinates": [ 139.513276804969877, 35.599549242391461 ] } },
{ "type": "Feature", "properties": { "P29_001": "14137", "P29_002": "B114213021058", "P29_003": "16001", "P29_004": "川崎市立麻生小学校", "P29_005": "神奈川県川崎市麻生区上麻生3-24-1", "P29_006": "3", "P29_007": "1", "P29_008": "00", "P29_009": null }, "geometry": { "type": "Point", "coordinates": [ 139.504086559195571, 35.60256535950063 ] } },
{ "type": "Feature", "properties": { "P29_001": "14137", "P29_002": "B114213021067", "P29_003": "16001", "P29_004": "川崎市立東柿生小学校", "P29_005": "神奈川県川崎市麻生区王禅寺東6-3-1", "P29_006": "3", "P29_007": "1", "P29_008": "00", "P29_009": null }, "geometry": { "type": "Point", "coordinates": [ 139.510291041784853, 35.57936480877936 ] } },
{ "type": "Feature", "properties": { "P29_001": "14137", "P29_002": "B114213021076", "P29_003": "16001", "P29_004": "川崎市立王禅寺中央小学校", "P29_005": "神奈川県川崎市麻生区王禅寺東4-14-1", "P29_006": "3", "P29_007": "1", "P29_008": "00", "P29_009": null }, "geometry": { "type": "Point", "coordinates": [ 139.51407266641769, 35.586773533003736 ] } },
{ "type": "Feature", "properties": { "P29_001": "14137", "P29_002": "B114213021085", "P29_003": "16001", "P29_004": "川崎市立真福寺小学校", "P29_005": "神奈川県川崎市麻生区白山5-3-1", "P29_006": "3", "P29_007": "1", "P29_008": "00", "P29_009": null }, "geometry": { "type": "Point", "coordinates": [ 139.506689735401608, 35.590473592971641 ] } },
{ "type": "Feature", "properties": { "P29_001": "14137", "P29_002": "B114213021094", "P29_003": "16001", "P29_004": "川崎市立虹ヶ丘小学校", "P29_005": "神奈川県川崎市麻生区虹ケ丘1-21-2", "P29_006": "3", "P29_007": "1", "P29_008": "00", "P29_009": null }, "geometry": { "type": "Point", "coordinates": [ 139.521160001394747, 35.579030670228413 ] } },
{ "type": "Feature", "properties": { "P29_001": "14137", "P29_002": "B114213021101", "P29_003": "16001", "P29_004": "川崎市立柿生小学校", "P29_005": "神奈川県川崎市麻生区片平3-3-1", "P29_006": "3", "P29_007": "1", "P29_008": "00", "P29_009": null }, "geometry": { "type": "Point", "coordinates": [ 139.495628852384726, 35.591274346309874 ] } },
{ "type": "Feature", "properties": { "P29_001": "14137", "P29_002": "B114213021129", "P29_003": "16001", "P29_004": "川崎市立片平小学校", "P29_005": "神奈川県川崎市麻生区片平5-28-1", "P29_006": "3", "P29_007": "1", "P29_008": "00", "P29_009": null }, "geometry": { "type": "Point", "coordinates": [ 139.492841795817071, 35.597019292049083 ] } },
{ "type": "Feature", "properties": { "P29_001": "14137", "P29_002": "B114213021138", "P29_003": "16001", "P29_004": "川崎市立栗木台小学校", "P29_005": "神奈川県川崎市麻生区栗木台5-15-1", "P29_006": "3", "P29_007": "1", "P29_008": "00", "P29_009": null }, "geometry": { "type": "Point", "coordinates": [ 139.476965923544498, 35.611576859592738 ] } },
{ "type": "Feature", "properties": { "P29_001": "14137", "P29_002": "B114213021147", "P29_003": "16001", "P29_004": "川崎市立はるひ野小学校", "P29_005": "神奈川県川崎市麻生区はるひ野4-8-1", "P29_006": "3", "P29_007": "1", "P29_008": "00", "P29_009": null }, "geometry": { "type": "Point", "coordinates": [ 139.461287013723449, 35.618361765437051 ] } },
{ "type": "Feature", "properties": { "P29_001": "14153", "P29_002": "B114215020018", "P29_003": "16001", "P29_004": "相模原市立新磯小学校", "P29_005": "神奈川県相模原市南区磯部1028-5", "P29_006": "3", "P29_007": "1", "P29_008": "00", "P29_009": null }, "geometry": { "type": "Point", "coordinates": [ 139.384332748777098, 35.503701458907969 ] } },
{ "type": "Feature", "properties": { "P29_001": "14152", "P29_002": "B114215020036", "P29_003": "16001", "P29_004": "相模原市立田名小学校", "P29_005": "神奈川県相模原市中央区田名5091-1", "P29_006": "3", "P29_007": "1", "P29_008": "00", "P29_009": null }, "geometry": { "type": "Point", "coordinates": [ 139.336428238667366, 35.54899291652049 ] } },
{ "type": "Feature", "properties": { "P29_001": "14152", "P29_002": "B114215020045", "P29_003": "16001", "P29_004": "相模原市立上溝小学校", "P29_005": "神奈川県相模原市中央区上溝7-6-1", "P29_006": "3", "P29_007": "1", "P29_008": "00", "P29_009": null }, "geometry": { "type": "Point", "coordinates": [ 139.360637139131939, 35.55507730612716 ] } },
{ "type": "Feature", "properties": { "P29_001": "14152", "P29_002": "B114215020054", "P29_003": "16001", "P29_004": "相模原市立星が丘小学校", "P29_005": "神奈川県相模原市中央区星が丘3-1-6", "P29_006": "3", "P29_007": "1", "P29_008": "00", "P29_009": null }, "geometry": { "type": "Point", "coordinates": [ 139.370759173741789, 35.560315928398474 ] } },
{ "type": "Feature", "properties": { "P29_001": "14151", "P29_002": "B114215020063", "P29_003": "16001", "P29_004": "相模原市立大沢小学校", "P29_005": "神奈川県相模原市緑区大島1566", "P29_006": "3", "P29_007": "1", "P29_008": "00", "P29_009": null }, "geometry": { "type": "Point", "coordinates": [ 139.325645923638945, 35.576051132622325 ] } },
{ "type": "Feature", "properties": { "P29_001": "14151", "P29_002": "B114215020072", "P29_003": "16001", "P29_004": "相模原市立旭小学校", "P29_005": "神奈川県相模原市緑区橋本6-15-27", "P29_006": "3", "P29_007": "1", "P29_008": "00", "P29_009": null }, "geometry": { "type": "Point", "coordinates": [ 139.343403116776472, 35.599110170812317 ] } },
{ "type": "Feature", "properties": { "P29_001": "14152", "P29_002": "B114215020081", "P29_003": "16001", "P29_004": "相模原市立向陽小学校", "P29_005": "神奈川県相模原市中央区向陽町8-33", "P29_006": "3", "P29_007": "1", "P29_008": "00", "P29_009": null }, "geometry": { "type": "Point", "coordinates": [ 139.366240728256997, 35.586088641786944 ] } },
{ "type": "Feature", "properties": { "P29_001": "14151", "P29_002": "B114215020090", "P29_003": "16001", "P29_004": "相模原市立相原小学校", "P29_005": "神奈川県相模原市緑区相原4-13-14", "P29_006": "3", "P29_007": "1", "P29_008": "00", "P29_009": null }, "geometry": { "type": "Point", "coordinates": [ 139.321399180032131, 35.599748884075929 ] } },
{ "type": "Feature", "properties": { "P29_001": "14153", "P29_002": "B114215020107", "P29_003": "16001", "P29_004": "相模原市立大野小学校", "P29_005": "神奈川県相模原市南区古淵3-21-2", "P29_006": "3", "P29_007": "1", "P29_008": "00", "P29_009": null }, "geometry": { "type": "Point", "coordinates": [ 139.421613016672779, 35.551988530311768 ] } },
{ "type": "Feature", "properties": { "P29_001": "14152", "P29_002": "B114215020116", "P29_003": "16001", "P29_004": "相模原市立淵野辺小学校", "P29_005": "神奈川県相模原市中央区淵野辺4-6-22", "P29_006": "3", "P29_007": "1", "P29_008": "00", "P29_009": null }, "geometry": { "type": "Point", "coordinates": [ 139.396981632008988, 35.573111193472371 ] } },
{ "type": "Feature", "properties": { "P29_001": "14153", "P29_002": "B114215020125", "P29_003": "16001", "P29_004": "相模原市立南大野小学校", "P29_005": "神奈川県相模原市南区上鶴間1-5-1", "P29_006": "3", "P29_007": "1", "P29_008": "00", "P29_009": null }, "geometry": { "type": "Point", "coordinates": [ 139.444185295754409, 35.528486707184953 ] } },
{ "type": "Feature", "properties": { "P29_001": "14153", "P29_002": "B114215020134", "P29_003": "16001", "P29_004": "相模原市立谷口台小学校", "P29_005": "神奈川県相模原市南区文京2-12-1", "P29_006": "3", "P29_007": "1", "P29_008": "00", "P29_009": null }, "geometry": { "type": "Point", "coordinates": [ 139.426687581067824, 35.532178699673523 ] } },
{ "type": "Feature", "properties": { "P29_001": "14152", "P29_002": "B114215020152", "P29_003": "16001", "P29_004": "相模原市立清新小学校", "P29_005": "神奈川県相模原市中央区清新3-16-6", "P29_006": "3", "P29_007": "1", "P29_008": "00", "P29_009": null }, "geometry": { "type": "Point", "coordinates": [ 139.362146205756147, 35.576744922335529 ] } },
{ "type": "Feature", "properties": { "P29_001": "14153", "P29_002": "B114215020170", "P29_003": "16001", "P29_004": "相模原市立東林小学校", "P29_005": "神奈川県相模原市南区相南2-3-1", "P29_006": "3", "P29_007": "1", "P29_008": "00", "P29_009": null }, "geometry": { "type": "Point", "coordinates": [ 139.432631361592001, 35.515536428709424 ] } },
{ "type": "Feature", "properties": { "P29_001": "14153", "P29_002": "B114215020189", "P29_003": "16001", "P29_004": "相模原市立相武台小学校", "P29_005": "神奈川県相模原市南区相武台団地2-5-1", "P29_006": "3", "P29_007": "1", "P29_008": "00", "P29_009": null }, "geometry": { "type": "Point", "coordinates": [ 139.408940244924878, 35.508436792269833 ] } },
{ "type": "Feature", "properties": { "P29_001": "14152", "P29_002": "B114215020198", "P29_003": "16001", "P29_004": "相模原市立光が丘小学校", "P29_005": "神奈川県相模原市中央区光が丘2-19-1", "P29_006": "3", "P29_007": "1", "P29_008": "00", "P29_009": null }, "geometry": { "type": "Point", "coordinates": [ 139.376669442514242, 35.554816205748779 ] } },
{ "type": "Feature", "properties": { "P29_001": "14153", "P29_002": "B114215020205", "P29_003": "16001", "P29_004": "相模原市立大沼小学校", "P29_005": "神奈川県相模原市南区東大沼3-20-1", "P29_006": "3", "P29_007": "1", "P29_008": "00", "P29_009": null }, "geometry": { "type": "Point", "coordinates": [ 139.42013449647169, 35.538975453610007 ] } },
{ "type": "Feature", "properties": { "P29_001": "14152", "P29_002": "B114215020214", "P29_003": "16001", "P29_004": "相模原市立共和小学校", "P29_005": "神奈川県相模原市中央区高根1-16-13", "P29_006": "3", "P29_007": "1", "P29_008": "00", "P29_009": null }, "geometry": { "type": "Point", "coordinates": [ 139.395556919533931, 35.561013868261867 ] } },
{ "type": "Feature", "properties": { "P29_001": "14153", "P29_002": "B114215020223", "P29_003": "16001", "P29_004": "相模原市立桜台小学校", "P29_005": "神奈川県相模原市南区相模台7-7-1", "P29_006": "3", "P29_007": "1", "P29_008": "00", "P29_009": null }, "geometry": { "type": "Point", "coordinates": [ 139.407569317274152, 35.523550505858012 ] } },
{ "type": "Feature", "properties": { "P29_001": "14153", "P29_002": "B114215020232", "P29_003": "16001", "P29_004": "相模原市立上鶴間小学校", "P29_005": "神奈川県相模原市南区上鶴間4-7-1", "P29_006": "3", "P29_007": "1", "P29_008": "00", "P29_009": null }, "geometry": { "type": "Point", "coordinates": [ 139.444807962358908, 35.520197988480213 ] } },
{ "type": "Feature", "properties": { "P29_001": "14152", "P29_002": "B114215020241", "P29_003": "16001", "P29_004": "相模原市立横山小学校", "P29_005": "神奈川県相模原市中央区横山台2-35-1", "P29_006": "3", "P29_007": "1", "P29_008": "00", "P29_009": null }, "geometry": { "type": "Point", "coordinates": [ 139.355017322370514, 35.566321637164556 ] } },
{ "type": "Feature", "properties": { "P29_001": "14153", "P29_002": "B114215020250", "P29_003": "16001", "P29_004": "相模原市立鶴の台小学校", "P29_005": "神奈川県相模原市南区旭町24-5", "P29_006": "3", "P29_007": "1", "P29_008": "00", "P29_009": null }, "geometry": { "type": "Point", "coordinates": [ 139.428756587221329, 35.523625063944195 ] } },
{ "type": "Feature", "properties": { "P29_001": "14153", "P29_002": "B114215020269", "P29_003": "16001", "P29_004": "相模原市立鹿島台小学校", "P29_005": "神奈川県相模原市南区上鶴間本町1-9-1", "P29_006": "3", "P29_007": "1", "P29_008": "00", "P29_009": null }, "geometry": { "type": "Point", "coordinates": [ 139.438673604797145, 35.539427984510816 ] } },
{ "type": "Feature", "properties": { "P29_001": "14153", "P29_002": "B114215020278", "P29_003": "16001", "P29_004": "相模原市立緑台小学校", "P29_005": "神奈川県相模原市南区新磯野3-10-23", "P29_006": "3", "P29_007": "1", "P29_008": "00", "P29_009": null }, "geometry": { "type": "Point", "coordinates": [ 139.404637749261497, 35.506180938717591 ] } },
{ "type": "Feature", "properties": { "P29_001": "14153", "P29_002": "B114215020296", "P29_003": "16001", "P29_004": "相模原市立大野台小学校", "P29_005": "神奈川県相模原市南区大野台8-1-15", "P29_006": "3", "P29_007": "1", "P29_008": "00", "P29_009": null }, "geometry": { "type": "Point", "coordinates": [ 139.413402275835892, 35.548286557891871 ] } },
{ "type": "Feature", "properties": { "P29_001": "14152", "P29_002": "B114215020303", "P29_003": "16001", "P29_004": "相模原市立並木小学校", "P29_005": "神奈川県相模原市中央区並木2-16-1", "P29_006": "3", "P29_007": "1", "P29_008": "00", "P29_009": null }, "geometry": { "type": "Point", "coordinates": [ 139.380676024269746, 35.557681740255056 ] } },
{ "type": "Feature", "properties": { "P29_001": "14151", "P29_002": "B114215020312", "P29_003": "16001", "P29_004": "相模原市立作の口小学校", "P29_005": "神奈川県相模原市緑区下九沢459-1", "P29_006": "3", "P29_007": "1", "P29_008": "00", "P29_009": null }, "geometry": { "type": "Point", "coordinates": [ 139.349860532997951, 35.569630706982331 ] } },
{ "type": "Feature", "properties": { "P29_001": "14152", "P29_002": "B114215020321", "P29_003": "16001", "P29_004": "相模原市立大野北小学校", "P29_005": "神奈川県相模原市中央区淵野辺2-34-1", "P29_006": "3", "P29_007": "1", "P29_008": "00", "P29_009": null }, "geometry": { "type": "Point", "coordinates": [ 139.398241729428435, 35.574487905989955 ] } },
{ "type": "Feature", "properties": { "P29_001": "14153", "P29_002": "B114215020330", "P29_003": "16001", "P29_004": "相模原市立鶴園小学校", "P29_005": "神奈川県相模原市南区上鶴間本町7-8-1", "P29_006": "3", "P29_007": "1", "P29_008": "00", "P29_009": null }, "geometry": { "type": "Point", "coordinates": [ 139.449352734384775, 35.52967862379387 ] } },
{ "type": "Feature", "properties": { "P29_001": "14153", "P29_002": "B114215020349", "P29_003": "16001", "P29_004": "相模原市立くぬぎ台小学校", "P29_005": "神奈川県相模原市南区上鶴間5-7-1", "P29_006": "3", "P29_007": "1", "P29_008": "00", "P29_009": null }, "geometry": { "type": "Point", "coordinates": [ 139.441928054207295, 35.522058297822632 ] } },
{ "type": "Feature", "properties": { "P29_001": "14153", "P29_002": "B114215020358", "P29_003": "16001", "P29_004": "相模原市立双葉小学校", "P29_005": "神奈川県相模原市南区双葉1-2-15", "P29_006": "3", "P29_007": "1", "P29_008": "00", "P29_009": null }, "geometry": { "type": "Point", "coordinates": [ 139.411696586558804, 35.530560197281986 ] } },
{ "type": "Feature", "properties": { "P29_001": "14152", "P29_002": "B114215020367", "P29_003": "16001", "P29_004": "相模原市立陽光台小学校", "P29_005": "神奈川県相模原市中央区陽光台1-15-1", "P29_006": "3", "P29_007": "1", "P29_008": "00", "P29_009": null }, "geometry": { "type": "Point", "coordinates": [ 139.368661303337518, 35.55473419870934 ] } },
{ "type": "Feature", "properties": { "P29_001": "14153", "P29_002": "B114215020376", "P29_003": "16001", "P29_004": "相模原市立若草小学校", "P29_005": "神奈川県相模原市南区新磯野2329", "P29_006": "3", "P29_007": "1", "P29_008": "00", "P29_009": null }, "geometry": { "type": "Point", "coordinates": [ 139.400363835454556, 35.520927758355903 ] } },
{ "type": "Feature", "properties": { "P29_001": "14152", "P29_002": "B114215020385", "P29_003": "16001", "P29_004": "相模原市立上溝南小学校", "P29_005": "神奈川県相模原市中央区上溝782-1", "P29_006": "3", "P29_007": "1", "P29_008": "00", "P29_009": null }, "geometry": { "type": "Point", "coordinates": [ 139.367041893611969, 35.542363680655704 ] } },
{ "type": "Feature", "properties": { "P29_001": "14151", "P29_002": "B114215020401", "P29_003": "16001", "P29_004": "相模原市立二本松小学校", "P29_005": "神奈川県相模原市緑区二本松2-9-1", "P29_006": "3", "P29_007": "1", "P29_008": "00", "P29_009": null }, "geometry": { "type": "Point", "coordinates": [ 139.316989135703551, 35.592107557814096 ] } },
{ "type": "Feature", "properties": { "P29_001": "14152", "P29_002": "B114215020410", "P29_003": "16001", "P29_004": "相模原市立田名北小学校", "P29_005": "神奈川県相模原市中央区田名1932-1", "P29_006": "3", "P29_007": "1", "P29_008": "00", "P29_009": null }, "geometry": { "type": "Point", "coordinates": [ 139.334608789187968, 35.555391152762283 ] } },
{ "type": "Feature", "properties": { "P29_001": "14152", "P29_002": "B114215020438", "P29_003": "16001", "P29_004": "相模原市立青葉小学校", "P29_005": "神奈川県相模原市中央区並木4-8-4", "P29_006": "3", "P29_007": "1", "P29_008": "00", "P29_009": null }, "geometry": { "type": "Point", "coordinates": [ 139.382914997078331, 35.55440401127769 ] } },
{ "type": "Feature", "properties": { "P29_001": "14153", "P29_002": "B114215020447", "P29_003": "16001", "P29_004": "相模原市立大野台中央小学校", "P29_005": "神奈川県相模原市南区大野台2-26-8", "P29_006": "3", "P29_007": "1", "P29_008": "00", "P29_009": null }, "geometry": { "type": "Point", "coordinates": [ 139.404867581288414, 35.551365395055647 ] } },
{ "type": "Feature", "properties": { "P29_001": "14151", "P29_002": "B114215020456", "P29_003": "16001", "P29_004": "相模原市立宮上小学校", "P29_005": "神奈川県相模原市緑区橋本4-11-1", "P29_006": "3", "P29_007": "1", "P29_008": "00", "P29_009": null }, "geometry": { "type": "Point", "coordinates": [ 139.350257633888617, 35.600232004961903 ] } },
{ "type": "Feature", "properties": { "P29_001": "14151", "P29_002": "B114215020465", "P29_003": "16001", "P29_004": "相模原市立九沢小学校", "P29_005": "神奈川県相模原市緑区大島1859-3", "P29_006": "3", "P29_007": "1", "P29_008": "00", "P29_009": null }, "geometry": { "type": "Point", "coordinates": [ 139.332897292356705, 35.574666092922449 ] } },
{ "type": "Feature", "properties": { "P29_001": "14153", "P29_002": "B114215020474", "P29_003": "16001", "P29_004": "相模原市立谷口小学校", "P29_005": "神奈川県相模原市南区上鶴間本町5-13-1", "P29_006": "3", "P29_007": "1", "P29_008": "00", "P29_009": null }, "geometry": { "type": "Point", "coordinates": [ 139.447526533377044, 35.535963321567394 ] } },
{ "type": "Feature", "properties": { "P29_001": "14152", "P29_002": "B114215020483", "P29_003": "16001", "P29_004": "相模原市立淵野辺東小学校", "P29_005": "神奈川県相模原市中央区東淵野辺3-17-1", "P29_006": "3", "P29_007": "1", "P29_008": "00", "P29_009": null }, "geometry": { "type": "Point", "coordinates": [ 139.415780454179753, 35.560202476263022 ] } },
{ "type": "Feature", "properties": { "P29_001": "14153", "P29_002": "B114215020492", "P29_003": "16001", "P29_004": "相模原市立若松小学校", "P29_005": "神奈川県相模原市南区若松2-22-1", "P29_006": "3", "P29_007": "1", "P29_008": "00", "P29_009": null }, "geometry": { "type": "Point", "coordinates": [ 139.429509084754926, 35.541072876138976 ] } },
{ "type": "Feature", "properties": { "P29_001": "14152", "P29_002": "B114215020508", "P29_003": "16001", "P29_004": "相模原市立新宿小学校", "P29_005": "神奈川県相模原市中央区田名7019", "P29_006": "3", "P29_007": "1", "P29_008": "00", "P29_009": null }, "geometry": { "type": "Point", "coordinates": [ 139.350841791001784, 35.55133510831272 ] } },
{ "type": "Feature", "properties": { "P29_001": "14151", "P29_002": "B114215020517", "P29_003": "16001", "P29_004": "相模原市立当麻田小学校", "P29_005": "神奈川県相模原市緑区相原1-14-1", "P29_006": "3", "P29_007": "1", "P29_008": "00", "P29_009": null }, "geometry": { "type": "Point", "coordinates": [ 139.328067815734755, 35.603215139262531 ] } },
{ "type": "Feature", "properties": { "P29_001": "14153", "P29_002": "B114215020526", "P29_003": "16001", "P29_004": "相模原市立もえぎ台小学校", "P29_005": "神奈川県相模原市南区新磯野2-41-16", "P29_006": "3", "P29_007": "1", "P29_008": "00", "P29_009": null }, "geometry": { "type": "Point", "coordinates": [ 139.403647767689449, 35.513068559122608 ] } },
{ "type": "Feature", "properties": { "P29_001": "14153", "P29_002": "B114215020535", "P29_003": "16001", "P29_004": "相模原市立夢の丘小学校", "P29_005": "神奈川県相模原市南区当麻490-2", "P29_006": "3", "P29_007": "1", "P29_008": "00", "P29_009": null }, "geometry": { "type": "Point", "coordinates": [ 139.366729497230693, 35.53246210878369 ] } },
{ "type": "Feature", "properties": { "P29_001": "14152", "P29_002": "B114215020544", "P29_003": "16001", "P29_004": "相模原市立富士見小学校", "P29_005": "神奈川県相模原市中央区富士見2-4-1", "P29_006": "3", "P29_007": "1", "P29_008": "00", "P29_009": null }, "geometry": { "type": "Point", "coordinates": [ 139.379060827500069, 35.568632995019513 ] } },
{ "type": "Feature", "properties": { "P29_001": "14152", "P29_002": "B114215020553", "P29_003": "16001", "P29_004": "相模原市立小山小学校", "P29_005": "神奈川県相模原市中央区小山4-3-2", "P29_006": "3", "P29_007": "1", "P29_008": "00", "P29_009": null }, "geometry": { "type": "Point", "coordinates": [ 139.354395477329831, 35.586134132800211 ] } },
{ "type": "Feature", "properties": { "P29_001": "14151", "P29_002": "B114215020562", "P29_003": "16001", "P29_004": "相模原市立川尻小学校", "P29_005": "神奈川県相模原市緑区久保沢2-22-2", "P29_006": "3", "P29_007": "1", "P29_008": "00", "P29_009": null }, "geometry": { "type": "Point", "coordinates": [ 139.301976776038657, 35.596889193305884 ] } },
{ "type": "Feature", "properties": { "P29_001": "14151", "P29_002": "B114215020571", "P29_003": "16001", "P29_004": "相模原市立湘南小学校", "P29_005": "神奈川県相模原市緑区小倉1573", "P29_006": "3", "P29_007": "1", "P29_008": "00", "P29_009": null }, "geometry": { "type": "Point", "coordinates": [ 139.307889940490952, 35.572451686237265 ] } },
{ "type": "Feature", "properties": { "P29_001": "14151", "P29_002": "B114215020580", "P29_003": "16001", "P29_004": "相模原市立広陵小学校", "P29_005": "神奈川県相模原市緑区若葉台4-3-1", "P29_006": "3", "P29_007": "1", "P29_008": "00", "P29_009": null }, "geometry": { "type": "Point", "coordinates": [ 139.291580545487221, 35.596193707547286 ] } },
{ "type": "Feature", "properties": { "P29_001": "14151", "P29_002": "B114215020599", "P29_003": "16001", "P29_004": "相模原市立広田小学校", "P29_005": "神奈川県相模原市緑区広田9-5", "P29_006": "3", "P29_007": "1", "P29_008": "00", "P29_009": null }, "geometry": { "type": "Point", "coordinates": [ 139.300045864782902, 35.604623420439644 ] } },
{ "type": "Feature", "properties": { "P29_001": "14151", "P29_002": "B114215020606", "P29_003": "16001", "P29_004": "相模原市立中野小学校", "P29_005": "神奈川県相模原市緑区中野600", "P29_006": "3", "P29_007": "1", "P29_008": "00", "P29_009": null }, "geometry": { "type": "Point", "coordinates": [ 139.257023069250067, 35.58574375456724 ] } },
{ "type": "Feature", "properties": { "P29_001": "14151", "P29_002": "B114215020615", "P29_003": "16001", "P29_004": "相模原市立根小屋小学校", "P29_005": "神奈川県相模原市緑区根小屋1580", "P29_006": "3", "P29_007": "1", "P29_008": "00", "P29_009": null }, "geometry": { "type": "Point", "coordinates": [ 139.273491574520193, 35.575470694787434 ] } },
{ "type": "Feature", "properties": { "P29_001": "14151", "P29_002": "B114215020633", "P29_003": "16001", "P29_004": "相模原市立津久井中央小学校", "P29_005": "神奈川県相模原市緑区三ケ木39-7", "P29_006": "3", "P29_007": "1", "P29_008": "00", "P29_009": null }, "geometry": { "type": "Point", "coordinates": [ 139.233227508389064, 35.583051274066705 ] } },
{ "type": "Feature", "properties": { "P29_001": "14151", "P29_002": "B114215020651", "P29_003": "16001", "P29_004": "相模原市立桂北小学校", "P29_005": "神奈川県相模原市緑区与瀬877", "P29_006": "3", "P29_007": "1", "P29_008": "00", "P29_009": null }, "geometry": { "type": "Point", "coordinates": [ 139.191180538811722, 35.614794499138192 ] } },
{ "type": "Feature", "properties": { "P29_001": "14151", "P29_002": "B114215020660", "P29_003": "16001", "P29_004": "相模原市立千木良小学校", "P29_005": "神奈川県相模原市緑区千木良1035", "P29_006": "3", "P29_007": "1", "P29_008": "00", "P29_009": null }, "geometry": { "type": "Point", "coordinates": [ 139.209457926752492, 35.619464046230682 ] } },
{ "type": "Feature", "properties": { "P29_001": "14151", "P29_002": "B114215020679", "P29_003": "16001", "P29_004": "相模原市立内郷小学校", "P29_005": "神奈川県相模原市緑区寸沢嵐833", "P29_006": "3", "P29_007": "1", "P29_008": "00", "P29_009": null }, "geometry": { "type": "Point", "coordinates": [ 139.218574864030643, 35.600245243280227 ] } },
{ "type": "Feature", "properties": { "P29_001": "14151", "P29_002": "B114215020688", "P29_003": "16001", "P29_004": "相模原市立藤野北小学校", "P29_005": "神奈川県相模原市緑区佐野川1901", "P29_006": "3", "P29_007": "1", "P29_008": "00", "P29_009": null }, "geometry": { "type": "Point", "coordinates": [ 139.139676998530092, 35.640722669175318 ] } },
{ "type": "Feature", "properties": { "P29_001": "14151", "P29_002": "B114215020697", "P29_003": "16001", "P29_004": "相模原市立藤野小学校", "P29_005": "神奈川県相模原市緑区日連549", "P29_006": "3", "P29_007": "1", "P29_008": "00", "P29_009": null }, "geometry": { "type": "Point", "coordinates": [ 139.156578817590741, 35.610645465612684 ] } },
{ "type": "Feature", "properties": { "P29_001": "14151", "P29_002": "B114215020704", "P29_003": "16001", "P29_004": "相模原市立藤野南小学校", "P29_005": "神奈川県相模原市緑区牧野4327", "P29_006": "3", "P29_007": "1", "P29_008": "00", "P29_009": null }, "geometry": { "type": "Point", "coordinates": [ 139.149926777306945, 35.581053732378379 ] } },
{ "type": "Feature", "properties": { "P29_001": "14201", "P29_002": "B114220120017", "P29_003": "16001", "P29_004": "横須賀市立追浜小学校", "P29_005": "神奈川県横須賀市鷹取2-16-1", "P29_006": "3", "P29_007": "1", "P29_008": "00", "P29_009": null }, "geometry": { "type": "Point", "coordinates": [ 139.618138661808615, 35.315592209981617 ] } },
{ "type": "Feature", "properties": { "P29_001": "14201", "P29_002": "B114220120071", "P29_003": "16001", "P29_004": "横須賀市立長浦小学校", "P29_005": "神奈川県横須賀市安針台3-1", "P29_006": "3", "P29_007": "1", "P29_008": "00", "P29_009": null }, "geometry": { "type": "Point", "coordinates": [ 139.645959056500516, 35.287980851049895 ] } },
{ "type": "Feature", "properties": { "P29_001": "14201", "P29_002": "B114220120080", "P29_003": "16001", "P29_004": "横須賀市立逸見小学校", "P29_005": "神奈川県横須賀市西逸見町1-14", "P29_006": "3", "P29_007": "1", "P29_008": "00", "P29_009": null }, "geometry": { "type": "Point", "coordinates": [ 139.649730763085813, 35.283331050227758 ] } },
{ "type": "Feature", "properties": { "P29_001": "14201", "P29_002": "B114220120106", "P29_003": "16001", "P29_004": "横須賀市立桜小学校", "P29_005": "神奈川県横須賀市坂本町1-19", "P29_006": "3", "P29_007": "1", "P29_008": "00", "P29_009": null }, "geometry": { "type": "Point", "coordinates": [ 139.658487174370862, 35.272525651379404 ] } },
{ "type": "Feature", "properties": { "P29_001": "14201", "P29_002": "B114220120115", "P29_003": "16001", "P29_004": "横須賀市立汐入小学校", "P29_005": "神奈川県横須賀市汐入町2-53", "P29_006": "3", "P29_007": "1", "P29_008": "00", "P29_009": null }, "geometry": { "type": "Point", "coordinates": [ 139.663829981181522, 35.279981015380464 ] } },
{ "type": "Feature", "properties": { "P29_001": "14201", "P29_002": "B114220120133", "P29_003": "16001", "P29_004": "横須賀市立田戸小学校", "P29_005": "神奈川県横須賀市米が浜通2-12", "P29_006": "3", "P29_007": "1", "P29_008": "00", "P29_009": null }, "geometry": { "type": "Point", "coordinates": [ 139.67532084529239, 35.274643719218005 ] } },
{ "type": "Feature", "properties": { "P29_001": "14201", "P29_002": "B114220120142", "P29_003": "16001", "P29_004": "横須賀市立山崎小学校", "P29_005": "神奈川県横須賀市三春町6-4", "P29_006": "3", "P29_007": "1", "P29_008": "00", "P29_009": null }, "geometry": { "type": "Point", "coordinates": [ 139.68269908803839, 35.266030121284338 ] } },
{ "type": "Feature", "properties": { "P29_001": "14201", "P29_002": "B114220120151", "P29_003": "16001", "P29_004": "横須賀市立豊島小学校", "P29_005": "神奈川県横須賀市上町3-21", "P29_006": "3", "P29_007": "1", "P29_008": "00", "P29_009": null }, "geometry": { "type": "Point", "coordinates": [ 139.669255126551036, 35.270462708279105 ] } },
{ "type": "Feature", "properties": { "P29_001": "14201", "P29_002": "B114220120160", "P29_003": "16001", "P29_004": "横須賀市立鶴久保小学校", "P29_005": "神奈川県横須賀市不入斗町1-1", "P29_006": "3", "P29_007": "1", "P29_008": "00", "P29_009": null }, "geometry": { "type": "Point", "coordinates": [ 139.667172842905217, 35.268119007161708 ] } },
{ "type": "Feature", "properties": { "P29_001": "14201", "P29_002": "B114220120179", "P29_003": "16001", "P29_004": "横須賀市立公郷小学校", "P29_005": "神奈川県横須賀市公郷町4-5", "P29_006": "3", "P29_007": "1", "P29_008": "00", "P29_009": null }, "geometry": { "type": "Point", "coordinates": [ 139.675382908267466, 35.2555859717178 ] } },
{ "type": "Feature", "properties": { "P29_001": "14201", "P29_002": "B114220120188", "P29_003": "16001", "P29_004": "横須賀市立池上小学校", "P29_005": "神奈川県横須賀市池上3-5-1", "P29_006": "3", "P29_007": "1", "P29_008": "00", "P29_009": null }, "geometry": { "type": "Point", "coordinates": [ 139.647545580372167, 35.260373548062923 ] } },
{ "type": "Feature", "properties": { "P29_001": "14201", "P29_002": "B114220120197", "P29_003": "16001", "P29_004": "横須賀市立城北小学校", "P29_005": "神奈川県横須賀市平作1-6-1", "P29_006": "3", "P29_007": "1", "P29_008": "00", "P29_009": null }, "geometry": { "type": "Point", "coordinates": [ 139.656354008741857, 35.256447919626737 ] } },
{ "type": "Feature", "properties": { "P29_001": "14201", "P29_002": "B114220120204", "P29_003": "16001", "P29_004": "横須賀市立衣笠小学校", "P29_005": "神奈川県横須賀市小矢部2-16-1", "P29_006": "3", "P29_007": "1", "P29_008": "00", "P29_009": null }, "geometry": { "type": "Point", "coordinates": [ 139.664064117273654, 35.255326610980973 ] } },
{ "type": "Feature", "properties": { "P29_001": "14201", "P29_002": "B114220120213", "P29_003": "16001", "P29_004": "横須賀市立大矢部小学校", "P29_005": "神奈川県横須賀市大矢部3-26-1", "P29_006": "3", "P29_007": "1", "P29_008": "00", "P29_009": null }, "geometry": { "type": "Point", "coordinates": [ 139.676062155941594, 35.238052633039572 ] } },
{ "type": "Feature", "properties": { "P29_001": "14201", "P29_002": "B114220120222", "P29_003": "16001", "P29_004": "横須賀市立森崎小学校", "P29_005": "神奈川県横須賀市森崎3-13-1", "P29_006": "3", "P29_007": "1", "P29_008": "00", "P29_009": null }, "geometry": { "type": "Point", "coordinates": [ 139.67907371338373, 35.244668294766299 ] } },
{ "type": "Feature", "properties": { "P29_001": "14201", "P29_002": "B114220120231", "P29_003": "16001", "P29_004": "横須賀市立大津小学校", "P29_005": "神奈川県横須賀市大津町3-24-1", "P29_006": "3", "P29_007": "1", "P29_008": "00", "P29_009": null }, "geometry": { "type": "Point", "coordinates": [ 139.693956748016632, 35.259755519380398 ] } },
{ "type": "Feature", "properties": { "P29_001": "14201", "P29_002": "B114220120240", "P29_003": "16001", "P29_004": "横須賀市立根岸小学校", "P29_005": "神奈川県横須賀市大津町5-5-1", "P29_006": "3", "P29_007": "1", "P29_008": "00", "P29_009": null }, "geometry": { "type": "Point", "coordinates": [ 139.686635656856168, 35.256780223539103 ] } },
{ "type": "Feature", "properties": { "P29_001": "14201", "P29_002": "B114220120259", "P29_003": "16001", "P29_004": "横須賀市立走水小学校", "P29_005": "神奈川県横須賀市走水2-2-2", "P29_006": "3", "P29_007": "1", "P29_008": "00", "P29_009": null }, "geometry": { "type": "Point", "coordinates": [ 139.729088134506043, 35.265431465599853 ] } },
{ "type": "Feature", "properties": { "P29_001": "14201", "P29_002": "B114220120268", "P29_003": "16001", "P29_004": "横須賀市立馬堀小学校", "P29_005": "神奈川県横須賀市馬堀町4-10-1", "P29_006": "3", "P29_007": "1", "P29_008": "00", "P29_009": null }, "geometry": { "type": "Point", "coordinates": [ 139.715270850302971, 35.259736853067722 ] } },
{ "type": "Feature", "properties": { "P29_001": "14201", "P29_002": "B114220120277", "P29_003": "16001", "P29_004": "横須賀市立望洋小学校", "P29_005": "神奈川県横須賀市桜が丘1-50-1", "P29_006": "3", "P29_007": "1", "P29_008": "00", "P29_009": null }, "geometry": { "type": "Point", "coordinates": [ 139.703303056352553, 35.254369539488451 ] } },
{ "type": "Feature", "properties": { "P29_001": "14201", "P29_002": "B114220120295", "P29_003": "16001", "P29_004": "横須賀市立浦賀小学校", "P29_005": "神奈川県横須賀市浦賀3-8-1", "P29_006": "3", "P29_007": "1", "P29_008": "00", "P29_009": null }, "geometry": { "type": "Point", "coordinates": [ 139.714245077388455, 35.250830982234227 ] } },
{ "type": "Feature", "properties": { "P29_001": "14201", "P29_002": "B114220120302", "P29_003": "16001", "P29_004": "横須賀市立小原台小学校", "P29_005": "神奈川県横須賀市小原台3-1", "P29_006": "3", "P29_007": "1", "P29_008": "00", "P29_009": null }, "geometry": { "type": "Point", "coordinates": [ 139.730073654265283, 35.252742344585862 ] } },
{ "type": "Feature", "properties": { "P29_001": "14201", "P29_002": "B114220120311", "P29_003": "16001", "P29_004": "横須賀市立鴨居小学校", "P29_005": "神奈川県横須賀市鴨居3-1-6", "P29_006": "3", "P29_007": "1", "P29_008": "00", "P29_009": null }, "geometry": { "type": "Point", "coordinates": [ 139.733422297097604, 35.250835743099159 ] } },
{ "type": "Feature", "properties": { "P29_001": "14201", "P29_002": "B114220120320", "P29_003": "16001", "P29_004": "横須賀市立高坂小学校", "P29_005": "神奈川県横須賀市西浦賀3-1-1", "P29_006": "3", "P29_007": "1", "P29_008": "00", "P29_009": null }, "geometry": { "type": "Point", "coordinates": [ 139.715317682061936, 35.241359661455839 ] } },
{ "type": "Feature", "properties": { "P29_001": "14201", "P29_002": "B114220120339", "P29_003": "16001", "P29_004": "横須賀市立岩戸小学校", "P29_005": "神奈川県横須賀市岩戸5-20-1", "P29_006": "3", "P29_007": "1", "P29_008": "00", "P29_009": null }, "geometry": { "type": "Point", "coordinates": [ 139.667891194874557, 35.233738095969123 ] } },
{ "type": "Feature", "properties": { "P29_001": "14201", "P29_002": "B114220120348", "P29_003": "16001", "P29_004": "横須賀市立久里浜小学校", "P29_005": "神奈川県横須賀市久里浜6-6-1", "P29_006": "3", "P29_007": "1", "P29_008": "00", "P29_009": null }, "geometry": { "type": "Point", "coordinates": [ 139.707710732522401, 35.229318422240198 ] } },
{ "type": "Feature", "properties": { "P29_001": "14201", "P29_002": "B114220120357", "P29_003": "16001", "P29_004": "横須賀市立明浜小学校", "P29_005": "神奈川県横須賀市久里浜6-7-1", "P29_006": "3", "P29_007": "1", "P29_008": "00", "P29_009": null }, "geometry": { "type": "Point", "coordinates": [ 139.707134923577371, 35.228091300870354 ] } },
{ "type": "Feature", "properties": { "P29_001": "14201", "P29_002": "B114220120375", "P29_003": "16001", "P29_004": "横須賀市立粟田小学校", "P29_005": "神奈川県横須賀市ハイランド2-41-1", "P29_006": "3", "P29_007": "1", "P29_008": "00", "P29_009": null }, "geometry": { "type": "Point", "coordinates": [ 139.685014749077482, 35.223705188021711 ] } },
{ "type": "Feature", "properties": { "P29_001": "14201", "P29_002": "B114220120384", "P29_003": "16001", "P29_004": "横須賀市立野比小学校", "P29_005": "神奈川県横須賀市野比1-25-1", "P29_006": "3", "P29_007": "1", "P29_008": "00", "P29_009": null }, "geometry": { "type": "Point", "coordinates": [ 139.684209620072608, 35.215372532691575 ] } },
{ "type": "Feature", "properties": { "P29_001": "14201", "P29_002": "B114220120393", "P29_003": "16001", "P29_004": "横須賀市立野比東小学校", "P29_005": "神奈川県横須賀市野比4-6-1", "P29_006": "3", "P29_007": "1", "P29_008": "00", "P29_009": null }, "geometry": { "type": "Point", "coordinates": [ 139.695398259624341, 35.213951943495026 ] } },
{ "type": "Feature", "properties": { "P29_001": "14201", "P29_002": "B114220120400", "P29_003": "16001", "P29_004": "横須賀市立北下浦小学校", "P29_005": "神奈川県横須賀市長沢1-29-1", "P29_006": "3", "P29_007": "1", "P29_008": "00", "P29_009": null }, "geometry": { "type": "Point", "coordinates": [ 139.674577067541918, 35.202717535547578 ] } },
{ "type": "Feature", "properties": { "P29_001": "14201", "P29_002": "B114220120419", "P29_003": "16001", "P29_004": "横須賀市立津久井小学校", "P29_005": "神奈川県横須賀市津久井5-2-1", "P29_006": "3", "P29_007": "1", "P29_008": "00", "P29_009": null }, "geometry": { "type": "Point", "coordinates": [ 139.667477703075747, 35.207573222427271 ] } },
{ "type": "Feature", "properties": { "P29_001": "14201", "P29_002": "B114220120428", "P29_003": "16001", "P29_004": "横須賀市立長井小学校", "P29_005": "神奈川県横須賀市長井5-9-1", "P29_006": "3", "P29_007": "1", "P29_008": "00", "P29_009": null }, "geometry": { "type": "Point", "coordinates": [ 139.612903674674612, 35.205348325532441 ] } },
{ "type": "Feature", "properties": { "P29_001": "14201", "P29_002": "B114220120437", "P29_003": "16001", "P29_004": "横須賀市立富士見小学校", "P29_005": "神奈川県横須賀市武3-19-1", "P29_006": "3", "P29_007": "1", "P29_008": "00", "P29_009": null }, "geometry": { "type": "Point", "coordinates": [ 139.64236318119319, 35.220152532881137 ] } },
{ "type": "Feature", "properties": { "P29_001": "14201", "P29_002": "B114220120446", "P29_003": "16001", "P29_004": "横須賀市立武山小学校", "P29_005": "神奈川県横須賀市太田和3-1-1", "P29_006": "3", "P29_007": "1", "P29_008": "00", "P29_009": null }, "geometry": { "type": "Point", "coordinates": [ 139.639613244339216, 35.224950513683581 ] } },
{ "type": "Feature", "properties": { "P29_001": "14201", "P29_002": "B114220120455", "P29_003": "16001", "P29_004": "横須賀市立荻野小学校", "P29_005": "神奈川県横須賀市荻野8-1", "P29_006": "3", "P29_007": "1", "P29_008": "00", "P29_009": null }, "geometry": { "type": "Point", "coordinates": [ 139.628806580648984, 35.226796224827048 ] } },
{ "type": "Feature", "properties": { "P29_001": "14201", "P29_002": "B114220120464", "P29_003": "16001", "P29_004": "横須賀市立大楠小学校", "P29_005": "神奈川県横須賀市芦名1-29-18", "P29_006": "3", "P29_007": "1", "P29_008": "00", "P29_009": null }, "geometry": { "type": "Point", "coordinates": [ 139.607725897262668, 35.234047074080507 ] } },
{ "type": "Feature", "properties": { "P29_001": "14203", "P29_002": "B114220320024", "P29_003": "16001", "P29_004": "平塚市立港小学校", "P29_005": "神奈川県平塚市夕陽ケ丘22-1", "P29_006": "3", "P29_007": "1", "P29_008": "00", "P29_009": null }, "geometry": { "type": "Point", "coordinates": [ 139.357589093775204, 35.322330901635738 ] } },
{ "type": "Feature", "properties": { "P29_001": "14203", "P29_002": "B114220320033", "P29_003": "16001", "P29_004": "平塚市立松原小学校", "P29_005": "神奈川県平塚市天沼7-10", "P29_006": "3", "P29_007": "1", "P29_008": "00", "P29_009": null }, "geometry": { "type": "Point", "coordinates": [ 139.356312130456587, 35.334985813604526 ] } },
{ "type": "Feature", "properties": { "P29_001": "14203", "P29_002": "B114220320042", "P29_003": "16001", "P29_004": "平塚市立富士見小学校", "P29_005": "神奈川県平塚市中里10-1", "P29_006": "3", "P29_007": "1", "P29_008": "00", "P29_009": null }, "geometry": { "type": "Point", "coordinates": [ 139.334696875829536, 35.332846412456618 ] } },
{ "type": "Feature", "properties": { "P29_001": "14203", "P29_002": "B114220320051", "P29_003": "16001", "P29_004": "平塚市立花水小学校", "P29_005": "神奈川県平塚市龍城ケ丘5-62", "P29_006": "3", "P29_007": "1", "P29_008": "00", "P29_009": null }, "geometry": { "type": "Point", "coordinates": [ 139.345207311743309, 35.318770264155802 ] } },
{ "type": "Feature", "properties": { "P29_001": "14203", "P29_002": "B114220320060", "P29_003": "16001", "P29_004": "平塚市立旭小学校", "P29_005": "神奈川県平塚市河内307", "P29_006": "3", "P29_007": "1", "P29_008": "00", "P29_009": null }, "geometry": { "type": "Point", "coordinates": [ 139.309181624010819, 35.335273126913378 ] } },
{ "type": "Feature", "properties": { "P29_001": "14203", "P29_002": "B114220320088", "P29_003": "16001", "P29_004": "平塚市立中原小学校", "P29_005": "神奈川県平塚市御殿2-8-9", "P29_006": "3", "P29_007": "1", "P29_008": "00", "P29_009": null }, "geometry": { "type": "Point", "coordinates": [ 139.329647291999521, 35.344158841465088 ] } },
{ "type": "Feature", "properties": { "P29_001": "14203", "P29_002": "B114220320097", "P29_003": "16001", "P29_004": "平塚市立豊田小学校", "P29_005": "神奈川県平塚市豊田宮下552", "P29_006": "3", "P29_007": "1", "P29_008": "00", "P29_009": null }, "geometry": { "type": "Point", "coordinates": [ 139.33124316280913, 35.358600872771184 ] } },
{ "type": "Feature", "properties": { "P29_001": "14203", "P29_002": "B114220320104", "P29_003": "16001", "P29_004": "平塚市立神田小学校", "P29_005": "神奈川県平塚市田村6-1-1", "P29_006": "3", "P29_007": "1", "P29_008": "00", "P29_009": null }, "geometry": { "type": "Point", "coordinates": [ 139.363310777311312, 35.376491713514703 ] } },
{ "type": "Feature", "properties": { "P29_001": "14203", "P29_002": "B114220320122", "P29_003": "16001", "P29_004": "平塚市立岡崎小学校", "P29_005": "神奈川県平塚市岡崎3430", "P29_006": "3", "P29_007": "1", "P29_008": "00", "P29_009": null }, "geometry": { "type": "Point", "coordinates": [ 139.306415719203471, 35.372947815123922 ] } },
{ "type": "Feature", "properties": { "P29_001": "14203", "P29_002": "B114220320131", "P29_003": "16001", "P29_004": "平塚市立金田小学校", "P29_005": "神奈川県平塚市入野514", "P29_006": "3", "P29_007": "1", "P29_008": "00", "P29_009": null }, "geometry": { "type": "Point", "coordinates": [ 139.315064739759777, 35.354508197295168 ] } },
{ "type": "Feature", "properties": { "P29_001": "14203", "P29_002": "B114220320140", "P29_003": "16001", "P29_004": "平塚市立土屋小学校", "P29_005": "神奈川県平塚市土屋3004-2", "P29_006": "3", "P29_007": "1", "P29_008": "00", "P29_009": null }, "geometry": { "type": "Point", "coordinates": [ 139.25974551644785, 35.347488799124982 ] } },
{ "type": "Feature", "properties": { "P29_001": "14203", "P29_002": "B114220320159", "P29_003": "16001", "P29_004": "平塚市立吉沢小学校", "P29_005": "神奈川県平塚市上吉沢465", "P29_006": "3", "P29_007": "1", "P29_008": "00", "P29_009": null }, "geometry": { "type": "Point", "coordinates": [ 139.289589934595114, 35.345893480101083 ] } },
{ "type": "Feature", "properties": { "P29_001": "14203", "P29_002": "B114220320168", "P29_003": "16001", "P29_004": "平塚市立金目小学校", "P29_005": "神奈川県平塚市南金目907", "P29_006": "3", "P29_007": "1", "P29_008": "00", "P29_009": null }, "geometry": { "type": "Point", "coordinates": [ 139.290272650217048, 35.358888841865777 ] } },
{ "type": "Feature", "properties": { "P29_001": "14203", "P29_002": "B114220320177", "P29_003": "16001", "P29_004": "平塚市立横内小学校", "P29_005": "神奈川県平塚市横内2687", "P29_006": "3", "P29_007": "1", "P29_008": "00", "P29_009": null }, "geometry": { "type": "Point", "coordinates": [ 139.352258162730408, 35.371794957553455 ] } },
{ "type": "Feature", "properties": { "P29_001": "14203", "P29_002": "B114220320186", "P29_003": "16001", "P29_004": "平塚市立八幡小学校", "P29_005": "神奈川県平塚市東八幡3-8-1", "P29_006": "3", "P29_007": "1", "P29_008": "00", "P29_009": null }, "geometry": { "type": "Point", "coordinates": [ 139.357697735624356, 35.344405056767208 ] } },
{ "type": "Feature", "properties": { "P29_001": "14203", "P29_002": "B114220320195", "P29_003": "16001", "P29_004": "平塚市立南原小学校", "P29_005": "神奈川県平塚市南原1-11-31", "P29_006": "3", "P29_007": "1", "P29_008": "00", "P29_009": null }, "geometry": { "type": "Point", "coordinates": [ 139.326967849608621, 35.337617110396771 ] } },
{ "type": "Feature", "properties": { "P29_001": "14203", "P29_002": "B114220320202", "P29_003": "16001", "P29_004": "平塚市立真土小学校", "P29_005": "神奈川県平塚市西真土4-3-1", "P29_006": "3", "P29_007": "1", "P29_008": "00", "P29_009": null }, "geometry": { "type": "Point", "coordinates": [ 139.349026308288813, 35.360823193682002 ] } },
{ "type": "Feature", "properties": { "P29_001": "14203", "P29_002": "B114220320211", "P29_003": "16001", "P29_004": "平塚市立松が丘小学校", "P29_005": "神奈川県平塚市東中原1-12-2", "P29_006": "3", "P29_007": "1", "P29_008": "00", "P29_009": null }, "geometry": { "type": "Point", "coordinates": [ 139.340751557993798, 35.355027867476316 ] } },
{ "type": "Feature", "properties": { "P29_001": "14203", "P29_002": "B114220320220", "P29_003": "16001", "P29_004": "平塚市立相模小学校", "P29_005": "神奈川県平塚市大神2434-1", "P29_006": "3", "P29_007": "1", "P29_008": "00", "P29_009": null }, "geometry": { "type": "Point", "coordinates": [ 139.362348103174355, 35.378039204786916 ] } },
{ "type": "Feature", "properties": { "P29_001": "14203", "P29_002": "B114220320239", "P29_003": "16001", "P29_004": "平塚市立なでしこ小学校", "P29_005": "神奈川県平塚市花水台42-1", "P29_006": "3", "P29_007": "1", "P29_008": "00", "P29_009": null }, "geometry": { "type": "Point", "coordinates": [ 139.338403686480973, 35.31651575561262 ] } },
{ "type": "Feature", "properties": { "P29_001": "14203", "P29_002": "B114220320248", "P29_003": "16001", "P29_004": "平塚市立勝原小学校", "P29_005": "神奈川県平塚市高村45", "P29_006": "3", "P29_007": "1", "P29_008": "00", "P29_009": null }, "geometry": { "type": "Point", "coordinates": [ 139.305447540922785, 35.333391027934525 ] } },
{ "type": "Feature", "properties": { "P29_001": "14203", "P29_002": "B114220320257", "P29_003": "16001", "P29_004": "平塚市立松延小学校", "P29_005": "神奈川県平塚市纒226", "P29_006": "3", "P29_007": "1", "P29_008": "00", "P29_009": null }, "geometry": { "type": "Point", "coordinates": [ 139.312392356435737, 35.341561379869141 ] } },
{ "type": "Feature", "properties": { "P29_001": "14203", "P29_002": "B114220320266", "P29_003": "16001", "P29_004": "平塚市立みずほ小学校", "P29_005": "神奈川県平塚市北金目2-39-1", "P29_006": "3", "P29_007": "1", "P29_008": "00", "P29_009": null }, "geometry": { "type": "Point", "coordinates": [ 139.287235251692096, 35.363459579966168 ] } },
{ "type": "Feature", "properties": { "P29_001": "14203", "P29_002": "B114220320293", "P29_003": "16001", "P29_004": "平塚市立金目小学校五領ヶ台分校", "P29_005": "神奈川県平塚市片岡991-1", "P29_006": "3", "P29_007": "1", "P29_008": "00", "P29_009": null }, "geometry": { "type": "Point", "coordinates": [ 139.295194615378364, 35.352922437621764 ] } },
{ "type": "Feature", "properties": { "P29_001": "14204", "P29_002": "B114220420014", "P29_003": "16001", "P29_004": "鎌倉市立第一小学校", "P29_005": "神奈川県鎌倉市由比ガ浜2-9-55", "P29_006": "3", "P29_007": "1", "P29_008": "00", "P29_009": null }, "geometry": { "type": "Point", "coordinates": [ 139.547779517282038, 35.314289547708881 ] } },
{ "type": "Feature", "properties": { "P29_001": "14204", "P29_002": "B114220420032", "P29_003": "16001", "P29_004": "鎌倉市立御成小学校", "P29_005": "神奈川県鎌倉市御成町19-1", "P29_006": "3", "P29_007": "1", "P29_008": "00", "P29_009": null }, "geometry": { "type": "Point", "coordinates": [ 139.547178122765985, 35.318180624554429 ] } },
{ "type": "Feature", "properties": { "P29_001": "14204", "P29_002": "B114220420041", "P29_003": "16001", "P29_004": "鎌倉市立稲村ケ崎小学校", "P29_005": "神奈川県鎌倉市極楽寺3-2-3", "P29_006": "3", "P29_007": "1", "P29_008": "00", "P29_009": null }, "geometry": { "type": "Point", "coordinates": [ 139.528143233056909, 35.310837075059617 ] } },
{ "type": "Feature", "properties": { "P29_001": "14204", "P29_002": "B114220420050", "P29_003": "16001", "P29_004": "鎌倉市立七里ガ浜小学校", "P29_005": "神奈川県鎌倉市七里ガ浜東5-3-2", "P29_006": "3", "P29_007": "1", "P29_008": "00", "P29_009": null }, "geometry": { "type": "Point", "coordinates": [ 139.512604629263933, 35.311446281489104 ] } },
{ "type": "Feature", "properties": { "P29_001": "14204", "P29_002": "B114220420069", "P29_003": "16001", "P29_004": "鎌倉市立腰越小学校", "P29_005": "神奈川県鎌倉市腰越5-7-1", "P29_006": "3", "P29_007": "1", "P29_008": "00", "P29_009": null }, "geometry": { "type": "Point", "coordinates": [ 139.492790416117259, 35.312623088779887 ] } },
{ "type": "Feature", "properties": { "P29_001": "14204", "P29_002": "B114220420087", "P29_003": "16001", "P29_004": "鎌倉市立深沢小学校", "P29_005": "神奈川県鎌倉市梶原1-11-1", "P29_006": "3", "P29_007": "1", "P29_008": "00", "P29_009": null }, "geometry": { "type": "Point", "coordinates": [ 139.520464263437759, 35.330947536082348 ] } },
{ "type": "Feature", "properties": { "P29_001": "14204", "P29_002": "B114220420096", "P29_003": "16001", "P29_004": "鎌倉市立富士塚小学校", "P29_005": "神奈川県鎌倉市上町屋810", "P29_006": "3", "P29_007": "1", "P29_008": "00", "P29_009": null }, "geometry": { "type": "Point", "coordinates": [ 139.520578135530371, 35.33702877516383 ] } },
{ "type": "Feature", "properties": { "P29_001": "14204", "P29_002": "B114220420112", "P29_003": "16001", "P29_004": "鎌倉市立小坂小学校", "P29_005": "神奈川県鎌倉市小袋谷587", "P29_006": "3", "P29_007": "1", "P29_008": "00", "P29_009": null }, "geometry": { "type": "Point", "coordinates": [ 139.540902521123229, 35.343814800533046 ] } },
{ "type": "Feature", "properties": { "P29_001": "14204", "P29_002": "B114220420121", "P29_003": "16001", "P29_004": "鎌倉市立玉縄小学校", "P29_005": "神奈川県鎌倉市玉縄1-860", "P29_006": "3", "P29_007": "1", "P29_008": "00", "P29_009": null }, "geometry": { "type": "Point", "coordinates": [ 139.523307122629376, 35.351107399760188 ] } },
{ "type": "Feature", "properties": { "P29_001": "14204", "P29_002": "B114220420149", "P29_003": "16001", "P29_004": "鎌倉市立関谷小学校", "P29_005": "神奈川県鎌倉市関谷468-1", "P29_006": "3", "P29_007": "1", "P29_008": "00", "P29_009": null }, "geometry": { "type": "Point", "coordinates": [ 139.513497432836147, 35.360996698182625 ] } },
{ "type": "Feature", "properties": { "P29_001": "14204", "P29_002": "B114220420158", "P29_003": "16001", "P29_004": "鎌倉市立大船小学校", "P29_005": "神奈川県鎌倉市大船2-8-1", "P29_006": "3", "P29_007": "1", "P29_008": "00", "P29_009": null }, "geometry": { "type": "Point", "coordinates": [ 139.534981862259826, 35.351432122931897 ] } },
{ "type": "Feature", "properties": { "P29_001": "14204", "P29_002": "B114220420167", "P29_003": "16001", "P29_004": "鎌倉市立今泉小学校", "P29_005": "神奈川県鎌倉市今泉2-13-1", "P29_006": "3", "P29_007": "1", "P29_008": "00", "P29_009": null }, "geometry": { "type": "Point", "coordinates": [ 139.551367505020323, 35.344895323160756 ] } },
{ "type": "Feature", "properties": { "P29_001": "14205", "P29_002": "B114220520013", "P29_003": "16001", "P29_004": "藤沢市立藤沢小学校", "P29_005": "神奈川県藤沢市本町1-9-1", "P29_006": "3", "P29_007": "1", "P29_008": "00", "P29_009": null }, "geometry": { "type": "Point", "coordinates": [ 139.484020695939279, 35.34533541679194 ] } },
{ "type": "Feature", "properties": { "P29_001": "14205", "P29_002": "B114220520022", "P29_003": "16001", "P29_004": "藤沢市立明治小学校", "P29_005": "神奈川県藤沢市城南3-3-1", "P29_006": "3", "P29_007": "1", "P29_008": "00", "P29_009": null }, "geometry": { "type": "Point", "coordinates": [ 139.459650387347295, 35.349872121763923 ] } },
{ "type": "Feature", "properties": { "P29_001": "14205", "P29_002": "B114220520031", "P29_003": "16001", "P29_004": "藤沢市立鵠沼小学校", "P29_005": "神奈川県藤沢市本鵠沼5-4-23", "P29_006": "3", "P29_007": "1", "P29_008": "00", "P29_009": null }, "geometry": { "type": "Point", "coordinates": [ 139.473465794091112, 35.336738942530438 ] } },
{ "type": "Feature", "properties": { "P29_001": "14205", "P29_002": "B114220520040", "P29_003": "16001", "P29_004": "藤沢市立本町小学校", "P29_005": "神奈川県藤沢市本町2-6-17", "P29_006": "3", "P29_007": "1", "P29_008": "00", "P29_009": null }, "geometry": { "type": "Point", "coordinates": [ 139.479693007203821, 35.34286303717063 ] } },
{ "type": "Feature", "properties": { "P29_001": "14205", "P29_002": "B114220520059", "P29_003": "16001", "P29_004": "藤沢市立村岡小学校", "P29_005": "神奈川県藤沢市弥勒寺1-16-1", "P29_006": "3", "P29_007": "1", "P29_008": "00", "P29_009": null }, "geometry": { "type": "Point", "coordinates": [ 139.49788244438767, 35.338324600299572 ] } },
{ "type": "Feature", "properties": { "P29_001": "14205", "P29_002": "B114220520068", "P29_003": "16001", "P29_004": "藤沢市立六会小学校", "P29_005": "神奈川県藤沢市亀井野550", "P29_006": "3", "P29_007": "1", "P29_008": "00", "P29_009": null }, "geometry": { "type": "Point", "coordinates": [ 139.465711009348752, 35.389159537125359 ] } },
{ "type": "Feature", "properties": { "P29_001": "14205", "P29_002": "B114220520077", "P29_003": "16001", "P29_004": "藤沢市立辻堂小学校", "P29_005": "神奈川県藤沢市辻堂東海岸1-17-1", "P29_006": "3", "P29_007": "1", "P29_008": "00", "P29_009": null }, "geometry": { "type": "Point", "coordinates": [ 139.457381025169298, 35.325778729588016 ] } },
{ "type": "Feature", "properties": { "P29_001": "14205", "P29_002": "B114220520086", "P29_003": "16001", "P29_004": "藤沢市立鵠洋小学校", "P29_005": "神奈川県藤沢市鵠沼桜が岡3-16-38", "P29_006": "3", "P29_007": "1", "P29_008": "00", "P29_009": null }, "geometry": { "type": "Point", "coordinates": [ 139.475042502512395, 35.326767987175266 ] } },
{ "type": "Feature", "properties": { "P29_001": "14205", "P29_002": "B114220520095", "P29_003": "16001", "P29_004": "藤沢市立片瀬小学校", "P29_005": "神奈川県藤沢市片瀬2-14-29", "P29_006": "3", "P29_007": "1", "P29_008": "00", "P29_009": null }, "geometry": { "type": "Point", "coordinates": [ 139.487727190239781, 35.319904404017812 ] } },
{ "type": "Feature", "properties": { "P29_001": "14205", "P29_002": "B114220520111", "P29_003": "16001", "P29_004": "藤沢市立秋葉台小学校", "P29_005": "神奈川県藤沢市遠藤2959", "P29_006": "3", "P29_007": "1", "P29_008": "00", "P29_009": null }, "geometry": { "type": "Point", "coordinates": [ 139.441389037850371, 35.389324411655721 ] } },
{ "type": "Feature", "properties": { "P29_001": "14205", "P29_002": "B114220520120", "P29_003": "16001", "P29_004": "藤沢市立御所見小学校", "P29_005": "神奈川県藤沢市打戻1902", "P29_006": "3", "P29_007": "1", "P29_008": "00", "P29_009": null }, "geometry": { "type": "Point", "coordinates": [ 139.416661623072201, 35.403347466516756 ] } },
{ "type": "Feature", "properties": { "P29_001": "14205", "P29_002": "B114220520139", "P29_003": "16001", "P29_004": "藤沢市立長後小学校", "P29_005": "神奈川県藤沢市長後770", "P29_006": "3", "P29_007": "1", "P29_008": "00", "P29_009": null }, "geometry": { "type": "Point", "coordinates": [ 139.468467468315282, 35.416549619594853 ] } },
{ "type": "Feature", "properties": { "P29_001": "14205", "P29_002": "B114220520148", "P29_003": "16001", "P29_004": "藤沢市立八松小学校", "P29_005": "神奈川県藤沢市辻堂元町3-1-6", "P29_006": "3", "P29_007": "1", "P29_008": "00", "P29_009": null }, "geometry": { "type": "Point", "coordinates": [ 139.452962327659293, 35.333937134225962 ] } },
{ "type": "Feature", "properties": { "P29_001": "14205", "P29_002": "B114220520157", "P29_003": "16001", "P29_004": "藤沢市立高砂小学校", "P29_005": "神奈川県藤沢市辻堂西海岸1-3-1", "P29_006": "3", "P29_007": "1", "P29_008": "00", "P29_009": null }, "geometry": { "type": "Point", "coordinates": [ 139.448489062723013, 35.326017983879105 ] } },
{ "type": "Feature", "properties": { "P29_001": "14205", "P29_002": "B114220520166", "P29_003": "16001", "P29_004": "藤沢市立善行小学校", "P29_005": "神奈川県藤沢市善行団地6-1", "P29_006": "3", "P29_007": "1", "P29_008": "00", "P29_009": null }, "geometry": { "type": "Point", "coordinates": [ 139.461361266027495, 35.367275722501951 ] } },
{ "type": "Feature", "properties": { "P29_001": "14205", "P29_002": "B114220520175", "P29_003": "16001", "P29_004": "藤沢市立富士見台小学校", "P29_005": "神奈川県藤沢市下土棚591-1", "P29_006": "3", "P29_007": "1", "P29_008": "00", "P29_009": null }, "geometry": { "type": "Point", "coordinates": [ 139.459131823286185, 35.409288803867874 ] } },
{ "type": "Feature", "properties": { "P29_001": "14205", "P29_002": "B114220520184", "P29_003": "16001", "P29_004": "藤沢市立鵠南小学校", "P29_005": "神奈川県藤沢市鵠沼海岸4-7-34", "P29_006": "3", "P29_007": "1", "P29_008": "00", "P29_009": null }, "geometry": { "type": "Point", "coordinates": [ 139.463822328746005, 35.318586467897781 ] } },
{ "type": "Feature", "properties": { "P29_001": "14205", "P29_002": "B114220520193", "P29_003": "16001", "P29_004": "藤沢市立浜見小学校", "P29_005": "神奈川県藤沢市辻堂西海岸1-4-1", "P29_006": "3", "P29_007": "1", "P29_008": "00", "P29_009": null }, "geometry": { "type": "Point", "coordinates": [ 139.449683523430792, 35.324714797508918 ] } },
{ "type": "Feature", "properties": { "P29_001": "14205", "P29_002": "B114220520219", "P29_003": "16001", "P29_004": "藤沢市立大越小学校", "P29_005": "神奈川県藤沢市善行坂1-19-1", "P29_006": "3", "P29_007": "1", "P29_008": "00", "P29_009": null }, "geometry": { "type": "Point", "coordinates": [ 139.464515329151737, 35.364818257359637 ] } },
{ "type": "Feature", "properties": { "P29_001": "14205", "P29_002": "B114220520228", "P29_003": "16001", "P29_004": "藤沢市立羽鳥小学校", "P29_005": "神奈川県藤沢市羽鳥3-11-1", "P29_006": "3", "P29_007": "1", "P29_008": "00", "P29_009": null }, "geometry": { "type": "Point", "coordinates": [ 139.458380063451045, 35.343777172708016 ] } },
{ "type": "Feature", "properties": { "P29_001": "14205", "P29_002": "B114220520237", "P29_003": "16001", "P29_004": "藤沢市立湘南台小学校", "P29_005": "神奈川県藤沢市湘南台5-23", "P29_006": "3", "P29_007": "1", "P29_008": "00", "P29_009": null }, "geometry": { "type": "Point", "coordinates": [ 139.467747190967941, 35.401290128659717 ] } },
{ "type": "Feature", "properties": { "P29_001": "14205", "P29_002": "B114220520246", "P29_003": "16001", "P29_004": "藤沢市立大庭小学校", "P29_005": "神奈川県藤沢市大庭5307-7", "P29_006": "3", "P29_007": "1", "P29_008": "00", "P29_009": null }, "geometry": { "type": "Point", "coordinates": [ 139.443533527889514, 35.363627839629487 ] } },
{ "type": "Feature", "properties": { "P29_001": "14205", "P29_002": "B114220520255", "P29_003": "16001", "P29_004": "藤沢市立亀井野小学校", "P29_005": "神奈川県藤沢市亀井野3-31", "P29_006": "3", "P29_007": "1", "P29_008": "00", "P29_009": null }, "geometry": { "type": "Point", "coordinates": [ 139.477004679174399, 35.380677447542674 ] } },
{ "type": "Feature", "properties": { "P29_001": "14205", "P29_002": "B114220520273", "P29_003": "16001", "P29_004": "藤沢市立中里小学校", "P29_005": "神奈川県藤沢市獺郷68", "P29_006": "3", "P29_007": "1", "P29_008": "00", "P29_009": null }, "geometry": { "type": "Point", "coordinates": [ 139.413968208262276, 35.399105389834922 ] } },
{ "type": "Feature", "properties": { "P29_001": "14205", "P29_002": "B114220520282", "P29_003": "16001", "P29_004": "藤沢市立滝の沢小学校", "P29_005": "神奈川県藤沢市遠藤641-3", "P29_006": "3", "P29_007": "1", "P29_008": "00", "P29_009": null }, "geometry": { "type": "Point", "coordinates": [ 139.436936027439316, 35.370113501564262 ] } },
{ "type": "Feature", "properties": { "P29_001": "14205", "P29_002": "B114220520291", "P29_003": "16001", "P29_004": "藤沢市立大鋸小学校", "P29_005": "神奈川県藤沢市大鋸1020", "P29_006": "3", "P29_007": "1", "P29_008": "00", "P29_009": null }, "geometry": { "type": "Point", "coordinates": [ 139.494154284573625, 35.354201673017194 ] } },
{ "type": "Feature", "properties": { "P29_001": "14205", "P29_002": "B114220520308", "P29_003": "16001", "P29_004": "藤沢市立天神小学校", "P29_005": "神奈川県藤沢市天神町1-1", "P29_006": "3", "P29_007": "1", "P29_008": "00", "P29_009": null }, "geometry": { "type": "Point", "coordinates": [ 139.464260202114019, 35.374738839652117 ] } },
{ "type": "Feature", "properties": { "P29_001": "14205", "P29_002": "B114220520326", "P29_003": "16001", "P29_004": "藤沢市立高谷小学校", "P29_005": "神奈川県藤沢市高谷9-1", "P29_006": "3", "P29_007": "1", "P29_008": "00", "P29_009": null }, "geometry": { "type": "Point", "coordinates": [ 139.5036591624918, 35.343432688553158 ] } },
{ "type": "Feature", "properties": { "P29_001": "14205", "P29_002": "B114220520335", "P29_003": "16001", "P29_004": "藤沢市立小糸小学校", "P29_005": "神奈川県藤沢市大庭5062-1", "P29_006": "3", "P29_007": "1", "P29_008": "00", "P29_009": null }, "geometry": { "type": "Point", "coordinates": [ 139.446513342004096, 35.359356281045592 ] } },
{ "type": "Feature", "properties": { "P29_001": "14205", "P29_002": "B114220520344", "P29_003": "16001", "P29_004": "藤沢市立大清水小学校", "P29_005": "神奈川県藤沢市大鋸1433", "P29_006": "3", "P29_007": "1", "P29_008": "00", "P29_009": null }, "geometry": { "type": "Point", "coordinates": [ 139.484996617202455, 35.354882821961624 ] } },
{ "type": "Feature", "properties": { "P29_001": "14205", "P29_002": "B114220520353", "P29_003": "16001", "P29_004": "藤沢市立石川小学校", "P29_005": "神奈川県藤沢市石川4-19-1", "P29_006": "3", "P29_007": "1", "P29_008": "00", "P29_009": null }, "geometry": { "type": "Point", "coordinates": [ 139.447601238356299, 35.376443504717571 ] } },
{ "type": "Feature", "properties": { "P29_001": "14206", "P29_002": "B114220620012", "P29_003": "16001", "P29_004": "小田原市立三の丸小学校", "P29_005": "神奈川県小田原市本町1-12-49", "P29_006": "3", "P29_007": "1", "P29_008": "00", "P29_009": null }, "geometry": { "type": "Point", "coordinates": [ 139.1562465919734, 35.248519057794923 ] } },
{ "type": "Feature", "properties": { "P29_001": "14206", "P29_002": "B114220620021", "P29_003": "16001", "P29_004": "小田原市立新玉小学校", "P29_005": "神奈川県小田原市浜町2-1-20", "P29_006": "3", "P29_007": "1", "P29_008": "00", "P29_009": null }, "geometry": { "type": "Point", "coordinates": [ 139.164800432452836, 35.255537706606056 ] } },
{ "type": "Feature", "properties": { "P29_001": "14206", "P29_002": "B114220620030", "P29_003": "16001", "P29_004": "小田原市立足柄小学校", "P29_005": "神奈川県小田原市扇町3-21-7", "P29_006": "3", "P29_007": "1", "P29_008": "00", "P29_009": null }, "geometry": { "type": "Point", "coordinates": [ 139.156613511227278, 35.269006003947631 ] } },
{ "type": "Feature", "properties": { "P29_001": "14206", "P29_002": "B114220620049", "P29_003": "16001", "P29_004": "小田原市立芦子小学校", "P29_005": "神奈川県小田原市扇町1-37-7", "P29_006": "3", "P29_007": "1", "P29_008": "00", "P29_009": null }, "geometry": { "type": "Point", "coordinates": [ 139.156828620111099, 35.265096208019656 ] } },
{ "type": "Feature", "properties": { "P29_001": "14206", "P29_002": "B114220620067", "P29_003": "16001", "P29_004": "小田原市立早川小学校", "P29_005": "神奈川県小田原市早川2-14-1", "P29_006": "3", "P29_007": "1", "P29_008": "00", "P29_009": null }, "geometry": { "type": "Point", "coordinates": [ 139.143714989630894, 35.243481670445831 ] } },
{ "type": "Feature", "properties": { "P29_001": "14206", "P29_002": "B114220620076", "P29_003": "16001", "P29_004": "小田原市立山王小学校", "P29_005": "神奈川県小田原市東町2-9-1", "P29_006": "3", "P29_007": "1", "P29_008": "00", "P29_009": null }, "geometry": { "type": "Point", "coordinates": [ 139.175961533879018, 35.25772674330473 ] } },
{ "type": "Feature", "properties": { "P29_001": "14206", "P29_002": "B114220620085", "P29_003": "16001", "P29_004": "小田原市立久野小学校", "P29_005": "神奈川県小田原市久野1561", "P29_006": "3", "P29_007": "1", "P29_008": "00", "P29_009": null }, "geometry": { "type": "Point", "coordinates": [ 139.136520377175287, 35.27278543059051 ] } },
{ "type": "Feature", "properties": { "P29_001": "14206", "P29_002": "B114220620094", "P29_003": "16001", "P29_004": "小田原市立富水小学校", "P29_005": "神奈川県小田原市飯田岡481", "P29_006": "3", "P29_007": "1", "P29_008": "00", "P29_009": null }, "geometry": { "type": "Point", "coordinates": [ 139.141157939274251, 35.288829114581532 ] } },
{ "type": "Feature", "properties": { "P29_001": "14206", "P29_002": "B114220620101", "P29_003": "16001", "P29_004": "小田原市立町田小学校", "P29_005": "神奈川県小田原市寿町2-7-25", "P29_006": "3", "P29_007": "1", "P29_008": "00", "P29_009": null }, "geometry": { "type": "Point", "coordinates": [ 139.167028149335351, 35.261132206138242 ] } },
{ "type": "Feature", "properties": { "P29_001": "14206", "P29_002": "B114220620110", "P29_003": "16001", "P29_004": "小田原市立下府中小学校", "P29_005": "神奈川県小田原市酒匂930", "P29_006": "3", "P29_007": "1", "P29_008": "00", "P29_009": null }, "geometry": { "type": "Point", "coordinates": [ 139.187472403006467, 35.278583851435783 ] } },
{ "type": "Feature", "properties": { "P29_001": "14206", "P29_002": "B114220620129", "P29_003": "16001", "P29_004": "小田原市立桜井小学校", "P29_005": "神奈川県小田原市曽比1943", "P29_006": "3", "P29_007": "1", "P29_008": "00", "P29_009": null }, "geometry": { "type": "Point", "coordinates": [ 139.139417491676284, 35.31051723411781 ] } },
{ "type": "Feature", "properties": { "P29_001": "14206", "P29_002": "B114220620138", "P29_003": "16001", "P29_004": "小田原市立千代小学校", "P29_005": "神奈川県小田原市千代687", "P29_006": "3", "P29_007": "1", "P29_008": "00", "P29_009": null }, "geometry": { "type": "Point", "coordinates": [ 139.178271691752798, 35.295467181939593 ] } },
{ "type": "Feature", "properties": { "P29_001": "14206", "P29_002": "B114220620147", "P29_003": "16001", "P29_004": "小田原市立下曽我小学校", "P29_005": "神奈川県小田原市曽我原333", "P29_006": "3", "P29_007": "1", "P29_008": "00", "P29_009": null }, "geometry": { "type": "Point", "coordinates": [ 139.190618734604271, 35.299851535421155 ] } },
{ "type": "Feature", "properties": { "P29_001": "14206", "P29_002": "B114220620183", "P29_003": "16001", "P29_004": "小田原市立曽我小学校", "P29_005": "神奈川県小田原市曽我大沢69", "P29_006": "3", "P29_007": "1", "P29_008": "00", "P29_009": null }, "geometry": { "type": "Point", "coordinates": [ 139.166337272675008, 35.317051414050411 ] } },
{ "type": "Feature", "properties": { "P29_001": "14206", "P29_002": "B114220620192", "P29_003": "16001", "P29_004": "小田原市立東富水小学校", "P29_005": "神奈川県小田原市中曽根359-1", "P29_006": "3", "P29_007": "1", "P29_008": "00", "P29_009": null }, "geometry": { "type": "Point", "coordinates": [ 139.154925194550572, 35.291466606916352 ] } },
{ "type": "Feature", "properties": { "P29_001": "14206", "P29_002": "B114220620209", "P29_003": "16001", "P29_004": "小田原市立前羽小学校", "P29_005": "神奈川県小田原市前川858", "P29_006": "3", "P29_007": "1", "P29_008": "00", "P29_009": null }, "geometry": { "type": "Point", "coordinates": [ 139.226649435025735, 35.28535848597167 ] } },
{ "type": "Feature", "properties": { "P29_001": "14206", "P29_002": "B114220620218", "P29_003": "16001", "P29_004": "小田原市立下中小学校", "P29_005": "神奈川県小田原市小船178", "P29_006": "3", "P29_007": "1", "P29_008": "00", "P29_009": null }, "geometry": { "type": "Point", "coordinates": [ 139.225104917830691, 35.301895848775963 ] } },
{ "type": "Feature", "properties": { "P29_001": "14206", "P29_002": "B114220620227", "P29_003": "16001", "P29_004": "小田原市立矢作小学校", "P29_005": "神奈川県小田原市矢作227", "P29_006": "3", "P29_007": "1", "P29_008": "00", "P29_009": null }, "geometry": { "type": "Point", "coordinates": [ 139.176644291818803, 35.287113242018094 ] } },
{ "type": "Feature", "properties": { "P29_001": "14206", "P29_002": "B114220620236", "P29_003": "16001", "P29_004": "小田原市立報徳小学校", "P29_005": "神奈川県小田原市小台405", "P29_006": "3", "P29_007": "1", "P29_008": "00", "P29_009": null }, "geometry": { "type": "Point", "coordinates": [ 139.139883841895937, 35.301161067016459 ] } },
{ "type": "Feature", "properties": { "P29_001": "14206", "P29_002": "B114220620245", "P29_003": "16001", "P29_004": "小田原市立豊川小学校", "P29_005": "神奈川県小田原市成田530-1", "P29_006": "3", "P29_007": "1", "P29_008": "00", "P29_009": null }, "geometry": { "type": "Point", "coordinates": [ 139.165682498614871, 35.286227095970688 ] } },
{ "type": "Feature", "properties": { "P29_001": "14207", "P29_002": "B114220720020", "P29_003": "16001", "P29_004": "茅ヶ崎市立鶴嶺小学校", "P29_005": "神奈川県茅ヶ崎市浜之郷477", "P29_006": "3", "P29_007": "1", "P29_008": "00", "P29_009": null }, "geometry": { "type": "Point", "coordinates": [ 139.389712974490408, 35.337741798333312 ] } },
{ "type": "Feature", "properties": { "P29_001": "14207", "P29_002": "B114220720039", "P29_003": "16001", "P29_004": "茅ヶ崎市立松林小学校", "P29_005": "神奈川県茅ヶ崎市菱沼1-1-1", "P29_006": "3", "P29_007": "1", "P29_008": "00", "P29_009": null }, "geometry": { "type": "Point", "coordinates": [ 139.42785386740232, 35.344614853994763 ] } },
{ "type": "Feature", "properties": { "P29_001": "14207", "P29_002": "B114220720048", "P29_003": "16001", "P29_004": "茅ヶ崎市立西浜小学校", "P29_005": "神奈川県茅ヶ崎市南湖6-5-8", "P29_006": "3", "P29_007": "1", "P29_008": "00", "P29_009": null }, "geometry": { "type": "Point", "coordinates": [ 139.394853663013834, 35.31877027975306 ] } },
{ "type": "Feature", "properties": { "P29_001": "14207", "P29_002": "B114220720057", "P29_003": "16001", "P29_004": "茅ヶ崎市立小出小学校", "P29_005": "神奈川県茅ヶ崎市芹沢944", "P29_006": "3", "P29_007": "1", "P29_008": "00", "P29_009": null }, "geometry": { "type": "Point", "coordinates": [ 139.423924313711524, 35.371589104591038 ] } },
{ "type": "Feature", "properties": { "P29_001": "14207", "P29_002": "B114220720066", "P29_003": "16001", "P29_004": "茅ヶ崎市立松浪小学校", "P29_005": "神奈川県茅ヶ崎市松浪1-1-61", "P29_006": "3", "P29_007": "1", "P29_008": "00", "P29_009": null }, "geometry": { "type": "Point", "coordinates": [ 139.432583155255458, 35.330981978893249 ] } },
{ "type": "Feature", "properties": { "P29_001": "14207", "P29_002": "B114220720075", "P29_003": "16001", "P29_004": "茅ヶ崎市立梅田小学校", "P29_005": "神奈川県茅ヶ崎市茅ヶ崎1-6-1", "P29_006": "3", "P29_007": "1", "P29_008": "00", "P29_009": null }, "geometry": { "type": "Point", "coordinates": [ 139.401294368174234, 35.333172610642045 ] } },
{ "type": "Feature", "properties": { "P29_001": "14207", "P29_002": "B114220720093", "P29_003": "16001", "P29_004": "茅ヶ崎市立浜須賀小学校", "P29_005": "神奈川県茅ヶ崎市白浜町3-1", "P29_006": "3", "P29_007": "1", "P29_008": "00", "P29_009": null }, "geometry": { "type": "Point", "coordinates": [ 139.4238624189571, 35.322955061060583 ] } },
{ "type": "Feature", "properties": { "P29_001": "14207", "P29_002": "B114220720100", "P29_003": "16001", "P29_004": "茅ヶ崎市立鶴が台小学校", "P29_005": "神奈川県茅ヶ崎市鶴が台12-1", "P29_006": "3", "P29_007": "1", "P29_008": "00", "P29_009": null }, "geometry": { "type": "Point", "coordinates": [ 139.405355453409811, 35.34786554283108 ] } },
{ "type": "Feature", "properties": { "P29_001": "14207", "P29_002": "B114220720119", "P29_003": "16001", "P29_004": "茅ヶ崎市立柳島小学校", "P29_005": "神奈川県茅ヶ崎市柳島1594", "P29_006": "3", "P29_007": "1", "P29_008": "00", "P29_009": null }, "geometry": { "type": "Point", "coordinates": [ 139.377990568069436, 35.324278618706224 ] } },
{ "type": "Feature", "properties": { "P29_001": "14207", "P29_002": "B114220720128", "P29_003": "16001", "P29_004": "茅ヶ崎市立小和田小学校", "P29_005": "神奈川県茅ヶ崎市小和田3-10-1", "P29_006": "3", "P29_007": "1", "P29_008": "00", "P29_009": null }, "geometry": { "type": "Point", "coordinates": [ 139.438936592333931, 35.343827451564671 ] } },
{ "type": "Feature", "properties": { "P29_001": "14207", "P29_002": "B114220720137", "P29_003": "16001", "P29_004": "茅ヶ崎市立円蔵小学校", "P29_005": "神奈川県茅ヶ崎市円蔵1-13-1", "P29_006": "3", "P29_007": "1", "P29_008": "00", "P29_009": null }, "geometry": { "type": "Point", "coordinates": [ 139.407684612292059, 35.342386739338359 ] } },
{ "type": "Feature", "properties": { "P29_001": "14207", "P29_002": "B114220720146", "P29_003": "16001", "P29_004": "茅ヶ崎市立今宿小学校", "P29_005": "神奈川県茅ヶ崎市今宿192", "P29_006": "3", "P29_007": "1", "P29_008": "00", "P29_009": null }, "geometry": { "type": "Point", "coordinates": [ 139.38556324458753, 35.336555211529095 ] } },
{ "type": "Feature", "properties": { "P29_001": "14207", "P29_002": "B114220720155", "P29_003": "16001", "P29_004": "茅ヶ崎市立室田小学校", "P29_005": "神奈川県茅ヶ崎市室田1-1-1", "P29_006": "3", "P29_007": "1", "P29_008": "00", "P29_009": null }, "geometry": { "type": "Point", "coordinates": [ 139.420532099954187, 35.346038517068337 ] } },
{ "type": "Feature", "properties": { "P29_001": "14207", "P29_002": "B114220720164", "P29_003": "16001", "P29_004": "茅ヶ崎市立東海岸小学校", "P29_005": "神奈川県茅ヶ崎市東海岸南4-10-1", "P29_006": "3", "P29_007": "1", "P29_008": "00", "P29_009": null }, "geometry": { "type": "Point", "coordinates": [ 139.413743633384996, 35.319869955772283 ] } },
{ "type": "Feature", "properties": { "P29_001": "14207", "P29_002": "B114220720173", "P29_003": "16001", "P29_004": "茅ヶ崎市立浜之郷小学校", "P29_005": "神奈川県茅ヶ崎市浜之郷90", "P29_006": "3", "P29_007": "1", "P29_008": "00", "P29_009": null }, "geometry": { "type": "Point", "coordinates": [ 139.389539469135514, 35.344857733068395 ] } },
{ "type": "Feature", "properties": { "P29_001": "14207", "P29_002": "B114220720182", "P29_003": "16001", "P29_004": "茅ヶ崎市立緑が浜小学校", "P29_005": "神奈川県茅ヶ崎市緑が浜1-1", "P29_006": "3", "P29_007": "1", "P29_008": "00", "P29_009": null }, "geometry": { "type": "Point", "coordinates": [ 139.432446516650032, 35.323375350121466 ] } },
{ "type": "Feature", "properties": { "P29_001": "14208", "P29_002": "B114220820010", "P29_003": "16001", "P29_004": "逗子市立逗子小学校", "P29_005": "神奈川県逗子市逗子4-2-45", "P29_006": "3", "P29_007": "1", "P29_008": "00", "P29_009": null }, "geometry": { "type": "Point", "coordinates": [ 139.582751320131138, 35.294865054926454 ] } },
{ "type": "Feature", "properties": { "P29_001": "14208", "P29_002": "B114220820029", "P29_003": "16001", "P29_004": "逗子市立沼間小学校", "P29_005": "神奈川県逗子市沼間1-7-18", "P29_006": "3", "P29_007": "1", "P29_008": "00", "P29_009": null }, "geometry": { "type": "Point", "coordinates": [ 139.601213118345811, 35.296979205869 ] } },
{ "type": "Feature", "properties": { "P29_001": "14208", "P29_002": "B114220820038", "P29_003": "16001", "P29_004": "逗子市立久木小学校", "P29_005": "神奈川県逗子市久木2-1-1", "P29_006": "3", "P29_007": "1", "P29_008": "00", "P29_009": null }, "geometry": { "type": "Point", "coordinates": [ 139.576503280599923, 35.30241095752023 ] } },
{ "type": "Feature", "properties": { "P29_001": "14208", "P29_002": "B114220820047", "P29_003": "16001", "P29_004": "逗子市立小坪小学校", "P29_005": "神奈川県逗子市小坪3-6-1", "P29_006": "3", "P29_007": "1", "P29_008": "00", "P29_009": null }, "geometry": { "type": "Point", "coordinates": [ 139.559310949591975, 35.298620282241579 ] } },
{ "type": "Feature", "properties": { "P29_001": "14208", "P29_002": "B114220820056", "P29_003": "16001", "P29_004": "逗子市立池子小学校", "P29_005": "神奈川県逗子市池子3-9-1", "P29_006": "3", "P29_007": "1", "P29_008": "00", "P29_009": null }, "geometry": { "type": "Point", "coordinates": [ 139.601116534422971, 35.306121823464963 ] } },
{ "type": "Feature", "properties": { "P29_001": "14210", "P29_002": "B114221020016", "P29_003": "16001", "P29_004": "三浦市立三崎小学校", "P29_005": "神奈川県三浦市三崎1-20-32", "P29_006": "3", "P29_007": "1", "P29_008": "00", "P29_009": null }, "geometry": { "type": "Point", "coordinates": [ 139.619452611490999, 35.143234474274756 ] } },
{ "type": "Feature", "properties": { "P29_001": "14210", "P29_002": "B114221020025", "P29_003": "16001", "P29_004": "三浦市立岬陽小学校", "P29_005": "神奈川県三浦市岬陽町10-1", "P29_006": "3", "P29_007": "1", "P29_008": "00", "P29_009": null }, "geometry": { "type": "Point", "coordinates": [ 139.630971672311205, 35.14716419539986 ] } },
{ "type": "Feature", "properties": { "P29_001": "14210", "P29_002": "B114221020034", "P29_003": "16001", "P29_004": "三浦市立南下浦小学校", "P29_005": "神奈川県三浦市南下浦町菊名1096", "P29_006": "3", "P29_007": "1", "P29_008": "00", "P29_009": null }, "geometry": { "type": "Point", "coordinates": [ 139.653761417426523, 35.173370141202746 ] } },
{ "type": "Feature", "properties": { "P29_001": "14210", "P29_002": "B114221020052", "P29_003": "16001", "P29_004": "三浦市立剣崎小学校", "P29_005": "神奈川県三浦市南下浦町松輪1710", "P29_006": "3", "P29_007": "1", "P29_008": "00", "P29_009": null }, "geometry": { "type": "Point", "coordinates": [ 139.665642143773709, 35.147475589922152 ] } },
{ "type": "Feature", "properties": { "P29_001": "14210", "P29_002": "B114221020061", "P29_003": "16001", "P29_004": "三浦市立初声小学校", "P29_005": "神奈川県三浦市初声町下宮田3728", "P29_006": "3", "P29_007": "1", "P29_008": "00", "P29_009": null }, "geometry": { "type": "Point", "coordinates": [ 139.629721193986342, 35.188162462429091 ] } },
{ "type": "Feature", "properties": { "P29_001": "14210", "P29_002": "B114221020070", "P29_003": "16001", "P29_004": "三浦市立名向小学校", "P29_005": "神奈川県三浦市三崎町諸磯65", "P29_006": "3", "P29_007": "1", "P29_008": "00", "P29_009": null }, "geometry": { "type": "Point", "coordinates": [ 139.627933430150534, 35.155348173503057 ] } },
{ "type": "Feature", "properties": { "P29_001": "14211", "P29_002": "B114221120015", "P29_003": "16001", "P29_004": "秦野市立本町小学校", "P29_005": "神奈川県秦野市文京町1-5", "P29_006": "3", "P29_007": "1", "P29_008": "00", "P29_009": null }, "geometry": { "type": "Point", "coordinates": [ 139.224039722734943, 35.373769255036223 ] } },
{ "type": "Feature", "properties": { "P29_001": "14211", "P29_002": "B114221120024", "P29_003": "16001", "P29_004": "秦野市立南小学校", "P29_005": "神奈川県秦野市今泉699", "P29_006": "3", "P29_007": "1", "P29_008": "00", "P29_009": null }, "geometry": { "type": "Point", "coordinates": [ 139.217071652340508, 35.366753688943398 ] } },
{ "type": "Feature", "properties": { "P29_001": "14211", "P29_002": "B114221120033", "P29_003": "16001", "P29_004": "秦野市立東小学校", "P29_005": "神奈川県秦野市寺山512", "P29_006": "3", "P29_007": "1", "P29_008": "00", "P29_009": null }, "geometry": { "type": "Point", "coordinates": [ 139.234340451670505, 35.394952773490587 ] } },
{ "type": "Feature", "properties": { "P29_001": "14211", "P29_002": "B114221120042", "P29_003": "16001", "P29_004": "秦野市立北小学校", "P29_005": "神奈川県秦野市菩堤380", "P29_006": "3", "P29_007": "1", "P29_008": "00", "P29_009": null }, "geometry": { "type": "Point", "coordinates": [ 139.189046206089415, 35.399759410478424 ] } },
{ "type": "Feature", "properties": { "P29_001": "14211", "P29_002": "B114221120051", "P29_003": "16001", "P29_004": "秦野市立大根小学校", "P29_005": "神奈川県秦野市南矢名4-29-1", "P29_006": "3", "P29_007": "1", "P29_008": "00", "P29_009": null }, "geometry": { "type": "Point", "coordinates": [ 139.268695406240596, 35.366865305872452 ] } },
{ "type": "Feature", "properties": { "P29_001": "14211", "P29_002": "B114221120060", "P29_003": "16001", "P29_004": "秦野市立西小学校", "P29_005": "神奈川県秦野市並木町8-1", "P29_006": "3", "P29_007": "1", "P29_008": "00", "P29_009": null }, "geometry": { "type": "Point", "coordinates": [ 139.178188656438437, 35.380683082017129 ] } },
{ "type": "Feature", "properties": { "P29_001": "14211", "P29_002": "B114221120079", "P29_003": "16001", "P29_004": "秦野市立上小学校", "P29_005": "神奈川県秦野市柳川25-3", "P29_006": "3", "P29_007": "1", "P29_008": "00", "P29_009": null }, "geometry": { "type": "Point", "coordinates": [ 139.165142330028488, 35.383720397023069 ] } },
{ "type": "Feature", "properties": { "P29_001": "14211", "P29_002": "B114221120088", "P29_003": "16001", "P29_004": "秦野市立広畑小学校", "P29_005": "神奈川県秦野市下大槻174-4", "P29_006": "3", "P29_007": "1", "P29_008": "00", "P29_009": null }, "geometry": { "type": "Point", "coordinates": [ 139.261269886997724, 35.360900490356606 ] } },
{ "type": "Feature", "properties": { "P29_001": "14211", "P29_002": "B114221120097", "P29_003": "16001", "P29_004": "秦野市立渋沢小学校", "P29_005": "神奈川県秦野市渋沢上1-12-1", "P29_006": "3", "P29_007": "1", "P29_008": "00", "P29_009": null }, "geometry": { "type": "Point", "coordinates": [ 139.178385921286264, 35.36927976687123 ] } },
{ "type": "Feature", "properties": { "P29_001": "14211", "P29_002": "B114221120113", "P29_003": "16001", "P29_004": "秦野市立南が丘小学校", "P29_005": "神奈川県秦野市南が丘4-1", "P29_006": "3", "P29_007": "1", "P29_008": "00", "P29_009": null }, "geometry": { "type": "Point", "coordinates": [ 139.228276314330799, 35.355922434202334 ] } },
{ "type": "Feature", "properties": { "P29_001": "14211", "P29_002": "B114221120122", "P29_003": "16001", "P29_004": "秦野市立堀川小学校", "P29_005": "神奈川県秦野市堀川105-3", "P29_006": "3", "P29_007": "1", "P29_008": "00", "P29_009": null }, "geometry": { "type": "Point", "coordinates": [ 139.18631840203301, 35.380653036143968 ] } },
{ "type": "Feature", "properties": { "P29_001": "14211", "P29_002": "B114221120131", "P29_003": "16001", "P29_004": "秦野市立鶴巻小学校", "P29_005": "神奈川県秦野市鶴巻2240-1", "P29_006": "3", "P29_007": "1", "P29_008": "00", "P29_009": null }, "geometry": { "type": "Point", "coordinates": [ 139.270883762912632, 35.377623721706257 ] } },
{ "type": "Feature", "properties": { "P29_001": "14212", "P29_002": "B114221220014", "P29_003": "16001", "P29_004": "厚木市立厚木小学校", "P29_005": "神奈川県厚木市寿町3-15-34", "P29_006": "3", "P29_007": "1", "P29_008": "00", "P29_009": null }, "geometry": { "type": "Point", "coordinates": [ 139.362801343019612, 35.447129636733621 ] } },
{ "type": "Feature", "properties": { "P29_001": "14212", "P29_002": "B114221220023", "P29_003": "16001", "P29_004": "厚木市立依知南小学校", "P29_005": "神奈川県厚木市下依知2-7-1", "P29_006": "3", "P29_007": "1", "P29_008": "00", "P29_009": null }, "geometry": { "type": "Point", "coordinates": [ 139.371117650129122, 35.472673609261108 ] } },
{ "type": "Feature", "properties": { "P29_001": "14212", "P29_002": "B114221220041", "P29_003": "16001", "P29_004": "厚木市立荻野小学校", "P29_005": "神奈川県厚木市上荻野8", "P29_006": "3", "P29_007": "1", "P29_008": "00", "P29_009": null }, "geometry": { "type": "Point", "coordinates": [ 139.32073689478554, 35.491738896154004 ] } },
{ "type": "Feature", "properties": { "P29_001": "14212", "P29_002": "B114221220050", "P29_003": "16001", "P29_004": "厚木市立三田小学校", "P29_005": "神奈川県厚木市三田515", "P29_006": "3", "P29_007": "1", "P29_008": "00", "P29_009": null }, "geometry": { "type": "Point", "coordinates": [ 139.347418347531317, 35.482368914173051 ] } },
{ "type": "Feature", "properties": { "P29_001": "14212", "P29_002": "B114221220069", "P29_003": "16001", "P29_004": "厚木市立清水小学校", "P29_005": "神奈川県厚木市妻田西3-18-1", "P29_006": "3", "P29_007": "1", "P29_008": "00", "P29_009": null }, "geometry": { "type": "Point", "coordinates": [ 139.353548325449509, 35.465529756619055 ] } },
{ "type": "Feature", "properties": { "P29_001": "14212", "P29_002": "B114221220078", "P29_003": "16001", "P29_004": "厚木市立小鮎小学校", "P29_005": "神奈川県厚木市飯山南4-9-1", "P29_006": "3", "P29_007": "1", "P29_008": "00", "P29_009": null }, "geometry": { "type": "Point", "coordinates": [ 139.322690625396461, 35.463416491294339 ] } },
{ "type": "Feature", "properties": { "P29_001": "14212", "P29_002": "B114221220096", "P29_003": "16001", "P29_004": "厚木市立南毛利小学校", "P29_005": "神奈川県厚木市長谷1085", "P29_006": "3", "P29_007": "1", "P29_008": "00", "P29_009": null }, "geometry": { "type": "Point", "coordinates": [ 139.339492148301474, 35.435181496472993 ] } },
{ "type": "Feature", "properties": { "P29_001": "14212", "P29_002": "B114221220103", "P29_003": "16001", "P29_004": "厚木市立相川小学校", "P29_005": "神奈川県厚木市岡田5-10-1", "P29_006": "3", "P29_007": "1", "P29_008": "00", "P29_009": null }, "geometry": { "type": "Point", "coordinates": [ 139.367483017809974, 35.420680740584537 ] } },
{ "type": "Feature", "properties": { "P29_001": "14212", "P29_002": "B114221220112", "P29_003": "16001", "P29_004": "厚木市立厚木第二小学校", "P29_005": "神奈川県厚木市旭町5-38-1", "P29_006": "3", "P29_007": "1", "P29_008": "00", "P29_009": null }, "geometry": { "type": "Point", "coordinates": [ 139.361847831232922, 35.433858281294114 ] } },
{ "type": "Feature", "properties": { "P29_001": "14212", "P29_002": "B114221220121", "P29_003": "16001", "P29_004": "厚木市立緑ケ丘小学校", "P29_005": "神奈川県厚木市緑ヶ丘4-1-1", "P29_006": "3", "P29_007": "1", "P29_008": "00", "P29_009": null }, "geometry": { "type": "Point", "coordinates": [ 139.34308165478123, 35.454891819851234 ] } },
{ "type": "Feature", "properties": { "P29_001": "14212", "P29_002": "B114221220130", "P29_003": "16001", "P29_004": "厚木市立戸室小学校", "P29_005": "神奈川県厚木市戸室4-4-1", "P29_006": "3", "P29_007": "1", "P29_008": "00", "P29_009": null }, "geometry": { "type": "Point", "coordinates": [ 139.350466766506486, 35.451806487700608 ] } },
{ "type": "Feature", "properties": { "P29_001": "14212", "P29_002": "B114221220149", "P29_003": "16001", "P29_004": "厚木市立愛甲小学校", "P29_005": "神奈川県厚木市愛甲西1-17-1", "P29_006": "3", "P29_007": "1", "P29_008": "00", "P29_009": null }, "geometry": { "type": "Point", "coordinates": [ 139.339074457689549, 35.426180497770467 ] } },
{ "type": "Feature", "properties": { "P29_001": "14212", "P29_002": "B114221220158", "P29_003": "16001", "P29_004": "厚木市立妻田小学校", "P29_005": "神奈川県厚木市妻田南1-14-1", "P29_006": "3", "P29_007": "1", "P29_008": "00", "P29_009": null }, "geometry": { "type": "Point", "coordinates": [ 139.36158052484862, 35.452289220640189 ] } },
{ "type": "Feature", "properties": { "P29_001": "14212", "P29_002": "B114221220167", "P29_003": "16001", "P29_004": "厚木市立鳶尾小学校", "P29_005": "神奈川県厚木市鳶尾2-12-1", "P29_006": "3", "P29_007": "1", "P29_008": "00", "P29_009": null }, "geometry": { "type": "Point", "coordinates": [ 139.330014671762285, 35.489192038866079 ] } },
{ "type": "Feature", "properties": { "P29_001": "14212", "P29_002": "B114221220176", "P29_003": "16001", "P29_004": "厚木市立毛利台小学校", "P29_005": "神奈川県厚木市毛利台1-23-1", "P29_006": "3", "P29_007": "1", "P29_008": "00", "P29_009": null }, "geometry": { "type": "Point", "coordinates": [ 139.330282539836332, 35.441322149355564 ] } },
{ "type": "Feature", "properties": { "P29_001": "14212", "P29_002": "B114221220201", "P29_003": "16001", "P29_004": "厚木市立森の里小学校", "P29_005": "神奈川県厚木市森の里1-27-1", "P29_006": "3", "P29_007": "1", "P29_008": "00", "P29_009": null }, "geometry": { "type": "Point", "coordinates": [ 139.306087245526356, 35.444783670392233 ] } },
{ "type": "Feature", "properties": { "P29_001": "14212", "P29_002": "B114221220210", "P29_003": "16001", "P29_004": "厚木市立依知小学校", "P29_005": "神奈川県厚木市関口872-1", "P29_006": "3", "P29_007": "1", "P29_008": "00", "P29_009": null }, "geometry": { "type": "Point", "coordinates": [ 139.363413657783695, 35.491576593660703 ] } },
{ "type": "Feature", "properties": { "P29_001": "14212", "P29_002": "B114221220229", "P29_003": "16001", "P29_004": "厚木市立戸田小学校", "P29_005": "神奈川県厚木市戸田545", "P29_006": "3", "P29_007": "1", "P29_008": "00", "P29_009": null }, "geometry": { "type": "Point", "coordinates": [ 139.360505222121759, 35.403121137973912 ] } },
{ "type": "Feature", "properties": { "P29_001": "14213", "P29_002": "B114221320013", "P29_003": "16001", "P29_004": "大和市立北大和小学校", "P29_005": "神奈川県大和市下鶴間685", "P29_006": "3", "P29_007": "1", "P29_008": "00", "P29_009": null }, "geometry": { "type": "Point", "coordinates": [ 139.461735371668198, 35.509308452040607 ] } },
{ "type": "Feature", "properties": { "P29_001": "14213", "P29_002": "B114221320022", "P29_003": "16001", "P29_004": "大和市立林間小学校", "P29_005": "神奈川県大和市林間1-5-18", "P29_006": "3", "P29_007": "1", "P29_008": "00", "P29_009": null }, "geometry": { "type": "Point", "coordinates": [ 139.449584536890995, 35.49702603921741 ] } },
{ "type": "Feature", "properties": { "P29_001": "14213", "P29_002": "B114221320031", "P29_003": "16001", "P29_004": "大和市立大和小学校", "P29_005": "神奈川県大和市深見西8-7-1", "P29_006": "3", "P29_007": "1", "P29_008": "00", "P29_009": null }, "geometry": { "type": "Point", "coordinates": [ 139.461249992108094, 35.487239552928742 ] } },
{ "type": "Feature", "properties": { "P29_001": "14213", "P29_002": "B114221320059", "P29_003": "16001", "P29_004": "大和市立深見小学校", "P29_005": "神奈川県大和市深見台2-9-1", "P29_006": "3", "P29_007": "1", "P29_008": "00", "P29_009": null }, "geometry": { "type": "Point", "coordinates": [ 139.470074396683202, 35.468006989773848 ] } },
{ "type": "Feature", "properties": { "P29_001": "14213", "P29_002": "B114221320068", "P29_003": "16001", "P29_004": "大和市立桜丘小学校", "P29_005": "神奈川県大和市上和田832", "P29_006": "3", "P29_007": "1", "P29_008": "00", "P29_009": null }, "geometry": { "type": "Point", "coordinates": [ 139.46872019220271, 35.453317233279193 ] } },
{ "type": "Feature", "properties": { "P29_001": "14213", "P29_002": "B114221320077", "P29_003": "16001", "P29_004": "大和市立渋谷小学校", "P29_005": "神奈川県大和市渋谷7-10", "P29_006": "3", "P29_007": "1", "P29_008": "00", "P29_009": null }, "geometry": { "type": "Point", "coordinates": [ 139.467134387358215, 35.431479070127274 ] } },
{ "type": "Feature", "properties": { "P29_001": "14213", "P29_002": "B114221320095", "P29_003": "16001", "P29_004": "大和市立緑野小学校", "P29_005": "神奈川県大和市中央林間西5-3-1", "P29_006": "3", "P29_007": "1", "P29_008": "00", "P29_009": null }, "geometry": { "type": "Point", "coordinates": [ 139.437500676270929, 35.502820256667562 ] } },
{ "type": "Feature", "properties": { "P29_001": "14213", "P29_002": "B114221320102", "P29_003": "16001", "P29_004": "大和市立上和田小学校", "P29_005": "神奈川県大和市上和田2695", "P29_006": "3", "P29_007": "1", "P29_008": "00", "P29_009": null }, "geometry": { "type": "Point", "coordinates": [ 139.469845476926793, 35.441192709544012 ] } },
{ "type": "Feature", "properties": { "P29_001": "14213", "P29_002": "B114221320111", "P29_003": "16001", "P29_004": "大和市立柳橋小学校", "P29_005": "神奈川県大和市柳橋1-17-7", "P29_006": "3", "P29_007": "1", "P29_008": "00", "P29_009": null }, "geometry": { "type": "Point", "coordinates": [ 139.462427336884957, 35.460121713762121 ] } },
{ "type": "Feature", "properties": { "P29_001": "14213", "P29_002": "B114221320139", "P29_003": "16001", "P29_004": "大和市立福田小学校", "P29_005": "神奈川県大和市福田5-22-1", "P29_006": "3", "P29_007": "1", "P29_008": "00", "P29_009": null }, "geometry": { "type": "Point", "coordinates": [ 139.461854984601672, 35.444030503029801 ] } },
{ "type": "Feature", "properties": { "P29_001": "14213", "P29_002": "B114221320148", "P29_003": "16001", "P29_004": "大和市立大野原小学校", "P29_005": "神奈川県大和市上草柳7-4-26", "P29_006": "3", "P29_007": "1", "P29_008": "00", "P29_009": null }, "geometry": { "type": "Point", "coordinates": [ 139.453394457549308, 35.483639000164978 ] } },
{ "type": "Feature", "properties": { "P29_001": "14213", "P29_002": "B114221320157", "P29_003": "16001", "P29_004": "大和市立下福田小学校", "P29_005": "神奈川県大和市福田570", "P29_006": "3", "P29_007": "1", "P29_008": "00", "P29_009": null }, "geometry": { "type": "Point", "coordinates": [ 139.45777891411484, 35.43156188127324 ] } },
{ "type": "Feature", "properties": { "P29_001": "14213", "P29_002": "B114221320166", "P29_003": "16001", "P29_004": "大和市立大和東小学校", "P29_005": "神奈川県大和市深見1805", "P29_006": "3", "P29_007": "1", "P29_008": "00", "P29_009": null }, "geometry": { "type": "Point", "coordinates": [ 139.469381831604636, 35.477184184141251 ] } },
{ "type": "Feature", "properties": { "P29_001": "14213", "P29_002": "B114221320175", "P29_003": "16001", "P29_004": "大和市立文ヶ岡小学校", "P29_005": "神奈川県大和市桜森3-16-31", "P29_006": "3", "P29_007": "1", "P29_008": "00", "P29_009": null }, "geometry": { "type": "Point", "coordinates": [ 139.438718972664134, 35.474658684342565 ] } },
{ "type": "Feature", "properties": { "P29_001": "14213", "P29_002": "B114221320184", "P29_003": "16001", "P29_004": "大和市立中央林間小学校", "P29_005": "神奈川県大和市中央林間9-54-1", "P29_006": "3", "P29_007": "1", "P29_008": "00", "P29_009": null }, "geometry": { "type": "Point", "coordinates": [ 139.449493694406186, 35.517249999775075 ] } },
{ "type": "Feature", "properties": { "P29_001": "14213", "P29_002": "B114221320193", "P29_003": "16001", "P29_004": "大和市立引地台小学校", "P29_005": "神奈川県大和市草柳3-1-2", "P29_006": "3", "P29_007": "1", "P29_008": "00", "P29_009": null }, "geometry": { "type": "Point", "coordinates": [ 139.459688936877058, 35.459929000588673 ] } },
{ "type": "Feature", "properties": { "P29_001": "14214", "P29_002": "B114221420012", "P29_003": "16001", "P29_004": "伊勢原市立伊勢原小学校", "P29_005": "神奈川県伊勢原市伊勢原4-1-1", "P29_006": "3", "P29_007": "1", "P29_008": "00", "P29_009": null }, "geometry": { "type": "Point", "coordinates": [ 139.311388889318351, 35.398550483818255 ] } },
{ "type": "Feature", "properties": { "P29_001": "14214", "P29_002": "B114221420021", "P29_003": "16001", "P29_004": "伊勢原市立大山小学校", "P29_005": "神奈川県伊勢原市大山209", "P29_006": "3", "P29_007": "1", "P29_008": "00", "P29_009": null }, "geometry": { "type": "Point", "coordinates": [ 139.261720107893609, 35.419245195140149 ] } },
{ "type": "Feature", "properties": { "P29_001": "14214", "P29_002": "B114221420030", "P29_003": "16001", "P29_004": "伊勢原市立高部屋小学校", "P29_005": "神奈川県伊勢原市西富岡1090-1", "P29_006": "3", "P29_007": "1", "P29_008": "00", "P29_009": null }, "geometry": { "type": "Point", "coordinates": [ 139.295382694620059, 35.422773601534544 ] } },
{ "type": "Feature", "properties": { "P29_001": "14214", "P29_002": "B114221420049", "P29_003": "16001", "P29_004": "伊勢原市立比々多小学校", "P29_005": "神奈川県伊勢原市神戸521-1", "P29_006": "3", "P29_007": "1", "P29_008": "00", "P29_009": null }, "geometry": { "type": "Point", "coordinates": [ 139.288653440818933, 35.396508653776579 ] } },
{ "type": "Feature", "properties": { "P29_001": "14214", "P29_002": "B114221420058", "P29_003": "16001", "P29_004": "伊勢原市立成瀬小学校", "P29_005": "神奈川県伊勢原市高森1481-3", "P29_006": "3", "P29_007": "1", "P29_008": "00", "P29_009": null }, "geometry": { "type": "Point", "coordinates": [ 139.329470543434383, 35.409534469370556 ] } },
{ "type": "Feature", "properties": { "P29_001": "14214", "P29_002": "B114221420067", "P29_003": "16001", "P29_004": "伊勢原市立大田小学校", "P29_005": "神奈川県伊勢原市下谷1471-1", "P29_006": "3", "P29_007": "1", "P29_008": "00", "P29_009": null }, "geometry": { "type": "Point", "coordinates": [ 139.337045120996606, 35.391273866514801 ] } },
{ "type": "Feature", "properties": { "P29_001": "14214", "P29_002": "B114221420076", "P29_003": "16001", "P29_004": "伊勢原市立桜台小学校", "P29_005": "神奈川県伊勢原市桜台4-16-1", "P29_006": "3", "P29_007": "1", "P29_008": "00", "P29_009": null }, "geometry": { "type": "Point", "coordinates": [ 139.31662675036489, 35.388832744308807 ] } },
{ "type": "Feature", "properties": { "P29_001": "14214", "P29_002": "B114221420085", "P29_003": "16001", "P29_004": "伊勢原市立緑台小学校", "P29_005": "神奈川県伊勢原市高森482", "P29_006": "3", "P29_007": "1", "P29_008": "00", "P29_009": null }, "geometry": { "type": "Point", "coordinates": [ 139.327201164312811, 35.421308421806074 ] } },
{ "type": "Feature", "properties": { "P29_001": "14214", "P29_002": "B114221420101", "P29_003": "16001", "P29_004": "伊勢原市立石田小学校", "P29_005": "神奈川県伊勢原市石田1168-1", "P29_006": "3", "P29_007": "1", "P29_008": "00", "P29_009": null }, "geometry": { "type": "Point", "coordinates": [ 139.345522040486202, 35.408632911970116 ] } },
{ "type": "Feature", "properties": { "P29_001": "14215", "P29_002": "B114221520011", "P29_003": "16001", "P29_004": "海老名市立海老名小学校", "P29_005": "神奈川県海老名市国分南3-12-3", "P29_006": "3", "P29_007": "1", "P29_008": "00", "P29_009": null }, "geometry": { "type": "Point", "coordinates": [ 139.398677586698625, 35.451309502993169 ] } },
{ "type": "Feature", "properties": { "P29_001": "14215", "P29_002": "B114221520020", "P29_003": "16001", "P29_004": "海老名市立柏ケ谷小学校", "P29_005": "神奈川県海老名市柏ケ谷1090", "P29_006": "3", "P29_007": "1", "P29_008": "00", "P29_009": null }, "geometry": { "type": "Point", "coordinates": [ 139.417169398803367, 35.466241494216881 ] } },
{ "type": "Feature", "properties": { "P29_001": "14215", "P29_002": "B114221520039", "P29_003": "16001", "P29_004": "海老名市立有鹿小学校", "P29_005": "神奈川県海老名市河原口3-13-1", "P29_006": "3", "P29_007": "1", "P29_008": "00", "P29_009": null }, "geometry": { "type": "Point", "coordinates": [ 139.378002170813744, 35.452824419500097 ] } },
{ "type": "Feature", "properties": { "P29_001": "14215", "P29_002": "B114221520048", "P29_003": "16001", "P29_004": "海老名市立有馬小学校", "P29_005": "神奈川県海老名市中河内1784", "P29_006": "3", "P29_007": "1", "P29_008": "00", "P29_009": null }, "geometry": { "type": "Point", "coordinates": [ 139.394971826996311, 35.41593281490794 ] } },
{ "type": "Feature", "properties": { "P29_001": "14215", "P29_002": "B114221520057", "P29_003": "16001", "P29_004": "海老名市立大谷小学校", "P29_005": "神奈川県海老名市国分寺台2-13-1", "P29_006": "3", "P29_007": "1", "P29_008": "00", "P29_009": null }, "geometry": { "type": "Point", "coordinates": [ 139.403451229143087, 35.439792931859273 ] } },
{ "type": "Feature", "properties": { "P29_001": "14215", "P29_002": "B114221520066", "P29_003": "16001", "P29_004": "海老名市立上星小学校", "P29_005": "神奈川県海老名市上今泉1-23-1", "P29_006": "3", "P29_007": "1", "P29_008": "00", "P29_009": null }, "geometry": { "type": "Point", "coordinates": [ 139.403366724426263, 35.46686589502994 ] } },
{ "type": "Feature", "properties": { "P29_001": "14215", "P29_002": "B114221520075", "P29_003": "16001", "P29_004": "海老名市立中新田小学校", "P29_005": "神奈川県海老名市中新田1-15-1", "P29_006": "3", "P29_007": "1", "P29_008": "00", "P29_009": null }, "geometry": { "type": "Point", "coordinates": [ 139.385854214760712, 35.438843986989021 ] } },
{ "type": "Feature", "properties": { "P29_001": "14215", "P29_002": "B114221520084", "P29_003": "16001", "P29_004": "海老名市立門沢橋小学校", "P29_005": "神奈川県海老名市門沢橋1-19-1", "P29_006": "3", "P29_007": "1", "P29_008": "00", "P29_009": null }, "geometry": { "type": "Point", "coordinates": [ 139.379925768202554, 35.408959416395959 ] } },
{ "type": "Feature", "properties": { "P29_001": "14215", "P29_002": "B114221520093", "P29_003": "16001", "P29_004": "海老名市立東柏ケ谷小学校", "P29_005": "神奈川県海老名市東柏ケ谷6-9-7", "P29_006": "3", "P29_007": "1", "P29_008": "00", "P29_009": null }, "geometry": { "type": "Point", "coordinates": [ 139.435109608630455, 35.467989882029705 ] } },
{ "type": "Feature", "properties": { "P29_001": "14215", "P29_002": "B114221520100", "P29_003": "16001", "P29_004": "海老名市立社家小学校", "P29_005": "神奈川県海老名市社家5-10-1", "P29_006": "3", "P29_007": "1", "P29_008": "00", "P29_009": null }, "geometry": { "type": "Point", "coordinates": [ 139.381121993107456, 35.420389602510248 ] } },
{ "type": "Feature", "properties": { "P29_001": "14215", "P29_002": "B114221520119", "P29_003": "16001", "P29_004": "海老名市立杉久保小学校", "P29_005": "神奈川県海老名市杉久保北4-4-1", "P29_006": "3", "P29_007": "1", "P29_008": "00", "P29_009": null }, "geometry": { "type": "Point", "coordinates": [ 139.403300004832602, 35.429047886424797 ] } },
{ "type": "Feature", "properties": { "P29_001": "14215", "P29_002": "B114221520128", "P29_003": "16001", "P29_004": "海老名市立今泉小学校", "P29_005": "神奈川県海老名市上今泉2028", "P29_006": "3", "P29_007": "1", "P29_008": "00", "P29_009": null }, "geometry": { "type": "Point", "coordinates": [ 139.391837853396709, 35.461158343797671 ] } },
{ "type": "Feature", "properties": { "P29_001": "14215", "P29_002": "B114221520137", "P29_003": "16001", "P29_004": "海老名市立杉本小学校", "P29_005": "神奈川県海老名市国分北4-10-1", "P29_006": "3", "P29_007": "1", "P29_008": "00", "P29_009": null }, "geometry": { "type": "Point", "coordinates": [ 139.40826217168248, 35.464589060759252 ] } },
{ "type": "Feature", "properties": { "P29_001": "14216", "P29_002": "B114221620010", "P29_003": "16001", "P29_004": "座間市立座間小学校", "P29_005": "神奈川県座間市座間2-3133", "P29_006": "3", "P29_007": "1", "P29_008": "00", "P29_009": null }, "geometry": { "type": "Point", "coordinates": [ 139.392156638111203, 35.48590302335711 ] } },
{ "type": "Feature", "properties": { "P29_001": "14216", "P29_002": "B114221620029", "P29_003": "16001", "P29_004": "座間市立栗原小学校", "P29_005": "神奈川県座間市栗原中央6-8-1", "P29_006": "3", "P29_007": "1", "P29_008": "00", "P29_009": null }, "geometry": { "type": "Point", "coordinates": [ 139.417907691408772, 35.482675197976207 ] } },
{ "type": "Feature", "properties": { "P29_001": "14216", "P29_002": "B114221620038", "P29_003": "16001", "P29_004": "座間市立相模野小学校", "P29_005": "神奈川県座間市広野台1-41-1", "P29_006": "3", "P29_007": "1", "P29_008": "00", "P29_009": null }, "geometry": { "type": "Point", "coordinates": [ 139.419282586547496, 35.503780078840634 ] } },
{ "type": "Feature", "properties": { "P29_001": "14216", "P29_002": "B114221620047", "P29_003": "16001", "P29_004": "座間市立相武台東小学校", "P29_005": "神奈川県座間市栗原1302", "P29_006": "3", "P29_007": "1", "P29_008": "00", "P29_009": null }, "geometry": { "type": "Point", "coordinates": [ 139.41760507603351, 35.499637549274887 ] } },
{ "type": "Feature", "properties": { "P29_001": "14216", "P29_002": "B114221620056", "P29_003": "16001", "P29_004": "座間市立ひばりが丘小学校", "P29_005": "神奈川県座間市ひばりが丘4-4-1", "P29_006": "3", "P29_007": "1", "P29_008": "00", "P29_009": null }, "geometry": { "type": "Point", "coordinates": [ 139.430528477174391, 35.483854279544936 ] } },
{ "type": "Feature", "properties": { "P29_001": "14216", "P29_002": "B114221620065", "P29_003": "16001", "P29_004": "座間市立東原小学校", "P29_005": "神奈川県座間市東原2-6-1", "P29_006": "3", "P29_007": "1", "P29_008": "00", "P29_009": null }, "geometry": { "type": "Point", "coordinates": [ 139.426972101281677, 35.481239022303718 ] } },
{ "type": "Feature", "properties": { "P29_001": "14216", "P29_002": "B114221620074", "P29_003": "16001", "P29_004": "座間市立相模が丘小学校", "P29_005": "神奈川県座間市相模が丘3-1-1", "P29_006": "3", "P29_007": "1", "P29_008": "00", "P29_009": null }, "geometry": { "type": "Point", "coordinates": [ 139.418400071272458, 35.506775372224723 ] } },
{ "type": "Feature", "properties": { "P29_001": "14216", "P29_002": "B114221620083", "P29_003": "16001", "P29_004": "座間市立立野台小学校", "P29_005": "神奈川県座間市立野台1-1-3", "P29_006": "3", "P29_007": "1", "P29_008": "00", "P29_009": null }, "geometry": { "type": "Point", "coordinates": [ 139.40957616114801, 35.484763238245932 ] } },
{ "type": "Feature", "properties": { "P29_001": "14216", "P29_002": "B114221620092", "P29_003": "16001", "P29_004": "座間市立入谷小学校", "P29_005": "神奈川県座間市入谷西5-8-1", "P29_006": "3", "P29_007": "1", "P29_008": "00", "P29_009": null }, "geometry": { "type": "Point", "coordinates": [ 139.396448694327461, 35.479841554992412 ] } },
{ "type": "Feature", "properties": { "P29_001": "14216", "P29_002": "B114221620109", "P29_003": "16001", "P29_004": "座間市立旭小学校", "P29_005": "神奈川県座間市ひばりが丘5-43-1", "P29_006": "3", "P29_007": "1", "P29_008": "00", "P29_009": null }, "geometry": { "type": "Point", "coordinates": [ 139.429358023182374, 35.487180621032195 ] } },
{ "type": "Feature", "properties": { "P29_001": "14216", "P29_002": "B114221620118", "P29_003": "16001", "P29_004": "座間市立中原小学校", "P29_005": "神奈川県座間市西栗原2-16-1", "P29_006": "3", "P29_007": "1", "P29_008": "00", "P29_009": null }, "geometry": { "type": "Point", "coordinates": [ 139.408300764698964, 35.47242579562694 ] } },
{ "type": "Feature", "properties": { "P29_001": "14217", "P29_002": "B114221720037", "P29_003": "16001", "P29_004": "南足柄市立福沢小学校", "P29_005": "神奈川県南足柄市千津島632", "P29_006": "3", "P29_007": "1", "P29_008": "00", "P29_009": null }, "geometry": { "type": "Point", "coordinates": [ 139.106950537412359, 35.334815055318039 ] } },
{ "type": "Feature", "properties": { "P29_001": "14217", "P29_002": "B114221720046", "P29_003": "16001", "P29_004": "南足柄市立岡本小学校", "P29_005": "神奈川県南足柄市塚原1769", "P29_006": "3", "P29_007": "1", "P29_008": "00", "P29_009": null }, "geometry": { "type": "Point", "coordinates": [ 139.124927637852068, 35.306256570042216 ] } },
{ "type": "Feature", "properties": { "P29_001": "14217", "P29_002": "B114221720055", "P29_003": "16001", "P29_004": "南足柄市立岩原小学校", "P29_005": "神奈川県南足柄市岩原310", "P29_006": "3", "P29_007": "1", "P29_008": "00", "P29_009": null }, "geometry": { "type": "Point", "coordinates": [ 139.129283005311322, 35.296151004737311 ] } },
{ "type": "Feature", "properties": { "P29_001": "14217", "P29_002": "B114221720064", "P29_003": "16001", "P29_004": "南足柄市立向田小学校", "P29_005": "神奈川県南足柄市向田555", "P29_006": "3", "P29_007": "1", "P29_008": "00", "P29_009": null }, "geometry": { "type": "Point", "coordinates": [ 139.112461509689666, 35.321111616869004 ] } },
{ "type": "Feature", "properties": { "P29_001": "14218", "P29_002": "B114221820018", "P29_003": "16001", "P29_004": "綾瀬市立綾瀬小学校", "P29_005": "神奈川県綾瀬市深谷中5-1-1", "P29_006": "3", "P29_007": "1", "P29_008": "00", "P29_009": null }, "geometry": { "type": "Point", "coordinates": [ 139.434105601687577, 35.438827848527488 ] } },
{ "type": "Feature", "properties": { "P29_001": "14218", "P29_002": "B114221820027", "P29_003": "16001", "P29_004": "綾瀬市立綾北小学校", "P29_005": "神奈川県綾瀬市寺尾本町3-10-1", "P29_006": "3", "P29_007": "1", "P29_008": "00", "P29_009": null }, "geometry": { "type": "Point", "coordinates": [ 139.426680830344509, 35.456480354965777 ] } },
{ "type": "Feature", "properties": { "P29_001": "14218", "P29_002": "B114221820036", "P29_003": "16001", "P29_004": "綾瀬市立綾西小学校", "P29_005": "神奈川県綾瀬市綾西1-2-1", "P29_006": "3", "P29_007": "1", "P29_008": "00", "P29_009": null }, "geometry": { "type": "Point", "coordinates": [ 139.41699113442661, 35.433468445391334 ] } },
{ "type": "Feature", "properties": { "P29_001": "14218", "P29_002": "B114221820045", "P29_003": "16001", "P29_004": "綾瀬市立早園小学校", "P29_005": "神奈川県綾瀬市小園420", "P29_006": "3", "P29_007": "1", "P29_008": "00", "P29_009": null }, "geometry": { "type": "Point", "coordinates": [ 139.412530381721979, 35.450324885677801 ] } },
{ "type": "Feature", "properties": { "P29_001": "14218", "P29_002": "B114221820054", "P29_003": "16001", "P29_004": "綾瀬市立綾南小学校", "P29_005": "神奈川県綾瀬市上土棚中1-12-19", "P29_006": "3", "P29_007": "1", "P29_008": "00", "P29_009": null }, "geometry": { "type": "Point", "coordinates": [ 139.446949349951268, 35.418276089262861 ] } },
{ "type": "Feature", "properties": { "P29_001": "14218", "P29_002": "B114221820063", "P29_003": "16001", "P29_004": "綾瀬市立天台小学校", "P29_005": "神奈川県綾瀬市寺尾台1-3-1", "P29_006": "3", "P29_007": "1", "P29_008": "00", "P29_009": null }, "geometry": { "type": "Point", "coordinates": [ 139.417950182575055, 35.456259642759143 ] } },
{ "type": "Feature", "properties": { "P29_001": "14218", "P29_002": "B114221820072", "P29_003": "16001", "P29_004": "綾瀬市立北の台小学校", "P29_005": "神奈川県綾瀬市大上9-14-1", "P29_006": "3", "P29_007": "1", "P29_008": "00", "P29_009": null }, "geometry": { "type": "Point", "coordinates": [ 139.434485012664965, 35.465504383651144 ] } },
{ "type": "Feature", "properties": { "P29_001": "14218", "P29_002": "B114221820081", "P29_003": "16001", "P29_004": "綾瀬市立落合小学校", "P29_005": "神奈川県綾瀬市落合北3-10-1", "P29_006": "3", "P29_007": "1", "P29_008": "00", "P29_009": null }, "geometry": { "type": "Point", "coordinates": [ 139.434767687501278, 35.421143258936141 ] } },
{ "type": "Feature", "properties": { "P29_001": "14218", "P29_002": "B114221820107", "P29_003": "16001", "P29_004": "綾瀬市立寺尾小学校", "P29_005": "神奈川県綾瀬市寺尾南1-3-1", "P29_006": "3", "P29_007": "1", "P29_008": "00", "P29_009": null }, "geometry": { "type": "Point", "coordinates": [ 139.427693240036575, 35.447209182637415 ] } },
{ "type": "Feature", "properties": { "P29_001": "14301", "P29_002": "B114230120016", "P29_003": "16001", "P29_004": "葉山町立葉山小学校", "P29_005": "神奈川県三浦郡葉山町堀内2050-1", "P29_006": "3", "P29_007": "1", "P29_008": "00", "P29_009": null }, "geometry": { "type": "Point", "coordinates": [ 139.583681037696181, 35.272317922250778 ] } },
{ "type": "Feature", "properties": { "P29_001": "14301", "P29_002": "B114230120043", "P29_003": "16001", "P29_004": "葉山町立一色小学校", "P29_005": "神奈川県三浦郡葉山町一色1060", "P29_006": "3", "P29_007": "1", "P29_008": "00", "P29_009": null }, "geometry": { "type": "Point", "coordinates": [ 139.58692368514545, 35.265948399603936 ] } },
{ "type": "Feature", "properties": { "P29_001": "14321", "P29_002": "B114232120021", "P29_003": "16001", "P29_004": "寒川町立一之宮小学校", "P29_005": "神奈川県高座郡寒川町一之宮7-3-1", "P29_006": "3", "P29_007": "1", "P29_008": "00", "P29_009": null }, "geometry": { "type": "Point", "coordinates": [ 139.379934260181898, 35.364286357926488 ] } },
{ "type": "Feature", "properties": { "P29_001": "14321", "P29_002": "B114232120030", "P29_003": "16001", "P29_004": "寒川町立旭小学校", "P29_005": "神奈川県高座郡寒川町倉見1675-3", "P29_006": "3", "P29_007": "1", "P29_008": "00", "P29_009": null }, "geometry": { "type": "Point", "coordinates": [ 139.385740423052965, 35.391049202139904 ] } },
{ "type": "Feature", "properties": { "P29_001": "14321", "P29_002": "B114232120049", "P29_003": "16001", "P29_004": "寒川町立小谷小学校", "P29_005": "神奈川県高座郡寒川町小谷4-5-1", "P29_006": "3", "P29_007": "1", "P29_008": "00", "P29_009": null }, "geometry": { "type": "Point", "coordinates": [ 139.399033257780331, 35.38282613021601 ] } },
{ "type": "Feature", "properties": { "P29_001": "14321", "P29_002": "B114232120058", "P29_003": "16001", "P29_004": "寒川町立南小学校", "P29_005": "神奈川県高座郡寒川町一之宮9-9-1", "P29_006": "3", "P29_007": "1", "P29_008": "00", "P29_009": null }, "geometry": { "type": "Point", "coordinates": [ 139.386251283769241, 35.361620288386796 ] } },
{ "type": "Feature", "properties": { "P29_001": "14341", "P29_002": "B114234120018", "P29_003": "16001", "P29_004": "大磯町立大磯小学校", "P29_005": "神奈川県中郡大磯町東小磯3", "P29_006": "3", "P29_007": "1", "P29_008": "00", "P29_009": null }, "geometry": { "type": "Point", "coordinates": [ 139.311296610403559, 35.309168509570135 ] } },
{ "type": "Feature", "properties": { "P29_001": "14341", "P29_002": "B114234120036", "P29_003": "16001", "P29_004": "大磯町立国府小学校生沢分校", "P29_005": "神奈川県中郡大磯町生沢530", "P29_006": "3", "P29_007": "1", "P29_008": "00", "P29_009": null }, "geometry": { "type": "Point", "coordinates": [ 139.281820337498601, 35.316537188243117 ] } },
{ "type": "Feature", "properties": { "P29_001": "14342", "P29_002": "B114234220017", "P29_003": "16001", "P29_004": "二宮町立二宮小学校", "P29_005": "神奈川県中郡二宮町二宮872-1", "P29_006": "3", "P29_007": "1", "P29_008": "00", "P29_009": null }, "geometry": { "type": "Point", "coordinates": [ 139.25580562571119, 35.29920344244654 ] } },
{ "type": "Feature", "properties": { "P29_001": "14342", "P29_002": "B114234220026", "P29_003": "16001", "P29_004": "二宮町立一色小学校", "P29_005": "神奈川県中郡二宮町百合が丘2-7", "P29_006": "3", "P29_007": "1", "P29_008": "00", "P29_009": null }, "geometry": { "type": "Point", "coordinates": [ 139.24044033585534, 35.311265279720295 ] } },
{ "type": "Feature", "properties": { "P29_001": "14361", "P29_002": "B114236120013", "P29_003": "16001", "P29_004": "中井町立井ノ口小学校", "P29_005": "神奈川県足柄上郡中井町井ノ口2005", "P29_006": "3", "P29_007": "1", "P29_008": "00", "P29_009": null }, "geometry": { "type": "Point", "coordinates": [ 139.231985449417181, 35.339694991333097 ] } },
{ "type": "Feature", "properties": { "P29_001": "14361", "P29_002": "B114236120022", "P29_003": "16001", "P29_004": "中井町立中村小学校", "P29_005": "神奈川県足柄上郡中井町半分形350", "P29_006": "3", "P29_007": "1", "P29_008": "00", "P29_009": null }, "geometry": { "type": "Point", "coordinates": [ 139.216602831772576, 35.325796354689849 ] } },
{ "type": "Feature", "properties": { "P29_001": "14362", "P29_002": "B114236220012", "P29_003": "16001", "P29_004": "大井町立大井小学校", "P29_005": "神奈川県足柄上郡大井町金子1436", "P29_006": "3", "P29_007": "1", "P29_008": "00", "P29_009": null }, "geometry": { "type": "Point", "coordinates": [ 139.150931318760854, 35.329979367598931 ] } },
{ "type": "Feature", "properties": { "P29_001": "14362", "P29_002": "B114236220030", "P29_003": "16001", "P29_004": "大井町立上大井小学校", "P29_005": "神奈川県足柄上郡大井町上大井171", "P29_006": "3", "P29_007": "1", "P29_008": "00", "P29_009": null }, "geometry": { "type": "Point", "coordinates": [ 139.155736451345888, 35.320169618394715 ] } },
{ "type": "Feature", "properties": { "P29_001": "14363", "P29_002": "B114236320011", "P29_003": "16001", "P29_004": "松田町立松田小学校", "P29_005": "神奈川県足柄上郡松田町松田庶子200", "P29_006": "3", "P29_007": "1", "P29_008": "00", "P29_009": null }, "geometry": { "type": "Point", "coordinates": [ 139.134457539587657, 35.345627919778657 ] } },
{ "type": "Feature", "properties": { "P29_001": "14364", "P29_002": "B114236420010", "P29_003": "16001", "P29_004": "山北町立川村小学校", "P29_005": "神奈川県足柄上郡山北町山北1002", "P29_006": "3", "P29_007": "1", "P29_008": "00", "P29_009": null }, "geometry": { "type": "Point", "coordinates": [ 139.089824964645288, 35.358127411258359 ] } },
{ "type": "Feature", "properties": { "P29_001": "14366", "P29_002": "B114236620018", "P29_003": "16001", "P29_004": "開成町立開成小学校", "P29_005": "神奈川県足柄上郡開成町延沢625", "P29_006": "3", "P29_007": "1", "P29_008": "00", "P29_009": null }, "geometry": { "type": "Point", "coordinates": [ 139.121121324307069, 35.334636499974721 ] } },
{ "type": "Feature", "properties": { "P29_001": "14366", "P29_002": "B114236620027", "P29_003": "16001", "P29_004": "開成町立開成南小学校", "P29_005": "神奈川県足柄上郡開成町みなみ2-2-1", "P29_006": "3", "P29_007": "1", "P29_008": "00", "P29_009": null }, "geometry": { "type": "Point", "coordinates": [ 139.131800885859775, 35.321744295948719 ] } },
{ "type": "Feature", "properties": { "P29_001": "14382", "P29_002": "B114238220018", "P29_003": "16001", "P29_004": "箱根町立湯本小学校", "P29_005": "神奈川県足柄下郡箱根町湯本399", "P29_006": "3", "P29_007": "1", "P29_008": "00", "P29_009": null }, "geometry": { "type": "Point", "coordinates": [ 139.104813248776793, 35.230503774420676 ] } },
{ "type": "Feature", "properties": { "P29_001": "14383", "P29_002": "B114238320017", "P29_003": "16001", "P29_004": "真鶴町立まなづる小学校", "P29_005": "神奈川県足柄下郡真鶴町真鶴543", "P29_006": "3", "P29_007": "1", "P29_008": "00", "P29_009": null }, "geometry": { "type": "Point", "coordinates": [ 139.139645761627463, 35.156447234907418 ] } },
{ "type": "Feature", "properties": { "P29_001": "14384", "P29_002": "B114238420025", "P29_003": "16001", "P29_004": "湯河原町立吉浜小学校", "P29_005": "神奈川県足柄下郡湯河原町吉浜1300", "P29_006": "3", "P29_007": "1", "P29_008": "00", "P29_009": null }, "geometry": { "type": "Point", "coordinates": [ 139.116145352354039, 35.150296938708181 ] } },
{ "type": "Feature", "properties": { "P29_001": "14401", "P29_002": "B114240120015", "P29_003": "16001", "P29_004": "愛川町立中津小学校", "P29_005": "神奈川県愛甲郡愛川町中津544", "P29_006": "3", "P29_007": "1", "P29_008": "00", "P29_009": null }, "geometry": { "type": "Point", "coordinates": [ 139.333443552096071, 35.511996847963793 ] } },
{ "type": "Feature", "properties": { "P29_001": "14401", "P29_002": "B114240120024", "P29_003": "16001", "P29_004": "愛川町立高峰小学校", "P29_005": "神奈川県愛甲郡愛川町三増767", "P29_006": "3", "P29_007": "1", "P29_008": "00", "P29_009": null }, "geometry": { "type": "Point", "coordinates": [ 139.312035641204744, 35.534837133378765 ] } },
{ "type": "Feature", "properties": { "P29_001": "14401", "P29_002": "B114240120033", "P29_003": "16001", "P29_004": "愛川町立田代小学校", "P29_005": "神奈川県愛甲郡愛川町田代500", "P29_006": "3", "P29_007": "1", "P29_008": "00", "P29_009": null }, "geometry": { "type": "Point", "coordinates": [ 139.291129477977677, 35.527687832230555 ] } },
{ "type": "Feature", "properties": { "P29_001": "14401", "P29_002": "B114240120051", "P29_003": "16001", "P29_004": "愛川町立中津第二小学校", "P29_005": "神奈川県愛甲郡愛川町春日台2-9-1", "P29_006": "3", "P29_007": "1", "P29_008": "00", "P29_009": null }, "geometry": { "type": "Point", "coordinates": [ 139.329569940031121, 35.524410598925648 ] } },
{ "type": "Feature", "properties": { "P29_001": "14401", "P29_002": "B114240120060", "P29_003": "16001", "P29_004": "愛川町立菅原小学校", "P29_005": "神奈川県愛甲郡愛川町中津1103", "P29_006": "3", "P29_007": "1", "P29_008": "00", "P29_009": null }, "geometry": { "type": "Point", "coordinates": [ 139.335134210291784, 35.520978291612778 ] } },
{ "type": "Feature", "properties": { "P29_001": "14402", "P29_002": "B114240220014", "P29_003": "16001", "P29_004": "清川村立緑小学校", "P29_005": "神奈川県愛甲郡清川村煤ヶ谷2076", "P29_006": "3", "P29_007": "1", "P29_008": "00", "P29_009": null }, "geometry": { "type": "Point", "coordinates": [ 139.277154987596958, 35.480564740678481 ] } },
{ "type": "Feature", "properties": { "P29_001": "14402", "P29_002": "B114240220023", "P29_003": "16001", "P29_004": "清川村立宮ヶ瀬小学校", "P29_005": "神奈川県愛甲郡清川村宮ヶ瀬954-1", "P29_006": "3", "P29_007": "1", "P29_008": "00", "P29_009": null }, "geometry": { "type": "Point", "coordinates": [ 139.231666566167746, 35.52411225900255 ] } },
{ "type": "Feature", "properties": { "P29_001": "14101", "P29_002": "B114310000011", "P29_003": "16001", "P29_004": "聖ヨゼフ学園小学校", "P29_005": "神奈川県横浜市鶴見区東寺尾北台11-1", "P29_006": "4", "P29_007": "1", "P29_008": "00", "P29_009": null }, "geometry": { "type": "Point", "coordinates": [ 139.66407849935112, 35.512450948970532 ] } },
{ "type": "Feature", "properties": { "P29_001": "14102", "P29_002": "B114310000020", "P29_003": "16001", "P29_004": "精華小学校", "P29_005": "神奈川県横浜市神奈川区沢渡18", "P29_006": "4", "P29_007": "1", "P29_008": "00", "P29_009": null }, "geometry": { "type": "Point", "coordinates": [ 139.61668922594427, 35.47117532691508 ] } },
{ "type": "Feature", "properties": { "P29_001": "14102", "P29_002": "B114310000039", "P29_003": "16001", "P29_004": "捜真小学校", "P29_005": "神奈川県横浜市神奈川区中丸8", "P29_006": "4", "P29_007": "1", "P29_008": "00", "P29_009": null }, "geometry": { "type": "Point", "coordinates": [ 139.620048744591941, 35.482041097073434 ] } },
{ "type": "Feature", "properties": { "P29_001": "14104", "P29_002": "B114310000048", "P29_003": "16001", "P29_004": "横浜雙葉小学校", "P29_005": "神奈川県横浜市中区山手町226", "P29_006": "4", "P29_007": "1", "P29_008": "00", "P29_009": null }, "geometry": { "type": "Point", "coordinates": [ 139.651650598432781, 35.434707669916911 ] } },
{ "type": "Feature", "properties": { "P29_001": "14105", "P29_002": "B114310000066", "P29_003": "16001", "P29_004": "青山学院横浜英和小学校", "P29_005": "神奈川県横浜市南区蒔田町124", "P29_006": "4", "P29_007": "1", "P29_008": "00", "P29_009": null }, "geometry": { "type": "Point", "coordinates": [ 139.60979362877265, 35.427627878670997 ] } },
{ "type": "Feature", "properties": { "P29_001": "14112", "P29_002": "B114310000084", "P29_003": "16001", "P29_004": "横浜三育小学校", "P29_005": "神奈川県横浜市旭区上川井町1985", "P29_006": "4", "P29_007": "1", "P29_008": "00", "P29_009": null }, "geometry": { "type": "Point", "coordinates": [ 139.491429838148719, 35.495017169091355 ] } },
{ "type": "Feature", "properties": { "P29_001": "14113", "P29_002": "B114310000093", "P29_003": "16001", "P29_004": "森村学園初等部", "P29_005": "神奈川県横浜市緑区長津田町2695", "P29_006": "4", "P29_007": "1", "P29_008": "00", "P29_009": null }, "geometry": { "type": "Point", "coordinates": [ 139.48837127405892, 35.527618279672943 ] } },
{ "type": "Feature", "properties": { "P29_001": "14137", "P29_002": "B114313000042", "P29_003": "16001", "P29_004": "桐光学園小学校", "P29_005": "神奈川県川崎市麻生区栗木3-13-1", "P29_006": "4", "P29_007": "1", "P29_008": "00", "P29_009": null }, "geometry": { "type": "Point", "coordinates": [ 139.472796790526104, 35.600954277094623 ] } },
{ "type": "Feature", "properties": { "P29_001": "14151", "P29_002": "B114315000029", "P29_003": "16001", "P29_004": "ＬＣＡ国際小学校", "P29_005": "神奈川県相模原市緑区橋本台3-7-1", "P29_006": "4", "P29_007": "1", "P29_008": "00", "P29_009": null }, "geometry": { "type": "Point", "coordinates": [ 139.332249689677298, 35.586200673365923 ] } },
{ "type": "Feature", "properties": { "P29_001": "14204", "P29_002": "B114320400016", "P29_003": "16001", "P29_004": "鎌倉女子大学初等部", "P29_005": "神奈川県鎌倉市岩瀬1420", "P29_006": "4", "P29_007": "1", "P29_008": "00", "P29_009": null }, "geometry": { "type": "Point", "coordinates": [ 139.547939548844113, 35.361064654648814 ] } },
{ "type": "Feature", "properties": { "P29_001": "14204", "P29_002": "B114320400025", "P29_003": "16001", "P29_004": "清泉小学校", "P29_005": "神奈川県鎌倉市雪ノ下3-11-45", "P29_006": "4", "P29_007": "1", "P29_008": "00", "P29_009": null }, "geometry": { "type": "Point", "coordinates": [ 139.561359839969754, 35.325052191387158 ] } },
{ "type": "Feature", "properties": { "P29_001": "14205", "P29_002": "B114320500015", "P29_003": "16001", "P29_004": "湘南学園小学校", "P29_005": "神奈川県藤沢市鵜沼松が岡4-1-32", "P29_006": "4", "P29_007": "1", "P29_008": "00", "P29_009": null }, "geometry": { "type": "Point", "coordinates": [ 139.476202711670794, 35.324680283669693 ] } },
{ "type": "Feature", "properties": { "P29_001": "14205", "P29_002": "B114320500024", "P29_003": "16001", "P29_004": "湘南白百合学園小学校", "P29_005": "神奈川県藤沢市片瀬海岸2-2-30", "P29_006": "4", "P29_007": "1", "P29_008": "00", "P29_009": null }, "geometry": { "type": "Point", "coordinates": [ 139.484656857346948, 35.311310512913096 ] } },
{ "type": "Feature", "properties": { "P29_001": "14206", "P29_002": "B114320600014", "P29_003": "16001", "P29_004": "湘南ライナス学園小学部", "P29_005": "神奈川県小田原市風祭487-1", "P29_006": "4", "P29_007": "1", "P29_008": "00", "P29_009": null }, "geometry": { "type": "Point", "coordinates": [ 139.130494006824421, 35.247841688292439 ] } },
{ "type": "Feature", "properties": { "P29_001": "14207", "P29_002": "B114320700013", "P29_003": "16001", "P29_004": "平和学園小学校", "P29_005": "神奈川県茅ヶ崎市富士見町5-2", "P29_006": "4", "P29_007": "1", "P29_008": "00", "P29_009": null }, "geometry": { "type": "Point", "coordinates": [ 139.432076982660988, 35.326209603872258 ] } },
{ "type": "Feature", "properties": { "P29_001": "14208", "P29_002": "B114320800012", "P29_003": "16001", "P29_004": "聖マリア小学校", "P29_005": "神奈川県逗子市逗子6-8-47", "P29_006": "4", "P29_007": "1", "P29_008": "00", "P29_009": null }, "geometry": { "type": "Point", "coordinates": [ 139.577182808439517, 35.292720387422065 ] } },
{ "type": "Feature", "properties": { "P29_001": "14212", "P29_002": "B114321200016", "P29_003": "16001", "P29_004": "七沢希望の丘初等学校", "P29_005": "神奈川県厚木市七沢433-1", "P29_006": "4", "P29_007": "1", "P29_008": "00", "P29_009": null }, "geometry": { "type": "Point", "coordinates": [ 139.294415771141701, 35.437007094993554 ] } },
{ "type": "Feature", "properties": { "P29_001": "14341", "P29_002": "B114334100010", "P29_003": "16001", "P29_004": "聖ステパノ学園小学校", "P29_005": "神奈川県中郡大磯町大磯868", "P29_006": "4", "P29_007": "1", "P29_008": "00", "P29_009": null }, "geometry": { "type": "Point", "coordinates": [ 139.312707136406345, 35.309824238833144 ] } },
{ "type": "Feature", "properties": { "P29_001": "14101", "P29_002": "B114210020135", "P29_003": "16001", "P29_004": "横浜市立下末吉小学校", "P29_005": "神奈川県横浜市鶴見区下末吉2-25-6", "P29_006": "3", "P29_007": "1", "P29_008": "00", "P29_009": null }, "geometry": { "type": "Point", "coordinates": [ 139.675115745354503, 35.522842744961295 ] } },
{ "type": "Feature", "properties": { "P29_001": "14101", "P29_002": "B114210020144", "P29_003": "16001", "P29_004": "横浜市立新鶴見小学校", "P29_005": "神奈川県横浜市鶴見区江ケ崎町2-1", "P29_006": "3", "P29_007": "1", "P29_008": "00", "P29_009": null }, "geometry": { "type": "Point", "coordinates": [ 139.676944749151403, 35.532760985824119 ] } },
{ "type": "Feature", "properties": { "P29_001": "14101", "P29_002": "B114210020162", "P29_003": "16001", "P29_004": "横浜市立鶴見小学校", "P29_005": "神奈川県横浜市鶴見区鶴見中央3-19-1", "P29_006": "3", "P29_007": "1", "P29_008": "00", "P29_009": null }, "geometry": { "type": "Point", "coordinates": [ 139.684096203040895, 35.509222855791364 ] } },
{ "type": "Feature", "properties": { "P29_001": "14102", "P29_002": "B114210020322", "P29_003": "16001", "P29_004": "横浜市立子安小学校", "P29_005": "神奈川県横浜市神奈川区新子安1-36-1", "P29_006": "3", "P29_007": "1", "P29_008": "00", "P29_009": null }, "geometry": { "type": "Point", "coordinates": [ 139.654560781340024, 35.490204343818895 ] } },
{ "type": "Feature", "properties": { "P29_001": "14102", "P29_002": "B114210020395", "P29_003": "16001", "P29_004": "横浜市立羽沢小学校", "P29_005": "神奈川県横浜市神奈川区羽沢町935", "P29_006": "3", "P29_007": "1", "P29_008": "00", "P29_009": null }, "geometry": { "type": "Point", "coordinates": [ 139.587169270264013, 35.488550340507643 ] } },
{ "type": "Feature", "properties": { "P29_001": "14102", "P29_002": "B114210020420", "P29_003": "16001", "P29_004": "横浜市立南神大寺小学校", "P29_005": "神奈川県横浜市神奈川区神大寺2-9-16", "P29_006": "3", "P29_007": "1", "P29_008": "00", "P29_009": null }, "geometry": { "type": "Point", "coordinates": [ 139.612213882782612, 35.485002991721771 ] } },
{ "type": "Feature", "properties": { "P29_001": "14106", "P29_002": "B114210020992", "P29_003": "16001", "P29_004": "横浜市立新井小学校", "P29_005": "神奈川県横浜市保土ケ谷区上菅田町1574-1", "P29_006": "3", "P29_007": "1", "P29_008": "00", "P29_009": null }, "geometry": { "type": "Point", "coordinates": [ 139.556877707865311, 35.495794692142319 ] } },
{ "type": "Feature", "properties": { "P29_001": "14106", "P29_002": "B114210021009", "P29_003": "16001", "P29_004": "横浜市立新井小学校桜坂分校", "P29_005": "神奈川県横浜市保土ケ谷区新井町580", "P29_006": "3", "P29_007": "1", "P29_008": "00", "P29_009": null }, "geometry": { "type": "Point", "coordinates": [ 139.555981586380909, 35.488598861710969 ] } },
{ "type": "Feature", "properties": { "P29_001": "14106", "P29_002": "B114210021045", "P29_003": "16001", "P29_004": "横浜市立上菅田笹の丘小学校", "P29_005": "神奈川県横浜市保土ケ谷区上菅田町1422", "P29_006": "3", "P29_007": "1", "P29_008": "00", "P29_009": null }, "geometry": { "type": "Point", "coordinates": [ 139.564788544396379, 35.492727570904016 ] } },
{ "type": "Feature", "properties": { "P29_001": "14106", "P29_002": "B114210021063", "P29_003": "16001", "P29_004": "横浜市立川島小学校", "P29_005": "神奈川県横浜市保土ケ谷区川島町1162", "P29_006": "3", "P29_007": "1", "P29_008": "00", "P29_009": null }, "geometry": { "type": "Point", "coordinates": [ 139.567936000467171, 35.473424071581611 ] } },
{ "type": "Feature", "properties": { "P29_001": "14106", "P29_002": "B114210021107", "P29_003": "16001", "P29_004": "横浜市立瀬戸ケ谷小学校", "P29_005": "神奈川県横浜市保土ケ谷区瀬戸ケ谷町243", "P29_006": "3", "P29_007": "1", "P29_008": "00", "P29_009": null }, "geometry": { "type": "Point", "coordinates": [ 139.58681966336232, 35.441362275814285 ] } },
{ "type": "Feature", "properties": { "P29_001": "14106", "P29_002": "B114210021152", "P29_003": "16001", "P29_004": "横浜市立仏向小学校", "P29_005": "神奈川県横浜市保土ケ谷区仏向町845", "P29_006": "3", "P29_007": "1", "P29_008": "00", "P29_009": null }, "geometry": { "type": "Point", "coordinates": [ 139.585699892472832, 35.460477192879672 ] } },
{ "type": "Feature", "properties": { "P29_001": "14106", "P29_002": "B114210021170", "P29_003": "16001", "P29_004": "横浜市立保土ケ谷小学校", "P29_005": "神奈川県横浜市保土ケ谷区神戸町129-4", "P29_006": "3", "P29_007": "1", "P29_008": "00", "P29_009": null }, "geometry": { "type": "Point", "coordinates": [ 139.595081581331556, 35.454642974859134 ] } },
{ "type": "Feature", "properties": { "P29_001": "14112", "P29_002": "B114210021269", "P29_003": "16001", "P29_004": "横浜市立左近山小学校", "P29_005": "神奈川県横浜市旭区左近山1997-2", "P29_006": "3", "P29_007": "1", "P29_008": "00", "P29_009": null }, "geometry": { "type": "Point", "coordinates": [ 139.54985283585367, 35.462375936696027 ] } },
{ "type": "Feature", "properties": { "P29_001": "14112", "P29_002": "B114210021401", "P29_003": "16001", "P29_004": "横浜市立万騎が原小学校", "P29_005": "神奈川県横浜市旭区大池町66", "P29_006": "3", "P29_007": "1", "P29_008": "00", "P29_009": null }, "geometry": { "type": "Point", "coordinates": [ 139.533907608218442, 35.452738769705128 ] } },
{ "type": "Feature", "properties": { "P29_001": "14112", "P29_002": "B114210021429", "P29_003": "16001", "P29_004": "横浜市立若葉台小学校", "P29_005": "神奈川県横浜市旭区若葉台2-14-1", "P29_006": "3", "P29_007": "1", "P29_008": "00", "P29_009": null }, "geometry": { "type": "Point", "coordinates": [ 139.500419209098283, 35.50843795383836 ] } },
{ "type": "Feature", "properties": { "P29_001": "14107", "P29_002": "B114210021456", "P29_003": "16001", "P29_004": "横浜市立さわの里小学校", "P29_005": "神奈川県横浜市磯子区上中里町548", "P29_006": "3", "P29_007": "1", "P29_008": "00", "P29_009": null }, "geometry": { "type": "Point", "coordinates": [ 139.609261978386996, 35.369350796771016 ] } },
{ "type": "Feature", "properties": { "P29_001": "14108", "P29_002": "B114210021713", "P29_003": "16001", "P29_004": "横浜市立並木中央小学校", "P29_005": "神奈川県横浜市金沢区並木1-25-1", "P29_006": "3", "P29_007": "1", "P29_008": "00", "P29_009": null }, "geometry": { "type": "Point", "coordinates": [ 139.641304059832891, 35.366485479483416 ] } },
{ "type": "Feature", "properties": { "P29_001": "14109", "P29_002": "B114210021857", "P29_003": "16001", "P29_004": "横浜市立小机小学校", "P29_005": "神奈川県横浜市港北区小机町1382-10", "P29_006": "3", "P29_007": "1", "P29_008": "00", "P29_009": null }, "geometry": { "type": "Point", "coordinates": [ 139.597774241563513, 35.505389105438589 ] } },
{ "type": "Feature", "properties": { "P29_001": "14109", "P29_002": "B114210021982", "P29_003": "16001", "P29_004": "横浜市立新羽小学校", "P29_005": "神奈川県横浜市港北区新羽町1452-2", "P29_006": "3", "P29_007": "1", "P29_008": "00", "P29_009": null }, "geometry": { "type": "Point", "coordinates": [ 139.607928907556953, 35.522680606234246 ] } },
{ "type": "Feature", "properties": { "P29_001": "14113", "P29_002": "B114210022099", "P29_003": "16001", "P29_004": "横浜市立竹山小学校", "P29_005": "神奈川県横浜市緑区竹山3-1-16", "P29_006": "3", "P29_007": "1", "P29_008": "00", "P29_009": null }, "geometry": { "type": "Point", "coordinates": [ 139.560786107906267, 35.496215569638323 ] } },
{ "type": "Feature", "properties": { "P29_001": "14113", "P29_002": "B114210022115", "P29_003": "16001", "P29_004": "横浜市立長津田小学校", "P29_005": "神奈川県横浜市緑区長津田町2330", "P29_006": "3", "P29_007": "1", "P29_008": "00", "P29_009": null }, "geometry": { "type": "Point", "coordinates": [ 139.491142656069854, 35.53017948932748 ] } },
{ "type": "Feature", "properties": { "P29_001": "14113", "P29_002": "B114210022188", "P29_003": "16001", "P29_004": "横浜市立森の台小学校", "P29_005": "神奈川県横浜市緑区森の台13-1", "P29_006": "3", "P29_007": "1", "P29_008": "00", "P29_009": null }, "geometry": { "type": "Point", "coordinates": [ 139.535761379947388, 35.50881992069089 ] } },
{ "type": "Feature", "properties": { "P29_001": "14113", "P29_002": "B114210022204", "P29_003": "16001", "P29_004": "横浜市立山下みどり台小学校", "P29_005": "神奈川県横浜市緑区北八朔町2031-3", "P29_006": "3", "P29_007": "1", "P29_008": "00", "P29_009": null }, "geometry": { "type": "Point", "coordinates": [ 139.533383383770399, 35.531580476533726 ] } },
{ "type": "Feature", "properties": { "P29_001": "14117", "P29_002": "B114210022375", "P29_003": "16001", "P29_004": "横浜市立嶮山小学校", "P29_005": "神奈川県横浜市青葉区すすき野1-6-4", "P29_006": "3", "P29_007": "1", "P29_008": "00", "P29_009": null }, "geometry": { "type": "Point", "coordinates": [ 139.52943022481324, 35.575885309629371 ] } },
{ "type": "Feature", "properties": { "P29_001": "14118", "P29_002": "B114210022561", "P29_003": "16001", "P29_004": "横浜市立勝田小学校", "P29_005": "神奈川県横浜市都筑区勝田町266", "P29_006": "3", "P29_007": "1", "P29_008": "00", "P29_009": null }, "geometry": { "type": "Point", "coordinates": [ 139.595301499963853, 35.543504954717186 ] } },
{ "type": "Feature", "properties": { "P29_001": "14118", "P29_002": "B114210022623", "P29_003": "16001", "P29_004": "横浜市立茅ケ崎台小学校", "P29_005": "神奈川県横浜市都筑区長坂13-1", "P29_006": "3", "P29_007": "1", "P29_008": "00", "P29_009": null }, "geometry": { "type": "Point", "coordinates": [ 139.569923970929636, 35.537435848749169 ] } },
{ "type": "Feature", "properties": { "P29_001": "14110", "P29_002": "B114210022927", "P29_003": "16001", "P29_004": "横浜市立平戸小学校", "P29_005": "神奈川県横浜市戸塚区平戸町542", "P29_006": "3", "P29_007": "1", "P29_008": "00", "P29_009": null }, "geometry": { "type": "Point", "coordinates": [ 139.563748179440211, 35.426770026822958 ] } },
{ "type": "Feature", "properties": { "P29_001": "14110", "P29_002": "B114210022945", "P29_003": "16001", "P29_004": "横浜市立深谷小学校", "P29_005": "神奈川県横浜市戸塚区深谷町1688-2", "P29_006": "3", "P29_007": "1", "P29_008": "00", "P29_009": null }, "geometry": { "type": "Point", "coordinates": [ 139.502711088525359, 35.391946125785282 ] } },
{ "type": "Feature", "properties": { "P29_001": "14110", "P29_002": "B114210022990", "P29_003": "16001", "P29_004": "横浜市立横浜深谷台小学校", "P29_005": "神奈川県横浜市戸塚区深谷町1312-1", "P29_006": "3", "P29_007": "1", "P29_008": "00", "P29_009": null }, "geometry": { "type": "Point", "coordinates": [ 139.496544829628988, 35.38811721343378 ] } },
{ "type": "Feature", "properties": { "P29_001": "14115", "P29_002": "B114210023043", "P29_003": "16001", "P29_004": "横浜市立公田小学校", "P29_005": "神奈川県横浜市栄区公田町354-3", "P29_006": "3", "P29_007": "1", "P29_008": "00", "P29_009": null }, "geometry": { "type": "Point", "coordinates": [ 139.553842008383185, 35.35436263012906 ] } },
{ "type": "Feature", "properties": { "P29_001": "14116", "P29_002": "B114210023196", "P29_003": "16001", "P29_004": "横浜市立上飯田小学校", "P29_005": "神奈川県横浜市泉区上飯田町1331", "P29_006": "3", "P29_007": "1", "P29_008": "00", "P29_009": null }, "geometry": { "type": "Point", "coordinates": [ 139.480336385762286, 35.42409065034191 ] } },
{ "type": "Feature", "properties": { "P29_001": "14114", "P29_002": "B114210023310", "P29_003": "16001", "P29_004": "横浜市立阿久和小学校", "P29_005": "神奈川県横浜市瀬谷区阿久和南4-8-2", "P29_006": "3", "P29_007": "1", "P29_008": "00", "P29_009": null }, "geometry": { "type": "Point", "coordinates": [ 139.497051634031976, 35.441040607147343 ] } },
{ "type": "Feature", "properties": { "P29_001": "14114", "P29_002": "B114210023329", "P29_003": "16001", "P29_004": "横浜市立上瀬谷小学校", "P29_005": "神奈川県横浜市瀬谷区瀬谷町7140", "P29_006": "3", "P29_007": "1", "P29_008": "00", "P29_009": null }, "geometry": { "type": "Point", "coordinates": [ 139.476969333639659, 35.489703373357337 ] } },
{ "type": "Feature", "properties": { "P29_001": "14102", "P29_002": "B114210023418", "P29_003": "16001", "P29_004": "横浜市立菅田の丘小学校", "P29_005": "神奈川県横浜市神奈川区菅田町674", "P29_006": "3", "P29_007": "1", "P29_008": "00", "P29_009": null }, "geometry": { "type": "Point", "coordinates": [ 139.57813415090925, 35.496217696638084 ] } },
{ "type": "Feature", "properties": { "P29_001": "14131", "P29_002": "B114213020059", "P29_003": "16001", "P29_004": "川崎市立川中島小学校", "P29_005": "神奈川県川崎市川崎区川中島2-4-19", "P29_006": "3", "P29_007": "1", "P29_008": "00", "P29_009": null }, "geometry": { "type": "Point", "coordinates": [ 139.725984730057263, 35.531059250195284 ] } },
{ "type": "Feature", "properties": { "P29_001": "14131", "P29_002": "B114213020077", "P29_003": "16001", "P29_004": "川崎市立さくら小学校", "P29_005": "神奈川県川崎市川崎区桜本1-9-15", "P29_006": "3", "P29_007": "1", "P29_008": "00", "P29_009": null }, "geometry": { "type": "Point", "coordinates": [ 139.722406777419224, 35.520238929931011 ] } },
{ "type": "Feature", "properties": { "P29_001": "14132", "P29_002": "B114213020228", "P29_003": "16001", "P29_004": "川崎市立南河原小学校", "P29_005": "神奈川県川崎市幸区都町18", "P29_006": "3", "P29_007": "1", "P29_008": "00", "P29_009": null }, "geometry": { "type": "Point", "coordinates": [ 139.690591168961788, 35.537830224330676 ] } },
{ "type": "Feature", "properties": { "P29_001": "14132", "P29_002": "B114213020326", "P29_003": "16001", "P29_004": "川崎市立南加瀬小学校", "P29_005": "神奈川県川崎市幸区南加瀬4-24-1", "P29_006": "3", "P29_007": "1", "P29_008": "00", "P29_009": null }, "geometry": { "type": "Point", "coordinates": [ 139.659570925791741, 35.542949577765803 ] } },
{ "type": "Feature", "properties": { "P29_001": "14133", "P29_002": "B114213020362", "P29_003": "16001", "P29_004": "川崎市立玉川小学校", "P29_005": "神奈川県川崎市中原区北谷町32", "P29_006": "3", "P29_007": "1", "P29_008": "00", "P29_009": null }, "geometry": { "type": "Point", "coordinates": [ 139.672773883437486, 35.564034871115346 ] } },
{ "type": "Feature", "properties": { "P29_001": "14133", "P29_002": "B114213020406", "P29_003": "16001", "P29_004": "川崎市立東住吉小学校", "P29_005": "神奈川県川崎市中原区木月住吉町1-11", "P29_006": "3", "P29_007": "1", "P29_008": "00", "P29_009": null }, "geometry": { "type": "Point", "coordinates": [ 139.657921644317383, 35.569437904377246 ] } },
{ "type": "Feature", "properties": { "P29_001": "14134", "P29_002": "B114213020558", "P29_003": "16001", "P29_004": "川崎市立末長小学校", "P29_005": "神奈川県川崎市高津区末長3-8-1", "P29_006": "3", "P29_007": "1", "P29_008": "00", "P29_009": null }, "geometry": { "type": "Point", "coordinates": [ 139.619315519790689, 35.590399677201475 ] } },
{ "type": "Feature", "properties": { "P29_001": "14134", "P29_002": "B114213020638", "P29_003": "16001", "P29_004": "川崎市立西梶ヶ谷小学校", "P29_005": "神奈川県川崎市高津区梶ケ谷2-14-1", "P29_006": "3", "P29_007": "1", "P29_008": "00", "P29_009": null }, "geometry": { "type": "Point", "coordinates": [ 139.602134569076753, 35.587965199794574 ] } },
{ "type": "Feature", "properties": { "P29_001": "14135", "P29_002": "B114213020978", "P29_003": "16001", "P29_004": "川崎市立生田小学校", "P29_005": "神奈川県川崎市多摩区生田7-22-1", "P29_006": "3", "P29_007": "1", "P29_008": "00", "P29_009": null }, "geometry": { "type": "Point", "coordinates": [ 139.542206458138139, 35.617123066663922 ] } },
{ "type": "Feature", "properties": { "P29_001": "14137", "P29_002": "B114213021110", "P29_003": "16001", "P29_004": "川崎市立岡上小学校", "P29_005": "神奈川県川崎市麻生区岡上675-1", "P29_006": "3", "P29_007": "1", "P29_008": "00", "P29_009": null }, "geometry": { "type": "Point", "coordinates": [ 139.483037044346361, 35.579024139228217 ] } },
{ "type": "Feature", "properties": { "P29_001": "14153", "P29_002": "B114215020027", "P29_003": "16001", "P29_004": "相模原市立麻溝小学校", "P29_005": "神奈川県相模原市南区下溝713", "P29_006": "3", "P29_007": "1", "P29_008": "00", "P29_009": null }, "geometry": { "type": "Point", "coordinates": [ 139.376077765768031, 35.526917360042987 ] } },
{ "type": "Feature", "properties": { "P29_001": "14152", "P29_002": "B114215020143", "P29_003": "16001", "P29_004": "相模原市立中央小学校", "P29_005": "神奈川県相模原市中央区富士見1-3-22", "P29_006": "3", "P29_007": "1", "P29_008": "00", "P29_009": null }, "geometry": { "type": "Point", "coordinates": [ 139.375757050021633, 35.570292562657166 ] } },
{ "type": "Feature", "properties": { "P29_001": "14153", "P29_002": "B114215020161", "P29_003": "16001", "P29_004": "相模原市立相模台小学校", "P29_005": "神奈川県相模原市南区南台6-5-1", "P29_006": "3", "P29_007": "1", "P29_008": "00", "P29_009": null }, "geometry": { "type": "Point", "coordinates": [ 139.413987948251332, 35.52220412551786 ] } },
{ "type": "Feature", "properties": { "P29_001": "14151", "P29_002": "B114215020287", "P29_003": "16001", "P29_004": "相模原市立橋本小学校", "P29_005": "神奈川県相模原市緑区橋本1-12-20", "P29_006": "3", "P29_007": "1", "P29_008": "00", "P29_009": null }, "geometry": { "type": "Point", "coordinates": [ 139.344707344568008, 35.588316574193009 ] } },
{ "type": "Feature", "properties": { "P29_001": "14151", "P29_002": "B114215020394", "P29_003": "16001", "P29_004": "相模原市立大島小学校", "P29_005": "神奈川県相模原市緑区大島1121-19", "P29_006": "3", "P29_007": "1", "P29_008": "00", "P29_009": null }, "geometry": { "type": "Point", "coordinates": [ 139.319076590522485, 35.580277547272345 ] } },
{ "type": "Feature", "properties": { "P29_001": "14152", "P29_002": "B114215020429", "P29_003": "16001", "P29_004": "相模原市立弥栄小学校", "P29_005": "神奈川県相模原市中央区弥栄3-1-10", "P29_006": "3", "P29_007": "1", "P29_008": "00", "P29_009": null }, "geometry": { "type": "Point", "coordinates": [ 139.387177968390006, 35.557822309279963 ] } },
{ "type": "Feature", "properties": { "P29_001": "14151", "P29_002": "B114215020624", "P29_003": "16001", "P29_004": "相模原市立串川小学校", "P29_005": "神奈川県相模原市緑区長竹1424", "P29_006": "3", "P29_007": "1", "P29_008": "00", "P29_009": null }, "geometry": { "type": "Point", "coordinates": [ 139.258888447891792, 35.56637581278121 ] } },
{ "type": "Feature", "properties": { "P29_001": "14201", "P29_002": "B114220120026", "P29_003": "16001", "P29_004": "横須賀市立夏島小学校", "P29_005": "神奈川県横須賀市浦郷町4-35", "P29_006": "3", "P29_007": "1", "P29_008": "00", "P29_009": null }, "geometry": { "type": "Point", "coordinates": [ 139.633723595463209, 35.31650575870858 ] } },
{ "type": "Feature", "properties": { "P29_001": "14201", "P29_002": "B114220120035", "P29_003": "16001", "P29_004": "横須賀市立浦郷小学校", "P29_005": "神奈川県横須賀市追浜東町2-14", "P29_006": "3", "P29_007": "1", "P29_008": "00", "P29_009": null }, "geometry": { "type": "Point", "coordinates": [ 139.629571526145554, 35.312916862646027 ] } },
{ "type": "Feature", "properties": { "P29_001": "14201", "P29_002": "B114220120044", "P29_003": "16001", "P29_004": "横須賀市立鷹取小学校", "P29_005": "神奈川県横須賀市湘南鷹取4-7-1", "P29_006": "3", "P29_007": "1", "P29_008": "00", "P29_009": null }, "geometry": { "type": "Point", "coordinates": [ 139.614480931595011, 35.307892341237924 ] } },
{ "type": "Feature", "properties": { "P29_001": "14201", "P29_002": "B114220120053", "P29_003": "16001", "P29_004": "横須賀市立船越小学校", "P29_005": "神奈川県横須賀市船越町5-34", "P29_006": "3", "P29_007": "1", "P29_008": "00", "P29_009": null }, "geometry": { "type": "Point", "coordinates": [ 139.627041808201454, 35.300684865484186 ] } },
{ "type": "Feature", "properties": { "P29_001": "14201", "P29_002": "B114220120062", "P29_003": "16001", "P29_004": "横須賀市立田浦小学校", "P29_005": "神奈川県横須賀市田浦町3-55", "P29_006": "3", "P29_007": "1", "P29_008": "00", "P29_009": null }, "geometry": { "type": "Point", "coordinates": [ 139.631641246439585, 35.290781125539525 ] } },
{ "type": "Feature", "properties": { "P29_001": "14201", "P29_002": "B114220120099", "P29_003": "16001", "P29_004": "横須賀市立沢山小学校", "P29_005": "神奈川県横須賀市東逸見町3-35", "P29_006": "3", "P29_007": "1", "P29_008": "00", "P29_009": null }, "geometry": { "type": "Point", "coordinates": [ 139.650371250090302, 35.274987902619507 ] } },
{ "type": "Feature", "properties": { "P29_001": "14201", "P29_002": "B114220120124", "P29_003": "16001", "P29_004": "横須賀市立諏訪小学校", "P29_005": "神奈川県横須賀市小川町18", "P29_006": "3", "P29_007": "1", "P29_008": "00", "P29_009": null }, "geometry": { "type": "Point", "coordinates": [ 139.673483846846722, 35.282423330952753 ] } },
{ "type": "Feature", "properties": { "P29_001": "14201", "P29_002": "B114220120286", "P29_003": "16001", "P29_004": "横須賀市立大塚台小学校", "P29_005": "神奈川県横須賀市池田町3-1-1", "P29_006": "3", "P29_007": "1", "P29_008": "00", "P29_009": null }, "geometry": { "type": "Point", "coordinates": [ 139.694467466362028, 35.244789290162828 ] } },
{ "type": "Feature", "properties": { "P29_001": "14201", "P29_002": "B114220120366", "P29_003": "16001", "P29_004": "横須賀市立神明小学校", "P29_005": "神奈川県横須賀市神明町407", "P29_006": "3", "P29_007": "1", "P29_008": "00", "P29_009": null }, "geometry": { "type": "Point", "coordinates": [ 139.701041591658907, 35.225901505729318 ] } },
{ "type": "Feature", "properties": { "P29_001": "14203", "P29_002": "B114220320015", "P29_003": "16001", "P29_004": "平塚市立崇善小学校", "P29_005": "神奈川県平塚市浅間町4-3", "P29_006": "3", "P29_007": "1", "P29_008": "00", "P29_009": null }, "geometry": { "type": "Point", "coordinates": [ 139.345958297538829, 35.333318858943983 ] } },
{ "type": "Feature", "properties": { "P29_001": "14203", "P29_002": "B114220320079", "P29_003": "16001", "P29_004": "平塚市立大野小学校", "P29_005": "神奈川県平塚市東真土2-1-1", "P29_006": "3", "P29_007": "1", "P29_008": "00", "P29_009": null }, "geometry": { "type": "Point", "coordinates": [ 139.358077314457034, 35.353831877810485 ] } },
{ "type": "Feature", "properties": { "P29_001": "14203", "P29_002": "B114220320113", "P29_003": "16001", "P29_004": "平塚市立城島小学校", "P29_005": "神奈川県平塚市小鍋島608-3", "P29_006": "3", "P29_007": "1", "P29_008": "00", "P29_009": null }, "geometry": { "type": "Point", "coordinates": [ 139.330289268819598, 35.372408654561383 ] } },
{ "type": "Feature", "properties": { "P29_001": "14203", "P29_002": "B114220320275", "P29_003": "16001", "P29_004": "平塚市立山下小学校", "P29_005": "神奈川県平塚市山下3-25-1", "P29_006": "3", "P29_007": "1", "P29_008": "00", "P29_009": null }, "geometry": { "type": "Point", "coordinates": [ 139.316738821478566, 35.330563714778009 ] } },
{ "type": "Feature", "properties": { "P29_001": "14203", "P29_002": "B114220320284", "P29_003": "16001", "P29_004": "平塚市立大原小学校", "P29_005": "神奈川県平塚市大原1-14", "P29_006": "3", "P29_007": "1", "P29_008": "00", "P29_009": null }, "geometry": { "type": "Point", "coordinates": [ 139.338509239630667, 35.344490698461975 ] } },
{ "type": "Feature", "properties": { "P29_001": "14204", "P29_002": "B114220420023", "P29_003": "16001", "P29_004": "鎌倉市立第二小学校", "P29_005": "神奈川県鎌倉市二階堂878", "P29_006": "3", "P29_007": "1", "P29_008": "00", "P29_009": null }, "geometry": { "type": "Point", "coordinates": [ 139.565602973417867, 35.323763724796912 ] } },
{ "type": "Feature", "properties": { "P29_001": "14204", "P29_002": "B114220420078", "P29_003": "16001", "P29_004": "鎌倉市立西鎌倉小学校", "P29_005": "神奈川県鎌倉市津1069", "P29_006": "3", "P29_007": "1", "P29_008": "00", "P29_009": null }, "geometry": { "type": "Point", "coordinates": [ 139.507055274519075, 35.323759895445114 ] } },
{ "type": "Feature", "properties": { "P29_001": "14204", "P29_002": "B114220420103", "P29_003": "16001", "P29_004": "鎌倉市立山崎小学校", "P29_005": "神奈川県鎌倉市山崎2500", "P29_006": "3", "P29_007": "1", "P29_008": "00", "P29_009": null }, "geometry": { "type": "Point", "coordinates": [ 139.533565261771088, 35.338703895942373 ] } },
{ "type": "Feature", "properties": { "P29_001": "14204", "P29_002": "B114220420130", "P29_003": "16001", "P29_004": "鎌倉市立植木小学校", "P29_005": "神奈川県鎌倉市植木1", "P29_006": "3", "P29_007": "1", "P29_008": "00", "P29_009": null }, "geometry": { "type": "Point", "coordinates": [ 139.51808255330576, 35.354050549671577 ] } },
{ "type": "Feature", "properties": { "P29_001": "14205", "P29_002": "B114220520102", "P29_003": "16001", "P29_004": "藤沢市立大道小学校", "P29_005": "神奈川県藤沢市朝日町3-3", "P29_006": "3", "P29_007": "1", "P29_008": "00", "P29_009": null }, "geometry": { "type": "Point", "coordinates": [ 139.493108184353389, 35.338840765864965 ] } },
{ "type": "Feature", "properties": { "P29_001": "14205", "P29_002": "B114220520200", "P29_003": "16001", "P29_004": "藤沢市立俣野小学校", "P29_005": "神奈川県藤沢市西俣野2660", "P29_006": "3", "P29_007": "1", "P29_008": "00", "P29_009": null }, "geometry": { "type": "Point", "coordinates": [ 139.483194911643864, 35.367094794755317 ] } },
{ "type": "Feature", "properties": { "P29_001": "14205", "P29_002": "B114220520264", "P29_003": "16001", "P29_004": "藤沢市立新林小学校", "P29_005": "神奈川県藤沢市川名400", "P29_006": "3", "P29_007": "1", "P29_008": "00", "P29_009": null }, "geometry": { "type": "Point", "coordinates": [ 139.492651855900419, 35.33199274237051 ] } },
{ "type": "Feature", "properties": { "P29_001": "14205", "P29_002": "B114220520317", "P29_003": "16001", "P29_004": "藤沢市立駒寄小学校", "P29_005": "神奈川県藤沢市大庭5527-2", "P29_006": "3", "P29_007": "1", "P29_008": "00", "P29_009": null }, "geometry": { "type": "Point", "coordinates": [ 139.448752220066439, 35.368532273298214 ] } },
{ "type": "Feature", "properties": { "P29_001": "14206", "P29_002": "B114220620058", "P29_003": "16001", "P29_004": "小田原市立大窪小学校", "P29_005": "神奈川県小田原市板橋985", "P29_006": "3", "P29_007": "1", "P29_008": "00", "P29_009": null }, "geometry": { "type": "Point", "coordinates": [ 139.136572091756818, 35.250555564650561 ] } },
{ "type": "Feature", "properties": { "P29_001": "14206", "P29_002": "B114220620156", "P29_003": "16001", "P29_004": "小田原市立国府津小学校", "P29_005": "神奈川県小田原市国府津2485", "P29_006": "3", "P29_007": "1", "P29_008": "00", "P29_009": null }, "geometry": { "type": "Point", "coordinates": [ 139.202379112110378, 35.282700720880449 ] } },
{ "type": "Feature", "properties": { "P29_001": "14206", "P29_002": "B114220620165", "P29_003": "16001", "P29_004": "小田原市立酒匂小学校", "P29_005": "神奈川県小田原市酒匂5-15-3", "P29_006": "3", "P29_007": "1", "P29_008": "00", "P29_009": null }, "geometry": { "type": "Point", "coordinates": [ 139.194532305976395, 35.270434671872366 ] } },
{ "type": "Feature", "properties": { "P29_001": "14206", "P29_002": "B114220620174", "P29_003": "16001", "P29_004": "小田原市立片浦小学校", "P29_005": "神奈川県小田原市根府川534-1", "P29_006": "3", "P29_007": "1", "P29_008": "00", "P29_009": null }, "geometry": { "type": "Point", "coordinates": [ 139.1369079832659, 35.203621583713542 ] } },
{ "type": "Feature", "properties": { "P29_001": "14206", "P29_002": "B114220620254", "P29_003": "16001", "P29_004": "小田原市立富士見小学校", "P29_005": "神奈川県小田原市南鴨宮3-25-1", "P29_006": "3", "P29_007": "1", "P29_008": "00", "P29_009": null }, "geometry": { "type": "Point", "coordinates": [ 139.182404055746929, 35.270786790564735 ] } },
{ "type": "Feature", "properties": { "P29_001": "14207", "P29_002": "B114220720011", "P29_003": "16001", "P29_004": "茅ヶ崎市立茅ヶ崎小学校", "P29_005": "神奈川県茅ヶ崎市共恵1-10-23", "P29_006": "3", "P29_007": "1", "P29_008": "00", "P29_009": null }, "geometry": { "type": "Point", "coordinates": [ 139.403336009867189, 35.328511621629865 ] } },
{ "type": "Feature", "properties": { "P29_001": "14207", "P29_002": "B114220720084", "P29_003": "16001", "P29_004": "茅ヶ崎市立香川小学校", "P29_005": "神奈川県茅ヶ崎市香川1-33-1", "P29_006": "3", "P29_007": "1", "P29_008": "00", "P29_009": null }, "geometry": { "type": "Point", "coordinates": [ 139.40697273395989, 35.353169766685831 ] } },
{ "type": "Feature", "properties": { "P29_001": "14207", "P29_002": "B114220720191", "P29_003": "16001", "P29_004": "茅ヶ崎市立汐見台小学校", "P29_005": "神奈川県茅ヶ崎市汐見台3-11", "P29_006": "3", "P29_007": "1", "P29_008": "00", "P29_009": null }, "geometry": { "type": "Point", "coordinates": [ 139.437169620232169, 35.321084854890607 ] } },
{ "type": "Feature", "properties": { "P29_001": "14210", "P29_002": "B114221020043", "P29_003": "16001", "P29_004": "三浦市立上宮田小学校", "P29_005": "神奈川県三浦市南下浦町上宮田3040", "P29_006": "3", "P29_007": "1", "P29_008": "00", "P29_009": null }, "geometry": { "type": "Point", "coordinates": [ 139.648333398581059, 35.188428805664266 ] } },
{ "type": "Feature", "properties": { "P29_001": "14210", "P29_002": "B114221020089", "P29_003": "16001", "P29_004": "三浦市立旭小学校", "P29_005": "神奈川県三浦市南下浦町上宮田950", "P29_006": "3", "P29_007": "1", "P29_008": "00", "P29_009": null }, "geometry": { "type": "Point", "coordinates": [ 139.655871140924035, 35.195130062287255 ] } },
{ "type": "Feature", "properties": { "P29_001": "14211", "P29_002": "B114221120104", "P29_003": "16001", "P29_004": "秦野市立末広小学校", "P29_005": "神奈川県秦野市末広町6-6", "P29_006": "3", "P29_007": "1", "P29_008": "00", "P29_009": null }, "geometry": { "type": "Point", "coordinates": [ 139.23277698845925, 35.376292837274114 ] } },
{ "type": "Feature", "properties": { "P29_001": "14212", "P29_002": "B114221220032", "P29_003": "16001", "P29_004": "厚木市立北小学校", "P29_005": "神奈川県厚木市山際658", "P29_006": "3", "P29_007": "1", "P29_008": "00", "P29_009": null }, "geometry": { "type": "Point", "coordinates": [ 139.359100765568769, 35.504249399983337 ] } },
{ "type": "Feature", "properties": { "P29_001": "14212", "P29_002": "B114221220087", "P29_003": "16001", "P29_004": "厚木市立玉川小学校", "P29_005": "神奈川県厚木市七沢150-1", "P29_006": "3", "P29_007": "1", "P29_008": "00", "P29_009": null }, "geometry": { "type": "Point", "coordinates": [ 139.303644208494859, 35.439246726510873 ] } },
{ "type": "Feature", "properties": { "P29_001": "14212", "P29_002": "B114221220185", "P29_003": "16001", "P29_004": "厚木市立上荻野小学校", "P29_005": "神奈川県厚木市上荻野1429", "P29_006": "3", "P29_007": "1", "P29_008": "00", "P29_009": null }, "geometry": { "type": "Point", "coordinates": [ 139.312088977639917, 35.507206399030466 ] } },
{ "type": "Feature", "properties": { "P29_001": "14212", "P29_002": "B114221220194", "P29_003": "16001", "P29_004": "厚木市立飯山小学校", "P29_005": "神奈川県厚木市飯山4400", "P29_006": "3", "P29_007": "1", "P29_008": "00", "P29_009": null }, "geometry": { "type": "Point", "coordinates": [ 139.320733708869994, 35.472497087270561 ] } },
{ "type": "Feature", "properties": { "P29_001": "14212", "P29_002": "B114221220238", "P29_003": "16001", "P29_004": "厚木市立上依知小学校", "P29_005": "神奈川県厚木市上依知1657", "P29_006": "3", "P29_007": "1", "P29_008": "00", "P29_009": null }, "geometry": { "type": "Point", "coordinates": [ 139.363953637553379, 35.510928853170718 ] } },
{ "type": "Feature", "properties": { "P29_001": "14213", "P29_002": "B114221320040", "P29_003": "16001", "P29_004": "大和市立草柳小学校", "P29_005": "神奈川県大和市中央3-6-1", "P29_006": "3", "P29_007": "1", "P29_008": "00", "P29_009": null }, "geometry": { "type": "Point", "coordinates": [ 139.454924353201989, 35.472042428695744 ] } },
{ "type": "Feature", "properties": { "P29_001": "14213", "P29_002": "B114221320086", "P29_003": "16001", "P29_004": "大和市立西鶴間小学校", "P29_005": "神奈川県大和市西鶴間2-25-43", "P29_006": "3", "P29_007": "1", "P29_008": "00", "P29_009": null }, "geometry": { "type": "Point", "coordinates": [ 139.44467555818602, 35.487711895404296 ] } },
{ "type": "Feature", "properties": { "P29_001": "14213", "P29_002": "B114221320120", "P29_003": "16001", "P29_004": "大和市立南林間小学校", "P29_005": "神奈川県大和市南林間9-3-2", "P29_006": "3", "P29_007": "1", "P29_008": "00", "P29_009": null }, "geometry": { "type": "Point", "coordinates": [ 139.43612307329721, 35.496113897395951 ] } },
{ "type": "Feature", "properties": { "P29_001": "14214", "P29_002": "B114221420094", "P29_003": "16001", "P29_004": "伊勢原市立竹園小学校", "P29_005": "神奈川県伊勢原市岡崎6611-1", "P29_006": "3", "P29_007": "1", "P29_008": "00", "P29_009": null }, "geometry": { "type": "Point", "coordinates": [ 139.304500907598168, 35.385532270587184 ] } },
{ "type": "Feature", "properties": { "P29_001": "14217", "P29_002": "B114221720028", "P29_003": "16001", "P29_004": "南足柄市立南足柄小学校", "P29_005": "神奈川県南足柄市関本400", "P29_006": "3", "P29_007": "1", "P29_008": "00", "P29_009": null }, "geometry": { "type": "Point", "coordinates": [ 139.099172330915223, 35.322407297380472 ] } },
{ "type": "Feature", "properties": { "P29_001": "14218", "P29_002": "B114221820090", "P29_003": "16001", "P29_004": "綾瀬市立土棚小学校", "P29_005": "神奈川県綾瀬市上土棚南6-1-1", "P29_006": "3", "P29_007": "1", "P29_008": "00", "P29_009": null }, "geometry": { "type": "Point", "coordinates": [ 139.442084343150668, 35.4118015058392 ] } },
{ "type": "Feature", "properties": { "P29_001": "14301", "P29_002": "B114230120025", "P29_003": "16001", "P29_004": "葉山町立上山口小学校", "P29_005": "神奈川県三浦郡葉山町上山口158", "P29_006": "3", "P29_007": "1", "P29_008": "00", "P29_009": null }, "geometry": { "type": "Point", "coordinates": [ 139.616742244895192, 35.268192805802833 ] } },
{ "type": "Feature", "properties": { "P29_001": "14301", "P29_002": "B114230120034", "P29_003": "16001", "P29_004": "葉山町立長柄小学校", "P29_005": "神奈川県三浦郡葉山町長柄130", "P29_006": "3", "P29_007": "1", "P29_008": "00", "P29_009": null }, "geometry": { "type": "Point", "coordinates": [ 139.583689426930562, 35.28160019224088 ] } },
{ "type": "Feature", "properties": { "P29_001": "14321", "P29_002": "B114232120012", "P29_003": "16001", "P29_004": "寒川町立寒川小学校", "P29_005": "神奈川県高座郡寒川町宮山934", "P29_006": "3", "P29_007": "1", "P29_008": "00", "P29_009": null }, "geometry": { "type": "Point", "coordinates": [ 139.388879416626764, 35.374280554949337 ] } },
{ "type": "Feature", "properties": { "P29_001": "14341", "P29_002": "B114234120027", "P29_003": "16001", "P29_004": "大磯町立国府小学校", "P29_005": "神奈川県中郡大磯町月京18-1", "P29_006": "3", "P29_007": "1", "P29_008": "00", "P29_009": null }, "geometry": { "type": "Point", "coordinates": [ 139.277028029055202, 35.311094178138269 ] } },
{ "type": "Feature", "properties": { "P29_001": "14342", "P29_002": "B114234220035", "P29_003": "16001", "P29_004": "二宮町立山西小学校", "P29_005": "神奈川県中郡二宮町山西1401", "P29_006": "3", "P29_007": "1", "P29_008": "00", "P29_009": null }, "geometry": { "type": "Point", "coordinates": [ 139.246902145215898, 35.302460060939367 ] } },
{ "type": "Feature", "properties": { "P29_001": "14362", "P29_002": "B114236220021", "P29_003": "16001", "P29_004": "大井町立相和小学校", "P29_005": "神奈川県足柄上郡大井町山田580", "P29_006": "3", "P29_007": "1", "P29_008": "00", "P29_009": null }, "geometry": { "type": "Point", "coordinates": [ 139.162105421573273, 35.336434622679363 ] } },
{ "type": "Feature", "properties": { "P29_001": "14363", "P29_002": "B114236320020", "P29_003": "16001", "P29_004": "松田町立寄小学校", "P29_005": "神奈川県足柄上郡松田町寄2540", "P29_006": "3", "P29_007": "1", "P29_008": "00", "P29_009": null }, "geometry": { "type": "Point", "coordinates": [ 139.139614155813348, 35.396989017222161 ] } },
{ "type": "Feature", "properties": { "P29_001": "14382", "P29_002": "B114238220027", "P29_003": "16001", "P29_004": "箱根町立箱根の森小学校", "P29_005": "神奈川県足柄下郡箱根町宮城野225", "P29_006": "3", "P29_007": "1", "P29_008": "00", "P29_009": null }, "geometry": { "type": "Point", "coordinates": [ 139.055245160367576, 35.253339456125545 ] } },
{ "type": "Feature", "properties": { "P29_001": "14382", "P29_002": "B114238220036", "P29_003": "16001", "P29_004": "箱根町立仙石原小学校", "P29_005": "神奈川県足柄下郡箱根町仙石原981", "P29_006": "3", "P29_007": "1", "P29_008": "00", "P29_009": null }, "geometry": { "type": "Point", "coordinates": [ 139.014971154801231, 35.271567938169838 ] } },
{ "type": "Feature", "properties": { "P29_001": "14384", "P29_002": "B114238420016", "P29_003": "16001", "P29_004": "湯河原町立湯河原小学校", "P29_005": "神奈川県足柄下郡湯河原町宮上11", "P29_006": "3", "P29_007": "1", "P29_008": "00", "P29_009": null }, "geometry": { "type": "Point", "coordinates": [ 139.092269750081442, 35.14248422573592 ] } },
{ "type": "Feature", "properties": { "P29_001": "14384", "P29_002": "B114238420034", "P29_003": "16001", "P29_004": "湯河原町立東台福浦小学校", "P29_005": "神奈川県足柄下郡湯河原町吉浜216", "P29_006": "3", "P29_007": "1", "P29_008": "00", "P29_009": null }, "geometry": { "type": "Point", "coordinates": [ 139.127236444855043, 35.15337230996068 ] } },
{ "type": "Feature", "properties": { "P29_001": "14401", "P29_002": "B114240120042", "P29_003": "16001", "P29_004": "愛川町立半原小学校", "P29_005": "神奈川県愛甲郡愛川町半原2201", "P29_006": "3", "P29_007": "1", "P29_008": "00", "P29_009": null }, "geometry": { "type": "Point", "coordinates": [ 139.273388712502822, 35.540049185843927 ] } },
{ "type": "Feature", "properties": { "P29_001": "14105", "P29_002": "B114310000057", "P29_003": "16001", "P29_004": "関東学院小学校", "P29_005": "神奈川県横浜市南区三春台4", "P29_006": "4", "P29_007": "1", "P29_008": "00", "P29_009": null }, "geometry": { "type": "Point", "coordinates": [ 139.620700670739268, 35.44186915831677 ] } },
{ "type": "Feature", "properties": { "P29_001": "14108", "P29_002": "B114310000075", "P29_003": "16001", "P29_004": "関東学院六浦小学校", "P29_005": "神奈川県横浜市金沢区六浦東1-50-1", "P29_006": "4", "P29_007": "1", "P29_008": "00", "P29_009": null }, "geometry": { "type": "Point", "coordinates": [ 139.627544093977491, 35.323620761416244 ] } },
{ "type": "Feature", "properties": { "P29_001": "14117", "P29_002": "B114310000100", "P29_003": "16001", "P29_004": "桐蔭学園小学校", "P29_005": "神奈川県横浜市青葉区鉄町1614", "P29_006": "4", "P29_007": "1", "P29_008": "00", "P29_009": null }, "geometry": { "type": "Point", "coordinates": [ 139.52365886544888, 35.569381452986121 ] } },
{ "type": "Feature", "properties": { "P29_001": "14117", "P29_002": "B114310000119", "P29_003": "16001", "P29_004": "慶應義塾横浜初等部", "P29_005": "神奈川県横浜市青葉区あざみ野南3-1-3", "P29_006": "4", "P29_007": "1", "P29_008": "00", "P29_009": null }, "geometry": { "type": "Point", "coordinates": [ 139.547397170535021, 35.560961784000519 ] } },
{ "type": "Feature", "properties": { "P29_001": "14133", "P29_002": "B114313000015", "P29_003": "16001", "P29_004": "大西学園小学校", "P29_005": "神奈川県川崎市中原区小杉町2-284", "P29_006": "4", "P29_007": "1", "P29_008": "00", "P29_009": null }, "geometry": { "type": "Point", "coordinates": [ 139.657134991990745, 35.578410983630697 ] } },
{ "type": "Feature", "properties": { "P29_001": "14134", "P29_002": "B114313000024", "P29_003": "16001", "P29_004": "洗足学園小学校", "P29_005": "神奈川県川崎市高津区久本2-3-1", "P29_006": "4", "P29_007": "1", "P29_008": "00", "P29_009": null }, "geometry": { "type": "Point", "coordinates": [ 139.614820096015308, 35.595206372781377 ] } },
{ "type": "Feature", "properties": { "P29_001": "14135", "P29_002": "B114313000033", "P29_003": "16001", "P29_004": "カリタス小学校", "P29_005": "神奈川県川崎市多摩区中野島4-6-1", "P29_006": "4", "P29_007": "1", "P29_008": "00", "P29_009": null }, "geometry": { "type": "Point", "coordinates": [ 139.557223502184172, 35.630023320890821 ] } },
{ "type": "Feature", "properties": { "P29_001": "14151", "P29_002": "B114315000010", "P29_003": "16001", "P29_004": "シュタイナー学園初等部", "P29_005": "神奈川県相模原市緑区名倉2805-1", "P29_006": "4", "P29_007": "1", "P29_008": "00", "P29_009": null }, "geometry": { "type": "Point", "coordinates": [ 139.136695846163377, 35.606714382630699 ] } },
{ "type": "Feature", "properties": { "P29_001": "14153", "P29_002": "B114315000038", "P29_003": "16001", "P29_004": "相模女子大学小学部", "P29_005": "神奈川県相模原市南区文京2-1-1", "P29_006": "4", "P29_007": "1", "P29_008": "00", "P29_009": null }, "geometry": { "type": "Point", "coordinates": [ 139.427348359009358, 35.533098894485114 ] } },
{ "type": "Feature", "properties": { "P29_001": "14201", "P29_002": "B114320100019", "P29_003": "16001", "P29_004": "横須賀学院小学校", "P29_005": "神奈川県横須賀市稲岡町82", "P29_006": "4", "P29_007": "1", "P29_008": "00", "P29_009": null }, "geometry": { "type": "Point", "coordinates": [ 139.672976136639619, 35.284533268039851 ] } },
{ "type": "Feature", "properties": { "P29_001": "14205", "P29_002": "B114320500033", "P29_003": "16001", "P29_004": "日本大学藤沢小学校", "P29_005": "神奈川県藤沢市亀井野1866", "P29_006": "4", "P29_007": "1", "P29_008": "00", "P29_009": null }, "geometry": { "type": "Point", "coordinates": [ 139.471646588612657, 35.377269564599679 ] } },
{ "type": "Feature", "properties": { "P29_001": "14213", "P29_002": "B114321300015", "P29_003": "16001", "P29_004": "聖セシリア小学校", "P29_005": "神奈川県大和市南林間3-10-1", "P29_006": "4", "P29_007": "1", "P29_008": "00", "P29_009": null }, "geometry": { "type": "Point", "coordinates": [ 139.443637231521535, 35.500005420848254 ] } },
{ "type": "Feature", "properties": { "P29_001": "14382", "P29_002": "B114338200010", "P29_003": "16001", "P29_004": "函嶺白百合学園小学校", "P29_005": "神奈川県足柄下郡箱根町強羅1320", "P29_006": "4", "P29_007": "1", "P29_008": "00", "P29_009": null }, "geometry": { "type": "Point", "coordinates": [ 139.046787920941114, 35.251443716320971 ] } },
{ "type": "Feature", "properties": { "P29_001": "14382", "P29_002": "B114338200029", "P29_003": "16001", "P29_004": "恵明学園小学校", "P29_005": "神奈川県足柄下郡箱根町宮ノ下413", "P29_006": "4", "P29_007": "1", "P29_008": "00", "P29_009": null }, "geometry": { "type": "Point", "coordinates": [ 139.057468725581288, 35.242667840904858 ] } }
]
}
