{
"type": "FeatureCollection",
"name": "geo_14_短期入所生活介護",
"crs": { "type": "name", "properties": { "name": "urn:ogc:def:crs:OGC:1.3:CRS84" } },
"features": [
{ "type": "Feature", "properties": { "内容": "やまゆりホ－ム【短期入所生活介護】神奈川県横浜市鶴見区獅子ケ谷二丁目15-18", "url2": "https://www.kaigokensaku.mhlw.go.jp/14/index.php?action_kouhyou_detail_004_kani=true&JigyosyoCd=1470100056-00&ServiceCd=210&Type=search" }, "geometry": { "type": "Point", "coordinates": [ 139.648675700000013, 35.5204273 ] } },
{ "type": "Feature", "properties": { "内容": "特別養護老人ホーム　しょうじゅの里鶴見【短期入所生活介護】神奈川県横浜市鶴見区江ヶ崎町2-1", "url2": "https://www.kaigokensaku.mhlw.go.jp/14/index.php?action_kouhyou_detail_004_kani=true&JigyosyoCd=1470102219-00&ServiceCd=210&Type=search" }, "geometry": { "type": "Point", "coordinates": [ 139.677525599999967, 35.5318671 ] } },
{ "type": "Feature", "properties": { "内容": "社会福祉法人横浜市福祉サービス協会新鶴見ホーム新館【短期入所生活介護】神奈川県横浜市鶴見区江ケ崎町２－４２", "url2": "https://www.kaigokensaku.mhlw.go.jp/14/index.php?action_kouhyou_detail_004_kani=true&JigyosyoCd=1470102540-00&ServiceCd=210&Type=search" }, "geometry": { "type": "Point", "coordinates": [ 139.676589809925872, 35.535409506646502 ] } },
{ "type": "Feature", "properties": { "内容": "介護老人福祉施設　わかたけ鶴見【短期入所生活介護】神奈川県横浜市鶴見区矢向1-4-20", "url2": "https://www.kaigokensaku.mhlw.go.jp/14/index.php?action_kouhyou_detail_004_kani=true&JigyosyoCd=1470102581-00&ServiceCd=210&Type=search" }, "geometry": { "type": "Point", "coordinates": [ 139.676759776721156, 35.528311337315323 ] } },
{ "type": "Feature", "properties": { "内容": "ショートステイケアサポートつるみ【短期入所生活介護】神奈川県横浜市鶴見区駒岡2-14-20", "url2": "https://www.kaigokensaku.mhlw.go.jp/14/index.php?action_kouhyou_detail_004_kani=true&JigyosyoCd=1470102631-00&ServiceCd=210&Type=search" }, "geometry": { "type": "Point", "coordinates": [ 139.6478993, 35.5298874 ] } },
{ "type": "Feature", "properties": { "内容": "ショートステイセンター里恩【短期入所生活介護】神奈川県横浜市鶴見区駒岡３－６－７", "url2": "https://www.kaigokensaku.mhlw.go.jp/14/index.php?action_kouhyou_detail_004_kani=true&JigyosyoCd=1470102649-00&ServiceCd=210&Type=search" }, "geometry": { "type": "Point", "coordinates": [ 139.6525891, 35.5265572 ] } },
{ "type": "Feature", "properties": { "内容": "ニューバード獅子ケ谷【短期入所生活介護】神奈川県横浜市鶴見区獅子ケ谷三丁目10-8特別養護老人ホーム　ニューバード獅子ケ谷", "url2": "https://www.kaigokensaku.mhlw.go.jp/14/index.php?action_kouhyou_detail_004_kani=true&JigyosyoCd=1470103381-00&ServiceCd=210&Type=search" }, "geometry": { "type": "Point", "coordinates": [ 139.642634475671457, 35.521174468108249 ] } },
{ "type": "Feature", "properties": { "内容": "特別養護老人ホーム　しょうじゅの里小野【短期入所生活介護】神奈川県横浜市鶴見区下野谷町4-145-18", "url2": "https://www.kaigokensaku.mhlw.go.jp/14/index.php?action_kouhyou_detail_004_kani=true&JigyosyoCd=1470103613-00&ServiceCd=210&Type=search" }, "geometry": { "type": "Point", "coordinates": [ 139.681898400000023, 35.4976329 ] } },
{ "type": "Feature", "properties": { "内容": "社会福祉法人　横浜市福祉サービス協会　新鶴見ホーム【短期入所生活介護】神奈川県横浜市鶴見区江ケ崎町２－４２", "url2": "https://www.kaigokensaku.mhlw.go.jp/14/index.php?action_kouhyou_detail_004_kani=true&JigyosyoCd=1470100353-00&ServiceCd=210&Type=search" }, "geometry": { "type": "Point", "coordinates": [ 139.67589780000003, 35.5353222 ] } },
{ "type": "Feature", "properties": { "内容": "介護老人福祉施設　玉成苑羽沢【短期入所生活介護】神奈川県横浜市神奈川区羽沢町1442-1", "url2": "https://www.kaigokensaku.mhlw.go.jp/14/index.php?action_kouhyou_detail_004_kani=true&JigyosyoCd=1470203371-00&ServiceCd=210&Type=search" }, "geometry": { "type": "Point", "coordinates": [ 139.5857825, 35.4927707 ] } },
{ "type": "Feature", "properties": { "内容": "若竹苑【短期入所生活介護】神奈川県横浜市神奈川区羽沢町550-1", "url2": "https://www.kaigokensaku.mhlw.go.jp/14/index.php?action_kouhyou_detail_004_kani=true&JigyosyoCd=1470200013-00&ServiceCd=210&Type=search" }, "geometry": { "type": "Point", "coordinates": [ 139.5767558, 35.4826639 ] } },
{ "type": "Feature", "properties": { "内容": "東神奈川特別養護老人ホーム若草【短期入所生活介護】神奈川県横浜市神奈川区反町1-7-5", "url2": "https://www.kaigokensaku.mhlw.go.jp/14/index.php?action_kouhyou_detail_004_kani=true&JigyosyoCd=1470200252-00&ServiceCd=210&Type=search" }, "geometry": { "type": "Point", "coordinates": [ 139.628389199999987, 35.4745152 ] } },
{ "type": "Feature", "properties": { "内容": "羽沢の家　特別養護老人ホーム【短期入所生活介護】神奈川県横浜市神奈川区羽沢町９８０", "url2": "https://www.kaigokensaku.mhlw.go.jp/14/index.php?action_kouhyou_detail_004_kani=true&JigyosyoCd=1470201169-00&ServiceCd=210&Type=search" }, "geometry": { "type": "Point", "coordinates": [ 139.591404499999953, 35.4913326 ] } },
{ "type": "Feature", "properties": { "内容": "福寿園横浜【短期入所生活介護】神奈川県横浜市神奈川区菅田町２３３１－１", "url2": "https://www.kaigokensaku.mhlw.go.jp/14/index.php?action_kouhyou_detail_004_kani=true&JigyosyoCd=1470201276-00&ServiceCd=210&Type=search" }, "geometry": { "type": "Point", "coordinates": [ 139.590745482400507, 35.499877104481023 ] } },
{ "type": "Feature", "properties": { "内容": "介護老人福祉施設ヴィラ神奈川【短期入所生活介護】神奈川県横浜市神奈川区菅田町19", "url2": "https://www.kaigokensaku.mhlw.go.jp/14/index.php?action_kouhyou_detail_004_kani=true&JigyosyoCd=1470202183-00&ServiceCd=210&Type=search" }, "geometry": { "type": "Point", "coordinates": [ 139.573076296340901, 35.492173763589143 ] } },
{ "type": "Feature", "properties": { "内容": "特別養護老人ホームあさくら苑新子安【短期入所生活介護】神奈川県横浜市神奈川区子安台1-16-15", "url2": "https://www.kaigokensaku.mhlw.go.jp/14/index.php?action_kouhyou_detail_004_kani=true&JigyosyoCd=1470203181-00&ServiceCd=210&Type=search" }, "geometry": { "type": "Point", "coordinates": [ 139.65820260000001, 35.4939059 ] } },
{ "type": "Feature", "properties": { "内容": "ショートステイセンター　けやき荘【短期入所生活介護】神奈川県横浜市神奈川区菅田町1-1", "url2": "https://www.kaigokensaku.mhlw.go.jp/14/index.php?action_kouhyou_detail_004_kani=true&JigyosyoCd=1470200468-00&ServiceCd=210&Type=search" }, "geometry": { "type": "Point", "coordinates": [ 139.5740836, 35.4940597 ] } },
{ "type": "Feature", "properties": { "内容": "特別養護老人ホーム　菅田心愛の里【短期入所生活介護】神奈川県横浜市神奈川区菅田町１１２２", "url2": "https://www.kaigokensaku.mhlw.go.jp/14/index.php?action_kouhyou_detail_004_kani=true&JigyosyoCd=1470201300-00&ServiceCd=210&Type=search" }, "geometry": { "type": "Point", "coordinates": [ 139.581680300000016, 35.4972095 ] } },
{ "type": "Feature", "properties": { "内容": "太陽の家横濱羽沢【短期入所生活介護】神奈川県横浜市神奈川区羽沢町2番地1", "url2": "https://www.kaigokensaku.mhlw.go.jp/14/index.php?action_kouhyou_detail_004_kani=true&JigyosyoCd=1470202944-00&ServiceCd=210&Type=search" }, "geometry": { "type": "Point", "coordinates": [ 139.595539663229374, 35.484535980725354 ] } },
{ "type": "Feature", "properties": { "内容": "羽沢の家二番館　特別養護老人ホーム【短期入所生活介護】神奈川県横浜市神奈川区羽沢町1667-1", "url2": "https://www.kaigokensaku.mhlw.go.jp/14/index.php?action_kouhyou_detail_004_kani=true&JigyosyoCd=1470202951-00&ServiceCd=210&Type=search" }, "geometry": { "type": "Point", "coordinates": [ 139.595397483539841, 35.495220916743577 ] } },
{ "type": "Feature", "properties": { "内容": "パークサイド岡野ホーム【短期入所生活介護】神奈川県横浜市西区岡野２－１５－６", "url2": "https://www.kaigokensaku.mhlw.go.jp/14/index.php?action_kouhyou_detail_004_kani=true&JigyosyoCd=1470300086-00&ServiceCd=210&Type=search" }, "geometry": { "type": "Point", "coordinates": [ 139.612654359524527, 35.46202918778912 ] } },
{ "type": "Feature", "properties": { "内容": "特別養護老人ホーム　戸部ハマノ愛生園【短期入所生活介護】神奈川県横浜市西区戸部本町５０番３３号", "url2": "https://www.kaigokensaku.mhlw.go.jp/14/index.php?action_kouhyou_detail_004_kani=true&JigyosyoCd=1470300425-00&ServiceCd=210&Type=search" }, "geometry": { "type": "Point", "coordinates": [ 139.618135, 35.4573451 ] } },
{ "type": "Feature", "properties": { "内容": "白梅野毛山ショートステイ【短期入所生活介護】神奈川県横浜市西区老松町21", "url2": "https://www.kaigokensaku.mhlw.go.jp/14/index.php?action_kouhyou_detail_004_kani=true&JigyosyoCd=1470301712-00&ServiceCd=210&Type=search" }, "geometry": { "type": "Point", "coordinates": [ 139.6241707, 35.4469814 ] } },
{ "type": "Feature", "properties": { "内容": "特別養護老人ホーム　ハマノ愛生園【短期入所生活介護】神奈川県横浜市西区浅間台６番地特別養護老人ホームハマノ愛生園", "url2": "https://www.kaigokensaku.mhlw.go.jp/14/index.php?action_kouhyou_detail_004_kani=true&JigyosyoCd=1470300045-00&ServiceCd=210&Type=search" }, "geometry": { "type": "Point", "coordinates": [ 139.609363767459172, 35.464516170763474 ] } },
{ "type": "Feature", "properties": { "内容": "特別養護老人ホーム　新山下ホーム【短期入所生活介護】神奈川県横浜市中区新山下3-15-5", "url2": "https://www.kaigokensaku.mhlw.go.jp/14/index.php?action_kouhyou_detail_004_kani=true&JigyosyoCd=1470400233-00&ServiceCd=210&Type=search" }, "geometry": { "type": "Point", "coordinates": [ 139.661965900000041, 35.4358004 ] } },
{ "type": "Feature", "properties": { "内容": "特別養護老人ホーム　本牧ホーム【短期入所生活介護】神奈川県横浜市中区本牧原6-2", "url2": "https://www.kaigokensaku.mhlw.go.jp/14/index.php?action_kouhyou_detail_004_kani=true&JigyosyoCd=1470400423-00&ServiceCd=210&Type=search" }, "geometry": { "type": "Point", "coordinates": [ 139.668757, 35.4260434 ] } },
{ "type": "Feature", "properties": { "内容": "特別養護老人ホーム　白朋苑【短期入所生活介護】神奈川県横浜市南区大岡5-13-15", "url2": "https://www.kaigokensaku.mhlw.go.jp/14/index.php?action_kouhyou_detail_004_kani=true&JigyosyoCd=1470500198-00&ServiceCd=210&Type=search" }, "geometry": { "type": "Point", "coordinates": [ 139.59834909999995, 35.4125284 ] } },
{ "type": "Feature", "properties": { "内容": "特別養護老人ホーム　南太田ホーム【短期入所生活介護】神奈川県横浜市南区南太田2-11-4", "url2": "https://www.kaigokensaku.mhlw.go.jp/14/index.php?action_kouhyou_detail_004_kani=true&JigyosyoCd=1470500222-00&ServiceCd=210&Type=search" }, "geometry": { "type": "Point", "coordinates": [ 139.6067203, 35.437403 ] } },
{ "type": "Feature", "properties": { "内容": "桜樹の森ショートステイセンター【短期入所生活介護】神奈川県横浜市南区永田南1-2-37", "url2": "https://www.kaigokensaku.mhlw.go.jp/14/index.php?action_kouhyou_detail_004_kani=true&JigyosyoCd=1470500511-00&ServiceCd=210&Type=search" }, "geometry": { "type": "Point", "coordinates": [ 139.597143700000061, 35.4287763 ] } },
{ "type": "Feature", "properties": { "内容": "香樹の里ショートステイセンター【短期入所生活介護】神奈川県横浜市南区六ツ川4-1234-45特別養護老人ホーム香樹の里", "url2": "https://www.kaigokensaku.mhlw.go.jp/14/index.php?action_kouhyou_detail_004_kani=true&JigyosyoCd=1470500875-00&ServiceCd=210&Type=search" }, "geometry": { "type": "Point", "coordinates": [ 139.576284500000042, 35.4229295 ] } },
{ "type": "Feature", "properties": { "内容": "特別養護老人ホーム　　横浜市天神ホーム【短期入所生活介護】神奈川県横浜市南区浦舟町3-46浦舟複合福祉施設　4.5階", "url2": "https://www.kaigokensaku.mhlw.go.jp/14/index.php?action_kouhyou_detail_004_kani=true&JigyosyoCd=1470500180-00&ServiceCd=210&Type=search" }, "geometry": { "type": "Point", "coordinates": [ 139.625907200000029, 35.4341535 ] } },
{ "type": "Feature", "properties": { "内容": "セントケアRe-has永田台【短期入所生活介護】神奈川県横浜市南区永田台1-24", "url2": "https://www.kaigokensaku.mhlw.go.jp/14/index.php?action_kouhyou_detail_004_kani=true&JigyosyoCd=1470502665-00&ServiceCd=210&Type=search" }, "geometry": { "type": "Point", "coordinates": [ 139.585633799999982, 35.43506150000001 ] } },
{ "type": "Feature", "properties": { "内容": "介護老人福祉施設　わかたけ南【短期入所生活介護】神奈川県横浜市南区山谷115-5", "url2": "https://www.kaigokensaku.mhlw.go.jp/14/index.php?action_kouhyou_detail_004_kani=true&JigyosyoCd=1470503135-00&ServiceCd=210&Type=search" }, "geometry": { "type": "Point", "coordinates": [ 139.6235532, 35.4302275 ] } },
{ "type": "Feature", "properties": { "内容": "特別養護老人ホームみなもの桜【短期入所生活介護】神奈川県横浜市南区中村町4-274-8", "url2": "https://www.kaigokensaku.mhlw.go.jp/14/index.php?action_kouhyou_detail_004_kani=true&JigyosyoCd=1470503283-00&ServiceCd=210&Type=search" }, "geometry": { "type": "Point", "coordinates": [ 139.623174799999987, 35.4325362 ] } },
{ "type": "Feature", "properties": { "内容": "特別養護老人ホーム　リバーサイドフェニックス【短期入所生活介護】神奈川県横浜市南区中村町5丁目316番-1", "url2": "https://www.kaigokensaku.mhlw.go.jp/14/index.php?action_kouhyou_detail_004_kani=true&JigyosyoCd=1470502236-00&ServiceCd=210&Type=search" }, "geometry": { "type": "Point", "coordinates": [ 139.62346290000005, 35.428596 ] } },
{ "type": "Feature", "properties": { "内容": "特別養護老人ホームけいあいの郷山王台【短期入所生活介護】神奈川県横浜市南区永田山王台39-1", "url2": "https://www.kaigokensaku.mhlw.go.jp/14/index.php?action_kouhyou_detail_004_kani=true&JigyosyoCd=1470503481-00&ServiceCd=210&Type=search" }, "geometry": { "type": "Point", "coordinates": [ 139.5859993, 35.42932 ] } },
{ "type": "Feature", "properties": { "内容": "横浜市浦舟ホーム【短期入所生活介護】神奈川県横浜市南区浦舟町３－４６2.3階", "url2": "https://www.kaigokensaku.mhlw.go.jp/14/index.php?action_kouhyou_detail_004_kani=true&JigyosyoCd=1470500958-00&ServiceCd=210&Type=search" }, "geometry": { "type": "Point", "coordinates": [ 139.625907200000029, 35.4341535 ] } },
{ "type": "Feature", "properties": { "内容": "社会福祉法人　育生会　よつば苑【短期入所生活介護】神奈川県横浜市保土ヶ谷区狩場町200-9", "url2": "https://www.kaigokensaku.mhlw.go.jp/14/index.php?action_kouhyou_detail_004_kani=true&JigyosyoCd=1470600097-00&ServiceCd=210&Type=search" }, "geometry": { "type": "Point", "coordinates": [ 139.57650650000005, 35.4406634 ] } },
{ "type": "Feature", "properties": { "内容": "社会福祉法人　なでしこ会　夢の里【短期入所生活介護】神奈川県横浜市保土ケ谷区常盤台75-1", "url2": "https://www.kaigokensaku.mhlw.go.jp/14/index.php?action_kouhyou_detail_004_kani=true&JigyosyoCd=1470600121-00&ServiceCd=210&Type=search" }, "geometry": { "type": "Point", "coordinates": [ 139.590260199999989, 35.4776898 ] } },
{ "type": "Feature", "properties": { "内容": "特別養護老人ホーム　かわしまホーム【短期入所生活介護】神奈川県横浜市保土ケ谷区川島町1514-2", "url2": "https://www.kaigokensaku.mhlw.go.jp/14/index.php?action_kouhyou_detail_004_kani=true&JigyosyoCd=1470600139-00&ServiceCd=210&Type=search" }, "geometry": { "type": "Point", "coordinates": [ 139.563751599999932, 35.466596 ] } },
{ "type": "Feature", "properties": { "内容": "横浜白光会　今井の郷【短期入所生活介護】神奈川県横浜市保土ケ谷区今井町７３３－２", "url2": "https://www.kaigokensaku.mhlw.go.jp/14/index.php?action_kouhyou_detail_004_kani=true&JigyosyoCd=1470600154-00&ServiceCd=210&Type=search" }, "geometry": { "type": "Point", "coordinates": [ 139.5515749, 35.4496644 ] } },
{ "type": "Feature", "properties": { "内容": "特別養護老人ホーム　快風苑【短期入所生活介護】神奈川県横浜市保土ケ谷区境木町174番1", "url2": "https://www.kaigokensaku.mhlw.go.jp/14/index.php?action_kouhyou_detail_004_kani=true&JigyosyoCd=1470600840-00&ServiceCd=210&Type=search" }, "geometry": { "type": "Point", "coordinates": [ 139.565462799999978, 35.4425184 ] } },
{ "type": "Feature", "properties": { "内容": "太陽の國ほどがや【短期入所生活介護】神奈川県横浜市保土ケ谷区岩井町２３８－１", "url2": "https://www.kaigokensaku.mhlw.go.jp/14/index.php?action_kouhyou_detail_004_kani=true&JigyosyoCd=1470600964-00&ServiceCd=210&Type=search" }, "geometry": { "type": "Point", "coordinates": [ 139.60313450000001, 35.4423302 ] } },
{ "type": "Feature", "properties": { "内容": "美立の杜【短期入所生活介護】神奈川県横浜市保土ヶ谷区今井町609-1", "url2": "https://www.kaigokensaku.mhlw.go.jp/14/index.php?action_kouhyou_detail_004_kani=true&JigyosyoCd=1470601137-00&ServiceCd=210&Type=search" }, "geometry": { "type": "Point", "coordinates": [ 139.5510971, 35.452103 ] } },
{ "type": "Feature", "properties": { "内容": "特別養護老人ホーム　レジデンシャル常盤台【短期入所生活介護】神奈川県横浜市保土ケ谷区常盤台74-7", "url2": "https://www.kaigokensaku.mhlw.go.jp/14/index.php?action_kouhyou_detail_004_kani=true&JigyosyoCd=1470601541-00&ServiceCd=210&Type=search" }, "geometry": { "type": "Point", "coordinates": [ 139.591815600000018, 35.4784814 ] } },
{ "type": "Feature", "properties": { "内容": "特別養護老人ホーム　梅の木ホーム【短期入所生活介護】神奈川県横浜市保土ヶ谷区上菅田町1372", "url2": "https://www.kaigokensaku.mhlw.go.jp/14/index.php?action_kouhyou_detail_004_kani=true&JigyosyoCd=1470602267-00&ServiceCd=210&Type=search" }, "geometry": { "type": "Point", "coordinates": [ 139.566759100000013, 35.4934762 ] } },
{ "type": "Feature", "properties": { "内容": "介護老人福祉施設くぬぎ台【短期入所生活介護】神奈川県横浜市保土ヶ谷区川島町1363-1", "url2": "https://www.kaigokensaku.mhlw.go.jp/14/index.php?action_kouhyou_detail_004_kani=true&JigyosyoCd=1470600931-00&ServiceCd=210&Type=search" }, "geometry": { "type": "Point", "coordinates": [ 139.561104500000056, 35.4738228 ] } },
{ "type": "Feature", "properties": { "内容": "ショートステイ　ラポール三ツ沢【短期入所生活介護】神奈川県横浜市保土ヶ谷区峰沢町３２５－１", "url2": "https://www.kaigokensaku.mhlw.go.jp/14/index.php?action_kouhyou_detail_004_kani=true&JigyosyoCd=1470601350-00&ServiceCd=210&Type=search" }, "geometry": { "type": "Point", "coordinates": [ 139.59459860000004, 35.4776482 ] } },
{ "type": "Feature", "properties": { "内容": "さわやか苑【短期入所生活介護】神奈川県横浜市保土ケ谷区上菅田町1723-1", "url2": "https://www.kaigokensaku.mhlw.go.jp/14/index.php?action_kouhyou_detail_004_kani=true&JigyosyoCd=1470600022-00&ServiceCd=210&Type=search" }, "geometry": { "type": "Point", "coordinates": [ 139.551229700000022, 35.4951034 ] } },
{ "type": "Feature", "properties": { "内容": "中原苑【短期入所生活介護】神奈川県横浜市磯子区中原3-6-10", "url2": "https://www.kaigokensaku.mhlw.go.jp/14/index.php?action_kouhyou_detail_004_kani=true&JigyosyoCd=1470700012-00&ServiceCd=210&Type=search" }, "geometry": { "type": "Point", "coordinates": [ 139.612428300000033, 35.388737300000024 ] } },
{ "type": "Feature", "properties": { "内容": "特別養護老人ホーム　峰の郷【短期入所生活介護】神奈川県横浜市磯子区峰町654-1", "url2": "https://www.kaigokensaku.mhlw.go.jp/14/index.php?action_kouhyou_detail_004_kani=true&JigyosyoCd=1470700285-00&ServiceCd=210&Type=search" }, "geometry": { "type": "Point", "coordinates": [ 139.5940776, 35.3647369 ] } },
{ "type": "Feature", "properties": { "内容": "特別養護老人ホーム　新磯子ホーム【短期入所生活介護】神奈川県横浜市磯子区滝頭２－２９－１", "url2": "https://www.kaigokensaku.mhlw.go.jp/14/index.php?action_kouhyou_detail_004_kani=true&JigyosyoCd=1470701135-00&ServiceCd=210&Type=search" }, "geometry": { "type": "Point", "coordinates": [ 139.623107399999981, 35.42025 ] } },
{ "type": "Feature", "properties": { "内容": "特別養護老人ホーム　磯子自然村【短期入所生活介護】神奈川県横浜市磯子区氷取沢町60番17", "url2": "https://www.kaigokensaku.mhlw.go.jp/14/index.php?action_kouhyou_detail_004_kani=true&JigyosyoCd=1470701325-00&ServiceCd=210&Type=search" }, "geometry": { "type": "Point", "coordinates": [ 139.607776400000034, 35.3647818 ] } },
{ "type": "Feature", "properties": { "内容": "特別養護老人ホーム　峰の郷（ユニット）【短期入所生活介護】神奈川県横浜市磯子区峰町654-1", "url2": "https://www.kaigokensaku.mhlw.go.jp/14/index.php?action_kouhyou_detail_004_kani=true&JigyosyoCd=1470701424-00&ServiceCd=210&Type=search" }, "geometry": { "type": "Point", "coordinates": [ 139.5940776, 35.3647369 ] } },
{ "type": "Feature", "properties": { "内容": "特別養護老人ホーム　たきがしら芭蕉苑【短期入所生活介護】神奈川県横浜市磯子区滝頭２－３０－１", "url2": "https://www.kaigokensaku.mhlw.go.jp/14/index.php?action_kouhyou_detail_004_kani=true&JigyosyoCd=1470700616-00&ServiceCd=210&Type=search" }, "geometry": { "type": "Point", "coordinates": [ 139.622518500000069, 35.4202056 ] } },
{ "type": "Feature", "properties": { "内容": "社会福祉法人　倖和会　金沢美浜ホーム【短期入所生活介護】神奈川県横浜市金沢区釜利谷東４－１２－１特別養護老人ホーム　金沢美浜ホーム", "url2": "https://www.kaigokensaku.mhlw.go.jp/14/index.php?action_kouhyou_detail_004_kani=true&JigyosyoCd=1470800168-00&ServiceCd=210&Type=search" }, "geometry": { "type": "Point", "coordinates": [ 139.614513889549244, 35.351435702556529 ] } },
{ "type": "Feature", "properties": { "内容": "ショートステイ特別養護老人ホーム　ラスール金沢文庫【短期入所生活介護】神奈川県横浜市金沢区大川2-10", "url2": "https://www.kaigokensaku.mhlw.go.jp/14/index.php?action_kouhyou_detail_004_kani=true&JigyosyoCd=1470802313-00&ServiceCd=210&Type=search" }, "geometry": { "type": "Point", "coordinates": [ 139.611770400000069, 35.3351528 ] } },
{ "type": "Feature", "properties": { "内容": "ショートステイケアサポートかなざわ【短期入所生活介護】神奈川県横浜市金沢区大道１－１２－３１", "url2": "https://www.kaigokensaku.mhlw.go.jp/14/index.php?action_kouhyou_detail_004_kani=true&JigyosyoCd=1470802529-00&ServiceCd=210&Type=search" }, "geometry": { "type": "Point", "coordinates": [ 139.608078200000023, 35.3288204 ] } },
{ "type": "Feature", "properties": { "内容": "特別養護老人ホーム横濱かなざわ翔裕園【短期入所生活介護】神奈川県横浜市金沢区町屋町１－１", "url2": "https://www.kaigokensaku.mhlw.go.jp/14/index.php?action_kouhyou_detail_004_kani=true&JigyosyoCd=1470802776-00&ServiceCd=210&Type=search" }, "geometry": { "type": "Point", "coordinates": [ 139.6264615, 35.3381933 ] } },
{ "type": "Feature", "properties": { "内容": "特別養護老人ホーム　シーサイドかなざわ【短期入所生活介護】神奈川県横浜市金沢区柴町343-5", "url2": "https://www.kaigokensaku.mhlw.go.jp/14/index.php?action_kouhyou_detail_004_kani=true&JigyosyoCd=1470802826-00&ServiceCd=210&Type=search" }, "geometry": { "type": "Point", "coordinates": [ 139.6374949, 35.3439492 ] } },
{ "type": "Feature", "properties": { "内容": "特別養護老人ホーム　富岡はまかぜ　ショートステイ【短期入所生活介護】神奈川県横浜市金沢区富岡東２－１－６", "url2": "https://www.kaigokensaku.mhlw.go.jp/14/index.php?action_kouhyou_detail_004_kani=true&JigyosyoCd=1470800473-00&ServiceCd=210&Type=search" }, "geometry": { "type": "Point", "coordinates": [ 139.633085, 35.3798306 ] } },
{ "type": "Feature", "properties": { "内容": "介護老人福祉施設　わかたけ富岡【短期入所生活介護】神奈川県横浜市金沢区富岡東2-1-5", "url2": "https://www.kaigokensaku.mhlw.go.jp/14/index.php?action_kouhyou_detail_004_kani=true&JigyosyoCd=1470800507-00&ServiceCd=210&Type=search" }, "geometry": { "type": "Point", "coordinates": [ 139.632485, 35.3799667 ] } },
{ "type": "Feature", "properties": { "内容": "シンシア横浜【短期入所生活介護】神奈川県横浜市金沢区富岡東5丁目7番43号", "url2": "https://www.kaigokensaku.mhlw.go.jp/14/index.php?action_kouhyou_detail_004_kani=true&JigyosyoCd=1470802552-00&ServiceCd=210&Type=search" }, "geometry": { "type": "Point", "coordinates": [ 139.632134, 35.3713207 ] } },
{ "type": "Feature", "properties": { "内容": "金沢ショートステイセンター【短期入所生活介護】神奈川県横浜市金沢区能見台東２番２号", "url2": "https://www.kaigokensaku.mhlw.go.jp/14/index.php?action_kouhyou_detail_004_kani=true&JigyosyoCd=1470800259-00&ServiceCd=210&Type=search" }, "geometry": { "type": "Point", "coordinates": [ 139.626535800000056, 35.3597832 ] } },
{ "type": "Feature", "properties": { "内容": "特別養護老人ホーム　わかくさ【短期入所生活介護】神奈川県横浜市金沢区泥亀2-12-1", "url2": "https://www.kaigokensaku.mhlw.go.jp/14/index.php?action_kouhyou_detail_004_kani=true&JigyosyoCd=1470800176-00&ServiceCd=210&Type=search" }, "geometry": { "type": "Point", "coordinates": [ 139.625146799999982, 35.3360835 ] } },
{ "type": "Feature", "properties": { "内容": "特別養護老人ホーム　港北みどり園【短期入所生活介護】神奈川県横浜市港北区新吉田町6051番地", "url2": "https://www.kaigokensaku.mhlw.go.jp/14/index.php?action_kouhyou_detail_004_kani=true&JigyosyoCd=1470900158-00&ServiceCd=210&Type=search" }, "geometry": { "type": "Point", "coordinates": [ 139.603199200000063, 35.5398549 ] } },
{ "type": "Feature", "properties": { "内容": "特別養護老人ホーム　新横浜さわやか苑【短期入所生活介護】神奈川県横浜市港北区大豆戸町572-5", "url2": "https://www.kaigokensaku.mhlw.go.jp/14/index.php?action_kouhyou_detail_004_kani=true&JigyosyoCd=1470901156-00&ServiceCd=210&Type=search" }, "geometry": { "type": "Point", "coordinates": [ 139.622764299999972, 35.5150968 ] } },
{ "type": "Feature", "properties": { "内容": "新横浜パークサイドホーム【短期入所生活介護】神奈川県横浜市港北区新横浜１丁目２２番４", "url2": "https://www.kaigokensaku.mhlw.go.jp/14/index.php?action_kouhyou_detail_004_kani=true&JigyosyoCd=1470901255-00&ServiceCd=210&Type=search" }, "geometry": { "type": "Point", "coordinates": [ 139.6094412, 35.5044672 ] } },
{ "type": "Feature", "properties": { "内容": "介護老人福祉施設　ニューバード【短期入所生活介護】神奈川県横浜市港北区新羽町2530-4", "url2": "https://www.kaigokensaku.mhlw.go.jp/14/index.php?action_kouhyou_detail_004_kani=true&JigyosyoCd=1470901669-00&ServiceCd=210&Type=search" }, "geometry": { "type": "Point", "coordinates": [ 139.605688099999952, 35.5303812 ] } },
{ "type": "Feature", "properties": { "内容": "特別養護老人ホーム　ひばり【短期入所生活介護】神奈川県横浜市港北区新吉田町６０８８番２７", "url2": "https://www.kaigokensaku.mhlw.go.jp/14/index.php?action_kouhyou_detail_004_kani=true&JigyosyoCd=1470902154-00&ServiceCd=210&Type=search" }, "geometry": { "type": "Point", "coordinates": [ 139.599827399999981, 35.5405075 ] } },
{ "type": "Feature", "properties": { "内容": "特別養護老人ホーム　ワゲン新横浜【短期入所生活介護】神奈川県横浜市港北区大豆戸町７２４-４", "url2": "https://www.kaigokensaku.mhlw.go.jp/14/index.php?action_kouhyou_detail_004_kani=true&JigyosyoCd=1470902410-00&ServiceCd=210&Type=search" }, "geometry": { "type": "Point", "coordinates": [ 139.6222477, 35.514858 ] } },
{ "type": "Feature", "properties": { "内容": "第2新横浜パークサイドホーム【短期入所生活介護】神奈川県横浜市港北区新横浜1-2-6", "url2": "https://www.kaigokensaku.mhlw.go.jp/14/index.php?action_kouhyou_detail_004_kani=true&JigyosyoCd=1470902782-00&ServiceCd=210&Type=search" }, "geometry": { "type": "Point", "coordinates": [ 139.610657800000013, 35.5024869 ] } },
{ "type": "Feature", "properties": { "内容": "ショートステイセンター　すいらん【短期入所生活介護】神奈川県横浜市港北区下田町4-1-2ショートステイセンター　すいらん", "url2": "https://www.kaigokensaku.mhlw.go.jp/14/index.php?action_kouhyou_detail_004_kani=true&JigyosyoCd=1470900422-00&ServiceCd=210&Type=search" }, "geometry": { "type": "Point", "coordinates": [ 139.631215099999963, 35.55728 ] } },
{ "type": "Feature", "properties": { "内容": "介護老人福祉施設新吉田【短期入所生活介護】神奈川県横浜市港北区新吉田町5728-1", "url2": "https://www.kaigokensaku.mhlw.go.jp/14/index.php?action_kouhyou_detail_004_kani=true&JigyosyoCd=1470901933-00&ServiceCd=210&Type=search" }, "geometry": { "type": "Point", "coordinates": [ 139.606273900000019, 35.5381608 ] } },
{ "type": "Feature", "properties": { "内容": "ショートステイ　ココファン日吉【短期入所生活介護】神奈川県横浜市港北区日吉本町4-10-50", "url2": "https://www.kaigokensaku.mhlw.go.jp/14/index.php?action_kouhyou_detail_004_kani=true&JigyosyoCd=1470902113-00&ServiceCd=210&Type=search" }, "geometry": { "type": "Point", "coordinates": [ 139.63504839999996, 35.5454433 ] } },
{ "type": "Feature", "properties": { "内容": "特別養護老人ホーム　松みどりホーム【短期入所生活介護】神奈川県横浜市戸塚区原宿町２－５６－３", "url2": "https://www.kaigokensaku.mhlw.go.jp/14/index.php?action_kouhyou_detail_004_kani=true&JigyosyoCd=1471000172-00&ServiceCd=210&Type=search" }, "geometry": { "type": "Point", "coordinates": [ 139.510592487033165, 35.377483180653456 ] } },
{ "type": "Feature", "properties": { "内容": "高齢者介護総合センター　聖母の園【短期入所生活介護】神奈川県横浜市戸塚区原宿4-35-3", "url2": "https://www.kaigokensaku.mhlw.go.jp/14/index.php?action_kouhyou_detail_004_kani=true&JigyosyoCd=1471000040-00&ServiceCd=210&Type=search" }, "geometry": { "type": "Point", "coordinates": [ 139.501984900000025, 35.3757269 ] } },
{ "type": "Feature", "properties": { "内容": "太陽の國【短期入所生活介護】神奈川県横浜市戸塚区名瀬町1566", "url2": "https://www.kaigokensaku.mhlw.go.jp/14/index.php?action_kouhyou_detail_004_kani=true&JigyosyoCd=1471000073-00&ServiceCd=210&Type=search" }, "geometry": { "type": "Point", "coordinates": [ 139.537642799999958, 35.4339525 ] } },
{ "type": "Feature", "properties": { "内容": "特別養護老人ホーム　しらゆり園【短期入所生活介護】神奈川県横浜市戸塚区汲沢町986番地", "url2": "https://www.kaigokensaku.mhlw.go.jp/14/index.php?action_kouhyou_detail_004_kani=true&JigyosyoCd=1471000222-00&ServiceCd=210&Type=search" }, "geometry": { "type": "Point", "coordinates": [ 139.515803099999971, 35.3919328 ] } },
{ "type": "Feature", "properties": { "内容": "特別養護老人ホーム　和みの園【短期入所生活介護】神奈川県横浜市戸塚区東俣野町１７０５", "url2": "https://www.kaigokensaku.mhlw.go.jp/14/index.php?action_kouhyou_detail_004_kani=true&JigyosyoCd=1471000644-00&ServiceCd=210&Type=search" }, "geometry": { "type": "Point", "coordinates": [ 139.49657430000002, 35.3732023 ] } },
{ "type": "Feature", "properties": { "内容": "ヒルズまいおか【短期入所生活介護】神奈川県横浜市戸塚区舞岡町３３３８－７", "url2": "https://www.kaigokensaku.mhlw.go.jp/14/index.php?action_kouhyou_detail_004_kani=true&JigyosyoCd=1471001824-00&ServiceCd=210&Type=search" }, "geometry": { "type": "Point", "coordinates": [ 139.555133699999942, 35.4085174 ] } },
{ "type": "Feature", "properties": { "内容": "特別養護老人ホーム　来夢の里【短期入所生活介護】神奈川県横浜市戸塚区汲沢町295番", "url2": "https://www.kaigokensaku.mhlw.go.jp/14/index.php?action_kouhyou_detail_004_kani=true&JigyosyoCd=1471002509-00&ServiceCd=210&Type=search" }, "geometry": { "type": "Point", "coordinates": [ 139.517339099999958, 35.3959211 ] } },
{ "type": "Feature", "properties": { "内容": "特別養護老人ホーム　けいあいの郷　影取【短期入所生活介護】神奈川県横浜市戸塚区影取町85-1", "url2": "https://www.kaigokensaku.mhlw.go.jp/14/index.php?action_kouhyou_detail_004_kani=true&JigyosyoCd=1471002905-00&ServiceCd=210&Type=search" }, "geometry": { "type": "Point", "coordinates": [ 139.497910199999978, 35.3629036 ] } },
{ "type": "Feature", "properties": { "内容": "しなの森のさと　　長寿ありがとう【短期入所生活介護】神奈川県横浜市戸塚区品濃町1386-1", "url2": "https://www.kaigokensaku.mhlw.go.jp/14/index.php?action_kouhyou_detail_004_kani=true&JigyosyoCd=1471000388-00&ServiceCd=210&Type=search" }, "geometry": { "type": "Point", "coordinates": [ 139.551516499999906, 35.437702 ] } },
{ "type": "Feature", "properties": { "内容": "恒春の丘指定短期入所生活介護事業【短期入所生活介護】神奈川県横浜市戸塚区舞岡町3048-5", "url2": "https://www.kaigokensaku.mhlw.go.jp/14/index.php?action_kouhyou_detail_004_kani=true&JigyosyoCd=1471002251-00&ServiceCd=210&Type=search" }, "geometry": { "type": "Point", "coordinates": [ 139.555572699999971, 35.4044403 ] } },
{ "type": "Feature", "properties": { "内容": "特別養護老人ホーム　リアメゾン戸塚【短期入所生活介護】神奈川県横浜市戸塚区原宿5-46-1リアメゾン戸塚", "url2": "https://www.kaigokensaku.mhlw.go.jp/14/index.php?action_kouhyou_detail_004_kani=true&JigyosyoCd=1471002939-00&ServiceCd=210&Type=search" }, "geometry": { "type": "Point", "coordinates": [ 139.50374290000002, 35.3702912 ] } },
{ "type": "Feature", "properties": { "内容": "ミモザ戸塚【短期入所生活介護】神奈川県横浜市戸塚区戸塚町943-9", "url2": "https://www.kaigokensaku.mhlw.go.jp/14/index.php?action_kouhyou_detail_004_kani=true&JigyosyoCd=1471003887-00&ServiceCd=210&Type=search" }, "geometry": { "type": "Point", "coordinates": [ 139.530998693254077, 35.380140278711785 ] } },
{ "type": "Feature", "properties": { "内容": "特別養護老人ホーム芙蓉苑【短期入所生活介護】神奈川県横浜市港南区下永谷４－２１－１０", "url2": "https://www.kaigokensaku.mhlw.go.jp/14/index.php?action_kouhyou_detail_004_kani=true&JigyosyoCd=1473100020-00&ServiceCd=210&Type=search" }, "geometry": { "type": "Point", "coordinates": [ 139.557355899999948, 35.4013573 ] } },
{ "type": "Feature", "properties": { "内容": "社会福祉法人大富福祉会　特別養護老人ホームパラダイム港南【短期入所生活介護】神奈川県横浜市港南区下永谷3丁目10番7号", "url2": "https://www.kaigokensaku.mhlw.go.jp/14/index.php?action_kouhyou_detail_004_kani=true&JigyosyoCd=1473100103-00&ServiceCd=210&Type=search" }, "geometry": { "type": "Point", "coordinates": [ 139.561016500000051, 35.4087896 ] } },
{ "type": "Feature", "properties": { "内容": "特別養護老人ホーム　サンバレー【短期入所生活介護】神奈川県横浜市港南区下永谷4-24-1", "url2": "https://www.kaigokensaku.mhlw.go.jp/14/index.php?action_kouhyou_detail_004_kani=true&JigyosyoCd=1473101028-00&ServiceCd=210&Type=search" }, "geometry": { "type": "Point", "coordinates": [ 139.557922500000018, 35.4025377 ] } },
{ "type": "Feature", "properties": { "内容": "短期入所サービス笹の風【短期入所生活介護】神奈川県横浜市港南区笹下四丁目12番35号", "url2": "https://www.kaigokensaku.mhlw.go.jp/14/index.php?action_kouhyou_detail_004_kani=true&JigyosyoCd=1473102570-00&ServiceCd=210&Type=search" }, "geometry": { "type": "Point", "coordinates": [ 139.596920776055299, 35.388651443575441 ] } },
{ "type": "Feature", "properties": { "内容": "すずかけの郷介護サービスセンター【短期入所生活介護】神奈川県横浜市港南区野庭町１６８８番地", "url2": "https://www.kaigokensaku.mhlw.go.jp/14/index.php?action_kouhyou_detail_004_kani=true&JigyosyoCd=1473100012-00&ServiceCd=210&Type=search" }, "geometry": { "type": "Point", "coordinates": [ 139.565474600000016, 35.3866174 ] } },
{ "type": "Feature", "properties": { "内容": "特別養護老人ホーム　野庭苑【短期入所生活介護】神奈川県横浜市港南区日野南５－５６－２", "url2": "https://www.kaigokensaku.mhlw.go.jp/14/index.php?action_kouhyou_detail_004_kani=true&JigyosyoCd=1473100079-00&ServiceCd=210&Type=search" }, "geometry": { "type": "Point", "coordinates": [ 139.560444500000017, 35.3805904 ] } },
{ "type": "Feature", "properties": { "内容": "特別養護老人ホーム　ひまわり港南台【短期入所生活介護】神奈川県横浜市港南区日野南3-7-10", "url2": "https://www.kaigokensaku.mhlw.go.jp/14/index.php?action_kouhyou_detail_004_kani=true&JigyosyoCd=1473102828-00&ServiceCd=210&Type=search" }, "geometry": { "type": "Point", "coordinates": [ 139.570927500000039, 35.3758546 ] } },
{ "type": "Feature", "properties": { "内容": "特別養護老人ホーム日野サザンポート【短期入所生活介護】神奈川県横浜市港南区日野6-13-1", "url2": "https://www.kaigokensaku.mhlw.go.jp/14/index.php?action_kouhyou_detail_004_kani=true&JigyosyoCd=1473102836-00&ServiceCd=210&Type=search" }, "geometry": { "type": "Point", "coordinates": [ 139.578460820773671, 35.392955265955074 ] } },
{ "type": "Feature", "properties": { "内容": "特別養護老人ホーム　泉の郷　日野南【短期入所生活介護】神奈川県横浜市港南区日野南4-29-9", "url2": "https://www.kaigokensaku.mhlw.go.jp/14/index.php?action_kouhyou_detail_004_kani=true&JigyosyoCd=1473103024-00&ServiceCd=210&Type=search" }, "geometry": { "type": "Point", "coordinates": [ 139.5698634, 35.3800221 ] } },
{ "type": "Feature", "properties": { "内容": "特別養護老人ホームひぎり園【短期入所生活介護】神奈川県横浜市港南区上永谷町4610番地1", "url2": "https://www.kaigokensaku.mhlw.go.jp/14/index.php?action_kouhyou_detail_004_kani=true&JigyosyoCd=1473103107-00&ServiceCd=210&Type=search" }, "geometry": { "type": "Point", "coordinates": [ 139.562200407409705, 35.386623167061117 ] } },
{ "type": "Feature", "properties": { "内容": "特別養護老人ホーム椿寿【短期入所生活介護】神奈川県横浜市旭区上白根町792-4", "url2": "https://www.kaigokensaku.mhlw.go.jp/14/index.php?action_kouhyou_detail_004_kani=true&JigyosyoCd=1473201125-00&ServiceCd=210&Type=search" }, "geometry": { "type": "Point", "coordinates": [ 139.536692, 35.4998001 ] } },
{ "type": "Feature", "properties": { "内容": "さくら苑【短期入所生活介護】神奈川県横浜市旭区下川井町360番地", "url2": "https://www.kaigokensaku.mhlw.go.jp/14/index.php?action_kouhyou_detail_004_kani=true&JigyosyoCd=1473200051-00&ServiceCd=210&Type=search" }, "geometry": { "type": "Point", "coordinates": [ 139.516710800000027, 35.4831935 ] } },
{ "type": "Feature", "properties": { "内容": "シャローム横浜【短期入所生活介護】神奈川県横浜市旭区上川井町１９８８", "url2": "https://www.kaigokensaku.mhlw.go.jp/14/index.php?action_kouhyou_detail_004_kani=true&JigyosyoCd=1473200135-00&ServiceCd=210&Type=search" }, "geometry": { "type": "Point", "coordinates": [ 139.491975799999977, 35.4950375 ] } },
{ "type": "Feature", "properties": { "内容": "社会福祉法人創生会　特別養護老人ホーム　あだちホーム【短期入所生活介護】神奈川県横浜市旭区上川井町2287", "url2": "https://www.kaigokensaku.mhlw.go.jp/14/index.php?action_kouhyou_detail_004_kani=true&JigyosyoCd=1473200200-00&ServiceCd=210&Type=search" }, "geometry": { "type": "Point", "coordinates": [ 139.496242, 35.5014033 ] } },
{ "type": "Feature", "properties": { "内容": "旭ホーム【短期入所生活介護】神奈川県横浜市旭区川井本町154-6", "url2": "https://www.kaigokensaku.mhlw.go.jp/14/index.php?action_kouhyou_detail_004_kani=true&JigyosyoCd=1473200226-00&ServiceCd=210&Type=search" }, "geometry": { "type": "Point", "coordinates": [ 139.506239877909792, 35.49068398686817 ] } },
{ "type": "Feature", "properties": { "内容": "特別養護老人ホーム　グリンサイド清盛【短期入所生活介護】神奈川県横浜市旭区万騎が原4", "url2": "https://www.kaigokensaku.mhlw.go.jp/14/index.php?action_kouhyou_detail_004_kani=true&JigyosyoCd=1473200234-00&ServiceCd=210&Type=search" }, "geometry": { "type": "Point", "coordinates": [ 139.536692899999906, 35.4558359 ] } },
{ "type": "Feature", "properties": { "内容": "介護支援センターあけぼの会【短期入所生活介護】神奈川県横浜市旭区上川井町１２４１－１", "url2": "https://www.kaigokensaku.mhlw.go.jp/14/index.php?action_kouhyou_detail_004_kani=true&JigyosyoCd=1473200143-00&ServiceCd=210&Type=search" }, "geometry": { "type": "Point", "coordinates": [ 139.504669599999943, 35.4913251 ] } },
{ "type": "Feature", "properties": { "内容": "明友会【短期入所生活介護】神奈川県横浜市旭区南本宿町１２５－１", "url2": "https://www.kaigokensaku.mhlw.go.jp/14/index.php?action_kouhyou_detail_004_kani=true&JigyosyoCd=1473200010-00&ServiceCd=210&Type=search" }, "geometry": { "type": "Point", "coordinates": [ 139.546397500000012, 35.4515586 ] } },
{ "type": "Feature", "properties": { "内容": "今宿ホームショートステイ【短期入所生活介護】神奈川県横浜市旭区今宿1-5-1", "url2": "https://www.kaigokensaku.mhlw.go.jp/14/index.php?action_kouhyou_detail_004_kani=true&JigyosyoCd=1473200549-00&ServiceCd=210&Type=search" }, "geometry": { "type": "Point", "coordinates": [ 139.526729700000033, 35.4758418 ] } },
{ "type": "Feature", "properties": { "内容": "特別養護老人ホーム　グリーンライフ【短期入所生活介護】神奈川県横浜市旭区中白根３－３１－１１", "url2": "https://www.kaigokensaku.mhlw.go.jp/14/index.php?action_kouhyou_detail_004_kani=true&JigyosyoCd=1473201406-00&ServiceCd=210&Type=search" }, "geometry": { "type": "Point", "coordinates": [ 139.543749700000035, 35.4976003 ] } },
{ "type": "Feature", "properties": { "内容": "介護老人福祉施設　ヴィラ横浜【短期入所生活介護】神奈川県横浜市旭区上白根町1437-1", "url2": "https://www.kaigokensaku.mhlw.go.jp/14/index.php?action_kouhyou_detail_004_kani=true&JigyosyoCd=1473201570-00&ServiceCd=210&Type=search" }, "geometry": { "type": "Point", "coordinates": [ 139.526475172422039, 35.500070918626633 ] } },
{ "type": "Feature", "properties": { "内容": "特別養護老人ホーム　かわいの家【短期入所生活介護】神奈川県横浜市旭区川井宿町６９番地１", "url2": "https://www.kaigokensaku.mhlw.go.jp/14/index.php?action_kouhyou_detail_004_kani=true&JigyosyoCd=1473201851-00&ServiceCd=210&Type=search" }, "geometry": { "type": "Point", "coordinates": [ 139.5181298, 35.4946616 ] } },
{ "type": "Feature", "properties": { "内容": "介護老人福祉施設ヴィラ桜ケ丘【短期入所生活介護】神奈川県横浜市旭区上白根町1436-10", "url2": "https://www.kaigokensaku.mhlw.go.jp/14/index.php?action_kouhyou_detail_004_kani=true&JigyosyoCd=1473201877-00&ServiceCd=210&Type=search" }, "geometry": { "type": "Point", "coordinates": [ 139.527395131352279, 35.499945641612527 ] } },
{ "type": "Feature", "properties": { "内容": "介護老人福祉施設　ヴィラ南本宿【短期入所生活介護】神奈川県横浜市旭区南本宿町109-1", "url2": "https://www.kaigokensaku.mhlw.go.jp/14/index.php?action_kouhyou_detail_004_kani=true&JigyosyoCd=1473201968-00&ServiceCd=210&Type=search" }, "geometry": { "type": "Point", "coordinates": [ 139.542839500000014, 35.4565941 ] } },
{ "type": "Feature", "properties": { "内容": "短期入所生活介護　今川の郷【短期入所生活介護】神奈川県横浜市旭区今川町36-1", "url2": "https://www.kaigokensaku.mhlw.go.jp/14/index.php?action_kouhyou_detail_004_kani=true&JigyosyoCd=1473202099-00&ServiceCd=210&Type=search" }, "geometry": { "type": "Point", "coordinates": [ 139.5348818, 35.4740587 ] } },
{ "type": "Feature", "properties": { "内容": "特別養護老人ホーム　陽光苑【短期入所生活介護】神奈川県横浜市旭区今宿1-66-26", "url2": "https://www.kaigokensaku.mhlw.go.jp/14/index.php?action_kouhyou_detail_004_kani=true&JigyosyoCd=1473202107-00&ServiceCd=210&Type=search" }, "geometry": { "type": "Point", "coordinates": [ 139.516952599999968, 35.4793107 ] } },
{ "type": "Feature", "properties": { "内容": "横浜旭いこいの里【短期入所生活介護】神奈川県横浜市旭区西川島町１１８番地１０号", "url2": "https://www.kaigokensaku.mhlw.go.jp/14/index.php?action_kouhyou_detail_004_kani=true&JigyosyoCd=1473203980-00&ServiceCd=210&Type=search" }, "geometry": { "type": "Point", "coordinates": [ 139.554584299999988, 35.4713709 ] } },
{ "type": "Feature", "properties": { "内容": "特別養護老人ホーム　サニーヒル横浜【短期入所生活介護】神奈川県横浜市旭区上川井町４２６", "url2": "https://www.kaigokensaku.mhlw.go.jp/14/index.php?action_kouhyou_detail_004_kani=true&JigyosyoCd=1473201687-00&ServiceCd=210&Type=search" }, "geometry": { "type": "Point", "coordinates": [ 139.501878, 35.494541 ] } },
{ "type": "Feature", "properties": { "内容": "短期入所生活介護サービス　サンライズヒル横浜【短期入所生活介護】神奈川県横浜市旭区上白根町１２０７－１", "url2": "https://www.kaigokensaku.mhlw.go.jp/14/index.php?action_kouhyou_detail_004_kani=true&JigyosyoCd=1473200739-00&ServiceCd=210&Type=search" }, "geometry": { "type": "Point", "coordinates": [ 139.52679569999998, 35.4986335 ] } },
{ "type": "Feature", "properties": { "内容": "ショートステイ　水の郷【短期入所生活介護】神奈川県横浜市旭区上川井町3059番地", "url2": "https://www.kaigokensaku.mhlw.go.jp/14/index.php?action_kouhyou_detail_004_kani=true&JigyosyoCd=1473201364-00&ServiceCd=210&Type=search" }, "geometry": { "type": "Point", "coordinates": [ 139.507583100000033, 35.497843700000011 ] } },
{ "type": "Feature", "properties": { "内容": "太陽の家横濱左近山【短期入所生活介護】神奈川県横浜市旭区小高町172-8", "url2": "https://www.kaigokensaku.mhlw.go.jp/14/index.php?action_kouhyou_detail_004_kani=true&JigyosyoCd=1473203998-00&ServiceCd=210&Type=search" }, "geometry": { "type": "Point", "coordinates": [ 139.5542475, 35.4616664 ] } },
{ "type": "Feature", "properties": { "内容": "特別養護老人ホーム　リーエンデ白山【短期入所生活介護】神奈川県横浜市緑区白山4-74-17", "url2": "https://www.kaigokensaku.mhlw.go.jp/14/index.php?action_kouhyou_detail_004_kani=true&JigyosyoCd=1473303111-00&ServiceCd=210&Type=search" }, "geometry": { "type": "Point", "coordinates": [ 139.549568864001486, 35.498864186100832 ] } },
{ "type": "Feature", "properties": { "内容": "ケアセンターメゾンヴェルト【短期入所生活介護】神奈川県横浜市緑区鴨居7-19-1", "url2": "https://www.kaigokensaku.mhlw.go.jp/14/index.php?action_kouhyou_detail_004_kani=true&JigyosyoCd=1473300109-00&ServiceCd=210&Type=search" }, "geometry": { "type": "Point", "coordinates": [ 139.554371, 35.4982114 ] } },
{ "type": "Feature", "properties": { "内容": "特別養護老人ホーム慶星閣【短期入所生活介護】神奈川県横浜市緑区三保町2590番地", "url2": "https://www.kaigokensaku.mhlw.go.jp/14/index.php?action_kouhyou_detail_004_kani=true&JigyosyoCd=1473300117-00&ServiceCd=210&Type=search" }, "geometry": { "type": "Point", "coordinates": [ 139.524637399999961, 35.5088601 ] } },
{ "type": "Feature", "properties": { "内容": "介護老人福祉施設　ふじ寿か園【短期入所生活介護】神奈川県横浜市緑区西八朔町７７３－２", "url2": "https://www.kaigokensaku.mhlw.go.jp/14/index.php?action_kouhyou_detail_004_kani=true&JigyosyoCd=1473300323-00&ServiceCd=210&Type=search" }, "geometry": { "type": "Point", "coordinates": [ 139.530323, 35.5313602 ] } },
{ "type": "Feature", "properties": { "内容": "介護老人福祉施設　ビオラ三保【短期入所生活介護】神奈川県横浜市緑区三保町３５０", "url2": "https://www.kaigokensaku.mhlw.go.jp/14/index.php?action_kouhyou_detail_004_kani=true&JigyosyoCd=1473300851-00&ServiceCd=210&Type=search" }, "geometry": { "type": "Point", "coordinates": [ 139.505583, 35.5107721 ] } },
{ "type": "Feature", "properties": { "内容": "特別養護老人ホーム　しょうじゅの里三保【短期入所生活介護】神奈川県横浜市緑区三保町171-1", "url2": "https://www.kaigokensaku.mhlw.go.jp/14/index.php?action_kouhyou_detail_004_kani=true&JigyosyoCd=1473300877-00&ServiceCd=210&Type=search" }, "geometry": { "type": "Point", "coordinates": [ 139.512368700000025, 35.5066372 ] } },
{ "type": "Feature", "properties": { "内容": "特別養護老人ホーム　フォーシーズンズヴィラこもれび【短期入所生活介護】神奈川県横浜市緑区三保町881-2", "url2": "https://www.kaigokensaku.mhlw.go.jp/14/index.php?action_kouhyou_detail_004_kani=true&JigyosyoCd=1473301040-00&ServiceCd=210&Type=search" }, "geometry": { "type": "Point", "coordinates": [ 139.522704200000021, 35.5061104 ] } },
{ "type": "Feature", "properties": { "内容": "介護老人福祉施設　北八朔【短期入所生活介護】神奈川県横浜市緑区北八朔町１８１３－１", "url2": "https://www.kaigokensaku.mhlw.go.jp/14/index.php?action_kouhyou_detail_004_kani=true&JigyosyoCd=1473301198-00&ServiceCd=210&Type=search" }, "geometry": { "type": "Point", "coordinates": [ 139.533753199999978, 35.5251804 ] } },
{ "type": "Feature", "properties": { "内容": "介護老人福祉施設　横浜よさこいホーム【短期入所生活介護】神奈川県横浜市緑区北八朔町1368-1", "url2": "https://www.kaigokensaku.mhlw.go.jp/14/index.php?action_kouhyou_detail_004_kani=true&JigyosyoCd=1473301529-00&ServiceCd=210&Type=search" }, "geometry": { "type": "Point", "coordinates": [ 139.542613599999981, 35.5248721 ] } },
{ "type": "Feature", "properties": { "内容": "ショートステイみずほ【短期入所生活介護】神奈川県横浜市緑区長津田町2338番地1", "url2": "https://www.kaigokensaku.mhlw.go.jp/14/index.php?action_kouhyou_detail_004_kani=true&JigyosyoCd=1473301735-00&ServiceCd=210&Type=search" }, "geometry": { "type": "Point", "coordinates": [ 139.490194400000064, 35.5293006 ] } },
{ "type": "Feature", "properties": { "内容": "特別養護老人ホームしょうじゅの里三保サテライト【短期入所生活介護】神奈川県横浜市緑区三保町2640-220", "url2": "https://www.kaigokensaku.mhlw.go.jp/14/index.php?action_kouhyou_detail_004_kani=true&JigyosyoCd=1473302857-00&ServiceCd=210&Type=search" }, "geometry": { "type": "Point", "coordinates": [ 139.5271795692517, 35.508452802989368 ] } },
{ "type": "Feature", "properties": { "内容": "特別養護老人ホーム横浜ナーシングビレッジ【短期入所生活介護】神奈川県横浜市緑区白山4丁目74-3", "url2": "https://www.kaigokensaku.mhlw.go.jp/14/index.php?action_kouhyou_detail_004_kani=true&JigyosyoCd=1473301412-00&ServiceCd=210&Type=search" }, "geometry": { "type": "Point", "coordinates": [ 139.549549100000036, 35.4995834 ] } },
{ "type": "Feature", "properties": { "内容": "ゆうあいの郷【短期入所生活介護】神奈川県横浜市瀬谷区宮沢3-25-1", "url2": "https://www.kaigokensaku.mhlw.go.jp/14/index.php?action_kouhyou_detail_004_kani=true&JigyosyoCd=1473400024-00&ServiceCd=210&Type=search" }, "geometry": { "type": "Point", "coordinates": [ 139.491993699999966, 35.4516947 ] } },
{ "type": "Feature", "properties": { "内容": "ショートステイセンター　みなみの苑【短期入所生活介護】神奈川県横浜市瀬谷区阿久和南３－２８－３", "url2": "https://www.kaigokensaku.mhlw.go.jp/14/index.php?action_kouhyou_detail_004_kani=true&JigyosyoCd=1473400214-00&ServiceCd=210&Type=search" }, "geometry": { "type": "Point", "coordinates": [ 139.503518100000065, 35.437402 ] } },
{ "type": "Feature", "properties": { "内容": "介護老人福祉施設ひだまり館【短期入所生活介護】神奈川県横浜市瀬谷区二ツ橋町283番1", "url2": "https://www.kaigokensaku.mhlw.go.jp/14/index.php?action_kouhyou_detail_004_kani=true&JigyosyoCd=1473400412-00&ServiceCd=210&Type=search" }, "geometry": { "type": "Point", "coordinates": [ 139.499248399999942, 35.4688232 ] } },
{ "type": "Feature", "properties": { "内容": "スプリングガーデン瀬谷【短期入所生活介護】神奈川県横浜市瀬谷区下瀬谷１－２７－２５", "url2": "https://www.kaigokensaku.mhlw.go.jp/14/index.php?action_kouhyou_detail_004_kani=true&JigyosyoCd=1473400552-00&ServiceCd=210&Type=search" }, "geometry": { "type": "Point", "coordinates": [ 139.4846331, 35.4517779 ] } },
{ "type": "Feature", "properties": { "内容": "特別養護老人ホーム　ファミリーイン瀬谷【短期入所生活介護】神奈川県横浜市瀬谷区中屋敷3-11-1", "url2": "https://www.kaigokensaku.mhlw.go.jp/14/index.php?action_kouhyou_detail_004_kani=true&JigyosyoCd=1473400776-00&ServiceCd=210&Type=search" }, "geometry": { "type": "Point", "coordinates": [ 139.482385, 35.4828062 ] } },
{ "type": "Feature", "properties": { "内容": "介護老人福祉施設ラペ瀬谷【短期入所生活介護】神奈川県横浜市瀬谷区目黒町２１－１０", "url2": "https://www.kaigokensaku.mhlw.go.jp/14/index.php?action_kouhyou_detail_004_kani=true&JigyosyoCd=1473401121-00&ServiceCd=210&Type=search" }, "geometry": { "type": "Point", "coordinates": [ 139.469715599999972, 35.4955584 ] } },
{ "type": "Feature", "properties": { "内容": "特別養護老人ホーム　愛成苑【短期入所生活介護】神奈川県横浜市瀬谷区瀬谷町4131-16", "url2": "https://www.kaigokensaku.mhlw.go.jp/14/index.php?action_kouhyou_detail_004_kani=true&JigyosyoCd=1473400974-00&ServiceCd=210&Type=search" }, "geometry": { "type": "Point", "coordinates": [ 139.4901152, 35.4807181 ] } },
{ "type": "Feature", "properties": { "内容": "上郷苑【短期入所生活介護】神奈川県横浜市栄区野七里1-36-1", "url2": "https://www.kaigokensaku.mhlw.go.jp/14/index.php?action_kouhyou_detail_004_kani=true&JigyosyoCd=1473500062-00&ServiceCd=210&Type=search" }, "geometry": { "type": "Point", "coordinates": [ 139.576368099999968, 35.3476832 ] } },
{ "type": "Feature", "properties": { "内容": "特別養護老人ホーム　クロスハート栄・横浜【短期入所生活介護】神奈川県横浜市栄区公田町1020-5", "url2": "https://www.kaigokensaku.mhlw.go.jp/14/index.php?action_kouhyou_detail_004_kani=true&JigyosyoCd=1473500153-00&ServiceCd=210&Type=search" }, "geometry": { "type": "Point", "coordinates": [ 139.558419700000059, 35.3509689 ] } },
{ "type": "Feature", "properties": { "内容": "特別養護老人ホームライフコートさかえ【短期入所生活介護】神奈川県横浜市栄区公田町１０６１－１９", "url2": "https://www.kaigokensaku.mhlw.go.jp/14/index.php?action_kouhyou_detail_004_kani=true&JigyosyoCd=1473500682-00&ServiceCd=210&Type=search" }, "geometry": { "type": "Point", "coordinates": [ 139.5644191, 35.3494247 ] } },
{ "type": "Feature", "properties": { "内容": "上郷苑東館【短期入所生活介護】神奈川県横浜市栄区野七里1-36-1", "url2": "https://www.kaigokensaku.mhlw.go.jp/14/index.php?action_kouhyou_detail_004_kani=true&JigyosyoCd=1473501029-00&ServiceCd=210&Type=search" }, "geometry": { "type": "Point", "coordinates": [ 139.576368099999968, 35.3476832 ] } },
{ "type": "Feature", "properties": { "内容": "ショートステイ　陽のあたる丘　ＭＩＳＯＮＯ【短期入所生活介護】神奈川県横浜市栄区鍛冶ケ谷２－４０－１", "url2": "https://www.kaigokensaku.mhlw.go.jp/14/index.php?action_kouhyou_detail_004_kani=true&JigyosyoCd=1473500732-00&ServiceCd=210&Type=search" }, "geometry": { "type": "Point", "coordinates": [ 139.5622055, 35.3706721 ] } },
{ "type": "Feature", "properties": { "内容": "ショートステイ田谷の里【短期入所生活介護】神奈川県横浜市栄区田谷町1364番地2", "url2": "https://www.kaigokensaku.mhlw.go.jp/14/index.php?action_kouhyou_detail_004_kani=true&JigyosyoCd=1473500872-00&ServiceCd=210&Type=search" }, "geometry": { "type": "Point", "coordinates": [ 139.519952699999976, 35.3661449 ] } },
{ "type": "Feature", "properties": { "内容": "セントケア上郷【短期入所生活介護】神奈川県横浜市栄区上郷町160-1", "url2": "https://www.kaigokensaku.mhlw.go.jp/14/index.php?action_kouhyou_detail_004_kani=true&JigyosyoCd=1473501094-00&ServiceCd=210&Type=search" }, "geometry": { "type": "Point", "coordinates": [ 139.5697576, 35.3648312 ] } },
{ "type": "Feature", "properties": { "内容": "クロスハート野七里・栄【短期入所生活介護】神奈川県横浜市栄区野七里1-2-31", "url2": "https://www.kaigokensaku.mhlw.go.jp/14/index.php?action_kouhyou_detail_004_kani=true&JigyosyoCd=1473500880-00&ServiceCd=210&Type=search" }, "geometry": { "type": "Point", "coordinates": [ 139.576687499999906, 35.3492275 ] } },
{ "type": "Feature", "properties": { "内容": "花の生活館【短期入所生活介護】神奈川県横浜市泉区緑園4-6-1", "url2": "https://www.kaigokensaku.mhlw.go.jp/14/index.php?action_kouhyou_detail_004_kani=true&JigyosyoCd=1473600102-00&ServiceCd=210&Type=search" }, "geometry": { "type": "Point", "coordinates": [ 139.525518899999952, 35.4393629 ] } },
{ "type": "Feature", "properties": { "内容": "特別養護老人ホーム　いずみ芙蓉苑【短期入所生活介護】神奈川県横浜市泉区上飯田町4631", "url2": "https://www.kaigokensaku.mhlw.go.jp/14/index.php?action_kouhyou_detail_004_kani=true&JigyosyoCd=1473600177-00&ServiceCd=210&Type=search" }, "geometry": { "type": "Point", "coordinates": [ 139.480978099999987, 35.4417457 ] } },
{ "type": "Feature", "properties": { "内容": "特別養護老人ホーム　白寿荘【短期入所生活介護】神奈川県横浜市泉区和泉町６１８１番地", "url2": "https://www.kaigokensaku.mhlw.go.jp/14/index.php?action_kouhyou_detail_004_kani=true&JigyosyoCd=1473600185-00&ServiceCd=210&Type=search" }, "geometry": { "type": "Point", "coordinates": [ 139.497776899999963, 35.4332803 ] } },
{ "type": "Feature", "properties": { "内容": "特別養護老人ホーム　希望苑【短期入所生活介護】神奈川県横浜市泉区池の谷３９０１－１", "url2": "https://www.kaigokensaku.mhlw.go.jp/14/index.php?action_kouhyou_detail_004_kani=true&JigyosyoCd=1473600219-00&ServiceCd=210&Type=search" }, "geometry": { "type": "Point", "coordinates": [ 139.519097200000033, 35.4486312 ] } },
{ "type": "Feature", "properties": { "内容": "恒春ノ郷指定短期入所生活介護事業【短期入所生活介護】神奈川県横浜市泉区西が岡１－３０－１", "url2": "https://www.kaigokensaku.mhlw.go.jp/14/index.php?action_kouhyou_detail_004_kani=true&JigyosyoCd=1473600136-00&ServiceCd=210&Type=search" }, "geometry": { "type": "Point", "coordinates": [ 139.512034, 35.4222427 ] } },
{ "type": "Feature", "properties": { "内容": "ケアセンター　グリーンヒル泉・横浜【短期入所生活介護】神奈川県横浜市泉区和泉町２３１２", "url2": "https://www.kaigokensaku.mhlw.go.jp/14/index.php?action_kouhyou_detail_004_kani=true&JigyosyoCd=1473600979-00&ServiceCd=210&Type=search" }, "geometry": { "type": "Point", "coordinates": [ 139.489969299999984, 35.4067001 ] } },
{ "type": "Feature", "properties": { "内容": "特別養護老人ホーム　めぐみ【短期入所生活介護】神奈川県横浜市泉区中田町３４３０－６", "url2": "https://www.kaigokensaku.mhlw.go.jp/14/index.php?action_kouhyou_detail_004_kani=true&JigyosyoCd=1473601274-00&ServiceCd=210&Type=search" }, "geometry": { "type": "Point", "coordinates": [ 139.509014799999932, 35.4229621 ] } },
{ "type": "Feature", "properties": { "内容": "横浜市新橋ホーム【短期入所生活介護】神奈川県横浜市泉区新橋町3番地", "url2": "https://www.kaigokensaku.mhlw.go.jp/14/index.php?action_kouhyou_detail_004_kani=true&JigyosyoCd=1473600086-00&ServiceCd=210&Type=search" }, "geometry": { "type": "Point", "coordinates": [ 139.51642718954929, 35.429160481118075 ] } },
{ "type": "Feature", "properties": { "内容": "ショートステイ　横浜敬寿園【短期入所生活介護】神奈川県横浜市泉区和泉町5019-1", "url2": "https://www.kaigokensaku.mhlw.go.jp/14/index.php?action_kouhyou_detail_004_kani=true&JigyosyoCd=1473601316-00&ServiceCd=210&Type=search" }, "geometry": { "type": "Point", "coordinates": [ 139.487825, 35.4250674 ] } },
{ "type": "Feature", "properties": { "内容": "特別養護老人ホーム　ウェルフェアリビング【短期入所生活介護】神奈川県横浜市泉区和泉町3170－1", "url2": "https://www.kaigokensaku.mhlw.go.jp/14/index.php?action_kouhyou_detail_004_kani=true&JigyosyoCd=1473601480-00&ServiceCd=210&Type=search" }, "geometry": { "type": "Point", "coordinates": [ 139.48490019999997, 35.4052586 ] } },
{ "type": "Feature", "properties": { "内容": "介護老人福祉施設　ヴィラ泉【短期入所生活介護】神奈川県横浜市泉区上飯田町4495", "url2": "https://www.kaigokensaku.mhlw.go.jp/14/index.php?action_kouhyou_detail_004_kani=true&JigyosyoCd=1473601571-00&ServiceCd=210&Type=search" }, "geometry": { "type": "Point", "coordinates": [ 139.4779949, 35.4433426 ] } },
{ "type": "Feature", "properties": { "内容": "特別養護老人ホーム相生荘【短期入所生活介護】神奈川県横浜市泉区新橋町１８０５", "url2": "https://www.kaigokensaku.mhlw.go.jp/14/index.php?action_kouhyou_detail_004_kani=true&JigyosyoCd=1473600151-00&ServiceCd=210&Type=search" }, "geometry": { "type": "Point", "coordinates": [ 139.5108646, 35.4415404 ] } },
{ "type": "Feature", "properties": { "内容": "シンシアゆめが丘【短期入所生活介護】神奈川県横浜市泉区ゆめが丘15", "url2": "https://www.kaigokensaku.mhlw.go.jp/14/index.php?action_kouhyou_detail_004_kani=true&JigyosyoCd=1473602538-00&ServiceCd=210&Type=search" }, "geometry": { "type": "Point", "coordinates": [ 139.484371759524549, 35.408387896012322 ] } },
{ "type": "Feature", "properties": { "内容": "特別養護老人ホーム　泉の郷【短期入所生活介護】神奈川県横浜市泉区上飯田町２０８３－１", "url2": "https://www.kaigokensaku.mhlw.go.jp/14/index.php?action_kouhyou_detail_004_kani=true&JigyosyoCd=1473600300-00&ServiceCd=210&Type=search" }, "geometry": { "type": "Point", "coordinates": [ 139.483342, 35.4241952 ] } },
{ "type": "Feature", "properties": { "内容": "ショートステイセンター　天王森の郷【短期入所生活介護】神奈川県横浜市泉区和泉町733", "url2": "https://www.kaigokensaku.mhlw.go.jp/14/index.php?action_kouhyou_detail_004_kani=true&JigyosyoCd=1473600359-00&ServiceCd=210&Type=search" }, "geometry": { "type": "Point", "coordinates": [ 139.487655600000039, 35.3963488 ] } },
{ "type": "Feature", "properties": { "内容": "特別養護老人ホーム　けいあいの郷緑園【短期入所生活介護】神奈川県横浜市泉区岡津町２９２６－１", "url2": "https://www.kaigokensaku.mhlw.go.jp/14/index.php?action_kouhyou_detail_004_kani=true&JigyosyoCd=1473601381-00&ServiceCd=210&Type=search" }, "geometry": { "type": "Point", "coordinates": [ 139.520552700000053, 35.4336191 ] } },
{ "type": "Feature", "properties": { "内容": "緑園都市睦愛園【短期入所生活介護】神奈川県横浜市泉区岡津町３２１７－１", "url2": "https://www.kaigokensaku.mhlw.go.jp/14/index.php?action_kouhyou_detail_004_kani=true&JigyosyoCd=1473601415-00&ServiceCd=210&Type=search" }, "geometry": { "type": "Point", "coordinates": [ 139.5259605, 35.4347607 ] } },
{ "type": "Feature", "properties": { "内容": "てるてる園【短期入所生活介護】神奈川県横浜市青葉区奈良町2578番", "url2": "https://www.kaigokensaku.mhlw.go.jp/14/index.php?action_kouhyou_detail_004_kani=true&JigyosyoCd=1473701900-00&ServiceCd=210&Type=search" }, "geometry": { "type": "Point", "coordinates": [ 139.4765323, 35.5669433 ] } },
{ "type": "Feature", "properties": { "内容": "みどり福祉会　ひかり苑居宅支援センター【短期入所生活介護】神奈川県横浜市青葉区さつきが丘8-4特別養護老人ホーム　ひかり苑1F", "url2": "https://www.kaigokensaku.mhlw.go.jp/14/index.php?action_kouhyou_detail_004_kani=true&JigyosyoCd=1473700084-00&ServiceCd=210&Type=search" }, "geometry": { "type": "Point", "coordinates": [ 139.518701700000065, 35.5318875 ] } },
{ "type": "Feature", "properties": { "内容": "緑の郷【短期入所生活介護】神奈川県横浜市青葉区鉄町2075番地3", "url2": "https://www.kaigokensaku.mhlw.go.jp/14/index.php?action_kouhyou_detail_004_kani=true&JigyosyoCd=1473700027-00&ServiceCd=210&Type=search" }, "geometry": { "type": "Point", "coordinates": [ 139.526460400000019, 35.5695631 ] } },
{ "type": "Feature", "properties": { "内容": "特別養護老人ホーム　ピア市ヶ尾【短期入所生活介護】神奈川県横浜市青葉区市ケ尾町522-10", "url2": "https://www.kaigokensaku.mhlw.go.jp/14/index.php?action_kouhyou_detail_004_kani=true&JigyosyoCd=1473701058-00&ServiceCd=210&Type=search" }, "geometry": { "type": "Point", "coordinates": [ 139.544929799999977, 35.5429809 ] } },
{ "type": "Feature", "properties": { "内容": "わかたけ青葉【短期入所生活介護】神奈川県横浜市青葉区奈良4-6-1", "url2": "https://www.kaigokensaku.mhlw.go.jp/14/index.php?action_kouhyou_detail_004_kani=true&JigyosyoCd=1473701520-00&ServiceCd=210&Type=search" }, "geometry": { "type": "Point", "coordinates": [ 139.4829241, 35.5521634 ] } },
{ "type": "Feature", "properties": { "内容": "創生園青葉【短期入所生活介護】神奈川県横浜市青葉区奈良町881番13号", "url2": "https://www.kaigokensaku.mhlw.go.jp/14/index.php?action_kouhyou_detail_004_kani=true&JigyosyoCd=1473702205-00&ServiceCd=210&Type=search" }, "geometry": { "type": "Point", "coordinates": [ 139.488076200000023, 35.5591129 ] } },
{ "type": "Feature", "properties": { "内容": "木下の介護　たまプラーザ【短期入所生活介護】神奈川県横浜市青葉区美しが丘4-7-9", "url2": "https://www.kaigokensaku.mhlw.go.jp/14/index.php?action_kouhyou_detail_004_kani=true&JigyosyoCd=1473703765-00&ServiceCd=210&Type=search" }, "geometry": { "type": "Point", "coordinates": [ 139.550555700000018, 35.57806260000001 ] } },
{ "type": "Feature", "properties": { "内容": "短期入所生活介護　みすずが丘【短期入所生活介護】神奈川県横浜市青葉区みすずが丘２３－２", "url2": "https://www.kaigokensaku.mhlw.go.jp/14/index.php?action_kouhyou_detail_004_kani=true&JigyosyoCd=1473700308-00&ServiceCd=210&Type=search" }, "geometry": { "type": "Point", "coordinates": [ 139.540582200000017, 35.5600259 ] } },
{ "type": "Feature", "properties": { "内容": "青葉ヒルズ【短期入所生活介護】神奈川県横浜市青葉区鴨志田町1260", "url2": "https://www.kaigokensaku.mhlw.go.jp/14/index.php?action_kouhyou_detail_004_kani=true&JigyosyoCd=1473701926-00&ServiceCd=210&Type=search" }, "geometry": { "type": "Point", "coordinates": [ 139.49994259999994, 35.5581618 ] } },
{ "type": "Feature", "properties": { "内容": "介護老人福祉施設　大樹の郷【短期入所生活介護】神奈川県横浜市青葉区恩田町２２８２", "url2": "https://www.kaigokensaku.mhlw.go.jp/14/index.php?action_kouhyou_detail_004_kani=true&JigyosyoCd=1473701967-00&ServiceCd=210&Type=search" }, "geometry": { "type": "Point", "coordinates": [ 139.497218299999986, 35.5468046 ] } },
{ "type": "Feature", "properties": { "内容": "特別養護老人ホームビオラ市ケ尾【短期入所生活介護】神奈川県横浜市青葉区市ヶ尾町25番地6", "url2": "https://www.kaigokensaku.mhlw.go.jp/14/index.php?action_kouhyou_detail_004_kani=true&JigyosyoCd=1473702510-00&ServiceCd=210&Type=search" }, "geometry": { "type": "Point", "coordinates": [ 139.5387883, 35.54944390394877 ] } },
{ "type": "Feature", "properties": { "内容": "青葉台ケアセンターそよ風【短期入所生活介護】神奈川県横浜市青葉区桜台44-7", "url2": "https://www.kaigokensaku.mhlw.go.jp/14/index.php?action_kouhyou_detail_004_kani=true&JigyosyoCd=1473702635-00&ServiceCd=210&Type=search" }, "geometry": { "type": "Point", "coordinates": [ 139.50929, 35.550364099999989 ] } },
{ "type": "Feature", "properties": { "内容": "特別養護老人ホーム青葉あさくら苑【短期入所生活介護】神奈川県横浜市青葉区恩田町２９９４－１", "url2": "https://www.kaigokensaku.mhlw.go.jp/14/index.php?action_kouhyou_detail_004_kani=true&JigyosyoCd=1473703252-00&ServiceCd=210&Type=search" }, "geometry": { "type": "Point", "coordinates": [ 139.499015905557258, 35.5451316014585 ] } },
{ "type": "Feature", "properties": { "内容": "特別養護老人ホーム　プレシャス横浜【短期入所生活介護】神奈川県横浜市青葉区元石川町4181番1", "url2": "https://www.kaigokensaku.mhlw.go.jp/14/index.php?action_kouhyou_detail_004_kani=true&JigyosyoCd=1473704532-00&ServiceCd=210&Type=search" }, "geometry": { "type": "Point", "coordinates": [ 139.540228506024789, 35.576542109651626 ] } },
{ "type": "Feature", "properties": { "内容": "ヴェルデの森　ショートステイ【短期入所生活介護】神奈川県横浜市青葉区寺家町５４８－２", "url2": "https://www.kaigokensaku.mhlw.go.jp/14/index.php?action_kouhyou_detail_004_kani=true&JigyosyoCd=1473700613-00&ServiceCd=210&Type=search" }, "geometry": { "type": "Point", "coordinates": [ 139.504225099999985, 35.5705218 ] } },
{ "type": "Feature", "properties": { "内容": "ショートステイ　ハピネス都筑　アネックス【短期入所生活介護】神奈川県都筑区池辺町１０３６－１", "url2": "https://www.kaigokensaku.mhlw.go.jp/14/index.php?action_kouhyou_detail_004_kani=true&JigyosyoCd=1473803011-00&ServiceCd=210&Type=search" }, "geometry": { "type": "Point", "coordinates": [ 139.559897762202269, 35.5256004952738 ] } },
{ "type": "Feature", "properties": { "内容": "介護老人福祉施設　中川の里【短期入所生活介護】神奈川県横浜市都筑区南山田２－３９－３５", "url2": "https://www.kaigokensaku.mhlw.go.jp/14/index.php?action_kouhyou_detail_004_kani=true&JigyosyoCd=1473800124-00&ServiceCd=210&Type=search" }, "geometry": { "type": "Point", "coordinates": [ 139.591839, 35.5555855 ] } },
{ "type": "Feature", "properties": { "内容": "介護老人福祉施設　都筑の里【短期入所生活介護】神奈川県横浜市都筑区茅ケ崎東５－１３－１", "url2": "https://www.kaigokensaku.mhlw.go.jp/14/index.php?action_kouhyou_detail_004_kani=true&JigyosyoCd=1473800157-00&ServiceCd=210&Type=search" }, "geometry": { "type": "Point", "coordinates": [ 139.586739800000032, 35.54707 ] } },
{ "type": "Feature", "properties": { "内容": "特別養護老人ホーム　ハートフルガーデン川和【短期入所生活介護】神奈川県横浜市都筑区川和町６６０番地", "url2": "https://www.kaigokensaku.mhlw.go.jp/14/index.php?action_kouhyou_detail_004_kani=true&JigyosyoCd=1473800728-00&ServiceCd=210&Type=search" }, "geometry": { "type": "Point", "coordinates": [ 139.551773799999978, 35.5226751 ] } },
{ "type": "Feature", "properties": { "内容": "介護老人福祉施設　ヴィラ都筑【短期入所生活介護】神奈川県横浜市都筑区大棚町392-1", "url2": "https://www.kaigokensaku.mhlw.go.jp/14/index.php?action_kouhyou_detail_004_kani=true&JigyosyoCd=1473801437-00&ServiceCd=210&Type=search" }, "geometry": { "type": "Point", "coordinates": [ 139.590728200000058, 35.5485144 ] } },
{ "type": "Feature", "properties": { "内容": "介護老人福祉施設池辺【短期入所生活介護】神奈川県横浜市都筑区池辺町2194", "url2": "https://www.kaigokensaku.mhlw.go.jp/14/index.php?action_kouhyou_detail_004_kani=true&JigyosyoCd=1473800959-00&ServiceCd=210&Type=search" }, "geometry": { "type": "Point", "coordinates": [ 139.568514099999987, 35.5270055 ] } },
{ "type": "Feature", "properties": { "内容": "ショートステイ　ハピネス都筑【短期入所生活介護】神奈川県横浜市都筑区牛久保町１８０８－３", "url2": "https://www.kaigokensaku.mhlw.go.jp/14/index.php?action_kouhyou_detail_004_kani=true&JigyosyoCd=1473801296-00&ServiceCd=210&Type=search" }, "geometry": { "type": "Point", "coordinates": [ 139.570687899999939, 35.5680836 ] } },
{ "type": "Feature", "properties": { "内容": "介護老人福祉施設わかたけ都筑【短期入所生活介護】神奈川県横浜市都筑区川和町19-1", "url2": "https://www.kaigokensaku.mhlw.go.jp/14/index.php?action_kouhyou_detail_004_kani=true&JigyosyoCd=1473802864-00&ServiceCd=210&Type=search" }, "geometry": { "type": "Point", "coordinates": [ 139.5530047, 35.5180566 ] } },
{ "type": "Feature", "properties": { "内容": "介護老人福祉施設スミール荏田【短期入所生活介護】神奈川県横浜市都筑区荏田南町4202", "url2": "https://www.kaigokensaku.mhlw.go.jp/14/index.php?action_kouhyou_detail_004_kani=true&JigyosyoCd=1473802880-00&ServiceCd=210&Type=search" }, "geometry": { "type": "Point", "coordinates": [ 139.5622445, 35.5539311 ] } },
{ "type": "Feature", "properties": { "内容": "短期入所生活介護　川崎ラシクル【短期入所生活介護】日進町5-1川崎市複合福祉センターふくふく", "url2": "https://www.kaigokensaku.mhlw.go.jp/14/index.php?action_kouhyou_detail_004_kani=true&JigyosyoCd=1475004279-00&ServiceCd=210&Type=search" }, "geometry": { "type": "Point", "coordinates": [ 139.692881699999987, 35.5259468 ] } },
{ "type": "Feature", "properties": { "内容": "ユニット型短期入所生活介護　川崎ラシクル【短期入所生活介護】日進町5-1川崎市複合福祉センターふくふく", "url2": "https://www.kaigokensaku.mhlw.go.jp/14/index.php?action_kouhyou_detail_004_kani=true&JigyosyoCd=1475004287-00&ServiceCd=210&Type=search" }, "geometry": { "type": "Point", "coordinates": [ 139.692881699999987, 35.5259468 ] } },
{ "type": "Feature", "properties": { "内容": "恒春園居宅サービスセンター【短期入所生活介護】神奈川県川崎市川崎区小川町１０－１０", "url2": "https://www.kaigokensaku.mhlw.go.jp/14/index.php?action_kouhyou_detail_004_kani=true&JigyosyoCd=1475000038-00&ServiceCd=210&Type=search" }, "geometry": { "type": "Point", "coordinates": [ 139.696390699999938, 35.5264981 ] } },
{ "type": "Feature", "properties": { "内容": "大師の里　居宅サービスセンター【短期入所生活介護】神奈川県川崎市川崎区日ノ出２－７－１", "url2": "https://www.kaigokensaku.mhlw.go.jp/14/index.php?action_kouhyou_detail_004_kani=true&JigyosyoCd=1475000079-00&ServiceCd=210&Type=search" }, "geometry": { "type": "Point", "coordinates": [ 139.7430147, 35.5304091 ] } },
{ "type": "Feature", "properties": { "内容": "社会福祉法人セイワ　介護老人福祉施設桜寿園【短期入所生活介護】神奈川県川崎市川崎区桜本2-39-4", "url2": "https://www.kaigokensaku.mhlw.go.jp/14/index.php?action_kouhyou_detail_004_kani=true&JigyosyoCd=1475000129-00&ServiceCd=210&Type=search" }, "geometry": { "type": "Point", "coordinates": [ 139.726366, 35.5211848 ] } },
{ "type": "Feature", "properties": { "内容": "ゆとりあ短期入所サービスセンター【短期入所生活介護】神奈川県川崎市川崎区殿町1-11-10", "url2": "https://www.kaigokensaku.mhlw.go.jp/14/index.php?action_kouhyou_detail_004_kani=true&JigyosyoCd=1475002455-00&ServiceCd=210&Type=search" }, "geometry": { "type": "Point", "coordinates": [ 139.743656, 35.5401384 ] } },
{ "type": "Feature", "properties": { "内容": "特別養護老人ホーム　境町フェニックス【短期入所生活介護】神奈川県川崎市川崎区境町11-9", "url2": "https://www.kaigokensaku.mhlw.go.jp/14/index.php?action_kouhyou_detail_004_kani=true&JigyosyoCd=1475003552-00&ServiceCd=210&Type=search" }, "geometry": { "type": "Point", "coordinates": [ 139.709225699999934, 35.52409 ] } },
{ "type": "Feature", "properties": { "内容": "特別養護老人ホーム　境町フェニックス（ユニット型）【短期入所生活介護】神奈川県川崎市川崎区境町11-9", "url2": "https://www.kaigokensaku.mhlw.go.jp/14/index.php?action_kouhyou_detail_004_kani=true&JigyosyoCd=1475003560-00&ServiceCd=210&Type=search" }, "geometry": { "type": "Point", "coordinates": [ 139.709225699999934, 35.52409 ] } },
{ "type": "Feature", "properties": { "内容": "短期入所生活介護　川崎ラシクル【短期入所生活介護】神奈川県川崎市川崎区日進町5-1", "url2": "https://www.kaigokensaku.mhlw.go.jp/14/index.php?action_kouhyou_detail_004_kani=true&JigyosyoCd=1475004295-00&ServiceCd=210&Type=search" }, "geometry": { "type": "Point", "coordinates": [ 139.692881699999987, 35.5259468 ] } },
{ "type": "Feature", "properties": { "内容": "ユニット型短期入所生活介護　川崎ラシクル【短期入所生活介護】神奈川県川崎市川崎区日進町5-1", "url2": "https://www.kaigokensaku.mhlw.go.jp/14/index.php?action_kouhyou_detail_004_kani=true&JigyosyoCd=1475004303-00&ServiceCd=210&Type=search" }, "geometry": { "type": "Point", "coordinates": [ 139.692881699999987, 35.5259468 ] } },
{ "type": "Feature", "properties": { "内容": "介護老人福祉施設　ビオラ川崎【短期入所生活介護】神奈川県川崎市川崎区小田栄2-1-7", "url2": "https://www.kaigokensaku.mhlw.go.jp/14/index.php?action_kouhyou_detail_004_kani=true&JigyosyoCd=1475001416-00&ServiceCd=210&Type=search" }, "geometry": { "type": "Point", "coordinates": [ 139.709809299999961, 35.5123804 ] } },
{ "type": "Feature", "properties": { "内容": "高齢者福祉施設しおん【短期入所生活介護】神奈川県川崎市川崎区本町1-1-1", "url2": "https://www.kaigokensaku.mhlw.go.jp/14/index.php?action_kouhyou_detail_004_kani=true&JigyosyoCd=1475004691-00&ServiceCd=210&Type=search" }, "geometry": { "type": "Point", "coordinates": [ 135.509653500000013, 34.6836832 ] } },
{ "type": "Feature", "properties": { "内容": "特別養護老人ホーム　クロスハート幸・川崎　ユニット型【短期入所生活介護】神奈川県川崎市幸区河原町１－３７", "url2": "https://www.kaigokensaku.mhlw.go.jp/14/index.php?action_kouhyou_detail_004_kani=true&JigyosyoCd=1475101612-00&ServiceCd=210&Type=search" }, "geometry": { "type": "Point", "coordinates": [ 139.883312899999964, 36.5497797 ] } },
{ "type": "Feature", "properties": { "内容": "特別養護老人ホーム　クロスハート幸・川崎【短期入所生活介護】神奈川県川崎市幸区河原町1-37", "url2": "https://www.kaigokensaku.mhlw.go.jp/14/index.php?action_kouhyou_detail_004_kani=true&JigyosyoCd=1475101604-00&ServiceCd=210&Type=search" }, "geometry": { "type": "Point", "coordinates": [ 139.883312899999964, 36.5497797 ] } },
{ "type": "Feature", "properties": { "内容": "短期入所生活介護　こむかい【短期入所生活介護】神奈川県川崎市幸区小向仲野町1-3地域密着型特別養護老人ホームこむかい", "url2": "https://www.kaigokensaku.mhlw.go.jp/14/index.php?action_kouhyou_detail_004_kani=true&JigyosyoCd=1475101695-00&ServiceCd=210&Type=search" }, "geometry": { "type": "Point", "coordinates": [ 139.694136419573965, 35.550042683327256 ] } },
{ "type": "Feature", "properties": { "内容": "社会福祉法人セイワ　介護老人福祉施設幸風苑【短期入所生活介護】神奈川県川崎市幸区都町64-1", "url2": "https://www.kaigokensaku.mhlw.go.jp/14/index.php?action_kouhyou_detail_004_kani=true&JigyosyoCd=1475100077-00&ServiceCd=210&Type=search" }, "geometry": { "type": "Point", "coordinates": [ 139.687349499999982, 35.5366494 ] } },
{ "type": "Feature", "properties": { "内容": "夢見ケ崎居宅サービスセンター【短期入所生活介護】神奈川県川崎市幸区南加瀬1-7-14", "url2": "https://www.kaigokensaku.mhlw.go.jp/14/index.php?action_kouhyou_detail_004_kani=true&JigyosyoCd=1475100150-00&ServiceCd=210&Type=search" }, "geometry": { "type": "Point", "coordinates": [ 139.6677482, 35.5469511 ] } },
{ "type": "Feature", "properties": { "内容": "短期入所生活介護　みんなと暮らす町【短期入所生活介護】神奈川県川崎市幸区東古市場１１６－１２", "url2": "https://www.kaigokensaku.mhlw.go.jp/14/index.php?action_kouhyou_detail_004_kani=true&JigyosyoCd=1475101125-00&ServiceCd=210&Type=search" }, "geometry": { "type": "Point", "coordinates": [ 139.688335100000018, 35.5515027 ] } },
{ "type": "Feature", "properties": { "内容": "特別養護老人ホームしゃんぐりら【短期入所生活介護】神奈川県川崎市幸区東小倉6-1", "url2": "https://www.kaigokensaku.mhlw.go.jp/14/index.php?action_kouhyou_detail_004_kani=true&JigyosyoCd=1475102701-00&ServiceCd=210&Type=search" }, "geometry": { "type": "Point", "coordinates": [ 139.6765418, 35.5462193 ] } },
{ "type": "Feature", "properties": { "内容": "短期入所生活介護南さいわい【短期入所生活介護】神奈川県川崎市幸区南幸町3丁目149-3", "url2": "https://www.kaigokensaku.mhlw.go.jp/14/index.php?action_kouhyou_detail_004_kani=true&JigyosyoCd=1475101703-00&ServiceCd=210&Type=search" }, "geometry": { "type": "Point", "coordinates": [ 139.686848932679709, 35.535124606827601 ] } },
{ "type": "Feature", "properties": { "内容": "特別養護老人ホームヴィラージュ中原【短期入所生活介護】神奈川県川崎市中原区上小田中1-28-55", "url2": "https://www.kaigokensaku.mhlw.go.jp/14/index.php?action_kouhyou_detail_004_kani=true&JigyosyoCd=1475203319-00&ServiceCd=210&Type=search" }, "geometry": { "type": "Point", "coordinates": [ 139.630804189841797, 35.591972793292129 ] } },
{ "type": "Feature", "properties": { "内容": "社会福祉法人セイワ　介護老人福祉施設すみよし【短期入所生活介護】神奈川県川崎市中原区木月祗園町2-1", "url2": "https://www.kaigokensaku.mhlw.go.jp/14/index.php?action_kouhyou_detail_004_kani=true&JigyosyoCd=1475200166-00&ServiceCd=210&Type=search" }, "geometry": { "type": "Point", "coordinates": [ 139.648685399999977, 35.5689918 ] } },
{ "type": "Feature", "properties": { "内容": "特別養護老人ホーム　ひらまの里【短期入所生活介護】神奈川県川崎市中原区上平間611-1", "url2": "https://www.kaigokensaku.mhlw.go.jp/14/index.php?action_kouhyou_detail_004_kani=true&JigyosyoCd=1475200232-00&ServiceCd=210&Type=search" }, "geometry": { "type": "Point", "coordinates": [ 139.681368900000052, 35.5568548 ] } },
{ "type": "Feature", "properties": { "内容": "特別養護老人ホーム　等々力【短期入所生活介護】神奈川県川崎市中原区宮内4丁目19番26号", "url2": "https://www.kaigokensaku.mhlw.go.jp/14/index.php?action_kouhyou_detail_004_kani=true&JigyosyoCd=1475200802-00&ServiceCd=210&Type=search" }, "geometry": { "type": "Point", "coordinates": [ 139.645317500000033, 35.5880719 ] } },
{ "type": "Feature", "properties": { "内容": "社会福祉法人春日会　地域密着型特別養護老人ホームいせうら【短期入所生活介護】神奈川県川崎市中原区上平間１２５１－２", "url2": "https://www.kaigokensaku.mhlw.go.jp/14/index.php?action_kouhyou_detail_004_kani=true&JigyosyoCd=1475201990-00&ServiceCd=210&Type=search" }, "geometry": { "type": "Point", "coordinates": [ 139.679210799999964, 35.5567243 ] } },
{ "type": "Feature", "properties": { "内容": "社会福祉法人春日会　地域密着型特別養護老人ホーム　せせらぎ【短期入所生活介護】神奈川県川崎市中原区下小田中6-30-32", "url2": "https://www.kaigokensaku.mhlw.go.jp/14/index.php?action_kouhyou_detail_004_kani=true&JigyosyoCd=1475202089-00&ServiceCd=210&Type=search" }, "geometry": { "type": "Point", "coordinates": [ 139.6389696, 35.5694084 ] } },
{ "type": "Feature", "properties": { "内容": "社会福祉法人セイワ　介護老人福祉施設みやうち【短期入所生活介護】神奈川県川崎市中原区宮内１－２５－１", "url2": "https://www.kaigokensaku.mhlw.go.jp/14/index.php?action_kouhyou_detail_004_kani=true&JigyosyoCd=1475200612-00&ServiceCd=210&Type=search" }, "geometry": { "type": "Point", "coordinates": [ 139.641070200000058, 35.5944209 ] } },
{ "type": "Feature", "properties": { "内容": "ヴィラージュ中原（介護予防）短期入所生活介護【短期入所生活介護】神奈川県川崎市中原区上小田中1-28-55", "url2": "https://www.kaigokensaku.mhlw.go.jp/14/index.php?action_kouhyou_detail_004_kani=true&JigyosyoCd=1475203327-00&ServiceCd=210&Type=search" }, "geometry": { "type": "Point", "coordinates": [ 139.630784300000016, 35.59197519211245 ] } },
{ "type": "Feature", "properties": { "内容": "特別養護老人ホーム　新緑の郷（ユニット）【短期入所生活介護】神奈川県川崎市高津区久末473-14", "url2": "https://www.kaigokensaku.mhlw.go.jp/14/index.php?action_kouhyou_detail_004_kani=true&JigyosyoCd=1475303002-00&ServiceCd=210&Type=search" }, "geometry": { "type": "Point", "coordinates": [ 139.617420433729507, 35.562183527745525 ] } },
{ "type": "Feature", "properties": { "内容": "社会福祉法人セイワ　介護老人福祉施設　すえなが【短期入所生活介護】神奈川県川崎市高津区末長1丁目3番13号", "url2": "https://www.kaigokensaku.mhlw.go.jp/14/index.php?action_kouhyou_detail_004_kani=true&JigyosyoCd=1475300115-00&ServiceCd=210&Type=search" }, "geometry": { "type": "Point", "coordinates": [ 139.608646099999987, 35.5953073 ] } },
{ "type": "Feature", "properties": { "内容": "和楽館ショートステイサービス【短期入所生活介護】神奈川県川崎市高津区千年１４１－２", "url2": "https://www.kaigokensaku.mhlw.go.jp/14/index.php?action_kouhyou_detail_004_kani=true&JigyosyoCd=1475300321-00&ServiceCd=210&Type=search" }, "geometry": { "type": "Point", "coordinates": [ 139.62116530000003, 35.5744132 ] } },
{ "type": "Feature", "properties": { "内容": "おだかの郷　短期入所【短期入所生活介護】神奈川県川崎市高津区末長2-20-20", "url2": "https://www.kaigokensaku.mhlw.go.jp/14/index.php?action_kouhyou_detail_004_kani=true&JigyosyoCd=1475302277-00&ServiceCd=210&Type=search" }, "geometry": { "type": "Point", "coordinates": [ 139.612575857672141, 35.588341985141298 ] } },
{ "type": "Feature", "properties": { "内容": "高津山桜の森【短期入所生活介護】神奈川県川崎市高津区久末1510-10", "url2": "https://www.kaigokensaku.mhlw.go.jp/14/index.php?action_kouhyou_detail_004_kani=true&JigyosyoCd=1475303101-00&ServiceCd=210&Type=search" }, "geometry": { "type": "Point", "coordinates": [ 139.622477512828027, 35.562812350949528 ] } },
{ "type": "Feature", "properties": { "内容": "高津山桜の森／ユニット型【短期入所生活介護】神奈川県川崎市高津区久末1510-10", "url2": "https://www.kaigokensaku.mhlw.go.jp/14/index.php?action_kouhyou_detail_004_kani=true&JigyosyoCd=1475303119-00&ServiceCd=210&Type=search" }, "geometry": { "type": "Point", "coordinates": [ 139.622448115922026, 35.56280781258689 ] } },
{ "type": "Feature", "properties": { "内容": "高津山桜の森ショートステイセンター【短期入所生活介護】神奈川県川崎市高津区久末1510-10", "url2": "https://www.kaigokensaku.mhlw.go.jp/14/index.php?action_kouhyou_detail_004_kani=true&JigyosyoCd=1475303184-00&ServiceCd=210&Type=search" }, "geometry": { "type": "Point", "coordinates": [ 139.622826199999963, 35.5628909 ] } },
{ "type": "Feature", "properties": { "内容": "短期入所生活介護　陽だまりの園【短期入所生活介護】神奈川県川崎市高津区諏訪２－１０－１５", "url2": "https://www.kaigokensaku.mhlw.go.jp/14/index.php?action_kouhyou_detail_004_kani=true&JigyosyoCd=1475300222-00&ServiceCd=210&Type=search" }, "geometry": { "type": "Point", "coordinates": [ 139.628246100000069, 35.6033837 ] } },
{ "type": "Feature", "properties": { "内容": "ショートステイ　ケアサポートたかつ【短期入所生活介護】神奈川県川崎市高津区梶ケ谷6-14-1", "url2": "https://www.kaigokensaku.mhlw.go.jp/14/index.php?action_kouhyou_detail_004_kani=true&JigyosyoCd=1475302533-00&ServiceCd=210&Type=search" }, "geometry": { "type": "Point", "coordinates": [ 139.611632151975982, 35.581570520591406 ] } },
{ "type": "Feature", "properties": { "内容": "特別養護老人ホーム　新緑の郷【短期入所生活介護】神奈川県川崎市高津区久末473番地14", "url2": "https://www.kaigokensaku.mhlw.go.jp/14/index.php?action_kouhyou_detail_004_kani=true&JigyosyoCd=1475302996-00&ServiceCd=210&Type=search" }, "geometry": { "type": "Point", "coordinates": [ 139.617113499999959, 35.5627124 ] } },
{ "type": "Feature", "properties": { "内容": "特別養護老人ホーム　ヴィラージュ川崎（ユニット型）【短期入所生活介護】神奈川県川崎市多摩区宿河原1-18-1", "url2": "https://www.kaigokensaku.mhlw.go.jp/14/index.php?action_kouhyou_detail_004_kani=true&JigyosyoCd=1475402572-00&ServiceCd=210&Type=search" }, "geometry": { "type": "Point", "coordinates": [ 139.577870027647378, 35.618062007445211 ] } },
{ "type": "Feature", "properties": { "内容": "花ハウスすみれ館【短期入所生活介護】神奈川県川崎市多摩区菅馬場３－２１－１", "url2": "https://www.kaigokensaku.mhlw.go.jp/14/index.php?action_kouhyou_detail_004_kani=true&JigyosyoCd=1475401681-00&ServiceCd=210&Type=search" }, "geometry": { "type": "Point", "coordinates": [ 139.532454700000017, 35.6239607 ] } },
{ "type": "Feature", "properties": { "内容": "特別養護老人ホーム生田広場（ユニット型）【短期入所生活介護】神奈川県川崎市多摩区西生田５－２４－２", "url2": "https://www.kaigokensaku.mhlw.go.jp/14/index.php?action_kouhyou_detail_004_kani=true&JigyosyoCd=1475401921-00&ServiceCd=210&Type=search" }, "geometry": { "type": "Point", "coordinates": [ 139.5258627, 35.605687 ] } },
{ "type": "Feature", "properties": { "内容": "特別養護老人ホーム　多摩川の里【短期入所生活介護】神奈川県川崎市多摩区中野島6-13-5", "url2": "https://www.kaigokensaku.mhlw.go.jp/14/index.php?action_kouhyou_detail_004_kani=true&JigyosyoCd=1475400170-00&ServiceCd=210&Type=search" }, "geometry": { "type": "Point", "coordinates": [ 139.5517691, 35.632287 ] } },
{ "type": "Feature", "properties": { "内容": "特別養護老人ホーム　菅の里【短期入所生活介護】神奈川県川崎市多摩区菅北浦３丁目１０番２０号", "url2": "https://www.kaigokensaku.mhlw.go.jp/14/index.php?action_kouhyou_detail_004_kani=true&JigyosyoCd=1475400188-00&ServiceCd=210&Type=search" }, "geometry": { "type": "Point", "coordinates": [ 139.5323237, 35.6314816 ] } },
{ "type": "Feature", "properties": { "内容": "よみうりランド花ハウス【短期入所生活介護】神奈川県川崎市多摩区菅仙谷4-1-4", "url2": "https://www.kaigokensaku.mhlw.go.jp/14/index.php?action_kouhyou_detail_004_kani=true&JigyosyoCd=1475400683-00&ServiceCd=210&Type=search" }, "geometry": { "type": "Point", "coordinates": [ 139.519722600000023, 35.6217665 ] } },
{ "type": "Feature", "properties": { "内容": "短期入所生活介護　太陽の園【短期入所生活介護】神奈川県川崎市多摩区栗谷２－１６－６", "url2": "https://www.kaigokensaku.mhlw.go.jp/14/index.php?action_kouhyou_detail_004_kani=true&JigyosyoCd=1475400212-00&ServiceCd=210&Type=search" }, "geometry": { "type": "Point", "coordinates": [ 139.53460270000005, 35.6075803 ] } },
{ "type": "Feature", "properties": { "内容": "特別養護老人ホーム　生田広場【短期入所生活介護】神奈川県川崎市多摩区西生田５－２４－２", "url2": "https://www.kaigokensaku.mhlw.go.jp/14/index.php?action_kouhyou_detail_004_kani=true&JigyosyoCd=1475401913-00&ServiceCd=210&Type=search" }, "geometry": { "type": "Point", "coordinates": [ 139.524631058196945, 35.605880129361623 ] } },
{ "type": "Feature", "properties": { "内容": "特別養護老人ホームまほろば【短期入所生活介護】神奈川県川崎市多摩区生田1-4-17", "url2": "https://www.kaigokensaku.mhlw.go.jp/14/index.php?action_kouhyou_detail_004_kani=true&JigyosyoCd=1475401996-00&ServiceCd=210&Type=search" }, "geometry": { "type": "Point", "coordinates": [ 139.541706500000032, 35.6261825 ] } },
{ "type": "Feature", "properties": { "内容": "ショートステイ生田まほろば【短期入所生活介護】神奈川県川崎市多摩区生田1丁目4番17号", "url2": "https://www.kaigokensaku.mhlw.go.jp/14/index.php?action_kouhyou_detail_004_kani=true&JigyosyoCd=1475402077-00&ServiceCd=210&Type=search" }, "geometry": { "type": "Point", "coordinates": [ 139.541480759980004, 35.626253290880037 ] } },
{ "type": "Feature", "properties": { "内容": "ヴィラージュ川崎（介護予防）短期入所生活介護【短期入所生活介護】神奈川県川崎市多摩区宿河原1-18-1", "url2": "https://www.kaigokensaku.mhlw.go.jp/14/index.php?action_kouhyou_detail_004_kani=true&JigyosyoCd=1475402580-00&ServiceCd=210&Type=search" }, "geometry": { "type": "Point", "coordinates": [ 139.57761789999995, 35.617918100000011 ] } },
{ "type": "Feature", "properties": { "内容": "パナソニック　エイジフリーケアセンター登戸・ショートステイ【短期入所生活介護】神奈川県川崎市多摩区長尾1-12-8", "url2": "https://www.kaigokensaku.mhlw.go.jp/14/index.php?action_kouhyou_detail_004_kani=true&JigyosyoCd=1475402242-00&ServiceCd=210&Type=search" }, "geometry": { "type": "Point", "coordinates": [ 139.575232, 35.6113463 ] } },
{ "type": "Feature", "properties": { "内容": "シンシア川崎ショートステイ【短期入所生活介護】神奈川県川崎市多摩区菅4丁目12番2号", "url2": "https://www.kaigokensaku.mhlw.go.jp/14/index.php?action_kouhyou_detail_004_kani=true&JigyosyoCd=1475402416-00&ServiceCd=210&Type=search" }, "geometry": { "type": "Point", "coordinates": [ 139.527737570639033, 35.637198566362606 ] } },
{ "type": "Feature", "properties": { "内容": "特別養護老人ホーム　しゅくがわら三清荘【短期入所生活介護】神奈川県川崎市多摩区宿河原６－２０－１９", "url2": "https://www.kaigokensaku.mhlw.go.jp/14/index.php?action_kouhyou_detail_004_kani=true&JigyosyoCd=1475403125-00&ServiceCd=210&Type=search" }, "geometry": { "type": "Point", "coordinates": [ 139.585176, 35.611231 ] } },
{ "type": "Feature", "properties": { "内容": "特別養護老人ホームみかど荘【短期入所生活介護】神奈川県川崎市宮前区野川１４１３", "url2": "https://www.kaigokensaku.mhlw.go.jp/14/index.php?action_kouhyou_detail_004_kani=true&JigyosyoCd=1475500037-00&ServiceCd=210&Type=search" }, "geometry": { "type": "Point", "coordinates": [ 139.61046680000004, 35.5707138 ] } },
{ "type": "Feature", "properties": { "内容": "特別養護老人ホーム　プラチナ・ヴィラ野川【短期入所生活介護】神奈川県川崎市宮前区南野川3丁目23番地2", "url2": "https://www.kaigokensaku.mhlw.go.jp/14/index.php?action_kouhyou_detail_004_kani=true&JigyosyoCd=1475502025-00&ServiceCd=210&Type=search" }, "geometry": { "type": "Point", "coordinates": [ 139.61193415647864, 35.569448839691198 ] } },
{ "type": "Feature", "properties": { "内容": "特別養護老人ホーム　わらく桃の丘【短期入所生活介護】神奈川県川崎市宮前区野川本町3-17-3", "url2": "https://www.kaigokensaku.mhlw.go.jp/14/index.php?action_kouhyou_detail_004_kani=true&JigyosyoCd=1475501530-00&ServiceCd=210&Type=search" }, "geometry": { "type": "Point", "coordinates": [ 139.61907766698755, 35.575586355675711 ] } },
{ "type": "Feature", "properties": { "内容": "社会福祉法人セイワ　介護老人福祉施設鷲ヶ峯【短期入所生活介護】神奈川県川崎市宮前区菅生ヶ丘13-1", "url2": "https://www.kaigokensaku.mhlw.go.jp/14/index.php?action_kouhyou_detail_004_kani=true&JigyosyoCd=1475500177-00&ServiceCd=210&Type=search" }, "geometry": { "type": "Point", "coordinates": [ 139.545427300000028, 35.597107 ] } },
{ "type": "Feature", "properties": { "内容": "短期入所生活介護　富士見プラザ　フォンテーヌ鷺沼【短期入所生活介護】神奈川県川崎市宮前区土橋３－１－６", "url2": "https://www.kaigokensaku.mhlw.go.jp/14/index.php?action_kouhyou_detail_004_kani=true&JigyosyoCd=1475501308-00&ServiceCd=210&Type=search" }, "geometry": { "type": "Point", "coordinates": [ 139.573798, 35.581115 ] } },
{ "type": "Feature", "properties": { "内容": "富士見プラザ短期入所生活介護【短期入所生活介護】神奈川県川崎市宮前区南野川1-8-11", "url2": "https://www.kaigokensaku.mhlw.go.jp/14/index.php?action_kouhyou_detail_004_kani=true&JigyosyoCd=1475500359-00&ServiceCd=210&Type=search" }, "geometry": { "type": "Point", "coordinates": [ 139.5990098, 35.5721774 ] } },
{ "type": "Feature", "properties": { "内容": "短期入所サービス風光【短期入所生活介護】神奈川県川崎市宮前区野川台３丁目７番１号", "url2": "https://www.kaigokensaku.mhlw.go.jp/14/index.php?action_kouhyou_detail_004_kani=true&JigyosyoCd=1475501019-00&ServiceCd=210&Type=search" }, "geometry": { "type": "Point", "coordinates": [ 139.604139600000053, 35.5749437 ] } },
{ "type": "Feature", "properties": { "内容": "特別養護老人ホーム　わらく桃の丘【短期入所生活介護】神奈川県川崎市宮前区野川本町3-17-3", "url2": "https://www.kaigokensaku.mhlw.go.jp/14/index.php?action_kouhyou_detail_004_kani=true&JigyosyoCd=1475501522-00&ServiceCd=210&Type=search" }, "geometry": { "type": "Point", "coordinates": [ 139.619075381835501, 35.575547318914502 ] } },
{ "type": "Feature", "properties": { "内容": "フレンド神木二番館【短期入所生活介護】神奈川県川崎市宮前区神木本町2-15-2", "url2": "https://www.kaigokensaku.mhlw.go.jp/14/index.php?action_kouhyou_detail_004_kani=true&JigyosyoCd=1475501738-00&ServiceCd=210&Type=search" }, "geometry": { "type": "Point", "coordinates": [ 139.583437499999945, 35.601945200000024 ] } },
{ "type": "Feature", "properties": { "内容": "特別養護老人ホーム　フレンド神木【短期入所生活介護】神奈川県川崎市宮前区神木本町5-12-15", "url2": "https://www.kaigokensaku.mhlw.go.jp/14/index.php?action_kouhyou_detail_004_kani=true&JigyosyoCd=1475500938-00&ServiceCd=210&Type=search" }, "geometry": { "type": "Point", "coordinates": [ 139.580537899999968, 35.5996066 ] } },
{ "type": "Feature", "properties": { "内容": "特別養護老人ホーム　プラチナ・ヴィラ野川【短期入所生活介護】神奈川県川崎市宮前区南野川3丁目23番地2", "url2": "https://www.kaigokensaku.mhlw.go.jp/14/index.php?action_kouhyou_detail_004_kani=true&JigyosyoCd=1475502017-00&ServiceCd=210&Type=search" }, "geometry": { "type": "Point", "coordinates": [ 139.612011730780068, 35.569506011880144 ] } },
{ "type": "Feature", "properties": { "内容": "短期入所生活介護　ルピナス王禅寺【短期入所生活介護】神奈川県川崎市麻生区王禅寺東3丁目2-36", "url2": "https://www.kaigokensaku.mhlw.go.jp/14/index.php?action_kouhyou_detail_004_kani=true&JigyosyoCd=1475601918-00&ServiceCd=210&Type=search" }, "geometry": { "type": "Point", "coordinates": [ 139.52200449999998, 35.5880968 ] } },
{ "type": "Feature", "properties": { "内容": "特別養護老人ホーム片平長寿の里（ユニット型）【短期入所生活介護】神奈川県川崎市麻生区片平１８２９", "url2": "https://www.kaigokensaku.mhlw.go.jp/14/index.php?action_kouhyou_detail_004_kani=true&JigyosyoCd=1475601132-00&ServiceCd=210&Type=search" }, "geometry": { "type": "Point", "coordinates": [ 139.484653699999967, 35.5952222 ] } },
{ "type": "Feature", "properties": { "内容": "特別養護老人ホーム　金井原苑【短期入所生活介護】神奈川県川崎市麻生区片平1430", "url2": "https://www.kaigokensaku.mhlw.go.jp/14/index.php?action_kouhyou_detail_004_kani=true&JigyosyoCd=1475600043-00&ServiceCd=210&Type=search" }, "geometry": { "type": "Point", "coordinates": [ 139.479475800000046, 35.6023864 ] } },
{ "type": "Feature", "properties": { "内容": "特別養護老人ホーム　あさおの丘【短期入所生活介護】神奈川県川崎市麻生区栗木台1-12-1", "url2": "https://www.kaigokensaku.mhlw.go.jp/14/index.php?action_kouhyou_detail_004_kani=true&JigyosyoCd=1475600092-00&ServiceCd=210&Type=search" }, "geometry": { "type": "Point", "coordinates": [ 139.476375700000062, 35.6078019 ] } },
{ "type": "Feature", "properties": { "内容": "特別養護老人ホーム　虹の里【短期入所生活介護】神奈川県川崎市麻生区王禅寺９６３－２６", "url2": "https://www.kaigokensaku.mhlw.go.jp/14/index.php?action_kouhyou_detail_004_kani=true&JigyosyoCd=1475600134-00&ServiceCd=210&Type=search" }, "geometry": { "type": "Point", "coordinates": [ 139.523276799999962, 35.5839529 ] } },
{ "type": "Feature", "properties": { "内容": "柿生アルナ園短期入所生活介護事業所【短期入所生活介護】神奈川県川崎市麻生区上麻生５－１９－１０", "url2": "https://www.kaigokensaku.mhlw.go.jp/14/index.php?action_kouhyou_detail_004_kani=true&JigyosyoCd=1475600217-00&ServiceCd=210&Type=search" }, "geometry": { "type": "Point", "coordinates": [ 139.501080499999944, 35.5909198 ] } },
{ "type": "Feature", "properties": { "内容": "特別養護老人ホーム　潮見台みどりの丘【短期入所生活介護】神奈川県川崎市麻生区王禅寺1241-38", "url2": "https://www.kaigokensaku.mhlw.go.jp/14/index.php?action_kouhyou_detail_004_kani=true&JigyosyoCd=1475601033-00&ServiceCd=210&Type=search" }, "geometry": { "type": "Point", "coordinates": [ 139.525768, 35.5918075 ] } },
{ "type": "Feature", "properties": { "内容": "ヴィラージュ虹ヶ丘（介護予防）短期入所生活介護【短期入所生活介護】神奈川県川崎市麻生区虹ヶ丘1丁目22番1-2号", "url2": "https://www.kaigokensaku.mhlw.go.jp/14/index.php?action_kouhyou_detail_004_kani=true&JigyosyoCd=1475601652-00&ServiceCd=210&Type=search" }, "geometry": { "type": "Point", "coordinates": [ 139.520321500000023, 35.580056 ] } },
{ "type": "Feature", "properties": { "内容": "特別養護老人ホーム　みどりの丘【短期入所生活介護】神奈川県川崎市麻生区王禅寺1241-38", "url2": "https://www.kaigokensaku.mhlw.go.jp/14/index.php?action_kouhyou_detail_004_kani=true&JigyosyoCd=1475601926-00&ServiceCd=210&Type=search" }, "geometry": { "type": "Point", "coordinates": [ 139.525768, 35.5918075 ] } },
{ "type": "Feature", "properties": { "内容": "特別養護老人ホーム　レジデンシャル百合ヶ丘【短期入所生活介護】神奈川県川崎市麻生区東百合丘1-12-35", "url2": "https://www.kaigokensaku.mhlw.go.jp/14/index.php?action_kouhyou_detail_004_kani=true&JigyosyoCd=1475602098-00&ServiceCd=210&Type=search" }, "geometry": { "type": "Point", "coordinates": [ 139.525045500000033, 35.6014896 ] } },
{ "type": "Feature", "properties": { "内容": "特別養護老人ホームまごころタウン＊新百合ヶ丘（ユニット型）【短期入所生活介護】神奈川県川崎市麻生区百合丘3丁目15－1", "url2": "https://www.kaigokensaku.mhlw.go.jp/14/index.php?action_kouhyou_detail_004_kani=true&JigyosyoCd=1475602544-00&ServiceCd=210&Type=search" }, "geometry": { "type": "Point", "coordinates": [ 139.5212783, 35.599765600000026 ] } },
{ "type": "Feature", "properties": { "内容": "特別養護老人ホーム片平長寿の里【短期入所生活介護】神奈川県川崎市麻生区片平１８２９", "url2": "https://www.kaigokensaku.mhlw.go.jp/14/index.php?action_kouhyou_detail_004_kani=true&JigyosyoCd=1475601165-00&ServiceCd=210&Type=search" }, "geometry": { "type": "Point", "coordinates": [ 139.484603500000048, 35.595157 ] } },
{ "type": "Feature", "properties": { "内容": "特別養護老人ホーム　青根苑　２号館【短期入所生活介護】神奈川県相模原市緑区青根1728-1", "url2": "https://www.kaigokensaku.mhlw.go.jp/14/index.php?action_kouhyou_detail_004_kani=true&JigyosyoCd=1472605326-00&ServiceCd=210&Type=search" }, "geometry": { "type": "Point", "coordinates": [ 139.128490899999946, 35.5437302 ] } },
{ "type": "Feature", "properties": { "内容": "特別養護老人ホーム　ケアプラザさがみはら【短期入所生活介護】神奈川県相模原市緑区大島２９５番地", "url2": "https://www.kaigokensaku.mhlw.go.jp/14/index.php?action_kouhyou_detail_004_kani=true&JigyosyoCd=1472606159-00&ServiceCd=210&Type=search" }, "geometry": { "type": "Point", "coordinates": [ 139.3164425, 35.5833177 ] } },
{ "type": "Feature", "properties": { "内容": "ボーナビール二本松ケアセンター【短期入所生活介護】神奈川県相模原市緑区二本松2-30-39", "url2": "https://www.kaigokensaku.mhlw.go.jp/14/index.php?action_kouhyou_detail_004_kani=true&JigyosyoCd=1472609633-00&ServiceCd=210&Type=search" }, "geometry": { "type": "Point", "coordinates": [ 139.315453400000024, 35.5913463 ] } },
{ "type": "Feature", "properties": { "内容": "ライフホーム城山【短期入所生活介護】神奈川県相模原市緑区小倉1620", "url2": "https://www.kaigokensaku.mhlw.go.jp/14/index.php?action_kouhyou_detail_004_kani=true&JigyosyoCd=1471700037-00&ServiceCd=210&Type=search" }, "geometry": { "type": "Point", "coordinates": [ 139.307355, 35.5731143 ] } },
{ "type": "Feature", "properties": { "内容": "介護老人福祉施設　旭ヶ丘特別養護老人ホーム【短期入所生活介護】神奈川県相模原市緑区根小屋2363番地2", "url2": "https://www.kaigokensaku.mhlw.go.jp/14/index.php?action_kouhyou_detail_004_kani=true&JigyosyoCd=1471700052-00&ServiceCd=210&Type=search" }, "geometry": { "type": "Point", "coordinates": [ 139.262464899999941, 35.5800898 ] } },
{ "type": "Feature", "properties": { "内容": "銀の館　居宅介護センター【短期入所生活介護】神奈川県相模原市緑区佐野川2575", "url2": "https://www.kaigokensaku.mhlw.go.jp/14/index.php?action_kouhyou_detail_004_kani=true&JigyosyoCd=1471700078-00&ServiceCd=210&Type=search" }, "geometry": { "type": "Point", "coordinates": [ 139.131815700000061, 35.6410528 ] } },
{ "type": "Feature", "properties": { "内容": "ショートステイサービスさがみ湖桂寿苑【短期入所生活介護】神奈川県相模原市緑区寸沢嵐3331", "url2": "https://www.kaigokensaku.mhlw.go.jp/14/index.php?action_kouhyou_detail_004_kani=true&JigyosyoCd=1471700235-00&ServiceCd=210&Type=search" }, "geometry": { "type": "Point", "coordinates": [ 139.198330199999987, 35.6027515 ] } },
{ "type": "Feature", "properties": { "内容": "特別養護老人ホーム　東橋本ひまわりホーム【短期入所生活介護】神奈川県相模原市緑区東橋本4-14-36", "url2": "https://www.kaigokensaku.mhlw.go.jp/14/index.php?action_kouhyou_detail_004_kani=true&JigyosyoCd=1472600723-00&ServiceCd=210&Type=search" }, "geometry": { "type": "Point", "coordinates": [ 139.3576855, 35.598338 ] } },
{ "type": "Feature", "properties": { "内容": "社会福祉法人　久寿会　中の郷【短期入所生活介護】神奈川県相模原市緑区大島1556", "url2": "https://www.kaigokensaku.mhlw.go.jp/14/index.php?action_kouhyou_detail_004_kani=true&JigyosyoCd=1472600830-00&ServiceCd=210&Type=search" }, "geometry": { "type": "Point", "coordinates": [ 139.32347249999998, 35.576 ] } },
{ "type": "Feature", "properties": { "内容": "特別養護老人ホーム　青根苑　1号館【短期入所生活介護】神奈川県相模原市緑区青根1728-1", "url2": "https://www.kaigokensaku.mhlw.go.jp/14/index.php?action_kouhyou_detail_004_kani=true&JigyosyoCd=1472605318-00&ServiceCd=210&Type=search" }, "geometry": { "type": "Point", "coordinates": [ 139.128490899999946, 35.5437302 ] } },
{ "type": "Feature", "properties": { "内容": "特別養護老人ホーム相模湖みどりの丘【短期入所生活介護】神奈川県相模原市緑区寸沢嵐1019-8", "url2": "https://www.kaigokensaku.mhlw.go.jp/14/index.php?action_kouhyou_detail_004_kani=true&JigyosyoCd=1472608031-00&ServiceCd=210&Type=search" }, "geometry": { "type": "Point", "coordinates": [ 139.206771200000048, 35.5981639 ] } },
{ "type": "Feature", "properties": { "内容": "リバーサイド田名ホーム　清流さがみ【短期入所生活介護】神奈川県相模原市中央区田名8511-1", "url2": "https://www.kaigokensaku.mhlw.go.jp/14/index.php?action_kouhyou_detail_004_kani=true&JigyosyoCd=1492601461-00&ServiceCd=210&Type=search" }, "geometry": { "type": "Point", "coordinates": [ 139.347137800000041, 35.536284200000011 ] } },
{ "type": "Feature", "properties": { "内容": "居宅支援センター　泰政園【短期入所生活介護】神奈川県相模原市中央区中央5-3-18", "url2": "https://www.kaigokensaku.mhlw.go.jp/14/index.php?action_kouhyou_detail_004_kani=true&JigyosyoCd=1472600269-00&ServiceCd=210&Type=search" }, "geometry": { "type": "Point", "coordinates": [ 139.364769, 35.5704072 ] } },
{ "type": "Feature", "properties": { "内容": "特別養護老人ホーム　塩田ホーム【短期入所生活介護】神奈川県相模原市中央区田名塩田2-5-24", "url2": "https://www.kaigokensaku.mhlw.go.jp/14/index.php?action_kouhyou_detail_004_kani=true&JigyosyoCd=1472600657-00&ServiceCd=210&Type=search" }, "geometry": { "type": "Point", "coordinates": [ 139.356845799999974, 35.534939 ] } },
{ "type": "Feature", "properties": { "内容": "リバーサイド田名ホーム短期入所施設【短期入所生活介護】神奈川県相模原市中央区田名8512-1", "url2": "https://www.kaigokensaku.mhlw.go.jp/14/index.php?action_kouhyou_detail_004_kani=true&JigyosyoCd=1472600806-00&ServiceCd=210&Type=search" }, "geometry": { "type": "Point", "coordinates": [ 139.346780200000012, 35.5363611 ] } },
{ "type": "Feature", "properties": { "内容": "特別養護老人ホーム縁ＪＯＹ【短期入所生活介護】神奈川県相模原市中央区田名7691番地1", "url2": "https://www.kaigokensaku.mhlw.go.jp/14/index.php?action_kouhyou_detail_004_kani=true&JigyosyoCd=1472604147-00&ServiceCd=210&Type=search" }, "geometry": { "type": "Point", "coordinates": [ 139.345618899999977, 35.5457651 ] } },
{ "type": "Feature", "properties": { "内容": "特別養護老人ホーム　塩田ホーム（ユニット型）【短期入所生活介護】神奈川県相模原市中央区田名塩田2-5-24特別養護老人ホーム　塩田ホーム", "url2": "https://www.kaigokensaku.mhlw.go.jp/14/index.php?action_kouhyou_detail_004_kani=true&JigyosyoCd=1472605904-00&ServiceCd=210&Type=search" }, "geometry": { "type": "Point", "coordinates": [ 139.356845799999974, 35.534939 ] } },
{ "type": "Feature", "properties": { "内容": "特別養護老人ホーム　大野北誠心園【短期入所生活介護】神奈川県相模原市中央区東淵野辺5-24-13大野北誠心園", "url2": "https://www.kaigokensaku.mhlw.go.jp/14/index.php?action_kouhyou_detail_004_kani=true&JigyosyoCd=1472607843-00&ServiceCd=210&Type=search" }, "geometry": { "type": "Point", "coordinates": [ 139.406643300000042, 35.5611488 ] } },
{ "type": "Feature", "properties": { "内容": "リバーサイド田名ホーム清流さがみ【短期入所生活介護】神奈川県相模原市中央区田名8511-1", "url2": "https://www.kaigokensaku.mhlw.go.jp/14/index.php?action_kouhyou_detail_004_kani=true&JigyosyoCd=1472610151-00&ServiceCd=210&Type=search" }, "geometry": { "type": "Point", "coordinates": [ 139.347137800000041, 35.536284200000011 ] } },
{ "type": "Feature", "properties": { "内容": "エスケアステーション相模原中央ショートステイ【短期入所生活介護】神奈川県相模原市中央区淵野辺本町二丁目7番9号", "url2": "https://www.kaigokensaku.mhlw.go.jp/14/index.php?action_kouhyou_detail_004_kani=true&JigyosyoCd=1472606969-00&ServiceCd=210&Type=search" }, "geometry": { "type": "Point", "coordinates": [ 139.4007712, 35.5730999 ] } },
{ "type": "Feature", "properties": { "内容": "社会福祉法人　上溝緑寿会　コスモスセンター【短期入所生活介護】神奈川県相模原市中央区上溝５４２３－５", "url2": "https://www.kaigokensaku.mhlw.go.jp/14/index.php?action_kouhyou_detail_004_kani=true&JigyosyoCd=1472600020-00&ServiceCd=210&Type=search" }, "geometry": { "type": "Point", "coordinates": [ 139.366652599999952, 35.5545766 ] } },
{ "type": "Feature", "properties": { "内容": "短期入所生活介護事業所　はあとぴあ【短期入所生活介護】神奈川県相模原市中央区清新7丁目4番1号", "url2": "https://www.kaigokensaku.mhlw.go.jp/14/index.php?action_kouhyou_detail_004_kani=true&JigyosyoCd=1472600772-00&ServiceCd=210&Type=search" }, "geometry": { "type": "Point", "coordinates": [ 139.36422170000003, 35.5737399 ] } },
{ "type": "Feature", "properties": { "内容": "ショートステイマナーハウス横山台【短期入所生活介護】神奈川県相模原市中央区横山台１－２８－３", "url2": "https://www.kaigokensaku.mhlw.go.jp/14/index.php?action_kouhyou_detail_004_kani=true&JigyosyoCd=1472606696-00&ServiceCd=210&Type=search" }, "geometry": { "type": "Point", "coordinates": [ 139.356142201852435, 35.567691585229603 ] } },
{ "type": "Feature", "properties": { "内容": "特別養護老人ホーム　しょうじゅの里相模原【短期入所生活介護】神奈川県相模原市中央区すすきの町22-12", "url2": "https://www.kaigokensaku.mhlw.go.jp/14/index.php?action_kouhyou_detail_004_kani=true&JigyosyoCd=1472611407-00&ServiceCd=210&Type=search" }, "geometry": { "type": "Point", "coordinates": [ 139.368963900000011, 35.5895172 ] } },
{ "type": "Feature", "properties": { "内容": "ずっと我が家　上溝本町【短期入所生活介護】神奈川県相模原市中央区上溝6-2-22", "url2": "https://www.kaigokensaku.mhlw.go.jp/14/index.php?action_kouhyou_detail_004_kani=true&JigyosyoCd=1472607108-00&ServiceCd=210&Type=search" }, "geometry": { "type": "Point", "coordinates": [ 139.35723130185238, 35.556583153800275 ] } },
{ "type": "Feature", "properties": { "内容": "アズハイムテラス相模原【短期入所生活介護】神奈川県相模原市中央区横山4-23-27", "url2": "https://www.kaigokensaku.mhlw.go.jp/14/index.php?action_kouhyou_detail_004_kani=true&JigyosyoCd=1472609005-00&ServiceCd=210&Type=search" }, "geometry": { "type": "Point", "coordinates": [ 139.361562995925027, 35.566943224910865 ] } },
{ "type": "Feature", "properties": { "内容": "セントケア相模原ちよだ【短期入所生活介護】神奈川県相模原市中央区千代田3-12-13", "url2": "https://www.kaigokensaku.mhlw.go.jp/14/index.php?action_kouhyou_detail_004_kani=true&JigyosyoCd=1472608411-00&ServiceCd=210&Type=search" }, "geometry": { "type": "Point", "coordinates": [ 139.3760403, 35.565463 ] } },
{ "type": "Feature", "properties": { "内容": "老人短期入所施設　みたけ【短期入所生活介護】神奈川県相模原市中央区下九沢980", "url2": "https://www.kaigokensaku.mhlw.go.jp/14/index.php?action_kouhyou_detail_004_kani=true&JigyosyoCd=1472601853-00&ServiceCd=210&Type=search" }, "geometry": { "type": "Point", "coordinates": [ 139.345678899999939, 35.5744324 ] } },
{ "type": "Feature", "properties": { "内容": "シルバータウン相模原特別養護老人ホーム【短期入所生活介護】神奈川県相模原市南区大野台５－１３－７", "url2": "https://www.kaigokensaku.mhlw.go.jp/14/index.php?action_kouhyou_detail_004_kani=true&JigyosyoCd=1472600616-00&ServiceCd=210&Type=search" }, "geometry": { "type": "Point", "coordinates": [ 139.408954499999936, 35.5504059 ] } },
{ "type": "Feature", "properties": { "内容": "特別養護老人ホーム幸園【短期入所生活介護】神奈川県相模原市南区相模大野9-12-22", "url2": "https://www.kaigokensaku.mhlw.go.jp/14/index.php?action_kouhyou_detail_004_kani=true&JigyosyoCd=1472600863-00&ServiceCd=210&Type=search" }, "geometry": { "type": "Point", "coordinates": [ 139.440230437434366, 35.526485494897287 ] } },
{ "type": "Feature", "properties": { "内容": "アリビオこぶち壱番館【短期入所生活介護】神奈川県相模原市南区大野台六丁目１０番１５号", "url2": "https://www.kaigokensaku.mhlw.go.jp/14/index.php?action_kouhyou_detail_004_kani=true&JigyosyoCd=1472603065-00&ServiceCd=210&Type=search" }, "geometry": { "type": "Point", "coordinates": [ 139.415395499999931, 35.5516749 ] } },
{ "type": "Feature", "properties": { "内容": "特別養護老人ホーム　りんどう麻溝【短期入所生活介護】神奈川県相模原市南区麻溝台5－9－30", "url2": "https://www.kaigokensaku.mhlw.go.jp/14/index.php?action_kouhyou_detail_004_kani=true&JigyosyoCd=1472605128-00&ServiceCd=210&Type=search" }, "geometry": { "type": "Point", "coordinates": [ 139.407680199999959, 35.5297373 ] } },
{ "type": "Feature", "properties": { "内容": "シルバータウン相模原特別養護老人ホーム(ユニット）【短期入所生活介護】神奈川県相模原市南区大野台5-13-7", "url2": "https://www.kaigokensaku.mhlw.go.jp/14/index.php?action_kouhyou_detail_004_kani=true&JigyosyoCd=1472605953-00&ServiceCd=210&Type=search" }, "geometry": { "type": "Point", "coordinates": [ 139.409165600000051, 35.5499726 ] } },
{ "type": "Feature", "properties": { "内容": "ショートステイ大野台幸園【短期入所生活介護】神奈川県相模原市南区大野台3-14-11", "url2": "https://www.kaigokensaku.mhlw.go.jp/14/index.php?action_kouhyou_detail_004_kani=true&JigyosyoCd=1472606670-00&ServiceCd=210&Type=search" }, "geometry": { "type": "Point", "coordinates": [ 139.398269199999959, 35.554200100000017 ] } },
{ "type": "Feature", "properties": { "内容": "特別養護老人ホーム　相模原すみれ園短期入所生活介護【短期入所生活介護】神奈川県相模原市南区東大沼3-29-47-1", "url2": "https://www.kaigokensaku.mhlw.go.jp/14/index.php?action_kouhyou_detail_004_kani=true&JigyosyoCd=1472607231-00&ServiceCd=210&Type=search" }, "geometry": { "type": "Point", "coordinates": [ 139.417768853581265, 35.538939238555294 ] } },
{ "type": "Feature", "properties": { "内容": "介護老人福祉施設　ラペ相模原【短期入所生活介護】神奈川県相模原市南区当麻３５３９－１", "url2": "https://www.kaigokensaku.mhlw.go.jp/14/index.php?action_kouhyou_detail_004_kani=true&JigyosyoCd=1472607397-00&ServiceCd=210&Type=search" }, "geometry": { "type": "Point", "coordinates": [ 139.368030840722696, 35.521507960990355 ] } },
{ "type": "Feature", "properties": { "内容": "居宅サービスセンター　モモ【短期入所生活介護】神奈川県相模原市南区鵜野森1-22-17", "url2": "https://www.kaigokensaku.mhlw.go.jp/14/index.php?action_kouhyou_detail_004_kani=true&JigyosyoCd=1472600301-00&ServiceCd=210&Type=search" }, "geometry": { "type": "Point", "coordinates": [ 139.429598920237709, 35.546376641549962 ] } },
{ "type": "Feature", "properties": { "内容": "あさみぞホーム　特別養護老人ホーム【短期入所生活介護】神奈川県相模原市南区下溝２３０５番地", "url2": "https://www.kaigokensaku.mhlw.go.jp/14/index.php?action_kouhyou_detail_004_kani=true&JigyosyoCd=1472600624-00&ServiceCd=210&Type=search" }, "geometry": { "type": "Point", "coordinates": [ 139.380816947221291, 35.538837390940458 ] } },
{ "type": "Feature", "properties": { "内容": "特別養護老人ホームグレープの里【短期入所生活介護】神奈川県相模原市南区西大沼5-4-20", "url2": "https://www.kaigokensaku.mhlw.go.jp/14/index.php?action_kouhyou_detail_004_kani=true&JigyosyoCd=1472600731-00&ServiceCd=210&Type=search" }, "geometry": { "type": "Point", "coordinates": [ 139.413349, 35.5366965 ] } },
{ "type": "Feature", "properties": { "内容": "特別養護老人ホーム　東林間シニアクラブ【短期入所生活介護】神奈川県相模原市南区上鶴間6-6-1", "url2": "https://www.kaigokensaku.mhlw.go.jp/14/index.php?action_kouhyou_detail_004_kani=true&JigyosyoCd=1472600749-00&ServiceCd=210&Type=search" }, "geometry": { "type": "Point", "coordinates": [ 139.4428967, 35.5235711 ] } },
{ "type": "Feature", "properties": { "内容": "相陽台ホーム【短期入所生活介護】神奈川県相模原市南区下溝4303", "url2": "https://www.kaigokensaku.mhlw.go.jp/14/index.php?action_kouhyou_detail_004_kani=true&JigyosyoCd=1472605532-00&ServiceCd=210&Type=search" }, "geometry": { "type": "Point", "coordinates": [ 139.386779499999989, 35.5235119 ] } },
{ "type": "Feature", "properties": { "内容": "ショートステイ　ピノ【短期入所生活介護】神奈川県相模原市南区鵜野森1-15-12", "url2": "https://www.kaigokensaku.mhlw.go.jp/14/index.php?action_kouhyou_detail_004_kani=true&JigyosyoCd=1472606654-00&ServiceCd=210&Type=search" }, "geometry": { "type": "Point", "coordinates": [ 139.430732363368179, 35.54388249953719 ] } },
{ "type": "Feature", "properties": { "内容": "ショートステイマナーハウス麻溝台【短期入所生活介護】神奈川県相模原市南区下溝３０１８番地", "url2": "https://www.kaigokensaku.mhlw.go.jp/14/index.php?action_kouhyou_detail_004_kani=true&JigyosyoCd=1472609245-00&ServiceCd=210&Type=search" }, "geometry": { "type": "Point", "coordinates": [ 139.38940649999995, 35.540947099999983 ] } },
{ "type": "Feature", "properties": { "内容": "特別養護老人ホーム太陽の家相模原清菊園【短期入所生活介護】神奈川県相模原市南区上鶴間7丁目20番5号", "url2": "https://www.kaigokensaku.mhlw.go.jp/14/index.php?action_kouhyou_detail_004_kani=true&JigyosyoCd=1472611472-00&ServiceCd=210&Type=search" }, "geometry": { "type": "Point", "coordinates": [ 139.4438203, 35.517828 ] } },
{ "type": "Feature", "properties": { "内容": "はなさか【短期入所生活介護】神奈川県相模原市南区磯部4363番特別養護老人ホーム　はなさか", "url2": "https://www.kaigokensaku.mhlw.go.jp/14/index.php?action_kouhyou_detail_004_kani=true&JigyosyoCd=1472606019-00&ServiceCd=210&Type=search" }, "geometry": { "type": "Point", "coordinates": [ 139.390854499999932, 35.5110477 ] } },
{ "type": "Feature", "properties": { "内容": "特別養護老人ホーム　相模原敬寿園【短期入所生活介護】神奈川県相模原市南区磯部4507-1", "url2": "https://www.kaigokensaku.mhlw.go.jp/14/index.php?action_kouhyou_detail_004_kani=true&JigyosyoCd=1472606027-00&ServiceCd=210&Type=search" }, "geometry": { "type": "Point", "coordinates": [ 139.3911266, 35.5146247 ] } },
{ "type": "Feature", "properties": { "内容": "衣笠ホーム短期入所生活介護事業所【短期入所生活介護】神奈川県横須賀市芦名２－４－１", "url2": "https://www.kaigokensaku.mhlw.go.jp/14/index.php?action_kouhyou_detail_004_kani=true&JigyosyoCd=1471900041-00&ServiceCd=210&Type=search" }, "geometry": { "type": "Point", "coordinates": [ 139.617429899999934, 35.2320377 ] } },
{ "type": "Feature", "properties": { "内容": "高齢者総合福祉センターヒューマン【短期入所生活介護】神奈川県横須賀市佐島3-12-15", "url2": "https://www.kaigokensaku.mhlw.go.jp/14/index.php?action_kouhyou_detail_004_kani=true&JigyosyoCd=1471900132-00&ServiceCd=210&Type=search" }, "geometry": { "type": "Point", "coordinates": [ 139.604763899999966, 35.2287405 ] } },
{ "type": "Feature", "properties": { "内容": "横須賀グリーンヒルケアセンター【短期入所生活介護】神奈川県横須賀市大矢部1丁目9番30号", "url2": "https://www.kaigokensaku.mhlw.go.jp/14/index.php?action_kouhyou_detail_004_kani=true&JigyosyoCd=1471900165-00&ServiceCd=210&Type=search" }, "geometry": { "type": "Point", "coordinates": [ 139.66892027116387, 35.242333123546338 ] } },
{ "type": "Feature", "properties": { "内容": "サニーヒル横須賀【短期入所生活介護】神奈川県横須賀市長井６－２１－７", "url2": "https://www.kaigokensaku.mhlw.go.jp/14/index.php?action_kouhyou_detail_004_kani=true&JigyosyoCd=1471900264-00&ServiceCd=210&Type=search" }, "geometry": { "type": "Point", "coordinates": [ 139.608908199999973, 35.1951086 ] } },
{ "type": "Feature", "properties": { "内容": "特別養護老人ホーム　やまびこ荘【短期入所生活介護】神奈川県横須賀市武３－３９－２", "url2": "https://www.kaigokensaku.mhlw.go.jp/14/index.php?action_kouhyou_detail_004_kani=true&JigyosyoCd=1471900595-00&ServiceCd=210&Type=search" }, "geometry": { "type": "Point", "coordinates": [ 139.64876060000006, 35.2212724 ] } },
{ "type": "Feature", "properties": { "内容": "横須賀愛光園　短期入所事業【短期入所生活介護】神奈川県横須賀市武3-39-1", "url2": "https://www.kaigokensaku.mhlw.go.jp/14/index.php?action_kouhyou_detail_004_kani=true&JigyosyoCd=1471900710-00&ServiceCd=210&Type=search" }, "geometry": { "type": "Point", "coordinates": [ 139.64872170000001, 35.2207586 ] } },
{ "type": "Feature", "properties": { "内容": "愛加那【短期入所生活介護】神奈川県横須賀市津久井４－１９－１１", "url2": "https://www.kaigokensaku.mhlw.go.jp/14/index.php?action_kouhyou_detail_004_kani=true&JigyosyoCd=1471900801-00&ServiceCd=210&Type=search" }, "geometry": { "type": "Point", "coordinates": [ 139.664370700000063, 35.1986721 ] } },
{ "type": "Feature", "properties": { "内容": "横須賀椿園ケアセンター【短期入所生活介護】神奈川県横須賀市太田和2-3-21", "url2": "https://www.kaigokensaku.mhlw.go.jp/14/index.php?action_kouhyou_detail_004_kani=true&JigyosyoCd=1471900827-00&ServiceCd=210&Type=search" }, "geometry": { "type": "Point", "coordinates": [ 139.632142599999952, 35.223611 ] } },
{ "type": "Feature", "properties": { "内容": "共楽荘短期入所生活介護福祉サービスセンター【短期入所生活介護】神奈川県横須賀市衣笠栄町4-14", "url2": "https://www.kaigokensaku.mhlw.go.jp/14/index.php?action_kouhyou_detail_004_kani=true&JigyosyoCd=1471900959-00&ServiceCd=210&Type=search" }, "geometry": { "type": "Point", "coordinates": [ 139.655962700000032, 35.2637375 ] } },
{ "type": "Feature", "properties": { "内容": "恵徳苑短期入所生活介護サービス【短期入所生活介護】神奈川県横須賀市日の出町1-9-1", "url2": "https://www.kaigokensaku.mhlw.go.jp/14/index.php?action_kouhyou_detail_004_kani=true&JigyosyoCd=1471901163-00&ServiceCd=210&Type=search" }, "geometry": { "type": "Point", "coordinates": [ 139.675012838450584, 35.280729880069863 ] } },
{ "type": "Feature", "properties": { "内容": "ショートステイみうら富士【短期入所生活介護】神奈川県横須賀市長沢6-45-6", "url2": "https://www.kaigokensaku.mhlw.go.jp/14/index.php?action_kouhyou_detail_004_kani=true&JigyosyoCd=1471901361-00&ServiceCd=210&Type=search" }, "geometry": { "type": "Point", "coordinates": [ 139.668253400000026, 35.220764100000018 ] } },
{ "type": "Feature", "properties": { "内容": "横須賀老人ホーム　かなえるショートステイサービス【短期入所生活介護】神奈川県横須賀市野比５－５－６", "url2": "https://www.kaigokensaku.mhlw.go.jp/14/index.php?action_kouhyou_detail_004_kani=true&JigyosyoCd=1471901551-00&ServiceCd=210&Type=search" }, "geometry": { "type": "Point", "coordinates": [ 139.706681099999969, 35.2120009 ] } },
{ "type": "Feature", "properties": { "内容": "シャローム短期入所センター【短期入所生活介護】神奈川県横須賀市走水1丁目35番地", "url2": "https://www.kaigokensaku.mhlw.go.jp/14/index.php?action_kouhyou_detail_004_kani=true&JigyosyoCd=1471901874-00&ServiceCd=210&Type=search" }, "geometry": { "type": "Point", "coordinates": [ 139.727956400000039, 35.2630731 ] } },
{ "type": "Feature", "properties": { "内容": "太陽の家二番館　短期入所サービスセンター【短期入所生活介護】神奈川県横須賀市西浦賀６－1－2", "url2": "https://www.kaigokensaku.mhlw.go.jp/14/index.php?action_kouhyou_detail_004_kani=true&JigyosyoCd=1471902906-00&ServiceCd=210&Type=search" }, "geometry": { "type": "Point", "coordinates": [ 139.724634499999979, 35.2313044 ] } },
{ "type": "Feature", "properties": { "内容": "ショートステイ　TAKE【短期入所生活介護】神奈川県横須賀市長坂3-10-55", "url2": "https://www.kaigokensaku.mhlw.go.jp/14/index.php?action_kouhyou_detail_004_kani=true&JigyosyoCd=1471905099-00&ServiceCd=210&Type=search" }, "geometry": { "type": "Point", "coordinates": [ 139.624904302516143, 35.22612669911927 ] } },
{ "type": "Feature", "properties": { "内容": "ショートステイ　ケアサポートよこすか【短期入所生活介護】神奈川県横須賀市佐原5丁目25番23号", "url2": "https://www.kaigokensaku.mhlw.go.jp/14/index.php?action_kouhyou_detail_004_kani=true&JigyosyoCd=1471905867-00&ServiceCd=210&Type=search" }, "geometry": { "type": "Point", "coordinates": [ 139.692306700000017, 35.2335098 ] } },
{ "type": "Feature", "properties": { "内容": "横須賀あじさい園　ショ－トステイセンタ－【短期入所生活介護】神奈川県横須賀市粟田2-20-1", "url2": "https://www.kaigokensaku.mhlw.go.jp/14/index.php?action_kouhyou_detail_004_kani=true&JigyosyoCd=1471901791-00&ServiceCd=210&Type=search" }, "geometry": { "type": "Point", "coordinates": [ 139.68229274774626, 35.225922264215299 ] } },
{ "type": "Feature", "properties": { "内容": "特別養護老人ホーム(短期入所）　塚山ホーム【短期入所生活介護】神奈川県横須賀市吉倉町2-24-1", "url2": "https://www.kaigokensaku.mhlw.go.jp/14/index.php?action_kouhyou_detail_004_kani=true&JigyosyoCd=1471901817-00&ServiceCd=210&Type=search" }, "geometry": { "type": "Point", "coordinates": [ 139.644955699999969, 35.2829162 ] } },
{ "type": "Feature", "properties": { "内容": "特別養護老人ホーム　興寿苑　短期入所生活介護事業所【短期入所生活介護】神奈川県横須賀市池上6-5-21", "url2": "https://www.kaigokensaku.mhlw.go.jp/14/index.php?action_kouhyou_detail_004_kani=true&JigyosyoCd=1471902195-00&ServiceCd=210&Type=search" }, "geometry": { "type": "Point", "coordinates": [ 139.638286500000049, 35.2647759 ] } },
{ "type": "Feature", "properties": { "内容": "太陽の家　短期入所サービスセンター【短期入所生活介護】神奈川県横須賀市西浦賀６丁目１番１号", "url2": "https://www.kaigokensaku.mhlw.go.jp/14/index.php?action_kouhyou_detail_004_kani=true&JigyosyoCd=1471902617-00&ServiceCd=210&Type=search" }, "geometry": { "type": "Point", "coordinates": [ 139.723565099999973, 35.2324765 ] } },
{ "type": "Feature", "properties": { "内容": "さくらの里山科【短期入所生活介護】神奈川県横須賀市太田和5-86-1", "url2": "https://www.kaigokensaku.mhlw.go.jp/14/index.php?action_kouhyou_detail_004_kani=true&JigyosyoCd=1471904613-00&ServiceCd=210&Type=search" }, "geometry": { "type": "Point", "coordinates": [ 139.650715900000023, 35.2318322 ] } },
{ "type": "Feature", "properties": { "内容": "介護老人福祉施設　玉成苑【短期入所生活介護】神奈川県横須賀市長浦町5-80-1", "url2": "https://www.kaigokensaku.mhlw.go.jp/14/index.php?action_kouhyou_detail_004_kani=true&JigyosyoCd=1471904621-00&ServiceCd=210&Type=search" }, "geometry": { "type": "Point", "coordinates": [ 139.639423099999931, 35.2900517 ] } },
{ "type": "Feature", "properties": { "内容": "特別養護老人ホームゆうあいの郷衣笠【短期入所生活介護】神奈川県横須賀市衣笠町４４－７", "url2": "https://www.kaigokensaku.mhlw.go.jp/14/index.php?action_kouhyou_detail_004_kani=true&JigyosyoCd=1471904670-00&ServiceCd=210&Type=search" }, "geometry": { "type": "Point", "coordinates": [ 139.661265, 35.2376954 ] } },
{ "type": "Feature", "properties": { "内容": "パナソニック　エイジフリーケアセンター横須賀佐原ショートステイ【短期入所生活介護】神奈川県横須賀市佐原1-11-5", "url2": "https://www.kaigokensaku.mhlw.go.jp/14/index.php?action_kouhyou_detail_004_kani=true&JigyosyoCd=1471907780-00&ServiceCd=210&Type=search" }, "geometry": { "type": "Point", "coordinates": [ 139.6791016, 35.2404804 ] } },
{ "type": "Feature", "properties": { "内容": "湘南ホーム　ショートステイ【短期入所生活介護】神奈川県横須賀市太田和５丁目５００番地", "url2": "https://www.kaigokensaku.mhlw.go.jp/14/index.php?action_kouhyou_detail_004_kani=true&JigyosyoCd=1471907970-00&ServiceCd=210&Type=search" }, "geometry": { "type": "Point", "coordinates": [ 139.645668, 35.2310012 ] } },
{ "type": "Feature", "properties": { "内容": "特別養護老人ホームれんげの郷アネックス【短期入所生活介護】神奈川県平塚市公所464-1", "url2": "https://www.kaigokensaku.mhlw.go.jp/14/index.php?action_kouhyou_detail_004_kani=true&JigyosyoCd=1472002698-00&ServiceCd=210&Type=search" }, "geometry": { "type": "Point", "coordinates": [ 139.302788700000065, 35.3477641 ] } },
{ "type": "Feature", "properties": { "内容": "高齢者福祉総合施設　豊田敬愛ホーム【短期入所生活介護】神奈川県平塚市南豊田85番1", "url2": "https://www.kaigokensaku.mhlw.go.jp/14/index.php?action_kouhyou_detail_004_kani=true&JigyosyoCd=1472000213-00&ServiceCd=210&Type=search" }, "geometry": { "type": "Point", "coordinates": [ 139.3268392, 35.3551052 ] } },
{ "type": "Feature", "properties": { "内容": "平塚特別養護老人ホーム【短期入所生活介護】神奈川県平塚市御殿２－１７－４２", "url2": "https://www.kaigokensaku.mhlw.go.jp/14/index.php?action_kouhyou_detail_004_kani=true&JigyosyoCd=1472000221-00&ServiceCd=210&Type=search" }, "geometry": { "type": "Point", "coordinates": [ 139.326694800000041, 35.344748 ] } },
{ "type": "Feature", "properties": { "内容": "ローズヒル【短期入所生活介護】神奈川県平塚市土屋2198-7", "url2": "https://www.kaigokensaku.mhlw.go.jp/14/index.php?action_kouhyou_detail_004_kani=true&JigyosyoCd=1472000239-00&ServiceCd=210&Type=search" }, "geometry": { "type": "Point", "coordinates": [ 139.270763799999941, 35.3463637 ] } },
{ "type": "Feature", "properties": { "内容": "平塚富士白苑　指定居宅介護支援センター【短期入所生活介護】神奈川県平塚市唐ケ原１", "url2": "https://www.kaigokensaku.mhlw.go.jp/14/index.php?action_kouhyou_detail_004_kani=true&JigyosyoCd=1472000304-00&ServiceCd=210&Type=search" }, "geometry": { "type": "Point", "coordinates": [ 139.329520499999944, 35.3141878 ] } },
{ "type": "Feature", "properties": { "内容": "平塚養護老人ホーム【短期入所生活介護】神奈川県平塚市御殿2-17-42", "url2": "https://www.kaigokensaku.mhlw.go.jp/14/index.php?action_kouhyou_detail_004_kani=true&JigyosyoCd=1472000353-00&ServiceCd=210&Type=search" }, "geometry": { "type": "Point", "coordinates": [ 139.326694800000041, 35.344748 ] } },
{ "type": "Feature", "properties": { "内容": "特別養護老人ホームふじの郷【短期入所生活介護】神奈川県平塚市大島190番地", "url2": "https://www.kaigokensaku.mhlw.go.jp/14/index.php?action_kouhyou_detail_004_kani=true&JigyosyoCd=1472001880-00&ServiceCd=210&Type=search" }, "geometry": { "type": "Point", "coordinates": [ 139.338071, 35.375778 ] } },
{ "type": "Feature", "properties": { "内容": "高齢者福祉総合施設　豊田敬愛ホーム　ユニット【短期入所生活介護】神奈川県平塚市南豊田85番1", "url2": "https://www.kaigokensaku.mhlw.go.jp/14/index.php?action_kouhyou_detail_004_kani=true&JigyosyoCd=1472002623-00&ServiceCd=210&Type=search" }, "geometry": { "type": "Point", "coordinates": [ 139.3268392, 35.3551052 ] } },
{ "type": "Feature", "properties": { "内容": "わしんち元気・平塚【短期入所生活介護】神奈川県平塚市片岡833-10", "url2": "https://www.kaigokensaku.mhlw.go.jp/14/index.php?action_kouhyou_detail_004_kani=true&JigyosyoCd=1472003142-00&ServiceCd=210&Type=search" }, "geometry": { "type": "Point", "coordinates": [ 139.299341799999979, 35.3581821 ] } },
{ "type": "Feature", "properties": { "内容": "エスケアステーション平塚　ショートステイ【短期入所生活介護】神奈川県平塚市桜ケ丘1番17号", "url2": "https://www.kaigokensaku.mhlw.go.jp/14/index.php?action_kouhyou_detail_004_kani=true&JigyosyoCd=1472003159-00&ServiceCd=210&Type=search" }, "geometry": { "type": "Point", "coordinates": [ 140.123275700000022, 35.9088024 ] } },
{ "type": "Feature", "properties": { "内容": "あずみ苑平塚【短期入所生活介護】神奈川県平塚市岡崎5898-5", "url2": "https://www.kaigokensaku.mhlw.go.jp/14/index.php?action_kouhyou_detail_004_kani=true&JigyosyoCd=1472004033-00&ServiceCd=210&Type=search" }, "geometry": { "type": "Point", "coordinates": [ 139.306838199999987, 35.3770131 ] } },
{ "type": "Feature", "properties": { "内容": "特別養護老人ホーム　あしたば【短期入所生活介護】神奈川県平塚市真田２－７－２１", "url2": "https://www.kaigokensaku.mhlw.go.jp/14/index.php?action_kouhyou_detail_004_kani=true&JigyosyoCd=1472004371-00&ServiceCd=210&Type=search" }, "geometry": { "type": "Point", "coordinates": [ 139.2835738, 35.3722852 ] } },
{ "type": "Feature", "properties": { "内容": "ローズヒル東八幡ショートステイ【短期入所生活介護】神奈川県平塚市東八幡4-19-14", "url2": "https://www.kaigokensaku.mhlw.go.jp/14/index.php?action_kouhyou_detail_004_kani=true&JigyosyoCd=1472004439-00&ServiceCd=210&Type=search" }, "geometry": { "type": "Point", "coordinates": [ 139.359566500000028, 35.3507116 ] } },
{ "type": "Feature", "properties": { "内容": "平塚ケアセンターそよ風【短期入所生活介護】神奈川県平塚市西八幡１－６－２７", "url2": "https://www.kaigokensaku.mhlw.go.jp/14/index.php?action_kouhyou_detail_004_kani=true&JigyosyoCd=1472004652-00&ServiceCd=210&Type=search" }, "geometry": { "type": "Point", "coordinates": [ 139.350168399999973, 35.341115599999981 ] } },
{ "type": "Feature", "properties": { "内容": "ショートステイ　輝煌の郷【短期入所生活介護】神奈川県平塚市菫平１６－１０特別養護老人ホーム輝煌の郷", "url2": "https://www.kaigokensaku.mhlw.go.jp/14/index.php?action_kouhyou_detail_004_kani=true&JigyosyoCd=1472004751-00&ServiceCd=210&Type=search" }, "geometry": { "type": "Point", "coordinates": [ 139.341578276721208, 35.318114295941008 ] } },
{ "type": "Feature", "properties": { "内容": "特別養護老人ホーム　陽だまりの丘【短期入所生活介護】神奈川県平塚市岡崎4015-1", "url2": "https://www.kaigokensaku.mhlw.go.jp/14/index.php?action_kouhyou_detail_004_kani=true&JigyosyoCd=1472001914-00&ServiceCd=210&Type=search" }, "geometry": { "type": "Point", "coordinates": [ 139.310429744488488, 35.371294331684595 ] } },
{ "type": "Feature", "properties": { "内容": "高根台ホーム【短期入所生活介護】神奈川県平塚市万田三丁目18番10号", "url2": "https://www.kaigokensaku.mhlw.go.jp/14/index.php?action_kouhyou_detail_004_kani=true&JigyosyoCd=1472000262-00&ServiceCd=210&Type=search" }, "geometry": { "type": "Point", "coordinates": [ 139.3031168, 35.3240616 ] } },
{ "type": "Feature", "properties": { "内容": "サンレジデンス湘南　居宅介護サービス【短期入所生活介護】神奈川県平塚市田村2丁目11番地5号", "url2": "https://www.kaigokensaku.mhlw.go.jp/14/index.php?action_kouhyou_detail_004_kani=true&JigyosyoCd=1472000015-00&ServiceCd=210&Type=search" }, "geometry": { "type": "Point", "coordinates": [ 139.3585326, 35.3717317 ] } },
{ "type": "Feature", "properties": { "内容": "ショートステイ　カメリア桜ヶ丘【短期入所生活介護】神奈川県平塚市桜ヶ丘5番26号", "url2": "https://www.kaigokensaku.mhlw.go.jp/14/index.php?action_kouhyou_detail_004_kani=true&JigyosyoCd=1472003522-00&ServiceCd=210&Type=search" }, "geometry": { "type": "Point", "coordinates": [ 139.325379070500134, 35.330102230250034 ] } },
{ "type": "Feature", "properties": { "内容": "高根台ホームサテライトたかむら【短期入所生活介護】神奈川県平塚市高村203番地23号", "url2": "https://www.kaigokensaku.mhlw.go.jp/14/index.php?action_kouhyou_detail_004_kani=true&JigyosyoCd=1472005196-00&ServiceCd=210&Type=search" }, "geometry": { "type": "Point", "coordinates": [ 139.308685200000014, 35.3327077 ] } },
{ "type": "Feature", "properties": { "内容": "鎌倉プライエムきしろ【短期入所生活介護】神奈川県鎌倉市関谷1781", "url2": "https://www.kaigokensaku.mhlw.go.jp/14/index.php?action_kouhyou_detail_004_kani=true&JigyosyoCd=1472100088-00&ServiceCd=210&Type=search" }, "geometry": { "type": "Point", "coordinates": [ 139.4993796, 35.3632813 ] } },
{ "type": "Feature", "properties": { "内容": "特養鎌倉静養館【短期入所生活介護】神奈川県鎌倉市由比ガ浜４－４－３０", "url2": "https://www.kaigokensaku.mhlw.go.jp/14/index.php?action_kouhyou_detail_004_kani=true&JigyosyoCd=1472100252-00&ServiceCd=210&Type=search" }, "geometry": { "type": "Point", "coordinates": [ 139.544447900000023, 35.310418 ] } },
{ "type": "Feature", "properties": { "内容": "ショートステイ七里ガ浜【短期入所生活介護】神奈川県鎌倉市腰越1-2-36", "url2": "https://www.kaigokensaku.mhlw.go.jp/14/index.php?action_kouhyou_detail_004_kani=true&JigyosyoCd=1472100492-00&ServiceCd=210&Type=search" }, "geometry": { "type": "Point", "coordinates": [ 139.500198899999987, 35.307976 ] } },
{ "type": "Feature", "properties": { "内容": "ショートステイささりんどう鎌倉【短期入所生活介護】神奈川県鎌倉市城廻270-2特別養護老人ホーム　ささりんどう鎌倉", "url2": "https://www.kaigokensaku.mhlw.go.jp/14/index.php?action_kouhyou_detail_004_kani=true&JigyosyoCd=1472100666-00&ServiceCd=210&Type=search" }, "geometry": { "type": "Point", "coordinates": [ 139.5093981, 35.3565544 ] } },
{ "type": "Feature", "properties": { "内容": "稲村ガ崎きしろ【短期入所生活介護】神奈川県鎌倉市稲村ヶ崎4-10-45", "url2": "https://www.kaigokensaku.mhlw.go.jp/14/index.php?action_kouhyou_detail_004_kani=true&JigyosyoCd=1472101698-00&ServiceCd=210&Type=search" }, "geometry": { "type": "Point", "coordinates": [ 139.521191806637262, 35.30830096535378 ] } },
{ "type": "Feature", "properties": { "内容": "特別養護老人ホーム　ふれあいの泉【短期入所生活介護】神奈川県鎌倉市今泉2-10-1", "url2": "https://www.kaigokensaku.mhlw.go.jp/14/index.php?action_kouhyou_detail_004_kani=true&JigyosyoCd=1472101813-00&ServiceCd=210&Type=search" }, "geometry": { "type": "Point", "coordinates": [ 139.551209100000051, 35.3462695 ] } },
{ "type": "Feature", "properties": { "内容": "特別養護老人ホーム　かまくら愛の郷【短期入所生活介護】神奈川県鎌倉市岡本１０２２－３２", "url2": "https://www.kaigokensaku.mhlw.go.jp/14/index.php?action_kouhyou_detail_004_kani=true&JigyosyoCd=1472101920-00&ServiceCd=210&Type=search" }, "geometry": { "type": "Point", "coordinates": [ 139.519791504538006, 35.346182463328887 ] } },
{ "type": "Feature", "properties": { "内容": "介護老人福祉施設　ラペ鎌倉【短期入所生活介護】神奈川県鎌倉市関谷1465-1", "url2": "https://www.kaigokensaku.mhlw.go.jp/14/index.php?action_kouhyou_detail_004_kani=true&JigyosyoCd=1472102340-00&ServiceCd=210&Type=search" }, "geometry": { "type": "Point", "coordinates": [ 139.501898799999907, 35.3610899 ] } },
{ "type": "Feature", "properties": { "内容": "ショートステイ　ヒルズ鎌倉【短期入所生活介護】神奈川県鎌倉市山崎７９３番地", "url2": "https://www.kaigokensaku.mhlw.go.jp/14/index.php?action_kouhyou_detail_004_kani=true&JigyosyoCd=1472103264-00&ServiceCd=210&Type=search" }, "geometry": { "type": "Point", "coordinates": [ 139.524593099584195, 35.340012515296358 ] } },
{ "type": "Feature", "properties": { "内容": "短期入所　特別養護老人ホーム　雪のほこら【短期入所生活介護】神奈川県鎌倉市関谷1610番地1", "url2": "https://www.kaigokensaku.mhlw.go.jp/14/index.php?action_kouhyou_detail_004_kani=true&JigyosyoCd=1472103512-00&ServiceCd=210&Type=search" }, "geometry": { "type": "Point", "coordinates": [ 139.503159, 35.3560721 ] } },
{ "type": "Feature", "properties": { "内容": "地域介護サービスセンターラポール城南【短期入所生活介護】神奈川県藤沢市城南4-9-8", "url2": "https://www.kaigokensaku.mhlw.go.jp/14/index.php?action_kouhyou_detail_004_kani=true&JigyosyoCd=1472202959-00&ServiceCd=210&Type=search" }, "geometry": { "type": "Point", "coordinates": [ 139.461756400000013, 35.3472331 ] } },
{ "type": "Feature", "properties": { "内容": "特別養護老人ホーム睦愛園【短期入所生活介護】神奈川県藤沢市亀井野2087番1", "url2": "https://www.kaigokensaku.mhlw.go.jp/14/index.php?action_kouhyou_detail_004_kani=true&JigyosyoCd=1472207552-00&ServiceCd=210&Type=search" }, "geometry": { "type": "Point", "coordinates": [ 139.4747673, 35.3773818 ] } },
{ "type": "Feature", "properties": { "内容": "グリーンライフ湘南【短期入所生活介護】神奈川県藤沢市石川3928-5", "url2": "https://www.kaigokensaku.mhlw.go.jp/14/index.php?action_kouhyou_detail_004_kani=true&JigyosyoCd=1472200037-00&ServiceCd=210&Type=search" }, "geometry": { "type": "Point", "coordinates": [ 139.4645955, 35.373491800000011 ] } },
{ "type": "Feature", "properties": { "内容": "共生会居宅サービスセンター【短期入所生活介護】神奈川県藤沢市鵠沼1559", "url2": "https://www.kaigokensaku.mhlw.go.jp/14/index.php?action_kouhyou_detail_004_kani=true&JigyosyoCd=1472200136-00&ServiceCd=210&Type=search" }, "geometry": { "type": "Point", "coordinates": [ 139.4797036, 35.3405421 ] } },
{ "type": "Feature", "properties": { "内容": "芭蕉苑　介護老人福祉施設【短期入所生活介護】神奈川県藤沢市遠藤３５", "url2": "https://www.kaigokensaku.mhlw.go.jp/14/index.php?action_kouhyou_detail_004_kani=true&JigyosyoCd=1472200466-00&ServiceCd=210&Type=search" }, "geometry": { "type": "Point", "coordinates": [ 139.433592399999952, 35.3813158 ] } },
{ "type": "Feature", "properties": { "内容": "特別養護老人ホーム鵠生園【短期入所生活介護】神奈川県藤沢市片瀬海岸1-7-9", "url2": "https://www.kaigokensaku.mhlw.go.jp/14/index.php?action_kouhyou_detail_004_kani=true&JigyosyoCd=1472201084-00&ServiceCd=210&Type=search" }, "geometry": { "type": "Point", "coordinates": [ 139.487575099999958, 35.3085287 ] } },
{ "type": "Feature", "properties": { "内容": "老人短期入所施設　かりん【短期入所生活介護】神奈川県藤沢市城南1-22-7", "url2": "https://www.kaigokensaku.mhlw.go.jp/14/index.php?action_kouhyou_detail_004_kani=true&JigyosyoCd=1472201761-00&ServiceCd=210&Type=search" }, "geometry": { "type": "Point", "coordinates": [ 139.442489499999965, 35.3477761 ] } },
{ "type": "Feature", "properties": { "内容": "みどりの園鵠沼　短期入所生活介護【短期入所生活介護】神奈川県藤沢市鵠沼桜が岡2丁目1-16", "url2": "https://www.kaigokensaku.mhlw.go.jp/14/index.php?action_kouhyou_detail_004_kani=true&JigyosyoCd=1472203007-00&ServiceCd=210&Type=search" }, "geometry": { "type": "Point", "coordinates": [ 139.47933409999996, 35.3280183 ] } },
{ "type": "Feature", "properties": { "内容": "ミモザ藤沢【短期入所生活介護】神奈川県藤沢市並木台１丁目14番地の６", "url2": "https://www.kaigokensaku.mhlw.go.jp/14/index.php?action_kouhyou_detail_004_kani=true&JigyosyoCd=1472203692-00&ServiceCd=210&Type=search" }, "geometry": { "type": "Point", "coordinates": [ 139.503234799999973, 35.350699500000019 ] } },
{ "type": "Feature", "properties": { "内容": "藤沢愛光園【短期入所生活介護】神奈川県藤沢市大庭5526-2", "url2": "https://www.kaigokensaku.mhlw.go.jp/14/index.php?action_kouhyou_detail_004_kani=true&JigyosyoCd=1472203726-00&ServiceCd=210&Type=search" }, "geometry": { "type": "Point", "coordinates": [ 139.4482504, 35.3669378 ] } },
{ "type": "Feature", "properties": { "内容": "ショートステイ鵠沼海岸【短期入所生活介護】神奈川県藤沢市鵠沼海岸7-5-29", "url2": "https://www.kaigokensaku.mhlw.go.jp/14/index.php?action_kouhyou_detail_004_kani=true&JigyosyoCd=1472204880-00&ServiceCd=210&Type=search" }, "geometry": { "type": "Point", "coordinates": [ 139.4683351, 35.3274346 ] } },
{ "type": "Feature", "properties": { "内容": "クロスハート湘南台二番館【短期入所生活介護】神奈川県藤沢市円行２-２５-１クロスハート湘南台二番館", "url2": "https://www.kaigokensaku.mhlw.go.jp/14/index.php?action_kouhyou_detail_004_kani=true&JigyosyoCd=1472205127-00&ServiceCd=210&Type=search" }, "geometry": { "type": "Point", "coordinates": [ 139.458771500000012, 35.3916409 ] } },
{ "type": "Feature", "properties": { "内容": "関野記念鵠生園短期入所サービス【短期入所生活介護】神奈川県藤沢市鵠沼石上2-5-3", "url2": "https://www.kaigokensaku.mhlw.go.jp/14/index.php?action_kouhyou_detail_004_kani=true&JigyosyoCd=1472205945-00&ServiceCd=210&Type=search" }, "geometry": { "type": "Point", "coordinates": [ 139.487938900000017, 35.3343653 ] } },
{ "type": "Feature", "properties": { "内容": "ショートステイ　ラポール藤沢【短期入所生活介護】神奈川県藤沢市善行1丁目12番地の９", "url2": "https://www.kaigokensaku.mhlw.go.jp/14/index.php?action_kouhyou_detail_004_kani=true&JigyosyoCd=1472206554-00&ServiceCd=210&Type=search" }, "geometry": { "type": "Point", "coordinates": [ 139.470536, 35.36266536782918 ] } },
{ "type": "Feature", "properties": { "内容": "村岡ケアステーション【短期入所生活介護】神奈川県藤沢市渡内3-8-60", "url2": "https://www.kaigokensaku.mhlw.go.jp/14/index.php?action_kouhyou_detail_004_kani=true&JigyosyoCd=1472206711-00&ServiceCd=210&Type=search" }, "geometry": { "type": "Point", "coordinates": [ 139.509151100000054, 35.3484393 ] } },
{ "type": "Feature", "properties": { "内容": "特別養護老人ホーム白鷺苑【短期入所生活介護】神奈川県藤沢市用田８２０", "url2": "https://www.kaigokensaku.mhlw.go.jp/14/index.php?action_kouhyou_detail_004_kani=true&JigyosyoCd=1472200458-00&ServiceCd=210&Type=search" }, "geometry": { "type": "Point", "coordinates": [ 139.41800139999998, 35.4097949 ] } },
{ "type": "Feature", "properties": { "内容": "クロスハート石名坂・藤沢【短期入所生活介護】神奈川県藤沢市本藤沢1-10-14", "url2": "https://www.kaigokensaku.mhlw.go.jp/14/index.php?action_kouhyou_detail_004_kani=true&JigyosyoCd=1472203643-00&ServiceCd=210&Type=search" }, "geometry": { "type": "Point", "coordinates": [ 139.471021, 35.3512323 ] } },
{ "type": "Feature", "properties": { "内容": "特別養護老人ホームみどりの園【短期入所生活介護】神奈川県藤沢市小塚370-1", "url2": "https://www.kaigokensaku.mhlw.go.jp/14/index.php?action_kouhyou_detail_004_kani=true&JigyosyoCd=1472200896-00&ServiceCd=210&Type=search" }, "geometry": { "type": "Point", "coordinates": [ 139.505417325131276, 35.334429200000145 ] } },
{ "type": "Feature", "properties": { "内容": "ライフケアガーデン湘南ショートステイ【短期入所生活介護】神奈川県藤沢市稲荷１－９－４０", "url2": "https://www.kaigokensaku.mhlw.go.jp/14/index.php?action_kouhyou_detail_004_kani=true&JigyosyoCd=1472202413-00&ServiceCd=210&Type=search" }, "geometry": { "type": "Point", "coordinates": [ 139.466596399999958, 35.352507 ] } },
{ "type": "Feature", "properties": { "内容": "ショートステイセンターはばたき「風音」【短期入所生活介護】神奈川県藤沢市遠藤6215", "url2": "https://www.kaigokensaku.mhlw.go.jp/14/index.php?action_kouhyou_detail_004_kani=true&JigyosyoCd=1472202561-00&ServiceCd=210&Type=search" }, "geometry": { "type": "Point", "coordinates": [ 139.4337729, 35.3882872 ] } },
{ "type": "Feature", "properties": { "内容": "ショートステイ　ケアサポートふじさわ【短期入所生活介護】神奈川県藤沢市大庭5321-2", "url2": "https://www.kaigokensaku.mhlw.go.jp/14/index.php?action_kouhyou_detail_004_kani=true&JigyosyoCd=1472205259-00&ServiceCd=210&Type=search" }, "geometry": { "type": "Point", "coordinates": [ 139.440058139881103, 35.360262143062371 ] } },
{ "type": "Feature", "properties": { "内容": "リフシア鵠沼海岸ショートステイ【短期入所生活介護】神奈川県藤沢市鵠沼海岸7-5-22", "url2": "https://www.kaigokensaku.mhlw.go.jp/14/index.php?action_kouhyou_detail_004_kani=true&JigyosyoCd=1472205275-00&ServiceCd=210&Type=search" }, "geometry": { "type": "Point", "coordinates": [ 139.4691239, 35.3270541 ] } },
{ "type": "Feature", "properties": { "内容": "ココファンメゾン大庭【短期入所生活介護】神奈川県藤沢市大庭5423-1", "url2": "https://www.kaigokensaku.mhlw.go.jp/14/index.php?action_kouhyou_detail_004_kani=true&JigyosyoCd=1472205325-00&ServiceCd=210&Type=search" }, "geometry": { "type": "Point", "coordinates": [ 139.451297599999947, 35.3633996 ] } },
{ "type": "Feature", "properties": { "内容": "特別養護老人ホームグランドヴィラ湘南台【短期入所生活介護】神奈川県藤沢市菖蒲沢1221－1", "url2": "https://www.kaigokensaku.mhlw.go.jp/14/index.php?action_kouhyou_detail_004_kani=true&JigyosyoCd=1472206265-00&ServiceCd=210&Type=search" }, "geometry": { "type": "Point", "coordinates": [ 139.443353248254425, 35.399212329494247 ] } },
{ "type": "Feature", "properties": { "内容": "パナソニックエイジフリーケアセンター湘南ライフタウン・ショートステイ【短期入所生活介護】神奈川県藤沢市遠藤622-3", "url2": "https://www.kaigokensaku.mhlw.go.jp/14/index.php?action_kouhyou_detail_004_kani=true&JigyosyoCd=1472205598-00&ServiceCd=210&Type=search" }, "geometry": { "type": "Point", "coordinates": [ 139.435048, 35.3694562 ] } },
{ "type": "Feature", "properties": { "内容": "藤沢富士白苑【短期入所生活介護】神奈川県藤沢市長後2722-1", "url2": "https://www.kaigokensaku.mhlw.go.jp/14/index.php?action_kouhyou_detail_004_kani=true&JigyosyoCd=1472204013-00&ServiceCd=210&Type=search" }, "geometry": { "type": "Point", "coordinates": [ 139.451287399999956, 35.4233385 ] } },
{ "type": "Feature", "properties": { "内容": "ショートステイカメリア藤沢ＳＳＴ【短期入所生活介護】神奈川県藤沢市辻堂元町6-17-2", "url2": "https://www.kaigokensaku.mhlw.go.jp/14/index.php?action_kouhyou_detail_004_kani=true&JigyosyoCd=1472206018-00&ServiceCd=210&Type=search" }, "geometry": { "type": "Point", "coordinates": [ 139.463440593254063, 35.337180922501645 ] } },
{ "type": "Feature", "properties": { "内容": "特別養護老人ホーム宙のとびら【短期入所生活介護】神奈川県小田原市久野498-1", "url2": "https://www.kaigokensaku.mhlw.go.jp/14/index.php?action_kouhyou_detail_004_kani=true&JigyosyoCd=1472303708-00&ServiceCd=210&Type=search" }, "geometry": { "type": "Point", "coordinates": [ 139.152926400000013, 35.2747219 ] } },
{ "type": "Feature", "properties": { "内容": "早川高齢者ふれあいセンター【短期入所生活介護】神奈川県小田原市早川853番地", "url2": "https://www.kaigokensaku.mhlw.go.jp/14/index.php?action_kouhyou_detail_004_kani=true&JigyosyoCd=1472300027-00&ServiceCd=210&Type=search" }, "geometry": { "type": "Point", "coordinates": [ 139.144058800000039, 35.2393306 ] } },
{ "type": "Feature", "properties": { "内容": "潤生園高齢者総合サービスセンター【短期入所生活介護】神奈川県小田原市穴部377", "url2": "https://www.kaigokensaku.mhlw.go.jp/14/index.php?action_kouhyou_detail_004_kani=true&JigyosyoCd=1472300035-00&ServiceCd=210&Type=search" }, "geometry": { "type": "Point", "coordinates": [ 139.143795299999965, 35.279206 ] } },
{ "type": "Feature", "properties": { "内容": "ルビーセンター【短期入所生活介護】神奈川県小田原市曽我光海２番１", "url2": "https://www.kaigokensaku.mhlw.go.jp/14/index.php?action_kouhyou_detail_004_kani=true&JigyosyoCd=1472300050-00&ServiceCd=210&Type=search" }, "geometry": { "type": "Point", "coordinates": [ 139.181912099999977, 35.3001985 ] } },
{ "type": "Feature", "properties": { "内容": "陽光の園　介護サービスセンター【短期入所生活介護】神奈川県小田原市入生田475番地", "url2": "https://www.kaigokensaku.mhlw.go.jp/14/index.php?action_kouhyou_detail_004_kani=true&JigyosyoCd=1472300068-00&ServiceCd=210&Type=search" }, "geometry": { "type": "Point", "coordinates": [ 139.118072881089802, 35.2419892004568 ] } },
{ "type": "Feature", "properties": { "内容": "短期入所施設　芳徳の郷ほなみ【短期入所生活介護】神奈川県小田原市栢山3565", "url2": "https://www.kaigokensaku.mhlw.go.jp/14/index.php?action_kouhyou_detail_004_kani=true&JigyosyoCd=1472301439-00&ServiceCd=210&Type=search" }, "geometry": { "type": "Point", "coordinates": [ 139.133811199999968, 35.3072849 ] } },
{ "type": "Feature", "properties": { "内容": "特別養護老人ホーム　いこい【短期入所生活介護】神奈川県小田原市久野4406番1", "url2": "https://www.kaigokensaku.mhlw.go.jp/14/index.php?action_kouhyou_detail_004_kani=true&JigyosyoCd=1472302452-00&ServiceCd=210&Type=search" }, "geometry": { "type": "Point", "coordinates": [ 139.115339034391809, 35.258771563271118 ] } },
{ "type": "Feature", "properties": { "内容": "エミーズ鴨宮【短期入所生活介護】神奈川県小田原市鴨宮771-1", "url2": "https://www.kaigokensaku.mhlw.go.jp/14/index.php?action_kouhyou_detail_004_kani=true&JigyosyoCd=1472303567-00&ServiceCd=210&Type=search" }, "geometry": { "type": "Point", "coordinates": [ 139.1742567, 35.2796229 ] } },
{ "type": "Feature", "properties": { "内容": "葵の園・小田原　短期入所生活介護【短期入所生活介護】神奈川県小田原市曽比字前河原1350番地", "url2": "https://www.kaigokensaku.mhlw.go.jp/14/index.php?action_kouhyou_detail_004_kani=true&JigyosyoCd=1472303757-00&ServiceCd=210&Type=search" }, "geometry": { "type": "Point", "coordinates": [ 139.13688518042602, 35.317768517261442 ] } },
{ "type": "Feature", "properties": { "内容": "ジョイアスらいふケアセンター【短期入所生活介護】神奈川県小田原市小船213番地1", "url2": "https://www.kaigokensaku.mhlw.go.jp/14/index.php?action_kouhyou_detail_004_kani=true&JigyosyoCd=1472300092-00&ServiceCd=210&Type=search" }, "geometry": { "type": "Point", "coordinates": [ 139.220532300000059, 35.3018827 ] } },
{ "type": "Feature", "properties": { "内容": "潤生園在宅介護総合センターれんげの里短期入所生活介護【短期入所生活介護】神奈川県小田原市蓮正寺997-1", "url2": "https://www.kaigokensaku.mhlw.go.jp/14/index.php?action_kouhyou_detail_004_kani=true&JigyosyoCd=1472301280-00&ServiceCd=210&Type=search" }, "geometry": { "type": "Point", "coordinates": [ 139.148525100000029, 35.2848331 ] } },
{ "type": "Feature", "properties": { "内容": "地域密着型特別養護老人ホーム　湘南くすの木　はる【短期入所生活介護】神奈川県茅ヶ崎市松林3－6－3", "url2": "https://www.kaigokensaku.mhlw.go.jp/14/index.php?action_kouhyou_detail_004_kani=true&JigyosyoCd=1472402617-00&ServiceCd=210&Type=search" }, "geometry": { "type": "Point", "coordinates": [ 139.424592763754276, 35.345825348755625 ] } },
{ "type": "Feature", "properties": { "内容": "社会福祉法人麗寿会ふれあいの森【短期入所生活介護】神奈川県茅ヶ崎市下寺尾1928番地", "url2": "https://www.kaigokensaku.mhlw.go.jp/14/index.php?action_kouhyou_detail_004_kani=true&JigyosyoCd=1472400033-00&ServiceCd=210&Type=search" }, "geometry": { "type": "Point", "coordinates": [ 139.4105988, 35.364955400000035 ] } },
{ "type": "Feature", "properties": { "内容": "特別養護老人ホーム　カトレアホーム【短期入所生活介護】神奈川県茅ケ崎市下寺尾1835-2", "url2": "https://www.kaigokensaku.mhlw.go.jp/14/index.php?action_kouhyou_detail_004_kani=true&JigyosyoCd=1472400157-00&ServiceCd=210&Type=search" }, "geometry": { "type": "Point", "coordinates": [ 139.411823799999979, 35.3661942 ] } },
{ "type": "Feature", "properties": { "内容": "特別養護老人ホーム　アザリアホーム【短期入所生活介護】神奈川県茅ケ崎市堤691", "url2": "https://www.kaigokensaku.mhlw.go.jp/14/index.php?action_kouhyou_detail_004_kani=true&JigyosyoCd=1472400249-00&ServiceCd=210&Type=search" }, "geometry": { "type": "Point", "coordinates": [ 139.428512100000034, 35.3639455 ] } },
{ "type": "Feature", "properties": { "内容": "特別養護老人ホーム　芹沢ホーム　短期入所生活介護【短期入所生活介護】神奈川県茅ケ崎市芹沢９３２", "url2": "https://www.kaigokensaku.mhlw.go.jp/14/index.php?action_kouhyou_detail_004_kani=true&JigyosyoCd=1472400579-00&ServiceCd=210&Type=search" }, "geometry": { "type": "Point", "coordinates": [ 139.4238484, 35.3724913 ] } },
{ "type": "Feature", "properties": { "内容": "短期入所事業　汐見台パシフィックステージ【短期入所生活介護】神奈川県茅ケ崎市汐見台３－１０", "url2": "https://www.kaigokensaku.mhlw.go.jp/14/index.php?action_kouhyou_detail_004_kani=true&JigyosyoCd=1472400678-00&ServiceCd=210&Type=search" }, "geometry": { "type": "Point", "coordinates": [ 139.43684010000004, 35.3220119 ] } },
{ "type": "Feature", "properties": { "内容": "つるみね【短期入所生活介護】神奈川県茅ケ崎市西久保５９６", "url2": "https://www.kaigokensaku.mhlw.go.jp/14/index.php?action_kouhyou_detail_004_kani=true&JigyosyoCd=1472401130-00&ServiceCd=210&Type=search" }, "geometry": { "type": "Point", "coordinates": [ 139.391747200000026, 35.3446157 ] } },
{ "type": "Feature", "properties": { "内容": "特別養護老人ホーム　湘南くすの木【短期入所生活介護】神奈川県茅ケ崎市松林3丁目4番6号", "url2": "https://www.kaigokensaku.mhlw.go.jp/14/index.php?action_kouhyou_detail_004_kani=true&JigyosyoCd=1472401312-00&ServiceCd=210&Type=search" }, "geometry": { "type": "Point", "coordinates": [ 139.424445600000013, 35.3456674 ] } },
{ "type": "Feature", "properties": { "内容": "社会福祉法人麗寿会　ふれあいの麗寿　ユニット型【短期入所生活介護】神奈川県茅ヶ崎市南湖1-6-15", "url2": "https://www.kaigokensaku.mhlw.go.jp/14/index.php?action_kouhyou_detail_004_kani=true&JigyosyoCd=1472402831-00&ServiceCd=210&Type=search" }, "geometry": { "type": "Point", "coordinates": [ 139.390578364412249, 35.328876153865259 ] } },
{ "type": "Feature", "properties": { "内容": "社会福祉法人麗寿会　ふれあいの麗寿【短期入所生活介護】神奈川県茅ヶ崎市南湖1-6-15", "url2": "https://www.kaigokensaku.mhlw.go.jp/14/index.php?action_kouhyou_detail_004_kani=true&JigyosyoCd=1472402849-00&ServiceCd=210&Type=search" }, "geometry": { "type": "Point", "coordinates": [ 139.390544515029433, 35.328857728598898 ] } },
{ "type": "Feature", "properties": { "内容": "福寿ちがさき甘沼北【短期入所生活介護】神奈川県茅ケ崎市甘沼321-1", "url2": "https://www.kaigokensaku.mhlw.go.jp/14/index.php?action_kouhyou_detail_004_kani=true&JigyosyoCd=1472403078-00&ServiceCd=210&Type=search" }, "geometry": { "type": "Point", "coordinates": [ 139.4197144, 35.3541639 ] } },
{ "type": "Feature", "properties": { "内容": "特別養護老人ホーム湘南ベルサイド【短期入所生活介護】神奈川県茅ケ崎市中島７３６－１", "url2": "https://www.kaigokensaku.mhlw.go.jp/14/index.php?action_kouhyou_detail_004_kani=true&JigyosyoCd=1472400439-00&ServiceCd=210&Type=search" }, "geometry": { "type": "Point", "coordinates": [ 139.372466199999963, 35.3285255 ] } },
{ "type": "Feature", "properties": { "内容": "介護老人福祉施設　ハピネス茅ヶ崎【短期入所生活介護】神奈川県茅ケ崎市甘沼８６５－１", "url2": "https://www.kaigokensaku.mhlw.go.jp/14/index.php?action_kouhyou_detail_004_kani=true&JigyosyoCd=1472401437-00&ServiceCd=210&Type=search" }, "geometry": { "type": "Point", "coordinates": [ 139.410551700000042, 35.3518379 ] } },
{ "type": "Feature", "properties": { "内容": "特別養護老人ホーム　ゆるり【短期入所生活介護】神奈川県茅ヶ崎市今宿473-1", "url2": "https://www.kaigokensaku.mhlw.go.jp/14/index.php?action_kouhyou_detail_004_kani=true&JigyosyoCd=1472402229-00&ServiceCd=210&Type=search" }, "geometry": { "type": "Point", "coordinates": [ 139.381023499999969, 35.3327891 ] } },
{ "type": "Feature", "properties": { "内容": "茅ヶ崎ケアセンターそよ風【短期入所生活介護】神奈川県茅ケ崎市赤羽根103-1", "url2": "https://www.kaigokensaku.mhlw.go.jp/14/index.php?action_kouhyou_detail_004_kani=true&JigyosyoCd=1472402310-00&ServiceCd=210&Type=search" }, "geometry": { "type": "Point", "coordinates": [ 139.4154598, 35.3503412 ] } },
{ "type": "Feature", "properties": { "内容": "逗子ホームせせらぎ【短期入所生活介護】神奈川県逗子市池子３－７８９", "url2": "https://www.kaigokensaku.mhlw.go.jp/14/index.php?action_kouhyou_detail_004_kani=true&JigyosyoCd=1472500089-00&ServiceCd=210&Type=search" }, "geometry": { "type": "Point", "coordinates": [ 139.602301899999929, 35.307258 ] } },
{ "type": "Feature", "properties": { "内容": "逗子清寿苑短期入所サービスセンター【短期入所生活介護】神奈川県逗子市久木８－１２９０－１", "url2": "https://www.kaigokensaku.mhlw.go.jp/14/index.php?action_kouhyou_detail_004_kani=true&JigyosyoCd=1472500246-00&ServiceCd=210&Type=search" }, "geometry": { "type": "Point", "coordinates": [ 139.578309669311494, 35.313691039591369 ] } },
{ "type": "Feature", "properties": { "内容": "特別養護老人ホーム逗子杜の郷　ユニット型【短期入所生活介護】神奈川県逗子市沼間1-23-1", "url2": "https://www.kaigokensaku.mhlw.go.jp/14/index.php?action_kouhyou_detail_004_kani=true&JigyosyoCd=1472500865-00&ServiceCd=210&Type=search" }, "geometry": { "type": "Point", "coordinates": [ 139.604648699999984, 35.2969923 ] } },
{ "type": "Feature", "properties": { "内容": "特別養護老人ホーム逗子杜の郷【短期入所生活介護】神奈川県逗子市沼間1-23-1", "url2": "https://www.kaigokensaku.mhlw.go.jp/14/index.php?action_kouhyou_detail_004_kani=true&JigyosyoCd=1472500857-00&ServiceCd=210&Type=search" }, "geometry": { "type": "Point", "coordinates": [ 139.604648699999984, 35.2969923 ] } },
{ "type": "Feature", "properties": { "内容": "はまゆう高齢者ケアプラザ短期入所事業部【短期入所生活介護】神奈川県三浦市三崎町諸磯1411-1", "url2": "https://www.kaigokensaku.mhlw.go.jp/14/index.php?action_kouhyou_detail_004_kani=true&JigyosyoCd=1472700150-00&ServiceCd=210&Type=search" }, "geometry": { "type": "Point", "coordinates": [ 139.621359, 35.1512199 ] } },
{ "type": "Feature", "properties": { "内容": "美山短期入所サービスセンター【短期入所生活介護】神奈川県三浦市初声町下宮田１８４６", "url2": "https://www.kaigokensaku.mhlw.go.jp/14/index.php?action_kouhyou_detail_004_kani=true&JigyosyoCd=1472700168-00&ServiceCd=210&Type=search" }, "geometry": { "type": "Point", "coordinates": [ 139.6356955, 35.1889115 ] } },
{ "type": "Feature", "properties": { "内容": "たんぽぽ【短期入所生活介護】神奈川県三浦市三崎町諸磯1411-1", "url2": "https://www.kaigokensaku.mhlw.go.jp/14/index.php?action_kouhyou_detail_004_kani=true&JigyosyoCd=1472700655-00&ServiceCd=210&Type=search" }, "geometry": { "type": "Point", "coordinates": [ 139.621359, 35.1512199 ] } },
{ "type": "Feature", "properties": { "内容": "リフレ油壺【短期入所生活介護】神奈川県三浦市三崎町諸磯１７４２－１", "url2": "https://www.kaigokensaku.mhlw.go.jp/14/index.php?action_kouhyou_detail_004_kani=true&JigyosyoCd=1472700689-00&ServiceCd=210&Type=search" }, "geometry": { "type": "Point", "coordinates": [ 139.614962099999957, 35.1540783 ] } },
{ "type": "Feature", "properties": { "内容": "美山短期ユニットサービスセンター【短期入所生活介護】神奈川県三浦市初声町下宮田1846美山特養ホーム", "url2": "https://www.kaigokensaku.mhlw.go.jp/14/index.php?action_kouhyou_detail_004_kani=true&JigyosyoCd=1472700846-00&ServiceCd=210&Type=search" }, "geometry": { "type": "Point", "coordinates": [ 139.635620499999959, 35.1889421 ] } },
{ "type": "Feature", "properties": { "内容": "介護老人福祉施設ケアホーム三浦【短期入所生活介護】神奈川県三浦市初声町下宮田3516番地1", "url2": "https://www.kaigokensaku.mhlw.go.jp/14/index.php?action_kouhyou_detail_004_kani=true&JigyosyoCd=1472701083-00&ServiceCd=210&Type=search" }, "geometry": { "type": "Point", "coordinates": [ 139.630180398339832, 35.186280945069051 ] } },
{ "type": "Feature", "properties": { "内容": "特別養護老人ホーム遊楽の丘(介護予防)短期入所生活介護【短期入所生活介護】神奈川県三浦市南下浦町上宮田3451", "url2": "https://www.kaigokensaku.mhlw.go.jp/14/index.php?action_kouhyou_detail_004_kani=true&JigyosyoCd=1472701141-00&ServiceCd=210&Type=search" }, "geometry": { "type": "Point", "coordinates": [ 139.6509555, 35.1812675 ] } },
{ "type": "Feature", "properties": { "内容": "地域密着型特別養護老人ホーム短期入所田原の里【短期入所生活介護】神奈川県秦野市西田原360-1", "url2": "https://www.kaigokensaku.mhlw.go.jp/14/index.php?action_kouhyou_detail_004_kani=true&JigyosyoCd=1472802543-00&ServiceCd=210&Type=search" }, "geometry": { "type": "Point", "coordinates": [ 139.214991199999986, 35.3922252 ] } },
{ "type": "Feature", "properties": { "内容": "介護老人福祉施設　寿湘ケ丘老人ホーム【短期入所生活介護】神奈川県秦野市千村497-1", "url2": "https://www.kaigokensaku.mhlw.go.jp/14/index.php?action_kouhyou_detail_004_kani=true&JigyosyoCd=1472800182-00&ServiceCd=210&Type=search" }, "geometry": { "type": "Point", "coordinates": [ 139.1721139, 35.3654217 ] } },
{ "type": "Feature", "properties": { "内容": "介護老人福祉施設菖蒲荘【短期入所生活介護】神奈川県秦野市三廻部508番地の2", "url2": "https://www.kaigokensaku.mhlw.go.jp/14/index.php?action_kouhyou_detail_004_kani=true&JigyosyoCd=1472800190-00&ServiceCd=210&Type=search" }, "geometry": { "type": "Point", "coordinates": [ 139.162697468786661, 35.399820412973334 ] } },
{ "type": "Feature", "properties": { "内容": "特別養護老人ホーム　はだの松寿苑【短期入所生活介護】神奈川県秦野市戸川381-12", "url2": "https://www.kaigokensaku.mhlw.go.jp/14/index.php?action_kouhyou_detail_004_kani=true&JigyosyoCd=1472800927-00&ServiceCd=210&Type=search" }, "geometry": { "type": "Point", "coordinates": [ 139.1868402, 35.3904746 ] } },
{ "type": "Feature", "properties": { "内容": "特別養護老人ホーム湖【短期入所生活介護】神奈川県秦野市平沢入窪2426-1", "url2": "https://www.kaigokensaku.mhlw.go.jp/14/index.php?action_kouhyou_detail_004_kani=true&JigyosyoCd=1472800521-00&ServiceCd=210&Type=search" }, "geometry": { "type": "Point", "coordinates": [ 139.192981009509253, 35.357168379543182 ] } },
{ "type": "Feature", "properties": { "内容": "ショートステイ秦野陽光園【短期入所生活介護】神奈川県秦野市曽屋1177-1", "url2": "https://www.kaigokensaku.mhlw.go.jp/14/index.php?action_kouhyou_detail_004_kani=true&JigyosyoCd=1472802170-00&ServiceCd=210&Type=search" }, "geometry": { "type": "Point", "coordinates": [ 139.217651599999954, 35.3818574 ] } },
{ "type": "Feature", "properties": { "内容": "湘南老人ホーム　短期入所生活介護【短期入所生活介護】神奈川県秦野市下大槻1169-2", "url2": "https://www.kaigokensaku.mhlw.go.jp/14/index.php?action_kouhyou_detail_004_kani=true&JigyosyoCd=1472800596-00&ServiceCd=210&Type=search" }, "geometry": { "type": "Point", "coordinates": [ 139.257237199999963, 35.3563451 ] } },
{ "type": "Feature", "properties": { "内容": "ショートステイケアリッツ鶴巻【短期入所生活介護】神奈川県秦野市鶴巻北2-2-36", "url2": "https://www.kaigokensaku.mhlw.go.jp/14/index.php?action_kouhyou_detail_004_kani=true&JigyosyoCd=1472802279-00&ServiceCd=210&Type=search" }, "geometry": { "type": "Point", "coordinates": [ 139.277672400000029, 35.3819979 ] } },
{ "type": "Feature", "properties": { "内容": "特別養護老人ホーム　ユニテ　けいわ　短期入所【短期入所生活介護】神奈川県厚木市下荻野２１１７－２", "url2": "https://www.kaigokensaku.mhlw.go.jp/14/index.php?action_kouhyou_detail_004_kani=true&JigyosyoCd=1472902061-00&ServiceCd=210&Type=search" }, "geometry": { "type": "Point", "coordinates": [ 139.3086042, 35.4884615 ] } },
{ "type": "Feature", "properties": { "内容": "睦合ホーム　すこやか【短期入所生活介護】神奈川県厚木市下川入１３２１", "url2": "https://www.kaigokensaku.mhlw.go.jp/14/index.php?action_kouhyou_detail_004_kani=true&JigyosyoCd=1472900990-00&ServiceCd=210&Type=search" }, "geometry": { "type": "Point", "coordinates": [ 139.351812, 35.4927479 ] } },
{ "type": "Feature", "properties": { "内容": "ムツアイホーム　やすらぎ【短期入所生活介護】神奈川県厚木市下川入1296番地", "url2": "https://www.kaigokensaku.mhlw.go.jp/14/index.php?action_kouhyou_detail_004_kani=true&JigyosyoCd=1472900065-00&ServiceCd=210&Type=search" }, "geometry": { "type": "Point", "coordinates": [ 139.352900800000043, 35.4915314 ] } },
{ "type": "Feature", "properties": { "内容": "高齢者総合福祉サービスセンター　森の里【短期入所生活介護】神奈川県厚木市下古沢193-1", "url2": "https://www.kaigokensaku.mhlw.go.jp/14/index.php?action_kouhyou_detail_004_kani=true&JigyosyoCd=1472900073-00&ServiceCd=210&Type=search" }, "geometry": { "type": "Point", "coordinates": [ 139.322688699999958, 35.4495271 ] } },
{ "type": "Feature", "properties": { "内容": "玉川グリーンホーム【短期入所生活介護】神奈川県厚木市小野７３４－２", "url2": "https://www.kaigokensaku.mhlw.go.jp/14/index.php?action_kouhyou_detail_004_kani=true&JigyosyoCd=1472900107-00&ServiceCd=210&Type=search" }, "geometry": { "type": "Point", "coordinates": [ 139.313148100000035, 35.4340259 ] } },
{ "type": "Feature", "properties": { "内容": "居宅介護支援センター　けいわ荘【短期入所生活介護】神奈川県厚木市下荻野2117-2", "url2": "https://www.kaigokensaku.mhlw.go.jp/14/index.php?action_kouhyou_detail_004_kani=true&JigyosyoCd=1472900115-00&ServiceCd=210&Type=search" }, "geometry": { "type": "Point", "coordinates": [ 139.30857919999994, 35.4884365 ] } },
{ "type": "Feature", "properties": { "内容": "特別養護老人ホーム　甘露苑【短期入所生活介護】神奈川県厚木市山際1350番1", "url2": "https://www.kaigokensaku.mhlw.go.jp/14/index.php?action_kouhyou_detail_004_kani=true&JigyosyoCd=1472900214-00&ServiceCd=210&Type=search" }, "geometry": { "type": "Point", "coordinates": [ 139.365146500000037, 35.5061378 ] } },
{ "type": "Feature", "properties": { "内容": "ムツアイホーム　うるわし【短期入所生活介護】神奈川県厚木市下川入1321番地", "url2": "https://www.kaigokensaku.mhlw.go.jp/14/index.php?action_kouhyou_detail_004_kani=true&JigyosyoCd=1472901451-00&ServiceCd=210&Type=search" }, "geometry": { "type": "Point", "coordinates": [ 139.351812, 35.4927479 ] } },
{ "type": "Feature", "properties": { "内容": "厚木ケアセンターそよ風【短期入所生活介護】神奈川県厚木市三田二丁目21番7号", "url2": "https://www.kaigokensaku.mhlw.go.jp/14/index.php?action_kouhyou_detail_004_kani=true&JigyosyoCd=1472901931-00&ServiceCd=210&Type=search" }, "geometry": { "type": "Point", "coordinates": [ 139.349247918277001, 35.477385568183166 ] } },
{ "type": "Feature", "properties": { "内容": "ユニット型介護老人福祉施設玉川グリーンホーム【短期入所生活介護】神奈川県厚木市小野７３４番地の２", "url2": "https://www.kaigokensaku.mhlw.go.jp/14/index.php?action_kouhyou_detail_004_kani=true&JigyosyoCd=1472901998-00&ServiceCd=210&Type=search" }, "geometry": { "type": "Point", "coordinates": [ 139.313148100000035, 35.4340259 ] } },
{ "type": "Feature", "properties": { "内容": "老人短期入所生活介護　メイサムフレール【短期入所生活介護】神奈川県厚木市愛甲２１９３－１", "url2": "https://www.kaigokensaku.mhlw.go.jp/14/index.php?action_kouhyou_detail_004_kani=true&JigyosyoCd=1472902863-00&ServiceCd=210&Type=search" }, "geometry": { "type": "Point", "coordinates": [ 139.352960028535307, 35.421799590177208 ] } },
{ "type": "Feature", "properties": { "内容": "特別養護老人ホーム　メイサムホール【短期入所生活介護】神奈川県厚木市愛甲2208番１", "url2": "https://www.kaigokensaku.mhlw.go.jp/14/index.php?action_kouhyou_detail_004_kani=true&JigyosyoCd=1472902871-00&ServiceCd=210&Type=search" }, "geometry": { "type": "Point", "coordinates": [ 139.3527264, 35.4225436 ] } },
{ "type": "Feature", "properties": { "内容": "特別養護老人ホーム　はなの家とむろ【短期入所生活介護】神奈川県厚木市戸室5-9-15", "url2": "https://www.kaigokensaku.mhlw.go.jp/14/index.php?action_kouhyou_detail_004_kani=true&JigyosyoCd=1472901436-00&ServiceCd=210&Type=search" }, "geometry": { "type": "Point", "coordinates": [ 139.346045600000025, 35.4490001 ] } },
{ "type": "Feature", "properties": { "内容": "第二森の里【短期入所生活介護】神奈川県厚木市飯山3425", "url2": "https://www.kaigokensaku.mhlw.go.jp/14/index.php?action_kouhyou_detail_004_kani=true&JigyosyoCd=1472900842-00&ServiceCd=210&Type=search" }, "geometry": { "type": "Point", "coordinates": [ 139.324533, 35.4545988 ] } },
{ "type": "Feature", "properties": { "内容": "グランモールさくら及川【短期入所生活介護】神奈川県厚木市及川字柳流793番", "url2": "https://www.kaigokensaku.mhlw.go.jp/14/index.php?action_kouhyou_detail_004_kani=true&JigyosyoCd=1472902244-00&ServiceCd=210&Type=search" }, "geometry": { "type": "Point", "coordinates": [ 139.348738300000036, 35.4636806 ] } },
{ "type": "Feature", "properties": { "内容": "あずみ苑厚木【短期入所生活介護】神奈川県厚木市関口1013-1", "url2": "https://www.kaigokensaku.mhlw.go.jp/14/index.php?action_kouhyou_detail_004_kani=true&JigyosyoCd=1472902657-00&ServiceCd=210&Type=search" }, "geometry": { "type": "Point", "coordinates": [ 139.357766760049458, 35.491299790094125 ] } },
{ "type": "Feature", "properties": { "内容": "ロゼホームつきみ野【短期入所生活介護】神奈川県大和市下鶴間418-2", "url2": "https://www.kaigokensaku.mhlw.go.jp/14/index.php?action_kouhyou_detail_004_kani=true&JigyosyoCd=1473000014-00&ServiceCd=210&Type=search" }, "geometry": { "type": "Point", "coordinates": [ 139.461395700000025, 35.5132208 ] } },
{ "type": "Feature", "properties": { "内容": "居宅介護支援センター　サンホーム鶴間【短期入所生活介護】神奈川県大和市西鶴間八丁目1番2号", "url2": "https://www.kaigokensaku.mhlw.go.jp/14/index.php?action_kouhyou_detail_004_kani=true&JigyosyoCd=1473000063-00&ServiceCd=210&Type=search" }, "geometry": { "type": "Point", "coordinates": [ 139.441195599999986, 35.4842547 ] } },
{ "type": "Feature", "properties": { "内容": "社会福祉法人　敬愛会【短期入所生活介護】神奈川県大和市福田1551", "url2": "https://www.kaigokensaku.mhlw.go.jp/14/index.php?action_kouhyou_detail_004_kani=true&JigyosyoCd=1473000097-00&ServiceCd=210&Type=search" }, "geometry": { "type": "Point", "coordinates": [ 139.4637126, 35.4238865 ] } },
{ "type": "Feature", "properties": { "内容": "特別養護老人ホーム　晃風園【短期入所生活介護】神奈川県大和市草柳2-15-1", "url2": "https://www.kaigokensaku.mhlw.go.jp/14/index.php?action_kouhyou_detail_004_kani=true&JigyosyoCd=1473000188-00&ServiceCd=210&Type=search" }, "geometry": { "type": "Point", "coordinates": [ 139.4582289, 35.46044 ] } },
{ "type": "Feature", "properties": { "内容": "社会福祉法人プレマ会　みなみ風【短期入所生活介護】神奈川県大和市上草柳164番5", "url2": "https://www.kaigokensaku.mhlw.go.jp/14/index.php?action_kouhyou_detail_004_kani=true&JigyosyoCd=1473001046-00&ServiceCd=210&Type=search" }, "geometry": { "type": "Point", "coordinates": [ 139.440921099999969, 35.4737847 ] } },
{ "type": "Feature", "properties": { "内容": "やまと笑楽庵【短期入所生活介護】神奈川県大和市中央林間9-5-25", "url2": "https://www.kaigokensaku.mhlw.go.jp/14/index.php?action_kouhyou_detail_004_kani=true&JigyosyoCd=1473001103-00&ServiceCd=210&Type=search" }, "geometry": { "type": "Point", "coordinates": [ 139.450233211821114, 35.510969459283899 ] } },
{ "type": "Feature", "properties": { "内容": "特別養護老人ホーム晃風園ぬくもり【短期入所生活介護】神奈川県大和市深見1736-2", "url2": "https://www.kaigokensaku.mhlw.go.jp/14/index.php?action_kouhyou_detail_004_kani=true&JigyosyoCd=1473001731-00&ServiceCd=210&Type=search" }, "geometry": { "type": "Point", "coordinates": [ 139.4686858, 35.4806423 ] } },
{ "type": "Feature", "properties": { "内容": "ル・リアンふかみ【短期入所生活介護】神奈川県大和市深見2106-1", "url2": "https://www.kaigokensaku.mhlw.go.jp/14/index.php?action_kouhyou_detail_004_kani=true&JigyosyoCd=1473001939-00&ServiceCd=210&Type=search" }, "geometry": { "type": "Point", "coordinates": [ 139.47051369999997, 35.475213 ] } },
{ "type": "Feature", "properties": { "内容": "特別養護老人ホ－ム　和喜園　田園【短期入所生活介護】神奈川県大和市下和田822-1", "url2": "https://www.kaigokensaku.mhlw.go.jp/14/index.php?action_kouhyou_detail_004_kani=true&JigyosyoCd=1473002002-00&ServiceCd=210&Type=search" }, "geometry": { "type": "Point", "coordinates": [ 139.470117800000025, 35.426439 ] } },
{ "type": "Feature", "properties": { "内容": "ショートステイ　ケアサポートやまと【短期入所生活介護】神奈川県大和市中央林間西6-6-28", "url2": "https://www.kaigokensaku.mhlw.go.jp/14/index.php?action_kouhyou_detail_004_kani=true&JigyosyoCd=1473002812-00&ServiceCd=210&Type=search" }, "geometry": { "type": "Point", "coordinates": [ 139.432326099999955, 35.5023788 ] } },
{ "type": "Feature", "properties": { "内容": "シンシア大和【短期入所生活介護】神奈川県大和市上草柳8丁目14-2シンシア大和", "url2": "https://www.kaigokensaku.mhlw.go.jp/14/index.php?action_kouhyou_detail_004_kani=true&JigyosyoCd=1473003208-00&ServiceCd=210&Type=search" }, "geometry": { "type": "Point", "coordinates": [ 139.449619100000064, 35.4821151 ] } },
{ "type": "Feature", "properties": { "内容": "特別養護老人ホーム　和喜園【短期入所生活介護】神奈川県大和市下和田字下ノ原８２２番地１", "url2": "https://www.kaigokensaku.mhlw.go.jp/14/index.php?action_kouhyou_detail_004_kani=true&JigyosyoCd=1473000261-00&ServiceCd=210&Type=search" }, "geometry": { "type": "Point", "coordinates": [ 139.470117800000054, 35.426439 ] } },
{ "type": "Feature", "properties": { "内容": "ひまわりの郷【短期入所生活介護】神奈川県大和市上和田3467-1", "url2": "https://www.kaigokensaku.mhlw.go.jp/14/index.php?action_kouhyou_detail_004_kani=true&JigyosyoCd=1473001293-00&ServiceCd=210&Type=search" }, "geometry": { "type": "Point", "coordinates": [ 139.468415099999987, 35.4368681 ] } },
{ "type": "Feature", "properties": { "内容": "介護老人福祉施設スミール桜ヶ丘【短期入所生活介護】神奈川県大和市上和田1021-1", "url2": "https://www.kaigokensaku.mhlw.go.jp/14/index.php?action_kouhyou_detail_004_kani=true&JigyosyoCd=1473002614-00&ServiceCd=210&Type=search" }, "geometry": { "type": "Point", "coordinates": [ 139.471147239564488, 35.450354238426165 ] } },
{ "type": "Feature", "properties": { "内容": "特別養護老人ホーム　ほの里南林間【短期入所生活介護】神奈川県大和市南林間6-31-28", "url2": "https://www.kaigokensaku.mhlw.go.jp/14/index.php?action_kouhyou_detail_004_kani=true&JigyosyoCd=1473003182-00&ServiceCd=210&Type=search" }, "geometry": { "type": "Point", "coordinates": [ 139.438075300000037, 35.488307400000018 ] } },
{ "type": "Feature", "properties": { "内容": "特別養護老人ホーム　ほの里南林間【短期入所生活介護】神奈川県大和南林間6-31-28", "url2": "https://www.kaigokensaku.mhlw.go.jp/14/index.php?action_kouhyou_detail_004_kani=true&JigyosyoCd=1473003190-00&ServiceCd=210&Type=search" }, "geometry": { "type": "Point", "coordinates": [ 139.438075300000037, 35.4883074 ] } },
{ "type": "Feature", "properties": { "内容": "パナソニックエイジフリーケアセンター大和南林間・ショートステイ【短期入所生活介護】神奈川県大和市下鶴間3015-19", "url2": "https://www.kaigokensaku.mhlw.go.jp/14/index.php?action_kouhyou_detail_004_kani=true&JigyosyoCd=1473002903-00&ServiceCd=210&Type=search" }, "geometry": { "type": "Point", "coordinates": [ 139.453143745505969, 35.496717537646461 ] } },
{ "type": "Feature", "properties": { "内容": "伊勢原ホーム【短期入所生活介護】神奈川県伊勢原市子易１２５４－４", "url2": "https://www.kaigokensaku.mhlw.go.jp/14/index.php?action_kouhyou_detail_004_kani=true&JigyosyoCd=1474000997-00&ServiceCd=210&Type=search" }, "geometry": { "type": "Point", "coordinates": [ 139.268636199999946, 35.417029399999983 ] } },
{ "type": "Feature", "properties": { "内容": "高齢者総合支援センター泉心荘【短期入所生活介護】神奈川県伊勢原市三ノ宮511番地の1", "url2": "https://www.kaigokensaku.mhlw.go.jp/14/index.php?action_kouhyou_detail_004_kani=true&JigyosyoCd=1474000039-00&ServiceCd=210&Type=search" }, "geometry": { "type": "Point", "coordinates": [ 139.288426100000038, 35.4085532 ] } },
{ "type": "Feature", "properties": { "内容": "高齢者生活支援センター　らんの里【短期入所生活介護】神奈川県伊勢原市沼目６－１２５７", "url2": "https://www.kaigokensaku.mhlw.go.jp/14/index.php?action_kouhyou_detail_004_kani=true&JigyosyoCd=1474000062-00&ServiceCd=210&Type=search" }, "geometry": { "type": "Point", "coordinates": [ 139.330338200000028, 35.3885651 ] } },
{ "type": "Feature", "properties": { "内容": "だいろく介護支援センター【短期入所生活介護】神奈川県伊勢原市子易1254-4", "url2": "https://www.kaigokensaku.mhlw.go.jp/14/index.php?action_kouhyou_detail_004_kani=true&JigyosyoCd=1474000070-00&ServiceCd=210&Type=search" }, "geometry": { "type": "Point", "coordinates": [ 139.268105122614998, 35.416911362327625 ] } },
{ "type": "Feature", "properties": { "内容": "特別養護老人ホーム　湘南けやきの郷【短期入所生活介護】神奈川県伊勢原市小稲葉1281番地", "url2": "https://www.kaigokensaku.mhlw.go.jp/14/index.php?action_kouhyou_detail_004_kani=true&JigyosyoCd=1474000849-00&ServiceCd=210&Type=search" }, "geometry": { "type": "Point", "coordinates": [ 139.351364714016626, 35.391960853091838 ] } },
{ "type": "Feature", "properties": { "内容": "伊勢原ケアセンターそよ風【短期入所生活介護】神奈川県伊勢原市白根396-6伊勢原ケアセンターそよ風", "url2": "https://www.kaigokensaku.mhlw.go.jp/14/index.php?action_kouhyou_detail_004_kani=true&JigyosyoCd=1474001565-00&ServiceCd=210&Type=search" }, "geometry": { "type": "Point", "coordinates": [ 139.293609800000013, 35.4022888 ] } },
{ "type": "Feature", "properties": { "内容": "特別養護老人ホーム光響荘【短期入所生活介護】神奈川県伊勢原市東大竹1511番地", "url2": "https://www.kaigokensaku.mhlw.go.jp/14/index.php?action_kouhyou_detail_004_kani=true&JigyosyoCd=1474001599-00&ServiceCd=210&Type=search" }, "geometry": { "type": "Point", "coordinates": [ 139.305066688860336, 35.389133316601033 ] } },
{ "type": "Feature", "properties": { "内容": "中心荘第一老人ホーム【短期入所生活介護】神奈川県海老名市上今泉4-7-1", "url2": "https://www.kaigokensaku.mhlw.go.jp/14/index.php?action_kouhyou_detail_004_kani=true&JigyosyoCd=1474201512-00&ServiceCd=210&Type=search" }, "geometry": { "type": "Point", "coordinates": [ 139.4041911, 35.468499 ] } },
{ "type": "Feature", "properties": { "内容": "えびな南高齢者施設【短期入所生活介護】神奈川県海老名市杉久保南3丁目31-6", "url2": "https://www.kaigokensaku.mhlw.go.jp/14/index.php?action_kouhyou_detail_004_kani=true&JigyosyoCd=1474200050-00&ServiceCd=210&Type=search" }, "geometry": { "type": "Point", "coordinates": [ 139.408304600000065, 35.4211018 ] } },
{ "type": "Feature", "properties": { "内容": "中心荘第二老人ホーム【短期入所生活介護】神奈川県海老名市上今泉4-7-1", "url2": "https://www.kaigokensaku.mhlw.go.jp/14/index.php?action_kouhyou_detail_004_kani=true&JigyosyoCd=1474200084-00&ServiceCd=210&Type=search" }, "geometry": { "type": "Point", "coordinates": [ 139.40421850000007, 35.4684597 ] } },
{ "type": "Feature", "properties": { "内容": "特別養護老人ホーム　和心【短期入所生活介護】神奈川県海老名市大谷南三丁目20番15号", "url2": "https://www.kaigokensaku.mhlw.go.jp/14/index.php?action_kouhyou_detail_004_kani=true&JigyosyoCd=1474200837-00&ServiceCd=210&Type=search" }, "geometry": { "type": "Point", "coordinates": [ 139.399798350926204, 35.435133859803059 ] } },
{ "type": "Feature", "properties": { "内容": "特別養護老人ホーム陽だまり【短期入所生活介護】神奈川県海老名市社家四丁目7番26号", "url2": "https://www.kaigokensaku.mhlw.go.jp/14/index.php?action_kouhyou_detail_004_kani=true&JigyosyoCd=1474201017-00&ServiceCd=210&Type=search" }, "geometry": { "type": "Point", "coordinates": [ 139.382512000524912, 35.418869274342171 ] } },
{ "type": "Feature", "properties": { "内容": "特別養護老人ホーム彩美苑【短期入所生活介護】神奈川県海老名市柏ケ谷287番地-1", "url2": "https://www.kaigokensaku.mhlw.go.jp/14/index.php?action_kouhyou_detail_004_kani=true&JigyosyoCd=1474201496-00&ServiceCd=210&Type=search" }, "geometry": { "type": "Point", "coordinates": [ 139.408673217829886, 35.460858507437742 ] } },
{ "type": "Feature", "properties": { "内容": "特別養護老人ホーム　さつき【短期入所生活介護】神奈川県海老名市中央四丁目15番１号", "url2": "https://www.kaigokensaku.mhlw.go.jp/14/index.php?action_kouhyou_detail_004_kani=true&JigyosyoCd=1474200290-00&ServiceCd=210&Type=search" }, "geometry": { "type": "Point", "coordinates": [ 139.3866117, 35.4485649 ] } },
{ "type": "Feature", "properties": { "内容": "特別養護老人ホーム　シェ・モア【短期入所生活介護】神奈川県海老名中央四丁目8番14号", "url2": "https://www.kaigokensaku.mhlw.go.jp/14/index.php?action_kouhyou_detail_004_kani=true&JigyosyoCd=1474200449-00&ServiceCd=210&Type=search" }, "geometry": { "type": "Point", "coordinates": [ 139.388447700000029, 35.448153900000015 ] } },
{ "type": "Feature", "properties": { "内容": "えびな北高齢者施設【短期入所生活介護】神奈川県海老名市上今泉4-8-28", "url2": "https://www.kaigokensaku.mhlw.go.jp/14/index.php?action_kouhyou_detail_004_kani=true&JigyosyoCd=1474200605-00&ServiceCd=210&Type=search" }, "geometry": { "type": "Point", "coordinates": [ 139.402551899999906, 35.4699122 ] } },
{ "type": "Feature", "properties": { "内容": "ベルホーム居宅支援センター【短期入所生活介護】神奈川県座間市栗原１２６１－１", "url2": "https://www.kaigokensaku.mhlw.go.jp/14/index.php?action_kouhyou_detail_004_kani=true&JigyosyoCd=1474100011-00&ServiceCd=210&Type=search" }, "geometry": { "type": "Point", "coordinates": [ 139.417331546557648, 35.500798320597859 ] } },
{ "type": "Feature", "properties": { "内容": "特別養護老人ホーム　栗原ホーム【短期入所生活介護】神奈川県座間市栗原中央6-1-18", "url2": "https://www.kaigokensaku.mhlw.go.jp/14/index.php?action_kouhyou_detail_004_kani=true&JigyosyoCd=1474100094-00&ServiceCd=210&Type=search" }, "geometry": { "type": "Point", "coordinates": [ 139.416990307374931, 35.486390055968734 ] } },
{ "type": "Feature", "properties": { "内容": "特別養護老人ホーム　サライ【短期入所生活介護】神奈川県座間市小松原一丁目17番15号", "url2": "https://www.kaigokensaku.mhlw.go.jp/14/index.php?action_kouhyou_detail_004_kani=true&JigyosyoCd=1474100631-00&ServiceCd=210&Type=search" }, "geometry": { "type": "Point", "coordinates": [ 139.42812970555724, 35.49756951108283 ] } },
{ "type": "Feature", "properties": { "内容": "特別養護老人ホーム　第二座間苑【短期入所生活介護】神奈川県座間市新田宿623", "url2": "https://www.kaigokensaku.mhlw.go.jp/14/index.php?action_kouhyou_detail_004_kani=true&JigyosyoCd=1474100672-00&ServiceCd=210&Type=search" }, "geometry": { "type": "Point", "coordinates": [ 139.380517599999962, 35.4796634 ] } },
{ "type": "Feature", "properties": { "内容": "太陽の家座間【短期入所生活介護】神奈川県座間市座間2丁目861-1", "url2": "https://www.kaigokensaku.mhlw.go.jp/14/index.php?action_kouhyou_detail_004_kani=true&JigyosyoCd=1474101233-00&ServiceCd=210&Type=search" }, "geometry": { "type": "Point", "coordinates": [ 139.390192140475506, 35.480740199235115 ] } },
{ "type": "Feature", "properties": { "内容": "特別養護老人ホーム草の家ユニット【短期入所生活介護】神奈川県南足柄市斑目460", "url2": "https://www.kaigokensaku.mhlw.go.jp/14/index.php?action_kouhyou_detail_004_kani=true&JigyosyoCd=1474300363-00&ServiceCd=210&Type=search" }, "geometry": { "type": "Point", "coordinates": [ 139.09960030000002, 35.3207145 ] } },
{ "type": "Feature", "properties": { "内容": "特別養護老人ホーム草の家【短期入所生活介護】神奈川県南足柄市班目４６０", "url2": "https://www.kaigokensaku.mhlw.go.jp/14/index.php?action_kouhyou_detail_004_kani=true&JigyosyoCd=1474300033-00&ServiceCd=210&Type=search" }, "geometry": { "type": "Point", "coordinates": [ 139.103430494473287, 35.342806487141964 ] } },
{ "type": "Feature", "properties": { "内容": "道志会居宅介護支援事業所【短期入所生活介護】神奈川県綾瀬市早川城山2-11-3", "url2": "https://www.kaigokensaku.mhlw.go.jp/14/index.php?action_kouhyou_detail_004_kani=true&JigyosyoCd=1474400015-00&ServiceCd=210&Type=search" }, "geometry": { "type": "Point", "coordinates": [ 139.4214485, 35.4361446 ] } },
{ "type": "Feature", "properties": { "内容": "居宅サービスセンター泉正園【短期入所生活介護】神奈川県綾瀬市上土棚南１－１１－２０", "url2": "https://www.kaigokensaku.mhlw.go.jp/14/index.php?action_kouhyou_detail_004_kani=true&JigyosyoCd=1474400023-00&ServiceCd=210&Type=search" }, "geometry": { "type": "Point", "coordinates": [ 139.444269299999974, 35.4124208 ] } },
{ "type": "Feature", "properties": { "内容": "短期入所生活介護　杜の郷【短期入所生活介護】神奈川県綾瀬市寺尾南1-5-31", "url2": "https://www.kaigokensaku.mhlw.go.jp/14/index.php?action_kouhyou_detail_004_kani=true&JigyosyoCd=1474400767-00&ServiceCd=210&Type=search" }, "geometry": { "type": "Point", "coordinates": [ 139.42978370000003, 35.4480601 ] } },
{ "type": "Feature", "properties": { "内容": "綾瀬ケアセンターそよ風【短期入所生活介護】神奈川県綾瀬市上土棚中3-9-24", "url2": "https://www.kaigokensaku.mhlw.go.jp/14/index.php?action_kouhyou_detail_004_kani=true&JigyosyoCd=1474400569-00&ServiceCd=210&Type=search" }, "geometry": { "type": "Point", "coordinates": [ 139.451738299999988, 35.4172261 ] } },
{ "type": "Feature", "properties": { "内容": "葉山清寿苑短期入所サービスセンター【短期入所生活介護】神奈川県三浦郡葉山町上山口１６６９", "url2": "https://www.kaigokensaku.mhlw.go.jp/14/index.php?action_kouhyou_detail_004_kani=true&JigyosyoCd=1471100071-00&ServiceCd=210&Type=search" }, "geometry": { "type": "Point", "coordinates": [ 139.602367400000048, 35.2631534 ] } },
{ "type": "Feature", "properties": { "内容": "葉山クリニックショートステイ安護楽【短期入所生活介護】神奈川県三浦郡葉山町上山口3182", "url2": "https://www.kaigokensaku.mhlw.go.jp/14/index.php?action_kouhyou_detail_004_kani=true&JigyosyoCd=1471100170-00&ServiceCd=210&Type=search" }, "geometry": { "type": "Point", "coordinates": [ 139.619060399999967, 35.267078 ] } },
{ "type": "Feature", "properties": { "内容": "葉山グリーンヒルケアセンター【短期入所生活介護】神奈川県三浦郡葉山町一色2448-6", "url2": "https://www.kaigokensaku.mhlw.go.jp/14/index.php?action_kouhyou_detail_004_kani=true&JigyosyoCd=1471100212-00&ServiceCd=210&Type=search" }, "geometry": { "type": "Point", "coordinates": [ 139.57085589999997, 35.2683667 ] } },
{ "type": "Feature", "properties": { "内容": "寒川ホーム　ショートステイサービス【短期入所生活介護】神奈川県高座郡寒川町小谷1-13-5", "url2": "https://www.kaigokensaku.mhlw.go.jp/14/index.php?action_kouhyou_detail_004_kani=true&JigyosyoCd=1471200129-00&ServiceCd=210&Type=search" }, "geometry": { "type": "Point", "coordinates": [ 139.397571400000061, 35.3804528 ] } },
{ "type": "Feature", "properties": { "内容": "老人短期入所生活介護　きくの郷【短期入所生活介護】神奈川県高座郡寒川町小動622", "url2": "https://www.kaigokensaku.mhlw.go.jp/14/index.php?action_kouhyou_detail_004_kani=true&JigyosyoCd=1471200145-00&ServiceCd=210&Type=search" }, "geometry": { "type": "Point", "coordinates": [ 139.396860299999958, 35.3864411 ] } },
{ "type": "Feature", "properties": { "内容": "ユニット型　特別養護老人ホーム　きくの郷【短期入所生活介護】神奈川県高座郡寒川町小動622", "url2": "https://www.kaigokensaku.mhlw.go.jp/14/index.php?action_kouhyou_detail_004_kani=true&JigyosyoCd=1471200533-00&ServiceCd=210&Type=search" }, "geometry": { "type": "Point", "coordinates": [ 139.396860299999958, 35.3864411 ] } },
{ "type": "Feature", "properties": { "内容": "特別養護老人ホーム　大磯喜楽園【短期入所生活介護】神奈川県中郡大磯町虫窪285番地2", "url2": "https://www.kaigokensaku.mhlw.go.jp/14/index.php?action_kouhyou_detail_004_kani=true&JigyosyoCd=1471300853-00&ServiceCd=210&Type=search" }, "geometry": { "type": "Point", "coordinates": [ 139.263620299999957, 35.3258134 ] } },
{ "type": "Feature", "properties": { "内容": "特別養護老人ホーム湘南喜楽園【短期入所生活介護】神奈川県中郡大磯町国府本郷1401番地の1", "url2": "https://www.kaigokensaku.mhlw.go.jp/14/index.php?action_kouhyou_detail_004_kani=true&JigyosyoCd=1471300861-00&ServiceCd=210&Type=search" }, "geometry": { "type": "Point", "coordinates": [ 139.283438400000023, 35.3112769 ] } },
{ "type": "Feature", "properties": { "内容": "メゾン・二宮【短期入所生活介護】神奈川県中郡二宮町一色１４３５－１", "url2": "https://www.kaigokensaku.mhlw.go.jp/14/index.php?action_kouhyou_detail_004_kani=true&JigyosyoCd=1471300085-00&ServiceCd=210&Type=search" }, "geometry": { "type": "Point", "coordinates": [ 139.245191500000033, 35.3160365 ] } },
{ "type": "Feature", "properties": { "内容": "二宮喜楽園【短期入所生活介護】神奈川県中郡二宮町二宮1442番地1", "url2": "https://www.kaigokensaku.mhlw.go.jp/14/index.php?action_kouhyou_detail_004_kani=true&JigyosyoCd=1471300945-00&ServiceCd=210&Type=search" }, "geometry": { "type": "Point", "coordinates": [ 139.256096899999989, 35.3082008 ] } },
{ "type": "Feature", "properties": { "内容": "中井富士白苑居宅介護支援センター【短期入所生活介護】神奈川県足柄上郡中井町井ノ口２３０５－４", "url2": "https://www.kaigokensaku.mhlw.go.jp/14/index.php?action_kouhyou_detail_004_kani=true&JigyosyoCd=1471400323-00&ServiceCd=210&Type=search" }, "geometry": { "type": "Point", "coordinates": [ 139.228939800000035, 35.3423769 ] } },
{ "type": "Feature", "properties": { "内容": "あしがら広域福祉センター【短期入所生活介護】神奈川県足柄上郡大井町西大井1055番地", "url2": "https://www.kaigokensaku.mhlw.go.jp/14/index.php?action_kouhyou_detail_004_kani=true&JigyosyoCd=1471400935-00&ServiceCd=210&Type=search" }, "geometry": { "type": "Point", "coordinates": [ 139.14774239999997, 35.3220331 ] } },
{ "type": "Feature", "properties": { "内容": "レストフルヴィレッジ【短期入所生活介護】神奈川県足柄上郡松田町寄３０９０―１", "url2": "https://www.kaigokensaku.mhlw.go.jp/14/index.php?action_kouhyou_detail_004_kani=true&JigyosyoCd=1471400539-00&ServiceCd=210&Type=search" }, "geometry": { "type": "Point", "coordinates": [ 139.137269300000071, 35.399952 ] } },
{ "type": "Feature", "properties": { "内容": "介護老人福祉施設　バーデンライフ中川【短期入所生活介護】神奈川県足柄上郡山北町中川５１１", "url2": "https://www.kaigokensaku.mhlw.go.jp/14/index.php?action_kouhyou_detail_004_kani=true&JigyosyoCd=1471400117-00&ServiceCd=210&Type=search" }, "geometry": { "type": "Point", "coordinates": [ 139.046202900000054, 35.4416767 ] } },
{ "type": "Feature", "properties": { "内容": "あずみ苑山北【短期入所生活介護】神奈川県足柄上郡山北町岸133", "url2": "https://www.kaigokensaku.mhlw.go.jp/14/index.php?action_kouhyou_detail_004_kani=true&JigyosyoCd=1471401057-00&ServiceCd=210&Type=search" }, "geometry": { "type": "Point", "coordinates": [ 139.0999098, 35.3547131 ] } },
{ "type": "Feature", "properties": { "内容": "ユニット型介護老人福祉施設バーデンライフ中川（空床短期）【短期入所生活介護】神奈川県足柄上郡山北町中川５１１", "url2": "https://www.kaigokensaku.mhlw.go.jp/14/index.php?action_kouhyou_detail_004_kani=true&JigyosyoCd=1471401024-00&ServiceCd=210&Type=search" }, "geometry": { "type": "Point", "coordinates": [ 139.046335900000031, 35.441789500000034 ] } },
{ "type": "Feature", "properties": { "内容": "社会福祉法人そうあい　特別養護老人ホーム　なごみの郷【短期入所生活介護】神奈川県足柄下郡箱根町仙石原977-23", "url2": "https://www.kaigokensaku.mhlw.go.jp/14/index.php?action_kouhyou_detail_004_kani=true&JigyosyoCd=1471500411-00&ServiceCd=210&Type=search" }, "geometry": { "type": "Point", "coordinates": [ 139.01370780000002, 35.2698717 ] } },
{ "type": "Feature", "properties": { "内容": "箱根老人ホーム　介護老人福祉施設【短期入所生活介護】神奈川県足柄下郡箱根町宮城野58", "url2": "https://www.kaigokensaku.mhlw.go.jp/14/index.php?action_kouhyou_detail_004_kani=true&JigyosyoCd=1471501146-00&ServiceCd=210&Type=search" }, "geometry": { "type": "Point", "coordinates": [ 139.0554147, 35.2490426 ] } },
{ "type": "Feature", "properties": { "内容": "心花春【短期入所生活介護】神奈川県足柄下郡湯河原町鍛冶屋627", "url2": "https://www.kaigokensaku.mhlw.go.jp/14/index.php?action_kouhyou_detail_004_kani=true&JigyosyoCd=1471500049-00&ServiceCd=210&Type=search" }, "geometry": { "type": "Point", "coordinates": [ 139.111168799999973, 35.158877 ] } },
{ "type": "Feature", "properties": { "内容": "シーサイド湯河原【短期入所生活介護】神奈川県足柄下郡湯河原町吉浜１２０番地１", "url2": "https://www.kaigokensaku.mhlw.go.jp/14/index.php?action_kouhyou_detail_004_kani=true&JigyosyoCd=1471500502-00&ServiceCd=210&Type=search" }, "geometry": { "type": "Point", "coordinates": [ 139.127148300000044, 35.1513675 ] } },
{ "type": "Feature", "properties": { "内容": "ミノワ居宅介護支援センター【短期入所生活介護】神奈川県愛甲郡愛川町角田１４０－３", "url2": "https://www.kaigokensaku.mhlw.go.jp/14/index.php?action_kouhyou_detail_004_kani=true&JigyosyoCd=1471600013-00&ServiceCd=210&Type=search" }, "geometry": { "type": "Point", "coordinates": [ 139.325566400000071, 35.5257016 ] } },
{ "type": "Feature", "properties": { "内容": "志田山ホーム【短期入所生活介護】神奈川県愛甲郡愛川町三増２７２７", "url2": "https://www.kaigokensaku.mhlw.go.jp/14/index.php?action_kouhyou_detail_004_kani=true&JigyosyoCd=1471600021-00&ServiceCd=210&Type=search" }, "geometry": { "type": "Point", "coordinates": [ 139.285950100000036, 35.5405326 ] } },
{ "type": "Feature", "properties": { "内容": "特別養護老人ホーム　愛和の里【短期入所生活介護】神奈川県愛甲郡愛川町田代680番地", "url2": "https://www.kaigokensaku.mhlw.go.jp/14/index.php?action_kouhyou_detail_004_kani=true&JigyosyoCd=1471600245-00&ServiceCd=210&Type=search" }, "geometry": { "type": "Point", "coordinates": [ 139.291572099999939, 35.528676 ] } }
]
}
