{
"type": "FeatureCollection",
"name": "geo_14_特定施設入居者生活介護（有料老人ホーム）",
"crs": { "type": "name", "properties": { "name": "urn:ogc:def:crs:OGC:1.3:CRS84" } },
"features": [
{ "type": "Feature", "properties": { "内容": "アズハイム横浜東寺尾【特定施設入居者生活介護（有料老人ホーム）】神奈川県横浜市鶴見区東寺尾2-23-19", "url": "https://www.kaigokensaku.mhlw.go.jp/14/index.php?action_kouhyou_detail_004_kani=true&JigyosyoCd=1470101245-00&ServiceCd=331&Type=search", "url2": "https://www.as-heim.com" }, "geometry": { "type": "Point", "coordinates": [ 139.657133700000031, 35.5051348 ] } },
{ "type": "Feature", "properties": { "内容": "はなことば鶴見【特定施設入居者生活介護（有料老人ホーム）】神奈川県横浜市鶴見区駒岡5-18-17", "url": "https://www.kaigokensaku.mhlw.go.jp/14/index.php?action_kouhyou_detail_004_kani=true&JigyosyoCd=1470103522-00&ServiceCd=331&Type=search", "url2": "https://hanakotoba.co.jp/facility/tsurumi.html" }, "geometry": { "type": "Point", "coordinates": [ 139.652423, 35.5362094 ] } },
{ "type": "Feature", "properties": { "内容": "有料老人ホーム　サニーライフ三ッ池公園【特定施設入居者生活介護（有料老人ホーム）】神奈川県横浜市鶴見区下末吉5-24-19", "url": "https://www.kaigokensaku.mhlw.go.jp/14/index.php?action_kouhyou_detail_004_kani=true&JigyosyoCd=1470103605-00&ServiceCd=331&Type=search", "url2": "https://www.sunnylife-group.co.jp/mitsuikekouen" }, "geometry": { "type": "Point", "coordinates": [ 139.66598810000005, 35.5197495 ] } },
{ "type": "Feature", "properties": { "内容": "はなことば鶴見寺尾【特定施設入居者生活介護（有料老人ホーム）】神奈川県横浜市鶴見区東寺尾２丁目17-12", "url": "https://www.kaigokensaku.mhlw.go.jp/14/index.php?action_kouhyou_detail_004_kani=true&JigyosyoCd=1470103902-00&ServiceCd=331&Type=search", "url2": "https://hanakotoba.co.jp/facility/tsurumiterao.html" }, "geometry": { "type": "Point", "coordinates": [ 139.655292800000012, 35.504623 ] } },
{ "type": "Feature", "properties": { "内容": "アズハイム綱島【特定施設入居者生活介護（有料老人ホーム）】神奈川県横浜市鶴見区駒岡4-29－1", "url": "https://www.kaigokensaku.mhlw.go.jp/14/index.php?action_kouhyou_detail_004_kani=true&JigyosyoCd=1470103936-00&ServiceCd=331&Type=search", "url2": "https://as-heim.com/facility/tsunashima/" }, "geometry": { "type": "Point", "coordinates": [ 139.653118138098137, 35.532713080429481 ] } },
{ "type": "Feature", "properties": { "内容": "サンライズ・ヴィラ横浜東寺尾【特定施設入居者生活介護（有料老人ホーム）】神奈川県横浜市鶴見区東寺尾1-38-27", "url": "https://www.kaigokensaku.mhlw.go.jp/14/index.php?action_kouhyou_detail_004_kani=true&JigyosyoCd=1470103944-00&ServiceCd=331&Type=search", "url2": "https://www.like-cn.co.jp/homes/sunrise-villa/yokohamahigashiterao.html" }, "geometry": { "type": "Point", "coordinates": [ 139.653764118402648, 35.502648888335301 ] } },
{ "type": "Feature", "properties": { "内容": "リアンレーヴ三ツ池公園【特定施設入居者生活介護（有料老人ホーム）】神奈川県横浜市鶴見区東寺尾６－１５－２１", "url": "https://www.kaigokensaku.mhlw.go.jp/14/index.php?action_kouhyou_detail_004_kani=true&JigyosyoCd=1470103977-00&ServiceCd=331&Type=search", "url2": "https://www.kinoshita-kaigo.co.jp/facility/care_home/lien-reve_mitsuike-koen.html" }, "geometry": { "type": "Point", "coordinates": [ 139.6601804, 35.5059886 ] } },
{ "type": "Feature", "properties": { "内容": "花珠の家つるみ【特定施設入居者生活介護（有料老人ホーム）】神奈川県横浜市鶴見区生麦5-10-21", "url": "https://www.kaigokensaku.mhlw.go.jp/14/index.php?action_kouhyou_detail_004_kani=true&JigyosyoCd=1470103985-00&ServiceCd=331&Type=search", "url2": "http://hanadama-kaigo.jala.co.jp" }, "geometry": { "type": "Point", "coordinates": [ 139.6747014441803, 35.50082275906604 ] } },
{ "type": "Feature", "properties": { "内容": "介護付き有料老人ホーム　プレザンメゾン横浜鶴見【特定施設入居者生活介護（有料老人ホーム）】神奈川県横浜市鶴見区梶山2-16-5", "url": "https://www.kaigokensaku.mhlw.go.jp/14/index.php?action_kouhyou_detail_004_kani=true&JigyosyoCd=1470103274-00&ServiceCd=331&Type=search", "url2": "https://www.tanoshii-ie.jp/single025/" }, "geometry": { "type": "Point", "coordinates": [ 139.66028, 35.5272348 ] } },
{ "type": "Feature", "properties": { "内容": "靎見の郷【特定施設入居者生活介護（有料老人ホーム）】神奈川県横浜市鶴見区下野谷町3-88-1", "url": "https://www.kaigokensaku.mhlw.go.jp/14/index.php?action_kouhyou_detail_004_kani=true&JigyosyoCd=1470103704-00&ServiceCd=331&Type=search", "url2": "http://www.cedar-group.co.jp/pine" }, "geometry": { "type": "Point", "coordinates": [ 139.681121299999973, 35.4975334 ] } },
{ "type": "Feature", "properties": { "内容": "もみの樹・横浜鶴見【特定施設入居者生活介護（有料老人ホーム）】神奈川県横浜市鶴見区北寺尾４丁目３番地１号", "url": "https://www.kaigokensaku.mhlw.go.jp/14/index.php?action_kouhyou_detail_004_kani=true&JigyosyoCd=1470101799-00&ServiceCd=331&Type=search", "url2": "https://www.mominoki-life.com/tsurumi/" }, "geometry": { "type": "Point", "coordinates": [ 139.657630599999948, 35.5146975 ] } },
{ "type": "Feature", "properties": { "内容": "エクセレント横濱北寺尾【特定施設入居者生活介護（有料老人ホーム）】神奈川県横浜市鶴見区北寺尾5丁目2-10", "url": "https://www.kaigokensaku.mhlw.go.jp/14/index.php?action_kouhyou_detail_004_kani=true&JigyosyoCd=1470103647-00&ServiceCd=331&Type=search", "url2": "http://www.excare.co.jp" }, "geometry": { "type": "Point", "coordinates": [ 139.649439700000016, 35.5152945 ] } },
{ "type": "Feature", "properties": { "内容": "有料老人ホームサニーライフ鶴見【特定施設入居者生活介護（有料老人ホーム）】神奈川県横浜市鶴見区上末吉５－４－５６", "url": "https://www.kaigokensaku.mhlw.go.jp/14/index.php?action_kouhyou_detail_004_kani=true&JigyosyoCd=1470101427-00&ServiceCd=331&Type=search", "url2": "http://www.sunnylife-group.co.jp/tsurumi" }, "geometry": { "type": "Point", "coordinates": [ 139.667673700000023, 35.5313618 ] } },
{ "type": "Feature", "properties": { "内容": "カルデアの家【特定施設入居者生活介護（有料老人ホーム）】神奈川県横浜市神奈川区菅田町2851カルデアの家", "url": "https://www.kaigokensaku.mhlw.go.jp/14/index.php?action_kouhyou_detail_004_kani=true&JigyosyoCd=1470201888-00&ServiceCd=331&Type=search", "url2": "http://chaldea-home.com/yokohama/" }, "geometry": { "type": "Point", "coordinates": [ 139.601417199999986, 35.4955405 ] } },
{ "type": "Feature", "properties": { "内容": "花珠の家　かながわ【特定施設入居者生活介護（有料老人ホーム）】神奈川県横浜市神奈川区三枚町543-3", "url": "https://www.kaigokensaku.mhlw.go.jp/14/index.php?action_kouhyou_detail_004_kani=true&JigyosyoCd=1470202498-00&ServiceCd=331&Type=search", "url2": "https://jala.co.jp/facility/hd-kanagawa/" }, "geometry": { "type": "Point", "coordinates": [ 139.593381316549653, 35.490521135107777 ] } },
{ "type": "Feature", "properties": { "内容": "そんぽの家　横浜神大寺【特定施設入居者生活介護（有料老人ホーム）】神奈川県横浜市神奈川区神大寺　1-13-45", "url": "https://www.kaigokensaku.mhlw.go.jp/14/index.php?action_kouhyou_detail_004_kani=true&JigyosyoCd=1470202787-00&ServiceCd=331&Type=search", "url2": "https://www.sompocare.com/service/home/kaigo/H000254" }, "geometry": { "type": "Point", "coordinates": [ 139.610427865299584, 35.482222901396995 ] } },
{ "type": "Feature", "properties": { "内容": "プレザンメゾン　横浜羽沢町【特定施設入居者生活介護（有料老人ホーム）】神奈川県横浜市神奈川区羽沢町7番地の1プレザンメゾン　横浜羽沢町", "url": "https://www.kaigokensaku.mhlw.go.jp/14/index.php?action_kouhyou_detail_004_kani=true&JigyosyoCd=1470202894-00&ServiceCd=331&Type=search", "url2": "http://care21.co.jp/" }, "geometry": { "type": "Point", "coordinates": [ 139.596765653980924, 35.483609833351359 ] } },
{ "type": "Feature", "properties": { "内容": "ホームステーション羽沢横浜国大【特定施設入居者生活介護（有料老人ホーム）】神奈川県横浜市神奈川区羽沢南二丁目27-5", "url": "https://www.kaigokensaku.mhlw.go.jp/14/index.php?action_kouhyou_detail_004_kani=true&JigyosyoCd=1470203314-00&ServiceCd=331&Type=search", "url2": "https://www.life-silver.com/life-silver/facility/hazawayokohama/" }, "geometry": { "type": "Point", "coordinates": [ 139.5837883, 35.4790708 ] } },
{ "type": "Feature", "properties": { "内容": "メディカル・リハビリホームグランダ三ツ沢【特定施設入居者生活介護（有料老人ホーム）】神奈川県横浜市神奈川区三ツ沢西町１１－２６", "url": "https://www.kaigokensaku.mhlw.go.jp/14/index.php?action_kouhyou_detail_004_kani=true&JigyosyoCd=1470600220-00&ServiceCd=331&Type=search", "url2": "https://www.benesse-style-care.co.jp/" }, "geometry": { "type": "Point", "coordinates": [ 139.603724941149039, 35.473962118988446 ] } },
{ "type": "Feature", "properties": { "内容": "ライフコート西寺尾　介護付有料老人ホームさくらんぼ【特定施設入居者生活介護（有料老人ホーム）】神奈川県横浜市神奈川区西寺尾2-34-18", "url": "https://www.kaigokensaku.mhlw.go.jp/14/index.php?action_kouhyou_detail_004_kani=true&JigyosyoCd=1470202613-00&ServiceCd=331&Type=search", "url2": "http://www.care-sakuranbo.jp/home/06/outline.html" }, "geometry": { "type": "Point", "coordinates": [ 139.64983645767208, 35.498949521094495 ] } },
{ "type": "Feature", "properties": { "内容": "ベストライフ横浜【特定施設入居者生活介護（有料老人ホーム）】神奈川県横浜市西区浅間町3-174-9", "url": "https://www.kaigokensaku.mhlw.go.jp/14/index.php?action_kouhyou_detail_004_kani=true&JigyosyoCd=1470301738-00&ServiceCd=331&Type=search", "url2": null }, "geometry": { "type": "Point", "coordinates": [ 139.609354200000013, 35.4617097 ] } },
{ "type": "Feature", "properties": { "内容": "カーサプラチナみなとみらい【特定施設入居者生活介護（有料老人ホーム）】神奈川県横浜市西区花咲町6-143カーサプラチナ　みなとみらい", "url": "https://www.kaigokensaku.mhlw.go.jp/14/index.php?action_kouhyou_detail_004_kani=true&JigyosyoCd=1470301605-00&ServiceCd=331&Type=search", "url2": "https://platinum-care.jp/minatomirai" }, "geometry": { "type": "Point", "coordinates": [ 139.625048200000037, 35.4565618 ] } },
{ "type": "Feature", "properties": { "内容": "山手湊輝邸【特定施設入居者生活介護（有料老人ホーム）】神奈川県横浜市中区根岸旭台26番地の1", "url": "https://www.kaigokensaku.mhlw.go.jp/14/index.php?action_kouhyou_detail_004_kani=true&JigyosyoCd=1470403245-00&ServiceCd=331&Type=search", "url2": "https://kaigo.benesse-style-care.co.jp/area_kanagawa/yokohama/home_gd-yamatesokitei" }, "geometry": { "type": "Point", "coordinates": [ 139.635326600000013, 35.4195598 ] } },
{ "type": "Feature", "properties": { "内容": "横浜パークケアコミュニティそよ風【特定施設入居者生活介護（有料老人ホーム）】神奈川県横浜市中区山下町74-2", "url": "https://www.kaigokensaku.mhlw.go.jp/14/index.php?action_kouhyou_detail_004_kani=true&JigyosyoCd=1470400951-00&ServiceCd=331&Type=search", "url2": "http://www.sykz.co.jp/shisetsu/165" }, "geometry": { "type": "Point", "coordinates": [ 139.645316699999967, 35.4448382 ] } },
{ "type": "Feature", "properties": { "内容": "すいとぴー本牧三溪園【特定施設入居者生活介護（有料老人ホーム）】神奈川県横浜市中区本牧原1番11号", "url": "https://www.kaigokensaku.mhlw.go.jp/14/index.php?action_kouhyou_detail_004_kani=true&JigyosyoCd=1470402163-00&ServiceCd=331&Type=search", "url2": "http://sweetpea.co.jp/business/nursinghome-hommokusankeien" }, "geometry": { "type": "Point", "coordinates": [ 139.666293569311506, 35.427450270008435 ] } },
{ "type": "Feature", "properties": { "内容": "リアンレーウ゛馬車道【特定施設入居者生活介護（有料老人ホーム）】神奈川県横浜市中区本町4-38", "url": "https://www.kaigokensaku.mhlw.go.jp/14/index.php?action_kouhyou_detail_004_kani=true&JigyosyoCd=1470402536-00&ServiceCd=331&Type=search", "url2": "http://www.kinoshita-kaigo.co.jp/facility/care_home/lien-reve_bashauma.html" }, "geometry": { "type": "Point", "coordinates": [ 139.637919799999963, 35.4496154 ] } },
{ "type": "Feature", "properties": { "内容": "チャームプレミア山手町【特定施設入居者生活介護（有料老人ホーム）】神奈川県横浜市中区山手町245-1", "url": "https://www.kaigokensaku.mhlw.go.jp/14/index.php?action_kouhyou_detail_004_kani=true&JigyosyoCd=1470402726-00&ServiceCd=331&Type=search", "url2": "http://www.charmcc.jp/east_homes/charmpremier_yamatechou/" }, "geometry": { "type": "Point", "coordinates": [ 139.6558708, 35.4367705 ] } },
{ "type": "Feature", "properties": { "内容": "トラストガーデン横浜ベイ馬車道【特定施設入居者生活介護（有料老人ホーム）】神奈川県横浜市中区元浜町2丁目13番1号", "url": "https://www.kaigokensaku.mhlw.go.jp/14/index.php?action_kouhyou_detail_004_kani=true&JigyosyoCd=1470403047-00&ServiceCd=331&Type=search", "url2": "https://www.trustgarden.jp/bashamichi/" }, "geometry": { "type": "Point", "coordinates": [ 139.640102899999988, 35.4491233 ] } },
{ "type": "Feature", "properties": { "内容": "リハビリホームグランダ山手・横浜【特定施設入居者生活介護（有料老人ホーム）】神奈川県横浜市中区根岸旭台68-2", "url": "https://www.kaigokensaku.mhlw.go.jp/14/index.php?action_kouhyou_detail_004_kani=true&JigyosyoCd=1470400613-00&ServiceCd=331&Type=search", "url2": "https://kaigo.benesse-style-care.co.jp/area_kanagawa/yokohama/home_gd-yamate" }, "geometry": { "type": "Point", "coordinates": [ 139.635851, 35.4191779 ] } },
{ "type": "Feature", "properties": { "内容": "ボンセジュール横浜新山下【特定施設入居者生活介護（有料老人ホーム）】神奈川県横浜市中区新山下2-12-55", "url": "https://www.kaigokensaku.mhlw.go.jp/14/index.php?action_kouhyou_detail_004_kani=true&JigyosyoCd=1470401827-00&ServiceCd=331&Type=search", "url2": "https://kaigo.benesse-style-care.co.jp/area_kanagawa/yokohama/home_b-yokohamashinyamashita" }, "geometry": { "type": "Point", "coordinates": [ 139.661060300000031, 35.4385779 ] } },
{ "type": "Feature", "properties": { "内容": "ヒルデモア三渓園【特定施設入居者生活介護（有料老人ホーム）】神奈川県横浜市中区本牧三之谷37－1", "url": "https://www.kaigokensaku.mhlw.go.jp/14/index.php?action_kouhyou_detail_004_kani=true&JigyosyoCd=1470401157-00&ServiceCd=331&Type=search", "url2": "https://www.tnbls.co.jp/hyldemoer/home/sankeien/" }, "geometry": { "type": "Point", "coordinates": [ 139.66337969999995, 35.4183612 ] } },
{ "type": "Feature", "properties": { "内容": "シニアホテル横浜【特定施設入居者生活介護（有料老人ホーム）】神奈川県横浜市中区万代町2-3-3", "url": "https://www.kaigokensaku.mhlw.go.jp/14/index.php?action_kouhyou_detail_004_kani=true&JigyosyoCd=1470401231-00&ServiceCd=331&Type=search", "url2": "https://www.fureai-g.or.jp/senior-hotel" }, "geometry": { "type": "Point", "coordinates": [ 139.6354953, 35.4422608 ] } },
{ "type": "Feature", "properties": { "内容": "リアンレーヴ本牧【特定施設入居者生活介護（有料老人ホーム）】神奈川県横浜市中区本牧元町50-41", "url": "https://www.kaigokensaku.mhlw.go.jp/14/index.php?action_kouhyou_detail_004_kani=true&JigyosyoCd=1470402668-00&ServiceCd=331&Type=search", "url2": "https://www.kinoshita-kaigo.co.jp/facility/care_home/lien_reve_honmoku.html" }, "geometry": { "type": "Point", "coordinates": [ 139.668601399999943, 35.4172439 ] } },
{ "type": "Feature", "properties": { "内容": "メディカル・リハビリホームグランダ横濱三渓園【特定施設入居者生活介護（有料老人ホーム）】神奈川県横浜市中区本牧元町40番7号", "url": "https://www.kaigokensaku.mhlw.go.jp/14/index.php?action_kouhyou_detail_004_kani=true&JigyosyoCd=1470403286-00&ServiceCd=331&Type=search", "url2": "https://www.benesse-style-care.co.jp/" }, "geometry": { "type": "Point", "coordinates": [ 139.668166626983606, 35.419104625279118 ] } },
{ "type": "Feature", "properties": { "内容": "ツクイ・サンシャイン横浜野毛【特定施設入居者生活介護（有料老人ホーム）】神奈川県横浜市中区日ノ出町1-200", "url": "https://www.kaigokensaku.mhlw.go.jp/14/index.php?action_kouhyou_detail_004_kani=true&JigyosyoCd=1470402858-00&ServiceCd=331&Type=search", "url2": "http://www.tsukui.net/sunshine/yokohama-noge/" }, "geometry": { "type": "Point", "coordinates": [ 139.627208200000013, 35.4448474 ] } },
{ "type": "Feature", "properties": { "内容": "アズハイム横浜上大岡【特定施設入居者生活介護（有料老人ホーム）】神奈川県横浜市南区別所3丁目20番地16", "url": "https://www.kaigokensaku.mhlw.go.jp/14/index.php?action_kouhyou_detail_004_kani=true&JigyosyoCd=1470501618-00&ServiceCd=331&Type=search", "url2": "https://as-heim.com/facility/kamiooka/" }, "geometry": { "type": "Point", "coordinates": [ 139.587031, 35.4125699 ] } },
{ "type": "Feature", "properties": { "内容": "有料老人ホーム　サニーライフ永田台公園【特定施設入居者生活介護（有料老人ホーム）】神奈川県横浜市南区永田台9番3号", "url": "https://www.kaigokensaku.mhlw.go.jp/14/index.php?action_kouhyou_detail_004_kani=true&JigyosyoCd=1470502871-00&ServiceCd=331&Type=search", "url2": "http://www.sunnylife-group.co.jp/nagatadaikouen" }, "geometry": { "type": "Point", "coordinates": [ 139.58415059999993, 35.4352115 ] } },
{ "type": "Feature", "properties": { "内容": "エクセレント横濱桜並木【特定施設入居者生活介護（有料老人ホーム）】神奈川県横浜市南区井土ヶ谷中町30－3エクセレント横濱桜並木", "url": "https://www.kaigokensaku.mhlw.go.jp/14/index.php?action_kouhyou_detail_004_kani=true&JigyosyoCd=1470502962-00&ServiceCd=331&Type=search", "url2": "http://www.excare.co.jp/" }, "geometry": { "type": "Point", "coordinates": [ 139.603108645215343, 35.428162771174634 ] } },
{ "type": "Feature", "properties": { "内容": "リアンレーヴ上大岡【特定施設入居者生活介護（有料老人ホーム）】神奈川県横浜市南区別所3丁目26番3号", "url": "https://www.kaigokensaku.mhlw.go.jp/14/index.php?action_kouhyou_detail_004_kani=true&JigyosyoCd=1470502970-00&ServiceCd=331&Type=search", "url2": "https://www.kinoshita-kaigo.co.jp/facility/care_home/lien-reve_kamioooka.html" }, "geometry": { "type": "Point", "coordinates": [ 139.586983799999985, 35.4116755 ] } },
{ "type": "Feature", "properties": { "内容": "リアンレーヴ井土ヶ谷【特定施設入居者生活介護（有料老人ホーム）】神奈川県横浜市南区永田東1丁目4-10", "url": "https://www.kaigokensaku.mhlw.go.jp/14/index.php?action_kouhyou_detail_004_kani=true&JigyosyoCd=1470502988-00&ServiceCd=331&Type=search", "url2": "http://www.kinoshita-kaigo.co.jp/facility/care_home/lien-reve_idogaya.html" }, "geometry": { "type": "Point", "coordinates": [ 139.599993484313927, 35.434289494336312 ] } },
{ "type": "Feature", "properties": { "内容": "介護付有料老人ホームシニアフォレスト横浜南【特定施設入居者生活介護（有料老人ホーム）】神奈川県横浜市南区六ッ川1-693-18", "url": "https://www.kaigokensaku.mhlw.go.jp/14/index.php?action_kouhyou_detail_004_kani=true&JigyosyoCd=1470503127-00&ServiceCd=331&Type=search", "url2": "https://medicalcare-group.com/facility/sf-yokohama-minami/" }, "geometry": { "type": "Point", "coordinates": [ 139.585889835720849, 35.423643744296371 ] } },
{ "type": "Feature", "properties": { "内容": "サニーステージ横濱吉野町【特定施設入居者生活介護（有料老人ホーム）】神奈川県横浜市南区新川町5-28-2サニーステージ横濱吉野町", "url": "https://www.kaigokensaku.mhlw.go.jp/14/index.php?action_kouhyou_detail_004_kani=true&JigyosyoCd=1470501741-00&ServiceCd=331&Type=search", "url2": "https://www.sunnystage.com/facilities/yoshinocho" }, "geometry": { "type": "Point", "coordinates": [ 139.617553192357946, 35.43413251673244 ] } },
{ "type": "Feature", "properties": { "内容": "エクセルシオール横浜阪東橋【特定施設入居者生活介護（有料老人ホーム）】神奈川県横浜市南区真金町2-13", "url": "https://www.kaigokensaku.mhlw.go.jp/14/index.php?action_kouhyou_detail_004_kani=true&JigyosyoCd=1470502285-00&ServiceCd=331&Type=search", "url2": "https://www.excelsior-bandobashi.com/" }, "geometry": { "type": "Point", "coordinates": [ 139.628646612364264, 35.43718853595724 ] } },
{ "type": "Feature", "properties": { "内容": "はなことば南【特定施設入居者生活介護（有料老人ホーム）】神奈川県横浜市南区新川町2-4-38", "url": "https://www.kaigokensaku.mhlw.go.jp/14/index.php?action_kouhyou_detail_004_kani=true&JigyosyoCd=1470502830-00&ServiceCd=331&Type=search", "url2": "https://hanakotoba.co.jp/facility/minami.html" }, "geometry": { "type": "Point", "coordinates": [ 139.620929700000033, 35.4353366 ] } },
{ "type": "Feature", "properties": { "内容": "ニチイホーム上星川【特定施設入居者生活介護（有料老人ホーム）】神奈川県横浜市保土ケ谷区東川島町３－６ニチイホーム上星川", "url": "https://www.kaigokensaku.mhlw.go.jp/14/index.php?action_kouhyou_detail_004_kani=true&JigyosyoCd=1470600733-00&ServiceCd=331&Type=search", "url2": "http://www.nichii-home.jp/shisetsu/area/kanagawa/kamihosikawa.html" }, "geometry": { "type": "Point", "coordinates": [ 139.57395889999998, 35.4719207 ] } },
{ "type": "Feature", "properties": { "内容": "サニーステージ星川【特定施設入居者生活介護（有料老人ホーム）】神奈川県横浜市保土ケ谷区桜ケ丘２－３３－１", "url": "https://www.kaigokensaku.mhlw.go.jp/14/index.php?action_kouhyou_detail_004_kani=true&JigyosyoCd=1470600857-00&ServiceCd=331&Type=search", "url2": "http://www.sunnystage.com/facilities/hoshikawa" }, "geometry": { "type": "Point", "coordinates": [ 139.588777199999981, 35.4541126 ] } },
{ "type": "Feature", "properties": { "内容": "サンシティ横浜【特定施設入居者生活介護（有料老人ホーム）】神奈川県横浜市保土ケ谷区仏向町1625-1", "url": "https://www.kaigokensaku.mhlw.go.jp/14/index.php?action_kouhyou_detail_004_kani=true&JigyosyoCd=1470600923-00&ServiceCd=331&Type=search", "url2": "http://www.hcm-suncity.jp/suncity/yokohama/" }, "geometry": { "type": "Point", "coordinates": [ 139.570015500000011, 35.4600927 ] } },
{ "type": "Feature", "properties": { "内容": "介護付有料老人ホーム横浜エデンの園【特定施設入居者生活介護（有料老人ホーム）】神奈川県横浜市保土ヶ谷区岩井町207", "url": "https://www.kaigokensaku.mhlw.go.jp/14/index.php?action_kouhyou_detail_004_kani=true&JigyosyoCd=1470601475-00&ServiceCd=331&Type=search", "url2": "http://www.seirei.or.jp/eden/yokohama/" }, "geometry": { "type": "Point", "coordinates": [ 139.604003799999987, 35.4432523 ] } },
{ "type": "Feature", "properties": { "内容": "花珠の家ほどがや【特定施設入居者生活介護（有料老人ホーム）】神奈川県横浜市保土ヶ谷区西谷2-29-10", "url": "https://www.kaigokensaku.mhlw.go.jp/14/index.php?action_kouhyou_detail_004_kani=true&JigyosyoCd=1470601988-00&ServiceCd=331&Type=search", "url2": "https://hanadama-kaigo.jala.co.jp/rh/hodogaya/" }, "geometry": { "type": "Point", "coordinates": [ 139.572410415341096, 35.48054750621106 ] } },
{ "type": "Feature", "properties": { "内容": "グッドタイムナーシングホーム・保土ヶ谷【特定施設入居者生活介護（有料老人ホーム）】神奈川県横浜市保土ヶ谷区狩場町164-93", "url": "https://www.kaigokensaku.mhlw.go.jp/14/index.php?action_kouhyou_detail_004_kani=true&JigyosyoCd=1470602515-00&ServiceCd=331&Type=search", "url2": null }, "geometry": { "type": "Point", "coordinates": [ 139.578676500000029, 35.444658 ] } },
{ "type": "Feature", "properties": { "内容": "ツクイ・サンシャイン保土ヶ谷【特定施設入居者生活介護（有料老人ホーム）】神奈川県横浜市保土ヶ谷区狩場町164-37", "url": "https://www.kaigokensaku.mhlw.go.jp/14/index.php?action_kouhyou_detail_004_kani=true&JigyosyoCd=1470602572-00&ServiceCd=331&Type=search", "url2": "https://www.tsukui.net/sunshine/hodogaya/" }, "geometry": { "type": "Point", "coordinates": [ 139.5783377, 35.4441829 ] } },
{ "type": "Feature", "properties": { "内容": "アシステッドリビング保土ケ谷【特定施設入居者生活介護（有料老人ホーム）】神奈川県横浜市保土ヶ谷区峰沢町350-1", "url": "https://www.kaigokensaku.mhlw.go.jp/14/index.php?action_kouhyou_detail_004_kani=true&JigyosyoCd=1470602721-00&ServiceCd=331&Type=search", "url2": "https://www.zenwellness.co.jp/hodogaya/" }, "geometry": { "type": "Point", "coordinates": [ 139.596030441802981, 35.475203056013584 ] } },
{ "type": "Feature", "properties": { "内容": "フェリエドゥ　横浜鴨居【特定施設入居者生活介護（有料老人ホーム）】神奈川県横浜市保土ヶ谷区上菅田町１５９０－９", "url": "https://www.kaigokensaku.mhlw.go.jp/14/index.php?action_kouhyou_detail_004_kani=true&JigyosyoCd=1470601467-00&ServiceCd=331&Type=search", "url2": "https://www.like-cn.co.jp/" }, "geometry": { "type": "Point", "coordinates": [ 139.55674590000001, 35.4963339 ] } },
{ "type": "Feature", "properties": { "内容": "あいらの杜横浜国立大前【特定施設入居者生活介護（有料老人ホーム）】神奈川県横浜市保土ヶ谷区常盤台29-33", "url": "https://www.kaigokensaku.mhlw.go.jp/14/index.php?action_kouhyou_detail_004_kani=true&JigyosyoCd=1470602473-00&ServiceCd=331&Type=search", "url2": "https://www.halenosumai.jp/homes/20/" }, "geometry": { "type": "Point", "coordinates": [ 139.589607500000056, 35.471385 ] } },
{ "type": "Feature", "properties": { "内容": "ケア付高齢者住宅　ヴィンテージ・ヴィラ洋光台【特定施設入居者生活介護（有料老人ホーム）】神奈川県横浜市磯子区洋光台4-33-25ヴィンテージ・ヴィラ洋光台", "url": "https://www.kaigokensaku.mhlw.go.jp/14/index.php?action_kouhyou_detail_004_kani=true&JigyosyoCd=1470700145-00&ServiceCd=331&Type=search", "url2": "https://vintage-villa.net/yokodai/" }, "geometry": { "type": "Point", "coordinates": [ 139.604134899999963, 35.3767719 ] } },
{ "type": "Feature", "properties": { "内容": "花珠の家いそご南【特定施設入居者生活介護（有料老人ホーム）】神奈川県横浜市磯子区氷取沢町15-1", "url": "https://www.kaigokensaku.mhlw.go.jp/14/index.php?action_kouhyou_detail_004_kani=true&JigyosyoCd=1470702067-00&ServiceCd=331&Type=search", "url2": "https://hanadama-kaigo.jala.co.jp/rh/isogo-minami/" }, "geometry": { "type": "Point", "coordinates": [ 139.6101122, 35.365499 ] } },
{ "type": "Feature", "properties": { "内容": "花珠の家いそご【特定施設入居者生活介護（有料老人ホーム）】神奈川県横浜市磯子区上中里町715-2", "url": "https://www.kaigokensaku.mhlw.go.jp/14/index.php?action_kouhyou_detail_004_kani=true&JigyosyoCd=1470702083-00&ServiceCd=331&Type=search", "url2": "https://hanadama-kaigo.jala.co.jp/rh/isogo/" }, "geometry": { "type": "Point", "coordinates": [ 139.6122982, 35.3702737 ] } },
{ "type": "Feature", "properties": { "内容": "メディカル・リハビリホームくらら磯子【特定施設入居者生活介護（有料老人ホーム）】神奈川県横浜市磯子区磯子2-15-33", "url": "https://www.kaigokensaku.mhlw.go.jp/14/index.php?action_kouhyou_detail_004_kani=true&JigyosyoCd=1470700228-00&ServiceCd=331&Type=search", "url2": "https://kaigo.benesse-style-care.co.jp/area_kanagawa/yokohama/home_k-isogo" }, "geometry": { "type": "Point", "coordinates": [ 139.6229601, 35.4094655 ] } },
{ "type": "Feature", "properties": { "内容": "フェリエドゥ磯子【特定施設入居者生活介護（有料老人ホーム）】神奈川県横浜市磯子区磯子3丁目1番地2号", "url": "https://www.kaigokensaku.mhlw.go.jp/14/index.php?action_kouhyou_detail_004_kani=true&JigyosyoCd=1470701994-00&ServiceCd=331&Type=search", "url2": "https://www.like-cn.co.jp/homes/ferie-de/isogo.html" }, "geometry": { "type": "Point", "coordinates": [ 139.620793700000036, 35.4054383 ] } },
{ "type": "Feature", "properties": { "内容": "介護付有料老人ホームシニアフォレスト横浜磯子【特定施設入居者生活介護（有料老人ホーム）】神奈川県横浜市磯子区丸山1-14-5", "url": "https://www.kaigokensaku.mhlw.go.jp/14/index.php?action_kouhyou_detail_004_kani=true&JigyosyoCd=1470702174-00&ServiceCd=331&Type=search", "url2": "https://www.medicalcare-group.com/" }, "geometry": { "type": "Point", "coordinates": [ 139.654734139787621, 35.724207691834039 ] } },
{ "type": "Feature", "properties": { "内容": "サニーステージ　洋光台【特定施設入居者生活介護（有料老人ホーム）】神奈川県横浜市磯子区洋光台５－１－５横浜銀行洋光台支店ビル3～5階", "url": "https://www.kaigokensaku.mhlw.go.jp/14/index.php?action_kouhyou_detail_004_kani=true&JigyosyoCd=1470700624-00&ServiceCd=331&Type=search", "url2": "https://www.sunnystage.com/" }, "geometry": { "type": "Point", "coordinates": [ 139.595588499999963, 35.3778298 ] } },
{ "type": "Feature", "properties": { "内容": "SOMPOケアラヴィーレ横浜洋光台【特定施設入居者生活介護（有料老人ホーム）】神奈川県横浜市磯子区洋光台2-3-19", "url": "https://www.kaigokensaku.mhlw.go.jp/14/index.php?action_kouhyou_detail_004_kani=true&JigyosyoCd=1470702000-00&ServiceCd=331&Type=search", "url2": "https://www.sompocare.com/service/home/kaigo/H000008" }, "geometry": { "type": "Point", "coordinates": [ 139.590641958213041, 35.3831694722628 ] } },
{ "type": "Feature", "properties": { "内容": "メディカルホームグランダ金沢文庫【特定施設入居者生活介護（有料老人ホーム）】神奈川県横浜市金沢区谷津町84-3", "url": "https://www.kaigokensaku.mhlw.go.jp/14/index.php?action_kouhyou_detail_004_kani=true&JigyosyoCd=1470802107-00&ServiceCd=331&Type=search", "url2": "https://kaigo.benesse-style-care.co.jp/area_kanagawa/yokohama/home_gd-kanazawabunko" }, "geometry": { "type": "Point", "coordinates": [ 139.625369200000023, 35.3466628 ] } },
{ "type": "Feature", "properties": { "内容": "介護付有料老人ホーム　シニアフォレスト横浜金沢【特定施設入居者生活介護（有料老人ホーム）】神奈川県横浜市金沢区東朝比奈3-24-5", "url": "https://www.kaigokensaku.mhlw.go.jp/14/index.php?action_kouhyou_detail_004_kani=true&JigyosyoCd=1470802321-00&ServiceCd=331&Type=search", "url2": "http://www.medicalcare-group.com/kh/index_copy_copy.html" }, "geometry": { "type": "Point", "coordinates": [ 139.600877, 35.3287223 ] } },
{ "type": "Feature", "properties": { "内容": "有料老人ホーム　サニーライフ金沢八景【特定施設入居者生活介護（有料老人ホーム）】神奈川県横浜市金沢区大川7-32", "url": "https://www.kaigokensaku.mhlw.go.jp/14/index.php?action_kouhyou_detail_004_kani=true&JigyosyoCd=1470802420-00&ServiceCd=331&Type=search", "url2": "http://www.sunnylife-group.co.jp/" }, "geometry": { "type": "Point", "coordinates": [ 139.613559200000026, 35.3351195 ] } },
{ "type": "Feature", "properties": { "内容": "リアンレーヴ金沢八景【特定施設入居者生活介護（有料老人ホーム）】神奈川県横浜市金沢区大道2-14-17", "url": "https://www.kaigokensaku.mhlw.go.jp/14/index.php?action_kouhyou_detail_004_kani=true&JigyosyoCd=1470802651-00&ServiceCd=331&Type=search", "url2": "https://www.kinoshita-kaigo.co.jp/facility/care_home/lien_reve_kanazawahakkei.html" }, "geometry": { "type": "Point", "coordinates": [ 139.6056288, 35.3269562 ] } },
{ "type": "Feature", "properties": { "内容": "花珠の家かなざわ新館【特定施設入居者生活介護（有料老人ホーム）】神奈川県横浜市金沢区釜利谷南2-9-10", "url": "https://www.kaigokensaku.mhlw.go.jp/14/index.php?action_kouhyou_detail_004_kani=true&JigyosyoCd=1470802719-00&ServiceCd=331&Type=search", "url2": "https://hanadama-kaigo.jala.co.jp/rh/kanazawa-shinkan/" }, "geometry": { "type": "Point", "coordinates": [ 139.709533, 35.676253 ] } },
{ "type": "Feature", "properties": { "内容": "すいとぴー金沢八景【特定施設入居者生活介護（有料老人ホーム）】神奈川県横浜市金沢区瀬戸７－１０", "url": "https://www.kaigokensaku.mhlw.go.jp/14/index.php?action_kouhyou_detail_004_kani=true&JigyosyoCd=1470801315-00&ServiceCd=331&Type=search", "url2": "http://sweetpea.co.jp/business/nursinghome-kanazawahakkei" }, "geometry": { "type": "Point", "coordinates": [ 139.6236166, 35.3285873 ] } },
{ "type": "Feature", "properties": { "内容": "花珠の家かなざわ【特定施設入居者生活介護（有料老人ホーム）】神奈川県横浜市金沢区釜利谷南2-9-26", "url": "https://www.kaigokensaku.mhlw.go.jp/14/index.php?action_kouhyou_detail_004_kani=true&JigyosyoCd=1470800226-00&ServiceCd=331&Type=search", "url2": "https://jala.co.jp/" }, "geometry": { "type": "Point", "coordinates": [ 139.607371928219663, 35.336802366420706 ] } },
{ "type": "Feature", "properties": { "内容": "グランダ金沢八景【特定施設入居者生活介護（有料老人ホーム）】神奈川県横浜市金沢区六浦三丁目9番1号", "url": "https://www.kaigokensaku.mhlw.go.jp/14/index.php?action_kouhyou_detail_004_kani=true&JigyosyoCd=1470801828-00&ServiceCd=331&Type=search", "url2": "https://kaigo.benesse-style-care.co.jp/area_kanagawa/yokohama/home_gd-kanazawahakkei" }, "geometry": { "type": "Point", "coordinates": [ 139.6114705, 35.329906 ] } },
{ "type": "Feature", "properties": { "内容": "SOMPOケア　ラヴィーレ金沢八景【特定施設入居者生活介護（有料老人ホーム）】神奈川県横浜市金沢区六浦五丁目8番地8号", "url": "https://www.kaigokensaku.mhlw.go.jp/14/index.php?action_kouhyou_detail_004_kani=true&JigyosyoCd=1470802438-00&ServiceCd=331&Type=search", "url2": "https://www.sompocare.com/service/home/kaigo/H000068" }, "geometry": { "type": "Point", "coordinates": [ 139.6124287, 35.3247288 ] } },
{ "type": "Feature", "properties": { "内容": "チャームスイート能見台【特定施設入居者生活介護（有料老人ホーム）】神奈川県横浜市金沢区能見台２丁目１番地４", "url": "https://www.kaigokensaku.mhlw.go.jp/14/index.php?action_kouhyou_detail_004_kani=true&JigyosyoCd=1470802982-00&ServiceCd=331&Type=search", "url2": "https://www.charmcc.jp/home/charmsuite_nokendai/" }, "geometry": { "type": "Point", "coordinates": [ 139.613132922695684, 35.357378894397549 ] } },
{ "type": "Feature", "properties": { "内容": "ライフコミューン綱島【特定施設入居者生活介護（有料老人ホーム）】神奈川県横浜市港北区綱島西5‐20‐8", "url": "https://www.kaigokensaku.mhlw.go.jp/14/index.php?action_kouhyou_detail_004_kani=true&JigyosyoCd=1470900232-00&ServiceCd=331&Type=search", "url2": "http://www.kinoshita-kaigo.co.jp/facility/care_home/life-commune_tsunashima.html" }, "geometry": { "type": "Point", "coordinates": [ 139.633398599999964, 35.5450767 ] } },
{ "type": "Feature", "properties": { "内容": "有料老人ホーム　サニーライフ綱島【特定施設入居者生活介護（有料老人ホーム）】神奈川県横浜市港北区綱島西３－４－１６", "url": "https://www.kaigokensaku.mhlw.go.jp/14/index.php?action_kouhyou_detail_004_kani=true&JigyosyoCd=1470901396-00&ServiceCd=331&Type=search", "url2": "http://www.sunnylife-group.co.jp/" }, "geometry": { "type": "Point", "coordinates": [ 139.629479700000047, 35.5372975 ] } },
{ "type": "Feature", "properties": { "内容": "ニチイホーム大倉山【特定施設入居者生活介護（有料老人ホーム）】神奈川県横浜市港北区樽町1-22-6ニチイホーム大倉山", "url": "https://www.kaigokensaku.mhlw.go.jp/14/index.php?action_kouhyou_detail_004_kani=true&JigyosyoCd=1470901412-00&ServiceCd=331&Type=search", "url2": "https://www.nichii-carepalace.co.jp/shisetsu/area/kanagawa/okurayama.html" }, "geometry": { "type": "Point", "coordinates": [ 139.63336890000005, 35.5147304 ] } },
{ "type": "Feature", "properties": { "内容": "介護付有料老人ホーム　すこや家・北新横浜【特定施設入居者生活介護（有料老人ホーム）】神奈川県横浜市港北区北新横浜2-3-1", "url": "https://www.kaigokensaku.mhlw.go.jp/14/index.php?action_kouhyou_detail_004_kani=true&JigyosyoCd=1470901750-00&ServiceCd=331&Type=search", "url2": null }, "geometry": { "type": "Point", "coordinates": [ 139.615204, 35.5165494 ] } },
{ "type": "Feature", "properties": { "内容": "はなことば新横浜２号館【特定施設入居者生活介護（有料老人ホーム）】神奈川県横浜市港北区新横浜1-11-11福祉総合ビル", "url": "https://www.kaigokensaku.mhlw.go.jp/14/index.php?action_kouhyou_detail_004_kani=true&JigyosyoCd=1470903624-00&ServiceCd=331&Type=search", "url2": "https://hanakotoba.co.jp/facility/shinyokohama2.html" }, "geometry": { "type": "Point", "coordinates": [ 139.612896299999989, 35.5048311 ] } },
{ "type": "Feature", "properties": { "内容": "チャームスイート新横浜【特定施設入居者生活介護（有料老人ホーム）】神奈川県横浜市港北区鳥山町674番地", "url": "https://www.kaigokensaku.mhlw.go.jp/14/index.php?action_kouhyou_detail_004_kani=true&JigyosyoCd=1470903913-00&ServiceCd=331&Type=search", "url2": "https://www.charmcc.jp/home/charmsuite_shinyokohama/" }, "geometry": { "type": "Point", "coordinates": [ 139.6041055, 35.5024906 ] } },
{ "type": "Feature", "properties": { "内容": "介護付有料老人ホームシニアフォレスト横浜港北【特定施設入居者生活介護（有料老人ホーム）】神奈川県横浜市港北区下田町6-30-33", "url": "https://www.kaigokensaku.mhlw.go.jp/14/index.php?action_kouhyou_detail_004_kani=true&JigyosyoCd=1470903822-00&ServiceCd=331&Type=search", "url2": "https://www.medicalcare-group.com" }, "geometry": { "type": "Point", "coordinates": [ 139.626336897553301, 35.559315895699122 ] } },
{ "type": "Feature", "properties": { "内容": "カーサプラチナ日吉【特定施設入居者生活介護（有料老人ホーム）】神奈川県横浜市港北区箕輪町3-2-7", "url": "https://www.kaigokensaku.mhlw.go.jp/14/index.php?action_kouhyou_detail_004_kani=true&JigyosyoCd=1470903160-00&ServiceCd=331&Type=search", "url2": "http://www.platinum-care.jp/hiyoshi/" }, "geometry": { "type": "Point", "coordinates": [ 139.644769600000018, 35.549212 ] } },
{ "type": "Feature", "properties": { "内容": "SOMPOケアラヴィーレ　綱島【特定施設入居者生活介護（有料老人ホーム）】神奈川県横浜市港北区新吉田東8-16-33SOMPOケアラヴィーレ綱島", "url": "https://www.kaigokensaku.mhlw.go.jp/14/index.php?action_kouhyou_detail_004_kani=true&JigyosyoCd=1470903731-00&ServiceCd=331&Type=search", "url2": "https://www.sompocare.com/service/home/kaigo/H000030" }, "geometry": { "type": "Point", "coordinates": [ 139.613650799999959, 35.5370557 ] } },
{ "type": "Feature", "properties": { "内容": "はなことば新横浜【特定施設入居者生活介護（有料老人ホーム）】神奈川県横浜市港北区新横浜1-11-5", "url": "https://www.kaigokensaku.mhlw.go.jp/14/index.php?action_kouhyou_detail_004_kani=true&JigyosyoCd=1470903616-00&ServiceCd=331&Type=search", "url2": "https://www.hanakotoba.co.jp/facility/shinyokohama.html" }, "geometry": { "type": "Point", "coordinates": [ 139.612571399999979, 35.5048255 ] } },
{ "type": "Feature", "properties": { "内容": "せらび新横浜【特定施設入居者生活介護（有料老人ホーム）】神奈川県横浜市港北区北新横浜２－２－３", "url": "https://www.kaigokensaku.mhlw.go.jp/14/index.php?action_kouhyou_detail_004_kani=true&JigyosyoCd=1470904127-00&ServiceCd=331&Type=search", "url2": "https://solasto-kaigo.com/service/home/shinyokohama" }, "geometry": { "type": "Point", "coordinates": [ 139.614734695106506, 35.516555664495449 ] } },
{ "type": "Feature", "properties": { "内容": "コミュニティハウス　すいとぴー　新横浜【特定施設入居者生活介護（有料老人ホーム）】神奈川県横浜市港北区北新横浜2丁目3番6号", "url": "https://www.kaigokensaku.mhlw.go.jp/14/index.php?action_kouhyou_detail_004_kani=true&JigyosyoCd=1470901313-00&ServiceCd=331&Type=search", "url2": "http://sweetpea.co.jp/business/nursinghome-shinyokohama" }, "geometry": { "type": "Point", "coordinates": [ 139.615681799999948, 35.516305 ] } },
{ "type": "Feature", "properties": { "内容": "有料老人ホーム　シニアホテル東戸塚　イーストウイング【特定施設入居者生活介護（有料老人ホーム）】神奈川県横浜市戸塚区上品濃16-8", "url": "https://www.kaigokensaku.mhlw.go.jp/14/index.php?action_kouhyou_detail_004_kani=true&JigyosyoCd=1471001956-00&ServiceCd=331&Type=search", "url2": "https://www.fureai-g.or.jp/ht-senior/east" }, "geometry": { "type": "Point", "coordinates": [ 139.548049491401684, 35.438642800248637 ] } },
{ "type": "Feature", "properties": { "内容": "介護付き有料老人ホームシニアフォレスト横浜戸塚【特定施設入居者生活介護（有料老人ホーム）】神奈川県横浜市戸塚区俣野町461", "url": "https://www.kaigokensaku.mhlw.go.jp/14/index.php?action_kouhyou_detail_004_kani=true&JigyosyoCd=1471002889-00&ServiceCd=331&Type=search", "url2": "https://medicalcare-group.com/facility/sf-yokohama-totsuka/" }, "geometry": { "type": "Point", "coordinates": [ 139.498426900000027, 35.381876 ] } },
{ "type": "Feature", "properties": { "内容": "戸塚共立ゆかりの里【特定施設入居者生活介護（有料老人ホーム）】神奈川県横浜市戸塚区戸塚町157-3ONEFORALL横浜　3・4・5階", "url": "https://www.kaigokensaku.mhlw.go.jp/14/index.php?action_kouhyou_detail_004_kani=true&JigyosyoCd=1471003366-00&ServiceCd=331&Type=search", "url2": "https://www.ofa-yokohama.com/nursinghome/" }, "geometry": { "type": "Point", "coordinates": [ 139.532317051589985, 35.396441130759712 ] } },
{ "type": "Feature", "properties": { "内容": "すいとぴー東戸塚【特定施設入居者生活介護（有料老人ホーム）】神奈川県横浜市戸塚区品濃町881-33", "url": "https://www.kaigokensaku.mhlw.go.jp/14/index.php?action_kouhyou_detail_004_kani=true&JigyosyoCd=1471003440-00&ServiceCd=331&Type=search", "url2": "http://sweetpea.co.jp/business/nursinghome-higashitotsuka" }, "geometry": { "type": "Point", "coordinates": [ 139.55473408442117, 35.433997310304647 ] } },
{ "type": "Feature", "properties": { "内容": "リアンレーヴ東戸塚【特定施設入居者生活介護（有料老人ホーム）】神奈川県横浜市戸塚区名瀬町508-1", "url": "https://www.kaigokensaku.mhlw.go.jp/14/index.php?action_kouhyou_detail_004_kani=true&JigyosyoCd=1471003523-00&ServiceCd=331&Type=search", "url2": "https://www.kinoshita-kaigo.co.jp/facility/care_home/lien_reve_higashitotuka.html" }, "geometry": { "type": "Point", "coordinates": [ 139.540904400000045, 35.4260755 ] } },
{ "type": "Feature", "properties": { "内容": "アズハイム横浜戸塚【特定施設入居者生活介護（有料老人ホーム）】神奈川県横浜市戸塚区汲沢町1047", "url": "https://www.kaigokensaku.mhlw.go.jp/14/index.php?action_kouhyou_detail_004_kani=true&JigyosyoCd=1471003622-00&ServiceCd=331&Type=search", "url2": "https://as-heim.com/" }, "geometry": { "type": "Point", "coordinates": [ 139.517290433176953, 35.389284454275483 ] } },
{ "type": "Feature", "properties": { "内容": "花珠の家ひがしとつか【特定施設入居者生活介護（有料老人ホーム）】神奈川県横浜市戸塚区品濃町509-1", "url": "https://www.kaigokensaku.mhlw.go.jp/14/index.php?action_kouhyou_detail_004_kani=true&JigyosyoCd=1471003630-00&ServiceCd=331&Type=search", "url2": "https://jala.co.jp/facility/hd-higashitotsuka/" }, "geometry": { "type": "Point", "coordinates": [ 139.558615, 35.4260676 ] } },
{ "type": "Feature", "properties": { "内容": "ツクイ・サンシャイン横浜戸塚【特定施設入居者生活介護（有料老人ホーム）】神奈川県横浜市戸塚区東俣野町15-1", "url": "https://www.kaigokensaku.mhlw.go.jp/14/index.php?action_kouhyou_detail_004_kani=true&JigyosyoCd=1471003671-00&ServiceCd=331&Type=search", "url2": "https://www.tsukui.net/sunshine/yokohama-totsuka/" }, "geometry": { "type": "Point", "coordinates": [ 139.4936467, 35.3595707 ] } },
{ "type": "Feature", "properties": { "内容": "リアンレーヴ芹が谷【特定施設入居者生活介護（有料老人ホーム）】神奈川県横浜市戸塚区平戸町1142-1リアンレーヴ芹が谷", "url": "https://www.kaigokensaku.mhlw.go.jp/14/index.php?action_kouhyou_detail_004_kani=true&JigyosyoCd=1471003853-00&ServiceCd=331&Type=search", "url2": "https://www.kinoshita-kaigo.co.jp/facility/care_home/lien-reve_serigaya.html" }, "geometry": { "type": "Point", "coordinates": [ 139.570456900000011, 35.4193511 ] } },
{ "type": "Feature", "properties": { "内容": "はなことば南戸塚【特定施設入居者生活介護（有料老人ホーム）】神奈川県横浜市戸塚区戸塚町2961-1", "url": "https://www.kaigokensaku.mhlw.go.jp/14/index.php?action_kouhyou_detail_004_kani=true&JigyosyoCd=1471003895-00&ServiceCd=331&Type=search", "url2": "https://hanakotoba.co.jp/facility/minamitotsuka.html" }, "geometry": { "type": "Point", "coordinates": [ 139.5207016, 35.384433 ] } },
{ "type": "Feature", "properties": { "内容": "ニチイホーム戸塚【特定施設入居者生活介護（有料老人ホーム）】神奈川県横浜市戸塚区吉田町883-1", "url": "https://www.kaigokensaku.mhlw.go.jp/14/index.php?action_kouhyou_detail_004_kani=true&JigyosyoCd=1470500792-00&ServiceCd=331&Type=search", "url2": "https://www.nichii-carepalace.co.jp/shisetsu/area/kanagawa/totsuka.html" }, "geometry": { "type": "Point", "coordinates": [ 139.538440489501852, 35.408700428813155 ] } },
{ "type": "Feature", "properties": { "内容": "ミモザ横濱紅葉苑【特定施設入居者生活介護（有料老人ホーム）】神奈川県横浜市戸塚区原宿2-1-13", "url": "https://www.kaigokensaku.mhlw.go.jp/14/index.php?action_kouhyou_detail_004_kani=true&JigyosyoCd=1471003028-00&ServiceCd=331&Type=search", "url2": "https://mimoza-care.com/facility/paid-nursing-home/post-2250/" }, "geometry": { "type": "Point", "coordinates": [ 139.74260240000001, 36.098012 ] } },
{ "type": "Feature", "properties": { "内容": "はなことばナーシング戸塚【特定施設入居者生活介護（有料老人ホーム）】神奈川県横浜市戸塚区吉田町1868-9はなことばナーシング戸塚", "url": "https://www.kaigokensaku.mhlw.go.jp/14/index.php?action_kouhyou_detail_004_kani=true&JigyosyoCd=1471003143-00&ServiceCd=331&Type=search", "url2": "http://www.hanakotoba.co.jp" }, "geometry": { "type": "Point", "coordinates": [ 139.5420124, 35.3988462 ] } },
{ "type": "Feature", "properties": { "内容": "ＳＯＭＰＯケア　ラヴィーレ戸塚【特定施設入居者生活介護（有料老人ホーム）】神奈川県横浜市戸塚区吉田町２０１４−１", "url": "https://www.kaigokensaku.mhlw.go.jp/14/index.php?action_kouhyou_detail_004_kani=true&JigyosyoCd=1471003473-00&ServiceCd=331&Type=search", "url2": "https://www.sompocare.com/service/home/kaigo/H000060" }, "geometry": { "type": "Point", "coordinates": [ 139.540108164085837, 35.398921451009485 ] } },
{ "type": "Feature", "properties": { "内容": "メディカル・リハビリホームくらら戸塚【特定施設入居者生活介護（有料老人ホーム）】神奈川県横浜市戸塚区上倉田町865-1", "url": "https://www.kaigokensaku.mhlw.go.jp/14/index.php?action_kouhyou_detail_004_kani=true&JigyosyoCd=1471000412-00&ServiceCd=331&Type=search", "url2": "http://kaigo.benesse-style-care.co.jp/area_kanagawa/yokohama/home_k-totuka" }, "geometry": { "type": "Point", "coordinates": [ 139.5393348, 35.3973213 ] } },
{ "type": "Feature", "properties": { "内容": "クラシックレジデンス東戸塚【特定施設入居者生活介護（有料老人ホーム）】神奈川県横浜市戸塚区上品濃1-18", "url": "https://www.kaigokensaku.mhlw.go.jp/14/index.php?action_kouhyou_detail_004_kani=true&JigyosyoCd=1471002129-00&ServiceCd=331&Type=search", "url2": "https://camellia-kai.com/wRHqFSeT/2VjLE--l" }, "geometry": { "type": "Point", "coordinates": [ 139.553444200000058, 35.4339414 ] } },
{ "type": "Feature", "properties": { "内容": "ニチイケアセンター横浜戸塚【特定施設入居者生活介護（有料老人ホーム）】神奈川県横浜市戸塚区深谷町1413-1", "url": "https://www.kaigokensaku.mhlw.go.jp/14/index.php?action_kouhyou_detail_004_kani=true&JigyosyoCd=1471002566-00&ServiceCd=331&Type=search", "url2": "http://www.nichii-kaigo.jp/base/base-result/05P04/" }, "geometry": { "type": "Point", "coordinates": [ 139.495360500000061, 35.3892249 ] } },
{ "type": "Feature", "properties": { "内容": "有料老人ホームサニーライフ東戸塚【特定施設入居者生活介護（有料老人ホーム）】神奈川県横浜市戸塚区前田町506-14", "url": "https://www.kaigokensaku.mhlw.go.jp/14/index.php?action_kouhyou_detail_004_kani=true&JigyosyoCd=1471003150-00&ServiceCd=331&Type=search", "url2": "http://www.sunnylife-group.co.jp/" }, "geometry": { "type": "Point", "coordinates": [ 128.966381, 35.1100989 ] } },
{ "type": "Feature", "properties": { "内容": "SOMPOケアラヴィーレ横浜緑園都市【特定施設入居者生活介護（有料老人ホーム）】神奈川県横浜市戸塚区名瀬町2460番地3ラヴィーレ横浜緑園都市", "url": "https://www.kaigokensaku.mhlw.go.jp/14/index.php?action_kouhyou_detail_004_kani=true&JigyosyoCd=1471003465-00&ServiceCd=331&Type=search", "url2": "https://www.sompocare.com/service/home/kaigo/H000015/" }, "geometry": { "type": "Point", "coordinates": [ 139.5301323, 35.4374103 ] } },
{ "type": "Feature", "properties": { "内容": "ミモザ横濱楓苑【特定施設入居者生活介護（有料老人ホーム）】神奈川県横浜市戸塚区原宿2丁目5-4", "url": "https://www.kaigokensaku.mhlw.go.jp/14/index.php?action_kouhyou_detail_004_kani=true&JigyosyoCd=1471003804-00&ServiceCd=331&Type=search", "url2": "https://www.mimoza-care.jp/base/yokohama-kaedeen.html" }, "geometry": { "type": "Point", "coordinates": [ 139.5065698, 35.3765207 ] } },
{ "type": "Feature", "properties": { "内容": "くらら上大岡【特定施設入居者生活介護（有料老人ホーム）】神奈川県横浜市港南区上永谷1-38-4", "url": "https://www.kaigokensaku.mhlw.go.jp/14/index.php?action_kouhyou_detail_004_kani=true&JigyosyoCd=1473100400-00&ServiceCd=331&Type=search", "url2": "https://kaigo.benesse-style-care.co.jp/area_kanagawa/yokohama/home_k-kamioooka" }, "geometry": { "type": "Point", "coordinates": [ 139.578387300000031, 35.4048958 ] } },
{ "type": "Feature", "properties": { "内容": "介護付有料老人ホーム　ハートウォーム港南台【特定施設入居者生活介護（有料老人ホーム）】神奈川県横浜市港南区港南台7-34-7ハートウォーム港南台", "url": "https://www.kaigokensaku.mhlw.go.jp/14/index.php?action_kouhyou_detail_004_kani=true&JigyosyoCd=1473102141-00&ServiceCd=331&Type=search", "url2": "http://www.heart-warm.com/" }, "geometry": { "type": "Point", "coordinates": [ 139.591086098147599, 35.37213479357964 ] } },
{ "type": "Feature", "properties": { "内容": "グッドタイムナーシングホーム・港南台【特定施設入居者生活介護（有料老人ホーム）】神奈川県横浜市港南区港南台6-5-30", "url": "https://www.kaigokensaku.mhlw.go.jp/14/index.php?action_kouhyou_detail_004_kani=true&JigyosyoCd=1473102851-00&ServiceCd=331&Type=search", "url2": "http://www.goodtimehome.com/" }, "geometry": { "type": "Point", "coordinates": [ 139.585681099999988, 35.3723594 ] } },
{ "type": "Feature", "properties": { "内容": "すいとぴー港南台mio【特定施設入居者生活介護（有料老人ホーム）】神奈川県横浜市港南区港南台六丁目23番9号", "url": "https://www.kaigokensaku.mhlw.go.jp/14/index.php?action_kouhyou_detail_004_kani=true&JigyosyoCd=1473101432-00&ServiceCd=331&Type=search", "url2": "http://sweetpea.co.jp/business/nursinghome-konandai" }, "geometry": { "type": "Point", "coordinates": [ 139.585895, 35.3670975 ] } },
{ "type": "Feature", "properties": { "内容": "ライフコミューン上大岡【特定施設入居者生活介護（有料老人ホーム）】神奈川県横浜市港南区日野６丁目１１－３", "url": "https://www.kaigokensaku.mhlw.go.jp/14/index.php?action_kouhyou_detail_004_kani=true&JigyosyoCd=1473100210-00&ServiceCd=331&Type=search", "url2": "https://www.kinoshita-kaigo.co.jp" }, "geometry": { "type": "Point", "coordinates": [ 139.584450699999934, 35.4070594 ] } },
{ "type": "Feature", "properties": { "内容": "そんぽの家　横浜港南台【特定施設入居者生活介護（有料老人ホーム）】神奈川県横浜市港南区日野中央2-32-46", "url": "https://www.kaigokensaku.mhlw.go.jp/14/index.php?action_kouhyou_detail_004_kani=true&JigyosyoCd=1473100947-00&ServiceCd=331&Type=search", "url2": "https://www.sompocare.com/service/home/kaigo/H000191" }, "geometry": { "type": "Point", "coordinates": [ 139.58552, 35.3834734 ] } },
{ "type": "Feature", "properties": { "内容": "SOMPOケア　そんぽの家　港南台【特定施設入居者生活介護（有料老人ホーム）】神奈川県横浜市港南区日野中央３－１６－７", "url": "https://www.kaigokensaku.mhlw.go.jp/14/index.php?action_kouhyou_detail_004_kani=true&JigyosyoCd=1473101150-00&ServiceCd=331&Type=search", "url2": "https://www.sompocare.com/service/home/kaigo/H000224" }, "geometry": { "type": "Point", "coordinates": [ 139.587194899999986, 35.3801654 ] } },
{ "type": "Feature", "properties": { "内容": "ニチイケアセンター港南台【特定施設入居者生活介護（有料老人ホーム）】神奈川県横浜市港南区港南台4丁目27-3", "url": "https://www.kaigokensaku.mhlw.go.jp/14/index.php?action_kouhyou_detail_004_kani=true&JigyosyoCd=1473102406-00&ServiceCd=331&Type=search", "url2": "https://www.nichii-kaigo.jp/base/base-result/05q54/" }, "geometry": { "type": "Point", "coordinates": [ 139.57359329999997, 35.3768769 ] } },
{ "type": "Feature", "properties": { "内容": "花珠の家こうなん【特定施設入居者生活介護（有料老人ホーム）】神奈川県横浜市港南区下永谷2-28-17", "url": "https://www.kaigokensaku.mhlw.go.jp/14/index.php?action_kouhyou_detail_004_kani=true&JigyosyoCd=1473102745-00&ServiceCd=331&Type=search", "url2": "https://jala.co.jp/facility/hd-kounan" }, "geometry": { "type": "Point", "coordinates": [ 139.562216400000011, 35.4109088 ] } },
{ "type": "Feature", "properties": { "内容": "グッドタイムホーム・港南中央【特定施設入居者生活介護（有料老人ホーム）】神奈川県横浜市港南区日野中央1-6-38", "url": "https://www.kaigokensaku.mhlw.go.jp/14/index.php?action_kouhyou_detail_004_kani=true&JigyosyoCd=1473103180-00&ServiceCd=331&Type=search", "url2": "http://www.goodtimehome.com/shuto/k-kounanchuo.php" }, "geometry": { "type": "Point", "coordinates": [ 139.585188399999964, 35.393021200000021 ] } },
{ "type": "Feature", "properties": { "内容": "リアンレーヴ港南台【特定施設入居者生活介護（有料老人ホーム）】神奈川県横浜市港南区日野八丁目10番17号", "url": "https://www.kaigokensaku.mhlw.go.jp/14/index.php?action_kouhyou_detail_004_kani=true&JigyosyoCd=1473103248-00&ServiceCd=331&Type=search", "url2": "https://www.kinoshita-kaigo.co.jp/facility/care_home/lien-reve_konandai.html" }, "geometry": { "type": "Point", "coordinates": [ 139.576463499999988, 35.3843398 ] } },
{ "type": "Feature", "properties": { "内容": "ALSOKケアホーム横浜港南台【特定施設入居者生活介護（有料老人ホーム）】神奈川県横浜市港南区日野中央3-15-2", "url": "https://www.kaigokensaku.mhlw.go.jp/14/index.php?action_kouhyou_detail_004_kani=true&JigyosyoCd=1473103362-00&ServiceCd=331&Type=search", "url2": "https://kaigo.alsok.co.jp" }, "geometry": { "type": "Point", "coordinates": [ 139.586734400000012, 35.3800615 ] } },
{ "type": "Feature", "properties": { "内容": "ラ・ナシカ　上大岡【特定施設入居者生活介護（有料老人ホーム）】神奈川県横浜市港南区大久保2-21-28", "url": "https://www.kaigokensaku.mhlw.go.jp/14/index.php?action_kouhyou_detail_004_kani=true&JigyosyoCd=1473102471-00&ServiceCd=331&Type=search", "url2": "https://www.cedar-group.co.jp" }, "geometry": { "type": "Point", "coordinates": [ 139.586697700000059, 35.408717500000016 ] } },
{ "type": "Feature", "properties": { "内容": "フローレンスケア港南台【特定施設入居者生活介護（有料老人ホーム）】神奈川県横浜市港南区港南台6-5-13", "url": "https://www.kaigokensaku.mhlw.go.jp/14/index.php?action_kouhyou_detail_004_kani=true&JigyosyoCd=1473101069-00&ServiceCd=331&Type=search", "url2": "https://www.good-care.jp/facilities/kounandai/" }, "geometry": { "type": "Point", "coordinates": [ 139.586500500000056, 35.3723747 ] } },
{ "type": "Feature", "properties": { "内容": "ホームステーションらいふ二俣川【特定施設入居者生活介護（有料老人ホーム）】神奈川県横浜市旭区本宿町66-2", "url": "https://www.kaigokensaku.mhlw.go.jp/14/index.php?action_kouhyou_detail_004_kani=true&JigyosyoCd=1473200804-00&ServiceCd=331&Type=search", "url2": "https://www.life-silver.com/life_facility/kanagawa/futamatagawa.html" }, "geometry": { "type": "Point", "coordinates": [ 139.542575700000043, 35.4627295 ] } },
{ "type": "Feature", "properties": { "内容": "リハビリホームグランダ鶴ケ峰【特定施設入居者生活介護（有料老人ホーム）】神奈川県横浜市旭区西川島町60-4", "url": "https://www.kaigokensaku.mhlw.go.jp/14/index.php?action_kouhyou_detail_004_kani=true&JigyosyoCd=1470600725-00&ServiceCd=331&Type=search", "url2": "https://kaigo.benesse-style-care.co.jp/area_kanagawa/yokohama/home_gd-tsurugamine" }, "geometry": { "type": "Point", "coordinates": [ 139.553169746490539, 35.47229385027989 ] } },
{ "type": "Feature", "properties": { "内容": "中銀ライフケア横浜希望ケ丘【特定施設入居者生活介護（有料老人ホーム）】神奈川県横浜市旭区東希望が丘１４８", "url": "https://www.kaigokensaku.mhlw.go.jp/14/index.php?action_kouhyou_detail_004_kani=true&JigyosyoCd=1473200291-00&ServiceCd=331&Type=search", "url2": "http://www.lifecarehome.co.jp/" }, "geometry": { "type": "Point", "coordinates": [ 139.510125499999958, 35.4629239 ] } },
{ "type": "Feature", "properties": { "内容": "ヴィンテージ・ヴィラ横浜【特定施設入居者生活介護（有料老人ホーム）】神奈川県横浜市旭区若葉台４－２６", "url": "https://www.kaigokensaku.mhlw.go.jp/14/index.php?action_kouhyou_detail_004_kani=true&JigyosyoCd=1473200333-00&ServiceCd=331&Type=search", "url2": "http://vintage-villa.net/yokohama/" }, "geometry": { "type": "Point", "coordinates": [ 139.494311399999987, 35.5065327 ] } },
{ "type": "Feature", "properties": { "内容": "トレクォーレ横浜若葉台【特定施設入居者生活介護（有料老人ホーム）】神奈川県横浜市旭区若葉台４－３６－１", "url": "https://www.kaigokensaku.mhlw.go.jp/14/index.php?action_kouhyou_detail_004_kani=true&JigyosyoCd=1473200341-00&ServiceCd=331&Type=search", "url2": "http://trecuore.seniorlife.or.jp/" }, "geometry": { "type": "Point", "coordinates": [ 139.493608799999947, 35.5037998 ] } },
{ "type": "Feature", "properties": { "内容": "有料老人ホーム　サニーライフ南万騎が原【特定施設入居者生活介護（有料老人ホーム）】神奈川県横浜市旭区さちが丘９８－１", "url": "https://www.kaigokensaku.mhlw.go.jp/14/index.php?action_kouhyou_detail_004_kani=true&JigyosyoCd=1473201166-00&ServiceCd=331&Type=search", "url2": "https://www.sunnylife-group.co.jp/minamimakigahara" }, "geometry": { "type": "Point", "coordinates": [ 139.521394200000032, 35.4554971 ] } },
{ "type": "Feature", "properties": { "内容": "ライフコミューン希望が丘【特定施設入居者生活介護（有料老人ホーム）】神奈川県横浜市旭区東希望が丘18-1", "url": "https://www.kaigokensaku.mhlw.go.jp/14/index.php?action_kouhyou_detail_004_kani=true&JigyosyoCd=1473201448-00&ServiceCd=331&Type=search", "url2": "http://www.kinoshita-kaigo.co.jp/facilities/state/kanagawa/kibougaoka.html" }, "geometry": { "type": "Point", "coordinates": [ 139.518872200000033, 35.4636461 ] } },
{ "type": "Feature", "properties": { "内容": "シルバーライフ　はなみずき【特定施設入居者生活介護（有料老人ホーム）】神奈川県横浜市旭区今宿西町190番地", "url": "https://www.kaigokensaku.mhlw.go.jp/14/index.php?action_kouhyou_detail_004_kani=true&JigyosyoCd=1473202743-00&ServiceCd=331&Type=search", "url2": "https://jala.co.jp/facility/hd-hanamizuki/" }, "geometry": { "type": "Point", "coordinates": [ 139.525668499999938, 35.4832743 ] } },
{ "type": "Feature", "properties": { "内容": "サニーステージ二俣川【特定施設入居者生活介護（有料老人ホーム）】神奈川県横浜市旭区二俣川1-30-3", "url": "https://www.kaigokensaku.mhlw.go.jp/14/index.php?action_kouhyou_detail_004_kani=true&JigyosyoCd=1473203220-00&ServiceCd=331&Type=search", "url2": "http://www.sunnystage.com" }, "geometry": { "type": "Point", "coordinates": [ 139.528217545605457, 35.464668058139189 ] } },
{ "type": "Feature", "properties": { "内容": "ハートランド・エミシア横濱旭【特定施設入居者生活介護（有料老人ホーム）】神奈川県横浜市旭区都岡町72-4ハートランド・エミシア横濱旭", "url": "https://www.kaigokensaku.mhlw.go.jp/14/index.php?action_kouhyou_detail_004_kani=true&JigyosyoCd=1473203378-00&ServiceCd=331&Type=search", "url2": "https://ygood.jp/" }, "geometry": { "type": "Point", "coordinates": [ 139.52271, 35.4874334 ] } },
{ "type": "Feature", "properties": { "内容": "ベストライフ希望が丘【特定施設入居者生活介護（有料老人ホーム）】神奈川県横浜市旭区南希望が丘118", "url": "https://www.kaigokensaku.mhlw.go.jp/14/index.php?action_kouhyou_detail_004_kani=true&JigyosyoCd=1473203501-00&ServiceCd=331&Type=search", "url2": null }, "geometry": { "type": "Point", "coordinates": [ 139.5085779, 35.4567086 ] } },
{ "type": "Feature", "properties": { "内容": "介護付有料老人ホームシニアフォレスト横浜旭【特定施設入居者生活介護（有料老人ホーム）】神奈川県横浜市旭区下川井町99", "url": "https://www.kaigokensaku.mhlw.go.jp/14/index.php?action_kouhyou_detail_004_kani=true&JigyosyoCd=1473203717-00&ServiceCd=331&Type=search", "url2": "https://medicalcare-group.com/facility/yokohama-asahi/" }, "geometry": { "type": "Point", "coordinates": [ 139.519353348409993, 35.48703234029999 ] } },
{ "type": "Feature", "properties": { "内容": "花珠の家あさひ【特定施設入居者生活介護（有料老人ホーム）】神奈川県横浜市旭区南希望が丘119-1", "url": "https://www.kaigokensaku.mhlw.go.jp/14/index.php?action_kouhyou_detail_004_kani=true&JigyosyoCd=1473203329-00&ServiceCd=331&Type=search", "url2": "https://hanadama-kaigo.jala.co.jp" }, "geometry": { "type": "Point", "coordinates": [ 139.508553500000062, 35.4564469 ] } },
{ "type": "Feature", "properties": { "内容": "中銀ケアホテル横浜希望ヶ丘【特定施設入居者生活介護（有料老人ホーム）】神奈川県横浜市旭区東希望が丘149-3中銀ケアホテル横浜希望ヶ丘", "url": "https://www.kaigokensaku.mhlw.go.jp/14/index.php?action_kouhyou_detail_004_kani=true&JigyosyoCd=1473201521-00&ServiceCd=331&Type=search", "url2": "http://www.lifecarehome.co.jp/" }, "geometry": { "type": "Point", "coordinates": [ 139.510386599999947, 35.4623796 ] } },
{ "type": "Feature", "properties": { "内容": "はぴね横浜【特定施設入居者生活介護（有料老人ホーム）】神奈川県横浜市緑区十日市場町876-8", "url": "https://www.kaigokensaku.mhlw.go.jp/14/index.php?action_kouhyou_detail_004_kani=true&JigyosyoCd=1473303095-00&ServiceCd=331&Type=search", "url2": "https://www.greenlife-inc.co.jp/facility/happine_yokohama/" }, "geometry": { "type": "Point", "coordinates": [ 139.5147034, 35.5277827 ] } },
{ "type": "Feature", "properties": { "内容": "花珠の家みどり【特定施設入居者生活介護（有料老人ホーム）】神奈川県横浜市緑区霧が丘1丁目12番地9", "url": "https://www.kaigokensaku.mhlw.go.jp/14/index.php?action_kouhyou_detail_004_kani=true&JigyosyoCd=1473302337-00&ServiceCd=331&Type=search", "url2": "https://jala.co.jp/facility/hd-midori" }, "geometry": { "type": "Point", "coordinates": [ 139.508558204893461, 35.518130668648794 ] } },
{ "type": "Feature", "properties": { "内容": "ジョイライフ鴨居【特定施設入居者生活介護（有料老人ホーム）】神奈川県横浜市緑区鴨居６丁目１６番１６号", "url": "https://www.kaigokensaku.mhlw.go.jp/14/index.php?action_kouhyou_detail_004_kani=true&JigyosyoCd=1473302394-00&ServiceCd=331&Type=search", "url2": "http://joylife-jp.com" }, "geometry": { "type": "Point", "coordinates": [ 139.55811570000003, 35.5018516 ] } },
{ "type": "Feature", "properties": { "内容": "ナーシングホーム横浜ゆうふくの郷【特定施設入居者生活介護（有料老人ホーム）】神奈川県横浜市緑区北八朔町2030-1", "url": "https://www.kaigokensaku.mhlw.go.jp/14/index.php?action_kouhyou_detail_004_kani=true&JigyosyoCd=1473302618-00&ServiceCd=331&Type=search", "url2": null }, "geometry": { "type": "Point", "coordinates": [ 139.533996857379634, 35.530187162744994 ] } },
{ "type": "Feature", "properties": { "内容": "グッドタイムホーム十日市場【特定施設入居者生活介護（有料老人ホーム）】神奈川県横浜市緑区十日市場町902-15", "url": "https://www.kaigokensaku.mhlw.go.jp/14/index.php?action_kouhyou_detail_004_kani=true&JigyosyoCd=1473302659-00&ServiceCd=331&Type=search", "url2": "http://www.goodtimehome.com/shuto/k-tookaichiba.php" }, "geometry": { "type": "Point", "coordinates": [ 139.523785699999962, 35.5220848 ] } },
{ "type": "Feature", "properties": { "内容": "ライフコミューン中山【特定施設入居者生活介護（有料老人ホーム）】神奈川県横浜市緑区中山1-17-18なし", "url": "https://www.kaigokensaku.mhlw.go.jp/14/index.php?action_kouhyou_detail_004_kani=true&JigyosyoCd=1473302733-00&ServiceCd=331&Type=search", "url2": "https://www.kinoshita-kaigo.co.jp/facility/care_home/life_commune_nakayama.html" }, "geometry": { "type": "Point", "coordinates": [ 139.541842300000013, 35.5167765 ] } },
{ "type": "Feature", "properties": { "内容": "SOMPOケアラヴィーレ十日市場【特定施設入居者生活介護（有料老人ホーム）】神奈川県横浜市緑区十日市場町824-2", "url": "https://www.kaigokensaku.mhlw.go.jp/14/index.php?action_kouhyou_detail_004_kani=true&JigyosyoCd=1473302519-00&ServiceCd=331&Type=search", "url2": "https://www.sompocare.com/service/home/kaigo/H000014/" }, "geometry": { "type": "Point", "coordinates": [ 139.518129499999986, 35.5246105 ] } },
{ "type": "Feature", "properties": { "内容": "ジョイライフ十日市場【特定施設入居者生活介護（有料老人ホーム）】神奈川県横浜市緑区十日市場町880番地12", "url": "https://www.kaigokensaku.mhlw.go.jp/14/index.php?action_kouhyou_detail_004_kani=true&JigyosyoCd=1473302345-00&ServiceCd=331&Type=search", "url2": "https://www.joylife-jp.com/pages10/" }, "geometry": { "type": "Point", "coordinates": [ 139.517523899999986, 35.5283794 ] } },
{ "type": "Feature", "properties": { "内容": "フローレンスケア横浜森の台【特定施設入居者生活介護（有料老人ホーム）】神奈川県横浜市緑区森の台12-12", "url": "https://www.kaigokensaku.mhlw.go.jp/14/index.php?action_kouhyou_detail_004_kani=true&JigyosyoCd=1473301461-00&ServiceCd=331&Type=search", "url2": "http://www.good-care.jp/facilities/morinodai/" }, "geometry": { "type": "Point", "coordinates": [ 139.535497500000019, 35.5093934 ] } },
{ "type": "Feature", "properties": { "内容": "すいとぴー三ツ境【特定施設入居者生活介護（有料老人ホーム）】神奈川県横浜市瀬谷区瀬谷１－２３－４", "url": "https://www.kaigokensaku.mhlw.go.jp/14/index.php?action_kouhyou_detail_004_kani=true&JigyosyoCd=1473400768-00&ServiceCd=331&Type=search", "url2": "http://sweetpea.co.jp/business/nursinghome-mitsukyo" }, "geometry": { "type": "Point", "coordinates": [ 139.492332199999964, 35.4666929 ] } },
{ "type": "Feature", "properties": { "内容": "カーサプラチナ三ツ境【特定施設入居者生活介護（有料老人ホーム）】神奈川県横浜市瀬谷区三ツ境80番1", "url": "https://www.kaigokensaku.mhlw.go.jp/14/index.php?action_kouhyou_detail_004_kani=true&JigyosyoCd=1473401329-00&ServiceCd=331&Type=search", "url2": "http://platinum-care.jp/mitsukyo/" }, "geometry": { "type": "Point", "coordinates": [ 139.50417276071326, 35.459176543356278 ] } },
{ "type": "Feature", "properties": { "内容": "はなことば瀬谷【特定施設入居者生活介護（有料老人ホーム）】神奈川県横浜市瀬谷区宮沢2-22-21", "url": "https://www.kaigokensaku.mhlw.go.jp/14/index.php?action_kouhyou_detail_004_kani=true&JigyosyoCd=1473401659-00&ServiceCd=331&Type=search", "url2": "http://hanakotoba.co.jp" }, "geometry": { "type": "Point", "coordinates": [ 139.490856047945243, 35.454304364546715 ] } },
{ "type": "Feature", "properties": { "内容": "リアンレーヴ横浜瀬谷【特定施設入居者生活介護（有料老人ホーム）】神奈川県横浜市瀬谷区瀬谷５－３４－３", "url": "https://www.kaigokensaku.mhlw.go.jp/14/index.php?action_kouhyou_detail_004_kani=true&JigyosyoCd=1473401675-00&ServiceCd=331&Type=search", "url2": "https://www.kinoshita-kaigo.co.jp/facility/care-home/lien-reve-yokohamaseya.html" }, "geometry": { "type": "Point", "coordinates": [ 139.479216299999962, 35.4658372 ] } },
{ "type": "Feature", "properties": { "内容": "ホームステーションらいふ瀬谷【特定施設入居者生活介護（有料老人ホーム）】神奈川県横浜市瀬谷区相沢6-4-7", "url": "https://www.kaigokensaku.mhlw.go.jp/14/index.php?action_kouhyou_detail_004_kani=true&JigyosyoCd=1473401923-00&ServiceCd=331&Type=search", "url2": "https://www.life-silver.com/life_facility/kanagawa/seya.html#wrapper" }, "geometry": { "type": "Point", "coordinates": [ 139.486763817118401, 35.478135931855917 ] } },
{ "type": "Feature", "properties": { "内容": "介護付き有料老人ホーム　たいしん　かていな東名横浜【特定施設入居者生活介護（有料老人ホーム）】神奈川県横浜市瀬谷区卸本町9334‐1", "url": "https://www.kaigokensaku.mhlw.go.jp/14/index.php?action_kouhyou_detail_004_kani=true&JigyosyoCd=1473402046-00&ServiceCd=331&Type=search", "url2": "http://taishinph.co.jp" }, "geometry": { "type": "Point", "coordinates": [ 139.488030601852387, 35.502472866225915 ] } },
{ "type": "Feature", "properties": { "内容": "ミモザ横濱紫陽花苑【特定施設入居者生活介護（有料老人ホーム）】神奈川県横浜市瀬谷区阿久和西1-7-2", "url": "https://www.kaigokensaku.mhlw.go.jp/14/index.php?action_kouhyou_detail_004_kani=true&JigyosyoCd=1473401535-00&ServiceCd=331&Type=search", "url2": "https://mimoza-care.com/facility/paid-nursing-home/post-2376/" }, "geometry": { "type": "Point", "coordinates": [ 139.4964238, 35.4578968 ] } },
{ "type": "Feature", "properties": { "内容": "リアンレーヴ三ツ境【特定施設入居者生活介護（有料老人ホーム）】神奈川県横浜市瀬谷区阿久和西1丁目11番2号", "url": "https://www.kaigokensaku.mhlw.go.jp/14/index.php?action_kouhyou_detail_004_kani=true&JigyosyoCd=1473401725-00&ServiceCd=331&Type=search", "url2": "https://kinoshita-kaigo.co.jp" }, "geometry": { "type": "Point", "coordinates": [ 139.497737599999937, 35.4572663 ] } },
{ "type": "Feature", "properties": { "内容": "サンライズ・ヴィラ瀬谷【特定施設入居者生活介護（有料老人ホーム）】神奈川県横浜市瀬谷区相沢７－９－２", "url": "https://www.kaigokensaku.mhlw.go.jp/14/index.php?action_kouhyou_detail_004_kani=true&JigyosyoCd=1473400727-00&ServiceCd=331&Type=search", "url2": "https://www.like-cn.co.jp/homes/sunrise-villa/seya.html" }, "geometry": { "type": "Point", "coordinates": [ 139.488207099999954, 35.4776215 ] } },
{ "type": "Feature", "properties": { "内容": "有料老人ホーム　サニーライフ瀬谷【特定施設入居者生活介護（有料老人ホーム）】神奈川県横浜市瀬谷区橋戸1-27-1", "url": "https://www.kaigokensaku.mhlw.go.jp/14/index.php?action_kouhyou_detail_004_kani=true&JigyosyoCd=1473400750-00&ServiceCd=331&Type=search", "url2": "https://www.sunnylife-group.co.jp/seya" }, "geometry": { "type": "Point", "coordinates": [ 139.4831967, 35.4629599 ] } },
{ "type": "Feature", "properties": { "内容": "ライブラリ瀬谷【特定施設入居者生活介護（有料老人ホーム）】神奈川県横浜市瀬谷区瀬谷4-23-1", "url": "https://www.kaigokensaku.mhlw.go.jp/14/index.php?action_kouhyou_detail_004_kani=true&JigyosyoCd=1473402061-00&ServiceCd=331&Type=search", "url2": "https://care.living-platform.com/facility/84" }, "geometry": { "type": "Point", "coordinates": [ 139.482296100000013, 35.469572 ] } },
{ "type": "Feature", "properties": { "内容": "ライフコミューン本郷台【特定施設入居者生活介護（有料老人ホーム）】神奈川県横浜市栄区小菅ヶ谷4-9-25", "url": "https://www.kaigokensaku.mhlw.go.jp/14/index.php?action_kouhyou_detail_004_kani=true&JigyosyoCd=1473500310-00&ServiceCd=331&Type=search", "url2": "https://www.kinoshita-kaigo.co.jp/facility/care_home/life-commune_hongoudai2.html/" }, "geometry": { "type": "Point", "coordinates": [ 139.551076369758704, 35.374676134111553 ] } },
{ "type": "Feature", "properties": { "内容": "そんぽの家戸塚南【特定施設入居者生活介護（有料老人ホーム）】神奈川県横浜市栄区長沼町　７３７番地", "url": "https://www.kaigokensaku.mhlw.go.jp/14/index.php?action_kouhyou_detail_004_kani=true&JigyosyoCd=1473500781-00&ServiceCd=331&Type=search", "url2": "https://www.sompocare.com/service/home/kaigo/H000235" }, "geometry": { "type": "Point", "coordinates": [ 139.5391598, 35.380037500000022 ] } },
{ "type": "Feature", "properties": { "内容": "介護付き有料老人ホームおもとの郷横浜栄【特定施設入居者生活介護（有料老人ホーム）】神奈川県横浜市栄区長沼町476-1おもとの郷横浜栄", "url": "https://www.kaigokensaku.mhlw.go.jp/14/index.php?action_kouhyou_detail_004_kani=true&JigyosyoCd=1473501516-00&ServiceCd=331&Type=search", "url2": "https://www.omotonosato.jp" }, "geometry": { "type": "Point", "coordinates": [ 139.536551700000018, 35.3762963 ] } },
{ "type": "Feature", "properties": { "内容": "さわやか横浜栄館【特定施設入居者生活介護（有料老人ホーム）】神奈川県横浜市栄区若竹町49-24", "url": "https://www.kaigokensaku.mhlw.go.jp/14/index.php?action_kouhyou_detail_004_kani=true&JigyosyoCd=1473501698-00&ServiceCd=331&Type=search", "url2": "http://www.sawayakaclub.jp/yokohamasakaekan/" }, "geometry": { "type": "Point", "coordinates": [ 139.5677466, 35.3652769 ] } },
{ "type": "Feature", "properties": { "内容": "グランレーヴ本郷台【特定施設入居者生活介護（有料老人ホーム）】神奈川県横浜市栄区小菅ヶ谷4-12-11グランレーヴ本郷台", "url": "https://www.kaigokensaku.mhlw.go.jp/14/index.php?action_kouhyou_detail_004_kani=true&JigyosyoCd=1473501136-00&ServiceCd=331&Type=search", "url2": "https://care-net.co.jp/tenancy-services/grandreve-hongodai/" }, "geometry": { "type": "Point", "coordinates": [ 139.551545199999964, 35.3758604 ] } },
{ "type": "Feature", "properties": { "内容": "あいらの杜東大船【特定施設入居者生活介護（有料老人ホーム）】神奈川県横浜市栄区笠間3-15-22", "url": "https://www.kaigokensaku.mhlw.go.jp/14/index.php?action_kouhyou_detail_004_kani=true&JigyosyoCd=1473501565-00&ServiceCd=331&Type=search", "url2": "https://www.halenosumai.jp/homes/12784/" }, "geometry": { "type": "Point", "coordinates": [ 139.540165300000012, 35.3615177 ] } },
{ "type": "Feature", "properties": { "内容": "グランダ大船東【特定施設入居者生活介護（有料老人ホーム）】神奈川県横浜市栄区笠間3-22-10", "url": "https://www.kaigokensaku.mhlw.go.jp/14/index.php?action_kouhyou_detail_004_kani=true&JigyosyoCd=1473501276-00&ServiceCd=331&Type=search", "url2": "https://kaigo.benesse-style-care.co.jp/area_kanagawa/yokohama/home_gd-oofunahigashi" }, "geometry": { "type": "Point", "coordinates": [ 139.534531761376883, 35.361598725409785 ] } },
{ "type": "Feature", "properties": { "内容": "ライフコミューンいずみ中央【特定施設入居者生活介護（有料老人ホーム）】神奈川県横浜市泉区和泉中央南5-19-11", "url": "https://www.kaigokensaku.mhlw.go.jp/14/index.php?action_kouhyou_detail_004_kani=true&JigyosyoCd=1473600482-00&ServiceCd=331&Type=search", "url2": "http://www.kinoshita-kaigo.co.jp" }, "geometry": { "type": "Point", "coordinates": [ 139.485582757672091, 35.411535704429326 ] } },
{ "type": "Feature", "properties": { "内容": "アズハイム横浜いずみ中央【特定施設入居者生活介護（有料老人ホーム）】神奈川県横浜市泉区和泉中央南5-18-29", "url": "https://www.kaigokensaku.mhlw.go.jp/14/index.php?action_kouhyou_detail_004_kani=true&JigyosyoCd=1473601761-00&ServiceCd=331&Type=search", "url2": "http://as-heim.com/izumi/" }, "geometry": { "type": "Point", "coordinates": [ 139.484902694442781, 35.412437624231238 ] } },
{ "type": "Feature", "properties": { "内容": "はなまるハウス弥生台【特定施設入居者生活介護（有料老人ホーム）】神奈川県横浜市泉区新橋町920-1", "url": "https://www.kaigokensaku.mhlw.go.jp/14/index.php?action_kouhyou_detail_004_kani=true&JigyosyoCd=1473601886-00&ServiceCd=331&Type=search", "url2": "https://www.aiseifukushi.jp/nursinghome-yayoidai" }, "geometry": { "type": "Point", "coordinates": [ 139.504665229360967, 35.43546608874253 ] } },
{ "type": "Feature", "properties": { "内容": "有料老人ホーム　サニーライフ横浜泉【特定施設入居者生活介護（有料老人ホーム）】神奈川県横浜市泉区中田北2-14-28", "url": "https://www.kaigokensaku.mhlw.go.jp/14/index.php?action_kouhyou_detail_004_kani=true&JigyosyoCd=1473602157-00&ServiceCd=331&Type=search", "url2": "https://www.sunnylife-group.co.jp/yokohamaizumi" }, "geometry": { "type": "Point", "coordinates": [ 139.508703700000069, 35.415008393736152 ] } },
{ "type": "Feature", "properties": { "内容": "喜美の森　緑園【特定施設入居者生活介護（有料老人ホーム）】神奈川県横浜市泉区岡津町1346-1", "url": "https://www.kaigokensaku.mhlw.go.jp/14/index.php?action_kouhyou_detail_004_kani=true&JigyosyoCd=1473602413-00&ServiceCd=331&Type=search", "url2": "https://kiminomoriryokuen.jp/" }, "geometry": { "type": "Point", "coordinates": [ 139.5213434, 35.4244679 ] } },
{ "type": "Feature", "properties": { "内容": "アプルール横浜いずみ【特定施設入居者生活介護（有料老人ホーム）】神奈川県横浜市泉区中田東3−21−8", "url": "https://www.kaigokensaku.mhlw.go.jp/14/index.php?action_kouhyou_detail_004_kani=true&JigyosyoCd=1473602488-00&ServiceCd=331&Type=search", "url2": "https://apprule.jp/izumi/" }, "geometry": { "type": "Point", "coordinates": [ 139.5081558, 35.4134 ] } },
{ "type": "Feature", "properties": { "内容": "SOMPOケア　ラヴィーレ横浜弥生台【特定施設入居者生活介護（有料老人ホーム）】神奈川県横浜市泉区新橋町1044-1", "url": "https://www.kaigokensaku.mhlw.go.jp/14/index.php?action_kouhyou_detail_004_kani=true&JigyosyoCd=1473602215-00&ServiceCd=331&Type=search", "url2": "https://www.sompocare.com/" }, "geometry": { "type": "Point", "coordinates": [ 139.50957029999995, 35.4354939 ] } },
{ "type": "Feature", "properties": { "内容": "リアンレーヴ緑園都市【特定施設入居者生活介護（有料老人ホーム）】神奈川県横浜市泉区新橋町53-3リアンレーヴ緑園都市", "url": "https://www.kaigokensaku.mhlw.go.jp/14/index.php?action_kouhyou_detail_004_kani=true&JigyosyoCd=1473602637-00&ServiceCd=331&Type=search", "url2": "https://www.kinoshita-kaigo.co.jp/" }, "geometry": { "type": "Point", "coordinates": [ 139.5182126, 35.4313226 ] } },
{ "type": "Feature", "properties": { "内容": "グランクレール藤が丘【特定施設入居者生活介護（有料老人ホーム）】神奈川県横浜市青葉区藤が丘1-37-1グランクレール藤が丘", "url": "https://www.kaigokensaku.mhlw.go.jp/14/index.php?action_kouhyou_detail_004_kani=true&JigyosyoCd=1473704649-00&ServiceCd=331&Type=search", "url2": "http://www.e-life-design.co.jp" }, "geometry": { "type": "Point", "coordinates": [ 139.5294614, 35.5428993 ] } },
{ "type": "Feature", "properties": { "内容": "グランクレール青葉台二丁目ケアレジデンス【特定施設入居者生活介護（有料老人ホーム）】神奈川県横浜市青葉区青葉台二丁目30－2グランクレール青葉台二丁目ケアレジデンス", "url": "https://www.kaigokensaku.mhlw.go.jp/14/index.php?action_kouhyou_detail_004_kani=true&JigyosyoCd=1473704680-00&ServiceCd=331&Type=search", "url2": "https://www.grancreer.com/care/list/aobadainichome-care/" }, "geometry": { "type": "Point", "coordinates": [ 139.513465599999989, 35.5468412 ] } },
{ "type": "Feature", "properties": { "内容": "ライフコミューン市ケ尾【特定施設入居者生活介護（有料老人ホーム）】神奈川県横浜市青葉区荏田西１－１５－２３", "url": "https://www.kaigokensaku.mhlw.go.jp/14/index.php?action_kouhyou_detail_004_kani=true&JigyosyoCd=1473700159-00&ServiceCd=331&Type=search", "url2": "https://www.kinoshita-kaigo.co.jp/facility/care_home/life-commune_ichigaocho.html" }, "geometry": { "type": "Point", "coordinates": [ 139.547137600000042, 35.5518104 ] } },
{ "type": "Feature", "properties": { "内容": "ライフコミューン　たまプラーザ【特定施設入居者生活介護（有料老人ホーム）】神奈川県横浜市青葉区美しが丘4-7-9", "url": "https://www.kaigokensaku.mhlw.go.jp/14/index.php?action_kouhyou_detail_004_kani=true&JigyosyoCd=1473700167-00&ServiceCd=331&Type=search", "url2": "https://www.kinoshita-kaigo.co.jp" }, "geometry": { "type": "Point", "coordinates": [ 139.550621557672116, 35.577830786504784 ] } },
{ "type": "Feature", "properties": { "内容": "有料老人ホーム　サニーライフ青葉【特定施設入居者生活介護（有料老人ホーム）】神奈川県横浜市青葉区荏田西4-7-16", "url": "https://www.kaigokensaku.mhlw.go.jp/14/index.php?action_kouhyou_detail_004_kani=true&JigyosyoCd=1473701041-00&ServiceCd=331&Type=search", "url2": "http://www.sunnylife-group.co.jp/aoba" }, "geometry": { "type": "Point", "coordinates": [ 139.547782099999949, 35.5475276 ] } },
{ "type": "Feature", "properties": { "内容": "フローレンスケア美しが丘【特定施設入居者生活介護（有料老人ホーム）】神奈川県横浜市青葉区美しが丘４－４３－４", "url": "https://www.kaigokensaku.mhlw.go.jp/14/index.php?action_kouhyou_detail_004_kani=true&JigyosyoCd=1473701074-00&ServiceCd=331&Type=search", "url2": "http://www.good-care.jp" }, "geometry": { "type": "Point", "coordinates": [ 139.545619699999946, 35.5826701 ] } },
{ "type": "Feature", "properties": { "内容": "グランケアあざみ野【特定施設入居者生活介護（有料老人ホーム）】神奈川県横浜市青葉区新石川1-7-1", "url": "https://www.kaigokensaku.mhlw.go.jp/14/index.php?action_kouhyou_detail_004_kani=true&JigyosyoCd=1473701132-00&ServiceCd=331&Type=search", "url2": "http://www.grancreer.com/care-azamino/access/" }, "geometry": { "type": "Point", "coordinates": [ 139.554789199999959, 35.5694917 ] } },
{ "type": "Feature", "properties": { "内容": "ライフコミューンあざみ野【特定施設入居者生活介護（有料老人ホーム）】神奈川県横浜市青葉区あざみ野南２－１－１２", "url": "https://www.kaigokensaku.mhlw.go.jp/14/index.php?action_kouhyou_detail_004_kani=true&JigyosyoCd=1473701199-00&ServiceCd=331&Type=search", "url2": "http://www.kinoshita-kaigo.co.jp/facility/care_home/life-commune_azamino.html" }, "geometry": { "type": "Point", "coordinates": [ 139.552339599999982, 35.5631341 ] } },
{ "type": "Feature", "properties": { "内容": "ヒルデモアこどもの国【特定施設入居者生活介護（有料老人ホーム）】神奈川県横浜市青葉区奈良町750-1", "url": "https://www.kaigokensaku.mhlw.go.jp/14/index.php?action_kouhyou_detail_004_kani=true&JigyosyoCd=1473701454-00&ServiceCd=331&Type=search", "url2": "https://www.tnbls.co.jp/hyldemoer/home/kodomo/" }, "geometry": { "type": "Point", "coordinates": [ 139.4906929, 35.5580801 ] } },
{ "type": "Feature", "properties": { "内容": "ジョイライフ第２藤が丘【特定施設入居者生活介護（有料老人ホーム）】神奈川県横浜市青葉区千草台３８－３ジョイライフ第２藤が丘", "url": "https://www.kaigokensaku.mhlw.go.jp/14/index.php?action_kouhyou_detail_004_kani=true&JigyosyoCd=1473701843-00&ServiceCd=331&Type=search", "url2": "https://joylife-jp.com/pages/7/" }, "geometry": { "type": "Point", "coordinates": [ 139.534194800000023, 35.5383287 ] } },
{ "type": "Feature", "properties": { "内容": "ボンセジュール荏田【特定施設入居者生活介護（有料老人ホーム）】神奈川県横浜市青葉区荏田西2-14-6", "url": "https://www.kaigokensaku.mhlw.go.jp/14/index.php?action_kouhyou_detail_004_kani=true&JigyosyoCd=1473702486-00&ServiceCd=331&Type=search", "url2": "https://kaigo.benesse-style-care.co.jp/area_kanagawa/yokohama/home_b-eda" }, "geometry": { "type": "Point", "coordinates": [ 139.554286899999965, 35.5548268 ] } },
{ "type": "Feature", "properties": { "内容": "介護付有料老人ホーム　もえぎ野の杜【特定施設入居者生活介護（有料老人ホーム）】神奈川県横浜市青葉区柿の木台14番地の３", "url": "https://www.kaigokensaku.mhlw.go.jp/14/index.php?action_kouhyou_detail_004_kani=true&JigyosyoCd=1473703468-00&ServiceCd=331&Type=search", "url2": "http://www.chi-ga.jp/moeginonomori/index.html" }, "geometry": { "type": "Point", "coordinates": [ 139.5239143, 35.5518267 ] } },
{ "type": "Feature", "properties": { "内容": "サンライズ・ヴィラ藤が丘【特定施設入居者生活介護（有料老人ホーム）】神奈川県横浜市青葉区千草台３４－１サンライズ・ヴィラ藤が丘", "url": "https://www.kaigokensaku.mhlw.go.jp/14/index.php?action_kouhyou_detail_004_kani=true&JigyosyoCd=1473703476-00&ServiceCd=331&Type=search", "url2": "http://www.like-cn.co.jp/" }, "geometry": { "type": "Point", "coordinates": [ 139.533472599999982, 35.5389148 ] } },
{ "type": "Feature", "properties": { "内容": "リアンレーヴ市ケ尾壱番館【特定施設入居者生活介護（有料老人ホーム）】神奈川県横浜市青葉区荏田北２－２－１リアンレーヴ市ヶ尾壱番館", "url": "https://www.kaigokensaku.mhlw.go.jp/14/index.php?action_kouhyou_detail_004_kani=true&JigyosyoCd=1473703682-00&ServiceCd=331&Type=search", "url2": "https://www.kinoshita-kaigo.co.jp/facility/care_home/lien-reve_ichigaochoichibankan2.html" }, "geometry": { "type": "Point", "coordinates": [ 139.54421728849411, 35.555050195993488 ] } },
{ "type": "Feature", "properties": { "内容": "リアンレーヴ市ヶ尾弐番館【特定施設入居者生活介護（有料老人ホーム）】神奈川県横浜市青葉区荏田北1-16-22", "url": "https://www.kaigokensaku.mhlw.go.jp/14/index.php?action_kouhyou_detail_004_kani=true&JigyosyoCd=1473703690-00&ServiceCd=331&Type=search", "url2": "https://www.kinoshita-kaigo.co.jp/facility/care_home/lien-reve_ichigaonibankan2.html" }, "geometry": { "type": "Point", "coordinates": [ 139.544598162174225, 35.558189066334016 ] } },
{ "type": "Feature", "properties": { "内容": "ロイヤルレジデンスあざみ野【特定施設入居者生活介護（有料老人ホーム）】神奈川県横浜市青葉区あざみ野4-37-6", "url": "https://www.kaigokensaku.mhlw.go.jp/14/index.php?action_kouhyou_detail_004_kani=true&JigyosyoCd=1473703708-00&ServiceCd=331&Type=search", "url2": "https://syasouken.com" }, "geometry": { "type": "Point", "coordinates": [ 139.548705832540918, 35.575556105161695 ] } },
{ "type": "Feature", "properties": { "内容": "グッドタイムナーシングホーム・美しが丘【特定施設入居者生活介護（有料老人ホーム）】神奈川県横浜市青葉区美しが丘西二丁目40-1グッドタイムナーシングホーム・美しが丘", "url": "https://www.kaigokensaku.mhlw.go.jp/14/index.php?action_kouhyou_detail_004_kani=true&JigyosyoCd=1473704029-00&ServiceCd=331&Type=search", "url2": "http://www.goodtimehome.com/shuto/k-utsukushigaoka.php" }, "geometry": { "type": "Point", "coordinates": [ 139.5320279, 35.5898316 ] } },
{ "type": "Feature", "properties": { "内容": "グッドタイムホーム・さくら台【特定施設入居者生活介護（有料老人ホーム）】神奈川県横浜市青葉区桜台35-25グッドタイムホーム・さくら台", "url": "https://www.kaigokensaku.mhlw.go.jp/14/index.php?action_kouhyou_detail_004_kani=true&JigyosyoCd=1473704037-00&ServiceCd=331&Type=search", "url2": "http://www.goodtimehome.com/shuto/k-sakuradai.php" }, "geometry": { "type": "Point", "coordinates": [ 139.511343204893478, 35.55045577414942 ] } },
{ "type": "Feature", "properties": { "内容": "グッドタイムホーム・青葉台【特定施設入居者生活介護（有料老人ホーム）】神奈川県横浜市青葉区松風台37-1", "url": "https://www.kaigokensaku.mhlw.go.jp/14/index.php?action_kouhyou_detail_004_kani=true&JigyosyoCd=1473704045-00&ServiceCd=331&Type=search", "url2": "http://www.goodtimehome.com/" }, "geometry": { "type": "Point", "coordinates": [ 139.506310399999961, 35.5474118 ] } },
{ "type": "Feature", "properties": { "内容": "グッドタイムホーム・青葉田奈【特定施設入居者生活介護（有料老人ホーム）】神奈川県横浜市青葉区田奈町46-1", "url": "https://www.kaigokensaku.mhlw.go.jp/14/index.php?action_kouhyou_detail_004_kani=true&JigyosyoCd=1473704060-00&ServiceCd=331&Type=search", "url2": "http://www.goodtimehome.com" }, "geometry": { "type": "Point", "coordinates": [ 139.502100899999959, 35.5381355 ] } },
{ "type": "Feature", "properties": { "内容": "ベストライフ市ヶ尾【特定施設入居者生活介護（有料老人ホーム）】神奈川県横浜市青葉区市ヶ尾町1162-27ベストライフ市ヶ尾", "url": "https://www.kaigokensaku.mhlw.go.jp/14/index.php?action_kouhyou_detail_004_kani=true&JigyosyoCd=1473704193-00&ServiceCd=331&Type=search", "url2": null }, "geometry": { "type": "Point", "coordinates": [ 139.5428978, 35.5537896 ] } },
{ "type": "Feature", "properties": { "内容": "ベストライフ江田【特定施設入居者生活介護（有料老人ホーム）】神奈川県横浜市青葉区荏田西2-15-1", "url": "https://www.kaigokensaku.mhlw.go.jp/14/index.php?action_kouhyou_detail_004_kani=true&JigyosyoCd=1473704201-00&ServiceCd=331&Type=search", "url2": null }, "geometry": { "type": "Point", "coordinates": [ 139.554615399999989, 35.5543435 ] } },
{ "type": "Feature", "properties": { "内容": "コンフォートガーデンあざみ野【特定施設入居者生活介護（有料老人ホーム）】神奈川県横浜市青葉区あざみ野１―２３―６", "url": "https://www.kaigokensaku.mhlw.go.jp/14/index.php?action_kouhyou_detail_004_kani=true&JigyosyoCd=1473701629-00&ServiceCd=331&Type=search", "url2": "https://www.secomfort.com/" }, "geometry": { "type": "Point", "coordinates": [ 139.54850620000002, 35.5708608 ] } },
{ "type": "Feature", "properties": { "内容": "家族の家ひまわり市が尾【特定施設入居者生活介護（有料老人ホーム）】神奈川県横浜市青葉区荏田西4-7-8", "url": "https://www.kaigokensaku.mhlw.go.jp/14/index.php?action_kouhyou_detail_004_kani=true&JigyosyoCd=1473703179-00&ServiceCd=331&Type=search", "url2": "https://saneido.co.jp/nursinghome/ichigao/" }, "geometry": { "type": "Point", "coordinates": [ 139.548406800000066, 35.5463526 ] } },
{ "type": "Feature", "properties": { "内容": "ぴあはーと市が尾【特定施設入居者生活介護（有料老人ホーム）】神奈川県横浜市青葉区市ケ尾町１１５２－２", "url": "https://www.kaigokensaku.mhlw.go.jp/14/index.php?action_kouhyou_detail_004_kani=true&JigyosyoCd=1473700324-00&ServiceCd=331&Type=search", "url2": "http://www.lifecaredesign.co.jp/piaheart/" }, "geometry": { "type": "Point", "coordinates": [ 139.538990640628072, 35.550357957067234 ] } },
{ "type": "Feature", "properties": { "内容": "ジョイライフ藤が丘【特定施設入居者生活介護（有料老人ホーム）】神奈川県横浜市青葉区千草台１３－7", "url": "https://www.kaigokensaku.mhlw.go.jp/14/index.php?action_kouhyou_detail_004_kani=true&JigyosyoCd=1473700340-00&ServiceCd=331&Type=search", "url2": "http://joylife-jp.com/publics/index/6/" }, "geometry": { "type": "Point", "coordinates": [ 139.533264906082195, 35.540423340943832 ] } },
{ "type": "Feature", "properties": { "内容": "メディカルホームくらら青葉台【特定施設入居者生活介護（有料老人ホーム）】神奈川県横浜市青葉区青葉台2-30-1", "url": "https://www.kaigokensaku.mhlw.go.jp/14/index.php?action_kouhyou_detail_004_kani=true&JigyosyoCd=1473700381-00&ServiceCd=331&Type=search", "url2": "http://www.benesse-style-care.co.jp/" }, "geometry": { "type": "Point", "coordinates": [ 139.514076100000011, 35.5472569 ] } },
{ "type": "Feature", "properties": { "内容": "ライフコミューン松風台【特定施設入居者生活介護（有料老人ホーム）】神奈川県横浜市青葉区松風台13-13", "url": "https://www.kaigokensaku.mhlw.go.jp/14/index.php?action_kouhyou_detail_004_kani=true&JigyosyoCd=1473700407-00&ServiceCd=331&Type=search", "url2": "http://www.kinoshita-kaigo.co.jp/facility/care_home/life-commune_matsukazedai.html" }, "geometry": { "type": "Point", "coordinates": [ 139.511518, 35.5458317 ] } },
{ "type": "Feature", "properties": { "内容": "有料老人ホーム　サニーライフ横浜【特定施設入居者生活介護（有料老人ホーム）】神奈川県横浜市青葉区みたけ台41-1", "url": "https://www.kaigokensaku.mhlw.go.jp/14/index.php?action_kouhyou_detail_004_kani=true&JigyosyoCd=1473700720-00&ServiceCd=331&Type=search", "url2": "http://www.sunnylife-group.co.jp/" }, "geometry": { "type": "Point", "coordinates": [ 139.522686600000043, 35.5529432 ] } },
{ "type": "Feature", "properties": { "内容": "ニチイホーム　青葉台【特定施設入居者生活介護（有料老人ホーム）】神奈川県横浜市青葉区青葉台1-19-3", "url": "https://www.kaigokensaku.mhlw.go.jp/14/index.php?action_kouhyou_detail_004_kani=true&JigyosyoCd=1473700845-00&ServiceCd=331&Type=search", "url2": "http://www.nichii-home.jp/shisetsu/area/kanagawa/aobadai.html" }, "geometry": { "type": "Point", "coordinates": [ 139.519326, 35.5461606 ] } },
{ "type": "Feature", "properties": { "内容": "ボンセジュールたまプラーザ【特定施設入居者生活介護（有料老人ホーム）】神奈川県横浜市青葉区新石川2-23-5", "url": "https://www.kaigokensaku.mhlw.go.jp/14/index.php?action_kouhyou_detail_004_kani=true&JigyosyoCd=1473702478-00&ServiceCd=331&Type=search", "url2": "https://kaigo.benesse-style-care.co.jp/area_kanagawa/yokohama/home_b-tamapura" }, "geometry": { "type": "Point", "coordinates": [ 139.559227599999986, 35.5715414 ] } },
{ "type": "Feature", "properties": { "内容": "喜美の森　仲町台【特定施設入居者生活介護（有料老人ホーム）】神奈川県横浜市都筑区勝田町1216", "url": "https://www.kaigokensaku.mhlw.go.jp/14/index.php?action_kouhyou_detail_004_kani=true&JigyosyoCd=1473803003-00&ServiceCd=331&Type=search", "url2": null }, "geometry": { "type": "Point", "coordinates": [ 139.5870739, 35.5431828 ] } },
{ "type": "Feature", "properties": { "内容": "ゆうらいふ横浜事業所【特定施設入居者生活介護（有料老人ホーム）】神奈川県横浜市都筑区仲町台５－７－８", "url": "https://www.kaigokensaku.mhlw.go.jp/14/index.php?action_kouhyou_detail_004_kani=true&JigyosyoCd=1473800025-00&ServiceCd=331&Type=search", "url2": "https://www.youlife-home.com/yokohama/" }, "geometry": { "type": "Point", "coordinates": [ 139.586779, 35.5370049 ] } },
{ "type": "Feature", "properties": { "内容": "有料老人ホーム　ブランシエール港北【特定施設入居者生活介護（有料老人ホーム）】神奈川県横浜市都筑区中川中央1丁目39番11号", "url": "https://www.kaigokensaku.mhlw.go.jp/14/index.php?action_kouhyou_detail_004_kani=true&JigyosyoCd=1473800173-00&ServiceCd=331&Type=search", "url2": "http://www.haseko-senior.co.jp/home/kohoku/" }, "geometry": { "type": "Point", "coordinates": [ 139.58117059999995, 35.5555021 ] } },
{ "type": "Feature", "properties": { "内容": "サニーステージ中山【特定施設入居者生活介護（有料老人ホーム）】神奈川県横浜市都筑区佐江戸町1784-2", "url": "https://www.kaigokensaku.mhlw.go.jp/14/index.php?action_kouhyou_detail_004_kani=true&JigyosyoCd=1473800702-00&ServiceCd=331&Type=search", "url2": "http://www.sunnystage.com/facilities/nakayama" }, "geometry": { "type": "Point", "coordinates": [ 139.556704, 35.51509 ] } },
{ "type": "Feature", "properties": { "内容": "ニチイホーム　仲町台II番館【特定施設入居者生活介護（有料老人ホーム）】神奈川県横浜市都筑区勝田南1-1-51", "url": "https://www.kaigokensaku.mhlw.go.jp/14/index.php?action_kouhyou_detail_004_kani=true&JigyosyoCd=1473800835-00&ServiceCd=331&Type=search", "url2": "http://www.nichii-home.jp/shisetsu/area/kanagawa/nakamachidai2.html" }, "geometry": { "type": "Point", "coordinates": [ 139.585406899999953, 35.5381991 ] } },
{ "type": "Feature", "properties": { "内容": "はなことばセンター南【特定施設入居者生活介護（有料老人ホーム）】神奈川県横浜市都筑区中川中央2-4-10", "url": "https://www.kaigokensaku.mhlw.go.jp/14/index.php?action_kouhyou_detail_004_kani=true&JigyosyoCd=1473802484-00&ServiceCd=331&Type=search", "url2": "https://hanakotoba.co.jp/facility/centers.html" }, "geometry": { "type": "Point", "coordinates": [ 139.576662499999969, 35.547983323513087 ] } },
{ "type": "Feature", "properties": { "内容": "グッドタイムナーシングホーム・荏田【特定施設入居者生活介護（有料老人ホーム）】神奈川県横浜市都筑区荏田南三丁目29番21号", "url": "https://www.kaigokensaku.mhlw.go.jp/14/index.php?action_kouhyou_detail_004_kani=true&JigyosyoCd=1473802633-00&ServiceCd=331&Type=search", "url2": "http://www.goodtimehome.com" }, "geometry": { "type": "Point", "coordinates": [ 139.554070599999932, 35.544433 ] } },
{ "type": "Feature", "properties": { "内容": "シニアフォレスト横浜都筑【特定施設入居者生活介護（有料老人ホーム）】神奈川県横浜市都筑区見花山3-31", "url": "https://www.kaigokensaku.mhlw.go.jp/14/index.php?action_kouhyou_detail_004_kani=true&JigyosyoCd=1473802625-00&ServiceCd=331&Type=search", "url2": "http://www.medicalcare-group.com" }, "geometry": { "type": "Point", "coordinates": [ 139.553141699999969, 35.5335252 ] } },
{ "type": "Feature", "properties": { "内容": "ブランシエール港北２【特定施設入居者生活介護（有料老人ホーム）】神奈川県横浜市都筑区茅ヶ崎南二丁目１８番７号", "url": "https://www.kaigokensaku.mhlw.go.jp/14/index.php?action_kouhyou_detail_004_kani=true&JigyosyoCd=1473800553-00&ServiceCd=331&Type=search", "url2": "https://www.haseko-senior.co.jp/" }, "geometry": { "type": "Point", "coordinates": [ 139.5809457, 35.538520100000035 ] } },
{ "type": "Feature", "properties": { "内容": "ニチイホーム仲町台【特定施設入居者生活介護（有料老人ホーム）】神奈川県横浜市都筑区勝田南1-1-45", "url": "https://www.kaigokensaku.mhlw.go.jp/14/index.php?action_kouhyou_detail_004_kani=true&JigyosyoCd=1473800561-00&ServiceCd=331&Type=search", "url2": "https://www.nichii-carepalace.co.jp/shisetsu/area/kanagawa/nakamachidai.html" }, "geometry": { "type": "Point", "coordinates": [ 139.585692900000026, 35.5386879 ] } },
{ "type": "Feature", "properties": { "内容": "ヒュッテ荏田南【特定施設入居者生活介護（有料老人ホーム）】神奈川県横浜市都筑区荏田南5-18-75", "url": "https://www.kaigokensaku.mhlw.go.jp/14/index.php?action_kouhyou_detail_004_kani=true&JigyosyoCd=1473800884-00&ServiceCd=331&Type=search", "url2": "https://www.tnbls.co.jp/hyldemoer/home/edaminami/" }, "geometry": { "type": "Point", "coordinates": [ 139.557803499999977, 35.5479443 ] } },
{ "type": "Feature", "properties": { "内容": "ニチイホームセンター北【特定施設入居者生活介護（有料老人ホーム）】神奈川県横浜市都筑区中川中央一丁目29番地24号アビテノールビル", "url": "https://www.kaigokensaku.mhlw.go.jp/14/index.php?action_kouhyou_detail_004_kani=true&JigyosyoCd=1473801338-00&ServiceCd=331&Type=search", "url2": "https://www.nichii-home.jp/shisetsu/area/kanagawa/centerkita.html" }, "geometry": { "type": "Point", "coordinates": [ 139.579978399999987, 35.554160900000021 ] } },
{ "type": "Feature", "properties": { "内容": "SOMPOケア　ラヴィーレあざみ野【特定施設入居者生活介護（有料老人ホーム）】神奈川県横浜市都筑区あゆみが丘19-24", "url": "https://www.kaigokensaku.mhlw.go.jp/14/index.php?action_kouhyou_detail_004_kani=true&JigyosyoCd=1473802559-00&ServiceCd=331&Type=search", "url2": "https://www.sompocare.com/" }, "geometry": { "type": "Point", "coordinates": [ 139.567335400000047, 35.5677225 ] } },
{ "type": "Feature", "properties": { "内容": "ライフコミューン川崎【特定施設入居者生活介護（有料老人ホーム）】神奈川県川崎市川崎区藤崎３－６－１", "url": "https://www.kaigokensaku.mhlw.go.jp/14/index.php?action_kouhyou_detail_004_kani=true&JigyosyoCd=1475001283-00&ServiceCd=331&Type=search", "url2": "https://www.kinoshita-kaigo.co.jp/" }, "geometry": { "type": "Point", "coordinates": [ 139.723621500000036, 35.5285088 ] } },
{ "type": "Feature", "properties": { "内容": "グッドタイムホーム・川崎大師【特定施設入居者生活介護（有料老人ホーム）】神奈川県川崎市川崎区昭和２－３－１０", "url": "https://www.kaigokensaku.mhlw.go.jp/14/index.php?action_kouhyou_detail_004_kani=true&JigyosyoCd=1475004048-00&ServiceCd=331&Type=search", "url2": "http://www.goodtimehome.com" }, "geometry": { "type": "Point", "coordinates": [ 139.7362223, 35.5321252 ] } },
{ "type": "Feature", "properties": { "内容": "グッドタイムナーシングホーム・川崎大師弐番館【特定施設入居者生活介護（有料老人ホーム）】神奈川県川崎市川崎区出来野５－３", "url": "https://www.kaigokensaku.mhlw.go.jp/14/index.php?action_kouhyou_detail_004_kani=true&JigyosyoCd=1475004055-00&ServiceCd=331&Type=search", "url2": "http://www.goodtimehome.com/syuto/k-kawasakidaishi2.php" }, "geometry": { "type": "Point", "coordinates": [ 139.738421900000048, 35.5338407 ] } },
{ "type": "Feature", "properties": { "内容": "ベストライフ川崎【特定施設入居者生活介護（有料老人ホーム）】神奈川県川崎市川崎区渡田新町3-1-5", "url": "https://www.kaigokensaku.mhlw.go.jp/14/index.php?action_kouhyou_detail_004_kani=true&JigyosyoCd=1475004113-00&ServiceCd=331&Type=search", "url2": null }, "geometry": { "type": "Point", "coordinates": [ 139.6973342, 35.5212697 ] } },
{ "type": "Feature", "properties": { "内容": "フローレンスケア川崎大師【特定施設入居者生活介護（有料老人ホーム）】神奈川県川崎市川崎区昭和2-5-6", "url": "https://www.kaigokensaku.mhlw.go.jp/14/index.php?action_kouhyou_detail_004_kani=true&JigyosyoCd=1475003966-00&ServiceCd=331&Type=search", "url2": "https://www.good-care.jp/" }, "geometry": { "type": "Point", "coordinates": [ 139.736086699999987, 35.5309646 ] } },
{ "type": "Feature", "properties": { "内容": "SOMPOケアラヴィーレ浜川崎【特定施設入居者生活介護（有料老人ホーム）】神奈川県川崎市川崎区田島町23-1", "url": "https://www.kaigokensaku.mhlw.go.jp/14/index.php?action_kouhyou_detail_004_kani=true&JigyosyoCd=1475003891-00&ServiceCd=331&Type=search", "url2": "https://www.sompocare.com" }, "geometry": { "type": "Point", "coordinates": [ 139.710392500000012, 35.5149384 ] } },
{ "type": "Feature", "properties": { "内容": "花珠の家さいわい【特定施設入居者生活介護（有料老人ホーム）】神奈川県川崎市幸区中幸町1-53-7", "url": "https://www.kaigokensaku.mhlw.go.jp/14/index.php?action_kouhyou_detail_004_kani=true&JigyosyoCd=1475102529-00&ServiceCd=331&Type=search", "url2": "https://hanadama-kaigo.jala.co.jp" }, "geometry": { "type": "Point", "coordinates": [ 139.6925932, 35.5360936 ] } },
{ "type": "Feature", "properties": { "内容": "リアンレーヴ川崎幸【特定施設入居者生活介護（有料老人ホーム）】神奈川県川崎市幸区小向町10-22", "url": "https://www.kaigokensaku.mhlw.go.jp/14/index.php?action_kouhyou_detail_004_kani=true&JigyosyoCd=1475102578-00&ServiceCd=331&Type=search", "url2": "https://www.kinoshita-kaigo.co.jp/facility/lien_reve_kawasakisaiwai.html" }, "geometry": { "type": "Point", "coordinates": [ 139.6938596, 35.5469866 ] } },
{ "type": "Feature", "properties": { "内容": "SOMPOケア　そんぽの家新川崎【特定施設入居者生活介護（有料老人ホーム）】神奈川県川崎市幸区南加瀬5-12-14", "url": "https://www.kaigokensaku.mhlw.go.jp/14/index.php?action_kouhyou_detail_004_kani=true&JigyosyoCd=1475101232-00&ServiceCd=331&Type=search", "url2": "https://www.sompocare.com" }, "geometry": { "type": "Point", "coordinates": [ 139.659358600000019, 35.538421400000011 ] } },
{ "type": "Feature", "properties": { "内容": "ニチイケアセンター新川崎【特定施設入居者生活介護（有料老人ホーム）】神奈川県川崎市幸区北加瀬1－37－22ニチイケアセンター新川崎", "url": "https://www.kaigokensaku.mhlw.go.jp/14/index.php?action_kouhyou_detail_004_kani=true&JigyosyoCd=1475101828-00&ServiceCd=331&Type=search", "url2": "https://www.nichii-kaigo.jp/base/base-result/05Q40/" }, "geometry": { "type": "Point", "coordinates": [ 139.669209099999989, 35.5482369 ] } },
{ "type": "Feature", "properties": { "内容": "そんぽの家　小倉【特定施設入居者生活介護（有料老人ホーム）】神奈川県川崎市幸区小倉5丁目8-5", "url": "https://www.kaigokensaku.mhlw.go.jp/14/index.php?action_kouhyou_detail_004_kani=true&JigyosyoCd=1475101869-00&ServiceCd=331&Type=search", "url2": "https://www.sompocare.com" }, "geometry": { "type": "Point", "coordinates": [ 139.666793, 35.5384109 ] } },
{ "type": "Feature", "properties": { "内容": "そんぽの家　御幸公園【特定施設入居者生活介護（有料老人ホーム）】神奈川県川崎市幸区東古市場95-１", "url": "https://www.kaigokensaku.mhlw.go.jp/14/index.php?action_kouhyou_detail_004_kani=true&JigyosyoCd=1475102107-00&ServiceCd=331&Type=search", "url2": "https://www.sompocare.com/service/home/kaigo/H000282" }, "geometry": { "type": "Point", "coordinates": [ 139.690890399999944, 35.5523276 ] } },
{ "type": "Feature", "properties": { "内容": "グッドタイムホーム・川崎【特定施設入居者生活介護（有料老人ホーム）】神奈川県川崎市幸区塚越2-260-36", "url": "https://www.kaigokensaku.mhlw.go.jp/14/index.php?action_kouhyou_detail_004_kani=true&JigyosyoCd=1475102438-00&ServiceCd=331&Type=search", "url2": "http://www.goodtimehome.com/" }, "geometry": { "type": "Point", "coordinates": [ 139.683559599999967, 35.5428605 ] } },
{ "type": "Feature", "properties": { "内容": "あいらの杜川崎さいわい【特定施設入居者生活介護（有料老人ホーム）】神奈川県川崎市幸区小倉５丁目５番８号", "url": "https://www.kaigokensaku.mhlw.go.jp/14/index.php?action_kouhyou_detail_004_kani=true&JigyosyoCd=1475102453-00&ServiceCd=331&Type=search", "url2": "http://www.halenosumai.jp/" }, "geometry": { "type": "Point", "coordinates": [ 139.664274, 35.539497 ] } },
{ "type": "Feature", "properties": { "内容": "メディカルホームまどか川崎【特定施設入居者生活介護（有料老人ホーム）】神奈川県川崎市幸区南幸町3-119-14", "url": "https://www.kaigokensaku.mhlw.go.jp/14/index.php?action_kouhyou_detail_004_kani=true&JigyosyoCd=1475101562-00&ServiceCd=331&Type=search", "url2": "https://kaigo.benesse-style-care.co.jp/area_kanagawa/kawasaki/home_m-kawasaki" }, "geometry": { "type": "Point", "coordinates": [ 139.6850637, 35.5323668 ] } },
{ "type": "Feature", "properties": { "内容": "川崎ナーシングヴィラそよ風【特定施設入居者生活介護（有料老人ホーム）】神奈川県川崎市幸区南加瀬5-18-12", "url": "https://www.kaigokensaku.mhlw.go.jp/14/index.php?action_kouhyou_detail_004_kani=true&JigyosyoCd=1475101521-00&ServiceCd=331&Type=search", "url2": "https://www.unimat-rc.co.jp/" }, "geometry": { "type": "Point", "coordinates": [ 139.66012969999997, 35.5390637 ] } },
{ "type": "Feature", "properties": { "内容": "チャーム新川崎【特定施設入居者生活介護（有料老人ホーム）】神奈川県川崎市幸区北加瀬2‐11‐5", "url": "https://www.kaigokensaku.mhlw.go.jp/14/index.php?action_kouhyou_detail_004_kani=true&JigyosyoCd=1475102743-00&ServiceCd=331&Type=search", "url2": "https://www.charmcc.jp/home/charm_shinkawasaki/" }, "geometry": { "type": "Point", "coordinates": [ 139.662985700000036, 35.551215700000043 ] } },
{ "type": "Feature", "properties": { "内容": "SOMPOケア　ラヴィーレ川崎【特定施設入居者生活介護（有料老人ホーム）】神奈川県川崎市幸区幸町2丁目632-1", "url": "https://www.kaigokensaku.mhlw.go.jp/14/index.php?action_kouhyou_detail_004_kani=true&JigyosyoCd=1475102099-00&ServiceCd=331&Type=search", "url2": "https://www.sompocare.com/service/home/kaigo/H000273" }, "geometry": { "type": "Point", "coordinates": [ 139.69851790000007, 35.5375493 ] } },
{ "type": "Feature", "properties": { "内容": "有料老人ホームサニーライフ川崎【特定施設入居者生活介護（有料老人ホーム）】神奈川県川崎市中原区下小田中６－９－１７", "url": "https://www.kaigokensaku.mhlw.go.jp/14/index.php?action_kouhyou_detail_004_kani=true&JigyosyoCd=1475201248-00&ServiceCd=331&Type=search", "url2": "https://www.sunnylife-group.co.jp/kanagawa/141330/kawasaki" }, "geometry": { "type": "Point", "coordinates": [ 139.6355668, 35.5732939 ] } },
{ "type": "Feature", "properties": { "内容": "有料老人ホームサニーライフ中原【特定施設入居者生活介護（有料老人ホーム）】神奈川県川崎市中原区下小田中６－１０－２５", "url": "https://www.kaigokensaku.mhlw.go.jp/14/index.php?action_kouhyou_detail_004_kani=true&JigyosyoCd=1475201263-00&ServiceCd=331&Type=search", "url2": "http://www.sunnylife-group.co.jp" }, "geometry": { "type": "Point", "coordinates": [ 139.6355668, 35.5732939 ] } },
{ "type": "Feature", "properties": { "内容": "グランダ元住吉【特定施設入居者生活介護（有料老人ホーム）】神奈川県川崎市中原区木月住吉町１３番１５号", "url": "https://www.kaigokensaku.mhlw.go.jp/14/index.php?action_kouhyou_detail_004_kani=true&JigyosyoCd=1475202121-00&ServiceCd=331&Type=search", "url2": "https://kaigo.benesse-style-care.co.jp/area_kanagawa/kawasaki/home_gd-motosumiyoshi" }, "geometry": { "type": "Point", "coordinates": [ 139.657193099999972, 35.5645093 ] } },
{ "type": "Feature", "properties": { "内容": "リアンレーヴ武蔵新城【特定施設入居者生活介護（有料老人ホーム）】神奈川県川崎市中原区新城中町13-1リアンレーヴ武蔵新城", "url": "https://www.kaigokensaku.mhlw.go.jp/14/index.php?action_kouhyou_detail_004_kani=true&JigyosyoCd=1475202691-00&ServiceCd=331&Type=search", "url2": "https://www.kinoshita-kaigo.co.jp/facility/care_home/lien-reve_musashishinjou.html" }, "geometry": { "type": "Point", "coordinates": [ 139.634119100000021, 35.5824257 ] } },
{ "type": "Feature", "properties": { "内容": "花珠の家なかはら【特定施設入居者生活介護（有料老人ホーム）】神奈川県川崎市中原区下小田中5-14-25", "url": "https://www.kaigokensaku.mhlw.go.jp/14/index.php?action_kouhyou_detail_004_kani=true&JigyosyoCd=1475203004-00&ServiceCd=331&Type=search", "url2": "https://hanadama-kaigo.jala.co.jp" }, "geometry": { "type": "Point", "coordinates": [ 139.63499390000004, 35.5737325 ] } },
{ "type": "Feature", "properties": { "内容": "ベストライフ中原【特定施設入居者生活介護（有料老人ホーム）】神奈川県川崎市中原区上小田中5-9-1", "url": "https://www.kaigokensaku.mhlw.go.jp/14/index.php?action_kouhyou_detail_004_kani=true&JigyosyoCd=1475203053-00&ServiceCd=331&Type=search", "url2": null }, "geometry": { "type": "Point", "coordinates": [ 139.6357087, 35.5825979 ] } },
{ "type": "Feature", "properties": { "内容": "ライフコミューン武蔵小杉【特定施設入居者生活介護（有料老人ホーム）】神奈川県川崎市中原区小杉御殿町２－４４－１", "url": "https://www.kaigokensaku.mhlw.go.jp/14/index.php?action_kouhyou_detail_004_kani=true&JigyosyoCd=1475200406-00&ServiceCd=331&Type=search", "url2": "https://www.kinoshita-kaigo.co.jp/facility/care_home/life-commune_musashikosugi.html" }, "geometry": { "type": "Point", "coordinates": [ 139.654200800000012, 35.5774792 ] } },
{ "type": "Feature", "properties": { "内容": "フローレンスケア武蔵小杉【特定施設入居者生活介護（有料老人ホーム）】神奈川県川崎市中原区今井上町8-24", "url": "https://www.kaigokensaku.mhlw.go.jp/14/index.php?action_kouhyou_detail_004_kani=true&JigyosyoCd=1475203210-00&ServiceCd=331&Type=search", "url2": "https://www.good-care.jp/facilities/musashikosugi/" }, "geometry": { "type": "Point", "coordinates": [ 139.65174540000001, 35.5788168 ] } },
{ "type": "Feature", "properties": { "内容": "ニチイホーム元住吉【特定施設入居者生活介護（有料老人ホーム）】神奈川県川崎市中原区下小田中6-26-20", "url": "https://www.kaigokensaku.mhlw.go.jp/14/index.php?action_kouhyou_detail_004_kani=true&JigyosyoCd=1475200703-00&ServiceCd=331&Type=search", "url2": "http://www.nichii-home.jp/shisetsu/area/kanagawa/motosumiyoshi.html" }, "geometry": { "type": "Point", "coordinates": [ 139.640466599999968, 35.5707998 ] } },
{ "type": "Feature", "properties": { "内容": "グランフォレスト武蔵小杉【特定施設入居者生活介護（有料老人ホーム）】神奈川県川崎市中原区下沼部１８９４－２", "url": "https://www.kaigokensaku.mhlw.go.jp/14/index.php?action_kouhyou_detail_004_kani=true&JigyosyoCd=1475201792-00&ServiceCd=331&Type=search", "url2": "https://www.fillcare.co.jp/facilities/musashikosugi/" }, "geometry": { "type": "Point", "coordinates": [ 139.669708300000025, 35.5713497 ] } },
{ "type": "Feature", "properties": { "内容": "メディカル・リハビリホームグランダ日吉【特定施設入居者生活介護（有料老人ホーム）】神奈川県川崎市中原区井田2-15-6", "url": "https://www.kaigokensaku.mhlw.go.jp/14/index.php?action_kouhyou_detail_004_kani=true&JigyosyoCd=1475201818-00&ServiceCd=331&Type=search", "url2": "https://www.benesse-style-care.co.jp/" }, "geometry": { "type": "Point", "coordinates": [ 139.642744499999907, 35.5592047 ] } },
{ "type": "Feature", "properties": { "内容": "SOMPOケア　ラヴィーレ元住吉【特定施設入居者生活介護（有料老人ホーム）】神奈川県川崎市中原区下小田中3-26-1", "url": "https://www.kaigokensaku.mhlw.go.jp/14/index.php?action_kouhyou_detail_004_kani=true&JigyosyoCd=1475303044-00&ServiceCd=331&Type=search", "url2": "https://www.sompocare.com/" }, "geometry": { "type": "Point", "coordinates": [ 139.645684978740178, 35.572328513540469 ] } },
{ "type": "Feature", "properties": { "内容": "カーサプラチナ元住吉【特定施設入居者生活介護（有料老人ホーム）】神奈川県川崎市高津区明津59-1", "url": "https://www.kaigokensaku.mhlw.go.jp/14/index.php?action_kouhyou_detail_004_kani=true&JigyosyoCd=1475303705-00&ServiceCd=331&Type=search", "url2": "https://platinum-care.jp/" }, "geometry": { "type": "Point", "coordinates": [ 139.63971380000001, 35.5680279 ] } },
{ "type": "Feature", "properties": { "内容": "しまナーシングホーム高津【特定施設入居者生活介護（有料老人ホーム）】神奈川県川崎市高津区上作延3-4-10", "url": "https://www.kaigokensaku.mhlw.go.jp/14/index.php?action_kouhyou_detail_004_kani=true&JigyosyoCd=1475300792-00&ServiceCd=331&Type=search", "url2": "https://www.shima-nursing.co.jp" }, "geometry": { "type": "Point", "coordinates": [ 139.590862, 35.5980985 ] } },
{ "type": "Feature", "properties": { "内容": "そんぽの家　溝の口【特定施設入居者生活介護（有料老人ホーム）】神奈川県川崎市高津区新作４－１６－６", "url": "https://www.kaigokensaku.mhlw.go.jp/14/index.php?action_kouhyou_detail_004_kani=true&JigyosyoCd=1475301022-00&ServiceCd=331&Type=search", "url2": "https://www.sompocare.com/" }, "geometry": { "type": "Point", "coordinates": [ 139.620156299999962, 35.5874307 ] } },
{ "type": "Feature", "properties": { "内容": "ロングライフ梶ヶ谷【特定施設入居者生活介護（有料老人ホーム）】神奈川県川崎市高津区下作延2-33-1", "url": "https://www.kaigokensaku.mhlw.go.jp/14/index.php?action_kouhyou_detail_004_kani=true&JigyosyoCd=1475301352-00&ServiceCd=331&Type=search", "url2": "http://www.j-longlife.co.jp/kajigaya/index.html" }, "geometry": { "type": "Point", "coordinates": [ 139.60419109999998, 35.5952323 ] } },
{ "type": "Feature", "properties": { "内容": "クラーチ溝の口【特定施設入居者生活介護（有料老人ホーム）】神奈川県川崎市高津区下作延5丁目29番1号", "url": "https://www.kaigokensaku.mhlw.go.jp/14/index.php?action_kouhyou_detail_004_kani=true&JigyosyoCd=1475301477-00&ServiceCd=331&Type=search", "url2": "http://www.kuraci.co.jp/house/kuraci/mizonokuchi/" }, "geometry": { "type": "Point", "coordinates": [ 139.597328174205018, 35.604986369221635 ] } },
{ "type": "Feature", "properties": { "内容": "まどか武蔵新城【特定施設入居者生活介護（有料老人ホーム）】神奈川県川崎市高津区千年９３５", "url": "https://www.kaigokensaku.mhlw.go.jp/14/index.php?action_kouhyou_detail_004_kani=true&JigyosyoCd=1475301774-00&ServiceCd=331&Type=search", "url2": "https://kaigo.benesse-style-care.co.jp/area_kanagawa/kawasaki/home_m-musashishinjyo" }, "geometry": { "type": "Point", "coordinates": [ 139.622811800000022, 35.5843839 ] } },
{ "type": "Feature", "properties": { "内容": "フローレンスケア溝の口【特定施設入居者生活介護（有料老人ホーム）】神奈川県川崎市高津区下作延3-6-2フローレンスケア溝の口", "url": "https://www.kaigokensaku.mhlw.go.jp/14/index.php?action_kouhyou_detail_004_kani=true&JigyosyoCd=1475302210-00&ServiceCd=331&Type=search", "url2": "http://www.good-care.jp/facilities/mizonokuchi/" }, "geometry": { "type": "Point", "coordinates": [ 139.601949699999977, 35.5947879 ] } },
{ "type": "Feature", "properties": { "内容": "ベストライフ玉川【特定施設入居者生活介護（有料老人ホーム）】神奈川県川崎市高津区久地4-25-33", "url": "https://www.kaigokensaku.mhlw.go.jp/14/index.php?action_kouhyou_detail_004_kani=true&JigyosyoCd=1475303267-00&ServiceCd=331&Type=search", "url2": null }, "geometry": { "type": "Point", "coordinates": [ 139.595041900000012, 35.6102559 ] } },
{ "type": "Feature", "properties": { "内容": "ベストライフ二子新地【特定施設入居者生活介護（有料老人ホーム）】神奈川県川崎市高津区諏訪1-13-2", "url": "https://www.kaigokensaku.mhlw.go.jp/14/index.php?action_kouhyou_detail_004_kani=true&JigyosyoCd=1475303275-00&ServiceCd=331&Type=search", "url2": null }, "geometry": { "type": "Point", "coordinates": [ 139.62310020000001, 35.6048537 ] } },
{ "type": "Feature", "properties": { "内容": "ベストライフ溝の口【特定施設入居者生活介護（有料老人ホーム）】神奈川県川崎市高津区上作延1丁目10番15号", "url": "https://www.kaigokensaku.mhlw.go.jp/14/index.php?action_kouhyou_detail_004_kani=true&JigyosyoCd=1475303283-00&ServiceCd=331&Type=search", "url2": null }, "geometry": { "type": "Point", "coordinates": [ 139.594995, 35.5995077 ] } },
{ "type": "Feature", "properties": { "内容": "ブランシエールケア溝の口【特定施設入居者生活介護（有料老人ホーム）】神奈川県川崎市高津区下作延4丁目23番13号", "url": "https://www.kaigokensaku.mhlw.go.jp/14/index.php?action_kouhyou_detail_004_kani=true&JigyosyoCd=1475303390-00&ServiceCd=331&Type=search", "url2": "https://www.haseko-senior.co.jp/home/mizonokuchi/index.html" }, "geometry": { "type": "Point", "coordinates": [ 139.603373, 35.5976926 ] } },
{ "type": "Feature", "properties": { "内容": "リハビリホームボンセジュール溝の口【特定施設入居者生活介護（有料老人ホーム）】神奈川県川崎市高津区下作延5丁目11番12号", "url": "https://www.kaigokensaku.mhlw.go.jp/14/index.php?action_kouhyou_detail_004_kani=true&JigyosyoCd=1475301865-00&ServiceCd=331&Type=search", "url2": "https://kaigo.benesse-style-care.co.jp/area_kanagawa/kawasaki/home_b-mizonokuchi" }, "geometry": { "type": "Point", "coordinates": [ 139.59935530000007, 35.600612 ] } },
{ "type": "Feature", "properties": { "内容": "ボンセジュール武蔵新城【特定施設入居者生活介護（有料老人ホーム）】神奈川県川崎市高津区千年773番2", "url": "https://www.kaigokensaku.mhlw.go.jp/14/index.php?action_kouhyou_detail_004_kani=true&JigyosyoCd=1475301873-00&ServiceCd=331&Type=search", "url2": "https://kaigo.benesse-style-care.co.jp/area_kanagawa/kawasaki/home_b-musashishinjo" }, "geometry": { "type": "Point", "coordinates": [ 139.627650499999959, 35.579393 ] } },
{ "type": "Feature", "properties": { "内容": "アズハイム川崎中央【特定施設入居者生活介護（有料老人ホーム）】神奈川県川崎市高津区東野川2-22-4", "url": "https://www.kaigokensaku.mhlw.go.jp/14/index.php?action_kouhyou_detail_004_kani=true&JigyosyoCd=1475302566-00&ServiceCd=331&Type=search", "url2": "https://as-heim.com/facility/kawasaki/" }, "geometry": { "type": "Point", "coordinates": [ 139.613398783991983, 35.567517090172622 ] } },
{ "type": "Feature", "properties": { "内容": "SOMPOケア　ラヴィーレ高津【特定施設入居者生活介護（有料老人ホーム）】神奈川県川崎市高津区北見方３－１２－１３", "url": "https://www.kaigokensaku.mhlw.go.jp/14/index.php?action_kouhyou_detail_004_kani=true&JigyosyoCd=1475303051-00&ServiceCd=331&Type=search", "url2": "http://www.sompocare.com" }, "geometry": { "type": "Point", "coordinates": [ 139.6323099, 35.5977955 ] } },
{ "type": "Feature", "properties": { "内容": "SOMPOケア　ラヴィーレ溝の口【特定施設入居者生活介護（有料老人ホーム）】神奈川県川崎市高津区末長2丁目9番45号", "url": "https://www.kaigokensaku.mhlw.go.jp/14/index.php?action_kouhyou_detail_004_kani=true&JigyosyoCd=1475303069-00&ServiceCd=331&Type=search", "url2": "https://www.sompocare.com/service/home/kaigo/H000023" }, "geometry": { "type": "Point", "coordinates": [ 139.615194013491845, 35.590946328633919 ] } },
{ "type": "Feature", "properties": { "内容": "SOMPOケア　ラヴィーレ溝の口弐番館【特定施設入居者生活介護（有料老人ホーム）】神奈川県川崎市高津区末長２丁目９番地３１号", "url": "https://www.kaigokensaku.mhlw.go.jp/14/index.php?action_kouhyou_detail_004_kani=true&JigyosyoCd=1475303077-00&ServiceCd=331&Type=search", "url2": "https://www.sompocare.com/service/home/kaigo/H000024/" }, "geometry": { "type": "Point", "coordinates": [ 139.614923399999952, 35.5913051 ] } },
{ "type": "Feature", "properties": { "内容": "SOMPOケア　ラヴィーレ久地【特定施設入居者生活介護（有料老人ホーム）】神奈川県川崎市高津区下作延6丁目31番17号", "url": "https://www.kaigokensaku.mhlw.go.jp/14/index.php?action_kouhyou_detail_004_kani=true&JigyosyoCd=1475303598-00&ServiceCd=331&Type=search", "url2": "https://www.sompocare.com/service/home/kaigo/H000462" }, "geometry": { "type": "Point", "coordinates": [ 139.59746, 35.6084898 ] } },
{ "type": "Feature", "properties": { "内容": "介護付有料老人ホーム　すこや家・川崎明津【特定施設入居者生活介護（有料老人ホーム）】神奈川県川崎市高津区明津167-1", "url": "https://www.kaigokensaku.mhlw.go.jp/14/index.php?action_kouhyou_detail_004_kani=true&JigyosyoCd=1475301519-00&ServiceCd=331&Type=search", "url2": "https://kaigo.alsok.co.jp/facility/search/detail/105" }, "geometry": { "type": "Point", "coordinates": [ 139.633884, 35.5671838 ] } },
{ "type": "Feature", "properties": { "内容": "ライフコミューン登戸【特定施設入居者生活介護（有料老人ホーム）】神奈川県川崎市多摩区中野島４－４－３３", "url": "https://www.kaigokensaku.mhlw.go.jp/14/index.php?action_kouhyou_detail_004_kani=true&JigyosyoCd=1475400444-00&ServiceCd=331&Type=search", "url2": "https://www.kinoshita-kaigo.co.jp/facility/care_home/life-commune_noborito.html" }, "geometry": { "type": "Point", "coordinates": [ 139.560177296186794, 35.628504749724506 ] } },
{ "type": "Feature", "properties": { "内容": "介護付有料老人ホームみんなの家・川崎中野島【特定施設入居者生活介護（有料老人ホーム）】神奈川県川崎市多摩区中野島2-1-31", "url": "https://www.kaigokensaku.mhlw.go.jp/14/index.php?action_kouhyou_detail_004_kani=true&JigyosyoCd=1475401640-00&ServiceCd=331&Type=search", "url2": "https://kaigo.alsok.co.jp/facility/search/datail/113" }, "geometry": { "type": "Point", "coordinates": [ 139.551855599999953, 35.6254993 ] } },
{ "type": "Feature", "properties": { "内容": "ブランシエールケア星が丘【特定施設入居者生活介護（有料老人ホーム）】神奈川県川崎市多摩区菅馬場3－22－1", "url": "https://www.kaigokensaku.mhlw.go.jp/14/index.php?action_kouhyou_detail_004_kani=true&JigyosyoCd=1475402440-00&ServiceCd=331&Type=search", "url2": "http://www.haseko-senior.co.jp/" }, "geometry": { "type": "Point", "coordinates": [ 139.53195740000001, 35.6246633 ] } },
{ "type": "Feature", "properties": { "内容": "そんぽの家中野島ガーデン【特定施設入居者生活介護（有料老人ホーム）】神奈川県川崎市多摩区中野島1-1-11", "url": "https://www.kaigokensaku.mhlw.go.jp/14/index.php?action_kouhyou_detail_004_kani=true&JigyosyoCd=1475402556-00&ServiceCd=331&Type=search", "url2": "http://www.sompocare.com/service/home/kaigo/H000266" }, "geometry": { "type": "Point", "coordinates": [ 139.549123, 35.6302095 ] } },
{ "type": "Feature", "properties": { "内容": "グッドタイムナーシングホーム・中野島【特定施設入居者生活介護（有料老人ホーム）】神奈川県川崎市多摩区中野島1-27-8", "url": "https://www.kaigokensaku.mhlw.go.jp/14/index.php?action_kouhyou_detail_004_kani=true&JigyosyoCd=1475402796-00&ServiceCd=331&Type=search", "url2": "http://goodtimehome.com/" }, "geometry": { "type": "Point", "coordinates": [ 139.546638900000062, 35.62625 ] } },
{ "type": "Feature", "properties": { "内容": "ベストライフ登戸【特定施設入居者生活介護（有料老人ホーム）】神奈川県川崎市多摩区中野島4-16-5", "url": "https://www.kaigokensaku.mhlw.go.jp/14/index.php?action_kouhyou_detail_004_kani=true&JigyosyoCd=1475402853-00&ServiceCd=331&Type=search", "url2": null }, "geometry": { "type": "Point", "coordinates": [ 139.5548171, 35.6300709 ] } },
{ "type": "Feature", "properties": { "内容": "クラーチ・ファミリア稲田堤【特定施設入居者生活介護（有料老人ホーム）】神奈川県川崎市多摩区菅稲田堤1－17－15", "url": "https://www.kaigokensaku.mhlw.go.jp/14/index.php?action_kouhyou_detail_004_kani=true&JigyosyoCd=1475403190-00&ServiceCd=331&Type=search", "url2": "https://www.kuraci.co.jp/home/famila-inada/" }, "geometry": { "type": "Point", "coordinates": [ 139.5345054, 35.6344017 ] } },
{ "type": "Feature", "properties": { "内容": "サンピアインオアシス【特定施設入居者生活介護（有料老人ホーム）】神奈川県川崎市多摩区栗谷２－１８－８", "url": "https://www.kaigokensaku.mhlw.go.jp/14/index.php?action_kouhyou_detail_004_kani=true&JigyosyoCd=1475400196-00&ServiceCd=331&Type=search", "url2": null }, "geometry": { "type": "Point", "coordinates": [ 139.53339440000002, 35.6078414 ] } },
{ "type": "Feature", "properties": { "内容": "ヴィンテージ・ヴィラ向ケ丘遊園【特定施設入居者生活介護（有料老人ホーム）】神奈川県川崎市多摩区長尾４－３－３", "url": "https://www.kaigokensaku.mhlw.go.jp/14/index.php?action_kouhyou_detail_004_kani=true&JigyosyoCd=1475400246-00&ServiceCd=331&Type=search", "url2": "http://vintage-villa.net/muko/" }, "geometry": { "type": "Point", "coordinates": [ 139.576653794442791, 35.610381180710647 ] } },
{ "type": "Feature", "properties": { "内容": "グランフォレスト登戸【特定施設入居者生活介護（有料老人ホーム）】神奈川県川崎市多摩区登戸595番地", "url": "https://www.kaigokensaku.mhlw.go.jp/14/index.php?action_kouhyou_detail_004_kani=true&JigyosyoCd=1475400659-00&ServiceCd=331&Type=search", "url2": "http://www.fillcare.co.jp/facilities/noborito/" }, "geometry": { "type": "Point", "coordinates": [ 139.556464052983472, 35.6271036343228 ] } },
{ "type": "Feature", "properties": { "内容": "介護付有料老人ホーム　ばらの庄【特定施設入居者生活介護（有料老人ホーム）】神奈川県川崎市多摩区西生田4-23-13", "url": "https://www.kaigokensaku.mhlw.go.jp/14/index.php?action_kouhyou_detail_004_kani=true&JigyosyoCd=1475400675-00&ServiceCd=331&Type=search", "url2": "http://www.bala.co.jp" }, "geometry": { "type": "Point", "coordinates": [ 139.525950500000022, 35.6107047 ] } },
{ "type": "Feature", "properties": { "内容": "フローレンスケア宿河原【特定施設入居者生活介護（有料老人ホーム）】神奈川県川崎市多摩区宿河原６－１２－２９", "url": "https://www.kaigokensaku.mhlw.go.jp/14/index.php?action_kouhyou_detail_004_kani=true&JigyosyoCd=1475401202-00&ServiceCd=331&Type=search", "url2": "https://www.good-care.jp" }, "geometry": { "type": "Point", "coordinates": [ 139.584869799999979, 35.6131543 ] } },
{ "type": "Feature", "properties": { "内容": "そんぽの家　生田【特定施設入居者生活介護（有料老人ホーム）】神奈川県川崎市多摩区長沢1-5-15", "url": "https://www.kaigokensaku.mhlw.go.jp/14/index.php?action_kouhyou_detail_004_kani=true&JigyosyoCd=1475401657-00&ServiceCd=331&Type=search", "url2": "https://www.sompocare.com/service/home/kaigo/H000268" }, "geometry": { "type": "Point", "coordinates": [ 139.541663128172331, 35.604386286288637 ] } },
{ "type": "Feature", "properties": { "内容": "グッドタイムホーム・生田【特定施設入居者生活介護（有料老人ホーム）】神奈川県川崎市多摩区三田5-2-16", "url": "https://www.kaigokensaku.mhlw.go.jp/14/index.php?action_kouhyou_detail_004_kani=true&JigyosyoCd=1475402788-00&ServiceCd=331&Type=search", "url2": "http://www.goodtimehome.com" }, "geometry": { "type": "Point", "coordinates": [ 139.548723600000017, 35.6095916 ] } },
{ "type": "Feature", "properties": { "内容": "ベストライフ向ヶ丘遊園【特定施設入居者生活介護（有料老人ホーム）】神奈川県川崎市多摩区登戸2678-1", "url": "https://www.kaigokensaku.mhlw.go.jp/14/index.php?action_kouhyou_detail_004_kani=true&JigyosyoCd=1475402838-00&ServiceCd=331&Type=search", "url2": null }, "geometry": { "type": "Point", "coordinates": [ 139.5664631, 35.6163484 ] } },
{ "type": "Feature", "properties": { "内容": "ベストライフ百合ヶ丘【特定施設入居者生活介護（有料老人ホーム）】神奈川県川崎市多摩区長沢4-41-19", "url": "https://www.kaigokensaku.mhlw.go.jp/14/index.php?action_kouhyou_detail_004_kani=true&JigyosyoCd=1475402846-00&ServiceCd=331&Type=search", "url2": null }, "geometry": { "type": "Point", "coordinates": [ 139.53182, 35.5979076 ] } },
{ "type": "Feature", "properties": { "内容": "ライフコミューン生田【特定施設入居者生活介護（有料老人ホーム）】神奈川県川崎市多摩区三田4-5555-1", "url": "https://www.kaigokensaku.mhlw.go.jp/14/index.php?action_kouhyou_detail_004_kani=true&JigyosyoCd=1475400931-00&ServiceCd=331&Type=search", "url2": "https://www.kinoshita-kaigo.co.jp/facility/care_home/life-commune_ikuta.html" }, "geometry": { "type": "Point", "coordinates": [ 139.541254900000013, 35.6070054 ] } },
{ "type": "Feature", "properties": { "内容": "フェリエ　ドゥ　稲田堤【特定施設入居者生活介護（有料老人ホーム）】神奈川県川崎市多摩区菅２－９－５", "url": "https://www.kaigokensaku.mhlw.go.jp/14/index.php?action_kouhyou_detail_004_kani=true&JigyosyoCd=1475401046-00&ServiceCd=331&Type=search", "url2": "https://www.like-cn.co.jp/homes/ferie-de/inadatsutsumi.html" }, "geometry": { "type": "Point", "coordinates": [ 139.531645799999978, 35.633774440179238 ] } },
{ "type": "Feature", "properties": { "内容": "ニチイケアセンター川崎長沢【特定施設入居者生活介護（有料老人ホーム）】神奈川県川崎市多摩区長沢1-32-7", "url": "https://www.kaigokensaku.mhlw.go.jp/14/index.php?action_kouhyou_detail_004_kani=true&JigyosyoCd=1475401442-00&ServiceCd=331&Type=search", "url2": "https://www.nichii-kaigo.jp/base/base-result/05U12/" }, "geometry": { "type": "Point", "coordinates": [ 139.546657399999958, 35.6037616 ] } },
{ "type": "Feature", "properties": { "内容": "ニチイホーム登戸【特定施設入居者生活介護（有料老人ホーム）】神奈川県川崎市多摩区菅馬場1-27-18", "url": "https://www.kaigokensaku.mhlw.go.jp/14/index.php?action_kouhyou_detail_004_kani=true&JigyosyoCd=1475401459-00&ServiceCd=331&Type=search", "url2": "https://www.nichii-home.jp/shisetsu/area/kanagawa/noborito.html" }, "geometry": { "type": "Point", "coordinates": [ 139.544311647499029, 35.631237228524817 ] } },
{ "type": "Feature", "properties": { "内容": "メディカルホームボンセジュール中野島【特定施設入居者生活介護（有料老人ホーム）】神奈川県川崎市多摩区中野島3-14-22", "url": "https://www.kaigokensaku.mhlw.go.jp/14/index.php?action_kouhyou_detail_004_kani=true&JigyosyoCd=1475401723-00&ServiceCd=331&Type=search", "url2": "https://kaigo.benesse-style-care.co.jp/area_kanagawa/kawasaki/home_b-nakanoshima" }, "geometry": { "type": "Point", "coordinates": [ 139.550724899999977, 35.6293708 ] } },
{ "type": "Feature", "properties": { "内容": "SOMPOケアラヴィーレ多摩川桜並木【特定施設入居者生活介護（有料老人ホーム）】神奈川県川崎市多摩区宿河原6丁目15番12号", "url": "https://www.kaigokensaku.mhlw.go.jp/14/index.php?action_kouhyou_detail_004_kani=true&JigyosyoCd=1475403083-00&ServiceCd=331&Type=search", "url2": "http://www.sompocare.com/service/home/kaigo/H000461" }, "geometry": { "type": "Point", "coordinates": [ 139.58473680000003, 35.612441500000024 ] } },
{ "type": "Feature", "properties": { "内容": "リハビリホームくらら鷺沼【特定施設入居者生活介護（有料老人ホーム）】神奈川県川崎市宮前区小台2-20-12", "url": "https://www.kaigokensaku.mhlw.go.jp/14/index.php?action_kouhyou_detail_004_kani=true&JigyosyoCd=1475500136-00&ServiceCd=331&Type=search", "url2": "https://kaigo.benesse-style-care.co.jp/area_kanagawa/kawasaki/home_k-sagi" }, "geometry": { "type": "Point", "coordinates": [ 139.581994500000064, 35.5805789 ] } },
{ "type": "Feature", "properties": { "内容": "ニチイホーム鷺沼【特定施設入居者生活介護（有料老人ホーム）】神奈川県川崎市宮前区小台1‐17-1", "url": "https://www.kaigokensaku.mhlw.go.jp/14/index.php?action_kouhyou_detail_004_kani=true&JigyosyoCd=1475500383-00&ServiceCd=331&Type=search", "url2": "http://www.nichii-home.jp/shisetsu/area/kanagawa/saginuma.html" }, "geometry": { "type": "Point", "coordinates": [ 139.5747896, 35.579595799999986 ] } },
{ "type": "Feature", "properties": { "内容": "ニチイホームたまプラーザ【特定施設入居者生活介護（有料老人ホーム）】神奈川県川崎市宮前区犬蔵２－２３－６", "url": "https://www.kaigokensaku.mhlw.go.jp/14/index.php?action_kouhyou_detail_004_kani=true&JigyosyoCd=1475500417-00&ServiceCd=331&Type=search", "url2": "http://www.nichii-home.jp/shisetsu/area/kanagawa/tamaplaza.html" }, "geometry": { "type": "Point", "coordinates": [ 139.5626737, 35.5860837 ] } },
{ "type": "Feature", "properties": { "内容": "ニチイホーム鷺沼南【特定施設入居者生活介護（有料老人ホーム）】神奈川県川崎市宮前区有馬６－８－８", "url": "https://www.kaigokensaku.mhlw.go.jp/14/index.php?action_kouhyou_detail_004_kani=true&JigyosyoCd=1475500714-00&ServiceCd=331&Type=search", "url2": "http://www.nichii-home.jp/shisetsu/area/kanagawa/saginumaminami.html" }, "geometry": { "type": "Point", "coordinates": [ 139.584325400000012, 35.5710054 ] } },
{ "type": "Feature", "properties": { "内容": "フローレンスケアたまプラーザ【特定施設入居者生活介護（有料老人ホーム）】神奈川県川崎市宮前区犬蔵2-17-65", "url": "https://www.kaigokensaku.mhlw.go.jp/14/index.php?action_kouhyou_detail_004_kani=true&JigyosyoCd=1475500748-00&ServiceCd=331&Type=search", "url2": "http://www.good-care.jp/facilities/tamaplaza/" }, "geometry": { "type": "Point", "coordinates": [ 139.565837200000033, 35.5870502 ] } },
{ "type": "Feature", "properties": { "内容": "くらら宮前平【特定施設入居者生活介護（有料老人ホーム）】神奈川県川崎市宮前区小台2-10-1", "url": "https://www.kaigokensaku.mhlw.go.jp/14/index.php?action_kouhyou_detail_004_kani=true&JigyosyoCd=1475500854-00&ServiceCd=331&Type=search", "url2": "https://kaigo.benesse-style-care.co.jp/area_kanagawa/kawasaki/home_k-miyamae" }, "geometry": { "type": "Point", "coordinates": [ 139.584124699999961, 35.5828508 ] } },
{ "type": "Feature", "properties": { "内容": "ヒルデモアたまプラーザ【特定施設入居者生活介護（有料老人ホーム）】神奈川県川崎市宮前区犬蔵2-33-1", "url": "https://www.kaigokensaku.mhlw.go.jp/14/index.php?action_kouhyou_detail_004_kani=true&JigyosyoCd=1475500896-00&ServiceCd=331&Type=search", "url2": "https://www.tnbls.co.jp/hyldemoer/home/tama_1/" }, "geometry": { "type": "Point", "coordinates": [ 139.562571709262073, 35.58214688133215 ] } },
{ "type": "Feature", "properties": { "内容": "ヒルデモアたまプラーザ・ビレッジⅢ【特定施設入居者生活介護（有料老人ホーム）】神奈川県川崎市宮前区犬蔵2-34-7", "url": "https://www.kaigokensaku.mhlw.go.jp/14/index.php?action_kouhyou_detail_004_kani=true&JigyosyoCd=1475501050-00&ServiceCd=331&Type=search", "url2": "https://www.tnbls.co.jp/hyldemoer/home/tama_3/" }, "geometry": { "type": "Point", "coordinates": [ 139.562687800000049, 35.5818232 ] } },
{ "type": "Feature", "properties": { "内容": "フローレンスケア宮前平【特定施設入居者生活介護（有料老人ホーム）】神奈川県川崎市宮前区宮前平２丁目9番2号", "url": "https://www.kaigokensaku.mhlw.go.jp/14/index.php?action_kouhyou_detail_004_kani=true&JigyosyoCd=1475501282-00&ServiceCd=331&Type=search", "url2": "http://www.good-care.jp/" }, "geometry": { "type": "Point", "coordinates": [ 139.581532899999956, 35.5894082 ] } },
{ "type": "Feature", "properties": { "内容": "クラーチ・ファミリア宮前【特定施設入居者生活介護（有料老人ホーム）】神奈川県川崎市宮前区東有馬1-16-8クラーチ・ファミリア宮前", "url": "https://www.kaigokensaku.mhlw.go.jp/14/index.php?action_kouhyou_detail_004_kani=true&JigyosyoCd=1475502165-00&ServiceCd=331&Type=search", "url2": "https://www.kuraci.co.jp/home/famila-miyamae/" }, "geometry": { "type": "Point", "coordinates": [ 139.589567200000033, 35.574942600000014 ] } },
{ "type": "Feature", "properties": { "内容": "グッドタイムホーム・鷺沼【特定施設入居者生活介護（有料老人ホーム）】神奈川県川崎市宮前区有馬6-6-6", "url": "https://www.kaigokensaku.mhlw.go.jp/14/index.php?action_kouhyou_detail_004_kani=true&JigyosyoCd=1475502488-00&ServiceCd=331&Type=search", "url2": "http://www.goodtimehome.com" }, "geometry": { "type": "Point", "coordinates": [ 139.58563470674585, 35.571616841495945 ] } },
{ "type": "Feature", "properties": { "内容": "グッドタイムナーシングホーム・宮前【特定施設入居者生活介護（有料老人ホーム）】神奈川県川崎市宮前区菅生4-15-18", "url": "https://www.kaigokensaku.mhlw.go.jp/14/index.php?action_kouhyou_detail_004_kani=true&JigyosyoCd=1475502496-00&ServiceCd=331&Type=search", "url2": "https://goodtimehome.com/" }, "geometry": { "type": "Point", "coordinates": [ 139.54902212513116, 35.592509142778759 ] } },
{ "type": "Feature", "properties": { "内容": "介護付き有料老人ホーム　アシステッドリビング宮前【特定施設入居者生活介護（有料老人ホーム）】神奈川県川崎市宮前区水沢2-8-60", "url": "https://www.kaigokensaku.mhlw.go.jp/14/index.php?action_kouhyou_detail_004_kani=true&JigyosyoCd=1475502512-00&ServiceCd=331&Type=search", "url2": "http://www.zenwellness.co.jp" }, "geometry": { "type": "Point", "coordinates": [ 139.541913300000033, 35.5924345 ] } },
{ "type": "Feature", "properties": { "内容": "ベストライフ宮前【特定施設入居者生活介護（有料老人ホーム）】神奈川県川崎市宮前区土橋1-8-4", "url": "https://www.kaigokensaku.mhlw.go.jp/14/index.php?action_kouhyou_detail_004_kani=true&JigyosyoCd=1475502595-00&ServiceCd=331&Type=search", "url2": null }, "geometry": { "type": "Point", "coordinates": [ 139.5785091, 35.5879263 ] } },
{ "type": "Feature", "properties": { "内容": "ベストライフ鷺沼【特定施設入居者生活介護（有料老人ホーム）】神奈川県川崎市宮前区鷺沼1-3-6", "url": "https://www.kaigokensaku.mhlw.go.jp/14/index.php?action_kouhyou_detail_004_kani=true&JigyosyoCd=1475502603-00&ServiceCd=331&Type=search", "url2": null }, "geometry": { "type": "Point", "coordinates": [ 139.57535, 35.5772329 ] } },
{ "type": "Feature", "properties": { "内容": "ベストライフ宮前平【特定施設入居者生活介護（有料老人ホーム）】神奈川県川崎市宮前区宮前平2-15-8", "url": "https://www.kaigokensaku.mhlw.go.jp/14/index.php?action_kouhyou_detail_004_kani=true&JigyosyoCd=1475502611-00&ServiceCd=331&Type=search", "url2": null }, "geometry": { "type": "Point", "coordinates": [ 139.582218899999987, 35.5853051 ] } },
{ "type": "Feature", "properties": { "内容": "カーサプラチナ宮前平【特定施設入居者生活介護（有料老人ホーム）】神奈川県川崎市宮前区平3-2-25", "url": "https://www.kaigokensaku.mhlw.go.jp/14/index.php?action_kouhyou_detail_004_kani=true&JigyosyoCd=1475502801-00&ServiceCd=331&Type=search", "url2": "https://platinum-care.jp/miyamaedaira/" }, "geometry": { "type": "Point", "coordinates": [ 139.5691396, 35.600416 ] } },
{ "type": "Feature", "properties": { "内容": "そんぽの家　川崎宮前【特定施設入居者生活介護（有料老人ホーム）】神奈川県川崎市宮前区野川本町3-11-30そんぽの家　川崎宮前", "url": "https://www.kaigokensaku.mhlw.go.jp/14/index.php?action_kouhyou_detail_004_kani=true&JigyosyoCd=1475501316-00&ServiceCd=331&Type=search", "url2": "https://www.sompocare.com/service/home/kaigo/H000263/" }, "geometry": { "type": "Point", "coordinates": [ 139.617793399999982, 35.5760518 ] } },
{ "type": "Feature", "properties": { "内容": "介護付有料老人ホーム　宮崎台の杜【特定施設入居者生活介護（有料老人ホーム）】神奈川県川崎市宮前区馬絹２丁目３番２８号", "url": "https://www.kaigokensaku.mhlw.go.jp/14/index.php?action_kouhyou_detail_004_kani=true&JigyosyoCd=1475501415-00&ServiceCd=331&Type=search", "url2": "https://www.chi-ga.jp/facility/miyazakidainomori/" }, "geometry": { "type": "Point", "coordinates": [ 139.593515199166404, 35.581585208481755 ] } },
{ "type": "Feature", "properties": { "内容": "ツクイ・サンシャイン川崎宮前【特定施設入居者生活介護（有料老人ホーム）】神奈川県川崎市宮前区野川本町3-17-10", "url": "https://www.kaigokensaku.mhlw.go.jp/14/index.php?action_kouhyou_detail_004_kani=true&JigyosyoCd=1475502645-00&ServiceCd=331&Type=search", "url2": "https://www.tsukui.net/sunshine/kawasaki_miyamae/" }, "geometry": { "type": "Point", "coordinates": [ 139.6189123, 35.575654 ] } },
{ "type": "Feature", "properties": { "内容": "介護付有料老人ホーム　ケアヴィレッジみやまえ【特定施設入居者生活介護（有料老人ホーム）】神奈川県川崎市宮前区馬絹6-23-8", "url": "https://www.kaigokensaku.mhlw.go.jp/14/index.php?action_kouhyou_detail_004_kani=true&JigyosyoCd=1475600514-00&ServiceCd=331&Type=search", "url2": "http://www.heartful-k.org/miyamaenituite.html" }, "geometry": { "type": "Point", "coordinates": [ 139.596704748323077, 35.585403282021197 ] } },
{ "type": "Feature", "properties": { "内容": "メディカルホームグラニー鷺沼・川崎【特定施設入居者生活介護（有料老人ホーム）】神奈川県川崎市宮前区小台1-15-7", "url": "https://www.kaigokensaku.mhlw.go.jp/14/index.php?action_kouhyou_detail_004_kani=true&JigyosyoCd=1475500169-00&ServiceCd=331&Type=search", "url2": "https://kaigo.benesse-style-care.co.jp/area_kanagawa/kawasaki/home_gy-saginuma" }, "geometry": { "type": "Point", "coordinates": [ 139.576256199999989, 35.5795846 ] } },
{ "type": "Feature", "properties": { "内容": "リアンレーヴ宮前平【特定施設入居者生活介護（有料老人ホーム）】神奈川県川崎市宮前区水沢2-10-3", "url": "https://www.kaigokensaku.mhlw.go.jp/14/index.php?action_kouhyou_detail_004_kani=true&JigyosyoCd=1475502918-00&ServiceCd=331&Type=search", "url2": "https://www.kinoshita-kaigo.co.jp/facility/care_home/lien_reve_miyamaedaira.html" }, "geometry": { "type": "Point", "coordinates": [ 139.542331499999989, 35.5930122 ] } },
{ "type": "Feature", "properties": { "内容": "SOMPOケア　ラヴィーレ川崎宮前【特定施設入居者生活介護（有料老人ホーム）】神奈川県川崎市宮前区平二丁目15番3号", "url": "https://www.kaigokensaku.mhlw.go.jp/14/index.php?action_kouhyou_detail_004_kani=true&JigyosyoCd=1475502355-00&ServiceCd=331&Type=search", "url2": "https://www.sompocare.com/" }, "geometry": { "type": "Point", "coordinates": [ 139.574060599999967, 35.602064600000034 ] } },
{ "type": "Feature", "properties": { "内容": "ニチイホーム栗平【特定施設入居者生活介護（有料老人ホーム）】神奈川県川崎市麻生区栗平１－１１－１", "url": "https://www.kaigokensaku.mhlw.go.jp/14/index.php?action_kouhyou_detail_004_kani=true&JigyosyoCd=1475600365-00&ServiceCd=331&Type=search", "url2": "http://www.nichii-home.jp/shisetsu/area/kanagawa/kurihira.html" }, "geometry": { "type": "Point", "coordinates": [ 139.479617299999973, 35.6063109 ] } },
{ "type": "Feature", "properties": { "内容": "ニチイホーム王禅寺【特定施設入居者生活介護（有料老人ホーム）】神奈川県川崎市麻生区王禅寺西７－１９－３", "url": "https://www.kaigokensaku.mhlw.go.jp/14/index.php?action_kouhyou_detail_004_kani=true&JigyosyoCd=1475600548-00&ServiceCd=331&Type=search", "url2": "http://www.nichii-home.jp/shisetsu/area/kanagawa/ouzenji.html" }, "geometry": { "type": "Point", "coordinates": [ 139.5052164, 35.5882287 ] } },
{ "type": "Feature", "properties": { "内容": "ニチイホーム柿生【特定施設入居者生活介護（有料老人ホーム）】神奈川県川崎市麻生区下麻生２－３－１２ニチイホーム柿生", "url": "https://www.kaigokensaku.mhlw.go.jp/14/index.php?action_kouhyou_detail_004_kani=true&JigyosyoCd=1475600555-00&ServiceCd=331&Type=search", "url2": "https://www.nichii-home.jp/shisetsu/area/kanagawa/kakio.html" }, "geometry": { "type": "Point", "coordinates": [ 139.506941500000039, 35.5819211 ] } },
{ "type": "Feature", "properties": { "内容": "ライフコミューン百合ヶ丘【特定施設入居者生活介護（有料老人ホーム）】神奈川県川崎市麻生区万福寺4-1-1", "url": "https://www.kaigokensaku.mhlw.go.jp/14/index.php?action_kouhyou_detail_004_kani=true&JigyosyoCd=1475600662-00&ServiceCd=331&Type=search", "url2": "https://www.kinoshita-kaigo.co.jp/facility/care_home/life-commune_yurigaoka.html" }, "geometry": { "type": "Point", "coordinates": [ 139.512451599999963, 35.6082602 ] } },
{ "type": "Feature", "properties": { "内容": "総生会ロイヤルホーム【特定施設入居者生活介護（有料老人ホーム）】神奈川県川崎市麻生区上麻生６-２８-１", "url": "https://www.kaigokensaku.mhlw.go.jp/14/index.php?action_kouhyou_detail_004_kani=true&JigyosyoCd=1475601231-00&ServiceCd=331&Type=search", "url2": "http://souseikai.net/royal-home/index.html" }, "geometry": { "type": "Point", "coordinates": [ 139.496780700000045, 35.5869836 ] } },
{ "type": "Feature", "properties": { "内容": "そんぽの家　新百合ヶ丘【特定施設入居者生活介護（有料老人ホーム）】神奈川県川崎市麻生区金程4丁目28-16", "url": "https://www.kaigokensaku.mhlw.go.jp/14/index.php?action_kouhyou_detail_004_kani=true&JigyosyoCd=1475601934-00&ServiceCd=331&Type=search", "url2": "https://www.sompocare.com/" }, "geometry": { "type": "Point", "coordinates": [ 139.502085099999931, 35.615561 ] } },
{ "type": "Feature", "properties": { "内容": "リアンレーヴ新百合ヶ丘【特定施設入居者生活介護（有料老人ホーム）】神奈川県川崎市麻生区五力田1-9-1", "url": "https://www.kaigokensaku.mhlw.go.jp/14/index.php?action_kouhyou_detail_004_kani=true&JigyosyoCd=1475602031-00&ServiceCd=331&Type=search", "url2": "http://www.kinoshita-kaigo.co.jp/facility/care_home/lien-reve_shinyurigaoka.html" }, "geometry": { "type": "Point", "coordinates": [ 139.496739, 35.5986105 ] } },
{ "type": "Feature", "properties": { "内容": "ベストライフ麻生【特定施設入居者生活介護（有料老人ホーム）】神奈川県川崎市麻生区栗平2-17-16", "url": "https://www.kaigokensaku.mhlw.go.jp/14/index.php?action_kouhyou_detail_004_kani=true&JigyosyoCd=1475602353-00&ServiceCd=331&Type=search", "url2": null }, "geometry": { "type": "Point", "coordinates": [ 139.4794718, 35.6075765 ] } },
{ "type": "Feature", "properties": { "内容": "ベストライフ新百合ヶ丘【特定施設入居者生活介護（有料老人ホーム）】神奈川県川崎市麻生区片平1-5-45", "url": "https://www.kaigokensaku.mhlw.go.jp/14/index.php?action_kouhyou_detail_004_kani=true&JigyosyoCd=1475602361-00&ServiceCd=331&Type=search", "url2": null }, "geometry": { "type": "Point", "coordinates": [ 139.499268699999988, 35.5982497 ] } },
{ "type": "Feature", "properties": { "内容": "ベストライフ麻生Ⅱ【特定施設入居者生活介護（有料老人ホーム）】神奈川県川崎市麻生区栗平1-12-12", "url": "https://www.kaigokensaku.mhlw.go.jp/14/index.php?action_kouhyou_detail_004_kani=true&JigyosyoCd=1475602379-00&ServiceCd=331&Type=search", "url2": null }, "geometry": { "type": "Point", "coordinates": [ 139.4788187, 35.6067729 ] } },
{ "type": "Feature", "properties": { "内容": "そんぽの家　はるひ野【特定施設入居者生活介護（有料老人ホーム）】神奈川県川崎市麻生区はるひ野4丁目5-3", "url": "https://www.kaigokensaku.mhlw.go.jp/14/index.php?action_kouhyou_detail_004_kani=true&JigyosyoCd=1475600738-00&ServiceCd=331&Type=search", "url2": "https://www.sompocare.com/service/home/kaigo/H000219/" }, "geometry": { "type": "Point", "coordinates": [ 139.462414599999988, 35.6198599 ] } },
{ "type": "Feature", "properties": { "内容": "ニチイホームはるひ野II番館【特定施設入居者生活介護（有料老人ホーム）】神奈川県川崎市麻生区はるひ野4-5-8", "url": "https://www.kaigokensaku.mhlw.go.jp/14/index.php?action_kouhyou_detail_004_kani=true&JigyosyoCd=1475600977-00&ServiceCd=331&Type=search", "url2": "http://www.nichii-home.jp/shisetsu/area/kanagawa/haruhino2.html" }, "geometry": { "type": "Point", "coordinates": [ 139.4621257, 35.6195405 ] } },
{ "type": "Feature", "properties": { "内容": "ニチイホームはるひ野【特定施設入居者生活介護（有料老人ホーム）】神奈川県川崎市麻生区はるひ野5-3-1", "url": "https://www.kaigokensaku.mhlw.go.jp/14/index.php?action_kouhyou_detail_004_kani=true&JigyosyoCd=1475600985-00&ServiceCd=331&Type=search", "url2": "https://www.nichii-home.jp/shisetsu/area/kanagawa/haruhino.html" }, "geometry": { "type": "Point", "coordinates": [ 139.466978299999937, 35.6186688 ] } },
{ "type": "Feature", "properties": { "内容": "メディカル・リハビリホームボンセジュールはるひ野【特定施設入居者生活介護（有料老人ホーム）】神奈川県川崎市麻生区はるひ野4－19－1", "url": "https://www.kaigokensaku.mhlw.go.jp/14/index.php?action_kouhyou_detail_004_kani=true&JigyosyoCd=1475601322-00&ServiceCd=331&Type=search", "url2": "https://kaigo.benesse-style-care.co.jp/area_kanagawa/kawasaki/home_b-haruhino" }, "geometry": { "type": "Point", "coordinates": [ 139.4617035, 35.6205292 ] } },
{ "type": "Feature", "properties": { "内容": "ＳＯＭＰＯケア　ラヴィーレ王禅寺【特定施設入居者生活介護（有料老人ホーム）】神奈川県川崎市麻生区王禅寺東3丁目2番20号", "url": "https://www.kaigokensaku.mhlw.go.jp/14/index.php?action_kouhyou_detail_004_kani=true&JigyosyoCd=1475602205-00&ServiceCd=331&Type=search", "url2": "https://www.sompocare.com" }, "geometry": { "type": "Point", "coordinates": [ 139.52149350000002, 35.588219 ] } },
{ "type": "Feature", "properties": { "内容": "ＳＯＭＰＯケア　ラヴィーレ若葉台【特定施設入居者生活介護（有料老人ホーム）】神奈川県川崎市麻生区黒川580番地1", "url": "https://www.kaigokensaku.mhlw.go.jp/14/index.php?action_kouhyou_detail_004_kani=true&JigyosyoCd=1475602213-00&ServiceCd=331&Type=search", "url2": "https://www.sompocare.com" }, "geometry": { "type": "Point", "coordinates": [ 139.473790587171948, 35.618839641220248 ] } },
{ "type": "Feature", "properties": { "内容": "リアンレーヴはるひ野【特定施設入居者生活介護（有料老人ホーム）】神奈川県川崎市麻生区はるひ野4-19-3", "url": "https://www.kaigokensaku.mhlw.go.jp/14/index.php?action_kouhyou_detail_004_kani=true&JigyosyoCd=1475602635-00&ServiceCd=331&Type=search", "url2": "https://www.kinoshita-kaigo.co.jp/facility/care_home/lien-reve_haruhino.html" }, "geometry": { "type": "Point", "coordinates": [ 139.4614569, 35.6207963 ] } },
{ "type": "Feature", "properties": { "内容": "ホームステーション橋本【特定施設入居者生活介護（有料老人ホーム）】神奈川県相模原市緑区下九沢1406-1", "url": "https://www.kaigokensaku.mhlw.go.jp/14/index.php?action_kouhyou_detail_004_kani=true&JigyosyoCd=1472605201-00&ServiceCd=331&Type=search", "url2": "https://www.life-silver.com/life_facility/kanagawa/hashimoto.html" }, "geometry": { "type": "Point", "coordinates": [ 139.3400656, 35.5721249 ] } },
{ "type": "Feature", "properties": { "内容": "セントラルケアホームプレシャス橋本【特定施設入居者生活介護（有料老人ホーム）】神奈川県相模原市緑区東橋本３－１５－１６", "url": "https://www.kaigokensaku.mhlw.go.jp/14/index.php?action_kouhyou_detail_004_kani=true&JigyosyoCd=1472605219-00&ServiceCd=331&Type=search", "url2": "https://www.centralgroup.or.jp/precieux/" }, "geometry": { "type": "Point", "coordinates": [ 139.353633100000025, 35.5968606 ] } },
{ "type": "Feature", "properties": { "内容": "そんぽの家　城山【特定施設入居者生活介護（有料老人ホーム）】神奈川県相模原市緑区原宿南3-17-6そんぽの家　城山", "url": "https://www.kaigokensaku.mhlw.go.jp/14/index.php?action_kouhyou_detail_004_kani=true&JigyosyoCd=1472605680-00&ServiceCd=331&Type=search", "url2": "https://www.sompocare.com/service/home/kaigo/H000272" }, "geometry": { "type": "Point", "coordinates": [ 139.308176300000014, 35.5932764 ] } },
{ "type": "Feature", "properties": { "内容": "さわやかさがみはら館【特定施設入居者生活介護（有料老人ホーム）】神奈川県相模原市緑区相原2丁目22-18", "url": "https://www.kaigokensaku.mhlw.go.jp/14/index.php?action_kouhyou_detail_004_kani=true&JigyosyoCd=1472609443-00&ServiceCd=331&Type=search", "url2": "http://www.sawayakaclub.jp/sagamiharakan/" }, "geometry": { "type": "Point", "coordinates": [ 139.3244939, 35.602402 ] } },
{ "type": "Feature", "properties": { "内容": "ライブラリ橋本【特定施設入居者生活介護（有料老人ホーム）】神奈川県相模原市緑区二本松3-16-23", "url": "https://www.kaigokensaku.mhlw.go.jp/14/index.php?action_kouhyou_detail_004_kani=true&JigyosyoCd=1472610748-00&ServiceCd=331&Type=search", "url2": "https://www.living-platform.com/care/48" }, "geometry": { "type": "Point", "coordinates": [ 139.318042600000012, 35.5948621 ] } },
{ "type": "Feature", "properties": { "内容": "ツクイ・サンシャイン相模原【特定施設入居者生活介護（有料老人ホーム）】神奈川県相模原市中央区富士見1-5-3", "url": "https://www.kaigokensaku.mhlw.go.jp/14/index.php?action_kouhyou_detail_004_kani=true&JigyosyoCd=1472610730-00&ServiceCd=331&Type=search", "url2": "https://www.tsukui.net/sunshine/sagamihara/" }, "geometry": { "type": "Point", "coordinates": [ 139.7469653, 35.69916 ] } },
{ "type": "Feature", "properties": { "内容": "アーバンリビング相模原【特定施設入居者生活介護（有料老人ホーム）】神奈川県相模原市中央区田名4735-1", "url": "https://www.kaigokensaku.mhlw.go.jp/14/index.php?action_kouhyou_detail_004_kani=true&JigyosyoCd=1472608122-00&ServiceCd=331&Type=search", "url2": "https://j-lifedesign.com/facility/115" }, "geometry": { "type": "Point", "coordinates": [ 139.3351817435165, 35.553521693033531 ] } },
{ "type": "Feature", "properties": { "内容": "SOMPOケアラヴィーレ相模原中央【特定施設入居者生活介護（有料老人ホーム）】神奈川県相模原市中央区中央3-6-3", "url": "https://www.kaigokensaku.mhlw.go.jp/14/index.php?action_kouhyou_detail_004_kani=true&JigyosyoCd=1472609732-00&ServiceCd=331&Type=search", "url2": "https://www.sompocare.com/service/home/kaigo/H000031" }, "geometry": { "type": "Point", "coordinates": [ 139.370579499999963, 35.5715789 ] } },
{ "type": "Feature", "properties": { "内容": "ＳＯＭＰＯケア　ラヴィーレ淵野辺【特定施設入居者生活介護（有料老人ホーム）】神奈川県相模原市中央区淵野辺3-2-24", "url": "https://www.kaigokensaku.mhlw.go.jp/14/index.php?action_kouhyou_detail_004_kani=true&JigyosyoCd=1472609740-00&ServiceCd=331&Type=search", "url2": "https://www.sompocare.com/service/home/kaigo/H000017" }, "geometry": { "type": "Point", "coordinates": [ 139.3916193, 35.5712362 ] } },
{ "type": "Feature", "properties": { "内容": "SOMPOケア　ラヴィーレ古淵【特定施設入居者生活介護（有料老人ホーム）】神奈川県相模原市中央区東淵野辺4-17-2SOMPOケア　ラヴィーレ古淵", "url": "https://www.kaigokensaku.mhlw.go.jp/14/index.php?action_kouhyou_detail_004_kani=true&JigyosyoCd=1472609757-00&ServiceCd=331&Type=search", "url2": "https://www.sompocare.com/service/home/kaigo/H000045/" }, "geometry": { "type": "Point", "coordinates": [ 139.413703899999973, 35.5560022 ] } },
{ "type": "Feature", "properties": { "内容": "エスケアリビング相模原中央【特定施設入居者生活介護（有料老人ホーム）】神奈川県相模原市中央区横山台一丁目19番18号", "url": "https://www.kaigokensaku.mhlw.go.jp/14/index.php?action_kouhyou_detail_004_kani=true&JigyosyoCd=1472607249-00&ServiceCd=331&Type=search", "url2": "http://s-caremate.co.jp/service/jigyousyo/14_kanagawa/sagamihara_living.html" }, "geometry": { "type": "Point", "coordinates": [ 139.3567294, 35.567390200000034 ] } },
{ "type": "Feature", "properties": { "内容": "花珠の家さがみ中央【特定施設入居者生活介護（有料老人ホーム）】神奈川県相模原市中央区横山台1-21-8", "url": "https://www.kaigokensaku.mhlw.go.jp/14/index.php?action_kouhyou_detail_004_kani=true&JigyosyoCd=1472609104-00&ServiceCd=331&Type=search", "url2": "https://hanadama-kaigo.jala.co.jp/rh/sagamichuou/" }, "geometry": { "type": "Point", "coordinates": [ 139.356338018385287, 35.569547542525683 ] } },
{ "type": "Feature", "properties": { "内容": "ベストライフ相模原【特定施設入居者生活介護（有料老人ホーム）】神奈川県相模原市中央区相生3-14-8", "url": "https://www.kaigokensaku.mhlw.go.jp/14/index.php?action_kouhyou_detail_004_kani=true&JigyosyoCd=1472610615-00&ServiceCd=331&Type=search", "url2": null }, "geometry": { "type": "Point", "coordinates": [ 139.3870842, 35.5619913 ] } },
{ "type": "Feature", "properties": { "内容": "アルプスの杜「かみみぞ」【特定施設入居者生活介護（有料老人ホーム）】神奈川県相模原市中央区上溝3-36-25", "url": "https://www.kaigokensaku.mhlw.go.jp/14/index.php?action_kouhyou_detail_004_kani=true&JigyosyoCd=1472611456-00&ServiceCd=331&Type=search", "url2": "https://www.living-platform.com/care/45" }, "geometry": { "type": "Point", "coordinates": [ 139.360913016252226, 35.552212179484037 ] } },
{ "type": "Feature", "properties": { "内容": "上溝ジョイフルホームそよ風【特定施設入居者生活介護（有料老人ホーム）】神奈川県相模原市中央区上溝５丁目１４番地２８号", "url": "https://www.kaigokensaku.mhlw.go.jp/14/index.php?action_kouhyou_detail_004_kani=true&JigyosyoCd=1472606209-00&ServiceCd=331&Type=search", "url2": "https://www.sykz.co.jp/shisetsu/167" }, "geometry": { "type": "Point", "coordinates": [ 139.361147399999936, 35.5590817 ] } },
{ "type": "Feature", "properties": { "内容": "はなことば相模原【特定施設入居者生活介護（有料老人ホーム）】神奈川県相模原市中央区小町通1-11-12", "url": "https://www.kaigokensaku.mhlw.go.jp/14/index.php?action_kouhyou_detail_004_kani=true&JigyosyoCd=1472606423-00&ServiceCd=331&Type=search", "url2": "https://hanakotoba.co.jp/facility/sagamihara.html" }, "geometry": { "type": "Point", "coordinates": [ 139.359736099999964, 35.5705463 ] } },
{ "type": "Feature", "properties": { "内容": "SOMPOケア　ラヴィーレ上溝【特定施設入居者生活介護（有料老人ホーム）】神奈川県相模原市中央区上溝4628-1", "url": "https://www.kaigokensaku.mhlw.go.jp/14/index.php?action_kouhyou_detail_004_kani=true&JigyosyoCd=1472609765-00&ServiceCd=331&Type=search", "url2": "https://www.sompocare.com/service/home/kaigo/H000067/" }, "geometry": { "type": "Point", "coordinates": [ 139.34648459999994, 35.5673977 ] } },
{ "type": "Feature", "properties": { "内容": "アリビオこぶち壱番館【特定施設入居者生活介護（有料老人ホーム）】神奈川県相模原市南区大野台６－１０－１５", "url": "https://www.kaigokensaku.mhlw.go.jp/14/index.php?action_kouhyou_detail_004_kani=true&JigyosyoCd=1472603065-00&ServiceCd=331&Type=search", "url2": "http://alivio.jp" }, "geometry": { "type": "Point", "coordinates": [ 139.415395499999931, 35.5516749 ] } },
{ "type": "Feature", "properties": { "内容": "そんぽの家　相模大野【特定施設入居者生活介護（有料老人ホーム）】神奈川県相模原市南区東林間1-21-2そんぽの家　相模大野", "url": "https://www.kaigokensaku.mhlw.go.jp/14/index.php?action_kouhyou_detail_004_kani=true&JigyosyoCd=1472607116-00&ServiceCd=331&Type=search", "url2": "https://www.sompocare.com/service/home/kaigo/H000286" }, "geometry": { "type": "Point", "coordinates": [ 139.4317893, 35.5241627 ] } },
{ "type": "Feature", "properties": { "内容": "ヴィンテージ・ヴィラ相模原【特定施設入居者生活介護（有料老人ホーム）】神奈川県相模原市南区上鶴間本町２－１７－１６", "url": "https://www.kaigokensaku.mhlw.go.jp/14/index.php?action_kouhyou_detail_004_kani=true&JigyosyoCd=1472601101-00&ServiceCd=331&Type=search", "url2": "https://vintage-villa.net/sagamihara/" }, "geometry": { "type": "Point", "coordinates": [ 139.441724, 35.5416955 ] } },
{ "type": "Feature", "properties": { "内容": "エスペランサ相模原【特定施設入居者生活介護（有料老人ホーム）】神奈川県相模原市南区下溝343-1エスペランサ相模原", "url": "https://www.kaigokensaku.mhlw.go.jp/14/index.php?action_kouhyou_detail_004_kani=true&JigyosyoCd=1472604055-00&ServiceCd=331&Type=search", "url2": "https://www.fillcare.co.jp/facilities/sagamihara/" }, "geometry": { "type": "Point", "coordinates": [ 139.378904799999987, 35.5376622 ] } },
{ "type": "Feature", "properties": { "内容": "メディカルホームまどか町田【特定施設入居者生活介護（有料老人ホーム）】神奈川県相模原市南区上鶴間本町2-10-26", "url": "https://www.kaigokensaku.mhlw.go.jp/14/index.php?action_kouhyou_detail_004_kani=true&JigyosyoCd=1472605367-00&ServiceCd=331&Type=search", "url2": "https://kaigo.benesse-style-care.co.jp/area_kanagawa/sagamihara/home_m-machida" }, "geometry": { "type": "Point", "coordinates": [ 139.440813, 35.5417066 ] } },
{ "type": "Feature", "properties": { "内容": "アルプスの杜「さがみ」【特定施設入居者生活介護（有料老人ホーム）】神奈川県相模原市南区下溝684-1", "url": "https://www.kaigokensaku.mhlw.go.jp/14/index.php?action_kouhyou_detail_004_kani=true&JigyosyoCd=1472611464-00&ServiceCd=331&Type=search", "url2": "https://www.living-platform.com" }, "geometry": { "type": "Point", "coordinates": [ 139.37697940000001, 35.5283952 ] } },
{ "type": "Feature", "properties": { "内容": "アライブかながわ【特定施設入居者生活介護（有料老人ホーム）】神奈川県相模原市南区相武台１－１８－３", "url": "https://www.kaigokensaku.mhlw.go.jp/14/index.php?action_kouhyou_detail_004_kani=true&JigyosyoCd=1472601630-00&ServiceCd=331&Type=search", "url2": "https://www.alive-carehome.co.jp/home/kanagawa/" }, "geometry": { "type": "Point", "coordinates": [ 139.408028300000069, 35.5007659 ] } },
{ "type": "Feature", "properties": { "内容": "プレザンメゾン　相模原南台【特定施設入居者生活介護（有料老人ホーム）】神奈川県相模原市南区南台3-15-23", "url": "https://www.kaigokensaku.mhlw.go.jp/14/index.php?action_kouhyou_detail_004_kani=true&JigyosyoCd=1472605961-00&ServiceCd=331&Type=search", "url2": "https://www.tanoshii-ie.jp/" }, "geometry": { "type": "Point", "coordinates": [ 139.423540300000013, 35.5166146 ] } },
{ "type": "Feature", "properties": { "内容": "ＳＯＭＰＯケア　ラヴィーレ小田急相模原【特定施設入居者生活介護（有料老人ホーム）】神奈川県相模原市南区南台5-10-6ＳＯＭＰＯケア　ラヴィーレ小田急相模原", "url": "https://www.kaigokensaku.mhlw.go.jp/14/index.php?action_kouhyou_detail_004_kani=true&JigyosyoCd=1472609773-00&ServiceCd=331&Type=search", "url2": "https://www.sompocare.com/service/home/kaigo/H000005/" }, "geometry": { "type": "Point", "coordinates": [ 139.421031081520141, 35.517159229193965 ] } },
{ "type": "Feature", "properties": { "内容": "クラーチ・ファミリア古淵【特定施設入居者生活介護（有料老人ホーム）】神奈川県相模原市南区古淵1-19-39", "url": "https://www.kaigokensaku.mhlw.go.jp/14/index.php?action_kouhyou_detail_004_kani=true&JigyosyoCd=1472608171-00&ServiceCd=331&Type=search", "url2": "https://www.kuraci.co.jp/house/famila/kobuchi/" }, "geometry": { "type": "Point", "coordinates": [ 139.421211500000027, 35.5586295 ] } },
{ "type": "Feature", "properties": { "内容": "ヴィンテージ・ヴィラ横須賀【特定施設入居者生活介護（有料老人ホーム）】神奈川県横須賀市西逸見町1-38", "url": "https://www.kaigokensaku.mhlw.go.jp/14/index.php?action_kouhyou_detail_004_kani=true&JigyosyoCd=1471901239-00&ServiceCd=331&Type=search", "url2": "https://vintage-villa.net/yokosuka/" }, "geometry": { "type": "Point", "coordinates": [ 139.652023493392932, 35.285007398494081 ] } },
{ "type": "Feature", "properties": { "内容": "有料老人ホーム　サニーライフ横須賀【特定施設入居者生活介護（有料老人ホーム）】神奈川県横須賀市長坂3-9-20", "url": "https://www.kaigokensaku.mhlw.go.jp/14/index.php?action_kouhyou_detail_004_kani=true&JigyosyoCd=1471902476-00&ServiceCd=331&Type=search", "url2": "http://www.sunnylife-group.co.jp/name/index.php?home_id=945" }, "geometry": { "type": "Point", "coordinates": [ 139.625676500000054, 35.2255608 ] } },
{ "type": "Feature", "properties": { "内容": "プラージュ・シエル湘南長沢【特定施設入居者生活介護（有料老人ホーム）】神奈川県横須賀市長沢1-30-8", "url": "https://www.kaigokensaku.mhlw.go.jp/14/index.php?action_kouhyou_detail_004_kani=true&JigyosyoCd=1471903979-00&ServiceCd=331&Type=search", "url2": "http://www.plage-ciel.co.jp" }, "geometry": { "type": "Point", "coordinates": [ 139.674050500000021, 35.204405 ] } },
{ "type": "Feature", "properties": { "内容": "サニーステージ野比弐番館【特定施設入居者生活介護（有料老人ホーム）】神奈川県横須賀市野比5丁目3番2号", "url": "https://www.kaigokensaku.mhlw.go.jp/14/index.php?action_kouhyou_detail_004_kani=true&JigyosyoCd=1471905404-00&ServiceCd=331&Type=search", "url2": "http://www.sunnystage.com" }, "geometry": { "type": "Point", "coordinates": [ 139.700160943377682, 35.210562200279277 ] } },
{ "type": "Feature", "properties": { "内容": "はなことば追浜【特定施設入居者生活介護（有料老人ホーム）】神奈川県横須賀市追浜町1-1-11", "url": "https://www.kaigokensaku.mhlw.go.jp/14/index.php?action_kouhyou_detail_004_kani=true&JigyosyoCd=1471906196-00&ServiceCd=331&Type=search", "url2": "https://hanakotoba.co.jp/facility/oopama.html" }, "geometry": { "type": "Point", "coordinates": [ 139.624130899999955, 35.3065234 ] } },
{ "type": "Feature", "properties": { "内容": "アシステッドリビング湘南佐島【特定施設入居者生活介護（有料老人ホーム）】神奈川県横須賀市佐島の丘1-2-10", "url": "https://www.kaigokensaku.mhlw.go.jp/14/index.php?action_kouhyou_detail_004_kani=true&JigyosyoCd=1471906238-00&ServiceCd=331&Type=search", "url2": "https://www.zenwellness.co.jp/shonan_sajima/" }, "geometry": { "type": "Point", "coordinates": [ 139.613194, 35.228297270340114 ] } },
{ "type": "Feature", "properties": { "内容": "ラ・ナシカ　よこすか弐番館【特定施設入居者生活介護（有料老人ホーム）】神奈川県横須賀市根岸町1-1-12", "url": "https://www.kaigokensaku.mhlw.go.jp/14/index.php?action_kouhyou_detail_004_kani=true&JigyosyoCd=1471906360-00&ServiceCd=331&Type=search", "url2": "https://www.cedar-group.co.jp" }, "geometry": { "type": "Point", "coordinates": [ 139.687787868737786, 35.255641455207638 ] } },
{ "type": "Feature", "properties": { "内容": "リアンレーヴ横須賀【特定施設入居者生活介護（有料老人ホーム）】神奈川県横須賀市米が浜通1丁目18-2", "url": "https://www.kaigokensaku.mhlw.go.jp/14/index.php?action_kouhyou_detail_004_kani=true&JigyosyoCd=1471906527-00&ServiceCd=331&Type=search", "url2": "http://www.kinoshita-kaigo.co.jp/facility/care_home/lien-reve_yokosuka.html" }, "geometry": { "type": "Point", "coordinates": [ 139.6749112, 35.2770664 ] } },
{ "type": "Feature", "properties": { "内容": "介護付有料老人ホーム　オーシャンビュー湘南荒崎【特定施設入居者生活介護（有料老人ホーム）】神奈川県横須賀市長井5-25-1", "url": "https://www.kaigokensaku.mhlw.go.jp/14/index.php?action_kouhyou_detail_004_kani=true&JigyosyoCd=1471907020-00&ServiceCd=331&Type=search", "url2": "https://oceanview.jala.co.jp/syonanarasaki/index.html" }, "geometry": { "type": "Point", "coordinates": [ 139.6076799, 35.2055215 ] } },
{ "type": "Feature", "properties": { "内容": "花珠の家よこすか【特定施設入居者生活介護（有料老人ホーム）】神奈川県横須賀市浦郷町3-10-5", "url": "https://www.kaigokensaku.mhlw.go.jp/14/index.php?action_kouhyou_detail_004_kani=true&JigyosyoCd=1471907038-00&ServiceCd=331&Type=search", "url2": "https://hanadama-kaigo.jala.co.jp/rh/yokosuka/" }, "geometry": { "type": "Point", "coordinates": [ 139.633800699999938, 35.3119133 ] } },
{ "type": "Feature", "properties": { "内容": "アシステッドリビング浦賀【特定施設入居者生活介護（有料老人ホーム）】神奈川県横須賀市二葉1-8-30", "url": "https://www.kaigokensaku.mhlw.go.jp/14/index.php?action_kouhyou_detail_004_kani=true&JigyosyoCd=1471907087-00&ServiceCd=331&Type=search", "url2": "https://www.zenwellness.co.jp/" }, "geometry": { "type": "Point", "coordinates": [ 139.718890170480563, 35.252145455540443 ] } },
{ "type": "Feature", "properties": { "内容": "サニーステージ野比海岸【特定施設入居者生活介護（有料老人ホーム）】神奈川県横須賀市野比３－２４－１１サニーステージ野比海岸", "url": "https://www.kaigokensaku.mhlw.go.jp/14/index.php?action_kouhyou_detail_004_kani=true&JigyosyoCd=1471903318-00&ServiceCd=331&Type=search", "url2": "http://www.sunnystage.com/facilities/nobikaigan/" }, "geometry": { "type": "Point", "coordinates": [ 139.695946, 35.2103235 ] } },
{ "type": "Feature", "properties": { "内容": "ＳＯＭＰＯケア　ラヴィーレ衣笠山公園【特定施設入居者生活介護（有料老人ホーム）】神奈川県横須賀市小矢部4-8-15ＳＯＭＰＯケア　ラヴィーレ衣笠山公園", "url": "https://www.kaigokensaku.mhlw.go.jp/14/index.php?action_kouhyou_detail_004_kani=true&JigyosyoCd=1471906808-00&ServiceCd=331&Type=search", "url2": "https://www.sompocare.com" }, "geometry": { "type": "Point", "coordinates": [ 139.664181399999961, 35.249847 ] } },
{ "type": "Feature", "properties": { "内容": "ＳＯＭＰＯケア　ラヴィーレ横須賀【特定施設入居者生活介護（有料老人ホーム）】神奈川県横須賀市安浦町2-23-1", "url": "https://www.kaigokensaku.mhlw.go.jp/14/index.php?action_kouhyou_detail_004_kani=true&JigyosyoCd=1471906816-00&ServiceCd=331&Type=search", "url2": "https://www.sompocare.com" }, "geometry": { "type": "Point", "coordinates": [ 139.677549699999986, 35.271439 ] } },
{ "type": "Feature", "properties": { "内容": "ＳＯＭＰＯケアラヴィーレ久里浜【特定施設入居者生活介護（有料老人ホーム）】神奈川県横須賀市久村672番1", "url": "https://www.kaigokensaku.mhlw.go.jp/14/index.php?action_kouhyou_detail_004_kani=true&JigyosyoCd=1471906857-00&ServiceCd=331&Type=search", "url2": "https://www.sompocare.com/" }, "geometry": { "type": "Point", "coordinates": [ 139.695028800000046, 35.2319239 ] } },
{ "type": "Feature", "properties": { "内容": "ＳＯＭＰＯケアラヴィーレ湘南鷹取【特定施設入居者生活介護（有料老人ホーム）】神奈川県横須賀市湘南鷹取2丁目35番5号", "url": "https://www.kaigokensaku.mhlw.go.jp/14/index.php?action_kouhyou_detail_004_kani=true&JigyosyoCd=1471907707-00&ServiceCd=331&Type=search", "url2": "https://www.sompocare.com" }, "geometry": { "type": "Point", "coordinates": [ 139.623772300000013, 35.3071351 ] } },
{ "type": "Feature", "properties": { "内容": "ゆうゆうassistナーシングホーム北久里浜【特定施設入居者生活介護（有料老人ホーム）】神奈川県横須賀市根岸町3-2-14", "url": "https://www.kaigokensaku.mhlw.go.jp/14/index.php?action_kouhyou_detail_004_kani=true&JigyosyoCd=1471907822-00&ServiceCd=331&Type=search", "url2": "https://www.yuyuassist.co.jp/kitakurihama/" }, "geometry": { "type": "Point", "coordinates": [ 139.6852644, 35.2509609 ] } },
{ "type": "Feature", "properties": { "内容": "ラ・ナシカよこすか【特定施設入居者生活介護（有料老人ホーム）】神奈川県横須賀市平作5-7-8", "url": "https://www.kaigokensaku.mhlw.go.jp/14/index.php?action_kouhyou_detail_004_kani=true&JigyosyoCd=1471904423-00&ServiceCd=331&Type=search", "url2": "https://www.cedar-group.co.jp/portal/facilities/detail---id-52.html" }, "geometry": { "type": "Point", "coordinates": [ 139.648171700000034, 35.257999 ] } },
{ "type": "Feature", "properties": { "内容": "ふるさとホーム平塚【特定施設入居者生活介護（有料老人ホーム）】神奈川県平塚市東真土1丁目２－３０", "url": "https://www.kaigokensaku.mhlw.go.jp/14/index.php?action_kouhyou_detail_004_kani=true&JigyosyoCd=1472004363-00&ServiceCd=331&Type=search", "url2": null }, "geometry": { "type": "Point", "coordinates": [ 139.350365, 35.353536 ] } },
{ "type": "Feature", "properties": { "内容": "ミモザ平塚高浜台【特定施設入居者生活介護（有料老人ホーム）】神奈川県平塚市高浜台１９番１９号", "url": "https://www.kaigokensaku.mhlw.go.jp/14/index.php?action_kouhyou_detail_004_kani=true&JigyosyoCd=1472001195-00&ServiceCd=331&Type=search", "url2": "http://mimoza-care.com/facility/pald-nursing-home/post-2484/" }, "geometry": { "type": "Point", "coordinates": [ 139.359251399999948, 35.3183707 ] } },
{ "type": "Feature", "properties": { "内容": "シニアフォレスト湘南平塚【特定施設入居者生活介護（有料老人ホーム）】神奈川県平塚市東真土2-5-10", "url": "https://www.kaigokensaku.mhlw.go.jp/14/index.php?action_kouhyou_detail_004_kani=true&JigyosyoCd=1472002409-00&ServiceCd=331&Type=search", "url2": "https://medicalcare-group.com/facility/sf-shonan-hiratsuka/" }, "geometry": { "type": "Point", "coordinates": [ 139.355316799999969, 35.3539891 ] } },
{ "type": "Feature", "properties": { "内容": "ミモザ湘南平塚【特定施設入居者生活介護（有料老人ホーム）】神奈川県平塚市東真土1-8-3", "url": "https://www.kaigokensaku.mhlw.go.jp/14/index.php?action_kouhyou_detail_004_kani=true&JigyosyoCd=1472002532-00&ServiceCd=331&Type=search", "url2": "http://www.mimoza-care.jp/base/syounan-hiratsuka.html" }, "geometry": { "type": "Point", "coordinates": [ 139.349975699999959, 35.3545306 ] } },
{ "type": "Feature", "properties": { "内容": "ニチイケアセンターさがみの国湘南【特定施設入居者生活介護（有料老人ホーム）】神奈川県平塚市四之宮4-20-37", "url": "https://www.kaigokensaku.mhlw.go.jp/14/index.php?action_kouhyou_detail_004_kani=true&JigyosyoCd=1472003126-00&ServiceCd=331&Type=search", "url2": "https://www.nichii-kaigo.jp/base/base-result/05P74/" }, "geometry": { "type": "Point", "coordinates": [ 139.365812817686901, 35.357223954842745 ] } },
{ "type": "Feature", "properties": { "内容": "ここち平塚弐番館【特定施設入居者生活介護（有料老人ホーム）】神奈川県平塚市黒部丘12-34", "url": "https://www.kaigokensaku.mhlw.go.jp/14/index.php?action_kouhyou_detail_004_kani=true&JigyosyoCd=1472003209-00&ServiceCd=331&Type=search", "url2": "https://kaigo.benesse-style-care.co.jp/area_kanagawa/hiratsuka/home_c-hiratsuka2" }, "geometry": { "type": "Point", "coordinates": [ 139.337222401852387, 35.320719880967829 ] } },
{ "type": "Feature", "properties": { "内容": "介護付き有料老人ホーム　エクセレント平塚【特定施設入居者生活介護（有料老人ホーム）】神奈川県平塚市平塚3丁目9番５", "url": "https://www.kaigokensaku.mhlw.go.jp/14/index.php?action_kouhyou_detail_004_kani=true&JigyosyoCd=1472003332-00&ServiceCd=331&Type=search", "url2": "http://www.excare.co.jp/facility/01/hiratuka/index.html" }, "geometry": { "type": "Point", "coordinates": [ 139.336088625235334, 35.326630579186848 ] } },
{ "type": "Feature", "properties": { "内容": "慶愛苑　平塚【特定施設入居者生活介護（有料老人ホーム）】神奈川県平塚市東中原２－１－５", "url": "https://www.kaigokensaku.mhlw.go.jp/14/index.php?action_kouhyou_detail_004_kani=true&JigyosyoCd=1472001484-00&ServiceCd=331&Type=search", "url2": "http://www.keiaien.co.jp/hiratuka/" }, "geometry": { "type": "Point", "coordinates": [ 139.3390796, 35.3508697 ] } },
{ "type": "Feature", "properties": { "内容": "湘南ふれあいの園平塚【特定施設入居者生活介護（有料老人ホーム）】神奈川県平塚市袖ヶ浜1-12", "url": "https://www.kaigokensaku.mhlw.go.jp/14/index.php?action_kouhyou_detail_004_kani=true&JigyosyoCd=1472001534-00&ServiceCd=331&Type=search", "url2": "http://www.fureai-g.or.jp/sono/hiratsuka/" }, "geometry": { "type": "Point", "coordinates": [ 139.352796300000023, 35.3195538 ] } },
{ "type": "Feature", "properties": { "内容": "ここち平塚【特定施設入居者生活介護（有料老人ホーム）】神奈川県平塚市四之宮2-11-37", "url": "https://www.kaigokensaku.mhlw.go.jp/14/index.php?action_kouhyou_detail_004_kani=true&JigyosyoCd=1472002615-00&ServiceCd=331&Type=search", "url2": "https://kaigo.benesse-style-care.co.jp/" }, "geometry": { "type": "Point", "coordinates": [ 139.353083800000036, 35.3491923 ] } },
{ "type": "Feature", "properties": { "内容": "SOMPOケアラヴィーレ湘南平塚【特定施設入居者生活介護（有料老人ホーム）】神奈川県平塚市西八幡1-7-30", "url": "https://www.kaigokensaku.mhlw.go.jp/14/index.php?action_kouhyou_detail_004_kani=true&JigyosyoCd=1472004413-00&ServiceCd=331&Type=search", "url2": "https://www.sompocare.com" }, "geometry": { "type": "Point", "coordinates": [ 139.349084400000066, 35.341368 ] } },
{ "type": "Feature", "properties": { "内容": "SOMPOケアラヴィーレ湘南平塚弐番館【特定施設入居者生活介護（有料老人ホーム）】神奈川県平塚市西八幡1-7-27", "url": "https://www.kaigokensaku.mhlw.go.jp/14/index.php?action_kouhyou_detail_004_kani=true&JigyosyoCd=1472004421-00&ServiceCd=331&Type=search", "url2": "https://www.sompocare.com" }, "geometry": { "type": "Point", "coordinates": [ 139.348623299999986, 35.341387400000016 ] } },
{ "type": "Feature", "properties": { "内容": "ビータスホーム【特定施設入居者生活介護（有料老人ホーム）】神奈川県平塚市御殿4-1-33", "url": "https://www.kaigokensaku.mhlw.go.jp/14/index.php?action_kouhyou_detail_004_kani=true&JigyosyoCd=1472004843-00&ServiceCd=331&Type=search", "url2": "https://www.be-health.co.jp" }, "geometry": { "type": "Point", "coordinates": [ 139.3276478, 35.3516277 ] } },
{ "type": "Feature", "properties": { "内容": "ココファンメゾン湘南平【特定施設入居者生活介護（有料老人ホーム）】神奈川県平塚市万田2-28-7", "url": "https://www.kaigokensaku.mhlw.go.jp/14/index.php?action_kouhyou_detail_004_kani=true&JigyosyoCd=1472003837-00&ServiceCd=331&Type=search", "url2": "https://www.cocofump.co.jp/facilities/detail/cm-shonandaira/" }, "geometry": { "type": "Point", "coordinates": [ 139.30613029999995, 35.3286277 ] } },
{ "type": "Feature", "properties": { "内容": "ひらつか悠生苑【特定施設入居者生活介護（有料老人ホーム）】神奈川県平塚市徳延3-22-65", "url": "https://www.kaigokensaku.mhlw.go.jp/14/index.php?action_kouhyou_detail_004_kani=true&JigyosyoCd=1472004835-00&ServiceCd=331&Type=search", "url2": "https://be-health.co.jp/" }, "geometry": { "type": "Point", "coordinates": [ 139.3144011, 35.3424532 ] } },
{ "type": "Feature", "properties": { "内容": "サンガーデン湘南【特定施設入居者生活介護（有料老人ホーム）】神奈川県平塚市中堂18-4", "url": "https://www.kaigokensaku.mhlw.go.jp/14/index.php?action_kouhyou_detail_004_kani=true&JigyosyoCd=1472002110-00&ServiceCd=331&Type=search", "url2": "https://sungarden.jp/" }, "geometry": { "type": "Point", "coordinates": [ 139.363220681614621, 35.333569956823112 ] } },
{ "type": "Feature", "properties": { "内容": "グリーンズ湘南・鎌倉【特定施設入居者生活介護（有料老人ホーム）】神奈川県鎌倉市植木676-1", "url": "https://www.kaigokensaku.mhlw.go.jp/14/index.php?action_kouhyou_detail_004_kani=true&JigyosyoCd=1472101144-00&ServiceCd=331&Type=search", "url2": "http://www.greens-katashio.co.jp" }, "geometry": { "type": "Point", "coordinates": [ 139.514356, 35.3468916 ] } },
{ "type": "Feature", "properties": { "内容": "ナーシングローズヴィラ鎌倉【特定施設入居者生活介護（有料老人ホーム）】神奈川県鎌倉市上町屋733-1", "url": "https://www.kaigokensaku.mhlw.go.jp/14/index.php?action_kouhyou_detail_004_kani=true&JigyosyoCd=1472101342-00&ServiceCd=331&Type=search", "url2": "https://www.fureai-g.or.jp/sono/kamakura/" }, "geometry": { "type": "Point", "coordinates": [ 139.520555400000035, 35.3375844 ] } },
{ "type": "Feature", "properties": { "内容": "ファミリア鎌倉材木座【特定施設入居者生活介護（有料老人ホーム）】神奈川県鎌倉市材木座5丁目4番地11号", "url": "https://www.kaigokensaku.mhlw.go.jp/14/index.php?action_kouhyou_detail_004_kani=true&JigyosyoCd=1472103165-00&ServiceCd=331&Type=search", "url2": "https://www.familiar-kamakura.jp" }, "geometry": { "type": "Point", "coordinates": [ 139.547683600000028, 35.3089025 ] } },
{ "type": "Feature", "properties": { "内容": "あいらの杜鎌倉浄明寺【特定施設入居者生活介護（有料老人ホーム）】神奈川県鎌倉市浄明寺5丁目6-51あいらの杜鎌倉浄明寺", "url": "https://www.kaigokensaku.mhlw.go.jp/14/index.php?action_kouhyou_detail_004_kani=true&JigyosyoCd=1472103389-00&ServiceCd=331&Type=search", "url2": "https://www.halenosumai.jp/homes/28/" }, "geometry": { "type": "Point", "coordinates": [ 139.5759809, 35.3179276 ] } },
{ "type": "Feature", "properties": { "内容": "チャームプレミア鎌倉山【特定施設入居者生活介護（有料老人ホーム）】神奈川県鎌倉市鎌倉山三丁目20番1号", "url": "https://www.kaigokensaku.mhlw.go.jp/14/index.php?action_kouhyou_detail_004_kani=true&JigyosyoCd=1472103421-00&ServiceCd=331&Type=search", "url2": "https://www.charmcc.jp/home/charmpremier_kamakurayama/" }, "geometry": { "type": "Point", "coordinates": [ 139.5109989, 35.3224433 ] } },
{ "type": "Feature", "properties": { "内容": "アプルール材木座【特定施設入居者生活介護（有料老人ホーム）】神奈川県鎌倉市材木座5-10-45アプルール材木座", "url": "https://www.kaigokensaku.mhlw.go.jp/14/index.php?action_kouhyou_detail_004_kani=true&JigyosyoCd=1472103504-00&ServiceCd=331&Type=search", "url2": "https://apprule.jp/zaimokuza/" }, "geometry": { "type": "Point", "coordinates": [ 139.548836, 35.3071722 ] } },
{ "type": "Feature", "properties": { "内容": "花珠の家おおふな【特定施設入居者生活介護（有料老人ホーム）】神奈川県鎌倉市城廻23-1", "url": "https://www.kaigokensaku.mhlw.go.jp/14/index.php?action_kouhyou_detail_004_kani=true&JigyosyoCd=1472103819-00&ServiceCd=331&Type=search", "url2": "https://jala.co.jp" }, "geometry": { "type": "Point", "coordinates": [ 139.5151646, 35.3577792 ] } },
{ "type": "Feature", "properties": { "内容": "サニーステージ北鎌倉【特定施設入居者生活介護（有料老人ホーム）】神奈川県鎌倉市大船4-17-43", "url": "https://www.kaigokensaku.mhlw.go.jp/14/index.php?action_kouhyou_detail_004_kani=true&JigyosyoCd=1472103751-00&ServiceCd=331&Type=search", "url2": "https://www.sunnystage.com" }, "geometry": { "type": "Point", "coordinates": [ 139.5384728, 35.3447274 ] } },
{ "type": "Feature", "properties": { "内容": "鎌倉山荘【特定施設入居者生活介護（有料老人ホーム）】神奈川県鎌倉市扇ガ谷4-1-3", "url": "https://www.kaigokensaku.mhlw.go.jp/14/index.php?action_kouhyou_detail_004_kani=true&JigyosyoCd=1472100385-00&ServiceCd=331&Type=search", "url2": "https://kaigo.benesse-style-care.co.jp/area_kanagawa/kamakura/home_gd-sansou" }, "geometry": { "type": "Point", "coordinates": [ 139.548950699999978, 35.3263274 ] } },
{ "type": "Feature", "properties": { "内容": "グランダ深沢・鎌倉【特定施設入居者生活介護（有料老人ホーム）】神奈川県鎌倉市寺分3-15-23", "url": "https://www.kaigokensaku.mhlw.go.jp/14/index.php?action_kouhyou_detail_004_kani=true&JigyosyoCd=1472100930-00&ServiceCd=331&Type=search", "url2": "https://kaigo.benesse-style-care.co.jp/area_kanagawa/kamakura/home_gd-fukasawa" }, "geometry": { "type": "Point", "coordinates": [ 139.524394, 35.33166 ] } },
{ "type": "Feature", "properties": { "内容": "ライフコミューン北鎌倉【特定施設入居者生活介護（有料老人ホーム）】神奈川県鎌倉市台１５９５", "url": "https://www.kaigokensaku.mhlw.go.jp/14/index.php?action_kouhyou_detail_004_kani=true&JigyosyoCd=1472100997-00&ServiceCd=331&Type=search", "url2": "https://www.kinoshita-kaigo.co.jp/facility/care_home/life-commune_kitakamakura.html" }, "geometry": { "type": "Point", "coordinates": [ 139.535828655819728, 35.339562515417725 ] } },
{ "type": "Feature", "properties": { "内容": "ＳＯＭＰＯケア　ラヴィーレ鎌倉常盤【特定施設入居者生活介護（有料老人ホーム）】神奈川県鎌倉市常盤1-1SOMPOケアラヴィーレ鎌倉常盤", "url": "https://www.kaigokensaku.mhlw.go.jp/14/index.php?action_kouhyou_detail_004_kani=true&JigyosyoCd=1472103272-00&ServiceCd=331&Type=search", "url2": "https://www.sompocare.com" }, "geometry": { "type": "Point", "coordinates": [ 139.516058599999951, 35.3321738 ] } },
{ "type": "Feature", "properties": { "内容": "SOMPOケアラヴィーレ北鎌倉【特定施設入居者生活介護（有料老人ホーム）】神奈川県鎌倉市大船2713", "url": "https://www.kaigokensaku.mhlw.go.jp/14/index.php?action_kouhyou_detail_004_kani=true&JigyosyoCd=1472103280-00&ServiceCd=331&Type=search", "url2": "https://www.sompocare.com" }, "geometry": { "type": "Point", "coordinates": [ 139.544840099999988, 35.3417978 ] } },
{ "type": "Feature", "properties": { "内容": "フローレンスケア鎌倉【特定施設入居者生活介護（有料老人ホーム）】神奈川県鎌倉市岩瀬１－１３－１", "url": "https://www.kaigokensaku.mhlw.go.jp/14/index.php?action_kouhyou_detail_004_kani=true&JigyosyoCd=1472103348-00&ServiceCd=331&Type=search", "url2": "http://www.good-care.jp/" }, "geometry": { "type": "Point", "coordinates": [ 139.542354899999964, 35.35375470000001 ] } },
{ "type": "Feature", "properties": { "内容": "花珠の家かまくら【特定施設入居者生活介護（有料老人ホーム）】神奈川県鎌倉市梶原2丁目32‐2", "url": "https://www.kaigokensaku.mhlw.go.jp/14/index.php?action_kouhyou_detail_004_kani=true&JigyosyoCd=1472103728-00&ServiceCd=331&Type=search", "url2": null }, "geometry": { "type": "Point", "coordinates": [ 139.530167299999988, 35.3289034 ] } },
{ "type": "Feature", "properties": { "内容": "介護付有料老人ホーム　アプルール鵠沼【特定施設入居者生活介護（有料老人ホーム）】神奈川県藤沢市鵠沼橘1-12-11", "url": "https://www.kaigokensaku.mhlw.go.jp/14/index.php?action_kouhyou_detail_004_kani=true&JigyosyoCd=1472200672-00&ServiceCd=331&Type=search", "url2": "https://apprule.jp/kugenuma/" }, "geometry": { "type": "Point", "coordinates": [ 139.484305899999981, 35.334020800000019 ] } },
{ "type": "Feature", "properties": { "内容": "クロスハート湘南台・藤沢【特定施設入居者生活介護（有料老人ホーム）】神奈川県藤沢市円行1-1-7", "url": "https://www.kaigokensaku.mhlw.go.jp/14/index.php?action_kouhyou_detail_004_kani=true&JigyosyoCd=1472202116-00&ServiceCd=331&Type=search", "url2": "https://www.shinkoufukushikai.com/care/yuryohome/crossheart-shonandai" }, "geometry": { "type": "Point", "coordinates": [ 139.460324200000059, 35.3902883 ] } },
{ "type": "Feature", "properties": { "内容": "サンライズ・ヴィラ藤沢湘南台【特定施設入居者生活介護（有料老人ホーム）】神奈川県藤沢市菖蒲沢１２２２", "url": "https://www.kaigokensaku.mhlw.go.jp/14/index.php?action_kouhyou_detail_004_kani=true&JigyosyoCd=1472202249-00&ServiceCd=331&Type=search", "url2": "https://www.like-cn.co.jp/homes/sunrise-villa/fujisawasyounandai.html" }, "geometry": { "type": "Point", "coordinates": [ 139.44353609999996, 35.3994586 ] } },
{ "type": "Feature", "properties": { "内容": "ミモザ藤沢【特定施設入居者生活介護（有料老人ホーム）】神奈川県藤沢市並木台一丁目14番地の6", "url": "https://www.kaigokensaku.mhlw.go.jp/14/index.php?action_kouhyou_detail_004_kani=true&JigyosyoCd=1472203692-00&ServiceCd=331&Type=search", "url2": "https://mimoza-care.com/facility/paid-nursing-home/post-894/" }, "geometry": { "type": "Point", "coordinates": [ 139.503234799999973, 35.350699500000019 ] } },
{ "type": "Feature", "properties": { "内容": "介護付有料老人ホーム　藤沢エデンの園二番館【特定施設入居者生活介護（有料老人ホーム）】神奈川県藤沢市大庭5526-2", "url": "https://www.kaigokensaku.mhlw.go.jp/14/index.php?action_kouhyou_detail_004_kani=true&JigyosyoCd=1472203718-00&ServiceCd=331&Type=search", "url2": "http://www.seirei.or.jp/hq/facility/eden/fuzisawa02/index.html" }, "geometry": { "type": "Point", "coordinates": [ 139.4482504, 35.3669378 ] } },
{ "type": "Feature", "properties": { "内容": "介護付有料老人ホーム　クローバーガーデン【特定施設入居者生活介護（有料老人ホーム）】神奈川県藤沢市片瀬4-10-22", "url": "https://www.kaigokensaku.mhlw.go.jp/14/index.php?action_kouhyou_detail_004_kani=true&JigyosyoCd=1472204443-00&ServiceCd=331&Type=search", "url2": "http://cloverhospital.jp/garden/" }, "geometry": { "type": "Point", "coordinates": [ 139.482253300000025, 35.3146029 ] } },
{ "type": "Feature", "properties": { "内容": "グランダ鵠沼海岸【特定施設入居者生活介護（有料老人ホーム）】神奈川県藤沢市鵠沼海岸七丁目5番29号", "url": "https://www.kaigokensaku.mhlw.go.jp/14/index.php?action_kouhyou_detail_004_kani=true&JigyosyoCd=1472204872-00&ServiceCd=331&Type=search", "url2": "https://kaigo.benesse-style-care.co.jp/area_kanagawa/fujisawa/home_gd-kugenumakaigan" }, "geometry": { "type": "Point", "coordinates": [ 139.4683351, 35.3274346 ] } },
{ "type": "Feature", "properties": { "内容": "クロスハート湘南台二番館【特定施設入居者生活介護（有料老人ホーム）】神奈川県藤沢市円行2-25-1クロスハート湘南台二番館", "url": "https://www.kaigokensaku.mhlw.go.jp/14/index.php?action_kouhyou_detail_004_kani=true&JigyosyoCd=1472205127-00&ServiceCd=331&Type=search", "url2": "https://www.shinkoufukushikai.com/care/yuryohome/crossheart-shonandai-2" }, "geometry": { "type": "Point", "coordinates": [ 139.458771500000012, 35.3916409 ] } },
{ "type": "Feature", "properties": { "内容": "ブランシエールケア湘南辻堂【特定施設入居者生活介護（有料老人ホーム）】神奈川県藤沢市羽鳥一丁目1番60号ブランシエール湘南辻堂", "url": "https://www.kaigokensaku.mhlw.go.jp/14/index.php?action_kouhyou_detail_004_kani=true&JigyosyoCd=1472206190-00&ServiceCd=331&Type=search", "url2": "https://www.heseko-senior.co.jp/home/shonan/index.html" }, "geometry": { "type": "Point", "coordinates": [ 139.4516142, 35.3423022 ] } },
{ "type": "Feature", "properties": { "内容": "ベストライフ湘南台【特定施設入居者生活介護（有料老人ホーム）】神奈川県藤沢市湘南台1-1-18", "url": "https://www.kaigokensaku.mhlw.go.jp/14/index.php?action_kouhyou_detail_004_kani=true&JigyosyoCd=1472206893-00&ServiceCd=331&Type=search", "url2": null }, "geometry": { "type": "Point", "coordinates": [ 139.4671308, 35.3978236 ] } },
{ "type": "Feature", "properties": { "内容": "オーシャンプロムナード湘南【特定施設入居者生活介護（有料老人ホーム）】神奈川県藤沢市鵠沼海岸２－１１－１７", "url": "https://www.kaigokensaku.mhlw.go.jp/14/index.php?action_kouhyou_detail_004_kani=true&JigyosyoCd=1472200839-00&ServiceCd=331&Type=search", "url2": "http://ocean-promenade.com" }, "geometry": { "type": "Point", "coordinates": [ 139.468489724606314, 35.318418858043216 ] } },
{ "type": "Feature", "properties": { "内容": "グランダ本藤沢【特定施設入居者生活介護（有料老人ホーム）】神奈川県藤沢市本藤沢1-1-8", "url": "https://www.kaigokensaku.mhlw.go.jp/14/index.php?action_kouhyou_detail_004_kani=true&JigyosyoCd=1472202009-00&ServiceCd=331&Type=search", "url2": "https://kaigo.benesse-style-care.co.jp/area_kanagawa/fujisawa/home_gd-honfujisawa" }, "geometry": { "type": "Point", "coordinates": [ 139.4735902, 35.3510379 ] } },
{ "type": "Feature", "properties": { "内容": "リハビリホームグランダ藤沢本町【特定施設入居者生活介護（有料老人ホーム）】神奈川県藤沢市本町３－５－６", "url": "https://www.kaigokensaku.mhlw.go.jp/14/index.php?action_kouhyou_detail_004_kani=true&JigyosyoCd=1472202025-00&ServiceCd=331&Type=search", "url2": "https://kaigo.benesse-style-care.co.jp/area_kanagawa/fujisawa/home_gd-fujisawahon" }, "geometry": { "type": "Point", "coordinates": [ 139.476417699999956, 35.3434278 ] } },
{ "type": "Feature", "properties": { "内容": "クロスハート石名坂・藤沢【特定施設入居者生活介護（有料老人ホーム）】神奈川県藤沢市本藤沢1-10-14", "url": "https://www.kaigokensaku.mhlw.go.jp/14/index.php?action_kouhyou_detail_004_kani=true&JigyosyoCd=1472203643-00&ServiceCd=331&Type=search", "url2": "https://www.shinkoufukushikai.com/care/yuryohome/crossheart-ishinazaka" }, "geometry": { "type": "Point", "coordinates": [ 139.471021, 35.3512323 ] } },
{ "type": "Feature", "properties": { "内容": "メディカルホームグランダ湘南台【特定施設入居者生活介護（有料老人ホーム）】神奈川県藤沢市亀井野538", "url": "https://www.kaigokensaku.mhlw.go.jp/14/index.php?action_kouhyou_detail_004_kani=true&JigyosyoCd=1472201035-00&ServiceCd=331&Type=search", "url2": "https://kaigo.benesse-style-care.co.jp/area_kanagawa/fujisawa/home_gd-shounandai" }, "geometry": { "type": "Point", "coordinates": [ 139.466731900000013, 35.3989289 ] } },
{ "type": "Feature", "properties": { "内容": "ライフケアガーデン湘南【特定施設入居者生活介護（有料老人ホーム）】神奈川県藤沢市稲荷１－９－４０", "url": "https://www.kaigokensaku.mhlw.go.jp/14/index.php?action_kouhyou_detail_004_kani=true&JigyosyoCd=1472202405-00&ServiceCd=331&Type=search", "url2": "http://www.lcg-shonan.jp" }, "geometry": { "type": "Point", "coordinates": [ 139.466596399999958, 35.352507 ] } },
{ "type": "Feature", "properties": { "内容": "フェリエ　ドゥ　鵠沼海岸【特定施設入居者生活介護（有料老人ホーム）】神奈川県藤沢市鵠沼海岸６－１４－１７", "url": "https://www.kaigokensaku.mhlw.go.jp/14/index.php?action_kouhyou_detail_004_kani=true&JigyosyoCd=1472202553-00&ServiceCd=331&Type=search", "url2": "https://www.like-cn.co.jp" }, "geometry": { "type": "Point", "coordinates": [ 139.465407599999907, 35.3240653 ] } },
{ "type": "Feature", "properties": { "内容": "ボンセジュール湘南台【特定施設入居者生活介護（有料老人ホーム）】神奈川県藤沢市湘南台5-24-5", "url": "https://www.kaigokensaku.mhlw.go.jp/14/index.php?action_kouhyou_detail_004_kani=true&JigyosyoCd=1472203965-00&ServiceCd=331&Type=search", "url2": "https://kaigo.benesse-style-care.co.jp/area_kanagawa/fujisawa/home_b-syounandai" }, "geometry": { "type": "Point", "coordinates": [ 139.465751400000045, 35.4006731 ] } },
{ "type": "Feature", "properties": { "内容": "ココファンメゾン湘南台【特定施設入居者生活介護（有料老人ホーム）】神奈川県藤沢市高倉531－1", "url": "https://www.kaigokensaku.mhlw.go.jp/14/index.php?action_kouhyou_detail_004_kani=true&JigyosyoCd=1472205333-00&ServiceCd=331&Type=search", "url2": "https://www.cocofump.co.jp/facilities/detail/cm-shonandai/" }, "geometry": { "type": "Point", "coordinates": [ 139.467267900000024, 35.4134769 ] } },
{ "type": "Feature", "properties": { "内容": "湘南長寿園【特定施設入居者生活介護（有料老人ホーム）】神奈川県藤沢市白旗１－１１－１", "url": "https://www.kaigokensaku.mhlw.go.jp/14/index.php?action_kouhyou_detail_004_kani=true&JigyosyoCd=1472200813-00&ServiceCd=331&Type=search", "url2": null }, "geometry": { "type": "Point", "coordinates": [ 139.480586799999969, 35.352499450522437 ] } },
{ "type": "Feature", "properties": { "内容": "有料老人ホーム　サニーライフ藤沢【特定施設入居者生活介護（有料老人ホーム）】神奈川県藤沢市並木台2-18-2", "url": "https://www.kaigokensaku.mhlw.go.jp/14/index.php?action_kouhyou_detail_004_kani=true&JigyosyoCd=1472202512-00&ServiceCd=331&Type=search", "url2": "https://www.sunnylife-group.co.jp/fujisawa" }, "geometry": { "type": "Point", "coordinates": [ 139.50464020000004, 35.353402 ] } },
{ "type": "Feature", "properties": { "内容": "ニチイケアセンター湘南藤沢【特定施設入居者生活介護（有料老人ホーム）】神奈川県藤沢市柄沢１-３４-１５", "url": "https://www.kaigokensaku.mhlw.go.jp/14/index.php?action_kouhyou_detail_004_kani=true&JigyosyoCd=1472203320-00&ServiceCd=331&Type=search", "url2": "http://www.nichii-kaigo.jp/base/base-result/05U11/" }, "geometry": { "type": "Point", "coordinates": [ 139.50036998650819, 35.350010995267546 ] } },
{ "type": "Feature", "properties": { "内容": "長寿園【特定施設入居者生活介護（有料老人ホーム）】神奈川県小田原市入生田475", "url": "https://www.kaigokensaku.mhlw.go.jp/14/index.php?action_kouhyou_detail_004_kani=true&JigyosyoCd=1472300225-00&ServiceCd=331&Type=search", "url2": "http://www.chojuen.or.jp" }, "geometry": { "type": "Point", "coordinates": [ 139.116704954492207, 35.242238930724817 ] } },
{ "type": "Feature", "properties": { "内容": "ジョイアス城山【特定施設入居者生活介護（有料老人ホーム）】神奈川県小田原市城山2-1-9", "url": "https://www.kaigokensaku.mhlw.go.jp/14/index.php?action_kouhyou_detail_004_kani=true&JigyosyoCd=1472300993-00&ServiceCd=331&Type=search", "url2": "http://www.joyous-shiroyama.or.jp/" }, "geometry": { "type": "Point", "coordinates": [ 139.151859326983669, 35.256917734822927 ] } },
{ "type": "Feature", "properties": { "内容": "そんぽの家　鴨宮【特定施設入居者生活介護（有料老人ホーム）】神奈川県小田原市鴨宮８３９－１", "url": "https://www.kaigokensaku.mhlw.go.jp/14/index.php?action_kouhyou_detail_004_kani=true&JigyosyoCd=1472301447-00&ServiceCd=331&Type=search", "url2": "https://www.sompocare.com/" }, "geometry": { "type": "Point", "coordinates": [ 139.171389699999963, 35.2776738 ] } },
{ "type": "Feature", "properties": { "内容": "はなことば小田原【特定施設入居者生活介護（有料老人ホーム）】神奈川県小田原市酒匂3-9-12", "url": "https://www.kaigokensaku.mhlw.go.jp/14/index.php?action_kouhyou_detail_004_kani=true&JigyosyoCd=1472302080-00&ServiceCd=331&Type=search", "url2": "https://www.hanakotoba.co.jp" }, "geometry": { "type": "Point", "coordinates": [ 139.18862450000006, 35.2661924 ] } },
{ "type": "Feature", "properties": { "内容": "湘南ふれあいの園　小田原【特定施設入居者生活介護（有料老人ホーム）】神奈川県小田原市栄町3-10-24", "url": "https://www.kaigokensaku.mhlw.go.jp/14/index.php?action_kouhyou_detail_004_kani=true&JigyosyoCd=1472302114-00&ServiceCd=331&Type=search", "url2": "http://www.fureai-g.or.jp/sono/odawara/" }, "geometry": { "type": "Point", "coordinates": [ 139.15955275952453, 35.258072215939414 ] } },
{ "type": "Feature", "properties": { "内容": "はなことば小田原2号館【特定施設入居者生活介護（有料老人ホーム）】神奈川県小田原市酒匂3-9-12", "url": "https://www.kaigokensaku.mhlw.go.jp/14/index.php?action_kouhyou_detail_004_kani=true&JigyosyoCd=1472302734-00&ServiceCd=331&Type=search", "url2": "https://hanakotoba.co.jp/" }, "geometry": { "type": "Point", "coordinates": [ 139.18862450000006, 35.2661924 ] } },
{ "type": "Feature", "properties": { "内容": "ニチイケアセンターこゆるぎ【特定施設入居者生活介護（有料老人ホーム）】神奈川県小田原市成田482-2", "url": "https://www.kaigokensaku.mhlw.go.jp/14/index.php?action_kouhyou_detail_004_kani=true&JigyosyoCd=1472302742-00&ServiceCd=331&Type=search", "url2": "http://www.nichii-kaigo.jp/base/base-result/05P86/" }, "geometry": { "type": "Point", "coordinates": [ 139.167128400000024, 35.2890386 ] } },
{ "type": "Feature", "properties": { "内容": "ツクイ・サンシャイン小田原【特定施設入居者生活介護（有料老人ホーム）】神奈川県小田原市荻窪285-3", "url": "https://www.kaigokensaku.mhlw.go.jp/14/index.php?action_kouhyou_detail_004_kani=true&JigyosyoCd=1472303674-00&ServiceCd=331&Type=search", "url2": "http://www.tsukui.net/sunshine/odawara/" }, "geometry": { "type": "Point", "coordinates": [ 139.1546136, 35.2630697 ] } },
{ "type": "Feature", "properties": { "内容": "グランフォレスト小田原【特定施設入居者生活介護（有料老人ホーム）】神奈川県小田原市多古７１２", "url": "https://www.kaigokensaku.mhlw.go.jp/14/index.php?action_kouhyou_detail_004_kani=true&JigyosyoCd=1472301223-00&ServiceCd=331&Type=search", "url2": "http://www.fillcare.co.jp/facilities/odawara/" }, "geometry": { "type": "Point", "coordinates": [ 139.152969699999971, 35.2753791 ] } },
{ "type": "Feature", "properties": { "内容": "デンマークINN小田原【特定施設入居者生活介護（有料老人ホーム）】神奈川県小田原市久野13-1", "url": "https://www.kaigokensaku.mhlw.go.jp/14/index.php?action_kouhyou_detail_004_kani=true&JigyosyoCd=1472303120-00&ServiceCd=331&Type=search", "url2": "https://www.denmark-inn.or.jp/facility/odawara/" }, "geometry": { "type": "Point", "coordinates": [ 139.154464498147576, 35.266579662118886 ] } },
{ "type": "Feature", "properties": { "内容": "ココファンメゾン小田原【特定施設入居者生活介護（有料老人ホーム）】神奈川県小田原市成田707-6", "url": "https://www.kaigokensaku.mhlw.go.jp/14/index.php?action_kouhyou_detail_004_kani=true&JigyosyoCd=1472303138-00&ServiceCd=331&Type=search", "url2": "https://www.cocofump.co.jp/facilities/detail/cm-odawara/" }, "geometry": { "type": "Point", "coordinates": [ 139.165539500000023, 35.2920214 ] } },
{ "type": "Feature", "properties": { "内容": "ココファンレジデンス小田原【特定施設入居者生活介護（有料老人ホーム）】神奈川県小田原市蓮正寺102-2", "url": "https://www.kaigokensaku.mhlw.go.jp/14/index.php?action_kouhyou_detail_004_kani=true&JigyosyoCd=1472303187-00&ServiceCd=331&Type=search", "url2": "https://www.cocofump.co.jp/facilities/detail/cr-odawara/" }, "geometry": { "type": "Point", "coordinates": [ 139.152960600000029, 35.2893826 ] } },
{ "type": "Feature", "properties": { "内容": "SOMPOケアラヴィーレ小田原【特定施設入居者生活介護（有料老人ホーム）】神奈川県小田原市南鴨宮2-20-1", "url": "https://www.kaigokensaku.mhlw.go.jp/14/index.php?action_kouhyou_detail_004_kani=true&JigyosyoCd=1472303435-00&ServiceCd=331&Type=search", "url2": "https://www.sompocare.com" }, "geometry": { "type": "Point", "coordinates": [ 139.181186, 35.2725248 ] } },
{ "type": "Feature", "properties": { "内容": "SOMPOケアラヴィーレ小田原弐番館【特定施設入居者生活介護（有料老人ホーム）】神奈川県小田原市南鴨宮3-20-2", "url": "https://www.kaigokensaku.mhlw.go.jp/14/index.php?action_kouhyou_detail_004_kani=true&JigyosyoCd=1472303443-00&ServiceCd=331&Type=search", "url2": "https://www.sompocare.com" }, "geometry": { "type": "Point", "coordinates": [ 139.180427799999961, 35.2717832 ] } },
{ "type": "Feature", "properties": { "内容": "介護付有料老人ホーム　慶愛苑　小田原【特定施設入居者生活介護（有料老人ホーム）】神奈川県小田原市扇町１－３８－２２", "url": "https://www.kaigokensaku.mhlw.go.jp/14/index.php?action_kouhyou_detail_004_kani=true&JigyosyoCd=1472301041-00&ServiceCd=331&Type=search", "url2": "http://www.keiaien.co.jp/odawara/" }, "geometry": { "type": "Point", "coordinates": [ 139.15628659999993, 35.2659638 ] } },
{ "type": "Feature", "properties": { "内容": "湘南ふれあいの園【特定施設入居者生活介護（有料老人ホーム）】神奈川県茅ヶ崎市茅ヶ崎2-2-3", "url": "https://www.kaigokensaku.mhlw.go.jp/14/index.php?action_kouhyou_detail_004_kani=true&JigyosyoCd=1472400348-00&ServiceCd=331&Type=search", "url2": "http://www.fureai-g.or.jp/shonan-sono/" }, "geometry": { "type": "Point", "coordinates": [ 139.405783341139227, 35.333648029137969 ] } },
{ "type": "Feature", "properties": { "内容": "グリーンズ湘南・茅ヶ崎【特定施設入居者生活介護（有料老人ホーム）】神奈川県茅ケ崎市柳島１５７５―３５", "url": "https://www.kaigokensaku.mhlw.go.jp/14/index.php?action_kouhyou_detail_004_kani=true&JigyosyoCd=1472400363-00&ServiceCd=331&Type=search", "url2": "http://www.greens-katashio.co.jp" }, "geometry": { "type": "Point", "coordinates": [ 139.381843124702414, 35.318042428175033 ] } },
{ "type": "Feature", "properties": { "内容": "湘南ふれあいの園　ナーシングホーム元町【特定施設入居者生活介護（有料老人ホーム）】神奈川県茅ケ崎市元町10-3", "url": "https://www.kaigokensaku.mhlw.go.jp/14/index.php?action_kouhyou_detail_004_kani=true&JigyosyoCd=1472400371-00&ServiceCd=331&Type=search", "url2": "http://www.fureai-g.or.jp/sono/motomachi/" }, "geometry": { "type": "Point", "coordinates": [ 139.409746500000011, 35.334012600000015 ] } },
{ "type": "Feature", "properties": { "内容": "アンリ茅ヶ崎【特定施設入居者生活介護（有料老人ホーム）】神奈川県茅ケ崎市東海岸北３－１０－９", "url": "https://www.kaigokensaku.mhlw.go.jp/14/index.php?action_kouhyou_detail_004_kani=true&JigyosyoCd=1472401569-00&ServiceCd=331&Type=search", "url2": "http://care-net.co.jp/facility/0309-2/" }, "geometry": { "type": "Point", "coordinates": [ 139.4141492, 35.3308049 ] } },
{ "type": "Feature", "properties": { "内容": "アマポーラ湘南【特定施設入居者生活介護（有料老人ホーム）】神奈川県茅ケ崎市松が丘2-13-5アマポーラ湘南", "url": "https://www.kaigokensaku.mhlw.go.jp/14/index.php?action_kouhyou_detail_004_kani=true&JigyosyoCd=1472401601-00&ServiceCd=331&Type=search", "url2": "https://amapola-shonan.com/" }, "geometry": { "type": "Point", "coordinates": [ 139.4257168, 35.3245152 ] } },
{ "type": "Feature", "properties": { "内容": "ケアヴィレッジ湘南茅ヶ崎【特定施設入居者生活介護（有料老人ホーム）】神奈川県茅ヶ崎市幸町5-8", "url": "https://www.kaigokensaku.mhlw.go.jp/14/index.php?action_kouhyou_detail_004_kani=true&JigyosyoCd=1472402005-00&ServiceCd=331&Type=search", "url2": "http://www.carevillage.jp/" }, "geometry": { "type": "Point", "coordinates": [ 139.409766200000035, 35.3308102 ] } },
{ "type": "Feature", "properties": { "内容": "湘南ふれあいの園湘南東部【特定施設入居者生活介護（有料老人ホーム）】神奈川県茅ヶ崎市西久保７４５", "url": "https://www.kaigokensaku.mhlw.go.jp/14/index.php?action_kouhyou_detail_004_kani=true&JigyosyoCd=1472402054-00&ServiceCd=331&Type=search", "url2": "http://www.fureai-g.or.jp/sono/toubu/" }, "geometry": { "type": "Point", "coordinates": [ 139.394913699999961, 35.3478015 ] } },
{ "type": "Feature", "properties": { "内容": "あいらの杜　茅ヶ崎【特定施設入居者生活介護（有料老人ホーム）】神奈川県茅ヶ崎市今宿817-1", "url": "https://www.kaigokensaku.mhlw.go.jp/14/index.php?action_kouhyou_detail_004_kani=true&JigyosyoCd=1472402500-00&ServiceCd=331&Type=search", "url2": "https://www.halenosumai.jp/homes/1205/" }, "geometry": { "type": "Point", "coordinates": [ 139.3786847, 35.3353943 ] } },
{ "type": "Feature", "properties": { "内容": "ミモザ茅ケ崎【特定施設入居者生活介護（有料老人ホーム）】神奈川県茅ケ崎市代官町3-9", "url": "https://www.kaigokensaku.mhlw.go.jp/14/index.php?action_kouhyou_detail_004_kani=true&JigyosyoCd=1472400744-00&ServiceCd=331&Type=search", "url2": "https://mimoza-care.com/facility/paid-nursing-home/post-2716/" }, "geometry": { "type": "Point", "coordinates": [ 139.4339397, 35.3370967 ] } },
{ "type": "Feature", "properties": { "内容": "リハビリホームボンセジュール茅ヶ崎【特定施設入居者生活介護（有料老人ホーム）】神奈川県茅ケ崎市南湖一丁目１０番２１号", "url": "https://www.kaigokensaku.mhlw.go.jp/14/index.php?action_kouhyou_detail_004_kani=true&JigyosyoCd=1472402294-00&ServiceCd=331&Type=search", "url2": "https://kaigo.benesse-style-care.co.jp/area_kanagawa/chigasaki/home_b-chigasaki" }, "geometry": { "type": "Point", "coordinates": [ 139.392345100000057, 35.3293983 ] } },
{ "type": "Feature", "properties": { "内容": "ソノラス・コート茅ケ崎【特定施設入居者生活介護（有料老人ホーム）】神奈川県茅ケ崎市汐見台3-28", "url": "https://www.kaigokensaku.mhlw.go.jp/14/index.php?action_kouhyou_detail_004_kani=true&JigyosyoCd=1472400215-00&ServiceCd=331&Type=search", "url2": "https://sonorous.co.jp/chigasaki/" }, "geometry": { "type": "Point", "coordinates": [ 139.4381701, 35.3224508 ] } },
{ "type": "Feature", "properties": { "内容": "ネオ・サミット茅ヶ崎ケアレジデンス【特定施設入居者生活介護（有料老人ホーム）】神奈川県茅ヶ崎市東海岸南4-3-3", "url": "https://www.kaigokensaku.mhlw.go.jp/14/index.php?action_kouhyou_detail_004_kani=true&JigyosyoCd=1472402450-00&ServiceCd=331&Type=search", "url2": "https://www.neo-summit.com/chigasakicr/" }, "geometry": { "type": "Point", "coordinates": [ 139.41145, 35.3202224 ] } },
{ "type": "Feature", "properties": { "内容": "けいすいone'ｓホームゆるりと【特定施設入居者生活介護（有料老人ホーム）】神奈川県逗子市桜山３－４－４５", "url": "https://www.kaigokensaku.mhlw.go.jp/14/index.php?action_kouhyou_detail_004_kani=true&JigyosyoCd=1472501046-00&ServiceCd=331&Type=search", "url2": "http://www.keisuikai.or,jp" }, "geometry": { "type": "Point", "coordinates": [ 139.593889521495839, 35.296893551110962 ] } },
{ "type": "Feature", "properties": { "内容": "ベストライフ逗子【特定施設入居者生活介護（有料老人ホーム）】神奈川県逗子市桜山3-23-16", "url": "https://www.kaigokensaku.mhlw.go.jp/14/index.php?action_kouhyou_detail_004_kani=true&JigyosyoCd=1472501129-00&ServiceCd=331&Type=search", "url2": "https://bestlife.jp/" }, "geometry": { "type": "Point", "coordinates": [ 139.5916942, 35.2995438 ] } },
{ "type": "Feature", "properties": { "内容": "メディカルホームグランダ逗子【特定施設入居者生活介護（有料老人ホーム）】神奈川県逗子市久木二丁目8番25号", "url": "https://www.kaigokensaku.mhlw.go.jp/14/index.php?action_kouhyou_detail_004_kani=true&JigyosyoCd=1472500931-00&ServiceCd=331&Type=search", "url2": "https://kaigo.benesse-style-care.co.jp/area_kanagawa/zushi/home_gd-zushi" }, "geometry": { "type": "Point", "coordinates": [ 139.579338753967249, 35.304016585651461 ] } },
{ "type": "Feature", "properties": { "内容": "ミモザ逗子樫の木苑【特定施設入居者生活介護（有料老人ホーム）】神奈川県逗子市逗子7-1-10", "url": "https://www.kaigokensaku.mhlw.go.jp/14/index.php?action_kouhyou_detail_004_kani=true&JigyosyoCd=1472501004-00&ServiceCd=331&Type=search", "url2": "https://mimoza-care.com/facility/paid-nursing-home/post-1960/" }, "geometry": { "type": "Point", "coordinates": [ 139.576395199999979, 35.294556 ] } },
{ "type": "Feature", "properties": { "内容": "ＳＯＭＰＯケア　ラヴィーレ東逗子【特定施設入居者生活介護（有料老人ホーム）】神奈川県逗子市沼間3-6-10", "url": "https://www.kaigokensaku.mhlw.go.jp/14/index.php?action_kouhyou_detail_004_kani=true&JigyosyoCd=1472501012-00&ServiceCd=331&Type=search", "url2": "https://www.sompocare.com/service/home/kaigo/H000057/" }, "geometry": { "type": "Point", "coordinates": [ 139.606218, 35.2977367 ] } },
{ "type": "Feature", "properties": { "内容": "介護付有料老人ホーム　油壺エデンの園【特定施設入居者生活介護（有料老人ホーム）】神奈川県三浦市三崎町諸磯1500", "url": "https://www.kaigokensaku.mhlw.go.jp/14/index.php?action_kouhyou_detail_004_kani=true&JigyosyoCd=1472700127-00&ServiceCd=331&Type=search", "url2": "http://www.seirei.or.jp/eden/aburatsubo" }, "geometry": { "type": "Point", "coordinates": [ 139.61858970000003, 35.1530615 ] } },
{ "type": "Feature", "properties": { "内容": "ソノラス・コート油壺【特定施設入居者生活介護（有料老人ホーム）】神奈川県三浦市尾上町18番", "url": "https://www.kaigokensaku.mhlw.go.jp/14/index.php?action_kouhyou_detail_004_kani=true&JigyosyoCd=1472700465-00&ServiceCd=331&Type=search", "url2": "https://sonorous.co.jp/aburatsubo/" }, "geometry": { "type": "Point", "coordinates": [ 139.616981500000065, 35.1515867 ] } },
{ "type": "Feature", "properties": { "内容": "リフレ油壺【特定施設入居者生活介護（有料老人ホーム）】神奈川県三浦市三崎町諸磯１７４２－１", "url": "https://www.kaigokensaku.mhlw.go.jp/14/index.php?action_kouhyou_detail_004_kani=true&JigyosyoCd=1472700689-00&ServiceCd=331&Type=search", "url2": "https://rifure-life.com/" }, "geometry": { "type": "Point", "coordinates": [ 139.614962099999957, 35.1540783 ] } },
{ "type": "Feature", "properties": { "内容": "油壺マリーナヒルズ【特定施設入居者生活介護（有料老人ホーム）】神奈川県三浦市三崎町諸磯1523-1", "url": "https://www.kaigokensaku.mhlw.go.jp/14/index.php?action_kouhyou_detail_004_kani=true&JigyosyoCd=1472700697-00&ServiceCd=331&Type=search", "url2": "http://j-lifedesign.com/facility/116" }, "geometry": { "type": "Point", "coordinates": [ 139.618723, 35.1541364 ] } },
{ "type": "Feature", "properties": { "内容": "そんぽの家　三浦【特定施設入居者生活介護（有料老人ホーム）】神奈川県三浦市白石町21-15", "url": "https://www.kaigokensaku.mhlw.go.jp/14/index.php?action_kouhyou_detail_004_kani=true&JigyosyoCd=1472701034-00&ServiceCd=331&Type=search", "url2": "http://www.sompocare.com" }, "geometry": { "type": "Point", "coordinates": [ 139.613412499999981, 35.1431793 ] } },
{ "type": "Feature", "properties": { "内容": "ベストライフ油壺【特定施設入居者生活介護（有料老人ホーム）】神奈川県三浦市三崎町諸磯1924-1", "url": "https://www.kaigokensaku.mhlw.go.jp/14/index.php?action_kouhyou_detail_004_kani=true&JigyosyoCd=1472701182-00&ServiceCd=331&Type=search", "url2": null }, "geometry": { "type": "Point", "coordinates": [ 139.620010900000011, 35.1549749 ] } },
{ "type": "Feature", "properties": { "内容": "ツクイ・サンシャイン三浦【特定施設入居者生活介護（有料老人ホーム）】神奈川県三浦市三崎2-21-14", "url": "https://www.kaigokensaku.mhlw.go.jp/14/index.php?action_kouhyou_detail_004_kani=true&JigyosyoCd=1472701208-00&ServiceCd=331&Type=search", "url2": "http://www.tsukui.net/sunshine/miura/" }, "geometry": { "type": "Point", "coordinates": [ 139.618655100000012, 35.1392896 ] } },
{ "type": "Feature", "properties": { "内容": "花珠の家みうら【特定施設入居者生活介護（有料老人ホーム）】神奈川県三浦市三崎町諸磯1112-17", "url": "https://www.kaigokensaku.mhlw.go.jp/14/index.php?action_kouhyou_detail_004_kani=true&JigyosyoCd=1472701281-00&ServiceCd=331&Type=search", "url2": "https://hanadama-kaigo.jala.co.jp" }, "geometry": { "type": "Point", "coordinates": [ 139.622642, 35.1507435 ] } },
{ "type": "Feature", "properties": { "内容": "有料老人ホーム　サニーライフ三浦【特定施設入居者生活介護（有料老人ホーム）】神奈川県三浦市初声町下宮田2764-1", "url": "https://www.kaigokensaku.mhlw.go.jp/14/index.php?action_kouhyou_detail_004_kani=true&JigyosyoCd=1472700341-00&ServiceCd=331&Type=search", "url2": "https://www.sunnylife-group.co.jp/miura" }, "geometry": { "type": "Point", "coordinates": [ 139.629249, 35.1842979 ] } },
{ "type": "Feature", "properties": { "内容": "はなことば三浦【特定施設入居者生活介護（有料老人ホーム）】神奈川県三浦市諏訪町3-5", "url": "https://www.kaigokensaku.mhlw.go.jp/14/index.php?action_kouhyou_detail_004_kani=true&JigyosyoCd=1472701018-00&ServiceCd=331&Type=search", "url2": "http://hanakotoba.co.jp" }, "geometry": { "type": "Point", "coordinates": [ 139.624210599999969, 35.1433003 ] } },
{ "type": "Feature", "properties": { "内容": "ベストライフ秦野【特定施設入居者生活介護（有料老人ホーム）】神奈川県秦野市渋沢2-36-2", "url": "https://www.kaigokensaku.mhlw.go.jp/14/index.php?action_kouhyou_detail_004_kani=true&JigyosyoCd=1472802410-00&ServiceCd=331&Type=search", "url2": null }, "geometry": { "type": "Point", "coordinates": [ 139.1927632, 35.3699935 ] } },
{ "type": "Feature", "properties": { "内容": "サンシティ神奈川【特定施設入居者生活介護（有料老人ホーム）】神奈川県秦野市南が丘4-4", "url": "https://www.kaigokensaku.mhlw.go.jp/14/index.php?action_kouhyou_detail_004_kani=true&JigyosyoCd=1472800208-00&ServiceCd=331&Type=search", "url2": "https://hcm-suncity.co.jp/suncity/kanagawa/" }, "geometry": { "type": "Point", "coordinates": [ 139.229881400000068, 35.3553111 ] } },
{ "type": "Feature", "properties": { "内容": "高齢者住宅　グループハウス　やまぼうし【特定施設入居者生活介護（有料老人ホーム）】神奈川県秦野市曽屋1197-5", "url": "https://www.kaigokensaku.mhlw.go.jp/14/index.php?action_kouhyou_detail_004_kani=true&JigyosyoCd=1472801669-00&ServiceCd=331&Type=search", "url2": "http://www.tomo-kaigo.jp/?page_id=5" }, "geometry": { "type": "Point", "coordinates": [ 139.215643399999976, 35.3817962 ] } },
{ "type": "Feature", "properties": { "内容": "アプルール秦野【特定施設入居者生活介護（有料老人ホーム）】神奈川県秦野市平沢321-1", "url": "https://www.kaigokensaku.mhlw.go.jp/14/index.php?action_kouhyou_detail_004_kani=true&JigyosyoCd=1472801826-00&ServiceCd=331&Type=search", "url2": "http://apprule.jp/hadano/#director" }, "geometry": { "type": "Point", "coordinates": [ 139.197095303312182, 35.373712747209858 ] } },
{ "type": "Feature", "properties": { "内容": "プライムガーデン秦野【特定施設入居者生活介護（有料老人ホーム）】神奈川県秦野市名古木406－1", "url": "https://www.kaigokensaku.mhlw.go.jp/14/index.php?action_kouhyou_detail_004_kani=true&JigyosyoCd=1472801834-00&ServiceCd=331&Type=search", "url2": "http://www.kenkouigaku.co.jp/prime-hadano/" }, "geometry": { "type": "Point", "coordinates": [ 139.241616300000032, 35.3822857 ] } },
{ "type": "Feature", "properties": { "内容": "リアンレーヴ鶴巻温泉【特定施設入居者生活介護（有料老人ホーム）】神奈川県秦野市鶴巻北2-2-28", "url": "https://www.kaigokensaku.mhlw.go.jp/14/index.php?action_kouhyou_detail_004_kani=true&JigyosyoCd=1472802360-00&ServiceCd=331&Type=search", "url2": "https://www.kinoshita-kaigo.co.jp" }, "geometry": { "type": "Point", "coordinates": [ 139.2774571, 35.3824065 ] } },
{ "type": "Feature", "properties": { "内容": "プライムガーデン秦野弐番館【特定施設入居者生活介護（有料老人ホーム）】神奈川県秦野市曾屋734-1", "url": "https://www.kaigokensaku.mhlw.go.jp/14/index.php?action_kouhyou_detail_004_kani=true&JigyosyoCd=1472802436-00&ServiceCd=331&Type=search", "url2": "https://kenkouigaku.co.jp/" }, "geometry": { "type": "Point", "coordinates": [ 139.210856065856007, 35.379777844448611 ] } },
{ "type": "Feature", "properties": { "内容": "エクセルシオール秦野【特定施設入居者生活介護（有料老人ホーム）】神奈川県秦野市今泉607-4", "url": "https://www.kaigokensaku.mhlw.go.jp/14/index.php?action_kouhyou_detail_004_kani=true&JigyosyoCd=1472801230-00&ServiceCd=331&Type=search", "url2": "https://www.excelsior-hadano.com/" }, "geometry": { "type": "Point", "coordinates": [ 139.216677, 35.3678449 ] } },
{ "type": "Feature", "properties": { "内容": "ニチイケアセンターほりにし特定施設入居者生活介護【特定施設入居者生活介護（有料老人ホーム）】神奈川県秦野市堀西１３２－１", "url": "https://www.kaigokensaku.mhlw.go.jp/14/index.php?action_kouhyou_detail_004_kani=true&JigyosyoCd=1472801271-00&ServiceCd=331&Type=search", "url2": "https://www.nichii-kaigo.jp/base/base-result/05M82/" }, "geometry": { "type": "Point", "coordinates": [ 139.1886793, 35.3777151 ] } },
{ "type": "Feature", "properties": { "内容": "有料老人ホーム　サニーライフ秦野【特定施設入居者生活介護（有料老人ホーム）】神奈川県秦野市千村1-11-35", "url": "https://www.kaigokensaku.mhlw.go.jp/14/index.php?action_kouhyou_detail_004_kani=true&JigyosyoCd=1472801297-00&ServiceCd=331&Type=search", "url2": "https://www.sunnylife-group.co.jp/hadano" }, "geometry": { "type": "Point", "coordinates": [ 139.178032900000062, 35.3736402 ] } },
{ "type": "Feature", "properties": { "内容": "メディカル・リハビリホームボンセジュール秦野渋沢【特定施設入居者生活介護（有料老人ホーム）】神奈川県秦野市渋沢上1-6-60", "url": "https://www.kaigokensaku.mhlw.go.jp/14/index.php?action_kouhyou_detail_004_kani=true&JigyosyoCd=1472801487-00&ServiceCd=331&Type=search", "url2": "https://kaigo.benesse-style-care.co.jp/area_kanagawa/hadano/home_b-hadanosibusawa" }, "geometry": { "type": "Point", "coordinates": [ 139.1806745, 35.3698352 ] } },
{ "type": "Feature", "properties": { "内容": "ホームステーション愛甲石田【特定施設入居者生活介護（有料老人ホーム）】神奈川県厚木市愛甲3-6-7", "url": "https://www.kaigokensaku.mhlw.go.jp/14/index.php?action_kouhyou_detail_004_kani=true&JigyosyoCd=1472901360-00&ServiceCd=331&Type=search", "url2": "https://www.life-silver.com/life_facility/kanagawa/aikouishida.html" }, "geometry": { "type": "Point", "coordinates": [ 139.349715144180294, 35.423861985826015 ] } },
{ "type": "Feature", "properties": { "内容": "グランレーヴ厚木【特定施設入居者生活介護（有料老人ホーム）】神奈川県厚木市愛名１２８５番地", "url": "https://www.kaigokensaku.mhlw.go.jp/14/index.php?action_kouhyou_detail_004_kani=true&JigyosyoCd=1472901717-00&ServiceCd=331&Type=search", "url2": "https://care-net.co.jp" }, "geometry": { "type": "Point", "coordinates": [ 139.329541787909989, 35.446156244824834 ] } },
{ "type": "Feature", "properties": { "内容": "ベストライフ本厚木【特定施設入居者生活介護（有料老人ホーム）】神奈川県厚木市岡田4-25-34", "url": "https://www.kaigokensaku.mhlw.go.jp/14/index.php?action_kouhyou_detail_004_kani=true&JigyosyoCd=1472902772-00&ServiceCd=331&Type=search", "url2": null }, "geometry": { "type": "Point", "coordinates": [ 139.3672584, 35.4260825 ] } },
{ "type": "Feature", "properties": { "内容": "ミモザ厚木藤苑【特定施設入居者生活介護（有料老人ホーム）】神奈川県厚木市愛甲東1丁目23番1号", "url": "https://www.kaigokensaku.mhlw.go.jp/14/index.php?action_kouhyou_detail_004_kani=true&JigyosyoCd=1472902913-00&ServiceCd=331&Type=search", "url2": "https://mimoza-care.com/facility/paid-nursing-home/post-2015/" }, "geometry": { "type": "Point", "coordinates": [ 139.3489971, 35.41618 ] } },
{ "type": "Feature", "properties": { "内容": "介護付有料老人ホーム　サンライズ・ヴィラ森の里【特定施設入居者生活介護（有料老人ホーム）】神奈川県厚木市愛名932-1", "url": "https://www.kaigokensaku.mhlw.go.jp/14/index.php?action_kouhyou_detail_004_kani=true&JigyosyoCd=1472900438-00&ServiceCd=331&Type=search", "url2": "https://www.like-cn.co.jp/" }, "geometry": { "type": "Point", "coordinates": [ 139.323922, 35.437823 ] } },
{ "type": "Feature", "properties": { "内容": "ＳＯＭＰＯケア　ラヴィーレ本厚木【特定施設入居者生活介護（有料老人ホーム）】神奈川県厚木市旭町2-12-17ＳＯＭＰＯケア　ラヴィーレ本厚木", "url": "https://www.kaigokensaku.mhlw.go.jp/14/index.php?action_kouhyou_detail_004_kani=true&JigyosyoCd=1472902632-00&ServiceCd=331&Type=search", "url2": "https://www.sompocare.com" }, "geometry": { "type": "Point", "coordinates": [ 139.367218900000012, 35.4350024 ] } },
{ "type": "Feature", "properties": { "内容": "ホームステーションらいふ大和【特定施設入居者生活介護（有料老人ホーム）】神奈川県大和市深見台1-9-6", "url": "https://www.kaigokensaku.mhlw.go.jp/14/index.php?action_kouhyou_detail_004_kani=true&JigyosyoCd=1473000733-00&ServiceCd=331&Type=search", "url2": "http://www.life-silver.com/" }, "geometry": { "type": "Point", "coordinates": [ 139.4696712, 35.4658201 ] } },
{ "type": "Feature", "properties": { "内容": "サニーステージ大和【特定施設入居者生活介護（有料老人ホーム）】神奈川県大和市桜森２－２２－３０", "url": "https://www.kaigokensaku.mhlw.go.jp/14/index.php?action_kouhyou_detail_004_kani=true&JigyosyoCd=1473001327-00&ServiceCd=331&Type=search", "url2": "http://www.sunnystage.com/" }, "geometry": { "type": "Point", "coordinates": [ 139.436685500000067, 35.4684634 ] } },
{ "type": "Feature", "properties": { "内容": "そんぽの家　つきみ野【特定施設入居者生活介護（有料老人ホーム）】神奈川県大和市つきみ野1-5-3", "url": "https://www.kaigokensaku.mhlw.go.jp/14/index.php?action_kouhyou_detail_004_kani=true&JigyosyoCd=1473001962-00&ServiceCd=331&Type=search", "url2": "https://www.sompocare.com/" }, "geometry": { "type": "Point", "coordinates": [ 139.457679399999961, 35.5041474 ] } },
{ "type": "Feature", "properties": { "内容": "ベルビルガーデンやまと【特定施設入居者生活介護（有料老人ホーム）】神奈川県大和市深見713-2", "url": "https://www.kaigokensaku.mhlw.go.jp/14/index.php?action_kouhyou_detail_004_kani=true&JigyosyoCd=1473002739-00&ServiceCd=331&Type=search", "url2": "https://bellevilleyamato.wixsite.com/garden" }, "geometry": { "type": "Point", "coordinates": [ 139.467924499999981, 35.4854217 ] } },
{ "type": "Feature", "properties": { "内容": "そんぽの家　大和【特定施設入居者生活介護（有料老人ホーム）】神奈川県大和市渋谷4-6-4そんぽの家大和", "url": "https://www.kaigokensaku.mhlw.go.jp/14/index.php?action_kouhyou_detail_004_kani=true&JigyosyoCd=1473002796-00&ServiceCd=331&Type=search", "url2": "https://www.sompocare.com/service/home/kaigo/H000252/access" }, "geometry": { "type": "Point", "coordinates": [ 139.460943401852433, 35.434202037483885 ] } },
{ "type": "Feature", "properties": { "内容": "ベストライフ大和【特定施設入居者生活介護（有料老人ホーム）】神奈川県大和市中央5-6-18", "url": "https://www.kaigokensaku.mhlw.go.jp/14/index.php?action_kouhyou_detail_004_kani=true&JigyosyoCd=1473003307-00&ServiceCd=331&Type=search", "url2": null }, "geometry": { "type": "Point", "coordinates": [ 139.456698, 35.4671955 ] } },
{ "type": "Feature", "properties": { "内容": "グランダ鶴間・大和【特定施設入居者生活介護（有料老人ホーム）】神奈川県大和市下鶴間2-3-41", "url": "https://www.kaigokensaku.mhlw.go.jp/14/index.php?action_kouhyou_detail_004_kani=true&JigyosyoCd=1473000519-00&ServiceCd=331&Type=search", "url2": "https://kaigo.benesse-style-care.co.jp/area_kanagawa/yamato/home_gd-turuma" }, "geometry": { "type": "Point", "coordinates": [ 139.459213500000033, 35.4894815 ] } },
{ "type": "Feature", "properties": { "内容": "SOMPOケアラヴィーレ中央林間【特定施設入居者生活介護（有料老人ホーム）】神奈川県大和市中央林間8-2-19SOMPOケアラヴィーレ中央林間", "url": "https://www.kaigokensaku.mhlw.go.jp/14/index.php?action_kouhyou_detail_004_kani=true&JigyosyoCd=1473003075-00&ServiceCd=331&Type=search", "url2": "https://www.sompocare.com/service/home/kaigo/H000059" }, "geometry": { "type": "Point", "coordinates": [ 139.453082399999971, 35.5070994 ] } },
{ "type": "Feature", "properties": { "内容": "ＳＯＭＰＯケア　ラヴィーレ大和【特定施設入居者生活介護（有料老人ホーム）】神奈川県大和市上草柳2-19-16", "url": "https://www.kaigokensaku.mhlw.go.jp/14/index.php?action_kouhyou_detail_004_kani=true&JigyosyoCd=1473003083-00&ServiceCd=331&Type=search", "url2": "https://www.sompocare.com/service/home/kaigo/H000007" }, "geometry": { "type": "Point", "coordinates": [ 139.453878600000053, 35.4744793 ] } },
{ "type": "Feature", "properties": { "内容": "SOMPOケアラヴィーレ高座渋谷【特定施設入居者生活介護（有料老人ホーム）】神奈川県大和市福田1942", "url": "https://www.kaigokensaku.mhlw.go.jp/14/index.php?action_kouhyou_detail_004_kani=true&JigyosyoCd=1473003091-00&ServiceCd=331&Type=search", "url2": "https://www.sompocare.com/service/home/kaigo/H000011" }, "geometry": { "type": "Point", "coordinates": [ 139.463034800000059, 35.4305633 ] } },
{ "type": "Feature", "properties": { "内容": "バーデンライフ伊勢原【特定施設入居者生活介護（有料老人ホーム）】神奈川県伊勢原市沼目３－１３－３３", "url": "https://www.kaigokensaku.mhlw.go.jp/14/index.php?action_kouhyou_detail_004_kani=true&JigyosyoCd=1474000534-00&ServiceCd=331&Type=search", "url2": "http://www.badenlife.jp/15209326581277" }, "geometry": { "type": "Point", "coordinates": [ 139.3276578, 35.3934589 ] } },
{ "type": "Feature", "properties": { "内容": "そんぽの家　伊勢原【特定施設入居者生活介護（有料老人ホーム）】神奈川県伊勢原市上粕屋336-1", "url": "https://www.kaigokensaku.mhlw.go.jp/14/index.php?action_kouhyou_detail_004_kani=true&JigyosyoCd=1474000641-00&ServiceCd=331&Type=search", "url2": "https://www.sompocare.com/service/home/kaigo/H000253" }, "geometry": { "type": "Point", "coordinates": [ 139.303529799999978, 35.4062429 ] } },
{ "type": "Feature", "properties": { "内容": "サンライズ・ヴィラ　伊勢原【特定施設入居者生活介護（有料老人ホーム）】神奈川県伊勢原市桜台3-6-8サンライズ・ヴィラ伊勢原", "url": "https://www.kaigokensaku.mhlw.go.jp/14/index.php?action_kouhyou_detail_004_kani=true&JigyosyoCd=1474000955-00&ServiceCd=331&Type=search", "url2": "http://www.like-cn.co.jp/" }, "geometry": { "type": "Point", "coordinates": [ 139.663948799999957, 35.9757235 ] } },
{ "type": "Feature", "properties": { "内容": "有料老人ホーム　サニーライフ伊勢原【特定施設入居者生活介護（有料老人ホーム）】神奈川県伊勢原市神戸577-1", "url": "https://www.kaigokensaku.mhlw.go.jp/14/index.php?action_kouhyou_detail_004_kani=true&JigyosyoCd=1474001193-00&ServiceCd=331&Type=search", "url2": "https://www.sunnylife-group.co.jp/isehara" }, "geometry": { "type": "Point", "coordinates": [ 139.289603700000043, 35.3945161 ] } },
{ "type": "Feature", "properties": { "内容": "リアンレーヴ伊勢原【特定施設入居者生活介護（有料老人ホーム）】神奈川県伊勢原市下糟屋3019-5", "url": "https://www.kaigokensaku.mhlw.go.jp/14/index.php?action_kouhyou_detail_004_kani=true&JigyosyoCd=1474001201-00&ServiceCd=331&Type=search", "url2": "http://www.kinoshita-kaigo.co.jp/facility/care_home/lien_reve_isehara.html" }, "geometry": { "type": "Point", "coordinates": [ 139.32526340000004, 35.4072572 ] } },
{ "type": "Feature", "properties": { "内容": "ニチイケアセンター伊勢原【特定施設入居者生活介護（有料老人ホーム）】神奈川県伊勢原市板戸599-5", "url": "https://www.kaigokensaku.mhlw.go.jp/14/index.php?action_kouhyou_detail_004_kani=true&JigyosyoCd=1474000682-00&ServiceCd=331&Type=search", "url2": "https://www.nichii-kaigo.jp/base/base-result/05U30/" }, "geometry": { "type": "Point", "coordinates": [ 139.301213500000017, 35.3972828 ] } },
{ "type": "Feature", "properties": { "内容": "SOMPOケアラヴィーレ愛甲石田【特定施設入居者生活介護（有料老人ホーム）】神奈川県伊勢原市石田724－5", "url": "https://www.kaigokensaku.mhlw.go.jp/14/index.php?action_kouhyou_detail_004_kani=true&JigyosyoCd=1474001292-00&ServiceCd=331&Type=search", "url2": "https://www.sompocare.com" }, "geometry": { "type": "Point", "coordinates": [ 139.342825599999969, 35.4143065 ] } },
{ "type": "Feature", "properties": { "内容": "ＳOＭＰＯケア　ラヴィーレ伊勢原【特定施設入居者生活介護（有料老人ホーム）】神奈川県伊勢原市東大竹１丁目９番地１号", "url": "https://www.kaigokensaku.mhlw.go.jp/14/index.php?action_kouhyou_detail_004_kani=true&JigyosyoCd=1474001300-00&ServiceCd=331&Type=search", "url2": "https://www.sompocare.com/service/home/kaigo/H000034" }, "geometry": { "type": "Point", "coordinates": [ 139.308865500000024, 35.3951721 ] } },
{ "type": "Feature", "properties": { "内容": "花珠の家いせはら【特定施設入居者生活介護（有料老人ホーム）】神奈川県伊勢原市上粕屋1931-1", "url": "https://www.kaigokensaku.mhlw.go.jp/14/index.php?action_kouhyou_detail_004_kani=true&JigyosyoCd=1474001532-00&ServiceCd=331&Type=search", "url2": "https://jala.co.jp" }, "geometry": { "type": "Point", "coordinates": [ 139.2806541, 35.4175667 ] } },
{ "type": "Feature", "properties": { "内容": "プライムガーデン海老名【特定施設入居者生活介護（有料老人ホーム）】神奈川県海老名市上今泉3丁目5番11号プライムガーデン海老名", "url": "https://www.kaigokensaku.mhlw.go.jp/14/index.php?action_kouhyou_detail_004_kani=true&JigyosyoCd=1474201751-00&ServiceCd=331&Type=search", "url2": "http://www.kenkouigaku.co.jp/" }, "geometry": { "type": "Point", "coordinates": [ 139.3960941, 35.4703468 ] } },
{ "type": "Feature", "properties": { "内容": "サンライズ・ヴィラ海老名【特定施設入居者生活介護（有料老人ホーム）】神奈川県海老名市門沢橋2-19-9", "url": "https://www.kaigokensaku.mhlw.go.jp/14/index.php?action_kouhyou_detail_004_kani=true&JigyosyoCd=1474200597-00&ServiceCd=331&Type=search", "url2": "https://www.like-cn.co.jp/homes/sunrise-villa/ebina.html" }, "geometry": { "type": "Point", "coordinates": [ 139.37740580000002, 35.4063747 ] } },
{ "type": "Feature", "properties": { "内容": "リアンレーヴ海老名【特定施設入居者生活介護（有料老人ホーム）】神奈川県海老名市大谷北4-2-47リアンレーヴ海老名", "url": "https://www.kaigokensaku.mhlw.go.jp/14/index.php?action_kouhyou_detail_004_kani=true&JigyosyoCd=1474201298-00&ServiceCd=331&Type=search", "url2": "http://www.kinoshita-kaigo.co.jp/facility/care_home/lien_reve_ebina.html" }, "geometry": { "type": "Point", "coordinates": [ 139.399670612164329, 35.440603603419262 ] } },
{ "type": "Feature", "properties": { "内容": "ベストライフさがみ野【特定施設入居者生活介護（有料老人ホーム）】神奈川県海老名市東柏ヶ谷2-12-44", "url": "https://www.kaigokensaku.mhlw.go.jp/14/index.php?action_kouhyou_detail_004_kani=true&JigyosyoCd=1474201520-00&ServiceCd=331&Type=search", "url2": null }, "geometry": { "type": "Point", "coordinates": [ 139.4248627, 35.4699534 ] } },
{ "type": "Feature", "properties": { "内容": "ホームステーション海老名【特定施設入居者生活介護（有料老人ホーム）】神奈川県海老名市河原口2-7-18", "url": "https://www.kaigokensaku.mhlw.go.jp/14/index.php?action_kouhyou_detail_004_kani=true&JigyosyoCd=1474200456-00&ServiceCd=331&Type=search", "url2": "https://www.life-silver.com/life_facility/kanagawa/ebina.html" }, "geometry": { "type": "Point", "coordinates": [ 139.375240500000018, 35.4484731 ] } },
{ "type": "Feature", "properties": { "内容": "有料老人ホーム　サニーライフ海老名【特定施設入居者生活介護（有料老人ホーム）】神奈川県海老名市上郷1-27-30", "url": "https://www.kaigokensaku.mhlw.go.jp/14/index.php?action_kouhyou_detail_004_kani=true&JigyosyoCd=1474200472-00&ServiceCd=331&Type=search", "url2": "https://www.sunnylife-group.co.jp/ebina" }, "geometry": { "type": "Point", "coordinates": [ 139.384464699999967, 35.4579163 ] } },
{ "type": "Feature", "properties": { "内容": "ニチイホーム海老名【特定施設入居者生活介護（有料老人ホーム）】神奈川県海老名市東柏ケ谷6-19-7", "url": "https://www.kaigokensaku.mhlw.go.jp/14/index.php?action_kouhyou_detail_004_kani=true&JigyosyoCd=1474200621-00&ServiceCd=331&Type=search", "url2": "http://www.nichii-home.jp/shisetsu/area/kanagawa/ebina.html" }, "geometry": { "type": "Point", "coordinates": [ 139.433294, 35.4695937 ] } },
{ "type": "Feature", "properties": { "内容": "SOMPOケアラヴィーレ厚木【特定施設入居者生活介護（有料老人ホーム）】神奈川県海老名市河原口1-3-13SOMPOケアラヴィーレ厚木", "url": "https://www.kaigokensaku.mhlw.go.jp/14/index.php?action_kouhyou_detail_004_kani=true&JigyosyoCd=1474201389-00&ServiceCd=331&Type=search", "url2": "https://www.sompocare.com/service/home/kaigo/H000004" }, "geometry": { "type": "Point", "coordinates": [ 139.37781733673134, 35.445271772418479 ] } },
{ "type": "Feature", "properties": { "内容": "SOMPOケア　ラヴィーレ海老名【特定施設入居者生活介護（有料老人ホーム）】神奈川県海老名市杉久保南1-3-3", "url": "https://www.kaigokensaku.mhlw.go.jp/14/index.php?action_kouhyou_detail_004_kani=true&JigyosyoCd=1474201397-00&ServiceCd=331&Type=search", "url2": "https://www.sompocare.com/service/home/kaigo/H000042/message-detail/3925" }, "geometry": { "type": "Point", "coordinates": [ 139.39431639999998, 35.4222848 ] } },
{ "type": "Feature", "properties": { "内容": "有料老人ホーム　サニーライフ座間【特定施設入居者生活介護（有料老人ホーム）】神奈川県座間市広野台1丁目18番20号", "url": "https://www.kaigokensaku.mhlw.go.jp/14/index.php?action_kouhyou_detail_004_kani=true&JigyosyoCd=1474101092-00&ServiceCd=331&Type=search", "url2": "https://www.sunnylife-group.co.jp/zama" }, "geometry": { "type": "Point", "coordinates": [ 139.415580200000022, 35.5064256 ] } },
{ "type": "Feature", "properties": { "内容": "ベストライフ相武台【特定施設入居者生活介護（有料老人ホーム）】神奈川県座間市緑ヶ丘4-7-3", "url": "https://www.kaigokensaku.mhlw.go.jp/14/index.php?action_kouhyou_detail_004_kani=true&JigyosyoCd=1475402861-00&ServiceCd=331&Type=search", "url2": null }, "geometry": { "type": "Point", "coordinates": [ 139.4064396, 35.4933678 ] } },
{ "type": "Feature", "properties": { "内容": "ＳＯＭＰＯケアラヴィーレ座間【特定施設入居者生活介護（有料老人ホーム）】神奈川県座間市座間2-3155-1", "url": "https://www.kaigokensaku.mhlw.go.jp/14/index.php?action_kouhyou_detail_004_kani=true&JigyosyoCd=1474101456-00&ServiceCd=331&Type=search", "url2": "https://www.sompocare.com/service/home/kaigo/H000114/" }, "geometry": { "type": "Point", "coordinates": [ 139.392127399999907, 35.4848378 ] } },
{ "type": "Feature", "properties": { "内容": "ＳＯＭＰＯケアラヴィーレ座間谷戸山公園【特定施設入居者生活介護（有料老人ホーム）】神奈川県座間市入谷東3-41-17", "url": "https://www.kaigokensaku.mhlw.go.jp/14/index.php?action_kouhyou_detail_004_kani=true&JigyosyoCd=1474101464-00&ServiceCd=331&Type=search", "url2": "https://www.sompocare.com" }, "geometry": { "type": "Point", "coordinates": [ 139.401751600000011, 35.482363099999986 ] } },
{ "type": "Feature", "properties": { "内容": "はなことば足柄【特定施設入居者生活介護（有料老人ホーム）】神奈川県南足柄市竹松28", "url": "https://www.kaigokensaku.mhlw.go.jp/14/index.php?action_kouhyou_detail_004_kani=true&JigyosyoCd=1474300348-00&ServiceCd=331&Type=search", "url2": "https://www.hanakotoba.co.jp/facility/ashigara.html" }, "geometry": { "type": "Point", "coordinates": [ 139.1155483, 35.3216264 ] } },
{ "type": "Feature", "properties": { "内容": "サンライズ・ヴィラ綾瀬【特定施設入居者生活介護（有料老人ホーム）】神奈川県綾瀬市寺尾中３－１－１１", "url": "https://www.kaigokensaku.mhlw.go.jp/14/index.php?action_kouhyou_detail_004_kani=true&JigyosyoCd=1474400346-00&ServiceCd=331&Type=search", "url2": "https://www.like-cn.co.jp/homes/sunrise-villa/ayase.html" }, "geometry": { "type": "Point", "coordinates": [ 139.421739399999979, 35.4589752 ] } },
{ "type": "Feature", "properties": { "内容": "有料老人ホーム　サニーライフ綾瀬弐番館【特定施設入居者生活介護（有料老人ホーム）】神奈川県綾瀬市上土棚中2丁目13番22号", "url": "https://www.kaigokensaku.mhlw.go.jp/14/index.php?action_kouhyou_detail_004_kani=true&JigyosyoCd=1474401070-00&ServiceCd=331&Type=search", "url2": "https://www.sunnylife-group.co.jp/ayasenibankan" }, "geometry": { "type": "Point", "coordinates": [ 139.451261660713186, 35.415623788609203 ] } },
{ "type": "Feature", "properties": { "内容": "ヴィラ城山【特定施設入居者生活介護（有料老人ホーム）】神奈川県綾瀬市早川城山2-13-5ヴィラ城山", "url": "https://www.kaigokensaku.mhlw.go.jp/14/index.php?action_kouhyou_detail_004_kani=true&JigyosyoCd=1474400460-00&ServiceCd=331&Type=search", "url2": "https://villashiroyama.jp" }, "geometry": { "type": "Point", "coordinates": [ 139.421246030549554, 35.437408073120714 ] } },
{ "type": "Feature", "properties": { "内容": "有料老人ホーム　サニーライフ綾瀬【特定施設入居者生活介護（有料老人ホーム）】神奈川県綾瀬市上土棚中2-13-28", "url": "https://www.kaigokensaku.mhlw.go.jp/14/index.php?action_kouhyou_detail_004_kani=true&JigyosyoCd=1474400486-00&ServiceCd=331&Type=search", "url2": "https://www.sunnylife-group.co.jp/ayase" }, "geometry": { "type": "Point", "coordinates": [ 139.451135600000043, 35.4156707 ] } },
{ "type": "Feature", "properties": { "内容": "ヨウコーキャッスル綾瀬【特定施設入居者生活介護（有料老人ホーム）】神奈川県綾瀬市深谷南3-17-1ヨウコーキャッスル綾瀬", "url": "https://www.kaigokensaku.mhlw.go.jp/14/index.php?action_kouhyou_detail_004_kani=true&JigyosyoCd=1474400825-00&ServiceCd=331&Type=search", "url2": "https://rehabili-youko.com/" }, "geometry": { "type": "Point", "coordinates": [ 139.441305599999964, 35.4331095 ] } },
{ "type": "Feature", "properties": { "内容": "ＳＯＭＰＯケアラヴィーレ綾瀬【特定施設入居者生活介護（有料老人ホーム）】神奈川県綾瀬市小園281-1", "url": "https://www.kaigokensaku.mhlw.go.jp/14/index.php?action_kouhyou_detail_004_kani=true&JigyosyoCd=1474400932-00&ServiceCd=331&Type=search", "url2": "https://www.sompocare.com" }, "geometry": { "type": "Point", "coordinates": [ 139.409790499999986, 35.4517148 ] } },
{ "type": "Feature", "properties": { "内容": "あやせ悠生苑【特定施設入居者生活介護（有料老人ホーム）】神奈川県綾瀬市上土棚中4丁目9-27", "url": "https://www.kaigokensaku.mhlw.go.jp/14/index.php?action_kouhyou_detail_004_kani=true&JigyosyoCd=1474401161-00&ServiceCd=331&Type=search", "url2": "https://be-health.co.jp/facility/ayase.html" }, "geometry": { "type": "Point", "coordinates": [ 139.453905665081805, 35.413940719550922 ] } },
{ "type": "Feature", "properties": { "内容": "ライフコミューン葉山【特定施設入居者生活介護（有料老人ホーム）】神奈川県三浦郡葉山町一色１９５７", "url": "https://www.kaigokensaku.mhlw.go.jp/14/index.php?action_kouhyou_detail_004_kani=true&JigyosyoCd=1471100097-00&ServiceCd=331&Type=search", "url2": "http://www.kinoshita-kaigo.co.jp/facilities/state/kanagawa/hayama.html" }, "geometry": { "type": "Point", "coordinates": [ 139.581924599999979, 35.2628922 ] } },
{ "type": "Feature", "properties": { "内容": "葉山の丘【特定施設入居者生活介護（有料老人ホーム）】神奈川県三浦郡葉山町一色４０８", "url": "https://www.kaigokensaku.mhlw.go.jp/14/index.php?action_kouhyou_detail_004_kani=true&JigyosyoCd=1471100188-00&ServiceCd=331&Type=search", "url2": "http://www.hayama-hills.com/" }, "geometry": { "type": "Point", "coordinates": [ 139.596131799999966, 35.2641865 ] } },
{ "type": "Feature", "properties": { "内容": "SOMPOケア　ラヴィーレ葉山【特定施設入居者生活介護（有料老人ホーム）】神奈川県三浦郡葉山町堀内859-1", "url": "https://www.kaigokensaku.mhlw.go.jp/14/index.php?action_kouhyou_detail_004_kani=true&JigyosyoCd=1471100378-00&ServiceCd=331&Type=search", "url2": "https://www.sompocare.com" }, "geometry": { "type": "Point", "coordinates": [ 139.573536565606673, 35.275644773639797 ] } },
{ "type": "Feature", "properties": { "内容": "ミモザ寒川【特定施設入居者生活介護（有料老人ホーム）】神奈川県高座郡寒川町倉見３６５", "url": "https://www.kaigokensaku.mhlw.go.jp/14/index.php?action_kouhyou_detail_004_kani=true&JigyosyoCd=1471200285-00&ServiceCd=331&Type=search", "url2": "https://mimoza-care.com/facility/paid-nursing-home/post-2705/" }, "geometry": { "type": "Point", "coordinates": [ 139.380299899999955, 35.4002615 ] } },
{ "type": "Feature", "properties": { "内容": "ヨウコーフォレスト湘南【特定施設入居者生活介護（有料老人ホーム）】神奈川県高座郡寒川町倉見２３０２", "url": "https://www.kaigokensaku.mhlw.go.jp/14/index.php?action_kouhyou_detail_004_kani=true&JigyosyoCd=1471200194-00&ServiceCd=331&Type=search", "url2": "https://kaigo-youko.com/forest_shonan.html" }, "geometry": { "type": "Point", "coordinates": [ 139.395349200000027, 35.3950791 ] } },
{ "type": "Feature", "properties": { "内容": "ファミーユ湘南【特定施設入居者生活介護（有料老人ホーム）】神奈川県高座郡寒川町大曲1-6-20", "url": "https://www.kaigokensaku.mhlw.go.jp/14/index.php?action_kouhyou_detail_004_kani=true&JigyosyoCd=1471200699-00&ServiceCd=331&Type=search", "url2": "https://www.shinkoufukushikai.com/care/yuryohome/famiyu" }, "geometry": { "type": "Point", "coordinates": [ 139.3948593, 35.360678 ] } },
{ "type": "Feature", "properties": { "内容": "富士白苑大磯コーポ【特定施設入居者生活介護（有料老人ホーム）】神奈川県中郡大磯町東町3丁目17－7", "url": "https://www.kaigokensaku.mhlw.go.jp/14/index.php?action_kouhyou_detail_004_kani=true&JigyosyoCd=1471300754-00&ServiceCd=331&Type=search", "url2": "https://www.fujishiroen.or.jp/ooiso/" }, "geometry": { "type": "Point", "coordinates": [ 139.3278067, 35.3136601 ] } },
{ "type": "Feature", "properties": { "内容": "ＳＯＭＰＯケア　ラヴィーレ大磯【特定施設入居者生活介護（有料老人ホーム）】神奈川県中郡大磯町国府新宿374-1SOMPOケア　ラヴィーレ大磯", "url": "https://www.kaigokensaku.mhlw.go.jp/14/index.php?action_kouhyou_detail_004_kani=true&JigyosyoCd=1471300838-00&ServiceCd=331&Type=search", "url2": "https://www.sompocare.com/" }, "geometry": { "type": "Point", "coordinates": [ 139.270631500000036, 35.3038024 ] } },
{ "type": "Feature", "properties": { "内容": "有料老人ホーム　サニーライフ湘南【特定施設入居者生活介護（有料老人ホーム）】神奈川県中郡二宮町中里901-1", "url": "https://www.kaigokensaku.mhlw.go.jp/14/index.php?action_kouhyou_detail_004_kani=true&JigyosyoCd=1471300358-00&ServiceCd=331&Type=search", "url2": "https://www.sunnylife-group.co.jp/syounan" }, "geometry": { "type": "Point", "coordinates": [ 139.24829150000005, 35.3092235 ] } },
{ "type": "Feature", "properties": { "内容": "有料老人ホーム　サニーライフ二宮【特定施設入居者生活介護（有料老人ホーム）】神奈川県中郡二宮町百合が丘2-1-10", "url": "https://www.kaigokensaku.mhlw.go.jp/14/index.php?action_kouhyou_detail_004_kani=true&JigyosyoCd=1471300614-00&ServiceCd=331&Type=search", "url2": "https://www.sunnylife-group.co.jp/ninomiya" }, "geometry": { "type": "Point", "coordinates": [ 139.24482570859837, 35.310926969122001 ] } },
{ "type": "Feature", "properties": { "内容": "ザ・中井プライム【特定施設入居者生活介護（有料老人ホーム）】神奈川県足柄上郡中井町井ノ口1876-1", "url": "https://www.kaigokensaku.mhlw.go.jp/14/index.php?action_kouhyou_detail_004_kani=true&JigyosyoCd=1471400786-00&ServiceCd=331&Type=search", "url2": "https://www.ittokai.or.jp/facility/ザ・中井プライム/" }, "geometry": { "type": "Point", "coordinates": [ 139.229641242019596, 35.337847921242805 ] } },
{ "type": "Feature", "properties": { "内容": "介護付き有料老人ホーム　グランデュオ　イルカ【特定施設入居者生活介護（有料老人ホーム）】神奈川県足柄上郡大井町金手1065", "url": "https://www.kaigokensaku.mhlw.go.jp/14/index.php?action_kouhyou_detail_004_kani=true&JigyosyoCd=1471400703-00&ServiceCd=331&Type=search", "url2": "http://www.liftec.biz/" }, "geometry": { "type": "Point", "coordinates": [ 139.142644813974727, 35.337798886312136 ] } },
{ "type": "Feature", "properties": { "内容": "ザ・プライム燈り【特定施設入居者生活介護（有料老人ホーム）】神奈川県足柄上郡開成町みなみ5-5-10サウスマーク　2・3階", "url": "https://www.kaigokensaku.mhlw.go.jp/14/index.php?action_kouhyou_detail_004_kani=true&JigyosyoCd=1471401081-00&ServiceCd=331&Type=search", "url2": "http://www.ittokai.or.jp" }, "geometry": { "type": "Point", "coordinates": [ 139.128335600000014, 35.3202215 ] } },
{ "type": "Feature", "properties": { "内容": "ザ・プライム燈庵【特定施設入居者生活介護（有料老人ホーム）】神奈川県足柄上郡開成町みなみ5-5-10サウスマーク　4・5階", "url": "https://www.kaigokensaku.mhlw.go.jp/14/index.php?action_kouhyou_detail_004_kani=true&JigyosyoCd=1471401099-00&ServiceCd=331&Type=search", "url2": "http://www.ittokai.or.jp" }, "geometry": { "type": "Point", "coordinates": [ 139.128335600000014, 35.3202215 ] } },
{ "type": "Feature", "properties": { "内容": "アレンジメントケア箱根仙石原【特定施設入居者生活介護（有料老人ホーム）】神奈川県足柄下郡箱根町仙石原４６", "url": "https://www.kaigokensaku.mhlw.go.jp/14/index.php?action_kouhyou_detail_004_kani=true&JigyosyoCd=1471500676-00&ServiceCd=331&Type=search", "url2": "https://www.carequality.co.jp/hakonesengokuhara/" }, "geometry": { "type": "Point", "coordinates": [ 139.013855, 35.2723019 ] } },
{ "type": "Feature", "properties": { "内容": "介護付有料老人ホーム　すこや家・真鶴【特定施設入居者生活介護（有料老人ホーム）】神奈川県足柄下郡真鶴町岩775-15", "url": "https://www.kaigokensaku.mhlw.go.jp/14/index.php?action_kouhyou_detail_004_kani=true&JigyosyoCd=1471500551-00&ServiceCd=331&Type=search", "url2": "https://kaigo.alsok.co.jp/facility/search/detail/102" }, "geometry": { "type": "Point", "coordinates": [ 139.136027600000034, 35.1670615 ] } },
{ "type": "Feature", "properties": { "内容": "一般財団法人　日本老人福祉財団　湯河原ゆうゆうの里【特定施設入居者生活介護（有料老人ホーム）】神奈川県足柄下郡湯河原町吉浜1855", "url": "https://www.kaigokensaku.mhlw.go.jp/14/index.php?action_kouhyou_detail_004_kani=true&JigyosyoCd=1471500064-00&ServiceCd=331&Type=search", "url2": "https://www.yuyunosato.or.jp/place/yuga/" }, "geometry": { "type": "Point", "coordinates": [ 139.115152, 35.1553831 ] } },
{ "type": "Feature", "properties": { "内容": "ミモザ湯河原【特定施設入居者生活介護（有料老人ホーム）】神奈川県足柄下郡湯河原町中央1-1613-4", "url": "https://www.kaigokensaku.mhlw.go.jp/14/index.php?action_kouhyou_detail_004_kani=true&JigyosyoCd=1471500775-00&ServiceCd=331&Type=search", "url2": "https://mimoza-care.com/facility/paid-nursing-home/post-2032/" }, "geometry": { "type": "Point", "coordinates": [ 139.1130164, 35.1460948 ] } },
{ "type": "Feature", "properties": { "内容": "有料老人ホーム　サニーライフ相模愛川【特定施設入居者生活介護（有料老人ホーム）】神奈川県愛甲郡愛川町春日台４-2-6", "url": "https://www.kaigokensaku.mhlw.go.jp/14/index.php?action_kouhyou_detail_004_kani=true&JigyosyoCd=1471600450-00&ServiceCd=331&Type=search", "url2": "https://www.sunnylife-group.co.jp/sagamiaikawa" }, "geometry": { "type": "Point", "coordinates": [ 139.330988899999966, 35.5273583 ] } }
]
}
