{
"type": "FeatureCollection",
"name": "geo_14_特定福祉用具販売",
"crs": { "type": "name", "properties": { "name": "urn:ogc:def:crs:OGC:1.3:CRS84" } },
"features": [
{ "type": "Feature", "properties": { "内容": "えにしあ【特定福祉用具販売】神奈川県横浜市鶴見区市場大和町4-3鶴見ロータリーハイツ1階", "url": "https://www.kaigokensaku.mhlw.go.jp/14/index.php?action_kouhyou_detail_004_kani=true&JigyosyoCd=1470102730-00&ServiceCd=410&Type=search", "url2": "http://www.enishia.jp/" }, "geometry": { "type": "Point", "coordinates": [ 139.6871251, 35.5166969 ] } },
{ "type": "Feature", "properties": { "内容": "介護の相談所　ひばり【特定福祉用具販売】神奈川県横浜市鶴見区生麦１－７－１６　ライオンズマンション生麦第３　１０２号室", "url": "https://www.kaigokensaku.mhlw.go.jp/14/index.php?action_kouhyou_detail_004_kani=true&JigyosyoCd=1470101849-00&ServiceCd=410&Type=search", "url2": "http://kaigo-hibari.com/" }, "geometry": { "type": "Point", "coordinates": [ 139.6649396, 35.4934143 ] } },
{ "type": "Feature", "properties": { "内容": "福祉用具　暖団　横浜【特定福祉用具販売】神奈川県横浜市鶴見区駒岡2-7-4", "url": "https://www.kaigokensaku.mhlw.go.jp/14/index.php?action_kouhyou_detail_004_kani=true&JigyosyoCd=1470101716-00&ServiceCd=410&Type=search", "url2": "http://www.nippon-shooter.co.jp" }, "geometry": { "type": "Point", "coordinates": [ 139.649003200000038, 35.5280153 ] } },
{ "type": "Feature", "properties": { "内容": "介護用品サービス　シャンテール【特定福祉用具販売】神奈川県横浜市鶴見区本町通２－８５－２ニックハイム鶴見第6　104号", "url": "https://www.kaigokensaku.mhlw.go.jp/14/index.php?action_kouhyou_detail_004_kani=true&JigyosyoCd=1470102052-00&ServiceCd=410&Type=search", "url2": "http://www.hu-mantec.co.jp/kaigo/" }, "geometry": { "type": "Point", "coordinates": [ 139.682849220840467, 35.501958740936054 ] } },
{ "type": "Feature", "properties": { "内容": "はじめサポート【特定福祉用具販売】神奈川県横浜市鶴見区獅子ヶ谷2-30-11-3", "url": "https://www.kaigokensaku.mhlw.go.jp/14/index.php?action_kouhyou_detail_004_kani=true&JigyosyoCd=1470102987-00&ServiceCd=410&Type=search", "url2": null }, "geometry": { "type": "Point", "coordinates": [ 139.647630175674436, 35.519588604263866 ] } },
{ "type": "Feature", "properties": { "内容": "パナソニックエイジフリーショップ横浜鶴見【特定福祉用具販売】神奈川県横浜市鶴見区下末吉4-7-20サンハイツ下末吉1階", "url": "https://www.kaigokensaku.mhlw.go.jp/14/index.php?action_kouhyou_detail_004_kani=true&JigyosyoCd=1470103191-00&ServiceCd=410&Type=search", "url2": "https://sumai.panasonic.jp/agefree/map/detail.php?id=245" }, "geometry": { "type": "Point", "coordinates": [ 139.670406830688563, 35.521232281471804 ] } },
{ "type": "Feature", "properties": { "内容": "株式会社　イノベイションオブメディカルサービス綱島営業所【特定福祉用具販売】神奈川県横浜市鶴見区駒岡2-16-4", "url": "https://www.kaigokensaku.mhlw.go.jp/14/index.php?action_kouhyou_detail_004_kani=true&JigyosyoCd=1470102375-00&ServiceCd=410&Type=search", "url2": "http://www.ims-inc.co.jp/" }, "geometry": { "type": "Point", "coordinates": [ 139.6505363, 35.5308622 ] } },
{ "type": "Feature", "properties": { "内容": "万陽ケアセンター【特定福祉用具販売】神奈川県横浜市神奈川区神奈川２－１７－１ルピナス東神奈川７０２号室", "url": "https://www.kaigokensaku.mhlw.go.jp/14/index.php?action_kouhyou_detail_004_kani=true&JigyosyoCd=1470203231-00&ServiceCd=410&Type=search", "url2": null }, "geometry": { "type": "Point", "coordinates": [ 139.633868, 35.474563 ] } },
{ "type": "Feature", "properties": { "内容": "株式会社八神製作所　ヤガミホームヘルスセンター横浜【特定福祉用具販売】神奈川県横浜市神奈川区西神奈川1-11-3", "url": "https://www.kaigokensaku.mhlw.go.jp/14/index.php?action_kouhyou_detail_004_kani=true&JigyosyoCd=1470200674-00&ServiceCd=410&Type=search", "url2": "http://www.yagami.co.jp/YHHC" }, "geometry": { "type": "Point", "coordinates": [ 139.631366699999944, 35.4803368 ] } },
{ "type": "Feature", "properties": { "内容": "シェルパ横浜福祉用具レンタルサービス【特定福祉用具販売】神奈川県横浜市神奈川区神大寺３－２－７ＫＣハイム１階", "url": "https://www.kaigokensaku.mhlw.go.jp/14/index.php?action_kouhyou_detail_004_kani=true&JigyosyoCd=1470202472-00&ServiceCd=410&Type=search", "url2": "https://www.shelpa.jp/" }, "geometry": { "type": "Point", "coordinates": [ 139.607542699405684, 35.481988050886386 ] } },
{ "type": "Feature", "properties": { "内容": "ぬくまる介護【特定福祉用具販売】神奈川県横浜市神奈川区西神奈川三丁目9番地1末廣園ﾋﾞﾙ501号室", "url": "https://www.kaigokensaku.mhlw.go.jp/14/index.php?action_kouhyou_detail_004_kani=true&JigyosyoCd=1470203447-00&ServiceCd=410&Type=search", "url2": null }, "geometry": { "type": "Point", "coordinates": [ 139.6262623, 35.486587 ] } },
{ "type": "Feature", "properties": { "内容": "株式会社　アクティヴ【特定福祉用具販売】神奈川県横浜市神奈川区西寺尾３－２６－１", "url": "https://www.kaigokensaku.mhlw.go.jp/14/index.php?action_kouhyou_detail_004_kani=true&JigyosyoCd=1470200575-00&ServiceCd=410&Type=search", "url2": "https:/www.care-active.jp" }, "geometry": { "type": "Point", "coordinates": [ 139.654103500000019, 35.4951885 ] } },
{ "type": "Feature", "properties": { "内容": "ライフアドバンスセノバよこはま【特定福祉用具販売】神奈川県横浜市神奈川区富家町7ﾊﾟｰｸﾎｰﾑｽﾞ東神奈川ｽﾃｰｼｮﾝｱﾘｰﾅ101", "url": "https://www.kaigokensaku.mhlw.go.jp/14/index.php?action_kouhyou_detail_004_kani=true&JigyosyoCd=1470201458-00&ServiceCd=410&Type=search", "url2": null }, "geometry": { "type": "Point", "coordinates": [ 139.6341590104565, 35.479936614496864 ] } },
{ "type": "Feature", "properties": { "内容": "エム・アップ　ケアサービス【特定福祉用具販売】神奈川県横浜市神奈川区西神奈川３－１７－７", "url": "https://www.kaigokensaku.mhlw.go.jp/14/index.php?action_kouhyou_detail_004_kani=true&JigyosyoCd=1470200765-00&ServiceCd=410&Type=search", "url2": "http://www.m-app.co.jp/" }, "geometry": { "type": "Point", "coordinates": [ 139.627326, 35.4854352 ] } },
{ "type": "Feature", "properties": { "内容": "パナソニックエイジフリーショップ東神奈川【特定福祉用具販売】神奈川県横浜市神奈川区広台太田町5-3ロワール横濱反町101", "url": "https://www.kaigokensaku.mhlw.go.jp/14/index.php?action_kouhyou_detail_004_kani=true&JigyosyoCd=1470203579-00&ServiceCd=410&Type=search", "url2": "https://sumai.panasonic.jp/agefree/map/detail.php?id=441" }, "geometry": { "type": "Point", "coordinates": [ 139.6281593, 35.477761 ] } },
{ "type": "Feature", "properties": { "内容": "まごころ介護サービスセンター【特定福祉用具販売】神奈川県横浜市西区戸部本町40－10　１階", "url": "https://www.kaigokensaku.mhlw.go.jp/14/index.php?action_kouhyou_detail_004_kani=true&JigyosyoCd=1470301126-00&ServiceCd=410&Type=search", "url2": "http://www.c-sweet.jp/" }, "geometry": { "type": "Point", "coordinates": [ 139.621254099999987, 35.4577089 ] } },
{ "type": "Feature", "properties": { "内容": "横浜市福祉サービス協会　福祉用具センター【特定福祉用具販売】神奈川県横浜市西区桜木町六丁目３１番地３階", "url": "https://www.kaigokensaku.mhlw.go.jp/14/index.php?action_kouhyou_detail_004_kani=true&JigyosyoCd=1470301068-00&ServiceCd=410&Type=search", "url2": "http://www.hama-wel.or.jp/branch/detail/fukushiyogu/" }, "geometry": { "type": "Point", "coordinates": [ 139.619193099999961, 35.4616279 ] } },
{ "type": "Feature", "properties": { "内容": "フランスベッド株式会社　メディカル横浜中央営業所【特定福祉用具販売】神奈川県横浜市西区浅間町5-384-13カンパニーレ横浜101号", "url": "https://www.kaigokensaku.mhlw.go.jp/14/index.php?action_kouhyou_detail_004_kani=true&JigyosyoCd=1470301506-00&ServiceCd=410&Type=search", "url2": null }, "geometry": { "type": "Point", "coordinates": [ 139.606047600000011, 35.4569757 ] } },
{ "type": "Feature", "properties": { "内容": "ＳＯＭＰＯケア　横浜　福祉用具【特定福祉用具販売】神奈川県横浜市西区浅間町4-338-2藤和シティコープ浅間町102号室", "url": "https://www.kaigokensaku.mhlw.go.jp/14/index.php?action_kouhyou_detail_004_kani=true&JigyosyoCd=1470301621-00&ServiceCd=410&Type=search", "url2": "https://www.sompocare.com" }, "geometry": { "type": "Point", "coordinates": [ 139.6074724, 35.4582922 ] } },
{ "type": "Feature", "properties": { "内容": "コハク【特定福祉用具販売】神奈川県横浜市中区長者町2-5-14セントラルビル702", "url": "https://www.kaigokensaku.mhlw.go.jp/14/index.php?action_kouhyou_detail_004_kani=true&JigyosyoCd=1470203355-00&ServiceCd=410&Type=search", "url2": null }, "geometry": { "type": "Point", "coordinates": [ 139.6087751, 35.4797005 ] } },
{ "type": "Feature", "properties": { "内容": "ホクゼン・アメニティ・サービス【特定福祉用具販売】神奈川県横浜市中区本牧ふ頭1番地１", "url": "https://www.kaigokensaku.mhlw.go.jp/14/index.php?action_kouhyou_detail_004_kani=true&JigyosyoCd=1470400191-00&ServiceCd=410&Type=search", "url2": "https://www.hokuzen.co.jp" }, "geometry": { "type": "Point", "coordinates": [ 139.678621311670014, 35.428413861121314 ] } },
{ "type": "Feature", "properties": { "内容": "在宅支援センター薫【特定福祉用具販売】神奈川県横浜市南区南太田2-1-55ルビーハイム101", "url": "https://www.kaigokensaku.mhlw.go.jp/14/index.php?action_kouhyou_detail_004_kani=true&JigyosyoCd=1470501766-00&ServiceCd=410&Type=search", "url2": "http://www.shouei-care.com" }, "geometry": { "type": "Point", "coordinates": [ 139.6112726, 35.4358865 ] } },
{ "type": "Feature", "properties": { "内容": "マザーライク福祉用具センター【特定福祉用具販売】神奈川県横浜市南区井土ヶ谷中町44-3ライオンズマンションワイドリバー井土ヶ谷102号", "url": "https://www.kaigokensaku.mhlw.go.jp/14/index.php?action_kouhyou_detail_004_kani=true&JigyosyoCd=1470503028-00&ServiceCd=410&Type=search", "url2": "http://www.motherlike.co.jp" }, "geometry": { "type": "Point", "coordinates": [ 139.603509600000052, 35.4308233 ] } },
{ "type": "Feature", "properties": { "内容": "株式会社フロンティア横浜営業所【特定福祉用具販売】神奈川県横浜市南区白妙町5-69アタックビル", "url": "https://www.kaigokensaku.mhlw.go.jp/14/index.php?action_kouhyou_detail_004_kani=true&JigyosyoCd=1470503234-00&ServiceCd=410&Type=search", "url2": "https://www.frontier-ph.com/main.cgi?c=5/3/3/2:13" }, "geometry": { "type": "Point", "coordinates": [ 139.623635632474247, 35.434671902694937 ] } },
{ "type": "Feature", "properties": { "内容": "アビリティーズ・ケアネット株式会社横浜営業所【特定福祉用具販売】神奈川県横浜市南区浦舟町３－４６浦舟複合福祉施設12階", "url": "https://www.kaigokensaku.mhlw.go.jp/14/index.php?action_kouhyou_detail_004_kani=true&JigyosyoCd=1473800058-00&ServiceCd=410&Type=search", "url2": "http://www.abilities.jp/" }, "geometry": { "type": "Point", "coordinates": [ 139.625907200000029, 35.4341535 ] } },
{ "type": "Feature", "properties": { "内容": "アズミメディケアサービス神奈川【特定福祉用具販売】神奈川県横浜市南区真金町1-7エスティハイム１階", "url": "https://www.kaigokensaku.mhlw.go.jp/14/index.php?action_kouhyou_detail_004_kani=true&JigyosyoCd=1460590067-00&ServiceCd=410&Type=search", "url2": null }, "geometry": { "type": "Point", "coordinates": [ 139.630761893254117, 35.436257205765649 ] } },
{ "type": "Feature", "properties": { "内容": "セントケアりまいん横浜【特定福祉用具販売】神奈川県横浜市南区永田東1-1-7アーバンフラット井土ヶ谷2F", "url": "https://www.kaigokensaku.mhlw.go.jp/14/index.php?action_kouhyou_detail_004_kani=true&JigyosyoCd=1470503390-00&ServiceCd=410&Type=search", "url2": "https://www.saint-care.com/center/4652/" }, "geometry": { "type": "Point", "coordinates": [ 139.6003322, 35.4341505 ] } },
{ "type": "Feature", "properties": { "内容": "ケアウェル横浜店【特定福祉用具販売】神奈川県横浜市南区大岡5-6-5マエザワ第二コーポ1階", "url": "https://www.kaigokensaku.mhlw.go.jp/14/index.php?action_kouhyou_detail_004_kani=true&JigyosyoCd=1470501659-00&ServiceCd=410&Type=search", "url2": "https://carewell.co.jp/office" }, "geometry": { "type": "Point", "coordinates": [ 139.598780136727527, 35.414877827442531 ] } },
{ "type": "Feature", "properties": { "内容": "ようぐや【特定福祉用具販売】神奈川県横浜市保土ヶ谷区西谷三丁目21番7号アバンテビル1階", "url": "https://www.kaigokensaku.mhlw.go.jp/14/index.php?action_kouhyou_detail_004_kani=true&JigyosyoCd=1470602218-00&ServiceCd=410&Type=search", "url2": "http://www.care01.syscrew.ne.jp/" }, "geometry": { "type": "Point", "coordinates": [ 139.568201247819303, 35.476907627693635 ] } },
{ "type": "Feature", "properties": { "内容": "フルライフ福祉用具ラボ【特定福祉用具販売】神奈川県横浜市保土ケ谷区岩井町1-7保土ヶ谷駅ビル6F", "url": "https://www.kaigokensaku.mhlw.go.jp/14/index.php?action_kouhyou_detail_004_kani=true&JigyosyoCd=1470501246-00&ServiceCd=410&Type=search", "url2": "https://www.fulllife.co.jp" }, "geometry": { "type": "Point", "coordinates": [ 139.599324087153974, 35.446902326205574 ] } },
{ "type": "Feature", "properties": { "内容": "あっぷる横浜【特定福祉用具販売】神奈川県横浜市保土ヶ谷区天王町2-45-51あっぷるビル2Ｆ", "url": "https://www.kaigokensaku.mhlw.go.jp/14/index.php?action_kouhyou_detail_004_kani=true&JigyosyoCd=1470601376-00&ServiceCd=410&Type=search", "url2": "http://www.apple-kaigo.co.jp" }, "geometry": { "type": "Point", "coordinates": [ 139.600759358721888, 35.453952153654619 ] } },
{ "type": "Feature", "properties": { "内容": "ハートケア　つくし【特定福祉用具販売】神奈川県横浜市磯子区広地町7-12", "url": "https://www.kaigokensaku.mhlw.go.jp/14/index.php?action_kouhyou_detail_004_kani=true&JigyosyoCd=1470701143-00&ServiceCd=410&Type=search", "url2": "https://kaigo-heart.wixsite.com/tukusiisogo" }, "geometry": { "type": "Point", "coordinates": [ 139.623174799999987, 35.4168722 ] } },
{ "type": "Feature", "properties": { "内容": "柴橋商会介護用品横浜磯子センター【特定福祉用具販売】神奈川県横浜市磯子区新磯子町1-4", "url": "https://www.kaigokensaku.mhlw.go.jp/14/index.php?action_kouhyou_detail_004_kani=true&JigyosyoCd=1470500271-00&ServiceCd=410&Type=search", "url2": "https://www.shibahashi.co.jp/service/service04/shop/" }, "geometry": { "type": "Point", "coordinates": [ 139.627039732861562, 35.409304746171031 ] } },
{ "type": "Feature", "properties": { "内容": "メディケアセンター横浜南【特定福祉用具販売】神奈川県横浜市磯子区洋光台1-12-1", "url": "https://www.kaigokensaku.mhlw.go.jp/14/index.php?action_kouhyou_detail_004_kani=true&JigyosyoCd=1473100517-00&ServiceCd=410&Type=search", "url2": "https://www.mc-tehart.com/base/mc-yokohamaminami/" }, "geometry": { "type": "Point", "coordinates": [ 139.600321081095103, 35.385726570836418 ] } },
{ "type": "Feature", "properties": { "内容": "社会福祉法人　横浜市福祉サービス協会　福祉用具センター磯子【特定福祉用具販売】神奈川県横浜市磯子区磯子3丁目3番21号磯子江戸徳ビル1階", "url": "https://www.kaigokensaku.mhlw.go.jp/14/index.php?action_kouhyou_detail_004_kani=true&JigyosyoCd=1470702307-00&ServiceCd=410&Type=search", "url2": "https://www.hama-wel.or.jp/" }, "geometry": { "type": "Point", "coordinates": [ 139.6197886, 35.4036189 ] } },
{ "type": "Feature", "properties": { "内容": "Y.APlanning【特定福祉用具販売】神奈川県横浜市金沢区並木２丁目６－１５０２", "url": "https://www.kaigokensaku.mhlw.go.jp/14/index.php?action_kouhyou_detail_004_kani=true&JigyosyoCd=1470802883-00&ServiceCd=410&Type=search", "url2": null }, "geometry": { "type": "Point", "coordinates": [ 139.6364001, 35.3656083 ] } },
{ "type": "Feature", "properties": { "内容": "株式会社　星医療酸器　横浜営業所【特定福祉用具販売】神奈川県横浜市金沢区福浦2-15-15", "url": "https://www.kaigokensaku.mhlw.go.jp/14/index.php?action_kouhyou_detail_004_kani=true&JigyosyoCd=1473500419-00&ServiceCd=410&Type=search", "url2": "http://www.hosi.co.jp/project/kaigomachine/" }, "geometry": { "type": "Point", "coordinates": [ 139.65472091296175, 35.348785730474859 ] } },
{ "type": "Feature", "properties": { "内容": "あうる福祉用具サービス【特定福祉用具販売】神奈川県横浜市金沢区六浦1-21-13レックスビル2階", "url": "https://www.kaigokensaku.mhlw.go.jp/14/index.php?action_kouhyou_detail_004_kani=true&JigyosyoCd=1470802842-00&ServiceCd=410&Type=search", "url2": null }, "geometry": { "type": "Point", "coordinates": [ 139.6199018, 35.3261515 ] } },
{ "type": "Feature", "properties": { "内容": "介護ネットプラザ【特定福祉用具販売】神奈川県横浜市金沢区泥亀2-7-3金沢文庫第一ハイツ", "url": "https://www.kaigokensaku.mhlw.go.jp/14/index.php?action_kouhyou_detail_004_kani=true&JigyosyoCd=1470800093-00&ServiceCd=410&Type=search", "url2": "https://www.kaigonet.biz" }, "geometry": { "type": "Point", "coordinates": [ 139.625810799999954, 35.3381335 ] } },
{ "type": "Feature", "properties": { "内容": "けいすいケアサービス【特定福祉用具販売】神奈川県横浜市金沢区泥亀2-13-1", "url": "https://www.kaigokensaku.mhlw.go.jp/14/index.php?action_kouhyou_detail_004_kani=true&JigyosyoCd=1470801471-00&ServiceCd=410&Type=search", "url2": "https://www.keisuikai.or.jp/houmon/tool/" }, "geometry": { "type": "Point", "coordinates": [ 139.626443160852091, 35.336735862122659 ] } },
{ "type": "Feature", "properties": { "内容": "株式会社トーカイ　横浜南支店【特定福祉用具販売】神奈川県横浜市金沢区福浦２丁目１１番６", "url": "https://www.kaigokensaku.mhlw.go.jp/14/index.php?action_kouhyou_detail_004_kani=true&JigyosyoCd=1471903953-00&ServiceCd=410&Type=search", "url2": "https://www.tokai-corp.com/silver/base_branch/base_branch-540/" }, "geometry": { "type": "Point", "coordinates": [ 139.652400100000023, 35.3487212 ] } },
{ "type": "Feature", "properties": { "内容": "LLT介護サ－ビスセンタ－【特定福祉用具販売】横浜市港北区新横浜2-7-20　NKY新横浜ビル7F", "url": "https://www.kaigokensaku.mhlw.go.jp/14/index.php?action_kouhyou_detail_004_kani=true&JigyosyoCd=1470900083-00&ServiceCd=410&Type=search", "url2": "http://www.llt.co.jp/" }, "geometry": { "type": "Point", "coordinates": [ 139.612977199999932, 35.5072884 ] } },
{ "type": "Feature", "properties": { "内容": "介護のお店　ふれあい【特定福祉用具販売】神奈川県横浜市港北区篠原東３丁目６番８号", "url": "https://www.kaigokensaku.mhlw.go.jp/14/index.php?action_kouhyou_detail_004_kani=true&JigyosyoCd=1470900141-00&ServiceCd=410&Type=search", "url2": "https://careport2011.com" }, "geometry": { "type": "Point", "coordinates": [ 139.629103, 35.501365 ] } },
{ "type": "Feature", "properties": { "内容": "ハウネス福祉センター【特定福祉用具販売】神奈川県横浜市港北区菊名３－２２－１５", "url": "https://www.kaigokensaku.mhlw.go.jp/14/index.php?action_kouhyou_detail_004_kani=true&JigyosyoCd=1470900109-00&ServiceCd=410&Type=search", "url2": "http://www.hawness.co.jp" }, "geometry": { "type": "Point", "coordinates": [ 139.633435800000029, 35.5088254 ] } },
{ "type": "Feature", "properties": { "内容": "日総ニフティ株式会社【特定福祉用具販売】神奈川県横浜市港北区新横浜１－４－１　日総工産新横浜ビル", "url": "https://www.kaigokensaku.mhlw.go.jp/14/index.php?action_kouhyou_detail_004_kani=true&JigyosyoCd=1470901016-00&ServiceCd=410&Type=search", "url2": "http://www.sweetpea.co.jp" }, "geometry": { "type": "Point", "coordinates": [ 139.611989, 35.5033971 ] } },
{ "type": "Feature", "properties": { "内容": "福祉クラブ生協介護生活用品店「らく・らっく」日吉【特定福祉用具販売】神奈川県横浜市港北区日吉５－２４－３３", "url": "https://www.kaigokensaku.mhlw.go.jp/14/index.php?action_kouhyou_detail_004_kani=true&JigyosyoCd=1470901826-00&ServiceCd=410&Type=search", "url2": "http://www.fukushi-club.net/" }, "geometry": { "type": "Point", "coordinates": [ 139.655814299999946, 35.548624 ] } },
{ "type": "Feature", "properties": { "内容": "横浜商工モビリティ株式会社【特定福祉用具販売】神奈川県横浜市港北区新羽町166番地", "url": "https://www.kaigokensaku.mhlw.go.jp/14/index.php?action_kouhyou_detail_004_kani=true&JigyosyoCd=1470903947-00&ServiceCd=410&Type=search", "url2": "https://y-dendocart.com/" }, "geometry": { "type": "Point", "coordinates": [ 139.610886197210476, 35.515784463010647 ] } },
{ "type": "Feature", "properties": { "内容": "はーとたいむ福祉用具サポート小机店【特定福祉用具販売】神奈川県横浜市港北区小机町292エステート雅102", "url": "https://www.kaigokensaku.mhlw.go.jp/14/index.php?action_kouhyou_detail_004_kani=true&JigyosyoCd=1470904283-00&ServiceCd=410&Type=search", "url2": "https://yutakasouan.sakura.ne.jp/wp/" }, "geometry": { "type": "Point", "coordinates": [ 139.5865154, 35.5064912 ] } },
{ "type": "Feature", "properties": { "内容": "パナソニックエイジフリーショップ横浜港北【特定福祉用具販売】神奈川県横浜市港北区新羽町949YYビル2階", "url": "https://www.kaigokensaku.mhlw.go.jp/14/index.php?action_kouhyou_detail_004_kani=true&JigyosyoCd=1470103407-00&ServiceCd=410&Type=search", "url2": null }, "geometry": { "type": "Point", "coordinates": [ 139.614223587215776, 35.525419027862554 ] } },
{ "type": "Feature", "properties": { "内容": "柴橋商会　介護用品新横浜営業所【特定福祉用具販売】神奈川県横浜市港北区新羽町716", "url": "https://www.kaigokensaku.mhlw.go.jp/14/index.php?action_kouhyou_detail_004_kani=true&JigyosyoCd=1470200070-00&ServiceCd=410&Type=search", "url2": "http://www.shibahashi.co.jp/" }, "geometry": { "type": "Point", "coordinates": [ 139.611329299999966, 35.5217821 ] } },
{ "type": "Feature", "properties": { "内容": "株式会社　ヤマシタ横浜港北営業所【特定福祉用具販売】神奈川県横浜市港北区新横浜3-24-11ユニオンビル4FB号室", "url": "https://www.kaigokensaku.mhlw.go.jp/14/index.php?action_kouhyou_detail_004_kani=true&JigyosyoCd=1470900117-00&ServiceCd=410&Type=search", "url2": "http://www.yco.co.jp/" }, "geometry": { "type": "Point", "coordinates": [ 139.620477699843377, 35.514410196304055 ] } },
{ "type": "Feature", "properties": { "内容": "介護・福祉ショップ　むつみあい【特定福祉用具販売】神奈川県横浜市港北区新横浜３－２－１", "url": "https://www.kaigokensaku.mhlw.go.jp/14/index.php?action_kouhyou_detail_004_kani=true&JigyosyoCd=1470900679-00&ServiceCd=410&Type=search", "url2": null }, "geometry": { "type": "Point", "coordinates": [ 139.6211674, 35.5105972 ] } },
{ "type": "Feature", "properties": { "内容": "フランスベッド株式会社メディカル横浜港北営業所【特定福祉用具販売】神奈川県横浜市港北区新吉田町3152MGSTUDIO71261階101", "url": "https://www.kaigokensaku.mhlw.go.jp/14/index.php?action_kouhyou_detail_004_kani=true&JigyosyoCd=1470902444-00&ServiceCd=410&Type=search", "url2": "http://www.francebed.co.jp/" }, "geometry": { "type": "Point", "coordinates": [ 139.60776, 35.5327421 ] } },
{ "type": "Feature", "properties": { "内容": "シルバーサポート横浜店【特定福祉用具販売】神奈川県横浜市港北区新羽町994-2", "url": "https://www.kaigokensaku.mhlw.go.jp/14/index.php?action_kouhyou_detail_004_kani=true&JigyosyoCd=1470901941-00&ServiceCd=410&Type=search", "url2": "https://www.ramico.co.jp/" }, "geometry": { "type": "Point", "coordinates": [ 139.6090269, 35.5199295 ] } },
{ "type": "Feature", "properties": { "内容": "メディケアセンター新横浜【特定福祉用具販売】神奈川県横浜市港北区新吉田東8-51-1", "url": "https://www.kaigokensaku.mhlw.go.jp/14/index.php?action_kouhyou_detail_004_kani=true&JigyosyoCd=1470901990-00&ServiceCd=410&Type=search", "url2": "https://www.mc-tehart.com/base/mc-shinyokohama/" }, "geometry": { "type": "Point", "coordinates": [ 139.6061277, 35.5040783 ] } },
{ "type": "Feature", "properties": { "内容": "港北ケアプラン福祉用具サービス【特定福祉用具販売】神奈川県横浜市港北区大倉山6-5-14", "url": "https://www.kaigokensaku.mhlw.go.jp/14/index.php?action_kouhyou_detail_004_kani=true&JigyosyoCd=1470903764-00&ServiceCd=410&Type=search", "url2": "http://www.k-careplan.co.jp" }, "geometry": { "type": "Point", "coordinates": [ 139.619596290843901, 35.528564715901183 ] } },
{ "type": "Feature", "properties": { "内容": "スマイル・イノベーション港北営業所【特定福祉用具販売】神奈川県横浜市港北区小机町2543-13サンドラビル2F", "url": "https://www.kaigokensaku.mhlw.go.jp/14/index.php?action_kouhyou_detail_004_kani=true&JigyosyoCd=1470904432-00&ServiceCd=410&Type=search", "url2": "https://www.perfect-rental.co.jp" }, "geometry": { "type": "Point", "coordinates": [ 139.600620899999967, 35.507799500000019 ] } },
{ "type": "Feature", "properties": { "内容": "ケアサポートすずもり【特定福祉用具販売】神奈川県横浜市戸塚区下倉田町190-4コーポ下倉田101", "url": "https://www.kaigokensaku.mhlw.go.jp/14/index.php?action_kouhyou_detail_004_kani=true&JigyosyoCd=1471004091-00&ServiceCd=410&Type=search", "url2": "https://www.suzumori.biz/sale.html" }, "geometry": { "type": "Point", "coordinates": [ 139.5372007, 35.3859437 ] } },
{ "type": "Feature", "properties": { "内容": "スイート福祉用具横浜【特定福祉用具販売】神奈川県横浜市戸塚区品濃町563-7", "url": "https://www.kaigokensaku.mhlw.go.jp/14/index.php?action_kouhyou_detail_004_kani=true&JigyosyoCd=1471004125-00&ServiceCd=410&Type=search", "url2": "https://newpartners-holdings.co.jp/holdings-overview/company" }, "geometry": { "type": "Point", "coordinates": [ 139.5607425, 35.4353709 ] } },
{ "type": "Feature", "properties": { "内容": "みんなの福祉用具【特定福祉用具販売】神奈川県横浜市戸塚区小雀町1465-16", "url": "https://www.kaigokensaku.mhlw.go.jp/14/index.php?action_kouhyou_detail_004_kani=true&JigyosyoCd=1470601996-00&ServiceCd=410&Type=search", "url2": "https://minnano-kango.jp/menkoi" }, "geometry": { "type": "Point", "coordinates": [ 139.520200896958926, 35.377165527404131 ] } },
{ "type": "Feature", "properties": { "内容": "ケア・フレンズ横浜【特定福祉用具販売】神奈川県横浜市戸塚区汲沢町60番地9", "url": "https://www.kaigokensaku.mhlw.go.jp/14/index.php?action_kouhyou_detail_004_kani=true&JigyosyoCd=1471001980-00&ServiceCd=410&Type=search", "url2": "https://www.nishiyokohama.or.jp/homecare/visit_kaigo/" }, "geometry": { "type": "Point", "coordinates": [ 139.514311499999963, 35.3847061 ] } },
{ "type": "Feature", "properties": { "内容": "福祉用具　こすずめの里【特定福祉用具販売】神奈川県横浜市戸塚区深谷町15-2ひだまり苑こすずめ深谷", "url": "https://www.kaigokensaku.mhlw.go.jp/14/index.php?action_kouhyou_detail_004_kani=true&JigyosyoCd=1471002855-00&ServiceCd=410&Type=search", "url2": "http://kosuzumenosato.sakura.ne.jp/index.html" }, "geometry": { "type": "Point", "coordinates": [ 139.497862391401696, 35.378684863343402 ] } },
{ "type": "Feature", "properties": { "内容": "スマイル・イノベーション戸塚営業所【特定福祉用具販売】神奈川県横浜市戸塚区平戸1-3-23", "url": "https://www.kaigokensaku.mhlw.go.jp/14/index.php?action_kouhyou_detail_004_kani=true&JigyosyoCd=1471003788-00&ServiceCd=410&Type=search", "url2": "https://www.perfect-rental.co.jp" }, "geometry": { "type": "Point", "coordinates": [ 139.5739757, 35.4294753 ] } },
{ "type": "Feature", "properties": { "内容": "クラーレ【特定福祉用具販売】神奈川県横浜市戸塚区戸塚町２８０７長久保荘店舗１０３号", "url": "https://www.kaigokensaku.mhlw.go.jp/14/index.php?action_kouhyou_detail_004_kani=true&JigyosyoCd=1470701069-00&ServiceCd=410&Type=search", "url2": null }, "geometry": { "type": "Point", "coordinates": [ 139.527163299999984, 35.3869031 ] } },
{ "type": "Feature", "properties": { "内容": "株式会社　イノベイションオブメディカルサービス横浜営業所【特定福祉用具販売】神奈川県横浜市戸塚区川上町464-15", "url": "https://www.kaigokensaku.mhlw.go.jp/14/index.php?action_kouhyou_detail_004_kani=true&JigyosyoCd=1471000867-00&ServiceCd=410&Type=search", "url2": "http://www.ims-inc.co.jp/" }, "geometry": { "type": "Point", "coordinates": [ 139.546367199999963, 35.4270673 ] } },
{ "type": "Feature", "properties": { "内容": "福祉用具　ふくすけ【特定福祉用具販売】神奈川県横浜市港南区日限山１丁目５８番４４102号", "url": "https://www.kaigokensaku.mhlw.go.jp/14/index.php?action_kouhyou_detail_004_kani=true&JigyosyoCd=1473103123-00&ServiceCd=410&Type=search", "url2": "https://happysmile-care.com" }, "geometry": { "type": "Point", "coordinates": [ 139.560185100000012, 35.4026162 ] } },
{ "type": "Feature", "properties": { "内容": "株式会社　ウィズ　京急上大岡店【特定福祉用具販売】神奈川県横浜市港南区上大岡西１－６－１京急百貨店７Ｆ", "url": "https://www.kaigokensaku.mhlw.go.jp/14/index.php?action_kouhyou_detail_004_kani=true&JigyosyoCd=1473101192-00&ServiceCd=410&Type=search", "url2": "http://www.hello-with.com/" }, "geometry": { "type": "Point", "coordinates": [ 139.596393799999987, 35.4085067 ] } },
{ "type": "Feature", "properties": { "内容": "ライフサポート　ヤマダ【特定福祉用具販売】神奈川県横浜市港南区上大岡西2-10-23", "url": "https://www.kaigokensaku.mhlw.go.jp/14/index.php?action_kouhyou_detail_004_kani=true&JigyosyoCd=1473101283-00&ServiceCd=410&Type=search", "url2": "https://yamada-juki.com/life.html" }, "geometry": { "type": "Point", "coordinates": [ 139.594258, 35.4057792 ] } },
{ "type": "Feature", "properties": { "内容": "株式会社フロンティア横浜南営業所【特定福祉用具販売】神奈川県横浜市港南区港南台2-8-8", "url": "https://www.kaigokensaku.mhlw.go.jp/14/index.php?action_kouhyou_detail_004_kani=true&JigyosyoCd=1473101960-00&ServiceCd=410&Type=search", "url2": "https://www.frontier-ph.com/main.cgi?c=5/3/3/2:5" }, "geometry": { "type": "Point", "coordinates": [ 139.580464900000038, 35.3781296 ] } },
{ "type": "Feature", "properties": { "内容": "株式会社イノベイションオブメディカルサービス港南営業所【特定福祉用具販売】神奈川県横浜市港南区港南台8-35-10", "url": "https://www.kaigokensaku.mhlw.go.jp/14/index.php?action_kouhyou_detail_004_kani=true&JigyosyoCd=1473102463-00&ServiceCd=410&Type=search", "url2": "http://www.ims-inc.co.jp/" }, "geometry": { "type": "Point", "coordinates": [ 139.592338899999959, 35.3686642 ] } },
{ "type": "Feature", "properties": { "内容": "株式会社ヤマシタ　横浜港南営業所【特定福祉用具販売】神奈川県横浜市港南区大久保2-8-23佐々木第2マンション1F", "url": "https://www.kaigokensaku.mhlw.go.jp/14/index.php?action_kouhyou_detail_004_kani=true&JigyosyoCd=1473102505-00&ServiceCd=410&Type=search", "url2": "https://www.yco.co.jp/homecare/area/yokohamakounan_of/" }, "geometry": { "type": "Point", "coordinates": [ 139.588506100000018, 35.4077011 ] } },
{ "type": "Feature", "properties": { "内容": "和光ピュアライト【特定福祉用具販売】神奈川県横浜市港南区丸山台二丁目２番６号", "url": "https://www.kaigokensaku.mhlw.go.jp/14/index.php?action_kouhyou_detail_004_kani=true&JigyosyoCd=1473100525-00&ServiceCd=410&Type=search", "url2": "http://wako-pl.com" }, "geometry": { "type": "Point", "coordinates": [ 139.571976800000016, 35.399452 ] } },
{ "type": "Feature", "properties": { "内容": "ダスキンヘルスレント港南ステーション【特定福祉用具販売】神奈川県横浜市港南区下永谷３－７２－８", "url": "https://www.kaigokensaku.mhlw.go.jp/14/index.php?action_kouhyou_detail_004_kani=true&JigyosyoCd=1473101184-00&ServiceCd=410&Type=search", "url2": "https://healthrent.duskin.jp/station/kanagawa/konan.html" }, "geometry": { "type": "Point", "coordinates": [ 139.559916700000031, 35.4057595 ] } },
{ "type": "Feature", "properties": { "内容": "フランスベッド株式会社メディカル横浜営業所【特定福祉用具販売】神奈川県横浜市港南区上大岡東2-46-12YKTビル1階", "url": "https://www.kaigokensaku.mhlw.go.jp/14/index.php?action_kouhyou_detail_004_kani=true&JigyosyoCd=1473101424-00&ServiceCd=410&Type=search", "url2": "https://www.francebed.co.jp/" }, "geometry": { "type": "Point", "coordinates": [ 139.598657399999979, 35.4025908 ] } },
{ "type": "Feature", "properties": { "内容": "スノーケア旭【特定福祉用具販売】神奈川県横浜市旭区鶴ヶ峰本町1-47-6", "url": "https://www.kaigokensaku.mhlw.go.jp/14/index.php?action_kouhyou_detail_004_kani=true&JigyosyoCd=1473203550-00&ServiceCd=410&Type=search", "url2": null }, "geometry": { "type": "Point", "coordinates": [ 139.5404609, 35.4783753 ] } },
{ "type": "Feature", "properties": { "内容": "はまリハ福祉用具ヘルスケアサポート【特定福祉用具販売】神奈川県横浜市旭区若葉台3-6-2", "url": "https://www.kaigokensaku.mhlw.go.jp/14/index.php?action_kouhyou_detail_004_kani=true&JigyosyoCd=1473203881-00&ServiceCd=410&Type=search", "url2": "https://hama-reha.co.jp" }, "geometry": { "type": "Point", "coordinates": [ 139.470754, 35.6254909 ] } },
{ "type": "Feature", "properties": { "内容": "saiwai福祉用具【特定福祉用具販売】神奈川県横浜市旭区南本宿町146-17", "url": "https://www.kaigokensaku.mhlw.go.jp/14/index.php?action_kouhyou_detail_004_kani=true&JigyosyoCd=1473203923-00&ServiceCd=410&Type=search", "url2": "https://hakuyuu2020.com" }, "geometry": { "type": "Point", "coordinates": [ 139.542588599999988, 35.4556088 ] } },
{ "type": "Feature", "properties": { "内容": "フランスベッド株式会社メディカル横浜旭営業所【特定福祉用具販売】神奈川県横浜市旭区鶴ヶ峰１－４－２１ボンボヤージ2010102号室", "url": "https://www.kaigokensaku.mhlw.go.jp/14/index.php?action_kouhyou_detail_004_kani=true&JigyosyoCd=1473201935-00&ServiceCd=410&Type=search", "url2": "https://www.francebed.co.jp/company/office_medical.html" }, "geometry": { "type": "Point", "coordinates": [ 139.545141899999976, 35.4750947 ] } },
{ "type": "Feature", "properties": { "内容": "株式会社ヤマシタ横浜旭営業所【特定福祉用具販売】神奈川県横浜市旭区二俣川二丁目85番地1二俣川ビル401号", "url": "https://www.kaigokensaku.mhlw.go.jp/14/index.php?action_kouhyou_detail_004_kani=true&JigyosyoCd=1473203311-00&ServiceCd=410&Type=search", "url2": "https://www.yco.co.jp/homecare/area/yokohamaasahi/" }, "geometry": { "type": "Point", "coordinates": [ 139.533271, 35.459046599999986 ] } },
{ "type": "Feature", "properties": { "内容": "まるケアサービス【特定福祉用具販売】神奈川県横浜市旭区金が谷735-6", "url": "https://www.kaigokensaku.mhlw.go.jp/14/index.php?action_kouhyou_detail_004_kani=true&JigyosyoCd=1473204012-00&ServiceCd=410&Type=search", "url2": "https://www.asahi-makeup.com/" }, "geometry": { "type": "Point", "coordinates": [ 139.5104882, 35.4760216 ] } },
{ "type": "Feature", "properties": { "内容": "福祉クラブ生協　介護生活用品店「らく・らっく」【特定福祉用具販売】横浜市緑区中山町３１４－８　ルミエール中山１階", "url": "https://www.kaigokensaku.mhlw.go.jp/14/index.php?action_kouhyou_detail_004_kani=true&JigyosyoCd=1473300273-00&ServiceCd=410&Type=search", "url2": null }, "geometry": { "type": "Point", "coordinates": [ 139.543065699999943, 35.5168305 ] } },
{ "type": "Feature", "properties": { "内容": "愛コムネット【特定福祉用具販売】神奈川県横浜市緑区中山一丁目7番16号", "url": "https://www.kaigokensaku.mhlw.go.jp/14/index.php?action_kouhyou_detail_004_kani=true&JigyosyoCd=1473300299-00&ServiceCd=410&Type=search", "url2": "http://www.rokumeikan-icomnet.com" }, "geometry": { "type": "Point", "coordinates": [ 139.541871679217024, 35.514812078043761 ] } },
{ "type": "Feature", "properties": { "内容": "ビルド　介護用品サービス【特定福祉用具販売】神奈川県横浜市緑区上山1-14-11", "url": "https://www.kaigokensaku.mhlw.go.jp/14/index.php?action_kouhyou_detail_004_kani=true&JigyosyoCd=1473302220-00&ServiceCd=410&Type=search", "url2": "https://www.bild.co.jp" }, "geometry": { "type": "Point", "coordinates": [ 139.549268500000068, 35.5095017 ] } },
{ "type": "Feature", "properties": { "内容": "ミライズケア【特定福祉用具販売】神奈川県横浜市緑区いぶき野26番地12", "url": "https://www.kaigokensaku.mhlw.go.jp/14/index.php?action_kouhyou_detail_004_kani=true&JigyosyoCd=1473303046-00&ServiceCd=410&Type=search", "url2": null }, "geometry": { "type": "Point", "coordinates": [ 139.5062423, 35.5278931 ] } },
{ "type": "Feature", "properties": { "内容": "介護ショップオハナ　中山店【特定福祉用具販売】神奈川県横浜市緑区台村町205-12中山Y’ｓ1Ｆ", "url": "https://www.kaigokensaku.mhlw.go.jp/14/index.php?action_kouhyou_detail_004_kani=true&JigyosyoCd=1473303079-00&ServiceCd=410&Type=search", "url2": "https://cosmoworks.jp/" }, "geometry": { "type": "Point", "coordinates": [ 139.537142499999987, 35.5151071 ] } },
{ "type": "Feature", "properties": { "内容": "株式会社　ハーツエイコー【特定福祉用具販売】神奈川県横浜市緑区長津田町３１７９", "url": "https://www.kaigokensaku.mhlw.go.jp/14/index.php?action_kouhyou_detail_004_kani=true&JigyosyoCd=1473300083-00&ServiceCd=410&Type=search", "url2": "http://www.hearts-eiko.co.jp" }, "geometry": { "type": "Point", "coordinates": [ 139.494161, 35.5260711 ] } },
{ "type": "Feature", "properties": { "内容": "株式会社トーカイ　横浜支店【特定福祉用具販売】神奈川県横浜市緑区上山２－２５－２５", "url": "https://www.kaigokensaku.mhlw.go.jp/14/index.php?action_kouhyou_detail_004_kani=true&JigyosyoCd=1473300125-00&ServiceCd=410&Type=search", "url2": "https://www.tokai-corp.com/silver/base_branch/base_branch-541/" }, "geometry": { "type": "Point", "coordinates": [ 139.5504767, 35.5084907 ] } },
{ "type": "Feature", "properties": { "内容": "高住研キヨタ株式会社横浜店【特定福祉用具販売】神奈川県横浜市緑区いぶき野1-21", "url": "https://www.kaigokensaku.mhlw.go.jp/14/index.php?action_kouhyou_detail_004_kani=true&JigyosyoCd=1473300414-00&ServiceCd=410&Type=search", "url2": "http://www.kojukenkiyota.com" }, "geometry": { "type": "Point", "coordinates": [ 139.5010079, 35.528941 ] } },
{ "type": "Feature", "properties": { "内容": "あいばなケアサポート【特定福祉用具販売】神奈川県横浜市緑区十日市場町1864-1", "url": "https://www.kaigokensaku.mhlw.go.jp/14/index.php?action_kouhyou_detail_004_kani=true&JigyosyoCd=1473302915-00&ServiceCd=410&Type=search", "url2": "https://www.aibana.jp" }, "geometry": { "type": "Point", "coordinates": [ 139.505989199999988, 35.5203869 ] } },
{ "type": "Feature", "properties": { "内容": "センシズケアワークス【特定福祉用具販売】横浜市瀬谷区上瀬谷町27-7I-103", "url": "https://www.kaigokensaku.mhlw.go.jp/14/index.php?action_kouhyou_detail_004_kani=true&JigyosyoCd=1473400719-00&ServiceCd=410&Type=search", "url2": null }, "geometry": { "type": "Point", "coordinates": [ 139.474375900000013, 35.4913068 ] } },
{ "type": "Feature", "properties": { "内容": "シンセリティーサービス株式会社　瀬谷営業所【特定福祉用具販売】神奈川県横浜市瀬谷区二ツ橋町198番地瀬戸ビル101号", "url": "https://www.kaigokensaku.mhlw.go.jp/14/index.php?action_kouhyou_detail_004_kani=true&JigyosyoCd=1473401816-00&ServiceCd=410&Type=search", "url2": "http://sincerity-service.co.jp" }, "geometry": { "type": "Point", "coordinates": [ 139.4987061, 35.4668115 ] } },
{ "type": "Feature", "properties": { "内容": "ダスキンヘルスレント横浜西ステーション【特定福祉用具販売】神奈川県横浜市瀬谷区南台１－３９－２", "url": "https://www.kaigokensaku.mhlw.go.jp/14/index.php?action_kouhyou_detail_004_kani=true&JigyosyoCd=1473202651-00&ServiceCd=410&Type=search", "url2": "http://healthrent.duskin.jp/" }, "geometry": { "type": "Point", "coordinates": [ 139.489724347679811, 35.465750237571704 ] } },
{ "type": "Feature", "properties": { "内容": "イーライフ株式会社横浜営業所【特定福祉用具販売】神奈川県横浜市瀬谷区三ツ境2-1相鉄三ツ境ビルB棟", "url": "https://www.kaigokensaku.mhlw.go.jp/14/index.php?action_kouhyou_detail_004_kani=true&JigyosyoCd=1473401584-00&ServiceCd=410&Type=search", "url2": "http://e-lifecare.com/" }, "geometry": { "type": "Point", "coordinates": [ 139.503388299999983, 35.468371 ] } },
{ "type": "Feature", "properties": { "内容": "株式会社ニッショウ　横浜栄営業所【特定福祉用具販売】神奈川県横浜市栄区小菅ヶ谷1-18-22輝ビルⅡ1-A", "url": "https://www.kaigokensaku.mhlw.go.jp/14/index.php?action_kouhyou_detail_004_kani=true&JigyosyoCd=1473501847-00&ServiceCd=410&Type=search", "url2": "https://www.nissho-inc.com/" }, "geometry": { "type": "Point", "coordinates": [ 139.545780900000011, 35.3653502 ] } },
{ "type": "Feature", "properties": { "内容": "福祉用具さなか【特定福祉用具販売】神奈川県横浜市栄区飯島町2180須藤ハイツ102", "url": "https://www.kaigokensaku.mhlw.go.jp/14/index.php?action_kouhyou_detail_004_kani=true&JigyosyoCd=1473501805-00&ServiceCd=410&Type=search", "url2": "https://www.sanaka2023.com/" }, "geometry": { "type": "Point", "coordinates": [ 139.5418622, 35.3705443 ] } },
{ "type": "Feature", "properties": { "内容": "たすけあい泉福祉用具貸与事業所【特定福祉用具販売】横浜市泉区中田南３－２４－９", "url": "https://www.kaigokensaku.mhlw.go.jp/14/index.php?action_kouhyou_detail_004_kani=true&JigyosyoCd=1473600730-00&ServiceCd=410&Type=search", "url2": "http://www3.ocn.ne.jp/~t-izumi/" }, "geometry": { "type": "Point", "coordinates": [ 139.508998100000014, 35.4078667 ] } },
{ "type": "Feature", "properties": { "内容": "コネクトオール【特定福祉用具販売】神奈川県横浜市泉区和泉町6407-4", "url": "https://www.kaigokensaku.mhlw.go.jp/14/index.php?action_kouhyou_detail_004_kani=true&JigyosyoCd=1473602082-00&ServiceCd=410&Type=search", "url2": null }, "geometry": { "type": "Point", "coordinates": [ 139.489911, 35.4275115 ] } },
{ "type": "Feature", "properties": { "内容": "リョーコーホーム株式会社【特定福祉用具販売】横浜市泉区和泉中央南3丁目1-6", "url": "https://www.kaigokensaku.mhlw.go.jp/14/index.php?action_kouhyou_detail_004_kani=true&JigyosyoCd=1473600193-00&ServiceCd=410&Type=search", "url2": "http://www.ryokohome.co.jp" }, "geometry": { "type": "Point", "coordinates": [ 139.49306619999993, 35.4326137 ] } },
{ "type": "Feature", "properties": { "内容": "ケアセンター　メヌエット【特定福祉用具販売】神奈川県横浜市泉区緑園２－７－１１", "url": "https://www.kaigokensaku.mhlw.go.jp/14/index.php?action_kouhyou_detail_004_kani=true&JigyosyoCd=1473600631-00&ServiceCd=410&Type=search", "url2": "https://24old.crayonsite.innfo" }, "geometry": { "type": "Point", "coordinates": [ 139.5188321, 35.4381068 ] } },
{ "type": "Feature", "properties": { "内容": "愛福祉用具サービス泉【特定福祉用具販売】神奈川県横浜市泉区和泉町7413-7", "url": "https://www.kaigokensaku.mhlw.go.jp/14/index.php?action_kouhyou_detail_004_kani=true&JigyosyoCd=1473602710-00&ServiceCd=410&Type=search", "url2": "https://ai-station.info" }, "geometry": { "type": "Point", "coordinates": [ 139.486946, 35.4401776 ] } },
{ "type": "Feature", "properties": { "内容": "ひとはな　福祉用具【特定福祉用具販売】神奈川県横浜市泉区弥生台26-4弥生台中丸ビル202号", "url": "https://www.kaigokensaku.mhlw.go.jp/14/index.php?action_kouhyou_detail_004_kani=true&JigyosyoCd=1473401469-00&ServiceCd=410&Type=search", "url2": "https://www.hitohana.co.jp/" }, "geometry": { "type": "Point", "coordinates": [ 139.506981992843549, 35.427515234518815 ] } },
{ "type": "Feature", "properties": { "内容": "パナソニックエイジフリーショップ横浜いずみ【特定福祉用具販売】神奈川県横浜市泉区上飯田町949-2ヒルスミキいずみ中央1階", "url": "https://www.kaigokensaku.mhlw.go.jp/14/index.php?action_kouhyou_detail_004_kani=true&JigyosyoCd=1473602116-00&ServiceCd=410&Type=search", "url2": "http://sumai.panasonic.jp/agefree/shop/search/shop_detail.php?shop=917" }, "geometry": { "type": "Point", "coordinates": [ 139.482908815274897, 35.417053851852451 ] } },
{ "type": "Feature", "properties": { "内容": "けやきサポート横浜【特定福祉用具販売】神奈川県横浜市泉区新橋町209-1", "url": "https://www.kaigokensaku.mhlw.go.jp/14/index.php?action_kouhyou_detail_004_kani=true&JigyosyoCd=1473602371-00&ServiceCd=410&Type=search", "url2": "https://www.keyakilife201611est.com" }, "geometry": { "type": "Point", "coordinates": [ 139.512636164418041, 35.427272869660165 ] } },
{ "type": "Feature", "properties": { "内容": "セントケア　りまいん　横浜泉【特定福祉用具販売】神奈川県横浜市泉区和泉中央南4-1-1ストリームプラザ3F-A", "url": "https://www.kaigokensaku.mhlw.go.jp/14/index.php?action_kouhyou_detail_004_kani=true&JigyosyoCd=1473602587-00&ServiceCd=410&Type=search", "url2": "https://www.saint-care.com/center/4654/" }, "geometry": { "type": "Point", "coordinates": [ 139.488121299999989, 35.4165805 ] } },
{ "type": "Feature", "properties": { "内容": "柴橋商会　介護用品横浜いずみ営業所【特定福祉用具販売】神奈川県横浜市泉区和泉中央南5-2-3", "url": "https://www.kaigokensaku.mhlw.go.jp/14/index.php?action_kouhyou_detail_004_kani=true&JigyosyoCd=1473602595-00&ServiceCd=410&Type=search", "url2": "https://www.shibahashi.co.jp/" }, "geometry": { "type": "Point", "coordinates": [ 139.4861928, 35.416644 ] } },
{ "type": "Feature", "properties": { "内容": "福祉プラザあいしま福祉用具事業所【特定福祉用具販売】神奈川県横浜市泉区上飯田町2196-1", "url": "https://www.kaigokensaku.mhlw.go.jp/14/index.php?action_kouhyou_detail_004_kani=true&JigyosyoCd=1473601696-00&ServiceCd=410&Type=search", "url2": "https://www.aishima.co.jp/shisetsu/sales/plaza.html" }, "geometry": { "type": "Point", "coordinates": [ 139.481065627487538, 35.426846047089875 ] } },
{ "type": "Feature", "properties": { "内容": "ヘルパーステーション　青葉ひまわり【特定福祉用具販売】神奈川県横浜市青葉区美しが丘西2-3-2", "url": "https://www.kaigokensaku.mhlw.go.jp/14/index.php?action_kouhyou_detail_004_kani=true&JigyosyoCd=1473700928-00&ServiceCd=410&Type=search", "url2": "http://www.humancarenet.com/index.html" }, "geometry": { "type": "Point", "coordinates": [ 139.535711799999945, 35.5883442 ] } },
{ "type": "Feature", "properties": { "内容": "福祉用具　バード【特定福祉用具販売】神奈川県横浜市青葉区松風台48番地16", "url": "https://www.kaigokensaku.mhlw.go.jp/14/index.php?action_kouhyou_detail_004_kani=true&JigyosyoCd=1473703195-00&ServiceCd=410&Type=search", "url2": "http://www.bear-olive.co.jp/" }, "geometry": { "type": "Point", "coordinates": [ 139.508180591540508, 35.547874090859885 ] } },
{ "type": "Feature", "properties": { "内容": "コープケアサポートセンター　青葉【特定福祉用具販売】神奈川県横浜市青葉区荏田西２－１４－３ハーモス荏田２階", "url": "https://www.kaigokensaku.mhlw.go.jp/14/index.php?action_kouhyou_detail_004_kani=true&JigyosyoCd=1473700134-00&ServiceCd=410&Type=search", "url2": "http://www.ucoop.or.jp/fukushi/" }, "geometry": { "type": "Point", "coordinates": [ 139.55437029999996, 35.5554795 ] } },
{ "type": "Feature", "properties": { "内容": "株式会社グッドアス【特定福祉用具販売】神奈川県横浜市青葉区荏田北３－１－６江田スクエアビル３階", "url": "https://www.kaigokensaku.mhlw.go.jp/14/index.php?action_kouhyou_detail_004_kani=true&JigyosyoCd=1473702072-00&ServiceCd=410&Type=search", "url2": "http://www.good-asu.co.jp" }, "geometry": { "type": "Point", "coordinates": [ 139.550867599999947, 35.5599067 ] } },
{ "type": "Feature", "properties": { "内容": "パナソニックエイジフリーショップ藤が丘【特定福祉用具販売】神奈川県横浜市青葉区市ヶ尾町1050-2エステーム市ヶ尾1階", "url": "https://www.kaigokensaku.mhlw.go.jp/14/index.php?action_kouhyou_detail_004_kani=true&JigyosyoCd=1473703492-00&ServiceCd=410&Type=search", "url2": "https://sumai.panasonic.jp/agefree/map/detail.php?id=171" }, "geometry": { "type": "Point", "coordinates": [ 139.5415577, 35.5466277 ] } },
{ "type": "Feature", "properties": { "内容": "イーライフ株式会社　横浜青葉営業所【特定福祉用具販売】神奈川県横浜市青葉区荏田町430-11大仲ビル202", "url": "https://www.kaigokensaku.mhlw.go.jp/14/index.php?action_kouhyou_detail_004_kani=true&JigyosyoCd=1473703997-00&ServiceCd=410&Type=search", "url2": "http://e-lifecare.com/" }, "geometry": { "type": "Point", "coordinates": [ 139.561205800000039, 35.5597276 ] } },
{ "type": "Feature", "properties": { "内容": "株式会社　ハンドベル・ケア横浜営業所【特定福祉用具販売】神奈川県横浜市青葉区つつじが丘1-7パークサイド佐藤101", "url": "https://www.kaigokensaku.mhlw.go.jp/14/index.php?action_kouhyou_detail_004_kani=true&JigyosyoCd=1473200713-00&ServiceCd=410&Type=search", "url2": "http://www.handbell-care.com" }, "geometry": { "type": "Point", "coordinates": [ 139.520159599999943, 35.5421168 ] } },
{ "type": "Feature", "properties": { "内容": "フランスベッド株式会社メディカル青葉営業所【特定福祉用具販売】神奈川県横浜市青葉区つつじが丘１－１２ベル青葉台１階", "url": "https://www.kaigokensaku.mhlw.go.jp/14/index.php?action_kouhyou_detail_004_kani=true&JigyosyoCd=1473701892-00&ServiceCd=410&Type=search", "url2": "http://www.francebed.co.jp/" }, "geometry": { "type": "Point", "coordinates": [ 139.518954099999974, 35.5413251 ] } },
{ "type": "Feature", "properties": { "内容": "メディケアセンター横浜青葉【特定福祉用具販売】神奈川県横浜市青葉区しらとり台57-8", "url": "https://www.kaigokensaku.mhlw.go.jp/14/index.php?action_kouhyou_detail_004_kani=true&JigyosyoCd=1473703971-00&ServiceCd=410&Type=search", "url2": "http://www.mc-tehart.com/" }, "geometry": { "type": "Point", "coordinates": [ 139.512846299999978, 35.5325199 ] } },
{ "type": "Feature", "properties": { "内容": "福祉事業部トイフリー【特定福祉用具販売】神奈川県横浜市都筑区茅ヶ崎南3-1-31", "url": "https://www.kaigokensaku.mhlw.go.jp/14/index.php?action_kouhyou_detail_004_kani=true&JigyosyoCd=1473802757-00&ServiceCd=410&Type=search", "url2": "https://yokohama-homebuild.com/" }, "geometry": { "type": "Point", "coordinates": [ 139.5755193, 35.5392722 ] } },
{ "type": "Feature", "properties": { "内容": "介護ショップオハナ【特定福祉用具販売】神奈川県横浜市都筑区中川1-5-17ヒルズ岡本103号", "url": "https://www.kaigokensaku.mhlw.go.jp/14/index.php?action_kouhyou_detail_004_kani=true&JigyosyoCd=1473802369-00&ServiceCd=410&Type=search", "url2": "http://cosmoworks.jp/" }, "geometry": { "type": "Point", "coordinates": [ 139.568813200000022, 35.5626732 ] } },
{ "type": "Feature", "properties": { "内容": "ダスキンヘルスレント横浜北ステーション【特定福祉用具販売】神奈川県横浜市都筑区大熊町145-1", "url": "https://www.kaigokensaku.mhlw.go.jp/14/index.php?action_kouhyou_detail_004_kani=true&JigyosyoCd=1470202399-00&ServiceCd=410&Type=search", "url2": "http://healthrent.duskin.jp/station/kanagawa.html" }, "geometry": { "type": "Point", "coordinates": [ 139.602660900000046, 35.522387500000015 ] } },
{ "type": "Feature", "properties": { "内容": "ホームケア横浜【特定福祉用具販売】神奈川県横浜市都筑区茅ヶ崎中央40番3グランクレールセンター南3階", "url": "https://www.kaigokensaku.mhlw.go.jp/14/index.php?action_kouhyou_detail_004_kani=true&JigyosyoCd=1473702171-00&ServiceCd=410&Type=search", "url2": "http://www.e-life-design.co.jp/homecare/" }, "geometry": { "type": "Point", "coordinates": [ 139.572099500000036, 35.5472475 ] } },
{ "type": "Feature", "properties": { "内容": "三和レンタル株式会社【特定福祉用具販売】神奈川県横浜市都筑区川和町２４９４－６", "url": "https://www.kaigokensaku.mhlw.go.jp/14/index.php?action_kouhyou_detail_004_kani=true&JigyosyoCd=1473800439-00&ServiceCd=410&Type=search", "url2": "http://www.e-srk.co.jp/" }, "geometry": { "type": "Point", "coordinates": [ 139.54565219999995, 35.5348098 ] } },
{ "type": "Feature", "properties": { "内容": "株式会社フロンティア横浜北営業所【特定福祉用具販売】神奈川県横浜市都筑区東山田4-45-27和田ビルA", "url": "https://www.kaigokensaku.mhlw.go.jp/14/index.php?action_kouhyou_detail_004_kani=true&JigyosyoCd=1473801833-00&ServiceCd=410&Type=search", "url2": "https://www.frontier-ph.com/main.cgi" }, "geometry": { "type": "Point", "coordinates": [ 139.60937, 35.5637205 ] } },
{ "type": "Feature", "properties": { "内容": "アスケア福祉用具センター横浜【特定福祉用具販売】神奈川県横浜市都筑区佐江戸町1707-1根岸貸倉庫・事務所101", "url": "https://www.kaigokensaku.mhlw.go.jp/14/index.php?action_kouhyou_detail_004_kani=true&JigyosyoCd=1473802005-00&ServiceCd=410&Type=search", "url2": "https://www.as-care.co.jp/" }, "geometry": { "type": "Point", "coordinates": [ 139.5688864, 35.5170984 ] } },
{ "type": "Feature", "properties": { "内容": "NEXTFLOW福祉用具【特定福祉用具販売】神奈川県横浜市都筑区仲町台1-2-20フロンティアビル304号室", "url": "https://www.kaigokensaku.mhlw.go.jp/14/index.php?action_kouhyou_detail_004_kani=true&JigyosyoCd=1473802849-00&ServiceCd=410&Type=search", "url2": "https://next-flow.jp/" }, "geometry": { "type": "Point", "coordinates": [ 139.5892117, 35.534999 ] } },
{ "type": "Feature", "properties": { "内容": "タカノ株式会社　横浜営業所【特定福祉用具販売】神奈川県横浜市都筑区川和町６３９", "url": "https://www.kaigokensaku.mhlw.go.jp/14/index.php?action_kouhyou_detail_004_kani=true&JigyosyoCd=1473800546-00&ServiceCd=410&Type=search", "url2": "https://www.takano-hw.com/heartworks/shop/" }, "geometry": { "type": "Point", "coordinates": [ 139.551671303704779, 35.523795234497314 ] } },
{ "type": "Feature", "properties": { "内容": "ゴーオン株式会社【特定福祉用具販売】神奈川県横浜市都筑区勝田南2-18-8中屋ビル3階", "url": "https://www.kaigokensaku.mhlw.go.jp/14/index.php?action_kouhyou_detail_004_kani=true&JigyosyoCd=1473801684-00&ServiceCd=410&Type=search", "url2": "https://go-on-co.jp" }, "geometry": { "type": "Point", "coordinates": [ 139.589727115344147, 35.539703520096204 ] } },
{ "type": "Feature", "properties": { "内容": "スマイルマシーンズ【特定福祉用具販売】神奈川県川崎市川崎区池上新町２－４－８", "url": "https://www.kaigokensaku.mhlw.go.jp/14/index.php?action_kouhyou_detail_004_kani=true&JigyosyoCd=1475002539-00&ServiceCd=410&Type=search", "url2": null }, "geometry": { "type": "Point", "coordinates": [ 139.728035200000022, 35.5245927 ] } },
{ "type": "Feature", "properties": { "内容": "介護ケアコムキャスト【特定福祉用具販売】神奈川県川崎市川崎区砂子2丁目11-20加瀬ビル133-502", "url": "https://www.kaigokensaku.mhlw.go.jp/14/index.php?action_kouhyou_detail_004_kani=true&JigyosyoCd=1475004618-00&ServiceCd=410&Type=search", "url2": "https://www.comcastcare.shop/" }, "geometry": { "type": "Point", "coordinates": [ 139.7017339, 35.5298578 ] } },
{ "type": "Feature", "properties": { "内容": "旭日アメニティショップ【特定福祉用具販売】神奈川県川崎市川崎区大師駅前１－４－４大師レジデンス2F", "url": "https://www.kaigokensaku.mhlw.go.jp/14/index.php?action_kouhyou_detail_004_kani=true&JigyosyoCd=1475001267-00&ServiceCd=410&Type=search", "url2": null }, "geometry": { "type": "Point", "coordinates": [ 139.725627, 35.5347594 ] } },
{ "type": "Feature", "properties": { "内容": "メルシー・ダイキ川崎営業所【特定福祉用具販売】神奈川県川崎市川崎区境町7−10イナヤハイム1階", "url": "https://www.kaigokensaku.mhlw.go.jp/14/index.php?action_kouhyou_detail_004_kani=true&JigyosyoCd=1475003982-00&ServiceCd=410&Type=search", "url2": "http://www.mercidaiki.com" }, "geometry": { "type": "Point", "coordinates": [ 139.708819400000039, 35.5258805 ] } },
{ "type": "Feature", "properties": { "内容": "シルバーはあと川崎【特定福祉用具販売】神奈川県川崎市川崎区東田町8パレール川崎イエロー館　3F", "url": "https://www.kaigokensaku.mhlw.go.jp/14/index.php?action_kouhyou_detail_004_kani=true&JigyosyoCd=1475004725-00&ServiceCd=410&Type=search", "url2": "https://www.silver-heart.jp/" }, "geometry": { "type": "Point", "coordinates": [ 139.703673955155949, 35.529490777183931 ] } },
{ "type": "Feature", "properties": { "内容": "柴橋商会　介護用品川崎営業所【特定福祉用具販売】神奈川県川崎市川崎区江川1-9-11霧島ビル2Ｆ", "url": "https://www.kaigokensaku.mhlw.go.jp/14/index.php?action_kouhyou_detail_004_kani=true&JigyosyoCd=1475000798-00&ServiceCd=410&Type=search", "url2": "http://www.shibahashi.co.jp/kaigo/" }, "geometry": { "type": "Point", "coordinates": [ 139.745559837429369, 35.536832087506113 ] } },
{ "type": "Feature", "properties": { "内容": "福祉用具健楽【特定福祉用具販売】神奈川県川崎市川崎区桜本１－１４－２　１F", "url": "https://www.kaigokensaku.mhlw.go.jp/14/index.php?action_kouhyou_detail_004_kani=true&JigyosyoCd=1475004766-00&ServiceCd=410&Type=search", "url2": null }, "geometry": { "type": "Point", "coordinates": [ 139.7223846, 35.5187781 ] } },
{ "type": "Feature", "properties": { "内容": "メディケアセンター川崎【特定福祉用具販売】神奈川県川崎市川崎区塩浜1-15-16", "url": "https://www.kaigokensaku.mhlw.go.jp/14/index.php?action_kouhyou_detail_004_kani=true&JigyosyoCd=1475003503-00&ServiceCd=410&Type=search", "url2": "https://www.mc-tehart.com/" }, "geometry": { "type": "Point", "coordinates": [ 139.729249100000061, 35.5236484 ] } },
{ "type": "Feature", "properties": { "内容": "株式会社フロンティア川崎東営業所【特定福祉用具販売】神奈川県川崎市川崎区中瀬2-2-1", "url": "https://www.kaigokensaku.mhlw.go.jp/14/index.php?action_kouhyou_detail_004_kani=true&JigyosyoCd=1475003909-00&ServiceCd=410&Type=search", "url2": "http://www.frontier-ph.com" }, "geometry": { "type": "Point", "coordinates": [ 139.726346199999966, 35.536519 ] } },
{ "type": "Feature", "properties": { "内容": "株式会社福祉協同サービス　川崎営業所【特定福祉用具販売】神奈川県川崎市川崎区大島5丁目29番9号小林ビル1階", "url": "https://www.kaigokensaku.mhlw.go.jp/14/index.php?action_kouhyou_detail_004_kani=true&JigyosyoCd=1475004576-00&ServiceCd=410&Type=search", "url2": "http://www.fukushi-ks.com" }, "geometry": { "type": "Point", "coordinates": [ 139.7214303, 35.5224928 ] } },
{ "type": "Feature", "properties": { "内容": "福祉用具百福【特定福祉用具販売】神奈川県川崎市川崎区塩浜1-9-10", "url": "https://www.kaigokensaku.mhlw.go.jp/14/index.php?action_kouhyou_detail_004_kani=true&JigyosyoCd=1475004782-00&ServiceCd=410&Type=search", "url2": null }, "geometry": { "type": "Point", "coordinates": [ 139.7407789, 35.5279113 ] } },
{ "type": "Feature", "properties": { "内容": "太陽ケアセンター【特定福祉用具販売】神奈川県川崎市川崎区渡田新町2-1-92F", "url": "https://www.kaigokensaku.mhlw.go.jp/14/index.php?action_kouhyou_detail_004_kani=true&JigyosyoCd=1475002760-00&ServiceCd=410&Type=search", "url2": "https://taiyocare.com/" }, "geometry": { "type": "Point", "coordinates": [ 139.6983552, 35.5222579 ] } },
{ "type": "Feature", "properties": { "内容": "ハナリハデザイン【特定福祉用具販売】神奈川県川崎市宮前区神木本町５-１-３第６マルテイビル201（事務所)102（ラボ)", "url": "https://www.kaigokensaku.mhlw.go.jp/14/index.php?action_kouhyou_detail_004_kani=true&JigyosyoCd=1475001598-00&ServiceCd=410&Type=search", "url2": "http://www.hanareha.com" }, "geometry": { "type": "Point", "coordinates": [ 139.581226498341721, 35.600480450111249 ] } },
{ "type": "Feature", "properties": { "内容": "株式会社　星医療酸器京浜営業所【特定福祉用具販売】神奈川県川崎市川崎区元木2－6－12", "url": "https://www.kaigokensaku.mhlw.go.jp/14/index.php?action_kouhyou_detail_004_kani=true&JigyosyoCd=1475001101-00&ServiceCd=410&Type=search", "url2": "https://www.hosi.co.jp" }, "geometry": { "type": "Point", "coordinates": [ 139.6972699, 35.5226816 ] } },
{ "type": "Feature", "properties": { "内容": "ジャパウイン介護ショップ【特定福祉用具販売】神奈川県川崎市幸区河原町1河原町団地15号棟105号室", "url": "https://www.kaigokensaku.mhlw.go.jp/14/index.php?action_kouhyou_detail_004_kani=true&JigyosyoCd=1475001218-00&ServiceCd=410&Type=search", "url2": "https://www.japawin.jp/" }, "geometry": { "type": "Point", "coordinates": [ 139.692171829686004, 35.538816011184643 ] } },
{ "type": "Feature", "properties": { "内容": "さわやかケア神奈川・福祉用具【特定福祉用具販売】神奈川県川崎市幸区古市場2-103コア深沢1階", "url": "https://www.kaigokensaku.mhlw.go.jp/14/index.php?action_kouhyou_detail_004_kani=true&JigyosyoCd=1470300847-00&ServiceCd=410&Type=search", "url2": "https://www.welcia-partners.co.jp" }, "geometry": { "type": "Point", "coordinates": [ 139.683191, 35.553958 ] } },
{ "type": "Feature", "properties": { "内容": "福祉用具貸与　ハートフルコスモライフケア【特定福祉用具販売】神奈川県川崎市幸区小向町4-11", "url": "https://www.kaigokensaku.mhlw.go.jp/14/index.php?action_kouhyou_detail_004_kani=true&JigyosyoCd=1475100465-00&ServiceCd=410&Type=search", "url2": "http://cosmolifecare.ecsv.jp" }, "geometry": { "type": "Point", "coordinates": [ 139.694604, 35.5490531 ] } },
{ "type": "Feature", "properties": { "内容": "福祉用具レンタルさいわい【特定福祉用具販売】神奈川県川崎市幸区新塚越２０１ルリエ新川崎６階", "url": "https://www.kaigokensaku.mhlw.go.jp/14/index.php?action_kouhyou_detail_004_kani=true&JigyosyoCd=1475100440-00&ServiceCd=410&Type=search", "url2": "https://sekishinkai-zaitaku.jp/rental-saiwai/" }, "geometry": { "type": "Point", "coordinates": [ 139.675923700000027, 35.5506913 ] } },
{ "type": "Feature", "properties": { "内容": "ダスキンヘルスレント川崎幸ステーション【特定福祉用具販売】神奈川県川崎市幸区東小倉２２－７", "url": "https://www.kaigokensaku.mhlw.go.jp/14/index.php?action_kouhyou_detail_004_kani=true&JigyosyoCd=1475102370-00&ServiceCd=410&Type=search", "url2": "https://healthrent.duskin.jp/index.html" }, "geometry": { "type": "Point", "coordinates": [ 139.675808700000061, 35.5417684 ] } },
{ "type": "Feature", "properties": { "内容": "サクラサービス株式会社　幸営業所【特定福祉用具販売】神奈川県川崎市幸区南加瀬5丁目18番7号", "url": "https://www.kaigokensaku.mhlw.go.jp/14/index.php?action_kouhyou_detail_004_kani=true&JigyosyoCd=1475102388-00&ServiceCd=410&Type=search", "url2": "https://sakuraservice.co.jp/services/sales/" }, "geometry": { "type": "Point", "coordinates": [ 139.660343499999954, 35.5390054 ] } },
{ "type": "Feature", "properties": { "内容": "フルライフ福祉用具プラス【特定福祉用具販売】神奈川県川崎市中原区丸子通1-627-8トーシンビル", "url": "https://www.kaigokensaku.mhlw.go.jp/14/index.php?action_kouhyou_detail_004_kani=true&JigyosyoCd=1475202998-00&ServiceCd=410&Type=search", "url2": "https://www.fulllife.co.jp/" }, "geometry": { "type": "Point", "coordinates": [ 139.665298099999973, 35.5814759 ] } },
{ "type": "Feature", "properties": { "内容": "指定福祉用具　アットキュア【特定福祉用具販売】神奈川県川崎市中原区上小田中6-19-2", "url": "https://www.kaigokensaku.mhlw.go.jp/14/index.php?action_kouhyou_detail_004_kani=true&JigyosyoCd=1475203368-00&ServiceCd=410&Type=search", "url2": "https://cure.at-care.co.jp/" }, "geometry": { "type": "Point", "coordinates": [ 139.6425505, 35.5801829 ] } },
{ "type": "Feature", "properties": { "内容": "アースサポート川崎【特定福祉用具販売】神奈川県川崎市中原区新丸子町761番5号", "url": "https://www.kaigokensaku.mhlw.go.jp/14/index.php?action_kouhyou_detail_004_kani=true&JigyosyoCd=1475203236-00&ServiceCd=410&Type=search", "url2": "https://www.earthsupport.co.jp/" }, "geometry": { "type": "Point", "coordinates": [ 139.660194, 35.5796181 ] } },
{ "type": "Feature", "properties": { "内容": "株式会社　エスティサービス　川崎営業所【特定福祉用具販売】神奈川県川崎市中原区上小田中５－１２－２０", "url": "https://www.kaigokensaku.mhlw.go.jp/14/index.php?action_kouhyou_detail_004_kani=true&JigyosyoCd=1475200588-00&ServiceCd=410&Type=search", "url2": "http://www.st-service.co.jp" }, "geometry": { "type": "Point", "coordinates": [ 139.6342634, 35.583695 ] } },
{ "type": "Feature", "properties": { "内容": "株式会社トーカイ　川崎営業所【特定福祉用具販売】神奈川県川崎市中原区宮内２-１１-１", "url": "https://www.kaigokensaku.mhlw.go.jp/14/index.php?action_kouhyou_detail_004_kani=true&JigyosyoCd=1470100841-00&ServiceCd=410&Type=search", "url2": "https://www.tokai-corp.com/silver/base_branch/base_branch-539" }, "geometry": { "type": "Point", "coordinates": [ 139.638781900000026, 35.5899522 ] } },
{ "type": "Feature", "properties": { "内容": "フランスベッド株式会社　メディカル川崎営業所【特定福祉用具販売】神奈川県川崎市中原区下沼部1760カインド玉川2Ｆ", "url": "https://www.kaigokensaku.mhlw.go.jp/14/index.php?action_kouhyou_detail_004_kani=true&JigyosyoCd=1475201693-00&ServiceCd=410&Type=search", "url2": "https://www.francebed.co.jp/" }, "geometry": { "type": "Point", "coordinates": [ 139.667697200000021, 35.5730133 ] } },
{ "type": "Feature", "properties": { "内容": "株式会社ステップハート【特定福祉用具販売】神奈川県川崎市中原区井田一丁目5番1号", "url": "https://www.kaigokensaku.mhlw.go.jp/14/index.php?action_kouhyou_detail_004_kani=true&JigyosyoCd=1475202857-00&ServiceCd=410&Type=search", "url2": null }, "geometry": { "type": "Point", "coordinates": [ 139.647382900000025, 35.5610682 ] } },
{ "type": "Feature", "properties": { "内容": "セントケアりまいん中原【特定福祉用具販売】神奈川県川崎市中原区新丸子東1-791-3朝日サンライズ多摩川ビル１F", "url": "https://www.kaigokensaku.mhlw.go.jp/14/index.php?action_kouhyou_detail_004_kani=true&JigyosyoCd=1475203293-00&ServiceCd=410&Type=search", "url2": "https://www.saint-care.com/rimain/" }, "geometry": { "type": "Point", "coordinates": [ 139.664222, 35.5809254 ] } },
{ "type": "Feature", "properties": { "内容": "株式会社ヤマシタ　中原営業所【特定福祉用具販売】神奈川県川崎市中原区宮内1-20-30", "url": "https://www.kaigokensaku.mhlw.go.jp/14/index.php?action_kouhyou_detail_004_kani=true&JigyosyoCd=1475202279-00&ServiceCd=410&Type=search", "url2": "http://www.yco.co.jp" }, "geometry": { "type": "Point", "coordinates": [ 139.641956632879641, 35.586803927804418 ] } },
{ "type": "Feature", "properties": { "内容": "am・アシスト【特定福祉用具販売】神奈川県川崎市高津区子母口347番地1シルクハイツB101", "url": "https://www.kaigokensaku.mhlw.go.jp/14/index.php?action_kouhyou_detail_004_kani=true&JigyosyoCd=1475303580-00&ServiceCd=410&Type=search", "url2": "https://www.eternal-cast.com/ami/" }, "geometry": { "type": "Point", "coordinates": [ 139.6307644, 35.57272930000002 ] } },
{ "type": "Feature", "properties": { "内容": "パナソニックエイジフリーショップ川崎高津【特定福祉用具販売】神奈川県川崎市高津区千年768番地", "url": "https://www.kaigokensaku.mhlw.go.jp/14/index.php?action_kouhyou_detail_004_kani=true&JigyosyoCd=1475202527-00&ServiceCd=410&Type=search", "url2": "https://sumai.panasonic.jp/agefree/map/detail.php?id=172" }, "geometry": { "type": "Point", "coordinates": [ 139.627382003564662, 35.579658961785739 ] } },
{ "type": "Feature", "properties": { "内容": "介護用品ショップ　あっぷる　溝の口店【特定福祉用具販売】神奈川県川崎市高津区下作延2-7-41コロナーデ溝口206", "url": "https://www.kaigokensaku.mhlw.go.jp/14/index.php?action_kouhyou_detail_004_kani=true&JigyosyoCd=1475300123-00&ServiceCd=410&Type=search", "url2": "http://www.cs-apple.jp/" }, "geometry": { "type": "Point", "coordinates": [ 139.60706, 35.5995344 ] } },
{ "type": "Feature", "properties": { "内容": "株式会社ビサイド【特定福祉用具販売】神奈川県川崎市高津区二子3丁目29番10号", "url": "https://www.kaigokensaku.mhlw.go.jp/14/index.php?action_kouhyou_detail_004_kani=true&JigyosyoCd=1475303242-00&ServiceCd=410&Type=search", "url2": "http://hp.kaipoke.biz/3nb/140812/index_0005.html" }, "geometry": { "type": "Point", "coordinates": [ 139.6215427, 35.6014473 ] } },
{ "type": "Feature", "properties": { "内容": "成活ハウスサービス株式会社【特定福祉用具販売】神奈川県川崎市高津区久末84-10", "url": "https://www.kaigokensaku.mhlw.go.jp/14/index.php?action_kouhyou_detail_004_kani=true&JigyosyoCd=1475502660-00&ServiceCd=410&Type=search", "url2": "http://www.seikatsu.co.jp/" }, "geometry": { "type": "Point", "coordinates": [ 139.615711143551266, 35.567508681356252 ] } },
{ "type": "Feature", "properties": { "内容": "ケアショップ　ウィズ・ユー川崎【特定福祉用具販売】神奈川県川崎市多摩区西生田2-1-4", "url": "https://www.kaigokensaku.mhlw.go.jp/14/index.php?action_kouhyou_detail_004_kani=true&JigyosyoCd=1475402945-00&ServiceCd=410&Type=search", "url2": "http://hp.kaipoke.biz/a2d/" }, "geometry": { "type": "Point", "coordinates": [ 139.539371100000011, 35.6151509 ] } },
{ "type": "Feature", "properties": { "内容": "福祉用具ステーションヒューマンライフケア川崎北【特定福祉用具販売】神奈川県川崎市多摩区長沢2-2-3石垣ハイツ103", "url": "https://www.kaigokensaku.mhlw.go.jp/14/index.php?action_kouhyou_detail_004_kani=true&JigyosyoCd=1475402952-00&ServiceCd=410&Type=search", "url2": "https://kaigo.human-lifecare.jp/facilities/eqp001_KawasakiKita/summary.html" }, "geometry": { "type": "Point", "coordinates": [ 139.5459521, 35.6024525 ] } },
{ "type": "Feature", "properties": { "内容": "株式会社フロンティア　川崎営業所【特定福祉用具販売】神奈川県川崎市多摩区生田1-10-141F", "url": "https://www.kaigokensaku.mhlw.go.jp/14/index.php?action_kouhyou_detail_004_kani=true&JigyosyoCd=1475401822-00&ServiceCd=410&Type=search", "url2": "https://www.frontier-ph.com" }, "geometry": { "type": "Point", "coordinates": [ 139.544690170500218, 35.624017183900136 ] } },
{ "type": "Feature", "properties": { "内容": "リリアン介護ショップ川崎多摩【特定福祉用具販売】神奈川県川崎市多摩区西生田2-6-21リリアンビル５階", "url": "https://www.kaigokensaku.mhlw.go.jp/14/index.php?action_kouhyou_detail_004_kani=true&JigyosyoCd=1475403059-00&ServiceCd=410&Type=search", "url2": "https://lc-shop.lilyancare.com" }, "geometry": { "type": "Point", "coordinates": [ 139.534662, 35.6151114 ] } },
{ "type": "Feature", "properties": { "内容": "西川株式会社／ネーブルハウス川崎事業所【特定福祉用具販売】神奈川県川崎市宮前区土橋三丁目2-6鷺沼プールサイドスカイマンション105", "url": "https://www.kaigokensaku.mhlw.go.jp/14/index.php?action_kouhyou_detail_004_kani=true&JigyosyoCd=1475502785-00&ServiceCd=410&Type=search", "url2": "https://nablehouse.co.jp" }, "geometry": { "type": "Point", "coordinates": [ 139.5735805, 35.5805619 ] } },
{ "type": "Feature", "properties": { "内容": "日本ウイール・チェアー株式会社　川崎支店【特定福祉用具販売】神奈川県川崎市宮前区神木本町4-7-1ワコーレ溝口Ⅱ　101号室", "url": "https://www.kaigokensaku.mhlw.go.jp/14/index.php?action_kouhyou_detail_004_kani=true&JigyosyoCd=1475501985-00&ServiceCd=410&Type=search", "url2": "https://nwc-kurumaisu.com/" }, "geometry": { "type": "Point", "coordinates": [ 139.583776500000027, 35.599876 ] } },
{ "type": "Feature", "properties": { "内容": "ダスキンヘルスレント川崎宮前ステーション【特定福祉用具販売】神奈川県川崎市宮前区馬絹2-8-30", "url": "https://www.kaigokensaku.mhlw.go.jp/14/index.php?action_kouhyou_detail_004_kani=true&JigyosyoCd=1475502306-00&ServiceCd=410&Type=search", "url2": null }, "geometry": { "type": "Point", "coordinates": [ 139.593446, 35.5809122 ] } },
{ "type": "Feature", "properties": { "内容": "ケイ・ホスピア株式会社【特定福祉用具販売】神奈川県川崎市宮前区土橋1-11-1", "url": "https://www.kaigokensaku.mhlw.go.jp/14/index.php?action_kouhyou_detail_004_kani=true&JigyosyoCd=1475500631-00&ServiceCd=410&Type=search", "url2": "http://www.hospia.co.jp" }, "geometry": { "type": "Point", "coordinates": [ 139.576633500000042, 35.5864697 ] } },
{ "type": "Feature", "properties": { "内容": "フランスベッド株式会社メディカル川崎北営業所【特定福祉用具販売】神奈川県川崎市宮前区有馬2-7-7", "url": "https://www.kaigokensaku.mhlw.go.jp/14/index.php?action_kouhyou_detail_004_kani=true&JigyosyoCd=1475502710-00&ServiceCd=410&Type=search", "url2": "https://medical.francebed.co.jp" }, "geometry": { "type": "Point", "coordinates": [ 139.583764785180676, 35.579312328928765 ] } },
{ "type": "Feature", "properties": { "内容": "株式会社イノベイションオブメディカルサービス川崎営業所【特定福祉用具販売】神奈川県川崎市宮前区犬蔵２－１２－３３", "url": "https://www.kaigokensaku.mhlw.go.jp/14/index.php?action_kouhyou_detail_004_kani=true&JigyosyoCd=1475600613-00&ServiceCd=410&Type=search", "url2": "http://www.ims-inc.co.jp/" }, "geometry": { "type": "Point", "coordinates": [ 139.564498599999979, 35.5844895 ] } },
{ "type": "Feature", "properties": { "内容": "株式会社ヤマシタ宮前営業所【特定福祉用具販売】神奈川県川崎市宮前区鷺沼1-11-6鷺沼第一ビル　2-2号室", "url": "https://www.kaigokensaku.mhlw.go.jp/14/index.php?action_kouhyou_detail_004_kani=true&JigyosyoCd=1475502363-00&ServiceCd=410&Type=search", "url2": "https://www.yco.co.jp/" }, "geometry": { "type": "Point", "coordinates": [ 139.572939899999938, 35.5780876 ] } },
{ "type": "Feature", "properties": { "内容": "柴橋商会　介護用品　川崎宮前営業所【特定福祉用具販売】神奈川県川崎市宮前区南平台1-12ビューラー風久保3　１階", "url": "https://www.kaigokensaku.mhlw.go.jp/14/index.php?action_kouhyou_detail_004_kani=true&JigyosyoCd=1475501241-00&ServiceCd=410&Type=search", "url2": "http://www.shibahashi.co.jp/kaigo/" }, "geometry": { "type": "Point", "coordinates": [ 139.571346455819707, 35.594924332146626 ] } },
{ "type": "Feature", "properties": { "内容": "ケイ・ホスピア株式会社　川崎北営業所【特定福祉用具販売】神奈川県川崎市麻生区百合丘3-25-11才沢第一ビル301", "url": "https://www.kaigokensaku.mhlw.go.jp/14/index.php?action_kouhyou_detail_004_kani=true&JigyosyoCd=1475601462-00&ServiceCd=410&Type=search", "url2": "http://www.hospia.co.jp/" }, "geometry": { "type": "Point", "coordinates": [ 139.5171623, 35.6009506 ] } },
{ "type": "Feature", "properties": { "内容": "けやきパートナー【特定福祉用具販売】神奈川県川崎市麻生区下麻生3-6-25", "url": "https://www.kaigokensaku.mhlw.go.jp/14/index.php?action_kouhyou_detail_004_kani=true&JigyosyoCd=1475602320-00&ServiceCd=410&Type=search", "url2": "https://keyaki-partner.com" }, "geometry": { "type": "Point", "coordinates": [ 139.505601399999961, 35.575123 ] } },
{ "type": "Feature", "properties": { "内容": "サクラサービス株式会社　麻生営業所【特定福祉用具販売】神奈川県川崎市麻生区上麻生6-38-28", "url": "https://www.kaigokensaku.mhlw.go.jp/14/index.php?action_kouhyou_detail_004_kani=true&JigyosyoCd=1475602676-00&ServiceCd=410&Type=search", "url2": "https://www.sakuraservice.co.jp" }, "geometry": { "type": "Point", "coordinates": [ 139.4985584, 35.5855643 ] } },
{ "type": "Feature", "properties": { "内容": "なごみの里ケアセンター【特定福祉用具販売】相模原市緑区牧野８１４７－２", "url": "https://www.kaigokensaku.mhlw.go.jp/14/index.php?action_kouhyou_detail_004_kani=true&JigyosyoCd=1472603891-00&ServiceCd=410&Type=search", "url2": "http://www.fujino-hp.or.jp/hospital/html/index2.htm" }, "geometry": { "type": "Point", "coordinates": [ 139.132175299999972, 35.5916481 ] } },
{ "type": "Feature", "properties": { "内容": "住宅相談室　心　株式会社【特定福祉用具販売】神奈川県相模原市緑区西橋本4-14-25", "url": "https://www.kaigokensaku.mhlw.go.jp/14/index.php?action_kouhyou_detail_004_kani=true&JigyosyoCd=1472608551-00&ServiceCd=410&Type=search", "url2": "http://www.kokoro-jutaku.com/" }, "geometry": { "type": "Point", "coordinates": [ 139.329257699999971, 35.5915932 ] } },
{ "type": "Feature", "properties": { "内容": "瀬戸の森　福祉ケア【特定福祉用具販売】神奈川県相模原市緑区与瀬1129-1", "url": "https://www.kaigokensaku.mhlw.go.jp/14/index.php?action_kouhyou_detail_004_kani=true&JigyosyoCd=1472609237-00&ServiceCd=410&Type=search", "url2": null }, "geometry": { "type": "Point", "coordinates": [ 139.187625199999957, 35.6171131 ] } },
{ "type": "Feature", "properties": { "内容": "フレンドリーサービス【特定福祉用具販売】神奈川県相模原市緑区元橋本町22-33パストラル元橋本106", "url": "https://www.kaigokensaku.mhlw.go.jp/14/index.php?action_kouhyou_detail_004_kani=true&JigyosyoCd=1472611175-00&ServiceCd=410&Type=search", "url2": null }, "geometry": { "type": "Point", "coordinates": [ 139.3353357, 35.6023902 ] } },
{ "type": "Feature", "properties": { "内容": "ケアレンタル　グランシェル【特定福祉用具販売】神奈川県相模原市緑区根小屋2502-6", "url": "https://www.kaigokensaku.mhlw.go.jp/14/index.php?action_kouhyou_detail_004_kani=true&JigyosyoCd=1472611787-00&ServiceCd=410&Type=search", "url2": "https://granshel.com/" }, "geometry": { "type": "Point", "coordinates": [ 139.2642466, 35.5751828 ] } },
{ "type": "Feature", "properties": { "内容": "有限会社　ウエマツ【特定福祉用具販売】神奈川県相模原市緑区佐野川２５９２－１", "url": "https://www.kaigokensaku.mhlw.go.jp/14/index.php?action_kouhyou_detail_004_kani=true&JigyosyoCd=1471700219-00&ServiceCd=410&Type=search", "url2": null }, "geometry": { "type": "Point", "coordinates": [ 139.130554599999982, 35.6433913 ] } },
{ "type": "Feature", "properties": { "内容": "福祉用具研究所　ゆいまーる【特定福祉用具販売】神奈川県相模原市緑区大島1183-3", "url": "https://www.kaigokensaku.mhlw.go.jp/14/index.php?action_kouhyou_detail_004_kani=true&JigyosyoCd=1472608007-00&ServiceCd=410&Type=search", "url2": "http://yuimaaru.co.jp/" }, "geometry": { "type": "Point", "coordinates": [ 139.315751, 35.5808099 ] } },
{ "type": "Feature", "properties": { "内容": "メディケアセンター相模原【特定福祉用具販売】神奈川県相模原市緑区下九沢2140", "url": "https://www.kaigokensaku.mhlw.go.jp/14/index.php?action_kouhyou_detail_004_kani=true&JigyosyoCd=1472605383-00&ServiceCd=410&Type=search", "url2": "https://www.mc-tehart.com/base/mc-sagamihara" }, "geometry": { "type": "Point", "coordinates": [ 139.336743299999966, 35.5837169 ] } },
{ "type": "Feature", "properties": { "内容": "フランスベッド株式会社メディカル相模原営業所【特定福祉用具販売】神奈川県相模原市緑区相原6-13-9", "url": "https://www.kaigokensaku.mhlw.go.jp/14/index.php?action_kouhyou_detail_004_kani=true&JigyosyoCd=1472610995-00&ServiceCd=410&Type=search", "url2": "https://www.francebed.co.jp/" }, "geometry": { "type": "Point", "coordinates": [ 139.315347800000012, 35.6024335 ] } },
{ "type": "Feature", "properties": { "内容": "あい和ケアサービス【特定福祉用具販売】神奈川県相模原市緑区三ケ木862-9", "url": "https://www.kaigokensaku.mhlw.go.jp/14/index.php?action_kouhyou_detail_004_kani=true&JigyosyoCd=1472608155-00&ServiceCd=410&Type=search", "url2": null }, "geometry": { "type": "Point", "coordinates": [ 139.233345117074578, 35.596219843434163 ] } },
{ "type": "Feature", "properties": { "内容": "あい和ケアサービス相原【特定福祉用具販売】相原1-22-10", "url": "https://www.kaigokensaku.mhlw.go.jp/14/index.php?action_kouhyou_detail_004_kani=true&JigyosyoCd=1472612967-00&ServiceCd=410&Type=search", "url2": null }, "geometry": { "type": "Point", "coordinates": [ 139.325339, 35.6036435 ] } },
{ "type": "Feature", "properties": { "内容": "株式会社　まちづくり公社【特定福祉用具販売】相模原市中央区矢部２－４－１７", "url": "https://www.kaigokensaku.mhlw.go.jp/14/index.php?action_kouhyou_detail_004_kani=true&JigyosyoCd=1472600228-00&ServiceCd=410&Type=search", "url2": null }, "geometry": { "type": "Point", "coordinates": [ 139.381453500000021, 35.574625 ] } },
{ "type": "Feature", "properties": { "内容": "株式会社　ハルクル　本社【特定福祉用具販売】神奈川県相模原市中央区陽光台６－４－１９", "url": "https://www.kaigokensaku.mhlw.go.jp/14/index.php?action_kouhyou_detail_004_kani=true&JigyosyoCd=1472603941-00&ServiceCd=410&Type=search", "url2": null }, "geometry": { "type": "Point", "coordinates": [ 139.379071100000033, 35.5484186 ] } },
{ "type": "Feature", "properties": { "内容": "シマヤメディカル株式会社【特定福祉用具販売】神奈川県相模原市中央区星が丘3-9-18", "url": "https://www.kaigokensaku.mhlw.go.jp/14/index.php?action_kouhyou_detail_004_kani=true&JigyosyoCd=1472601010-00&ServiceCd=410&Type=search", "url2": "http://www7a.biglobe.ne.jp/~shimaya/" }, "geometry": { "type": "Point", "coordinates": [ 139.373524099999941, 35.5585644 ] } },
{ "type": "Feature", "properties": { "内容": "アクアケアサポート【特定福祉用具販売】神奈川県相模原市中央区上溝1533-1グリーンヒル丸崎Ｂ３　101・102号室", "url": "https://www.kaigokensaku.mhlw.go.jp/14/index.php?action_kouhyou_detail_004_kani=true&JigyosyoCd=1472608684-00&ServiceCd=410&Type=search", "url2": "http://exeo-japan.com/" }, "geometry": { "type": "Point", "coordinates": [ 139.3684359, 35.5525741 ] } },
{ "type": "Feature", "properties": { "内容": "tida【特定福祉用具販売】神奈川県相模原市中央区緑が丘1丁目2番4号", "url": "https://www.kaigokensaku.mhlw.go.jp/14/index.php?action_kouhyou_detail_004_kani=true&JigyosyoCd=1472611449-00&ServiceCd=410&Type=search", "url2": "http://hp.kaipoke.biz/2h2/" }, "geometry": { "type": "Point", "coordinates": [ 139.3799017, 35.5494913 ] } },
{ "type": "Feature", "properties": { "内容": "合同会社しろくま匠商店【特定福祉用具販売】神奈川県相模原市中央区小山3-22-12", "url": "https://www.kaigokensaku.mhlw.go.jp/14/index.php?action_kouhyou_detail_004_kani=true&JigyosyoCd=1472611183-00&ServiceCd=410&Type=search", "url2": "http://hp.kaipoke.biz/8yy/" }, "geometry": { "type": "Point", "coordinates": [ 139.357032, 35.5856695 ] } },
{ "type": "Feature", "properties": { "内容": "クリエーティブカミヤ株式会社相模原営業所【特定福祉用具販売】神奈川県相模原市中央区青葉1-1-27コア青葉1F", "url": "https://www.kaigokensaku.mhlw.go.jp/14/index.php?action_kouhyou_detail_004_kani=true&JigyosyoCd=1472612132-00&ServiceCd=410&Type=search", "url2": "https://www.c-kamiya.co.jp/" }, "geometry": { "type": "Point", "coordinates": [ 139.6978981, 36.0682964 ] } },
{ "type": "Feature", "properties": { "内容": "ラウンド＆ケア福祉用具相模原【特定福祉用具販売】神奈川県相模原市中央区相模原2-8-11MIYAビル1階", "url": "https://www.kaigokensaku.mhlw.go.jp/14/index.php?action_kouhyou_detail_004_kani=true&JigyosyoCd=1472612520-00&ServiceCd=410&Type=search", "url2": "https://r-care.jp/" }, "geometry": { "type": "Point", "coordinates": [ 139.3680133, 35.5794612 ] } },
{ "type": "Feature", "properties": { "内容": "株式会社ヘルスケア　さがみ営業所【特定福祉用具販売】神奈川県相模原市中央区相模原6-5-13", "url": "https://www.kaigokensaku.mhlw.go.jp/14/index.php?action_kouhyou_detail_004_kani=true&JigyosyoCd=1472600434-00&ServiceCd=410&Type=search", "url2": "https://hcjapan.co.jp/" }, "geometry": { "type": "Point", "coordinates": [ 139.372478453256605, 35.574431346717368 ] } },
{ "type": "Feature", "properties": { "内容": "柴橋商会　介護用品　相模原営業所【特定福祉用具販売】神奈川県相模原市中央区南橋本1-1-17", "url": "https://www.kaigokensaku.mhlw.go.jp/14/index.php?action_kouhyou_detail_004_kani=true&JigyosyoCd=1472602695-00&ServiceCd=410&Type=search", "url2": "https://www.shibahashi.co.jp/" }, "geometry": { "type": "Point", "coordinates": [ 139.353032233305612, 35.583258232683079 ] } },
{ "type": "Feature", "properties": { "内容": "福祉用具ジョイフル【特定福祉用具販売】神奈川県相模原市中央区富士見6-14-15", "url": "https://www.kaigokensaku.mhlw.go.jp/14/index.php?action_kouhyou_detail_004_kani=true&JigyosyoCd=1472609088-00&ServiceCd=410&Type=search", "url2": null }, "geometry": { "type": "Point", "coordinates": [ 139.375020861625671, 35.567339012589109 ] } },
{ "type": "Feature", "properties": { "内容": "イーライフ株式会社　相模原営業所【特定福祉用具販売】神奈川県相模原市中央区矢部1-5-2昌栄ビル202", "url": "https://www.kaigokensaku.mhlw.go.jp/14/index.php?action_kouhyou_detail_004_kani=true&JigyosyoCd=1472610466-00&ServiceCd=410&Type=search", "url2": "http://e-lifecare.com" }, "geometry": { "type": "Point", "coordinates": [ 139.37644880000002, 35.5733797 ] } },
{ "type": "Feature", "properties": { "内容": "かたくり福祉用具神奈川・多摩センター【特定福祉用具販売】神奈川県相模原市中央区東淵野辺1-11-4", "url": "https://www.kaigokensaku.mhlw.go.jp/14/index.php?action_kouhyou_detail_004_kani=true&JigyosyoCd=1472610789-00&ServiceCd=410&Type=search", "url2": null }, "geometry": { "type": "Point", "coordinates": [ 139.409443296177557, 35.56429678543774 ] } },
{ "type": "Feature", "properties": { "内容": "ダスキンヘルスレント相模原ステーション【特定福祉用具販売】神奈川県相模原市中央区中央4-5-5アールビル1階", "url": "https://www.kaigokensaku.mhlw.go.jp/14/index.php?action_kouhyou_detail_004_kani=true&JigyosyoCd=1472611399-00&ServiceCd=410&Type=search", "url2": "https://healthrent.duskin.jp/station/kanagawa/sagamihara.html" }, "geometry": { "type": "Point", "coordinates": [ 139.3674556, 35.5732895 ] } },
{ "type": "Feature", "properties": { "内容": "SOMPOケア相模原中央福祉用具【特定福祉用具販売】神奈川県相模原市中央区中央1-1-1ジブラルタ生命相模原ビル203号", "url": "https://www.kaigokensaku.mhlw.go.jp/14/index.php?action_kouhyou_detail_004_kani=true&JigyosyoCd=1472611696-00&ServiceCd=410&Type=search", "url2": "https://www.sompocare.com/service/zaitaku/kaigo/z000247" }, "geometry": { "type": "Point", "coordinates": [ 139.3675757, 35.5756087 ] } },
{ "type": "Feature", "properties": { "内容": "株式会社ヤマシタ相模原営業所【特定福祉用具販売】神奈川県相模原市中央区鹿沼台2-11-6淵野辺サトウビル4階B", "url": "https://www.kaigokensaku.mhlw.go.jp/14/index.php?action_kouhyou_detail_004_kani=true&JigyosyoCd=1472601572-00&ServiceCd=410&Type=search", "url2": "http://www.yco.co.jp/" }, "geometry": { "type": "Point", "coordinates": [ 139.392262793784425, 35.568216558592674 ] } },
{ "type": "Feature", "properties": { "内容": "ユニバーサルケア【特定福祉用具販売】神奈川県相模原市中央区青葉3-2-2", "url": "https://www.kaigokensaku.mhlw.go.jp/14/index.php?action_kouhyou_detail_004_kani=true&JigyosyoCd=1472604428-00&ServiceCd=410&Type=search", "url2": null }, "geometry": { "type": "Point", "coordinates": [ 139.390963646335194, 35.55038685982052 ] } },
{ "type": "Feature", "properties": { "内容": "株式会社フロンティア相模原営業所【特定福祉用具販売】神奈川県相模原市中央区相模原2-8-20", "url": "https://www.kaigokensaku.mhlw.go.jp/14/index.php?action_kouhyou_detail_004_kani=true&JigyosyoCd=1472606647-00&ServiceCd=410&Type=search", "url2": "http://www.frontier-ph.com" }, "geometry": { "type": "Point", "coordinates": [ 139.368693888954937, 35.579143081688194 ] } },
{ "type": "Feature", "properties": { "内容": "株式会社イノベイションオブメディカルサービス相模原営業所【特定福祉用具販売】神奈川県相模原市中央区共和3-11-12", "url": "https://www.kaigokensaku.mhlw.go.jp/14/index.php?action_kouhyou_detail_004_kani=true&JigyosyoCd=1472604717-00&ServiceCd=410&Type=search", "url2": "http://www.ims-inc.co.jp/" }, "geometry": { "type": "Point", "coordinates": [ 139.401516, 35.5602602 ] } },
{ "type": "Feature", "properties": { "内容": "ソネット相模原【特定福祉用具販売】神奈川県相模原市中央区上溝2370-6", "url": "https://www.kaigokensaku.mhlw.go.jp/14/index.php?action_kouhyou_detail_004_kani=true&JigyosyoCd=1472608254-00&ServiceCd=410&Type=search", "url2": "https://www.sonnette.biz/" }, "geometry": { "type": "Point", "coordinates": [ 139.35484, 35.5494393 ] } },
{ "type": "Feature", "properties": { "内容": "Utensil_With_モノリス【特定福祉用具販売】神奈川県相模原市中央区横山3-23-15", "url": "https://www.kaigokensaku.mhlw.go.jp/14/index.php?action_kouhyou_detail_004_kani=true&JigyosyoCd=1472612033-00&ServiceCd=410&Type=search", "url2": null }, "geometry": { "type": "Point", "coordinates": [ 139.3652554, 35.5631629 ] } },
{ "type": "Feature", "properties": { "内容": "ケアキット匠の荘【特定福祉用具販売】神奈川県相模原市中央区上溝4-14-4コートファミリエB203", "url": "https://www.kaigokensaku.mhlw.go.jp/14/index.php?action_kouhyou_detail_004_kani=true&JigyosyoCd=1472612694-00&ServiceCd=410&Type=search", "url2": null }, "geometry": { "type": "Point", "coordinates": [ 139.358092699999986, 35.5603571 ] } },
{ "type": "Feature", "properties": { "内容": "訪問看護リハビリステーション　あるふぁ相模大野【特定福祉用具販売】神奈川県相模原市南区文京1-4-5ピアレジ文京1-B", "url": "https://www.kaigokensaku.mhlw.go.jp/14/index.php?action_kouhyou_detail_004_kani=true&JigyosyoCd=1462690337-00&ServiceCd=410&Type=search", "url2": null }, "geometry": { "type": "Point", "coordinates": [ 139.429497500000025, 35.5373931 ] } },
{ "type": "Feature", "properties": { "内容": "株式会社エスティサービス　相模原営業所【特定福祉用具販売】神奈川県相模原市南区麻溝台１－３－１２", "url": "https://www.kaigokensaku.mhlw.go.jp/14/index.php?action_kouhyou_detail_004_kani=true&JigyosyoCd=1472601515-00&ServiceCd=410&Type=search", "url2": "http://www.st-service.co.jp/" }, "geometry": { "type": "Point", "coordinates": [ 139.398550300000011, 35.5371167 ] } },
{ "type": "Feature", "properties": { "内容": "ライフサポート　たいよう【特定福祉用具販売】神奈川県相模原市南区相模大野9-7-1博雅マンション1-B", "url": "https://www.kaigokensaku.mhlw.go.jp/14/index.php?action_kouhyou_detail_004_kani=true&JigyosyoCd=1472606332-00&ServiceCd=410&Type=search", "url2": null }, "geometry": { "type": "Point", "coordinates": [ 139.355179499999963, 35.5323173 ] } },
{ "type": "Feature", "properties": { "内容": "はもれび【特定福祉用具販売】神奈川県相模原市南区東大沼２－１９－６", "url": "https://www.kaigokensaku.mhlw.go.jp/14/index.php?action_kouhyou_detail_004_kani=true&JigyosyoCd=1472609419-00&ServiceCd=410&Type=search", "url2": null }, "geometry": { "type": "Point", "coordinates": [ 139.4216619, 35.5423314 ] } },
{ "type": "Feature", "properties": { "内容": "SEIJINホクソウサービス【特定福祉用具販売】神奈川県相模原市南区東林間2-22-12-1-A", "url": "https://www.kaigokensaku.mhlw.go.jp/14/index.php?action_kouhyou_detail_004_kani=true&JigyosyoCd=1472606712-00&ServiceCd=410&Type=search", "url2": null }, "geometry": { "type": "Point", "coordinates": [ 139.427573199999983, 35.5184641 ] } },
{ "type": "Feature", "properties": { "内容": "エス・エスホームケア株式会社　福祉用具事業部【特定福祉用具販売】神奈川県相模原市南区相模大野5-10-222階", "url": "https://www.kaigokensaku.mhlw.go.jp/14/index.php?action_kouhyou_detail_004_kani=true&JigyosyoCd=1472611076-00&ServiceCd=410&Type=search", "url2": "https://sshomecare.jp/service/service01/" }, "geometry": { "type": "Point", "coordinates": [ 139.426376687696859, 35.530034303360758 ] } },
{ "type": "Feature", "properties": { "内容": "パナソニックエイジフリーショップさがみはら【特定福祉用具販売】神奈川県相模原市南区上鶴間６丁目２７－５フロレスタ１階", "url": "https://www.kaigokensaku.mhlw.go.jp/14/index.php?action_kouhyou_detail_004_kani=true&JigyosyoCd=1472609534-00&ServiceCd=410&Type=search", "url2": "https://sumai.panasonic.jp/agefree/map/detail.php?id=142" }, "geometry": { "type": "Point", "coordinates": [ 139.440696900000034, 35.5222436 ] } },
{ "type": "Feature", "properties": { "内容": "けやきサポートさがみ【特定福祉用具販売】神奈川県相模原市南区当麻1271-3-101号", "url": "https://www.kaigokensaku.mhlw.go.jp/14/index.php?action_kouhyou_detail_004_kani=true&JigyosyoCd=1472608619-00&ServiceCd=410&Type=search", "url2": null }, "geometry": { "type": "Point", "coordinates": [ 139.374587481554983, 35.529945114162842 ] } },
{ "type": "Feature", "properties": { "内容": "セントケアりまいん相模大野【特定福祉用具販売】神奈川県相模原市南区上鶴間本町4-50-30プラザ野澤ビル", "url": "https://www.kaigokensaku.mhlw.go.jp/14/index.php?action_kouhyou_detail_004_kani=true&JigyosyoCd=1472611803-00&ServiceCd=410&Type=search", "url2": "https://www.saint-care.com/rimain/" }, "geometry": { "type": "Point", "coordinates": [ 139.444952199999989, 35.5314879 ] } },
{ "type": "Feature", "properties": { "内容": "株式会社五美横須賀介護用品販売事業所【特定福祉用具販売】神奈川県横須賀市林5-522", "url": "https://www.kaigokensaku.mhlw.go.jp/14/index.php?action_kouhyou_detail_004_kani=true&JigyosyoCd=1471905107-00&ServiceCd=410&Type=search", "url2": "http://www.k-gomi.co.jp/" }, "geometry": { "type": "Point", "coordinates": [ 139.635567300000048, 35.2125095 ] } },
{ "type": "Feature", "properties": { "内容": "しんわレンタル館【特定福祉用具販売】神奈川県横須賀市佐原4-8-23", "url": "https://www.kaigokensaku.mhlw.go.jp/14/index.php?action_kouhyou_detail_004_kani=true&JigyosyoCd=1471902013-00&ServiceCd=410&Type=search", "url2": "http://www.shinwafukushi.com/" }, "geometry": { "type": "Point", "coordinates": [ 139.689040299999988, 35.2394674 ] } },
{ "type": "Feature", "properties": { "内容": "ウェルケア【特定福祉用具販売】神奈川県横須賀市吉井2-8-21", "url": "https://www.kaigokensaku.mhlw.go.jp/14/index.php?action_kouhyou_detail_004_kani=true&JigyosyoCd=1471907590-00&ServiceCd=410&Type=search", "url2": null }, "geometry": { "type": "Point", "coordinates": [ 139.7027477, 35.2474498 ] } },
{ "type": "Feature", "properties": { "内容": "有限会社　グループライフサービス【特定福祉用具販売】神奈川県横須賀市久村４７１－１０１", "url": "https://www.kaigokensaku.mhlw.go.jp/14/index.php?action_kouhyou_detail_004_kani=true&JigyosyoCd=1471901726-00&ServiceCd=410&Type=search", "url2": "http://grouplife.co.jp/" }, "geometry": { "type": "Point", "coordinates": [ 139.692404, 35.2315017 ] } },
{ "type": "Feature", "properties": { "内容": "健康と介護の専門店　リップル【特定福祉用具販売】神奈川県横須賀市田浦港町1283-2", "url": "https://www.kaigokensaku.mhlw.go.jp/14/index.php?action_kouhyou_detail_004_kani=true&JigyosyoCd=1471900330-00&ServiceCd=410&Type=search", "url2": "https://cape-ripple.jp/" }, "geometry": { "type": "Point", "coordinates": [ 139.640060229702726, 35.294098892130819 ] } },
{ "type": "Feature", "properties": { "内容": "メディケアセンター横須賀【特定福祉用具販売】神奈川県横須賀市日の出町3-14ケイエムビル1階", "url": "https://www.kaigokensaku.mhlw.go.jp/14/index.php?action_kouhyou_detail_004_kani=true&JigyosyoCd=1471901346-00&ServiceCd=410&Type=search", "url2": "https://www.mc-tehart.com/" }, "geometry": { "type": "Point", "coordinates": [ 139.679691899999966, 35.2745075 ] } },
{ "type": "Feature", "properties": { "内容": "株式会社　イノベイションオブメディカルサービス横須賀営業所【特定福祉用具販売】神奈川県横須賀市森崎１－１５－８", "url": "https://www.kaigokensaku.mhlw.go.jp/14/index.php?action_kouhyou_detail_004_kani=true&JigyosyoCd=1471901403-00&ServiceCd=410&Type=search", "url2": "http://www.ims-inc.co.jp/" }, "geometry": { "type": "Point", "coordinates": [ 139.682013099999949, 35.24585 ] } },
{ "type": "Feature", "properties": { "内容": "柴橋商会　介護用品横須賀営業所【特定福祉用具販売】神奈川県横須賀市大矢部１－１５－２８", "url": "https://www.kaigokensaku.mhlw.go.jp/14/index.php?action_kouhyou_detail_004_kani=true&JigyosyoCd=1471902765-00&ServiceCd=410&Type=search", "url2": "http://www.shibahashi.co.jp/kaigo/" }, "geometry": { "type": "Point", "coordinates": [ 139.671076956483489, 35.24055827837725 ] } },
{ "type": "Feature", "properties": { "内容": "笑福レント＆リフォーム【特定福祉用具販売】神奈川県横須賀市浦賀2-11-15", "url": "https://www.kaigokensaku.mhlw.go.jp/14/index.php?action_kouhyou_detail_004_kani=true&JigyosyoCd=1471907137-00&ServiceCd=410&Type=search", "url2": null }, "geometry": { "type": "Point", "coordinates": [ 139.7041759, 35.2524619 ] } },
{ "type": "Feature", "properties": { "内容": "けいすいケアサービス　よこすか【特定福祉用具販売】神奈川県横須賀市根岸町3-9-9", "url": "https://www.kaigokensaku.mhlw.go.jp/14/index.php?action_kouhyou_detail_004_kani=true&JigyosyoCd=1471907608-00&ServiceCd=410&Type=search", "url2": "https://www.keisuikai.or.jp/" }, "geometry": { "type": "Point", "coordinates": [ 139.6842978, 35.2493592 ] } },
{ "type": "Feature", "properties": { "内容": "サクラサービス株式会社追浜営業所【特定福祉用具販売】神奈川県横須賀市夏島町16-1", "url": "https://www.kaigokensaku.mhlw.go.jp/14/index.php?action_kouhyou_detail_004_kani=true&JigyosyoCd=1471904977-00&ServiceCd=410&Type=search", "url2": "http://www.sakuraservice.co.jp" }, "geometry": { "type": "Point", "coordinates": [ 139.636640400000033, 35.3234794 ] } },
{ "type": "Feature", "properties": { "内容": "ダスキンヘルスレント横須賀ステーション【特定福祉用具販売】神奈川県横須賀市根岸町4-2-1原ビル1階", "url": "https://www.kaigokensaku.mhlw.go.jp/14/index.php?action_kouhyou_detail_004_kani=true&JigyosyoCd=1471907756-00&ServiceCd=410&Type=search", "url2": "https://healthrent.duskin.jp/station/kanagawa/yokosuka.html" }, "geometry": { "type": "Point", "coordinates": [ 139.677912600000013, 35.2529278 ] } },
{ "type": "Feature", "properties": { "内容": "株式会社ティー・シー・エス平塚本社【特定福祉用具販売】平塚市土屋７７２－１", "url": "https://www.kaigokensaku.mhlw.go.jp/14/index.php?action_kouhyou_detail_004_kani=true&JigyosyoCd=1472000056-00&ServiceCd=410&Type=search", "url2": "http://www.TCS-H.co.jp" }, "geometry": { "type": "Point", "coordinates": [ 139.25329320000003, 35.3454855 ] } },
{ "type": "Feature", "properties": { "内容": "サン・ライフ福祉サービスセンター　湘南事業所【特定福祉用具販売】神奈川県平塚市馬入本町１３－２－１", "url": "https://www.kaigokensaku.mhlw.go.jp/14/index.php?action_kouhyou_detail_004_kani=true&JigyosyoCd=1472000023-00&ServiceCd=410&Type=search", "url2": "http://www.sunlife.jp" }, "geometry": { "type": "Point", "coordinates": [ 139.362483600000019, 35.3312832 ] } },
{ "type": "Feature", "properties": { "内容": "サンレジデンス湘南レンタルサービス【特定福祉用具販売】神奈川県平塚市田村２丁目１１番５号特別養護老人ホーム　サンレジデンス湘南内", "url": "https://www.kaigokensaku.mhlw.go.jp/14/index.php?action_kouhyou_detail_004_kani=true&JigyosyoCd=1472001211-00&ServiceCd=410&Type=search", "url2": "http://www.keishin-kai.or.jp/" }, "geometry": { "type": "Point", "coordinates": [ 139.3585187, 35.371704 ] } },
{ "type": "Feature", "properties": { "内容": "介護福祉用具取扱事業所　Ｅ－クラシオン【特定福祉用具販売】神奈川県平塚市南原2-4-36", "url": "https://www.kaigokensaku.mhlw.go.jp/14/index.php?action_kouhyou_detail_004_kani=true&JigyosyoCd=1472004777-00&ServiceCd=410&Type=search", "url2": null }, "geometry": { "type": "Point", "coordinates": [ 139.328521099999989, 35.3394107 ] } },
{ "type": "Feature", "properties": { "内容": "アビリティーズ・ケアネット株式会社　湘南営業所【特定福祉用具販売】神奈川県平塚市高村２０３平塚高村団地１４-１０１", "url": "https://www.kaigokensaku.mhlw.go.jp/14/index.php?action_kouhyou_detail_004_kani=true&JigyosyoCd=1472001831-00&ServiceCd=410&Type=search", "url2": "http://www.abilities.jp/" }, "geometry": { "type": "Point", "coordinates": [ 139.307882799999987, 35.3334799 ] } },
{ "type": "Feature", "properties": { "内容": "シルバーはあと平塚【特定福祉用具販売】神奈川県平塚市四之宮7-2-10", "url": "https://www.kaigokensaku.mhlw.go.jp/14/index.php?action_kouhyou_detail_004_kani=true&JigyosyoCd=1472003308-00&ServiceCd=410&Type=search", "url2": "http://www.heart-mc.co.jp" }, "geometry": { "type": "Point", "coordinates": [ 139.3624853, 35.364654599999959 ] } },
{ "type": "Feature", "properties": { "内容": "コノハナ株式会社【特定福祉用具販売】神奈川県平塚市中里19-3", "url": "https://www.kaigokensaku.mhlw.go.jp/14/index.php?action_kouhyou_detail_004_kani=true&JigyosyoCd=1472004868-00&ServiceCd=410&Type=search", "url2": null }, "geometry": { "type": "Point", "coordinates": [ 139.332842008598362, 35.333777425547083 ] } },
{ "type": "Feature", "properties": { "内容": "クリエーティブ　カミヤ株式会社　湘南営業所【特定福祉用具販売】神奈川県平塚市袖ケ浜１６－６２第三ヤマイチビル１階", "url": "https://www.kaigokensaku.mhlw.go.jp/14/index.php?action_kouhyou_detail_004_kani=true&JigyosyoCd=1472000296-00&ServiceCd=410&Type=search", "url2": "https://www.c-kamiya.co.jp/" }, "geometry": { "type": "Point", "coordinates": [ 139.350668600000063, 35.3199482 ] } },
{ "type": "Feature", "properties": { "内容": "ヘルスケア湘南営業所【特定福祉用具販売】神奈川県平塚市東中原1-2-13", "url": "https://www.kaigokensaku.mhlw.go.jp/14/index.php?action_kouhyou_detail_004_kani=true&JigyosyoCd=1472001260-00&ServiceCd=410&Type=search", "url2": "http://www.hcjapan.co.jp/" }, "geometry": { "type": "Point", "coordinates": [ 139.340128080331397, 35.350988752506389 ] } },
{ "type": "Feature", "properties": { "内容": "へいあんホームケア平塚【特定福祉用具販売】神奈川県平塚市桜ヶ丘1-35", "url": "https://www.kaigokensaku.mhlw.go.jp/14/index.php?action_kouhyou_detail_004_kani=true&JigyosyoCd=1472001740-00&ServiceCd=410&Type=search", "url2": "http://www.heian-homecare.jp/" }, "geometry": { "type": "Point", "coordinates": [ 139.329486699999961, 35.3265946 ] } },
{ "type": "Feature", "properties": { "内容": "ダスキンヘルスレント平塚ステーション【特定福祉用具販売】神奈川県平塚市西八幡2-1-21", "url": "https://www.kaigokensaku.mhlw.go.jp/14/index.php?action_kouhyou_detail_004_kani=true&JigyosyoCd=1472002961-00&ServiceCd=410&Type=search", "url2": "http://healthrent.duskin.jp/" }, "geometry": { "type": "Point", "coordinates": [ 139.351537, 35.3398042 ] } },
{ "type": "Feature", "properties": { "内容": "わかばホームケア【特定福祉用具販売】神奈川県平塚市平塚1丁目９番２３号", "url": "https://www.kaigokensaku.mhlw.go.jp/14/index.php?action_kouhyou_detail_004_kani=true&JigyosyoCd=1472003076-00&ServiceCd=410&Type=search", "url2": null }, "geometry": { "type": "Point", "coordinates": [ 139.340574606884729, 35.327992492665999 ] } },
{ "type": "Feature", "properties": { "内容": "株式会社フロンティア　平塚営業所【特定福祉用具販売】神奈川県平塚市めぐみが丘2-5-3", "url": "https://www.kaigokensaku.mhlw.go.jp/14/index.php?action_kouhyou_detail_004_kani=true&JigyosyoCd=1472004264-00&ServiceCd=410&Type=search", "url2": "http://www.frontier-ph.com" }, "geometry": { "type": "Point", "coordinates": [ 139.293278399999963, 35.3475141 ] } },
{ "type": "Feature", "properties": { "内容": "株式会社ニッショウ　平塚営業所【特定福祉用具販売】神奈川県平塚市中原2‐20‐1", "url": "https://www.kaigokensaku.mhlw.go.jp/14/index.php?action_kouhyou_detail_004_kani=true&JigyosyoCd=1472004330-00&ServiceCd=410&Type=search", "url2": "http://www.nissho-inc.com" }, "geometry": { "type": "Point", "coordinates": [ 139.333566630616957, 35.345460536268469 ] } },
{ "type": "Feature", "properties": { "内容": "株式会社イノベイションオブメディカルサービス平塚営業所【特定福祉用具販売】神奈川県平塚市新町4-21", "url": "https://www.kaigokensaku.mhlw.go.jp/14/index.php?action_kouhyou_detail_004_kani=true&JigyosyoCd=1472003381-00&ServiceCd=410&Type=search", "url2": "http://www.ims-inc.co.jp/" }, "geometry": { "type": "Point", "coordinates": [ 139.337118799999985, 35.3479756 ] } },
{ "type": "Feature", "properties": { "内容": "メディケアセンター平塚【特定福祉用具販売】神奈川県平塚市北豊田623-2", "url": "https://www.kaigokensaku.mhlw.go.jp/14/index.php?action_kouhyou_detail_004_kani=true&JigyosyoCd=1472001336-00&ServiceCd=410&Type=search", "url2": "https://www.mc-tehart.com/base/mc-hiratsuka" }, "geometry": { "type": "Point", "coordinates": [ 139.3259587, 35.3599407 ] } },
{ "type": "Feature", "properties": { "内容": "福祉用具HIBISU平塚【特定福祉用具販売】神奈川県平塚市横内2022ドミールA102", "url": "https://www.kaigokensaku.mhlw.go.jp/14/index.php?action_kouhyou_detail_004_kani=true&JigyosyoCd=1472005071-00&ServiceCd=410&Type=search", "url2": null }, "geometry": { "type": "Point", "coordinates": [ 139.3525251, 35.3759654 ] } },
{ "type": "Feature", "properties": { "内容": "オーシャン【特定福祉用具販売】神奈川県平塚市桜ケ丘6-16", "url": "https://www.kaigokensaku.mhlw.go.jp/14/index.php?action_kouhyou_detail_004_kani=true&JigyosyoCd=1472003365-00&ServiceCd=410&Type=search", "url2": null }, "geometry": { "type": "Point", "coordinates": [ 139.326453189604052, 35.327940133034623 ] } },
{ "type": "Feature", "properties": { "内容": "らくらっくかまくら【特定福祉用具販売】台5-2-3", "url": "https://www.kaigokensaku.mhlw.go.jp/14/index.php?action_kouhyou_detail_004_kani=true&JigyosyoCd=1472102324-00&ServiceCd=410&Type=search", "url2": null }, "geometry": { "type": "Point", "coordinates": [ 139.533840700000042, 35.3438503 ] } },
{ "type": "Feature", "properties": { "内容": "株式会社モノ・ウェルビーイング【特定福祉用具販売】神奈川県鎌倉市山崎１４６９－８", "url": "https://www.kaigokensaku.mhlw.go.jp/14/index.php?action_kouhyou_detail_004_kani=true&JigyosyoCd=1472102118-00&ServiceCd=410&Type=search", "url2": "http://monowellbeing.co.jp/" }, "geometry": { "type": "Point", "coordinates": [ 139.526410599999963, 35.3377594 ] } },
{ "type": "Feature", "properties": { "内容": "アシスタンス福祉用具事業部【特定福祉用具販売】神奈川県鎌倉市岡本１－３－２８カマクラ大船コーポ１０7", "url": "https://www.kaigokensaku.mhlw.go.jp/14/index.php?action_kouhyou_detail_004_kani=true&JigyosyoCd=1472101839-00&ServiceCd=410&Type=search", "url2": "http://www.assistance2004.co.jp/" }, "geometry": { "type": "Point", "coordinates": [ 139.529789400000027, 35.354961100000011 ] } },
{ "type": "Feature", "properties": { "内容": "福祉住環境研究所【特定福祉用具販売】鎌倉市今泉台２－８－６", "url": "https://www.kaigokensaku.mhlw.go.jp/14/index.php?action_kouhyou_detail_004_kani=true&JigyosyoCd=1472101466-00&ServiceCd=410&Type=search", "url2": null }, "geometry": { "type": "Point", "coordinates": [ 139.5580162, 35.3438816 ] } },
{ "type": "Feature", "properties": { "内容": "メディケアセンター鎌倉【特定福祉用具販売】神奈川県鎌倉市大船6-3-53", "url": "https://www.kaigokensaku.mhlw.go.jp/14/index.php?action_kouhyou_detail_004_kani=true&JigyosyoCd=1472100732-00&ServiceCd=410&Type=search", "url2": "https://www.mc-tehart.com/base/mc-kamakura/" }, "geometry": { "type": "Point", "coordinates": [ 139.5407208, 35.3518917 ] } },
{ "type": "Feature", "properties": { "内容": "株式会社ニッショウ　鎌倉営業所【特定福祉用具販売】神奈川県鎌倉市常盤155-8", "url": "https://www.kaigokensaku.mhlw.go.jp/14/index.php?action_kouhyou_detail_004_kani=true&JigyosyoCd=1472103447-00&ServiceCd=410&Type=search", "url2": "http://www.nissho-inc.com/" }, "geometry": { "type": "Point", "coordinates": [ 139.5198565, 35.3298099 ] } },
{ "type": "Feature", "properties": { "内容": "パナソニックエイジフリーショップ鎌倉【特定福祉用具販売】神奈川県鎌倉市大船2-17-19齋藤兄弟社ビル１、２階", "url": "https://www.kaigokensaku.mhlw.go.jp/14/index.php?action_kouhyou_detail_004_kani=true&JigyosyoCd=1472103561-00&ServiceCd=410&Type=search", "url2": "https://sumai.panasonic.jp/agefree/map/detail.php?id=423" }, "geometry": { "type": "Point", "coordinates": [ 139.535688, 35.3532531 ] } },
{ "type": "Feature", "properties": { "内容": "K＆Kコーポレーション株式会社【特定福祉用具販売】神奈川県鎌倉市玉縄4-4-8", "url": "https://www.kaigokensaku.mhlw.go.jp/14/index.php?action_kouhyou_detail_004_kani=true&JigyosyoCd=1472102415-00&ServiceCd=410&Type=search", "url2": "http://www.kkkaigo.com" }, "geometry": { "type": "Point", "coordinates": [ 139.516932709915551, 35.35727065767027 ] } },
{ "type": "Feature", "properties": { "内容": "セントケア　りまいん　鎌倉【特定福祉用具販売】神奈川県鎌倉市大町1丁目10番21号カマクラガーデンハウス2F", "url": "https://www.kaigokensaku.mhlw.go.jp/14/index.php?action_kouhyou_detail_004_kani=true&JigyosyoCd=1472103660-00&ServiceCd=410&Type=search", "url2": null }, "geometry": { "type": "Point", "coordinates": [ 139.5538507, 35.314634 ] } },
{ "type": "Feature", "properties": { "内容": "川崎建設株式会社【特定福祉用具販売】藤沢市片瀬海岸2-8-27", "url": "https://www.kaigokensaku.mhlw.go.jp/14/index.php?action_kouhyou_detail_004_kani=true&JigyosyoCd=1472203684-00&ServiceCd=410&Type=search", "url2": "https://www.kca.co.jp/" }, "geometry": { "type": "Point", "coordinates": [ 139.483814299999949, 35.3099839 ] } },
{ "type": "Feature", "properties": { "内容": "介えん隊【特定福祉用具販売】藤沢市下土棚６１２－１　１Ｆ－３", "url": "https://www.kaigokensaku.mhlw.go.jp/14/index.php?action_kouhyou_detail_004_kani=true&JigyosyoCd=1472201241-00&ServiceCd=410&Type=search", "url2": null }, "geometry": { "type": "Point", "coordinates": [ 139.458632299999977, 35.4107994 ] } },
{ "type": "Feature", "properties": { "内容": "湘南ケアツール　えん【特定福祉用具販売】神奈川県藤沢市辻堂2-1-8エバーズ第11ビル　地下1階", "url": "https://www.kaigokensaku.mhlw.go.jp/14/index.php?action_kouhyou_detail_004_kani=true&JigyosyoCd=1472206471-00&ServiceCd=410&Type=search", "url2": "http://shonannoen.com/" }, "geometry": { "type": "Point", "coordinates": [ 139.445746500000041, 35.3366436 ] } },
{ "type": "Feature", "properties": { "内容": "福祉用具センター育心【特定福祉用具販売】神奈川県藤沢市下土棚５５６－３３", "url": "https://www.kaigokensaku.mhlw.go.jp/14/index.php?action_kouhyou_detail_004_kani=true&JigyosyoCd=1472206521-00&ServiceCd=410&Type=search", "url2": null }, "geometry": { "type": "Point", "coordinates": [ 139.461744899999985, 35.4119853 ] } },
{ "type": "Feature", "properties": { "内容": "ダスキンヘルスレント湘南ステーション【特定福祉用具販売】神奈川県藤沢市辻堂太平台２－１－１３", "url": "https://www.kaigokensaku.mhlw.go.jp/14/index.php?action_kouhyou_detail_004_kani=true&JigyosyoCd=1472201423-00&ServiceCd=410&Type=search", "url2": "https://healthrent.duskin.jp/" }, "geometry": { "type": "Point", "coordinates": [ 139.461967700865642, 35.332476641523741 ] } },
{ "type": "Feature", "properties": { "内容": "メディケアセンター【特定福祉用具販売】神奈川県藤沢市藤沢1027", "url": "https://www.kaigokensaku.mhlw.go.jp/14/index.php?action_kouhyou_detail_004_kani=true&JigyosyoCd=1472200540-00&ServiceCd=410&Type=search", "url2": "https://www.mc-tehart.com/base/mc-head-office/" }, "geometry": { "type": "Point", "coordinates": [ 139.482411599999978, 35.3400839 ] } },
{ "type": "Feature", "properties": { "内容": "株式会社ニッショウ　藤沢営業所【特定福祉用具販売】神奈川県藤沢市湘南台3-3-12", "url": "https://www.kaigokensaku.mhlw.go.jp/14/index.php?action_kouhyou_detail_004_kani=true&JigyosyoCd=1472201092-00&ServiceCd=410&Type=search", "url2": "http://www.nissho-inc.com" }, "geometry": { "type": "Point", "coordinates": [ 139.462652919018495, 35.395793897993471 ] } },
{ "type": "Feature", "properties": { "内容": "株式会社　イノベイションオブメディカルサービス湘南営業所【特定福祉用具販売】神奈川県藤沢市石川2-3-18", "url": "https://www.kaigokensaku.mhlw.go.jp/14/index.php?action_kouhyou_detail_004_kani=true&JigyosyoCd=1472201860-00&ServiceCd=410&Type=search", "url2": "http://www.ims-inc.co.jp/" }, "geometry": { "type": "Point", "coordinates": [ 139.453308500000048, 35.373304 ] } },
{ "type": "Feature", "properties": { "内容": "パナソニックエイジフリーショップ湘南藤沢【特定福祉用具販売】神奈川県藤沢市石川1-6-10", "url": "https://www.kaigokensaku.mhlw.go.jp/14/index.php?action_kouhyou_detail_004_kani=true&JigyosyoCd=1472205689-00&ServiceCd=410&Type=search", "url2": "https://sumai.panasonic.jp/agefree/shop/search/shop_detail.php?shop=3G2" }, "geometry": { "type": "Point", "coordinates": [ 139.451973602442195, 35.377950126386239 ] } },
{ "type": "Feature", "properties": { "内容": "介護の太助　藤沢店【特定福祉用具販売】神奈川県藤沢市羽鳥3-21-10", "url": "https://www.kaigokensaku.mhlw.go.jp/14/index.php?action_kouhyou_detail_004_kani=true&JigyosyoCd=1472206042-00&ServiceCd=410&Type=search", "url2": "https://www.kaigo-tasuke.co.jp/" }, "geometry": { "type": "Point", "coordinates": [ 139.457761099999971, 35.3472962 ] } },
{ "type": "Feature", "properties": { "内容": "クリエーティブカミヤ株式会社　藤沢営業所【特定福祉用具販売】神奈川県藤沢市石川1766-2中村ビル1F", "url": "https://www.kaigokensaku.mhlw.go.jp/14/index.php?action_kouhyou_detail_004_kani=true&JigyosyoCd=1472206646-00&ServiceCd=410&Type=search", "url2": "http://www.c-kamiya.co.jp/" }, "geometry": { "type": "Point", "coordinates": [ 139.44284719999996, 35.3929688 ] } },
{ "type": "Feature", "properties": { "内容": "イーライフ株式会社　湘南営業所【特定福祉用具販売】神奈川県藤沢市藤沢3-1-23本町ﾋﾛ･ﾋﾞﾙⅠ　２F", "url": "https://www.kaigokensaku.mhlw.go.jp/14/index.php?action_kouhyou_detail_004_kani=true&JigyosyoCd=1472207024-00&ServiceCd=410&Type=search", "url2": "http://e-lifecare.com" }, "geometry": { "type": "Point", "coordinates": [ 139.477661920577219, 35.348057091256138 ] } },
{ "type": "Feature", "properties": { "内容": "株式会社ヤマシタ　藤沢営業所【特定福祉用具販売】神奈川県藤沢市村岡東1-16-2", "url": "https://www.kaigokensaku.mhlw.go.jp/14/index.php?action_kouhyou_detail_004_kani=true&JigyosyoCd=1474000104-00&ServiceCd=410&Type=search", "url2": "http://www.yco.co.jp" }, "geometry": { "type": "Point", "coordinates": [ 139.504386771009877, 35.337385480020565 ] } },
{ "type": "Feature", "properties": { "内容": "株式会社ニッショウ湘南営業所【特定福祉用具販売】神奈川県藤沢市本鵠沼2-18-19ヤマノイマンション鵠沼１Ｆ", "url": "https://www.kaigokensaku.mhlw.go.jp/14/index.php?action_kouhyou_detail_004_kani=true&JigyosyoCd=1472204716-00&ServiceCd=410&Type=search", "url2": "https://www.nissho-inc.com" }, "geometry": { "type": "Point", "coordinates": [ 139.472193100000027, 35.3335399 ] } },
{ "type": "Feature", "properties": { "内容": "湘南ホームフレンド介護サービス【特定福祉用具販売】神奈川県藤沢市辻堂元町4-17-22門倉ビル3階", "url": "https://www.kaigokensaku.mhlw.go.jp/14/index.php?action_kouhyou_detail_004_kani=true&JigyosyoCd=1472200367-00&ServiceCd=410&Type=search", "url2": "http://www.homefriend.co.jp/service/fukushi/" }, "geometry": { "type": "Point", "coordinates": [ 139.458727361028224, 35.331617399769875 ] } },
{ "type": "Feature", "properties": { "内容": "湘南サミット【特定福祉用具販売】神奈川県藤沢市亀井野4-15-1-2F", "url": "https://www.kaigokensaku.mhlw.go.jp/14/index.php?action_kouhyou_detail_004_kani=true&JigyosyoCd=1472207727-00&ServiceCd=410&Type=search", "url2": null }, "geometry": { "type": "Point", "coordinates": [ 139.4741977, 35.3859304 ] } },
{ "type": "Feature", "properties": { "内容": "介護ショップ　ゆうなぎ【特定福祉用具販売】神奈川県小田原市西酒匂1-5-2LSビル1F", "url": "https://www.kaigokensaku.mhlw.go.jp/14/index.php?action_kouhyou_detail_004_kani=true&JigyosyoCd=1472303468-00&ServiceCd=410&Type=search", "url2": "http://www.life-serve.com" }, "geometry": { "type": "Point", "coordinates": [ 139.182364, 35.2683532 ] } },
{ "type": "Feature", "properties": { "内容": "ダスキンヘルスレント小田原ステーション【特定福祉用具販売】神奈川県小田原市栄町3-22-14大西ビル1階", "url": "https://www.kaigokensaku.mhlw.go.jp/14/index.php?action_kouhyou_detail_004_kani=true&JigyosyoCd=1472303740-00&ServiceCd=410&Type=search", "url2": "https://healthrent.duskin.jp/station/kanagawa/odawara.html" }, "geometry": { "type": "Point", "coordinates": [ 139.16008930000001, 35.2604153 ] } },
{ "type": "Feature", "properties": { "内容": "富士ライフサポート小田原営業所【特定福祉用具販売】神奈川県小田原市久野857-1", "url": "https://www.kaigokensaku.mhlw.go.jp/14/index.php?action_kouhyou_detail_004_kani=true&JigyosyoCd=1472300258-00&ServiceCd=410&Type=search", "url2": "http://www.fujifilm.coop/service/kaigo/index.shtml#04" }, "geometry": { "type": "Point", "coordinates": [ 139.1427377, 35.268602 ] } },
{ "type": "Feature", "properties": { "内容": "有限会社　ほほえみライフ【特定福祉用具販売】神奈川県小田原市上新田２１ひかりビル１階Ｂ－１", "url": "https://www.kaigokensaku.mhlw.go.jp/14/index.php?action_kouhyou_detail_004_kani=true&JigyosyoCd=1472300886-00&ServiceCd=410&Type=search", "url2": null }, "geometry": { "type": "Point", "coordinates": [ 139.171753599999988, 35.276124 ] } },
{ "type": "Feature", "properties": { "内容": "株式会社茶利　チャーリーケア【特定福祉用具販売】神奈川県小田原市扇町3-14-21", "url": "https://www.kaigokensaku.mhlw.go.jp/14/index.php?action_kouhyou_detail_004_kani=true&JigyosyoCd=1472300308-00&ServiceCd=410&Type=search", "url2": "http://www.chari.co.jp" }, "geometry": { "type": "Point", "coordinates": [ 139.157963900000027, 35.2715187 ] } },
{ "type": "Feature", "properties": { "内容": "メディケアセンター小田原【特定福祉用具販売】神奈川県小田原市南鴨宮2-47-3", "url": "https://www.kaigokensaku.mhlw.go.jp/14/index.php?action_kouhyou_detail_004_kani=true&JigyosyoCd=1472303088-00&ServiceCd=410&Type=search", "url2": "https://www.mc-tehart.com/base/mc-odawara/" }, "geometry": { "type": "Point", "coordinates": [ 139.177336400000058, 35.2743883 ] } },
{ "type": "Feature", "properties": { "内容": "かがわケアサービス【特定福祉用具販売】神奈川県茅ヶ崎市香川4-19-25", "url": "https://www.kaigokensaku.mhlw.go.jp/14/index.php?action_kouhyou_detail_004_kani=true&JigyosyoCd=1472403029-00&ServiceCd=410&Type=search", "url2": "https://hp.kaipoke.biz/e0d/" }, "geometry": { "type": "Point", "coordinates": [ 139.399009636887172, 35.352199261310311 ] } },
{ "type": "Feature", "properties": { "内容": "福祉用具　いきいき【特定福祉用具販売】神奈川県茅ヶ崎市円蔵1388", "url": "https://www.kaigokensaku.mhlw.go.jp/14/index.php?action_kouhyou_detail_004_kani=true&JigyosyoCd=1472403367-00&ServiceCd=410&Type=search", "url2": "https://funlife-inc.jp" }, "geometry": { "type": "Point", "coordinates": [ 139.409522258206096, 35.34943523643912 ] } },
{ "type": "Feature", "properties": { "内容": "株式会社　ニッショウ【特定福祉用具販売】神奈川県茅ヶ崎市高田4-24-30", "url": "https://www.kaigokensaku.mhlw.go.jp/14/index.php?action_kouhyou_detail_004_kani=true&JigyosyoCd=1472400298-00&ServiceCd=410&Type=search", "url2": "https://www.nissho-inc.com/goods.html" }, "geometry": { "type": "Point", "coordinates": [ 139.412557300000032, 35.3408258 ] } },
{ "type": "Feature", "properties": { "内容": "ふれあい便利堂【特定福祉用具販売】神奈川県茅ケ崎市円蔵３７０－２０", "url": "https://www.kaigokensaku.mhlw.go.jp/14/index.php?action_kouhyou_detail_004_kani=true&JigyosyoCd=1472401593-00&ServiceCd=410&Type=search", "url2": null }, "geometry": { "type": "Point", "coordinates": [ 139.404941, 35.3425168 ] } },
{ "type": "Feature", "properties": { "内容": "ケアサポート湘南【特定福祉用具販売】神奈川県茅ヶ崎市高田4-3-30", "url": "https://www.kaigokensaku.mhlw.go.jp/14/index.php?action_kouhyou_detail_004_kani=true&JigyosyoCd=1472402583-00&ServiceCd=410&Type=search", "url2": "http://hp.kaipoke.biz/4dc/" }, "geometry": { "type": "Point", "coordinates": [ 139.413057411674117, 35.34261256799487 ] } },
{ "type": "Feature", "properties": { "内容": "福祉用具の明【特定福祉用具販売】神奈川県茅ケ崎市出口町12-68", "url": "https://www.kaigokensaku.mhlw.go.jp/14/index.php?action_kouhyou_detail_004_kani=true&JigyosyoCd=1472402955-00&ServiceCd=410&Type=search", "url2": "https://stella-akari.com/" }, "geometry": { "type": "Point", "coordinates": [ 139.431182656504319, 35.332889406092903 ] } },
{ "type": "Feature", "properties": { "内容": "有限会社　介護用品専門店　たんぽぽ【特定福祉用具販売】逗子市桜山２－２－５８", "url": "https://www.kaigokensaku.mhlw.go.jp/14/index.php?action_kouhyou_detail_004_kani=true&JigyosyoCd=1472500113-00&ServiceCd=410&Type=search", "url2": null }, "geometry": { "type": "Point", "coordinates": [ 139.586197399999946, 35.2953837 ] } },
{ "type": "Feature", "properties": { "内容": "ケアサポートてん【特定福祉用具販売】逗子市桜山５－７ー６　ＳＴビル２階", "url": "https://www.kaigokensaku.mhlw.go.jp/14/index.php?action_kouhyou_detail_004_kani=true&JigyosyoCd=1472500295-00&ServiceCd=410&Type=search", "url2": null }, "geometry": { "type": "Point", "coordinates": [ 139.597788199999968, 35.2972782 ] } },
{ "type": "Feature", "properties": { "内容": "CARE　ONE【特定福祉用具販売】神奈川県逗子市山の根3-10-16", "url": "https://www.kaigokensaku.mhlw.go.jp/14/index.php?action_kouhyou_detail_004_kani=true&JigyosyoCd=1472501194-00&ServiceCd=410&Type=search", "url2": null }, "geometry": { "type": "Point", "coordinates": [ 139.5876302, 35.3011015 ] } },
{ "type": "Feature", "properties": { "内容": "メディケアセンター逗子【特定福祉用具販売】神奈川県逗子市沼間6-4-24", "url": "https://www.kaigokensaku.mhlw.go.jp/14/index.php?action_kouhyou_detail_004_kani=true&JigyosyoCd=1472501152-00&ServiceCd=410&Type=search", "url2": "https://www.mc-tehart.com/" }, "geometry": { "type": "Point", "coordinates": [ 139.6149488, 35.2968147 ] } },
{ "type": "Feature", "properties": { "内容": "メディケアセンター三浦【特定福祉用具販売】神奈川県三浦市初声町和田2747-6レジデンスパミール１Ｆ", "url": "https://www.kaigokensaku.mhlw.go.jp/14/index.php?action_kouhyou_detail_004_kani=true&JigyosyoCd=1472701125-00&ServiceCd=410&Type=search", "url2": "https://www.mc-tehart.com" }, "geometry": { "type": "Point", "coordinates": [ 139.6480745, 35.204791 ] } },
{ "type": "Feature", "properties": { "内容": "株式会社　エスティサービス秦野営業所【特定福祉用具販売】秦野市寿町２－１６", "url": "https://www.kaigokensaku.mhlw.go.jp/14/index.php?action_kouhyou_detail_004_kani=true&JigyosyoCd=1472800158-00&ServiceCd=410&Type=search", "url2": "http://www.st-service.co.jp" }, "geometry": { "type": "Point", "coordinates": [ 139.228473, 35.3753611 ] } },
{ "type": "Feature", "properties": { "内容": "すまいるサポート【特定福祉用具販売】神奈川県秦野市渋沢1431-19", "url": "https://www.kaigokensaku.mhlw.go.jp/14/index.php?action_kouhyou_detail_004_kani=true&JigyosyoCd=1472801560-00&ServiceCd=410&Type=search", "url2": null }, "geometry": { "type": "Point", "coordinates": [ 139.199757299999987, 35.3692148 ] } },
{ "type": "Feature", "properties": { "内容": "介護ショップあかつき【特定福祉用具販売】神奈川県秦野市下大槻172セシリアマンション105", "url": "https://www.kaigokensaku.mhlw.go.jp/14/index.php?action_kouhyou_detail_004_kani=true&JigyosyoCd=1472801644-00&ServiceCd=410&Type=search", "url2": "https://hp.kaipoke.biz/u05/71823/index_0005.html" }, "geometry": { "type": "Point", "coordinates": [ 139.26040080000007, 35.3622137 ] } },
{ "type": "Feature", "properties": { "内容": "メディケアセンター秦野【特定福祉用具販売】神奈川県秦野市尾尻484-1エスポワール１", "url": "https://www.kaigokensaku.mhlw.go.jp/14/index.php?action_kouhyou_detail_004_kani=true&JigyosyoCd=1472802311-00&ServiceCd=410&Type=search", "url2": "http://www.mc-tehart.com/" }, "geometry": { "type": "Point", "coordinates": [ 139.2274142, 35.3638375 ] } },
{ "type": "Feature", "properties": { "内容": "Carrent厚木【特定福祉用具販売】神奈川県厚木市中町4-14-1サクセス本厚木ビル5F", "url": "https://www.kaigokensaku.mhlw.go.jp/14/index.php?action_kouhyou_detail_004_kani=true&JigyosyoCd=1472902426-00&ServiceCd=410&Type=search", "url2": null }, "geometry": { "type": "Point", "coordinates": [ 139.3627639, 35.4391129 ] } },
{ "type": "Feature", "properties": { "内容": "近鉄スマイルライフ　東日本営業部【特定福祉用具販売】神奈川県厚木市酒井３０２８", "url": "https://www.kaigokensaku.mhlw.go.jp/14/index.php?action_kouhyou_detail_004_kani=true&JigyosyoCd=1472901345-00&ServiceCd=410&Type=search", "url2": "http://www.k-smile.com" }, "geometry": { "type": "Point", "coordinates": [ 139.3570274, 35.421095 ] } },
{ "type": "Feature", "properties": { "内容": "株式会社イノベイションオブメディカルサービス厚木支社【特定福祉用具販売】神奈川県厚木市船子579-1", "url": "https://www.kaigokensaku.mhlw.go.jp/14/index.php?action_kouhyou_detail_004_kani=true&JigyosyoCd=1472900040-00&ServiceCd=410&Type=search", "url2": "http://www.ims-inc.co.jp/" }, "geometry": { "type": "Point", "coordinates": [ 139.356616700000018, 35.4283304 ] } },
{ "type": "Feature", "properties": { "内容": "メディケアセンター厚木【特定福祉用具販売】神奈川県厚木市妻田西1-15-12", "url": "https://www.kaigokensaku.mhlw.go.jp/14/index.php?action_kouhyou_detail_004_kani=true&JigyosyoCd=1472902483-00&ServiceCd=410&Type=search", "url2": "https://www.mc-tehart.com/base/mc-atsugi/" }, "geometry": { "type": "Point", "coordinates": [ 139.3556006, 35.4578354 ] } },
{ "type": "Feature", "properties": { "内容": "ダスキンヘルスレント厚木ステーション【特定福祉用具販売】神奈川県厚木市栄町2-1-12光和エステートビル　B-2", "url": "https://www.kaigokensaku.mhlw.go.jp/14/index.php?action_kouhyou_detail_004_kani=true&JigyosyoCd=1472902830-00&ServiceCd=410&Type=search", "url2": "https://healthrent.duskin.jp/station/kanagawa/atsugi.html" }, "geometry": { "type": "Point", "coordinates": [ 139.355278604285559, 35.439856921077237 ] } },
{ "type": "Feature", "properties": { "内容": "ハートフルやまと【特定福祉用具販売】神奈川県大和市南林間5-11-25セトル南林間103", "url": "https://www.kaigokensaku.mhlw.go.jp/14/index.php?action_kouhyou_detail_004_kani=true&JigyosyoCd=1473002200-00&ServiceCd=410&Type=search", "url2": null }, "geometry": { "type": "Point", "coordinates": [ 139.442328399999951, 35.4937415 ] } },
{ "type": "Feature", "properties": { "内容": "介護ハウス　パートナー【特定福祉用具販売】神奈川県大和市林間１－１２－９", "url": "https://www.kaigokensaku.mhlw.go.jp/14/index.php?action_kouhyou_detail_004_kani=true&JigyosyoCd=1473000311-00&ServiceCd=410&Type=search", "url2": null }, "geometry": { "type": "Point", "coordinates": [ 139.451122100000021, 35.4941469 ] } },
{ "type": "Feature", "properties": { "内容": "福祉の便利屋　ゆこす【特定福祉用具販売】神奈川県大和市林間2-21-5", "url": "https://www.kaigokensaku.mhlw.go.jp/14/index.php?action_kouhyou_detail_004_kani=true&JigyosyoCd=1473002705-00&ServiceCd=410&Type=search", "url2": "https://www.ucs-llc.jp" }, "geometry": { "type": "Point", "coordinates": [ 139.449471138042156, 35.498854874324131 ] } },
{ "type": "Feature", "properties": { "内容": "介護レンタル　ケアポル【特定福祉用具販売】神奈川県大和市南林間4-6-17SEIKOビル　2F", "url": "https://www.kaigokensaku.mhlw.go.jp/14/index.php?action_kouhyou_detail_004_kani=true&JigyosyoCd=1473003737-00&ServiceCd=410&Type=search", "url2": "https://jala.co.jp/rental-carepol/" }, "geometry": { "type": "Point", "coordinates": [ 139.4445014, 35.4941927 ] } },
{ "type": "Feature", "properties": { "内容": "アステップ関東支店【特定福祉用具販売】神奈川県大和市桜森3-10-9フローリッシュ桜森103号", "url": "https://www.kaigokensaku.mhlw.go.jp/14/index.php?action_kouhyou_detail_004_kani=true&JigyosyoCd=1473003778-00&ServiceCd=410&Type=search", "url2": null }, "geometry": { "type": "Point", "coordinates": [ 139.437446200000039, 35.471402600000019 ] } },
{ "type": "Feature", "properties": { "内容": "サクラサービス株式会社【特定福祉用具販売】神奈川県大和市渋谷1-7-9", "url": "https://www.kaigokensaku.mhlw.go.jp/14/index.php?action_kouhyou_detail_004_kani=true&JigyosyoCd=1473000907-00&ServiceCd=410&Type=search", "url2": "https://www.sakuraservice.co.jp" }, "geometry": { "type": "Point", "coordinates": [ 139.465834699999959, 35.4372569 ] } },
{ "type": "Feature", "properties": { "内容": "メディケアセンター大和【特定福祉用具販売】神奈川県大和市上和田２４１２－２－１２", "url": "https://www.kaigokensaku.mhlw.go.jp/14/index.php?action_kouhyou_detail_004_kani=true&JigyosyoCd=1473001251-00&ServiceCd=410&Type=search", "url2": "http://www.mc-tehart.com/" }, "geometry": { "type": "Point", "coordinates": [ 139.472723099999939, 35.4383514 ] } },
{ "type": "Feature", "properties": { "内容": "株式会社フロンティア大和営業所【特定福祉用具販売】神奈川県大和市鶴間2-12-24", "url": "https://www.kaigokensaku.mhlw.go.jp/14/index.php?action_kouhyou_detail_004_kani=true&JigyosyoCd=1473002150-00&ServiceCd=410&Type=search", "url2": "http://www.frontier-ph.com/" }, "geometry": { "type": "Point", "coordinates": [ 139.454705200000035, 35.4919696 ] } },
{ "type": "Feature", "properties": { "内容": "株式会社ヤマシタ　大和営業所【特定福祉用具販売】神奈川県大和市林間1-20-15プライム林間１F", "url": "https://www.kaigokensaku.mhlw.go.jp/14/index.php?action_kouhyou_detail_004_kani=true&JigyosyoCd=1473003570-00&ServiceCd=410&Type=search", "url2": "https://www.yco.co.jp/" }, "geometry": { "type": "Point", "coordinates": [ 139.4517558, 35.498189 ] } },
{ "type": "Feature", "properties": { "内容": "フランスベッド株式会社　メディカル大和営業所【特定福祉用具販売】神奈川県大和市深見東1-4-31", "url": "https://www.kaigokensaku.mhlw.go.jp/14/index.php?action_kouhyou_detail_004_kani=true&JigyosyoCd=1474400361-00&ServiceCd=410&Type=search", "url2": "https://www.francebed.co.jp" }, "geometry": { "type": "Point", "coordinates": [ 139.46594719999996, 35.4778761 ] } },
{ "type": "Feature", "properties": { "内容": "ダックス【特定福祉用具販売】神奈川県伊勢原市下谷170-3", "url": "https://www.kaigokensaku.mhlw.go.jp/14/index.php?action_kouhyou_detail_004_kani=true&JigyosyoCd=1474001458-00&ServiceCd=410&Type=search", "url2": null }, "geometry": { "type": "Point", "coordinates": [ 139.3412051, 35.387312 ] } },
{ "type": "Feature", "properties": { "内容": "すまいる【特定福祉用具販売】神奈川県伊勢原市板戸２０４-１", "url": "https://www.kaigokensaku.mhlw.go.jp/14/index.php?action_kouhyou_detail_004_kani=true&JigyosyoCd=1474001136-00&ServiceCd=410&Type=search", "url2": null }, "geometry": { "type": "Point", "coordinates": [ 139.298727699999972, 35.3995269 ] } },
{ "type": "Feature", "properties": { "内容": "ケアサポート　りんどう【特定福祉用具販売】神奈川県伊勢原市板戸126-1", "url": "https://www.kaigokensaku.mhlw.go.jp/14/index.php?action_kouhyou_detail_004_kani=true&JigyosyoCd=1474000120-00&ServiceCd=410&Type=search", "url2": "https://www.hbc-rindou.co.jp/officeinfo/isehara/post_16.html" }, "geometry": { "type": "Point", "coordinates": [ 139.297619602458184, 35.402270729053008 ] } },
{ "type": "Feature", "properties": { "内容": "有限会社　ケアフルホーム【特定福祉用具販売】神奈川県伊勢原市沼目2-16-11", "url": "https://www.kaigokensaku.mhlw.go.jp/14/index.php?action_kouhyou_detail_004_kani=true&JigyosyoCd=1474000286-00&ServiceCd=410&Type=search", "url2": "http://www.carefulhome.jp/" }, "geometry": { "type": "Point", "coordinates": [ 139.326321900000039, 35.3916535 ] } },
{ "type": "Feature", "properties": { "内容": "かたくり福祉用具海老名センター【特定福祉用具販売】神奈川県海老名市大谷北1－3－1アツギ株式会社研究センターC棟", "url": "https://www.kaigokensaku.mhlw.go.jp/14/index.php?action_kouhyou_detail_004_kani=true&JigyosyoCd=1472206950-00&ServiceCd=410&Type=search", "url2": null }, "geometry": { "type": "Point", "coordinates": [ 139.394829804541445, 35.44462852661875 ] } },
{ "type": "Feature", "properties": { "内容": "けやきサポート【特定福祉用具販売】神奈川県海老名市門沢橋3-11-18佐藤倉庫102", "url": "https://www.kaigokensaku.mhlw.go.jp/14/index.php?action_kouhyou_detail_004_kani=true&JigyosyoCd=1472901469-00&ServiceCd=410&Type=search", "url2": null }, "geometry": { "type": "Point", "coordinates": [ 139.376540399999982, 35.4035327 ] } },
{ "type": "Feature", "properties": { "内容": "ケアレンタル海老名【特定福祉用具販売】神奈川県海老名市杉久保南2-13-13", "url": "https://www.kaigokensaku.mhlw.go.jp/14/index.php?action_kouhyou_detail_004_kani=true&JigyosyoCd=1474200506-00&ServiceCd=410&Type=search", "url2": "http://www.jinai.jp/rental_ebina/" }, "geometry": { "type": "Point", "coordinates": [ 139.401480477378414, 35.42347264692345 ] } },
{ "type": "Feature", "properties": { "内容": "株式会社　トーカイ　海老名営業所【特定福祉用具販売】神奈川県海老名市国分北1丁目7番25号", "url": "https://www.kaigokensaku.mhlw.go.jp/14/index.php?action_kouhyou_detail_004_kani=true&JigyosyoCd=1474200589-00&ServiceCd=410&Type=search", "url2": "http://www.tokai-corp.com/" }, "geometry": { "type": "Point", "coordinates": [ 139.394494399999985, 35.4583775 ] } },
{ "type": "Feature", "properties": { "内容": "イーグルアイ・サポート【特定福祉用具販売】神奈川県座間市入谷1－191－1山本ビル１階", "url": "https://www.kaigokensaku.mhlw.go.jp/14/index.php?action_kouhyou_detail_004_kani=true&JigyosyoCd=1474101589-00&ServiceCd=410&Type=search", "url2": null }, "geometry": { "type": "Point", "coordinates": [ 139.39425069999993, 35.4819118 ] } },
{ "type": "Feature", "properties": { "内容": "ランケア【特定福祉用具販売】神奈川県座間市相武台2-9-27", "url": "https://www.kaigokensaku.mhlw.go.jp/14/index.php?action_kouhyou_detail_004_kani=true&JigyosyoCd=1474101738-00&ServiceCd=410&Type=search", "url2": "http://www.rancare.jp/" }, "geometry": { "type": "Point", "coordinates": [ 139.416408600000011, 35.5039962 ] } },
{ "type": "Feature", "properties": { "内容": "楽天家フレンドサービス【特定福祉用具販売】神奈川県座間市緑ケ丘４－７－１", "url": "https://www.kaigokensaku.mhlw.go.jp/14/index.php?action_kouhyou_detail_004_kani=true&JigyosyoCd=1474100086-00&ServiceCd=410&Type=search", "url2": null }, "geometry": { "type": "Point", "coordinates": [ 139.406362, 35.4931393 ] } },
{ "type": "Feature", "properties": { "内容": "メディカルサービスおかもと【特定福祉用具販売】神奈川県南足柄市福泉２４－９", "url": "https://www.kaigokensaku.mhlw.go.jp/14/index.php?action_kouhyou_detail_004_kani=true&JigyosyoCd=1474300082-00&ServiceCd=410&Type=search", "url2": null }, "geometry": { "type": "Point", "coordinates": [ 139.09098419999998, 35.3270797 ] } },
{ "type": "Feature", "properties": { "内容": "Ｓｕｎｎｙ’ｓ　Ｃａｒｅ　小田原【特定福祉用具販売】神奈川県南足柄市沼田15-9", "url": "https://www.kaigokensaku.mhlw.go.jp/14/index.php?action_kouhyou_detail_004_kani=true&JigyosyoCd=1472303856-00&ServiceCd=410&Type=search", "url2": "https://www.sunnyscare.jp/" }, "geometry": { "type": "Point", "coordinates": [ 139.135134497370188, 35.290628353520084 ] } },
{ "type": "Feature", "properties": { "内容": "Ｓａｉｌｆｒｅｅ【特定福祉用具販売】神奈川県海老名市東柏ケ谷3-3-19VILLAGE2nd303", "url": "https://www.kaigokensaku.mhlw.go.jp/14/index.php?action_kouhyou_detail_004_kani=true&JigyosyoCd=1474400783-00&ServiceCd=410&Type=search", "url2": null }, "geometry": { "type": "Point", "coordinates": [ 139.426697699999977, 35.4505902 ] } },
{ "type": "Feature", "properties": { "内容": "さんしゃいんケアサービス【特定福祉用具販売】神奈川県綾瀬市吉岡東3-1-7", "url": "https://www.kaigokensaku.mhlw.go.jp/14/index.php?action_kouhyou_detail_004_kani=true&JigyosyoCd=1474400882-00&ServiceCd=410&Type=search", "url2": "https://sunshine-cs.com" }, "geometry": { "type": "Point", "coordinates": [ 139.421948400000019, 35.4252654 ] } },
{ "type": "Feature", "properties": { "内容": "株式会社協同電気研究所【特定福祉用具販売】神奈川県綾瀬市小園880-1", "url": "https://www.kaigokensaku.mhlw.go.jp/14/index.php?action_kouhyou_detail_004_kani=true&JigyosyoCd=1474401013-00&ServiceCd=410&Type=search", "url2": "http://hp.kaipoke.biz/fcg" }, "geometry": { "type": "Point", "coordinates": [ 139.4140472, 35.4502656 ] } },
{ "type": "Feature", "properties": { "内容": "信愛【特定福祉用具販売】神奈川県中郡二宮町中里911金目ビル1階北", "url": "https://www.kaigokensaku.mhlw.go.jp/14/index.php?action_kouhyou_detail_004_kani=true&JigyosyoCd=1471300572-00&ServiceCd=410&Type=search", "url2": null }, "geometry": { "type": "Point", "coordinates": [ 139.253911099999982, 35.2976215 ] } },
{ "type": "Feature", "properties": { "内容": "株式会社リフテック西湘【特定福祉用具販売】神奈川県足柄上郡大井町金子１０１２－１", "url": "https://www.kaigokensaku.mhlw.go.jp/14/index.php?action_kouhyou_detail_004_kani=true&JigyosyoCd=1471400265-00&ServiceCd=410&Type=search", "url2": "http://www.liftec.biz/" }, "geometry": { "type": "Point", "coordinates": [ 139.146640423357553, 35.33405143592973 ] } },
{ "type": "Feature", "properties": { "内容": "ショップ　マハロ【特定福祉用具販売】神奈川県足柄上郡山北町山北１３７8", "url": "https://www.kaigokensaku.mhlw.go.jp/14/index.php?action_kouhyou_detail_004_kani=true&JigyosyoCd=1471400513-00&ServiceCd=410&Type=search", "url2": null }, "geometry": { "type": "Point", "coordinates": [ 139.0826978, 35.3621074 ] } },
{ "type": "Feature", "properties": { "内容": "ケアサポート　まごころ【特定福祉用具販売】神奈川県足柄上郡山北町岸30-19", "url": "https://www.kaigokensaku.mhlw.go.jp/14/index.php?action_kouhyou_detail_004_kani=true&JigyosyoCd=1471400638-00&ServiceCd=410&Type=search", "url2": null }, "geometry": { "type": "Point", "coordinates": [ 139.099368300000037, 35.3543983 ] } },
{ "type": "Feature", "properties": { "内容": "株式会社ケア・ドゥ【特定福祉用具販売】神奈川県足柄上郡開成町みなみ5-4-17", "url": "https://www.kaigokensaku.mhlw.go.jp/14/index.php?action_kouhyou_detail_004_kani=true&JigyosyoCd=1471400976-00&ServiceCd=410&Type=search", "url2": null }, "geometry": { "type": "Point", "coordinates": [ 139.127711, 35.3205382 ] } }
]
}
