{
"type": "FeatureCollection",
"name": "geo_14_福祉用具貸与",
"crs": { "type": "name", "properties": { "name": "urn:ogc:def:crs:OGC:1.3:CRS84" } },
"features": [
{ "type": "Feature", "properties": { "内容": "えにしあ【福祉用具貸与】神奈川県横浜市鶴見区市場大和町4-3鶴見ロータリーハイツ1階", "url2": "https://www.kaigokensaku.mhlw.go.jp/14/index.php?action_kouhyou_detail_004_kani=true&JigyosyoCd=1470102730-00&ServiceCd=170&Type=search" }, "geometry": { "type": "Point", "coordinates": [ 139.6871251, 35.5166969 ] } },
{ "type": "Feature", "properties": { "内容": "福祉用具　暖団　横浜【福祉用具貸与】神奈川県横浜市鶴見区駒岡2-7-4", "url2": "https://www.kaigokensaku.mhlw.go.jp/14/index.php?action_kouhyou_detail_004_kani=true&JigyosyoCd=1470101716-00&ServiceCd=170&Type=search" }, "geometry": { "type": "Point", "coordinates": [ 139.649003200000038, 35.5280153 ] } },
{ "type": "Feature", "properties": { "内容": "介護用品サービス　シャンテール【福祉用具貸与】神奈川県横浜市鶴見区本町通2-85-2ニックハイム鶴見第6　104号", "url2": "https://www.kaigokensaku.mhlw.go.jp/14/index.php?action_kouhyou_detail_004_kani=true&JigyosyoCd=1470102052-00&ServiceCd=170&Type=search" }, "geometry": { "type": "Point", "coordinates": [ 139.682741932479871, 35.50200241241663 ] } },
{ "type": "Feature", "properties": { "内容": "介護の相談所　ひばり【福祉用具貸与】神奈川県横浜市鶴見区生麦1-7-16ライオンズマンション生麦第3　102号室・103号室", "url2": "https://www.kaigokensaku.mhlw.go.jp/14/index.php?action_kouhyou_detail_004_kani=true&JigyosyoCd=1470101849-00&ServiceCd=170&Type=search" }, "geometry": { "type": "Point", "coordinates": [ 139.664908200000013, 35.4934332 ] } },
{ "type": "Feature", "properties": { "内容": "はじめサポート【福祉用具貸与】神奈川県横浜市鶴見区獅子ヶ谷2-30-11-3", "url2": "https://www.kaigokensaku.mhlw.go.jp/14/index.php?action_kouhyou_detail_004_kani=true&JigyosyoCd=1470102987-00&ServiceCd=170&Type=search" }, "geometry": { "type": "Point", "coordinates": [ 139.647636132426157, 35.51956609845567 ] } },
{ "type": "Feature", "properties": { "内容": "パナソニックエイジフリーショップ横浜鶴見【福祉用具貸与】神奈川県横浜市鶴見区下末吉4-7-20サンハイツ下末吉1階", "url2": "https://www.kaigokensaku.mhlw.go.jp/14/index.php?action_kouhyou_detail_004_kani=true&JigyosyoCd=1470103191-00&ServiceCd=170&Type=search" }, "geometry": { "type": "Point", "coordinates": [ 139.670412195106593, 35.521241013673816 ] } },
{ "type": "Feature", "properties": { "内容": "株式会社　イノベイションオブメディカルサービス綱島営業所【福祉用具貸与】神奈川県横浜市鶴見区駒岡2-16-4", "url2": "https://www.kaigokensaku.mhlw.go.jp/14/index.php?action_kouhyou_detail_004_kani=true&JigyosyoCd=1470102375-00&ServiceCd=170&Type=search" }, "geometry": { "type": "Point", "coordinates": [ 139.6505363, 35.5308622 ] } },
{ "type": "Feature", "properties": { "内容": "株式会社　アクティヴ【福祉用具貸与】神奈川県横浜市神奈川区西寺尾３－２６－１", "url2": "https://www.kaigokensaku.mhlw.go.jp/14/index.php?action_kouhyou_detail_004_kani=true&JigyosyoCd=1470200575-00&ServiceCd=170&Type=search" }, "geometry": { "type": "Point", "coordinates": [ 139.654103500000019, 35.4951885 ] } },
{ "type": "Feature", "properties": { "内容": "ライフアドバンスセノバよこはま【福祉用具貸与】神奈川県横浜市神奈川区富家町7番地パークホームズ東神奈川ステーションアリーナ101", "url2": "https://www.kaigokensaku.mhlw.go.jp/14/index.php?action_kouhyou_detail_004_kani=true&JigyosyoCd=1470201458-00&ServiceCd=170&Type=search" }, "geometry": { "type": "Point", "coordinates": [ 139.634046075824017, 35.47978741225365 ] } },
{ "type": "Feature", "properties": { "内容": "シェルパ横浜　福祉用具レンタルサービス【福祉用具貸与】神奈川県横浜市神奈川区神大寺3-2-7ＫＣハイム１階", "url2": "https://www.kaigokensaku.mhlw.go.jp/14/index.php?action_kouhyou_detail_004_kani=true&JigyosyoCd=1470202472-00&ServiceCd=170&Type=search" }, "geometry": { "type": "Point", "coordinates": [ 139.607548734375968, 35.482015352354374 ] } },
{ "type": "Feature", "properties": { "内容": "エム・アップ　ケアサービス【福祉用具貸与】神奈川県横浜市神奈川区西神奈川3-17-7", "url2": "https://www.kaigokensaku.mhlw.go.jp/14/index.php?action_kouhyou_detail_004_kani=true&JigyosyoCd=1470200765-00&ServiceCd=170&Type=search" }, "geometry": { "type": "Point", "coordinates": [ 139.627328199999965, 35.4854334 ] } },
{ "type": "Feature", "properties": { "内容": "ぬくまる介護【福祉用具貸与】神奈川県横浜市神奈川区西神奈川3丁目9番地1末廣園ﾋﾞﾙ501号室", "url2": "https://www.kaigokensaku.mhlw.go.jp/14/index.php?action_kouhyou_detail_004_kani=true&JigyosyoCd=1470203447-00&ServiceCd=170&Type=search" }, "geometry": { "type": "Point", "coordinates": [ 139.6262623, 35.486587 ] } },
{ "type": "Feature", "properties": { "内容": "万陽ケアセンター　介護用品【福祉用具貸与】神奈川県横浜市神奈川区神奈川２－１７－１ルピナス東神奈川７０２号室", "url2": "https://www.kaigokensaku.mhlw.go.jp/14/index.php?action_kouhyou_detail_004_kani=true&JigyosyoCd=1470203231-00&ServiceCd=170&Type=search" }, "geometry": { "type": "Point", "coordinates": [ 139.633868, 35.474563 ] } },
{ "type": "Feature", "properties": { "内容": "パナソニックエイジフリーショップ東神奈川【福祉用具貸与】神奈川県横浜市神奈川区広台太田町5-3ロワール横濱反町101", "url2": "https://www.kaigokensaku.mhlw.go.jp/14/index.php?action_kouhyou_detail_004_kani=true&JigyosyoCd=1470203579-00&ServiceCd=170&Type=search" }, "geometry": { "type": "Point", "coordinates": [ 139.6281593, 35.477761 ] } },
{ "type": "Feature", "properties": { "内容": "横浜市福祉サービス協会　福祉用具センター【福祉用具貸与】神奈川県横浜市西区桜木町六丁目３１番地3階", "url2": "https://www.kaigokensaku.mhlw.go.jp/14/index.php?action_kouhyou_detail_004_kani=true&JigyosyoCd=1470301068-00&ServiceCd=170&Type=search" }, "geometry": { "type": "Point", "coordinates": [ 139.619193099999961, 35.4616279 ] } },
{ "type": "Feature", "properties": { "内容": "まごころ介護サービスセンター【福祉用具貸与】神奈川県横浜市西区戸部本町40－101Ｆ", "url2": "https://www.kaigokensaku.mhlw.go.jp/14/index.php?action_kouhyou_detail_004_kani=true&JigyosyoCd=1470301126-00&ServiceCd=170&Type=search" }, "geometry": { "type": "Point", "coordinates": [ 139.621772034577134, 35.457600403890197 ] } },
{ "type": "Feature", "properties": { "内容": "フランスベッド株式会社　メディカル横浜中央営業所【福祉用具貸与】神奈川県横浜市西区浅間町5-384-13カンパニーレ横浜101号", "url2": "https://www.kaigokensaku.mhlw.go.jp/14/index.php?action_kouhyou_detail_004_kani=true&JigyosyoCd=1470301506-00&ServiceCd=170&Type=search" }, "geometry": { "type": "Point", "coordinates": [ 139.606047600000011, 35.4569757 ] } },
{ "type": "Feature", "properties": { "内容": "ＳＯＭＰＯケア　横浜　福祉用具【福祉用具貸与】神奈川県横浜市西区浅間町4-338-2藤和シティコープ浅間町102号室", "url2": "https://www.kaigokensaku.mhlw.go.jp/14/index.php?action_kouhyou_detail_004_kani=true&JigyosyoCd=1470301621-00&ServiceCd=170&Type=search" }, "geometry": { "type": "Point", "coordinates": [ 139.6074724, 35.4582922 ] } },
{ "type": "Feature", "properties": { "内容": "コハク【福祉用具貸与】神奈川県横浜市中区長者町2-5-14セントラルビル702", "url2": "https://www.kaigokensaku.mhlw.go.jp/14/index.php?action_kouhyou_detail_004_kani=true&JigyosyoCd=1470203355-00&ServiceCd=170&Type=search" }, "geometry": { "type": "Point", "coordinates": [ 139.6087751, 35.4797005 ] } },
{ "type": "Feature", "properties": { "内容": "ホクゼン・アメニティ・サービス【福祉用具貸与】神奈川県横浜市中区本牧ふ頭1番地１", "url2": "https://www.kaigokensaku.mhlw.go.jp/14/index.php?action_kouhyou_detail_004_kani=true&JigyosyoCd=1470400191-00&ServiceCd=170&Type=search" }, "geometry": { "type": "Point", "coordinates": [ 139.678615947251956, 35.428409489976744 ] } },
{ "type": "Feature", "properties": { "内容": "マザーライク福祉用具センター【福祉用具貸与】神奈川県横浜市南区井土ヶ谷中町44-3ライオンズマンションワイドリバー井土ヶ谷102号", "url2": "https://www.kaigokensaku.mhlw.go.jp/14/index.php?action_kouhyou_detail_004_kani=true&JigyosyoCd=1470503028-00&ServiceCd=170&Type=search" }, "geometry": { "type": "Point", "coordinates": [ 139.603509600000052, 35.4308233 ] } },
{ "type": "Feature", "properties": { "内容": "株式会社フロンティア横浜営業所【福祉用具貸与】神奈川県横浜市南区白妙町5-69アタックビル", "url2": "https://www.kaigokensaku.mhlw.go.jp/14/index.php?action_kouhyou_detail_004_kani=true&JigyosyoCd=1470503234-00&ServiceCd=170&Type=search" }, "geometry": { "type": "Point", "coordinates": [ 139.623659817808374, 35.434664835085478 ] } },
{ "type": "Feature", "properties": { "内容": "アビリティーズ・ケアネット株式会社横浜営業所【福祉用具貸与】神奈川県横浜市南区浦舟町３－４６浦舟複合福祉施設12階", "url2": "https://www.kaigokensaku.mhlw.go.jp/14/index.php?action_kouhyou_detail_004_kani=true&JigyosyoCd=1473800058-00&ServiceCd=170&Type=search" }, "geometry": { "type": "Point", "coordinates": [ 139.625907200000029, 35.4341535 ] } },
{ "type": "Feature", "properties": { "内容": "アズミメディケアサービス神奈川【福祉用具貸与】神奈川県横浜市南区真金町１－７エスティハイム１階", "url2": "https://www.kaigokensaku.mhlw.go.jp/14/index.php?action_kouhyou_detail_004_kani=true&JigyosyoCd=1460590067-00&ServiceCd=170&Type=search" }, "geometry": { "type": "Point", "coordinates": [ 139.630777986508207, 35.436261576484654 ] } },
{ "type": "Feature", "properties": { "内容": "在宅支援センター薫【福祉用具貸与】神奈川県横浜市南区南太田2-1-55ルビーハイム101", "url2": "https://www.kaigokensaku.mhlw.go.jp/14/index.php?action_kouhyou_detail_004_kani=true&JigyosyoCd=1470501766-00&ServiceCd=170&Type=search" }, "geometry": { "type": "Point", "coordinates": [ 139.6112726, 35.4358865 ] } },
{ "type": "Feature", "properties": { "内容": "セントケアりまいん横浜【福祉用具貸与】神奈川県横浜市南区永田東1-1-7アーバンフラット井土ヶ谷2F", "url2": "https://www.kaigokensaku.mhlw.go.jp/14/index.php?action_kouhyou_detail_004_kani=true&JigyosyoCd=1470503390-00&ServiceCd=170&Type=search" }, "geometry": { "type": "Point", "coordinates": [ 139.6003322, 35.4341505 ] } },
{ "type": "Feature", "properties": { "内容": "ケアウェル横浜店【福祉用具貸与】神奈川県横浜市南区大岡5-6-5マエザワ第二コーポ１階", "url2": "https://www.kaigokensaku.mhlw.go.jp/14/index.php?action_kouhyou_detail_004_kani=true&JigyosyoCd=1470501659-00&ServiceCd=170&Type=search" }, "geometry": { "type": "Point", "coordinates": [ 139.598765899999961, 35.41489780000002 ] } },
{ "type": "Feature", "properties": { "内容": "フルライフ福祉用具ラボ【福祉用具貸与】神奈川県横浜市保土ケ谷区岩井町１－７保土ヶ谷駅ビル６階", "url2": "https://www.kaigokensaku.mhlw.go.jp/14/index.php?action_kouhyou_detail_004_kani=true&JigyosyoCd=1470501246-00&ServiceCd=170&Type=search" }, "geometry": { "type": "Point", "coordinates": [ 139.599559799999952, 35.447018499999984 ] } },
{ "type": "Feature", "properties": { "内容": "あっぷる横浜【福祉用具貸与】神奈川県横浜市保土ヶ谷区天王町2-45-51あっぷるビル2F", "url2": "https://www.kaigokensaku.mhlw.go.jp/14/index.php?action_kouhyou_detail_004_kani=true&JigyosyoCd=1470601376-00&ServiceCd=170&Type=search" }, "geometry": { "type": "Point", "coordinates": [ 139.600759358721888, 35.453947783896446 ] } },
{ "type": "Feature", "properties": { "内容": "ようぐや【福祉用具貸与】神奈川県横浜市保土ヶ谷区西谷三丁目21番7号アバンテビル1階", "url2": "https://www.kaigokensaku.mhlw.go.jp/14/index.php?action_kouhyou_detail_004_kani=true&JigyosyoCd=1470602218-00&ServiceCd=170&Type=search" }, "geometry": { "type": "Point", "coordinates": [ 139.5681538, 35.4768421 ] } },
{ "type": "Feature", "properties": { "内容": "Ciz福祉用具ステーション【福祉用具貸与】神奈川県横浜市保土ケ谷区坂本町106－1シーズメディカルホーム保土ヶ谷", "url2": "https://www.kaigokensaku.mhlw.go.jp/14/index.php?action_kouhyou_detail_004_kani=true&JigyosyoCd=1470603026-00&ServiceCd=170&Type=search" }, "geometry": { "type": "Point", "coordinates": [ 139.5791903, 35.4656087 ] } },
{ "type": "Feature", "properties": { "内容": "ハートケア　つくし【福祉用具貸与】神奈川県横浜市磯子区広地町7-12", "url2": "https://www.kaigokensaku.mhlw.go.jp/14/index.php?action_kouhyou_detail_004_kani=true&JigyosyoCd=1470701143-00&ServiceCd=170&Type=search" }, "geometry": { "type": "Point", "coordinates": [ 139.623174799999987, 35.4168722 ] } },
{ "type": "Feature", "properties": { "内容": "柴橋商会介護用品横浜磯子センター【福祉用具貸与】神奈川県横浜市磯子区新磯子町１－４", "url2": "https://www.kaigokensaku.mhlw.go.jp/14/index.php?action_kouhyou_detail_004_kani=true&JigyosyoCd=1470500271-00&ServiceCd=170&Type=search" }, "geometry": { "type": "Point", "coordinates": [ 139.627092875173275, 35.409200318560899 ] } },
{ "type": "Feature", "properties": { "内容": "メディケアセンター横浜南【福祉用具貸与】神奈川県横浜市磯子区洋光台1-12-1", "url2": "https://www.kaigokensaku.mhlw.go.jp/14/index.php?action_kouhyou_detail_004_kani=true&JigyosyoCd=1473100517-00&ServiceCd=170&Type=search" }, "geometry": { "type": "Point", "coordinates": [ 139.600322422199611, 35.385724384110198 ] } },
{ "type": "Feature", "properties": { "内容": "社会福祉法人横浜市福祉サービス協会福祉用具センター磯子【福祉用具貸与】神奈川県横浜市磯子区3丁目3番21号磯子江戸徳ビル1階", "url2": "https://www.kaigokensaku.mhlw.go.jp/14/index.php?action_kouhyou_detail_004_kani=true&JigyosyoCd=1470702307-00&ServiceCd=170&Type=search" }, "geometry": { "type": "Point", "coordinates": [ 139.617679, 35.3794882 ] } },
{ "type": "Feature", "properties": { "内容": "Y.APlanning【福祉用具貸与】神奈川県横浜市金沢区並木２丁目６－１５０２", "url2": "https://www.kaigokensaku.mhlw.go.jp/14/index.php?action_kouhyou_detail_004_kani=true&JigyosyoCd=1470802883-00&ServiceCd=170&Type=search" }, "geometry": { "type": "Point", "coordinates": [ 139.6364001, 35.3656083 ] } },
{ "type": "Feature", "properties": { "内容": "介護ネットプラザ【福祉用具貸与】神奈川県横浜市金沢区泥亀2-7-3金沢文庫第一ハイツ", "url2": "https://www.kaigokensaku.mhlw.go.jp/14/index.php?action_kouhyou_detail_004_kani=true&JigyosyoCd=1470800093-00&ServiceCd=170&Type=search" }, "geometry": { "type": "Point", "coordinates": [ 139.625810799999954, 35.3381335 ] } },
{ "type": "Feature", "properties": { "内容": "あうる福祉用具サービス【福祉用具貸与】神奈川県横浜市金沢区六浦1-21-13レックスビル2階", "url2": "https://www.kaigokensaku.mhlw.go.jp/14/index.php?action_kouhyou_detail_004_kani=true&JigyosyoCd=1470802842-00&ServiceCd=170&Type=search" }, "geometry": { "type": "Point", "coordinates": [ 139.6199018, 35.3261515 ] } },
{ "type": "Feature", "properties": { "内容": "けいすいケアサービス【福祉用具貸与】神奈川県横浜市金沢区泥亀2-13-1", "url2": "https://www.kaigokensaku.mhlw.go.jp/14/index.php?action_kouhyou_detail_004_kani=true&JigyosyoCd=1470801471-00&ServiceCd=170&Type=search" }, "geometry": { "type": "Point", "coordinates": [ 139.625359548410074, 35.337444789608874 ] } },
{ "type": "Feature", "properties": { "内容": "株式会社星医療酸器　横浜営業所【福祉用具貸与】神奈川県横浜市金沢区福浦2-15-15", "url2": "https://www.kaigokensaku.mhlw.go.jp/14/index.php?action_kouhyou_detail_004_kani=true&JigyosyoCd=1473500419-00&ServiceCd=170&Type=search" }, "geometry": { "type": "Point", "coordinates": [ 139.654806647598377, 35.348818829880656 ] } },
{ "type": "Feature", "properties": { "内容": "株式会社トーカイ　横浜南支店【福祉用具貸与】神奈川県横浜市金沢区福浦２丁目１１番６", "url2": "https://www.kaigokensaku.mhlw.go.jp/14/index.php?action_kouhyou_detail_004_kani=true&JigyosyoCd=1471903953-00&ServiceCd=170&Type=search" }, "geometry": { "type": "Point", "coordinates": [ 139.652400100000023, 35.3487212 ] } },
{ "type": "Feature", "properties": { "内容": "はーとたいむ福祉用具サポート小机店【福祉用具貸与】神奈川県横浜市港北区小机町292エステート雅102", "url2": "https://www.kaigokensaku.mhlw.go.jp/14/index.php?action_kouhyou_detail_004_kani=true&JigyosyoCd=1470904283-00&ServiceCd=170&Type=search" }, "geometry": { "type": "Point", "coordinates": [ 139.5865154, 35.5064912 ] } },
{ "type": "Feature", "properties": { "内容": "パナソニックエイジフリーショップ横浜港北【福祉用具貸与】神奈川県横浜市港北区新羽町９４９ＹＹビル２階", "url2": "https://www.kaigokensaku.mhlw.go.jp/14/index.php?action_kouhyou_detail_004_kani=true&JigyosyoCd=1470103407-00&ServiceCd=170&Type=search" }, "geometry": { "type": "Point", "coordinates": [ 139.614233798031336, 35.52534493834667 ] } },
{ "type": "Feature", "properties": { "内容": "柴橋商会　介護用品新横浜営業所【福祉用具貸与】神奈川県横浜市港北区新羽町716", "url2": "https://www.kaigokensaku.mhlw.go.jp/14/index.php?action_kouhyou_detail_004_kani=true&JigyosyoCd=1470200070-00&ServiceCd=170&Type=search" }, "geometry": { "type": "Point", "coordinates": [ 139.611329299999966, 35.5217821 ] } },
{ "type": "Feature", "properties": { "内容": "株式会社八神製作所　ヤガミホームヘルスセンター横浜【福祉用具貸与】神奈川県横浜市港北区新横浜3-18-20ﾊﾟｼﾌｨｯｸﾏｰｸｽ新横浜", "url2": "https://www.kaigokensaku.mhlw.go.jp/14/index.php?action_kouhyou_detail_004_kani=true&JigyosyoCd=1470200674-00&ServiceCd=170&Type=search" }, "geometry": { "type": "Point", "coordinates": [ 139.616956682738049, 35.510228894063502 ] } },
{ "type": "Feature", "properties": { "内容": "ＬＬＴ介護サービスセンター【福祉用具貸与】神奈川県横浜市港北区新横浜２－７－２０ＮＫＹ新横浜ビル７階", "url2": "https://www.kaigokensaku.mhlw.go.jp/14/index.php?action_kouhyou_detail_004_kani=true&JigyosyoCd=1470900083-00&ServiceCd=170&Type=search" }, "geometry": { "type": "Point", "coordinates": [ 139.61298510000006, 35.5072725 ] } },
{ "type": "Feature", "properties": { "内容": "ハウネス福祉センター【福祉用具貸与】神奈川県横浜市港北区菊名３－２２－１５", "url2": "https://www.kaigokensaku.mhlw.go.jp/14/index.php?action_kouhyou_detail_004_kani=true&JigyosyoCd=1470900109-00&ServiceCd=170&Type=search" }, "geometry": { "type": "Point", "coordinates": [ 139.633435800000029, 35.5088254 ] } },
{ "type": "Feature", "properties": { "内容": "株式会社ヤマシタ横浜港北営業所【福祉用具貸与】神奈川県横浜市港北区新横浜3-24-11ユニオンビル4FB号室", "url2": "https://www.kaigokensaku.mhlw.go.jp/14/index.php?action_kouhyou_detail_004_kani=true&JigyosyoCd=1470900117-00&ServiceCd=170&Type=search" }, "geometry": { "type": "Point", "coordinates": [ 139.62040240517328, 35.514463674473589 ] } },
{ "type": "Feature", "properties": { "内容": "介護のお店　ふれあい【福祉用具貸与】神奈川県横浜市港北区篠原東３丁目６番８号", "url2": "https://www.kaigokensaku.mhlw.go.jp/14/index.php?action_kouhyou_detail_004_kani=true&JigyosyoCd=1470900141-00&ServiceCd=170&Type=search" }, "geometry": { "type": "Point", "coordinates": [ 139.629103, 35.501365 ] } },
{ "type": "Feature", "properties": { "内容": "介護・福祉ショップ　むつみあい【福祉用具貸与】神奈川県横浜市港北区新横浜三丁目２番地１", "url2": "https://www.kaigokensaku.mhlw.go.jp/14/index.php?action_kouhyou_detail_004_kani=true&JigyosyoCd=1470900679-00&ServiceCd=170&Type=search" }, "geometry": { "type": "Point", "coordinates": [ 139.6211674, 35.5105972 ] } },
{ "type": "Feature", "properties": { "内容": "日総ニフティ株式会社【福祉用具貸与】神奈川県横浜市港北区新横浜1-4-1日総工産新横浜ビル", "url2": "https://www.kaigokensaku.mhlw.go.jp/14/index.php?action_kouhyou_detail_004_kani=true&JigyosyoCd=1470901016-00&ServiceCd=170&Type=search" }, "geometry": { "type": "Point", "coordinates": [ 139.612004800000022, 35.5033423 ] } },
{ "type": "Feature", "properties": { "内容": "フランスベッド株式会社メディカル横浜港北営業所【福祉用具貸与】神奈川県横浜市港北区新吉田町3152MGSTUDIO71261階101", "url2": "https://www.kaigokensaku.mhlw.go.jp/14/index.php?action_kouhyou_detail_004_kani=true&JigyosyoCd=1470902444-00&ServiceCd=170&Type=search" }, "geometry": { "type": "Point", "coordinates": [ 139.60776, 35.5327421 ] } },
{ "type": "Feature", "properties": { "内容": "横浜商工モビリティ株式会社【福祉用具貸与】神奈川県横浜市港北区新羽町166番地", "url2": "https://www.kaigokensaku.mhlw.go.jp/14/index.php?action_kouhyou_detail_004_kani=true&JigyosyoCd=1470903947-00&ServiceCd=170&Type=search" }, "geometry": { "type": "Point", "coordinates": [ 139.610859375120327, 35.515779638126496 ] } },
{ "type": "Feature", "properties": { "内容": "シルバーサポート横浜店【福祉用具貸与】神奈川県横浜市港北区新羽町994-2", "url2": "https://www.kaigokensaku.mhlw.go.jp/14/index.php?action_kouhyou_detail_004_kani=true&JigyosyoCd=1470901941-00&ServiceCd=170&Type=search" }, "geometry": { "type": "Point", "coordinates": [ 139.6090269, 35.5199295 ] } },
{ "type": "Feature", "properties": { "内容": "メディケアセンター新横浜【福祉用具貸与】神奈川県横浜市港北区新吉田東8-51-1", "url2": "https://www.kaigokensaku.mhlw.go.jp/14/index.php?action_kouhyou_detail_004_kani=true&JigyosyoCd=1470901990-00&ServiceCd=170&Type=search" }, "geometry": { "type": "Point", "coordinates": [ 139.6061277, 35.5040783 ] } },
{ "type": "Feature", "properties": { "内容": "港北ケアプラン福祉用具サービス【福祉用具貸与】神奈川県横浜市港北区大倉山6-5-14", "url2": "https://www.kaigokensaku.mhlw.go.jp/14/index.php?action_kouhyou_detail_004_kani=true&JigyosyoCd=1470903764-00&ServiceCd=170&Type=search" }, "geometry": { "type": "Point", "coordinates": [ 139.620284810825524, 35.528073759722346 ] } },
{ "type": "Feature", "properties": { "内容": "スマイル・イノベーション港北営業所【福祉用具貸与】神奈川県横浜市港北区小机町2543-13サンドラビル2F", "url2": "https://www.kaigokensaku.mhlw.go.jp/14/index.php?action_kouhyou_detail_004_kani=true&JigyosyoCd=1470904432-00&ServiceCd=170&Type=search" }, "geometry": { "type": "Point", "coordinates": [ 139.6006209, 35.5077995 ] } },
{ "type": "Feature", "properties": { "内容": "福祉クラブ生協介護生活用品店「らく・らっく」日吉【福祉用具貸与】神奈川県横浜市港北区日吉５－２４－３３", "url2": "https://www.kaigokensaku.mhlw.go.jp/14/index.php?action_kouhyou_detail_004_kani=true&JigyosyoCd=1470901826-00&ServiceCd=170&Type=search" }, "geometry": { "type": "Point", "coordinates": [ 139.655818700000026, 35.5486316 ] } },
{ "type": "Feature", "properties": { "内容": "ケアサポートすずもり【福祉用具貸与】神奈川県横浜市戸塚区下倉田町190-4コーポ下倉田101", "url2": "https://www.kaigokensaku.mhlw.go.jp/14/index.php?action_kouhyou_detail_004_kani=true&JigyosyoCd=1471004091-00&ServiceCd=170&Type=search" }, "geometry": { "type": "Point", "coordinates": [ 139.5372007, 35.3859437 ] } },
{ "type": "Feature", "properties": { "内容": "スイート福祉用具横浜【福祉用具貸与】神奈川県横浜市戸塚区品濃町563-7", "url2": "https://www.kaigokensaku.mhlw.go.jp/14/index.php?action_kouhyou_detail_004_kani=true&JigyosyoCd=1471004125-00&ServiceCd=170&Type=search" }, "geometry": { "type": "Point", "coordinates": [ 139.5607425, 35.4353709 ] } },
{ "type": "Feature", "properties": { "内容": "みんなの福祉用具【福祉用具貸与】神奈川県横浜市戸塚区小雀町1465-16", "url2": "https://www.kaigokensaku.mhlw.go.jp/14/index.php?action_kouhyou_detail_004_kani=true&JigyosyoCd=1470601996-00&ServiceCd=170&Type=search" }, "geometry": { "type": "Point", "coordinates": [ 139.520361785069213, 35.377057873785525 ] } },
{ "type": "Feature", "properties": { "内容": "ケア・フレンズ横浜【福祉用具貸与】神奈川県横浜市戸塚区汲沢町60番地9", "url2": "https://www.kaigokensaku.mhlw.go.jp/14/index.php?action_kouhyou_detail_004_kani=true&JigyosyoCd=1471001980-00&ServiceCd=170&Type=search" }, "geometry": { "type": "Point", "coordinates": [ 139.514311499999963, 35.3847061 ] } },
{ "type": "Feature", "properties": { "内容": "福祉用具　こすずめの里【福祉用具貸与】神奈川県横浜市戸塚区深谷町15-2", "url2": "https://www.kaigokensaku.mhlw.go.jp/14/index.php?action_kouhyou_detail_004_kani=true&JigyosyoCd=1471002855-00&ServiceCd=170&Type=search" }, "geometry": { "type": "Point", "coordinates": [ 139.497846298147607, 35.378750470948859 ] } },
{ "type": "Feature", "properties": { "内容": "スマイル・イノベーション戸塚営業所【福祉用具貸与】神奈川県横浜市戸塚区平戸1-3-23", "url2": "https://www.kaigokensaku.mhlw.go.jp/14/index.php?action_kouhyou_detail_004_kani=true&JigyosyoCd=1471003788-00&ServiceCd=170&Type=search" }, "geometry": { "type": "Point", "coordinates": [ 139.5739757, 35.4294753 ] } },
{ "type": "Feature", "properties": { "内容": "クラーレ【福祉用具貸与】神奈川県横浜市戸塚区戸塚町２８０７長久保荘店舗１０３号", "url2": "https://www.kaigokensaku.mhlw.go.jp/14/index.php?action_kouhyou_detail_004_kani=true&JigyosyoCd=1470701069-00&ServiceCd=170&Type=search" }, "geometry": { "type": "Point", "coordinates": [ 139.527163299999984, 35.3869031 ] } },
{ "type": "Feature", "properties": { "内容": "株式会社　イノベイションオブメディカルサービス横浜営業所【福祉用具貸与】神奈川県横浜市戸塚区川上町464-15", "url2": "https://www.kaigokensaku.mhlw.go.jp/14/index.php?action_kouhyou_detail_004_kani=true&JigyosyoCd=1471000867-00&ServiceCd=170&Type=search" }, "geometry": { "type": "Point", "coordinates": [ 139.546367199999963, 35.4270673 ] } },
{ "type": "Feature", "properties": { "内容": "株式会社　ウィズ　京急上大岡店【福祉用具貸与】神奈川県横浜市港南区上大岡西１－６－１京急百貨店７Ｆ", "url2": "https://www.kaigokensaku.mhlw.go.jp/14/index.php?action_kouhyou_detail_004_kani=true&JigyosyoCd=1473101192-00&ServiceCd=170&Type=search" }, "geometry": { "type": "Point", "coordinates": [ 139.596393799999987, 35.4085067 ] } },
{ "type": "Feature", "properties": { "内容": "株式会社フロンティア横浜南営業所【福祉用具貸与】神奈川県横浜市港南区港南台2-8-8", "url2": "https://www.kaigokensaku.mhlw.go.jp/14/index.php?action_kouhyou_detail_004_kani=true&JigyosyoCd=1473101960-00&ServiceCd=170&Type=search" }, "geometry": { "type": "Point", "coordinates": [ 139.580464900000038, 35.3781296 ] } },
{ "type": "Feature", "properties": { "内容": "株式会社イノベイションオブメディカルサービス港南営業所【福祉用具貸与】神奈川県横浜市港南区港南台8-35-10", "url2": "https://www.kaigokensaku.mhlw.go.jp/14/index.php?action_kouhyou_detail_004_kani=true&JigyosyoCd=1473102463-00&ServiceCd=170&Type=search" }, "geometry": { "type": "Point", "coordinates": [ 139.592338899999959, 35.3686642 ] } },
{ "type": "Feature", "properties": { "内容": "株式会社ヤマシタ　横浜港南営業所【福祉用具貸与】神奈川県横浜市港南区大久保2-8-23佐々木第2マンション1Ｆ", "url2": "https://www.kaigokensaku.mhlw.go.jp/14/index.php?action_kouhyou_detail_004_kani=true&JigyosyoCd=1473102505-00&ServiceCd=170&Type=search" }, "geometry": { "type": "Point", "coordinates": [ 139.588506100000018, 35.4077011 ] } },
{ "type": "Feature", "properties": { "内容": "福祉用具　ふくすけ【福祉用具貸与】神奈川県横浜市港南区日限山１丁目５８番４４102号", "url2": "https://www.kaigokensaku.mhlw.go.jp/14/index.php?action_kouhyou_detail_004_kani=true&JigyosyoCd=1473103123-00&ServiceCd=170&Type=search" }, "geometry": { "type": "Point", "coordinates": [ 139.560415769975293, 35.402686160679202 ] } },
{ "type": "Feature", "properties": { "内容": "和光ピュアライト【福祉用具貸与】神奈川県横浜市港南区丸山台二丁目２番６号", "url2": "https://www.kaigokensaku.mhlw.go.jp/14/index.php?action_kouhyou_detail_004_kani=true&JigyosyoCd=1473100525-00&ServiceCd=170&Type=search" }, "geometry": { "type": "Point", "coordinates": [ 139.571976800000016, 35.399452 ] } },
{ "type": "Feature", "properties": { "内容": "ダスキンヘルスレント港南ステーション【福祉用具貸与】神奈川県横浜市港南区下永谷３－７２－８", "url2": "https://www.kaigokensaku.mhlw.go.jp/14/index.php?action_kouhyou_detail_004_kani=true&JigyosyoCd=1473101184-00&ServiceCd=170&Type=search" }, "geometry": { "type": "Point", "coordinates": [ 139.559916700000031, 35.4057595 ] } },
{ "type": "Feature", "properties": { "内容": "フランスベッド株式会社メディカル横浜営業所【福祉用具貸与】神奈川県横浜市港南区上大岡東2-46-12YKTビル1階", "url2": "https://www.kaigokensaku.mhlw.go.jp/14/index.php?action_kouhyou_detail_004_kani=true&JigyosyoCd=1473101424-00&ServiceCd=170&Type=search" }, "geometry": { "type": "Point", "coordinates": [ 139.598657399999979, 35.4025908 ] } },
{ "type": "Feature", "properties": { "内容": "はまリハ福祉用具ヘルスケアサポート【福祉用具貸与】神奈川県横浜市旭区若葉台3-6-2", "url2": "https://www.kaigokensaku.mhlw.go.jp/14/index.php?action_kouhyou_detail_004_kani=true&JigyosyoCd=1473203881-00&ServiceCd=170&Type=search" }, "geometry": { "type": "Point", "coordinates": [ 139.470754, 35.6254909 ] } },
{ "type": "Feature", "properties": { "内容": "saiwai福祉用具【福祉用具貸与】神奈川県横浜市旭区南本宿町146-17", "url2": "https://www.kaigokensaku.mhlw.go.jp/14/index.php?action_kouhyou_detail_004_kani=true&JigyosyoCd=1473203923-00&ServiceCd=170&Type=search" }, "geometry": { "type": "Point", "coordinates": [ 139.542588599999988, 35.455608800000029 ] } },
{ "type": "Feature", "properties": { "内容": "フランスベッド株式会社メディカル横浜旭営業所【福祉用具貸与】神奈川県横浜市旭区鶴ヶ峰１－４－２１ボンボヤージ2010102号室", "url2": "https://www.kaigokensaku.mhlw.go.jp/14/index.php?action_kouhyou_detail_004_kani=true&JigyosyoCd=1473201935-00&ServiceCd=170&Type=search" }, "geometry": { "type": "Point", "coordinates": [ 139.545141899999976, 35.4750947 ] } },
{ "type": "Feature", "properties": { "内容": "スノーケア旭【福祉用具貸与】神奈川県横浜市旭区鶴ヶ峰本町1-47-6", "url2": "https://www.kaigokensaku.mhlw.go.jp/14/index.php?action_kouhyou_detail_004_kani=true&JigyosyoCd=1473203550-00&ServiceCd=170&Type=search" }, "geometry": { "type": "Point", "coordinates": [ 139.5404609, 35.4783753 ] } },
{ "type": "Feature", "properties": { "内容": "株式会社ヤマシタ横浜旭営業所【福祉用具貸与】神奈川県横浜市旭区二俣川二丁目85番地1二俣川ビル401号", "url2": "https://www.kaigokensaku.mhlw.go.jp/14/index.php?action_kouhyou_detail_004_kani=true&JigyosyoCd=1473203311-00&ServiceCd=170&Type=search" }, "geometry": { "type": "Point", "coordinates": [ 139.533271, 35.459046599999986 ] } },
{ "type": "Feature", "properties": { "内容": "まるケアサービス【福祉用具貸与】神奈川県横浜市旭区金が谷735-6", "url2": "https://www.kaigokensaku.mhlw.go.jp/14/index.php?action_kouhyou_detail_004_kani=true&JigyosyoCd=1473204012-00&ServiceCd=170&Type=search" }, "geometry": { "type": "Point", "coordinates": [ 139.5104882, 35.4760216 ] } },
{ "type": "Feature", "properties": { "内容": "ミライズケア【福祉用具貸与】神奈川県横浜市緑区いぶき野26番地12", "url2": "https://www.kaigokensaku.mhlw.go.jp/14/index.php?action_kouhyou_detail_004_kani=true&JigyosyoCd=1473303046-00&ServiceCd=170&Type=search" }, "geometry": { "type": "Point", "coordinates": [ 139.5062423, 35.5278931 ] } },
{ "type": "Feature", "properties": { "内容": "介護ショップオハナ　中山店【福祉用具貸与】神奈川県横浜市緑区台村町205-12中山Y’ｓ1Ｆ", "url2": "https://www.kaigokensaku.mhlw.go.jp/14/index.php?action_kouhyou_detail_004_kani=true&JigyosyoCd=1473303079-00&ServiceCd=170&Type=search" }, "geometry": { "type": "Point", "coordinates": [ 139.537142499999987, 35.5151071 ] } },
{ "type": "Feature", "properties": { "内容": "株式会社　ハーツエイコー【福祉用具貸与】神奈川県横浜市緑区長津田町３１７９番地", "url2": "https://www.kaigokensaku.mhlw.go.jp/14/index.php?action_kouhyou_detail_004_kani=true&JigyosyoCd=1473300083-00&ServiceCd=170&Type=search" }, "geometry": { "type": "Point", "coordinates": [ 139.494161, 35.52607109999996 ] } },
{ "type": "Feature", "properties": { "内容": "株式会社トーカイ　横浜支店【福祉用具貸与】神奈川県横浜市緑区上山２－２５－２５", "url2": "https://www.kaigokensaku.mhlw.go.jp/14/index.php?action_kouhyou_detail_004_kani=true&JigyosyoCd=1473300125-00&ServiceCd=170&Type=search" }, "geometry": { "type": "Point", "coordinates": [ 139.5504767, 35.5084907 ] } },
{ "type": "Feature", "properties": { "内容": "高住研キヨタ株式会社横浜店【福祉用具貸与】神奈川県横浜市緑区いぶき野1-21", "url2": "https://www.kaigokensaku.mhlw.go.jp/14/index.php?action_kouhyou_detail_004_kani=true&JigyosyoCd=1473300414-00&ServiceCd=170&Type=search" }, "geometry": { "type": "Point", "coordinates": [ 139.5010079, 35.528941 ] } },
{ "type": "Feature", "properties": { "内容": "あいばなケアサポート【福祉用具貸与】神奈川県横浜市緑区十日市場町1864-1", "url2": "https://www.kaigokensaku.mhlw.go.jp/14/index.php?action_kouhyou_detail_004_kani=true&JigyosyoCd=1473302915-00&ServiceCd=170&Type=search" }, "geometry": { "type": "Point", "coordinates": [ 139.505989199999988, 35.5203869 ] } },
{ "type": "Feature", "properties": { "内容": "福祉クラブ生協　介護生活用品店「らく・らっく」【福祉用具貸与】神奈川県横浜市緑区十日市場町840-3るるる＊みどり館内", "url2": "https://www.kaigokensaku.mhlw.go.jp/14/index.php?action_kouhyou_detail_004_kani=true&JigyosyoCd=1473300273-00&ServiceCd=170&Type=search" }, "geometry": { "type": "Point", "coordinates": [ 139.5145602, 35.5235685 ] } },
{ "type": "Feature", "properties": { "内容": "愛コムネット【福祉用具貸与】神奈川県横浜市緑区中山一丁目7番16号", "url2": "https://www.kaigokensaku.mhlw.go.jp/14/index.php?action_kouhyou_detail_004_kani=true&JigyosyoCd=1473300299-00&ServiceCd=170&Type=search" }, "geometry": { "type": "Point", "coordinates": [ 139.542025968330336, 35.51472200447153 ] } },
{ "type": "Feature", "properties": { "内容": "イーライフ株式会社横浜営業所【福祉用具貸与】神奈川県横浜市瀬谷区三ツ境2-1相鉄三ツ境ビルB棟", "url2": "https://www.kaigokensaku.mhlw.go.jp/14/index.php?action_kouhyou_detail_004_kani=true&JigyosyoCd=1473401584-00&ServiceCd=170&Type=search" }, "geometry": { "type": "Point", "coordinates": [ 139.5033709, 35.4684034 ] } },
{ "type": "Feature", "properties": { "内容": "シンセリティーサービス株式会社　瀬谷営業所【福祉用具貸与】神奈川県横浜市瀬谷区二ツ橋町198番地瀬戸ビル101号", "url2": "https://www.kaigokensaku.mhlw.go.jp/14/index.php?action_kouhyou_detail_004_kani=true&JigyosyoCd=1473401816-00&ServiceCd=170&Type=search" }, "geometry": { "type": "Point", "coordinates": [ 139.4987061, 35.4668115 ] } },
{ "type": "Feature", "properties": { "内容": "ダスキンヘルスレント横浜西ステーション【福祉用具貸与】神奈川県横浜市瀬谷区南台１－３９－２", "url2": "https://www.kaigokensaku.mhlw.go.jp/14/index.php?action_kouhyou_detail_004_kani=true&JigyosyoCd=1473202651-00&ServiceCd=170&Type=search" }, "geometry": { "type": "Point", "coordinates": [ 139.489777991860137, 35.465789559618337 ] } },
{ "type": "Feature", "properties": { "内容": "センシズケアワークス【福祉用具貸与】神奈川県横浜市瀬谷区上瀬谷町27番地7ファミール上瀬谷Ⅰ-103号", "url2": "https://www.kaigokensaku.mhlw.go.jp/14/index.php?action_kouhyou_detail_004_kani=true&JigyosyoCd=1473400719-00&ServiceCd=170&Type=search" }, "geometry": { "type": "Point", "coordinates": [ 139.474048325131236, 35.491243020766035 ] } },
{ "type": "Feature", "properties": { "内容": "株式会社ニッショウ　横浜栄営業所【福祉用具貸与】神奈川県横浜市栄区小菅ヶ谷1-18-22輝ビルⅡ1-A", "url2": "https://www.kaigokensaku.mhlw.go.jp/14/index.php?action_kouhyou_detail_004_kani=true&JigyosyoCd=1473501847-00&ServiceCd=170&Type=search" }, "geometry": { "type": "Point", "coordinates": [ 139.545780900000011, 35.3653502 ] } },
{ "type": "Feature", "properties": { "内容": "福祉用具さなか【福祉用具貸与】神奈川県横浜市栄区飯島町2180須藤ハイツ102", "url2": "https://www.kaigokensaku.mhlw.go.jp/14/index.php?action_kouhyou_detail_004_kani=true&JigyosyoCd=1473501805-00&ServiceCd=170&Type=search" }, "geometry": { "type": "Point", "coordinates": [ 139.5418622, 35.3705443 ] } },
{ "type": "Feature", "properties": { "内容": "愛福祉用具サービス泉【福祉用具貸与】神奈川県横浜市泉区和泉町7413-7", "url2": "https://www.kaigokensaku.mhlw.go.jp/14/index.php?action_kouhyou_detail_004_kani=true&JigyosyoCd=1473602710-00&ServiceCd=170&Type=search" }, "geometry": { "type": "Point", "coordinates": [ 139.486946, 35.4401776 ] } },
{ "type": "Feature", "properties": { "内容": "ひとはな　福祉用具【福祉用具貸与】神奈川県横浜市泉区弥生台26-4弥生台中丸ビル202号室", "url2": "https://www.kaigokensaku.mhlw.go.jp/14/index.php?action_kouhyou_detail_004_kani=true&JigyosyoCd=1473401469-00&ServiceCd=170&Type=search" }, "geometry": { "type": "Point", "coordinates": [ 139.506978363477685, 35.427468605068114 ] } },
{ "type": "Feature", "properties": { "内容": "リョーコーホーム株式会社【福祉用具貸与】神奈川県横浜市泉区和泉中央南3丁目1-6", "url2": "https://www.kaigokensaku.mhlw.go.jp/14/index.php?action_kouhyou_detail_004_kani=true&JigyosyoCd=1473600193-00&ServiceCd=170&Type=search" }, "geometry": { "type": "Point", "coordinates": [ 139.49307222736968, 35.41554865631516 ] } },
{ "type": "Feature", "properties": { "内容": "ケアセンター　メヌエット【福祉用具貸与】神奈川県横浜市泉区緑園2-7-11", "url2": "https://www.kaigokensaku.mhlw.go.jp/14/index.php?action_kouhyou_detail_004_kani=true&JigyosyoCd=1473600631-00&ServiceCd=170&Type=search" }, "geometry": { "type": "Point", "coordinates": [ 139.5188, 35.4381075 ] } },
{ "type": "Feature", "properties": { "内容": "たすけあい泉暮らしのデザインセンター福祉用具事業所【福祉用具貸与】神奈川県横浜市泉区中田南３－２４－９", "url2": "https://www.kaigokensaku.mhlw.go.jp/14/index.php?action_kouhyou_detail_004_kani=true&JigyosyoCd=1473600730-00&ServiceCd=170&Type=search" }, "geometry": { "type": "Point", "coordinates": [ 139.508998099999985, 35.4078667 ] } },
{ "type": "Feature", "properties": { "内容": "コネクトオール【福祉用具貸与】神奈川県横浜市泉区和泉町6407-4", "url2": "https://www.kaigokensaku.mhlw.go.jp/14/index.php?action_kouhyou_detail_004_kani=true&JigyosyoCd=1473602082-00&ServiceCd=170&Type=search" }, "geometry": { "type": "Point", "coordinates": [ 139.489905367426559, 35.427516089766506 ] } },
{ "type": "Feature", "properties": { "内容": "パナソニックエイジフリーショップ横浜いずみ【福祉用具貸与】神奈川県横浜市泉区上飯田町949-2ヒルスミキいずみ中央1階", "url2": "https://www.kaigokensaku.mhlw.go.jp/14/index.php?action_kouhyou_detail_004_kani=true&JigyosyoCd=1473602116-00&ServiceCd=170&Type=search" }, "geometry": { "type": "Point", "coordinates": [ 139.482903450856867, 35.417038550687195 ] } },
{ "type": "Feature", "properties": { "内容": "けやきサポート横浜【福祉用具貸与】神奈川県横浜市泉区新橋町209-1", "url2": "https://www.kaigokensaku.mhlw.go.jp/14/index.php?action_kouhyou_detail_004_kani=true&JigyosyoCd=1473602371-00&ServiceCd=170&Type=search" }, "geometry": { "type": "Point", "coordinates": [ 139.512531750264372, 35.427226445032325 ] } },
{ "type": "Feature", "properties": { "内容": "セントケア　りまいん　横浜泉【福祉用具貸与】神奈川県横浜市泉区和泉中央南4-1-1ストリームプラザ3F-A", "url2": "https://www.kaigokensaku.mhlw.go.jp/14/index.php?action_kouhyou_detail_004_kani=true&JigyosyoCd=1473602587-00&ServiceCd=170&Type=search" }, "geometry": { "type": "Point", "coordinates": [ 139.488121299999989, 35.4165805 ] } },
{ "type": "Feature", "properties": { "内容": "柴橋商会　介護用品横浜いずみ営業所【福祉用具貸与】神奈川県横浜市泉区和泉中央南5-2-3", "url2": "https://www.kaigokensaku.mhlw.go.jp/14/index.php?action_kouhyou_detail_004_kani=true&JigyosyoCd=1473602595-00&ServiceCd=170&Type=search" }, "geometry": { "type": "Point", "coordinates": [ 139.4861867, 35.4166559 ] } },
{ "type": "Feature", "properties": { "内容": "福祉プラザあいしま福祉用具事業所【福祉用具貸与】神奈川県横浜市泉区上飯田町2196-1", "url2": "https://www.kaigokensaku.mhlw.go.jp/14/index.php?action_kouhyou_detail_004_kani=true&JigyosyoCd=1473601696-00&ServiceCd=170&Type=search" }, "geometry": { "type": "Point", "coordinates": [ 139.481062114368143, 35.426824145471443 ] } },
{ "type": "Feature", "properties": { "内容": "コープケアサポートセンター　青葉【福祉用具貸与】神奈川県横浜市青葉区荏田西２－１４－３ハーモス荏田２階", "url2": "https://www.kaigokensaku.mhlw.go.jp/14/index.php?action_kouhyou_detail_004_kani=true&JigyosyoCd=1473700134-00&ServiceCd=170&Type=search" }, "geometry": { "type": "Point", "coordinates": [ 139.55437029999996, 35.5554795 ] } },
{ "type": "Feature", "properties": { "内容": "ヘルパーステーション　青葉ひまわり【福祉用具貸与】神奈川県横浜市青葉区美しが丘西２－３－２", "url2": "https://www.kaigokensaku.mhlw.go.jp/14/index.php?action_kouhyou_detail_004_kani=true&JigyosyoCd=1473700928-00&ServiceCd=170&Type=search" }, "geometry": { "type": "Point", "coordinates": [ 139.535781537434332, 35.588306028574735 ] } },
{ "type": "Feature", "properties": { "内容": "株式会社グッドアス【福祉用具貸与】神奈川県横浜市青葉区荏田北3-1-6江田スクエアビル3階", "url2": "https://www.kaigokensaku.mhlw.go.jp/14/index.php?action_kouhyou_detail_004_kani=true&JigyosyoCd=1473702072-00&ServiceCd=170&Type=search" }, "geometry": { "type": "Point", "coordinates": [ 139.550867599999947, 35.5599067 ] } },
{ "type": "Feature", "properties": { "内容": "福祉用具　バード【福祉用具貸与】神奈川県横浜市青葉区松風台48番地16", "url2": "https://www.kaigokensaku.mhlw.go.jp/14/index.php?action_kouhyou_detail_004_kani=true&JigyosyoCd=1473703195-00&ServiceCd=170&Type=search" }, "geometry": { "type": "Point", "coordinates": [ 139.508191320376568, 35.547852267598927 ] } },
{ "type": "Feature", "properties": { "内容": "パナソニックエイジフリーショップ藤が丘【福祉用具貸与】神奈川県横浜市青葉区市ヶ尾町1050-2エステーム市ヶ尾1階", "url2": "https://www.kaigokensaku.mhlw.go.jp/14/index.php?action_kouhyou_detail_004_kani=true&JigyosyoCd=1473703492-00&ServiceCd=170&Type=search" }, "geometry": { "type": "Point", "coordinates": [ 139.5415577, 35.5466277 ] } },
{ "type": "Feature", "properties": { "内容": "イーライフ株式会社　横浜青葉営業所【福祉用具貸与】神奈川県横浜市青葉区荏田町430-11大仲ビル202", "url2": "https://www.kaigokensaku.mhlw.go.jp/14/index.php?action_kouhyou_detail_004_kani=true&JigyosyoCd=1473703997-00&ServiceCd=170&Type=search" }, "geometry": { "type": "Point", "coordinates": [ 139.561205800000039, 35.5597276 ] } },
{ "type": "Feature", "properties": { "内容": "株式会社　ハンドベル・ケア横浜営業所【福祉用具貸与】神奈川県横浜市青葉区つつじが丘1-7パークサイド佐藤101", "url2": "https://www.kaigokensaku.mhlw.go.jp/14/index.php?action_kouhyou_detail_004_kani=true&JigyosyoCd=1473200713-00&ServiceCd=170&Type=search" }, "geometry": { "type": "Point", "coordinates": [ 139.520157409976377, 35.542151437860255 ] } },
{ "type": "Feature", "properties": { "内容": "フランスベッド株式会社メディカル青葉営業所【福祉用具貸与】神奈川県横浜市青葉区つつじが丘１－１２ベル青葉台１階", "url2": "https://www.kaigokensaku.mhlw.go.jp/14/index.php?action_kouhyou_detail_004_kani=true&JigyosyoCd=1473701892-00&ServiceCd=170&Type=search" }, "geometry": { "type": "Point", "coordinates": [ 139.518954099999974, 35.5413251 ] } },
{ "type": "Feature", "properties": { "内容": "メディケアセンター横浜青葉【福祉用具貸与】神奈川県横浜市青葉区しらとり台57-8", "url2": "https://www.kaigokensaku.mhlw.go.jp/14/index.php?action_kouhyou_detail_004_kani=true&JigyosyoCd=1473703971-00&ServiceCd=170&Type=search" }, "geometry": { "type": "Point", "coordinates": [ 139.512846299999978, 35.5325199 ] } },
{ "type": "Feature", "properties": { "内容": "ダスキンヘルスレント横浜北ステーション【福祉用具貸与】神奈川県横浜市都筑区大熊町145-1", "url2": "https://www.kaigokensaku.mhlw.go.jp/14/index.php?action_kouhyou_detail_004_kani=true&JigyosyoCd=1470202399-00&ServiceCd=170&Type=search" }, "geometry": { "type": "Point", "coordinates": [ 139.602639244288639, 35.522372367241083 ] } },
{ "type": "Feature", "properties": { "内容": "株式会社フロンティア横浜北営業所【福祉用具貸与】神奈川県横浜市都筑区東山田4-45-27和田ビルA", "url2": "https://www.kaigokensaku.mhlw.go.jp/14/index.php?action_kouhyou_detail_004_kani=true&JigyosyoCd=1473801833-00&ServiceCd=170&Type=search" }, "geometry": { "type": "Point", "coordinates": [ 139.60937, 35.5637205 ] } },
{ "type": "Feature", "properties": { "内容": "アスケア福祉用具センター横浜【福祉用具貸与】神奈川県横浜市都筑区佐江戸町1707-1", "url2": "https://www.kaigokensaku.mhlw.go.jp/14/index.php?action_kouhyou_detail_004_kani=true&JigyosyoCd=1473802005-00&ServiceCd=170&Type=search" }, "geometry": { "type": "Point", "coordinates": [ 139.558370529386906, 35.51749720767198 ] } },
{ "type": "Feature", "properties": { "内容": "介護ショップオハナ【福祉用具貸与】神奈川県横浜市都筑区中川1-5-17ヒルズ岡本103号", "url2": "https://www.kaigokensaku.mhlw.go.jp/14/index.php?action_kouhyou_detail_004_kani=true&JigyosyoCd=1473802369-00&ServiceCd=170&Type=search" }, "geometry": { "type": "Point", "coordinates": [ 139.568813200000022, 35.5626732 ] } },
{ "type": "Feature", "properties": { "内容": "福祉事業部　トイフリー【福祉用具貸与】神奈川県横浜市都筑区茅ヶ崎南3-1-42", "url2": "https://www.kaigokensaku.mhlw.go.jp/14/index.php?action_kouhyou_detail_004_kani=true&JigyosyoCd=1473802757-00&ServiceCd=170&Type=search" }, "geometry": { "type": "Point", "coordinates": [ 139.5755193, 35.5392722 ] } },
{ "type": "Feature", "properties": { "内容": "NEXTFLOW福祉用具【福祉用具貸与】神奈川県横浜市都筑区仲町台1-2-20フロンティアビル304号室", "url2": "https://www.kaigokensaku.mhlw.go.jp/14/index.php?action_kouhyou_detail_004_kani=true&JigyosyoCd=1473802849-00&ServiceCd=170&Type=search" }, "geometry": { "type": "Point", "coordinates": [ 139.5892117, 35.534999 ] } },
{ "type": "Feature", "properties": { "内容": "ホームケア横浜【福祉用具貸与】神奈川県横浜市都筑区茅ヶ崎中央40番3グランクレールセンター南3階", "url2": "https://www.kaigokensaku.mhlw.go.jp/14/index.php?action_kouhyou_detail_004_kani=true&JigyosyoCd=1473702171-00&ServiceCd=170&Type=search" }, "geometry": { "type": "Point", "coordinates": [ 139.572099500000036, 35.5472475 ] } },
{ "type": "Feature", "properties": { "内容": "タカノ株式会社　横浜営業所【福祉用具貸与】神奈川県横浜市都筑区川和町６３９", "url2": "https://www.kaigokensaku.mhlw.go.jp/14/index.php?action_kouhyou_detail_004_kani=true&JigyosyoCd=1473800546-00&ServiceCd=170&Type=search" }, "geometry": { "type": "Point", "coordinates": [ 139.551671303704779, 35.523795234497314 ] } },
{ "type": "Feature", "properties": { "内容": "ゴーオン株式会社【福祉用具貸与】神奈川県横浜市都筑区勝田南2-18-8中屋ビル3階", "url2": "https://www.kaigokensaku.mhlw.go.jp/14/index.php?action_kouhyou_detail_004_kani=true&JigyosyoCd=1473801684-00&ServiceCd=170&Type=search" }, "geometry": { "type": "Point", "coordinates": [ 139.589633393284657, 35.539672540962485 ] } },
{ "type": "Feature", "properties": { "内容": "三和レンタル株式会社【福祉用具貸与】神奈川県横浜市都筑区川和町2494-6", "url2": "https://www.kaigokensaku.mhlw.go.jp/14/index.php?action_kouhyou_detail_004_kani=true&JigyosyoCd=1473800439-00&ServiceCd=170&Type=search" }, "geometry": { "type": "Point", "coordinates": [ 139.54565219999995, 35.5348098 ] } },
{ "type": "Feature", "properties": { "内容": "柴橋商会　介護用品川崎営業所【福祉用具貸与】神奈川県川崎市川崎区江川1-9-11霧島ビル2階", "url2": "https://www.kaigokensaku.mhlw.go.jp/14/index.php?action_kouhyou_detail_004_kani=true&JigyosyoCd=1475000798-00&ServiceCd=170&Type=search" }, "geometry": { "type": "Point", "coordinates": [ 139.745544816346751, 35.536861770498923 ] } },
{ "type": "Feature", "properties": { "内容": "旭日アメニティショップ【福祉用具貸与】神奈川県川崎市川崎区大師駅前１－４－４大師レジデンス２F", "url2": "https://www.kaigokensaku.mhlw.go.jp/14/index.php?action_kouhyou_detail_004_kani=true&JigyosyoCd=1475001267-00&ServiceCd=170&Type=search" }, "geometry": { "type": "Point", "coordinates": [ 139.725671199999965, 35.5347553 ] } },
{ "type": "Feature", "properties": { "内容": "スマイルマシーンズ【福祉用具貸与】神奈川県川崎市川崎区東門前１－１７－３", "url2": "https://www.kaigokensaku.mhlw.go.jp/14/index.php?action_kouhyou_detail_004_kani=true&JigyosyoCd=1475002539-00&ServiceCd=170&Type=search" }, "geometry": { "type": "Point", "coordinates": [ 139.728035200000022, 35.5245927 ] } },
{ "type": "Feature", "properties": { "内容": "メルシー・ダイキ川崎営業所【福祉用具貸与】神奈川県川崎市川崎区境町7-10イナヤハイム1階", "url2": "https://www.kaigokensaku.mhlw.go.jp/14/index.php?action_kouhyou_detail_004_kani=true&JigyosyoCd=1475003982-00&ServiceCd=170&Type=search" }, "geometry": { "type": "Point", "coordinates": [ 139.708921323942604, 35.525815012247065 ] } },
{ "type": "Feature", "properties": { "内容": "株式会社　星医療酸器京浜営業所【福祉用具貸与】神奈川県川崎市川崎区元木2-6-12", "url2": "https://www.kaigokensaku.mhlw.go.jp/14/index.php?action_kouhyou_detail_004_kani=true&JigyosyoCd=1475001101-00&ServiceCd=170&Type=search" }, "geometry": { "type": "Point", "coordinates": [ 139.696749100000034, 35.5221126 ] } },
{ "type": "Feature", "properties": { "内容": "メディケアセンター川崎【福祉用具貸与】神奈川県川崎市川崎区塩浜1-15-16", "url2": "https://www.kaigokensaku.mhlw.go.jp/14/index.php?action_kouhyou_detail_004_kani=true&JigyosyoCd=1475003503-00&ServiceCd=170&Type=search" }, "geometry": { "type": "Point", "coordinates": [ 139.729249100000061, 35.5236484 ] } },
{ "type": "Feature", "properties": { "内容": "株式会社フロンティア川崎東営業所【福祉用具貸与】神奈川県川崎市川崎区中瀬2-2-1", "url2": "https://www.kaigokensaku.mhlw.go.jp/14/index.php?action_kouhyou_detail_004_kani=true&JigyosyoCd=1475003909-00&ServiceCd=170&Type=search" }, "geometry": { "type": "Point", "coordinates": [ 139.726346199999966, 35.536519 ] } },
{ "type": "Feature", "properties": { "内容": "株式会社福祉協同サービス　川崎営業所【福祉用具貸与】神奈川県川崎市川崎区大島5丁目29番9号小林ビル1階", "url2": "https://www.kaigokensaku.mhlw.go.jp/14/index.php?action_kouhyou_detail_004_kani=true&JigyosyoCd=1475004576-00&ServiceCd=170&Type=search" }, "geometry": { "type": "Point", "coordinates": [ 139.7214303, 35.5224928 ] } },
{ "type": "Feature", "properties": { "内容": "福祉用具百福【福祉用具貸与】神奈川県川崎市川崎区塩浜1-9-10", "url2": "https://www.kaigokensaku.mhlw.go.jp/14/index.php?action_kouhyou_detail_004_kani=true&JigyosyoCd=1475004782-00&ServiceCd=170&Type=search" }, "geometry": { "type": "Point", "coordinates": [ 139.7407789, 35.5279113 ] } },
{ "type": "Feature", "properties": { "内容": "太陽ケアセンター【福祉用具貸与】神奈川県川崎市川崎区渡田新町2-1-92F", "url2": "https://www.kaigokensaku.mhlw.go.jp/14/index.php?action_kouhyou_detail_004_kani=true&JigyosyoCd=1475002760-00&ServiceCd=170&Type=search" }, "geometry": { "type": "Point", "coordinates": [ 139.698332299999947, 35.5222487 ] } },
{ "type": "Feature", "properties": { "内容": "シルバーはあと川崎【福祉用具貸与】神奈川県川崎市川崎区東田町8パレール川崎イエロー館　3F", "url2": "https://www.kaigokensaku.mhlw.go.jp/14/index.php?action_kouhyou_detail_004_kani=true&JigyosyoCd=1475004725-00&ServiceCd=170&Type=search" }, "geometry": { "type": "Point", "coordinates": [ 139.703636404229741, 35.529442754997639 ] } },
{ "type": "Feature", "properties": { "内容": "福祉用具健楽【福祉用具貸与】神奈川県川崎市川崎区桜本１－１４－２ー１F", "url2": "https://www.kaigokensaku.mhlw.go.jp/14/index.php?action_kouhyou_detail_004_kani=true&JigyosyoCd=1475004766-00&ServiceCd=170&Type=search" }, "geometry": { "type": "Point", "coordinates": [ 139.7223846, 35.5187781 ] } },
{ "type": "Feature", "properties": { "内容": "ジャパウイン介護ショップ【福祉用具貸与】神奈川県川崎市幸区河原町1河原町団地15号棟105号室", "url2": "https://www.kaigokensaku.mhlw.go.jp/14/index.php?action_kouhyou_detail_004_kani=true&JigyosyoCd=1475001218-00&ServiceCd=170&Type=search" }, "geometry": { "type": "Point", "coordinates": [ 139.692225473866301, 35.538829106616518 ] } },
{ "type": "Feature", "properties": { "内容": "福祉用具レンタルさいわい【福祉用具貸与】神奈川県川崎市幸区新塚越２０１ルリエ新川崎６階", "url2": "https://www.kaigokensaku.mhlw.go.jp/14/index.php?action_kouhyou_detail_004_kani=true&JigyosyoCd=1475100440-00&ServiceCd=170&Type=search" }, "geometry": { "type": "Point", "coordinates": [ 139.6758807, 35.5504698 ] } },
{ "type": "Feature", "properties": { "内容": "さわやかケア神奈川・福祉用具【福祉用具貸与】神奈川県川崎市幸区古市場2-103コア深沢1階", "url2": "https://www.kaigokensaku.mhlw.go.jp/14/index.php?action_kouhyou_detail_004_kani=true&JigyosyoCd=1470300847-00&ServiceCd=170&Type=search" }, "geometry": { "type": "Point", "coordinates": [ 139.683191, 35.553958 ] } },
{ "type": "Feature", "properties": { "内容": "福祉用具貸与　ハートフルコスモライフケア【福祉用具貸与】神奈川県川崎市幸区小向町4-11", "url2": "https://www.kaigokensaku.mhlw.go.jp/14/index.php?action_kouhyou_detail_004_kani=true&JigyosyoCd=1475100465-00&ServiceCd=170&Type=search" }, "geometry": { "type": "Point", "coordinates": [ 139.694604, 35.5490531 ] } },
{ "type": "Feature", "properties": { "内容": "ダスキンヘルスレント川崎幸ステーション【福祉用具貸与】神奈川県川崎市幸区東小倉22-7", "url2": "https://www.kaigokensaku.mhlw.go.jp/14/index.php?action_kouhyou_detail_004_kani=true&JigyosyoCd=1475102370-00&ServiceCd=170&Type=search" }, "geometry": { "type": "Point", "coordinates": [ 139.675808700000061, 35.5417684 ] } },
{ "type": "Feature", "properties": { "内容": "サクラサービス株式会社　幸営業所【福祉用具貸与】神奈川県川崎市幸区南加瀬5丁目18番7号", "url2": "https://www.kaigokensaku.mhlw.go.jp/14/index.php?action_kouhyou_detail_004_kani=true&JigyosyoCd=1475102388-00&ServiceCd=170&Type=search" }, "geometry": { "type": "Point", "coordinates": [ 139.660343499999954, 35.5390054 ] } },
{ "type": "Feature", "properties": { "内容": "株式会社　エスティサービス　川崎営業所【福祉用具貸与】神奈川県川崎市中原区上小田中５－１２－２０", "url2": "https://www.kaigokensaku.mhlw.go.jp/14/index.php?action_kouhyou_detail_004_kani=true&JigyosyoCd=1475200588-00&ServiceCd=170&Type=search" }, "geometry": { "type": "Point", "coordinates": [ 139.6342634, 35.583695 ] } },
{ "type": "Feature", "properties": { "内容": "フルライフ福祉用具プラス【福祉用具貸与】神奈川県川崎市中原区丸子通1-627-8トーシンビル", "url2": "https://www.kaigokensaku.mhlw.go.jp/14/index.php?action_kouhyou_detail_004_kani=true&JigyosyoCd=1475202998-00&ServiceCd=170&Type=search" }, "geometry": { "type": "Point", "coordinates": [ 139.665298099999973, 35.5814759 ] } },
{ "type": "Feature", "properties": { "内容": "アースサポート川崎【福祉用具貸与】神奈川県川崎市中原区新丸子町761番5号", "url2": "https://www.kaigokensaku.mhlw.go.jp/14/index.php?action_kouhyou_detail_004_kani=true&JigyosyoCd=1475203236-00&ServiceCd=170&Type=search" }, "geometry": { "type": "Point", "coordinates": [ 139.660194, 35.5796181 ] } },
{ "type": "Feature", "properties": { "内容": "株式会社　トーカイ　川崎営業所【福祉用具貸与】神奈川県川崎市中原区宮内２-１１-１", "url2": "https://www.kaigokensaku.mhlw.go.jp/14/index.php?action_kouhyou_detail_004_kani=true&JigyosyoCd=1470100841-00&ServiceCd=170&Type=search" }, "geometry": { "type": "Point", "coordinates": [ 139.638781900000026, 35.5899522 ] } },
{ "type": "Feature", "properties": { "内容": "フランスベッド株式会社　メディカル川崎営業所【福祉用具貸与】神奈川県川崎市中原区下沼部1760カインド玉川2Ｆ", "url2": "https://www.kaigokensaku.mhlw.go.jp/14/index.php?action_kouhyou_detail_004_kani=true&JigyosyoCd=1475201693-00&ServiceCd=170&Type=search" }, "geometry": { "type": "Point", "coordinates": [ 139.667697200000021, 35.5730133 ] } },
{ "type": "Feature", "properties": { "内容": "株式会社ステップハート【福祉用具貸与】神奈川県川崎市中原区井田一丁目5番1号", "url2": "https://www.kaigokensaku.mhlw.go.jp/14/index.php?action_kouhyou_detail_004_kani=true&JigyosyoCd=1475202857-00&ServiceCd=170&Type=search" }, "geometry": { "type": "Point", "coordinates": [ 139.647382900000025, 35.5610682 ] } },
{ "type": "Feature", "properties": { "内容": "セントケアりまいん中原【福祉用具貸与】神奈川県川崎市中原区新丸子東1-791-3朝日サンライズ多摩川ビル１F", "url2": "https://www.kaigokensaku.mhlw.go.jp/14/index.php?action_kouhyou_detail_004_kani=true&JigyosyoCd=1475203293-00&ServiceCd=170&Type=search" }, "geometry": { "type": "Point", "coordinates": [ 139.664222, 35.5809254 ] } },
{ "type": "Feature", "properties": { "内容": "指定福祉用具　アットキュア【福祉用具貸与】神奈川県川崎市中原区上小田中6-19-2", "url2": "https://www.kaigokensaku.mhlw.go.jp/14/index.php?action_kouhyou_detail_004_kani=true&JigyosyoCd=1475203368-00&ServiceCd=170&Type=search" }, "geometry": { "type": "Point", "coordinates": [ 139.6425505, 35.5801829 ] } },
{ "type": "Feature", "properties": { "内容": "株式会社ヤマシタ中原営業所【福祉用具貸与】神奈川県川崎市中原区宮内1-20-30", "url2": "https://www.kaigokensaku.mhlw.go.jp/14/index.php?action_kouhyou_detail_004_kani=true&JigyosyoCd=1475202279-00&ServiceCd=170&Type=search" }, "geometry": { "type": "Point", "coordinates": [ 139.640407763846611, 35.592645099273255 ] } },
{ "type": "Feature", "properties": { "内容": "成活ハウスサービス株式会社【福祉用具貸与】神奈川県川崎市高津区久末84-10", "url2": "https://www.kaigokensaku.mhlw.go.jp/14/index.php?action_kouhyou_detail_004_kani=true&JigyosyoCd=1475502660-00&ServiceCd=170&Type=search" }, "geometry": { "type": "Point", "coordinates": [ 139.61574039991379, 35.567489409208505 ] } },
{ "type": "Feature", "properties": { "内容": "パナソニックエイジフリーショップ川崎高津【福祉用具貸与】神奈川県川崎市高津区千年768番地", "url2": "https://www.kaigokensaku.mhlw.go.jp/14/index.php?action_kouhyou_detail_004_kani=true&JigyosyoCd=1475202527-00&ServiceCd=170&Type=search" }, "geometry": { "type": "Point", "coordinates": [ 139.627264316756282, 35.579745443878046 ] } },
{ "type": "Feature", "properties": { "内容": "介護用品ショップ　あっぷる　溝の口店【福祉用具貸与】神奈川県川崎市高津区下作延2-7-41コロナーデ溝口206", "url2": "https://www.kaigokensaku.mhlw.go.jp/14/index.php?action_kouhyou_detail_004_kani=true&JigyosyoCd=1475300123-00&ServiceCd=170&Type=search" }, "geometry": { "type": "Point", "coordinates": [ 139.60706, 35.5995344 ] } },
{ "type": "Feature", "properties": { "内容": "株式会社ビサイド【福祉用具貸与】神奈川県川崎市高津区二子3-29-10", "url2": "https://www.kaigokensaku.mhlw.go.jp/14/index.php?action_kouhyou_detail_004_kani=true&JigyosyoCd=1475303242-00&ServiceCd=170&Type=search" }, "geometry": { "type": "Point", "coordinates": [ 139.6215427, 35.6014473 ] } },
{ "type": "Feature", "properties": { "内容": "am・アシスト【福祉用具貸与】神奈川県川崎市高津区子母口347番地1シルクハイツB101", "url2": "https://www.kaigokensaku.mhlw.go.jp/14/index.php?action_kouhyou_detail_004_kani=true&JigyosyoCd=1475303580-00&ServiceCd=170&Type=search" }, "geometry": { "type": "Point", "coordinates": [ 139.630801950926212, 35.572746753190941 ] } },
{ "type": "Feature", "properties": { "内容": "株式会社フロンティア　川崎営業所【福祉用具貸与】神奈川県川崎市多摩区生田1-10-141F", "url2": "https://www.kaigokensaku.mhlw.go.jp/14/index.php?action_kouhyou_detail_004_kani=true&JigyosyoCd=1475401822-00&ServiceCd=170&Type=search" }, "geometry": { "type": "Point", "coordinates": [ 139.544690170500218, 35.624004102390025 ] } },
{ "type": "Feature", "properties": { "内容": "ケアショップ　ウィズ・ユー川崎【福祉用具貸与】神奈川県川崎市多摩区西生田2-1-4", "url2": "https://www.kaigokensaku.mhlw.go.jp/14/index.php?action_kouhyou_detail_004_kani=true&JigyosyoCd=1475402945-00&ServiceCd=170&Type=search" }, "geometry": { "type": "Point", "coordinates": [ 139.539371100000011, 35.6151509 ] } },
{ "type": "Feature", "properties": { "内容": "ライフサポートスマイル川崎事務所【福祉用具貸与】神奈川県川崎市多摩区登戸2071-3タマビル202号室", "url2": "https://www.kaigokensaku.mhlw.go.jp/14/index.php?action_kouhyou_detail_004_kani=true&JigyosyoCd=1475402259-00&ServiceCd=170&Type=search" }, "geometry": { "type": "Point", "coordinates": [ 139.5658393, 35.61676580000001 ] } },
{ "type": "Feature", "properties": { "内容": "リリアン介護ショップ川崎多摩【福祉用具貸与】神奈川県川崎市多摩区西生田2-6-21リリアンビル5階", "url2": "https://www.kaigokensaku.mhlw.go.jp/14/index.php?action_kouhyou_detail_004_kani=true&JigyosyoCd=1475403059-00&ServiceCd=170&Type=search" }, "geometry": { "type": "Point", "coordinates": [ 139.534662, 35.6151114 ] } },
{ "type": "Feature", "properties": { "内容": "福祉用具ステーション　ヒューマンライフケア川崎北【福祉用具貸与】神奈川県川崎市多摩区長沢2-2-3石垣ハイツ103", "url2": "https://www.kaigokensaku.mhlw.go.jp/14/index.php?action_kouhyou_detail_004_kani=true&JigyosyoCd=1475402952-00&ServiceCd=170&Type=search" }, "geometry": { "type": "Point", "coordinates": [ 139.545949492900405, 35.602475855458593 ] } },
{ "type": "Feature", "properties": { "内容": "ケイ・ホスピア株式会社【福祉用具貸与】神奈川県川崎市宮前区土橋1-11-1", "url2": "https://www.kaigokensaku.mhlw.go.jp/14/index.php?action_kouhyou_detail_004_kani=true&JigyosyoCd=1475500631-00&ServiceCd=170&Type=search" }, "geometry": { "type": "Point", "coordinates": [ 139.576633500000042, 35.5864697 ] } },
{ "type": "Feature", "properties": { "内容": "楽坊・介護ショップ【福祉用具貸与】神奈川県川崎市宮前区菅生4-15-18", "url2": "https://www.kaigokensaku.mhlw.go.jp/14/index.php?action_kouhyou_detail_004_kani=true&JigyosyoCd=1475502587-00&ServiceCd=170&Type=search" }, "geometry": { "type": "Point", "coordinates": [ 139.5491616, 35.592845033061394 ] } },
{ "type": "Feature", "properties": { "内容": "フランスベッド株式会社メディカル川崎北営業所【福祉用具貸与】神奈川県川崎市宮前区有馬2-7-7", "url2": "https://www.kaigokensaku.mhlw.go.jp/14/index.php?action_kouhyou_detail_004_kani=true&JigyosyoCd=1475502710-00&ServiceCd=170&Type=search" }, "geometry": { "type": "Point", "coordinates": [ 139.583770149598706, 35.579316691868264 ] } },
{ "type": "Feature", "properties": { "内容": "西川株式会社／ネーブルハウス川崎事業所【福祉用具貸与】神奈川県川崎市宮前区土橋３丁目２－６鷺沼プールサイドスカイマンション１０５", "url2": "https://www.kaigokensaku.mhlw.go.jp/14/index.php?action_kouhyou_detail_004_kani=true&JigyosyoCd=1475502785-00&ServiceCd=170&Type=search" }, "geometry": { "type": "Point", "coordinates": [ 139.5735805, 35.5805619 ] } },
{ "type": "Feature", "properties": { "内容": "株式会社イノベイションオブメディカルサービス川崎営業所【福祉用具貸与】神奈川県川崎市宮前区犬蔵２－１２－３３", "url2": "https://www.kaigokensaku.mhlw.go.jp/14/index.php?action_kouhyou_detail_004_kani=true&JigyosyoCd=1475600613-00&ServiceCd=170&Type=search" }, "geometry": { "type": "Point", "coordinates": [ 139.564498599999979, 35.5844895 ] } },
{ "type": "Feature", "properties": { "内容": "株式会社ヤマシタ宮前営業所【福祉用具貸与】神奈川県川崎市宮前区鷺沼1-11-6鷺沼第一ビル　2-2号室", "url2": "https://www.kaigokensaku.mhlw.go.jp/14/index.php?action_kouhyou_detail_004_kani=true&JigyosyoCd=1475502363-00&ServiceCd=170&Type=search" }, "geometry": { "type": "Point", "coordinates": [ 139.572939899999938, 35.5780876 ] } },
{ "type": "Feature", "properties": { "内容": "柴橋商会　介護用品　川崎宮前営業所【福祉用具貸与】神奈川県川崎市宮前区南平台1-12ビューラー風久保3　1階", "url2": "https://www.kaigokensaku.mhlw.go.jp/14/index.php?action_kouhyou_detail_004_kani=true&JigyosyoCd=1475501241-00&ServiceCd=170&Type=search" }, "geometry": { "type": "Point", "coordinates": [ 139.571341091401678, 35.594902521698543 ] } },
{ "type": "Feature", "properties": { "内容": "ハナリハデザイン【福祉用具貸与】神奈川県川崎市宮前区神木本町５-１-３第６マルテイビル201", "url2": "https://www.kaigokensaku.mhlw.go.jp/14/index.php?action_kouhyou_detail_004_kani=true&JigyosyoCd=1475001598-00&ServiceCd=170&Type=search" }, "geometry": { "type": "Point", "coordinates": [ 139.581234544968765, 35.600492445022915 ] } },
{ "type": "Feature", "properties": { "内容": "日本ウイール・チェアー株式会社　川崎支店【福祉用具貸与】神奈川県川崎市宮前区神木本町4-7-1ワコーレ溝口Ⅱ　101号室", "url2": "https://www.kaigokensaku.mhlw.go.jp/14/index.php?action_kouhyou_detail_004_kani=true&JigyosyoCd=1475501985-00&ServiceCd=170&Type=search" }, "geometry": { "type": "Point", "coordinates": [ 139.5837765, 35.599876 ] } },
{ "type": "Feature", "properties": { "内容": "ダスキンヘルスレント川崎宮前ステーション【福祉用具貸与】神奈川県川崎市宮前区馬絹2-8-30プリテイシャガ1F", "url2": "https://www.kaigokensaku.mhlw.go.jp/14/index.php?action_kouhyou_detail_004_kani=true&JigyosyoCd=1475502306-00&ServiceCd=170&Type=search" }, "geometry": { "type": "Point", "coordinates": [ 139.594358778412925, 35.581214118046638 ] } },
{ "type": "Feature", "properties": { "内容": "ケイ・ホスピア株式会社　川崎北営業所【福祉用具貸与】神奈川県川崎市麻生区百合丘3-25-11才沢第一ビル301", "url2": "https://www.kaigokensaku.mhlw.go.jp/14/index.php?action_kouhyou_detail_004_kani=true&JigyosyoCd=1475601462-00&ServiceCd=170&Type=search" }, "geometry": { "type": "Point", "coordinates": [ 139.5171322, 35.6009533 ] } },
{ "type": "Feature", "properties": { "内容": "けやきパートナー【福祉用具貸与】神奈川県川崎市麻生区上麻生4-35-1", "url2": "https://www.kaigokensaku.mhlw.go.jp/14/index.php?action_kouhyou_detail_004_kani=true&JigyosyoCd=1475602320-00&ServiceCd=170&Type=search" }, "geometry": { "type": "Point", "coordinates": [ 139.505601399999961, 35.575123 ] } },
{ "type": "Feature", "properties": { "内容": "サクラサービス株式会社　麻生営業所【福祉用具貸与】神奈川県川崎市麻生区上麻生6-38-28", "url2": "https://www.kaigokensaku.mhlw.go.jp/14/index.php?action_kouhyou_detail_004_kani=true&JigyosyoCd=1475602676-00&ServiceCd=170&Type=search" }, "geometry": { "type": "Point", "coordinates": [ 139.4985584, 35.5855643 ] } },
{ "type": "Feature", "properties": { "内容": "住宅相談室心株式会社【福祉用具貸与】神奈川県相模原市緑区西橋本4-14-25", "url2": "https://www.kaigokensaku.mhlw.go.jp/14/index.php?action_kouhyou_detail_004_kani=true&JigyosyoCd=1472608551-00&ServiceCd=170&Type=search" }, "geometry": { "type": "Point", "coordinates": [ 139.3293026, 35.5915965 ] } },
{ "type": "Feature", "properties": { "内容": "あい和ケアサービス【福祉用具貸与】神奈川県相模原市緑区三ケ木862-9", "url2": "https://www.kaigokensaku.mhlw.go.jp/14/index.php?action_kouhyou_detail_004_kani=true&JigyosyoCd=1472608155-00&ServiceCd=170&Type=search" }, "geometry": { "type": "Point", "coordinates": [ 139.233343748480706, 35.596214596051226 ] } },
{ "type": "Feature", "properties": { "内容": "ケアレンタル　グランシェル【福祉用具貸与】神奈川県相模原市緑区根小屋2489-17", "url2": "https://www.kaigokensaku.mhlw.go.jp/14/index.php?action_kouhyou_detail_004_kani=true&JigyosyoCd=1472611787-00&ServiceCd=170&Type=search" }, "geometry": { "type": "Point", "coordinates": [ 139.2634026, 35.57647740000003 ] } },
{ "type": "Feature", "properties": { "内容": "瀬戸の森　福祉ケア【福祉用具貸与】神奈川県相模原市緑区与瀬1129-1", "url2": "https://www.kaigokensaku.mhlw.go.jp/14/index.php?action_kouhyou_detail_004_kani=true&JigyosyoCd=1472609237-00&ServiceCd=170&Type=search" }, "geometry": { "type": "Point", "coordinates": [ 139.187625199999957, 35.6171131 ] } },
{ "type": "Feature", "properties": { "内容": "有限会社　ウエマツ【福祉用具貸与】神奈川県相模原市緑区佐野川２５９２－１", "url2": "https://www.kaigokensaku.mhlw.go.jp/14/index.php?action_kouhyou_detail_004_kani=true&JigyosyoCd=1471700219-00&ServiceCd=170&Type=search" }, "geometry": { "type": "Point", "coordinates": [ 139.130554599999982, 35.6433913 ] } },
{ "type": "Feature", "properties": { "内容": "なごみの里ケアセンター【福祉用具貸与】神奈川県相模原市緑区牧野８１１０－２", "url2": "https://www.kaigokensaku.mhlw.go.jp/14/index.php?action_kouhyou_detail_004_kani=true&JigyosyoCd=1472603891-00&ServiceCd=170&Type=search" }, "geometry": { "type": "Point", "coordinates": [ 139.133264100000019, 35.592084200000016 ] } },
{ "type": "Feature", "properties": { "内容": "メディケアセンター相模原【福祉用具貸与】神奈川県相模原市緑区下九沢2140", "url2": "https://www.kaigokensaku.mhlw.go.jp/14/index.php?action_kouhyou_detail_004_kani=true&JigyosyoCd=1472605383-00&ServiceCd=170&Type=search" }, "geometry": { "type": "Point", "coordinates": [ 139.336743299999966, 35.5837169 ] } },
{ "type": "Feature", "properties": { "内容": "福祉用具研究所　ゆいまーる【福祉用具貸与】神奈川県相模原市緑区大島1183-3", "url2": "https://www.kaigokensaku.mhlw.go.jp/14/index.php?action_kouhyou_detail_004_kani=true&JigyosyoCd=1472608007-00&ServiceCd=170&Type=search" }, "geometry": { "type": "Point", "coordinates": [ 139.315751, 35.5808099 ] } },
{ "type": "Feature", "properties": { "内容": "フランスベッド株式会社メディカル相模原営業所【福祉用具貸与】神奈川県相模原市緑区相原6-13-9", "url2": "https://www.kaigokensaku.mhlw.go.jp/14/index.php?action_kouhyou_detail_004_kani=true&JigyosyoCd=1472610995-00&ServiceCd=170&Type=search" }, "geometry": { "type": "Point", "coordinates": [ 139.315347800000012, 35.6024335 ] } },
{ "type": "Feature", "properties": { "内容": "フレンドリーサービス【福祉用具貸与】神奈川県相模原市緑区元橋本町22-33パストラル元橋本106", "url2": "https://www.kaigokensaku.mhlw.go.jp/14/index.php?action_kouhyou_detail_004_kani=true&JigyosyoCd=1472611175-00&ServiceCd=170&Type=search" }, "geometry": { "type": "Point", "coordinates": [ 139.3353357, 35.6023902 ] } },
{ "type": "Feature", "properties": { "内容": "あい和ケアサービス相原【福祉用具貸与】神奈川県相模原市緑区相原1-22-10", "url2": "https://www.kaigokensaku.mhlw.go.jp/14/index.php?action_kouhyou_detail_004_kani=true&JigyosyoCd=1472612967-00&ServiceCd=170&Type=search" }, "geometry": { "type": "Point", "coordinates": [ 139.325339, 35.6036435 ] } },
{ "type": "Feature", "properties": { "内容": "tida【福祉用具貸与】神奈川県相模原市中央区緑が丘1丁目2番4号", "url2": "https://www.kaigokensaku.mhlw.go.jp/14/index.php?action_kouhyou_detail_004_kani=true&JigyosyoCd=1472611449-00&ServiceCd=170&Type=search" }, "geometry": { "type": "Point", "coordinates": [ 139.3799017, 35.5494913 ] } },
{ "type": "Feature", "properties": { "内容": "合同会社しろくま匠商店【福祉用具貸与】神奈川県相模原市中央区小山3-22-12", "url2": "https://www.kaigokensaku.mhlw.go.jp/14/index.php?action_kouhyou_detail_004_kani=true&JigyosyoCd=1472611183-00&ServiceCd=170&Type=search" }, "geometry": { "type": "Point", "coordinates": [ 139.357032, 35.585669500000016 ] } },
{ "type": "Feature", "properties": { "内容": "ラウンド＆ケア福祉用具相模原【福祉用具貸与】神奈川県相模原市中央区相模原2-8-11MIYAビル1階", "url2": "https://www.kaigokensaku.mhlw.go.jp/14/index.php?action_kouhyou_detail_004_kani=true&JigyosyoCd=1472612520-00&ServiceCd=170&Type=search" }, "geometry": { "type": "Point", "coordinates": [ 139.3680133, 35.5794612 ] } },
{ "type": "Feature", "properties": { "内容": "株式会社　ハルクル　本社【福祉用具貸与】神奈川県相模原市中央区陽光台6-4-19", "url2": "https://www.kaigokensaku.mhlw.go.jp/14/index.php?action_kouhyou_detail_004_kani=true&JigyosyoCd=1472603941-00&ServiceCd=170&Type=search" }, "geometry": { "type": "Point", "coordinates": [ 139.379071100000033, 35.5484186 ] } },
{ "type": "Feature", "properties": { "内容": "株式会社　まちづくり公社【福祉用具貸与】神奈川県相模原市中央区矢部２－４－１７", "url2": "https://www.kaigokensaku.mhlw.go.jp/14/index.php?action_kouhyou_detail_004_kani=true&JigyosyoCd=1472600228-00&ServiceCd=170&Type=search" }, "geometry": { "type": "Point", "coordinates": [ 139.381453500000021, 35.574625 ] } },
{ "type": "Feature", "properties": { "内容": "株式会社ヘルスケア　さがみ営業所【福祉用具貸与】神奈川県相模原市中央区相模原6-5-13", "url2": "https://www.kaigokensaku.mhlw.go.jp/14/index.php?action_kouhyou_detail_004_kani=true&JigyosyoCd=1472600434-00&ServiceCd=170&Type=search" }, "geometry": { "type": "Point", "coordinates": [ 139.372510814295453, 35.57445490569463 ] } },
{ "type": "Feature", "properties": { "内容": "柴橋商会　介護用品　相模原営業所【福祉用具貸与】神奈川県相模原市中央区南橋本1-1-17", "url2": "https://www.kaigokensaku.mhlw.go.jp/14/index.php?action_kouhyou_detail_004_kani=true&JigyosyoCd=1472602695-00&ServiceCd=170&Type=search" }, "geometry": { "type": "Point", "coordinates": [ 139.353031576436962, 35.583241662185443 ] } },
{ "type": "Feature", "properties": { "内容": "福祉用具ジョイフル【福祉用具貸与】神奈川県相模原市中央区富士見6-14-15", "url2": "https://www.kaigokensaku.mhlw.go.jp/14/index.php?action_kouhyou_detail_004_kani=true&JigyosyoCd=1472609088-00&ServiceCd=170&Type=search" }, "geometry": { "type": "Point", "coordinates": [ 139.37499870948767, 35.567281989523366 ] } },
{ "type": "Feature", "properties": { "内容": "イーライフ株式会社　相模原営業所【福祉用具貸与】神奈川県相模原市中央区矢部1-5-2昌栄ビル202", "url2": "https://www.kaigokensaku.mhlw.go.jp/14/index.php?action_kouhyou_detail_004_kani=true&JigyosyoCd=1472610466-00&ServiceCd=170&Type=search" }, "geometry": { "type": "Point", "coordinates": [ 139.37644880000002, 35.5733797 ] } },
{ "type": "Feature", "properties": { "内容": "かたくり福祉用具神奈川・多摩センター【福祉用具貸与】神奈川県相模原市中央区東淵野辺1-11-4", "url2": "https://www.kaigokensaku.mhlw.go.jp/14/index.php?action_kouhyou_detail_004_kani=true&JigyosyoCd=1472610789-00&ServiceCd=170&Type=search" }, "geometry": { "type": "Point", "coordinates": [ 139.409443224186987, 35.564284945543484 ] } },
{ "type": "Feature", "properties": { "内容": "ダスキンヘルスレント相模原ステーション【福祉用具貸与】神奈川県相模原市中央区中央4-5-5アールビル1階", "url2": "https://www.kaigokensaku.mhlw.go.jp/14/index.php?action_kouhyou_detail_004_kani=true&JigyosyoCd=1472611399-00&ServiceCd=170&Type=search" }, "geometry": { "type": "Point", "coordinates": [ 139.3674556, 35.5732895 ] } },
{ "type": "Feature", "properties": { "内容": "株式会社イノベイションオブメディカルサービス相模原営業所【福祉用具貸与】神奈川県相模原市中央区共和3-11-12", "url2": "https://www.kaigokensaku.mhlw.go.jp/14/index.php?action_kouhyou_detail_004_kani=true&JigyosyoCd=1472604717-00&ServiceCd=170&Type=search" }, "geometry": { "type": "Point", "coordinates": [ 139.401516, 35.5602574 ] } },
{ "type": "Feature", "properties": { "内容": "シマヤメディカル株式会社【福祉用具貸与】神奈川県相模原市中央区星が丘3-9-18", "url2": "https://www.kaigokensaku.mhlw.go.jp/14/index.php?action_kouhyou_detail_004_kani=true&JigyosyoCd=1472601010-00&ServiceCd=170&Type=search" }, "geometry": { "type": "Point", "coordinates": [ 139.373524099999941, 35.5585644 ] } },
{ "type": "Feature", "properties": { "内容": "株式会社ヤマシタ相模原営業所【福祉用具貸与】神奈川県相模原市中央区鹿沼台2-11-6淵野辺サトウビル4階B", "url2": "https://www.kaigokensaku.mhlw.go.jp/14/index.php?action_kouhyou_detail_004_kani=true&JigyosyoCd=1472601572-00&ServiceCd=170&Type=search" }, "geometry": { "type": "Point", "coordinates": [ 139.392256874376699, 35.568216963643202 ] } },
{ "type": "Feature", "properties": { "内容": "ユニバーサルケア【福祉用具貸与】神奈川県相模原市中央区青葉３－２－２", "url2": "https://www.kaigokensaku.mhlw.go.jp/14/index.php?action_kouhyou_detail_004_kani=true&JigyosyoCd=1472604428-00&ServiceCd=170&Type=search" }, "geometry": { "type": "Point", "coordinates": [ 139.391018056111079, 35.550363166295263 ] } },
{ "type": "Feature", "properties": { "内容": "株式会社フロンティア相模原営業所【福祉用具貸与】神奈川県相模原市中央区相模原2-8-20", "url2": "https://www.kaigokensaku.mhlw.go.jp/14/index.php?action_kouhyou_detail_004_kani=true&JigyosyoCd=1472606647-00&ServiceCd=170&Type=search" }, "geometry": { "type": "Point", "coordinates": [ 139.368707299999983, 35.5791998 ] } },
{ "type": "Feature", "properties": { "内容": "ライブラリ相模原福祉用具貸与事業所【福祉用具貸与】神奈川県相模原市中央区相生1-6-24ライブラリ淵野辺内", "url2": "https://www.kaigokensaku.mhlw.go.jp/14/index.php?action_kouhyou_detail_004_kani=true&JigyosyoCd=1472610771-00&ServiceCd=170&Type=search" }, "geometry": { "type": "Point", "coordinates": [ 139.387490400000019, 35.566371800000034 ] } },
{ "type": "Feature", "properties": { "内容": "ソネット相模原【福祉用具貸与】神奈川県相模原市中央区上溝2370-6", "url2": "https://www.kaigokensaku.mhlw.go.jp/14/index.php?action_kouhyou_detail_004_kani=true&JigyosyoCd=1472608254-00&ServiceCd=170&Type=search" }, "geometry": { "type": "Point", "coordinates": [ 139.35484, 35.5494393 ] } },
{ "type": "Feature", "properties": { "内容": "Utensil_With_モノリス【福祉用具貸与】神奈川県相模原市中央区横山3-23-15", "url2": "https://www.kaigokensaku.mhlw.go.jp/14/index.php?action_kouhyou_detail_004_kani=true&JigyosyoCd=1472612033-00&ServiceCd=170&Type=search" }, "geometry": { "type": "Point", "coordinates": [ 139.3652554, 35.5631629 ] } },
{ "type": "Feature", "properties": { "内容": "SOMPOケア相模原中央福祉用具【福祉用具貸与】神奈川県相模原市中央区中央1-1-1ジブラルタ生命相模原ビル203号", "url2": "https://www.kaigokensaku.mhlw.go.jp/14/index.php?action_kouhyou_detail_004_kani=true&JigyosyoCd=1472611696-00&ServiceCd=170&Type=search" }, "geometry": { "type": "Point", "coordinates": [ 139.3675757, 35.5756087 ] } },
{ "type": "Feature", "properties": { "内容": "ケアキット匠の荘【福祉用具貸与】神奈川県相模原市中央区上溝4-14-4コートファミリエB203", "url2": "https://www.kaigokensaku.mhlw.go.jp/14/index.php?action_kouhyou_detail_004_kani=true&JigyosyoCd=1472612694-00&ServiceCd=170&Type=search" }, "geometry": { "type": "Point", "coordinates": [ 139.358092699999986, 35.5603571 ] } },
{ "type": "Feature", "properties": { "内容": "クリエーティブカミヤ㈱相模原営業所【福祉用具貸与】神奈川県相模原市中央区青葉1-1-27コア青葉1F", "url2": "https://www.kaigokensaku.mhlw.go.jp/14/index.php?action_kouhyou_detail_004_kani=true&JigyosyoCd=1472612132-00&ServiceCd=170&Type=search" }, "geometry": { "type": "Point", "coordinates": [ 139.6978981, 36.0682964 ] } },
{ "type": "Feature", "properties": { "内容": "株式会社エスティサービス　相模原営業所【福祉用具貸与】神奈川県相模原市南区麻溝台１－３－１２", "url2": "https://www.kaigokensaku.mhlw.go.jp/14/index.php?action_kouhyou_detail_004_kani=true&JigyosyoCd=1472601515-00&ServiceCd=170&Type=search" }, "geometry": { "type": "Point", "coordinates": [ 139.398550300000011, 35.537116699999984 ] } },
{ "type": "Feature", "properties": { "内容": "SEIJINホクソウサービス【福祉用具貸与】神奈川県相模原市南区東林間2-22-12-1-A", "url2": "https://www.kaigokensaku.mhlw.go.jp/14/index.php?action_kouhyou_detail_004_kani=true&JigyosyoCd=1472606712-00&ServiceCd=170&Type=search" }, "geometry": { "type": "Point", "coordinates": [ 139.427573199999983, 35.5184641 ] } },
{ "type": "Feature", "properties": { "内容": "アクアケアサポート【福祉用具貸与】神奈川県相模原市南区東林間1-4-1", "url2": "https://www.kaigokensaku.mhlw.go.jp/14/index.php?action_kouhyou_detail_004_kani=true&JigyosyoCd=1472608684-00&ServiceCd=170&Type=search" }, "geometry": { "type": "Point", "coordinates": [ 139.435896785560573, 35.52554110609853 ] } },
{ "type": "Feature", "properties": { "内容": "はもれび【福祉用具貸与】神奈川県相模原市南区東大沼２－１９－６", "url2": "https://www.kaigokensaku.mhlw.go.jp/14/index.php?action_kouhyou_detail_004_kani=true&JigyosyoCd=1472609419-00&ServiceCd=170&Type=search" }, "geometry": { "type": "Point", "coordinates": [ 139.4216619, 35.5423314 ] } },
{ "type": "Feature", "properties": { "内容": "エス・エスホームケア株式会社　福祉用具事業部【福祉用具貸与】神奈川県相模原市南区相模大野5-10-222階", "url2": "https://www.kaigokensaku.mhlw.go.jp/14/index.php?action_kouhyou_detail_004_kani=true&JigyosyoCd=1472611076-00&ServiceCd=170&Type=search" }, "geometry": { "type": "Point", "coordinates": [ 139.4265859, 35.5301871 ] } },
{ "type": "Feature", "properties": { "内容": "パナソニックエイジフリーショップさがみはら【福祉用具貸与】神奈川県相模原市南区上鶴間６－２７－５フロレスタ１階", "url2": "https://www.kaigokensaku.mhlw.go.jp/14/index.php?action_kouhyou_detail_004_kani=true&JigyosyoCd=1472609534-00&ServiceCd=170&Type=search" }, "geometry": { "type": "Point", "coordinates": [ 139.440696900000034, 35.5222436 ] } },
{ "type": "Feature", "properties": { "内容": "ライフサポート　たいよう【福祉用具貸与】神奈川県相模原市南区相模大野9-7-1博雅マンション1-B", "url2": "https://www.kaigokensaku.mhlw.go.jp/14/index.php?action_kouhyou_detail_004_kani=true&JigyosyoCd=1472606332-00&ServiceCd=170&Type=search" }, "geometry": { "type": "Point", "coordinates": [ 139.438486213491842, 35.527870916881703 ] } },
{ "type": "Feature", "properties": { "内容": "けやきサポートさがみ【福祉用具貸与】神奈川県相模原市南区当麻1271-3-101号", "url2": "https://www.kaigokensaku.mhlw.go.jp/14/index.php?action_kouhyou_detail_004_kani=true&JigyosyoCd=1472608619-00&ServiceCd=170&Type=search" }, "geometry": { "type": "Point", "coordinates": [ 139.374617259307769, 35.529956234628429 ] } },
{ "type": "Feature", "properties": { "内容": "セントケアりまいん相模大野【福祉用具貸与】神奈川県相模原市南区上鶴間本町4-50-30プラザ野澤ビル", "url2": "https://www.kaigokensaku.mhlw.go.jp/14/index.php?action_kouhyou_detail_004_kani=true&JigyosyoCd=1472611803-00&ServiceCd=170&Type=search" }, "geometry": { "type": "Point", "coordinates": [ 139.444952199999989, 35.5314879 ] } },
{ "type": "Feature", "properties": { "内容": "訪問看護リハビリステーション　あるふぁ相模大野【福祉用具貸与】神奈川県相模原市南区文京１－４－５ピアレジ文京１－Ｂ", "url2": "https://www.kaigokensaku.mhlw.go.jp/14/index.php?action_kouhyou_detail_004_kani=true&JigyosyoCd=1462690337-00&ServiceCd=170&Type=search" }, "geometry": { "type": "Point", "coordinates": [ 139.429533904299205, 35.537389236932249 ] } },
{ "type": "Feature", "properties": { "内容": "ウェルケア【福祉用具貸与】神奈川県横須賀市吉井2-8-21", "url2": "https://www.kaigokensaku.mhlw.go.jp/14/index.php?action_kouhyou_detail_004_kani=true&JigyosyoCd=1471907590-00&ServiceCd=170&Type=search" }, "geometry": { "type": "Point", "coordinates": [ 139.7027477, 35.2474498 ] } },
{ "type": "Feature", "properties": { "内容": "健康と介護の専門店　リップル【福祉用具貸与】神奈川県横須賀市田浦港町1283-2", "url2": "https://www.kaigokensaku.mhlw.go.jp/14/index.php?action_kouhyou_detail_004_kani=true&JigyosyoCd=1471900330-00&ServiceCd=170&Type=search" }, "geometry": { "type": "Point", "coordinates": [ 139.640001221104399, 35.294103270554302 ] } },
{ "type": "Feature", "properties": { "内容": "メディケアセンター横須賀【福祉用具貸与】神奈川県横須賀市日の出町3-14ケイエムビル1階", "url2": "https://www.kaigokensaku.mhlw.go.jp/14/index.php?action_kouhyou_detail_004_kani=true&JigyosyoCd=1471901346-00&ServiceCd=170&Type=search" }, "geometry": { "type": "Point", "coordinates": [ 139.679277400000046, 35.2748443 ] } },
{ "type": "Feature", "properties": { "内容": "株式会社　イノベイションオブメディカルサービス横須賀営業所【福祉用具貸与】神奈川県横須賀市森崎１－１５－８", "url2": "https://www.kaigokensaku.mhlw.go.jp/14/index.php?action_kouhyou_detail_004_kani=true&JigyosyoCd=1471901403-00&ServiceCd=170&Type=search" }, "geometry": { "type": "Point", "coordinates": [ 139.682013099999949, 35.24585 ] } },
{ "type": "Feature", "properties": { "内容": "有限会社　グループライフサービス【福祉用具貸与】神奈川県横須賀市久村４７１－１０１", "url2": "https://www.kaigokensaku.mhlw.go.jp/14/index.php?action_kouhyou_detail_004_kani=true&JigyosyoCd=1471901726-00&ServiceCd=170&Type=search" }, "geometry": { "type": "Point", "coordinates": [ 139.692449715344196, 35.231389354771451 ] } },
{ "type": "Feature", "properties": { "内容": "柴橋商会　介護用品横須賀営業所【福祉用具貸与】神奈川県横須賀市大矢部1-15-28", "url2": "https://www.kaigokensaku.mhlw.go.jp/14/index.php?action_kouhyou_detail_004_kani=true&JigyosyoCd=1471902765-00&ServiceCd=170&Type=search" }, "geometry": { "type": "Point", "coordinates": [ 139.670894566270476, 35.240545134425723 ] } },
{ "type": "Feature", "properties": { "内容": "笑福レント＆リフォーム【福祉用具貸与】神奈川県横須賀市浦賀２－１１－１５", "url2": "https://www.kaigokensaku.mhlw.go.jp/14/index.php?action_kouhyou_detail_004_kani=true&JigyosyoCd=1471907137-00&ServiceCd=170&Type=search" }, "geometry": { "type": "Point", "coordinates": [ 139.7041759, 35.2524619 ] } },
{ "type": "Feature", "properties": { "内容": "けいすいケアサービス　よこすか【福祉用具貸与】神奈川県横須賀市根岸町3-9-9", "url2": "https://www.kaigokensaku.mhlw.go.jp/14/index.php?action_kouhyou_detail_004_kani=true&JigyosyoCd=1471907608-00&ServiceCd=170&Type=search" }, "geometry": { "type": "Point", "coordinates": [ 139.6842978, 35.2493592 ] } },
{ "type": "Feature", "properties": { "内容": "しんわレンタル館【福祉用具貸与】神奈川県横須賀市安浦町3-16Jビル3階", "url2": "https://www.kaigokensaku.mhlw.go.jp/14/index.php?action_kouhyou_detail_004_kani=true&JigyosyoCd=1471902013-00&ServiceCd=170&Type=search" }, "geometry": { "type": "Point", "coordinates": [ 139.678659823278849, 35.270738380075379 ] } },
{ "type": "Feature", "properties": { "内容": "サクラサービス株式会社　追浜営業所【福祉用具貸与】神奈川県横須賀市夏島町16-1", "url2": "https://www.kaigokensaku.mhlw.go.jp/14/index.php?action_kouhyou_detail_004_kani=true&JigyosyoCd=1471904977-00&ServiceCd=170&Type=search" }, "geometry": { "type": "Point", "coordinates": [ 139.636640400000033, 35.3234794 ] } },
{ "type": "Feature", "properties": { "内容": "ダスキンヘルスレント横須賀ステーション【福祉用具貸与】神奈川県横須賀市根岸町4-2-1原ビル1階", "url2": "https://www.kaigokensaku.mhlw.go.jp/14/index.php?action_kouhyou_detail_004_kani=true&JigyosyoCd=1471907756-00&ServiceCd=170&Type=search" }, "geometry": { "type": "Point", "coordinates": [ 139.677912600000013, 35.2529278 ] } },
{ "type": "Feature", "properties": { "内容": "株式会社いわしや西方医科器械【福祉用具貸与】神奈川県平塚市明石町15-24", "url2": "https://www.kaigokensaku.mhlw.go.jp/14/index.php?action_kouhyou_detail_004_kani=true&JigyosyoCd=1472000395-00&ServiceCd=170&Type=search" }, "geometry": { "type": "Point", "coordinates": [ 139.347557100000017, 35.3319384 ] } },
{ "type": "Feature", "properties": { "内容": "サン・ライフ福祉サービスセンター　湘南事業所【福祉用具貸与】神奈川県平塚市馬入本町13-2-1", "url2": "https://www.kaigokensaku.mhlw.go.jp/14/index.php?action_kouhyou_detail_004_kani=true&JigyosyoCd=1472000023-00&ServiceCd=170&Type=search" }, "geometry": { "type": "Point", "coordinates": [ 139.362483600000019, 35.3312832 ] } },
{ "type": "Feature", "properties": { "内容": "株式会社ティー・シー・エス平塚本社【福祉用具貸与】神奈川県平塚市土屋７７２－１", "url2": "https://www.kaigokensaku.mhlw.go.jp/14/index.php?action_kouhyou_detail_004_kani=true&JigyosyoCd=1472000056-00&ServiceCd=170&Type=search" }, "geometry": { "type": "Point", "coordinates": [ 139.25329320000003, 35.3454855 ] } },
{ "type": "Feature", "properties": { "内容": "クリエーティブ　カミヤ株式会社　湘南営業所【福祉用具貸与】神奈川県平塚市袖ケ浜１６－６２第三ヤマイチビル１階", "url2": "https://www.kaigokensaku.mhlw.go.jp/14/index.php?action_kouhyou_detail_004_kani=true&JigyosyoCd=1472000296-00&ServiceCd=170&Type=search" }, "geometry": { "type": "Point", "coordinates": [ 139.350668600000063, 35.3199482 ] } },
{ "type": "Feature", "properties": { "内容": "サンレジデンス湘南レンタルサービス【福祉用具貸与】神奈川県平塚市田村2丁目11番5号", "url2": "https://www.kaigokensaku.mhlw.go.jp/14/index.php?action_kouhyou_detail_004_kani=true&JigyosyoCd=1472001211-00&ServiceCd=170&Type=search" }, "geometry": { "type": "Point", "coordinates": [ 139.3585326, 35.3717317 ] } },
{ "type": "Feature", "properties": { "内容": "ヘルスケア　湘南営業所【福祉用具貸与】神奈川県平塚市東中原1-2-13", "url2": "https://www.kaigokensaku.mhlw.go.jp/14/index.php?action_kouhyou_detail_004_kani=true&JigyosyoCd=1472001260-00&ServiceCd=170&Type=search" }, "geometry": { "type": "Point", "coordinates": [ 139.340235081262819, 35.350973685671278 ] } },
{ "type": "Feature", "properties": { "内容": "へいあんホームケア平塚【福祉用具貸与】神奈川県平塚市桜ヶ丘1-35", "url2": "https://www.kaigokensaku.mhlw.go.jp/14/index.php?action_kouhyou_detail_004_kani=true&JigyosyoCd=1472001740-00&ServiceCd=170&Type=search" }, "geometry": { "type": "Point", "coordinates": [ 139.329486699999961, 35.3265946 ] } },
{ "type": "Feature", "properties": { "内容": "アビリティーズ・ケアネット株式会社　湘南営業所【福祉用具貸与】神奈川県平塚市高村２０３平塚高村団地１４－１０１", "url2": "https://www.kaigokensaku.mhlw.go.jp/14/index.php?action_kouhyou_detail_004_kani=true&JigyosyoCd=1472001831-00&ServiceCd=170&Type=search" }, "geometry": { "type": "Point", "coordinates": [ 139.307882799999987, 35.3334799 ] } },
{ "type": "Feature", "properties": { "内容": "ダスキンヘルスレント平塚ステーション【福祉用具貸与】神奈川県平塚市西八幡2-1-21", "url2": "https://www.kaigokensaku.mhlw.go.jp/14/index.php?action_kouhyou_detail_004_kani=true&JigyosyoCd=1472002961-00&ServiceCd=170&Type=search" }, "geometry": { "type": "Point", "coordinates": [ 139.351537, 35.3398042 ] } },
{ "type": "Feature", "properties": { "内容": "わかばホームケア【福祉用具貸与】神奈川県平塚市平塚　1-9-23", "url2": "https://www.kaigokensaku.mhlw.go.jp/14/index.php?action_kouhyou_detail_004_kani=true&JigyosyoCd=1472003076-00&ServiceCd=170&Type=search" }, "geometry": { "type": "Point", "coordinates": [ 139.340544566111021, 35.327949164458595 ] } },
{ "type": "Feature", "properties": { "内容": "株式会社フロンティア　平塚営業所【福祉用具貸与】神奈川県平塚市めぐみが丘2-5-3", "url2": "https://www.kaigokensaku.mhlw.go.jp/14/index.php?action_kouhyou_detail_004_kani=true&JigyosyoCd=1472004264-00&ServiceCd=170&Type=search" }, "geometry": { "type": "Point", "coordinates": [ 139.293278399999963, 35.3475141 ] } },
{ "type": "Feature", "properties": { "内容": "株式会社ニッショウ平塚営業所【福祉用具貸与】神奈川県平塚市中原2－20－1", "url2": "https://www.kaigokensaku.mhlw.go.jp/14/index.php?action_kouhyou_detail_004_kani=true&JigyosyoCd=1472004330-00&ServiceCd=170&Type=search" }, "geometry": { "type": "Point", "coordinates": [ 139.333617761603193, 35.345476798770264 ] } },
{ "type": "Feature", "properties": { "内容": "介護福祉用具取扱事業所E-クラシオン【福祉用具貸与】神奈川県平塚市南原2-4-36", "url2": "https://www.kaigokensaku.mhlw.go.jp/14/index.php?action_kouhyou_detail_004_kani=true&JigyosyoCd=1472004777-00&ServiceCd=170&Type=search" }, "geometry": { "type": "Point", "coordinates": [ 139.32852, 35.3394097 ] } },
{ "type": "Feature", "properties": { "内容": "株式会社イノベイションオブメディカルサービス　平塚営業所【福祉用具貸与】神奈川県平塚市新町4-21", "url2": "https://www.kaigokensaku.mhlw.go.jp/14/index.php?action_kouhyou_detail_004_kani=true&JigyosyoCd=1472003381-00&ServiceCd=170&Type=search" }, "geometry": { "type": "Point", "coordinates": [ 139.337118799999985, 35.3479756 ] } },
{ "type": "Feature", "properties": { "内容": "メディケアセンター平塚【福祉用具貸与】神奈川県平塚市北豊田623-2", "url2": "https://www.kaigokensaku.mhlw.go.jp/14/index.php?action_kouhyou_detail_004_kani=true&JigyosyoCd=1472001336-00&ServiceCd=170&Type=search" }, "geometry": { "type": "Point", "coordinates": [ 139.3259587, 35.3599407 ] } },
{ "type": "Feature", "properties": { "内容": "シルバーはあと平塚【福祉用具貸与】神奈川県平塚市四之宮7-2-10", "url2": "https://www.kaigokensaku.mhlw.go.jp/14/index.php?action_kouhyou_detail_004_kani=true&JigyosyoCd=1472003308-00&ServiceCd=170&Type=search" }, "geometry": { "type": "Point", "coordinates": [ 139.3624853, 35.3646546 ] } },
{ "type": "Feature", "properties": { "内容": "コノハナ株式会社【福祉用具貸与】神奈川県平塚市中里19-3", "url2": "https://www.kaigokensaku.mhlw.go.jp/14/index.php?action_kouhyou_detail_004_kani=true&JigyosyoCd=1472004868-00&ServiceCd=170&Type=search" }, "geometry": { "type": "Point", "coordinates": [ 139.332844690807377, 35.333792742508095 ] } },
{ "type": "Feature", "properties": { "内容": "福祉用具HIBISU平塚【福祉用具貸与】神奈川県平塚市横内2022ドミールA102", "url2": "https://www.kaigokensaku.mhlw.go.jp/14/index.php?action_kouhyou_detail_004_kani=true&JigyosyoCd=1472005071-00&ServiceCd=170&Type=search" }, "geometry": { "type": "Point", "coordinates": [ 139.3525251, 35.3759654 ] } },
{ "type": "Feature", "properties": { "内容": "オーシャン【福祉用具貸与】神奈川県平塚市桜ケ丘6-16", "url2": "https://www.kaigokensaku.mhlw.go.jp/14/index.php?action_kouhyou_detail_004_kani=true&JigyosyoCd=1472003365-00&ServiceCd=170&Type=search" }, "geometry": { "type": "Point", "coordinates": [ 139.3264415112954, 35.327967807408406 ] } },
{ "type": "Feature", "properties": { "内容": "株式会社モノ・ウェルビーイング【福祉用具貸与】神奈川県鎌倉市山崎1469-8", "url2": "https://www.kaigokensaku.mhlw.go.jp/14/index.php?action_kouhyou_detail_004_kani=true&JigyosyoCd=1472102118-00&ServiceCd=170&Type=search" }, "geometry": { "type": "Point", "coordinates": [ 139.526410599999963, 35.3377594 ] } },
{ "type": "Feature", "properties": { "内容": "メディケアセンター鎌倉【福祉用具貸与】神奈川県鎌倉市大船6-3-53", "url2": "https://www.kaigokensaku.mhlw.go.jp/14/index.php?action_kouhyou_detail_004_kani=true&JigyosyoCd=1472100732-00&ServiceCd=170&Type=search" }, "geometry": { "type": "Point", "coordinates": [ 139.5407208, 35.3518917 ] } },
{ "type": "Feature", "properties": { "内容": "福祉住環境研究所【福祉用具貸与】神奈川県鎌倉市今泉台２－８－６", "url2": "https://www.kaigokensaku.mhlw.go.jp/14/index.php?action_kouhyou_detail_004_kani=true&JigyosyoCd=1472101466-00&ServiceCd=170&Type=search" }, "geometry": { "type": "Point", "coordinates": [ 139.558041900000035, 35.3438892 ] } },
{ "type": "Feature", "properties": { "内容": "福祉クラブ生協介護生活用品店「らく・らっく」鎌倉【福祉用具貸与】神奈川県鎌倉市台5-2-3コア北鎌倉", "url2": "https://www.kaigokensaku.mhlw.go.jp/14/index.php?action_kouhyou_detail_004_kani=true&JigyosyoCd=1472102324-00&ServiceCd=170&Type=search" }, "geometry": { "type": "Point", "coordinates": [ 139.533840700000042, 35.3438503 ] } },
{ "type": "Feature", "properties": { "内容": "株式会社ニッショウ　鎌倉営業所【福祉用具貸与】神奈川県鎌倉市常盤155-8", "url2": "https://www.kaigokensaku.mhlw.go.jp/14/index.php?action_kouhyou_detail_004_kani=true&JigyosyoCd=1472103447-00&ServiceCd=170&Type=search" }, "geometry": { "type": "Point", "coordinates": [ 139.5198565, 35.3298099 ] } },
{ "type": "Feature", "properties": { "内容": "パナソニックエイジフリーショップ鎌倉【福祉用具貸与】神奈川県鎌倉市大船2-17-19齋藤兄弟社ビル１、２階", "url2": "https://www.kaigokensaku.mhlw.go.jp/14/index.php?action_kouhyou_detail_004_kani=true&JigyosyoCd=1472103561-00&ServiceCd=170&Type=search" }, "geometry": { "type": "Point", "coordinates": [ 139.535688, 35.3532531 ] } },
{ "type": "Feature", "properties": { "内容": "K＆Kコーポレーション株式会社【福祉用具貸与】神奈川県鎌倉市玉縄4-4-8", "url2": "https://www.kaigokensaku.mhlw.go.jp/14/index.php?action_kouhyou_detail_004_kani=true&JigyosyoCd=1472102415-00&ServiceCd=170&Type=search" }, "geometry": { "type": "Point", "coordinates": [ 139.516934546648514, 35.357216705943884 ] } },
{ "type": "Feature", "properties": { "内容": "セントケア　りまいん　鎌倉【福祉用具貸与】神奈川県鎌倉市大町1丁目10番21号カマクラガーデンハウス２F", "url2": "https://www.kaigokensaku.mhlw.go.jp/14/index.php?action_kouhyou_detail_004_kani=true&JigyosyoCd=1472103660-00&ServiceCd=170&Type=search" }, "geometry": { "type": "Point", "coordinates": [ 139.5538507, 35.314634 ] } },
{ "type": "Feature", "properties": { "内容": "アシスタンス福祉用具事業部【福祉用具貸与】神奈川県鎌倉市大船3-6-2新道ビル1A", "url2": "https://www.kaigokensaku.mhlw.go.jp/14/index.php?action_kouhyou_detail_004_kani=true&JigyosyoCd=1472101839-00&ServiceCd=170&Type=search" }, "geometry": { "type": "Point", "coordinates": [ 139.533015435594194, 35.348584855412405 ] } },
{ "type": "Feature", "properties": { "内容": "川崎建設株式会社【福祉用具貸与】藤沢市片瀬海岸2-8-27", "url2": "https://www.kaigokensaku.mhlw.go.jp/14/index.php?action_kouhyou_detail_004_kani=true&JigyosyoCd=1472203684-00&ServiceCd=170&Type=search" }, "geometry": { "type": "Point", "coordinates": [ 139.4837996, 35.3098996 ] } },
{ "type": "Feature", "properties": { "内容": "メディケアセンター【福祉用具貸与】神奈川県藤沢市藤沢1027", "url2": "https://www.kaigokensaku.mhlw.go.jp/14/index.php?action_kouhyou_detail_004_kani=true&JigyosyoCd=1472200540-00&ServiceCd=170&Type=search" }, "geometry": { "type": "Point", "coordinates": [ 139.482411599999978, 35.3400839 ] } },
{ "type": "Feature", "properties": { "内容": "株式会社ニッショウ　藤沢営業所【福祉用具貸与】神奈川県藤沢市湘南台３－３－１２", "url2": "https://www.kaigokensaku.mhlw.go.jp/14/index.php?action_kouhyou_detail_004_kani=true&JigyosyoCd=1472201092-00&ServiceCd=170&Type=search" }, "geometry": { "type": "Point", "coordinates": [ 139.462621369311563, 35.395824709917299 ] } },
{ "type": "Feature", "properties": { "内容": "株式会社　イノベイションオブメディカルサービス湘南営業所【福祉用具貸与】神奈川県藤沢市石川2-3-18", "url2": "https://www.kaigokensaku.mhlw.go.jp/14/index.php?action_kouhyou_detail_004_kani=true&JigyosyoCd=1472201860-00&ServiceCd=170&Type=search" }, "geometry": { "type": "Point", "coordinates": [ 139.453308500000048, 35.373304 ] } },
{ "type": "Feature", "properties": { "内容": "グレイスケア湘南　福祉用具貸与事業所【福祉用具貸与】神奈川県藤沢市鵠沼橘１－５－１サニー２１ビル３Ｆ", "url2": "https://www.kaigokensaku.mhlw.go.jp/14/index.php?action_kouhyou_detail_004_kani=true&JigyosyoCd=1472202884-00&ServiceCd=170&Type=search" }, "geometry": { "type": "Point", "coordinates": [ 139.486003, 35.3348819 ] } },
{ "type": "Feature", "properties": { "内容": "パナソニックエイジフリーショップ湘南藤沢【福祉用具貸与】神奈川県藤沢市石川1-6-10", "url2": "https://www.kaigokensaku.mhlw.go.jp/14/index.php?action_kouhyou_detail_004_kani=true&JigyosyoCd=1472205689-00&ServiceCd=170&Type=search" }, "geometry": { "type": "Point", "coordinates": [ 139.451961802259774, 35.377930348058861 ] } },
{ "type": "Feature", "properties": { "内容": "介護の太助　藤沢店【福祉用具貸与】神奈川県藤沢市羽鳥3-21-10", "url2": "https://www.kaigokensaku.mhlw.go.jp/14/index.php?action_kouhyou_detail_004_kani=true&JigyosyoCd=1472206042-00&ServiceCd=170&Type=search" }, "geometry": { "type": "Point", "coordinates": [ 139.457761099999971, 35.3472962 ] } },
{ "type": "Feature", "properties": { "内容": "福祉用具センター育心【福祉用具貸与】神奈川県藤沢市下土棚５５６－３３", "url2": "https://www.kaigokensaku.mhlw.go.jp/14/index.php?action_kouhyou_detail_004_kani=true&JigyosyoCd=1472206521-00&ServiceCd=170&Type=search" }, "geometry": { "type": "Point", "coordinates": [ 139.461744899999985, 35.4119853 ] } },
{ "type": "Feature", "properties": { "内容": "クリエーティブカミヤ株式会社　藤沢営業所【福祉用具貸与】神奈川県藤沢市石川1766-2中村ビル1F", "url2": "https://www.kaigokensaku.mhlw.go.jp/14/index.php?action_kouhyou_detail_004_kani=true&JigyosyoCd=1472206646-00&ServiceCd=170&Type=search" }, "geometry": { "type": "Point", "coordinates": [ 139.44284719999996, 35.3929688 ] } },
{ "type": "Feature", "properties": { "内容": "イーライフ株式会社湘南営業所【福祉用具貸与】神奈川県藤沢市藤沢3-1-23本町ﾋﾛ･ﾋﾞﾙⅠ　２F", "url2": "https://www.kaigokensaku.mhlw.go.jp/14/index.php?action_kouhyou_detail_004_kani=true&JigyosyoCd=1472207024-00&ServiceCd=170&Type=search" }, "geometry": { "type": "Point", "coordinates": [ 139.477655826294381, 35.348052408059999 ] } },
{ "type": "Feature", "properties": { "内容": "株式会社ニッショウ湘南営業所【福祉用具貸与】神奈川県藤沢市本鵠沼2-18-19ヤマノイマンション鵠沼1F", "url2": "https://www.kaigokensaku.mhlw.go.jp/14/index.php?action_kouhyou_detail_004_kani=true&JigyosyoCd=1472204716-00&ServiceCd=170&Type=search" }, "geometry": { "type": "Point", "coordinates": [ 139.472193100000027, 35.3335399 ] } },
{ "type": "Feature", "properties": { "内容": "湘南ホームフレンド介護サービス【福祉用具貸与】神奈川県藤沢市辻堂元町4-17-22門倉ビル3階", "url2": "https://www.kaigokensaku.mhlw.go.jp/14/index.php?action_kouhyou_detail_004_kani=true&JigyosyoCd=1472200367-00&ServiceCd=170&Type=search" }, "geometry": { "type": "Point", "coordinates": [ 139.458743472904956, 35.331604271878035 ] } },
{ "type": "Feature", "properties": { "内容": "ダスキンヘルスレント湘南ステーション【福祉用具貸与】神奈川県藤沢市辻堂太平台２－１－１３", "url2": "https://www.kaigokensaku.mhlw.go.jp/14/index.php?action_kouhyou_detail_004_kani=true&JigyosyoCd=1472201423-00&ServiceCd=170&Type=search" }, "geometry": { "type": "Point", "coordinates": [ 139.461974571689552, 35.332491346112462 ] } },
{ "type": "Feature", "properties": { "内容": "湘南ケアツール　えん【福祉用具貸与】神奈川県藤沢市辻堂2-1-8エバーズ第11辻堂ビル　地下1階", "url2": "https://www.kaigokensaku.mhlw.go.jp/14/index.php?action_kouhyou_detail_004_kani=true&JigyosyoCd=1472206471-00&ServiceCd=170&Type=search" }, "geometry": { "type": "Point", "coordinates": [ 139.445646691649017, 35.336592238010503 ] } },
{ "type": "Feature", "properties": { "内容": "湘南サミット【福祉用具貸与】神奈川県藤沢市亀井野4-15-1-2F", "url2": "https://www.kaigokensaku.mhlw.go.jp/14/index.php?action_kouhyou_detail_004_kani=true&JigyosyoCd=1472207727-00&ServiceCd=170&Type=search" }, "geometry": { "type": "Point", "coordinates": [ 139.4741977, 35.3859304 ] } },
{ "type": "Feature", "properties": { "内容": "介えん隊【福祉用具貸与】神奈川県藤沢市下土棚612-11Ｆ-3", "url2": "https://www.kaigokensaku.mhlw.go.jp/14/index.php?action_kouhyou_detail_004_kani=true&JigyosyoCd=1472201241-00&ServiceCd=170&Type=search" }, "geometry": { "type": "Point", "coordinates": [ 139.458632299999977, 35.4107994 ] } },
{ "type": "Feature", "properties": { "内容": "株式会社ヤマシタ　藤沢営業所【福祉用具貸与】神奈川県藤沢市村岡東1-16-2", "url2": "https://www.kaigokensaku.mhlw.go.jp/14/index.php?action_kouhyou_detail_004_kani=true&JigyosyoCd=1474000104-00&ServiceCd=170&Type=search" }, "geometry": { "type": "Point", "coordinates": [ 139.504397499845936, 35.337376727863088 ] } },
{ "type": "Feature", "properties": { "内容": "富士ライフサポート小田原営業所【福祉用具貸与】神奈川県小田原市久野857-1", "url2": "https://www.kaigokensaku.mhlw.go.jp/14/index.php?action_kouhyou_detail_004_kani=true&JigyosyoCd=1472300258-00&ServiceCd=170&Type=search" }, "geometry": { "type": "Point", "coordinates": [ 139.1427377, 35.268602 ] } },
{ "type": "Feature", "properties": { "内容": "有限会社　ほほえみライフ【福祉用具貸与】神奈川県小田原市上新田２１ひかりビル１階Ｂ－１", "url2": "https://www.kaigokensaku.mhlw.go.jp/14/index.php?action_kouhyou_detail_004_kani=true&JigyosyoCd=1472300886-00&ServiceCd=170&Type=search" }, "geometry": { "type": "Point", "coordinates": [ 139.171753599999988, 35.276124 ] } },
{ "type": "Feature", "properties": { "内容": "株式会社茶利　チャーリーケア【福祉用具貸与】神奈川県小田原市扇町3-14-21", "url2": "https://www.kaigokensaku.mhlw.go.jp/14/index.php?action_kouhyou_detail_004_kani=true&JigyosyoCd=1472300308-00&ServiceCd=170&Type=search" }, "geometry": { "type": "Point", "coordinates": [ 139.157963900000027, 35.2715187 ] } },
{ "type": "Feature", "properties": { "内容": "メディケアセンター小田原【福祉用具貸与】神奈川県小田原市南鴨宮2-47-3", "url2": "https://www.kaigokensaku.mhlw.go.jp/14/index.php?action_kouhyou_detail_004_kani=true&JigyosyoCd=1472303088-00&ServiceCd=170&Type=search" }, "geometry": { "type": "Point", "coordinates": [ 139.177336400000058, 35.2743883 ] } },
{ "type": "Feature", "properties": { "内容": "介護ショップ　ゆうなぎ【福祉用具貸与】神奈川県小田原市西酒匂1-5-21F", "url2": "https://www.kaigokensaku.mhlw.go.jp/14/index.php?action_kouhyou_detail_004_kani=true&JigyosyoCd=1472303468-00&ServiceCd=170&Type=search" }, "geometry": { "type": "Point", "coordinates": [ 139.182364, 35.2683532 ] } },
{ "type": "Feature", "properties": { "内容": "ダスキンヘルスレント小田原ステーション【福祉用具貸与】神奈川県小田原市栄町3-22-14大西ビル1階", "url2": "https://www.kaigokensaku.mhlw.go.jp/14/index.php?action_kouhyou_detail_004_kani=true&JigyosyoCd=1472303740-00&ServiceCd=170&Type=search" }, "geometry": { "type": "Point", "coordinates": [ 139.16008930000001, 35.2604153 ] } },
{ "type": "Feature", "properties": { "内容": "ハッピーハッピー茅ヶ崎【福祉用具貸与】神奈川県茅ケ崎市今宿589-27", "url2": "https://www.kaigokensaku.mhlw.go.jp/14/index.php?action_kouhyou_detail_004_kani=true&JigyosyoCd=1472401080-00&ServiceCd=170&Type=search" }, "geometry": { "type": "Point", "coordinates": [ 139.382417326553309, 35.335866776989519 ] } },
{ "type": "Feature", "properties": { "内容": "株式会社　ニッショウ【福祉用具貸与】神奈川県茅ヶ崎市高田4-24-30", "url2": "https://www.kaigokensaku.mhlw.go.jp/14/index.php?action_kouhyou_detail_004_kani=true&JigyosyoCd=1472400298-00&ServiceCd=170&Type=search" }, "geometry": { "type": "Point", "coordinates": [ 139.412643130688508, 35.340795168741153 ] } },
{ "type": "Feature", "properties": { "内容": "ケアサポート湘南【福祉用具貸与】神奈川県茅ヶ崎市高田4-3-30", "url2": "https://www.kaigokensaku.mhlw.go.jp/14/index.php?action_kouhyou_detail_004_kani=true&JigyosyoCd=1472402583-00&ServiceCd=170&Type=search" }, "geometry": { "type": "Point", "coordinates": [ 139.413068811062431, 35.342631165127955 ] } },
{ "type": "Feature", "properties": { "内容": "かがわケアサービス【福祉用具貸与】神奈川県茅ヶ崎市香川4-19-25", "url2": "https://www.kaigokensaku.mhlw.go.jp/14/index.php?action_kouhyou_detail_004_kani=true&JigyosyoCd=1472403029-00&ServiceCd=170&Type=search" }, "geometry": { "type": "Point", "coordinates": [ 139.399043432655276, 35.352190029438724 ] } },
{ "type": "Feature", "properties": { "内容": "ふれあい便利堂【福祉用具貸与】神奈川県茅ケ崎市円蔵３７０－２０", "url2": "https://www.kaigokensaku.mhlw.go.jp/14/index.php?action_kouhyou_detail_004_kani=true&JigyosyoCd=1472401593-00&ServiceCd=170&Type=search" }, "geometry": { "type": "Point", "coordinates": [ 139.404941, 35.3425168 ] } },
{ "type": "Feature", "properties": { "内容": "福祉用具の明【福祉用具貸与】神奈川県茅ケ崎市出口町12-68", "url2": "https://www.kaigokensaku.mhlw.go.jp/14/index.php?action_kouhyou_detail_004_kani=true&JigyosyoCd=1472402955-00&ServiceCd=170&Type=search" }, "geometry": { "type": "Point", "coordinates": [ 139.431164426957139, 35.332893074542994 ] } },
{ "type": "Feature", "properties": { "内容": "福祉用具　いきいき【福祉用具貸与】神奈川県茅ヶ崎市円蔵1388", "url2": "https://www.kaigokensaku.mhlw.go.jp/14/index.php?action_kouhyou_detail_004_kani=true&JigyosyoCd=1472403367-00&ServiceCd=170&Type=search" }, "geometry": { "type": "Point", "coordinates": [ 139.409521110824841, 35.349435253508275 ] } },
{ "type": "Feature", "properties": { "内容": "SR関東福祉用具【福祉用具貸与】神奈川県逗子市小坪1-24-32", "url2": "https://www.kaigokensaku.mhlw.go.jp/14/index.php?action_kouhyou_detail_004_kani=true&JigyosyoCd=1472501186-00&ServiceCd=170&Type=search" }, "geometry": { "type": "Point", "coordinates": [ 139.5645925, 35.3050528 ] } },
{ "type": "Feature", "properties": { "内容": "ケアサポートてん【福祉用具貸与】神奈川県逗子市桜山５－７ー６ＳＴビル２階", "url2": "https://www.kaigokensaku.mhlw.go.jp/14/index.php?action_kouhyou_detail_004_kani=true&JigyosyoCd=1472500295-00&ServiceCd=170&Type=search" }, "geometry": { "type": "Point", "coordinates": [ 139.597788199999968, 35.2972782 ] } },
{ "type": "Feature", "properties": { "内容": "有限会社　介護用品専門店　たんぽぽ【福祉用具貸与】神奈川県逗子市桜山２－２－５８", "url2": "https://www.kaigokensaku.mhlw.go.jp/14/index.php?action_kouhyou_detail_004_kani=true&JigyosyoCd=1472500113-00&ServiceCd=170&Type=search" }, "geometry": { "type": "Point", "coordinates": [ 139.586197399999946, 35.2953837 ] } },
{ "type": "Feature", "properties": { "内容": "メディケアセンター逗子【福祉用具貸与】神奈川県逗子市沼間6-4-24", "url2": "https://www.kaigokensaku.mhlw.go.jp/14/index.php?action_kouhyou_detail_004_kani=true&JigyosyoCd=1472501152-00&ServiceCd=170&Type=search" }, "geometry": { "type": "Point", "coordinates": [ 139.6149488, 35.2968147 ] } },
{ "type": "Feature", "properties": { "内容": "CARE　ONE【福祉用具貸与】神奈川県逗子市山の根３－１０－１６", "url2": "https://www.kaigokensaku.mhlw.go.jp/14/index.php?action_kouhyou_detail_004_kani=true&JigyosyoCd=1472501194-00&ServiceCd=170&Type=search" }, "geometry": { "type": "Point", "coordinates": [ 139.5876302, 35.3011015 ] } },
{ "type": "Feature", "properties": { "内容": "メディケアセンター三浦【福祉用具貸与】神奈川県三浦市初声町和田2747-6レジデンスパミール1F", "url2": "https://www.kaigokensaku.mhlw.go.jp/14/index.php?action_kouhyou_detail_004_kani=true&JigyosyoCd=1472701125-00&ServiceCd=170&Type=search" }, "geometry": { "type": "Point", "coordinates": [ 139.6480745, 35.204791 ] } },
{ "type": "Feature", "properties": { "内容": "株式会社　エスティサービス秦野営業所【福祉用具貸与】神奈川県秦野市寿町２－１６", "url2": "https://www.kaigokensaku.mhlw.go.jp/14/index.php?action_kouhyou_detail_004_kani=true&JigyosyoCd=1472800158-00&ServiceCd=170&Type=search" }, "geometry": { "type": "Point", "coordinates": [ 139.228473, 35.3753611 ] } },
{ "type": "Feature", "properties": { "内容": "介護ショップあかつき【福祉用具貸与】神奈川県秦野市下大槻１７２セシリアマンション105", "url2": "https://www.kaigokensaku.mhlw.go.jp/14/index.php?action_kouhyou_detail_004_kani=true&JigyosyoCd=1472801644-00&ServiceCd=170&Type=search" }, "geometry": { "type": "Point", "coordinates": [ 139.26040080000007, 35.3622137 ] } },
{ "type": "Feature", "properties": { "内容": "メディケアセンター秦野【福祉用具貸与】神奈川県秦野市尾尻484-1エスポワール１", "url2": "https://www.kaigokensaku.mhlw.go.jp/14/index.php?action_kouhyou_detail_004_kani=true&JigyosyoCd=1472802311-00&ServiceCd=170&Type=search" }, "geometry": { "type": "Point", "coordinates": [ 139.2274142, 35.3638375 ] } },
{ "type": "Feature", "properties": { "内容": "すまいるサポート【福祉用具貸与】神奈川県秦野市平沢430", "url2": "https://www.kaigokensaku.mhlw.go.jp/14/index.php?action_kouhyou_detail_004_kani=true&JigyosyoCd=1472801560-00&ServiceCd=170&Type=search" }, "geometry": { "type": "Point", "coordinates": [ 139.200919699999986, 35.3707482 ] } },
{ "type": "Feature", "properties": { "内容": "株式会社イノベイションオブメディカルサービス厚木支社【福祉用具貸与】神奈川県厚木市船子579-1", "url2": "https://www.kaigokensaku.mhlw.go.jp/14/index.php?action_kouhyou_detail_004_kani=true&JigyosyoCd=1472900040-00&ServiceCd=170&Type=search" }, "geometry": { "type": "Point", "coordinates": [ 139.356616700000018, 35.4283304 ] } },
{ "type": "Feature", "properties": { "内容": "近鉄スマイルライフ　東日本営業部【福祉用具貸与】神奈川県厚木市酒井３０２８", "url2": "https://www.kaigokensaku.mhlw.go.jp/14/index.php?action_kouhyou_detail_004_kani=true&JigyosyoCd=1472901345-00&ServiceCd=170&Type=search" }, "geometry": { "type": "Point", "coordinates": [ 139.356947305222661, 35.421216292398938 ] } },
{ "type": "Feature", "properties": { "内容": "Carrent厚木【福祉用具貸与】神奈川県厚木市中町4-14-1サクセス本厚木ビル5F", "url2": "https://www.kaigokensaku.mhlw.go.jp/14/index.php?action_kouhyou_detail_004_kani=true&JigyosyoCd=1472902426-00&ServiceCd=170&Type=search" }, "geometry": { "type": "Point", "coordinates": [ 139.3627639, 35.4391129 ] } },
{ "type": "Feature", "properties": { "内容": "メディケアセンター厚木【福祉用具貸与】神奈川県厚木市妻田西1-15-12", "url2": "https://www.kaigokensaku.mhlw.go.jp/14/index.php?action_kouhyou_detail_004_kani=true&JigyosyoCd=1472902483-00&ServiceCd=170&Type=search" }, "geometry": { "type": "Point", "coordinates": [ 139.3556006, 35.4578354 ] } },
{ "type": "Feature", "properties": { "内容": "ダスキンヘルスレント厚木ステーション【福祉用具貸与】神奈川県厚木市栄町2-1-12光和エステートビルB-2", "url2": "https://www.kaigokensaku.mhlw.go.jp/14/index.php?action_kouhyou_detail_004_kani=true&JigyosyoCd=1472902830-00&ServiceCd=170&Type=search" }, "geometry": { "type": "Point", "coordinates": [ 139.355492926878952, 35.439867693666194 ] } },
{ "type": "Feature", "properties": { "内容": "サクラサービス株式会社【福祉用具貸与】神奈川県大和市渋谷1-7-9", "url2": "https://www.kaigokensaku.mhlw.go.jp/14/index.php?action_kouhyou_detail_004_kani=true&JigyosyoCd=1473000907-00&ServiceCd=170&Type=search" }, "geometry": { "type": "Point", "coordinates": [ 139.465834699999959, 35.4372569 ] } },
{ "type": "Feature", "properties": { "内容": "メディケアセンター大和【福祉用具貸与】神奈川県大和市上和田２４１２－２－１２", "url2": "https://www.kaigokensaku.mhlw.go.jp/14/index.php?action_kouhyou_detail_004_kani=true&JigyosyoCd=1473001251-00&ServiceCd=170&Type=search" }, "geometry": { "type": "Point", "coordinates": [ 139.471929166131503, 35.436349637919911 ] } },
{ "type": "Feature", "properties": { "内容": "株式会社フロンティア大和営業所【福祉用具貸与】神奈川県大和市鶴間2-12-24", "url2": "https://www.kaigokensaku.mhlw.go.jp/14/index.php?action_kouhyou_detail_004_kani=true&JigyosyoCd=1473002150-00&ServiceCd=170&Type=search" }, "geometry": { "type": "Point", "coordinates": [ 139.454705200000035, 35.4919696 ] } },
{ "type": "Feature", "properties": { "内容": "ハートフルやまと【福祉用具貸与】神奈川県大和市南林間5-11-25セトル南林間103", "url2": "https://www.kaigokensaku.mhlw.go.jp/14/index.php?action_kouhyou_detail_004_kani=true&JigyosyoCd=1473002200-00&ServiceCd=170&Type=search" }, "geometry": { "type": "Point", "coordinates": [ 139.442339332540854, 35.493763272256423 ] } },
{ "type": "Feature", "properties": { "内容": "福祉の便利屋ゆこす【福祉用具貸与】神奈川県大和市林間2-21-5", "url2": "https://www.kaigokensaku.mhlw.go.jp/14/index.php?action_kouhyou_detail_004_kani=true&JigyosyoCd=1473002705-00&ServiceCd=170&Type=search" }, "geometry": { "type": "Point", "coordinates": [ 139.449479490554495, 35.498782331056681 ] } },
{ "type": "Feature", "properties": { "内容": "株式会社ヤマシタ　大和営業所【福祉用具貸与】神奈川県大和市林間1-20-15プライム林間１F", "url2": "https://www.kaigokensaku.mhlw.go.jp/14/index.php?action_kouhyou_detail_004_kani=true&JigyosyoCd=1473003570-00&ServiceCd=170&Type=search" }, "geometry": { "type": "Point", "coordinates": [ 139.4517558, 35.498189 ] } },
{ "type": "Feature", "properties": { "内容": "介護ハウス　パートナー【福祉用具貸与】神奈川県大和市林間１－１２－９", "url2": "https://www.kaigokensaku.mhlw.go.jp/14/index.php?action_kouhyou_detail_004_kani=true&JigyosyoCd=1473000311-00&ServiceCd=170&Type=search" }, "geometry": { "type": "Point", "coordinates": [ 139.451122100000021, 35.4941469 ] } },
{ "type": "Feature", "properties": { "内容": "介護レンタル　ケアポル【福祉用具貸与】神奈川県大和市南林間4-6-17SEIKOビル　2F", "url2": "https://www.kaigokensaku.mhlw.go.jp/14/index.php?action_kouhyou_detail_004_kani=true&JigyosyoCd=1473003737-00&ServiceCd=170&Type=search" }, "geometry": { "type": "Point", "coordinates": [ 139.4445014, 35.4941927 ] } },
{ "type": "Feature", "properties": { "内容": "アステップ関東支店【福祉用具貸与】神奈川県大和市桜森3-10-9フローリッシュ桜森103号", "url2": "https://www.kaigokensaku.mhlw.go.jp/14/index.php?action_kouhyou_detail_004_kani=true&JigyosyoCd=1473003778-00&ServiceCd=170&Type=search" }, "geometry": { "type": "Point", "coordinates": [ 139.437446200000039, 35.471402600000019 ] } },
{ "type": "Feature", "properties": { "内容": "フランスベッド株式会社　メディカル大和営業所【福祉用具貸与】神奈川県大和市深見東1-4-31", "url2": "https://www.kaigokensaku.mhlw.go.jp/14/index.php?action_kouhyou_detail_004_kani=true&JigyosyoCd=1474400361-00&ServiceCd=170&Type=search" }, "geometry": { "type": "Point", "coordinates": [ 139.46594719999996, 35.4778761 ] } },
{ "type": "Feature", "properties": { "内容": "ケアサポート　りんどう【福祉用具貸与】神奈川県伊勢原市板戸126-1", "url2": "https://www.kaigokensaku.mhlw.go.jp/14/index.php?action_kouhyou_detail_004_kani=true&JigyosyoCd=1474000120-00&ServiceCd=170&Type=search" }, "geometry": { "type": "Point", "coordinates": [ 139.297621635192996, 35.402295707856695 ] } },
{ "type": "Feature", "properties": { "内容": "有限会社　ケアフルホーム【福祉用具貸与】神奈川県伊勢原市沼目2‐16‐11", "url2": "https://www.kaigokensaku.mhlw.go.jp/14/index.php?action_kouhyou_detail_004_kani=true&JigyosyoCd=1474000286-00&ServiceCd=170&Type=search" }, "geometry": { "type": "Point", "coordinates": [ 139.326321900000039, 35.3916535 ] } },
{ "type": "Feature", "properties": { "内容": "すまいる【福祉用具貸与】神奈川県伊勢原市板戸２０４-１", "url2": "https://www.kaigokensaku.mhlw.go.jp/14/index.php?action_kouhyou_detail_004_kani=true&JigyosyoCd=1474001136-00&ServiceCd=170&Type=search" }, "geometry": { "type": "Point", "coordinates": [ 139.298727699999972, 35.3995269 ] } },
{ "type": "Feature", "properties": { "内容": "ダックス【福祉用具貸与】神奈川県伊勢原市下谷170-3", "url2": "https://www.kaigokensaku.mhlw.go.jp/14/index.php?action_kouhyou_detail_004_kani=true&JigyosyoCd=1474001458-00&ServiceCd=170&Type=search" }, "geometry": { "type": "Point", "coordinates": [ 139.3412051, 35.387312 ] } },
{ "type": "Feature", "properties": { "内容": "かたくり福祉用具海老名センター【福祉用具貸与】神奈川県海老名市大谷北1－3－1アツギ株式会社研究センターC棟", "url2": "https://www.kaigokensaku.mhlw.go.jp/14/index.php?action_kouhyou_detail_004_kani=true&JigyosyoCd=1472206950-00&ServiceCd=170&Type=search" }, "geometry": { "type": "Point", "coordinates": [ 139.394664821540744, 35.443045332131192 ] } },
{ "type": "Feature", "properties": { "内容": "けやきサポート【福祉用具貸与】神奈川県海老名市門沢橋3-11-18佐藤倉庫102", "url2": "https://www.kaigokensaku.mhlw.go.jp/14/index.php?action_kouhyou_detail_004_kani=true&JigyosyoCd=1472901469-00&ServiceCd=170&Type=search" }, "geometry": { "type": "Point", "coordinates": [ 139.376540399999982, 35.4035327 ] } },
{ "type": "Feature", "properties": { "内容": "ケアレンタル海老名【福祉用具貸与】神奈川県海老名市杉久保南2-13-13", "url2": "https://www.kaigokensaku.mhlw.go.jp/14/index.php?action_kouhyou_detail_004_kani=true&JigyosyoCd=1474200506-00&ServiceCd=170&Type=search" }, "geometry": { "type": "Point", "coordinates": [ 139.401492846905739, 35.423473828705639 ] } },
{ "type": "Feature", "properties": { "内容": "Ｓａｉｌｆｒｅｅ【福祉用具貸与】神奈川県海老名市東柏ケ谷3-3-19VILLAGE2nd303", "url2": "https://www.kaigokensaku.mhlw.go.jp/14/index.php?action_kouhyou_detail_004_kani=true&JigyosyoCd=1474400783-00&ServiceCd=170&Type=search" }, "geometry": { "type": "Point", "coordinates": [ 139.42911168811338, 35.472150635146448 ] } },
{ "type": "Feature", "properties": { "内容": "株式会社　トーカイ　海老名営業所【福祉用具貸与】神奈川県海老名市国分北1丁目7番25号", "url2": "https://www.kaigokensaku.mhlw.go.jp/14/index.php?action_kouhyou_detail_004_kani=true&JigyosyoCd=1474200589-00&ServiceCd=170&Type=search" }, "geometry": { "type": "Point", "coordinates": [ 139.394494399999985, 35.4583775 ] } },
{ "type": "Feature", "properties": { "内容": "楽天家フレンドサービス【福祉用具貸与】神奈川県座間市緑ケ丘４－７－１", "url2": "https://www.kaigokensaku.mhlw.go.jp/14/index.php?action_kouhyou_detail_004_kani=true&JigyosyoCd=1474100086-00&ServiceCd=170&Type=search" }, "geometry": { "type": "Point", "coordinates": [ 139.406362, 35.4931393 ] } },
{ "type": "Feature", "properties": { "内容": "イーグルアイ・サポート【福祉用具貸与】神奈川県座間市入谷西５丁目50番27号山本ビル１階", "url2": "https://www.kaigokensaku.mhlw.go.jp/14/index.php?action_kouhyou_detail_004_kani=true&JigyosyoCd=1474101589-00&ServiceCd=170&Type=search" }, "geometry": { "type": "Point", "coordinates": [ 139.39425069999993, 35.4819118 ] } },
{ "type": "Feature", "properties": { "内容": "ランケア【福祉用具貸与】神奈川県座間市相武台2-9-27", "url2": "https://www.kaigokensaku.mhlw.go.jp/14/index.php?action_kouhyou_detail_004_kani=true&JigyosyoCd=1474101738-00&ServiceCd=170&Type=search" }, "geometry": { "type": "Point", "coordinates": [ 139.416408600000011, 35.5039962 ] } },
{ "type": "Feature", "properties": { "内容": "Sunny’s　Care　小田原【福祉用具貸与】神奈川県南足柄市沼田15-9", "url2": "https://www.kaigokensaku.mhlw.go.jp/14/index.php?action_kouhyou_detail_004_kani=true&JigyosyoCd=1472303856-00&ServiceCd=170&Type=search" }, "geometry": { "type": "Point", "coordinates": [ 139.135603835377793, 35.290502426960806 ] } },
{ "type": "Feature", "properties": { "内容": "メディカルサービスおかもと【福祉用具貸与】神奈川県南足柄市福泉２４－９", "url2": "https://www.kaigokensaku.mhlw.go.jp/14/index.php?action_kouhyou_detail_004_kani=true&JigyosyoCd=1474300082-00&ServiceCd=170&Type=search" }, "geometry": { "type": "Point", "coordinates": [ 139.09098419999998, 35.3270797 ] } },
{ "type": "Feature", "properties": { "内容": "さんしゃいんケアサービス【福祉用具貸与】神奈川県綾瀬市吉岡東3-1-7", "url2": "https://www.kaigokensaku.mhlw.go.jp/14/index.php?action_kouhyou_detail_004_kani=true&JigyosyoCd=1474400882-00&ServiceCd=170&Type=search" }, "geometry": { "type": "Point", "coordinates": [ 139.421948400000019, 35.4252654 ] } },
{ "type": "Feature", "properties": { "内容": "株式会社協同電気研究所【福祉用具貸与】神奈川県綾瀬市小園880-1", "url2": "https://www.kaigokensaku.mhlw.go.jp/14/index.php?action_kouhyou_detail_004_kani=true&JigyosyoCd=1474401013-00&ServiceCd=170&Type=search" }, "geometry": { "type": "Point", "coordinates": [ 139.4140472, 35.4502656 ] } },
{ "type": "Feature", "properties": { "内容": "株式会社星医療酸器神奈川事業所【福祉用具貸与】神奈川県綾瀬市早川字上原2647-27", "url2": "https://www.kaigokensaku.mhlw.go.jp/14/index.php?action_kouhyou_detail_004_kani=true&JigyosyoCd=1474400163-00&ServiceCd=170&Type=search" }, "geometry": { "type": "Point", "coordinates": [ 139.411907199999973, 35.4455684 ] } },
{ "type": "Feature", "properties": { "内容": "信愛【福祉用具貸与】神奈川県中郡二宮町中里911金目ビル1階北", "url2": "https://www.kaigokensaku.mhlw.go.jp/14/index.php?action_kouhyou_detail_004_kani=true&JigyosyoCd=1471300572-00&ServiceCd=170&Type=search" }, "geometry": { "type": "Point", "coordinates": [ 139.253330399999982, 35.2975247 ] } },
{ "type": "Feature", "properties": { "内容": "株式会社リフテック西湘【福祉用具貸与】神奈川県足柄上郡大井町金子１０１２－１", "url2": "https://www.kaigokensaku.mhlw.go.jp/14/index.php?action_kouhyou_detail_004_kani=true&JigyosyoCd=1471400265-00&ServiceCd=170&Type=search" }, "geometry": { "type": "Point", "coordinates": [ 139.146621808820441, 35.334051435929602 ] } },
{ "type": "Feature", "properties": { "内容": "ショップ　マハロ【福祉用具貸与】神奈川県足柄上郡山北町山北１３７8", "url2": "https://www.kaigokensaku.mhlw.go.jp/14/index.php?action_kouhyou_detail_004_kani=true&JigyosyoCd=1471400513-00&ServiceCd=170&Type=search" }, "geometry": { "type": "Point", "coordinates": [ 139.0826978, 35.3621074 ] } },
{ "type": "Feature", "properties": { "内容": "ケアサポート　まごころ【福祉用具貸与】神奈川県足柄上郡山北町岸30-19", "url2": "https://www.kaigokensaku.mhlw.go.jp/14/index.php?action_kouhyou_detail_004_kani=true&JigyosyoCd=1471400638-00&ServiceCd=170&Type=search" }, "geometry": { "type": "Point", "coordinates": [ 139.099368300000037, 35.3543983 ] } },
{ "type": "Feature", "properties": { "内容": "株式会社ケア・ドゥ【福祉用具貸与】神奈川県足柄上郡開成町延沢697-1", "url2": "https://www.kaigokensaku.mhlw.go.jp/14/index.php?action_kouhyou_detail_004_kani=true&JigyosyoCd=1471400976-00&ServiceCd=170&Type=search" }, "geometry": { "type": "Point", "coordinates": [ 139.121221066006513, 35.33731377792683 ] } }
]
}
